# Nodes
0 -3362 3021
1 -3300.7 3135.6
2 -4334.9 -912.9
3 -5186.6 -4995.2
4 2163.1 8630.4
5 -8619.3 -1187.8
6 -8650.5 -1371.8
7 -8515.9 -1516.6
8 -5495.4 -3251.1
9 -4476.7 -3421.8
10 -4772.4 -3368
11 -8698.9 -1313
12 -8593.8 -1569.4
13 2671 -3341.6
14 2539.6 -3477.3
15 2074.2 8763
16 2717.8 -3393.1
17 2146.5 -2611.6
18 2223.4 -2637.6
19 1684.4 -2380.4
20 1639.2 -2357
21 1802 -2046.6
22 2357.3 -2682.6
23 2723.4 -2806.2
24 2555.6 -2853.1
25 2845.3 -2919
26 2209.5 8639.3
27 2805.8 -3018
28 2649 -2914.9
29 3027.2 -2878.1
30 2864.8 -2931.7
31 2895.6 -2835.8
32 2879.8 -2866.1
33 2925.3 -2839.5
34 2906.1 -2809.1
35 3139.5 -3045.3
36 3164.7 -3062.6
37 2286.4 8686.2
38 3074.5 -3002.8
39 3236.2 -3111.7
40 3351.9 -3190.3
41 3187.5 -3174.7
42 3402.3 -3142
43 3279.1 -3053.8
44 3120.3 -3129.4
45 1815.4 -2025.7
46 1836.5 -1997.8
47 1767.6 -2522.5
48 2322.7 8760.8
49 2505.4 -3157.1
50 -610.3 -1565.5
51 875.3 -3769.9
52 1804.5 -4766.8
53 2047.8 -5005
54 2320.6 -5273.1
55 2389.1 -3036.9
56 2488.4 -3138.2
57 2512.9 -3117.5
58 2286.5 -3275.1
59 2234.4 8645.3
60 3928.1 -2969.7
61 3739.3 -3025.7
62 3809.9 -3072.6
63 3573.9 -3183.4
64 5176.6 -3977.3
65 5376.8 -4110.1
66 5124.9 -4092.5
67 4903.2 -3796
68 5299 -3702.4
69 4371.7 -3443.3
70 2303.6 8774.5
71 4400.5 -3461.8
72 4315.1 -3405.8
73 3535.6 -3421.8
74 3598 -3464.5
75 3700.1 -3266.6
76 3620.8 -3237.9
77 3628.7 -3219.9
78 3660.3 -3504.3
79 3764 -3308
80 3558 -3501.8
81 4021.1 9303.1
82 3872.1 -3113.6
83 3937.1 -3156.7
84 3450.7 -3095.7
85 3518.3 -3031
86 3549.4 -2818.9
87 3328.6 -2730.9
88 5066.9 -3127.5
89 3301.4 -4022.4
90 3237.4 -3956.7
91 3361.1 -4090.1
92 3949.6 9224.7
93 3397.7 -3927.4
94 3112.8 -3824.1
95 3174.7 -3889.9
96 3020.1 -3912.7
97 3419 -3787.1
98 -449.9 -6080.5
99 -493.1 -6043.2
100 -371.2 -6201.4
101 -318 -6208.9
102 -271.2 -6170.8
103 3555.7 9102.5
104 -329.8 -6085.6
105 -174.6 -6093.6
106 -63.7 -6252.3
107 539.5 -5602.6
108 574.3 -5572.4
109 486.6 -5547.9
110 469.4 -5641.5
111 638 -5716.4
112 29.9 -5311.3
113 -51.1 -5211.3
114 -4096.1 -1398.7
115 3492.2 8985.4
116 116.5 -5172.2
117 230.8 -5780.6
118 195 -5718
119 335.6 -5718.1
120 178.1 -5811.9
121 895 -5269.9
122 921.4 -5245.4
123 755 -5399.2
124 325.5 -3920.3
125 189.7 -4138.8
126 3753.9 8884
127 667.4 -4659.1
128 615 -4602.8
129 851.1 -4486.9
130 715.4 -4710.9
131 488.4 -4826.9
132 374 -3973
133 1256.2 -4931.2
134 1081.4 -5095.3
135 1291.6 -4969.4
136 1304.6 -4885.4
137 3515 9248.9
138 1022.4 -5043.9
139 551 -3810.6
140 1260 -4573.6
141 1441.6 -4409.8
142 1281.2 -4597
143 1238.9 -4550.8
144 -185.4 -5043.7
145 -130.5 -4993.4
146 -311.6 -4882.9
147 -278.8 -5119.2
148 3489.4 8964.2
149 -144.6 -5095.1
150 402.5 -5680.5
151 473.4 -5865.3
152 291.8 -5657.9
153 -561.3 -5535.2
154 84.2 -5107.1
155 61 -5352.5
156 79.8 -5378
157 204.5 -5240.9
158 -97.5 -6204.2
159 3468.1 8951.7
160 -77.9 -6012.6
161 -312.2 -5897.7
162 -722.7 -5120.9
163 -561.8 -5043.7
164 -774.1 -5011.2
165 -651.1 -5310.6
166 1162.2 -4830.5
167 1115 -4778.8
168 1525.2 -4498.4
169 1305.9 -4623.6
170 3272.9 8735.7
171 715.9 -5437.5
172 599.3 -5547.3
173 489.8 -5189.6
174 531.4 -5235.5
175 533.5 -4877.8
176 579 -4927.1
177 428.1 -4976.3
178 1256 -4213
179 1078.6 -4377.3
180 1312.3 -4272.2
181 3178.5 8556.4
182 899.2 -4540.8
183 942.2 -4586.9
184 354.8 -5041.2
185 314.9 -4994.5
186 517.8 -5116.9
187 174.1 -5205.8
188 402.6 -5093.9
189 -211.1 -4421
190 -160.5 -4477.5
191 -152.5 -4365.8
192 3485.3 8892.8
193 -365.8 -4565.2
194 -167.6 -4834.1
195 -79.3 -4751.2
196 -113.8 -4891.7
197 -221.7 -4876.1
198 124.3 -5151.5
199 -330.7 -4737
200 20.3 -4857.2
201 -29 -4804.5
202 49 -4885.9
203 3486.7 8938.2
204 -71.1 -4938.1
205 -454.8 -5253.4
206 -375.1 -5193.2
207 -491.7 -5180.7
208 -797 -4963.9
209 13.4 -4665.2
210 192.6 -4503.4
211 -39.2 -4608.3
212 70.4 -4728.2
213 371.2 -4337.4
214 2046.4 7664.7
215 410.6 -4379.2
216 -252.5 -4836.6
217 -79.7 -4564.4
218 -189.5 -4754.9
219 22 -4552.7
220 -232.1 -4711.6
221 -315 -4622
222 136.4 -4443.2
223 112.8 -4415.4
224 157.7 -4465.8
225 -7210.3 -9482.4
226 1941.1 7669.1
227 80.4 -4499.3
228 -37.5 -4974.4
229 -12.7 -5001.7
230 139.8 -4804.2
231 125.2 -4787.7
232 168.1 -4834.2
233 -102.1 -5241.2
234 -102.5 -5148.2
235 -252.8 -5354.2
236 -316.9 -5148.4
237 1987.3 7627.3
238 -153.7 -5280.3
239 -365.5 -5437.3
240 -403 -5465.8
241 -365.9 -5516.9
242 -576.4 -5510.5
243 -59 -4465.5
244 -0.9 -4412.3
245 -274.8 -4665.5
246 -260 -4681.8
247 -119.7 -4521.4
248 2303 7425.4
249 61.8 -4360.5
250 207.9 -4160.2
251 225.1 -4178.5
252 245 -4200.1
253 262.8 -4218.7
254 295.2 -4254.8
255 334.7 -4297.3
256 639 -3904.6
257 412.9 -4015.7
258 445.6 -4050.9
259 2380 7777.3
260 460.3 -4066.8
261 481 -4091.1
262 814.5 -3772.3
263 508.7 -4121.2
264 682.9 -3950.8
265 853.8 -3793.2
266 908.8 -3837.6
267 550 -4165.6
268 591.4 -4208.5
269 730.3 -4002.6
270 2004.3 7612.2
271 948.1 -3877.1
272 770.3 -4043.6
273 987 -3919.1
274 628.7 -4248.9
275 229.9 -4545.1
276 253.9 -4571.7
277 448.2 -4420.6
278 806.4 -4083.7
279 1034.8 -3970.6
280 856.2 -4135.9
281 2721.9 6963.2
282 469.9 -4444.2
283 679.6 -4304.7
284 1077.9 -4017.1
285 899.4 -4181.7
286 1114.5 -4057.1
287 360.3 -4687.2
288 343.9 -4670.2
289 390.1 -4720
290 538.8 -4519.5
291 201.8 -4869.6
292 2742.6 6982.6
293 321.9 -4645.1
294 305.3 -4626.9
295 287.1 -4607.8
296 501.1 -4478.7
297 719 -4348.3
298 935.6 -4223.1
299 1155 -4100.5
300 980.7 -4271.4
301 756.5 -4388.4
302 574.7 -4558.9
303 2676 7003
304 799.3 -4432.6
305 433.9 -4766.9
306 1204.6 -4159
307 1027.1 -4322
308 258.1 -4932.6
309 222.6 -5260.2
310 141.2 -5170.9
311 15.4 -5032.2
312 34 -5052
313 -591.9 3994.3
314 2744.3 6943.6
315 641.9 5881.6
316 3567.1 8706.1
317 3540 8744.5
318 1891.3 -3036.5
319 -787.5 -4991.7
320 -2035 -6025.3
321 -2244.9 -6006.9
322 -1946.9 -6170.6
323 -1974.4 -5762
324 3479.2 -4220.9
325 3203.1 6523.6
326 3719.3 -4116.5
327 3658.8 -4051.6
328 3529.5 -4173.2
329 3057.9 -4125
330 3482.2 -3851.6
331 3956.4 -3433.4
332 4017.9 -3474.5
333 3893.5 -3392.7
334 3788.4 -3589
335 4124.1 -3281.1
336 -7200.7 -9507.5
337 3177.1 6547.6
338 3757.6 -3569.4
339 3724.8 -3547.1
340 4240.8 -3675.7
341 4099.1 -3802.4
342 4244.8 -3754.5
343 4205.7 -3597.1
344 4146.5 -3851.1
345 4194 -3903.4
346 3970.4 -3994.3
347 4042.8 -3755.8
348 3221.4 6545.9
349 3944.2 -3937.6
350 3853.2 -3632
351 3915.4 -3672.2
352 3978.7 -3713.7
353 4082.6 -3516.2
354 3740 -3839.8
355 3673.6 -3795.7
356 -1162.2 -5628.8
357 -1043.4 -5645.4
358 -866.6 -5613.7
359 3305.4 6430.3
360 -886.9 -5584.3
361 -825 -5614.8
362 -1109.9 -5616.5
363 -917.2 -5738.5
364 -852.9 -5840
365 -989.7 -6390.9
366 -909.1 -5855.7
367 -962.7 -5870.4
368 -993.4 -5880.5
369 -951.7 -5763.7
370 3815.2 5967.9
371 -924.9 -5992.7
372 -916.9 -6022
373 -869.2 -5976.3
374 -621.3 -7100.3
375 -933.3 -6660.4
376 -295.9 -6812.2
377 -722.3 -6741.4
378 -180.9 -6738.8
379 -57.1 -7141.3
380 -548.7 -5777.7
381 3834.9 5950.1
382 -633.2 -5840.6
383 -213 -6540.7
384 -339.4 -6244.5
385 -21.8 -6385.4
386 -344.8 -6225.1
387 -118.4 -5735
388 -216.9 -5814.8
389 19.8 -5931.4
390 -138.3 -5706.7
391 -61.9 -5689.7
392 3790.2 5952.2
393 -0.6 -6125.3
394 -284.6 -5718.3
395 -2516.2 -5332.7
396 -2217.4 -5662.2
397 -1965.5 -5676.4
398 2474.6 1924.6
399 2452.3 1972.7
400 2418.1 1917.7
401 2312.5 1773.4
402 2295.1 1900.5
403 4416.6 5259
404 2406.5 2000.4
405 2324 1904.5
406 -2401.4 -6507.4
407 -2280.3 -6416
408 -2450.5 -7084.3
409 -2315.8 -6872.7
410 -2358 -7386.6
411 -2256.7 -6149.2
412 -2267.7 -7393
413 -2430.6 -7381
414 4465.3 5138.9
415 -1686.6 -6583.2
416 -1771.5 -6447
417 -1731.6 -6580.4
418 -1804.7 -6571.9
419 -1828.9 -6443.1
420 -1844.7 -6567.3
421 -1839.6 -6340.9
422 -1851.1 -6322.3
423 -39.8 -5431
424 -188.1 -5636
425 4890 4470.9
426 103.2 -5635
427 22.6 -5688.4
428 140.2 -5645.1
429 -167.9 -5546.5
430 237.1 -5584.6
431 253.6 -5608.5
432 211.1 -5549.7
433 616 -4966.9
434 758.6 -4757.6
435 956.6 -4602.5
436 4815.3 4423.5
437 796 -4799.3
438 978.4 -4627.8
439 1131.9 -4435.5
440 1354.8 -4318.1
441 438.7 -5495.8
442 506.8 -5447.2
443 395.8 -5447.8
444 538.9 -5479.7
445 -489.5 -5011
446 1485.7 -4457.9
447 -7171.2 -9457.8
448 4981.1 4327.3
449 3710.1 -3766.2
450 3594.2 -3744.8
451 3218.3 -4223
452 3420.9 -4155.2
453 -11297.1 -10657.5
454 -10935.6 -10524.2
455 -11439.3 -10708.8
456 -11654.2 -10785.9
457 -11435.1 -11240.6
458 -10594.8 -10432.6
459 4995 4538.8
460 -1738.6 8295.9
461 -1781.9 8193
462 -1726.4 8256.6
463 -1664.6 8418.3
464 592.6 -5044.8
465 648.3 -5001.7
466 465.6 -5162.7
467 2743.6 -7995.7
468 304.9 -5350.6
469 267.9 -5309.6
470 5563.9 3416
471 129.5 -5444.2
472 241.8 -5281.8
473 447.7 -5143.5
474 350.7 -5398.2
475 571.9 -5279.9
476 713.8 -5355.5
477 675.5 -5392
478 998.8 -4649.5
479 695.9 -5053.2
480 836 -4840.8
481 5461 3576.9
482 1016 -4669.4
483 1059.7 -4718.5
484 876.6 -4885.9
485 1101.3 -4763.7
486 933.6 -4946.6
487 1176.3 -4483.8
488 1400.1 -4365.1
489 1217.9 -4528
490 -488.3 -4978
491 -1104.2 -2642.7
492 5607.1 3439.7
493 -410.4 -5974.3
494 1581.8 -4885.8
495 1555.6 -4856.2
496 1605.7 -4911.6
497 1683.1 -4792
498 1633.6 -4837.7
499 1754.1 -4970.1
500 1805.6 -4924
501 -876.2 -6177.9
502 -896.8 -6257.5
503 5530.7 3397.8
504 -903.7 -6365.1
505 -1027.3 -5891.1
506 -996.8 -6011.1
507 -1050.9 -5711.4
508 -31 -6297.8
509 304.5 -6854.1
510 128.1 -7045.8
511 271.8 -6806.9
512 343.2 -6910.8
513 532.6 -6669.8
514 5681.8 3482
515 -5.4 -6403.8
516 -98.9 -6535.7
517 9.8 -6358.5
518 40.4 -6475.9
519 70 -6516.2
520 742.3 -7948.7
521 770.1 -7975.2
522 874 -7664.8
523 689.3 -8049.2
524 821.3 -7589.5
525 5706.4 3466.2
526 905.2 -7640.5
527 1095.1 -7485.9
528 1257.1 -7351.2
529 1044.9 -7412.6
530 1114.6 -7519
531 -4940 4945.8
532 -4998.2 4685.6
533 -5090 4737.9
534 -5259.5 4831.4
535 -5369.8 4878
536 5739.8 3522.7
537 -5656.9 5093.3
538 -5615.7 5125.9
539 138.2 -5838.9
540 99 -5788.4
541 71.8 -5890.2
542 3465.5 -4112.1
543 3278.9 -4289.8
544 3242.3 -4324.4
545 3181.6 -4259.5
546 -6281.6 5169.8
547 4901 2616.6
548 -6114.1 4978.2
549 -6108 4907.7
550 -5992.8 4998.2
551 -6529.8 5795.3
552 -7014.3 5642.7
553 -7484.7 5043.2
554 -7425.5 4900
555 -7538.4 5127
556 -7575.7 5208.9
557 -7597.2 5306.6
558 -7240 -9500.7
559 4599.4 2544.4
560 -7554.4 5430.7
561 -7691.4 5354.5
562 -7352.5 5346.2
563 -7400.1 5615
564 -7485.7 5492.9
565 -7407.3 5501.6
566 -7312.8 5508.4
567 -7089.1 5594.7
568 -7332.8 5361.2
569 -7635.6 5384.6
570 4848 2684.5
571 -4858.1 5278.4
572 -4914.6 5377.8
573 -4922.8 5461
574 -4993.2 5365
575 -4934.9 5591
576 -4965.5 5895.3
577 -4983.3 6065
578 -4997.8 6217.3
579 -5010.2 6340.4
580 -4982.9 6367.6
581 4949.3 2554.8
582 -5160.1 6321.1
583 -5094.4 6322.4
584 -5077.7 6208.1
585 -5245.3 6184.5
586 -5120.9 6202.4
587 -4936 6069.6
588 -4853 6078
589 -5231 6035.7
590 -5079.7 5439.6
591 -5008.1 5449
592 4459.4 2511.6
593 -4928.2 5521
594 -4863.1 5470.4
595 -4800.3 5482.3
596 -5038.9 5358.3
597 -5097.7 6049.4
598 -5017.5 5507.8
599 -4867.9 5603.5
600 -4859.9 5385.8
601 -4807.4 5276.2
602 -4964.9 6336.1
603 4505.8 2448.9
604 -4882.2 6337.5
605 -4828.2 5920
606 -4897.7 5907.5
607 -4736.5 5111.5
608 -4697.6 5081.8
609 -4734 4819.2
610 -4834.2 4080.9
611 -4825.4 4103.6
612 -4841.5 4138
613 -4822.5 4040
614 4403.6 2582.5
615 -4798.6 4161.9
616 -4811.9 4136.8
617 -4680.6 4801
618 -4715.5 4675.3
619 -4647.3 5088.6
620 -4636 5134.3
621 -4567.2 5262.4
622 -4415.1 5209
623 -4674.4 5146.8
624 -4118.8 5875.3
625 4604.8 2313.9
626 -4296.7 5991.4
627 -4533.3 5832.8
628 -4198.6 6892
629 -4000.7 7402.8
630 -4202.8 7639.1
631 -4966.2 6503.3
632 -4824.7 6468.4
633 -4858.6 6877.5
634 -4833.3 6654.6
635 -4814.1 6525
636 4662.7 2244.7
637 -4629.4 6795.4
638 -4641.1 6732
639 -4615 6872.6
640 -4709.3 6348.8
641 -4705.8 6381.8
642 -4657.5 6654.9
643 -4744.2 6671.4
644 -4463.4 7003.7
645 -4694.9 6443.1
646 -4687.9 6480.5
647 4456.9 2213.1
648 -4684.7 6500.4
649 -4662.3 6629.9
650 -4453.6 6808.3
651 -4699.4 7008.9
652 -4823.2 7045.7
653 -4857.1 7055.8
654 -4941.9 7256
655 -4764.2 6755.1
656 -4537.1 7104.7
657 -4890.9 6718.5
658 4084.6 1990.6
659 -5058.4 7248.9
660 -5063.3 7319.5
661 -5573 8303
662 -5531.6 8160.8
663 -5435 7859
664 -5405.1 7686.6
665 -5558.2 7900
666 -5463.2 7947.1
667 -5346 7839.8
668 -5269.9 7617.3
669 -5141.6 -4667.8
670 4215.5 2073.4
671 -5298.2 7720.7
672 -5610.4 7918.5
673 -5590.1 7911.8
674 -5498.6 8057.8
675 -5624.8 8018.5
676 -5325.6 7822.1
677 -5467.4 8329.4
678 -5382.5 8353
679 -5374.6 8377.5
680 -5199.8 8999.5
681 4000.4 2314.8
682 -5250.7 8874.4
683 -5401.3 9070.8
684 -4906.1 8496.2
685 -4662.8 7753.9
686 -5022.1 7945.6
687 -4548.6 7774.1
688 -4973.5 8178.6
689 -4966.5 8223.7
690 -4956 8259.3
691 -5423.4 9335.8
692 4276.2 1994.9
693 -5596.9 9144.7
694 -4146.6 8316.1
695 -4176.9 8375
696 -4150.4 8248.4
697 -4159.2 8387.7
698 -4201.3 8394.3
699 -4223.7 8400.5
700 -4218 8244.8
701 -4330.8 8420.5
702 -4277.5 8415.4
703 3684.1 1894.3
704 -4285.1 8530
705 -4606.4 8494.5
706 -4475.8 8455.2
707 -4345.5 8369.2
708 -4375.4 8262.6
709 -4524.6 8304.3
710 -4395.1 8191.9
711 -4567.2 7570.9
712 -4522.5 7731.9
713 -4601.3 7449.5
714 3341 1845.7
715 -4473.6 7713
716 -4443.2 7815.4
717 -4431 7697.3
718 -4501 7402.1
719 -4547.8 7359.5
720 -4456.2 7540.1
721 -4415 7406.1
722 -4575.3 7400.7
723 -4375.2 7515.6
724 -4431.4 7628.7
725 2505.5 1734.5
726 -4392.8 7779.8
727 -4398.1 7802.2
728 -4326 7987.3
729 -4358.8 7873.6
730 -4301.2 8125.1
731 -4249.6 8111
732 -4414.3 8128
733 -4193.9 8507.8
734 -4147.5 8483.1
735 -4118.5 8435.2
736 2472.4 1735.8
737 -4121.7 8412.1
738 -4112.7 8236.7
739 -4096.8 8373.2
740 -4165.9 8229.8
741 -879.8 -6647.1
742 -977.8 -6441.4
743 -6324.4 6135.3
744 -6268.9 5900.4
745 -6330.6 5803.5
746 -6176.3 6741.4
747 2498.8 1775.1
748 -6824.7 6256.4
749 -6407.9 6931.9
750 -6330 6768.1
751 -6526.4 7068.1
752 -6438.9 7109.9
753 -6386.7 7167.6
754 -6293.9 7175.8
755 -6296.3 7512.8
756 -6551.9 7769.1
757 -6136.7 7548.1
758 3679.8 1881.8
759 -6049.9 7596.2
760 -6386.6 7751.8
761 -5938.7 7490.1
762 -6097.9 7665
763 -6208.4 7189.4
764 -5940.2 7795
765 -6268.5 7856.6
766 -6028.6 7107.7
767 -6145.8 7223.7
768 -6010.6 7258.2
769 2557.6 1735.8
770 -5850.7 7409.1
771 -5894.6 7306.9
772 -5962.9 7279.3
773 -6040.3 7289.3
774 -6089.4 7398.8
775 -6198.3 7375.1
776 -5868.6 7704.9
777 -5996.1 7918.4
778 -5994.1 7862.6
779 -6020.8 7900.3
780 -4990.9 -4989.3
781 2915.8 1787.9
782 -6254.3 8019.6
783 -6418 8001.6
784 -6371.5 7953.8
785 -6620.4 8157.7
786 -5984.5 8272.6
787 -5918.6 8248.3
788 -6029.3 8279.8
789 -5967.5 8384.3
790 -5813.5 8491.8
791 -5861 8677.9
792 -6224.4 -8897.1
793 -5836.9 8476.2
794 -5807.6 8470.5
795 -6540.8 7803.8
796 -6584.3 7837.3
797 -6565.5 7907.2
798 -6816.5 7944.5
799 -7175.1 8307
800 -6782.7 7868.7
801 -6918.7 7804.4
802 -6889.5 7815.8
803 -6309 -8363.4
804 -7108.8 8640.9
805 -7128.6 8658.2
806 -6874.3 8408.3
807 -7037.1 8667.8
808 -6508.8 8233.6
809 -7222.8 8251.8
810 -7263.5 8751.1
811 -7500.6 8851.8
812 -7344.1 8869.6
813 -7414.2 8939.4
814 -6325.7 -8333.9
815 -7349.2 9011.4
816 -7160.5 9231.3
817 -7235.9 9164.9
818 -7002.3 9427.2
819 -6908.2 9531.4
820 -7069.4 9587.1
821 -6826.6 9607.6
822 -6902.2 9508.2
823 -7219.6 8977.9
824 -7287.1 9090.6
825 -6550.6 -7979.3
826 -7185.6 9000.5
827 -6997.5 9106
828 -6888.3 9315.5
829 -7004.7 8969.6
830 -6933.3 9114.1
831 -7114.8 8911.7
832 -7038.5 8778.1
833 -6985.9 8820.6
834 -6822.5 8945.9
835 -6932.4 8856.7
836 -6355.2 -8346.7
837 -6769.2 8922.4
838 -6881.6 8999.7
839 -6764.4 9072.4
840 -6688.9 9052
841 -6852.6 9096.7
842 -6983.5 8928.2
843 -6777.2 8861.2
844 -6745 8953.7
845 -6710.1 9007.2
846 -6558.4 9018.8
847 -6287.6 -8317.6
848 -6936 9360.3
849 -6717.8 9258
850 -6580.5 9268.8
851 -6756.1 9275
852 -6414.7 9223.9
853 -6433 8984.4
854 -6388.8 9056.5
855 -6137.6 8805.4
856 -6496.5 9000.3
857 -6144 8776.1
858 -6769.9 -8563.1
859 -6096.9 8779.4
860 -6306.1 8849.3
861 -5966.5 8774
862 -6484 9124.3
863 -6384 9197.7
864 -6077.4 8942.1
865 -6102.1 9259.3
866 -6247.2 9523.1
867 -5889.9 8783.8
868 -5897.1 8809.3
869 -6995.5 -8341.9
870 -5886.5 8865.1
871 -5647.8 9095.2
872 -7120.6 10011.4
873 -7158 9872.3
874 -7048.4 9969.4
875 -7597.7 10518.9
876 -7127.8 9838.3
877 -6987.2 9921.8
878 -7170.4 9813.6
879 -7365.4 9699.5
880 -6839.8 -8637.9
881 -7261.6 9875
882 -7502.4 9620.2
883 -7296.5 9675.6
884 -7407.4 9747.1
885 -7704 9787
886 -7833.4 9933.6
887 -7540 9600.2
888 -7607.9 9559.8
889 -7638.7 10002.8
890 -8188.1 10613.6
891 -5078.6 -5356.6
892 -6638.7 -8484.3
893 -7475.6 10804.2
894 -7519.6 10863.7
895 -7426.7 10737.8
896 -7880.4 9401.7
897 -8027.4 9565.9
898 -7708.5 9501.1
899 -8085.9 9282.8
900 -5399.3 9401
901 -5359.7 9489.3
902 -5259.1 9562
903 -6222.8 -8292
904 -6249.3 9814.4
905 -5538.1 9567.1
906 -5619 9825.7
907 -5383.4 10392.3
908 -5493.8 10101.6
909 -5124.4 10215.3
910 -5415.7 10407.7
911 -6151.5 9993.4
912 -5607.9 10130.3
913 -5752.7 10130.6
914 -6262.1 -8218.7
915 -6072.1 10169.8
916 -6215 9876.1
917 -6507 10012.7
918 -6387.6 10166.7
919 -6272.9 10325.9
920 -6579.9 10514.5
921 -5784.4 10076.4
922 -5874.4 10210
923 -5825.9 10298.4
924 -6130.1 10552.1
925 -6116.2 -8273.9
926 -6216.1 10443.9
927 -6148.5 10579.3
928 -6108.9 10676.6
929 -6340.6 10731.1
930 -6674.7 10392.8
931 -6218.4 10882.9
932 -6378.4 10762.1
933 -7069.8 10954.2
934 -6482.6 10633.7
935 -7169.4 10899.6
936 -4870.7 -7194
937 -6789.5 10250.2
938 -7259.1 10851.4
939 -6074.4 10764.6
940 -6049.7 10824.9
941 -5866.8 10971.4
942 -6051.3 10643.5
943 -5771.8 10906.1
944 -5945.8 11034
945 -5479.7 10685.3
946 -5425.9 10666.6
947 -4862.7 -7158.8
948 -5490.2 10665.4
949 -5521.4 10707.9
950 -5332.6 10518.6
951 -5075.1 10278.9
952 -5576 10543.5
953 -5452.9 10425
954 -5658.9 10581.7
955 -5996.9 10911.9
956 -4984.9 10794.2
957 -5903.9 10479.2
958 -4613.5 -5285.3
959 -5874.9 10528.6
960 -5776.1 10399.1
961 -5605.3 10768.9
962 -5708.8 10605.5
963 -5751.1 10535
964 -5702.1 10517.7
965 -5840.9 10587.7
966 -5963 10587.5
967 -5692.2 10845.8
968 -4937.9 10362.8
969 -4662.3 -5361.5
970 -4837.8 10445.1
971 -4949.1 10384
972 -5309.5 9579.3
973 -4888.7 10695.9
974 -4902.6 10504.8
975 -4961.7 10689
976 -5052.9 10435.2
977 -5253.1 10553.9
978 -5450.9 10915.2
979 -5355.6 10878
980 -4609.3 -5256.1
981 -5544 10950.8
982 -5263.1 10843.3
983 -5169.2 10808.4
984 -5334.6 10621.6
985 -4157.3 9165.9
986 -4143.9 9287.3
987 -4038.7 9141
988 -4275.1 9190.2
989 -3912.6 9118.2
990 -3904.6 9141.6
991 -4638.2 -5273.8
992 -3881.2 8899
993 -3916.9 9683.9
994 -4108.6 9543.4
995 -4130.2 9384.7
996 -4086.1 9702
997 -4231.2 9562.4
998 -4250.4 9402.6
999 -4039.4 9174.6
1000 -4198.5 9719.4
1001 -4059.9 9888.6
1002 -5094.5 -5380.8
1003 -4521.9 -5034.5
1004 -4082.5 9727
1005 -4038.5 10036.6
1006 -3861.3 8940.4
1007 -4008.5 8422.9
1008 -3666.6 9171.9
1009 -3204.1 9025.5
1010 -3302.5 8961.5
1011 -3211.3 8979.1
1012 -3106.2 9332.2
1013 -3129.7 9312.5
1014 -4530.3 -5058.5
1015 -3099.9 9388.2
1016 -3092.2 9307
1017 -3114 9291
1018 -3015.1 9374.8
1019 -3026.2 9296.8
1020 -3095.8 9216.2
1021 -2940.6 9188.7
1022 -3040.5 9208
1023 -3066.5 9211.9
1024 -2962 9196.4
1025 -4557.9 -5031
1026 -3368.6 9188.3
1027 -3614.2 9195
1028 -3659.2 9232.2
1029 -3719.7 9353.7
1030 -3789.1 9370.2
1031 -3689 9419.7
1032 -3464.2 9443.3
1033 -3522.5 9351.4
1034 -3792.4 9666.2
1035 -3625.8 9449
1036 -4142.6 -4031.4
1037 -3558.3 9452.2
1038 -3533 9455.7
1039 -3348.6 9788.4
1040 -3379.9 9561.1
1041 -3652.5 9284.1
1042 -3486.8 9307
1043 -3108.1 9127.8
1044 -3082.2 9100.5
1045 -3349.1 9073.1
1046 -3377.2 9051.6
1047 -4540.2 -3951.6
1048 -3329.5 9044.2
1049 -3356.3 9024.5
1050 -3357 8970.5
1051 -3431.6 8982.8
1052 -3802.1 9604.6
1053 -3787.1 9468.3
1054 -3815.5 9516.6
1055 -3857.5 9317.4
1056 -3898.3 9521.3
1057 -3073.7 9572.3
1058 -4339.6 -4192.7
1059 -3560.2 9019.9
1060 -3520 9027.5
1061 -3532.9 8940.4
1062 -3472.3 8969.7
1063 -3539.6 8888.3
1064 -3884.6 9840.9
1065 -3857.3 9866.1
1066 -3866.6 9981.9
1067 -3848.5 10196.9
1068 -3820.9 10668.9
1069 -3867.6 -2280.6
1070 -3449.5 10022.8
1071 -3604.6 10102
1072 -3457.1 9958.6
1073 -3617.6 9980.4
1074 -3743.3 9996.2
1075 -3840.9 10010.6
1076 -3730.4 10114.3
1077 -3610.5 10041.7
1078 -3632.2 10611.8
1079 -3371.9 10738.7
1080 -4124.7 -2214.2
1081 -3134.4 10744.4
1082 -3317.4 10540.9
1083 -3215.5 10488.9
1084 -3170.6 10468
1085 -3312.2 10171.6
1086 -3584.8 9802.5
1087 -3662 9836.2
1088 -3047.9 9748.4
1089 -2868.3 9726.6
1090 -2847.8 9872.3
1091 -3892.7 -2532.3
1092 -3009.7 10010.6
1093 -2999.9 10077.6
1094 -3020.4 10084.6
1095 -3292.3 10166.3
1096 -3163.7 10537.6
1097 -3140.8 10702.4
1098 -2994.6 10937.5
1099 -3120.3 10863
1100 -3094.1 11050.8
1101 -3085.9 10423.5
1102 -4716.2 -5261.8
1103 -3005 10384.8
1104 -3034.1 10647.9
1105 -3016.1 10776.4
1106 -2924.4 10598.8
1107 -2957.8 10361.5
1108 -2903.8 10333.5
1109 -2890.4 10856.2
1110 -3002.9 10869.1
1111 -2883.6 10923.6
1112 -2901.4 10770.7
1113 -4573.4 -1085.3
1114 -5059.9 -5341.6
1115 -4671.1 -5380.7
1116 -2780.1 10805.5
1117 -2818.4 10548.9
1118 -2907.8 10722.8
1119 -2852 10307.5
1120 -2764.6 10910
1121 -2728.1 11198
1122 -2645 10894.2
1123 -2836.6 11252.3
1124 -2660.2 10749
1125 -2618.2 11143.1
1126 -4757.4 -5267.2
1127 -3124.8 10828.8
1128 -3388.6 10688.8
1129 -3146.6 10654.4
1130 -3606.4 10740.1
1131 -3156.3 10585.7
1132 -3622.4 10663.8
1133 -3789.9 10769.4
1134 -3799.8 10644.4
1135 -3541.6 11012.5
1136 -3559.5 10935.8
1137 5132.1 2492.8
1138 -3473 11003
1139 -3587.9 10819.6
1140 -3582.2 10842.6
1141 -3594.6 10793.5
1142 -3459.3 10799.4
1143 -3427.5 10996.7
1144 -3567.3 10905.2
1145 -3674.8 10921.5
1146 -3951.8 11071.5
1147 -3852.4 11274.3
1148 5085.1 2467
1149 -3878.7 11032
1150 -3745 11155
1151 -3764.1 11183.6
1152 -3660.7 11138.7
1153 -3665.2 11087.2
1154 -3934 10429.9
1155 -3840.8 10429.4
1156 -4001.7 10576.7
1157 -4010.9 10595.9
1158 -4082.7 10749.8
1159 5157 2499
1160 -4046.7 11056.2
1161 -3882.8 10591.9
1162 -3984.8 10590.9
1163 -3972.4 10747.6
1164 -3829.8 10672.4
1165 -3825.7 10641.6
1166 -4022.2 10825.2
1167 -3913.1 10817.2
1168 -3879.1 10745.9
1169 -3854.1 10710.3
1170 5201.4 2422.9
1171 -4210.1 10458.8
1172 -4118.7 10497.1
1173 -4394.1 10461.2
1174 -4142.5 10311.6
1175 -4309.9 10676.8
1176 -4033.5 10534.5
1177 -4007.4 10274.8
1178 -4191.5 10849
1179 -4323.5 10649.9
1180 -4303.2 10803.8
1181 5041.9 2433.6
1182 -4463.8 10465.6
1183 -4689.4 10345.3
1184 -4270.1 10955.8
1185 -4235.5 11074.7
1186 -4362.5 10998
1187 -4215.8 11128.6
1188 -4701.5 10587.4
1189 -3724.5 11635
1190 -3703.3 11598.3
1191 -3845.1 11574.1
1192 4987 2505.7
1193 -3417.1 11678.3
1194 -3376.2 11587
1195 -3384.1 11537.1
1196 -3236.2 11684.5
1197 -3476.4 11647.4
1198 -3598.4 11585.3
1199 -3601.9 11558.4
1200 -3643.4 11257.3
1201 -3634.8 11323.7
1202 -3436.1 11226.5
1203 5552.6 2606
1204 -3652.3 11194.2
1205 -3455.1 11109.1
1206 -3463 11065.6
1207 -3609.9 11494.5
1208 -3445 11165
1209 -3396.6 11468.4
1210 -3312.4 11392.9
1211 -3279.5 11516.4
1212 -3936.1 11994.1
1213 -4006.5 11868.9
1214 5607.3 2634.9
1215 -4007 12000.6
1216 -3724.7 11975.7
1217 -3667.9 11965.6
1218 -3783.1 11747.7
1219 -3860 11788.8
1220 -3871.6 11585.6
1221 -3932 11826.7
1222 -3969.6 11584.5
1223 -3765.9 11476.7
1224 -3842.4 11311
1225 -5098.9 -5334.8
1226 5459.7 2726.6
1227 -2752 11210.3
1228 -2946 11310.3
1229 -2791.3 11409.9
1230 -2961.7 11696.3
1231 -2976.2 11778.5
1232 -2965 11502.8
1233 -3053.7 11366.2
1234 -2983.7 11612.9
1235 -3009.1 11343.4
1236 -2898.3 11848.8
1237 5472.2 2567
1238 -2934.4 11897.2
1239 -2798 11891.3
1240 -2861.5 11821.3
1241 -2741 11877.7
1242 -2782.2 11960.6
1243 -2819.3 11805.9
1244 -2630.6 11850.4
1245 -2762.3 11791.2
1246 -2612.5 11919.6
1247 -2651.8 11764.3
1248 -412 6445.1
1249 -2591.6 12000.3
1250 -3041.1 11815.7
1251 -2851.1 11708.6
1252 -2776.6 11734.5
1253 -2828.3 11621.1
1254 -2718.6 11718.6
1255 -2881.7 11652.7
1256 -2909.2 11740.8
1257 -3075.1 11198.1
1258 -3166.1 11965.7
1259 -413.7 6281.6
1260 -3187.6 11968.4
1261 -3477.1 11776.7
1262 -4141.8 11256.1
1263 -4160.7 11531.9
1264 -4140 11580.3
1265 -4184 11474.2
1266 -4034.6 11461.6
1267 -4085.8 11364.2
1268 -4241.4 11314.9
1269 -4435.3 11353.6
1270 -311.5 6577.1
1271 -4032.1 11336
1272 -4112.9 11648.6
1273 -4184.7 11681.7
1274 -4224.9 11700.9
1275 -4234.4 11619
1276 -4215.4 11817.2
1277 -4080 12193.5
1278 -3993.7 12038.9
1279 -4515.5 11433.4
1280 -4494.4 11411.8
1281 2543.3 1494
1282 -4554.8 11470.1
1283 -4503.7 11528
1284 -4464.4 11498.8
1285 -4357 11804.5
1286 -4284.1 11829.7
1287 -4432.5 11595.4
1288 -4322.4 12045.9
1289 -4338.3 11489
1290 -4200.6 11426.8
1291 -4228.6 11478.9
1292 2946.8 1546.3
1293 -4215.2 11386.3
1294 -4446 11405.5
1295 -4679.1 11381.6
1296 -4603.6 11535.3
1297 -4757.4 11374.7
1298 -4852.9 11368.1
1299 -4498.3 11599.7
1300 -4494.5 11668.2
1301 -4592.7 11674.9
1302 -4476.3 11974.6
1303 2510.5 1687.6
1304 -4308.6 12521.6
1305 -4341.3 12449.9
1306 -4110.5 12410.8
1307 -4312.3 12544.8
1308 -4053.3 12496.4
1309 -4062.8 12388.8
1310 -4360.7 12117.9
1311 -4466 12174.7
1312 -4407.1 12142.4
1313 -4425 12263.8
1314 2603.7 1047.3
1315 -4377.8 12365.8
1316 -4356.9 12414.2
1317 -4497.9 12428.6
1318 -4308.6 12326.5
1319 -4540.8 12340.5
1320 -4583.8 11921.4
1321 -4616.8 12214.2
1322 -4560.3 12459.4
1323 -4443.3 12558.3
1324 -4181.4 12270.8
1325 2924.4 1718.5
1326 -4161.6 12308.3
1327 -4145 12345.4
1328 -4270.8 12198.1
1329 -4356.6 12224.5
1330 -3836.1 12968.8
1331 -3813.6 12994.7
1332 -3871.6 12913.7
1333 -4235.3 12881.8
1334 -4149.1 12818
1335 -4359.3 12960.7
1336 -6015.3 -1290.5
1337 3168.4 1822.1
1338 -4186.9 13029.2
1339 -3968.1 12716.9
1340 -4001.9 12643.5
1341 -3955.6 12744.3
1342 -4217.8 12669.7
1343 -4278.1 12563
1344 -4038.3 12562.3
1345 -4156.1 12623.5
1346 -4711.1 12796
1347 -4424.5 12785.3
1348 4715.9 -4493.2
1349 -4636.6 12924.1
1350 -4760.5 12832.1
1351 -4390.6 12900.2
1352 -3565.2 12898.7
1353 -3623.9 12918
1354 -3461.6 12890.4
1355 -3335.6 12832.5
1356 -3230 12776.9
1357 -3555.1 12172.1
1358 -3172.1 12884.6
1359 4918.2 -5650.8
1360 -3272.6 12798.8
1361 -3504.8 13074.5
1362 -3218.2 13545.2
1363 -3550.4 13095.8
1364 -3776.8 12983.5
1365 -3716.4 13036.4
1366 -3543.1 13133.4
1367 -3540.5 12931.5
1368 -3426.1 12961.3
1369 -3294.2 12895.2
1370 4764.4 -5879.2
1371 -3359.6 12928.3
1372 -3394 12863.7
1373 -3685.6 12309
1374 -3824.1 12451.5
1375 2820 -6641.3
1376 2028.2 -7215.4
1377 207.4 -6196.6
1378 164.8 -6137.3
1379 247.4 -6262.6
1380 303.2 -6220.7
1381 4981.1 -5557.2
1382 266.1 -6290.8
1383 1544.2 -8061.1
1384 1384.5 -7858.6
1385 1627.9 -7996.4
1386 1468.8 -8130.7
1387 985.6 -5319
1388 1326.9 -5688
1389 1404.8 -5772.2
1390 1233.8 -5587.2
1391 1164.4 -5842.4
1392 5012.6 -5711.2
1393 1455.2 -5827.7
1394 1400.4 -5880
1395 1566.6 -5949.8
1396 1526.2 -5764
1397 1694.5 -6066.1
1398 1847.8 -6249.8
1399 1665.2 -6086.8
1400 1664.9 -6051.2
1401 1274.3 -6407.8
1402 1226 -6355.4
1403 4848.8 -5604.6
1404 1388.7 -6313.1
1405 1327.4 -6464.9
1406 1428.1 -7209.8
1407 1567.7 -7095.3
1408 1379.1 -7130.9
1409 1443.5 -7235.8
1410 1760.4 -6938
1411 1893.6 -6810.3
1412 1784.9 -6953.3
1413 1728.6 -6903.7
1414 4643.1 -6056.1
1415 1357.8 -4839.3
1416 1479.5 -4974.2
1417 2272.8 -5489.3
1418 2292.1 -5509.9
1419 2229.1 -5539.1
1420 2742.8 -6105.4
1421 2752.7 -6014.4
1422 2526.2 -5768.8
1423 2562.4 -5809.1
1424 2479.6 -5812.5
1425 4711.3 -5957.3
1426 2190.7 -5469
1427 2251.3 -5348.7
1428 2460.7 -5696.7
1429 2417.2 -5647.7
1430 2414.3 -5739.4
1431 844.7 -5521.2
1432 1244.1 -6030.2
1433 1258.9 -6046.1
1434 1235.3 -6053.5
1435 1305.9 -5972.2
1436 4583.6 -6004.5
1437 1930.2 -5059.6
1438 1879.5 -5106.5
1439 1980.6 -5012.9
1440 2050.2 -5192.3
1441 2226.5 -5372.1
1442 2172.4 -5423.3
1443 2095.4 -5241.6
1444 2118.5 -5468.9
1445 1994.4 -5333.1
1446 2025.7 -5468.3
1447 -6035 -1272.6
1448 4702.8 -6096.6
1449 1914.2 -5646.6
1450 1430.4 -5020.9
1451 1528.7 -4927.6
1452 1604.4 -5108.5
1453 1385.9 -5071.3
1454 1325.2 -5005.6
1455 1557.2 -4957.1
1456 1505.4 -4901
1457 1554.2 -5155.2
1458 1856.7 -4878.5
1459 4538.4 -6210.3
1460 2008.3 -4987.3
1461 2101.9 -5145.8
1462 1878.2 -4859
1463 -3743 12313.7
1464 -4674.5 -2580.8
1465 -4855.6 -1168.9
1466 937.6 -1869.5
1467 879.9 -1961.9
1468 861.3 -1824.1
1469 947 -1844.5
1470 4581.4 -6275
1471 1053 -1663.5
1472 1028.4 -1702.6
1473 898 -1493.5
1474 916 -1516
1475 939.2 -1456
1476 303.9 -1672.7
1477 874.5 -1514.8
1478 973.8 -1577.4
1479 1014.2 -1538.6
1480 683.3 -1692.9
1481 4450.7 -6339.6
1482 807 -1690.4
1483 797.4 -1785.8
1484 725.8 -1911.7
1485 662.7 -1707.4
1486 790 -1949.6
1487 1280.6 -1436.7
1488 1412.2 -1581.3
1489 1400.5 -1613.5
1490 1106.8 -1451.2
1491 1215.6 -2027.8
1492 4481.2 -6167.2
1493 1156.7 -1994.3
1494 1073.6 -1415.7
1495 981 -1502.6
1496 1374 -2117.7
1497 1849.9 -761.5
1498 1893.2 -983.4
1499 1350.1 -997.5
1500 1915.6 -1343.6
1501 1788.1 -1202.1
1502 2002.3 -1266
1503 5169.3 -5814.1
1504 2227 -1525.8
1505 1361.6 -733.1
1506 1382.6 -585.3
1507 1514.7 -500.7
1508 1809.3 -1056.3
1509 1873.6 -1127.5
1510 1888.6 -683.4
1511 2003.6 -924.7
1512 2094.1 -1110.3
1513 1870.7 -574
1514 5245 -5878.1
1515 1902.9 -704.5
1516 1984.7 -666
1517 2294.4 -1515.3
1518 1900.8 -557.5
1519 1868.7 -528.1
1520 1961.2 -555.4
1521 1926 -583.6
1522 2171.3 -639.7
1523 1994.5 -571.6
1524 2128.5 -232.9
1525 5156.9 -5779.8
1526 2160.3 -292.5
1527 2239.6 -72.1
1528 2117 -210.7
1529 2111.1 -286.3
1530 2336.5 30.3
1531 2307.8 -212.4
1532 2583 329.5
1533 2500.2 177.4
1534 2019.1 -555.6
1535 2020.6 -588.5
1536 5137.3 -5792.4
1537 2696.5 487.6
1538 2709 449.5
1539 2864.7 505.5
1540 3031.2 471.7
1541 2869 616.7
1542 2581.8 -754.4
1543 2547.2 -723.3
1544 2626 -785.4
1545 2651.4 -789.3
1546 2716.5 -807.4
1547 5184.5 -6121.9
1548 2633.2 -813.6
1549 2506 -740.8
1550 2536.9 -744
1551 2512.9 -715
1552 2374 -692.4
1553 2885.2 -417.9
1554 3006.3 -653.5
1555 3096.8 -550.4
1556 2742.3 -776.7
1557 2815.2 -874.9
1558 4737.1 -10537.3
1559 4725.8 -6494.1
1560 2986.6 -332.1
1561 3055.4 -407.1
1562 2963 -302.4
1563 3105.5 -462.5
1564 3142.2 -499.2
1565 3005.7 -505.2
1566 3036.6 -543.2
1567 2932.2 -569.7
1568 3058.3 -518.4
1569 2972.4 -616.9
1570 4867.7 -6621.4
1571 2853.8 -640.8
1572 2903.6 -696.9
1573 2800.1 -816.3
1574 2821.3 -791.1
1575 3088.9 -376.3
1576 2995.5 -272.9
1577 3085 -95.4
1578 2914.6 -235.3
1579 2213.6 -390
1580 2180.1 -350.8
1581 4703.3 -6453.2
1582 2354.7 -298.5
1583 2257.1 -468.4
1584 2203.6 -646.7
1585 2302.8 -551.5
1586 2240.6 -586.2
1587 2541.6 138.2
1588 2592.3 90
1589 2453.8 24.9
1590 2562.5 -62.7
1591 2503.5 -116.8
1592 4448.5 -6680.8
1593 2648.1 33.9
1594 2965.2 -345
1595 2665.4 16.6
1596 2486.2 -99.1
1597 2364.7 5.8
1598 2362 61.2
1599 2117.5 -435.2
1600 2138.7 -371.7
1601 2131.2 -532.4
1602 2139.2 -571.8
1603 4831.8 -6411.5
1604 2112.5 -586.7
1605 2209.4 -610
1606 2190.4 -507.1
1607 2106 -492.4
1608 2151.3 -314.1
1609 1812.8 -294
1610 1809.9 -516.5
1611 2093.8 -160.3
1612 2026.1 -192.4
1613 2119.3 -161.1
1614 4428.6 -6694
1615 2065.4 -100.2
1616 1992.8 53
1617 1907.1 232.3
1618 2143.6 125.5
1619 1839.6 -17.9
1620 1710.1 -80.3
1621 1540.2 59.8
1622 2177.3 50.4
1623 2213.3 -26.5
1624 2209.9 -98.5
1625 5123.8 -6930.2
1626 2375.6 396.5
1627 2307.7 205.2
1628 2027.4 -20
1629 2065.2 -3
1630 1798 -376.7
1631 1784.9 -349.8
1632 1942.4 -232
1633 2502.5 422.7
1634 2233.1 364
1635 1884.8 284.1
1636 4208.9 -6837.5
1637 1714.9 245.6
1638 2049.5 321
1639 1484.7 171.9
1640 1624.8 99.9
1641 1754.4 159.9
1642 1571.4 211.7
1643 1325.1 -216.6
1644 1334.2 -167.1
1645 1439.9 -238.7
1646 1619.3 -258.2
1647 5987.8 -5328.3
1648 1600.6 -219.9
1649 1589.7 -268.4
1650 1700.3 -446.9
1651 1453.2 -175.8
1652 1512.5 -255.3
1653 1422.8 -279
1654 1386.7 -443.8
1655 1490.6 8.6
1656 1514.2 -39
1657 1356.6 -42.1
1658 6044.2 -5174
1659 1468.9 -61
1660 1489.3 -51.1
1661 1382 -46.3
1662 1460 -141.9
1663 1555 -124.7
1664 1400.2 -130.4
1665 1500.2 -150.5
1666 1396.4 -154.7
1667 1708.5 -470.1
1668 1687.7 -521
1669 4693.1 -10157.2
1670 5829.6 -5224
1671 1693.6 -537.4
1672 1724.1 -546.2
1673 3612 244.7
1674 2657.5 406.9
1675 3030.6 -47.2
1676 2778.3 356.3
1677 2817.9 131.1
1678 2709.6 222.1
1679 2926.2 206.9
1680 1934.9 -801
1681 5961.9 -5441.8
1682 1985 -893.4
1683 2190.2 -652.6
1684 2046.5 -732.5
1685 2253 -772.8
1686 2354.3 -883.4
1687 2109.3 -860.8
1688 2442.2 -981.8
1689 2202.1 -1335.8
1690 2377.5 -1184.9
1691 2476.3 -1298.1
1692 6108.3 -5398.5
1693 2183.5 -953.1
1694 2060.6 -891.3
1695 2157.7 -1058.4
1696 2225 -1002.5
1697 2307.6 -1101.3
1698 2151.4 -1229.9
1699 2229.9 -1169.9
1700 2293.2 -1259.8
1701 2177.4 -1284.3
1702 2260.6 -1212.7
1703 5799.4 -6220.9
1704 2171.8 -1080.3
1705 2117.3 -1000.9
1706 2396 -1573.7
1707 2553.9 -1365.3
1708 2418.8 -1587.2
1709 2621.9 -1445.7
1710 2366.3 -1670.9
1711 2726.3 -1766.8
1712 2708.5 -1236.8
1713 2612.5 -832.8
1714 5806.9 -6181.7
1715 2689.1 -911.3
1716 2862 -1094.8
1717 2788.9 -1159.7
1718 2975.3 -1209.1
1719 2945 -1014
1720 2817.5 -1821.3
1721 2934.1 -1703.7
1722 2965.2 -1907.4
1723 2997.8 -1636.7
1724 3031.6 -1798
1725 5703.5 -6250.8
1726 3069.4 -1562.8
1727 2937.9 -1444.5
1728 3080.3 -1316.4
1729 2673.5 -1364.2
1730 2563.2 -1260.3
1731 2630.4 -1218.4
1732 2659.3 -1413.7
1733 2617.4 -1361
1734 3174.6 -1916.1
1735 3111.5 -1992.9
1736 5677 -6229.3
1737 3056.3 -2087.1
1738 3266.9 -2084
1739 3184 -1655.4
1740 3302.3 -1541.8
1741 3345.8 -1585.8
1742 3203.1 -1440.6
1743 3214.3 -2179.9
1744 3008 -2170.8
1745 3165.1 -2264.2
1746 3059.6 -2451.7
1747 5694.5 -6388.3
1748 3071.9 -1147.9
1749 3170.1 -1234.3
1750 3232.9 -1052.9
1751 2673.8 252.6
1752 3241.6 -731.8
1753 3309.2 -677.9
1754 3361.3 -884.9
1755 3353.6 -736.5
1756 3390.2 -604.9
1757 3293.6 -502.9
1758 5669.1 -6410.7
1759 3434.6 -664.3
1760 3467.1 -532.4
1761 3384 -434.8
1762 404.8 10515.3
1763 -147.2 10197
1764 584 10161.6
1765 464.1 10068.5
1766 675.3 10101.4
1767 747.2 10003.1
1768 767.2 9963
1769 5788.9 -6430.3
1770 692.2 9887.3
1771 786.6 9924.1
1772 805.5 9886.4
1773 728.5 9866.5
1774 764.3 9845.9
1775 3945.7 -1369.5
1776 4285.2 -1635.2
1777 4108.3 -1208.9
1778 4406.5 -1484.9
1779 4316.2 -1662
1780 4543.3 -10162
1781 5832.7 -6517.5
1782 4179.1 -1770
1783 4666.1 -2079.8
1784 4763.9 -1999.5
1785 4821.6 -2254.4
1786 4627.7 -2111.8
1787 4471.8 -1844.8
1788 4981.7 -2442.9
1789 4533.5 -2444
1790 4973 -2155.8
1791 4490.3 -1587.6
1792 5870.3 -6380.1
1793 4316.1 -1400.4
1794 4461.5 -1414.8
1795 4904.4 -2078
1796 5105.4 -2072.9
1797 4172.6 -1147.7
1798 4078.6 -1177.6
1799 3786.9 -909.4
1800 3701.2 -987.6
1801 3743.6 -859.8
1802 3923.6 -784.3
1803 5879.3 -6288.1
1804 3355.2 -301.2
1805 3583.6 -421.7
1806 4122.4 -583.5
1807 3805 -656.2
1808 4122.6 -976.8
1809 4375.8 -1219.6
1810 4321.6 -1281.8
1811 4427.5 -1273.4
1812 4236.4 -1083.4
1813 4507.2 -1357.7
1814 5909.3 -6282.1
1815 4260.4 -1348.5
1816 4407.4 -910.4
1817 4313.2 -799.9
1818 3959 -395.8
1819 3702.3 -546.4
1820 3620.6 -620
1821 3915.8 -345.7
1822 3961.1 -305.7
1823 3505.7 -495.8
1824 4806.6 -1964.4
1825 6735.1 -6119.8
1826 4836.8 -1997
1827 4868.8 -1912.9
1828 4689.6 -1827.4
1829 4571.9 -2158.2
1830 4526.7 -2195.1
1831 4306.3 -2373
1832 4403.8 -2293
1833 4180.9 -2464
1834 4309.6 -2181.7
1835 4719.3 -1462.7
1836 6781.4 -6359.2
1837 4740.3 -1425.3
1838 4802.6 -1374.3
1839 4697.6 -1378.9
1840 4824.3 -1563.2
1841 4707.8 -1541.5
1842 4773.9 -1678.4
1843 4523.1 -1626.7
1844 4584.4 -1701.6
1845 4568 -1581.8
1846 4655.9 -1628.7
1847 6810.1 -6105.1
1848 4588.4 -1518.9
1849 4673.9 -1532.9
1850 4497.7 -1502.6
1851 4872.6 -1797.8
1852 5023.6 -1979.9
1853 5217.8 -2141.6
1854 4376.4 -1331.7
1855 3991.8 -1097.9
1856 4607.8 -566
1857 4045 -1146.6
1858 6646.8 -6137.3
1859 4927.7 -1863.8
1860 4933.2 -1750.1
1861 4996.2 -1699.9
1862 4987 -1815.7
1863 5078.3 -1929.9
1864 5120 -1979.4
1865 5182.6 -1926.5
1866 4964.8 -2028.2
1867 4869.2 -2822.3
1868 4375.2 -2547.9
1869 6733.9 -6076.3
1870 4179 -2010
1871 5033.8 -2377.8
1872 5191.4 -2763.4
1873 5125.6 -2263
1874 5365.3 -2220.8
1875 5213.7 -2321.3
1876 4482.7 -2231.4
1877 4444.4 -2137.2
1878 5298.4 -2370.4
1879 4406.8 -2183.9
1880 7252.2 -5999.9
1881 4498.3 -1679
1882 4525.4 -1707.8
1883 4569.2 -1762.6
1884 4706.4 -1930
1885 5468 -2721.6
1886 5542.4 -2702.9
1887 5546.7 -2674.3
1888 5520.2 -2871.2
1889 5506.7 -2977.7
1890 5484.9 -3141.4
1891 10508.1 -7718.2
1892 7334.7 -6042.1
1893 5433.6 -2927.8
1894 5374.7 -2743.2
1895 5357.3 -2879
1896 5326.4 -3071.2
1897 5286.2 -3285.6
1898 5319.9 -3111
1899 4846.7 -2946.9
1900 5654.7 -2618
1901 5585.4 -1789.7
1902 4578.2 144.1
1903 7027.7 -6060.3
1904 4646.9 -2858.9
1905 5439.5 -3406.9
1906 6812.4 -3939.2
1907 5449.4 -3385.8
1908 5366.6 -3341
1909 5402 -3127.9
1910 5480.5 -3174.2
1911 10445.2 -1286.4
1912 925.8 9242.7
1913 1137.1 9131.9
1914 7369 -5798.2
1915 1034.8 8893.7
1916 1004.1 8818.8
1917 880.2 8632.4
1918 1272.2 9101.3
1919 1318.4 9174.4
1920 1143.6 9286.9
1921 1365.2 9249.8
1922 1186.4 9360.9
1923 1234 9434.1
1924 1284 9506.3
1925 7180.2 -5961.8
1926 1531.3 9512
1927 588 7073.4
1928 988.7 8345.2
1929 935.2 8174.9
1930 817 8210.4
1931 1047.5 8138.8
1932 973.2 7548.9
1933 1088 7512.7
1934 1045.3 7778.8
1935 1004.6 6946.3
1936 6889.9 -5798.3
1937 974.1 6949.9
1938 1095.7 7225.6
1939 802.9 7003.9
1940 919.1 6967.4
1941 1007.8 7253.2
1942 876.6 6813.4
1943 1177.1 7484.3
1944 1305.6 7691.8
1945 1282.9 6682.9
1946 5997.7 -9395
1947 6829.6 -5899.7
1948 5887.1 -9274.3
1949 5935.1 -9453.1
1950 6066.8 -9481.7
1951 6025.4 -9367.7
1952 4991.5 -8245.2
1953 4882.3 -8303.5
1954 5066.1 -8208.9
1955 4919.7 -8158.4
1956 5103.4 -8359.6
1957 4761.1 -8360.9
1958 6617.8 -5664.9
1959 5009.6 -8445.2
1960 5841 -9539
1961 4641.8 -8419.5
1962 4824.7 -8617.1
1963 4731.8 -8701.4
1964 5746 -9623.9
1965 5634.4 -9500.6
1966 5653 -9709.8
1967 4919.6 -8531.8
1968 5911.8 -9616.4
1969 6962.7 -5846.1
1970 5728.1 -9416.1
1971 5539.1 -9586.1
1972 5553.2 -9800.5
1973 5688.5 -9811
1974 5056.2 -9058.6
1975 4932.9 -9119.7
1976 4968.8 -8962.5
1977 5286.5 -9309.7
1978 5313.9 -10018
1979 5104.1 -9813.8
1980 7654.1 -6212.8
1981 5195.2 -10129.3
1982 4817.9 -9175.3
1983 5184.2 -9399.5
1984 5588.3 -9839.6
1985 5436.6 -9677.3
1986 5487.7 -9860.2
1987 4704.8 -9232.4
1988 5094.9 -9480.7
1989 5463.9 -9881.3
1990 5348.6 -9756
1991 7591.2 -6331.5
1992 5375.5 -9961.7
1993 5005.7 -9560.2
1994 4933.6 -9628
1995 5259.6 -9838.9
1996 5379.8 -9222.8
1997 5065.6 -8877.6
1998 5474.8 -9137.7
1999 5158.3 -8791.2
2000 5566.2 -9051.9
2001 5821.2 -9332.3
2002 10383.2 -7628.2
2003 7733.2 -6254.4
2004 5252.4 -8707.8
2005 5641.5 -8984.8
2006 5662.1 -8967
2007 5337.4 -8629
2008 4997 -9915.4
2009 5136.6 -10181.9
2010 4167.9 -11055.4
2011 5521.8 -9899.1
2012 5773.3 -7665.8
2013 5764.1 -7716.4
2014 7573.8 -6169.8
2015 5733.7 -7686.7
2016 6049.5 -8087.1
2017 6361.6 -8685.7
2018 6320.2 -8646.1
2019 6335.7 -8632.2
2020 6552.2 -8891.5
2021 6739.7 -9110
2022 6585 -8861.8
2023 6469.7 -8967.2
2024 7607.9 -7953.6
2025 7758.1 -6005.7
2026 7521.8 -8015.2
2027 7623.4 -7921.3
2028 7638.6 -7984.3
2029 7481.8 -8053
2030 5360.7 -8618.6
2031 5285.1 -8007.7
2032 5405.7 -8151.9
2033 5206.4 -8075.8
2034 5353.3 -7945.6
2035 5422.7 -7886.1
2036 6190.9 -5253.6
2037 5630.7 -8130
2038 6095 -8083.5
2039 5855.5 -8106.6
2040 6070 -8126.3
2041 5158.6 -8192.1
2042 7192 -9636.9
2043 7107.3 -9709.1
2044 7115.4 -9548.1
2045 7261.1 -9718.7
2046 5786.5 -9114.7
2047 6294.8 -5495.8
2048 6250.7 -9618.3
2049 6063.9 -9334.3
2050 7071.4 -10603.6
2051 7002.3 -10520.9
2052 7155.1 -10528.4
2053 7323 -10383.5
2054 7419.8 -10300.9
2055 7235.4 -10459.7
2056 7253.7 -10301.7
2057 7617.2 -10132.4
2058 6512.6 -4609.7
2059 7547 -10050.9
2060 7517.1 -10218.9
2061 7670.8 -10195.7
2062 5891.7 -8154.2
2063 5738.7 -8119.1
2064 6648.2 -10104.5
2065 6738.2 -10027.9
2066 6717.2 -10188.3
2067 6416.6 -9831.6
2068 6107.3 -9295.5
2069 6431.7 -4568.7
2070 5881.1 -9031.6
2071 6186 -9223.4
2072 6329.1 -9551.2
2073 6818.1 -9957.6
2074 6504.9 -9755.1
2075 5283.1 -8169.6
2076 5455.1 -8535.7
2077 5534.2 -8466.2
2078 6899 -9887.1
2079 6584.9 -9685.7
2080 6641.6 -4352.7
2081 5516.4 -8139.5
2082 5615.9 -8395.2
2083 6264.3 -9149.7
2084 6338.8 -9085.1
2085 6309.1 -9200.8
2086 6041.3 -8888.8
2087 6973.7 -9822.5
2088 6969.4 -9968
2089 6663.8 -9612.7
2090 5689.2 -8329.9
2091 6596.5 -4642.8
2092 6116.6 -8824.2
2093 6402.7 -9025.5
2094 6562.5 -9344.8
2095 7039.5 -9766
2096 6738.3 -9547.8
2097 6803.5 -9491
2098 6181.6 -8768.1
2099 6628.9 -9288.4
2100 5754.1 -8276.6
2101 6869.3 -9432.1
2102 6497.2 -4667.2
2103 6246.6 -8710.8
2104 6695.1 -9229.7
2105 5821.3 -8215.6
2106 6516 -8040.2
2107 6303.5 -8061.3
2108 6818.5 -8213.9
2109 6944.3 -8536.9
2110 7120.1 -8740
2111 6730.9 -8289.7
2112 6879.7 -8594.5
2113 10333.5 -7616.2
2114 6491.1 -4689.8
2115 7017.9 -8468.7
2116 7585 -9277.5
2117 7352.7 -9003.4
2118 7523.6 -9335
2119 7585.7 -9208.5
2120 6385.7 -8158
2121 6199.2 -8072.8
2122 6814.8 -8652.7
2123 6994.6 -8861.2
2124 6597.5 -8404.2
2125 6175.4 -4940.1
2126 6748.5 -8712.8
2127 7459.6 -9394.9
2128 7221.8 -9120.1
2129 7396.5 -9452
2130 5576.4 -8865.9
2131 5668.7 -8784.4
2132 5748.6 -8715.8
2133 5959.3 -8960.1
2134 5691.3 -8646.5
2135 5829.4 -8644.1
2136 6246.3 -4878.8
2137 5773 -8576.5
2138 5903.1 -8578.2
2139 5968.6 -8520.9
2140 6034.3 -8462.8
2141 6105 -8400.1
2142 6023.5 -8305.4
2143 6180.3 -8338
2144 6254.1 -8273.6
2145 6120.1 -8222.7
2146 6236.9 -8442.3
2147 6123.8 -5018.8
2148 6453.2 -8101
2149 6319.7 -8214.9
2150 6664.3 -8346.8
2151 7057.1 -8801.7
2152 7287.2 -9062.9
2153 6931.4 -8921.8
2154 6530.8 -8460.8
2155 6707 -8749.8
2156 7155.5 -9179.5
2157 7337.6 -9507
2158 5944.6 -5055.5
2159 5836.8 -9071.2
2160 6282 -8528.4
2161 6472 -8515
2162 6329.7 -8360.4
2163 6393.4 -8433.8
2164 6898 -8954.8
2165 6641.7 -8809.8
2166 6840.8 -9011.8
2167 7256 -9424.6
2168 5954.2 -8225.1
2169 7525.8 -5539
2170 6407.4 -9482.3
2171 6488.9 -9409.7
2172 6228.7 -9274.2
2173 6778.9 -9156.8
2174 6811.9 -9194.9
2175 6953.3 -9361
2176 7077.9 -9248.6
2177 7033.5 -9453.1
2178 6881.5 -9275.3
2179 7164.3 -9334.7
2180 7581.7 -5447.5
2181 6999.6 -9171.4
2182 7396.9 -8965
2183 7302.3 -8836.8
2184 7428.8 -9001.7
2185 6771.9 -9078.7
2186 6926.7 -9096.9
2187 7178.6 -8674.3
2188 7225.1 -8733.5
2189 6694.1 -10209.8
2190 6978.4 -10543.5
2191 7480 -5614.3
2192 6604.9 -10291.1
2193 6472.9 -9949.8
2194 6788 -10271.4
2195 7041.4 -10052.9
2196 7334.3 -9802.5
2197 6861.5 -10356.8
2198 7114.1 -10136.9
2199 7406.9 -9887.2
2200 7183.4 -10218.6
2201 7477.6 -9969.1
2202 7736.4 -5649.6
2203 6931.6 -10438.7
2204 6009.2 -9532.2
2205 6242.4 -9685.7
2206 5974.8 -9564.4
2207 6068.5 -9841.1
2208 7108.7 -11055.5
2209 7056.5 -11164.3
2210 6915.8 -10824.7
2211 7018.9 -10746.3
2212 7173.8 -10920.5
2213 7458.8 -5503.9
2214 7154.4 -10967.7
2215 6152.9 -9764.9
2216 6191.4 -9986.2
2217 6424.5 -9892.5
2218 6248.9 -10047.1
2219 6315.2 -9987.1
2220 6298.4 -10104.2
2221 6332.3 -9972.6
2222 6801.3 -10695.2
2223 6888.3 -10618.2
2224 -4722.9 -1156.8
2225 8808.8 -5583.7
2226 7625.8 -5370.8
2227 6866.9 -10769.1
2228 6583.9 -10450.3
2229 6372.8 -10038
2230 6518.8 -10368.3
2231 7699.7 -7808.9
2232 7131.9 -8365.1
2233 7080.5 -8411.5
2234 7190.1 -8431.1
2235 7209 -8295.6
2236 4110.1 -10980.6
2237 7665.6 -5305.6
2238 1568.8 -9836.8
2239 3194.3 -9914.2
2240 888.8 -10007
2241 805.4 -10037.4
2242 923.9 -9983.6
2243 947.9 -10091.7
2244 751.3 -10266.7
2245 759.1 -9792.7
2246 -4471.1 839.9
2247 -4383 669.7
2248 7810.9 -5515
2249 -4345.4 598.1
2250 819 9814.6
2251 832.9 9889.4
2252 830.4 1540.9
2253 857.3 1517.5
2254 870.1 1555.7
2255 877.7 1548.3
2256 889.3 1498.9
2257 813.6 1494.5
2258 348.3 10632.2
2259 7701.4 -5244.7
2260 3886.2 -4683.9
2261 4279.4 -4197.3
2262 4208.5 -4279.3
2263 4009.1 -4979.8
2264 4281.2 -4571.6
2265 4313.5 -4592.3
2266 4229 -4537.7
2267 4147.7 -4771
2268 4020.1 -4515.1
2269 4080 -4439.7
2270 7596.8 -5270.6
2271 4044.1 -4485
2272 4137.9 -4363
2273 4025.4 -4399.7
2274 4340.9 -4611.1
2275 4363.8 -4513.1
2276 4481.2 -4332.8
2277 4445.9 -4309.5
2278 4423.3 -4423.1
2279 4584.5 -4401.3
2280 4814.2 -4784.8
2281 7866.9 -5407.1
2282 4828.4 -4826.1
2283 4848.9 -4706.7
2284 4805.5 -4807.2
2285 4750 -4887.8
2286 4668.5 -4830.9
2287 4598.9 -4784.1
2288 4584.7 -4952.8
2289 4262.3 -5283
2290 4529 -4737.5
2291 4407.9 -4656.5
2292 7540.9 -5159.5
2293 4490.2 -4794.7
2294 4581.7 -4658.3
2295 4641.4 -4569.6
2296 4668.3 -4529.9
2297 4151.2 -4240.1
2298 4084.1 -4325.4
2299 3964 -4477.6
2300 4064.9 -5016.1
2301 4107.9 -4831.4
2302 4328 -5185.2
2303 7897.9 -5346.5
2304 4448.7 -5157
2305 4194.8 -5097.5
2306 4309.2 -5062.6
2307 4201.6 -4811.8
2308 4131.7 -5062.4
2309 4162.7 -4867.3
2310 4186.1 -4982
2311 4369.3 -4714
2312 4330.4 -4770.8
2313 4291.4 -4826.2
2314 7746.6 -5167.6
2315 4451.9 -4851.6
2316 4413.8 -4908.1
2317 4232.7 -4913.1
2318 4354.8 -4995.3
2319 4496.6 -5083.8
2320 4424.7 -5042.7
2321 4678.4 -4721.8
2322 4730.5 -4543.6
2323 4699 -4540.8
2324 -10563.6 -10404
2325 13375.8 -768.4
2326 -10591.2 -10412.8
2327 -5934.4 386.2
2328 -1921.2 13304.3
2329 -2106.1 13361.6
2330 2193.3 9735.1
2331 1943 9431.9
2332 2106.4 9521.4
2333 1960.6 9338
2334 2294.6 9648
2335 2153.1 9481.2
2336 1915 -2378
2337 -813.1 5905.1
2338 1898.2 9696.8
2339 1600.1 9549.7
2340 1631.1 9531.5
2341 1546.2 9537.8
2342 1506.8 9639.6
2343 1087.8 -1955
2344 1124.2 -2057.6
2345 -2525.6 697.1
2346 -2572.8 718.8
2347 6236 -5177.5
2348 -658.5 5840.7
2349 6084.6 -5097.9
2350 6113.1 -5211.8
2351 6428.4 -4718.1
2352 6390.2 -4753.5
2353 6463 -4687.4
2354 6350 -4535.9
2355 6561.8 -4311.8
2356 -2519.2 574.7
2357 6896.7 -3954
2358 6586.6 -3646.7
2359 -744 6069
2360 6671.1 -3667.5
2361 7000.8 -3834.8
2362 7118.9 -3739.7
2363 6929.4 -3776.7
2364 6743.2 -3806.2
2365 6041 -4413.5
2366 5941.3 -4372.4
2367 6097.4 -4320.7
2368 6184.1 -4469.3
2369 5995.6 -4486.7
2370 -674.9 6233.7
2371 5736.8 -4915.8
2372 5847.5 -4725.6
2373 5771.5 -4842.5
2374 5728.7 -4912
2375 5795.1 -4701.7
2376 5868.7 -5168.8
2377 5705.6 -4966.4
2378 6277.6 -5099.6
2379 6319.6 -5020.5
2380 6380 -5050.6
2381 -520.3 6168.4
2382 6361.4 -4941.7
2383 6337.1 -5411.8
2384 6246.1 -5590.3
2385 6456.1 -5580
2386 6400.2 -5287.9
2387 6376.7 -5334.1
2388 6563.2 -5374.3
2389 5146.1 -6251.8
2390 5170.4 -6406
2391 10798.4 5051.8
2392 -464.9 6302.8
2393 10735.6 4927.6
2394 11075.1 4617.9
2395 15228.3 1588.6
2396 15581.8 302.7
2397 15091.3 1761.6
2398 14902.9 1941.5
2399 -1073.4 -835.8
2400 769.8 3558.2
2401 -29.9 3941.4
2402 64.6 3882.1
2403 -468.7 6148.3
2404 -2535.9 -42.4
2405 -1365.9 8917
2406 -1390.3 8934.4
2407 -1070.5 8755.3
2408 334.5 6440.6
2409 318.5 6586.1
2410 237.3 6170.5
2411 420.2 6352.7
2412 226.3 6249.4
2413 375.1 6397.8
2414 -605.1 5818.3
2415 487.9 6416.6
2416 3062.9 4225.2
2417 2671.4 4466.2
2418 2775.5 4410.7
2419 2567.1 4351.9
2420 2571.3 4516.3
2421 1709.1 7155.6
2422 1212.1 6748.1
2423 1539.5 7707.2
2424 1441.9 7787.4
2425 -624.6 5922.6
2426 1468.6 7871.7
2427 1433.9 7761.9
2428 1381.9 7536.7
2429 1361.5 7539.1
2430 658.4 1733.2
2431 599.1 1695.2
2432 554.6 1883
2433 492.5 1627.6
2434 518.1 1643.3
2435 420.8 1753.6
2436 -967.2 5543
2437 486.3 1822.1
2438 401.5 1911.7
2439 1306.4 -2264.9
2440 -4623 -2389.3
2441 -7536 -2301.9
2442 -7467 -2544.3
2443 -7481.5 -2340.6
2444 -7501.9 -2328.6
2445 -7497.4 -2374.6
2446 -7512.6 -2325.9
2447 1733.5 -2399.3
2448 -879.1 5738.7
2449 -7441.1 -2286.7
2450 519.1 3892.8
2451 656.6 4070.4
2452 910.8 3929.1
2453 1255.2 4530.5
2454 1124.7 4366.4
2455 1311.9 4602.4
2456 1310.9 4485.1
2457 1415.6 4852.6
2458 1421.4 4740.5
2459 -824.5 5452.7
2460 1008.7 4048
2461 606.2 4006.1
2462 616.2 4092.4
2463 746.8 4187.4
2464 812 4146.2
2465 859.6 4334.5
2466 627.2 4264.6
2467 513.4 4336.2
2468 362.8 4432.2
2469 441.8 4381.4
2470 -1239.7 4470.9
2471 260.1 4286.3
2472 290.9 4475.8
2473 459.2 4575.6
2474 236.3 4509.4
2475 178.2 4545.7
2476 117 4584.5
2477 44.8 4471
2478 66 4620.7
2479 16.8 4653
2480 2.8 4628.2
2481 -1180.7 4614.8
2482 494.4 4460.1
2483 342.8 4242.9
2484 565.5 4412.7
2485 244.4 4400
2486 208.7 4049.1
2487 535.4 4522.9
2488 740.9 4670.3
2489 797.1 4626.3
2490 665.6 4560.6
2491 1032.6 5091.3
2492 -1372 4587.9
2493 598.6 4607.5
2494 914.8 4800
2495 4 3931.1
2496 99.2 3886.6
2497 -230.9 4032.9
2498 -321.2 4074.8
2499 -2007.6 1044.9
2500 2668.5 6392.9
2501 2577 6294.3
2502 -2945.2 12763.7
2503 -1184.2 4423.6
2504 -2908.8 12732.1
2505 -3102.3 12449.4
2506 -3029.7 12577.7
2507 -2952.4 12881.3
2508 -2903.4 12983.2
2509 -2975.1 12785.2
2510 -2804.4 12678.7
2511 -2867.4 12955.7
2512 -2654.9 12862.2
2513 -2606.5 12856.5
2514 -1347.3 4224
2515 1501 -5197.3
2516 1554.2 -5255.6
2517 1628.5 -5335.4
2518 1577.1 -5280.6
2519 1677.9 -5291.5
2520 1748 -5467.1
2521 1681.8 -5525.3
2522 1764.2 -5453.4
2523 1797.7 -5520.2
2524 1848.1 -5376.6
2525 -1311.6 4307
2526 1727.1 -5243.9
2527 1798.6 -5421.8
2528 1898.5 -5330.7
2529 1950 -5283.7
2530 1827.2 -5151.2
2531 1999.1 -5239
2532 1776.9 -5197
2533 1842.5 -5470.5
2534 1155.6 -5162.3
2535 1021.5 -5359
2536 -1474.1 4348
2537 1439.9 -5131
2538 1220 -5232.7
2539 1050.8 -5390.5
2540 1102.4 -5446
2541 1272.5 -5286.9
2542 1161.7 -5390.9
2543 1126.7 -5472.1
2544 1122.6 -5125.1
2545 1410.9 -5433.2
2546 1364.4 -5478.3
2547 -1302.3 4181.2
2548 1463.4 -5387.5
2549 1579.5 -5618.5
2550 1386.8 -5407.8
2551 1528.3 -5663.9
2552 1630.6 -5571.8
2553 1160.3 -5508.3
2554 1220.1 -5452.9
2555 1196.2 -5546.3
2556 1185.3 -5982.6
2557 1476.8 -5708.2
2558 1396.1 -2307.1
2559 -1333.5 4681.4
2560 1513.9 -5340.8
2561 1312.8 -5525.9
2562 1331 -5348
2563 1729.7 -5580.3
2564 1704 -5017
2565 1654.2 -5062.9
2566 1678.8 -5624.4
2567 1115.9 -5889.8
2568 1874.3 -5603
2569 -490.8 4100.6
2570 -1621.6 4803.1
2571 -433.5 4120.8
2572 -477 4134.8
2573 15112.4 -205.8
2574 14850 -391.7
2575 14730.6 -535.5
2576 14914.6 -319
2577 14779.4 -322.9
2578 15037.9 -177.8
2579 1297.8 -2074.4
2580 1189.8 -2095
2581 -1607.5 4823.4
2582 1028.9 -2046.9
2583 1241.9 -2170.5
2584 -11232.4 -11093.2
2585 -10302.4 -9541.2
2586 -11358.3 -11309.1
2587 -11507 -11317.2
2588 -11310 -11396.7
2589 -11418.1 -11311.3
2590 -11531.3 -11298.9
2591 -11475.9 -11266.4
2592 -1586.1 4778
2593 -11531.2 -11268.5
2594 -11472.6 -11302.1
2595 -10367.2 -10318.8
2596 -10198.7 -9314.6
2597 -10522.2 -10381.5
2598 -10383.6 -10667.1
2599 -10117.7 -9293.1
2600 -10824 -10830.6
2601 -5296.4 -1494.8
2602 -5729.9 -1714.4
2603 -1024.8 4277.5
2604 -5321.3 -1629.8
2605 -5285 -1500.6
2606 -5334.1 -1477.1
2607 -5928.5 -2126.2
2608 -3828.3 -1716.9
2609 -3739.7 -1585.9
2610 -3841 -1788.7
2611 -3845 -1754.7
2612 -3836.3 -1763
2613 -3853.3 -1788.5
2614 -1096.9 4217.4
2615 -3862.4 -1728.9
2616 -3889.9 -1625.4
2617 -6106 -8004.4
2618 -6170.8 -7651.1
2619 -6044.7 -7979.6
2620 -5901.7 -7976.4
2621 -5532.6 -7315.3
2622 -6271.4 -7388.3
2623 -6217.1 -7419.5
2624 -6341 -7395.3
2625 -605.9 4172.1
2626 -6218.4 -7456.4
2627 -3942.8 -1530.3
2628 -3702.8 -1560.6
2629 -3565.8 -1387.2
2630 -3593.6 -1299.2
2631 -1984 7383.8
2632 -3733.2 -9502.6
2633 -3413.7 -10533.4
2634 -3588.5 -10279.3
2635 -3207.4 -10346.3
2636 -1120.6 4367.3
2637 -4947 -10976.7
2638 8489.6 -5291.6
2639 8423.9 -5232
2640 8484.8 -5298
2641 8403.2 -5202.9
2642 10612 5069
2643 10573.8 5035.2
2644 10631.6 5038.9
2645 10733 4915.4
2646 10767 4885.8
2647 -5747.1 267.9
2648 11717.6 3292.7
2649 15516.8 21.3
2650 15733.9 -394.4
2651 -1610.8 -1923.2
2652 -1585.9 -1881
2653 -1561.9 -1935.7
2654 -1527.5 -1920.9
2655 -1910.2 -2126.5
2656 -3375.7 -1349.6
2657 -4707.2 -348.9
2658 -5633.8 267.3
2659 -4072.7 -422.1
2660 -3810.1 -187.7
2661 8423.7 1645.3
2662 8207.5 1846.5
2663 8275.8 1550.6
2664 8180.4 1890.1
2665 8272.3 1888
2666 8124.8 1793
2667 8811.2 2230.6
2668 8838.8 2187.9
2669 3265.4 -2704.8
2670 -5859.9 -196.5
2671 8701.6 2404.3
2672 8753.7 2194.1
2673 8337 1928.8
2674 8398.8 1968.2
2675 8310.8 1972.5
2676 8488.2 1687.4
2677 8595.1 2845.5
2678 8469 2764.2
2679 8444.7 2896.5
2680 8721.1 2799
2681 -4360.8 440.8
2682 8849.8 2748
2683 8989.1 2984.9
2684 8804.6 2717.4
2685 8979.1 2702.5
2686 8644.3 2367.2
2687 8587.5 2580.2
2688 8227.5 2102.8
2689 8162.6 2061.5
2690 8289.7 2142.3
2691 8256.8 2057.5
2692 -4290.1 417.6
2693 8116.8 2279.6
2694 5925.6 2326.9
2695 6020.3 2349.4
2696 6016 2023.8
2697 8673.4 1807.9
2698 8615.3 1769.8
2699 8730.6 1844
2700 8522.9 2047.2
2701 8462.9 2009
2702 8579.9 2083.4
2703 -4271.5 337.3
2704 8413.6 2221
2705 8302.1 2398.3
2706 8359.2 2434.3
2707 8242.5 2360.1
2708 8353.8 2182.9
2709 8178.9 2319.3
2710 8164.8 2445
2711 8412.7 2468.8
2712 8470.6 2257.1
2713 8638.8 2120.9
2714 -2810.9 1102.4
2715 8788.9 1883.8
2716 8473.5 2507.3
2717 8529.1 2294.3
2718 8695.6 2157.8
2719 8549.5 1727.7
2720 8004.7 2404.7
2721 8218 1514.5
2722 8097.2 1837.1
2723 8065.3 1756.4
2724 8042.3 1924
2725 -2756.5 1128.5
2726 8013.8 1969.1
2727 7954.6 1930.8
2728 7822.4 2092
2729 8125.6 1976.5
2730 8243.9 1930.2
2731 8190.8 2016.7
2732 8159.5 1475.9
2733 8006.4 1718.6
2734 7931.9 1916.4
2735 8100.1 1437.3
2736 -2781.5 1051.6
2737 7895.1 1893.6
2738 7947.2 1681
2739 7853.3 1867.3
2740 8035.5 1391.6
2741 7835.9 1856.3
2742 7882.5 1640.6
2743 7978.2 1484.8
2744 7939.9 1333.2
2745 7775 1815.1
2746 7716.1 1777.3
2747 -2494.1 1345.2
2748 7662.4 1990.2
2749 7944.9 2673.8
2750 8000.6 2613.5
2751 7883.3 2816.3
2752 8088.1 2733.3
2753 8206.7 2784.4
2754 8233.7 2738.8
2755 8230.5 2794.8
2756 8240.3 2969.9
2757 8402.3 2869.5
2758 -2440.5 1388
2759 8140.4 3005.5
2760 8168.3 2939.7
2761 8290.9 2651
2762 8090.4 2522.2
2763 8348.5 2560.8
2764 8109.2 2502.5
2765 8015.6 2599.5
2766 8526.6 2673.7
2767 7818.6 2972.6
2768 8026.2 2879.2
2769 -2539.8 1464.9
2770 7991.7 2960.8
2771 7742.4 2757.4
2772 7438.6 2629.4
2773 6802 2357
2774 6859.8 2214.4
2775 6944.5 2416.2
2776 6662.4 2303.1
2777 6856.5 1817.3
2778 6835.9 1868.6
2779 7012 1842.4
2780 1616.8 -2419.7
2781 -1972.7 1775.6
2782 6591.8 2484.1
2783 6733.1 2518.5
2784 6700.2 1792.2
2785 6630.3 2367.4
2786 6406.6 2440.8
2787 7223.2 2539.4
2788 7287.2 2397
2789 7161.5 2691.2
2790 7084.8 2476.9
2791 7388.7 2609.7
2792 -2023.7 1863
2793 7019 2631.5
2794 7142.6 2335.6
2795 7177.8 1870.8
2796 7287.1 1961.9
2797 7184.5 2285.4
2798 7004.2 2278.7
2799 7016.4 2248
2800 7123.7 1991.1
2801 7174.9 1819
2802 6876 2569.4
2803 -1881.6 1618.1
2804 7199.3 1640.9
2805 6981 1932.8
2806 6758.5 2454.3
2807 6779.6 2012.7
2808 6923.3 2074.8
2809 7226.9 2032.6
2810 7064.1 2127.3
2811 7186.7 2072.7
2812 7290.5 2170.6
2813 7076.9 2189.4
2814 -1790.1 1890.7
2815 7398.4 2276.5
2816 7505 2160.1
2817 6801 2190.5
2818 6720.3 2157.8
2819 6622.1 2122.9
2820 6706.1 2214.3
2821 6515.4 2082.9
2822 6528.4 2039.7
2823 6486.1 2180.5
2824 7743.9 2041.7
2825 603.7 1909.4
2826 7895.7 2513.7
2827 15454.9 39.1
2828 4384.3 9509.7
2829 4312.5 9597.7
2830 4373 9609.8
2831 3655.5 10415.5
2832 3520 10621.5
2833 4525.4 9260.4
2834 4676.8 9099
2835 -9667.2 4545.3
2836 661.2 1965.7
2837 -8652.8 3931.5
2838 -8295.6 3899.7
2839 4681.6 -3657.4
2840 4584.8 -3787.4
2841 4765.3 -3715.5
2842 -4134.6 -2752.5
2843 937.2 -5647.7
2844 661.8 -5693.8
2845 746.5 -5825.1
2846 581.7 -5766.8
2847 1171.7 2408.2
2848 577.9 -5979.8
2849 387 -5944.2
2850 527.1 -5815.3
2851 1046.6 -5545.5
2852 679.4 -6093.7
2853 631.5 -5930.2
2854 492.3 -6057.2
2855 117.4 -6583.8
2856 250 -6475.6
2857 157 -6640.9
2858 1187.7 2421.8
2859 342.3 -6400.7
2860 382.1 -6457.7
2861 574.4 -6304.6
2862 295.5 -6332.5
2863 196.8 -6696.6
2864 421.4 -6514
2865 235 -6753.7
2866 621.9 -6355.6
2867 564.4 -6399.3
2868 647.9 -6331.6
2869 1234 2338.3
2870 669.1 -6422.3
2871 1027 -5767.9
2872 1069.9 -5936.3
2873 948.4 -6053.5
2874 845.4 -5939.3
2875 1037.4 -6150.7
2876 1007.4 -5996
2877 891.6 -6109.1
2878 782.8 -6208.2
2879 838.6 -6158.4
2880 1251 2351.8
2881 696 -6283.9
2882 818.7 -6248.7
2883 462.7 -6571.6
2884 1177.6 -6083.1
2885 1101 -6120.1
2886 1321 -6111
2887 1088.1 -6205
2888 314.2 -5866.3
2889 255.6 -5914
2890 97.4 -6042.9
2891 1569.6 -2396.2
2892 1367.2 2188.7
2893 151.7 -6003
2894 109 -6276
2895 65.6 -6219.8
2896 226.9 -5937.3
2897 199.7 -6408.7
2898 596.9 -6172.7
2899 1076.6 -5722.4
2900 975.4 -5816.2
2901 937 -5853.5
2902 26.3 -7255.1
2903 1298.8 2516.2
2904 -6.4 -7190.6
2905 104.8 -7375.1
2906 177.4 -7091.8
2907 -44 -7107.3
2908 10.2 -7040.1
2909 -70.5 -7102.2
2910 -122.1 -6885
2911 77.4 -7101.8
2912 905 -6371.9
2913 867 -6316.8
2914 1311 2404
2915 806.6 -6448.4
2916 1028.6 -6260
2917 937.8 -6424.8
2918 984.8 -6211.1
2919 788.5 -5996.3
2920 962.8 -6185
2921 733.9 -6043
2922 685.8 -5881.3
2923 890.2 -6216.7
2924 759.2 -5708.9
2925 1507.4 2051.6
2926 707.3 -5754.9
2927 803 -5770.3
2928 971.6 -6479.9
2929 1140 -6262.3
2930 1301.9 -6126.8
2931 1344.6 -6176
2932 2019.3 -5769.1
2933 1993.1 -5785
2934 869.8 -6739.4
2935 898.5 -6782.4
2936 1576.1 2106.4
2937 833.2 -6682.4
2938 683.4 -6891.9
2939 939.4 -6685.7
2940 458.3 -7073.1
2941 418.9 -7017.8
2942 503.6 -7137.1
2943 287.1 -7241.6
2944 644.6 -6835.2
2945 724.6 -6951.6
2946 1045.1 -6597.5
2947 1386.1 2200.8
2948 1071.2 -6640.8
2949 1005.1 -6533.9
2950 1433.5 -6277.3
2951 1387.9 -6227.4
2952 1486 -6233.1
2953 1749.2 -6008.2
2954 1636.7 -5886.6
2955 1798.4 -5962.5
2956 1902.5 -5866.1
2957 1790.3 -5745.7
2958 -6135.9 2501.6
2959 1848.4 -5917.3
2960 1952.4 -5820.6
2961 1841.7 -5699.4
2962 1628.5 -5672.8
2963 1577.9 -5718.4
2964 2333.5 -6121.3
2965 2255.8 -6192
2966 2119.4 -6106.3
2967 2290.1 -6059.3
2968 2519.4 -5953.1
2969 -6133.1 2524.8
2970 2388.8 -6169.7
2971 1354.8 -6082.6
2972 1385.5 -6057
2973 2003.7 -5865.3
2974 1950 -5914.7
2975 2130.5 -5991.6
2976 1438.9 -6369.5
2977 1625.8 -6573.8
2978 1577.9 -6519.2
2979 1660.6 -6545.3
2980 -6097.2 2461.1
2981 1514.7 -6668.5
2982 1539.9 -6189.8
2983 1528.4 -6282.4
2984 2089.9 -5840.7
2985 2139.6 -5896.1
2986 2162.1 -5180.9
2987 2200.7 -5222.4
2988 2207.3 -5242.4
2989 2267 -5244.5
2990 1826.2 -6995.1
2991 -6159.6 2518.3
2992 2591.7 -6392.6
2993 2811.3 -5686.9
2994 2832.3 -5708.4
2995 2614.8 -5866.9
2996 782.4 -7533.6
2997 1210.8 -7275.7
2998 1172.8 -7215.2
2999 1004.4 -7353.7
3000 1510.4 -7025.1
3001 1343.8 -7073.5
3002 -1105.8 -865.8
3003 -6846.5 2704.9
3004 1697.5 -6869.2
3005 1840.8 -6749.7
3006 1653.5 -6820.3
3007 912.1 -6804.5
3008 964.8 -6728.7
3009 1083.4 -6660.3
3010 1866.6 -5459.7
3011 1923.3 -5559.3
3012 2044.8 -5287.4
3013 1944.8 -5378.3
3014 -6886.5 2708.1
3015 2647.5 -8074
3016 2535.6 -7771.2
3017 2308.4 -8350.5
3018 2009.4 -8593.3
3019 2259 -8290.6
3020 2475.2 -8212.6
3021 1865.4 -7805.3
3022 1921.3 -7762
3023 1753.2 -7653.4
3024 1940.4 -7896.7
3025 -6423.2 2582.2
3026 1555.4 -7387.7
3027 1313.2 -7587.3
3028 1612.9 -7465.2
3029 1643.9 -7314.9
3030 1500.1 -7313.1
3031 1287 -9017.8
3032 1466.1 -8968.3
3033 1114.9 -8805.3
3034 1384.2 -8925.1
3035 977.5 -8800.8
3036 -6871.4 2733.9
3037 955.8 -8724.4
3038 892 -8852.7
3039 1080.2 -8763
3040 875.7 -8864.5
3041 823.5 -8752.3
3042 404 -8635.9
3043 411.3 -8712.1
3044 530 -8661.9
3045 603.9 -8989.2
3046 783.9 -8737.9
3047 -4358 572.6
3048 1625.8 -6119.8
3049 1569.3 -6059.6
3050 1667 -6167.5
3051 1552.7 -6075.9
3052 1492 -6133.7
3053 1466.8 -6055
3054 1445 -6064
3055 539.7 -7190.2
3056 334.1 -7307.1
3057 947 -6860.4
3058 -4395.2 562.9
3059 764.3 -7009.2
3060 369.2 -7354.6
3061 581.8 -7249.3
3062 986.3 -6924.1
3063 804 -7065.8
3064 620.5 -7303.9
3065 534.8 -7296
3066 259.9 -6789.7
3067 487 -6607.2
3068 1626.6 -6011.9
3069 -4709.5 1370.1
3070 1518.7 10305.2
3071 1692.6 9504.5
3072 1867.7 9721.9
3073 1780.2 9615.6
3074 1701.5 9639
3075 1459.3 9687.7
3076 1656.7 10019.8
3077 2134.5 10606.4
3078 1872.9 10375.8
3079 -825 8200.5
3080 -4739.2 1421.9
3081 -767.5 8419.1
3082 -902.9 7661.1
3083 -377.1 8096.3
3084 11503.4 3173.2
3085 11442.7 3198.3
3086 11473.2 3149.1
3087 11539.1 3156.2
3088 11563.5 3205.3
3089 11543.2 3133.3
3090 11881.7 2958.3
3091 -4742.4 1362.7
3092 13404.7 2155.4
3093 13670.1 2015.2
3094 13680 2248.3
3095 13681 1981.9
3096 13706.5 2118.1
3097 14858.4 1914.6
3098 13712.2 1991.2
3099 13972.3 2098.3
3100 15638.6 25.1
3101 17104 -3020
3102 -4274.7 1483
3103 16956.2 -2950.8
3104 16997.6 -3327.3
3105 17150.5 -2911.2
3106 17265.8 -2963.1
3107 -183.2 -6653.9
3108 57.9 -6981.8
3109 93.1 -7014
3110 567.1 -6725.7
3111 412.6 -7414.9
3112 744.5 -7478.8
3113 -1081 -865.5
3114 -4230.5 1453.8
3115 935.6 -7410.7
3116 1796.9 -6701.9
3117 1938 -6510
3118 1749.4 -6648.9
3119 893.3 -7355.5
3120 703.5 -7420.9
3121 1607.9 -6770.4
3122 1703.8 -6595
3123 761.5 -6569.4
3124 796.2 -6623.2
3125 -4685.5 1377.3
3126 728.5 -6514.5
3127 7677 3301.5
3128 7903.8 3040.2
3129 662.3 -7363.2
3130 845.8 -7125.5
3131 1686.7 -6399.1
3132 1643.2 -6457
3133 1791.6 -6301.6
3134 1751.7 -6427.1
3135 1621.3 -6356.7
3136 -9045.8 4719.4
3137 1021.6 -6980.5
3138 1060 -7038.9
3139 1193.3 -6837.8
3140 885 -7182.6
3141 1351.6 -5927.2
3142 1512.5 -6001.1
3143 3828.7 -3350.5
3144 3991.6 -3192.3
3145 4056.1 -3234.3
3146 4085.6 -3255
3147 -8913.2 4792.8
3148 4038.6 -3222.9
3149 4180.7 -3319.4
3150 4149.1 -3297.9
3151 4241.3 -3356.2
3152 4146 -3557.9
3153 -2919.9 -5675.2
3154 -2926 -5498.7
3155 -2843.8 -5682.7
3156 -3569.7 -6519.9
3157 -3458.3 -6373.7
3158 -8977.6 4637.2
3159 -3613.6 -6535.4
3160 -2815.7 -5678.1
3161 -2731.7 -5695.3
3162 3065.4 -4491.4
3163 3147.4 -4292.5
3164 3206.7 -4358
3165 3301 -4388.6
3166 -790.1 -5623.4
3167 -536.3 -6000
3168 -630 -5591.3
3169 -9104.1 4801.8
3170 -878.5 -5036.6
3171 -892.3 -5065.9
3172 -875.2 -5071.3
3173 -846.2 -5466.8
3174 605.7 -6779.2
3175 903.3 -6622.1
3176 1183.2 -6308.2
3177 924.1 -7238.1
3178 965 -7296.8
3179 1096.8 -7096.6
3180 -7965.7 3550.2
3181 1135.8 -7155.9
3182 1269.9 -6957.5
3183 1232.9 -6898.6
3184 1560.6 -6718.8
3185 1307.1 -7015.6
3186 1870.9 -6784.9
3187 1963.9 -6483.6
3188 1790.7 -6443.7
3189 2019.4 -6430.6
3190 2043.6 -6348.9
3191 -7941.3 3531.1
3192 1933 -6340.9
3193 2061.3 -6262.3
3194 1903.1 -6198.8
3195 2077.2 -6343.6
3196 2192.3 -6353.7
3197 2212.4 -6318.8
3198 2250.1 -6357.8
3199 2165.9 -6267.1
3200 2279.3 -6265.3
3201 2369.2 -6366.4
3202 -8003.8 3592.6
3203 2360 -6470.9
3204 2102.8 -6194.7
3205 2107.3 -6172.5
3206 2334.1 -6219.8
3207 2304.5 -6243.9
3208 1466.8 -6615.2
3209 2565.6 -6003.7
3210 2697.4 -6148.2
3211 2653.2 -6189.9
3212 2610.9 -6053
3213 -8191.3 3586.5
3214 3993.3 -8143.3
3215 4486.6 -8474.2
3216 2567 -5910
3217 2467.4 -5896.7
3218 2276.1 -6043.8
3219 2429.9 -5855.9
3220 2568.5 -6091.7
3221 2477.7 -6176
3222 1738.5 -5793.9
3223 1686.7 -5841
3224 -1082 -888.4
3225 -8156.7 4449.1
3226 1894.3 -5966.8
3227 2016.6 -6096.3
3228 2132.8 -6028.4
3229 1836.9 -6348.9
3230 1873.9 -6387.1
3231 1481.5 -6415.5
3232 1525 -6461.7
3233 1371.1 -6511.7
3234 1415.3 -6559.7
3235 1157.6 -6780.3
3236 -8186.1 4532.9
3237 -1039.5 -10269.2
3238 -985.9 -10240.9
3239 -963.9 -10416
3240 -1098.7 -10299.8
3241 -1103.5 -10145.4
3242 -827.1 -10158.9
3243 -892.2 -10034.4
3244 -881.7 -10186.7
3245 -774.1 -10131.6
3246 -734.6 -10297.2
3247 -8002.1 4774.8
3248 -1527.7 -9309.2
3249 -1592.3 -9329.8
3250 -1464.2 -9288.4
3251 -1599.4 -9095.9
3252 -1502.7 -9366
3253 -1534.2 -9076
3254 -1664.7 -9099.5
3255 -1648.8 -9018.4
3256 -1992.8 -8344.1
3257 -1881.1 -8531.2
3258 -8074.1 4801
3259 -2036.8 -8395.1
3260 -2012.1 -8308.4
3261 -2051.4 -8179.5
3262 -2195.6 -8142.4
3263 -2380.5 -7985.6
3264 -2248.7 -8200.9
3265 -2104.2 -8221.7
3266 -2581.5 -7814.3
3267 -2556.7 -7835
3268 -2504.5 -7719.6
3269 -7931.4 4803.1
3270 -2740.6 -7692.5
3271 -2782.1 -7660
3272 -2723.7 -7578
3273 -2894.1 -7458.5
3274 -3020.5 -7548.5
3275 -525.4 -10606.5
3276 -561.6 -10552
3277 -511.3 -10641.3
3278 -363.4 -10710.4
3279 -1484.7 -9064.5
3280 -7060.3 4951.2
3281 -1448.2 -9136.6
3282 -1503.7 -9006
3283 -183.9 -10825.4
3284 -123 -10724.6
3285 -228.5 -10901.5
3286 -246.1 -10785.5
3287 -61.1 -10612.7
3288 -112.5 -10561.5
3289 -967.1 -7889.8
3290 -1519.9 -6735.1
3291 -7052.3 5088.1
3292 -1428.7 -6741.6
3293 -1590.3 -7594.9
3294 -1856.7 -6712.3
3295 -1946.8 -7819.9
3296 -2047.8 -7714.7
3297 -1930.4 -7839.1
3298 -1875.8 -7897
3299 -1803.8 -7838.8
3300 -1975.6 -7930.2
3301 -1868 -6908.4
3302 -6967 4922
3303 -1980.5 -6899.3
3304 -1999.2 -7119.7
3305 4230.8 -3277.2
3306 4267 -3971.4
3307 832.2 7847.2
3308 946 7810.6
3309 11531 3111.5
3310 15713.2 40.1
3311 15583.4 14.4
3312 15742.6 64.1
3313 -7071.6 4821.3
3314 -4750.4 -2664.3
3315 -4847.6 -2642.8
3316 -6028.8 -3246.7
3317 -6050.5 -3228.4
3318 -11930.1 7799.1
3319 -12050.6 7946.8
3320 -11274.9 8250.8
3321 -11292.2 8356.1
3322 -11269.1 8216.1
3323 -11362.6 8235.3
3324 -7200.3 4948.1
3325 -11457.7 8219.2
3326 -11720.1 8176.7
3327 -11453.9 8122
3328 -11477.8 8325.1
3329 -11768.3 8168.1
3330 -11880.7 8258.9
3331 -11208.2 8369.3
3332 -11173.3 8347.2
3333 -11221.1 8442.5
3334 -11109.3 8255.9
3335 8700.9 -5436.4
3336 -4314.1 1726.9
3337 -5504.7 5168.4
3338 -11380.7 8341.4
3339 -11563 8310
3340 -11499.8 8447
3341 -11736.1 8282.6
3342 -11988.4 8286.1
3343 -11261.2 8165.1
3344 -11464.1 8029.3
3345 -11231.5 9040.7
3346 -10948 8823.9
3347 -11323.9 8968.9
3348 -5450.7 4954.5
3349 -10595.1 8750.7
3350 -10663.1 8615.7
3351 -10693.3 8637.2
3352 -10645.2 8591.9
3353 -10587 8512
3354 -10340.7 8600.6
3355 -10377 8677.6
3356 -10328.3 8574.9
3357 -10544.4 8450.5
3358 -11235.1 8533.2
3359 -5545.6 5273.3
3360 -11254.1 8674.8
3361 -11137.9 8304
3362 -11084.6 8415
3363 -11060.5 8433.6
3364 -11253.5 8116.2
3365 -11099.8 8129.1
3366 -10987.5 8035.4
3367 -10897.3 7970.8
3368 -11193.6 7746.7
3369 -11036.6 7772
3370 -5550.5 5301.2
3371 -11186.7 7671.1
3372 -11001.4 7702.4
3373 -11171.2 7593.8
3374 -11307 7575.9
3375 -11161.1 7518
3376 -10435.6 7108.1
3377 -11054.9 7073.6
3378 -9251.1 4702.6
3379 -9221.3 4722
3380 -9087.7 4458.8
3381 -5642.7 5242.6
3382 -9464.9 4594.7
3383 -8955.6 4324.7
3384 -9197.5 4376.5
3385 -8926.2 4581.2
3386 -8855 4255.2
3387 -9022.9 4245.3
3388 -8804.3 4453.1
3389 -8511.7 4053.3
3390 -9699.1 4783.4
3391 -8735.3 4377.7
3392 -5495.4 5306.1
3393 -8552.4 4181.5
3394 -8115.7 4247.9
3395 -8094 4231.3
3396 -8362.8 4037.9
3397 -8285.2 3943.5
3398 -8420.5 4112.7
3399 -8349.9 3946
3400 -8316.3 3921.6
3401 -8462.8 4086.3
3402 -4832.2 -2588.6
3403 -5661 5527.8
3404 4273.6 9569.2
3405 4338.6 9489
3406 4288.7 9473.7
3407 16989.8 -2949.3
3408 13695.1 2288.9
3409 13660.1 2292.8
3410 13702.1 1928.8
3411 13725.7 1984.4
3412 14661.5 1989.4
3413 1639.9 8378.9
3414 -6120.9 6404.5
3415 1912.3 8659.4
3416 1879.9 8553.6
3417 1918.6 8772.6
3418 1770.7 8838.4
3419 1812.2 8881.7
3420 1994.4 8846.5
3421 2031 8880.3
3422 2098.5 8807.8
3423 1937.8 8955.8
3424 1629.6 8829.3
3425 -5921.9 6419.9
3426 1614.2 8810.1
3427 1665 8888.8
3428 1631.4 8915.6
3429 1611.3 9158.8
3430 2267.6 8906.2
3431 5011.5 -6800.5
3432 5058.4 -6766
3433 4943.5 -6712.2
3434 5182.7 -6676.4
3435 5242.7 -6633.1
3436 -6136.9 6496.7
3437 5127.6 -6616.4
3438 5302.4 -6589.5
3439 5275.9 -6549.9
3440 5364.2 -6546.5
3441 -5933.9 221.5
3442 -5933.1 286.6
3443 -10743.4 3503.6
3444 -10690.6 7484.2
3445 -10737.6 7685.3
3446 -10852.8 7657
3447 -4248.2 1735.9
3448 -5820.1 5634.4
3449 -10713.2 7587.5
3450 -10767.7 7818.8
3451 -10569.8 7725.9
3452 -10905.8 7640.8
3453 -11541 8726.6
3454 -11635.1 8679.7
3455 -11523.4 8755.4
3456 -11525.8 8627.6
3457 -10275.8 7901
3458 -10090.4 7828.1
3459 -5909.2 5655.5
3460 -10835.7 7893.9
3461 -10779.6 7869.3
3462 -10733.2 7905.3
3463 -11051.7 7857.8
3464 -10858.8 8039.3
3465 -11052.9 8297.2
3466 -10991 8214.1
3467 -10983.7 8349.7
3468 -10895.8 8086.4
3469 -10786 8095.8
3470 -5989.5 5909.6
3471 -10798.6 7976.9
3472 -10916.7 8272.4
3473 -11077.3 8146.8
3474 -10960.8 8174.4
3475 -10822 8143.6
3476 -10641.4 8093.7
3477 -10579.3 8018.1
3478 -10649 7812.5
3479 -10488.8 7637.5
3480 -10472.6 7977.4
3481 -5684.6 5540.4
3482 -10446.8 8240.6
3483 -10699.6 8158.3
3484 -10196.6 8291.1
3485 -10240.8 8387
3486 -10249.7 8266.5
3487 -10405.3 8151
3488 -10374.1 7940.2
3489 -10280.6 8472.5
3490 -11025.3 8390.2
3491 -11403.6 8894.5
3492 -6005.4 5939.4
3493 -11469.8 8819.8
3494 -11370.6 8854.2
3495 -11372.5 8929.1
3496 -11230.3 8682.2
3497 -11199.2 8641.2
3498 -11080.5 8480
3499 -10990.2 8542.8
3500 -10930.9 8460.1
3501 -11347.5 8655.9
3502 -11319.5 8518.5
3503 -5495.3 6559.3
3504 -10783.6 8699
3505 -10900.5 8609.1
3506 -10927.5 8808.2
3507 -11432 8643.4
3508 -11504.1 8485
3509 -11406.6 8503.8
3510 -10481.7 8319.2
3511 -10113.7 8564.2
3512 -10362.2 8407.2
3513 -10516.9 8294.3
3514 -5603.5 6462
3515 -10611.7 8222.8
3516 -10740.8 8204.9
3517 -10897.6 8412.5
3518 -11060.2 7369.8
3519 -11038.7 7405
3520 -11155.9 7444.1
3521 -10944.7 7547.9
3522 -12418.8 6665.7
3523 -12513.3 6740.2
3524 -12476.5 6575.3
3525 -5412.9 6586
3526 -12395.5 6835.4
3527 -12435.4 6833.3
3528 -12437.4 6871.3
3529 -12397.5 6873.7
3530 -12503.7 6928.2
3531 -12547.8 6699.6
3532 -12596.3 6821.5
3533 -12624.7 6854.5
3534 -12537.1 6956.3
3535 -11803 6696.2
3536 -5523 6962.5
3537 -12058.9 6928.8
3538 -12017.5 6894.7
3539 -12202.8 7099.8
3540 -12221.8 7149.7
3541 -12246.4 7083.5
3542 -12100.5 7137
3543 -12061 6960.2
3544 -11932 7197
3545 -12007.5 7170.7
3546 -11925.4 6809.5
3547 -5659.5 6487.4
3548 -12024.7 6930.7
3549 -12154.7 7290.2
3550 -12039.8 6971.5
3551 -11933.7 6965.3
3552 -12171.1 8272.8
3553 -12166 8295.3
3554 -11935.7 8406.8
3555 -11968.7 8508.1
3556 -11852.7 8433.4
3557 -12019.2 8379.8
3558 -4259.8 1558
3559 -4754.6 1491.3
3560 -11751.5 8370.6
3561 -12001 8491.6
3562 -11889.8 8548.4
3563 -11947.9 8657.8
3564 -11729.5 8630.1
3565 -11711.7 8806.8
3566 -11901.5 9106.8
3567 -12084.5 9426.3
3568 -11862.7 9061.4
3569 -11787.2 9120.2
3570 3653.3 3677.9
3571 -12005 9093.9
3572 -12173.6 9377.7
3573 -11991.7 9478
3574 -12165.4 9562.9
3575 -12389.4 9260.1
3576 -12282.6 9318.5
3577 -12640.1 9472.7
3578 -10649.1 8274.5
3579 -10553.7 8341.5
3580 -10298.7 7163.7
3581 3632.5 3664.7
3582 -10773.2 7034.7
3583 -10576.3 7133.5
3584 -10643.5 8468.2
3585 -10800.3 8483.2
3586 -10738.4 8397.4
3587 -10997 7468.9
3588 -10958.1 7531.3
3589 -11294.2 7498.9
3590 -11284 7428.4
3591 -11175.7 7439.8
3592 3716.3 3579.4
3593 -10810 7040
3594 -10808.8 6929.2
3595 -10567.8 7006.8
3596 -10423.5 6988.7
3597 -10565.9 6930.7
3598 -10424.7 6899.4
3599 -10724.6 6904.4
3600 -10567.7 6848.4
3601 -10533.6 7126.7
3602 -10863 8875.9
3603 3710.4 3714.3
3604 -11421.2 9009.6
3605 -11474.8 9098.2
3606 -11516.5 8954.4
3607 -11607.5 8901.5
3608 -11672.1 9004.3
3609 -11595.6 8878.9
3610 -11585.5 8435.4
3611 -11755.6 8399.8
3612 -11671 8417.6
3613 -11648.5 8297.6
3614 4014.9 3110.2
3615 -10594.5 6780.5
3616 -10685.7 6821.4
3617 -10653.3 6661.6
3618 -10886.9 8228.6
3619 -5574.7 -1159.1
3620 -5982 -1332
3621 -2085.3 2443.2
3622 -2240.8 2357.9
3623 -10302.1 7232.1
3624 -10324.9 7353.5
3625 3910.5 3043.5
3626 -10223.1 7414.9
3627 -10142.7 7478.7
3628 -10175.8 7529.6
3629 -10106.4 7426.6
3630 -10075.3 7627.4
3631 -10173 7321.1
3632 -9968.1 7120.9
3633 -9808.5 7307.3
3634 -9910.3 7423.3
3635 -10001.4 7688.7
3636 4174.6 2861.1
3637 -10074.3 7390.4
3638 -10025.4 8030.6
3639 -9989.8 8269.2
3640 -10105.5 7780
3641 -9912.9 7763.2
3642 -10137.7 7679.4
3643 -10075.4 7872.8
3644 -9553.1 5820.2
3645 -10021.7 5778.5
3646 -8009.4 4499.6
3647 3836 3392.6
3648 -7970 4375.7
3649 -10207.9 8747.4
3650 -10036 8826.8
3651 -10022.3 8930.1
3652 -10003.9 8740
3653 -10162.4 8661.1
3654 -9987.5 8706.5
3655 -9961.8 8642.8
3656 -9955.3 8525.5
3657 -10064.5 8468.9
3658 4146.7 3194.1
3659 -9981 8301.9
3660 -10016 8373.7
3661 -10395.8 8835.2
3662 -10461.1 8887.6
3663 -10098.7 8924.4
3664 -6763.8 -2300.3
3665 -6617.9 -2225.7
3666 -8342.3 4392.4
3667 -8394.4 4711.6
3668 -8479.6 4471.3
3669 -794.7 -429.1
3670 4396.3 3353
3671 -8756.6 4558.3
3672 -8733.5 4777.9
3673 -8679.5 4820.4
3674 -8607.4 4590.3
3675 -8753.9 4753.6
3676 -8606.3 4559.6
3677 -8926.8 5062.3
3678 -7668.6 -1805.2
3679 -7388.3 -1866.1
3680 -6511.7 -1927.8
3681 4304.1 3494.2
3682 -6759 -2252.5
3683 -6564.4 -1999.2
3684 -6579.2 -1985.1
3685 -6435.6 -1799.4
3686 -6459.6 -1778.9
3687 -6563 -1626.3
3688 -6232.4 -1525.5
3689 -5870 -787.4
3690 -6038.6 -1282.6
3691 -7193.7 -2006.6
3692 4516.6 3429.7
3693 -8809.1 5485.6
3694 -8887.8 5679.7
3695 -8616.3 5606.4
3696 -8574.7 5638.6
3697 -8342 5753.5
3698 -8427.8 5712.2
3699 -8277.9 5618.5
3700 -8499.9 5861.8
3701 -8182.3 5413.2
3702 -11109 8702.8
3703 4473.9 3231.8
3704 -11018.4 8772.5
3705 -11519.5 9106.6
3706 -11395.9 9083.3
3707 -11608.8 9111.2
3708 -11694.8 9116.8
3709 -11684.9 9230
3710 -11513.3 9138.7
3711 -11449.3 9175.7
3712 -11335.2 9245
3713 -11586.1 9320.1
3714 4273.9 3275.7
3715 -11412.3 9112.8
3716 -12150.3 9051.5
3717 -12262.2 8990.6
3718 -12019.4 9120.9
3719 -12197.1 9150.7
3720 -12124.3 8996.1
3721 -12233.6 9229.1
3722 -12120.3 9290.4
3723 -12348.3 9168.3
3724 -11743.8 9118.2
3725 1122.9 1544.3
3726 -11843.4 9220.6
3727 -11777.7 9258.6
3728 -11805 9399.2
3729 -11881.9 9536.5
3730 -11852 9382.1
3731 -11922.5 9355.8
3732 -11800.3 8744.8
3733 -12254.2 9513.1
3734 -11852.3 8832.2
3735 -11787.4 8937.7
3736 1064.8 1520.7
3737 -11882.3 8880.3
3738 -11913.9 8933.1
3739 -12711.8 9615.9
3740 -12361.3 9453.9
3741 -12673.8 9540
3742 -11992 9064.8
3743 -12236.6 8936.9
3744 -12208.3 8880
3745 -12096.5 8938.2
3746 -11960.1 9010.6
3747 906.7 1515
3748 -12312.9 9091.9
3749 -12074.9 9214.3
3750 -12387 9051.6
3751 -12475.2 9260.6
3752 -12327.1 8957.5
3753 -12267.4 8848.2
3754 -12228.5 8766.8
3755 -12193.9 8692.9
3756 -12165.9 8800.4
3757 -12128.6 8566.2
3758 372.8 1436.7
3759 -12159 8628
3760 -12054.8 8599
3761 -12055.3 8859.6
3762 -7915.9 -1071.7
3763 -8228.4 -1095.7
3764 -8272.2 -440.9
3765 -11999.9 8755.8
3766 -12086.6 8665.4
3767 -10747.1 6707.4
3768 -10388.5 6634.7
3769 393.3 1439.5
3770 -10387.8 6671.4
3771 -12104.2 8699.5
3772 -12046.6 8470.4
3773 -1943.6 4557.7
3774 -1822.7 4689.6
3775 -1980.8 4088.9
3776 -2089 4179.6
3777 943.1 3516.7
3778 998.3 3470.1
3779 718.3 2629.4
3780 -799.6 -282.8
3781 376.1 1399.8
3782 768.3 2735.4
3783 572.2 2447.2
3784 -10095.7 9029.9
3785 -10043.6 8931.1
3786 -10126.9 9138.2
3787 -10388.1 8998.8
3788 -10118.8 9207
3789 -10148.8 9230.1
3790 -10003.2 9144.5
3791 -10772.5 9855.9
3792 427.4 1025
3793 -10967.9 9646.6
3794 -10967.7 10002.3
3795 -10680.5 9776.5
3796 -10806.6 9051.6
3797 -10821.2 9081.4
3798 -10864.3 9200.3
3799 -10878.5 9224.4
3800 -10919.3 9376.4
3801 -10914.6 9480
3802 -10958.5 9618.6
3803 287.8 1005.4
3804 -10924.4 9508.5
3805 -10953.6 9799.9
3806 -1043.4 11038.9
3807 -1076.6 11065.8
3808 -1047.8 10998.3
3809 -1032.6 11059.4
3810 -953.4 11280
3811 -1052.4 11307.5
3812 -1116.2 11102.2
3813 -8612.8 4369.6
3814 451.7 1028.5
3815 -8636 4564.8
3816 -7148.3 -1212.1
3817 -7807.8 6443.8
3818 -8387 5622.1
3819 -8504 5553
3820 -8503.6 5675.8
3821 -6603 -1164.4
3822 -8146.7 5345.8
3823 -8243.9 5200.6
3824 -8105.9 5294.9
3825 413.5 695.1
3826 -8271.2 5114.4
3827 -8028 5115.8
3828 -8421.3 5257.8
3829 -8570.3 5199.6
3830 -8277.2 5032.7
3831 -8193 5031.9
3832 -8253.3 4873.1
3833 -7937.2 4957.6
3834 -8346.5 4792
3835 -8098.6 4814.9
3836 5158 -6190.7
3837 -8098.7 4789.3
3838 -8564.1 4925.2
3839 -8609.6 4843.9
3840 -8441.6 4887.6
3841 -8594.4 5816.5
3842 -12070.1 8459.9
3843 -12129.4 8433.1
3844 -10806.5 6739.4
3845 -10752.6 6847.2
3846 -5965.4 -444.6
3847 5206 -6183.5
3848 -5877.9 -449
3849 -5891.9 -347.9
3850 -6138.8 13.8
3851 -5957.3 -81.8
3852 -5326.5 273.5
3853 -5280 311.8
3854 -5227.2 331.1
3855 -2488.7 -3027.8
3856 -2518.1 -3187.5
3857 -2059.6 -2207.3
3858 5111.2 -6221.9
3859 -11349.1 9675.9
3860 -11406.6 9601.2
3861 -11521.3 9686.3
3862 -11610.1 9560.2
3863 -11579 9605.8
3864 -11466 9520.7
3865 1477.9 7900.5
3866 1379.5 7931.6
3867 1525.4 8050.3
3868 1410.6 8024.4
3869 7938 -5270.2
3870 1371.1 7907.3
3871 -2572.6 -7073.9
3872 -2577.9 -7228.2
3873 -5581.5 -687.8
3874 -4277.4 7845.6
3875 -4241.2 7979.6
3876 -4228.5 8136.2
3877 -4249.8 7945.1
3878 -4344.6 7507.3
3879 -4301.4 7509.7
3880 8050.6 -5422.6
3881 -4453.7 7983.8
3882 -4366 7958.6
3883 -4503.8 7799.1
3884 -4430.9 8073.6
3885 -4275.4 7510.2
3886 -4126.3 7222.1
3887 -4294.7 7420.9
3888 -4347.1 7099.8
3889 -4813.8 -1115.6
3890 -4456.2 -1032.3
3891 -588.2 -546.4
3892 7838.3 -5463.6
3893 -4367.7 -993
3894 -4292.3 -1098.9
3895 -4929.8 -1259.4
3896 -4846.1 -1228.2
3897 -4897.7 -1251.5
3898 -5007.5 -1304.8
3899 -3940.5 -1612
3900 -2987.8 -1939.4
3901 -3724 -1296
3902 1578.7 2917
3903 7878 -5570.6
3904 -6141.3 -3265.4
3905 3310.2 2649.2
3906 2431.8 2007.2
3907 2475.5 2015.5
3908 2870 2062.6
3909 3073.2 2084
3910 2825.7 2063.5
3911 2800.3 2070.8
3912 723.4 4520.4
3913 760 4494.8
3914 7767.8 -5592.7
3915 -1726.7 3
3916 975.3 4484.8
3917 -8027.4 2937.1
3918 -7923.4 2881.9
3919 -8049.1 -2647.7
3920 -8034.7 -2678.6
3921 -8359.1 -2574.2
3922 -2588.4 -8531.6
3923 -2723.2 -8409
3924 -2525.4 -8478.1
3925 8045.4 -5060.1
3926 -2461.8 -8652.4
3927 -2253.4 -8847.6
3928 -2208.1 -8807.1
3929 -2167.7 -8927.4
3930 -2359.3 -8746.6
3931 -2141.8 -8906.6
3932 -2054 -9033.7
3933 -1985.6 -8849.6
3934 -2014.4 -8858.9
3935 -2136.1 -8621.4
3936 7977.8 -5190.3
3937 -2372.6 -8337.3
3938 -2329.9 -8290.3
3939 -2422.6 -8389.2
3940 -2553.2 -8175.1
3941 -2287.3 -8415.7
3942 -3255.1 -8469.8
3943 -379.6 -10300.3
3944 -442.4 -10277.7
3945 -364.6 -10333.8
3946 -346.6 -10321.1
3947 8036.7 -5022.1
3948 -524.1 -10125.6
3949 -462.4 -10265.2
3950 -533.3 -10099.6
3951 -628.8 -10169.6
3952 -726.4 -9730.1
3953 -646.5 -9665.7
3954 -665.6 -9802.9
3955 -932.3 -9529.1
3956 -995.5 -9567.7
3957 -1023.9 -9440.7
3958 8011.4 -5054.4
3959 -1044.5 -9361.5
3960 -1219 -9309.2
3961 -1115.1 -9202
3962 -1146 -9171.5
3963 -1238.9 -9294.6
3964 -1203.5 -9056.6
3965 -1268.4 -9000.3
3966 -1115.9 -9085.2
3967 -1202.9 -8965.3
3968 -1245.6 -8972.7
3969 8122.4 -5100.7
3970 -1137.5 -8988.5
3971 -1194.9 -8865.8
3972 -1323.2 -8503.8
3973 -1193.6 -8563.6
3974 -1191 -8702.5
3975 -2026.1 -7974.9
3976 -2122.4 -7783.5
3977 -1730.8 -8043.6
3978 -2169 -7725.7
3979 -2150.7 -7617.6
3980 7481.6 -5210.6
3981 -2223.3 -7657.1
3982 -2335.2 -7518.7
3983 -2452.7 -7658.8
3984 -2440.8 -7406.8
3985 -2473.3 -7375.9
3986 366 -10182
3987 224.4 -9883.2
3988 148.6 -9886.4
3989 -9071.3 -2276.5
3990 -8524.6 -2422.9
3991 7303.3 -5463
3992 -7399.5 -4045.9
3993 6439.1 3083.9
3994 6371.7 3236.5
3995 5777 3548.1
3996 5949.7 3250.8
3997 6975 2918.6
3998 6982.2 2797.7
3999 7097.5 2880.2
4000 6872.1 3307.6
4001 7106.5 2990.5
4002 -841.8 183.4
4003 7204 -5414.3
4004 7690.1 2946.4
4005 5430.6 3623.8
4006 5567.3 3643.5
4007 6068.6 3637.8
4008 5925.6 3869.7
4009 5779.1 3776.3
4010 5463.2 4037.1
4011 5373.2 4177.9
4012 5568.9 4104.2
4013 5553.2 3897.7
4014 7322.8 -5430.6
4015 5445.5 3833
4016 5266.8 4111.7
4017 5335.8 3298.2
4018 5212.7 3484.6
4019 5251.1 3255.1
4020 5196.6 3068.9
4021 5162.1 3113.9
4022 5233.9 3020.9
4023 5322.5 3165.6
4024 5876.8 3212.5
4025 7278.6 -5506.3
4026 5896.9 3223.2
4027 5808.9 3176.4
4028 5436.9 2549.3
4029 5410.2 2534.5
4030 5359.7 2651.2
4031 6760.4 2656
4032 6727.6 2543.4
4033 5260.4 2341.6
4034 5282.7 2464.3
4035 4919.7 3413.4
4036 7132.1 -5375.7
4037 4829.6 3352.5
4038 4856.7 3509.2
4039 4963.8 3328.8
4040 5010 3473.4
4041 4738 3572.1
4042 4793.1 3607.7
4043 4702.5 3549.2
4044 4648.8 3711.6
4045 4711.2 2439.1
4046 4658 2484.8
4047 7056.8 -5335.9
4048 4423 2736.1
4049 4475.4 2679.1
4050 4393.7 2841.1
4051 4306.1 2709.1
4052 4747.2 2813.9
4053 3783.4 3760.9
4054 3691.4 3905.3
4055 3846.4 3663.9
4056 3910.6 3842
4057 3622.3 2402.8
4058 7021.5 -5572.8
4059 3782.7 3359.6
4060 3761.2 3346.4
4061 3579.9 3230.3
4062 3567.6 3251.8
4063 3622.9 3257.6
4064 4213.2 3633.7
4065 4557.7 3854.9
4066 4599.3 3788.2
4067 4630.1 3901.2
4068 4466.7 3796.5
4069 6829 -5215.4
4070 4585.8 3970.3
4071 4704.9 3949.2
4072 5068.9 4186.8
4073 4996 4138.7
4074 5175.5 4253.3
4075 5086.8 3998.1
4076 4540 4043.9
4077 4687.1 4139.3
4078 3260 3823.9
4079 3346.3 3884.5
4080 6908.7 -5258.1
4081 3211.2 3983.2
4082 3311.2 3760.5
4083 3351.6 3687.9
4084 3376.6 3641.1
4085 3616.7 3858.5
4086 3645.1 3976.3
4087 3864.2 3914.1
4088 3818.7 3986.8
4089 4013.8 3401.8
4090 3966.2 3476.2
4091 6896.3 -5154.9
4092 4055 3337.4
4093 4140.5 3482.4
4094 4925.1 4092.3
4095 5012.4 3951
4096 4833.6 4232.9
4097 4851.2 4045
4098 6152.5 3686.2
4099 6186 3473.9
4100 3440.1 3944.6
4101 3225.3 4065.7
4102 6763.1 -5439.8
4103 6114.5 2371.9
4104 6182.5 2147.6
4105 6213.6 2395.5
4106 5955.4 2004.9
4107 6564.3 2264.8
4108 5055.5 2120.9
4109 4986.5 2105.3
4110 5148.6 2143
4111 5053.2 2050.4
4112 5065.1 1984.1
4113 -837.6 97.5
4114 7395.3 -5469.9
4115 5143.2 2001.1
4116 5084.1 1902.6
4117 5302.9 2179.8
4118 5336 2042.6
4119 5405.9 2204.1
4120 5237.8 2164.5
4121 5509.1 2228.4
4122 5613.5 2253.1
4123 5542.2 2086.5
4124 6119.4 1699.9
4125 8194.1 -5137.5
4126 6024.1 1997.4
4127 -3959.1 -3059.4
4128 2971.5 1906.7
4129 3094.1 1922.4
4130 3153.6 1929.6
4131 2991.1 2462.7
4132 2933.9 2549.3
4133 2882.9 2597.4
4134 2866.7 2581.8
4135 2824.6 2652.4
4136 8128.3 -5268.2
4137 2807.7 2636.2
4138 2755.4 2717.7
4139 2389.7 2708.3
4140 2741.9 2698.6
4141 2702.2 2767.9
4142 2518.8 2604.9
4143 5633.1 3265.7
4144 5734.8 3139.6
4145 5564.5 3354.7
4146 5701.9 3319.5
4147 8279.6 -5204.2
4148 5564.5 3212.1
4149 5652.4 3101.7
4150 5494.9 3301
4151 5467.9 3136.7
4152 5391.5 3077
4153 5543.9 3039.3
4154 5399.2 3224.7
4155 5460.2 2988.7
4156 5265.9 2978.9
4157 5632.6 3409.4
4158 -3021.4 -1650.5
4159 5776 3377.4
4160 5903.2 3041.8
4161 5814.8 2975.6
4162 5940.9 2812
4163 5698.3 3122.5
4164 5730.6 2912.4
4165 5219.7 2547.1
4166 5144.7 2645.6
4167 5283.8 2750.3
4168 5080.6 2595.3
4169 -3121.6 -1196.5
4170 5100.7 2703.4
4171 5383.4 2826.5
4172 5206.6 2851
4173 5138.3 3437.1
4174 5047.5 3578.5
4175 5063.8 3389.3
4176 5283.6 3529.9
4177 5357.5 3577.1
4178 5409.1 3335.3
4179 5193.7 3670.1
4180 -3161.6 -1676.7
4181 5119.8 3624.1
4182 5487.1 3374.7
4183 5267 3718.5
4184 5672.5 3709.5
4185 5657.6 3963.5
4186 4972.6 3531.2
4187 5103.8 3810.6
4188 5030.2 3763.7
4189 4181.3 3419.2
4190 4352.4 3154.5
4191 -3010.9 -1825
4192 4222.9 3074.8
4193 4868.7 3856.8
4194 5090 3832
4195 5083.4 3797.4
4196 4939.9 3904.1
4197 6146.8 4006.9
4198 6253.7 3819.5
4199 6222.9 4054.7
4200 5999.9 3916.5
4201 5954.1 4150.5
4202 -3613 -1843.1
4203 5805 4057.2
4204 5880.1 4103.8
4205 5732 4010.4
4206 4262.8 3560.4
4207 4381.8 3640.2
4208 4590.1 3315.4
4209 4551.4 3110.6
4210 4672.8 3187.5
4211 4430.1 3033.2
4212 4614.1 3003.2
4213 -3348.4 -1597.4
4214 4301 2952.6
4215 4480 2954.9
4216 4093.7 3557
4217 3781.8 3962.9
4218 4965.7 2731.7
4219 4992.6 2697.2
4220 4904.1 2702.4
4221 5132.6 2939.7
4222 6242.5 3403.1
4223 6303.1 3438.7
4224 -919.2 272.9
4225 -3794.9 -1768.6
4226 6329.5 3550
4227 6312.3 2418.7
4228 6413.4 2420.4
4229 6470 2232.5
4230 6376.3 2205.4
4231 6607.6 1778.3
4232 6615.4 2065.5
4233 6434.7 2012.5
4234 5891.9 1984.6
4235 5278.1 2030
4236 -1284.6 5939.8
4237 6510.9 1763.6
4238 6338.2 1984
4239 6242.1 1955
4240 6419.7 1749.7
4241 6279.8 2176.6
4242 6149.3 1926.9
4243 6305.8 1732.1
4244 4336.2 3713
4245 4447.9 3685.8
4246 4426.3 3571.9
4247 -1215.1 5912.8
4248 4549.8 3649.5
4249 4503.7 3720.9
4250 4639.2 3508.4
4251 4722 3757.7
4252 4777.4 3998
4253 3767.2 3500
4254 3900.2 3435.1
4255 4384.7 3942.6
4256 4338.7 4014.2
4257 4467 3996.6
4258 -1370.7 6067.9
4259 4495.3 4112.9
4260 6144.6 2696
4261 6329.2 2447.8
4262 6074.9 2641.2
4263 6234 2425.4
4264 6012.9 2591.6
4265 6150.4 2405.4
4266 5868 2774.3
4267 5947.5 2541.6
4268 5575.6 1947
4269 -1159.9 6030.9
4270 5438.4 2064.3
4271 5647.7 2109.1
4272 5679.5 1969.4
4273 5755.1 2131.2
4274 5796.2 1993.5
4275 5712.4 2276.3
4276 6090.7 2120.2
4277 6119.1 2026.2
4278 5716.9 1644.5
4279 5763.5 1553.8
4280 -1137.8 6023.9
4281 5642.9 1789.8
4282 5783.9 1705.1
4283 5513.4 1452.1
4284 5724.3 1824
4285 5809.4 1478.2
4286 5610.8 1420.9
4287 5831 1611.2
4288 394.8 5323.5
4289 262.5 5399.2
4290 428.8 5384.1
4291 -1126.2 6114.2
4292 225.3 5420.5
4293 228.9 5024.3
4294 264.2 4949.6
4295 593.4 5343.9
4296 458 5252.2
4297 498.4 5368.7
4298 395.6 5261.6
4299 447.4 4962
4300 535.6 4856.4
4301 480.7 4774
4302 -1439.9 4429.8
4303 607.1 4962.5
4304 446.3 4722.8
4305 -4818.9 3094
4306 5716.2 4196.9
4307 5627.3 4336.3
4308 5790.2 4243.3
4309 5643.3 4150.8
4310 5700.5 4383.3
4311 5774.1 4431.3
4312 6099.9 4242.4
4313 -1583.7 4456.1
4314 5478.3 4244.6
4315 4643 3234.9
4316 4765.3 3311.3
4317 4711 3396.5
4318 -8376.4 -3209.3
4319 -8533.9 -2341
4320 -1715.5 5151.5
4321 3080.7 2032.2
4322 3136.8 2060.1
4323 3690.1 1974
4324 -1521.4 4237
4325 3649.8 1943.9
4326 3632.5 2153.4
4327 3571.5 2171.8
4328 3959.8 2173.3
4329 3895.8 2140
4330 3920.4 2365.4
4331 3941 1978.7
4332 9682.9 769.6
4333 3663.4 3545.9
4334 3641.9 3532.4
4335 -894.8 2074
4336 -660.2 6702.4
4337 3713.2 3466.5
4338 3689.9 3457
4339 3471.7 3426.1
4340 3669.7 2774.1
4341 3666 2429.5
4342 6241.1 1522.8
4343 6330.5 1536.1
4344 6258.7 1409.6
4345 6148.9 1508.3
4346 6350.2 1400
4347 -1599.8 4956.5
4348 6357.6 1348.9
4349 6343.8 1444.3
4350 6130.7 1451.9
4351 6073 1272.7
4352 6101.3 1360.6
4353 6371.2 1255.1
4354 5980.5 1302.3
4355 5728.5 1383.1
4356 5775.9 1450
4357 5904.7 1326.6
4358 -1544.3 5093.4
4359 5141.2 1624.8
4360 6604.7 2708.3
4361 6625.8 2520.2
4362 6530.2 2652.5
4363 6524.7 2496.1
4364 7200.8 2737
4365 4996.9 2580.4
4366 6433.1 2473.2
4367 5962.1 1468.5
4368 5934.2 1399.4
4369 -1549.4 4941
4370 6016.4 1606.4
4371 5979.4 1515.2
4372 6134.6 1602.9
4373 5899.8 1662
4374 5947.4 1802.7
4375 5696.5 1884.5
4376 5822.3 1911.1
4377 5207.8 1660.6
4378 5040.1 1879.8
4379 6770.2 2832.5
4380 -1285.2 5741.1
4381 6410.5 3926
4382 6297.2 4101.3
4383 6486.1 3966.5
4384 6333.8 3881.2
4385 6287.6 3855.2
4386 3755.4 2268.5
4387 3723.8 2322.8
4388 3835 2105.5
4389 6455.5 1555.5
4390 6468.8 1462.7
4391 -1101.2 5629.4
4392 6440.7 1649.9
4393 5860 1423.7
4394 3423.4 3518.4
4395 6678.4 2764.2
4396 6617.6 2845.7
4397 6582.2 2890.9
4398 6486.8 3020
4399 6507.7 2836
4400 5800.7 2740.3
4401 5845.2 2763.1
4402 -1225.2 5866.7
4403 5760.8 2718.1
4404 6064.3 2384.3
4405 5607.2 3078.4
4406 5438.8 2976.8
4407 5670.6 2668
4408 5318.9 2911
4409 7039.8 2951.9
4410 6354.4 3037.2
4411 6411.6 2964.7
4412 6274.3 2994.3
4413 -812.2 5481.3
4414 5982.9 2363.5
4415 6336.7 2909.1
4416 4766.5 3449.9
4417 7656.6 1739.8
4418 7822.7 1602.3
4419 7552.7 1893.5
4420 7607.9 1954.1
4421 7264.2 2765.1
4422 -776.6 11131.5
4423 -798.2 11066.7
4424 -770.7 5419.2
4425 -698.7 11010.3
4426 -493.6 10891.7
4427 -884.7 11039.5
4428 -830.2 10957.6
4429 -721.5 10969.5
4430 -523.1 10852.5
4431 -747.7 10922.2
4432 -952.5 11048.7
4433 -734.3 11428.6
4434 -706.5 11290.2
4435 -2022.3 5404.9
4436 -654.5 11386.5
4437 -277.5 11176.2
4438 -257 11203.3
4439 -358.9 11223
4440 -526.6 11318.4
4441 -208.4 11269.5
4442 -488.2 11297.3
4443 -594.1 11353.6
4444 -643.4 11257.8
4445 -543.2 11201.8
4446 8673.7 -5466.1
4447 -980.3 1983.2
4448 -2071 5267.2
4449 -1065.9 10706.4
4450 -913.4 10762.6
4451 -1057.1 10842.2
4452 -1067.3 10679.6
4453 -1010.7 10636.8
4454 -782.2 10662.2
4455 -1032.1 10652.9
4456 -945.4 10586.1
4457 -994.2 10521
4458 -1079.4 10591.8
4459 -2203.7 5465.2
4460 -1043.9 10454.5
4461 -878.9 10535.5
4462 -751.9 10441.8
4463 -476.2 11173.2
4464 -424.4 11261.2
4465 -368 11095.3
4466 -1096.3 11458.4
4467 -1036.8 11422.7
4468 -1010.7 11451.2
4469 -152.2 11220.5
4470 -1812.7 5335.8
4471 492.3 11845.2
4472 523.9 11790.9
4473 461.1 11918.7
4474 1574.3 9182.5
4475 -11598.1 -11280.5
4476 -800.5 -5956.4
4477 -789.4 -5984.7
4478 324.1 -6002
4479 -3755.7 8322.8
4480 -3677.3 8807.5
4481 -1968.3 5569
4482 -3851.1 8843.6
4483 9883.8 4064.2
4484 9898.6 3533.7
4485 9959 3842.7
4486 10109.4 3961.9
4487 10003.1 3525.4
4488 9288.7 3879.2
4489 9488.6 3768.8
4490 10112.5 4033.1
4491 10100.5 3313.5
4492 6501.6 4825.2
4493 10101.4 3235.5
4494 10535.6 3207.7
4495 9797.7 4174.1
4496 -8400.9 -330.2
4497 -2491.4 -1265.6
4498 -2428.6 -1255.1
4499 -2139.5 -1243.8
4500 -1977.9 -1230.3
4501 -3161.6 1608.2
4502 -3992.9 4987.3
4503 6533.3 4838.6
4504 -3771.3 5450.3
4505 -4412 3347.2
4506 -3934.4 4950.9
4507 -1317.7 2254.3
4508 -1824.6 1529.8
4509 -2155.9 2089.4
4510 -2137.5 2058.3
4511 -6083 1596.3
4512 -6034.9 1704.2
4513 -2178.3 4302.4
4514 6527.2 4809.2
4515 -2095.1 4394.2
4516 -1913.6 4386.5
4517 -5153.1 -5840
4518 -4885.1 -6563
4519 -5164.4 -7004.6
4520 -5056.7 -7021.5
4521 -5230.4 -6350
4522 -5002.1 -7463.8
4523 -5077 -7300.9
4524 -5139.6 -7278.1
4525 6443.2 4866.3
4526 -5244.3 -7385.3
4527 -5261.3 -7325.7
4528 -5683.8 -6952.2
4529 -5092.7 3177.5
4530 -5149.7 3374.9
4531 -4833.1 3828.3
4532 -5249.5 1481.9
4533 -5202.9 1413.1
4534 -5232.9 1600.4
4535 -5192.4 1635
4536 7778.2 5473.6
4537 -4518 -5059.6
4538 -6487.3 482.2
4539 -6545.3 536.8
4540 -6560.8 558
4541 -6151.3 1388.5
4542 -6189.9 1364.7
4543 -6004.8 965
4544 -10508.5 -10450.2
4545 -2670.1 -877.4
4546 -2676.5 -839.6
4547 7955.6 5594.1
4548 -7410.2 -8822.5
4549 -7500.1 -8816.3
4550 -7427.5 -8695.3
4551 -7627.4 -4599.7
4552 -8170.3 -4797.2
4553 -7438.9 -4100.7
4554 12904.5 665.1
4555 12845.2 599.9
4556 12842.6 724.2
4557 12942.7 629.6
4558 -778.2 2198
4559 7646.5 5403.9
4560 12057.4 304.6
4561 12174 290.9
4562 12104.3 418.8
4563 12279.6 100.1
4564 12456.7 364
4565 12528 236.3
4566 12522.5 401
4567 12726.5 -125.7
4568 13080.7 -64
4569 12444.7 190.8
4570 8435.8 3699.4
4571 12068.6 486.4
4572 12370.8 -68.5
4573 12288.9 -113.3
4574 12452.7 -21.1
4575 12642.6 -169.4
4576 12743.4 818.5
4577 12780.7 783.1
4578 12720.2 840
4579 12540.3 656
4580 12796.1 769.1
4581 8477.4 3679.7
4582 12673.5 659.3
4583 13236.9 371.4
4584 13296.5 320.1
4585 13178.5 421
4586 13496.4 537.3
4587 12928.6 212.2
4588 12302.7 615.1
4589 12415.9 593.9
4590 12619.3 70.6
4591 12654.5 6.2
4592 8392.3 3715.6
4593 12688.3 102.8
4594 12537.4 24.7
4595 12690.9 -59.4
4596 13035.6 19.4
4597 12486.5 465.2
4598 12557.5 337.4
4599 12756.1 528.3
4600 12963.9 146.3
4601 12893.7 275.8
4602 12661.6 149.7
4603 8400.1 3747.1
4604 12999.6 83.3
4605 12451.7 528.8
4606 12495.3 720.6
4607 12573.2 596.6
4608 12613.8 533.6
4609 12714.4 596.2
4610 13466.4 164.7
4611 12789.4 463.5
4612 12824.2 400.2
4613 13120.1 471.1
4614 5200.1 6010.7
4615 13087 376.1
4616 13457.3 600.4
4617 12950.4 502
4618 12591.6 277
4619 12627.3 212
4620 12858.8 338.5
4621 12969.5 316.9
4622 13060.2 406.1
4623 13006.8 453.6
4624 13047.5 357.6
4625 4882.8 5721.8
4626 12453.1 1081.2
4627 12320.6 1200
4628 12359 1166.1
4629 12266 1248
4630 11907 1562.2
4631 11679.3 1349.5
4632 11950.7 1523.7
4633 9981.5 2336.6
4634 12003.8 1476.4
4635 11715.4 1308.2
4636 5170.6 6052.3
4637 12216.3 1289.5
4638 12063.7 1423
4639 12137.1 1217.1
4640 -6460.9 -8354
4641 -6440 -8383.7
4642 -2924.4 5089.8
4643 -3000.4 5352.3
4644 -2891.3 5218.5
4645 -2980.6 5248.7
4646 -2923.1 5118.7
4647 5256.4 5939.5
4648 -2992.3 5212.8
4649 -2953.4 5335.9
4650 -3013.9 5147.9
4651 -3086 4624.2
4652 -2920.9 5323.1
4653 -3204.4 4566.3
4654 -3003.7 -1917.6
4655 2891.4 6053.1
4656 11387.9 3246.8
4657 11778.4 3397.5
4658 6696.9 -295.6
4659 15356.4 54.5
4660 8292.2 -9643.9
4661 8248.7 -9586.7
4662 8320.2 -9682.9
4663 7772.5 -10115.3
4664 2950.2 6642.7
4665 -4552.1 -2102.8
4666 -4647.7 -1909.9
4667 -7397.7 951.4
4668 2547.2 6262.1
4669 -842.3 2027.1
4670 6700.2 -318.4
4671 -6641.9 -9165.5
4672 -6749.4 -9235.1
4673 -6456 -9316.2
4674 -6710.6 -9294.5
4675 -6761.4 -9326.6
4676 -6659.4 -9262.2
4677 -6625.9 -9424
4678 -6576.1 -9392.4
4679 -6675.8 -9469.2
4680 -6821.4 -9364.9
4681 6441.2 -237.5
4682 -6786.1 -9422.1
4683 -6259.4 -8866.8
4684 -6300.1 -8898.8
4685 -4772.7 2945.1
4686 8340.5 -9713.3
4687 8387 -9783.9
4688 6842 -11665.4
4689 6782.3 -11805.3
4690 6922.6 -11479.4
4691 6656 -12114.1
4692 6388.9 -223.1
4693 7010.6 -11276.3
4694 6967.3 -11376.3
4695 7746.5 -8269.4
4696 7803.7 -8429.4
4697 7911.2 -8094.7
4698 7695.4 -8133.1
4699 7684.7 -8102.8
4700 7789.7 -7982.8
4701 8102.8 -7499.1
4702 8030.4 -7613
4703 7050.7 -254.1
4704 8076.3 -7474
4705 8179.6 -7567.5
4706 8292.5 -7668.9
4707 8201.6 -7768
4708 8316.9 -7690.5
4709 8558.4 -9415.2
4710 8647 -9494.8
4711 8476.6 -9339.2
4712 8380.3 -9249.4
4713 8187.6 -9460.5
4714 3359.9 301.5
4715 2273.2 1897.4
4716 2230.4 1891.4
4717 2290.3 1771
4718 1890.2 1715.2
4719 1872.2 1841.3
4720 8291.5 -7394.2
4721 2312.5 1986.9
4722 1321.2 8053.9
4723 1150 8106.7
4724 1160 7742.2
4725 3601.4 265.6
4726 1144.1 7494.7
4727 1063.2 7235.6
4728 959.5 6901.8
4729 1217.3 7722.7
4730 1357.6 8042
4731 1318.3 7924
4732 1249.5 7711
4733 -4797.6 5972.3
4734 -4701.9 6197.5
4735 -4670.6 5022.1
4736 3068.9 454
4737 -3875.4 8850.3
4738 1625.4 1806.8
4739 1614.3 1889.5
4740 1817.6 1833.6
4741 1643.5 1672.4
4742 2482.1 2062.3
4743 2473.2 2123.6
4744 2799.6 2281.3
4745 2425.1 2289.5
4746 2724.3 2354.3
4747 3503.8 129.2
4748 2654.1 2389.7
4749 2751.7 2379.8
4750 2699.2 2430
4751 2826.2 2307.7
4752 2917.1 2533
4753 2641.7 2485.1
4754 2460.1 2215
4755 2581.5 2543.5
4756 2778.5 2609.5
4757 2548.1 2576.3
4758 3900 229.2
4759 2715.5 2666.6
4760 -2003 907.7
4761 -2231 989.5
4762 -1471.9 6508
4763 -1544.1 6311.3
4764 -1338.4 6467.2
4765 -1312.3 6458.8
4766 -1409.9 6134.2
4767 -1360.4 6580.6
4768 -1431.5 6167.5
4769 3641.3 -30
4770 -699.3 6613.3
4771 -3034 5084.7
4772 -1233.4 4111.7
4773 -1163.7 4164.6
4774 -1330.6 4049.6
4775 -3129.5 4764.5
4776 -3179.7 4780
4777 -3073 4945.4
4778 1178.8 2692.2
4779 1085.8 5051.2
4780 -1041.2 2205.4
4781 4234.4 188.1
4782 8586.8 2331.2
4783 7919.6 1580.4
4784 1016.6 -7254.7
4785 1062.3 -7306.6
4786 712.7 -6299.3
4787 -569.2 7336.1
4788 -450.1 7315.6
4789 -564.7 7412.3
4790 -441.8 7401.1
4791 -362.8 7298.1
4792 3628.7 262.5
4793 -484.7 7224.3
4794 -434.6 7498.2
4795 -402.7 7495.4
4796 -380.9 7394.3
4797 -213.6 7477.3
4798 -191.9 7377.1
4799 -684.5 7422.9
4800 -704.4 7440.2
4801 -722.1 7455.6
4802 -694.3 7525.3
4803 -11352.7 6396.8
4804 -818.7 7537.9
4805 -557.3 7510.7
4806 -548.9 7597.3
4807 -4913.6 6064.6
4808 19.7 7630.7
4809 -86.8 7769.3
4810 -4887.8 149.9
4811 -3256.8 1515.4
4812 4536.1 2614.6
4813 4371.5 2920.6
4814 -11388.5 6423.4
4815 4674.4 2908
4816 4226.4 2801.2
4817 6370.9 4145.2
4818 6240.3 4184.3
4819 6433.5 2780.5
4820 6355 2723.2
4821 6316.8 1630.9
4822 5865.4 1777
4823 5908.6 1929.4
4824 2089.9 3265.1
4825 -11377.3 6371.9
4826 2138.3 3303.8
4827 1997.6 3401.4
4828 2213.5 3521.5
4829 2634.9 3955.4
4830 2800.7 3813.3
4831 7869.9 -7861.1
4832 7925.1 -7774.3
4833 8009.5 -7985.1
4834 7933.8 -8070.2
4835 8098.1 -7885
4836 -11317.1 6366.6
4837 7782.5 -7682.4
4838 7751.2 -7729.6
4839 7907.6 -7491.1
4840 7949.8 -7739.2
4841 8259.6 -7199
4842 7976.9 -7384.7
4843 7905.3 -7319.3
4844 8049.8 -7273.8
4845 8040.5 -8174.8
4846 8100.3 -8238.9
4847 -11340 6437.6
4848 8180.2 -8310.2
4849 8471.9 -7829.2
4850 8360.5 -8472
4851 8077.7 -8792.1
4852 7992.2 -8888
4853 7976 -8902.2
4854 7888.1 -8665.4
4855 8401.5 -7770.5
4856 8202.6 -7991.8
4857 8417.4 -7785.1
4858 -11693.2 6034.4
4859 7830.5 -8506.4
4860 8371.9 -7273.5
4861 8452.9 -7147.6
4862 8434.6 -6929.3
4863 8318.7 -6862.3
4864 8147.3 -7124.7
4865 8200.5 -7043.4
4866 8581.9 -6954.2
4867 8553.7 -6996.9
4868 8697.5 -7028.6
4869 -11657.7 5161.6
4870 8694.2 -6774.7
4871 8816.1 -7136.4
4872 8592.6 -7186
4873 8759.3 -6934.3
4874 8891 -7053.3
4875 8986.7 -6945.6
4876 8455.6 -7537.6
4877 8816.3 -6846.1
4878 8915.2 -7225.6
4879 9105.3 -7016.5
4880 -11572.6 4868.4
4881 8752.9 -7405.7
4882 8690.2 -7273.6
4883 8486.7 -7503.3
4884 8549.3 -7432.5
4885 8587.4 -7592.8
4886 995 -5724.2
4887 797.2 -5887.4
4888 -1745.1 -6720.6
4889 -2018.9 -7415.2
4890 5947.5 -6427.4
4891 -1182.4 2333.3
4892 -8196.7 4300.3
4893 7692.2 -7672.2
4894 6915.1 -6914.2
4895 6948 -6878.8
4896 6900.7 -6929.6
4897 6964.4 -6962.3
4898 8649.5 -7318.7
4899 8555.4 -7239.6
4900 3687.3 -2415.8
4901 3488.1 -2612.2
4902 1512 4976.5
4903 -8234.7 4251.7
4904 1586 4877.5
4905 1446.4 4996.5
4906 8468.6 -6645.1
4907 8557.8 -6694.9
4908 8401.7 -6608.9
4909 8537.1 -6525.4
4910 8411.5 -6720.6
4911 8854.7 -5767.4
4912 8918.3 -5832
4913 9010.8 -5946.2
4914 -8159.6 4282.5
4915 8970.6 -6912.7
4916 8567 -6454.7
4917 8603.2 -6586.6
4918 8775.6 -6821.7
4919 8801.9 -6762.3
4920 8353.3 -6341.5
4921 8428.8 -6381.2
4922 8281.7 -6293.8
4923 8437 -6230.8
4924 8253.5 -6530.6
4925 -5734.7 5229.7
4926 8543.1 -6095.2
4927 8608.6 -6147
4928 8473.5 -6041.8
4929 8369.1 -6178.7
4930 8784.4 -5931.5
4931 8860.7 -5963.4
4932 8801.8 -5888.2
4933 8744 -6026.7
4934 8941.1 -5996.2
4935 8882 -6131.5
4936 -5749.2 5249.1
4937 8727.2 -6067.7
4938 8805.8 -6099.7
4939 8672.3 -6198.2
4940 8959.6 -6164.9
4941 9031.2 -6115.3
4942 9020.9 -6239.3
4943 8959.8 -6318.9
4944 8903.4 -6295
4945 8979.4 -6332.5
4946 8618 -6332.7
4947 -5761.8 5221.5
4948 8560.5 -6309.3
4949 8694.2 -6365.6
4950 9098.4 -6065.5
4951 8670 -6645.7
4952 8721.3 -6520.6
4953 8732.6 -6702.7
4954 8796.1 -6552.4
4955 -1337.1 10679.3
4956 5102.2 -3183.8
4957 8787.1 -5577.8
4958 -5782.3 5209.2
4959 5753.5 4624.8
4960 5737.1 4811.6
4961 5589.9 4718.2
4962 5680.9 4576.4
4963 5826.6 4671.2
4964 5921.2 4524.5
4965 5607 4529.1
4966 5534.4 4482.6
4967 5553.4 4290.2
4968 5460.1 4435
4969 -5266.4 5843.3
4970 5386.2 4388.5
4971 5446.5 4829.1
4972 5424.3 4814.8
4973 5351.9 4768.3
4974 5516.5 4670.2
4975 5443.3 4623.8
4976 5368.8 4577.2
4977 5295.6 4530
4978 5280.8 4321.3
4979 5190.9 4462.9
4980 -5315.5 6028.8
4981 4669.5 4328.6
4982 4760.5 4186.3
4983 4701 4348.9
4984 4907.1 4280.1
4985 4741.8 4375.3
4986 4792.5 4409.1
4987 -87.3 6649.6
4988 -177.5 6684.1
4989 -119.2 6871
4990 2024.4 10041.8
4991 -5073.9 5875.2
4992 -760.4 5445.1
4993 -675.7 5650.5
4994 -1628.7 4346.6
4995 9724.1 -3035.3
4996 9680.4 -3093.9
4997 9744.6 -3007.5
4998 9776.9 -3159.6
4999 9954.7 -3196.2
5000 9913.3 -3255.1
5001 10236.3 -3392.8
5002 -1262.8 2250.7
5003 -8184.1 4342.9
5004 10197 -3453
5005 10277.9 -3334.4
5006 10430.2 -3768.2
5007 10487.1 -3665.5
5008 10555.8 -3835.5
5009 10275.2 -3672.6
5010 10590.3 -3466.6
5011 10511.9 -3628.6
5012 10623.7 -3487.7
5013 10448.6 -3366.1
5014 -8155.3 4390.5
5015 10346.9 -3546.4
5016 10203.8 -3596.3
5017 10265.9 -3502.5
5018 10132.4 -3545.9
5019 10092.6 -3602.3
5020 9847.7 -3348.4
5021 10319.5 -3275.6
5022 10408.4 -3418.8
5023 10360.3 -3218.5
5024 10575.9 -3714.9
5025 -5819.2 5044.6
5026 9713.9 -3251.8
5027 9154.7 2638.2
5028 9267.6 2458.8
5029 9407.2 2547.4
5030 9388.2 2267.5
5031 9282.2 2200
5032 9495.3 2338.2
5033 9374.6 2526.7
5034 8944.8 2254.9
5035 8959.6 1994.3
5036 -5666.6 4990.6
5037 8900.6 2562.5
5038 9008.8 2632
5039 9052.8 2322.5
5040 8793.9 2492.8
5041 9161.7 2391.6
5042 8532.9 2544.9
5043 8902.1 1956.4
5044 8845.6 1919.5
5045 8695.6 2648.2
5046 9066.5 2062.2
5047 -6061.7 5057.3
5048 9174.1 2129.2
5049 6396.8 -3091.4
5050 6388.6 -3193.8
5051 6469.5 -3157.9
5052 5884.6 -3503.8
5053 6116.7 -3596.5
5054 5905 -3332.1
5055 5881.2 -3560.7
5056 5906.8 -3296.9
5057 5910.7 -3241.3
5058 -5438.8 4848.5
5059 5645 -3201.7
5060 5967.1 -2691.8
5061 6039.7 -2760
5062 5961 -2741.9
5063 5682.9 -2935.5
5064 5709.3 -2945.7
5065 5618.9 -2910.2
5066 5672.7 -3013.1
5067 5649.5 -3164.6
5068 5609.1 -3454.7
5069 -5625.8 4976.6
5070 5577.1 -3153.2
5071 5657.7 -3106.7
5072 5914.8 -3200.3
5073 5924.5 -3102.6
5074 5933.8 -3023
5075 -4163.1 13129
5076 -3948.9 13070.8
5077 -4006.5 12958.6
5078 6184 -2895.1
5079 6252 -2959.3
5080 -5315.2 4773.8
5081 6177.6 -2915.2
5082 6156.6 -3570.2
5083 6108.3 -3648.7
5084 6125.1 -3509.2
5085 -1353.9 -9252.4
5086 -1919.9 -8338.9
5087 -1890.6 -8377.7
5088 -1904.6 -8210.7
5089 -1628.8 -8586.9
5090 -1739.6 -8526.9
5091 -5290.3 4757
5092 -1730.1 -8467.1
5093 -1579.7 -8705.5
5094 -1563 -8897.5
5095 -1559.7 -8858
5096 -1508.9 -8952.5
5097 -1428.6 -8922.9
5098 -1405.9 -9269.5
5099 -1302.7 -9213.8
5100 -1280.4 -9410.7
5101 -1654.6 -9348.3
5102 -5258.9 4732.6
5103 -1633.9 -9409.4
5104 -1732 -9101
5105 -1960.9 -9124.7
5106 -2044.6 -9136
5107 -1911.4 -9118.7
5108 -2745.1 -8389
5109 -2759.6 -8408.7
5110 9179.2 -7059
5111 9214.9 -6983.3
5112 9336.9 -7135.7
5113 -933.6 2597.4
5114 -5328.4 4704.7
5115 9434.7 -6525.4
5116 9491.5 -6607
5117 9393.6 -6609.1
5118 9373.9 -6443.7
5119 8868.5 -6823.1
5120 8896.1 -6756.6
5121 8938.8 -6883
5122 8926.8 -6684.7
5123 8975.7 -6790.8
5124 9003.6 -6506.7
5125 -5276.2 4784.7
5126 8954.3 -6618
5127 8926.4 -6462.4
5128 9750.6 -7153.9
5129 9718.9 -7226.6
5130 9779 -7079.5
5131 9562.3 -7063.4
5132 9528.1 -7135.3
5133 9685.4 -7310.9
5134 9490.6 -7210.2
5135 -28.5 -10557.9
5136 -4796 4608.1
5137 -179.2 -10401.5
5138 -3 -10495.1
5139 -517.1 -9990.6
5140 -586 -9956
5141 -418.3 -10005.4
5142 -399.4 -10165.8
5143 -605.8 -9932.3
5144 -622.2 -9912.6
5145 -577.7 -9997.7
5146 -1687 -8061.1
5147 -4815.7 4507.6
5148 -1746.1 -8093
5149 -1324.5 -8843.4
5150 -729.3 -9234.2
5151 -780.6 -9192.8
5152 -665 -9357.1
5153 -614.7 -9319.4
5154 -1158.7 -7991.9
5155 -1189.4 -7920.9
5156 -1136.9 -8020
5157 -1322.6 -7993.3
5158 -4679.9 4581.1
5159 -978.5 -8126.4
5160 -847.4 -8329
5161 -1018.3 -8002.9
5162 -642.3 -8746.1
5163 -728.8 -8816.5
5164 -623 -8798.3
5165 -720.7 -8631.5
5166 25.5 -10314.2
5167 17.7 -10409.9
5168 -268.5 -9533.7
5169 -4772.8 4686.8
5170 -508.9 -9137.9
5171 -502.8 -9100.8
5172 -615.8 -9059.9
5173 -461.7 -9282.5
5174 -794.3 -8454.1
5175 -808.2 -8431.3
5176 -660.4 -8554.5
5177 -1264.6 -8804
5178 -1388.9 -8787.5
5179 -2272.4 -7452.2
5180 -4819.1 4612.3
5181 -2296.4 -7480.6
5182 -2578.5 -7277.6
5183 -2514.5 -7336.9
5184 -2563.8 -7349.4
5185 -2607.7 -7250.5
5186 -922.2 -10495
5187 -911.6 -10388.6
5188 -817.6 -9856.3
5189 -776.7 -9868.2
5190 -761.3 -9966.7
5191 -11216.8 6714.5
5192 -872.3 -9801.3
5193 -1078.5 -9648
5194 -1099.7 -9594.6
5195 -1067.3 -9677.6
5196 -1010.9 -9548.6
5197 -1136.7 -9420.9
5198 -1232.5 -9455.3
5199 -1328 -9712.7
5200 -1265.7 -9680.6
5201 -1455.3 -9467.6
5202 -11112.9 6701.2
5203 -1288 -9789.4
5204 -1388 -9744.9
5205 -828.3 -9774.4
5206 -1777.7 -8824.8
5207 -1716.6 -8799.7
5208 -1865.7 -8687.4
5209 -1736.5 -8887.4
5210 -1854.1 -8872.8
5211 -1583.8 -8748.9
5212 -1565.2 -8796.7
5213 -11174.5 6820.5
5214 -2980.7 -6037.9
5215 -2996.9 -6216
5216 -3465.1 -6946.9
5217 -5691 -10675.3
5218 -5354 -10483
5219 -2430.3 -6863.1
5220 -3007.6 -8565.2
5221 -2512.4 -7873
5222 -2599.3 -7883
5223 -2133.2 -7404.9
5224 -659.1 2891.4
5225 -11445.2 6642.8
5226 -383 -10192.9
5227 5538.6 -3425.8
5228 6160.8 -3098.6
5229 6150.2 -3226.9
5230 6046.6 -3061
5231 6235.9 -3127.7
5232 6133.8 -3420.6
5233 6292.4 -3480.9
5234 6363 -3487.8
5235 6214.1 -3451
5236 -11468.3 6762.9
5237 6685.3 -3513.5
5238 6521.5 -3500.2
5239 6949.3 -3534.6
5240 6964.2 -3320.8
5241 6860 -3528.8
5242 5644.7 -2711.7
5243 6103.5 -2886.9
5244 5874.6 -2707
5245 5952.1 -2829.1
5246 6067 -2872.9
5247 -11168.1 6857.7
5248 6026.3 -2857.4
5249 6058.9 -2960
5250 6020.8 -3278.8
5251 -1827.4 -9110.2
5252 -1919.4 -9049.8
5253 10247 -1909.9
5254 10218.5 -1950.6
5255 10303.8 -1830
5256 10666.3 -2024.3
5257 10358.8 -1751.8
5258 -11159.9 6917.5
5259 10524.1 -1518.4
5260 10468.5 -1596.9
5261 10865.9 -1697.1
5262 10593.9 -2144
5263 -2665.2 4620.9
5264 2978.8 -2635.1
5265 -2725.6 -8023.5
5266 -2509.6 -8128.2
5267 -2599.3 -8229
5268 -2776.1 -8078
5269 -11095.5 7029.8
5270 -2678.4 -7971.2
5271 -2784.4 -7969.7
5272 -2628.1 -8019.4
5273 -2467.2 -8081.2
5274 -2290.8 -8247.3
5275 -2256.6 -8391.4
5276 -2473.3 -8433.8
5277 -2368.4 -8439.5
5278 -3243.9 -7803.2
5279 -3190.9 -7835.5
5280 -10127.6 5915.9
5281 -3220.9 -7769
5282 -3221.2 -7929.7
5283 -3020.7 -7591.3
5284 -3004 -7605.9
5285 -3042.1 -7659.7
5286 -3197.6 -8068.4
5287 -2900.6 -8359.5
5288 -3212.4 -8154.4
5289 -2631 -7917.7
5290 -2549.1 -7927.6
5291 -9848.7 6058.9
5292 -2425 -8036.5
5293 -2583.6 -7969
5294 -2682.6 -7872.4
5295 -2070.9 -8253.1
5296 -2205.7 -8447.8
5297 -2267.5 -8435.4
5298 -2250.6 -6877.5
5299 -2310.7 -6817.2
5300 -2092.2 -6890.3
5301 -2152.2 -6885.6
5302 -10157.9 6023.2
5303 -2087.3 -6831
5304 -1540.2 -6982.1
5305 -1490.8 -6938.9
5306 -1441.9 -6942.4
5307 -1445.1 -6988.3
5308 -1426.1 -6821.2
5309 -1774.4 -7814.9
5310 -1097.3 -7298
5311 -1389.4 -7165.9
5312 -989 -7537.7
5313 -10056 5809.2
5314 -997.2 -7892
5315 4890.5 -3827.9
5316 4790.9 -3731.8
5317 4359.5 -4252.5
5318 4509.3 -4247.9
5319 4865.7 -3890.8
5320 4877.4 -3861.2
5321 4742.6 -3893.7
5322 4382.8 -3977.5
5323 4641.1 -3860.8
5324 -11566.2 6607.8
5325 4698.5 -3936.9
5326 4761.5 -4019.7
5327 4845.4 -3938.6
5328 4690.1 -3814.6
5329 4460.3 -4034.6
5330 4994 -4383
5331 4961.6 -4455.9
5332 4834.8 -4281.6
5333 4345.2 -3945.3
5334 4627 -4142.3
5335 -554.7 3002.3
5336 -8277 4488.5
5337 4566.2 -4196.6
5338 4539.7 -4086.2
5339 4716.3 -4200.8
5340 4630.5 -4330.6
5341 4672.7 -4265.9
5342 4750.6 -4410.4
5343 4792.9 -4346.6
5344 5062.2 -4069.8
5345 5191.6 -4169.7
5346 5230.5 -4351.5
5347 -8298.1 4739
5348 5220.2 -4310.2
5349 5340.1 -4174.9
5350 5168.7 -4455.5
5351 5038.7 -4679.6
5352 5094.4 -4615
5353 5079.6 -4427.3
5354 5289.3 -4524.1
5355 5362.1 -4571.6
5356 5142.9 -4771.8
5357 5487.7 -4182.5
5358 -8880.5 4866.7
5359 5450.1 -4626.1
5360 5469.9 -4593.7
5361 5296.5 -4873.7
5362 5397.9 -4593.5
5363 5417.2 -4136.6
5364 5764.5 -3726.3
5365 5576.8 -4220.7
5366 5213.7 -4818.1
5367 5083.9 -4733.5
5368 5377.8 -3541.6
5369 -8913.9 4876
5370 5852.7 -3769.6
5371 5947.5 -3815.5
5372 5917.3 -3865.7
5373 6155 -3854.4
5374 5259 -4743.8
5375 5803.7 -3849.1
5376 5674.7 -4260.4
5377 5316.5 -4647.5
5378 5383.8 -4930.9
5379 6783.2 -4070.6
5380 -8917.4 5347.3
5381 6736.8 -4163.3
5382 6861.3 -4118.6
5383 6698.2 -4038.2
5384 5414.6 -4879
5385 5658.8 -4457.1
5386 5556.9 -4626.2
5387 5691.9 -4424
5388 5778.3 -4459.3
5389 5461.1 -4981.7
5390 5563.8 -4808.2
5391 -8890.7 4806.8
5392 5622 -5088
5393 6097.3 -3935.6
5394 6349.4 -3919.7
5395 5855 -4336.7
5396 5934.8 -4208
5397 5806.7 -4409.6
5398 5763.7 -4299.7
5399 5868.8 -4124.8
5400 5962.3 -4164
5401 5952.9 -3981.6
5402 -8967.3 4899.1
5403 6047.3 -4019.8
5404 5866 -3947
5405 5892.5 -3902.7
5406 6078.3 -3967
5407 6403.1 -3938.7
5408 6269.5 -4046.6
5409 6213.3 -4137.2
5410 6321.6 -4192.5
5411 6202.8 -4154.5
5412 6723.8 -4392.5
5413 -8858.8 4767.6
5414 7119.3 -4592.9
5415 6388.1 -4064.6
5416 6573 -4084.6
5417 6656.7 -4122.8
5418 6613.5 -4007.6
5419 6817.9 -4204.2
5420 7214.8 -4403.1
5421 6267.2 -4502.7
5422 6224.3 -4384.5
5423 6399.6 -4231.2
5424 -8942.1 5396.4
5425 6272.8 -4289
5426 6475.9 -4076.5
5427 6490.3 -3965.9
5428 6480.8 -4271.5
5429 6002 -4236.6
5430 6118.5 -4285.8
5431 6067.2 -4264.5
5432 6154.7 -4229.5
5433 6157 -4126
5434 6213.8 -4031.3
5435 -8951.6 5323.7
5436 6419.9 -4972.9
5437 6748.9 -4725.6
5438 6976.1 -4282.2
5439 6882.4 -4470.3
5440 7039.2 -4155.9
5441 7056.6 -4323.1
5442 6895.6 -4242.6
5443 6957 -4120.4
5444 6846.1 -4544.4
5445 6960 -4509.4
5446 -526.7 2755.3
5447 -6447.4 2235.7
5448 6800.9 -4432.1
5449 7083.2 -4664.2
5450 6924.2 -4583.9
5451 7002.4 -4623.3
5452 7039.6 -4552.2
5453 7134.5 -4362.6
5454 6876.2 -4087.3
5455 6674 -4684.5
5456 6504.3 -4816.6
5457 6445.1 -4784.6
5458 -6590.4 2328.6
5459 6403.2 -4862.9
5460 6462 -4896.3
5461 6319.1 -4816.9
5462 5950.2 -4558
5463 5857.9 -4705.3
5464 5762.9 -4495.1
5465 5712.5 -4572.9
5466 5658.6 -4656.6
5467 6790.1 -3307.5
5468 6756.9 -3706.7
5469 -6276.4 2089
5470 6772.6 -3521.2
5471 6877.4 -3315.2
5472 6842.4 -3742.9
5473 6851.9 -3646.6
5474 6937 -3654.5
5475 7009 -3604.1
5476 7175.8 -3471.1
5477 7063.7 -3672.3
5478 7284.5 -3608
5479 6834.8 -3930.3
5480 -5933.3 1705.9
5481 7231.1 -3539.5
5482 7122.9 -3403.6
5483 7820.5 -5109.1
5484 6977.2 -3995.7
5485 7990.6 -4811.9
5486 7698.7 -4555.5
5487 8089 -4591.8
5488 8022.3 -4571.1
5489 7955.8 -4722.4
5490 7921.5 -4628.9
5491 -5883.3 1659.2
5492 7869 -4458.1
5493 7748.9 -4502
5494 7522.2 -4393.1
5495 7956 -4551.6
5496 8040.4 -4869.7
5497 7498.1 -6129.7
5498 7424.6 -6093.9
5499 7599.6 -5922.4
5500 8411.6 -5606.1
5501 8232.6 -5515.6
5502 -5927.8 1749.2
5503 8379.7 -5670.5
5504 8446.9 -5529.1
5505 6811 -5428.6
5506 6764.8 -5514
5507 6923.9 -5403.3
5508 6871.5 -5494.7
5509 6982.3 -5294.9
5510 6944.4 -5534.1
5511 6767.9 -5539.9
5512 7002.2 -5608
5513 -5992.5 1083.5
5514 6802 -5658.5
5515 6934.1 -5725.9
5516 6978.5 -5649.7
5517 7074.2 -5644.3
5518 7449.4 -5844
5519 7292.6 -5759.6
5520 7676.6 -5963.3
5521 7521.3 -5882.1
5522 7696.9 -5728.8
5523 7033.5 -5884.1
5524 -5991.4 1107.9
5525 7180.9 -5456.1
5526 7143.9 -5681.5
5527 7251.2 -5492.9
5528 7560.9 -5657.5
5529 7398 -5569.9
5530 7320.6 -5529.8
5531 7215.5 -5718.7
5532 7102.6 -5920.7
5533 7774.5 -5769.7
5534 7632.1 -5695.7
5535 -5955.9 1455.7
5536 7853.9 -5812.5
5537 7907.6 -5840.3
5538 7894 -5733.4
5539 7532.1 -5236.4
5540 8018.3 -5485.6
5541 8201.7 -5578.4
5542 7980.6 -5559.6
5543 8729.6 -5851.8
5544 7948.5 -5625.3
5545 8053 -5707.8
5546 -5944.9 1637
5547 8750.3 -6232.2
5548 8212.5 -6245.9
5549 7835.6 -6047.5
5550 7813.3 -5690.8
5551 8272 -5438.5
5552 8483.7 -5450.3
5553 8089 -5346.3
5554 8055.3 -5231
5555 8220.8 -5317.1
5556 8312.2 -5363.2
5557 8632.8 -5424.2
5558 -730.3 2811.5
5559 -10371.9 6743.5
5560 8356.5 -5273.2
5561 8162.4 -5652.1
5562 8111.4 -5753
5563 8152 -5785.7
5564 8131.1 -5714.8
5565 8279.4 -5887.3
5566 8217 -5838
5567 8317.7 -5807.1
5568 8411.1 -5991.1
5569 8302.6 -6126.4
5570 -10357.6 6796.1
5571 8137.7 -6207.6
5572 8105 -6451.6
5573 8179.1 -6490.7
5574 8027.5 -6410.2
5575 8241.4 -6076.7
5576 8502.6 -6281.8
5577 8221.4 -6513.4
5578 8327.1 -6569.4
5579 8502.5 -6420.5
5580 8643.7 -6489.6
5581 -10436.1 6784.6
5582 8787.7 -5712.8
5583 8826.6 -6264.5
5584 9141.1 -6694.7
5585 9158.1 -6780.9
5586 9214.5 -6651.4
5587 9124.6 -6851.9
5588 9091.3 -6924.6
5589 9247.5 -6912.8
5590 8847.9 -6428.2
5591 8875.2 -6586
5592 -8718.1 -2503.6
5593 8770.7 -6397.5
5594 9310.3 -6780
5595 9322.9 -6755.1
5596 9281.2 -6841.9
5597 9058 -6988.2
5598 8947.2 -6862.9
5599 9404.8 -6988.2
5600 9372.4 -7058.6
5601 9076.2 -6461.3
5602 9308 -6491.8
5603 -8771.2 -2491.7
5604 9352.9 -6693.2
5605 9241.1 -6541.6
5606 9172.1 -6591.9
5607 9144.2 -6410.5
5608 9210.6 -6361.5
5609 9277.8 -6312.5
5610 9184.7 -6182.8
5611 9117.2 -6231.7
5612 9051.1 -6282.4
5613 9440 -6916.7
5614 -8713.3 -2933
5615 9674.3 -7030.9
5616 9724.4 -6928.5
5617 9667.9 -6849
5618 9596 -6993.1
5619 9609.2 -6767.8
5620 9517.5 -6955.5
5621 9481.8 -6829.2
5622 9552.2 -6688.6
5623 9404.1 -6792.7
5624 3008.5 5094.1
5625 -8679.1 -3000.3
5626 2921.2 5174.2
5627 2773.1 8554.2
5628 3788.4 8849.5
5629 -1337.7 6643.6
5630 -1465.1 6685.6
5631 -1304.4 6735.5
5632 -1635.3 6716.7
5633 -752.4 7438.9
5634 -730.4 7283.4
5635 -887.2 5742.1
5636 -8727.7 -2883.7
5637 -963.1 5966.1
5638 -1017.7 5424.5
5639 8063 -6166.9
5640 8347.2 -5940.7
5641 8385.5 -5842.1
5642 8174.2 -6023.3
5643 7956.6 -6373
5644 7882.2 -6333.4
5645 7991.1 -6128.8
5646 8109.7 -5972.5
5647 -8326.7 -3254.2
5648 7836.6 -6309.3
5649 7916 -6089.3
5650 8044 -5921.3
5651 7806.8 -6293.5
5652 8095.7 -5855
5653 7957.6 -5866.5
5654 7882.3 -5954.2
5655 7999.3 -5777.9
5656 8344.4 -5745.1
5657 8672.6 -5992.1
5658 -8301.5 -3285.9
5659 8512.7 -5740.2
5660 8482.7 -5816.2
5661 8584.3 -5776.3
5662 8458 -5878.3
5663 8526.1 -5915.7
5664 8659.1 -5815.2
5665 8725.2 -5655.5
5666 8600.3 -5952.3
5667 7371.2 -6061.9
5668 6614.2 -6013.6
5669 -819.3 3057.5
5670 -8352 -3283.9
5671 6780.1 -5993.8
5672 6830.5 -6339.8
5673 6697 -6367.3
5674 5918.4 -5645
5675 5898 -5741
5676 5939.8 -5549
5677 6151.8 -5768.1
5678 5769.3 -5559.9
5679 6195.1 -5685.7
5680 5825 -5480.5
5681 -8303.2 -3225.9
5682 6487.9 -5838.7
5683 6538.7 -5743.9
5684 5770.2 -5315.7
5685 7045.1 -6144.8
5686 7049.3 -6220.5
5687 6839.3 -6260.1
5688 7040 -6300.1
5689 7001.1 -6413.8
5690 6889.6 -6328.2
5691 6972.6 -6483.4
5692 -8350.1 -3229.3
5693 6820.2 -6399
5694 6939.2 -6541.8
5695 6994.8 -6497.4
5696 6752.2 -6883.6
5697 6786.6 -6820.1
5698 6618.7 -6726.3
5699 6770.2 -6902.9
5700 6963.5 -6555.5
5701 7043.3 -6540.7
5702 7068.3 -6306.9
5703 -8686.4 -2782.5
5704 6826.5 -6189.6
5705 6855.1 -6334.9
5706 6883.1 -6350.1
5707 6845.9 -6352.7
5708 6538.9 -5418.6
5709 6701.9 -5503.7
5710 6659.7 -5581.5
5711 6767.5 -5637.4
5712 6588.5 -5649.7
5713 6499.5 -5495.9
5714 -8769.8 -2910
5715 6444.3 -5924.1
5716 6494.2 -5951.1
5717 6399.1 -6007.7
5718 6288 -5947.5
5719 6440.5 -6177.9
5720 6382.3 -6189.4
5721 6542.2 -6158.2
5722 6575.4 -6151.5
5723 6511.7 -6164.3
5724 6107.1 -5852.1
5725 -8734.6 -2768.3
5726 5714.9 -5640.8
5727 5874.8 -5849.4
5728 6171.3 -5887.4
5729 6327.8 -6200.2
5730 6243.8 -6216.8
5731 6181.5 -6229.1
5732 6062.6 -5934.9
5733 5969.8 -6271.5
5734 5901.2 -6480.5
5735 6170.6 -6538
5736 -6375.7 5228.8
5737 6157.8 -6475.1
5738 5971.7 -6363.4
5739 6015.2 -6262.3
5740 6619.7 -6382.4
5741 6632.1 -6448.1
5742 6606.8 -6317.6
5743 6364.9 -6432.6
5744 6656.4 -6593.9
5745 6683.6 -6545
5746 6544.2 -6329.5
5747 -6372.1 5182.2
5748 6070.9 -6409.1
5749 6561.8 -6462
5750 6122.4 -6240.8
5751 6044 -6256.7
5752 5976.4 -6099.9
5753 5832.5 -6057.4
5754 5930.1 -6181.3
5755 5821.7 -6106.5
5756 5763.2 -6018.2
5757 5853.1 -5951.6
5758 -6314.8 5188.6
5759 5812.1 -6157.7
5760 5650.5 -5721.7
5761 6017.8 -6018.6
5762 5588.5 -5802.5
5763 6144.7 -6407.9
5764 6214.5 -6395.5
5765 6378.7 -6497.4
5766 6280.9 -6379.4
5767 6351.5 -6366.8
5768 6415 -6354.4
5769 -6515.3 5505.4
5770 6503.3 -6474.1
5771 6477.4 -6341.8
5772 6613.8 -6659.2
5773 7481 -7599.7
5774 6766.5 -6399.7
5775 6746.1 -6434
5776 6817.4 -6764.2
5777 6714.3 -6489.2
5778 6908.6 -6597.7
5779 6880.2 -6654.3
5780 -1270.3 3535.4
5781 -5343.1 6922.6
5782 6848.8 -6709.2
5783 6854 -6980.3
5784 6911.4 -7041.4
5785 7159.2 -6645.5
5786 7115.2 -6694.4
5787 7142 -6629.4
5788 7256.8 -6733.8
5789 7282.3 -6224.5
5790 7075.1 -6217
5791 7094.4 -6586.2
5792 -5381.5 6931.9
5793 7223.4 -6335.4
5794 7178.8 -6566.9
5795 7252.8 -6279
5796 7158.9 -6322.4
5797 7402.4 -6684.5
5798 7487.6 -6526.4
5799 7328.7 -6646.6
5800 7486.8 -6758.7
5801 7312.5 -6783.4
5802 7411.5 -6874.4
5803 -5440.5 7039
5804 7266.7 -6831.7
5805 7063.5 -7059
5806 7013.8 -7010.6
5807 7147 -6967.1
5808 7110.4 -7104.7
5809 7435.8 -6144.4
5810 7402.8 -6141
5811 7529.2 -6445.2
5812 7507.6 -6486.1
5813 7493.1 -6318.9
5814 -5448.3 7064.1
5815 7716.5 -6537.9
5816 7282.4 -6370.2
5817 7288.6 -6625.4
5818 7985.2 -7218.2
5819 7605.3 -7048.9
5820 7694.3 -6948.9
5821 7533.3 -6984.6
5822 7773.6 -7200.4
5823 7559.7 -7096.5
5824 7786.3 -6846
5825 -5516.6 7353.8
5826 7860.4 -7102.1
5827 7623.2 -6886.5
5828 7897.6 -6639.8
5829 8096.8 -6745.7
5830 7958.5 -6526.9
5831 7853.9 -6723.9
5832 7348 -7336.5
5833 7300.4 -7290
5834 7403.7 -7390.8
5835 7441.2 -7229.5
5836 -5501.8 7410.7
5837 7325.7 -7360.3
5838 7282.8 -7406.9
5839 7142.5 -7267.6
5840 7512.9 -7053
5841 7217.2 -6785.4
5842 7316.1 -6876.3
5843 7074.5 -6738.3
5844 6932.9 -6611.1
5845 7174.5 -6831.1
5846 7095.1 -6920.4
5847 -5497.8 7199.5
5848 6950.1 -7079.8
5849 7044 -7172.9
5850 6902.5 -6663.1
5851 7036 -6782
5852 7134.8 -6873.8
5853 6995.6 -6827.4
5854 6872.4 -6717.1
5855 6839 -6778.5
5856 7043.9 -6872.7
5857 6806 -6837.8
5858 -5570.1 7708.9
5859 7390.8 -7186.2
5860 7195.7 -7010.7
5861 7086.8 -7128.9
5862 7158.1 -7151.2
5863 7243.5 -7054.3
5864 7364.1 -6920.2
5865 7205.7 -7197.7
5866 7295.4 -7100
5867 7413.1 -6965.6
5868 7168.4 -7239.3
5869 -5812.4 7577
5870 7252.8 -7243.6
5871 7342.7 -7140.8
5872 7462.7 -7007.5
5873 7837.7 -7257.9
5874 7952.3 -6957
5875 7924.3 -7159.6
5876 8023.3 -6850.8
5877 8169 -6784.7
5878 8140.6 -6668.6
5879 7473.8 -6930.3
5880 -5473.2 7094.1
5881 7563.8 -6830
5882 7612.2 -6731.5
5883 7502.9 -6773.7
5884 7775.2 -6429.8
5885 7671.3 -6625.7
5886 8159.5 -6630.6
5887 8178.1 -6595.1
5888 7396.6 -6429.3
5889 8365.4 -6789.8
5890 8129.8 -6997.6
5891 -1788.7 3204.7
5892 3355.4 -6508.9
5893 8242.5 -6823.7
5894 8058.9 -6951.3
5895 7579.7 -6576.5
5896 7837.9 -6754.7
5897 7987.7 -6905.6
5898 716.2 -10335.2
5899 719.8 -10363
5900 754.9 -9769.1
5901 751.9 -9747.4
5902 683.8 -9379.3
5903 2965.5 -5792
5904 819.5 -9730.2
5905 727.3 -9775.3
5906 670.4 -8967.9
5907 946 -10821.4
5908 913.1 -10779.8
5909 555 -9613.8
5910 5619.1 -6183.8
5911 5649.3 -6260.1
5912 5351.9 -6270.5
5913 5291.4 -6316.6
5914 2666.7 -5533.1
5915 5419 -6363.1
5916 5412.5 -6224.6
5917 5505.7 -6098.3
5918 5553 -6132
5919 5402.6 -6122.3
5920 650.4 -8231.5
5921 607.4 -8142.9
5922 909.9 -8275.3
5923 920.9 -8216.3
5924 908.6 -8347.8
5925 2933 -5706.4
5926 1227.8 -7657.2
5927 1069.4 -7555
5928 1155.5 -7483.5
5929 1122.5 -7742
5930 1175.1 -7700.6
5931 1028.2 -7588.4
5932 1253.9 -7967.9
5933 1271.6 -7621.2
5934 1736.7 -7241.5
5935 1607.3 -7098.5
5936 2902.3 -5746.6
5937 1963 -7484.7
5938 1828.8 -7170.5
5939 1923.4 -7099.3
5940 1465.2 -7265.9
5941 1523.6 -7167.9
5942 1694.7 -7025.7
5943 2036.9 -8016.4
5944 1988.2 -7956.4
5945 2289.4 -7809.6
5946 2359.6 -7751.8
5947 3320.8 -6430.4
5948 2271.9 -7822.7
5949 2448.5 -7677.8
5950 2264.5 -7477.1
5951 2208.3 -7879.6
5952 2086.7 -8078.2
5953 2446.1 -7847.7
5954 2564.5 -8141.5
5955 2175.1 -7548.6
5956 2477 -8046.5
5957 2374.1 -7935.2
5958 4341.5 -9795.5
5959 2172.2 -7715.2
5960 1251.4 -7512.4
5961 1370.4 -7661.7
5962 1832.3 -8330
5963 1906.4 -8260.4
5964 1893.5 -8437.5
5965 1466.2 -7787.4
5966 1427.8 -7820.5
5967 1514.7 -7846.1
5968 1333.6 -7903.5
5969 4271.9 -10150.2
5970 1216.3 -7467.9
5971 1448.9 -7598.5
5972 1526.5 -7534.4
5973 1681.5 -7557.6
5974 1597.4 -7779.9
5975 1859.4 -7571.7
5976 1668.9 -7721.4
5977 1487.1 -7645.8
5978 1549.8 -7727.4
5979 1596.6 -7626.4
5980 4576.6 -10254.8
5981 1519.2 -7688
5982 2087.1 -7622.1
5983 1993.9 -7519.2
5984 2084.2 -7448.5
5985 2170.6 -7376
5986 2110.7 -7763.5
5987 1996.5 -7853.2
5988 2053.5 -7808.3
5989 1978.3 -7715.2
5990 2112.7 -7313.3
5991 -1887.1 3212.8
5992 2030.4 -7670.7
5993 2427.5 -8153.9
5994 2255.2 -7941.9
5995 2158.2 -7820.6
5996 2044.6 -7910
5997 2226.4 -8250.7
5998 2279.9 -8202.1
5999 2175.5 -8187.9
6000 2393.1 -8111.9
6001 2347 -8054.1
6002 -1214.4 3469.1
6003 -1938 3172.4
6004 2425.9 -7990.7
6005 2299.5 -7995.7
6006 2198.4 -8079
6007 2155 -8024.6
6008 1282.9 -8772.5
6009 1040.9 -8709.1
6010 949.1 -8672.4
6011 1087.2 -8669.7
6012 1179.8 -8606.1
6013 1153.2 -8623.8
6014 -1790.3 3181.6
6015 1160.3 -8566.7
6016 941.4 -8621.5
6017 933.2 -8555.9
6018 926.1 -8497.5
6019 920.1 -8442.2
6020 914.6 -8392.8
6021 549.5 -8201.2
6022 499.5 -8246.5
6023 1496.9 -9848.6
6024 1388.9 -9859
6025 -1824.3 3215
6026 1612.1 -9928.6
6027 1706.7 -10089.2
6028 581.5 -8460.3
6029 757.4 -8454.7
6030 575.7 -8410.4
6031 588.6 -8512.1
6032 761.5 -8503.9
6033 718.3 -8718.8
6034 775.8 -8649.4
6035 766 -8552.8
6036 -289.2 2723.5
6037 771.9 -8605.2
6038 593.4 -8565.1
6039 598.2 -8609.7
6040 526.1 -8222.2
6041 564 -8313.5
6042 570.6 -8358.6
6043 602.9 -8655.1
6044 614.5 -8684.6
6045 713.6 -8950.5
6046 767 -9363.2
6047 -390.1 2609.6
6048 875.5 -9708.6
6049 995.1 -9654.3
6050 779.6 -9421.8
6051 919.4 -9759.7
6052 1061.3 -9919.1
6053 1105.4 -9980
6054 1169.3 -9888.5
6055 998.5 -9851.5
6056 675.2 -8704.2
6057 751.2 -8936.8
6058 -78.4 2429.2
6059 828.2 -8904
6060 832.4 -9763.3
6061 1193.1 -9576.9
6062 1245.3 -9634.5
6063 1167 -9580
6064 1338.2 -9862.4
6065 1256.6 -9873.2
6066 1163 -9674.6
6067 1295 -9867.9
6068 1126.2 -9596.5
6069 -1842.5 4315.1
6070 1076.3 -9616.6
6071 882.3 -9319.7
6072 998.2 -9234.4
6073 978.2 -9267.2
6074 1123.8 -9304.8
6075 937.6 -8911.2
6076 854.8 -8973.5
6077 1107.4 -9478.7
6078 1033.7 -9360
6079 1070.8 -9419
6080 -1621.4 4098.3
6081 1027.7 -9541.2
6082 1132.7 -10017.3
6083 1180.1 -10084.6
6084 1232.6 -10156.5
6085 1195.4 -10221.2
6086 1288.8 -10231.9
6087 1380.1 -10080.2
6088 1113.2 -10206
6089 1166.6 -10279.5
6090 1068.5 -10303.2
6091 -1815.6 4322
6092 1248.8 -10403.3
6093 771 -10308.7
6094 941.3 -10610.5
6095 930.7 -10526.1
6096 1022.4 -10577.3
6097 879.2 -10355.9
6098 909.6 -10340.5
6099 963.1 -10312.3
6100 1159.2 -10605.2
6101 1002.1 -10514.4
6102 -2698.3 5146.5
6103 1006.4 -10924.9
6104 1136.4 -10867.9
6105 1489.2 -11702.4
6106 1164.9 -10935.7
6107 1086.2 -10664.4
6108 1054.3 -10636.4
6109 893.3 -10728.1
6110 1466.1 -10557.8
6111 1430.4 -10472.2
6112 1395.1 -10530.7
6113 -781.5 3822.3
6114 -2680.2 5072.2
6115 1164.9 -10452.7
6116 1466.4 -10404.2
6117 133.7 -11429.1
6118 228.1 -11277.6
6119 239.2 -11259.2
6120 178.9 -11356.7
6121 357.3 -11446.4
6122 462.1 -11112.2
6123 593.5 -11318.6
6124 503.1 -11099.7
6125 -2652.5 5133.9
6126 361.9 -11157.8
6127 861 -10812
6128 843.4 -10837.3
6129 797.4 -10898.4
6130 580.6 -10631.1
6131 597.3 -10719.1
6132 728.4 -10830.8
6133 773.8 -10915.8
6134 695.5 -10963.2
6135 619.5 -10932.8
6136 -2650.4 5108.9
6137 651 -10991
6138 616.2 -11010.6
6139 638.4 -11052
6140 558.9 -11062
6141 537.7 -11085.8
6142 733.4 -11200.7
6143 726.6 -11019.5
6144 745.4 -11217.3
6145 820 -11167.9
6146 895.3 -11470
6147 -2470.3 -1978.4
6148 653 -11271
6149 878.8 -11636.3
6150 528.2 -11359.4
6151 286.6 -11210.2
6152 741.8 -11727.2
6153 828 -11739.1
6154 695.1 -11761.1
6155 198.3 -11257.6
6156 458.1 -11395.8
6157 298.2 -11499.8
6158 -3114.3 -1940.1
6159 895.4 -11122.9
6160 807.2 -10975
6161 882.4 -10916.2
6162 237 -11554.2
6163 -295 -12106
6164 -263.8 -12060.7
6165 360.8 -12213.1
6166 297.3 -12282
6167 151.4 -12097.2
6168 -224.9 -12003.6
6169 -4244.6 -2728.4
6170 -114 -12108.7
6171 -179.8 -11945.6
6172 189.1 -12395.7
6173 22 -12236.9
6174 -32.5 -12293.2
6175 239.7 -12344.9
6176 -140.6 -11868.8
6177 -5.5 -11995.5
6178 34.5 -11952.7
6179 70.8 -12183.6
6180 -4358.7 -3209.6
6181 -64.7 -12055.9
6182 -202.5 -11920.9
6183 -383.8 -12198
6184 -129.6 -11802.9
6185 -162.6 -12160.8
6186 129 -12122.6
6187 -87.9 -11151.1
6188 -267.2 -11419
6189 11.8 -10997.4
6190 8 -11095.8
6191 -5033.3 -3900.5
6192 173.6 -10608.8
6193 230.1 -10621.8
6194 320 -10393.5
6195 439.9 -10369.2
6196 -615.1 -11989.8
6197 -585.8 -12023.4
6198 76.5 -11468.3
6199 29.1 -11440.7
6200 35.3 -11119.1
6201 132.5 -10983
6202 -4617.5 -4262.9
6203 285 -11123.3
6204 199.5 -11060.6
6205 360.4 -11003.4
6206 258.7 -10934.7
6207 553.5 -10672.9
6208 301.9 -10816.4
6209 358.6 -10703.4
6210 370.9 -10679.7
6211 250.2 -10577.5
6212 392.4 -10637.8
6213 -4714 -5015.7
6214 412.8 -10595.2
6215 432.4 -10605.8
6216 353.9 -10563.9
6217 517.8 -10402.4
6218 511.7 -10462.3
6219 -14.7 -9576.9
6220 204.8 -9814.9
6221 459.3 -9808.2
6222 400.7 -9438.4
6223 345.5 -9033.3
6224 -662.2 3946.2
6225 -4915.4 -4996.5
6226 219.9 -8693.5
6227 194.9 -8703.6
6228 283.4 -8712.1
6229 48 -8762.6
6230 115.7 -8736
6231 1196.3 -10512.1
6232 1331.3 -9958.6
6233 646.3 -8099.7
6234 5072 -5407.1
6235 5165.9 -5473.3
6236 -4731.8 -5228.4
6237 5115.6 -5340.7
6238 5043.8 -5458.9
6239 5363.2 -5512.2
6240 5160.7 -5272.3
6241 5212 -5190.4
6242 4928.7 -5120.5
6243 5408.2 -5431.9
6244 4954.4 -5192.4
6245 4981.3 -5038.8
6246 4880.8 -4978.4
6247 -4143.5 -2206.1
6248 5089 -4867.4
6249 4944.4 -4771.2
6250 5548.9 -5646.3
6251 5607.3 -5564.8
6252 5326.3 -5021.3
6253 5564.9 -5177.6
6254 5265.1 -5112.2
6255 5456.7 -5580.1
6256 5495.4 -5725.5
6257 5656.5 -5485.4
6258 -4219.7 -2572
6259 5709 -5404.3
6260 5143 -5739.3
6261 5205.7 -5683.5
6262 5125.9 -5689.8
6263 5234.6 -5522.8
6264 5090.2 -5585.8
6265 5317.4 -5581.1
6266 5058.7 -5496
6267 5457.7 -5352
6268 5509.4 -5269
6269 -4291.1 -2167.6
6270 5033.6 -4959.2
6271 4567.4 -5414.7
6272 5407.8 -5650.8
6273 5343.7 -5967.9
6274 -1944.9 -8556.7
6275 -2078.2 -8865.8
6276 -2203.3 -8634.2
6277 -1988 -8987
6278 -1844.2 -9040.3
6279 -1793 -9034.3
6280 -3827.7 -1130.1
6281 -1806.6 -9011.8
6282 -2191.3 -8508.6
6283 -2175.8 -8494.2
6284 -2646.9 -8280.1
6285 -2320.9 -8493.5
6286 -2301.2 -8682.4
6287 -2111.6 -8449.4
6288 -2088.5 -8484.6
6289 -2074.8 -8543.9
6290 -2047.7 -8604.2
6291 -3916 -1089.8
6292 -1928.6 -8771.9
6293 -1845.8 -8962.9
6294 -2162.5 -7820.7
6295 -2323.3 -7946.6
6296 -1611.3 -7783.5
6297 -1335.2 -8439.8
6298 -1305.5 -8434.7
6299 -1356.2 -8407.4
6300 -1107.2 -8738.8
6301 -1187.7 -8767.5
6302 -4369.9 483.5
6303 -465.8 -10394.2
6304 -332.7 -10335.6
6305 -213.3 -10458.1
6306 -287.6 -10292
6307 -273.6 -10308.2
6308 -68.1 -10217.1
6309 -110.9 -10289
6310 -72.4 -10104.2
6311 -244.6 -10016.2
6312 -148 -10350.1
6313 -4402.8 520.5
6314 -162.5 -10510.1
6315 -735.1 -9990.6
6316 -621.8 -9996.4
6317 -505.6 -10345.9
6318 -720.2 -10103.2
6319 -686.3 -10226.8
6320 -1797.2 -8185.6
6321 -1617.2 -8267.5
6322 -2004.1 -8022
6323 -1860.4 -8194.3
6324 -4130.4 263.2
6325 -1744 -8266.7
6326 -1988.6 -8129.1
6327 -1694.6 -8950.7
6328 -1629.4 -8928.4
6329 -1327.2 -9434
6330 -1500.6 -7836
6331 -1530.7 -7817.8
6332 -1447.3 -7821
6333 -1423.7 -7950.1
6334 -558.6 -8953.1
6335 1907.2 7260.8
6336 -4512.8 647.6
6337 -567.9 -8930.9
6338 -441.2 -9346.4
6339 -469 -9417.2
6340 -255.9 -9994.3
6341 -308.4 -9847.9
6342 -307.5 -9975.5
6343 -952.6 -9063.4
6344 -910.2 -9028.9
6345 -1074.9 -9013
6346 -897.3 -9200.1
6347 -4484.8 458.7
6348 -834.4 -9198.9
6349 -963.1 -9201
6350 -764.4 -9379.7
6351 -849.6 -9118.2
6352 -1009.8 -8932.8
6353 -1016.1 -8874.1
6354 -1066.1 -8910.6
6355 -1129.2 -8888.6
6356 -1165.1 -7813.9
6357 -1269.5 -7764.2
6358 -5058.6 428.6
6359 -1215.8 -7862.2
6360 -1382.9 -7709
6361 -1454.8 -7290.2
6362 -1481.3 -7041.7
6363 -1513.9 -7039.2
6364 -1286.7 -7470
6365 -1100.3 -7589
6366 -1021 -7761.6
6367 -1061.3 -7673.4
6368 -895.6 -7845.1
6369 -3259 5546.9
6370 -883.9 -7879.7
6371 -916.8 -7854.5
6372 -1303.9 -6994.1
6373 -1376 -6992.9
6374 -1396.2 -6991.3
6375 -1383.2 -7076.6
6376 -2461.1 -7816.2
6377 -2454.1 -7778.8
6378 -2273.8 -7915.3
6379 -2372.3 -7776.4
6380 -3214.6 5526.8
6381 -2242.7 -7893.5
6382 -2222.1 -7876.1
6383 -2328.7 -7714.4
6384 -2177.7 -7834.7
6385 -2151.7 -8097.8
6386 -2111.3 -8058.8
6387 -2065.9 -8014.4
6388 -1768 -8459.3
6389 -1839.2 -8510.3
6390 -1812.6 -8643.3
6391 -3242.9 5509
6392 -1653 -8772.7
6393 -1774.6 -8707.3
6394 -2403.8 -8587.5
6395 -2458.3 -8538.6
6396 -2329.3 -8657.9
6397 -2245 -8641.5
6398 -2816.2 -8121.3
6399 -2842.2 -8149.2
6400 -2692.3 -8329.8
6401 -2865.4 -8174.7
6402 -3048.5 5740.3
6403 -2267.4 -8586.9
6404 -1468.7 -7757.2
6405 -1336.5 -7824.3
6406 -1389 -7975.6
6407 -976.7 -8020.4
6408 -898.8 -8002.6
6409 -832.2 -8178.2
6410 -943 -7913.9
6411 -807.9 -8301.8
6412 -1453 -8305.5
6413 -3209.7 5584
6414 -1399 -8363.6
6415 -1545.8 -8196.8
6416 -1392.7 -8292.6
6417 -1267.8 -8401.2
6418 -1239.6 -8485.2
6419 -1260.2 -8269.4
6420 -1123 -8511
6421 -1310.2 -8213.1
6422 -1191.3 -8283
6423 -1045.1 -8395.5
6424 -2841.8 5672.7
6425 -693.8 -8852.8
6426 -1071.7 -8515.2
6427 -977.3 -8570.2
6428 -837.2 -8783.1
6429 -885.6 -8720.3
6430 -808.6 -8686.3
6431 -767.6 -8665.5
6432 -915.8 -8539.9
6433 -950 -8404.1
6434 -1691.6 -8653.8
6435 -2585.1 6169
6436 -1728.3 -8591.3
6437 -1769.9 -8617.2
6438 -1796.7 -8321.1
6439 -1768.6 -8299.5
6440 -1493.3 -8424.9
6441 -1312.3 -8734
6442 -1583.1 -8490.3
6443 -1463 -8472.9
6444 -1441.7 -8506.5
6445 -1011.6 -8430.7
6446 2001.3 7342.7
6447 -3107.1 5576.1
6448 -1591.1 -8143.1
6449 -1464.3 -8084
6450 -1357.7 -8147.5
6451 -1393.8 -8221.5
6452 -1355 -8081.9
6453 -1330.1 -8160.9
6454 -1505.5 -8045.6
6455 -1670.9 -7883.6
6456 -1772.9 -7951.1
6457 -1555.1 -8003.8
6458 -5453.1 6902.7
6459 -1581.5 -7980.3
6460 -343.7 -9494.8
6461 -487.3 -9447
6462 -1160.8 -8627.8
6463 -1054.2 -8573.9
6464 -989 -8692.8
6465 -891.9 -8869.7
6466 -966.9 -8823.1
6467 -786.9 -8986.3
6468 -768 -8953.9
6469 -5439.9 6933.4
6470 -627.1 -9202.3
6471 -559.5 -9272.4
6472 -552.7 -9408.4
6473 -508.7 -9487.1
6474 -1030.6 -8784.2
6475 -1119.4 -8702.6
6476 -1119.1 -8996.8
6477 -1056.8 -9121.1
6478 -961.7 -9333.7
6479 -741.4 -9362.9
6480 -5344.2 6173.3
6481 -696.3 -9382.1
6482 -587.6 -9532.4
6483 -443.1 -9616.1
6484 -600.1 -9570.3
6485 -836.7 -9433.4
6486 -770.4 -9503.8
6487 -398.7 -9695.8
6488 -303.4 -9655.7
6489 -293.5 -9687.5
6490 -207.6 -9908.1
6491 -5370.8 6379.8
6492 -175.8 -9937.1
6493 -43.2 -10012.9
6494 -279.2 -9649.7
6495 -520 -9780.3
6496 -361.7 -9953
6497 -453.9 -9932.2
6498 -579.2 -9828
6499 -223.2 -10160.1
6500 -130.8 -9897.8
6501 -1488.5 -8523.4
6502 -4568.8 691.1
6503 -1428.6 -8739.2
6504 -1486.2 -8764
6505 -1325.6 -9050.3
6506 -1453.5 -8810
6507 -1424.3 -8799.7
6508 -1392.8 -8968.4
6509 -1347.4 -9066.1
6510 -1362.3 -9007
6511 -210.6 -10187.7
6512 -325.1 -10167.8
6513 -4629.6 724.9
6514 -259.5 -10235.6
6515 -229.3 -10266.5
6516 -1447.5 -9775.4
6517 -1384.1 -9897.6
6518 -1579.3 -9528.5
6519 -1159.8 -10330.8
6520 -1043.8 -10557.8
6521 -1222.3 -10206.2
6522 -981.7 -10664.3
6523 -486.8 -10902.5
6524 -4592.8 632.6
6525 -329.4 -11018
6526 -561.3 -10857.8
6527 -284 -10993.7
6528 -1230.6 -9758.5
6529 -1264.4 -9835.3
6530 -1147.6 -9716.1
6531 -1013.8 -9802.1
6532 -1089.3 -9916.6
6533 -934.1 -10213.6
6534 -859.1 -10360
6535 -5222.5 1237.7
6536 -998.4 -10090.3
6537 -805.8 -10333.1
6538 -807.1 -10459
6539 -675.7 -10712.2
6540 -718 -10631.9
6541 -769.5 -10769.4
6542 -1314.7 -10032.2
6543 -1256.1 -10001.4
6544 -1193.6 -9971.3
6545 -1142.6 -9942.8
6546 -5306.2 1333.4
6547 -1030.7 -9900.5
6548 -970.5 -9883.7
6549 -916.1 -9857.1
6550 -946.3 -10062.6
6551 -753.6 -10432.4
6552 -296.3 -10871.6
6553 -822.6 -10687
6554 -770.1 -10658.9
6555 -800.8 -10729.1
6556 -664.9 -10604.9
6557 2169.2 7549.4
6558 -5085 1079.7
6559 -749.4 -10570.3
6560 -611.4 -10684.9
6561 -710.1 -10519.1
6562 -1050.7 -10116.6
6563 -837.6 -10528.8
6564 -1393.8 -9435.3
6565 -1188.5 -9640.5
6566 -1357 -9449
6567 -1517.9 -9498.2
6568 -1327.1 -9866.2
6569 -5152.1 1256.4
6570 -1163.1 -10176.4
6571 -981.7 -10526.4
6572 -900.5 -10705.1
6573 -808.8 -10751
6574 -1393.4 -9099.5
6575 -838.7 -10007.4
6576 -800.3 -9987.9
6577 -540.7 -10379
6578 -527.8 -10416.8
6579 -280.6 -10708
6580 -5278.7 1227.9
6581 -439 -10545
6582 -304.7 -10748.5
6583 -228.3 -10619.7
6584 -177.4 -10671.4
6585 -328.8 -10856.7
6586 -276.9 -10527.2
6587 -790.4 -10759.8
6588 -617 -10469.9
6589 -667.9 -10394.5
6590 -457.6 -10795.7
6591 -4763.8 1534.4
6592 -420.9 -10814.2
6593 -543.4 -10743
6594 -436.1 -10426.6
6595 -2540.7 -8677.3
6596 -2537.6 -8702
6597 -2589.6 -8625
6598 -2783.8 -8872.3
6599 -2571.7 -9195
6600 -2639.2 -8575.7
6601 -2434.5 -9220.5
6602 -4752.1 1553.7
6603 -2463.6 -9240.8
6604 -2392.4 -9191.1
6605 -2220.2 -8964.9
6606 -2173.2 -9011.8
6607 -2127.2 -9145.8
6608 -2389.4 -8883.2
6609 -2479.1 -8978.7
6610 -2362.2 -8854.1
6611 -2448.6 -8827.2
6612 -2846 -8400.1
6613 -4795.3 3466.9
6614 -3231.7 -8265.5
6615 -3148.5 -8017.1
6616 -3070.2 -8096.1
6617 -3208.6 -7955.9
6618 -3078.8 -8059.6
6619 -2946.9 -8150.9
6620 -2903.4 -8094
6621 -3035.3 -8026
6622 -2993.9 -8017.7
6623 -3082.9 -7922.3
6624 -4783.6 3408.8
6625 -3128.8 -7894.1
6626 -2945.1 -8059.2
6627 -3053 -7879.3
6628 -2991.4 -7782.8
6629 -2929.3 -7707.6
6630 -2968.2 -7726.4
6631 -2825.1 -7787.4
6632 -2771.3 -7728.2
6633 -2716.7 -7779.3
6634 -2729.5 -7922.9
6635 -5668.8 1446
6636 -2697.6 -7889.3
6637 -2819.5 -7937.7
6638 -2845 -8026.6
6639 -2805.9 -7401.2
6640 -2693.4 -7536.5
6641 -2867.2 -7445.3
6642 -2648.1 -7211.1
6643 -2631.7 -7227.1
6644 -2675.5 -7183.2
6645 -2714.6 -7279.8
6646 -5733 1524.1
6647 -2956.5 -7248.9
6648 -2856.8 -7296.7
6649 -2765.1 -7175.6
6650 -2881.3 -7326.5
6651 -2742.4 -7184.3
6652 -2738 -7247
6653 -2691 -7169
6654 -2717.8 -7146.4
6655 -3065.9 -7251.3
6656 -3035.6 -7201.3
6657 -4571.8 620.3
6658 -3290.3 -7165
6659 -3182.4 -7206.5
6660 -3278.9 -7147.6
6661 -3152.7 -7130.9
6662 -2956.2 -6622.9
6663 -3013 -6776.8
6664 -2909.7 -6625.5
6665 -3044.4 -6616.7
6666 -3101.4 -6997.2
6667 -3041.9 -6852.6
6668 8834.2 -5557.9
6669 2148.1 7546.8
6670 -7177.8 2807.7
6671 -3213.2 -6961.4
6672 -3023.4 -7024.7
6673 -2939.8 -7019
6674 -3101.9 -7160.9
6675 -2500.7 -5311.7
6676 -2846.7 -5495.2
6677 -2649.5 -5390.5
6678 -2745.1 -5315.8
6679 -2744 -5391.3
6680 -2742.1 -5944.1
6681 -7125.2 2746.2
6682 -2732.8 -5840.5
6683 -2894.2 -6461.5
6684 -2994.1 -6454.5
6685 -2983.4 -6340
6686 5644.1 4955.5
6687 5763.8 4930.5
6688 6086.2 4428.7
6689 6129.5 4359.9
6690 5994 4570.2
6691 6204 4502.8
6692 -11652.8 7039.3
6693 5900.1 4717.2
6694 6044.9 4810.9
6695 5853.8 4788.3
6696 5809.4 4858.9
6697 2466.9 4405.8
6698 -5533.2 3171.1
6699 -6368.3 998.7
6700 -6468.8 1016.5
6701 -11085.5 6813.5
6702 -10591.5 8984.3
6703 -11619.7 6869.2
6704 -10478.9 9081
6705 -10256.7 9341.2
6706 -10325.6 9400.8
6707 -10231.5 9315.2
6708 -10386.2 9189.8
6709 -1135.3 10522.4
6710 423.4 13269.4
6711 4192.2 4752.3
6712 -2283.9 4035.6
6713 -2256.3 4056.7
6714 -11690.2 7223.8
6715 -2275.4 4168.6
6716 -2206.7 4093.3
6717 -2225.7 4205.1
6718 -2294 4154.9
6719 -2329.9 4195.3
6720 -2377.4 4157.2
6721 -2402.3 4271.5
6722 -2346.1 4213.4
6723 -2515.7 4617.1
6724 -2519.3 4663.7
6725 -11529 7063.8
6726 -2652.1 4661.3
6727 -2587.2 4726.7
6728 -2398.4 4628.8
6729 -2348.8 4677.8
6730 -2306 4537.2
6731 -2370.1 4503.4
6732 -2241.6 4571.7
6733 -2156.8 4129.4
6734 -2233.2 4308.6
6735 -2219.1 4293.3
6736 -11717.5 7027
6737 -1349.2 5026.2
6738 -1388 5196.1
6739 -1320.4 5356.7
6740 -1361.8 5547.8
6741 -1117.2 4586.3
6742 -1051.9 4741.7
6743 -1268.6 4834.4
6744 -1111.8 4766.3
6745 -994.7 4879.4
6746 -1406.4 4887.2
6747 -9297.5 5082.8
6748 -1211.4 4971.2
6749 -1054.4 4903.9
6750 -1153.6 5106.7
6751 -996.7 5038.5
6752 -939.2 5013.4
6753 -929 5200.4
6754 -871.8 5175.8
6755 -1293.5 5164.8
6756 -1124.6 5175.1
6757 -1064.9 5067.8
6758 -9450.9 4982.4
6759 -1085.9 5266.3
6760 -1297 5348.7
6761 -1268.3 5522.5
6762 -993.5 5227.5
6763 -1160 5486.3
6764 -925.5 5385.4
6765 -861.8 5358.1
6766 -805.4 5335.5
6767 -3142.8 4661.1
6768 -3248.2 4803.3
6769 -9118.4 5204.9
6770 -3183.6 4992.1
6771 -3117.2 4971.5
6772 -3104.9 4781.6
6773 -3065.6 4902.4
6774 -3096.4 5242.8
6775 -3076 5098.9
6776 -3034.4 5226.9
6777 -3085.3 5284.8
6778 -3034.7 5273.5
6779 -2699.3 5466
6780 1897.8 7270.9
6781 -9607.8 5507.6
6782 -2811.9 5771.2
6783 -2709.2 5740.2
6784 -2598.1 5774.7
6785 -2631.9 5986.5
6786 -2247 6518.9
6787 -2691.5 6718.8
6788 -2661.9 6833.4
6789 -2598.3 6961.8
6790 -2403.3 6750.3
6791 -2565.8 7022.2
6792 -11565.9 7248.3
6793 2900.9 6472.6
6794 -1269.3 10269
6795 -1216.7 10341.7
6796 -1255 10488.7
6797 -905.1 9932.2
6798 -839.5 10017
6799 -756.4 9821.2
6800 -929 9949.8
6801 -1056.8 9778.3
6802 -752.4 9766.5
6803 -11488.9 6865.1
6804 -728.2 9799.4
6805 -702.3 9835.2
6806 -1157.4 10018.8
6807 -1046.8 10036.9
6808 -864.8 10036.3
6809 -1161.4 10416.1
6810 -1102.2 10493.4
6811 -733 10210.5
6812 -695.8 10259.6
6813 -631.5 10141.2
6814 -11426.4 7087.2
6815 -597.7 10185.4
6816 -565.5 10228
6817 -663.9 10301.4
6818 -630 10345.6
6819 -787 10394.8
6820 427.3 9726.5
6821 378.6 9852
6822 470.2 9791.4
6823 423.2 9918.9
6824 881.9 9307.8
6825 -11303.4 6902.8
6826 934.1 9748.5
6827 859 9881.8
6828 760.7 10284.2
6829 694.2 10435.3
6830 858.6 10230.9
6831 1011.9 10898.1
6832 1013.4 10938.2
6833 -8192.9 -6431.5
6834 -8146.9 -6309.9
6835 -8099.7 -6462.6
6836 -5346.9 4664.5
6837 -8054.4 -6241.9
6838 -8041.5 -6475.5
6839 -7978.7 -6495.7
6840 -7876 -6357.4
6841 -7960.2 -6302.9
6842 -8271.1 -5793
6843 -8533.7 -5569.2
6844 -8422.9 -5659.8
6845 -8421.3 -5549.4
6846 -8342.4 -5604.5
6847 -5725.1 4765.7
6848 -8377.4 -5715.3
6849 -8382.2 -5530.5
6850 -8267 -5498.3
6851 -8096.8 -6207.1
6852 -8141.1 -6073.2
6853 -8160 -6087.5
6854 -8156.2 -5986.3
6855 -8195.8 -6127.9
6856 -8220.1 -6157.7
6857 -8241.3 -5816.9
6858 -5641.8 4748.8
6859 -7688.3 -6097.6
6860 -7658.5 -6036.6
6861 -7870.4 -5474.6
6862 -7853.6 -5514
6863 -3983.3 -734.7
6864 2337.2 6003.4
6865 2404.8 6135.2
6866 -8608.5 -1712.5
6867 -8497.9 -1729.7
6868 -4506.8 7288.3
6869 -5833.7 4777.4
6870 -2695.6 12628.5
6871 -2646 12730.7
6872 -2640.9 12782.8
6873 -2059.3 13069.8
6874 -2189.8 13386.4
6875 -2476.3 11984.7
6876 -3306.4 12290.6
6877 -3269.7 12090.7
6878 3301.8 -1350.3
6879 3256.8 -1310.8
6880 -5709.4 4618.4
6881 3479.1 -1375.6
6882 3420.3 -1242.2
6883 3151.9 -1389.1
6884 3296.7 -1119
6885 3482 -1186.2
6886 3494.6 -1316.7
6887 3604.9 -1075
6888 3664.8 -1133
6889 3215.6 -1193.1
6890 3709 -1172.5
6891 1564.5 6884.3
6892 -7401.6 3450.9
6893 3727.3 -1153.3
6894 3725.1 -1200.3
6895 3810.6 -1266.2
6896 3896.8 -1329
6897 3647.5 -1152
6898 -5851.1 1659.6
6899 -5876.5 1691.3
6900 2968.2 -2663.5
6901 3196.2 -2695.1
6902 3544 -1264.9
6903 -7445.3 3409
6904 3515.2 -1337.2
6905 3403.1 -1643.2
6906 3584.4 -1469.1
6907 3583.9 -1425.5
6908 3573 -1513.1
6909 3575.9 -661.3
6910 3516.8 -591.6
6911 3997.3 -1998.1
6912 4075.2 -1899.2
6913 4094 -2112.5
6914 -7368.6 3381.7
6915 5232 -6361.8
6916 5109.1 -6448.8
6917 -430.6 -12267.3
6918 -495.3 -12215.4
6919 -2298.4 -9167.9
6920 -3523.8 13411.8
6921 7280.8 -8683.2
6922 7512.5 -8642.4
6923 7358.5 -8612.3
6924 7311.8 -8655.1
6925 -7446.1 3526.2
6926 7304 -8555.4
6927 7251.2 -8600.4
6928 7141.3 -8478.8
6929 7246.4 -8337
6930 7271.2 -8239.7
6931 7432 -8547.5
6932 7497.2 -8488.5
6933 7380.7 -8484
6934 7698.7 -8503.7
6935 7619.6 -8376.1
6936 -7297.9 3545.9
6937 7655.2 -8343.9
6938 7593.1 -8399.2
6939 7706.1 -8299.8
6940 7600 -8282.5
6941 7650.7 -8238.9
6942 7491.9 -8163.3
6943 7437.8 -8227.6
6944 7541.6 -8118.7
6945 7431.6 -8095.7
6946 7507.1 -8180.3
6947 -7619.7 3254.8
6948 7370.4 -8152.2
6949 7556.4 -8135
6950 7598.3 -8181.1
6951 7636.1 -8222.8
6952 7838.1 -8528.8
6953 7869.3 -8612.7
6954 -8618.2 -9934.3
6955 -8548.2 -9892.9
6956 -8388.7 -9798.9
6957 6238.6 -3600.8
6958 -7677.2 3318.3
6959 6360.4 -3521.4
6960 6351.2 -3641.9
6961 6343.7 -3740
6962 -7050.9 -8892.4
6963 -7462.7 3393.7
6964 -7564.5 3303.8
6965 -7093.4 2717.2
6966 -7047.4 2712.8
6967 -8102.6 2648.3
6968 -7998.7 2676.4
6969 -6431.6 4156.9
6970 -8105.1 2836.5
6971 -7961.3 2591.5
6972 -7768.4 2640.3
6973 -7809 2742.8
6974 -7950.5 2833
6975 -7885.5 2778.3
6976 -7769 2751.3
6977 -7135.3 2725.2
6978 -11467.8 7938.5
6979 1791.1 -6077.4
6980 -6810.9 3949.4
6981 1959.4 -6147.4
6982 2071 -6046.3
6983 1613.2 -6220.6
6984 1746.3 -6251.2
6985 1698.7 -6295.8
6986 -1.4 3707.8
6987 -362.7 4087.5
6988 -316.1 4055.3
6989 -70.3 3916
6990 -56.7 3910.9
6991 -6652.9 4028.7
6992 -90 3953.5
6993 9.2 4016
6994 758.9 3591.6
6995 856.3 3697.7
6996 -1487.6 4690.9
6997 -1411.8 4495.2
6998 -5411.4 6921.4
6999 -4298 7382.9
7000 -1906.7 7656.5
7001 -754.8 7285.2
7002 182.5 5430.5
7003 -6828.1 3926.2
7004 -1765 8144.6
7005 -1779.4 8162.5
7006 709.2 8400.1
7007 -1459.7 9701.7
7008 2954.9 6696.1
7009 1543.9 8030.7
7010 1464 8100.3
7011 -25.6 11631.9
7012 225.8 11540.1
7013 89.5 12641.7
7014 -6985.1 3775.8
7015 443 12803.8
7016 143.4 13021.1
7017 558.5 11728.3
7018 537.9 11717.7
7019 546.9 11750.1
7020 -88.1 13052.4
7021 -809 -5584.1
7022 -2528.8 -7349
7023 245.8 -7673.9
7024 221.6 -7691.1
7025 -6951.2 3799.6
7026 3490.4 2601.6
7027 3478.9 2331.4
7028 1430.3 2619.4
7029 1379.2 2463.3
7030 1528.5 2037.7
7031 1451.6 2249.1
7032 3401.9 -2935.7
7033 4989.5 -6669.7
7034 5048.3 -6491
7035 5219.7 -6589.5
7036 -7049.9 3749.9
7037 5484.3 -6457.7
7038 5482.6 -6323.8
7039 294.5 1850.4
7040 227.5 1988.3
7041 441.6 3216.1
7042 -63.6 2438.7
7043 27.7 2490
7044 -222.5 2780.2
7045 -1855.5 3006
7046 1297.2 6100.6
7047 -6999.6 3664
7048 1377.4 6020.8
7049 1445.5 6087.7
7050 1362.8 6166.4
7051 3231 6507.1
7052 1889.7 -11436.1
7053 1768.6 -12082.2
7054 2011.1 -12433.5
7055 1747 -12096.9
7056 1856.1 -12247.5
7057 -4585.3 -10228.8
7058 -7343.6 3937.3
7059 -4251.4 -10986.3
7060 -4319.6 -10944.5
7061 -3811.9 -10210.6
7062 -2916.7 -7062.1
7063 -2497.1 -5201.2
7064 -2534.1 -5164.3
7065 -2579.6 -5221.7
7066 -876.5 2543.7
7067 -4411.2 -3461.6
7068 -8393.8 3966.8
7069 -7071.2 3715.7
7070 -11180.1 -8081.8
7071 -11160.9 -8059.3
7072 -11142.5 -8085.6
7073 -11086.4 -7972.3
7074 -11187.8 -8039.5
7075 -11101.2 -7944.6
7076 -9102.1 -2124.1
7077 -8914.5 -2071.2
7078 -8859 -4557.5
7079 -8384.6 -4643.4
7080 -6385.3 4344.9
7081 -8375 -4486.8
7082 -7399.2 -5419.8
7083 -4752.3 12861.9
7084 -4692.3 12912.1
7085 -4835.6 12893.8
7086 -4804 13010.2
7087 -4621.7 13104.2
7088 -4335 13038.3
7089 -4324.7 13065.2
7090 -4306.8 13112.4
7091 -4658.9 5684.7
7092 -4529.5 13148.3
7093 -3887.8 13052.1
7094 -3845.8 13035.5
7095 -4381.6 13229.2
7096 -4233.7 13144
7097 -4643.2 10398.4
7098 -4710.2 10453.8
7099 -4563.3 10474.3
7100 -4632.8 10527.4
7101 -4479.8 10614.6
7102 -4653.6 5653
7103 -4383.5 10667.1
7104 -4452.3 10687
7105 -4361.1 10823.8
7106 -3315.3 8927.9
7107 -7371.5 4844.4
7108 -4479.5 -4450.7
7109 -7463.2 -6683.3
7110 -3881.2 8829.8
7111 -6358.1 -8942
7112 -4898.9 -7205.3
7113 133 5364.3
7114 -4666.3 5641.5
7115 -8903.1 -9789.9
7116 -8918.5 -9643.5
7117 -10455.2 -10470.2
7118 -8855.3 -9762.2
7119 -6785.1 -9223.2
7120 -8665.1 -9906.9
7121 -4293.9 -9726
7122 -7735.1 -9531.1
7123 1107.8 1527.2
7124 1152.6 1549.5
7125 -4889.2 5132
7126 1584.1 1594.2
7127 330.7 -1687.5
7128 542.3 -1727.4
7129 6878.9 -242.5
7130 3785.2 1661.8
7131 3569.5 1633.5
7132 3877.1 1672.9
7133 3865.9 1760.3
7134 9155.2 3310.5
7135 9056.2 3118
7136 -4985.2 5276.1
7137 9345.9 3252.8
7138 8841.5 3480.5
7139 5258.3 2095.1
7140 5205.3 2220.5
7141 6602.2 4757.4
7142 6627.4 4740.7
7143 6311.6 4570.2
7144 1438.9 5948.5
7145 -87.1 3838.1
7146 -4075.9 -1911.3
7147 -5364.1 7453.1
7148 -4438.7 -5608.4
7149 -2228.4 -1756.1
7150 -11324.5 4859.8
7151 -10066.3 5791
7152 -6246.9 1009.8
7153 -2394.8 -783.4
7154 -502.6 -1206.8
7155 3375.1 8635.9
7156 3558 8682.4
7157 -7426.8 -4041
7158 -5498.1 7551.2
7159 -6558.7 968.7
7160 -5336.9 4667
7161 -3270.7 906.2
7162 -944.9 7285
7163 -1121.6 7668.4
7164 474.1 -3138.8
7165 -2321.3 -2404.3
7166 -2356.8 -2413.3
7167 -2191.3 -1988.2
7168 -2168 -2048.6
7169 -5385.6 7583.2
7170 -1136 -897
7171 -1058 -850.5
7172 -1123 -844.3
7173 2461.4 1722.9
7174 2841.3 587.1
7175 3750.5 1788.2
7176 3747.6 -2318.3
7177 730.7 -13055.3
7178 686.9 -13107.7
7179 4695.1 -2861.4
7180 -5074.1 7537.3
7181 5653 -5043.9
7182 6709.1 -3881.1
7183 7951.5 3880
7184 7989.3 3864.5
7185 8092.8 3814.3
7186 7855.1 3922.6
7187 8359.1 3722.5
7188 8132.6 3797
7189 10226.7 -686.5
7190 10496 -592.8
7191 -5066 7376.9
7192 3427.5 -836.1
7193 3607.3 -698.6
7194 3586.1 -718.6
7195 3439.9 -853.4
7196 3504 -939.5
7197 3524.8 -774.4
7198 3671.5 -821.2
7199 3587.8 -897.9
7200 3693.9 -800.6
7201 3519.5 -960.3
7202 -5252.8 7485.4
7203 3673.1 -776.1
7204 13779.5 1722.6
7205 13652.9 2284.6
7206 14585.9 -2359.1
7207 -2689.4 -862.2
7208 5316.3 6197.8
7209 5131.5 6087.1
7210 -5875.3 2261
7211 -6037.9 2402.9
7212 -12284.6 3999.9
7213 -5078 7653.6
7214 -12138.9 3904.3
7215 3255.2 4227.2
7216 8427.2 -9750
7217 -7072.4 2728.6
7218 -6212.4 1292.3
7219 -6279.3 1134.1
7220 3277.9 -993
7221 3437.1 -987
7222 -4962.3 3408.7
7223 11212.5 -2909.8
7224 -812 3811.6
7225 -5075.4 7692.2
7226 11203.2 -2715.6
7227 11112 -2836.4
7228 -8601.4 -4337
7229 -8618 -4265.4
7230 -8527 -4334.6
7231 -8683.8 -4358.4
7232 -8245 -4172.5
7233 -8355.2 -4200
7234 -8252.1 -4323.8
7235 -8521.5 -4241.5
7236 -5067.3 7732
7237 -8435.3 -4341.2
7238 -8320.1 -4340.4
7239 -8160.9 -4326.5
7240 -8429.4 -4218.4
7241 -8743 -4364.2
7242 -6916.1 -9307.7
7243 -8772.8 -8599.6
7244 -8766.9 -8535.1
7245 -8791.3 -8721.8
7246 -8927.7 -8632.3
7247 -5022.7 7690.9
7248 -9565.3 -8394.5
7249 -9078.9 -8204.8
7250 -9230.6 -8215.7
7251 -9051.6 -8621.4
7252 -8906.2 -8136.9
7253 -8965.7 -8758.3
7254 -9589.9 -10114.6
7255 -9095 -8612.5
7256 -9144.7 -8601.3
7257 -9240.7 -8872.6
7258 -5115.9 7716.8
7259 -9360.8 -8789.6
7260 -8801.9 -8829.4
7261 -10165.2 -8990.6
7262 -10408.5 -8684.6
7263 -10277.7 -8716.2
7264 -9011.7 -8755.6
7265 -10140.5 -9250.3
7266 -10380.2 -9053.2
7267 -9385.9 -8672.9
7268 -9428 -8694.2
7269 -4667 7125.6
7270 -9416.6 -7997.9
7271 -9423.8 -8199
7272 -9431.7 -8515
7273 -9200 -8507.2
7274 -9118.6 -7795.8
7275 -10307.5 -8708.2
7276 -9225.7 -8401.8
7277 -9549 -8526.3
7278 -10096.5 -9320.7
7279 -4912.6 12896.9
7280 -4676.9 7065.5
7281 -4975.3 12732.3
7282 -4942.7 12891.9
7283 -1765.3 8214.5
7284 12257.6 674.4
7285 12449.3 780.8
7286 12035.4 546.7
7287 12633.1 919.7
7288 12653.9 902.3
7289 12585.2 963.4
7290 12688.8 869.6
7291 -4662 7154.2
7292 12911.7 1020.6
7293 13212.4 1066.4
7294 13192.4 1142.1
7295 12898.5 1089.7
7296 13174.4 1211.3
7297 13282.1 1158
7298 12885.2 1160.7
7299 13150.3 1309.4
7300 12709.2 1324.2
7301 13128.1 1397.2
7302 -4636.1 7120.5
7303 13223.9 1414.1
7304 12722.5 1231.2
7305 12866.2 1258.7
7306 12926 950.3
7307 12981.2 960.1
7308 12991.4 890.7
7309 13229.5 1005.5
7310 13246.8 937.1
7311 13002.1 822.8
7312 13012.2 754.2
7313 -4817.7 7147
7314 13087.5 838.2
7315 13023.2 689
7316 13101 745.7
7317 13265.5 865.5
7318 13319 796.4
7319 13353.6 921.2
7320 13056.2 525.1
7321 13416.8 660.3
7322 13371.3 726.7
7323 13824.9 922.2
7324 -4406 7083.5
7325 13827.6 833.9
7326 13823.1 1017.2
7327 12999.4 574.9
7328 13822.7 1082.3
7329 13820.1 1129.9
7330 13819.7 1165.3
7331 13840.6 1155.8
7332 13629.4 1098.7
7333 13298 1073.1
7334 14096.2 -2225.8
7335 -861.7 3761
7336 -4382.9 7078.9
7337 13703.5 -1858.1
7338 13930.1 -1743.7
7339 13902.7 -2134.1
7340 13365.6 1173.5
7341 13324.8 1429.6
7342 1258.2 6430.6
7343 1292.7 6395.9
7344 1178.6 6354
7345 1309.6 6221.2
7346 1390.6 6295.9
7347 -4361 7024
7348 1522.9 6164.4
7349 1466.2 6373.1
7350 1598 6237.4
7351 926.5 4523.5
7352 1647.8 6198.9
7353 1678 6193.5
7354 1679.6 6063.6
7355 1737.1 6014.6
7356 -4625.3 5829.7
7357 -7477.5 4896.2
7358 -4451.2 7091
7359 -4790.6 5919
7360 7538.3 -8338.7
7361 7441.4 -8428.8
7362 7339.7 -8316.9
7363 7585.2 -8267.3
7364 7523.2 -8321
7365 7425.8 -8411.7
7366 -5759.8 2403.7
7367 -2108 -2222.8
7368 -2098.2 -2155.6
7369 -4612.5 7402.7
7370 -1887.6 -2120.4
7371 -1837 -2118.4
7372 9969.5 3208.8
7373 9982.1 3318.3
7374 -5014.1 8233.5
7375 -4908.9 8212.5
7376 2086.6 2508
7377 2583.4 2880
7378 2791.5 2847
7379 17251.4 -2983.2
7380 -4754.3 7231
7381 17272.2 -3008.2
7382 17295.1 -2971.2
7383 17294.5 -2998.2
7384 -8199.7 9411.1
7385 2113 1875
7386 2104.7 1957.8
7387 2202.4 1887.5
7388 2024.2 1862.6
7389 2012.5 1946.6
7390 3176.7 1754.1
7391 -2696.1 1707.1
7392 3352.6 1774.9
7393 3359.3 1736.8
7394 3553.6 1762.8
7395 3402.7 1687.7
7396 2654.1 3154.7
7397 -1028.4 1925
7398 11517 -1300.2
7399 11551.7 -1211.1
7400 11488.5 -1289.9
7401 11516.7 -1200.6
7402 -2813.5 1874.3
7403 11468.9 -1562.8
7404 11478.1 -1538.1
7405 2848.9 3332.8
7406 2907 3295
7407 2784.6 3274.5
7408 2542.3 3054.9
7409 2586.8 3005.3
7410 3920.6 4365.2
7411 3780.1 4161.2
7412 4016.3 4214.2
7413 -2606.3 1768.2
7414 3587.4 4262.8
7415 3599.8 4045.7
7416 -1735.2 7892.1
7417 -1614.2 7822.1
7418 -1627.5 7777.8
7419 -1533.6 7810.1
7420 -1518.3 7799
7421 -1483.5 7738
7422 3731.4 4242.3
7423 3824.1 4088.8
7424 -2437.4 572.4
7425 3690.9 4104.2
7426 3870.3 4020.1
7427 4061.3 4143.5
7428 2855.4 2855.3
7429 -1825.3 6310.6
7430 -1561.8 6056.5
7431 -1729.4 6239.4
7432 -1524.2 6095
7433 1917.5 4031.7
7434 2099.3 4253.4
7435 -2374.4 571.2
7436 2294.4 4489.2
7437 2389.1 4603
7438 1952.3 4005.6
7439 2049.8 4193.5
7440 2248.5 4432.9
7441 2197.5 4196.2
7442 2343.6 4547.4
7443 1906.1 4520.9
7444 1862.6 4558.3
7445 2635.9 3539.6
7446 -1103.3 3683.1
7447 -2426.2 648.1
7448 2862.6 3740.8
7449 3072.5 3930.3
7450 2689.7 3504.4
7451 2899.8 3697.1
7452 3098.4 3875.2
7453 3094.1 3465.9
7454 3241 3592.5
7455 1371 2337.9
7456 1448.1 2407.8
7457 1505 2536.2
7458 -2536.1 -82.9
7459 1642.3 2604.6
7460 1609.2 2637.6
7461 1520 2170.5
7462 1553 2323.3
7463 1570.2 2534.7
7464 1537.9 2568.2
7465 1643.2 2459.4
7466 1783.6 2609.7
7467 1843 2670.7
7468 1861.1 2538.2
7469 -2522.4 -58
7470 1693.9 2315.6
7471 1728.4 2350.5
7472 1760.8 2250.3
7473 1667.3 2342.8
7474 1599.3 2412.3
7475 1536.1 2501.5
7476 1701.8 2376.7
7477 1697.7 2200.7
7478 1769.9 2749.5
7479 4483.1 5416.2
7480 -2508.8 -97.6
7481 4579.4 5577
7482 4498.7 5496.9
7483 5026.2 5977.4
7484 4421 5439.2
7485 4307.4 5516.5
7486 4374.1 5454.8
7487 4470.3 5359.2
7488 4464.4 5335.8
7489 4377.6 4870.7
7490 4283.2 5017.1
7491 -12097.9 6865.4
7492 4122.2 4862.3
7493 4561.3 4987.9
7494 5086.8 5399.4
7495 4832 5375.6
7496 4370.9 5077.6
7497 5024.2 5499.1
7498 4961.5 5595.8
7499 5265 5513
7500 5148.6 5304.5
7501 5481 5651.4
7502 -12189 6939.6
7503 5207.1 5209.8
7504 5444.7 5230.4
7505 5326.2 5022.4
7506 5384.6 4928.4
7507 5505 5134.9
7508 5563.4 5042.2
7509 4202.4 4330.6
7510 2895.2 5197.3
7511 8285.3 -4908.1
7512 8255.5 -4909.3
7513 -12329.5 6779.9
7514 8283.5 -4948.3
7515 8467 -5052.1
7516 8481.5 -4973
7517 7190.8 4359.7
7518 7110.7 4413.1
7519 7315.6 4428.2
7520 7482.7 4163.7
7521 8357.1 4719
7522 8286.4 4702
7523 8167.1 4859.5
7524 -12297.7 7006.3
7525 7524.9 5342.3
7526 7566.3 5363.3
7527 7477.7 5318.5
7528 7726.3 5190.1
7529 6174.4 4289.5
7530 3330.8 3410.4
7531 3307.6 3461.5
7532 3173.9 3368.5
7533 3273.7 3527.2
7534 3133.4 3417.2
7535 -4216.9 1400.7
7536 -12315.3 4019
7537 -12305.6 4056.2
7538 2328.7 6202.7
7539 1108.2 3261.2
7540 1199.8 3173.4
7541 1895 2717.2
7542 1484.8 3049.1
7543 1376.2 3158.4
7544 1549.1 2991.9
7545 1525 2967.1
7546 -4214.4 1379.3
7547 1805.5 3257.2
7548 1834.2 3434.5
7549 1635.2 3709.3
7550 1514.6 3499.4
7551 2142.3 2938.9
7552 1815.7 2792.7
7553 1644.9 3232.8
7554 1627.9 3252.4
7555 1673.9 3263.3
7556 2086.7 3496.4
7557 -1885.5 3038
7558 -4167.2 1377.8
7559 2154.1 3567.3
7560 1266.2 3250.3
7561 2196.4 2986.7
7562 2122.6 3069.6
7563 1330.6 3328.8
7564 2016.2 2974.1
7565 2091.4 2892.9
7566 2064.1 3017.1
7567 1967.6 2930.5
7568 1556.3 3134.7
7569 -4132.8 1383.6
7570 2044.5 2851.7
7571 1921.9 2888.8
7572 1453.3 3356.3
7573 1487.4 3519.6
7574 1527.8 3096.8
7575 1510.2 2951.8
7576 1506.8 3335.3
7577 1971.5 3425.7
7578 1994.7 2807.8
7579 1705.5 3297.2
7580 -4150.5 1417.8
7581 1698.6 3240.7
7582 1769.3 3219.2
7583 1908.6 3365.5
7584 1526.4 3319.4
7585 1747.4 3196.3
7586 1889.6 3506
7587 1858.8 3474
7588 1391.2 3870.6
7589 1340.2 3938.9
7590 1289.4 3786.8
7591 -4166.6 1456
7592 75.7 4390
7593 1239.7 4274.3
7594 1180.5 4322.1
7595 1143.5 4158.6
7596 1396.6 3894.8
7597 1222.8 4120.3
7598 1235.2 4664.5
7599 830.7 4599.5
7600 -99.5 4113.7
7601 17305.9 -3045.8
7602 -4203.3 1583
7603 5729.8 -9864.8
7604 5619.6 -9874.7
7605 5815.6 -9963.3
7606 5683.1 -9905.3
7607 5884.4 -10041.6
7608 5769.2 -10003.9
7609 5791.8 -10122.8
7610 5637 -9945.4
7611 5717.1 -9944.3
7612 5723.1 -10044.3
7613 -4218.5 1644.6
7614 5735 -9964.7
7615 6828.6 -10895.2
7616 -678.9 -4597.1
7617 -1289.4 -2992.2
7618 4042.4 -4040.5
7619 4258.5 -4021.4
7620 5352.4 -4669.5
7621 4250.9 -3850
7622 5294.7 -4766.1
7623 -2727.5 -4251.8
7624 -4251.7 1528.5
7625 -3075.4 -6614.2
7626 -2731 -4513.4
7627 -2726.3 -4970
7628 -2496.5 -5260.3
7629 -2589 -5280.1
7630 207.9 -7592.7
7631 9936.4 -3827.7
7632 9975.3 -3770.7
7633 9651.6 -3627.4
7634 9690.6 -3571.9
7635 -7264.2 2907.9
7636 9729.7 -3516.5
7637 9555.3 -3478.1
7638 10015.6 -3714.7
7639 9769.2 -3460.3
7640 9595 -3421
7641 9398.4 -3284.3
7642 9634.2 -3365.7
7643 9384.7 -3303.4
7644 9437.9 -3229.4
7645 10054.4 -3658.2
7646 -7247.9 2922
7647 9808.2 -3404.3
7648 9673.5 -3310.1
7649 9450.4 -3211.9
7650 9367.9 -4054.2
7651 9370.9 -4014.9
7652 9400.2 -4058.8
7653 9334.6 -4058.4
7654 10956.5 -3006
7655 8311.4 -3643.9
7656 8692.4 -3962.7
7657 -7404.1 3049.8
7658 9383.3 -3985
7659 9235.9 -4141.7
7660 9031.5 -3967.4
7661 8740.3 -3717
7662 2531.9 1742.6
7663 -4801.2 -5914.6
7664 -4470.3 -5606
7665 -4777.1 -5835
7666 -4786.5 -5861.4
7667 -1276.8 -1851.2
7668 -1922.4 3084.2
7669 -7155.2 3013.4
7670 -4788.8 -5922.9
7671 1540.6 6179
7672 14777.8 -3079.4
7673 14716 -3015.7
7674 14713.9 -3142.3
7675 14841.3 -3021.3
7676 14101.8 -2855.1
7677 14146.2 -2918.3
7678 15509.7 -3315.9
7679 15597 -3306.9
7680 -7080.5 2906.4
7681 15423.5 -3324.8
7682 15530.5 -3518.8
7683 14850.7 -2642.8
7684 14720 -2504.8
7685 14784.6 -2705.3
7686 14960.7 -2628.1
7687 15034.3 -2837.2
7688 15138.1 -3089.8
7689 15455.1 -3055
7690 15100.9 -3002.3
7691 -7221.6 3237.6
7692 15683.7 -3298
7693 15706.5 -3498.5
7694 15754.5 -3286.7
7695 15374.1 -3698.7
7696 15461.3 -3690.7
7697 15285.4 -3709.3
7698 15618.6 -3509.3
7699 13864.8 -2224
7700 15706 -3027.2
7701 15724.2 -3113.3
7702 -7208.2 3221.7
7703 14181.7 -2378
7704 14161.8 -2418.9
7705 14279.8 -3116
7706 14223.4 -2873.2
7707 15335.3 -3333.8
7708 15472.8 -3141.3
7709 15436.8 -2967.8
7710 15634.7 -3663.7
7711 15720.6 -3641.9
7712 15548.4 -3681.2
7713 -7264.8 3274.1
7714 14904.9 -2957.4
7715 14631.7 -3222
7716 14601.2 -3125.8
7717 14648.6 -3271.8
7718 15251.3 -2809.8
7719 15140.8 -2820.4
7720 15071.3 -2617.1
7721 14395 -2650.7
7722 15068.6 -2919.6
7723 14968.6 -2897
7724 -7304.4 3155.7
7725 15133.1 -2606.2
7726 15444.1 -3527.3
7727 14473.6 -2618.6
7728 14495.6 -2716.3
7729 15802.5 -3488.8
7730 14662.4 -3313.6
7731 15741.9 -3199.9
7732 13888.1 -2177
7733 14529.5 -2687.7
7734 14545.6 -2933.1
7735 -7504.3 3588.9
7736 14374.6 -2785.8
7737 14721.3 -2765.6
7738 14593.7 -2888.4
7739 14658.8 -2825.7
7740 14588.7 -2625.6
7741 14526.3 -2423.3
7742 15292.2 -3764.4
7743 15828.5 -3611.5
7744 14334.5 -1308.4
7745 14392.4 -1375.9
7746 -7556.7 3639.8
7747 14404.7 -1243.7
7748 14794.3 -2373.2
7749 14843.6 -2297.8
7750 14608.1 -2174
7751 14992.1 -2331.6
7752 14449.3 -1445.9
7753 14527.3 -1256.9
7754 14393.7 -2059.2
7755 14455.8 -2009.4
7756 15042.7 -2254.2
7757 -7518.5 3143.2
7758 14743.8 -2061.8
7759 14583.4 -1327.6
7760 14504.7 -1514.1
7761 14589.1 -1897.8
7762 14522.8 -1953.6
7763 14862.8 -1664
7764 14672.3 -1720.2
7765 14677.1 -2116.2
7766 -10023.6 1749.2
7767 8977.5 4104.4
7768 -7567.4 3197.1
7769 9019.6 4056.9
7770 8952.3 4093.9
7771 8917.5 4082.4
7772 8898.3 4118.2
7773 8263.6 4999.7
7774 8249.5 4972.3
7775 8380.1 4969.5
7776 3545.3 -1491.9
7777 3527.6 -1478
7778 4574.7 116.8
7779 8733.8 -5421.5
7780 -1859.1 2987.9
7781 -7400.2 3256.2
7782 4555.4 10.2
7783 4070.2 -309.5
7784 3364.3 -1057.5
7785 3117.7 -1354.3
7786 4019.8 -251.5
7787 4005.4 -356.5
7788 4736.7 116.1
7789 4499.3 -447.5
7790 355.4 -3014
7791 -4819.7 -10778
7792 -5390.6 -3596.7
7793 -4962.9 -10857.4
7794 -4741.2 -10841.9
7795 -4346.6 -10926.5
7796 -4207.6 -10641.9
7797 -4824.7 -10558.1
7798 -4672.6 -10642.9
7799 -4555.2 -10748.2
7800 -4465.7 -10822.2
7801 -5076.4 -4182
7802 -2788.8 9551.3
7803 -5312.1 -3607.6
7804 -2551.8 4846.3
7805 -2585.9 4769.1
7806 -2614.8 4778.8
7807 -2627.8 4740.1
7808 -9058.1 -9042.6
7809 7956.4 4294.2
7810 7911.6 4356.9
7811 7844.9 4213.9
7812 8009.5 4640.5
7813 7825 4781.1
7814 -5467.9 -3585.7
7815 8057.5 4713.7
7816 7279.9 4499.2
7817 7425.3 4490.2
7818 7263 4805.5
7819 7384.1 4868
7820 7188.9 4767
7821 7311.2 4711.5
7822 7391.7 4555.3
7823 7559.7 4527.9
7824 7564.2 4304.5
7825 -5382.1 -3400.3
7826 7790.8 4583.8
7827 7603.9 4416.5
7828 7519.2 4617.6
7829 7818.2 4881
7830 7897 4930.7
7831 7744.8 4836.2
7832 7563.5 5064.6
7833 7510.9 4995.7
7834 7462.9 5027.3
7835 7565.6 4959.8
7836 -5401.8 -3850.9
7837 7846.3 4446.5
7838 7814.2 4510.6
7839 8080.2 4492.7
7840 6801.5 4830
7841 6949.5 4906.7
7842 6857.5 4719.2
7843 6741.1 4943.7
7844 7761 5313.2
7845 6845.5 4594
7846 6957.3 4651.5
7847 -5945.5 2435.5
7848 6748 4660.1
7849 6946.5 4527.6
7850 7046.5 5098.5
7851 7219.5 5187.2
7852 7165.9 5016.8
7853 6891.3 5020.4
7854 7200.1 4654.8
7855 7105 4606.2
7856 7151.9 4748.4
7857 7239 4576.9
7858 -5940.8 2505.7
7859 7029.5 4468.9
7860 7351.9 4632.9
7861 7566.6 4745
7862 7144 4529.4
7863 7899.3 4828.4
7864 7739.3 4733.1
7865 8236.5 4954.6
7866 8273.5 4925.1
7867 8100 5056
7868 7664.7 4891.1
7869 -6017.5 2442.8
7870 7486.5 4797.6
7871 8270.8 3892.9
7872 8302.8 3853.4
7873 8235.7 3936.2
7874 7998.2 4011.1
7875 7912.4 4612.5
7876 7650.6 4687
7877 7055.4 4700.1
7878 8386.2 3919
7879 7664.6 5105.4
7880 -4490.4 5082.9
7881 7619.3 5139.1
7882 7796.5 5286
7883 7736.9 4476.9
7884 7792.4 4258.2
7885 6678.8 4706.2
7886 8042.4 4566.4
7887 7970.3 4874.5
7888 7992.6 4990.4
7889 8103.3 4774.5
7890 7419.5 5288.9
7891 -1850.6 3068
7892 -4782.6 4212.5
7893 7322.2 5239.1
7894 7344.7 5107.7
7895 7284 4935.4
7896 6836.2 5085.9
7897 8131.5 4426.1
7898 8012.6 4218
7899 7140 4861.9
7900 8127.1 4664
7901 8097.7 4656.1
7902 8191 4678.5
7903 -4947.6 3386
7904 7805.9 4136.9
7905 7940.5 4047.9
7906 7764.9 4060.9
7907 7006.6 4794.7
7908 7722.5 3998.5
7909 7290.8 5223.5
7910 6908.3 4745
7911 6691 4918.7
7912 8216.7 4685.3
7913 2305.8 3759.6
7914 -4969.9 3363.7
7915 14620.7 -3300.7
7916 14439.9 -3497.2
7917 14557.7 -3368.8
7918 12553.4 -380.5
7919 12666.2 -442.2
7920 12399.1 -400
7921 11648.1 -577.3
7922 10786 -219.9
7923 14496 -2967.8
7924 14653.4 -2567.3
7925 -4919.6 3241
7926 4686.6 861
7927 6998.3 -196.1
7928 4624.9 899.8
7929 4631 1061.1
7930 7114 -259
7931 6962.7 -235.9
7932 4691.8 1016
7933 6853.5 -184.9
7934 4488.8 583.5
7935 4560.7 578.3
7936 -4983.9 3485.8
7937 -4.6 4502.5
7938 129.6 4725.9
7939 3011.9 3418.6
7940 -10594 9669.5
7941 2332.6 -5555.2
7942 2374.2 -5600.8
7943 2473.8 -5425.5
7944 2523.4 -5461.8
7945 -537.1 5981.2
7946 3233.6 9793.3
7947 -2335 1765.5
7948 5621.8 -6450.7
7949 5637 -6627.5
7950 -4459.7 8120.2
7951 14159 2127
7952 13638.7 2165.5
7953 13304.4 2190.9
7954 -6352.9 9407.4
7955 -6400.7 9468
7956 -6330.8 9461
7957 -6591.7 9531.9
7958 -2432.3 1886.3
7959 -6633.6 9562.7
7960 -6344.6 9703.1
7961 -6506.4 9590.8
7962 -6642.1 9771.9
7963 -6384.6 9501.2
7964 -6701.9 9720.8
7965 -6473 9909.4
7966 -7777.3 10158
7967 -7965 10077.3
7968 -8301.8 10452.5
7969 -2425.2 1691.5
7970 -8373.8 9947.8
7971 -8437.5 9675.6
7972 -8543.2 9792
7973 -8268.4 9832.2
7974 -7882.5 9694.6
7975 -8415.6 10285.3
7976 -8029.2 9856.3
7977 -9569.3 3887.3
7978 6286.7 4972.1
7979 6357 4924.7
7980 -1973.6 2261.4
7981 5071 4587.9
7982 4978.3 4732.3
7983 5099.9 4606.3
7984 4932.3 4803.7
7985 5084.8 4395.4
7986 6209 5024.8
7987 6132.7 5076.9
7988 6302.7 5283.9
7989 4636.8 4452.8
7990 6220.4 4710
7991 -1909.1 2294.8
7992 5887 5911.8
7993 5976.6 5838.6
7994 5657.6 5765.9
7995 6092.7 5908.8
7996 6094.6 5416
7997 6056.7 5389.5
7998 6119.1 5398.4
7999 6025 5468.5
8000 6076.1 5232.1
8001 5997.9 5351.7
8002 -3639.9 1467.4
8003 -2001.8 2234.5
8004 6348.6 5545.6
8005 6571.3 5688.7
8006 6446.6 5471.6
8007 6256.3 5615.9
8008 6218.4 5321.7
8009 5932.9 5543.6
8010 5693.2 5389.3
8011 5834.6 5481.7
8012 5585.1 5517.6
8013 6135.5 5268.7
8014 -1403.1 2374.4
8015 6393 5839.4
8016 6293.6 5918.4
8017 6163.2 5689.4
8018 6066.1 5765.6
8019 5840.7 5619.4
8020 5739 5621.7
8021 5794.1 5657.9
8022 5696 5593.3
8023 5749.3 5692.3
8024 5607.8 5733.3
8025 -1595.2 2249.9
8026 5307.3 5874.3
8027 6785.8 5146.9
8028 7020.3 5273.8
8029 6571 5032
8030 6715.3 5214
8031 6944.8 5344.6
8032 6504 5095.6
8033 6640 5285.2
8034 6568.1 5355.2
8035 6795.1 5493.2
8036 -1522.9 2537.2
8037 6359.7 5230.5
8038 6511 5411.1
8039 6246.3 5339.7
8040 5426.3 5722.2
8041 6627.6 4975.8
8042 5372.8 5790.6
8043 5339.5 5833.7
8044 6081.6 4752.2
8045 6266.2 4640.7
8046 6291 4557.5
8047 -1340 2288
8048 7071.2 5304.4
8049 6870 5417.7
8050 7142.7 5244.2
8051 6734.1 5552.8
8052 6432.7 5164.1
8053 6379.1 4419.4
8054 6337.2 4489.3
8055 6463.4 4321.2
8056 6422.5 4065.2
8057 6247.5 4433.7
8058 -3618 -974.4
8059 6539.9 4253.7
8060 7285.3 5685
8061 7220.6 5627.5
8062 7379.8 5613
8063 7081.1 5502.9
8064 7582.2 5457
8065 7414.7 5587.2
8066 7329.1 5545.1
8067 7222.7 5405.8
8068 7344 5311.8
8069 -3619 -875.6
8070 7498.7 5523.6
8071 7450.2 5451.9
8072 7397.9 5382.1
8073 7275.8 5475.1
8074 7153.7 5568
8075 7162.1 5451.2
8076 7287.7 5357.1
8077 8219.4 5127.2
8078 8270.2 5172.9
8079 8204.3 5112.6
8080 -3617.1 -1077.5
8081 8707.6 4799.5
8082 8495.4 5002.1
8083 8585.3 4772
8084 8937.3 4853.3
8085 8294 5194.3
8086 8336.7 5230.4
8087 8016.5 5588.3
8088 8174.2 5083.3
8089 7882.5 5461.6
8090 8422.3 4930.2
8091 -3797.8 -993.7
8092 8500.3 4749.5
8093 7938.5 5531
8094 8068.1 4148.3
8095 8123.8 4077.5
8096 8231 4275.8
8097 8803.8 3763.6
8098 8741.5 3712.2
8099 8867.4 3816.1
8100 8763.7 3815
8101 8717.8 3873.8
8102 -3711.4 -984.4
8103 8827.3 3866.8
8104 8701.7 3764.7
8105 8656.3 3821.6
8106 8618.2 3790.2
8107 8506.4 3664.4
8108 8563.7 3744.9
8109 8466.3 3981.8
8110 8795 4038.6
8111 8800.4 4245.2
8112 8286.8 4204.7
8113 -3679.6 1437
8114 -3790.2 -912.9
8115 8344.2 4137
8116 8676 3575.6
8117 8493.1 3440.4
8118 8179.4 4349.9
8119 8195.2 4323.7
8120 8320.5 4001.8
8121 8401.1 4064.2
8122 8832.7 3981.2
8123 8780.9 3925.2
8124 8889.1 3917
8125 -3909.6 -951.5
8126 8211.8 4477.2
8127 8179.5 4006.5
8128 8166.2 4550.4
8129 8355.3 4425.4
8130 8288.3 4526.1
8131 8429.4 4473.5
8132 8277.3 4374.6
8133 8243.6 4596.3
8134 8366 4574.8
8135 8321.9 4645.4
8136 -3871.6 -966.3
8137 8378.6 4554.7
8138 8340.5 4615.6
8139 8439.7 4594.1
8140 8402.9 4652.7
8141 9449.9 4212.2
8142 9375.8 4146.3
8143 9646.6 4380.6
8144 9340.7 4334.1
8145 9040.1 4074.3
8146 9153.3 3949.5
8147 -3850.9 -743.3
8148 9118.7 4142.4
8149 9112.7 3777.6
8150 9095.8 3849.7
8151 9226.1 3863.7
8152 9084 3889.6
8153 9192.5 4206.2
8154 9302.1 4081.2
8155 9297.6 3929.1
8156 9226.5 4014.2
8157 9374.2 3999.3
8158 -4040.1 -885.8
8159 9658.5 4263.6
8160 9702.1 4304.1
8161 9666 4313
8162 9445.2 4064.5
8163 9163.3 4542.7
8164 9350.4 4696.9
8165 8955.3 3980
8166 9043.6 4013.9
8167 9071.6 3930.9
8168 9366.4 4711.2
8169 -3984 -922.2
8170 9839.6 4527
8171 9322 4732.8
8172 10115.1 4271.2
8173 10092 4251.4
8174 10117.1 4477.1
8175 9819.8 4363.9
8176 10087.8 4601.8
8177 9885.8 4289.7
8178 9994.6 4164.5
8179 9991.9 4364.7
8180 -3953.3 -718.5
8181 9028.8 3644.1
8182 8942.1 3568.8
8183 9129.3 3602.3
8184 9190.9 3790.4
8185 9394.8 3566.3
8186 9238.8 3631.5
8187 9378.2 3495.8
8188 9359.3 3397.7
8189 9446.7 3682.7
8190 9203.6 3569.4
8191 3923.6 -5512.4
8192 9371.8 3463.8
8193 8831.2 3240.7
8194 8759.6 3110.9
8195 8622 3353
8196 9297.1 3744.8
8197 8472.7 3263.6
8198 9252.7 3657.7
8199 9568.4 3240.7
8200 8343 3557.5
8201 12587.8 -466
8202 3978.3 -5564.3
8203 12691.6 -508.5
8204 12439.5 -432.5
8205 12460.9 -506.7
8206 14498.2 -317.2
8207 14661.5 -201.8
8208 14559.9 -386.2
8209 14437.1 -248.5
8210 14188 33.8
8211 13964.9 -115.9
8212 14300 -130.7
8213 3803.9 -5707.6
8214 14640.2 11.6
8215 14694.9 -65.1
8216 14590.4 89
8217 14562.5 -43.2
8218 14801.9 105.3
8219 14367.8 -170.4
8220 14415.7 -222.2
8221 14190 -324.3
8222 14732.5 118
8223 15024.5 63.4
8224 -3635.7 1568.6
8225 4189.8 -5218.2
8226 14623.5 -453.8
8227 14641.6 -467
8228 14750 -553.3
8229 14610.3 -507.4
8230 14514.2 -606
8231 14802.4 -597.2
8232 14595.7 -137.4
8233 14619.7 -120.7
8234 14717.6 -264.9
8235 14844.9 -262.7
8236 2639.2 818.8
8237 14546.9 156.5
8238 14168.7 -209.6
8239 14099.7 -131.7
8240 14110.2 -251.2
8241 14924.4 -107.4
8242 15037.7 -128.1
8243 14748.1 -138.8
8244 14039.1 -183.3
8245 14058.7 -659.8
8246 14121 -739.2
8247 2650.6 746
8248 14131.6 -603.7
8249 14388 -523.4
8250 15030.9 -37.8
8251 14344 -560.9
8252 14258.8 -448.5
8253 14280.7 -615.2
8254 14435.9 -677
8255 14285.7 -485
8256 14200.2 -676.4
8257 14240.5 -890.8
8258 3804.4 -216.2
8259 14512.5 169.7
8260 14545.5 176.6
8261 14348.3 217.1
8262 14361.3 121.4
8263 14381.7 -746
8264 14457.7 -659.5
8265 14258.3 -506
8266 14144.8 -343
8267 14004.4 -212.8
8268 13932.3 -153.6
8269 3416.8 -241.3
8270 13872.9 -230.1
8271 13796.9 -325.4
8272 14745.3 -1170.5
8273 14654.9 -1253.6
8274 14787.5 -1209.8
8275 14617.2 -1050.6
8276 14808.7 -1228.9
8277 14638.8 -1394.4
8278 14869.5 -1298.6
8279 14545 -1113.5
8280 4644.5 -1188.2
8281 14808.7 -1598.6
8282 14751.3 -1528.9
8283 14985.2 -1431.1
8284 14659.8 -886.7
8285 14722.8 -828.7
8286 14863.6 -1116.4
8287 14546.8 -2225.6
8288 14469.8 -1183.6
8289 14318.3 -819.7
8290 14616.4 -1651.4
8291 4686.6 -1235.8
8292 14925.8 -1363.1
8293 14695.6 -1460.6
8294 15044.5 -812.9
8295 14790.8 -760.1
8296 14936.4 -1030.2
8297 15341.4 -2325.3
8298 14561.8 -1584.3
8299 15419 -2882.7
8300 14299.3 -2829.5
8301 14424.6 -3017.4
8302 4534.7 -1059.6
8303 14350.8 -3066.3
8304 14143.7 -3241.9
8305 14197.2 -3185.8
8306 11846.6 -2050.7
8307 11785.5 -2137.7
8308 4148.7 -10949.3
8309 4026.6 -10886.5
8310 4006.8 -10777.2
8311 3958.2 -10807.9
8312 3657.3 -11360.3
8313 4590.6 -1253.8
8314 -4256.1 -10347
8315 -4319.5 -10324.2
8316 -4137.7 -10389.4
8317 -4393.2 -10297.8
8318 -4220.2 -9809.8
8319 -4432.3 -10283.8
8320 -3972.7 -9913.7
8321 -4136.8 -9844.8
8322 -4257.8 -9793.3
8323 -4288.7 -9779.8
8324 5015.5 -1605.8
8325 -4463.1 -10272.8
8326 -3666.2 13232.2
8327 -3741.8 13069.9
8328 -3687.2 13181.6
8329 9621.1 3347.6
8330 -7576 -7654
8331 -7286.5 -8760.7
8332 -7312.4 -8824.5
8333 -7339 -8689.1
8334 -7261.8 -8750.3
8335 -3642.3 1420.5
8336 4875.5 -1462.1
8337 -7304.3 -8630.2
8338 2024.1 -12477.8
8339 1988.6 -12444
8340 2797.5 -13440.8
8341 1343 -12967.6
8342 1885.4 -12306.7
8343 1873 -12281.8
8344 2012.3 3260
8345 2059.8 3294.6
8346 1955.4 3321.8
8347 5024.7 -1644.4
8348 1749.6 4320.4
8349 1894.2 3249.8
8350 1579.4 4008.2
8351 1471.7 4090.4
8352 1649.6 4313
8353 1706.8 4316.8
8354 1707.3 4402.4
8355 1535.1 4164.5
8356 2759.2 3159.7
8357 1949.8 3185.3
8358 3572 -2648.7
8359 1737.5 3818.5
8360 2827.4 3221.7
8361 1928.5 3284.5
8362 1881.6 3647.5
8363 1736.4 3269.1
8364 2787.4 3185.1
8365 1118.1 5026.9
8366 -15.6 4374.8
8367 -46.2 4326.1
8368 -110.4 4429.6
8369 4313.7 -2587.4
8370 -143.4 4379.9
8371 1782.8 2315.8
8372 1755.1 2346
8373 1148.5 2607.3
8374 1165.1 2648.1
8375 965.1 2667.2
8376 3413 1611.5
8377 3423.2 1745.3
8378 4010.4 2870.1
8379 4048.3 2811.4
8380 5286.4 -1948.6
8381 1764.8 2131.5
8382 1852.7 1922.4
8383 1811.8 1916.4
8384 1834.1 2002.6
8385 1989.6 2180.7
8386 2080.5 2096.2
8387 1989.1 1943
8388 2003.3 2005.6
8389 1981.6 2002.6
8390 2039.8 2051.7
8391 5040.1 -1662.8
8392 2208.2 2089.2
8393 830 2919.7
8394 876.3 2879.1
8395 849.3 2926.5
8396 1387.3 1664.5
8397 1165.1 1613.7
8398 3434.3 3573.7
8399 3411.1 3578.3
8400 3418.3 3556.4
8401 2520.7 4464.7
8402 5451.9 -2152.7
8403 2102.4 4073.5
8404 2149.9 4089.9
8405 2318.1 4249.2
8406 2382.7 4315.6
8407 2268 4295.1
8408 2304.6 4107.8
8409 2098.2 3985.1
8410 2327.4 4365.6
8411 293.3 2026.1
8412 -5998 -1875.8
8413 5165.2 -2031.3
8414 -4013.2 11907.6
8415 -7260.5 8516.8
8416 -7012.7 -230.3
8417 -3342.8 -7059.4
8418 -3403.5 -7004.9
8419 -3344.5 -7144.4
8420 -2772.9 -6324.4
8421 -1679.2 -4990.8
8422 -1890 -4986.5
8423 -2049.1 -4981.5
8424 5543.9 -1748.7
8425 -2171.1 -4978.5
8426 -2272.3 -4976.3
8427 7469.3 1530.5
8428 2966 6803.8
8429 15129.4 966.1
8430 -7158.6 6132.5
8431 -3548.2 8068.9
8432 -3653.4 7937.9
8433 -1553 8113.6
8434 1126.3 6735.9
8435 5602.8 -2339
8436 1103.3 6711.1
8437 1074.5 6671.7
8438 1070 6709.6
8439 1151.7 6537.9
8440 1047.7 6643.7
8441 1224.8 6639.8
8442 1400.9 7660.2
8443 1337.5 7796.9
8444 -5783.7 2885.4
8445 -845.1 7172.2
8446 -3506.4 1597.2
8447 5563 -2581
8448 -809.8 7484.4
8449 -3706.4 5528
8450 528.5 6137
8451 -10637.6 9232.1
8452 -10560 9316.9
8453 -10539.1 9155.6
8454 -10471 9233.9
8455 -10706 9149.4
8456 -10643.1 9733.6
8457 -10494.5 9395
8458 5469.9 -2173.8
8459 -10783 9665.2
8460 -10421.4 9474.4
8461 4201.8 -1894.4
8462 4223.3 -1918.4
8463 4175.6 -1863.7
8464 4198.8 -1799.2
8465 4234.1 -1801
8466 -4496.3 12598.4
8467 275.6 8630.3
8468 2214.4 -5617.4
8469 5594.1 -2073.9
8470 2199.5 -5698.8
8471 2278.5 -5689.1
8472 2315.8 -5291.6
8473 2708.1 -5965.3
8474 2326.5 -5643.9
8475 2364.5 -5784.6
8476 2415.6 -5840.4
8477 2319.5 -5825.4
8478 2522 -6135.5
8479 2570.1 -6188.3
8480 5677.6 -2423.1
8481 2953.6 -5822.8
8482 2183.5 -5781.9
8483 2156.9 -5914.3
8484 2185.9 -5946.5
8485 2609.6 -6230.5
8486 2526.1 -6229
8487 2266 -5872.8
8488 2239.1 -6002.9
8489 2927.7 -5465.7
8490 2788.3 -5611.3
8491 6615.7 -3292.3
8492 4528.1 -5390.4
8493 4733.5 -5141.7
8494 -3525 4162.7
8495 -3549.2 4172
8496 -3495.9 4237.1
8497 -3524.4 4248.2
8498 400 6503.9
8499 554.3 6478.7
8500 465.1 6566.8
8501 623.3 6543.3
8502 6702.7 -3300.2
8503 2889.7 -10185.4
8504 239.3 -2709.2
8505 209.7 -2699.9
8506 362.8 1691.6
8507 -1486.5 7002.8
8508 -1516.8 6918.5
8509 -1666.9 7078.8
8510 -1602.9 6961.9
8511 -1610.2 7103.4
8512 -1508.2 7174.8
8513 6598.1 -3505.7
8514 1852.6 -597
8515 5604.3 -562.4
8516 5717.8 -120.5
8517 5557.8 -753.3
8518 5660.5 -571.6
8519 6091.9 -175.9
8520 6019.6 -569.8
8521 5912.5 -146.7
8522 6671.1 -168.2
8523 6698.1 -86.2
8524 -11846.6 8017.2
8525 4597.3 541.8
8526 4713.4 -17.3
8527 4484.3 -382.2
8528 5571 -74.1
8529 -3606.6 2279.9
8530 -3450.4 2877.2
8531 -1880.1 3256.1
8532 676.6 3611.7
8533 691 5086.4
8534 758 5186.1
8535 -11808.2 7822.6
8536 2913.3 5214.4
8537 -571.2 5899.9
8538 -590.4 6003
8539 9741.9 244.2
8540 9874.9 314.7
8541 8838.2 172.7
8542 10370.8 575.3
8543 8068.4 -4920.5
8544 -2132.5 5074.8
8545 -1622.5 4832.4
8546 -11992.8 8108.6
8547 -1226.7 5325.1
8548 -1242.7 4244.2
8549 -1186.2 4301.4
8550 -1550.2 4539.3
8551 -639.5 5734.7
8552 -1195.6 9966.1
8553 977.2 6559.8
8554 1149.9 9999.5
8555 -12219.9 8391.4
8556 658 309.5
8557 -5724.7 2456.2
8558 -11681 7847.3
8559 812.3 294.5
8560 823.2 214.2
8561 674.6 192.8
8562 818.2 251.1
8563 590 218.2
8564 583.7 261.5
8565 464.7 200.3
8566 669.3 229.7
8567 457.7 243.5
8568 461 281.2
8569 -11640 7645.4
8570 578.5 298
8571 663.2 273
8572 2608.2 308.1
8573 -12124.8 4245.9
8574 3213 -6882.9
8575 -1962.6 7479.8
8576 10540.4 -346.8
8577 10730.5 -395.1
8578 10568.4 -184.9
8579 10004.4 -616
8580 -11603.1 7448.7
8581 11028.4 -1196.5
8582 10951.9 -1171.2
8583 11006.1 -1257.2
8584 11043.1 -1294.5
8585 11186 -1313.8
8586 11085.3 -1272.7
8587 11106.1 -1218.1
8588 10925.2 -1225.8
8589 10807.6 -1284.1
8590 11048.8 -1141.9
8591 -11512.9 7670.3
8592 10984.4 -951.7
8593 11010.4 -961.6
8594 10899.8 -1216.7
8595 10976.9 -1051.2
8596 11174.1 -725
8597 11037.9 -811.9
8598 11134.1 -830.8
8599 15004.2 -945.3
8600 5369.7 -4210.1
8601 5275.4 -4110.7
8602 -11768.1 7620.5
8603 -1677.1 6730.1
8604 293 -6032.7
8605 15150.3 37.1
8606 15092.4 49
8607 15138.4 208.8
8608 15232.1 43.6
8609 12575.7 -855.3
8610 12534.1 -862.5
8611 12625.3 -834.9
8612 -3373.3 -6929
8613 -11728.6 7424.3
8614 12107.9 -294.8
8615 -2354.4 6178.9
8616 -3457.2 1536.5
8617 1364.3 6469.3
8618 397.1 -1739.9
8619 -331.6 -1332.6
8620 -340.9 -1299.5
8621 395.5 381.1
8622 1311.8 11627.9
8623 -8040.3 3561
8624 -11823.4 7197.9
8625 5046.5 -5733
8626 5108.2 -5772.9
8627 6420.2 -3769.6
8628 6442.6 -3493.8
8629 6464.8 -3227.2
8630 6543.1 -3227.7
8631 6378 -3316.3
8632 6367.8 -3411.7
8633 6267.5 -3273.1
8634 6311.8 -3157.1
8635 -11907.8 7185.6
8636 6142.3 -3323.9
8637 6274.2 -3142.5
8638 6324.1 -3023.7
8639 5824.1 -2985.8
8640 5846.2 -2788.7
8641 5731.4 -2744.8
8642 5729.8 -2648.4
8643 5745.3 -2487.3
8644 4313.6 -1848.9
8645 4280.9 -1902.2
8646 -11841.4 6999.5
8647 5942 -2946.8
8648 6111.9 -2826.1
8649 5802.6 -2677.9
8650 5885.3 -2615.5
8651 5815.3 -2549.9
8652 1122.8 -13288.6
8653 1602 -13461.2
8654 1717.8 -13511.6
8655 2990.5 -13672.1
8656 3009 -13691.6
8657 -11717.4 6646.1
8658 3253.3 -13462.3
8659 2830.3 -13455.9
8660 3226.4 -13453.8
8661 2911 -13544.9
8662 2851.2 -13491.7
8663 2920 -13559
8664 836 -13282.6
8665 3509.2 -2830.2
8666 -8721.2 -2361
8667 27.4 -1524.2
8668 -5698.6 2494.2
8669 -9421.6 5641.1
8670 -4560.5 5785.9
8671 4736.3 -5920.1
8672 4861.6 -5942.3
8673 853.4 10367.7
8674 762.5 10370.9
8675 859.6 10315.8
8676 787.5 10512.7
8677 761.9 10420.6
8678 -1715.9 9608.9
8679 -5014.7 -3823.4
8680 -9793 5653.5
8681 -4603.8 -2312.4
8682 -4456.5 -2274.1
8683 -4583.9 -2238.1
8684 -4475.7 -2345.6
8685 2144.3 -178.7
8686 2128.7 -111.6
8687 2183 -78.9
8688 2178.5 -44.8
8689 2140.5 32.2
8690 2103.5 -82.4
8691 -6394.8 2308.8
8692 362.5 11895.8
8693 240.6 11811.8
8694 -3683.7 8650
8695 -3663.7 8642.4
8696 -3731.8 8668.2
8697 -3609.7 8622
8698 -4916.9 -6276.2
8699 2976 -13719.5
8700 3013.2 -13765.9
8701 2998.4 -13716.6
8702 -6586.9 2409.3
8703 2962 -13683.6
8704 2949.2 -13625.4
8705 707.5 -13319.9
8706 -1219.4 6708.6
8707 -1486.3 6622
8708 -935.5 6778.1
8709 -1065.7 6657.6
8710 -990.3 6816.2
8711 -1048.8 6858.2
8712 -1124.4 6909.8
8713 -6157.3 2183.7
8714 -1370.2 6757.4
8715 -1195.3 6960.3
8716 -1253.3 7001.8
8717 -1379.1 6913.6
8718 -926.2 6997.9
8719 -1357.8 7075
8720 -1306.7 7039.2
8721 -988.1 7065
8722 -1046 7129.6
8723 -1094.6 7182.9
8724 -6091.7 2234.6
8725 -1139.6 7232.3
8726 -1419.3 7113.5
8727 -729.7 5674.6
8728 -695.7 5758.8
8729 -845 5820.9
8730 -1031.2 5801.3
8731 -1117.4 5830.3
8732 -1197.5 5857
8733 -1092.4 5918.6
8734 -998.7 5880.3
8735 -5967.2 1860.8
8736 -1052.8 5995.2
8737 -934.4 6037.4
8738 -4525.1 -5003.1
8739 -4485 -4536.7
8740 -4499.1 -4643.6
8741 -4441.9 -4278.2
8742 -4498.9 -4274.5
8743 -4367.5 -4213.3
8744 -4452.4 -4267.5
8745 -3911.8 -2691.6
8746 -841.8 8170.5
8747 -3908.2 -2665.4
8748 -5171.8 -7082.5
8749 -6633.3 -9513.9
8750 -6519.8 -9356.7
8751 -6604 -9227.2
8752 -517.1 -1232.6
8753 -1051 -883.6
8754 -2546.3 -5294.5
8755 -2367.7 -4974.4
8756 -332.5 -5913.5
8757 -867.3 8076.3
8758 3424.7 -3634.4
8759 4920.6 -6579.5
8760 15773 -437
8761 5539.4 -6530.5
8762 5572.8 -6498.6
8763 5530 -6423.3
8764 5425.9 -6502.9
8765 5599.3 -6433
8766 5632.3 -6402.8
8767 5564.2 -6323.3
8768 -929.6 8183
8769 5636.5 -6321.1
8770 5511 -6323.9
8771 5533.8 -6323.7
8772 5493.3 -6246.1
8773 5610.9 -6321.8
8774 5540.9 -6260.4
8775 5565.4 -5905.5
8776 5171 -6146.5
8777 3749.5 -5669.6
8778 4731 -5525.7
8779 -5765.3 2445.4
8780 -1708.8 8299.3
8781 3636.1 -5860.9
8782 10486.9 4961.7
8783 10636.2 5049.1
8784 10634.3 5086.5
8785 10735 5175.5
8786 1925.4 8502.5
8787 1922.1 8529.6
8788 866 9263.5
8789 901.8 9365.9
8790 974.6 9353.8
8791 -1748.5 8249.1
8792 984.7 9379.1
8793 950.4 9380.5
8794 957.3 9394.3
8795 -784.3 7627.1
8796 -1418.4 7132.1
8797 2917.8 11846.9
8798 3009.6 12133.5
8799 3339.2 10923.1
8800 134.3 12887.3
8801 43.1 12935.2
8802 -1699.8 8333.3
8803 3179.6 8541.4
8804 3606.7 8909.4
8805 3596.8 8918.1
8806 3916.5 9176
8807 4064.7 9286.3
8808 2344.5 7760.4
8809 3599 8717.4
8810 3756.7 8853.8
8811 4381.7 9555.5
8812 4274.6 9527.1
8813 -1670.1 8290.8
8814 -4536.1 743.5
8815 -4528.3 804.3
8816 1135.9 12564.5
8817 1304.3 12440.2
8818 1254.2 12486.2
8819 1356.1 12387.6
8820 1197 12528.4
8821 1319.6 12336.7
8822 1252.1 12357.3
8823 16351.7 -3406.3
8824 -1380.2 8214.5
8825 15838.2 -3662.3
8826 12133.1 -1442.6
8827 12210.8 -1626.9
8828 -5376.2 1224.6
8829 -6390.1 1142.5
8830 1191.5 4092.7
8831 1642.1 1618.3
8832 1703.7 1613.2
8833 1605.6 1613.2
8834 1649.7 1642.8
8835 -1097.6 8205.5
8836 1680.7 1624
8837 1628.2 1646.3
8838 1834.7 1707.8
8839 3904.7 1682.6
8840 3989.9 1701.2
8841 7373 2717.3
8842 10183.6 1047.4
8843 9611.6 3219.2
8844 9635.2 3243.7
8845 2746.8 1075.6
8846 -1493.3 8248.2
8847 3756.1 -2329
8848 9493.9 -524.2
8849 9405.9 -518
8850 9138 -456
8851 8894 -456.3
8852 11786 -1230.5
8853 11847.5 -1279.8
8854 11748 -1202.7
8855 11774.3 -1186.5
8856 11804.2 -1167.3
8857 -1343.7 8343.3
8858 11591.4 -1147.1
8859 11597.7 -1124.3
8860 10468.1 -580.6
8861 11977 -1354.2
8862 12022.9 -1381.6
8863 11944.9 -1336.4
8864 11935.3 -1413.5
8865 12032 -1215.8
8866 11808.8 -1515.9
8867 11872.5 -1296
8868 -1382.1 8132.6
8869 11959.5 -1169.2
8870 11694.8 -1535.3
8871 9516.1 -3532.7
8872 10410.5 -2547.8
8873 9998.6 -2259.5
8874 11885.2 -1122.2
8875 11828.3 -1040.7
8876 11965.2 -1077.3
8877 11928 -1149.3
8878 12106.2 -1101.2
8879 513 8354.4
8880 12178.9 -1147.6
8881 12027.4 -1049.4
8882 12434.5 -899.3
8883 12500.6 -765.1
8884 12581.8 -711.8
8885 12712.5 -808.7
8886 12792.7 -785.5
8887 12770.3 -928.1
8888 12814.2 -778.3
8889 12746.4 -653.5
8890 6850.6 -3956.4
8891 -189.3 1913.3
8892 372.8 8315.5
8893 12873.5 -753.1
8894 12883.3 -877.1
8895 12955.6 -718.3
8896 13289 -570.5
8897 13449.2 -500.1
8898 13333.4 -671.4
8899 13630.3 -419.7
8900 13890.6 7.5
8901 10503.3 224.5
8902 10650.8 252.6
8903 285.9 8278.6
8904 10400.6 497
8905 10527.3 160
8906 10843.9 286.8
8907 10655.6 183.8
8908 11601.2 389.1
8909 11310.6 312.8
8910 11406.9 427.4
8911 11954.1 467.2
8912 11937.2 491.1
8913 11864.4 567.4
8914 32.4 8207.2
8915 11642.9 599
8916 11658.3 671.3
8917 15917.3 -3165.4
8918 3332.4 2645.5
8919 5281.1 2277.6
8920 5167.8 2269.4
8921 5249.6 2253.9
8922 5104.4 2352
8923 4727.4 2162.4
8924 5142.3 2381.7
8925 272 8317.6
8926 5163.6 2396.8
8927 4791.4 2758.1
8928 4770.6 2784
8929 4690.8 2887.2
8930 4754.1 3061.5
8931 -11849.5 6740
8932 -11891.8 6778.9
8933 10195.7 -2662.6
8934 10256 -2573.5
8935 9872.9 -2437.4
8936 1312.6 8212.2
8937 4128.1 -2152.7
8938 4149.6 -2135.8
8939 1804.9 1999.7
8940 398 3036.5
8941 -6873.3 -9435
8942 -6973.2 -9285.8
8943 -5962.6 508.8
8944 -5546.9 -6997.2
8945 -5888.4 -8530.7
8946 -3781.7 -2250.1
8947 1412.4 8347.8
8948 -5626.7 -7983.5
8949 -5283.5 799.7
8950 9934.9 -592.9
8951 9869.2 -497.4
8952 9809 -682.2
8953 9598.2 -773.9
8954 15712.3 -2744.9
8955 1849.7 -12287.8
8956 9796.8 -2545.2
8957 9611 -2519
8958 1290.5 8235.4
8959 9152.8 -2192.9
8960 9295.1 -2294.5
8961 9119.1 -2169
8962 9086.8 -2145.9
8963 9176.5 -2072.1
8964 9052.7 -2121.2
8965 9021.4 -2099
8966 8957.1 -2051.7
8967 9015.2 -1951.1
8968 8877.6 -2010.2
8969 1209 8295.3
8970 8841.7 -1990.9
8971 8806.7 -1972
8972 8912.7 -1875.2
8973 -7106.6 2757.6
8974 -11094 -8377.8
8975 -10946.4 -8428.2
8976 -11007.6 -8645.7
8977 -10624.3 -9231.2
8978 9566.3 -1068.1
8979 8755.2 -909.1
8980 1146.5 8341.1
8981 8829.4 -1067.8
8982 8805.4 -872.2
8983 8686.6 -900.4
8984 8654.7 -968
8985 8634.1 -849.9
8986 8876 -905.9
8987 8988.4 -776.8
8988 8559.2 -758.2
8989 -5296.6 827.6
8990 -5229.7 902.1
8991 1111.3 8339.5
8992 12834.7 -1970.7
8993 12926.8 -1277.7
8994 12977.5 -1363.5
8995 13110.9 -1195.6
8996 12842 -1316.4
8997 12904.7 -1228.4
8998 13039.1 -1448.1
8999 13171.6 -1279.2
9000 12904.6 -1400.9
9001 13009.8 -2094.5
9002 -183.1 1938.9
9003 -1606.6 8806.7
9004 15069.1 357.7
9005 13871.3 39.9
9006 14134.7 165.5
9007 15014 206.7
9008 13209 -1154.1
9009 13078 -1150.5
9010 13032.7 -1085.2
9011 13044.6 -1037.7
9012 12987.2 -1023.5
9013 12943.3 -961.7
9014 -1570.6 8946.2
9015 12975.3 -1070.9
9016 12857.8 -1123.5
9017 13141.1 -996.6
9018 13217.7 -836.5
9019 12749 -1177.3
9020 12807.1 -1265.2
9021 12691.2 -1077.8
9022 12654.1 -1199.1
9023 12811.1 -1019.2
9024 13147 -1913.1
9025 -1630.1 8715.5
9026 12645.2 -985.3
9027 12606 -1100.8
9028 12871.6 -1361.2
9029 12826 -1408
9030 12965.5 -1480.1
9031 12983.9 -1516.3
9032 12928.1 -1430.4
9033 13074.3 -1752.7
9034 13105.9 -1834.4
9035 13045.1 -1665.7
9036 -1470.4 9613
9037 13220.1 -1691.8
9038 13271.8 -1761.8
9039 12948.6 -1768.9
9040 13961.6 -1239.6
9041 13990.2 -1310.9
9042 14123.8 -1667
9043 14032.6 -1700.9
9044 14044.2 -1452
9045 13419.7 -1272.2
9046 13052.7 -798.8
9047 -1468.1 9636.2
9048 13094.7 -892.8
9049 13875.4 -1676.5
9050 12556.2 -1004.7
9051 13232.9 -1363.6
9052 13322.6 -1835.7
9053 13567 -1823.3
9054 13514.1 -1750.9
9055 13619.7 -1895.5
9056 13477.7 -1700.8
9057 13545.7 -1640.3
9058 -1438.3 9650.1
9059 13461.6 -1678.6
9060 13409.6 -1607
9061 13488.8 -1666.2
9062 13494.1 -1569.5
9063 13591.3 -1526.5
9064 13316.2 -1322.8
9065 13377.2 -1407.4
9066 13437.7 -1491.3
9067 13160.3 -1614.1
9068 13352.8 -1528.8
9069 -1475.5 9562.5
9070 13100.8 -1530.4
9071 13292.6 -1445.9
9072 13010.1 -1568.8
9073 12863 -1731.4
9074 13680.1 -1426.5
9075 14090.2 -1272
9076 14016.9 -1379.7
9077 13729.8 -1491.2
9078 13776.6 -1550.8
9079 14043.6 -1370.2
9080 -908 10347
9081 13953.2 -1486.7
9082 13826.9 -1614.8
9083 13979.6 -1557.1
9084 14070.7 -1442.1
9085 14003.8 -1628.7
9086 4014.3 2330.2
9087 4095.3 2467.5
9088 3977.1 2401.3
9089 4204.3 2530.5
9090 3909.2 2572.4
9091 -851.2 10302.3
9092 4366.2 2629.3
9093 3984 2380.2
9094 5610.1 2275
9095 5685 2293.7
9096 5522.3 3026
9097 5319.9 2484.5
9098 5843.4 2329.3
9099 5726.3 2698.9
9100 5501.4 2249.7
9101 5036.3 2654.3
9102 -1007.1 10421.4
9103 4903.7 3239.8
9104 4979.5 3290.1
9105 4961.3 3141.6
9106 4329.7 2907.8
9107 4715.1 3120.9
9108 4545.8 3448.5
9109 4535.4 3401.3
9110 7322.2 2803.4
9111 5139 3251
9112 7595.3 2906.7
9113 104.8 1774
9114 -962.6 10273.1
9115 5449.8 3355.9
9116 6254.4 3508.4
9117 5010.3 3242.7
9118 5055.8 3028.7
9119 6364 1304.5
9120 6213.3 1717.1
9121 7420 2451.2
9122 4510.7 3924.2
9123 6483.1 1368.2
9124 5107.7 3193.2
9125 -806.2 10482.8
9126 5052.3 3179.4
9127 5047.8 3266.6
9128 5041.4 2607.5
9129 3519.8 3993.5
9130 4980.1 1837
9131 3804.4 2975.6
9132 3935.8 2773.3
9133 3729.2 3325.8
9134 3652 3276.2
9135 5178.8 2008.8
9136 -1000.2 10223.2
9137 5164.1 2075.4
9138 5209.6 2015.6
9139 6851.6 2726.4
9140 6808.5 2783
9141 5516 1889
9142 5505 1942.4
9143 5410.3 1796.8
9144 5285.8 2003.7
9145 5378.9 1979.2
9146 5259.6 1960.8
9147 -1019.9 10199.7
9148 5390.4 1918.3
9149 5400.3 1867.6
9150 4997.1 1538.3
9151 4876.5 1484.7
9152 4703.7 1196.5
9153 4503.7 1422
9154 4921.4 1416.9
9155 3790.4 2077.7
9156 3732.4 2043
9157 4248.4 1729.4
9158 -823.8 10090.5
9159 3903.2 2430.6
9160 3694.5 2373.9
9161 4784.3 1188
9162 3886.1 2490.7
9163 4474.4 1762.3
9164 4084.1 1534.1
9165 4496.4 1893.3
9166 3848.1 1801.2
9167 4222.9 1105.9
9168 10102.5 4582.4
9169 -1386.2 10687.1
9170 6783.7 2238.9
9171 -7094.2 -9404
9172 -7036.8 -9206
9173 -7114.4 -8968.3
9174 -160.2 4458.8
9175 -149.6 4502.7
9176 -28.5 4818.7
9177 -190.9 4475.6
9178 -97.1 4670.6
9179 15152.3 -2253
9180 -1381.8 10736.8
9181 -53 4657.7
9182 -71.2 4669.6
9183 12714.3 -1665.9
9184 12729.5 -1507.1
9185 12177.5 -1309.8
9186 12104.7 -1262.7
9187 12229.1 -1071.7
9188 -3695.1 8482.6
9189 -3673.5 8474.7
9190 4757.6 -6068.4
9191 -1194.4 10564.8
9192 4883.1 -6044
9193 4903.4 -6040.1
9194 4790.2 -6060.8
9195 9005.7 -1449.5
9196 9253.8 -1079
9197 8973 -1377.4
9198 8856 -1368.7
9199 9019.3 -1307.7
9200 8912.6 -1247.3
9201 8873.1 -1331.5
9202 -1390.7 10592.2
9203 8781.5 -1326.1
9204 8826.2 -1232.5
9205 8724.1 -1293.7
9206 8986.6 -1235.3
9207 9185.5 -1047.9
9208 8790.3 -1154.3
9209 8667.9 -1261.6
9210 8753.7 -1075.9
9211 8609.6 -1230.6
9212 8872.1 -1161.6
9213 -1408.6 10366.9
9214 8715.7 -1008.1
9215 8549.8 -1197.6
9216 8952.2 -1161.1
9217 9125 -1020
9218 8485 -1161.3
9219 8422.4 -1127.1
9220 8586.4 -941.9
9221 8918.7 -1091.3
9222 9063.5 -991
9223 8505.2 -948.3
9224 -231.4 1947.1
9225 -1366.7 10339.3
9226 8357.5 -1089.8
9227 8194.5 -997.5
9228 8413.3 -967.1
9229 8212.6 -1007.9
9230 8883.1 -1015.9
9231 9001.2 -963.5
9232 9246.9 -949.8
9233 9190.6 -914.4
9234 8935.9 -935.1
9235 9135.5 -878.1
9236 -1400.6 10469.9
9237 8451.8 -886.4
9238 9082.5 -837.5
9239 8195.4 -855.4
9240 8330.6 -910.7
9241 8991.8 -849.3
9242 8376 -828.4
9243 9231.2 -732.9
9244 8329 -650.9
9245 8285.4 -846.5
9246 8393 -681.2
9247 -1439.2 9978.6
9248 8467.5 -810.2
9249 8453.3 -708.8
9250 9138 -746.7
9251 8514.1 -737.3
9252 9025.1 -696.1
9253 8562.1 -664.5
9254 9192.2 -663.8
9255 9180 -739.2
9256 8855.1 -721.6
9257 8967.8 -472.2
9258 550.1 9376.2
9259 8937.2 -714.2
9260 8528.5 -593.1
9261 9040.3 -487.8
9262 8494.9 -523.5
9263 9111.5 -678.3
9264 9115.2 -504.3
9265 9184 -520.2
9266 8459.1 -449.1
9267 8814.2 -440.6
9268 7851.4 -867
9269 439.1 9415.5
9270 7978.2 -779.2
9271 7754.1 -811.8
9272 7789.5 -709
9273 7901.7 -719.6
9274 7646.9 -750.7
9275 7808.3 -466.9
9276 7669.5 -688.5
9277 7970.1 -604.8
9278 7549.2 -667.6
9279 7470.3 -650.8
9280 586.7 9433
9281 7451.9 -601.9
9282 7351.4 -582.1
9283 7913.4 -582.7
9284 8026 -516.9
9285 7255.6 -527.8
9286 7366.5 -395.8
9287 7199.8 -496.2
9288 7237.4 -429.1
9289 7093.4 -435.4
9290 7013.3 -331.3
9291 640.3 9344.2
9292 7264.2 -433.8
9293 7263.6 -388.2
9294 7154.1 -329.4
9295 9677.6 -793.6
9296 9551.1 -762.2
9297 3521.4 -2628.5
9298 -3246 -2013.8
9299 -3414.3 -2054.3
9300 10396.8 -1698
9301 9654.5 -788
9302 460.1 9482.8
9303 11261.2 -1442.5
9304 11354.9 -1297.3
9305 11044.3 -1076.1
9306 11017.8 -1066.2
9307 11052.2 -977.5
9308 11078.1 -987.1
9309 11341.1 -965.4
9310 11372.8 -1006.9
9311 11414.5 -973.3
9312 11434.2 -980.8
9313 353.8 9445.7
9314 11459.5 -932.1
9315 11432.8 -922.9
9316 11381.3 -928.8
9317 10349.7 -690.4
9318 10391.1 -562
9319 10269.7 -664.7
9320 10306.5 -548.8
9321 10192.4 -639.9
9322 10225.7 -536.5
9323 10112.5 -614.3
9324 -608.4 10741.5
9325 10016.2 -582.1
9326 10143.7 -519.9
9327 9955 -529.9
9328 10048.1 -497.6
9329 10025.4 -491.8
9330 11628.9 -2345.2
9331 11393.5 -2458.1
9332 11529.9 -2272.4
9333 11272.9 -2424.5
9334 11136 -2397
9335 -308.1 2020.6
9336 -560.5 10803.3
9337 11057.1 -2354.3
9338 11212.3 -2260.2
9339 11711.1 -2234.3
9340 11434.5 -2203.4
9341 12650.9 -2202.2
9342 12566.1 -2141.2
9343 12923.2 -2032.1
9344 11470.7 -2151.8
9345 11403.1 -2103.9
9346 11686.1 -2065.8
9347 -682.5 10795.9
9348 12504.4 -2096.4
9349 11499.3 -1962.8
9350 11330.5 -2049
9351 12580.2 -1989.4
9352 12434.4 -2043.3
9353 11587.7 -1995.4
9354 11949.4 -1696.9
9355 11424.4 -1908
9356 12508 -1940
9357 12364 -1992.6
9358 -711.5 10608.1
9359 11572.1 -2016.3
9360 11348.2 -1850.1
9361 12437.7 -1890.7
9362 12295.2 -1942.2
9363 12637.8 -1906.6
9364 12670.8 -1963
9365 11465.2 -1936.9
9366 11630 -1716.3
9367 12227.7 -1892.7
9368 12489.1 -1815.6
9369 -406.1 11006.9
9370 12160.6 -1842.1
9371 12356.1 -1732.6
9372 11406.9 -1764.2
9373 12092.2 -1792.9
9374 11738 -1791.6
9375 11848.9 -1642.7
9376 12417.4 -1770.9
9377 12164.1 -1688
9378 12053.4 -1766
9379 11525.4 -1642.2
9380 -527.8 11082
9381 11985.7 -1861.3
9382 12023.8 -1743.1
9383 12280 -1682.2
9384 11988.9 -1638.6
9385 11558.2 -1608
9386 11756.1 -1580.4
9387 12100 -1642.7
9388 12025.4 -1589.9
9389 11918.4 -1586.7
9390 12079.7 -1517.1
9391 -349.6 11081.7
9392 11652.9 -1505.5
9393 12005.1 -1465.2
9394 11844.8 -1535.1
9395 12103.9 -1427.5
9396 -3209.7 -2002.8
9397 13414.9 -2791
9398 13564.6 -2666.7
9399 13503 -2593.2
9400 13608.6 -2382.8
9401 15912.6 -3578.5
9402 -449.9 10949.1
9403 15995.2 -3546
9404 15848.3 -3269.7
9405 16087.2 -3510.7
9406 15934.8 -3251.2
9407 16175.1 -3475.4
9408 16028.2 -3232.8
9409 16265.1 -3440.1
9410 16122.9 -3212.9
9411 16214.4 -3194.7
9412 16252.4 -3185.7
9413 -679.3 12239.1
9414 16214.8 -3102.4
9415 15056.5 -2562.9
9416 15273.9 -2385.5
9417 12804.4 -1705.5
9418 12854.4 -1628.2
9419 12788.5 -1567.5
9420 12906.7 -1576.1
9421 12838.6 -1513.8
9422 12607 -1427.5
9423 12806.9 -1427.6
9424 -696.5 12137.4
9425 12436.8 -1316.6
9426 12679.2 -1353.9
9427 12743.3 -1308
9428 12487.8 -1240.2
9429 12565.1 -1219.6
9430 12253.3 -1195.3
9431 12367.9 -1162.5
9432 12517.2 -1124.8
9433 11635.1 -990.8
9434 12469.3 -1022.1
9435 -100.2 13274.7
9436 12519.5 -879.5
9437 12662.8 -682.7
9438 12726.9 -602.4
9439 14059.7 858.8
9440 4666.9 -5878.5
9441 4820.8 -5585.7
9442 4540.2 -5196.7
9443 4395.9 -5412.6
9444 5034.6 -6278.3
9445 4962.5 -6028.8
9446 341.7 1715.9
9447 -1365 10964.1
9448 5047.2 -6011.9
9449 5024.4 -5846.1
9450 5121.5 -5997.6
9451 4879.8 -5914.5
9452 5003.8 -5834.2
9453 5047.2 -5807.8
9454 4246.1 -5020.8
9455 1278.9 -2103.7
9456 15528.1 -2526.1
9457 15335.6 -2452.4
9458 -1197.8 11544.1
9459 15213.4 -2319.4
9460 14965.8 -916.2
9461 15219.9 213.1
9462 14963.4 200.4
9463 14956.4 321.2
9464 15005.8 336.5
9465 15127.1 376.6
9466 12240.8 -28.2
9467 12147.4 -84.5
9468 12195.1 53.4
9469 -1368.5 10924.1
9470 12174.2 57.7
9471 13925.5 652.6
9472 13915.5 838.6
9473 11673.9 741.8
9474 11746 768.2
9475 11635.1 869.1
9476 11763.3 984.7
9477 11610.7 754.9
9478 11694.3 816.3
9479 11594.2 911.8
9480 -1052.7 10923
9481 11723.7 1030.2
9482 11543.3 768.3
9483 11546.2 964.3
9484 11498.4 1017.2
9485 11628.4 1134.5
9486 11448.2 1063.2
9487 12092.8 -365.4
9488 11081 -141.7
9489 12134.3 -154.3
9490 10854.7 -72.6
9491 91.1 11459.7
9492 11121.2 -82.3
9493 10896 -13.1
9494 11161.5 -22.2
9495 11951.5 -45.3
9496 10991.4 8.2
9497 12161.2 -13.1
9498 11965.1 24.6
9499 11848.9 -24.9
9500 11533.7 35.2
9501 11203.1 36.6
9502 106.7 11430.5
9503 11030.3 65.6
9504 10935.1 46.4
9505 10753.6 84.9
9506 11861.6 44
9507 11824.3 51.7
9508 11707 75.1
9509 11229.8 107.9
9510 11071.2 126.2
9511 10887.4 80.3
9512 11547.1 105
9513 53.5 11437.3
9514 10926.6 138.7
9515 10783.7 152.1
9516 10660.9 114.6
9517 11978.8 95.9
9518 11059.1 224.5
9519 11256.6 174.3
9520 11560 176.4
9521 11017.7 162.8
9522 10966.4 198
9523 10813.4 217.5
9524 62.5 11501.8
9525 11098.3 282
9526 11283.5 243.6
9527 11430.6 495.2
9528 11630.6 530.6
9529 10453.6 508.5
9530 11461.9 562.1
9531 11512.9 711.2
9532 11864.3 875.1
9533 11816.6 926.4
9534 11996.6 996.7
9535 127.8 11481.8
9536 11950.3 1047.5
9537 11675.3 1081.2
9538 11899.3 1105.2
9539 12129.7 1116.6
9540 11857.3 1152.3
9541 12083.6 1168.6
9542 11581.1 1185.4
9543 11809.4 1204.6
9544 12151.9 1137.3
9545 12034 1224
9546 1513.5 11706.6
9547 11762.8 1257
9548 11988.3 1273.6
9549 11943.5 1324.1
9550 11948.2 1424.2
9551 11896.4 1378.6
9552 4908.2 -5440.9
9553 4992.9 -5305.6
9554 5014.3 -5364.5
9555 5023.5 -5493.4
9556 9411.4 -3095.8
9557 291.6 1699.6
9558 1469.3 11720.6
9559 9436.1 -3061.9
9560 9370.3 -3154.5
9561 9493.5 -2830.9
9562 9410.2 -2768.7
9563 9563.2 -2879.2
9564 9515.3 -2616.8
9565 9479.7 -2426.4
9566 9810.7 -2525.3
9567 9659.2 -2448.7
9568 10348.6 -2635.8
9569 1505.2 11678
9570 10497.3 -2609.5
9571 9846 -2476.4
9572 9736.1 -2399.9
9573 10322.7 -2485.7
9574 9707.5 -2380
9575 9403.7 -2372.4
9576 9893.5 -2408.3
9577 9938.7 -2344.5
9578 9783.8 -2330.5
9579 9681.6 -2361.6
9580 1524 11742
9581 9370 -2348.1
9582 9503.5 -2236.6
9583 9729 -2292.7
9584 9332.4 -2321.2
9585 9466.7 -2286.9
9586 9804.9 -2242.1
9587 9394.2 -2232.8
9588 9756.4 -2311.6
9589 9430.7 -2259.9
9590 9552.7 -2168.7
9591 -1010.9 3484.5
9592 9603.1 -2098.5
9593 9111.2 -2022.6
9594 9143.1 -2045.5
9595 9079.1 -1997.9
9596 8943.9 -1898.9
9597 8881.7 -1852.4
9598 9793.2 -4288.9
9599 9359.4 -3340
9600 9477.5 -3174.2
9601 9615.2 -3183.9
9602 -1043.6 3591.8
9603 9517.5 -3118.2
9604 9501.7 -2968.7
9605 9584.6 -2849.7
9606 -1603.6 -1819.2
9607 5588.2 -1727.4
9608 5516.3 -1693.7
9609 5575.8 -1695.9
9610 5584.2 -1650.8
9611 1822.3 2497.8
9612 1849.6 2472.4
9613 -1098.3 3647.5
9614 -9912.7 4158.1
9615 -9974.7 4041.1
9616 -10010.7 4225.6
9617 -10176.8 4380.2
9618 -7441.9 4869.1
9619 -7421.5 -5462.6
9620 -3773.5 10342
9621 1663.8 8155.3
9622 -7676.8 11080.5
9623 -7596.7 10965.4
9624 -1015.4 3665.5
9625 -2962 13158.4
9626 -3623.9 1224.7
9627 1727.9 -11086.4
9628 1703.4 -11064.9
9629 -8354.7 -2093.6
9630 -8718 -2283.2
9631 -8701.7 -2266
9632 -7188.3 9754.1
9633 -7087.3 9709.6
9634 -6990.8 9787.9
9635 -3483.1 12115.6
9636 -7263.2 9560.7
9637 -7221.6 9595.6
9638 -7315.4 9519.5
9639 -7158 9652.2
9640 -7006.3 9775.2
9641 -7209.9 9642
9642 -7180.8 9630.2
9643 -7153.3 9620.2
9644 -6737.8 9688.4
9645 -7201.6 9504.7
9646 -3685.1 11665
9647 7415.9 2621.4
9648 -5189.3 1388.8
9649 6538.3 2330.7
9650 3413.5 -14470.4
9651 -3624.6 -8705.8
9652 -2619.4 -7183.9
9653 -1587.6 -1223.7
9654 -6090.3 -8299.5
9655 -3200.1 -6930.7
9656 -3088.6 -6658.3
9657 -3570 12129.9
9658 -3099.5 -7682.8
9659 -3082.3 -7613.3
9660 -3169.7 -7624.6
9661 -3115.3 -7587.7
9662 -3265.9 -7746.4
9663 -3192.4 -7673.6
9664 -3161 -7749.2
9665 -3495.7 9248.1
9666 -3582.9 9135.6
9667 -3562.2 9162.2
9668 165.4 1748.6
9669 -3786.6 11047
9670 -3684.5 9288.2
9671 4288.1 -3995.4
9672 -1260.3 -7086.9
9673 -1494 -6985.2
9674 13807.7 1368.8
9675 13732.7 1711.9
9676 -3714.7 7961.7
9677 -3751.8 7875.6
9678 -2621.3 -8975.1
9679 -2572 -8778.3
9680 -3825.3 10722.2
9681 -2614.2 -8825.9
9682 -2537.4 -8741.4
9683 -2733.2 -8814.5
9684 4939.4 -4170.3
9685 5016.6 -4064.9
9686 4908.3 -4218.6
9687 4803.6 -4065.7
9688 4926.4 -3970.4
9689 4781.3 -4045.6
9690 4945.3 -3932.6
9691 -3875.2 11059.7
9692 4874.8 -3953.9
9693 4960.9 -3900.4
9694 -914.6 -6424.6
9695 -767.6 -6596.2
9696 -831.4 -6625.4
9697 102.7 -11198.2
9698 -1575.4 -1016
9699 -3781 9858.3
9700 -3715.7 9848.2
9701 4372.1 -1617.7
9702 -4429.1 6610.3
9703 4455.8 -1714.4
9704 4483 -1747.6
9705 4527.3 -1798.5
9706 4863.4 -6514.8
9707 5029.6 -6360.7
9708 -1667.1 1474
9709 -1649.5 1487.1
9710 -1701.1 1476.2
9711 -1733.6 1455.3
9712 -1617.6 1437.6
9713 -4489.8 6622.9
9714 -1647.1 1465.6
9715 7624.3 -9115.3
9716 10775.2 5205.9
9717 10820.1 5209.6
9718 7644.9 -7626
9719 7582.3 -7602.9
9720 7601.4 -7583.6
9721 7751 -7511.3
9722 7522.2 -7553.2
9723 7479 -7510.8
9724 -4471.2 6447.3
9725 7542.4 -7526
9726 7455.1 -7440.9
9727 7589.1 -7472.2
9728 7680.5 -7446.1
9729 7826.8 -7419.2
9730 7557.1 -7335.7
9731 7503.6 -7285.3
9732 7389.5 -7422.9
9733 -1867.3 358.8
9734 346.7 11610.7
9735 -2904 4328.4
9736 186.4 11612.6
9737 310.4 11678.7
9738 230.7 12064.8
9739 374.1 12240
9740 -9926.8 5726.1
9741 -1091.3 9976.8
9742 -475.1 -1948
9743 4892.9 -8177.4
9744 -5480.7 2184.7
9745 -4510.9 7773.7
9746 -2917.6 4287.4
9747 -5552 9187.6
9748 -4216.9 8512.1
9749 -3999.9 8397.5
9750 -3632.4 9301.2
9751 -7761.4 2998.5
9752 3791.6 -1089.1
9753 1010.8 312.2
9754 1272.4 350.9
9755 4373.3 -5481.1
9756 -6955.6 2473.9
9757 -2774.6 4284.7
9758 -8853.2 3297.3
9759 240.1 13604.8
9760 -1625.6 4760.8
9761 -5318.7 9551.6
9762 3695.1 -5631.4
9763 -7017.8 834.3
9764 -6864.9 10175.8
9765 -7577 10843.7
9766 1491.5 3128
9767 -10636.5 -10422.3
9768 -2875.2 4420.6
9769 -2639 7182.5
9770 956.7 -2005.6
9771 1043.7 -2021.3
9772 971.9 -1978.1
9773 1009.6 -1910.5
9774 994.6 -1939.8
9775 5138 -4291.6
9776 5040.6 -4506.1
9777 5009.2 -4570.2
9778 5056.7 -4591
9779 -652.6 2329.7
9780 -2836.2 4545.9
9781 5110.5 -4357.5
9782 4893.5 -4241.6
9783 4959.8 -4273.9
9784 4772.2 -4117.4
9785 4750.9 -4151.4
9786 5082.5 -4026.5
9787 5096.4 -3996.7
9788 -238.3 -8852.8
9789 -202.5 -8843.2
9790 -280.3 -8699.7
9791 -2793.8 4680.2
9792 -204 -8981.3
9793 -172.9 -8834.9
9794 -244 -8689.1
9795 -138.1 -8825
9796 -135.4 -8749.2
9797 -102 -8814.8
9798 -79.3 -8718.8
9799 -112.6 -8662.4
9800 -51.9 -8795.1
9801 -167.4 -8694.6
9802 -2703.7 4502.6
9803 -146.4 -8605.5
9804 -203.2 -8638.6
9805 -180.5 -8547.6
9806 -233.1 -8579.5
9807 -213.4 -8493
9808 32.2 -9557.5
9809 -52.5 -9486.6
9810 -95 -9369.1
9811 -58.6 -9356
9812 -131.3 -9248.4
9813 -1914.2 7607.2
9814 -170.8 -9102.8
9815 -82.1 -9235.7
9816 -112.5 -9086.1
9817 -141.8 -8964
9818 -297.9 -8635.2
9819 -322.8 -8537
9820 -288.7 -8528.1
9821 -16.6 -9472.1
9822 170.1 -9670.5
9823 -261.7 -8625.5
9824 -1897.3 7633.2
9825 -183.8 -8672.7
9826 -8678.2 -8231.4
9827 5121 -6720.6
9828 -3352.9 8934.2
9829 -5377.3 1842.4
9830 7392.2 -8582.6
9831 -5617.1 2183.2
9832 -10435.5 6698.6
9833 -3653.3 8289.8
9834 -4229.6 -2614.8
9835 -1878.2 7614.1
9836 -4245.8 -2682.2
9837 -5231.5 1730.9
9838 -5306.4 1671.6
9839 -5263.2 1630.3
9840 -7399.6 4869.1
9841 3114.4 7031.2
9842 3078.3 7157.5
9843 3074.9 7066.4
9844 3123 7117.9
9845 3031.1 7105.6
9846 -1798.7 7947.9
9847 11470.5 -1039.2
9848 11484.6 -999.3
9849 10435.6 556.7
9850 10425.7 583.9
9851 10192 1024.3
9852 10517.5 602
9853 -4245.4 -2597.1
9854 3531 2242.5
9855 3500.5 2292.4
9856 -4238 -10628.6
9857 -1789.5 8140.3
9858 -4178.8 -10653.7
9859 942.6 -2052.9
9860 -5961.4 2421.5
9861 399.2 1402.5
9862 4985.4 -6533.9
9863 2218.8 -1553.1
9864 -2306.5 2256.5
9865 1326.2 -10561.5
9866 1255.1 -10555
9867 1410.3 -10145.3
9868 -916.6 7640
9869 -6703.9 -2223.5
9870 -6544.4 -2021.4
9871 -6674.2 -2229.2
9872 -6653.8 -2215
9873 -2137.5 6537.5
9874 -5205.7 1668.4
9875 1066.4 -1983.1
9876 1256.5 -2143.3
9877 1315.9 -2216.7
9878 1355.8 -2147.7
9879 -896.4 7600.5
9880 1333.9 -2186.4
9881 1126.7 4139.7
9882 15034 1080.2
9883 14086.8 864.7
9884 -5493 2093.5
9885 -8923.9 -1770.3
9886 -5182.3 1900.2
9887 -5198.2 1913.2
9888 1841.2 8988.2
9889 -12564.6 4200.2
9890 -714.7 2263.8
9891 -892.7 7637
9892 -12513.1 4165.3
9893 -12453.9 4125
9894 -5704.9 -351.9
9895 2062.9 8994.9
9896 -5993.6 -10835.1
9897 -5845.9 -10758.7
9898 -7795.1 -8152.5
9899 3847.2 -176.1
9900 4418.8 656.8
9901 1752.7 -4733.1
9902 -959 7644.6
9903 5025 -5430.4
9904 -367.7 -5131.3
9905 -401.3 -4981.2
9906 -2963.3 13198.2
9907 2398.7 -23.6
9908 4626 -5069.9
9909 -3861.4 10029.7
9910 -4656.4 5889
9911 -4751.7 5914.3
9912 -4726.6 5907.6
9913 -933.6 7689.9
9914 -3463.3 9053.4
9915 -3574.6 9333.3
9916 -3557.8 9219.9
9917 -3520.4 9163.5
9918 1841.2 6492.6
9919 610.7 -6464.5
9920 -4953.2 4579.5
9921 4081 -11741.8
9922 4071.1 -11700.4
9923 -6661.7 -2143.4
9924 -904.2 7972.4
9925 -6634.9 -2191
9926 -6684.5 -2222.7
9927 -6627.5 -2161.5
9928 -6892 -2348.5
9929 8023.8 -8509
9930 2119.6 8816.3
9931 2118.9 8870.2
9932 4121.2 -2103.3
9933 4136 -2078.9
9934 4110.8 -2048.3
9935 -990.5 7982.2
9936 8958.3 -6928.7
9937 -7303 -7492.7
9938 4357.5 595.8
9939 4526.6 546.7
9940 4457.7 553.2
9941 4387.4 626.2
9942 4577.4 439.6
9943 4577.3 499.5
9944 -3478.3 9184.4
9945 -7080.2 -9185.7
9946 -933.1 7854.3
9947 -8889.5 -1879.6
9948 -8980 -1641
9949 -8948.6 -1634
9950 2134 -8311.5
9951 2105.3 -8232.8
9952 2052.1 -8323.5
9953 2059.6 -8426.6
9954 2010 -8319
9955 -8975.3 -1928.4
9956 -4510.3 -4282.9
9957 -519.6 7599.2
9958 4717.9 -3856.4
9959 4745.6 -3811
9960 7246.5 -8494.7
9961 7197 -8538.7
9962 -322.8 2780.4
9963 -4624.9 -10338.3
9964 1365.2 -10347.7
9965 1446.7 -10238.6
9966 1338.7 -10306.6
9967 -2142.9 5329.9
9968 -420.3 7590.4
9969 -2133.4 5354.1
9970 -4496.7 -4606.5
9971 -3243 1020.8
9972 -6816.9 9519.3
9973 -7587.8 10919.1
9974 -7543.8 10903.5
9975 -7563.1 10926.6
9976 -7582.3 10880.4
9977 -7559.1 10879
9978 -3365.3 -1994.1
9979 -1995 6241.2
9980 -3385.8 -1993.1
9981 -11577.6 8848.2
9982 -11560 8818.3
9983 7560.1 -9028.6
9984 7788.6 -8967.4
9985 7828.7 -8792.2
9986 7790.2 -8681.9
9987 7720.6 -8885.9
9988 7493.6 -8944.9
9989 7651.6 -8805.3
9990 -1986.8 6265.3
9991 7076.7 -8541.7
9992 -3809.3 7896.4
9993 -7743.4 -8227.4
9994 10171.6 1029.5
9995 8871 -9260.4
9996 8479 -9692.4
9997 1606 -6490.5
9998 -7248.2 -1903.9
9999 -2041.2 -1139.4
10000 -4628.3 5660.6
10001 6882.3 -3970
10002 -600.5 2386.4
10003 -1927.9 6243.7
10004 -1362.6 1660
10005 -5993.5 -1397.5
10006 -6023.3 -1394.8
10007 7905.8 1441.3
10008 -3516.3 -1988.4
10009 -3435.3 -1999.1
10010 11003.3 703.8
10011 11103 861.7
10012 10932.6 681.8
10013 11245.6 736.9
10014 -2121.2 6281.5
10015 11435.7 778.7
10016 11198.7 791.7
10017 10719 640
10018 10675.5 759.4
10019 10175.6 -1730.8
10020 -3159.3 335.7
10021 4643.1 -1853.8
10022 4682.4 -1901.2
10023 -7139.3 -9028
10024 -7130.7 -9091.3
10025 -2210.2 6555.6
10026 -7105.8 -9151.1
10027 -3418.3 -2084.8
10028 2026.6 -8238.1
10029 1971.8 -8307.1
10030 -6052.7 -1391.2
10031 220.6 -7730.2
10032 1593.9 3180.6
10033 -2489 6470.5
10034 197.7 -9763.8
10035 -4126.1 1189
10036 -2404.2 6627.3
10037 10878.9 821.4
10038 11005.8 944.7
10039 11093.1 1073.2
10040 11339.9 1135.6
10041 11189.6 986.3
10042 -2892.7 5073.6
10043 13874.7 1193.3
10044 -7863.1 -8047
10045 -7914.7 -7965.9
10046 -3450.3 -2088.7
10047 -2199.8 6617.4
10048 -3263.2 -1999.3
10049 964.6 5479.6
10050 4161.2 -1975.3
10051 -4361.6 6922
10052 -4877.9 2139.1
10053 -1401.9 -6823.2
10054 -4359.5 -3680.3
10055 -4105.8 -3740.7
10056 10627.1 -7773.5
10057 3229.6 9833
10058 -577.9 9400.9
10059 -4359.4 6777.1
10060 11378.9 819.6
10061 11223.3 821.9
10062 7333.2 -8667
10063 7294.7 -8701.5
10064 7377 -8627.5
10065 -7095 8381.9
10066 2596.7 2032.3
10067 2705.7 2043.3
10068 8459.2 -9714.8
10069 -460.6 9304.5
10070 1609.8 3196.9
10071 8445.3 -9729.7
10072 7813.7 1395.8
10073 7892.3 1435.1
10074 7796.8 1512.7
10075 7860.9 1291.1
10076 8301.7 -9335.5
10077 8235.4 -9408.2
10078 7950.6 -8593.8
10079 -2353.7 6777.3
10080 -531.9 9449.3
10081 -2285.6 6887.3
10082 -2491.2 6429.7
10083 -2393.7 6672.7
10084 -413.3 9359.8
10085 -517.5 9242
10086 -534.9 2457.1
10087 -341.5 9208.4
10088 -318.4 9291
10089 -358.7 9423.9
10090 -132.8 9754.3
10091 -183.4 9679.8
10092 -168.3 9781.1
10093 -80.8 9715.1
10094 -197.4 9803.1
10095 -344.7 9914.1
10096 2935 12117.5
10097 -881.6 2653.5
10098 2574.5 12189.6
10099 2650.7 12121.9
10100 826.1 8438.4
10101 705.4 8424.3
10102 -560.1 8670.3
10103 -322.1 8886.1
10104 -451.5 8671.8
10105 -654.4 8780
10106 803.2 8726.4
10107 742.5 8694.1
10108 -528.8 2281.3
10109 788.7 8683.5
10110 815.9 8765.3
10111 504.1 8685.9
10112 645.6 8688
10113 406.6 8685.5
10114 446.9 8770.2
10115 1401.6 11326.4
10116 1380.4 11253.4
10117 1469.1 11552.3
10118 1262.1 11446.6
10119 -813.9 2724.3
10120 972.3 11750.6
10121 988.1 11871.2
10122 1146.2 12128
10123 1062.2 12247.5
10124 1251.6 11960.1
10125 1319.4 12228.6
10126 1065.5 12070.6
10127 1137 9967.1
10128 1115.3 9883.2
10129 1185.8 10173.9
10130 -475.4 2520
10131 1151.3 10068.2
10132 1229 10408.8
10133 1174.9 10410
10134 1230 10727.9
10135 1315.7 11029.6
10136 1169 10729.6
10137 1640.7 12202.2
10138 1537 12230
10139 1679.2 12327.5
10140 1595.5 11993.9
10141 11792.8 204.9
10142 -1090.7 7658.1
10143 -1136.1 7497.2
10144 -1029.8 7650.2
10145 -1315.9 7299.2
10146 -1305 7434.6
10147 -1337.4 7265.3
10148 -1337.1 7219.9
10149 -1489.9 7911.9
10150 -1280.5 7767.5
10151 -1175.8 7939.2
10152 11779.3 135.1
10153 -1378.8 8071.9
10154 -1228.9 7862.9
10155 -1123.8 8108.3
10156 -1431 7997.5
10157 -1073 8276
10158 -1022 8321.7
10159 -839.6 8225.4
10160 -1178.2 8419.1
10161 -1209.6 8310
10162 -955.9 8730.4
10163 11993.4 166.8
10164 -995.2 8607.2
10165 -873.1 8832.9
10166 -794 8921.6
10167 -996.4 8961.5
10168 -737.7 8985.6
10169 -722.7 8849.7
10170 -916.8 9046.6
10171 -1162.3 8785.4
10172 -1135 8773
10173 -1256.1 8673.5
10174 11574.1 247
10175 -1283.1 8547.1
10176 -1147.8 8515.1
10177 -1311.3 8451.4
10178 -1367.2 8568.6
10179 -1034.9 8484.7
10180 -1548.4 8667.3
10181 -1697.2 8409.7
10182 -1519.9 8655.6
10183 -1504.4 8640.6
10184 -1441.4 8482.1
10185 -3429.1 2897.4
10186 6868.8 -3941.9
10187 11806.6 277.1
10188 -802 9167.4
10189 -1048.6 9355.2
10190 -1037.7 8917.6
10191 -1252.9 9073.9
10192 -1083.7 8868.6
10193 -1465.3 8370
10194 -1626.3 8410.1
10195 -1592.3 8273.3
10196 -375 10274.6
10197 -198.5 10119.7
10198 11724.4 -147.4
10199 -435.8 10194.8
10200 -326.2 10339.1
10201 -541.2 10066.5
10202 -457.3 10211.6
10203 -252 10037.9
10204 -584.2 10002.8
10205 -626.2 9944.3
10206 -653.9 9964.4
10207 -665.3 9889.3
10208 -1101.4 9283.5
10209 11710.6 -218.7
10210 -1170.1 9191.3
10211 -995.3 9074.9
10212 -1191.8 9159.8
10213 -1489.4 9430.5
10214 -1232.8 9101.9
10215 -1503.5 9298.5
10216 -1313.5 8991
10217 -1352.5 8935.7
10218 -1274.7 9043.7
10219 -1521.1 9151.2
10220 11737.9 -78.3
10221 -1424.8 8835.2
10222 -1515.4 8711.6
10223 -1388.1 8886.3
10224 136 8962
10225 11.6 9052
10226 111 8883.3
10227 186.8 9031.3
10228 260 8885.4
10229 17.9 8948.4
10230 103.1 8853.5
10231 11505.6 -108
10232 252 8854
10233 103 8766.3
10234 -133 8855.2
10235 103.8 8680.8
10236 143.4 8629
10237 -39.4 8677.6
10238 269.9 8682.9
10239 144.8 9062
10240 298.2 8964.6
10241 -37.8 8987.1
10242 11926.3 -189.2
10243 0.6 8960.4
10244 -167 9081.4
10245 -261.8 8952.5
10246 -380.4 9081.6
10247 -160 8838.6
10248 -282.4 8673.8
10249 160.9 9533.8
10250 266.1 9480.3
10251 106.3 9459.1
10252 49.9 9616.7
10253 12373.1 -272.1
10254 197.8 9647.9
10255 4.7 9319.7
10256 55.2 9389.7
10257 -84.2 9384.9
10258 134.2 9226.8
10259 -70.3 9218.1
10260 59.6 9124.5
10261 -158.8 9281.8
10262 -120.3 9147.6
10263 -475.7 9508.3
10264 12393.3 -306
10265 -376.1 9103
10266 -415.7 9036.7
10267 -625.4 9351
10268 -565.4 9185.6
10269 -431.8 9052.1
10270 -676.5 9297.4
10271 -623.6 9117.7
10272 -509.1 9014.2
10273 -603.5 8984.3
10274 -471.5 9026.4
10275 12327.9 -188.4
10276 -680.7 9051.4
10277 -655.6 9146.6
10278 -447.3 9002.7
10279 -525.5 8917.3
10280 -721.9 8674.5
10281 -374 8579.9
10282 -78.8 8505
10283 -503.9 8612.7
10284 -83.8 8485.3
10285 1440.8 8107.1
10286 12121.3 -224.4
10287 1264.7 8071.8
10288 579.1 8387.3
10289 41.3 7561.3
10290 138.5 7528.1
10291 -212 6909.5
10292 -676.5 6996.2
10293 -268 6718.8
10294 -235.5 6497.9
10295 -2503.4 3817
10296 -2350 3658.2
10297 6829 -3980.2
10298 11834.7 418.2
10299 -2329.8 3948.7
10300 -2831.1 4121.7
10301 -2894.9 3987
10302 -2908 4201.7
10303 -2728.2 4025.9
10304 -2935.1 4233.2
10305 -2947.3 4195.2
10306 -2979.6 4252.6
10307 -3552.6 4463.7
10308 -3501.1 4513.6
10309 11820.7 347.9
10310 -3498.5 4449.2
10311 -3849.5 3824.5
10312 -3030.1 12058.5
10313 -2999.6 12301.8
10314 -3176 12078.1
10315 -2894.8 12040.4
10316 -1583.4 7335.2
10317 -1381.8 7271.5
10318 -1612.1 7251.2
10319 -1760.6 7390.5
10320 11848.7 488.5
10321 -1529.6 7499.9
10322 -1946.9 6818.3
10323 -2065.2 6848.7
10324 -1922 6894.6
10325 -2017.3 6605.5
10326 -2137.6 6871.9
10327 -1989.6 7363.1
10328 -2189.2 6658.2
10329 -1871.4 7051
10330 -2057.3 6505.8
10331 12018.8 380.4
10332 -1874.9 6451.7
10333 -5640.8 7909.1
10334 2072.2 7551.8
10335 1908.5 7372.3
10336 2094.7 7531.1
10337 2248.2 7395.6
10338 2267.1 7378.2
10339 2212.8 7427.4
10340 -826.9 8272.3
10341 -807.1 8266.3
10342 11625.9 458.2
10343 -863.2 8442.1
10344 -785.2 8421.3
10345 -1109.2 8636
10346 -755.2 8545.1
10347 -732.6 8540.2
10348 -761.9 8524.9
10349 -605.1 8637.4
10350 -655.4 8661.2
10351 -578.5 8500.4
10352 -641.8 8516.9
10353 11463.9 -320.7
10354 -644.3 8234.8
10355 -599.9 8223.1
10356 -713.9 8242.7
10357 -725.1 8195.9
10358 -736.3 8148.5
10359 -801.3 8163.9
10360 -626.7 8121.7
10361 -263.6 8136.3
10362 -252 8110
10363 -343.5 8156.1
10364 11683.8 -362.3
10365 -471.3 8190
10366 -352.9 8097.4
10367 -485 8139.5
10368 -615.2 8169.6
10369 -644.5 8049.6
10370 -495.9 8096.3
10371 -650.3 8486.1
10372 -674.2 8396.1
10373 -700.6 8296
10374 -353.6 8915.4
10375 11015.5 -238.6
10376 -5903.6 -2929.4
10377 -5875.1 -3085.8
10378 -5941.1 -2744.3
10379 -5751.8 -2956.8
10380 -5365.1 -3026.7
10381 -5361.2 -2936.8
10382 -5223.9 -3053.6
10383 -6476.1 -3466.6
10384 -6505.6 -3482.3
10385 -6486.8 -3433.8
10386 11478.3 -248.7
10387 -6245.9 -3524
10388 -6442.8 -3454.2
10389 -5851.7 -3168
10390 -5375.9 -3258.4
10391 -5165.4 -3296.7
10392 -5194.4 -3291.5
10393 -5197.6 -3416.3
10394 -5031.7 -3321
10395 -5104.1 -3075
10396 -5959.6 -2723
10397 11696.7 -290.2
10398 -5944.4 -2686.9
10399 -5970.1 -2745.5
10400 -6125.2 -3069.2
10401 -6134.9 -3091.3
10402 -6095.3 -3007.3
10403 -5872.2 -2367.3
10404 -5888.6 -2440
10405 -5725.5 -2399.1
10406 -5339.5 -2483.4
10407 -4968.2 -2566.5
10408 6914.2 -3905
10409 11899.1 -330.4
10410 -5298.2 -2022.6
10411 -5064.1 -1978.2
10412 -5320.7 -1858.7
10413 -3924 -2797.8
10414 -3950.3 -3037.8
10415 -4695.6 -2627.5
10416 -4714.7 -2670.4
10417 -9043.5 -3009.8
10418 -8782.4 -3010.9
10419 -8512.6 -3139.6
10420 11751.7 -6.2
10421 -8388.7 -2826.8
10422 -8693.3 -2760.5
10423 -8729.8 -2692.1
10424 -8722.2 -2542.1
10425 -6068.2 -3352.5
10426 -6125 -3244.7
10427 -6474.1 -3376
10428 -7393 -3824.5
10429 -7363.2 -3762.7
10430 -7357.7 -3614.5
10431 11692.3 6.2
10432 -7313.8 -3729.6
10433 -7181.5 -3702.2
10434 -7284.5 -3691.1
10435 -7461.6 -3701.6
10436 -7314.3 -3662.3
10437 -6829.6 -3737.7
10438 -7577.8 -3741.1
10439 -7337.4 -3489.9
10440 -7457.9 -3733.5
10441 -5871.3 -3141.9
10442 11810.1 -18
10443 -6029.2 -3108.8
10444 -5905.7 -3170.2
10445 -5950.9 -3182
10446 -5607.5 -2982.6
10447 -5603.7 -2948.3
10448 -5569.8 -2989.1
10449 -5622.7 -3110.1
10450 -5585.4 -2794.1
10451 -5698.7 -2832
10452 -5741.4 -2771.2
10453 11912.6 -260.4
10454 -5355.3 -2810
10455 -5351.7 -2733.9
10456 -5847.5 -2632.9
10457 -3996 -3453
10458 -4002.6 -3506.1
10459 -3850.7 -1882.7
10460 -3941 -1855
10461 -3857.4 -2048.3
10462 -2999.5 -1867
10463 -4043.7 -1802.9
10464 11492.1 -177.7
10465 -4015.4 -1830.3
10466 -4024.9 -1808.2
10467 -3494.8 -582.9
10468 -3354 -771.5
10469 -4328.8 576.1
10470 -3457 -673.7
10471 -3301.4 -1027.1
10472 -2810.1 -697.3
10473 -3309.9 -1083
10474 -3211.7 -1073.1
10475 11518.9 -36.9
10476 -3181.9 -1075.8
10477 -3189 -1053.3
10478 -3277.7 -918.1
10479 -3311.8 -1012.7
10480 -3362.3 -1005.3
10481 -3366.2 -1048
10482 -3314.7 -909.1
10483 -3295.1 -892.6
10484 -3313.1 -868.3
10485 -3586.3 -1192.2
10486 11940.1 -118.1
10487 -4127.7 11106.7
10488 -4039.6 11088.6
10489 -3885.2 11560.2
10490 -4116.9 10825.4
10491 -4151 11110.8
10492 -3463.9 12142.7
10493 -3439.9 12113.5
10494 -3861.6 8969.2
10495 -3801.2 8984.2
10496 -3894.7 9104
10497 11721.3 147.6
10498 -3669.3 11030.2
10499 -3771.4 11121.5
10500 -4174 7761.7
10501 -4010.1 8320.9
10502 -3246.3 5566.5
10503 -3560.2 5683.7
10504 -3565.6 5708.5
10505 -3623.1 5691.1
10506 -3585.1 5693
10507 -4154.7 5891.6
10508 11838.6 123.5
10509 -3620.5 5680.4
10510 -4564.8 6068.9
10511 -4582 6042.6
10512 -4589.4 6133.7
10513 -4669.9 6205
10514 -4202.8 5880.8
10515 -4151.4 5863.2
10516 -5437.2 6998.1
10517 -5398.2 6951.2
10518 -4411.4 6021.8
10519 6893.1 -3922.1
10520 12021.9 308.3
10521 -4542.4 6093.1
10522 -9970.9 7000
10523 -10035.3 7042.3
10524 -9916.1 7072.5
10525 -9998 6957.4
10526 -6624.8 5764.5
10527 -6664.7 5749.1
10528 -7182.7 6085
10529 -6955.8 4542.9
10530 -6712.6 4566.2
10531 11621.4 385.1
10532 -7053.6 4532.2
10533 -6616.6 4411
10534 -6854.6 4635.9
10535 -5937.7 469.3
10536 -5959.3 473.2
10537 -5950.3 579.1
10538 -5877.2 458.3
10539 -3890.5 -1424.7
10540 -3886.4 -1400.3
10541 -3650.3 -1266.7
10542 12007.3 237.4
10543 -3892.6 -1550
10544 -6988.3 -2627.7
10545 -6926.8 -2573.6
10546 -7838 -6466.4
10547 -7937.7 -6574.2
10548 -7727.7 -6245.2
10549 -9569.7 -7599.7
10550 -9420.4 -7907.4
10551 -9192.1 -7360.7
10552 -9851.4 -7678.7
10553 11587.4 318.8
10554 -10988 -7852.7
10555 -11167.3 -7810.4
10556 -11060.4 -7940.2
10557 -10915.3 -7762.1
10558 1372.9 12283.9
10559 1717.6 12422.5
10560 1571.9 12351.5
10561 -933.4 9029
10562 -1021.5 9394.5
10563 -1256.6 9511.8
10564 11675.4 -417.1
10565 -169.7 9447.8
10566 -145.4 9429.9
10567 -282.7 9533.8
10568 -295.9 9379.4
10569 -114.3 9516.6
10570 81.2 9425.3
10571 195.3 9344.2
10572 796.8 6467.6
10573 847.8 6437.3
10574 736.7 6527.5
10575 11882.8 -395
10576 930.6 6603.7
10577 738.2 6411.5
10578 1129.1 6828.8
10579 1140.5 6846.3
10580 1090.1 6762.8
10581 1060.3 6893.3
10582 1145 6813.1
10583 1245.8 7174.1
10584 1265.4 7206.3
10585 1152 7207.7
10586 11140.4 342.9
10587 1304.6 7119.1
10588 1204 7019.2
10589 4264.9 -10161.8
10590 4336.8 -10114.8
10591 -9283.5 -9566.2
10592 -7286.4 -9659.8
10593 -10768.6 -8466.6
10594 -10130.5 -9209.1
10595 -10713.3 -8502.9
10596 -11055 -7994.8
10597 11337 381.2
10598 -7201.3 -9874.5
10599 -7421.2 -9655.7
10600 -7441.5 -9630
10601 -7434.4 -9652.8
10602 -7411.2 -9610.6
10603 -7470.2 -9648.8
10604 -7164.7 -9947
10605 -7186.4 -9509.6
10606 735 -13093.3
10607 759.3 -13081.9
10608 10934.4 308.9
10609 716.9 -13227.1
10610 -1106.5 3538.2
10611 -886.9 3726.3
10612 -795.4 3786.9
10613 -1209.1 3715.3
10614 -1556 4063.9
10615 -1026.3 6405.1
10616 -4261.4 436.4
10617 -3809.2 653.1
10618 -10.5 -557.5
10619 10649.5 -142
10620 -67.5 -526.8
10621 -90 -694.3
10622 10.2 -569.5
10623 428.6 1437.3
10624 389.9 1742.6
10625 389.5 1484.2
10626 -2491.2 -1994.7
10627 -1922.7 -2021.6
10628 -2246.1 -2013.1
10629 -1206.2 -1867.2
10630 6932.6 -3890.1
10631 10778.5 -182.6
10632 -1209.7 -1846.6
10633 -984.3 -1789
10634 -606.3 -1600.7
10635 -561 -1593.3
10636 -582.6 -1568.2
10637 25.8 -544.4
10638 56.3 -591.8
10639 312.9 -84.1
10640 415.2 236.2
10641 402.6 -121.9
10642 10691.9 -48.9
10643 288.6 -73.4
10644 139.5 2171.7
10645 265.7 2237
10646 35.5 2310.4
10647 118.7 2160
10648 -3185.3 5546.2
10649 -2324.7 6178.6
10650 -2318.1 6207.5
10651 -2389.3 5945.6
10652 -3230.7 5324.7
10653 10585.5 -131.1
10654 -3205.7 5285.9
10655 -3198.6 5316.3
10656 -3360.6 4839.9
10657 -3162.4 5405.1
10658 -2758.7 4790.2
10659 -2542.1 5468.7
10660 -2707.8 4904.9
10661 -2621 5069.2
10662 -2534.3 4986.9
10663 -2511.4 5563.4
10664 10813.1 -131.8
10665 -2577.8 5391.7
10666 -2637.5 5225.5
10667 -2698 5195.7
10668 -2616.4 5193.5
10669 -2626.1 5160.8
10670 -2699.4 5014
10671 -2541.1 5414.7
10672 -2663.3 5037.8
10673 -2603 5093.6
10674 -2621 5113.9
10675 11040.4 -200.6
10676 -1708.2 4579.9
10677 -1830.1 4337
10678 -1608.9 4119.9
10679 -964 3469.5
10680 -1220.1 3701.4
10681 -1200.7 3668.8
10682 -7540.4 -2593.3
10683 -7445.4 -2579.4
10684 -7975.5 -2665.1
10685 -7507.1 -2572.7
10686 10206 -749.3
10687 -2465.7 1174
10688 -2379.9 1210.2
10689 2282.5 7364
10690 2145 7488.6
10691 338.8 1439.2
10692 -2038.8 2211.1
10693 -1946.2 2147.1
10694 -1692.6 1953.5
10695 -1744.4 2037.4
10696 -1556.4 2038.3
10697 10312.8 -784
10698 -1798.4 2122.5
10699 -1852.3 2206
10700 -1894.2 2061.5
10701 -1776.3 2378.4
10702 -1486.3 2082
10703 -1461.6 1890.5
10704 -1609.7 2121
10705 -1539 2164.8
10706 -1719.4 2289.9
10707 -1705.2 2423.6
10708 11363.3 -1475.4
10709 -1405.4 2133.6
10710 -2861.6 1951.1
10711 -2745.2 1930.1
10712 597.8 12199.7
10713 860.3 12357.4
10714 517.2 12134.2
10715 383.8 10533.6
10716 375.4 10566.5
10717 407.9 10563.6
10718 626.5 10309.8
10719 11310.5 -1457.4
10720 666.3 10373.7
10721 541.8 10187.6
10722 433.1 10466.1
10723 956.8 10158.1
10724 1148.7 10035.7
10725 1139.1 10005.6
10726 1303 9828.8
10727 1368.1 9768.9
10728 1243.8 9879.3
10729 1329.8 9875.4
10730 11398.9 -1369.5
10731 1570.7 9575.7
10732 1593.3 9611.6
10733 1546.4 9604.3
10734 290.6 9720.3
10735 358.8 9674.5
10736 335.3 9787.2
10737 -1665.6 2207.2
10738 -1649.1 2333.7
10739 -1842.4 1976.6
10740 -1931.3 2037.7
10741 6571.8 -3828.4
10742 11356.5 -1499.4
10743 -1469 2450.3
10744 -1276.1 1756.2
10745 -1333.3 1845.1
10746 -1194.1 1810.3
10747 -1346.5 1710.3
10748 -1128.6 1853.4
10749 -1308.7 1987.4
10750 -1290 2211.4
10751 -1063.5 1898.6
10752 -1243.2 2030.5
10753 10551.2 94.4
10754 -1183 2062.3
10755 -1699.7 1737
10756 -1596 1803.6
10757 -1646.6 1644.6
10758 -1249.9 1898.4
10759 -1391.1 1934.9
10760 -1404 1798.9
10761 -1184.3 1940.2
10762 -1123.8 1978.8
10763 -1539.1 1712.4
10764 10722 18.4
10765 -1768.2 1853.6
10766 -1761.8 1909.3
10767 -2176.5 1601.7
10768 -2100.2 1477.6
10769 -2193.6 1773.1
10770 -2171.9 1743.8
10771 -2241.1 1837.5
10772 -2018.3 1342.5
10773 -1971 1359.2
10774 -2078.5 1445.7
10775 10541.5 -108.6
10776 -2102.1 1312.8
10777 -1957.7 1573.6
10778 -1988.1 1553
10779 -2163.5 1887
10780 -2104.4 1794.7
10781 -2431.6 2195.6
10782 -2354.6 2106.9
10783 -2492 2144.2
10784 -2328.3 2282.5
10785 -2625.8 2424.7
10786 10596 -34.7
10787 -2549.5 2486.3
10788 -2688.3 2365
10789 -2556 2342.6
10790 -2981.2 2834.4
10791 -2866.1 2700.4
10792 -2921.7 2884.5
10793 -3049.2 2777
10794 -1966 1485.4
10795 -1912.5 1502.7
10796 -1929.7 1373.8
10797 9685 -1051.3
10798 -2768.2 2289.4
10799 -2764.6 2452.5
10800 -2551.4 2211.1
10801 -2954 2929.1
10802 -2932.5 2650.6
10803 -3119.9 2716.5
10804 -2108.2 1661.1
10805 -2049.7 1710.3
10806 -2281.6 1808
10807 -2257.6 1537.1
10808 9726.2 -917.5
10809 -2266.8 1645.9
10810 -2267.8 2213.3
10811 -2190 2122.4
10812 -2416.1 2056.3
10813 -2269.6 2005
10814 -2590.5 1915
10815 -2524.7 1826.6
10816 -2510.1 1977.7
10817 -2328.9 1953.7
10818 -2582.9 2068.4
10819 9837.6 -1090.9
10820 -2835.2 2226.7
10821 -2846.5 2384
10822 -3188.4 2657.8
10823 -2657.2 2004.4
10824 -2639.6 2138.4
10825 -2909.1 2168.2
10826 -2776.3 2155.7
10827 -2359.8 1453.9
10828 -2302 1379.1
10829 -2431.2 1544.3
10830 9669.7 -1113.9
10831 -2499.4 1631.6
10832 -2591.2 1554.1
10833 -2221.1 1269.7
10834 -2317.2 1233.6
10835 -2516 1479.1
10836 -2548.8 1445.3
10837 -2414.2 2502.8
10838 -2206.1 2634.6
10839 -2357.2 2429.8
10840 -1786.6 2897.7
10841 8676.3 -569.6
10842 -1824.9 2875
10843 -1658.8 2716.2
10844 -2511.1 2292.5
10845 -2488 2264.5
10846 -2419.5 2374.1
10847 -2469.4 2417.1
10848 -2276.7 2328.6
10849 -2712 2076.6
10850 -2783.3 2018.5
10851 -2957.5 2064.5
10852 6495.7 -3798.8
10853 8740.4 -432.2
10854 -2705.7 2216
10855 -2953 2116.5
10856 -3259.2 2597.6
10857 -3366.1 2505.8
10858 -7590.5 -5983
10859 -7240.3 -6054.6
10860 -7575.7 -6017.3
10861 -7573.9 -5886.2
10862 -6404.2 -6213.4
10863 -6514.1 -6189.4
10864 8636.6 -654.7
10865 -6164.5 -6339.1
10866 -6418.5 -6326.9
10867 -5817.4 -6454.2
10868 -5812.7 -6536.9
10869 -5558.5 -6474.5
10870 -7096.7 -5880.1
10871 -6926.8 -5962.6
10872 -5254.4 -6369.4
10873 -5247.3 -6416
10874 -5398.5 -6397.7
10875 8609.1 -423
10876 -5612.3 -6326.8
10877 -5531.3 -6271.3
10878 -5547.9 -6161
10879 -5786.1 -6122
10880 -6173.6 -6191.3
10881 -6287.4 -5999.9
10882 -5932.8 -6261.8
10883 -6834.5 -5787.7
10884 -6842.7 -5766.3
10885 -6398 -5989.4
10886 8718.7 -650.5
10887 -7020.4 -6096.8
10888 -6852.3 -6128.9
10889 -7044.6 -6266.5
10890 -7449.6 -5864.9
10891 -7162.8 -5882.6
10892 -7466.5 -5754.7
10893 -7531.5 -5873.6
10894 -7416.7 -5623.4
10895 -7068.9 -5796.1
10896 -7382.9 -5531.2
10897 8751 -764.1
10898 -7427.7 -5503.2
10899 -7244.3 -5611.3
10900 -7323.4 -5363.6
10901 -7040.9 -5751.5
10902 -7130.3 -5742.4
10903 -6921 -5398.2
10904 -6767.1 -5443.4
10905 -6950.9 -5533.7
10906 -6980.6 -5647
10907 -6958.3 -5563.2
10908 8783.2 -696.1
10909 -7002.2 -5688.2
10910 -6799.6 -5778.2
10911 -6093 -5943.8
10912 -5969 -5840.7
10913 -6846.9 -5574.1
10914 -7139.3 -5455.8
10915 -6716.8 -5795.9
10916 -6605.8 -5804.6
10917 -6748.6 -5551.3
10918 -6475.6 -5774.1
10919 8681.7 -753.1
10920 -6486.3 -5757.6
10921 -6059.8 -5779.4
10922 -6211.4 -5785.5
10923 -7056.4 -6354.5
10924 -7445.4 -6202.3
10925 -6880.1 -6295.7
10926 -7077 -6421.8
10927 -6942.7 -6475
10928 -7348 -6361.6
10929 -6463.5 -6419.2
10930 8803.1 -814.3
10931 -6378.5 -6498.4
10932 -6634.1 -6424.5
10933 -6510.1 -6370.7
10934 -6620.3 -6320.4
10935 -6610.7 -6173.3
10936 -6643.8 -6524.2
10937 -6770.5 -6409.3
10938 -6759.9 -6309.2
10939 -6779.2 -6506.7
10940 -6895.9 -6383.5
10941 13126.8 -641.6
10942 -6911.4 -6482
10943 -6399.6 -6551.7
10944 -6580.3 -6532.5
10945 -6402.5 -6583.1
10946 -6736.2 -6149
10947 -6697.7 -6517.2
10948 -6744.5 -6213.5
10949 -6615 -6229.2
10950 -6248.7 -8055.9
10951 -6290.8 -7999.7
10952 13046.8 -677.5
10953 -6211.1 -8112.2
10954 -6326.9 -8097.6
10955 -6219.3 -8040.7
10956 -6338.3 -7945.7
10957 -6271.7 -7914.6
10958 -6388.3 -7880.5
10959 -6418 -7844.7
10960 -6411.8 -7897.8
10961 -6331.1 -7826.1
10962 -7067.2 -6993.3
10963 6579.1 -3733.7
10964 13187.8 -615.1
10965 -7097.6 -6930.3
10966 -7054.7 -7020.9
10967 -6950.8 -6867.6
10968 -7245.1 -6580.8
10969 -7107.6 -6637.5
10970 -7416.1 -6659.2
10971 -7255.1 -6515
10972 -7209.6 -6686.4
10973 -6626.3 -6760.8
10974 -6610.8 -6685.2
10975 13175.4 -742
10976 -6739 -6734.2
10977 -6456.2 -6811
10978 -6384.2 -6831.4
10979 -6333.7 -6841.4
10980 -6436 -6816.9
10981 -6363.5 -6716.7
10982 -6070.8 -6895.5
10983 -6122.8 -6883.4
10984 -5993.7 -6613.4
10985 -6025.6 -6907.6
10986 15504 -2842.5
10987 -5980.3 -6937.1
10988 -5925.2 -6951.8
10989 -5978.4 -6977.9
10990 -5663.8 -8206.8
10991 -5572.9 -8183.1
10992 -5800.6 -7928
10993 -6077.2 -8269.7
10994 -5865.5 -7791.8
10995 -5948.9 -7782.1
10996 -5794.9 -7801.6
10997 15586.7 -2874.7
10998 -5895.2 -7711.3
10999 -5717.1 -6999.8
11000 -5815.3 -6885.5
11001 -5554 -7081.9
11002 -5759.4 -7153.9
11003 -4838.1 6338.4
11004 -4799.3 6298.1
11005 -4836.6 6363.2
11006 -4826.3 6242.7
11007 -4829.8 6414.1
11008 15525 -2960.1
11009 -4752.3 6826
11010 -4735.7 6894.1
11011 -5393.8 6375.3
11012 -5174.3 6421
11013 -5007.6 6531.3
11014 -4925.3 6426.8
11015 -5125.2 6690.4
11016 -4900.4 6619.2
11017 -4787.5 6673.3
11018 -3540.6 2679.1
11019 15581.8 -2719
11020 -3087 2534.9
11021 -2190.7 3446.7
11022 -2173.5 3423.1
11023 -2268.9 3550.9
11024 -2213.4 3430.1
11025 -3589.5 2291.2
11026 -3605.9 2310.3
11027 -3563.1 2321.7
11028 -3574.3 2274.6
11029 -3202.6 1880.8
11030 15427.3 -2797.7
11031 -3278.3 1964.6
11032 -3153.5 1827.6
11033 -3070.7 2005.3
11034 -3299 1791.1
11035 -2723.6 1948.8
11036 -3051 999.9
11037 -3120.2 1180.5
11038 -3036 958.6
11039 -2944.6 1046.4
11040 -30.3 1397.7
11041 15638.7 -2794.9
11042 -74.8 1397.9
11043 -7.9 1383.4
11044 -29.7 1426.6
11045 -46 1458.4
11046 -67.8 1483.8
11047 -2966.8 1558
11048 -2902.6 1610.3
11049 -3006 1752
11050 -2795.6 1642.8
11051 -2667.7 1487.8
11052 15682.6 -2892.2
11053 -2736.5 1679.2
11054 -2916.6 1284.9
11055 -2978.9 1394.9
11056 -3173.2 1297.6
11057 -3218 1129.5
11058 -2930.1 995
11059 -3031.8 1476.7
11060 -3138.8 1634.6
11061 -3058.3 1713
11062 -2935.4 1421.8
11063 15401.7 -2787.1
11064 -2870.2 1312.9
11065 -2896.2 1447.6
11066 -2728.9 1073.4
11067 -2758.1 1061.3
11068 -2624.8 1113.1
11069 -2674.8 1180.4
11070 -2600.6 1246.2
11071 -2815.7 1350.7
11072 -2588.9 980
11073 -2987.5 1764.4
11074 8980.9 -3647.7
11075 15520.6 -2652.7
11076 -2747.4 1416.2
11077 -2519.7 1320.5
11078 -2521.4 1157.8
11079 -2898.1 1818.1
11080 -2861.8 1839.6
11081 -3330.2 1460.9
11082 -3379.3 1426
11083 -3481 1350.6
11084 -3268.6 1180.6
11085 -3289.5 1035.1
11086 15352.6 -2749.4
11087 -3646.9 1345.9
11088 -3663 1288.5
11089 -3547.5 1297.6
11090 -3609.8 1252.1
11091 -3874.2 1246.8
11092 -3965 1268.7
11093 -3088.9 1883.7
11094 -3148.5 2090.5
11095 -3055.2 2019.9
11096 -2870.7 1939
11097 15280.2 -2701.7
11098 -3007.4 2065.5
11099 -3126.6 2111.9
11100 -3412.7 2466.7
11101 -3363.7 2405
11102 -2532.5 2653.6
11103 -2455.3 2711.8
11104 -2468.5 2571.4
11105 -2698.7 2508
11106 -2637.4 2562.4
11107 -3015.8 2587.7
11108 15459.8 -2586.9
11109 -2917 2325.5
11110 -2988.8 2264.1
11111 -3161.7 2480.5
11112 -3073.5 2192.5
11113 -3268.7 2400.5
11114 -3142.7 2135.8
11115 -3218.3 2545.7
11116 -3319.2 2351.4
11117 -2021.3 1530.5
11118 -3537.6 2235.1
11119 15205.7 -2653.6
11120 -3485.3 2179.8
11121 -3432.8 2125.2
11122 -3266.3 2286.2
11123 -3620.8 1945
11124 -3621.5 1915
11125 -3615.6 2048.3
11126 -3380.9 2071.1
11127 -3507.9 2051
11128 -3223.1 2234
11129 -3176.2 2175.1
11130 15397.8 -2518.2
11131 -3333.3 2021.6
11132 -3167.2 2284.1
11133 -3627.9 1777.4
11134 -3640.4 1675.4
11135 -3626.5 1814.2
11136 -3439.3 1854
11137 -3349.7 1742.8
11138 -3404.8 1692.4
11139 -3305.8 1684.9
11140 -3258.1 1731.3
11141 14899.3 -2477
11142 -3610.8 2177.3
11143 -3607.3 2246.9
11144 -3381.1 1783.3
11145 -3551.7 1634.7
11146 -3633.7 1639.6
11147 -3489.9 1689.7
11148 -3452.7 1648.5
11149 -3354.6 1635.5
11150 -2801 2750.8
11151 -2700.5 2636.5
11152 14978.5 -2521.1
11153 -2586.8 2606.7
11154 -2866 2931.4
11155 -2747.8 2795.1
11156 -2796.5 2990
11157 -2683.3 2843.8
11158 -2712.6 3059.9
11159 -2597.8 2736.2
11160 -2654.2 2682
11161 -2622.1 3135.3
11162 -2599.1 2908.9
11163 14944.1 -2406.3
11164 -2527.6 2808.2
11165 -2341 2796
11166 -2069.4 2722
11167 -2232.9 2666.9
11168 -2292.2 2736.7
11169 -2175.3 2846.2
11170 -2051 2964.3
11171 -1986.3 2775.5
11172 -2492.1 3229.7
11173 -2369.4 3077.7
11174 14830.4 -2490.7
11175 -2344.9 3336
11176 -2223.3 3183.6
11177 -2076.6 3289.6
11178 -1929.8 2809.5
11179 -1986.6 2879.6
11180 -2364.8 2824.6
11181 -2251.1 2937.6
11182 -2427 2898.9
11183 -2120.2 3053.2
11184 -1992.1 3174.4
11185 8882.6 -3565.6
11186 14770.2 -2409.1
11187 -1970.6 3146.2
11188 -2110.8 2770.4
11189 -921.4 2333.5
11190 -796.6 2467
11191 -858.6 2400.7
11192 -832.5 1881.5
11193 -1225.3 1666.3
11194 -1184.7 1665.2
11195 -1245.9 1708.7
11196 -998.7 1809.1
11197 15775 -2904.1
11198 -902.1 1665.5
11199 -1027.6 1848.5
11200 -1015.2 1887.8
11201 -1383.2 1686.3
11202 -1481.7 1622.6
11203 -4309.6 11160.1
11204 -4318.4 11130
11205 -4279.9 11149
11206 -4259.3 11276.6
11207 -4422.7 11336.2
11208 15872.6 -2943.9
11209 -5907.2 8845.1
11210 -5917.1 8880.5
11211 -5724.9 8178.7
11212 -5554.7 8235.2
11213 -5755.4 8185.9
11214 -5651.2 7932.9
11215 -5732 8206
11216 -5355.3 8296.9
11217 -5341.3 8368.6
11218 -5126.4 8256.7
11219 15811.9 -3095.9
11220 -4079.3 7463.3
11221 -3983.3 7457.2
11222 -4007 7378.6
11223 -4125.9 7485.8
11224 -4148 7925.5
11225 -4193.1 7840.9
11226 -4199.1 7727.7
11227 -4766.2 3586.1
11228 -4754.6 3518.5
11229 -4760.8 3494.1
11230 15898.8 -3078
11231 -4105.3 6165.1
11232 -4729.1 3019.4
11233 -4748.8 1914.5
11234 -4744 3158.7
11235 -4225.4 7759.6
11236 -4214.5 7791.2
11237 -4238.3 7597.1
11238 -4295.8 7358.5
11239 -4226.1 7857.7
11240 -4187 8124.7
11241 16139.2 -2932.1
11242 -4234.4 7833.1
11243 -3510.6 6807.5
11244 -3358.4 7119.4
11245 -2943.6 8927.3
11246 -2989.3 8913.8
11247 -2953 8822.3
11248 -3112.6 8740
11249 -3813.1 8878.5
11250 -3128.7 8708.6
11251 -2973.2 8720.2
11252 16177.4 -3021.1
11253 -3867.4 8889.1
11254 -3832.5 8889.8
11255 -3853.3 8916
11256 -1514 8076.2
11257 -1611.2 8178.9
11258 -1745.8 8220.6
11259 -949.7 9495.5
11260 -744.7 9226.5
11261 -713.8 9080.1
11262 -865.8 9100.3
11263 12113.4 -998.6
11264 -1788.9 7303
11265 -1953.9 7453.5
11266 -1706.6 7563.1
11267 -1669.4 7911.7
11268 -1624.8 7981.4
11269 -1723.8 7928.5
11270 -1586.8 7886.2
11271 -1760 7959.6
11272 -1768.8 8033.4
11273 -7311.5 -2614.6
11274 12158.5 -976.9
11275 -7201.7 -2983.4
11276 -7196.8 -2570
11277 -4495.3 -4689.5
11278 -4695.5 -4694.9
11279 -4504.7 -4838.1
11280 -4764.6 -4245
11281 -5382.8 -4643.4
11282 -5374.9 -4817.4
11283 -5278.6 -4648
11284 -5442.8 -4644.8
11285 12061.7 -1025.1
11286 -5389.6 -4501.3
11287 -6005.9 -1866.3
11288 -6023.6 -1895.9
11289 -6095.1 -1909.9
11290 -6167.6 -2237.7
11291 -6110.6 -1937.3
11292 -6158.8 -1975.3
11293 -6049 -1911.4
11294 -5339.3 -2562.4
11295 -5135 -2606.1
11296 -3263.4 3203.7
11297 9176.6 -3811.9
11298 12153.3 -1023.9
11299 -4987 -2640.1
11300 -5006.5 -2712
11301 -4980.2 -2612.9
11302 -3976.8 -3278.7
11303 -4288.2 -3223.7
11304 -4415.4 -3385.9
11305 -4561.8 -3170.4
11306 -3292.2 -152.9
11307 -3301.5 -187.4
11308 -3219.9 -114
11309 12293.6 -933.9
11310 -3311.1 -108.4
11311 -3277.4 -195.8
11312 -3315.4 -90.1
11313 -3458.5 80.4
11314 -3397.8 128.2
11315 -3255.4 237.3
11316 -2745.5 -684.3
11317 -2743.8 -643.8
11318 -2773.1 -734
11319 -2724.9 -699.2
11320 12009.7 -993.5
11321 -2712 -826.9
11322 -2706.5 -767.8
11323 -2802 -746.6
11324 -2836.3 -688.8
11325 -2308.1 -1754.4
11326 -2338.4 -1768.8
11327 -2237.8 -1885
11328 -2434.5 -1541.2
11329 -2246.3 -1723.5
11330 -1047.7 -3640.9
11331 12478 -260
11332 -1030.3 -3689.9
11333 -1347.6 -3554.7
11334 -997.7 -3656.6
11335 -1155.7 -3347.8
11336 -1245.4 -3108.5
11337 -1398.8 -3454.6
11338 -766.8 -3173.6
11339 -1384.2 -2818.2
11340 -1346.2 -2886.6
11341 -1420.4 -2747.3
11342 12408.1 -337.4
11343 -884.8 -4983
11344 -914.1 -4812.9
11345 -759.6 -5661.1
11346 -701.4 -5647
11347 454.1 -9079.3
11348 445.8 -9021.2
11349 516.6 -9413.6
11350 -113.4 -5332.2
11351 -69.6 -5391.2
11352 -6 -5266
11353 12344.7 -348.3
11354 -530.3 -5578.9
11355 -452.5 -5700.1
11356 -211.5 -5408.6
11357 -720.8 -5588.4
11358 -1061.8 -5619.4
11359 -787.9 -5594
11360 -722.4 -5712.1
11361 -614.5 -5579.6
11362 -690.9 -5557.2
11363 -805.4 -5537.9
11364 12585.9 -263.1
11365 -816.4 -5565.4
11366 -766.1 -5549.1
11367 -2180.6 -5600.2
11368 -2133.3 -5605.6
11369 -2210.5 -5599.2
11370 -1496.5 -5664.4
11371 -1780.4 -5778.9
11372 -1522.6 -5635.8
11373 -1451.9 -5656.6
11374 -2618.5 -5705.6
11375 12153 -387.4
11376 -2680.5 -5700.1
11377 -2450.3 -5718.5
11378 -2648 -6067
11379 -2606.9 -5567.8
11380 -2552.6 -6073.9
11381 -2662.4 -6246.7
11382 -2502.4 -4791.8
11383 -2500.8 -4962.4
11384 -2506.7 -4603.2
11385 -2793.9 -7113.3
11386 12542 -1696.9
11387 -2862.5 -7084.7
11388 -2756.8 -7127.1
11389 -2760.7 -7054.8
11390 -2890.7 -7281.5
11391 -2948.8 -7037.7
11392 -2952.8 -7065.8
11393 -2869.9 -6228.6
11394 -2962.3 -6221.1
11395 -2885.6 -6347.4
11396 -3389.1 -7778.2
11397 12617.1 -1622.4
11398 -3431.7 -7845.5
11399 -3358.4 -7801.5
11400 -3249.9 -7553.6
11401 -5068.8 -10268.4
11402 -4802.5 -10527.7
11403 -5273.3 -10423.9
11404 -4864.9 -10128.7
11405 -5470 -10557.4
11406 -5094.4 -10958.7
11407 -5559.1 -10607.1
11408 8838.9 -3803.1
11409 12470.1 -1803.1
11410 -5378.6 -10499.5
11411 -2497.6 -6258.9
11412 -2568.1 -6252.9
11413 -2487.1 -6128.3
11414 -2508.8 -6401.4
11415 -2269.2 -6285.1
11416 -2766.6 -6237.3
11417 -2668.9 -6331.2
11418 -2854.7 -6048.5
11419 -2948.3 -6040.5
11420 12764.5 -1793.9
11421 -2020.8 -1169.4
11422 -2046.1 -1166.6
11423 -1818.7 -1502.1
11424 -1958.8 -1575.6
11425 -1925.7 -1327
11426 -1652.9 -1762.9
11427 -1614.7 -1397.4
11428 -1636.4 -1791.3
11429 -1619.3 -1739.4
11430 -1813 -1847.5
11431 12278.7 -1542.9
11432 -1527.2 -2002
11433 -1548.5 -1962.7
11434 -1453.2 -2119
11435 -1597.8 -2028.6
11436 -1605.3 -1953.2
11437 -1740.9 -1963.9
11438 -1882.5 -1984.3
11439 -1858.2 -2072.2
11440 -2836.5 -642.9
11441 -2863.9 -664.4
11442 11962.3 766.6
11443 -2781.1 -603.8
11444 -2875.5 -633.5
11445 -2781 -650
11446 -2918.4 -429.5
11447 -2967.8 -370.7
11448 -3174.2 310.5
11449 -3219.4 185.9
11450 -3342.7 484.9
11451 -3360.2 465.5
11452 -3442.3 593.3
11453 12124.5 855
11454 -3513.1 649.8
11455 -3560.6 716
11456 -3415.1 703.1
11457 -3788.4 986.2
11458 -3757.2 1024.3
11459 -3747.4 1426.5
11460 -3656.9 1565.3
11461 -3824 1421.3
11462 -3868.8 1781.4
11463 -3900.8 1412.7
11464 11911.6 823.2
11465 -4113.4 1388.6
11466 -4023.5 1392.4
11467 -4159.9 1746.4
11468 -4263.4 1838.1
11469 -4274.8 1917.3
11470 -4285 2001.5
11471 -4107 1938.2
11472 -3961.3 643.9
11473 -3932.9 582.2
11474 -3977 664.3
11475 11907.8 723.4
11476 -3991.5 840
11477 -3967.2 728.8
11478 -4032.9 977.1
11479 -3957.7 1016.7
11480 -3208.6 3219.7
11481 -3237.3 3263.5
11482 -3220.2 3239.6
11483 -3206.6 3286.1
11484 -3191 3434.1
11485 -1674.1 3891.3
11486 11832.8 646.7
11487 -1645.9 3901.6
11488 -1606.9 3915.8
11489 -1654.9 3928.6
11490 -1899.1 3387.5
11491 -1874.6 3393.8
11492 -1879.1 3366.9
11493 -7040.2 -6658.6
11494 -6988.8 -6673.1
11495 -7126.2 -6570
11496 -7078.8 -6798.4
11497 11858.9 678
11498 -7100.5 -6502.6
11499 -6961.6 -6553.5
11500 -6602.3 -6633.5
11501 -6593.7 -6589.1
11502 -6714.7 -6608.2
11503 -6803.6 -6589.1
11504 -6900.7 -6567.5
11505 -6832 -6714.3
11506 -6933 -6689.8
11507 -6965.1 -6680.2
11508 11796.3 719.3
11509 -6885.3 -6703.2
11510 -6437.7 -6731.5
11511 -6415 -6636.1
11512 -6430.1 -6699.4
11513 -6228.6 -6573.1
11514 -6202.4 -6433.8
11515 -6244.4 -6858.5
11516 -6147.6 -6595
11517 -6341.7 -6384.8
11518 -6002.7 -6490
11519 9241 -3338.3
11520 11859.4 603
11521 -6289.1 -7111.1
11522 -6257.2 -6992.7
11523 -6197.9 -7140.5
11524 -6364.4 -7088.2
11525 -6250.7 -6926.3
11526 -6160.5 -7023.9
11527 -6362.3 -6958.1
11528 -6185.8 -6869.9
11529 -5218.2 -6815.3
11530 -5246.1 -6903.2
11531 12171.5 793.9
11532 -5182 -6821.4
11533 -5196.9 -6767.4
11534 -5325.2 -6777.2
11535 -5739.4 -6658
11536 -5777 -6650.4
11537 -5627.5 -6686.1
11538 -5750.1 -6711.3
11539 -5725.2 -6562.3
11540 -6014 -6611
11541 -5943.6 -6620.9
11542 12045.7 945.2
11543 -6048.9 -6607.1
11544 -5220.2 -6670.2
11545 -5701.9 -7667
11546 -5654 -7660.6
11547 -5686.2 -7593
11548 -5748.3 -7672.8
11549 -5411.6 -7277.3
11550 -5517.1 -7269.3
11551 -5447 -7340.3
11552 -5367.9 -7204
11553 12197.6 894.9
11554 -5479.4 -7165
11555 -5600.7 -7262.8
11556 -5337.9 -7190
11557 -5268.6 -7074.7
11558 -5272.1 -7215.3
11559 -5391.1 -7195.8
11560 -5543.2 -7516.1
11561 -5601.5 -7510.6
11562 -5566.6 -7560.2
11563 -5484.1 -7408.3
11564 12256.6 925.8
11565 -5762 -7711.2
11566 -5769.1 -7671.7
11567 -5914.2 -7659.9
11568 -5921.5 -7591.6
11569 -5968.1 -7686.3
11570 -6072.3 -7748.4
11571 -5983.1 -7954.9
11572 -6097 -7560
11573 -6144.5 -7751.3
11574 -5988 -7776.1
11575 12105.1 999.3
11576 -5991.3 -7698.3
11577 -6260.4 -7782
11578 -6163.1 -8027.2
11579 -6204.3 -7760.3
11580 -6314.8 -7810.6
11581 -5305.2 -7835.8
11582 -5238.2 -7770.7
11583 -5204.9 -8022.4
11584 -5409.8 -7743.9
11585 -5476.6 -7686.9
11586 12315.7 958.2
11587 -5384.6 -7677.7
11588 -5459.8 -7635.9
11589 -5505 -7832.4
11590 -5435.2 -8145.8
11591 -5073.7 -7941.7
11592 -5667.2 -7503.1
11593 -5659 -7463.2
11594 -5930.3 -7525.5
11595 -6012.4 -7543.2
11596 -5916.3 -7427.7
11597 12153.4 1042.7
11598 -6295.2 -7603.2
11599 -6353 -7523.5
11600 -6391.4 -7691
11601 -6188.5 -7573.1
11602 -6530.2 -7036.5
11603 -6557.6 -7027.9
11604 -6533.7 -7080.8
11605 -6497.1 -7046.5
11606 -6811.6 -6943.2
11607 -6867.7 -7082.7
11608 12364.5 897.9
11609 -6764.2 -6827.8
11610 -6908.5 -6890.7
11611 -6706.9 -6992.1
11612 -7197.1 -6714.5
11613 -7169.7 -6776.5
11614 -7144.6 -6760.1
11615 -6003.3 -7466.3
11616 -6081.2 -7464.8
11617 -5995.4 -7341.7
11618 -6077.3 -7489.5
11619 12199.4 1085.1
11620 -6100.4 -7420.2
11621 -5824.7 -7254.4
11622 -5848.1 -7288.2
11623 -5982.9 -7215.4
11624 -5986.9 -7268.7
11625 -6083.7 -7177
11626 -6225.5 -7235.3
11627 -6169.6 -7245.7
11628 -6175 -7330.8
11629 -6090.1 -7255
11630 9304.6 -3248
11631 12393.7 1000.4
11632 -5808.9 -7283.4
11633 -5023.4 -7612.8
11634 -4874.2 -7701.7
11635 -5001.2 -7484.3
11636 -5233 -7446.9
11637 -5315.2 -7398.7
11638 -5325.1 -7429.4
11639 -4869 -7227.9
11640 -6140.8 -6955.5
11641 -5877 -6631.9
11642 12487.9 1049.6
11643 -5602.8 -6558.5
11644 -5592.5 -6524.5
11645 -5820.6 -6672.5
11646 -5666.5 -6749.6
11647 -7012.7 -6834.5
11648 -7132.6 -6857.5
11649 -6913.4 -6772.4
11650 -6997.9 -7130.6
11651 -6775 -7121.7
11652 -6815.7 -7205.7
11653 12263.6 1145.9
11654 -6746.2 -7109.7
11655 -6736.3 -7135.9
11656 -6488.6 -7189
11657 -6558.8 -7085.2
11658 -6672.4 -7098.9
11659 -7251.2 -6936.2
11660 -7270.2 -6951.5
11661 -6952.6 -7196.8
11662 -6723.7 -7362.1
11663 -6761.2 -7394.2
11664 12406.3 840.1
11665 -6551.2 -7215.8
11666 -6757.3 -7299.9
11667 -7321.4 -7010.9
11668 -7293.3 -7095.2
11669 -7489.8 -6780
11670 -7160.3 -6796.9
11671 -7575.4 -6269.9
11672 -7673.2 -6356.8
11673 -7369.9 -6764.9
11674 -7312.1 -6884.8
11675 12521.6 1021.2
11676 -7557.2 -6280.1
11677 -7522.1 -6311.9
11678 -7489.1 -6449.7
11679 -7441.8 -6424.2
11680 -7454 -6564.2
11681 -7497.2 -6386.5
11682 -7623.4 -6522.3
11683 -7393.6 -6396.4
11684 -7273.4 -6474.4
11685 -7858.1 -6661.4
11686 12213.8 734.9
11687 -7571.8 -6621.7
11688 -7616.3 -6451
11689 -7630.1 -6408.7
11690 -7641 -6047.1
11691 -7365.7 -6520.3
11692 -7524.4 -6713.7
11693 -7387 -6726.6
11694 -6567.5 -7191.6
11695 -6783.2 -7421.5
11696 -6820 -7386
11697 11947.2 672.7
11698 -6463.4 -7253.4
11699 -6392.2 -7194.4
11700 -6900.6 -7278.8
11701 -6740.8 -7462.3
11702 -6692.7 -7519.6
11703 -6442.1 -7307.6
11704 -6649.9 -7572.8
11705 -6415.9 -7375.7
11706 -6454 -7277.2
11707 -6600 -7635.2
11708 8632 -790.8
11709 -6399.5 -7418.3
11710 -6526.9 -7717.4
11711 -6519.6 -7562.4
11712 -6391 -7440.3
11713 -6448.9 -7633.5
11714 -6370.3 -7744.9
11715 -6496.9 -7751.8
11716 -6095.6 -7335.6
11717 -6180.6 -7419.7
11718 -6071.5 -7556.3
11719 8501.1 -363.4
11720 -6217.7 -7494.4
11721 -6252.7 -7326
11722 -6243.6 -7295.6
11723 -6258.5 -7345.3
11724 -6867.4 -6790
11725 -6662.9 -6860.4
11726 -6510.9 -6909.3
11727 -6398.9 -7077.7
11728 -6380.1 -7016.1
11729 -6348.2 -6900.5
11730 8520.8 -407.5
11731 -6464.6 -6923.8
11732 -6451.7 -6875.5
11733 -6479.5 -6984
11734 -5667.6 -7176.6
11735 -5584.2 -7196.7
11736 -5837 -7437.5
11737 -5645.1 -7395.4
11738 -5624.2 -7293.1
11739 -5771.8 -7804.3
11740 -5785.3 -7776.5
11741 9320.4 -3396.1
11742 8491.9 -398.6
11743 -5698.2 -7813.3
11744 -5726.8 -7891.7
11745 -5650.7 -8039.9
11746 -5616.3 -7828.4
11747 -5618.4 -7632.9
11748 -5565.8 -7651.7
11749 -5508.1 -7586
11750 -5484.5 -7832.4
11751 -5473.3 -7904.2
11752 -4689.3 4968
11753 8153.6 -334.5
11754 -4680.1 4994.3
11755 -4677.4 5192
11756 -4675.8 5273.1
11757 -4684.1 5114.3
11758 -4816.3 5125.5
11759 -4697.5 5059.4
11760 -4158.6 5612.2
11761 -4287.7 5661.5
11762 -4117.5 5815.1
11763 -4332.2 5318.2
11764 8756.7 -384.7
11765 -4510.2 5602.3
11766 -4344.7 5540
11767 -4540.2 5409.3
11768 -4632.9 5640
11769 -4456.9 5813.3
11770 -6097.2 5787.1
11771 -6247.4 5892.9
11772 -5154.7 4613.5
11773 -5079.1 4520.9
11774 -5210.7 4583.6
11775 8575.2 -521.5
11776 -5169.4 4630.4
11777 -5131.9 4492.6
11778 -5024.3 4465.6
11779 -5041.7 4536.3
11780 -5079.5 4432.8
11781 -4969.7 4372.4
11782 -4927.2 4050.2
11783 -4926.3 4085.1
11784 -4928 4010.9
11785 -4821 3388.3
11786 8913.5 -405.7
11787 -4839.4 3372.2
11788 -4856.2 3401.6
11789 -4776.5 3366.6
11790 -7572.7 6213.6
11791 -7903.8 6413.5
11792 -7487.3 6385.8
11793 -7101.6 6181.5
11794 -7735.7 6509
11795 -7778.8 6465.6
11796 -7661.8 6530.7
11797 9328.4 -956.1
11798 -6832.8 5678.3
11799 -6828.8 5480.1
11800 -6921.2 5587.6
11801 -6835.8 5759.2
11802 -6551.1 5656.1
11803 -6698.3 5487.9
11804 -6775.9 5371.6
11805 -6989.8 5213.5
11806 -6706.3 5288.6
11807 -6942.8 5129
11808 9374.1 -980.6
11809 -7054.3 5345.5
11810 -7287.3 5109.6
11811 -7242.3 5025.8
11812 -7378.9 5100.8
11813 -7297.6 4912.6
11814 -6894.6 5037.6
11815 -6805.5 5214.7
11816 -6501.2 5180.3
11817 -6359.7 5018.6
11818 -6533.7 5156.4
11819 9307.4 -989.5
11820 -6744.6 5087.9
11821 -6494 5013.5
11822 -6879.9 4966.5
11823 -6468.3 4866.9
11824 -6279.9 5030.3
11825 -6349.2 4881.7
11826 -6882.2 4890
11827 -6975.9 4959.2
11828 -6107.8 4760.2
11829 -5898.1 4779.1
11830 9420.7 -807
11831 -6300.1 4866.7
11832 -6280.6 4879.2
11833 -4909 4364.3
11834 -4948.8 4291.4
11835 -4845.9 4355.7
11836 -4922.5 4275.4
11837 -4883.9 4517.8
11838 -4938.6 4629
11839 -4866.1 4620.7
11840 -4892 4896.2
11841 9456.3 -1282.2
11842 -5006.9 4636.8
11843 -4815.2 4691.5
11844 -4813.2 5172
11845 -5046.9 5240.4
11846 -4992.3 5234.3
11847 -4993.6 5097.5
11848 -5045.1 5079.3
11849 -4451.4 5384.5
11850 -4542.7 5289
11851 -4672 5413.8
11852 10063.5 -2168.3
11853 9501.6 -1306.6
11854 -4661.5 5615.5
11855 -4802.3 5395.5
11856 -5145.5 5555.6
11857 -5193.4 5674.8
11858 -5047.1 5699.2
11859 -4947.3 5716.1
11860 -5028.6 5574.6
11861 -4788.7 5742.8
11862 -4787.1 5870.7
11863 -4793.3 5618
11864 9383.3 -1262.8
11865 -4570.5 6007.8
11866 -4538.6 6033.6
11867 -4511.6 6030.3
11868 -4480.2 5982.5
11869 -4440.3 6502.3
11870 -4361.4 6484.7
11871 -4335.8 6590.7
11872 -4296.7 6676.2
11873 -4388.4 6776.4
11874 -4385.5 6192.9
11875 9513.6 -1045.8
11876 -4401.4 6066.8
11877 -4401.3 6324.8
11878 -4369.8 6316.4
11879 -4228.2 6668.6
11880 -4325 6771.6
11881 -4299 6902.6
11882 -4335 6907.2
11883 -4286.3 7004.9
11884 -4180.7 7050.4
11885 -4292.2 7063
11886 9311.6 -1246.8
11887 -4187.4 6991.2
11888 -4140 7046.1
11889 -4342.6 7070.8
11890 -4306 7237.6
11891 -4342 7024.2
11892 -4635.6 7290.7
11893 -4927.6 7077.7
11894 -4629.4 7320.5
11895 -4622.7 7354
11896 -5044.2 6979.7
11897 9305.5 -1322.9
11898 -5052.1 7148.4
11899 -5159.4 6919.2
11900 -5030.4 6964.6
11901 -5228.8 7032.3
11902 -5033 6773.4
11903 -4984.5 6754.5
11904 -5036.3 6815.4
11905 -5312 7182.6
11906 -5188 7256.7
11907 -4402.9 6798.2
11908 9770 -932.7
11909 -3145.4 8874.4
11910 -3325.4 8847.2
11911 -3059.4 8894.9
11912 -3136.6 8934.2
11913 -3713 8959.2
11914 -3642.5 8908.6
11915 -3700.8 9047.6
11916 -3126.5 9003.2
11917 -3197.3 9077.7
11918 -3130.9 8972.3
11919 9761 -812
11920 -3116.4 9075.9
11921 -3268.8 9113.8
11922 -3340.9 9123.9
11923 -3281.9 9036.8
11924 -3259.3 9221.1
11925 -3409.6 9133.8
11926 -3435.5 9159.1
11927 -3378.2 9129.8
11928 -3422.9 9064.6
11929 -3632.2 9107.7
11930 10072.4 -1162.7
11931 -3672.7 9116.2
11932 -3619.3 9136.4
11933 -3609.6 9094.4
11934 -3615.7 9033.7
11935 -3582.3 9025.4
11936 -3216.3 8947.3
11937 -3274.1 9413.9
11938 -3405.4 9434.2
11939 -3194.7 9395.2
11940 -3285.7 9336.4
11941 9799.3 -1207.6
11942 -3244 9595.9
11943 -3372.1 9608.3
11944 -3232.6 9687.2
11945 -3165.4 9585.5
11946 -3057.9 9663.9
11947 -3222.6 9770.2
11948 -3201.2 9923.5
11949 -3026.9 9898.1
11950 -3327 9940.4
11951 -3185.4 10062.5
11952 8040.7 -325.3
11953 -3171.6 10132
11954 -3308.3 10074
11955 -3129 10120
11956 -3219.7 10145.5
11957 -2902.8 9558.6
11958 -2936.5 9363.4
11959 -2989.7 9560.5
11960 -2812.3 10018
11961 -2799.3 10069.2
11962 -2825.1 9968.8
11963 10426.2 -2337.4
11964 7934.2 -316.5
11965 -2944.9 10059.5
11966 -2750.8 10257.3
11967 -2832.9 10298
11968 -2720.5 10405.9
11969 -2947.5 9258.5
11970 -3056.2 8917.1
11971 -3036.5 9051.3
11972 -3048.1 8974.9
11973 -2982.8 8978.1
11974 -3050.7 9065.8
11975 7921.6 -486.7
11976 -3210.8 9223.7
11977 -3186.2 9151.4
11978 -3199.1 9323.1
11979 -3125.6 9220.6
11980 -3275.5 9242.8
11981 -2670.4 10670.2
11982 -2792.1 10719.8
11983 -2703.6 10496.6
11984 -2602 11301
11985 -2710.1 11364.9
11986 7824.2 -306.9
11987 -2583.4 11485.6
11988 -2567 11599.7
11989 -2714.4 11556.5
11990 -2735.3 12270
11991 -2411.5 12227.7
11992 -2769.5 12024.2
11993 -2865 12284.4
11994 -2592.8 12575.6
11995 -3313.8 12373.3
11996 -3347.7 12301.8
11997 9454.5 -1019.8
11998 -3153.3 12321.9
11999 -3243.9 12518.9
12000 -3332.1 12099
12001 -3476.2 12036.2
12002 -3490.1 12006.8
12003 -3458.7 12004.9
12004 -2974.1 11944.9
12005 -3000.1 11925.2
12006 -3004.4 11944.8
12007 -2862.2 12036.2
12008 9569.9 -1344.1
12009 -2884.9 12018
12010 -3128.2 11828.7
12011 -3370.8 11702.5
12012 -3092.9 11778.8
12013 -3718.5 11494.1
12014 -3704.2 11558.9
12015 -3682.8 11540.8
12016 -3681.6 11636.9
12017 -3633.1 11706.2
12018 -2525 13059.9
12019 9640.5 -1382.8
12020 -2295.9 13051.9
12021 -2862 13068.6
12022 -2551.7 12830.3
12023 -2378.4 12473.5
12024 -2257.6 13136.6
12025 -2976.5 13055.8
12026 -2962.5 13102.4
12027 -2917.9 13070.3
12028 -3088.1 12838.3
12029 -2993.3 12793.6
12030 9663.9 -1139.9
12031 2147.9 6826.7
12032 2077.3 6751.3
12033 2179.9 6847.7
12034 2042.9 6463.1
12035 2230.1 6796.4
12036 1844.2 6358
12037 546.7 6226.5
12038 493.2 6172.6
12039 612 6288.9
12040 582.9 6190.7
12041 9713.1 -1422
12042 462.9 6308.8
12043 2474.6 7183.2
12044 2412.7 7241
12045 2328.8 7027
12046 1130.2 5642.5
12047 1052.2 5719.2
12048 1069.7 5583.4
12049 1813.9 6991.1
12050 1885.1 6925.7
12051 1743.9 7055.8
12052 9592.2 -527
12053 1847.5 7028.4
12054 1645.4 6807.5
12055 2048.5 7246.3
12056 1133.8 6127.1
12057 1052.9 6232.1
12058 1605.8 7178.5
12059 1536.3 7242.8
12060 1840.3 7435.8
12061 1440.3 6997.2
12062 1675.2 7118.7
12063 9673.1 -541.9
12064 1771.4 7499.8
12065 1471.6 7303.1
12066 1370.7 7060.8
12067 1706.8 7555.1
12068 1393.8 7374.8
12069 1369.8 7348.9
12070 1626.9 7627.5
12071 1326.8 7432.6
12072 1232.6 7466.6
12073 1353.6 7514.7
12074 10040 -2200.4
12075 9576.8 -555
12076 1294.6 7329
12077 1306.6 5950.3
12078 1227 6031.4
12079 1370.9 5886.5
12080 892.9 5880.3
12081 973.1 5799.2
12082 955.6 5944.8
12083 814.6 5957.2
12084 775 5764.9
12085 2339.2 7311.5
12086 9561.7 -525.9
12087 -1443.1 3633.9
12088 -6619.1 -8173.8
12089 -6639 -8101.9
12090 -6510.2 -8288.2
12091 -6622.8 -8349.2
12092 -7474.4 -8113.3
12093 -7582 -8179.8
12094 -7543.7 -7978.9
12095 -7418.5 -8095.5
12096 -7358.5 -8325.2
12097 9760.6 -556.5
12098 -7609.6 -8183.9
12099 -7582.9 -8215.7
12100 -7656 -8136.6
12101 -7743.2 -8027
12102 -7750.4 -8002.5
12103 -7834.5 -8091.3
12104 -7650.1 -7756
12105 -7476.8 -7877.9
12106 -7640 -7693.5
12107 -7668 -7800.5
12108 9844.1 -570.7
12109 -7710.1 -6880.1
12110 -7528.8 -7165.4
12111 -7744.8 -6830.5
12112 -7954.6 -6586.3
12113 -7889.6 -6598.8
12114 -6955 -7623.5
12115 -6998.5 -7733.2
12116 -6999.6 -7489.6
12117 -6930.1 -7672
12118 -7035.8 -7763.6
12119 9463.8 -737.9
12120 -6873.7 -7811
12121 -7630.9 -9466.8
12122 -7677.5 -9495.6
12123 -7102.5 -9231.2
12124 -7616.6 -9490.4
12125 -9179.6 -10257.1
12126 -9213.6 -10196.3
12127 -9238.5 -10279.6
12128 -9105.8 -10271
12129 -9367.5 -10351.6
12130 9967.2 -734.3
12131 -9324.7 -10425.5
12132 -9443.9 -10427.5
12133 -9263.5 -10291
12134 -10179.5 -10752
12135 -10153.7 -10742.1
12136 -10189.2 -10726.7
12137 -10205.4 -10761.8
12138 -6641.3 -7193
12139 -6680.4 -7226.3
12140 -7380.6 -7622
12141 9858 -699.1
12142 -7072.4 -7817.8
12143 -7535.7 -7477.7
12144 -7416.8 -7454.7
12145 -7488.7 -7354.3
12146 -7507.4 -7255.2
12147 -7503.1 -7391.7
12148 -7877.8 -6631.2
12149 -7197.4 -8239.6
12150 -7217.8 -8255.2
12151 -7327.9 -8032.7
12152 10034.6 -899.8
12153 -7055.3 -8147
12154 2200 6856.8
12155 2283.9 6838.9
12156 2223.7 6869.3
12157 2236.1 6900.4
12158 2246.7 6926.4
12159 2265.3 6959.2
12160 1588.7 6098.6
12161 1746.8 5959.4
12162 1539.6 6148.2
12163 9924 -864.8
12164 -1260.7 5820.6
12165 -2641.8 3945.9
12166 -2611.8 3740
12167 -1949.1 4238
12168 -1997.3 4499.4
12169 -1691.9 4830.8
12170 -2950.6 3472.2
12171 -3048.7 3397.7
12172 -2925.1 3497.1
12173 -3106.1 3392.5
12174 9814.8 -830.1
12175 -3111.3 3357.5
12176 -3158.7 3426.6
12177 -3112.8 3685.4
12178 -3077.2 3782.7
12179 -3278.1 3748.8
12180 -3141.6 3596.6
12181 -3014.3 3596.5
12182 -2791.4 3600
12183 -3049.7 3869.8
12184 -2945.9 3699.9
12185 10033.1 -2153.7
12186 10122.3 -927.5
12187 -2696.3 3670.3
12188 -2778.9 3771.1
12189 -2872.3 3653
12190 -2856.9 3833.4
12191 -3023.1 3954.6
12192 -2991.7 4054.2
12193 -3111.1 3987.1
12194 -2939 3894.9
12195 -2621.8 4234.8
12196 -2803.9 4197.4
12197 9310.2 -1402.6
12198 -2590 4224.8
12199 -2538.1 4305.7
12200 -2646.6 4142.2
12201 -2485.4 4117.3
12202 -2801.1 3916.2
12203 -2498.8 4362.9
12204 -2592.8 4328.9
12205 -3020.3 4472.9
12206 -2550.1 4452.5
12207 -2744.5 4377.2
12208 9672.6 -1488.2
12209 -2464.7 4425.5
12210 -2473 4559.7
12211 -2470 4687.4
12212 -2515.1 4573.5
12213 -2446.8 4581
12214 -3450.3 4636.9
12215 -3335.2 4590.9
12216 -3404 4409.6
12217 -3259.1 4357.4
12218 -3472.6 4230.2
12219 9328.5 -1487.1
12220 -3211.3 4545.4
12221 -3190 4537.4
12222 -3176.1 4327.4
12223 -3292.9 4268.3
12224 -3115.5 4509.5
12225 -3334.1 4831.3
12226 -2945.7 4711.5
12227 -3048.2 4744
12228 -2906.6 4831
12229 -2813.8 4668.5
12230 9366.2 -1578.9
12231 -2499.2 4697.7
12232 -2522.4 4705.4
12233 -2478.8 4869.4
12234 -2731.1 4913.6
12235 -2863.6 4956.9
12236 -3012.3 4864.6
12237 -2722.1 5019.4
12238 -2677.8 4996.6
12239 -3091.5 5381.9
12240 -2457.9 5729.7
12241 9597.1 -1621.6
12242 -2576.5 6229.9
12243 -2586.9 6143.2
12244 -2371.2 6743.9
12245 -1834.2 7171.3
12246 -1511.7 9226.5
12247 -1535.9 9081.3
12248 -1501.6 9319
12249 -1074.9 10126.1
12250 -1175.1 10200
12251 -1043.7 10167.9
12252 9529 -1746.3
12253 -1108.2 10082.7
12254 -40.7 9570.7
12255 -233.9 9605.5
12256 -92.8 9500.3
12257 -385.7 9605.5
12258 615.2 8530
12259 598.5 8555.7
12260 393.7 8463.1
12261 323.6 8463.4
12262 392.3 8633.1
12263 9596.1 -1783.4
12264 328.8 8630.8
12265 166.8 8629.3
12266 -92.9 8765.1
12267 269.4 8769.2
12268 284.6 8861.3
12269 335.8 8839.8
12270 573.7 8799.5
12271 868.3 8941.7
12272 612.6 8886.5
12273 346.4 9045.3
12274 9560.2 -1688.7
12275 186.9 9141.2
12276 211.7 9189.1
12277 268 9292.6
12278 297.9 9564.2
12279 332.9 8941.9
12280 1775.7 9446.6
12281 1717.6 9480.7
12282 1833.9 9525.5
12283 1893.7 9377.3
12284 2093.2 9253.2
12285 9635.2 -1554.7
12286 2248.5 9124.1
12287 2006.1 9308.6
12288 1961.5 9098.1
12289 434.6 9518.1
12290 506.2 9522.1
12291 382.3 9658.5
12292 312.5 9604.6
12293 366.5 9541
12294 485.2 9588.9
12295 529.4 9559.8
12296 10638.6 -1350.5
12297 9739.5 -1526.2
12298 626.4 9494.6
12299 426.1 9629.3
12300 679.1 9459.2
12301 832.1 9275.8
12302 757.4 9406.6
12303 881.4 8448.4
12304 909 8455.2
12305 851.3 8324.5
12306 895 8472
12307 728.6 8490.1
12308 9782.3 -1291.6
12309 750.2 8559.9
12310 646.5 8488.3
12311 394.3 8551.2
12312 218.4 8550.8
12313 221.9 8629.8
12314 325.9 8551.2
12315 1024.5 8610.7
12316 1061.8 8652.9
12317 918.1 8703.8
12318 1103.4 8614
12319 9982.3 -1402.8
12320 1319.1 8853
12321 1393 8956.4
12322 1191.4 8938
12323 1459.6 8720.4
12324 1705.6 8445
12325 1575.4 8837.4
12326 1478.5 8901.8
12327 1140.1 8825.8
12328 1240.4 9060
12329 1085.1 9009.9
12330 9805.5 -1562.9
12331 1500 8887.6
12332 1345.7 8408.4
12333 1610.5 8348.7
12334 1696.2 8285.6
12335 1741.1 8243
12336 1847.6 8443.5
12337 1621.5 8191.7
12338 1432.2 8931.7
12339 2024.9 10276.6
12340 2102.1 10139.4
12341 9662.2 -1820
12342 1978.4 10202.2
12343 2198.9 10549.5
12344 1951.1 10325.4
12345 2907.4 9422.2
12346 2437.8 9816.3
12347 2769.5 9249.8
12348 3191.5 9789.7
12349 2390.4 9857.2
12350 2333.8 9904.8
12351 2249.3 9686.5
12352 9730.9 -1857.1
12353 2244.9 9979.3
12354 2280.8 9948.8
12355 2227.7 9993.3
12356 2280.1 9986.4
12357 2664.8 10595.3
12358 2141.1 9778.1
12359 1650.3 10566.1
12360 1717.2 10506.6
12361 1548 10395.9
12362 1568.5 10634.4
12363 9796.1 -1893.6
12364 1497.6 10412
12365 1492.7 10697.7
12366 1613.6 11104.8
12367 1412.6 10439
12368 1419.8 9723.3
12369 1559.6 10081.9
12370 1307.9 9697
12371 1654 10238.5
12372 1485.7 10129.5
12373 1634 10034.6
12374 9873 -1600.2
12375 1782.6 10450.8
12376 1849.2 10391.8
12377 1862.1 9884
12378 1799.7 9926
12379 1913.4 9964.1
12380 1851.5 10005.9
12381 1724.3 9974.4
12382 1730.8 9820.5
12383 1421.3 10170.6
12384 1468.9 10321
12385 9939 -1636.2
12386 1337.2 10196.1
12387 2085.6 9825.3
12388 1944.9 9656.6
12389 2040.2 9864.1
12390 1948.1 9939.5
12391 1984.3 10072.9
12392 1575.3 10278.6
12393 963.7 10413
12394 959.3 10312.6
12395 1105.5 10065.5
12396 10005.2 -1673.5
12397 956.8 10227.7
12398 814.7 10512.1
12399 815.5 10622.6
12400 886.9 10508.9
12401 731 10624.2
12402 820.1 10739.3
12403 749 11003.4
12404 836.7 11079.6
12405 638.4 10889.8
12406 1368.5 11581.8
12407 -3413.1 3192.3
12408 10619.1 -1212.7
12409 9862.5 -1930.9
12410 1102.7 11309.5
12411 644.8 10745.4
12412 646.3 10828.9
12413 712.1 10743.6
12414 735.4 10766.8
12415 734.3 10721.2
12416 757.8 10742.9
12417 735.6 10828.3
12418 823.2 10825.6
12419 1008 10734.1
12420 10071.3 -1710.4
12421 1090.7 10731.8
12422 1094.3 10816.8
12423 1095.2 10410.8
12424 1010 10820.2
12425 1108.7 11034.6
12426 1250.3 11031
12427 1042.5 11016.1
12428 1315.7 11255.3
12429 1116.1 11259
12430 873.2 11112.4
12431 10165.5 -1544.1
12432 1158.9 11257.7
12433 1236.9 11256.3
12434 1401.9 11742.7
12435 1355.7 11756.8
12436 1436.5 11855.4
12437 1369.1 11974.3
12438 1469.1 12066.8
12439 1225.7 11926.7
12440 1175.6 11815.1
12441 1249.1 11790.5
12442 10179.8 -1504.4
12443 1191.8 11859.3
12444 1093.6 11840.9
12445 1546.7 11819.8
12446 1522.9 12359.8
12447 109.9 13588.3
12448 191.6 13533.1
12449 338.9 13762
12450 493.9 13686.8
12451 -321.3 12050.8
12452 -292.7 12011.2
12453 10254.1 -1603
12454 -304.4 12067.4
12455 -359.2 12028.7
12456 -1312.4 10411.6
12457 -1121.4 10273.4
12458 -1067.6 10344.3
12459 -781.2 10148.4
12460 -1420.6 9674.1
12461 -1227 9552
12462 -855.2 9624
12463 -1006.2 9415.7
12464 10179 -1416.4
12465 -1012.6 9542.6
12466 -1191.1 9602.1
12467 -965.5 8995
12468 -1768.5 9107.6
12469 -1544.8 9044.3
12470 -2148.2 8323.3
12471 -2424.2 7629.2
12472 -133.3 8055.2
12473 37.7 8110.3
12474 -330.3 7997.9
12475 10020.6 -1329.6
12476 -157.6 8140.9
12477 -509.1 8031.6
12478 -755.2 8063.2
12479 -960.2 8087.2
12480 -794.3 8320
12481 -5230.5 -6621.5
12482 -5479.4 -6473
12483 -5437.9 -6734.1
12484 -5530.4 -6705
12485 -5532.7 -6512
12486 10048.4 -1239.2
12487 -5597.4 -6692.3
12488 -5567.5 -6697.5
12489 -5416.6 -6606.7
12490 -5449.3 -6568.6
12491 -5379.3 -6508.8
12492 -5369.3 -6616.5
12493 -5364.8 -6762
12494 -5373.8 -6570.3
12495 -5344.1 -6769.9
12496 -5346 -6971.5
12497 8967.5 -1555.5
12498 -5368.2 -6884.2
12499 -5251 -6937.7
12500 -5580.1 -6786
12501 -5573 -6739
12502 -5259.7 -7028.2
12503 -5466.2 -7018.5
12504 -5322.5 -7055.7
12505 -5515.6 -6995.1
12506 -5409 -7002.3
12507 -5404.5 -5495.5
12508 8814.5 -1801.4
12509 -5360.7 -5597.2
12510 -5291.4 -5520.5
12511 -5626.1 -5309.9
12512 -5488.3 -5558.9
12513 -5211.1 -5929.9
12514 -5229.6 -6019.8
12515 -5166.5 -5924.1
12516 -5288.7 -5707.2
12517 2125.1 3880.1
12518 2173.8 3930.6
12519 10733.3 -1402.5
12520 8062.9 -1038.8
12521 1961.9 3699.2
12522 2211.9 3821.5
12523 2060.6 3925.3
12524 1829.5 3560.8
12525 1815.6 3544.9
12526 1845.1 3547.5
12527 1896.6 3634
12528 1730.5 3636.8
12529 1310 3039
12530 1090.9 3240.7
12531 9461.9 -1834.7
12532 1598.7 2776.7
12533 1361.1 3062.8
12534 1180.9 2923.8
12535 1949.8 3125.8
12536 1996.6 3082.6
12537 1977.7 3153.5
12538 1856.1 3210.8
12539 1767 2944.1
12540 2440.5 3606.1
12541 2516.4 3554.7
12542 9279.9 -2146.8
12543 2476.3 3646.6
12544 2290.7 3457.1
12545 1982.4 2424.6
12546 1886.8 2514.3
12547 2110.5 2308.3
12548 1926.9 2383.1
12549 2020.2 2454.7
12550 1658.8 2836.2
12551 1704.5 2680.3
12552 2215.3 1973.3
12553 9690.8 -1971.2
12554 2190.7 1969.8
12555 2148.1 2033.5
12556 1843.6 2316.5
12557 1807.8 2288.6
12558 1908 2368
12559 3079.2 2393.6
12560 3316.6 2618.8
12561 3611.3 2105.9
12562 3598.2 2128.9
12563 3591 2102
12564 11311.2 -1700.2
12565 3651 2038.4
12566 2745.1 2064.8
12567 2710.4 2058
12568 2789.6 2114.7
12569 1134.3 1757.9
12570 981.1 1936.8
12571 1145.9 1686
12572 1261.2 1858.8
12573 1050.6 1691
12574 885.7 1878
12575 10972.9 -1527.1
12576 827.5 2109.9
12577 1031 2286.3
12578 792.8 1818
12579 704.4 1762.4
12580 963.5 1624.4
12581 895.5 1571.6
12582 29.8 1401.3
12583 20.3 1443.3
12584 35 1503
12585 25.7 1465.3
12586 11264.2 -1795.1
12587 -26.6 1489
12588 -101.7 2010.3
12589 -10.7 2080.6
12590 -154.3 1972.1
12591 41 2116.1
12592 -77.1 2184.5
12593 -307 2287.6
12594 310.6 2263.4
12595 242.8 2339.9
12596 398.6 2325.3
12597 11159.8 -1411.2
12598 948.6 1506.1
12599 931.3 1444.5
12600 1096.6 1096
12601 2612.9 565.2
12602 2692 550.6
12603 2668.2 611.7
12604 2749.7 738.5
12605 1013.2 -381.4
12606 1166 -438.9
12607 409.5 335.1
12608 11215.1 -1428.5
12609 802.9 375.5
12610 788.4 1074.6
12611 475.3 342.1
12612 807.3 330.9
12613 999.2 388.7
12614 1296.7 413.7
12615 1329.6 356.2
12616 1116.7 399.1
12617 973.7 1101.1
12618 794.8 1482.1
12619 11064.8 -1378.7
12620 813.1 1516.5
12621 765.6 1507.4
12622 414 1301.7
12623 1767.8 -534.3
12624 1715.2 -525.1
12625 1721.3 -480.7
12626 1525.6 -913.5
12627 1612.2 -834.7
12628 1389.6 -1036.8
12629 1488.3 -875.3
12630 10566.1 -1324.8
12631 11182.1 -1339.5
12632 1723.9 -1127.8
12633 1136.9 -1275.6
12634 1207.6 -1355.9
12635 699.2 -933.2
12636 1032 -1370.5
12637 1030.5 170.9
12638 1145.7 195.4
12639 1018.9 246.4
12640 1382.2 247.7
12641 1408.4 189
12642 11020.5 -1363.7
12643 1355.2 303.4
12644 1122.8 330
12645 406.1 1195.7
12646 334.5 1188.2
12647 64.8 1152.2
12648 88.6 978.5
12649 4.1 1145.2
12650 129.5 1161.3
12651 -270.4 1149.9
12652 -324.9 1389.2
12653 11026.3 -1334.2
12654 -71.5 627.1
12655 152.8 987.3
12656 311.8 839.1
12657 261.4 1179.8
12658 177.4 820.6
12659 129 813.9
12660 334.5 683.9
12661 360.5 510
12662 154.3 345.9
12663 398.7 512.8
12664 10972.6 -1347.5
12665 494.8 367.9
12666 422.8 373
12667 434.1 634.5
12668 1133.2 261.4
12669 1771.1 -555
12670 1836 -567.5
12671 2592.5 -1131.1
12672 2663.8 -1195.4
12673 2516.5 -1062.2
12674 2735 -964.7
12675 10684.3 -1816.5
12676 2460.5 -1282.3
12677 1280 -457
12678 1254.3 -602.8
12679 1390 -476.5
12680 1316.4 -260
12681 1619.4 -1813.1
12682 1549 -1952.9
12683 1792.8 -1999.8
12684 1435 -1609.8
12685 1744 -1563
12686 10769.4 -1861.1
12687 1787.3 -1476.3
12688 1835.8 -545.8
12689 1792.8 -538.1
12690 1728.2 -335.5
12691 1765.9 -317
12692 1625.3 -120.2
12693 1800.8 -488.3
12694 392.5 314.4
12695 -2477.9 316.9
12696 -2434.2 320.2
12697 10636.1 -1896.1
12698 -2462.8 438.4
12699 -2203.9 343.7
12700 -2195.7 288.5
12701 -2294.6 335.4
12702 -2065.8 326.8
12703 -1284.4 259.7
12704 -1198.2 264.2
12705 -1407.2 465.4
12706 -1432.2 210.8
12707 -896.4 268.2
12708 10413.3 -1675.1
12709 -942.4 307.2
12710 -943.8 277.9
12711 -810.4 250.7
12712 -848.1 258.9
12713 -837.3 227.7
12714 228.7 -185.1
12715 322.4 5995.3
12716 363.1 6042.2
12717 259.1 6101.3
12718 418.2 5855.5
12719 10720.5 -1940.7
12720 711.9 6026.4
12721 713.8 6010.1
12722 763.8 6009.6
12723 961.9 6253.7
12724 1013.9 6003.1
12725 1073.8 6062.3
12726 1249.8 5766.6
12727 935.9 6080.2
12728 1010 6247.2
12729 1019.5 6310.9
12730 10817.7 -1779.5
12731 1025.8 6260.1
12732 1111.2 6288.3
12733 955 6313
12734 866.5 6416.1
12735 957.7 6270.8
12736 5986.3 5175.3
12737 5718 5002.4
12738 6062.2 5124.4
12739 6015.4 5193.8
12740 5788.4 5320
12741 10578.7 -1441
12742 11128.5 -2049.9
12743 3307.6 -346.5
12744 3227.3 -255
12745 2470.7 205.3
12746 2362.4 88
12747 2436.3 268.9
12748 3054.3 484.2
12749 2914.1 503.7
12750 1707.4 -2628.6
12751 1756.1 -2707.7
12752 1361.2 -2948.6
12753 11084.2 -2133.7
12754 1766.4 -2576
12755 1799.9 -2558.4
12756 1775 -2541.5
12757 -831.4 -4996.8
12758 -859.1 -5021.4
12759 527.7 -3732.7
12760 664.7 -3601.2
12761 503.3 -3756.2
12762 546.8 -3745.8
12763 894.2 -3802.3
12764 11071.4 -2158.2
12765 1656.9 -4614.4
12766 1570 -4542.3
12767 1620.6 -4595.3
12768 616.2 -3739.2
12769 716.3 -3744.7
12770 595.2 -3858.2
12771 763.9 -3706.4
12772 795.9 -3753.6
12773 650.8 -3739.7
12774 398.4 6872.8
12775 11039.5 -2217.9
12776 299.6 6604.2
12777 472.5 7111.5
12778 1004.5 6688.3
12779 1029 6715.5
12780 942 6752.4
12781 1029.7 6661.6
12782 259.1 -183.5
12783 -407.1 -1240.6
12784 -411.9 -1277.1
12785 -441.4 -1242
12786 11157.1 -2221
12787 -894 -452.2
12788 -787.5 -665.2
12789 2245 7064.4
12790 1789.5 9773.1
12791 2645.6 9091.3
12792 2395.8 9291.2
12793 2489.7 8892.5
12794 967.7 12155.6
12795 901.2 12041.8
12796 1023.9 11987.3
12797 11154.8 -2000.1
12798 865.9 11875.9
12799 937.1 11882.1
12800 690.3 11797.4
12801 1045.5 12040.5
12802 999.5 11912.6
12803 2980.8 6853.9
12804 3129.4 7017.6
12805 2943 6816.7
12806 469.2 5806.7
12807 482.5 5921.1
12808 11172.9 -1965.6
12809 665.5 6107.2
12810 714.5 6056.4
12811 611.3 6052.3
12812 11153.7 -1117.3
12813 11201.2 -1157.3
12814 10879.6 -1015.6
12815 10951.7 -1042.1
12816 10935.3 -1086.6
12817 11088.1 -1092.8
12818 11105.3 -1122.4
12819 11296.8 -2104.7
12820 11080.9 -1209
12821 11076.7 -707.7
12822 11185.8 -974.9
12823 11263.2 -1008.4
12824 11318.7 -954.3
12825 11331.1 -897.6
12826 11269.9 -742.4
12827 11229.4 -858.4
12828 11389.2 -907.9
12829 1176 4063.3
12830 11184.6 -1943.6
12831 1081.6 4138.1
12832 1108.1 3991.5
12833 1452 3852.1
12834 1543.6 3781.7
12835 1507.1 3919.4
12836 1291.8 3663.3
12837 1417.8 3878.4
12838 3720.6 1919.5
12839 3701.9 1953.8
12840 2999.3 3234.9
12841 11216.8 -1883.3
12842 2980.3 3221.8
12843 2971.1 3251.4
12844 3079.6 3137
12845 3024.3 3255.6
12846 3383.6 2669
12847 3365.9 2527.1
12848 624.4 -9961.4
12849 859.5 -10656
12850 641 -10099.3
12851 598.1 -9832.6
12852 10585.4 -1073.2
12853 10918 -1618.4
12854 -561.9 -1543.5
12855 -418.3 -1312.7
12856 2710.6 -1538
12857 2826.1 -1342.7
12858 2821.5 -1620
12859 849.7 3462.3
12860 887.8 3428.8
12861 839.8 3488.9
12862 622.8 3615.1
12863 684.2 3583.9
12864 10948 -2389.9
12865 555 3648.7
12866 -184.2 2817.3
12867 -206.6 2798.9
12868 -71.2 2908.4
12869 -53 2672.2
12870 -268.9 2916.1
12871 448.6 8131.6
12872 429.7 8062.6
12873 531.9 8105.4
12874 351.6 7817.4
12875 10924.2 -2439.1
12876 312.8 7694.3
12877 434.8 7792.3
12878 171.4 7807.2
12879 391.2 7942.6
12880 273.1 7572.7
12881 248.8 7493.2
12882 186.8 7512.1
12883 330.2 7467.7
12884 36.7 8160.1
12885 110.2 7570.1
12886 10570.7 -2379.5
12887 44.5 7778.8
12888 -26.5 7765.6
12889 126.4 7917.2
12890 342.4 7975.8
12891 189.2 7934.1
12892 34.1 7609.9
12893 -21.8 7560.9
12894 -72 7561.2
12895 -289.2 7802.8
12896 -279.3 7575.1
12897 10993.4 -2306.5
12898 -865.3 7590.7
12899 -881.1 7614.4
12900 -851.4 7631.9
12901 -863.4 6728.3
12902 -772.8 6432.3
12903 -970.4 6500.9
12904 -828.5 6299.7
12905 -896.2 6131.5
12906 -1032.7 6368.2
12907 -2102.7 6341.3
12908 11147.9 -2593.8
12909 -2209.3 6021.2
12910 -2190 6368
12911 -2266.3 6390.1
12912 -2237.2 6382
12913 -2033.9 5962.6
12914 -2335.6 6062.5
12915 -2259.3 5866.5
12916 -2085.1 5808.6
12917 -2317.8 5683.7
12918 -2399.4 5914.7
12919 11192 -2532.1
12920 -2145.3 5626.6
12921 -2370.5 5516.7
12922 -2417.4 5375.1
12923 -2250.6 5323.7
12924 -1424.9 5391.5
12925 -1556.1 5434.4
12926 -1489.7 5228.3
12927 -1755.2 5498.8
12928 -1907 5750.9
12929 -2411.3 5878.5
12930 11116 -2637.7
12931 -2419.9 4910.7
12932 -2437.8 4890.9
12933 -2513.7 5002.8
12934 -2298.7 5034.6
12935 -1861.8 5198
12936 -2214.9 5115.7
12937 -2377.3 4831.6
12938 -2283.7 4742.2
12939 -2555.6 4956.1
12940 -2587 4861.8
12941 10905.4 -2471.9
12942 -2154.6 5293.7
12943 -2299.3 5211.2
12944 -1662.2 5286.3
12945 -1610.1 5269.1
12946 -1853.6 5903.6
12947 -1688.4 5679.2
12948 -1709.2 5686.2
12949 -2735.7 5638
12950 -2651.4 5610.3
12951 -2880.7 5318.2
12952 10879.6 -2520.8
12953 -2251.7 6908
12954 2440 6705.7
12955 2212.7 6903.9
12956 2261 6881.5
12957 2575.9 5636.8
12958 2858.9 5901.8
12959 2556.1 5767.5
12960 2519.3 5685
12961 3095.4 -5498.5
12962 3016.4 -5411.8
12963 10603.6 -1019.3
12964 11087.8 -2677.2
12965 3136.4 -5449.3
12966 3041.7 -5571.6
12967 2087.7 -4408.8
12968 2023.2 -4340.1
12969 2252 -4256.1
12970 1923.8 -4562.1
12971 2151.5 -4479.4
12972 2411.4 -4100.4
12973 2475.2 -4172.9
12974 2353 -4036.6
12975 11020.6 -2765.5
12976 2564.6 -3956.3
12977 2921.3 -3617
12978 3051.8 -3755.5
12979 3117.8 -3429.7
12980 2859.6 -3549.8
12981 3317.4 -3002
12982 2706.4 -3165.7
12983 2922.7 -3299.6
12984 2458.3 -2991.6
12985 2787.9 -3006.9
12986 10761.1 -2421.9
12987 4894 -4607.3
12988 4852.1 -4579.2
12989 5004.3 -4679.4
12990 4903.1 -4588.7
12991 2743.9 -3786.5
12992 2783.9 -3748.6
12993 2934.1 -3992
12994 2681.7 -3719.9
12995 2680.5 -3847
12996 1876 6115.1
12997 11373.5 -2480.3
12998 1966.8 6069.9
12999 1810.3 6035.9
13000 1810.1 6184.3
13001 1985 6244.7
13002 1616.1 6377.9
13003 1705.8 6472.8
13004 1545.9 6444.1
13005 1675.5 6316.4
13006 1778.9 6686.1
13007 1487.7 6497.9
13008 10733.7 -2899.4
13009 1440 6542.6
13010 1717 6742.4
13011 1418.7 6562.5
13012 1777.5 7094
13013 1844.4 6626.2
13014 1771.7 6419.4
13015 2140.8 6114.9
13016 2061.1 6181.6
13017 2152.9 6067.2
13018 1748.6 6247.6
13019 10755.4 -2789.8
13020 1910.9 6304.4
13021 1769.7 6225.7
13022 2119.9 7182.1
13023 1939.9 6339.4
13024 2115.1 6398
13025 2295.2 6738.1
13026 1673 5881.9
13027 2028.2 5819
13028 1765.9 5985.2
13029 2012.5 6279.1
13030 10853.2 -2953.1
13031 2180.2 6338
13032 2367.7 6672.4
13033 2876.5 6232.5
13034 2871.7 6173.9
13035 2908 6235.6
13036 2883.8 6306.5
13037 2919.5 6324.1
13038 2888 6363.2
13039 2844.9 6348.4
13040 2922.9 6359.8
13041 10827.1 -2621.4
13042 2885.9 6331
13043 2719 6449.7
13044 2116.8 5995.3
13045 2194 6075.2
13046 1662.1 5078
13047 1617 4989.6
13048 1708.4 5173.9
13049 1875.7 4971.7
13050 2252.9 6046.5
13051 2181.3 6123.8
13052 10587.8 -2673.4
13053 2628.6 5855.9
13054 2421.4 5961.5
13055 2477.4 6074.3
13056 2253.6 6271.6
13057 2228.9 6294
13058 2280 6249.1
13059 2072.4 5907
13060 2070 5798.3
13061 1984.1 5730.1
13062 2372.6 5867.7
13063 10710.6 -3019
13064 2327.7 5778
13065 2478.7 5633.2
13066 1946.8 5052.2
13067 1826.3 4918.1
13068 2454.3 5604.7
13069 2485.9 5586.7
13070 2286.2 5690.7
13071 2416.4 5564.5
13072 2555.8 5656.5
13073 2309.1 7005.8
13074 10444.5 -761.5
13075 10688.1 -3138.4
13076 1977.6 7311.8
13077 2180.2 7125.6
13078 1946.4 6869
13079 2012.1 6812
13080 878 6020.7
13081 1187.2 5699.4
13082 870.3 6146.9
13083 998.7 6137.3
13084 697.2 5835.7
13085 649.6 5634.9
13086 10286.3 -2724.3
13087 571 5709.9
13088 735.1 5561.6
13089 2896.3 6101
13090 2930.8 6065.4
13091 2901.7 6169.7
13092 3092.4 5930.1
13093 3306.8 5734.4
13094 3347.3 5736.1
13095 2869.5 6152.5
13096 642.4 7653.8
13097 10665.5 -3253.7
13098 715.4 7883
13099 561.5 7394
13100 759.7 7617.3
13101 -11229.4 -9610.8
13102 -10868.2 -9537.6
13103 -11112.1 -7711.2
13104 -10021.3 -9221.5
13105 -9872.4 -9114.4
13106 -10063.6 -9257.8
13107 -10114.5 -9095.5
13108 10224.2 -2812.7
13109 -9891.9 -9541.8
13110 -9875.2 -9489.4
13111 -9839.8 -9659.1
13112 -9907.4 -9508.9
13113 -9542 -10295.1
13114 -9641.9 -10147.3
13115 -9527.1 -10326.7
13116 -9497.2 -10260.4
13117 -9660.4 -10375.6
13118 -9730 -10462
13119 10651.7 -3337.5
13120 -9561.4 -10509.9
13121 -9851.3 -9098.2
13122 -9836 -9118.5
13123 -9862.9 -8831
13124 -9675.9 -8854.5
13125 -8782.3 -9514.3
13126 -8764.2 -9412.6
13127 -8340.6 -9493.4
13128 -8976.2 -9516.8
13129 -8684.9 -8680.1
13130 10637.7 -3413.2
13131 -8706 -8612.7
13132 -8554.4 -8600.1
13133 -8666.7 -8743.7
13134 -8836.7 -8064.5
13135 -8679.7 -8017.3
13136 -8714.8 -8513
13137 -9116.4 -7500.9
13138 -9154.7 -7336.3
13139 -9177.7 -7385.3
13140 -9203.8 -7339.3
13141 10396.8 -3162.2
13142 233.8 9635.2
13143 229.2 9716.8
13144 190.6 4957.9
13145 206.6 4984.9
13146 19.5 5078.1
13147 138.2 4864.2
13148 331.4 5208.3
13149 294.2 5142.4
13150 150.2 5308.1
13151 364.4 5266.5
13152 10161.3 -2901.8
13153 386.4 5194.7
13154 472.5 5151.9
13155 513.1 5216.5
13156 433.4 5088.9
13157 538.5 5101.2
13158 794.1 4895.9
13159 860.1 4843.8
13160 720 4954.5
13161 963.3 5142.2
13162 676.8 4722.5
13163 10070.5 -2839
13164 1440.7 4379.2
13165 1648.7 4585.3
13166 1306.5 4221.4
13167 1610.9 4255.9
13168 1371.8 4435.4
13169 384.9 4629
13170 332.2 4666
13171 341.5 4559.2
13172 3040.9 3269.4
13173 3071.8 3234.3
13174 10116.3 -2966
13175 3013.1 3289.7
13176 2558.9 3591.6
13177 2720.2 3901
13178 2388.7 3702.3
13179 2237.9 3173.5
13180 2316.8 3098.8
13181 2167.3 3242
13182 2219.4 3156.7
13183 2427 3345
13184 2597.4 3498.1
13185 10425.5 -820.7
13186 10441.6 -3096.8
13187 2564.9 3468.9
13188 2691.2 3433.6
13189 2353.4 3406.5
13190 2116.3 3291.6
13191 2521 3429
13192 2637.2 3386.3
13193 2592.9 3345.8
13194 2771.5 3382.4
13195 2549.2 3308.4
13196 2271.9 3056.9
13197 10023.1 -2807.2
13198 2511.8 3275.3
13199 2386.2 3034.5
13200 2475.5 3388.4
13201 2584.3 3213.3
13202 2090.8 3610.8
13203 2829.4 3005.6
13204 2850 2899.7
13205 2770.1 3055
13206 2637.1 2947.8
13207 2704.9 3108.7
13208 9977.4 -2870.2
13209 2888.6 3148
13210 795.8 4343.1
13211 840.3 4310.5
13212 711.8 4399.3
13213 703.3 4216.3
13214 995.9 4204.4
13215 1013.9 4226.5
13216 818.7 3980.9
13217 925.8 3775.7
13218 1005 3874.6
13219 9748.1 -2614.5
13220 1087 3676.9
13221 1005.5 3319.2
13222 931.1 3388.7
13223 889.1 3206
13224 1078.5 3404.6
13225 1144.9 3484.3
13226 1215.1 3568.1
13227 1064 3551.3
13228 1233.9 3409.6
13229 1200 3729.8
13230 10133.9 -2749.9
13231 1387.8 3594.5
13232 2045.7 4821.9
13233 2268.1 5059.8
13234 2320.1 5309.1
13235 2170.1 5147.5
13236 2246.4 5376.5
13237 2437.7 5433.9
13238 2097.6 5215.2
13239 1288 5101
13240 1080.3 5366.4
13241 9938.1 -2925.4
13242 1162.1 5447.5
13243 1022.3 5311
13244 1353.3 5234.6
13245 1632.2 4599.1
13246 1778.7 4471.3
13247 1556 4664
13248 1641 4764.9
13249 2341.2 4111.9
13250 2398.2 4173.1
13251 2322.6 4092.4
13252 9703.1 -2679.7
13253 2312.3 4127.6
13254 2441.7 4057.8
13255 1887.7 4377.6
13256 1964.1 4472.4
13257 1799 4271.6
13258 1991.7 4317
13259 1829.8 4426.6
13260 1743.3 4726.6
13261 1750.2 4901.6
13262 1705.5 4845.5
13263 9900.5 -2982.4
13264 1633.5 4938
13265 1487.7 4824.4
13266 1206.3 5089.5
13267 1143 5008.2
13268 1175.5 5115.6
13269 1305.6 5048
13270 1293.4 4899.4
13271 1353.6 4876.6
13272 1384.5 5017.2
13273 1102.5 4651.7
13274 10077 -3022.2
13275 1231.2 4942.9
13276 2069.7 4599.3
13277 2180.7 4545.9
13278 1938.1 4649.3
13279 2107.5 4646.3
13280 2776.7 4255.9
13281 2536.9 4007.3
13282 2874.8 4351.2
13283 2872.7 4196.9
13284 2674.8 4302.6
13285 9666.9 -2731.4
13286 2970.9 4145.2
13287 3035.5 4024.5
13288 3014 4181.7
13289 3097.9 3251.4
13290 3453.7 2732.6
13291 3563.2 2574.7
13292 3612.8 2847.2
13293 3018.8 3363
13294 2894 3369.3
13295 2966 3559.1
13296 10663.8 -828.7
13297 9625.9 -2791.5
13298 2999.3 3465.5
13299 2815.2 3421.7
13300 2993.5 3585.3
13301 3168.5 3740.5
13302 3122.3 3824.9
13303 3208.8 3656.8
13304 2932.4 3654.6
13305 3052.9 3514.4
13306 2733.8 3475.4
13307 3032 3129.2
13308 9857.8 -3042.5
13309 3299.1 2725.5
13310 2480.6 2945.6
13311 2453.5 2969.9
13312 2512 2926.2
13313 2618.3 2815.6
13314 2685 2752.4
13315 2454.9 2667.1
13316 2635.5 2830.9
13317 2551 2879.3
13318 2568.6 2893.6
13319 10038.3 -3077.2
13320 2384.8 2743.8
13321 2333.9 2987
13322 2312.8 2966.2
13323 2360.1 2891.2
13324 2363 2726.7
13325 2396.8 2492
13326 2357.1 2758
13327 2255 2641.4
13328 2209.9 2873.3
13329 2156.1 2355.8
13330 9656.7 -2021
13331 2275.5 2341.5
13332 2172.2 2526.2
13333 2417.1 2346.5
13334 2266.6 2266.5
13335 2295 2507.4
13336 2155.6 2562.4
13337 2119.8 2792.2
13338 2422.3 2477.2
13339 2417.6 2509.9
13340 2446.8 2307.5
13341 8133.2 -950.1
13342 2577.3 2427.2
13343 1897.7 2590.3
13344 1925.1 2564.7
13345 1946 2535.2
13346 2118.7 2534
13347 2045.8 2240
13348 2277.3 2152.8
13349 3008 2479.4
13350 2874.6 2209.9
13351 3737 2941.1
13352 7883.4 -928.6
13353 3840 2740.7
13354 3658.3 2879.3
13355 -135.3 8280.4
13356 -115.6 8274.3
13357 -64.2 8480.3
13358 -1753.5 6188.4
13359 -1789.4 6424.3
13360 -1768.2 6121.7
13361 -1786.5 6063.4
13362 -1882.1 6561.4
13363 7378.7 -642.2
13364 -2516.2 4967.8
13365 -2389.3 5123.6
13366 -8218.9 3591
13367 -8282.9 3594.1
13368 -8313 3604.1
13369 -10816.5 4440.2
13370 -11100 4681.5
13371 -10096.4 4096.1
13372 -5920.9 2062.9
13373 -5883.5 2068
13374 7267.6 -579.2
13375 -5915.2 2122.8
13376 2532.1 6526.4
13377 2427.5 6619.3
13378 2482.3 6569.3
13379 2311.7 6217.9
13380 1489.3 5754.3
13381 1581.9 5803.5
13382 1589.9 5703.6
13383 1520.9 6031.7
13384 1895.5 5550.9
13385 7303.2 -1081
13386 1849.6 5459.1
13387 1940.7 5642.6
13388 2384.3 5529.6
13389 2026.2 5710
13390 2317.1 5455.1
13391 2459.7 5462.8
13392 2173.8 5297.5
13393 903.2 6234.4
13394 675.2 6350.3
13395 590.2 5930.2
13396 6791 -310.5
13397 843.1 6175.2
13398 781.9 6113.8
13399 -9782.8 -6973
13400 -9567 -5430.1
13401 -7801.9 -6746.2
13402 -6449.4 -7806.8
13403 -6602.4 -7834.9
13404 -6668.7 -7693.3
13405 -6702.5 -7713
13406 -6661.2 -7941.3
13407 10459.5 -712.7
13408 6763.8 -276.5
13409 -6858.3 -7830
13410 -6842.9 -7853.4
13411 -6798.5 -7496.5
13412 -6741.3 -7611.8
13413 -6938.2 -7454.6
13414 -7096.5 -7267.9
13415 -7742.2 -8443.1
13416 -7632.4 -8569.9
13417 -7843.7 -8324.1
13418 -7595.8 -8247.7
13419 6752.9 -300.3
13420 -7837.9 -8532.1
13421 -7892.5 -8583.1
13422 -8143.6 -8748.3
13423 -7814.8 -8649.8
13424 -7967.4 -8496.2
13425 -7285.4 -9175.9
13426 -7401.7 -9116
13427 -7185.2 -9045.5
13428 -6921.4 -7892.8
13429 -6717.8 -8005.7
13430 13580.5 -27.3
13431 -6857.2 -8213.2
13432 -6836.7 -8195.4
13433 -6962.1 -8052.4
13434 -6913.8 -8268.3
13435 -6957.6 -7936
13436 -7210.7 -7327.8
13437 -7186.1 -7166.3
13438 -7346 -7254
13439 -7259.7 -7104.5
13440 -7410.2 -7167
13441 13668.8 18.6
13442 -7518.5 -7205
13443 -7273.1 -7357.7
13444 -7346.3 -7405.7
13445 -7173.7 -7407.1
13446 -4744.4 -5564.6
13447 -4693.4 -5573.3
13448 -4707.5 -5603.8
13449 -5024.2 -5487.8
13450 -5080.8 -5471.6
13451 -5059.2 -5494.5
13452 13513 -202.4
13453 -5162.9 -5323
13454 -4824.5 -5872.8
13455 -4788 -5893.1
13456 -4775.7 -5875.4
13457 -4754.3 -5909.8
13458 -5174.7 -5772.3
13459 -4969.5 -6912.6
13460 -4908.8 -6902.7
13461 -4881.4 -6705
13462 -4975.3 -6722.5
13463 13772.4 -296.7
13464 -5098.6 -6521.4
13465 -5084.9 -6630.8
13466 -5050.8 -6511.5
13467 -5100.9 -6373.7
13468 -4890 -6622.2
13469 -4904.9 -6565.7
13470 -4963.4 -6574.3
13471 -4955.6 -6632
13472 -4974.9 -6492.4
13473 -4891.1 -6481.1
13474 13515.7 84.5
13475 -5074.3 -6650.5
13476 -5005.8 -6639.7
13477 -5024.9 -6231.4
13478 -4959 -6226.4
13479 -5136.8 -6245.1
13480 -5000.7 -6421.6
13481 -5008.8 -6357.2
13482 -4899.3 -6405.6
13483 -5016.6 -6294.2
13484 -5123.3 -6327.4
13485 15812.4 86.3
13486 -5128.8 -6298.1
13487 -4775.3 -6204.1
13488 -4934.1 -6219.6
13489 -4730.5 -5920.4
13490 -5143.6 -6188.6
13491 -5228.8 -7033.5
13492 -5110.4 -7057.2
13493 -5168.5 -7046.1
13494 -5081 -7054.8
13495 -5094 -7117.6
13496 15765 56.5
13497 -5149.3 -6827.4
13498 -4990.6 -7414.7
13499 -5164.3 -7336.6
13500 -5019.3 -7320.1
13501 -5400.2 -6981.4
13502 -5436.4 -6999.6
13503 -6999.8 -4684.8
13504 -6563.6 -4827.2
13505 -7011.2 -4777.5
13506 -6410.1 -4878.4
13507 15939.2 112.2
13508 -6592.8 -4920.8
13509 -5225.7 -5538.7
13510 -5285.9 -5352.6
13511 -5150 -6139.7
13512 -5147.5 -5907
13513 -5244 -6190.3
13514 -5232.8 -6052.8
13515 -5153.5 -6531
13516 -5188.7 -6340.5
13517 -6737.1 -3723.4
13518 -4826.3 3166.6
13519 10405.4 -748
13520 13197.9 -1987.1
13521 -6683.4 -3703.6
13522 -6618.2 -3647
13523 -6007.1 -3219.9
13524 -5368.9 -3106.3
13525 -5235.4 -3130.3
13526 -5547.4 -3118.9
13527 -5532.2 -3140.4
13528 -7699 -7854.5
13529 -7495.9 -8325.1
13530 -7313.5 -8382.6
13531 13157.6 -1968.7
13532 -7375 -8429.5
13533 -7262.9 -8402.3
13534 -7288.7 -8306.4
13535 -7239.2 -8453.6
13536 -7161.6 -8483.2
13537 -7277 -8491.4
13538 -7298.6 -8514.8
13539 -7458.2 -8616.8
13540 -7250.1 -8632.4
13541 -7446.9 -8633.9
13542 13374.8 -1907
13543 -7500.7 -8645
13544 -7542.2 -8675.2
13545 -7684 -8792.9
13546 -7270.2 -8296.3
13547 -7080.4 -8413.4
13548 -6943.7 -8297.9
13549 -9844.9 -8176.6
13550 -10601.9 -7704.1
13551 -9758.9 -8477.8
13552 -9425.3 -8158.9
13553 13237.8 -2002.3
13554 -9968.7 -8580.4
13555 -9649.7 -8844.5
13556 -9598.4 -8826
13557 -9476.9 -8873.2
13558 -9449.7 -8880.3
13559 -9514.2 -8751.4
13560 -9344.5 -8877
13561 -9196.6 -9134.7
13562 -9065.4 -8879.7
13563 -8959.5 -8906.6
13564 11226.6 -1019.5
13565 -9081.5 -8745.6
13566 -9128.4 -8873.9
13567 -8690.7 -9026.3
13568 -8687.2 -9002.7
13569 -8695.1 -9053.4
13570 -8805.4 -8947.1
13571 -9088.6 -9513.6
13572 -9160.3 -9381.4
13573 -9330.1 -9485.9
13574 -9267.5 -9200.4
13575 11255 -1030.2
13576 -10708.1 -7840
13577 -10633.5 -7746.8
13578 -3409.8 -1998
13579 -3393.5 -1961.5
13580 -3627.1 -1954
13581 -5537.8 -2995
13582 -5507.7 -3083.9
13583 -3962.6 -2028
13584 -3866 -2248.2
13585 -1972.6 -1930
13586 11217.5 -1041.6
13587 -1932.2 -1916.5
13588 -1959.1 -1992.5
13589 -2117.5 -1982.6
13590 -2140.7 -1977.1
13591 -2150.7 -2043.2
13592 -2190.9 -1965.2
13593 848.1 -5219.2
13594 799.2 -5166.1
13595 752.3 -5114.9
13596 979.7 -4998.1
13597 10904.1 -900.4
13598 623.9 -5335.7
13599 1699.8 -2481.5
13600 1717 -2416.6
13601 1653.5 -2452.8
13602 2073.7 -2586.6
13603 1301.1 -2246.9
13604 1383.7 -2290.1
13605 1399 -2262.1
13606 1367.6 -2303.5
13607 1275.1 -2464.8
13608 11539.3 -1018.6
13609 1523.1 -2394
13610 -66.2 -1466.8
13611 -14.3 -1504.3
13612 -666.8 -1126.7
13613 -753 -1064.2
13614 6.5 -1503.1
13615 -316.7 -1311.5
13616 -361.8 -1288.8
13617 -378.4 -1252.7
13618 -246.2 -983.3
13619 11559.5 -967.3
13620 -445.2 -1303.1
13621 -585.1 -1532.4
13622 -386.7 -1303.1
13623 -353.7 -1321.6
13624 -455.5 -1265.4
13625 -35.9 -4256.1
13626 29.7 -4326.2
13627 -94.2 -4312
13628 143.7 -4089.9
13629 -7070.8 -4710
13630 10582.8 7.9
13631 11503.1 -1117.7
13632 -6983.2 -4596.2
13633 -9515.6 -4847.4
13634 -9503.8 -5029.5
13635 -9583 -4416.6
13636 -9505.9 -5071.5
13637 -9718.8 -4108
13638 -9735.5 -4096.8
13639 -9763.4 -4083
13640 -10048.2 -3880.2
13641 -5061 -3428.9
13642 13724.9 -1657.2
13643 -4969.8 -3610.1
13644 -5380.7 -3369.8
13645 -5302.7 -3406.1
13646 -6265 -3576.3
13647 -6342.9 -3779.2
13648 -6356 -3551.6
13649 -6646.7 -3746.5
13650 -6913.2 -3818.6
13651 -6688.3 -3857.9
13652 -6771.6 -4052.8
13653 13773.3 -1731.2
13654 -6757 -4023.7
13655 -7102.8 -3877.3
13656 -6803.9 -4120.3
13657 -6715.4 -3928.7
13658 -7143.1 -3894.4
13659 -6721.5 -4154.1
13660 -6863.2 -4294.8
13661 -7270.2 -3773.1
13662 -7342.8 -3767.5
13663 -7346.8 -3746.5
13664 13675.7 -1582.8
13665 -7016.4 -4181.2
13666 -6903 -4378.7
13667 -7264.8 -4185.4
13668 -7341.2 -4110.7
13669 -6932 -4442
13670 -6954.4 -4504.5
13671 -7243.6 -3980.2
13672 -7108.9 -4426.8
13673 -7163.4 -4543.7
13674 -7145.7 -4396.8
13675 13599.2 -1713.7
13676 -7396.1 -4211.8
13677 -7417.8 -4352.7
13678 -7235.6 -4320.5
13679 -7299.3 -4412.2
13680 -7204.8 -4345.8
13681 -7209.3 -4511.8
13682 -6705.5 -5437
13683 -6361.8 -5777.4
13684 -6454.8 -5466.4
13685 -5912.7 -5858.8
13686 13822.7 -1805.9
13687 -7390.7 -6470.2
13688 -7363.6 -6456.5
13689 -7410.8 -6480.4
13690 -8124.1 -8777.9
13691 -8180.2 -8688.8
13692 -7349.4 -9209.1
13693 -7700.2 -9382.8
13694 -7747.9 -9382.6
13695 -7946 -9062.1
13696 -8013.7 -8954.6
13697 13650.6 -1785.9
13698 -7764.2 -8933.2
13699 -7732.8 -8736.7
13700 -7626.9 -8868.8
13701 -8629.7 -8074.6
13702 -8708.6 -7969.9
13703 -7880.4 -9164.9
13704 -7908.8 -9119.4
13705 -8275 -8540
13706 -8236.5 -8599.7
13707 -8292.9 -8511.8
13708 13395.6 -1012.8
13709 -8035.9 -8393.9
13710 -7808.8 -9381.7
13711 -8023.9 -9431.4
13712 -7438.4 -6753.4
13713 519.3 5759.1
13714 -4304.5 -1663.4
13715 -4823.9 -3126.7
13716 -4560.8 -2656.3
13717 -4342.9 -1340.9
13718 -5132.2 -5299.8
13719 13465.9 -982.3
13720 -10053.3 -9334.3
13721 -10085.3 -9299.5
13722 -9927.2 -9472.4
13723 -9571.6 -9950.3
13724 -9403.1 -10199.5
13725 -9735.7 -9902.8
13726 -9322.8 -10026.3
13727 -9750.5 -9857.2
13728 -9716.5 -9956.8
13729 -9047.8 -10005.1
13730 13307.6 -1047.1
13731 -9115.9 -9888.9
13732 -8939.8 -9942.9
13733 -9237.1 -10109.3
13734 -9007.8 -10075.9
13735 -9124.1 -10176.6
13736 -9351.1 -10166.4
13737 -9268.6 -10120.3
13738 -8971.2 -10437.5
13739 -9021.2 -10361
13740 -8857 -10198.5
13741 10574.6 30.2
13742 13518.7 -1104.8
13743 -8919.4 -10228.2
13744 -8812 -10173.5
13745 -6907.4 -8720.4
13746 -6985.9 -8815.7
13747 -6701 -8392.7
13748 -6468.9 -8396.6
13749 -5556.9 1355.9
13750 -5488.6 1411.1
13751 -5603 1393.3
13752 -5425.2 1469.5
13753 13548.4 -951.3
13754 -5381.5 1516.4
13755 -11484.2 -11205.3
13756 -10348.5 -10861.1
13757 -11508.4 -11251.1
13758 -10183.7 -11080.2
13759 -4934.6 -6714.3
13760 -4691.7 -5549.4
13761 -4512.8 -5003.9
13762 -4495.2 -5037
13763 -4469 -4300.3
13764 13631 -920.3
13765 -4092.9 -1997.2
13766 -4052.8 -3762
13767 -4014.8 -3573
13768 -3960.9 -3133.4
13769 -4484.4 -4628.8
13770 -4657.7 -5462.7
13771 -4554.4 -4270.3
13772 -4457.4 -3657
13773 -4404.5 -3433.5
13774 -4424.5 -3431.1
13775 13600.4 -1072.7
13776 -4364.3 -3440.3
13777 -4395.1 -3395.6
13778 -4178.3 -2750.4
13779 -2475 -5987.7
13780 -2224 -5741.1
13781 -2483.1 -6079
13782 -12385.3 7065.8
13783 -12439.9 7000.3
13784 -2197.4 6698.5
13785 1821 8169.6
13786 13721.5 -885
13787 1932.1 8294.7
13788 1896.1 8099.2
13789 1771.6 8214.1
13790 1627.4 7953.7
13791 1969.9 8031.5
13792 1701.8 7888.1
13793 2014.3 8229.9
13794 1468.4 7777.1
13795 1946.3 8516.7
13796 2085.9 8387.7
13797 13536.4 -699.2
13798 2151.3 8225.2
13799 2183.8 8154.6
13800 2104.2 8329.9
13801 1774.1 7821.9
13802 1789.2 7808.1
13803 1963.7 8270.6
13804 1880.4 8335
13805 2279.3 8569
13806 2154 8448.1
13807 2405.9 8397
13808 13679.4 -1047.2
13809 1798.9 9073.7
13810 2043.9 9074.8
13811 2623 8736.4
13812 2155.2 8724.1
13813 1808.3 12438.2
13814 1794.6 12378.9
13815 -9690.2 -4126.3
13816 -8999 -4192.8
13817 -8040 -2733.9
13818 -8068.7 -2924
13819 13701.5 -1335.7
13820 -8019.5 -2655.5
13821 -8977.1 -4222.3
13822 -8594.5 -3622.2
13823 -7420.4 -3900.1
13824 -7401.6 -3876.8
13825 -7420.2 -4005.9
13826 -9545.2 -5322.1
13827 -9508 -5113.8
13828 -9581.6 -5493.2
13829 -8850.9 3707.8
13830 13629.9 -1362.4
13831 -8864.2 3665.8
13832 -8829.8 3783.4
13833 -9115.4 3773.8
13834 -8730 3618.7
13835 -8978.4 3662.7
13836 -9582.1 2817.8
13837 -9803.3 2916.1
13838 -9227.9 2674.8
13839 -9129 2749
13840 -9180.6 2515.6
13841 13813.8 -848.2
13842 -9138.1 2357.3
13843 -8956.8 2611.3
13844 -9084.9 2304.5
13845 -8803 1890.3
13846 -8640.4 1801.3
13847 -8712.3 1834.4
13848 -8667.6 1807.7
13849 -8080.9 2600.2
13850 -8578.1 1837.5
13851 -8505.5 1639.5
13852 10520.9 -369.3
13853 13770.1 -1013.1
13854 -8500.3 2014.1
13855 -8476.2 1612
13856 -8678.3 1614.5
13857 -8444.1 1575.9
13858 -8459.8 1540.7
13859 -8558 1339.3
13860 -8045.9 685.6
13861 -8105.1 522.1
13862 -7981.1 646.9
13863 -8121.7 800.6
13864 13862.7 -977.7
13865 -8122.3 453.1
13866 -8028.1 191.2
13867 -8198 586.4
13868 -8040.4 175.1
13869 -7509.8 180.3
13870 -6640.2 -2090.7
13871 -6712.8 -2145.8
13872 -6704.6 -2005.5
13873 -6178.2 -8174
13874 -6294.4 -8158.1
13875 13871 -1273.5
13876 -6360.2 -8037.2
13877 -6428.9 -7910.5
13878 -6670.6 -7964.7
13879 -6636 -7963.2
13880 -6471.9 -7870.6
13881 -4971.5 -8071.6
13882 -4919.4 -7936.9
13883 -5664.9 -8558.4
13884 -5689.7 -8509
13885 -10434.9 -9370
13886 13780.3 -1306.4
13887 -8803.1 -7794.3
13888 -9161.7 -7414.1
13889 -7932 -7298.4
13890 -7910.8 -7368.2
13891 -7974.8 -7251.2
13892 -7820.1 -7275.2
13893 -7667.4 -7241
13894 -7669.5 -7327.4
13895 -7597.6 -7200.7
13896 -7580.6 -7361.1
13897 15208 -3257.4
13898 -7976.1 -7382.5
13899 -7768.3 -7328.8
13900 -7628.7 -7342.9
13901 -7665.3 -7406.8
13902 -7675.7 -7463.6
13903 -7838.6 -7326.7
13904 -8431.5 -7734.7
13905 -8351.5 -7828.1
13906 -7926.2 -7467.9
13907 -8086.3 -7604.2
13908 15490.9 -3227.6
13909 -8173.9 -7516.5
13910 -7743.8 -7675.6
13911 -6405.5 -7259
13912 -5252.5 -3615.8
13913 -5114 -3634.4
13914 -5315.2 -3862.7
13915 -4974.1 -3654.1
13916 -5181.5 -3879.5
13917 -7088.7 -8112.8
13918 -6976.8 -7916.4
13919 15175.1 -3173.2
13920 -2423.4 4185.3
13921 -2339.3 4121.6
13922 -2371.6 4242
13923 -2334.7 4282.5
13924 -2248.2 4377.3
13925 -2202.2 4320.4
13926 -2341.6 4477.8
13927 -2147.5 4480.1
13928 -2214.3 4544.7
13929 -2077.4 4549.1
13930 15244.9 -3342.7
13931 -2012.3 4485
13932 -2965.5 3541.5
13933 -2554.5 4041.2
13934 -2714.8 3852.8
13935 -3600.5 2421.8
13936 -3601.3 2395
13937 -3567.8 2653.7
13938 -3820.7 2835
13939 -3913 2886.1
13940 -3773.2 2922.3
13941 14796.5 -1869.5
13942 -3867.7 2972.4
13943 -3728.2 3008.4
13944 -3611.2 3232.3
13945 -3465.9 3523.6
13946 -3560 3559
13947 -3435 3609.3
13948 -3529 3644.5
13949 -3405 3694.3
13950 -3372.4 3784.3
13951 -3310.6 3658.4
13952 14867.2 -1949.7
13953 -3340.6 3872.2
13954 -3462.9 3817.4
13955 -3308.2 3962
13956 -3246.5 3837.7
13957 -3431.2 3905.3
13958 -3084.5 4292.6
13959 -3912.8 2205.1
13960 -3921.3 2273.2
13961 -3984.2 2196.7
13962 -3869.5 2210.3
13963 4546.7 -2829.8
13964 14865.9 -1805.4
13965 -3929.1 2355.8
13966 -4002.5 2345.8
13967 -3919.1 2462.6
13968 -3835 2367.1
13969 -3892.5 2566.2
13970 -4016.5 2485.5
13971 -3848.1 2746.3
13972 -3734 2379.2
13973 -3705.1 2518.9
13974 -4135.4 2483.7
13975 14728.7 -1789.1
13976 -4133 2627.7
13977 -4207.4 1355.9
13978 -4244.2 1303.1
13979 -4255.1 1418.5
13980 -4367.2 1937.4
13981 -3370.1 -193.6
13982 -3636.9 145.8
13983 -5247.2 -1377.1
13984 -5334.5 -1205.4
13985 -5208.8 -1389.6
13986 14956.7 -2046.1
13987 -5184.9 -1392.5
13988 -5466.2 -1387
13989 -5410.5 -1379.7
13990 -5517.3 -1394.4
13991 -5525.6 -1145.6
13992 -5585.4 -1403.7
13993 -5642.4 -1178.2
13994 -5738.3 -1425.6
13995 -5765.4 -1428.7
13996 -8554.2 -8162.3
13997 15028.3 -1987.3
13998 -8272 -7922.3
13999 -8474.9 -8257.5
14000 -7893.4 -7600.3
14001 -7970.9 -7666.6
14002 -7877.4 -7647.4
14003 -7897.6 -7578.1
14004 -7836.8 -7715.3
14005 -7889.6 -7759.5
14006 394.8 7668.1
14007 478.7 7642.1
14008 15088.2 -2186.9
14009 355.9 7547.3
14010 415.6 7440.2
14011 615.1 8078.8
14012 594.1 8011.4
14013 -4188 -1540.7
14014 -4134.3 -1558
14015 -4102.1 -1431.7
14016 -4094 -1376
14017 -3964 -1423.1
14018 -4084.5 -1574
14019 14817.2 -3387.9
14020 -3976.1 -1605.2
14021 -3755.6 -339.9
14022 -3764.1 -485.2
14023 -3733.4 -304.9
14024 -4750.1 3137
14025 -4751.6 3081
14026 -4781.4 3094.4
14027 -7767.8 -7607.9
14028 -7795.4 -7535.5
14029 -7926.8 -7510.4
14030 14903.7 -3378.6
14031 -7841.6 -7473.7
14032 -7999.8 -7691.1
14033 -8190.7 -8015.7
14034 -7930.3 -7794.2
14035 -8153.5 -8058.8
14036 -8113.1 -8109.4
14037 -8098.1 -8134.4
14038 -8394.1 -8352.4
14039 -8025.9 -8234.8
14040 -8100.3 -8286.4
14041 14835.1 -3542.6
14042 -8343.8 -8430
14043 -7955.7 -8184.7
14044 -7917.1 -8233.7
14045 -8208.7 -8642.3
14046 -8426.8 -8313.9
14047 -7893.6 -7837
14048 -7826.7 -7908.7
14049 -8025 -8936.1
14050 -7857.4 -8853.7
14051 -7800.2 -8789.7
14052 14765.6 -3265.6
14053 -7778.2 -8685.5
14054 -8073.6 -8858.4
14055 -7815.9 -9267.2
14056 -7771.2 -9337.6
14057 -7561.6 -9209.4
14058 -7458.6 -9086.2
14059 427 -2545.5
14060 417 -2510.3
14061 631.4 -2566.6
14062 573.8 -3007.6
14063 14692.2 -3399.7
14064 320 -2201.7
14065 462.5 -2156
14066 272.8 -2031.3
14067 270.4 -1994.9
14068 328.7 -1897.4
14069 252.1 -2025.8
14070 355.4 -1852.1
14071 397.3 -1804.6
14072 -4124.5 -1370.4
14073 -4093.2 -1352.8
14074 4630.2 -2881.2
14075 15071.8 -3361
14076 -4278.5 -1061.8
14077 -4616.3 -1247.4
14078 -4847.9 -1152
14079 -5167.1 -1031.9
14080 -5296.9 -993.5
14081 -5225.2 -1032
14082 -5113 -872.9
14083 -5394.7 -966.6
14084 -6168.6 -1358.3
14085 -8495.1 -8637.5
14086 15159.3 -3351.2
14087 -8667.9 -8865.9
14088 -8483.5 -8556.3
14089 -8438.8 -8727.3
14090 -8383.3 -8815.1
14091 -8746.5 -9239.4
14092 -8729.6 -9190.7
14093 -8374.7 -9054.4
14094 -8273.6 -8991.8
14095 -8569 -9052.5
14096 -8289.7 -9101.8
14097 14987.9 -3369.9
14098 -8327.9 -8902.9
14099 -8528.8 -8584.8
14100 -8602.5 -8450.3
14101 -8217.8 -9056.1
14102 -8092.1 -9158.7
14103 -8422.2 -9362.1
14104 -8490.8 -9245.6
14105 -8271.1 -9266.9
14106 -8212.5 -9231
14107 -8139.2 -9186.6
14108 14987.9 -3160
14109 -8033.4 -9409.7
14110 -8004.4 -9388.8
14111 -7985.2 -9377.1
14112 -8002.5 -9365.8
14113 -8055.2 -9210.8
14114 -8027.8 -9259.8
14115 -8375 -9434.4
14116 -9080.2 -9331.4
14117 -9802.4 -9738.3
14118 -10182.4 -9834.2
14119 15093.8 -3543.7
14120 -10152.3 -9854.5
14121 -10168.7 -9881.4
14122 -9890.8 -10642.3
14123 -9824.9 -10617.8
14124 -10051.9 -10199.5
14125 -10113.2 -10726.6
14126 -9924.5 -9923.9
14127 -9891.3 -10020.1
14128 -9970.9 -9809.8
14129 -9681.7 -10061.8
14130 14810.8 -2005.6
14131 -10022 -10068.3
14132 -10090.4 -10095.1
14133 -9958.5 -10045.2
14134 -9923.6 -10339.8
14135 -9852.6 -10125
14136 -9686.8 -10566
14137 -9758 -10594.9
14138 -9856.4 -10324.2
14139 -9786.3 -10603.5
14140 -9740.8 -10431
14141 15007.4 -3544.4
14142 -9763.6 -10092
14143 -9061 -10290.2
14144 -9256.9 -9650.6
14145 -9238.4 -9679.8
14146 -9329.9 -9692.1
14147 -9254.3 -9819.8
14148 -9189.1 -9933.4
14149 -9180.6 -9777.4
14150 -9150.1 -9828.8
14151 -8660.7 -10083.2
14152 14921.8 -3541.2
14153 -9128.3 -9621.4
14154 -9040.1 -9771.1
14155 -8978.9 -9643.8
14156 -8845.6 -9888.5
14157 -8701.4 -9805.1
14158 -8627.3 -9761.3
14159 -8803.1 -9863.7
14160 -8643.8 -9894.4
14161 -8476.2 -9640.5
14162 -8465.6 -9664.9
14163 15016.5 -3638.9
14164 -11284.1 -11407.1
14165 -7809.7 -9867.1
14166 -9607.6 -10533.6
14167 -9407.9 -10486.3
14168 -9316.7 -10452.8
14169 -9512.3 -10525.5
14170 -9212.7 -10417.5
14171 -9226.5 -10386.9
14172 -9150 -10378.1
14173 -8759.3 -10303.7
14174 14745.3 -3542.1
14175 -8633.3 -10226.9
14176 -8478.1 -10125.4
14177 -8370 -10055.3
14178 -8561.2 -10023.7
14179 -8056.8 -9723.6
14180 -8115.2 -9758.4
14181 -7944.8 -9656.8
14182 -8376.4 -9913.4
14183 -8405.2 -9930.6
14184 -8310.5 -10016.4
14185 4229.7 -2645.4
14186 14913 -3196.6
14187 -8198.3 -9807.1
14188 -8055.2 -9851.5
14189 -7692 -10048
14190 -7480.1 -10374.5
14191 -7606.9 -10417.6
14192 -7849.9 -9600.3
14193 -7776.3 -9556.2
14194 -7802.9 -10118.4
14195 -7865.2 -10159.2
14196 -7684 -10437.8
14197 14934.1 -1885.9
14198 -6377 -3862.8
14199 -6454.8 -3819.9
14200 -6323.7 -3874.2
14201 -6438.8 -3951.3
14202 -6515.4 -3787.8
14203 1909.7 7698.3
14204 1868.7 7735.4
14205 2101.4 7909.7
14206 2241.4 8058.5
14207 2166.3 7849.3
14208 15179.4 -3545.2
14209 2024.7 7979.8
14210 2290.3 7982.5
14211 2472.2 8314.4
14212 2521.7 8237.2
14213 1831.5 7769.3
14214 2314 8295.9
14215 1187.6 6990
14216 1750.4 9101.6
14217 1773.8 9037.3
14218 3200.4 9832.7
14219 15061.1 -3126
14220 2450.6 10865.9
14221 2428.3 10897.7
14222 2480.1 10978.7
14223 2416.8 10879.7
14224 1958.7 8735.3
14225 1441 9367.3
14226 1459.6 9397.1
14227 1411.5 9323.2
14228 1535.3 9287.6
14229 2180.6 10032.2
14230 15154.6 -2120.7
14231 2037.1 10153.9
14232 2080.3 10117.5
14233 911.1 5408.7
14234 1402.1 5333
14235 1048 5562.4
14236 1242 5528.8
14237 1754.8 5267.9
14238 1615.9 5220.6
14239 2023.8 5134.5
14240 1801.1 5363.5
14241 14839.3 -3230.5
14242 1662.3 5313.6
14243 1318.7 5605.4
14244 1447.3 5421.1
14245 1496.6 5516.5
14246 1397.7 5685.3
14247 1205.8 5719.3
14248 1543.1 5610.1
14249 1282.7 5799.3
14250 3213.6 9814.5
14251 1999.5 9611.7
14252 12559.5 -215.6
14253 1888.9 9478.7
14254 2051 9568.1
14255 -481.5 4291.4
14256 -434.1 4289.7
14257 -425.2 4360.3
14258 -562.1 4266.1
14259 -654.5 4051.7
14260 -443.3 4249.5
14261 -663.7 3968.2
14262 -490.2 4422.4
14263 12763.8 -195
14264 -390.4 4635.1
14265 -319.4 4601.3
14266 -392.4 4367.3
14267 -369.8 4298.1
14268 -226.9 4575.4
14269 -53.9 4932.5
14270 -41 4957.7
14271 -5.7 4900.4
14272 124.2 5269
14273 156.3 5369.7
14274 12627.9 -343.9
14275 410.9 5676.6
14276 569.2 5638
14277 305.8 5534.3
14278 382 5710.6
14279 208.8 5489.8
14280 138 5526.7
14281 188.8 5458.8
14282 80.5 5193.3
14283 -319.3 4437.3
14284 3192.8 -7573.2
14285 13411.3 219.4
14286 3183 -7595.9
14287 3234.5 -7193.1
14288 3246.4 -7167.2
14289 3211.1 -7150
14290 3262.6 -7138.4
14291 3671.2 -7028.3
14292 3600.7 -6937.9
14293 3730.4 -7011.8
14294 3774.3 -7001.2
14295 3790.9 -7039.9
14296 3733.7 -2345.7
14297 13353.6 269.5
14298 3819 -7067.6
14299 3851.8 -7100.7
14300 3822.3 -7124.4
14301 3885 -7074
14302 3969 -7006.6
14303 3196.6 -5996.5
14304 4900.9 -8135
14305 2439.1 -5362.5
14306 -6135.5 1482.5
14307 -6227.6 1370.6
14308 13613 358.7
14309 -5972.3 1834
14310 -5963.8 1776.6
14311 -2190.1 4685.4
14312 -2086.5 4789.8
14313 -2265.7 4760.5
14314 -1960.1 4917.6
14315 -1819.6 4873.4
14316 -2075.5 4957.8
14317 -2004.3 4871.2
14318 -2094.3 4592
14319 13832.9 502
14320 -1990 4697.5
14321 -1911.3 4780.2
14322 -1898.9 4607.2
14323 -1760.8 4471
14324 -1995.5 4286.5
14325 -2048.1 4162.4
14326 -1801.9 4081.7
14327 -1606.7 4042.3
14328 -1565.2 4041
14329 -1642.6 3958.5
14330 13833.2 582.2
14331 -755.2 3762
14332 -693.3 3815
14333 -803 3718.5
14334 -728.6 3853.9
14335 -649.5 3937
14336 -657.3 3868.3
14337 -582.7 3692.1
14338 -905 3628.2
14339 -693.6 3389.7
14340 -671.3 4035.9
14341 13826.6 404.9
14342 -286.1 4855.9
14343 -202.9 5035.8
14344 -129 4985.4
14345 -187.6 5070
14346 -283.6 4551.1
14347 45.5 5567.7
14348 260.4 5769.8
14349 125.9 5504
14350 -216.8 4810.9
14351 344.6 5512.1
14352 13831.9 644.8
14353 53.6 5358.6
14354 497.1 5509
14355 627 5591.6
14356 111.5 4817.3
14357 126.4 4843.6
14358 217.5 4744.8
14359 77.3 4757.9
14360 162.9 4848.2
14361 281.9 4767.1
14362 309.9 4750.6
14363 13576.1 417.9
14364 246.1 4790.4
14365 296.2 4729.3
14366 400.9 4653.8
14367 642.9 5015.9
14368 890.9 5196
14369 600.6 4781.9
14370 476.8 4600.2
14371 552.6 4546.8
14372 821.6 5485.8
14373 937.8 5605.8
14374 13830.8 666.2
14375 -6470.9 7269.5
14376 -6459.7 7245.7
14377 -6537.5 7475.7
14378 -6636.1 7437.9
14379 -6289.8 6513.5
14380 -6255.6 6424.5
14381 -6325.7 6737.7
14382 -6512.4 4189.5
14383 -6470.3 4371.1
14384 -6471 4170.4
14385 13827.5 750
14386 -6594.6 4234.4
14387 -6550.7 7521.4
14388 -6433.7 7535.7
14389 -6655.5 7676.4
14390 -5490.6 6934.5
14391 -5662.8 7129.2
14392 -5913.7 6542.1
14393 -6122.5 5074
14394 -6119.9 5049.4
14395 -5819.9 4344.4
14396 13535.6 474.2
14397 -5438.7 4333.3
14398 -5863.6 4407.6
14399 -5744.2 4254.4
14400 -5783.7 4479.3
14401 -5349.1 4275.9
14402 -5357 4257.7
14403 -5395 4305
14404 -5269.5 4097.6
14405 -5271.2 4071.3
14406 -5286.9 4087.2
14407 3766.1 -2370
14408 14414.2 -3684.8
14409 -5200.6 4086.5
14410 -5219.7 4073.1
14411 -5090.8 4083.2
14412 -5459 3990.4
14413 -5423.6 4163.5
14414 -5467.6 4210.1
14415 -5442.6 4032.5
14416 -5542.1 3808.8
14417 -5440 3823.5
14418 -5688.5 3844.7
14419 14503.1 -3591.1
14420 -5567.6 3718.5
14421 -5284 3708.5
14422 -5310.9 3884.5
14423 -5206.5 3642.1
14424 -5313.2 3913.1
14425 -5326.7 3491.9
14426 -5233.6 3434.8
14427 -5179 3439
14428 -4778.6 2875.4
14429 -4777.3 2916.9
14430 14634.8 -3783.8
14431 -5075.7 2870.5
14432 -5024.3 2972.6
14433 -4948.8 2866.3
14434 -5240.2 3332
14435 -4904.2 5279.8
14436 1310.8 5827
14437 -9243 -9532.3
14438 -10303.4 -9001.8
14439 -9598.7 -9470.2
14440 -10143.4 -9450.2
14441 14386.1 -3553
14442 -9766.6 -9406
14443 -9779.8 -9236.2
14444 -9975.1 -9287.7
14445 -9759.5 -9205.3
14446 -9783 -9225
14447 -9787.6 -9174.2
14448 -9723.8 -9234.5
14449 -4058.2 -10419.4
14450 -4114.1 -10397.8
14451 -4145.7 -10668.6
14452 14565.1 -3532.6
14453 -3967.9 -10169
14454 -3895.3 -9956.6
14455 -3872.3 -9955.7
14456 -3854.1 -9835.6
14457 -3945.8 -9925
14458 -4346.9 -9772.6
14459 -4504.8 -10257.8
14460 -4327.6 -9756.4
14461 -2981.2 2089.8
14462 -1142.8 -884.7
14463 14497.6 -3435.5
14464 -1871.2 3425.3
14465 3000.5 -5882.6
14466 2793.1 -6060
14467 3090.6 -6070.8
14468 2732.3 -6546.4
14469 3152 -6000
14470 3177.8 -5975.1
14471 3153.3 -5949.1
14472 2693.9 -5584.4
14473 2755.6 -5633.3
14474 14782.6 -3644.3
14475 2512.2 -5753.2
14476 2856.6 -5732.3
14477 2905.4 -5777.2
14478 2662.1 -5914.5
14479 2137 -5113.6
14480 2222.6 -5201
14481 2116.7 -5132.3
14482 2378.4 -5350.7
14483 2424.9 -5389.6
14484 2243.3 -5468.3
14485 14696.2 -3725.7
14486 2080.5 -5058.7
14487 3729 -7201.6
14488 3710.6 -7230.3
14489 3683.9 -7249.5
14490 3717.5 -7264
14491 3928.8 -8018.3
14492 3934.9 -8077.2
14493 3971.7 -8049.1
14494 4027.5 -8046
14495 4071.1 -8034.2
14496 14141.7 -1072.3
14497 4028.9 -8021.2
14498 4009.7 -8063.4
14499 3910.5 -8098.6
14500 3701.6 -8032.5
14501 3813.4 -8151.6
14502 3661.6 -8194.3
14503 3905.7 -8112.9
14504 3682.8 -8133.1
14505 3534.4 -7499.5
14506 3603.8 -7815
14507 14220.8 -1167.7
14508 3426.1 -7444.1
14509 3233.4 -7603.6
14510 3810.4 -6991.7
14511 -5431.6 -4826.6
14512 -5496.3 -4660.9
14513 -5371.8 -4886.2
14514 -5433.9 -3840.3
14515 -5484.1 -3890.1
14516 -5599.3 -3703.7
14517 -5818.9 -3910.8
14518 3708.6 -2383.4
14519 14155.3 -1168.4
14520 -5750.2 -3875.9
14521 -5732.3 -4105.4
14522 -5908.7 -3627.4
14523 -5709.7 -4117.8
14524 -5670.7 -4225.8
14525 -5606.9 -4385
14526 -5570.3 -4189.9
14527 -5649.7 -4050.1
14528 -5247.6 -4450.9
14529 -5306.3 -4895.2
14530 14125.3 -988.4
14531 -5481.1 -4500.1
14532 -5553 -4520.2
14533 -5517.3 -4361.7
14534 -5396.1 -4364.5
14535 -5537.6 -4294.9
14536 -5414.5 -4153
14537 -5591.3 -4132.8
14538 -5500.7 -4067.8
14539 -5582.4 -3986.6
14540 -5397.2 -4338.6
14541 14185.5 -1305.9
14542 -5401.2 -4255.4
14543 -5291.5 -4239.7
14544 -5532.6 -3937.1
14545 -5665.5 -3874.1
14546 -5684.1 -3842
14547 -5747.5 -3671.6
14548 -5610.6 -3839.5
14549 -5517.6 -3923
14550 -5404 -4026
14551 -5825.5 -3653.8
14552 14276.4 -1235.3
14553 -5628.3 -3813.8
14554 -5579.7 -3776.5
14555 -5677.6 -3686.4
14556 -5258.8 -2753.5
14557 -5182.6 -2770.1
14558 -5277.9 -2876.9
14559 -4764.1 -2863
14560 -4799.6 -2854.7
14561 -4799.6 -3012
14562 -4753.4 -2865.3
14563 14215.1 -1415.3
14564 -4622.8 -2894.5
14565 -5352.9 -2865.9
14566 -5060.5 -2911
14567 -5084.3 -3000.2
14568 -5031.2 -2803.2
14569 -5081.7 -2907.7
14570 -5574.4 -8785.8
14571 -6282.5 -8923.2
14572 -6914.6 -2524.7
14573 -6949.2 -2519.1
14574 14163.7 -1217.3
14575 -6931.9 -2612.1
14576 -6932.1 -2672.2
14577 -7015.5 -2768.4
14578 -6777.5 -2806.1
14579 -7171.5 -2785.7
14580 -7125.3 -2722.6
14581 -7033.1 -2590.1
14582 -7058.2 -2557.2
14583 -7080.1 -2656.2
14584 -2225.4 -1911.6
14585 14077.1 -1197.1
14586 -2243.3 -1959.4
14587 -3247.8 -212.1
14588 -4016.1 729.1
14589 -4260.1 2905.5
14590 -4234 3002.9
14591 -4158.8 3218.5
14592 -4322.6 2560.9
14593 -5593 -3672.5
14594 -5902.1 -3588.8
14595 -5794 -3572.7
14596 14110.3 -1324.6
14597 -5878.2 -3431.4
14598 -6041.1 -3400.1
14599 -5874.2 -3400.8
14600 -5891.2 -3518.5
14601 -5853.3 -3401.3
14602 -5875.9 -3351.4
14603 -5881.1 -3234.4
14604 -6005.3 -3487.8
14605 -6017.2 -3256.6
14606 -5878 -3290.2
14607 13920.6 -808.5
14608 -6035.5 -3321.8
14609 -5715.8 -3616.4
14610 -5684 -3578.2
14611 -5747 -3512.7
14612 -5708 -3553.3
14613 -5679.2 -3557.7
14614 -5656.6 -3387.1
14615 -5555 -3378.5
14616 -5637.4 -3225.5
14617 -5555.1 -3307.3
14618 14017.9 -772.6
14619 -5473.2 -3374.1
14620 -5452.3 -3372.9
14621 -5473.1 -3415.9
14622 -5460.9 -3532.6
14623 -5452.5 -3314.5
14624 -5551 -3241.3
14625 -5326.4 -4172.5
14626 -5230.6 -4186.4
14627 -5206.8 -4190.1
14628 -5282.8 -4178.2
14629 -4148 3005.6
14630 3697.7 -2331.7
14631 13990.5 -715.4
14632 -5212.2 -4048.7
14633 874.7 -3411.4
14634 1034.3 -3255.6
14635 694.9 -3573.2
14636 943.3 -3486.8
14637 1163.5 -3865.9
14638 1159.2 -3889.3
14639 1160.9 -3726.3
14640 1078.6 -3809.2
14641 1275.9 -3852.5
14642 14019.5 -691.4
14643 1519.9 -3450.9
14644 1512.2 -3547.3
14645 1416.6 -3336.6
14646 1688.4 -3459.9
14647 1797 -3359.5
14648 1612.8 -3452.2
14649 1623.5 -3349.3
14650 1449.2 -2160.3
14651 1318.2 -1821
14652 2044.1 -1147.8
14653 13911.9 -556.5
14654 2021 -1113.8
14655 2075.6 -1205.9
14656 1964.2 -1224.2
14657 1693.4 -759.2
14658 1762.5 -835.6
14659 1550.1 -602.8
14660 -663.8 3356.8
14661 -649 3388.7
14662 -440.6 3108.6
14663 323.5 4913.8
14664 14266.3 -1611.2
14665 191.7 4830
14666 280.7 4700.9
14667 184.5 4693.6
14668 265.2 5091.8
14669 309.4 5104.1
14670 356.6 4966.7
14671 325.4 5053.5
14672 401.8 4890.3
14673 426.8 4930.1
14674 374.1 4850
14675 14288.4 -1687.4
14676 -257.5 4028.9
14677 -255.7 3976.2
14678 -183.6 4003.3
14679 707.6 5525.3
14680 676.6 5476.2
14681 637.4 5414
14682 622.3 5389.9
14683 712.7 5344.5
14684 781.3 5454.9
14685 863.5 5342.7
14686 14241.2 -1513
14687 806.2 5259.4
14688 579.4 5490.8
14689 449.2 5420
14690 -519.4 7259.1
14691 -683.6 7250.1
14692 440.9 7521.2
14693 517.5 7766.5
14694 206.3 7706.5
14695 557.3 7893.6
14696 473.7 7919.5
14697 14379.9 -1510.5
14698 511.9 8037.5
14699 420.9 6098.7
14700 540.3 5980
14701 855.7 5683.3
14702 1014.1 5527.6
14703 -460.8 3558.3
14704 -431.3 3585.2
14705 -216.4 3284.8
14706 -550.1 3655.7
14707 -517.2 3507.1
14708 14195.9 -1638.3
14709 41 2996.5
14710 123 2904
14711 -56.3 3105.7
14712 133.5 3069.9
14713 -4745.1 -2623.8
14714 -4899.5 -2833.2
14715 -5125.3 -2782.3
14716 -4972.3 -3099.9
14717 -4637.5 -2383.3
14718 -4661.4 -2504.3
14719 14005.8 -1793.7
14720 -4765.5 -2337.9
14721 -5096.4 -2215.5
14722 -5008.6 -2246.2
14723 -4800.1 -2465.2
14724 -4693.1 -2584.4
14725 -4186.1 -1778.9
14726 -4954.5 307.3
14727 -4942.8 286.7
14728 -5035.7 210.7
14729 -5059.4 192.9
14730 14293.5 -1707.8
14731 -5130.6 378
14732 -5515.5 269.2
14733 -5469.7 162.7
14734 -5437.2 284.2
14735 -3619.7 -788.1
14736 -3777 -758
14737 -3768.6 -627.6
14738 -3488.6 -632.8
14739 -3846.8 -1930.3
14740 -3729.1 -1930.7
14741 3427.2 -2845.2
14742 14435.5 -1574.9
14743 3408.5 4342.5
14744 3332.5 4285.2
14745 3496.6 4204.1
14746 4152.8 3998.5
14747 4032.8 3921.4
14748 4105.4 4074.3
14749 4244.9 3854.2
14750 4292.4 4086.3
14751 3818.5 4526.3
14752 3871.6 4715.3
14753 14308.1 -1760.4
14754 1098.4 5185.8
14755 400.1 5571.8
14756 5251.4 3904.1
14757 5339.8 3766
14758 5160.8 4045.6
14759 5357.2 3971.2
14760 5177.5 3857.8
14761 -2144.7 5036.4
14762 468.7 -9862
14763 587.9 -9782.6
14764 14318.7 -1799
14765 -256.7 -8517.8
14766 522.9 -10139.8
14767 440.3 -10168.6
14768 -7721 -9354.1
14769 -9186.2 -9152.3
14770 -8939.1 -9248.4
14771 -8843.8 -9135
14772 -8937.4 -8968.6
14773 -8842.6 -8935.4
14774 -8830.3 -9181.9
14775 14085.4 -1845.7
14776 -9000.2 -9142.9
14777 -690.7 3597
14778 -569.9 3459.3
14779 -655.2 3558.4
14780 -537.7 3734.8
14781 -604.3 3605.5
14782 -331 3194.8
14783 -0.5 3454.5
14784 -116.5 3363.4
14785 -262 3119.1
14786 14491.3 -1642.3
14787 145.9 3577.6
14788 129.1 3563.1
14789 79.8 3651.5
14790 -366.3 3024.7
14791 -155 3216
14792 -163.5 3010.1
14793 -60.2 3301.8
14794 189.4 3529
14795 243.7 3582.3
14796 22.5 2822.9
14797 14427 -1701.7
14798 291 3415.4
14799 275.1 3401.4
14800 -601.8 3904.8
14801 -570.1 3924.1
14802 -537.6 3830
14803 -487.8 3780.2
14804 153.6 3086.7
14805 35.4 3187.5
14806 -9.6 3347.7
14807 -366.3 3644.6
14808 14657.4 -1842.3
14809 -308.5 3695.6
14810 -380.8 3665.9
14811 -468 3762.7
14812 -434.3 3931.3
14813 -515.5 3964.3
14814 -294.4 3953
14815 -383.2 3870.6
14816 -329.1 3810.2
14817 -260.8 3738.2
14818 -145.4 3845.1
14819 14327.1 -1832.7
14820 48.1 3399.9
14821 36.1 3479.7
14822 -208 3921
14823 -183.3 3943.7
14824 -111.2 3872.8
14825 -107.8 3816.3
14826 173.8 3513.7
14827 217.4 3349.9
14828 363.2 3303.8
14829 390.1 3274.3
14830 14362.5 -1759.9
14831 405.5 3287.5
14832 322.3 3219.4
14833 415 3246
14834 649.5 2983.1
14835 735.4 2904.1
14836 666 2996.3
14837 559.4 2910.8
14838 915.4 2690
14839 1082.6 2504.1
14840 932.7 2702.7
14841 14363.5 -1968
14842 768.6 2585.4
14843 529 3399.7
14844 378.8 3317.3
14845 818.6 2827.3
14846 1057.1 2813.5
14847 86.2 3232.9
14848 261.6 3294.7
14849 229.7 3146.6
14850 89.4 3868.3
14851 63.4 3812.7
14852 3414 -2867.9
14853 14216.1 -1876.5
14854 157.6 3836.1
14855 137.3 3704.3
14856 15.4 3723.5
14857 486.9 3589
14858 684.6 3812.1
14859 391.4 3727.3
14860 336.6 3455.8
14861 323.3 3660.5
14862 383.2 3422
14863 370.2 3484.5
14864 13263 -943.5
14865 444.3 3434.5
14866 493.4 3490
14867 532.3 3527.5
14868 442 3548.4
14869 425.6 3265.9
14870 601.1 3291.7
14871 623.9 3293.7
14872 780 3102.6
14873 901.4 2977.5
14874 631.3 3035.5
14875 13186.7 -1101.7
14876 76.2 2526.3
14877 154.4 2439
14878 120 2560.4
14879 715.8 3567.8
14880 731.8 3583.3
14881 694.2 3546.8
14882 735.7 3359.9
14883 223.5 2643
14884 161.3 2594.6
14885 331.2 2729.4
14886 13329.7 -1102.9
14887 313.1 2564.3
14888 16.8 2727
14889 76.3 2773.8
14890 321 3059.9
14891 245.8 3000
14892 379.5 3007.4
14893 267.7 3110.6
14894 466.5 2752.8
14895 441.8 2740.2
14896 429.6 2806.8
14897 11195.9 -1224.8
14898 488.8 2742.9
14899 495.2 2859.6
14900 387.6 2855.7
14901 386.1 2954.7
14902 337.5 2812.9
14903 294.8 2776.8
14904 174.2 2851.6
14905 370 2681
14906 379.8 2613.2
14907 241 2906.1
14908 11090.6 -1182.6
14909 526 3153.4
14910 510.2 3139.2
14911 457.3 3230.4
14912 578.5 3062.7
14913 452.3 3086
14914 464.2 2959.5
14915 594.1 3077.1
14916 615.3 3021.4
14917 299.5 2951.3
14918 317.4 3127.3
14919 11285.6 -1265
14920 399.2 2589.8
14921 465 2642.3
14922 546.3 2565.9
14923 556.4 2713.9
14924 586.2 2676.1
14925 532.6 2737.2
14926 240.2 2506.6
14927 197.3 2473.3
14928 327.9 2403.7
14929 544.5 2427.3
14930 11193.4 -1247.9
14931 636.4 2824.5
14932 286 2372.3
14933 792.8 2841.6
14934 724.4 2786.3
14935 681.3 2668.2
14936 692.6 2761.1
14937 1323.1 2547
14938 1232 2638.9
14939 1451.3 2648.3
14940 1098.8 2520.5
14941 11199.8 -1180.8
14942 1292.8 2822.2
14943 1390.6 3083.3
14944 1415.5 3110.8
14945 734.4 4421.5
14946 814.2 4366.3
14947 776.6 4482.4
14948 623.4 4499.3
14949 965.6 4758.6
14950 1049.6 4693.1
14951 950.7 4772.2
14952 11415.8 -1324.2
14953 846.7 4586.6
14954 610.4 4275.5
14955 606.6 4474.5
14956 273.6 3782.1
14957 285.7 3804.7
14958 -207.9 4271.2
14959 -174.4 4327.2
14960 -171.2 4251
14961 -264.1 4167.6
14962 -112.4 4218.7
14963 3354.2 -2897.8
14964 11433.7 -1286.5
14965 -213.8 4059.8
14966 -78.4 4274
14967 -53.5 4186.2
14968 71.2 4117.6
14969 144.5 4236.7
14970 10.7 4150.9
14971 24.2 4040
14972 124.5 4088.6
14973 401 3953.2
14974 286.8 4010.2
14975 11383.8 -1310.1
14976 481.8 3911.5
14977 529.5 4140.1
14978 863 3723.4
14979 777.3 3765.9
14980 1014.6 3592.1
14981 1491.3 3193
14982 1446.5 3144.2
14983 1523.9 3163.8
14984 1569.8 3278.9
14985 1416.1 3258
14986 8222.3 -4635
14987 1628.1 3071.5
14988 1875 2845.3
14989 2026.4 2707.9
14990 1955.9 2773.7
14991 196.2 4321.2
14992 137.5 4353.4
14993 417.7 4201.7
14994 1102 3659.1
14995 1719.7 4175.8
14996 1639 4078.8
14997 8290.5 -4655.5
14998 1815.4 4105.9
14999 1697 4192.5
15000 2165.1 4716.5
15001 2279 4658.8
15002 2005.7 4733.4
15003 1668.8 3384
15004 1797.2 3524.5
15005 1725.3 3318.4
15006 1583.5 3293.5
15007 1590 3444.2
15008 8101 -4925.1
15009 1184.2 3747.3
15010 1276.8 3807
15011 -88.4 4467.9
15012 14.7 4421.6
15013 -52.2 4531.8
15014 -8351.5 1718.2
15015 -3334.3 -7825.3
15016 -3327.9 -7798
15017 -3213.1 -8637.8
15018 -3245.9 -8719.5
15019 7984.2 -4488.3
15020 -3038.3 -8701
15021 -3312.9 -8512.6
15022 -2957.7 -8627
15023 -3421.1 -9063.7
15024 -3410.5 -8992.9
15025 -3358.7 -8667.1
15026 -3459 -8531.3
15027 -3495 -8514.9
15028 -3433.1 -8352.6
15029 -3401.3 -8774.9
15030 8154.3 -4613.4
15031 -3541.2 -8603.1
15032 -3461.3 -8924.9
15033 -3607.3 -8575.5
15034 -3813.2 -8436.9
15035 -3780.8 -8389.1
15036 -3726.4 -8521.6
15037 -4023.7 -8351.5
15038 -3839.2 -8500.6
15039 -3651 -8670.2
15040 -3657.8 -8554.7
15041 8355.5 -4676.3
15042 -3338.6 -8128
15043 -3492.1 -8272.6
15044 -3404.9 -8390.7
15045 -3457.7 -9037.2
15046 -3626.1 -9252.6
15047 -3940 -8761.6
15048 -3915.4 -8697.5
15049 -3660.5 -8690.3
15050 -3564.3 -8331
15051 -3521.9 -8232.6
15052 8178.7 -4912.5
15053 -3542.3 -8206.4
15054 -3274.4 -8208.4
15055 -3383.4 -8420.1
15056 -3360 -8451.8
15057 -3491.5 -7940.2
15058 -3414.5 -8034.3
15059 -3669.6 -8216.7
15060 -3140.4 -8383.9
15061 -3188.7 -8322.8
15062 -3197.9 -8425.9
15063 8422.3 -4697.7
15064 -3049.9 -8510.2
15065 -3049.1 -8316.7
15066 -3299.8 -7856.4
15067 -3135.7 -7772.3
15068 -3217.7 -7818
15069 -3075.4 -7702.5
15070 -3026.6 -7464.3
15071 -3046.2 -7447.8
15072 -3086.3 -7541.1
15073 -2977.4 -7508.5
15074 3665.4 -2450.9
15075 8486.1 -4724.2
15076 -2960.6 -7392
15077 -3871 -8088.9
15078 -3562 -8181.4
15079 -3991.3 -8256.9
15080 -4125.8 -8174.8
15081 -4061.8 -8214.4
15082 -4127.7 -8387.4
15083 -4173.1 -8296.1
15084 -4101.9 -8321.2
15085 -4162.8 -8228
15086 8332 -4905.8
15087 -3865.2 -8567.2
15088 -4049.5 -8417.1
15089 -4075.7 -8484.7
15090 -3890.8 -8633.8
15091 -4153.5 -8454.3
15092 -4102.7 -8550.5
15093 -4123.1 -8617.3
15094 -4144.6 -8687
15095 -3967.6 -8833.2
15096 -4237 -9657.6
15097 8408.9 -4902.2
15098 -2751 -6059.4
15099 -2826.1 -5780.8
15100 -2222.6 -7102.3
15101 -2203.6 -6881.4
15102 -2111.7 -7111.1
15103 -2334.5 -7093.5
15104 -2245.4 -7394.5
15105 -1774.5 -7136.3
15106 -1665.3 -7144.7
15107 -1888.1 -7128.4
15108 8490.5 -4898.3
15109 -1800.2 -7431
15110 -1757.4 -6917.2
15111 -1553 -7154
15112 -1543.9 -7037
15113 -1576.5 -7447.9
15114 -1444.7 -7162.4
15115 -1151.5 -7480.3
15116 -1248.2 -7473
15117 -1130.7 -7523.4
15118 -1210.9 -7349.2
15119 8263 -5024.6
15120 -1706.4 -7655.6
15121 -1668.6 -7725.1
15122 -1825.2 -7752.9
15123 -1662.1 -7617.1
15124 -1689.4 -7438.6
15125 -806.7 -7968.3
15126 -872.9 -7943.2
15127 -834.8 -7893.6
15128 -655.2 -8318.4
15129 -1469.1 -7456.6
15130 8440.5 -5132.1
15131 -1358.2 -7465.3
15132 -1459.5 -7347.1
15133 -1482.8 -7657.1
15134 -1912 -7421.8
15135 -1647.8 -6926.6
15136 -1536.8 -6935.8
15137 -1631.9 -6730.3
15138 -905.8 -7708.4
15139 -945.2 -7727.7
15140 -953.4 -7623.2
15141 8243.8 -5056.8
15142 -31 -9922.5
15143 -208.3 -9632.2
15144 12 -10026.9
15145 -396.2 -9202.9
15146 -386.8 -9238.2
15147 -423.4 -9209.3
15148 -491.9 -8824
15149 33.4 -10183.5
15150 33.9 -10161.2
15151 18.3 -10295.6
15152 8276.7 -4987.5
15153 15.1 -10168.6
15154 -2076 -6693.2
15155 -2160.9 -6687.5
15156 -2063.7 -6543.6
15157 -2081.4 -6758.5
15158 -1965 -6703
15159 -2298.1 -6678.4
15160 -2304 -6743.1
15161 -2235.1 -6682.6
15162 -2288.4 -6517.9
15163 14446.5 -2484.8
15164 -2415.4 -6669.1
15165 -2529.6 -6660
15166 -2546.3 -6853.8
15167 -2517.8 -6495.8
15168 -2729.5 -5041.4
15169 -1210.5 -3967.5
15170 -901 -4995.4
15171 -963.7 -3876.1
15172 -877.2 -3845.6
15173 -703.1 -4619.2
15174 14311.1 -2530.4
15175 -726.5 -4640.6
15176 -686.7 -4644.4
15177 -1458.3 -2156.3
15178 -1432.8 -2143.1
15179 -1735.2 -2296.8
15180 -1468.8 -1659.3
15181 -1395.6 -1794.5
15182 -1403.1 -1861.7
15183 -1313.9 -1789.2
15184 -1573.2 -1910.1
15185 3373.7 -2926.6
15186 14395.7 -2345.1
15187 -1521.5 -1349.7
15188 -1394.6 -1283.7
15189 -1287.3 -1227.7
15190 -1499.9 -1080.4
15191 -2651 -989.6
15192 -2487.8 -907.9
15193 -2669.3 -907.2
15194 -2606.9 -1181.7
15195 -2333.8 -193.3
15196 -2283.5 -220.5
15197 14248.2 -2752.5
15198 -2385.1 -320.9
15199 -2401 -156.5
15200 -2627.9 -380.5
15201 -2545.4 -425.5
15202 -2569 -217.7
15203 -2446.4 -482
15204 -2520 -659.4
15205 -3173.6 39.8
15206 -3144.5 -68.3
15207 -3857.2 414.9
15208 14172.9 -2804.2
15209 -4071.7 1757.6
15210 -4060.2 1665
15211 -3947.5 1772.2
15212 -4117.2 2021.4
15213 -4029.3 2031.6
15214 -4126.5 2097
15215 -4284.8 2078.3
15216 -4353.4 1993.1
15217 -4058.1 2186.7
15218 -3852.1 2179.1
15219 14316.9 -2705.1
15220 -3925.2 2090.2
15221 -3819 2169.5
15222 -3822.5 2212.1
15223 -3806.4 2060.4
15224 -3898.5 2049.9
15225 -4150 2926.3
15226 -4230.3 2946.4
15227 -4168.4 2830
15228 -4087.9 2808
15229 -4192.4 2734.4
15230 14100.1 -2539.6
15231 -4241.1 2850.4
15232 -4214 2648.1
15233 -4277.9 2666.5
15234 -4231.7 2563.9
15235 -4449.9 3186.1
15236 -4430.2 3272.9
15237 -4818.5 3187.1
15238 -5030 3168.9
15239 -4842.4 3244
15240 -4839.2 3110.9
15241 14026.1 -2590.9
15242 -4855 2863.9
15243 -4821.6 2929.2
15244 -4868.2 2930.4
15245 -4890.1 3040.2
15246 -4934.1 2947.3
15247 -5095.7 2994.4
15248 -4960.8 3165.8
15249 -5274.6 3226.5
15250 -5252 3210.4
15251 -5339.4 3292.5
15252 14138.1 -2464.8
15253 -5092 3035
15254 -5167.3 2872.2
15255 -5243.1 3178.1
15256 -4193.1 6164.4
15257 -4198.6 6194.1
15258 -4219.4 6165.5
15259 -4135.9 6271.4
15260 -4213 6270.6
15261 -4183.2 7719.5
15262 -4222.8 7576.2
15263 13784.3 -2384.1
15264 -4216.3 7598.6
15265 -4099.9 7560.5
15266 -4046 7715
15267 -4073.4 7629.8
15268 -4230.6 7550.5
15269 -3941.3 8377.1
15270 -3854.1 8352.4
15271 -3497.9 9625
15272 -3657.1 9644.9
15273 -3506.8 9582.2
15274 13750.6 -2453.8
15275 -3842.1 10250.5
15276 -3857.2 10286.5
15277 -3812.2 10280
15278 -3608.4 10263.9
15279 -3582.1 10335.3
15280 -3473 10253.4
15281 -3711.8 10269.5
15282 -3431.2 10205.5
15283 -3443 10086.6
15284 -3367.6 10187.6
15285 13825.6 -2303.7
15286 -3571.5 10357.3
15287 -3495 10462.9
15288 -3690.6 10514.5
15289 -3417 10622.8
15290 -3436.9 10585.2
15291 -3352.7 10563.6
15292 -3837.1 10310.6
15293 -3835.5 10342.5
15294 -3857.3 10252.9
15295 -3350 10812.6
15296 3033.2 -2852.6
15297 13478.6 -2053
15298 -3328.7 10891.4
15299 -3359 10780.6
15300 -3129.9 10781.2
15301 -3304.6 10979.5
15302 -3109.9 10952.1
15303 -3282.3 11046.6
15304 -3258.1 11141.7
15305 -3441.2 11190.9
15306 -3234.7 11241.5
15307 -3272.7 11079.9
15308 13672.2 -1966.7
15309 -3148.3 11217.5
15310 -3425.3 11292.5
15311 -3201.8 11364
15312 -3188.4 11412.1
15313 -3111.1 11386.7
15314 -3145.2 11575.9
15315 -3298.9 11441.9
15316 -3057 11548.1
15317 -3009.1 11723.7
15318 -3009.2 11529.7
15319 13754.5 -2082.2
15320 -2776.7 11592.3
15321 -2752.8 11483.1
15322 -2666.3 11706.8
15323 -6506.5 1377.6
15324 -6659.7 1422.1
15325 -7878.1 2121.8
15326 -7798.1 1875.6
15327 -7895.1 2136.6
15328 -7625.1 1950.8
15329 -8325.9 2059.7
15330 13428.4 -1979.2
15331 -8272.1 2252.3
15332 -6156.2 1377.9
15333 -5976.8 1420.8
15334 -6118.3 175.2
15335 -6061.4 129.3
15336 -6406.1 413.5
15337 -6088.4 70.8
15338 -6117.1 38.5
15339 -6038.7 111.4
15340 -6469.2 -30.3
15341 13329.3 -2023.2
15342 -6363.2 -29.7
15343 -6585.4 4.1
15344 -6507 -31.4
15345 -6089.1 -317.3
15346 -7311.5 -193
15347 -7172.1 -323
15348 -7368.3 -192.2
15349 -7273.7 -182.5
15350 -4060.2 1033.7
15351 -3576.8 8106.9
15352 14222.5 -2289.6
15353 3444.4 4785.3
15354 3253.8 4878
15355 3630.3 4395.6
15356 3678.8 4322
15357 3867.4 4449.1
15358 3986.4 4533.8
15359 4042.7 4444.3
15360 4108 4613.3
15361 4094.1 4362.9
15362 4156.6 4403.2
15363 14179.8 -2269.1
15364 3972.1 4284
15365 4338.1 4115.5
15366 4288.7 4193.8
15367 4428.7 4380.3
15368 4245.5 4262.2
15369 4386.1 4448
15370 4518.7 4437.1
15371 5093.3 4806.4
15372 5056.8 4782.6
15373 5184.4 4661.2
15374 14203.8 -2332.2
15375 5163.2 4852.8
15376 5148.4 4637.2
15377 5204 4674
15378 4429.5 4578.4
15379 4562.3 4368
15380 4608.5 4495.9
15381 4521.4 4637.8
15382 4281.4 4809.3
15383 4339.3 4521.4
15384 4479.8 4708.9
15385 15688.7 -2940.5
15386 4567.3 4766.1
15387 4435.8 4778.5
15388 4523.6 4835.3
15389 4611.5 4696.1
15390 4663.4 4827.2
15391 4465.7 4926.9
15392 4619.8 4895.8
15393 4754.1 4984.7
15394 4837.6 5039.3
15395 4666.3 5128.4
15396 16648.5 -2919.9
15397 4748.6 5181.4
15398 4528.3 5039.7
15399 4793.2 5110.1
15400 4895.6 5276.1
15401 4941.1 5204.3
15402 4955.8 5181.1
15403 5192.3 4807.3
15404 5134.3 4898.5
15405 4230 4693
15406 4218.4 4443.2
15407 3394.8 -2904.5
15408 16821.5 -2929.7
15409 4986.2 5133.2
15410 5015.7 5086.9
15411 4707.4 4757.8
15412 4882.8 4969
15413 5031.1 5062.9
15414 5074.4 4993.3
15415 5118.4 4923.7
15416 5265.6 5116.2
15417 4927.9 4899.5
15418 4887.8 4873.4
15419 16648 -2895.5
15420 -8069 -4063
15421 -8054.2 -4123.9
15422 -7975.8 -4103.6
15423 -8063.2 -4334.7
15424 -8152.3 -4149.1
15425 -7778.6 -4146.3
15426 -7939.4 -4191.7
15427 -7529.3 -4362.1
15428 -7488.6 -4368.9
15429 -7502.9 -4453.8
15430 8737 4.2
15431 -7481.6 -4334.2
15432 -4088.7 1860.1
15433 -3972.8 2104.4
15434 -3707.2 888.1
15435 -3636.8 951.1
15436 -3595.5 766.2
15437 -3532.6 789.4
15438 -3769.6 678
15439 -3171.9 596.3
15440 -3269.3 880
15441 7178.1 -208.5
15442 -2961.1 438.7
15443 -3000.4 644.3
15444 -2823.8 458.5
15445 -3818.1 524
15446 -3772.9 542.6
15447 -3885.6 500.2
15448 -3606.6 589.7
15449 -3647.2 657.8
15450 -3550.1 498
15451 -3531.9 630.8
15452 8757.4 -2.4
15453 -3526.3 502
15454 -3461.3 813
15455 -3293 765.9
15456 -3904.3 557.3
15457 -4012.4 -1046.2
15458 -4101.9 -998.9
15459 -4094.1 -843.2
15460 -4154.6 -743.3
15461 -4212.9 -911.4
15462 -4169.9 -1702.7
15463 8118.5 -560.2
15464 -2926.4 -8240.4
15465 -2976.5 -8289.1
15466 -2803.5 -8342
15467 -3016.2 -8150.3
15468 -2891.9 -8202
15469 -4969.2 1058.2
15470 -4782.3 1352
15471 -5029.1 1427.6
15472 -5156.5 1515.2
15473 -5080.9 1490.4
15474 7048.2 -269
15475 -5563.6 2059.2
15476 -5609.7 1997.5
15477 -5505.8 1984.2
15478 -5164.7 1590.3
15479 -5006.2 1460.9
15480 -5278.3 1875.9
15481 -5330.2 1925
15482 -5240.1 1812.3
15483 -5086.9 1851.5
15484 -5003.8 1514.2
15485 7085.5 -285.7
15486 -5037.9 1679.7
15487 -5070.5 1810.4
15488 -4998.6 1770.9
15489 -4966.2 1606.3
15490 -4955.9 1640.2
15491 -4943.3 1700.5
15492 -4864.4 1720.3
15493 -4815.4 1732.8
15494 -5094.1 2105.9
15495 -5356.2 2320.2
15496 6932.8 -255.7
15497 -5277.3 2303.9
15498 -5570.4 2347.3
15499 -5658.5 2313.4
15500 -5600 2432.6
15501 -5457.4 2168.7
15502 -5515.5 2272
15503 -5557.7 2242.5
15504 -5010.9 2036.3
15505 -4974.3 1866.5
15506 -4942.4 2050.8
15507 10533.7 -2370.5
15508 -5035.6 2126.3
15509 -5171.6 2327
15510 -5105.3 2311.3
15511 -4931.5 1997.1
15512 -4870.8 2071.1
15513 -5026 2314.5
15514 -4954.9 2319
15515 -4956.7 2197.4
15516 -4960.1 2173.1
15517 -4956 2135.6
15518 -8734.5 -2916.4
15519 10647.2 -2397.3
15520 -4906.2 1870.3
15521 -4837.1 1813.5
15522 -4172.9 1849
15523 -4037.7 1481.5
15524 -4062.6 2255.8
15525 -3992.3 2264.5
15526 -3830.8 2284.2
15527 -4342.7 1909
15528 -4330.8 1829.7
15529 -4329.4 -2309.2
15530 12291.1 273
15531 -4417.5 -2136.4
15532 -4234.8 -1959.3
15533 -4367.8 -2452.6
15534 -4495 -2420.6
15535 -4345.8 -2372.1
15536 -4432.3 -2686.2
15537 -4495.1 -2924.1
15538 -4822.5 -2035.6
15539 -4791 -1917.8
15540 -4892.8 -2290.3
15541 12375 318.6
15542 -4691.4 -2067.7
15543 -4943.3 -2005.8
15544 -4776.8 -1868.9
15545 -4924.6 -1917.3
15546 -4930.1 -2427.4
15547 -3030.5 792.7
15548 -3069.1 947.3
15549 -2744.2 713.9
15550 -2700.2 719.4
15551 -1814.2 543.1
15552 12209 227.8
15553 -1853.9 610.5
15554 -1746.1 370.2
15555 -1694.7 556.6
15556 -1742.4 268.7
15557 -1773.8 275
15558 -1575.5 234.8
15559 -2430.1 713
15560 -1906.6 298.5
15561 -1868.9 292.1
15562 -1229.2 568.4
15563 12361.3 146.1
15564 -1370.8 729.2
15565 -1907.9 354.7
15566 -1590.3 362.4
15567 -1420.7 271.8
15568 -1418.9 150.8
15569 -2247.5 498.3
15570 -2296.9 652
15571 -2172.3 519.8
15572 -2390.5 649.2
15573 -2219.3 673.2
15574 12125.6 181.2
15575 -2249.7 762.8
15576 -2134.3 696.4
15577 -2085.8 544.7
15578 -2266.4 811.9
15579 -2338.8 795.7
15580 -2279.7 1008.3
15581 -2178 830.7
15582 -2109.2 847.2
15583 -2143.6 958.4
15584 -2057.7 856.5
15585 12105.1 218.6
15586 -1965 579.4
15587 -1984.6 868.4
15588 -1977.9 898.4
15589 -1898.1 696.9
15590 -1227.8 700.6
15591 -1286.7 785
15592 -1124.3 559.4
15593 -2433.1 776.8
15594 -2121 534.5
15595 -2352.8 467.6
15596 12149.3 137.3
15597 -2323.9 476
15598 -2009.5 566.3
15599 -2067.8 715.2
15600 -1781.4 780
15601 -1742.3 814.2
15602 -1055.4 6333.5
15603 -1100.6 6199.7
15604 -1038.3 6566.7
15605 -1482.4 6241.7
15606 -1443.9 6185.6
15607 9765 -2978.2
15608 -1588.3 6230.4
15609 -1525.6 6289.8
15610 -1395.7 6484
15611 -1710.5 684.7
15612 -1518.4 647.9
15613 -1575.9 754.5
15614 -1442.4 687.9
15615 -1063.2 269.5
15616 -5515.6 2212.8
15617 -5835.2 2238.4
15618 9817.7 -3100.8
15619 -5657 2234.5
15620 -5861.5 2240.2
15621 -5734.4 2415.2
15622 -5377.3 2379.6
15623 -5593.1 2459.1
15624 -5683.2 2462
15625 -5321.8 2359.1
15626 -5396.4 1864.1
15627 -5453.5 2052.8
15628 -4874.5 2311.6
15629 -7094.9 -2483
15630 9995.3 -3136.9
15631 -4958.6 2414
15632 -4851.6 2563
15633 -4792.5 2558.2
15634 -4857.6 2501.7
15635 -4866.1 2014.8
15636 -4791.2 2019.8
15637 -4795.3 2082.7
15638 -4794.8 1651.6
15639 -4907.7 1608.8
15640 -4848.7 1632.2
15641 10442.9 -1061.7
15642 -4770.6 1562.9
15643 -4815.4 1549.3
15644 -4835.2 1475.4
15645 -5822 2092.8
15646 -829 34.1
15647 -1132.9 39.8
15648 -814.9 -46.3
15649 -1197.2 178.2
15650 -1055.9 184.5
15651 -3625 1847.3
15652 10403.3 -1180.4
15653 -3912.4 1495.9
15654 -3882.6 1886.4
15655 -3792.6 1790.4
15656 -3721.9 2221
15657 -3729.4 2296.2
15658 -3818.3 2437.9
15659 -3791.6 2540.9
15660 -3727.1 2782.8
15661 -3655.2 2736.2
15662 -3768.6 2629.5
15663 10333.4 -1026.1
15664 -3685.7 2608.3
15665 -4209.3 3015.6
15666 -3947 2770.8
15667 -3969.7 2678.5
15668 -3745.8 2720.6
15669 -4111.6 2714.4
15670 -3990.7 2591.9
15671 -3889.1 1968.6
15672 -4010.1 1869.8
15673 -3589.7 2697.9
15674 10522.8 -1055
15675 -3485.7 2625.6
15676 -3215.8 2335
15677 -3004 2115
15678 -3530.1 2719.6
15679 -3605.5 2495.1
15680 -3577.6 2710.3
15681 -2492.7 1318.9
15682 -3601.4 2587
15683 -3871.2 2653.8
15684 -3796.4 1897
15685 10231.2 -962
15686 -3796.4 1979.3
15687 -3694.7 1907.2
15688 -7322.6 3330.4
15689 -7191.1 3447
15690 -7168.8 3424.8
15691 -7731.9 3378.5
15692 -7907.5 3511.8
15693 -7705.3 3403.4
15694 580.9 9958.6
15695 486.1 10013.2
15696 10222.8 -990.1
15697 514.8 9858.8
15698 652.4 9911.4
15699 451.2 10046.9
15700 377.4 10091.5
15701 -252.4 10421.4
15702 -160.2 10374.3
15703 381.7 9946.6
15704 161.3 9762.1
15705 92.5 9807.8
15706 25 9853.1
15707 10185 -1110.5
15708 244.1 10038.5
15709 -15.8 9665.9
15710 -67.3 9912.8
15711 176 10084
15712 -159.3 9975.3
15713 83.7 10144.1
15714 -6.6 10205.8
15715 -295.5 9980
15716 148.5 10241.8
15717 59.1 10303.5
15718 10292.1 -1146.7
15719 240.5 10181.3
15720 -102.4 10264.7
15721 -39.5 10363.7
15722 14.9 9642.9
15723 311.6 9992.4
15724 308.9 10135.4
15725 1126.2 9920.8
15726 1001.3 9428.3
15727 1156.3 9944.4
15728 -917.3 10902.2
15729 10156.6 -1190.5
15730 -898.3 10979.3
15731 -981 10812.4
15732 -831.6 10874.7
15733 -752.1 10839.2
15734 -784.1 10855.9
15735 -848 10713.3
15736 -627.9 11137
15737 -753 11202.4
15738 -664.2 11072
15739 -579.8 11222.7
15740 -3858.4 -471.5
15741 -6902.6 -2372.1
15742 11571.2 -1269.4
15743 -831 11244
15744 -785.3 11330.7
15745 -871 11094.2
15746 -895.7 11264.1
15747 -4353.9 2071.8
15748 -4163.7 3129.1
15749 -4129 3217.7
15750 -4132.8 3012.2
15751 -4187.1 3058.8
15752 -3800.7 1252.6
15753 11590.2 -1222
15754 -3984.6 1403
15755 -4597.3 5920.7
15756 -4615.5 6113.6
15757 -4558.6 6159.1
15758 -4567.4 6114.8
15759 -925.1 3169.2
15760 -862.7 3209.6
15761 -953.6 3204.7
15762 -794.7 3254.5
15763 -778.6 3269.5
15764 11534.4 -1257.1
15765 -681.5 3143.7
15766 -484.6 3069.6
15767 -1692.1 3017.8
15768 -537.7 3018.6
15769 -424.3 2862.3
15770 -4605 5880.2
15771 -4422 5956.2
15772 -4451.7 5832.6
15773 -5358.1 6902.5
15774 -5304.9 6842.8
15775 11520.1 -1430.4
15776 -5463.2 6952.9
15777 -5221.7 6799
15778 -5274.7 6867.7
15779 -5234.4 6687.8
15780 -5141.9 6677.1
15781 -5489 2451.5
15782 -5468.3 2571.2
15783 -5370.5 2434.1
15784 -5347.1 2547.2
15785 -5173.8 2420.4
15786 11680.8 -1185.5
15787 -5242.8 2422
15788 -5150.9 2571.5
15789 -4956.8 2501.1
15790 -5073.3 2406.1
15791 -4872.2 2411.9
15792 -4796.2 2410.5
15793 -4793.7 2505.8
15794 880.3 -10702.8
15795 687.2 -10352.8
15796 685.5 -10270
15797 11707.6 -1189.7
15798 617.5 -10544
15799 2120.3 -12128.7
15800 1954.2 -12345.9
15801 1841.5 -12303.7
15802 1704.8 -12661.6
15803 1706.4 -12671.6
15804 1981.1 -12477.9
15805 2961.9 -5742.1
15806 2951.1 -5681
15807 7224.9 -10830.7
15808 11616.2 -1156.2
15809 7199.5 -10881.2
15810 7095.6 -10678.1
15811 10350.5 -7631.7
15812 10503.7 -7727.5
15813 10298.8 -7616.7
15814 10250.9 -7610.4
15815 10286.6 -7563.3
15816 -2788.7 287.3
15817 -3003.3 250.2
15818 -2621.8 313.5
15819 11458.4 -1228.2
15820 -3137 412
15821 -3637.7 4080.6
15822 -3767.2 3933.6
15823 -3564.7 4059.1
15824 -3671.3 3993.1
15825 -3704.1 3907.8
15826 -3576.3 3958.4
15827 -3749.8 3520.3
15828 -3733.3 3554.9
15829 -3688.5 3488.4
15830 11387.4 -1205.6
15831 -3705.9 3613.8
15832 -3673.6 3701.7
15833 -3802.2 3649.2
15834 -3978.8 2930.2
15835 -3893.8 3094.9
15836 -3636.1 3587.6
15837 -3617.1 3451.3
15838 -3050.3 4379.9
15839 -3117.1 4201.1
15840 -3370.6 3490.3
15841 11401.9 -1516.8
15842 -3435.5 3355.1
15843 -3155.9 400.9
15844 -3642.7 1271.1
15845 -5011.4 5278.8
15846 -4879.9 5097
15847 -5502.7 5849.8
15848 3412.6 -6710.8
15849 665.6 -3498
15850 643.4 -3429.4
15851 -2674.4 6
15852 -7310.8 -9585.9
15853 11146.5 -1012.9
15854 -2587.2 -53.4
15855 -2776.2 81.3
15856 -2845.1 -112
15857 1412.4 1977.5
15858 220.9 1415.7
15859 -1627 1253.1
15860 -1654.4 1303.4
15861 -1591.8 1205.6
15862 -1839.3 1528.7
15863 -1800.3 1459
15864 11122.2 -1003.7
15865 -1815.5 1415.3
15866 -1756.7 1423
15867 -1701.9 1421.3
15868 -1644.8 1419.4
15869 -1677.7 1307.7
15870 -1801.1 1264
15871 -3327.5 861.1
15872 -3223.9 732.4
15873 -3354.4 851.6
15874 -2869.3 679.7
15875 11187.3 -1028.9
15876 -3230.8 892.7
15877 -2831.9 1030.8
15878 -2800.7 922.4
15879 -4478.5 751.8
15880 -4437.3 773.3
15881 -4418.8 649.6
15882 -4409.5 631.2
15883 -4527.8 696.2
15884 -4391.8 5955.8
15885 -3981.3 -756.5
15886 11109.9 -1101.1
15887 -3893.9 -604.9
15888 -3766.1 -278.2
15889 -3840.2 -188.6
15890 -4034.7 -270.6
15891 -3793.1 -247.8
15892 -4095.9 195
15893 -3444 -688.6
15894 -3762.2 -249.3
15895 -4082.2 211.4
15896 -4110.2 226.8
15897 11202.6 -1136.1
15898 -4154 248.1
15899 -3521.4 51.6
15900 -3304.3 -59.8
15901 -3147.5 359.7
15902 -3142 379.1
15903 -3164.6 375.3
15904 -3128.4 345.7
15905 -3368.4 162.4
15906 -3502.4 68.4
15907 -3824.7 -169
15908 10922.5 -851.7
15909 -3958.2 679.4
15910 -3716.5 276.2
15911 -3632.3 175.9
15912 -3583.1 208.2
15913 -3557 94.7
15914 -3294.6 51.3
15915 -3280 18.3
15916 -3320.9 22.2
15917 -3383.3 1052.5
15918 -3333.3 1041.2
15919 10896.1 -921.6
15920 -3359.1 1072.8
15921 -3036 75.3
15922 -2989.8 -20.5
15923 -2931 196
15924 -2800 98.9
15925 -3124.5 -136.4
15926 -3221.4 -202.5
15927 -3153.6 -313.1
15928 -2774.8 -209.6
15929 -3058.6 -250.4
15930 15267.5 -3546.1
15931 -3096.1 -374.3
15932 -2880.6 10.5
15933 -2974.9 -53.5
15934 -2944.8 -119.8
15935 -2803 362.7
15936 -3297.1 315.7
15937 -3418.5 392.7
15938 -2552.2 -105
15939 -2566.2 -66.7
15940 -2445.1 657.9
15941 15277.1 -3639.5
15942 -2439.7 1072.8
15943 -2453 574
15944 -2508.8 22.2
15945 -2379 17.5
15946 -2505 106.7
15947 -2499.6 203.6
15948 -3470.6 338.5
15949 -3417.7 249.6
15950 -3229.3 415.8
15951 -3210.9 405.1
15952 15356.7 -3536.9
15953 -3219.4 479.2
15954 -3244.2 617.3
15955 -3271.3 706.4
15956 -3733 422.7
15957 -3393.7 206.4
15958 -3541.6 110
15959 -3661.2 337
15960 -3716.1 565.4
15961 -2923.5 -165.8
15962 -2681.3 -522.8
15963 -8727.2 -9545.7
15964 12385.6 492.2
15965 -3009.2 -468.7
15966 -3043.7 -430.9
15967 -2968.5 -514.8
15968 -3005.1 -324.5
15969 -2704.1 -569.9
15970 -2752.7 -592
15971 -3555.9 866.5
15972 -3588.6 920.4
15973 -3569 937.5
15974 -3734.3 1062.8
15975 12421.4 428.9
15976 -3514.2 1034.1
15977 -3454.2 995.2
15978 -3464.1 1111.9
15979 -3949.7 865.2
15980 -3892.9 756.5
15981 -3728.8 -1174
15982 -4140.7 -998.1
15983 -4025.9 -1111.5
15984 -3737.1 -1270.9
15985 -3636.8 -1224.1
15986 12347.5 556.4
15987 -4314.7 -1188.1
15988 -4330.9 -1247.4
15989 -5233.9 -1417.7
15990 -4715.9 -1211.3
15991 -4595.2 -1160.7
15992 -5474.8 -1119.4
15993 -5389.6 -1500.8
15994 -5326.5 -2369.2
15995 -5630.4 -2102.5
15996 -5349.1 -2560.2
15997 12140.4 356
15998 -5437.1 -2804.5
15999 -5465.8 -3087.2
16000 -5377.3 -3206.5
16001 -5576.9 -2717.2
16002 -5708.3 -2480.6
16003 -5936.4 156.9
16004 -5933.6 193.5
16005 -5966.1 192.3
16006 -5964 246.9
16007 -5846.6 -202.9
16008 11988.5 610.6
16009 -5820.2 -188.5
16010 -5854.3 -155.5
16011 -5376.3 -444.4
16012 -5576.9 -353.4
16013 -4528.5 -881.6
16014 -6859.8 -2232.6
16015 -6899.9 -2258.9
16016 -6997 -2118.1
16017 -6329.3 -1627.3
16018 -5840.2 -266.2
16019 13901.5 -534.9
16020 -5818.8 -320.9
16021 -5829.2 -261.5
16022 -4718.7 1624.9
16023 -5651.9 277.1
16024 -5874.2 256.5
16025 -5914.1 200.7
16026 -6028.2 167.4
16027 -6078.7 90.8
16028 -6024.4 125.7
16029 -5744.2 257.9
16030 13861.4 -450.7
16031 -6009.2 139.1
16032 -5968.2 136.3
16033 -5926 -69.3
16034 -5973.4 1506.3
16035 -5975.4 1462.6
16036 -6106.1 1545.5
16037 -5962.2 1729.2
16038 -5971.2 1563.4
16039 -5044.9 957.9
16040 -5004.5 923.1
16041 13716.1 -621.3
16042 -5003.7 998.9
16043 -5063.6 1018.8
16044 -5119.4 1040.6
16045 -5338.2 1209.4
16046 -5386.2 1243.6
16047 -5922.6 1800.7
16048 -5752.7 1513.6
16049 -5736.8 1496.5
16050 -5759.1 1489
16051 -5384.9 1196.1
16052 14468.9 -1885.7
16053 -5939.7 2161.6
16054 -5947.4 1990.7
16055 -6020.5 2291.3
16056 -6007.6 1762
16057 -5942.5 1839.2
16058 -5998.8 1029.4
16059 -6304.3 1073.5
16060 -6001 904.9
16061 -6121.5 872.8
16062 -5973 698.4
16063 14375.9 -2070.3
16064 -5988.8 477.3
16065 -5490.4 2698
16066 -5359.5 2757.3
16067 -5674.7 2466.1
16068 -5288.4 2426.5
16069 -4836.9 3049.9
16070 -4839.8 3085.8
16071 -9011.4 -2441.2
16072 -8681.1 -2509.8
16073 -8517.5 -2544.4
16074 -5285.2 -1441.4
16075 13655.6 295.4
16076 -6638 -3717.2
16077 -6627.4 -3684.1
16078 -6638.3 -3666.2
16079 -6061.5 -3374.2
16080 -5344.8 -3264
16081 -6077.5 -2248.9
16082 -6086 -2328.4
16083 -6047.6 -2072.1
16084 -10889.2 7305.5
16085 -10666.9 7376.1
16086 13945.1 430.2
16087 -10494.5 7411.1
16088 -10505.6 7338.8
16089 -10377.5 7443
16090 -10611.5 7388.8
16091 -10904.2 7271.8
16092 -10093.9 8099
16093 -10146.7 8202.6
16094 -10074.6 8093.7
16095 -10173.8 7861.7
16096 -10445.7 8808.1
16097 6906.4 -214.2
16098 -10563.1 8728.1
16099 -10638.3 8901.4
16100 -10429.4 8793.7
16101 -11005.7 9169.6
16102 -11495.5 9464.6
16103 -10831.8 9028.9
16104 -11114 9103.1
16105 -5713.6 1000.2
16106 -5778 1060.3
16107 -5626.2 1003.7
16108 6935.3 -191.8
16109 -5660.7 1041.1
16110 -5809.3 1054.6
16111 -5707.1 1265.1
16112 -5899.2 1043.7
16113 -5950.9 1070.7
16114 -5960 1034.9
16115 -12005.6 7450.2
16116 -12016.9 7480.8
16117 -11922.9 7228
16118 -12080.8 7373
16119 7159.8 -258.8
16120 -11443.4 7683.1
16121 -11464.8 7850.2
16122 -11435.3 7638.9
16123 -11246.9 7135.3
16124 -10985.7 7171.9
16125 -11309.8 7289.4
16126 -11541 7262.6
16127 -11435 7334.1
16128 -11474.3 7473.8
16129 -11322.5 7157.2
16130 7271.8 -264.1
16131 -11407.8 7486
16132 -11582.5 7868.9
16133 -11998.5 8204.7
16134 -12120.8 8197.9
16135 -12085.9 8174.8
16136 -12167.9 8242.5
16137 -11778.7 6822.3
16138 -11868.1 6788.4
16139 -11420.1 7551.6
16140 -11970.1 7994.8
16141 7534.6 2848.2
16142 -12115.9 8029.8
16143 8412 1524.2
16144 8491.5 1398.1
16145 8360.1 1603.8
16146 6426.3 3278.8
16147 6707 2914.6
16148 6471.8 3100.9
16149 5937.8 4336.5
16150 6026.1 4195.9
16151 5847.8 4476.7
16152 7601 2698.1
16153 6012.4 4382.3
16154 5864.5 4290.3
16155 5955.9 3663.3
16156 5852 3823.6
16157 5879.9 3616.9
16158 6029.1 3705
16159 5570.9 4909.1
16160 5497.3 4861.8
16161 5663.1 4765.1
16162 5625.5 4943.7
16163 7348.5 2770
16164 4715.1 5560.1
16165 4769.2 5475.4
16166 4560.3 5415.3
16167 5255.7 4706.7
16168 5277.5 4720.8
16169 -1743.7 9352.9
16170 -1730.9 9475.1
16171 -10966.4 7196.6
16172 -10788.1 7222
16173 -10777.6 7161.2
16174 7674.9 2911.2
16175 -10594.4 7267.5
16176 -10202.1 6672.9
16177 -10326.5 6855.2
16178 -10156.5 6743.4
16179 -10054.8 6887.1
16180 -10110.6 6813.9
16181 -10286.2 7032.7
16182 -9898.5 7200.1
16183 -10420.9 7249.5
16184 -10287.4 7104.4
16185 -5290.7 -1366.3
16186 7659.6 2553.8
16187 -10287.1 7079.2
16188 -10297.2 7134
16189 -10285.9 6986
16190 -10295.6 6929
16191 -10321.6 7455.9
16192 -10408.4 7551.5
16193 -10259.1 7479.9
16194 -2770.5 810.8
16195 -2682.8 793.4
16196 -8467.2 -1319.7
16197 7802.9 2614.3
16198 -8427.6 -1382.1
16199 -10270.4 6390.8
16200 -5563.6 418.8
16201 -5602.6 521.4
16202 -8026.3 -1773
16203 -7990.5 -1920.3
16204 -7905 -1501.5
16205 -8081.6 -1843.9
16206 -7842.3 -2044.3
16207 -8162.6 -1775.2
16208 7531.1 2498
16209 -8200.9 -1639
16210 -8077.2 -1356.7
16211 -7546.4 -2006.5
16212 -7519.8 -2016
16213 -7588.4 -1947
16214 -7945.8 -1456.4
16215 -7803.2 -1587.3
16216 -8117.2 -1312.4
16217 -8558.5 -1231.7
16218 -8573.5 -1216.3
16219 7788 2414.4
16220 -8516.5 -1266.3
16221 -8472.8 -1278.7
16222 -8824.6 -977.7
16223 -8756.4 -1049
16224 -8743.2 -906.5
16225 -8345 -449.7
16226 -8391.4 -505.1
16227 -8086.4 -398.2
16228 -8059 -439.4
16229 -7934.6 -404.8
16230 7986.3 2196.7
16231 -8131.9 -419.6
16232 -7451.7 -430.1
16233 -8004.3 -320.7
16234 -7758.8 -634.9
16235 -8901.6 -1036.8
16236 -9147.5 -1067.9
16237 -8897.1 -1155.7
16238 -8873.2 -1329.1
16239 -8918.9 -1366.8
16240 -8833.3 -1296.5
16241 8097.8 2020.4
16242 -8892.4 -1195.7
16243 -8906.3 -1409.3
16244 -8980.6 -1411.8
16245 -9338.8 -1627.7
16246 -9562.8 -1301.5
16247 -9462.4 -1777.4
16248 -9245.8 -1572.2
16249 -9404.2 -1951
16250 -9643.7 -1542.2
16251 -8654.5 -1144.5
16252 7904.1 2144
16253 -8629.9 -1158.9
16254 -8689.6 -1105.6
16255 -8846 -1621.8
16256 -8716.8 -1539.4
16257 -8804.9 -1743.9
16258 -8883.9 -1489.2
16259 -8821.8 -1466.1
16260 -7878.6 -1899
16261 -7759.1 -1638.5
16262 -7673.2 -2186.6
16263 7893.6 2301.5
16264 -7709.5 -2046.2
16265 -7629.7 -1876.9
16266 -7401.3 -1565.7
16267 -7455 -1503.8
16268 -7330.8 -1631.4
16269 -8115.2 -981.8
16270 -8128.9 -1000.8
16271 -8060 -900.4
16272 -8221.3 -879.2
16273 -8007.9 -1031.9
16274 8051.3 2238.2
16275 -7723.4 -1505.7
16276 -7668.6 -1434.9
16277 -7667.7 -1550.6
16278 -7937.2 -1324.9
16279 -7590.8 -1348.7
16280 -7765.6 -1161.9
16281 -7520.4 -1430.8
16282 -7295.9 -1285
16283 -7438.6 -1344.2
16284 -7206.1 -1389
16285 -1540.9 6813.1
16286 -7606.7 -925.4
16287 -7208.2 -1240.7
16288 -7807 -1562.3
16289 -7688.2 -1733.9
16290 -7574.2 -1936.8
16291 -7608.5 -1667.7
16292 -7539 -1576.3
16293 -7613.2 -1501.3
16294 -7547.1 -1607.2
16295 -7471.5 -1796.9
16296 -5365.9 -1093.8
16297 -1433.1 6778.2
16298 -7407.3 -1721.1
16299 -7480.5 -1660.5
16300 -7245.2 -1695.1
16301 -7196.6 -1643.1
16302 -7352.2 -1823.1
16303 -4376.5 -923.4
16304 -7490.4 -1990.2
16305 -7211.5 -2150.4
16306 -7118.6 -2178.6
16307 -7048 -2074.6
16308 -1497.2 6910.5
16309 -7104.8 -2200.5
16310 -7313.6 -2376.1
16311 -6961.7 -2287.9
16312 -7167.1 -2395.9
16313 -7261.7 -2444.3
16314 -7435.3 -2533.5
16315 -7386.2 -2276.9
16316 -7339.8 -2340.6
16317 -7411.7 -2247
16318 -7161.4 -1973.9
16319 -934 6614.6
16320 -6948 -1945.8
16321 -6583 -2923.5
16322 -6611.3 -2919.2
16323 -7169.1 -1624.1
16324 -7288.6 -1516.2
16325 -7040.8 -1581.2
16326 -6879.6 -1531.7
16327 -7041.9 -1451.9
16328 -6814.2 -1493.3
16329 -6772.4 -1455.6
16330 -901.2 6754.1
16331 -6690.5 -1344.1
16332 -6749.3 -1947.6
16333 -6635.2 -1927.3
16334 -6554 -1844.4
16335 -6500.9 -1907.4
16336 -6653 -1725.7
16337 -6754.7 -1801.1
16338 -6689.9 -1870.4
16339 -6831 -2040.6
16340 -6868.4 -1884.7
16341 -1006.4 6638.3
16342 -6822.6 -1851.1
16343 -6879.9 -1393.1
16344 -6962.9 -1292
16345 -6954.4 -1429.5
16346 -6854.8 -1243.3
16347 -6644.7 -1466.1
16348 -6587.8 -1579
16349 -6661.4 -1701
16350 -6788 -1081.9
16351 -6852.2 -962.8
16352 -840.8 6903.8
16353 -6698 -1048.1
16354 -7452 -490.8
16355 -7461.3 -511.7
16356 -6795.6 -922.1
16357 -6860.1 -769.3
16358 -7337.8 -588
16359 -7503.6 -605.8
16360 -7325 -822.6
16361 -7511.6 -875.3
16362 -7270.2 -952.9
16363 -808.5 6866.8
16364 -7297 -647.5
16365 -7089.3 -1342.3
16366 -7017.8 -1324.2
16367 -7124 -1268.3
16368 -7017.7 -1408.9
16369 -7164.1 324
16370 -7154.8 290
16371 -7422.5 -186.2
16372 -7091.9 426.6
16373 -7016.6 683.3
16374 -877.9 6944.8
16375 -6994.9 703.4
16376 -7053.2 658.5
16377 -7024.8 663.4
16378 -6343.2 1205.4
16379 -6438.2 1160.8
16380 -6253.4 1353.7
16381 -7052.5 -685.1
16382 -6945.6 -820.4
16383 -7144.5 -628.5
16384 -7314 -551.1
16385 -1229.5 7333.1
16386 -7222.5 -1049.6
16387 -7184.3 -1134.7
16388 -5899.2 2192.5
16389 -4796.7 2306.8
16390 -4883.5 2196.7
16391 -4796.7 2145
16392 -4857.4 1920.4
16393 -4785.2 1937.1
16394 -4822.7 1761.8
16395 -4759.6 1785.1
16396 -1181.7 7281.6
16397 -4747.3 1665.3
16398 -4787.3 2697.5
16399 -4851.9 2771.9
16400 -4851.6 2686.1
16401 -4783.5 2778.4
16402 -5070.5 2786.5
16403 -5050.5 2658.3
16404 -4950.9 2785.3
16405 -5055.9 2567
16406 -4952.2 2675.1
16407 -5193.6 -1047.6
16408 -1247.5 7356.4
16409 -5142.5 2630.5
16410 -5140.3 2657.1
16411 -5143.6 2815.2
16412 -4953.4 2570.6
16413 -5566.8 2550.8
16414 -5529.3 2558.7
16415 -5338.4 2599.5
16416 -5479.9 2639.5
16417 -5211.3 2626.3
16418 -5244.4 2535.4
16419 10094 3126.3
16420 -5609.1 2610.4
16421 -5525.6 2686.4
16422 -5279.6 2610.6
16423 -5301.8 2805.4
16424 -5234.3 2819.8
16425 -5140.4 2866.2
16426 -7440.2 -298
16427 -7409.2 230
16428 -7513.4 315.7
16429 -7285.8 370.4
16430 9964.6 3099.5
16431 -8147.4 236.1
16432 -8437.5 -1105.8
16433 -8444.5 -977.6
16434 -8081.7 -1128
16435 -7984.7 -1281.9
16436 -7845.2 -1242.5
16437 -8086.8 -1327.7
16438 -7784.5 -2428.6
16439 -7637.9 -2573.5
16440 -8119.6 -2124.6
16441 10082.1 2700.8
16442 -7891.5 -2525.4
16443 -7762.6 -2245.5
16444 -7554.7 -2286.1
16445 -8346.7 -1892.5
16446 -8369.1 -1931.3
16447 -8372.6 -1794.3
16448 -8375.3 -2208.8
16449 -8471.6 -1950.2
16450 -8677 -1512.3
16451 -8713.3 -1462.1
16452 9853.2 3107
16453 -8566.4 -1440.3
16454 -8771.7 -1501.6
16455 -8673 -1622.2
16456 -8764.9 -1223.7
16457 -8416.1 -1710.1
16458 -1637 -577.4
16459 -1677.3 -555.4
16460 -1566.6 -616.3
16461 -1566.8 -516.4
16462 -1357.4 -337.4
16463 9882.6 3369.6
16464 -1060.2 -107
16465 -1367.6 -261.7
16466 -1314.3 165.8
16467 -1382.9 -129.2
16468 -1264.9 -180.2
16469 -1762.6 -508.2
16470 -1857 -456.2
16471 -1295.2 20.5
16472 -1094.7 -39.9
16473 -5110.8 -1074.7
16474 9743.5 3150.6
16475 -5405.1 -940.6
16476 -5533.5 -893.6
16477 -5397.6 -1004.3
16478 -5799.8 -778
16479 -5621.6 -849.1
16480 -5653.6 -468.5
16481 -5938.1 -1100.8
16482 -5603 -865.4
16483 -5647.2 -976.4
16484 -5933.3 -1194.9
16485 9541.4 4108.7
16486 -5917.7 -1249.2
16487 -5940.1 -1148.3
16488 -5833.9 -1171.4
16489 -5821.7 -1222.5
16490 -5615.4 -1158.6
16491 -5626.4 -1122.7
16492 -5702.5 -1183.4
16493 -5092.2 -645.4
16494 -5080.3 -629.2
16495 -5205 -836.9
16496 9601 3998.6
16497 -5039.4 -668.1
16498 -5255.7 36.3
16499 -5157 135.2
16500 -5171.4 -6.2
16501 -5387.8 162.5
16502 -4937.4 -193.8
16503 -4946.8 -38.3
16504 -4796.4 -287.5
16505 -4779.1 -57.1
16506 -4465.2 -352.3
16507 9519.3 4134.8
16508 -4390.6 -493.3
16509 -5443.2 -104.5
16510 -5458.9 -136.8
16511 -5422.4 39.5
16512 -5433.7 -133.2
16513 -5167.4 -307.5
16514 -5059.8 -377.4
16515 -5255.4 -243.6
16516 -4219.4 -715.4
16517 -4716.3 -644.6
16518 -5575.9 -315.3
16519 9713.6 4267.8
16520 -4942.2 -478.4
16521 -4450.5 -712.2
16522 -5384.8 -765.3
16523 -5435.8 -744.6
16524 -5448.6 -708.9
16525 -5459 -762.4
16526 -5473.9 -708.7
16527 -5400.8 -531.9
16528 -5542 -465.4
16529 -5567.3 -1145.5
16530 9351.2 3936
16531 -6389.7 -796.5
16532 -6334.3 -739.1
16533 -6145.2 -145.2
16534 -6074.4 -329.9
16535 -6055.4 -468.9
16536 -6061.5 -635.6
16537 -6122.3 -637.8
16538 -6022.5 -668.8
16539 -5959.5 -516.2
16540 -5902.2 -749.1
16541 9714.9 3787.5
16542 -5889.6 -541.7
16543 -5884.8 -789.5
16544 -5935.8 -888.2
16545 -6232.9 -782.3
16546 -6316.9 -700.7
16547 -5992.8 -769.4
16548 -6028.6 -851.9
16549 -6213.6 -806.8
16550 -6238.6 -837.4
16551 -5802.1 -452.9
16552 9652.7 3429.5
16553 -5844.6 -702.3
16554 -5834.7 -148
16555 -5741.7 -87.4
16556 -5801.7 -349.2
16557 -5719.9 -502.6
16558 -5653.5 -373.8
16559 -5788.2 -63
16560 -5790.6 224.6
16561 -5722.6 120.2
16562 -5585.8 132.1
16563 9523.8 3842
16564 -5421.1 89.8
16565 -5862.7 -109.2
16566 -5446.1 -1236.9
16567 -5869.4 -1026.2
16568 -5856.4 -1081
16569 -5845.7 -1125.6
16570 -5783.1 -1160.7
16571 -5773.4 -1203.2
16572 -5725.9 -1084.3
16573 -5580 -1003.3
16574 9888.7 3785.3
16575 -5521 -1026.7
16576 -5497.6 -1032
16577 -5729.4 -348.6
16578 -5600.3 -358.7
16579 -5501.1 -220.4
16580 -7572.8 -581.5
16581 -7640.9 -847.9
16582 -8260.5 -686.2
16583 -8326.2 -610.5
16584 -8183.4 -614.9
16585 9642.3 3367.9
16586 -8249 -777.5
16587 -8060.4 -765.4
16588 -8131.1 -679.9
16589 -8007.9 -826.5
16590 -7907.9 -892.5
16591 -7364.9 -1429.5
16592 -7008.4 -1442.6
16593 -7121.1 -1487
16594 -7061.4 -1236.8
16595 -7130.1 -1098.9
16596 9970.8 2893.2
16597 -7088.5 -1184.3
16598 -6996 -1124.9
16599 -6959.6 -1210
16600 -6926 -1048.1
16601 -7606.4 -849.5
16602 -7708.2 -1066.8
16603 -7756.6 -892.8
16604 -7614.7 -891.3
16605 -8233.4 -1057.9
16606 -7959.5 -955.8
16607 9633.8 3209.1
16608 -7737.4 -1111.1
16609 -8599.3 -817.5
16610 -8745.1 -686.3
16611 -8557.4 -885.1
16612 -8487.8 -774.1
16613 -8535 -918.4
16614 -8407.2 -694.5
16615 -8393.9 -545.3
16616 -8419.9 -735.9
16617 -8375.9 -728.6
16618 4609.4 2024.6
16619 -8446.1 -854.6
16620 -8352.3 -1028.3
16621 -8019.3 -601.6
16622 -7372.7 -694.6
16623 -5239.4 -1137.3
16624 -4482.4 -1436.5
16625 -4409.4 -1551.2
16626 -5155 -1170.4
16627 -5026.1 -1096.2
16628 -4943.6 -1126.7
16629 -5610.4 -291.3
16630 4481.1 1998.8
16631 -4952.4 -936
16632 -5102 -1056.6
16633 -4871 -976.4
16634 -5035.3 -904.5
16635 -5186.9 -1241.4
16636 -5098.7 -1278.3
16637 -5069.6 -1204.8
16638 -5076.5 -1324.8
16639 -5472.5 -1130.6
16640 -5265.6 -937.2
16641 4688.6 1920.1
16642 -5369.3 -874.8
16643 -5319.6 -791.1
16644 -5284.6 -516.9
16645 -5194 -577.5
16646 -4786.6 -801
16647 -4990.6 -1235
16648 -4037.1 -1133.2
16649 -4077.8 -1121.2
16650 -4087.4 -1320.1
16651 -5772.1 2430.7
16652 4810.3 2064.1
16653 -6065.5 2424.9
16654 -5727 2492.6
16655 -5848.5 2636.1
16656 -6308.7 3218.3
16657 -6439.1 3367.8
16658 -6191.7 3085.3
16659 -6377.6 3430.3
16660 -6502.1 3467.2
16661 -6528 3512.1
16662 -6463.2 3509.1
16663 4298.5 1966.7
16664 -6625.9 3653.9
16665 -6646.8 3661.8
16666 -6409.3 3584.1
16667 -6047.5 2867.7
16668 -5935.8 3004.6
16669 -5977.5 2519.6
16670 -6023 2590.2
16671 -6056.7 2638.1
16672 -6125.8 2729.9
16673 -6010.6 2694.6
16674 4376.9 1876.2
16675 -5970.9 2631.5
16676 -6236.7 2537.9
16677 -6202.3 2801.4
16678 -6472.8 3045.4
16679 -6494.7 3080.6
16680 -6528.7 2997.7
16681 -6335.1 2920.7
16682 -6618.2 3278.3
16683 -6676.9 3370.1
16684 -6594.8 3244.3
16685 4907.1 1650.9
16686 -6674.6 3220.6
16687 -6791.4 3536.2
16688 -6915.9 3385
16689 -6861.4 3748.3
16690 -6729.8 3693.7
16691 -6380.8 2571.8
16692 -6270.5 2863
16693 -6432.3 2634.8
16694 -6507.2 2674.2
16695 -6392.9 2857
16696 4946.8 1597.6
16697 -6707.4 2774.3
16698 -6636.9 2894.5
16699 -6826.4 2838.8
16700 -6989.3 2839.2
16701 -6962.8 2818.7
16702 -6832.9 3012.9
16703 -6586.2 2967.7
16704 -6761.7 3104.6
16705 -6978 3133.3
16706 -7026.9 3181.3
16707 4780.7 1806.5
16708 -6999.4 3185.8
16709 -6921.4 3285.2
16710 -6740.2 3132.7
16711 -7139.8 3127.8
16712 -6821.7 3312.2
16713 -6721.2 3435.1
16714 -6878.3 3366.5
16715 -7066.8 3509.3
16716 -7095.4 3536.6
16717 -7184.8 3615.5
16718 4376.3 1573.7
16719 -6577.7 589.2
16720 -6594.1 560.8
16721 -6549.3 720.9
16722 -7238.7 -448.6
16723 -7302.7 -447.7
16724 -7176.6 -145.8
16725 -7095.6 -105.8
16726 -7085.3 -272.7
16727 -6966.3 -253.9
16728 -6586 -36
16729 4055.5 1949.7
16730 -6788 -310.7
16731 -6668.3 -306.9
16732 -6696.7 -270.4
16733 -6732.5 -225.1
16734 -7040.6 -98.6
16735 -6821.2 -77.9
16736 -4849.7 -1417.5
16737 -4809.7 -1307
16738 -4879.6 -1408.3
16739 -4824.4 -1425.5
16740 -5861.5 -757.8
16741 4148 1844.3
16742 -4840.2 -1295.1
16743 -4824.5 -1248.9
16744 -4896.6 -1272.8
16745 -4671.7 -1470.4
16746 -4562.6 -1405.6
16747 -4520.7 -1292.6
16748 -4648.2 -1371.5
16749 -4440.1 -1321.7
16750 -8372.5 -1246.2
16751 -5006.4 -549.5
16752 3791.6 1492.8
16753 -5316.2 -337
16754 -4880.8 -234.2
16755 -4999.1 -429.4
16756 -4179.2 -204.6
16757 -4169.5 -302.7
16758 -4338.9 -467.8
16759 -4056.3 -360.6
16760 -3914.5 -610.9
16761 -4784.8 -7
16762 -4790.6 18.3
16763 3901.5 1508.1
16764 -4780.7 -29.2
16765 -4888.8 6.2
16766 -5051.8 73.3
16767 -4977.6 102
16768 -5900.8 -2505.5
16769 -6113.2 -2460.7
16770 -5896 -2480.3
16771 -5917.6 -2570.4
16772 -5999.6 -2258.9
16773 -5707.6 -2325.8
16774 3762.5 1665.9
16775 -5748.7 -2316.4
16776 -5698 -2284.7
16777 -6040 -2026.5
16778 -5953.1 -2113.6
16779 -5663.4 -1915.8
16780 -5510.7 -1887.6
16781 -5784.7 -1937.6
16782 -5639.3 -1715
16783 -5866 -2290
16784 -5840.4 -2170.8
16785 3811.4 1330.6
16786 -5886.3 -1980.8
16787 -5801.5 -1952.6
16788 -5921.6 -1992.4
16789 -5976.2 -2222
16790 -5953 -2002.3
16791 -6024.5 -1922.2
16792 -5937.4 -1826.2
16793 -6048.7 -1742.1
16794 -5761.6 -1723.2
16795 -5626.4 -1646.8
16796 3729.1 1892
16797 -5536.9 -1589.5
16798 -5417.6 -1872.9
16799 -5524.7 -1711
16800 -5437.4 -1709.4
16801 -5344.5 -1708.4
16802 -5137.1 -1686.7
16803 -5175.7 -1616.2
16804 -5082.4 -1678.6
16805 -4580.4 -1656.7
16806 -4515.8 -1945.9
16807 3736.4 1854.5
16808 -3137.1 -1953.5
16809 -3129 -1842.3
16810 -3309.7 -1634.1
16811 -3145.3 -1757.5
16812 -3606.7 -1243.2
16813 -3360.7 -1068.2
16814 -3323.4 -1795.1
16815 -3397.1 -1413.2
16816 -3304.5 -1886.2
16817 -3748.4 -1546.5
16818 3794.4 1904.4
16819 -4623.5 -1814.6
16820 -4559.7 -1933.4
16821 -4662.6 -1803.9
16822 -4708.2 -1618.3
16823 -4752.8 -1778
16824 -4792 -1593.4
16825 -4765.7 -1824.6
16826 -4865.7 -1728.3
16827 -4975.6 -1920.4
16828 -5069.8 -1839.5
16829 3797.4 1916.5
16830 -4924.5 -1832.3
16831 -4972 -1678.5
16832 -4851.7 -1574.9
16833 -4930.4 -1552.3
16834 -5036.7 -1520.3
16835 -5248.5 -1461.8
16836 -4998.6 -1992.3
16837 -4726.5 -2614
16838 -4007 -2780.5
16839 -4285.9 -2711.7
16840 3979.8 1349
16841 -4638 -2631.8
16842 -7143.2 -1786.1
16843 -7092.1 -1729
16844 -7064.9 -1851.3
16845 -7004.5 -1624.6
16846 -6966 -1669.8
16847 -7049.7 -1677.9
16848 -7010.5 -1785.3
16849 -6716.7 -1626.9
16850 -6759.4 -1565.9
16851 -4262.3 -925.4
16852 -5795.8 -484.8
16853 3338.9 1169.2
16854 -6913.2 -1731.2
16855 -6966.6 -1759.1
16856 -6794.2 -1520.2
16857 -6510.6 -1370.1
16858 -6480.1 -1420
16859 -6440.3 -1475.3
16860 -6391.1 -1428.2
16861 -6290.9 -1306.9
16862 -6447 -1147
16863 -6427.9 -1045.1
16864 4281.2 871.1
16865 -6524.3 -1200
16866 -6346 -1266
16867 -6231 -1344.7
16868 -6442.1 -1337.7
16869 -6569.3 -1224.6
16870 -6619 -1141.7
16871 -6491.5 -1018.6
16872 -7671.8 -1226
16873 -7626.3 -1145.2
16874 -6415.2 -2076
16875 4484.4 657.1
16876 -6611.4 -2628.1
16877 -6679.4 -2630
16878 -6679.1 -2379.6
16879 -6715 -2350.8
16880 -6729.1 -2631.5
16881 -6731.2 -2380.7
16882 -6726.7 -2531.9
16883 -6624.7 -2863.4
16884 -6647 -2893.7
16885 -6724.3 -2839.1
16886 4557.3 785.5
16887 -6381 -3200.2
16888 -6383.5 -3056
16889 -6423.3 -3283
16890 -6796.2 -2972.5
16891 -6826.6 -2900.1
16892 -7081.8 -2862.3
16893 -6828.2 -2926.1
16894 -6911.4 -2972.4
16895 -7149.5 -2870.5
16896 -7073.4 -2537.8
16897 4452.5 688.3
16898 -6704.9 -3703.7
16899 -7249.5 -3494.9
16900 -7334 -3469.2
16901 -7982.9 -2847.9
16902 -8364.3 -2331.7
16903 -8349.7 -2316.6
16904 -8369.3 -2306.3
16905 -9134.9 -1956.2
16906 -9129.3 -1984.5
16907 -8786.3 -1818.3
16908 4522.5 616.8
16909 -8715.7 -1776.7
16910 -8839.8 -1865.6
16911 -9141.8 -1503.5
16912 -8559.4 -2236.1
16913 -8468 -2222.5
16914 -8554.3 -2258.3
16915 -8565.6 -2158.6
16916 -8553.3 -1990.1
16917 -8502.1 -1960.3
16918 -8692.3 -2015.6
16919 4322.8 911.5
16920 -8021.9 -2437.2
16921 -8069.2 -2240.8
16922 -4359.6 -1926.3
16923 -4489.2 -1892.1
16924 -4067.2 -1815.9
16925 -4527.8 -2541.6
16926 -4535.3 -3071.3
16927 -4689.1 -3150.9
16928 -4662.3 -3042.5
16929 -4876.3 -2749.4
16930 4424.5 716.3
16931 -4987.1 -3329.1
16932 -4779.4 -2777.3
16933 -5200.5 -2889.3
16934 -6455.1 -3998.6
16935 -6393.7 -4033.3
16936 -6539.9 -4147.3
16937 -8868.4 -1546.4
16938 -5213.8 -2980.7
16939 -5257.2 -3280
16940 -5522.3 -2920.2
16941 4493.4 833.5
16942 -5444.4 -2927.9
16943 -5514 -2841.9
16944 -5509.6 -2799.1
16945 -5440.2 -2847.4
16946 -5487.5 -3107.6
16947 -6005 -3039.5
16948 -6103.1 -3100
16949 -6135.5 -3224.7
16950 -6263.6 3329.5
16951 -7238 3972.4
16952 4368.4 957
16953 -6762.7 3839.4
16954 -6375.6 3564.8
16955 -6137.2 3613.6
16956 -6167.2 3537.9
16957 -6137.9 3526.3
16958 -5943.4 3487.6
16959 -5867.6 3407
16960 -5956.2 3255.8
16961 -5856 3160.8
16962 -6025.7 3261.8
16963 -6510.7 -1962.5
16964 4559.5 946.3
16965 -5907.8 3348.9
16966 -5811.1 3147.7
16967 -5527.1 3070.6
16968 -5495.5 3063.5
16969 -5692.5 3128.1
16970 -5454.3 2902.7
16971 -5479.3 2881.1
16972 -5442.4 2875.3
16973 -5367.4 3029.4
16974 -5748.7 3150.7
16975 4460.8 1047.1
16976 -5647.6 2780.1
16977 -6118.4 3151.6
16978 -5340.1 2829.2
16979 -5596 2919.8
16980 -5834.2 2921.6
16981 -5785.3 2984.2
16982 -5491.5 2712.3
16983 -5489.4 2809.4
16984 -5623.4 2843.2
16985 -5673 2800.2
16986 4326.3 1253.6
16987 -6194.5 3058.6
16988 -5891 3370.7
16989 -6082.2 3850.6
16990 -6062 3810.2
16991 -6137.8 3971.8
16992 -6278.2 3842.6
16993 -6081.6 3723.8
16994 -6842.3 3953.5
16995 -7151.2 4175.9
16996 -6472.8 3753.3
16997 6666 -500.8
16998 -6332.1 3703
16999 -6409 3890.6
17000 -6064.2 3758.1
17001 -4700.2 -3678
17002 -4733.6 -3801.6
17003 -4624.4 -3394.9
17004 -4862.8 -3784.4
17005 -4833.7 -3666.8
17006 -6450.2 4008.3
17007 -6468.1 4141
17008 6686.6 -513.1
17009 -6359.5 4108.2
17010 -6398.1 4131.9
17011 -5337.9 -4031.2
17012 2343.5 -4679
17013 2506.6 -4526.8
17014 2168.7 -4844.5
17015 2279.8 -4612.2
17016 2402.8 -4747
17017 3035.5 -3376.9
17018 3279.1 -3536.4
17019 6049.5 -409.7
17020 3234.5 -3302.6
17021 3619.9 -2932
17022 3676.3 -2982.8
17023 3452 -2912
17024 2959.2 -3325.5
17025 2798.1 -3481.7
17026 1963.3 -4274.7
17027 1947.9 -4289.2
17028 2126.4 -4119.8
17029 1946.5 -4256.3
17030 6936 -1012.7
17031 2619.6 -3650.7
17032 2555.3 -3581.4
17033 2440.9 -3821.4
17034 1438.3 -4766.8
17035 1458.6 -4748.2
17036 1408.4 -4793.7
17037 1385.3 -4708.8
17038 1341.9 -4662.8
17039 1203.9 -4874.4
17040 3847.2 -2189.9
17041 7011.7 -564.5
17042 3991.7 -2311.4
17043 3953.1 -2055.7
17044 3308.9 -1755.7
17045 3793.1 -2264.9
17046 4540.8 2401.2
17047 4790.3 2366.2
17048 -6219.3 -3903.9
17049 -6196.9 -3807.4
17050 -6222.5 -3928.9
17051 -6119 -4290.2
17052 5786.7 2293.8
17053 -6015.5 -4428.3
17054 -6161.8 -4237.7
17055 -6012.4 -4209.1
17056 -6566.3 -4180.4
17057 -6710 -4124.9
17058 -6586.8 -4209
17059 -6643 -4185.7
17060 -6720.7 -4466.3
17061 -6511.4 -4245.6
17062 -6304.9 -4073.3
17063 5771.7 2321.3
17064 -6243.5 -4130.9
17065 -6139.7 -4018.7
17066 -5780.2 -4501.2
17067 -5767.3 -4519
17068 -5651.3 -4423.7
17069 -5858.2 -4399.9
17070 -5964.5 -4384
17071 -6152.3 -3621.6
17072 -6200.7 -3601.9
17073 -6095 -3638.5
17074 -6384.5 -1744.4
17075 5861 2311.5
17076 -6135.8 -3770.2
17077 -6281.7 -3794.2
17078 -5938.8 -3763.5
17079 -5907.1 -3817.4
17080 -5955.3 -3859.7
17081 -6061.5 -3952.4
17082 -5880.8 -3875.9
17083 -6099.6 -4076.4
17084 -5945.1 -4814.6
17085 -5969.6 -4689.8
17086 5842.6 2150.7
17087 -5921.3 -4880.4
17088 -6050.6 -4716.4
17089 -5847.3 -4749.2
17090 -5641.3 -4701.2
17091 -5655.7 -5107
17092 -5535.1 -5030.1
17093 -5973.2 -4973.3
17094 -5503.4 -5269.7
17095 -5727.9 -5045.3
17096 -5465.4 -5259.6
17097 5985.9 1686
17098 -5610.1 -5278.1
17099 -6619.3 -3882
17100 -6475.2 -3934.1
17101 -6685.1 -4056.6
17102 -6639.5 -4079.1
17103 -6484.4 -4199
17104 -6565.4 -3899.7
17105 -6506.9 -3920.1
17106 -6590.8 -4104.9
17107 -6568.6 -4121.4
17108 6047.1 1688.9
17109 -6499.3 -4343.7
17110 -6336.6 -4349.9
17111 -6325.3 -4238.2
17112 -6262.9 -4284.3
17113 -6197 -4191.6
17114 -5524.8 -4875
17115 -5543 -4849.7
17116 -5499.6 -4905.8
17117 -5338.6 -5230.4
17118 -5428.9 -5251.4
17119 5898.7 1546.2
17120 -5446.1 -4973.5
17121 -5837.2 -4972.6
17122 -5611.2 -4892.7
17123 -5734.6 -4905
17124 -5894.3 -4923.3
17125 -5608.7 -4750
17126 -5668.8 -4660.9
17127 -5682.4 -4641.4
17128 -5752 -4686.7
17129 -5806.7 -4722.2
17130 7533.3 1921.8
17131 -6143 -4609.3
17132 -6175.4 -4562.4
17133 -6102.4 -4582
17134 -5920 -4446.8
17135 -5971.1 -4485.9
17136 -5836.3 -4565.9
17137 -5909.9 -4336.6
17138 -6197.6 -4529
17139 -6067.2 -4472.5
17140 -6222.5 -4300.8
17141 7397.1 2055.2
17142 -5957.9 -4285.2
17143 -5817.4 -4254.8
17144 -5996.7 -4647
17145 -5982.6 -4669.3
17146 -6010.6 -4514.6
17147 -5745.7 -4192.1
17148 -4993.2 -4216.6
17149 -4916.7 -4226.1
17150 -5047.3 -4210.1
17151 -5063.5 -4086.5
17152 7343.6 1893.3
17153 -5023 -4442.6
17154 -4954.8 -4451
17155 -5057 -4679.8
17156 -4991.6 -4686
17157 -5083.8 -4862.1
17158 -4856.9 -4693.2
17159 -4788.1 -4697.1
17160 -4923.9 -4689.8
17161 -4847.3 -4461.9
17162 -4798.7 -4891.2
17163 -1541.7 6530.7
17164 -4904.2 -4880.4
17165 -4980 -4872.7
17166 -4941.7 -4876.6
17167 -4776 -4466.8
17168 -4834.3 -4236.3
17169 -4940.1 -4409.1
17170 -4900.6 -4457.9
17171 -4853.7 -4418
17172 -4817.9 -4129.6
17173 -5233.8 -4361.7
17174 -1520.2 6524.1
17175 -5301 -4352.3
17176 -5242.8 -4418.9
17177 -5078.6 -4206.5
17178 -5106.7 -4437.1
17179 -5843.5 -3960.6
17180 -5851.6 -4205.3
17181 -5905.5 -4581.1
17182 -6058.4 -4138.5
17183 -7909.5 -5964
17184 -7959.2 -5961.9
17185 -6407.8 -2039.1
17186 -1626.8 6560.2
17187 -7864.5 -5968.2
17188 -7825 -5964.3
17189 -7596.9 -5342.9
17190 -7890.1 -5425.5
17191 -7527.7 -5388.5
17192 -7543.7 -5432.3
17193 -7494.6 -5287.4
17194 -7565.9 -5463.3
17195 -7467.9 -5218.5
17196 -7448.4 -5534.4
17197 -1606 6354.8
17198 -7562.4 -5830.9
17199 -7749.2 -5847.1
17200 -7775.3 -5963
17201 -7617.2 -5527.3
17202 -7933.7 -5813
17203 -7933.4 -5561.4
17204 -8021.6 -5479.8
17205 -8107.4 -5514
17206 -8499.8 -4641.2
17207 -8579.9 -4435.8
17208 -1227 6431.3
17209 -8918.5 -4510
17210 -8544 -4517.5
17211 -9028.9 -4573.4
17212 -8623.2 -3610.9
17213 -8413.2 -3358.6
17214 -8706.1 -3366.9
17215 -8792.1 -3039.6
17216 -5483.9 3132.9
17217 -5307 3104.1
17218 -5414.5 3207.9
17219 -1206.6 6482.7
17220 -5720.6 3324.5
17221 -5789.5 3295.1
17222 -5840.8 3392.6
17223 -5655.5 3461.8
17224 -5717.8 3157.7
17225 -5607.8 3604.8
17226 -5643.9 3501.2
17227 -5597.2 3632.1
17228 -5520.8 3570
17229 -5575.1 3422.8
17230 -1240.4 6395.5
17231 -5392.1 3518.6
17232 -4930.5 3927
17233 -5461 3366.1
17234 -4884.6 3397.1
17235 -4847.2 3858.7
17236 -4941 3865.9
17237 -4855.9 4006
17238 -4946.2 4215.6
17239 -4871.9 4226.7
17240 -4864.5 4262.9
17241 -1284.9 6450
17242 -4873.4 4580.7
17243 -5225.1 4458.3
17244 -5353.9 4515
17245 -5170.9 4469.7
17246 -5255.4 4560.2
17247 -5498.1 4515.2
17248 -5633.4 4667.9
17249 -5548.1 4651.5
17250 -5338.7 4580.1
17251 -5410.6 4335.8
17252 -1295.9 6250.9
17253 -5356.8 4470.2
17254 -5184.1 4647.1
17255 -5144.3 4673.6
17256 -5121.2 4665.7
17257 -5216.5 4695
17258 -9783.9 -1363
17259 -9308.6 -1435.2
17260 -9219.5 -1090.9
17261 -9696.8 -1266
17262 -9644.4 -898.8
17263 -1135.1 6680
17264 -9509.4 -1005.8
17265 -9829.7 -1029.7
17266 -9419.4 -1040.1
17267 -9397.3 -979.1
17268 -9496.7 -935.7
17269 -9158.9 -966.9
17270 -8938.4 -869.5
17271 -9108 -943.5
17272 -9020.9 -766.5
17273 -9319.6 -454.2
17274 -1087.4 6436.4
17275 -9343.9 -433.2
17276 -9233.9 -542.9
17277 -9272 -699.8
17278 -9187.2 -726.4
17279 -9243.5 -760.7
17280 -9902.6 -1116.4
17281 -9939.4 -927.1
17282 -10025.5 -879.8
17283 -9833.1 -749.6
17284 -9474.6 -406.7
17285 -1574.4 6335.2
17286 -9139.3 -1303.7
17287 -9100.6 -1282.9
17288 -9046.8 -2438
17289 -9182.4 -2694.5
17290 -2660.1 -516.2
17291 -2300.1 -583.3
17292 -2325.8 -646.3
17293 -2178.5 -278.9
17294 -2120.6 -310.7
17295 -2204.4 -264.1
17296 -4851.9 -6336.3
17297 -1686.4 6390.2
17298 -2230.8 -407
17299 -2238.6 -624
17300 -2145.8 -690.6
17301 -2211.2 -566
17302 -3686.1 2864.9
17303 -3654.4 2848.3
17304 -3509.6 2772.5
17305 -3603 2821.4
17306 -3554 2917.8
17307 -3280.1 3454.6
17308 -1640.5 6846
17309 -4057.4 3375.4
17310 -3823.1 3058
17311 -3645.5 3166.6
17312 -3637.6 2961.1
17313 -3605.4 2944.3
17314 -3472.3 3077.4
17315 -3851.9 3175.2
17316 -3951.6 3125
17317 -3910.5 3203.2
17318 -4035 3168.6
17319 -1580.1 6699
17320 -3996.6 3246.1
17321 -3870.9 3282.6
17322 -3811.7 3252.2
17323 -3781 3138.9
17324 -4034.4 3430
17325 -3956.7 3325.3
17326 -3556.8 3120.8
17327 -3740.9 3215.7
17328 -3752.4 3366
17329 -3928 3381.6
17330 -1732.8 6875.7
17331 -3841.4 3340.3
17332 -3898.6 3439.3
17333 -3812.9 3396.4
17334 -3710.1 3274.9
17335 -3585.2 3282.1
17336 -3520 3193.7
17337 -3947 3463.7
17338 -3874 3487
17339 -3788.7 3443.9
17340 -3680.3 3329.8
17341 -1910.5 6934.5
17342 -3521.9 3401.5
17343 -3497.1 3234.7
17344 -3350 3314.3
17345 -3738 3819.9
17346 -3812.1 3624.1
17347 -3350.2 3547.2
17348 -3178.1 3477.4
17349 -3159.9 3538.9
17350 -3331.1 3601.1
17351 -3340.3 3574.3
17352 -1679.7 7042.8
17353 -3496.7 3728.9
17354 -3642.9 3783.2
17355 -3609.5 3870.9
17356 -3809.7 3846.9
17357 -3833.7 3799.5
17358 -3541.8 4048.4
17359 -3213.8 3928.8
17360 -3398.4 3993.8
17361 -3501.5 4153.7
17362 -3277.4 4047.1
17363 -1746.2 6836.4
17364 -3183.7 4014
17365 -3242.2 4144.5
17366 -3365.6 4080.5
17367 -3149.4 4111.1
17368 -2963.9 4142.6
17369 -3075 4084.2
17370 -3329.4 4176
17371 -3209 4236.2
17372 -3864.2 3505.6
17373 -3852.5 3527.3
17374 -1773.7 6760
17375 -3895 3683.2
17376 -3822.1 3597.9
17377 -3767.5 3485.6
17378 -2691.2 3407.5
17379 -5939.5 3660.8
17380 -5894.4 3725.1
17381 -6049.3 3784.2
17382 -5845.7 3801.7
17383 -5820.8 3871.8
17384 -5789.4 3861.8
17385 -1710.3 6739.3
17386 -5543.4 4082
17387 -5941.1 3882.1
17388 -5820 3992.7
17389 -5698.9 4228.5
17390 -5878.4 4021.5
17391 -5919.5 3988.3
17392 -6398.6 4161.7
17393 -6154.5 4077
17394 -5908.2 4127.8
17395 -5977.9 4303.7
17396 -1879 6796.6
17397 -6077.2 4230
17398 -5536.2 4165.5
17399 -5500.1 4227
17400 -5900.8 4375.3
17401 -6074.7 4339.4
17402 -6149.6 4470.9
17403 -6181.3 4344.3
17404 -6054.5 4252.1
17405 -6185.5 4235.4
17406 -6319.9 4346.5
17407 -4798.2 -5953.6
17408 -1818.2 6622.3
17409 -6163.4 4549.7
17410 -6062.4 4543.3
17411 -6187 4199.8
17412 -5921.7 4594.8
17413 -7083.3 4592.1
17414 -6980.6 4445.7
17415 -5916.7 4713.1
17416 -6088.9 4637.5
17417 -5900.2 4946.8
17418 -5982.5 4928.4
17419 -1857.7 6634.8
17420 -7351.3 4893.1
17421 -7281.3 4892.8
17422 -7125 4674.6
17423 -7342.6 4624.1
17424 -7027.1 4362.3
17425 -6818.5 4353.7
17426 -6659 4268.2
17427 -6544.6 4390.7
17428 -7085.5 5393.6
17429 -7161.8 5469
17430 -1841.8 6548
17431 -7179.3 5346.6
17432 -6741.7 4176.1
17433 -6845.2 4182.2
17434 -7248 4460.3
17435 -7420.7 4513.1
17436 -7441.9 4523.1
17437 -7526.9 4578.4
17438 -7487.3 4609.1
17439 -7516.3 4730.9
17440 -7504.7 4838.1
17441 -2026 6973.7
17442 -7745.9 4794.2
17443 -7515.2 4765.2
17444 -7173 4198.6
17445 -7201.5 4232
17446 -7284.8 4351.8
17447 -7734.8 4468.3
17448 -7727.3 4323.5
17449 -7895.6 4518.4
17450 -7678.8 4597.8
17451 -7561.6 4229.5
17452 -1179.7 6206.1
17453 -7777.4 4354.6
17454 -7481.2 4191.4
17455 -7242 3997.6
17456 -7207.3 4084.3
17457 -7358.3 4096.8
17458 -7374.1 4110.3
17459 -7806.9 3946.8
17460 -7777.6 3999.9
17461 -7873.3 4028.4
17462 -7737 3868.7
17463 -1117.2 6180.6
17464 -7426.4 4020
17465 -7402.2 3829.2
17466 -7492.5 3939.2
17467 -7496.4 3811.7
17468 -7464.3 3768.8
17469 -7556.2 3871.2
17470 -7664.1 3784.5
17471 -7646.7 3949.6
17472 -7594.8 4021.5
17473 -7904.5 3564.8
17474 7702.1 -297.8
17475 -7625.1 3719.5
17476 -7579.8 3663.6
17477 -7698.2 4099.5
17478 -7976.1 3621.3
17479 -7757.7 4161.7
17480 -7965.2 4126.3
17481 -7878 4249.4
17482 -8034.4 4185.8
17483 -8018.9 4325.9
17484 -7823 3509.4
17485 7580.9 -286.9
17486 -7345 3198.3
17487 -7448 3307.6
17488 -7509.6 3352.2
17489 -8884.2 3950.6
17490 -8892.5 3799.7
17491 -9881.6 2952.9
17492 -9869.2 2907.5
17493 -9912.3 2968.8
17494 -6071.6 2250.9
17495 -6755 2424.9
17496 7688.6 -445.6
17497 -6963.3 2539.7
17498 -6816.4 2322.5
17499 -6844.9 2322.7
17500 -6406.9 1977.8
17501 -6646.5 2229.6
17502 -6350.7 1713.6
17503 -6492.8 1909.1
17504 -6592 2020.5
17505 -6621.8 1828.4
17506 -6596.3 1766.8
17507 7568.7 -424.8
17508 -6767.8 2029.7
17509 -1814.9 3100.5
17510 -1852.4 3224.1
17511 -1784.4 3125.9
17512 -1228.1 3544.5
17513 -1552 1300.8
17514 -1577.6 1165.4
17515 -1355.8 1295.9
17516 -1346.1 1417
17517 -94.9 1486.1
17518 -4828.2 -6476
17519 7478.6 -279.2
17520 341 1667.8
17521 368 1472.5
17522 417.9 1449.9
17523 379.5 1555.4
17524 556 1462
17525 340.9 1425
17526 388.6 1320.9
17527 -291 1402
17528 -1816.6 1934.1
17529 -1976.2 2111.6
17530 7374.5 -271.3
17531 -2149 2143.8
17532 -2072.9 1947.4
17533 -3312.8 2457.9
17534 -2206.5 1442.2
17535 -3471.3 1240
17536 -2498 2984.3
17537 -2304.3 3001.2
17538 -6915.8 1681.8
17539 -7146.4 1814
17540 -6743.7 1726.1
17541 7466.6 -409.1
17542 -4861.6 134.7
17543 -6696.3 2146.8
17544 -6390.2 1763.3
17545 -6480.6 1598.5
17546 -6273 1626
17547 -6823.6 2296.9
17548 -6938.5 2436.4
17549 -7099.8 2343.8
17550 -6559.6 1683.5
17551 -6518.1 1709.7
17552 7188.3 -255.2
17553 -6804.6 2063
17554 -7311 1890.3
17555 -7183.1 1890.3
17556 -7294.3 1933.3
17557 -7208.3 1762.9
17558 -7330.1 1934.9
17559 -7453.7 2322.7
17560 -6870.3 2118.4
17561 -6645.2 1588.3
17562 -6728.7 1442.4
17563 9223.5 -2243.2
17564 -6774.5 1459.9
17565 -6656.8 1560.2
17566 -7031.9 1562.6
17567 -7103.2 1564
17568 -6969.4 1587.7
17569 -6716 1512.9
17570 -6831.4 2076.2
17571 -6400 1516.1
17572 -6416.1 1355.4
17573 -6425.8 1492.7
17574 9357 -2204.7
17575 -7152.2 1603.1
17576 -7230 2086.7
17577 -7396.3 2144.1
17578 -7170 2074.6
17579 -7738.6 2321.2
17580 -7019.7 1432.4
17581 -7105.9 1535
17582 -7011.8 1399.2
17583 -6878.5 1331.7
17584 -6798.3 621.7
17585 9209.4 -2094.4
17586 -6822.4 668.2
17587 -6873.6 637.9
17588 -6683.6 569.7
17589 -6659.4 629.8
17590 -6462.3 1180
17591 -6572.5 1211.8
17592 -6745.5 1299
17593 -6851.2 1148.6
17594 -6653.1 1250.9
17595 -6324.3 1049.1
17596 -1660.9 6485
17597 -6661.4 1044
17598 -6969.3 1214.6
17599 -6960.3 1177.5
17600 -6750.2 1093.2
17601 -6908.9 948.6
17602 -6887.4 856.7
17603 -6790.6 901.7
17604 -7058.3 1027.4
17605 -7725.6 -6196
17606 -7960.2 -6036.7
17607 11263.2 -2000.2
17608 -7756.7 -6263.3
17609 -7703.5 -6134
17610 -8016 -6121.3
17611 -7819.1 -6394.3
17612 -8040.9 -6184.9
17613 -2657 3432.8
17614 -2566.4 3496.5
17615 -2176.4 3783.5
17616 -2623.2 3572.5
17617 -1451.7 3969.9
17618 12822.2 -1820.1
17619 -1891.7 3993.5
17620 -2256.4 4004.6
17621 -596.9 2684.6
17622 -335.8 2758.6
17623 -269.3 2827.8
17624 -231.6 2786.2
17625 -993.2 3238.9
17626 -1145 3395.9
17627 -857.9 3321.1
17628 -1239.2 3502.7
17629 -4889.7 -3348
17630 12760.1 -1915.8
17631 -1687.8 4200.1
17632 -1396.7 4117.5
17633 -1429.7 3996.5
17634 -1408.7 4076
17635 -7481.3 2027
17636 -7449.2 2001.6
17637 -7794.8 2241.9
17638 -8066.1 2450.9
17639 -4882.8 887.6
17640 -4923.2 1012.5
17641 11418.7 -2626.6
17642 -5100.4 1272.5
17643 -4607.8 786.5
17644 -4894 947.3
17645 -4914.9 844
17646 -4621.6 649.4
17647 -4966.9 965.3
17648 -5346.7 1288
17649 -5160.9 1346.2
17650 -4968.9 1268.4
17651 -4951.1 1354.9
17652 11301.5 -2786.4
17653 -5005.2 1342.8
17654 -5196.1 1446.6
17655 -1771 3095.1
17656 -4698.8 1271
17657 -4711.9 1313.6
17658 -4514 821.4
17659 -5091.5 577.1
17660 -5035.5 628.9
17661 -5212.4 681.9
17662 -4989.6 673.2
17663 10616.4 -2105.6
17664 -5000.5 691.8
17665 -4476.6 554.4
17666 -4409.3 495.8
17667 -5067.3 820.3
17668 -5157.9 811.4
17669 -5386.1 1103.4
17670 -5450.3 1022.6
17671 -5444.4 1177.3
17672 -5157.5 984.5
17673 -412.6 2123.4
17674 13220.3 -2026.8
17675 -456 2175.9
17676 177.2 1767.6
17677 278.6 1840
17678 133 1933
17679 104.1 1990.5
17680 4.6 1859.4
17681 212 1976.7
17682 223.4 1801.7
17683 173 1874.5
17684 -180.9 2115.5
17685 13067.7 -2245.3
17686 -15.1 1958.7
17687 -208.2 2359.8
17688 -26 2213.8
17689 -869.1 1658.6
17690 -5981.8 15.1
17691 -6065.5 -71.1
17692 -6153 -81.9
17693 -6893.5 186.4
17694 -6681.7 55.8
17695 -6903.2 212.1
17696 12929.4 -2419.8
17697 -6943.5 106.3
17698 -6988.1 235.3
17699 -6831.5 334.5
17700 -6609.1 15.7
17701 -6788.1 376.9
17702 -6516.5 99.8
17703 -6753.9 412
17704 -6687.5 537.3
17705 -6724 462.2
17706 -6463.2 251.9
17707 12748.4 -2660.3
17708 -6383.1 219.5
17709 -6421.4 338.9
17710 -6282.5 181.3
17711 -6364.7 531.7
17712 -6516.6 551.1
17713 -6908 550.5
17714 -6895.3 582.7
17715 -6750.8 556.3
17716 -7047.5 528.5
17717 -7189.7 786.4
17718 12734.7 -2264.2
17719 -6956.8 735.2
17720 -6935.8 757.4
17721 -6846.5 724.7
17722 -6936.4 375.6
17723 -7060.2 144.9
17724 -7180.1 -5.7
17725 -5663.3 643.4
17726 -5702.5 748.1
17727 -5767.9 613.7
17728 -5766.1 740.7
17729 13734.7 -2482.8
17730 -5811.9 542.5
17731 -5769.4 932.5
17732 -5089.9 425.5
17733 -5120.2 756.6
17734 -5447.6 840.8
17735 -5546 808.8
17736 -5363.9 811.9
17737 -5308.5 992.8
17738 -5461.4 965.2
17739 -5282.7 621.1
17740 -4925.2 -3457
17741 13755.9 -2502.5
17742 -5503.7 596.3
17743 -5489.2 398.7
17744 -5470.3 586.4
17745 -5600.7 1035.1
17746 -5393 405.1
17747 -5353.2 407.8
17748 -5338.1 310.2
17749 -5449.9 547.5
17750 -5497.1 680.3
17751 -5345.3 433.1
17752 13686.5 -2444.4
17753 -5397.8 491.6
17754 -5289.7 411.2
17755 -5555.8 1088.9
17756 -5603.5 973.4
17757 -5414.4 1187.3
17758 -5295.7 767.9
17759 -4832.6 303.7
17760 -7157.6 1394.4
17761 -7405.6 1444.4
17762 -7135.9 1571.6
17763 -748.8 7055.9
17764 -7239.2 1217.1
17765 -7550.1 1075.5
17766 -7573.1 1003.8
17767 -7221.1 977.5
17768 -7440.8 1097.3
17769 -7780.2 1263.6
17770 -7897.4 1019.2
17771 -7925.6 1217
17772 -7598.1 910.8
17773 -7604.2 858.2
17774 -569.7 6481.6
17775 -7678.4 941.8
17776 -7370 763.9
17777 -7507.3 708.5
17778 -7477.2 331.3
17779 -7425.4 702.9
17780 -7626.4 557.2
17781 -7188.4 853.4
17782 -7228.4 705.9
17783 -7167 853.5
17784 -7032.3 801.3
17785 -617.6 6367.5
17786 -7622.4 706.8
17787 -7621.7 507.8
17788 -7704.6 495.3
17789 -7700.9 356.3
17790 -7860.8 641.8
17791 -7843.2 552.7
17792 -7946 624.9
17793 -7804.9 843.5
17794 -7899.1 434.6
17795 -7674.9 327.3
17796 -726.2 6547.4
17797 -7974.9 520.4
17798 -7570.9 426.2
17799 -7610.2 304.3
17800 -8038.5 1201.1
17801 -8038.2 1300.8
17802 -8097.4 879.2
17803 -8043 1361.6
17804 -7932.9 1554.3
17805 -7996.8 1573.2
17806 -7727.5 1484.6
17807 -534.3 6558.5
17808 -8223.8 1486.6
17809 -8127.7 1563
17810 -8188.2 1421.6
17811 -8018.8 1576.3
17812 -7998 1672.9
17813 -7508.3 1414.2
17814 -7541.2 1327
17815 -7381.3 1268.4
17816 -8225.9 1053.5
17817 -8290.9 957.2
17818 6439.4 3512.2
17819 -7793.2 1634.8
17820 -8265.7 1613
17821 -8167.6 1875
17822 -7807.2 1705.7
17823 -8255.7 723.2
17824 -7735.3 834.4
17825 -7800.3 913.2
17826 -7776.4 1144.6
17827 -7733.7 1064.6
17828 -7807.8 1207.2
17829 6372.8 3476.9
17830 -7375.3 518.6
17831 -7138.8 929.7
17832 -6878 823.6
17833 -6996 1128.7
17834 -7104.1 1171.1
17835 -7155.9 1193.2
17836 -7318.5 402.7
17837 -6901.8 791.1
17838 -7173 1601.1
17839 -7417.7 1773.8
17840 6548.5 3370.4
17841 -7447.7 1562.6
17842 -7559 1786.9
17843 -7586.9 1959.5
17844 -7579.1 1912.2
17845 -8225.3 2195.3
17846 -7545.7 1634.2
17847 -7601.4 1682.4
17848 -8172.5 1138.8
17849 -8545.4 238.1
17850 -8413.3 152.7
17851 -4804.5 -1188.1
17852 6252 3759.1
17853 -8339.4 299.7
17854 -8022.3 -299.6
17855 -8261.4 -205.8
17856 -8152.5 -152.9
17857 -8585.6 253.4
17858 -8615.3 209.9
17859 -8565.3 300.7
17860 -8263 503.6
17861 -8522.8 353.6
17862 -8422.6 419
17863 6676.4 3202.6
17864 -8514 795.2
17865 -8350.1 101.1
17866 -8646.9 -21.1
17867 -8583.8 -98.1
17868 -8822.5 -18.3
17869 -8556.8 -103.9
17870 -8871.1 -14.1
17871 -8389.9 -176.7
17872 -9124.4 -13.6
17873 -8550.3 606.3
17874 6734 3234.7
17875 -8571.3 631.8
17876 -8389.3 201.9
17877 -8720.8 1246.4
17878 -9121 -180.8
17879 -9455.4 -6.8
17880 -8522.1 -538.7
17881 -8653.6 -542.1
17882 -8605.7 -594.4
17883 -8896.3 -769.8
17884 -8863 -744.3
17885 6610.7 3168.4
17886 -8915.9 -672.5
17887 -8725.9 -670.7
17888 -8982.7 -583.6
17889 -8792.4 -553.5
17890 -8937.5 -652.1
17891 -9115.3 -644.1
17892 -9537.8 26.1
17893 -9468.3 -106.3
17894 -9601 42.6
17895 -9374.5 -180.2
17896 6914.3 2888
17897 -10035.9 -38.6
17898 -9416.9 -265.2
17899 -9557.3 -112.7
17900 -9641.6 -0.1
17901 -10001.9 17.3
17902 -10162.6 237.2
17903 -10135.5 269.7
17904 -9906.8 191.8
17905 -9845.4 155.6
17906 -9952.1 332.4
17907 6181.3 3793.7
17908 -10022.2 396.1
17909 -10595.5 722.3
17910 -10204.3 340
17911 -10524 559
17912 -10717.7 645.2
17913 -10486.5 1488.9
17914 -8964.6 1294.3
17915 -8912.3 1369.2
17916 -9084.1 1198.1
17917 -8885 1436.1
17918 6073.9 3961.2
17919 -8779.2 1424.7
17920 -8991.7 1439.7
17921 -8597.5 1361.2
17922 -8926.2 1226.7
17923 -9022.7 1197
17924 -8749.2 1046.2
17925 -9316.3 1272.7
17926 -9392.7 1318
17927 -9031 1446
17928 -9303.4 1179.3
17929 6199.1 3803.8
17930 -8864.4 953.8
17931 -8771.1 807.5
17932 -8945.9 973.7
17933 -9112.2 1043.9
17934 -9104.4 967.3
17935 -8960.9 988.9
17936 -9218.5 1081.7
17937 -9349.8 1125.3
17938 -9399.6 873.7
17939 -9160.6 1468.6
17940 6106.7 3750.6
17941 -9011.9 881.1
17942 -9153.4 709.9
17943 -9278.7 780.5
17944 -9074.4 825.6
17945 -9465.4 976.3
17946 -9504.9 1022
17947 -9441.7 1025.9
17948 -9629.6 1195.5
17949 -9527.8 1218.7
17950 -9906.9 1655.7
17951 6221.3 3727.5
17952 -9475.6 1383.1
17953 -9334.8 1398
17954 -9288.7 1355.4
17955 -9264.6 1502.8
17956 -9367.1 1557.7
17957 -9714.4 1634
17958 -9468.3 1610.9
17959 -10001.5 1747.5
17960 -9749.5 1635.6
17961 -9655.4 1630
17962 -4365.1 -972.7
17963 -4853.5 -1211.5
17964 6538.4 3132.4
17965 -10360.5 1735.3
17966 -10398.1 1776.6
17967 -10454.5 1523.8
17968 -6965.2 74.6
17969 -7261.8 65.3
17970 -7339.8 -72.3
17971 -7073 388.1
17972 -6718.6 -65.2
17973 -6766.3 -71.3
17974 -6201.3 -28.3
17975 6831.7 2874.8
17976 -5841.4 1605.1
17977 -5814.6 1472.1
17978 -5800.9 1422.3
17979 -5641.6 1204.9
17980 -5537.7 1112.2
17981 -6826.4 855
17982 -6843.4 839.3
17983 -6656.1 761.3
17984 -6314.9 724.6
17985 -6533 792.3
17986 6489 3325.9
17987 -6273.4 767.4
17988 -6435.4 915.8
17989 -5971.1 573.7
17990 -6035.8 699.1
17991 -6094.1 702.1
17992 -6326.6 661.2
17993 -6144.6 704.4
17994 -6140.5 645.4
17995 -6398 961.9
17996 -6204.1 949.2
17997 7033.7 2661.9
17998 -5986.1 909.4
17999 -5336.3 2102.7
18000 -5370.4 2055.2
18001 -5327.1 2020.2
18002 -5442.9 2102.8
18003 -5552.5 1905.2
18004 -5445.2 1789.5
18005 -5287.7 1916
18006 -5198.6 1563.2
18007 -5382.4 1729.5
18008 7071.6 2679
18009 -7708.7 2974.7
18010 -7719.9 3015.1
18011 -7633.4 2891.7
18012 -7902.2 2926.2
18013 -7088.4 2564.9
18014 -7232.5 2521.6
18015 -7049 2609
18016 -7068.5 2659.2
18017 -7080.8 2692.5
18018 -7428 2438.5
18019 6934.2 2620.1
18020 -7390.3 2521.8
18021 -7556.4 2557
18022 -7643.6 2420.3
18023 -7727.4 2629.6
18024 -8787.2 3528.7
18025 -9057.8 3658.8
18026 -8474.8 2896.4
18027 -8486.2 2998.2
18028 -8600.6 2768.6
18029 -8907.3 2968.4
18030 6880.6 2870.3
18031 -8699.8 3184
18032 -8687.8 3214.9
18033 -8516.6 3090.8
18034 -8871.7 2689.9
18035 -8909.5 3142.7
18036 -8265.5 2918.2
18037 -8412.7 2886
18038 -8169.4 3090.8
18039 -8541.2 3357.3
18040 -8716.8 3480.6
18041 7433.8 2835.2
18042 -8420.5 3475.7
18043 -8426.6 3281.6
18044 -8373.1 3433.2
18045 -8213.5 3569.9
18046 -8305.3 3393
18047 -8237.2 3351.1
18048 -8215.4 3336.6
18049 -8054.5 3228
18050 -8003.7 3195.1
18051 -7938.3 3295.5
18052 7514.7 2872.6
18053 -7886.6 3092.3
18054 -8017.3 3346
18055 -7920.8 3489.9
18056 -8129.3 3422
18057 -8210.1 3025.7
18058 -8121.9 2933.9
18059 -8150.8 3083.9
18060 -7995.1 2960.7
18061 -9129.5 2923.7
18062 -9154.3 2987.8
18063 7251.3 3072.2
18064 -9298.5 2879.6
18065 -9216.4 3102.4
18066 -9313.7 2913.3
18067 -9495.4 3112.5
18068 -9360.1 3026.7
18069 -9565.2 2911.3
18070 -8715.2 2497.8
18071 -8667.1 2417.6
18072 -8791.1 2390
18073 -9055.6 2314.2
18074 -4775.4 -1186.1
18075 6945.9 2599.7
18076 -8893 2382.3
18077 -8647.9 2434.3
18078 -8552 2516.8
18079 -8473.9 2570.5
18080 -8294.1 2631
18081 -8556.4 2748.7
18082 -8789.8 2178
18083 -8337.4 2798.1
18084 -8299.3 2784.3
18085 -8178.6 2748.7
18086 6821.4 2574.5
18087 -9731 3361.9
18088 -9603.5 3757.2
18089 -9812.2 3798.7
18090 -10370.5 2913.4
18091 -10207.3 2989.4
18092 -10148.8 2995.7
18093 -9591.7 2100
18094 -9797 2133.9
18095 -9410.7 2085.5
18096 -10321.1 2505.4
18097 6896.5 2668.5
18098 -10627.4 4091.9
18099 -8901.7 1755.2
18100 -9560.1 2173
18101 -9437.6 1671.9
18102 -8624.4 1376.1
18103 -8980.5 1630.5
18104 -8666.3 1586.2
18105 -8950.8 1677.5
18106 -9996.4 1897.4
18107 -9707.1 1759.3
18108 8031.8 3062.8
18109 -10025.3 1771.9
18110 -6673 -4511.2
18111 -6751.4 -4449.7
18112 -6825 -4422.9
18113 -6730.1 -4327.3
18114 -6782.4 -4552.5
18115 -6423.7 -4810.6
18116 -6604.3 -4755.6
18117 -6389.3 -4822.5
18118 -6428.1 -4779.2
18119 8115.3 3015.3
18120 -6940.6 -5242.8
18121 -6630.3 -5007.6
18122 -6474.9 -4991.9
18123 -6817.2 -4667.2
18124 -6579.1 -4683.1
18125 -6551.2 -4625.7
18126 -6446.7 -4741.3
18127 -6613 -4562.3
18128 -6488.1 -4529.2
18129 -6401.8 -4425
18130 7960.4 3032.5
18131 -6229.5 -4480.9
18132 -6460.6 -4372.5
18133 -6429.5 -4567
18134 -6353.9 -4619.1
18135 -6300.5 -4651.7
18136 -6421.4 -4753.2
18137 -6336.2 -4720.7
18138 -6021.4 -5051.4
18139 -6175.6 -4930.1
18140 -6219.2 -4975.8
18141 8409.5 3227.6
18142 -5998.1 -5151.7
18143 -5664.2 -5289.6
18144 -7170.2 -4917.3
18145 -7612.7 -4621.7
18146 -7243.9 -5155.1
18147 -7298.5 -5094.3
18148 -7282.9 -5249
18149 -6688.1 -5382.8
18150 -6547.2 -5462.5
18151 -6669.7 -5110.4
18152 8011.4 3090
18153 -6659.1 -5059.9
18154 -6418.2 -5174.5
18155 -6007.3 -5258.8
18156 -5962 -5179.7
18157 -6048.8 -5238.2
18158 -6370.2 -5181.7
18159 -6361.2 -5061.3
18160 -6347.4 -5185
18161 -6301.8 -5082.7
18162 -6228.8 -5416.6
18163 7197.6 3046
18164 -6397 -5399.7
18165 -6409.4 -5315.9
18166 -6024.3 -5527.3
18167 -5948.5 -5596.5
18168 -5945.1 -5725
18169 -6211.1 -5532.4
18170 -6294.4 -4927.5
18171 -5743.6 -5485.2
18172 -5735.6 -5408.4
18173 -5840.5 -5240.6
18174 7160.1 3023.7
18175 -5912.6 -5209.4
18176 -5829 -5521.1
18177 -5860.4 -5579.5
18178 -5675.5 -5602.3
18179 -5938.8 -5471
18180 -5728.8 -5655.1
18181 -5703.3 -5428.7
18182 -6538.8 -5562.3
18183 -5998.2 -5729.4
18184 -5888.2 -5760.7
18185 -4286.1 -1508.8
18186 6966.9 3355.8
18187 -5851.9 -5881.1
18188 -5760.8 -5782.7
18189 -5719.1 -5772.5
18190 -5826.6 -5894.5
18191 -5798.2 -5730.8
18192 -5789.8 -5923.3
18193 -5742.5 -5962.8
18194 -5602.3 -5798.6
18195 -5468.4 -5749.2
18196 -5346.2 -5617.3
18197 7333.7 3115.3
18198 -5214.9 -5686.8
18199 -5580.4 -5740.4
18200 -5670.6 -6026.8
18201 -5832.4 -6070.4
18202 -5882.6 -6023.3
18203 -5920.6 -5985.8
18204 -5547 -6081.6
18205 -5449 -5858.3
18206 -5036.6 -6159.7
18207 -5134.3 -6164.6
18208 6111.8 2898.5
18209 -4954.9 -6281.1
18210 -10560.5 -10486.2
18211 -10456.1 -10753.1
18212 -10560.2 -10437.6
18213 -9354.2 -2125
18214 -9304.6 -2297.8
18215 -4751.3 9005
18216 -4632.6 8881.4
18217 -4211.7 8917.9
18218 -4887.7 8581.9
18219 6188.1 2945.1
18220 -5393.1 9325.9
18221 -9729.8 -9462.1
18222 -9905.1 -9375.1
18223 -9873 -9464.4
18224 -11434.8 -11392.2
18225 3072.1 -3327.8
18226 2989.6 -3273.7
18227 2956.8 -3251.1
18228 3074.9 -3197.6
18229 2738.8 -3415.5
18230 6030.3 2858.7
18231 3138.2 -3240.2
18232 3292.8 -3246.8
18233 4674.5 9122.1
18234 4553.3 9299.4
18235 3331.2 10966.5
18236 -568.8 12053.2
18237 -651.6 12094.5
18238 -684.8 12134.9
18239 -723.7 12090.1
18240 -689.1 12087.6
18241 5968 3090.4
18242 -773.8 12054.6
18243 -2373.1 326.9
18244 -2368.6 106
18245 -2166 112.8
18246 -2251.9 106.7
18247 -2179.2 10.2
18248 -1963.7 178.8
18249 -2027.9 142.8
18250 -2261.9 12.9
18251 -2035.4 -357.4
18252 6221.7 2755.2
18253 -2097.9 -323.1
18254 -1994.2 -380.3
18255 -1973.5 7.1
18256 -1969.7 75.9
18257 -1985.9 -218.5
18258 -1874.4 5.3
18259 -2372 296.6
18260 -2293.6 286.5
18261 -2262.3 -232.2
18262 -2064.7 120.8
18263 7410.5 3155.1
18264 -2069.5 391.8
18265 -2069.5 8.5
18266 -2194.2 -167.6
18267 -1967.6 117.3
18268 -2066.2 79.4
18269 -2100 -232.4
18270 -1399.9 2.7
18271 -1551.4 0.9
18272 -1884.7 -201.1
18273 -1779.5 -187.1
18274 7493.5 3200.7
18275 -1676.7 -173.2
18276 -1781.7 -316.6
18277 -1778.5 -131.6
18278 -1531.9 -153.6
18279 -1540.9 -94.1
18280 -1834.7 4.6
18281 -1900.1 -432.4
18282 -1776 3.5
18283 -1775.6 -51.4
18284 -1876.3 -264
18285 7177.1 3466.3
18286 -1605.3 1.5
18287 -1823.9 284.2
18288 -1830.4 221.5
18289 -1832.3 88.7
18290 -1726.3 -52.4
18291 -1611.7 -49.4
18292 -1658.6 -54.1
18293 -1657.5 2.2
18294 -2620 971.1
18295 -2533.8 995
18296 -4383.7 -1475.9
18297 6926.4 3336.7
18298 -2504 433
18299 -2625.1 420.7
18300 -2482.8 366.9
18301 -2531.2 755.3
18302 -2640.3 189
18303 -2724.2 943.4
18304 -2650.1 131.9
18305 -2117.1 948.7
18306 -2081.9 935.8
18307 -2120.3 1004.3
18308 7684 3321.6
18309 -1961.5 923.8
18310 -1926.6 1219.6
18311 -2053.1 1176.5
18312 -2330.8 1079.4
18313 -2168.3 1135.6
18314 -2322 1027.7
18315 -1849.5 1402.1
18316 -1740.2 1095.5
18317 -1707.7 1005.4
18318 -1524.3 1068.4
18319 4885.1 3667.4
18320 -1662.5 880
18321 -1837.6 961.1
18322 -1450.4 948.8
18323 -1599.6 760.7
18324 -1310.3 766.2
18325 -1417.5 966.2
18326 -1306.3 721.4
18327 -1497.9 1078.2
18328 -1455.2 969.9
18329 -1554 1156
18330 4795.7 3807.7
18331 -1385.6 870.5
18332 -1793 832.3
18333 -1095 518.3
18334 -1064.6 548.7
18335 -1007.5 -216
18336 -817.1 -127.9
18337 -617.4 -233.6
18338 -332.1 -384
18339 -116.6 -499.4
18340 -347.9 -927
18341 4947.4 3568.9
18342 -314.3 -1081.9
18343 -560.2 -422
18344 -190.2 -636.3
18345 -374.5 -529.5
18346 -249.3 -745.7
18347 -153 -802.5
18348 -408.4 -652.9
18349 -457.8 -740.4
18350 -201.9 -887.4
18351 -778.5 -557.4
18352 4811 3619.4
18353 -634.2 -639.3
18354 -296.4 -832.8
18355 -510.2 -832.2
18356 -534.5 -278.3
18357 -678.7 -733.4
18358 -735.6 -835.3
18359 -890 -746
18360 -761.3 -881.3
18361 -681 -928.4
18362 -840.7 -1012.4
18363 4956.8 3716.8
18364 -593.2 -976.6
18365 -567.9 -932.5
18366 -669.8 -1109.7
18367 -512.5 -173.2
18368 -402.9 -1029.8
18369 243.3 1298.3
18370 316.6 1309.7
18371 -348.4 1403.5
18372 -60.7 1383.4
18373 147 657.7
18374 4521.6 4233
18375 437.3 698.1
18376 313.3 264
18377 315.5 311.6
18378 310.8 221.9
18379 383.8 257.6
18380 -2493.7 -260.2
18381 -2282.1 -537.8
18382 -2309.8 -363
18383 -2157.4 -448.5
18384 -1966.8 -555.8
18385 4448.7 4186.4
18386 -2055.2 -504.7
18387 -2600.1 -581.6
18388 -2373.8 -534.3
18389 -2444.4 -723.8
18390 -2260.5 -670
18391 -2385.2 -781.7
18392 -1953.8 -402.8
18393 -2067.8 -744.7
18394 -2256.6 -918.3
18395 -2344.6 -829.5
18396 4472.5 4310.8
18397 -1919.8 -846.2
18398 -2018.4 -651.8
18399 -2194.6 -977.1
18400 -2130 -865.1
18401 -1814.6 -1132
18402 -1849.2 -1091.9
18403 -1996.8 -1158.5
18404 -1732.6 -973
18405 -1695.9 -1024.9
18406 -1639.8 -1097.2
18407 -4253.2 -1519.9
18408 4603.3 4285.8
18409 -1767.6 -1117.2
18410 -1623.6 -857.6
18411 -1683.2 -919.9
18412 -1708.1 -783.7
18413 -1578.9 -899.1
18414 -1400.7 -708
18415 -1516.1 -956.7
18416 -1493.3 -981.5
18417 -1464 -1068.7
18418 -1488.2 -1066.1
18419 4613.1 4091.3
18420 -1474.6 -1035.7
18421 -1452.2 -679.6
18422 -1325.1 -749.8
18423 -1636.8 -961.1
18424 -1920.6 -1035.3
18425 -1863.4 -777
18426 -1801.6 -703.3
18427 -1817.2 -914.3
18428 -2014.8 -957.1
18429 -2107.8 -1063.6
18430 4083.1 4924.4
18431 -1766.6 -853.8
18432 -1266 -783
18433 -1210.8 -817.5
18434 -1146.4 -850.6
18435 -2563.4 -1265.7
18436 -2396.3 -1076.2
18437 -2424.6 -748.7
18438 -2593.6 -716.1
18439 -2644.3 -753.8
18440 -2538.5 -816.3
18441 4400 5239.9
18442 -2595.3 -846.4
18443 -2432 -1011.3
18444 -2338.1 -1179
18445 -2312.4 -1224.6
18446 -2688.3 -783.9
18447 -2264.9 -1959.1
18448 -2260.4 -1933.6
18449 -2256.5 -1910.5
18450 -2391.9 -2384.4
18451 -2632.1 -1199.3
18452 3976.2 4818.9
18453 -2340.5 -2435.1
18454 -2708.7 -869.5
18455 -1697.7 -2895.7
18456 -1980 -2365.4
18457 -1951.7 -2412.4
18458 -1613.9 -2515.9
18459 -1841.3 -2628.4
18460 -1492 -2734.7
18461 -1724.1 -2850.3
18462 -1461.9 -2774.5
18463 3688.1 4568.1
18464 -1440.9 -2731.8
18465 -1454.8 -2800.9
18466 -1427.1 -2788.5
18467 -671.4 -4669.3
18468 -516.7 -4660.2
18469 -516.3 -4628.6
18470 -484.2 -4665.9
18471 -389.9 -4783.3
18472 -665.6 -4844.5
18473 -420 -4616.3
18474 3765.5 4610
18475 -487 -3609
18476 -132.9 -3538
18477 -2086.1 -1641.3
18478 -2192.6 -1440.4
18479 -2262.8 -1313.5
18480 -2492.7 -1407.5
18481 -2533.7 -1331.9
18482 -2411.7 -1375.2
18483 -2164.5 -1196.6
18484 -2120.9 -1409.7
18485 3580.6 4471.7
18486 -2061 -1384.5
18487 -1960.7 -1271.5
18488 -927.8 -969.7
18489 -716.2 -1106.2
18490 -993 -1072.2
18491 -643.2 -1557.7
18492 -634.6 -1590.7
18493 -1202.1 -1966.5
18494 -911.4 -1931.7
18495 -936.5 -1885.3
18496 3412.2 4743.4
18497 -472.6 -1796.2
18498 -578.4 -1651.1
18499 -7 -1551.4
18500 -7.6 -2331
18501 -456.2 -1982
18502 -487.3 -2004.2
18503 -519.6 -2026.8
18504 -435.8 -2142.1
18505 -546.5 -2046.5
18506 -464.3 -2163.5
18507 2786 5401
18508 -573 -2065.1
18509 -1567.9 -1258.3
18510 -11.3 -2233
18511 -549.3 -1580.7
18512 -113.6 -2285.5
18513 -237.7 -2375.5
18514 -50.5 -2379.8
18515 -257.6 -2091
18516 -449.2 -2527.5
18517 -359 -2458
18518 -4238.7 -1375.4
18519 2665.4 5557.8
18520 -394 -2612.7
18521 -411.9 -2373.6
18522 -306.9 -2720
18523 -301.1 -2547.7
18524 -21.9 -2459
18525 12.4 -2417.4
18526 -28.4 -2410.9
18527 95.3 -2653.9
18528 -115.5 -2541
18529 -233.5 -2650.2
18530 2798.9 5354.6
18531 -176.2 -2459
18532 -266.4 -2939.8
18533 -198.8 -3057.9
18534 -223.4 -3011.2
18535 -35.9 -3521.3
18536 -153.2 -3036.3
18537 525 -3410.8
18538 -170.9 -2855.7
18539 -148.2 -2878.1
18540 -246 -2973.2
18541 2953.7 6757.2
18542 330.9 -3032.4
18543 40.3 -2450.3
18544 327.7 -2901.8
18545 78.3 -2313.8
18546 58.9 -2300.8
18547 11.6 -2359.7
18548 619 -2317.5
18549 702 -2380.9
18550 515.5 -2145.7
18551 822.2 -2441.4
18552 3004.5 6703.9
18553 805.5 -2486.9
18554 877.1 -2201.1
18555 412.4 -1789
18556 532.4 -1875.5
18557 441.5 -1756.5
18558 465.3 -1778
18559 403 -1774.9
18560 565.5 -1835.5
18561 910.4 -2024.8
18562 863.3 -1992
18563 2928.1 6773.3
18564 845.9 -2478.4
18565 794.7 -2606.9
18566 787.4 -2834.9
18567 871.2 -2844
18568 767.5 -3002.5
18569 703 -2825.4
18570 1058.2 -2943.8
18571 601.6 -3021.8
18572 1135.1 -2736.7
18573 1011.9 -2686.8
18574 2918.5 6658
18575 1234 -2536.8
18576 1024.3 -2521
18577 612.6 -2141.9
18578 746.3 -2152.3
18579 1034.7 -2288.9
18580 896.6 -2064.4
18581 1220.4 -2350.8
18582 1205 -2424.1
18583 1056.5 -2310.1
18584 580.1 -3047.8
18585 2892.4 6806
18586 634.9 -2534.5
18587 688.3 -2411.5
18588 603.2 -2817
18589 631.3 -2165.1
18590 641.5 -2143.5
18591 719.5 -2264.5
18592 666.3 -2352.8
18593 1015.1 -2632.4
18594 410.4 -1730.8
18595 495.1 -1731.6
18596 2548.3 5559.5
18597 519.9 -1794.5
18598 502 -1740.9
18599 627.5 -3369.6
18600 635.4 -3398.8
18601 609.3 -3388.2
18602 684.6 -3318.1
18603 581.6 -3216.2
18604 747.2 -3170
18605 735.7 -3214.2
18606 652 -3195.5
18607 2630.4 5517.1
18608 567.3 -3193.9
18609 503.2 -3177.3
18610 551.1 -3289
18611 236 -2741.2
18612 389.2 -3123.9
18613 590.5 -3396.1
18614 989.4 -2847.2
18615 1039 -2404.7
18616 1200.3 -3099
18617 1269.3 -3174.9
18618 2601.4 5613.1
18619 1243.7 -2456
18620 1608.4 -2472.7
18621 1564.6 -2416.8
18622 4931.8 -6251.2
18623 5003.9 -6301.2
18624 4907.7 -6235.2
18625 4874.5 -6212.8
18626 4816.9 -6173.8
18627 4782.3 -6149.9
18628 4665.6 -6396.6
18629 -4423.8 -1629.2
18630 2490.4 5496.4
18631 4623.4 -6335.5
18632 4671.6 -6446.4
18633 4583 -6397
18634 4606.1 -6544.2
18635 4520.8 -6367.3
18636 4537.2 -6518.9
18637 4539.3 -6589.7
18638 4484.4 -6629
18639 4766.7 -6127.8
18640 4472.1 -6493.3
18641 1916.2 6575.6
18642 4347.4 -6570.4
18643 4429 -6399.8
18644 4383 -6315.1
18645 4424.3 -6128.5
18646 4360.1 -6373.6
18647 4317.6 -6290.4
18648 4295.4 -6515.5
18649 4238.1 -6454.6
18650 4334.7 -6439.2
18651 4402.3 -6465.5
18652 1979.8 6520.9
18653 4531.8 -5968.8
18654 4475.6 -5929.7
18655 4367 -6089.7
18656 4252.2 -6263.4
18657 4186.8 -6401.3
18658 4416.6 -5893.1
18659 4757.1 -5543.2
18660 4309.8 -6051.1
18661 4188 -6239.4
18662 4134.1 -6340
18663 1993.3 6660
18664 4367.3 -5859.4
18665 4253.2 -6012.2
18666 4121.5 -6213.8
18667 4298.9 -5812.7
18668 4196.1 -5973.7
18669 4054.1 -6187.2
18670 4138.8 -5935
18671 3989.6 -6158.1
18672 4246.5 -5777
18673 4213.3 -5753.1
18674 1011.8 6325.5
18675 4082.4 -5896.7
18676 3938.2 -6108.7
18677 4189.1 -5737.3
18678 4132.6 -5699.2
18679 3886.8 -6060.5
18680 4024.9 -5857.8
18681 4101.1 -5678
18682 3854 -6030
18683 4078.7 -5658.9
18684 4028.8 -5613
18685 1508.3 6934.1
18686 3968 -5819
18687 3835.6 -6013.8
18688 3801.1 -5984.8
18689 3914.3 -5782.6
18690 4175.5 -5448.8
18691 3785 -5971.2
18692 3741.1 -5936.3
18693 3860.5 -5746
18694 3685.9 -5893.3
18695 3472.7 -5747.6
18696 791.9 7321.2
18697 3494.6 -5762.1
18698 3641 -5596.2
18699 3414.7 -5705.1
18700 3820.8 -6067.2
18701 3763.3 -6032.8
18702 3528.7 -5786.1
18703 3582 -5823.3
18704 4243.4 -5266.4
18705 4257.9 -5138
18706 3971.6 -5024.9
18707 701.7 7036.4
18708 4326.5 -5339.5
18709 4298.5 -5314.9
18710 4399.4 -5230.4
18711 4229.2 -5485.3
18712 4411.1 -5390.6
18713 3382 -5151.4
18714 3337.6 -5104.4
18715 3432.3 -5087.2
18716 3335.8 -5209.6
18717 3667.2 -4787.1
18718 872.1 7581.6
18719 3610 -4722
18720 3573 -4893.4
18721 3753.4 -4851.5
18722 3765.8 -4657
18723 3240.8 -5325.4
18724 3196.9 -5505
18725 3233.5 -5206.6
18726 3234.9 -5111.9
18727 3170.7 -5140.8
18728 3289.2 -5266.8
18729 893.4 7289.3
18730 3246.9 -5442.4
18731 3177.6 -5257
18732 3295.7 -5381.4
18733 3350.5 -5442.7
18734 3252.1 -5556.3
18735 3296.5 -5505.9
18736 3387.4 -5476.5
18737 3525.7 -5524.2
18738 3394 -5505
18739 3464.9 -5487.9
18740 -4443.5 -1699.5
18741 676 7358.6
18742 3487.2 -5587.8
18743 3304.2 -5603.1
18744 3455 -5650.7
18745 3423.3 -5533.2
18746 3348.6 -5555.1
18747 3276.5 -5038.5
18748 3241.5 -5073.6
18749 3218.5 -4974.1
18750 3377.2 -4945
18751 3492.4 -5010.5
18752 587.9 6681.2
18753 3465.1 -5045.3
18754 3608.4 -5196.7
18755 4171.5 -4128.3
18756 4102.1 -4082.4
18757 4211.3 -4147.2
18758 3897.7 -3947
18759 3792.5 -4046.4
18760 3807.8 -3886.1
18761 3921.2 -3961.8
18762 3481.3 -4347.3
18763 535 6633.7
18764 3543.1 -4421.7
18765 3366.1 -4458.3
18766 3541.1 -4289.3
18767 3717.9 -4619.8
18768 3664.4 -4550.3
18769 3604.8 -4485.5
18770 3550.7 -4656.5
18771 3529.4 -4632.2
18772 3317.5 -4878.4
18773 3156.5 -4908.2
18774 495.3 6776.1
18775 3216.9 -5066.1
18776 3207.4 -5107.1
18777 3437.4 -5010.4
18778 3496.8 -4830.9
18779 3216.8 -4599.6
18780 3289.5 -4658.9
18781 3187.5 -4627.2
18782 3427.2 -4773.4
18783 3358.4 -4715.1
18784 3130.7 -4679.1
18785 682.8 6607.2
18786 3195.9 -4748.2
18787 3029.8 -4771.1
18788 3255.1 -4813.5
18789 3429.4 -4527
18790 3490.8 -4592.5
18791 2869.8 -4922.5
18792 2707.3 -5078
18793 2807.9 -4854.7
18794 2642.8 -5007.4
18795 2632.2 -5150.5
18796 1120.4 8369.2
18797 2938.3 -4996
18798 2753.9 -5129.2
18799 3096.3 -4843.9
18800 2954.9 -5346
18801 2925.6 -5314.9
18802 3116.8 -5191.1
18803 3056.5 -5123.5
18804 3103.1 -4958.4
18805 2996.8 -5061.4
18806 3049.6 -5010.1
18807 1112.4 8428.6
18808 2928.8 -5125.3
18809 2833.6 -5215.5
18810 2772.9 -5149.6
18811 2869 -5253.5
18812 2868.9 -5060.9
18813 2894.2 -5280.8
18814 2549.4 -5462.2
18815 2624.4 -5533.4
18816 2408.9 -5337.4
18817 1765.6 -4710.5
18818 1070.3 8367.6
18819 2454.8 -5315.4
18820 2759.9 -5465
18821 2698.6 -5407.9
18822 2605.5 -5315.2
18823 2540.3 -5248.3
18824 2571 -5221.2
18825 2582.7 -5291.8
18826 2526.7 -5233.5
18827 2470.2 -5171.5
18828 2289.4 -4976.6
18829 1243.1 8397.7
18830 2229.7 -4910.8
18831 2463.7 -4813.9
18832 2351.7 -5042.4
18833 2619.3 -5329.9
18834 2642.9 -5353.4
18835 2796.7 -5323.2
18836 2679.9 -5200.8
18837 2740 -5262.3
18838 2612.7 -5265.1
18839 2748 -4787.1
18840 1097.5 8505.9
18841 2910.2 -4637.2
18842 2689.3 -4724.2
18843 2629.2 -4897.3
18844 2665.9 -4376.8
18845 2446.2 -4461.6
18846 2566.6 -4591.6
18847 2819 -4226.5
18848 2726.1 -4441.3
18849 2602.2 -4308
18850 2787 -4507.7
18851 -5166 -5263
18852 1143.4 8521.4
18853 2627.7 -4659.1
18854 2941.1 -4361
18855 2851 -4574.2
18856 2972 -4704.7
18857 3124.4 -4555.9
18858 3003.9 -4424.9
18859 3119.2 -4190.9
18860 2878.2 -4294.9
18861 2997.1 -4059
18862 2755.4 -4159.7
18863 974 8471.2
18864 3375.3 -6725.3
18865 3883 -8730
18866 3519.2 -7222.2
18867 3477.2 -6987.8
18868 3568.5 -7457.1
18869 3887.9 -8703.9
18870 3791.2 -8355.7
18871 3522.6 -6997.2
18872 3207.5 -6930
18873 3435.7 -7026.5
18874 1389.1 8801.9
18875 3494.1 -7305.8
18876 3169.3 -7622.8
18877 3198.8 -7609.2
18878 3244.3 -7007.8
18879 3203.5 -6963.6
18880 3166.3 -7006.3
18881 2527 -6321.8
18882 2565.5 -6272.2
18883 2431.9 -6216.9
18884 1683 -2781.2
18885 1404.7 8544.1
18886 1837.7 -2787
18887 1663.4 -2960.7
18888 1746.3 -2877.5
18889 1729 -3039.6
18890 1648 -3114.8
18891 1800.8 -3121.1
18892 1901 -3229.4
18893 1742.6 -3119.6
18894 1944.2 -3108.7
18895 2379.9 -3757.4
18896 1475.8 8549
18897 2502.3 -3888.5
18898 2286.3 -3969.1
18899 1688.3 -3539.3
18900 1791.9 -3535.7
18901 2175.1 -3523.5
18902 2101 -3448.7
18903 2019.1 -3526.7
18904 2484.8 -3504.2
18905 2058.4 -2731.4
18906 1906.4 -2867.3
18907 1420.7 8494.3
18908 1919.9 -2643.9
18909 1980.2 -2956.6
18910 1818.5 -2957.1
18911 2059.9 -3032.2
18912 2244.1 -2851.4
18913 2339.1 -2709.7
18914 2149.2 -2789.9
18915 1634.9 -3240.7
18916 1574.3 -3187.9
18917 2127.9 -2776.6
18918 1593 8659.9
18919 2025.1 -3366.4
18920 1937.9 -3270.1
18921 2114.3 -3279.3
18922 2022.5 -3430.7
18923 2044.9 -3229.2
18924 2200.2 -3202.1
18925 1917.3 -3247.4
18926 2191.1 -3365.3
18927 1902.8 -3531.3
18928 1948 -3593.8
18929 1652.4 8720.1
18930 1916.5 -3280.5
18931 1893.8 -3269.4
18932 1907.6 -3428.9
18933 1888.7 -3248.1
18934 1736.9 -3243.7
18935 1523.1 -3237.5
18936 1731.3 -3355.7
18937 1795.1 -3427.1
18938 1786.1 -3746.5
18939 1898.1 -3640.8
18940 1747 8487.8
18941 2094.1 -3608.9
18942 2247.3 -3611.7
18943 2350.8 -3513.5
18944 2264.9 -3445.9
18945 2355.8 -3359.4
18946 2422.2 -3445.5
18947 2187.9 -4185.9
18948 2316.3 -4321.5
18949 1679.7 -3631.6
18950 1797.1 -4432.3
18951 1551 8619.5
18952 1507.2 -4702.4
18953 1547.9 -4152.1
18954 1534.3 -4137.1
18955 1537.3 -4288.1
18956 1607.7 -4219.7
18957 1550 -4122
18958 1592.1 -3631.1
18959 1583.5 -3742.6
18960 1574.2 -3852
18961 1472.8 -3851.5
18962 -5160.1 -5282.2
18963 1676.8 8742.6
18964 1563 -3960.3
18965 1623.3 -3900.9
18966 1673.9 -3852.6
18967 1471.9 -3968.1
18968 1698.4 -3983.9
18969 1846.6 -3811.9
18970 1854.5 -3682
18971 1771.9 -4064.5
18972 1620.9 -4056.9
18973 1807 -3881.5
18974 1838.6 8579.3
18975 1462 -4057.6
18976 1451.8 -4217.7
18977 2315.6 -3687.7
18978 2237.9 -3762.3
18979 2162.2 -3833.1
18980 2094 -3757.4
18981 2082.2 -3908.4
18982 2225.1 -3902.7
18983 2001.8 -3982.4
18984 2066.3 -4053.9
18985 1749.7 8816.3
18986 1935.2 -3909.4
18987 1917.9 -4062.2
18988 1675 -4294.7
18989 1758.4 -4216.1
18990 1739 -4362.6
18991 1556.9 -4351.7
18992 1531.9 -4346.3
18993 1530.1 -4370.9
18994 2023 -3676.8
18995 2167.7 -3687.4
18996 1648.6 8775.1
18997 1926.7 -3768.7
18998 1902.4 -4207.8
18999 1838.5 -4137.7
19000 1577.2 -4515.5
19001 1211.9 -4123.2
19002 2015.7 -3831.9
19003 1881 -3958.9
19004 1993.2 -3852.7
19005 1877.9 -3845.8
19006 1852.8 -3985.6
19007 1907.6 8980.9
19008 1691.9 -4141.3
19009 1845.4 -3844.7
19010 1879 -3813
19011 1475.1 -3738.8
19012 1388.4 -3976.7
19013 1303.4 -4055.3
19014 1256.6 -3968.4
19015 1398.2 -3734.7
19016 1232.7 -4099.6
19017 1379.1 -4139.1
19018 1890.8 8962.2
19019 1018 -3569
19020 1089.2 -3647.4
19021 849.2 -3576.4
19022 929.2 -3647.7
19023 1102.1 -3487.4
19024 1178.4 -3562
19025 1407.2 -3551.9
19026 1512.4 -3625
19027 1232.2 -3971.5
19028 1168.1 -3658.3
19029 2069.8 8590
19030 1297 -3556.8
19031 1256.1 -3491.1
19032 1305.6 -3445.9
19033 1344.5 -3258.8
19034 1288.5 -3665.8
19035 1402.2 -3672.8
19036 885.6 -3686.8
19037 1261.2 -3337.9
19038 1004.6 -3729.2
19039 1185.8 -3254.8
19040 2030.5 8568.1
19041 1182.4 -3412.8
19042 1105.7 -3331.4
19043 817.5 -3607.1
19044 1025.5 -3408.2
19045 1577.7 -3037.5
19046 1501.1 -2953.9
19047 1503.2 -3108
19048 1581.7 -2877.1
19049 1424.6 -3182.5
19050 1349.3 -3098.6
19051 2022.9 8665.3
19052 1428 -3023.6
19053 1983.1 -4639
19054 1861.3 -4496.8
19055 1639.4 -4579
19056 2217.7 -4545.7
19057 2380.3 -4390.5
19058 2538.3 -4241.3
19059 2042.2 -4711.6
19060 2106.6 -4776.9
19061 2524.3 -4878.1
19062 2131.6 8621
19063 2413.2 -5106.6
19064 2583.3 -4942.7
19065 2629.9 -4024.5
19066 2694.4 -4094
19067 2808 -3987.9
19068 2876.9 -3921
19069 2957.5 -3845.7
19070 2744.3 -3917
19071 1676.3 -4654.6
19072 -8562.7 -1248.1

# Edges
0 1
0 10185
0 17314
1 11296
1 12407
2 16013
2 16303
2 16851
3 669
3 780
3 18851
4 15
4 26
4 19062
5 11
5 16251
5 19072
6 11
6 16453
6 19072
7 12
7 16453
7 16457
8 14624
9 11304
9 13774
9 17003
10 17003
10 17629
11 16456
12 6867
12 16455
13 14
13 16
14 16
14 18904
15 3420
15 3422
15 19051
16 18229
17 18
17 13602
17 18905
18 22
18 18917
19 20
19 2447
19 13600
20 21
20 2780
21 45
21 12683
22 23
22 18913
23 28
23 31
24 28
24 12984
24 18913
25 30
25 32
25 12985
26 59
26 13812
27 30
27 12985
28 12985
29 30
29 15296
31 32
31 33
31 34
32 33
33 34
33 15296
34 6900
35 36
35 38
36 39
36 44
36 12981
37 48
37 59
37 70
39 40
39 41
39 43
40 42
40 18232
41 18231
41 18232
42 43
42 84
43 12981
44 18228
45 46
45 12683
46 9863
46 12683
47 12756
47 13599
47 18908
48 70
48 12793
49 56
49 57
50 10636
50 13621
50 18491
50 18492
51 14635
51 18610
51 19001
52 53
52 9901
52 12765
53 54
53 14486
54 2989
54 18814
55 18924
56 57
56 58
58 18924
58 18945
59 13805
60 62
60 82
60 17022
61 62
61 63
61 17022
62 77
62 82
63 77
63 84
64 65
64 66
64 67
64 68
65 5349
65 5363
66 5330
66 5344
66 5345
67 5315
67 5316
68 5368
69 71
69 72
70 3430
71 2839
71 3306
72 3151
73 74
73 75
73 76
74 78
74 79
74 80
75 77
75 79
75 82
76 77
78 339
78 3143
79 83
79 3143
80 8758
81 92
81 8812
82 83
83 3144
84 85
84 12981
85 7032
85 17021
86 87
86 88
86 8665
87 2669
87 5264
88 2639
88 4956
89 90
89 91
89 93
89 18859
90 95
90 329
91 355
91 451
91 452
92 8805
93 97
93 330
94 95
94 96
94 12978
95 8758
95 18861
96 12993
96 19069
97 330
98 99
98 100
99 378
99 382
100 101
100 386
101 102
101 386
102 104
102 105
102 106
103 115
103 126
103 137
104 493
105 158
105 160
105 161
106 158
106 508
107 108
107 109
107 110
107 111
108 172
108 2844
109 152
109 441
110 150
110 2846
111 2844
111 2845
111 2846
112 155
112 11351
112 11352
113 154
113 233
113 234
113 11350
113 11352
114 14015
114 14016
114 14017
114 18518
115 148
115 159
116 198
116 310
116 11352
117 118
117 119
117 120
117 2888
118 428
118 540
119 150
119 151
119 152
120 539
120 2889
121 122
121 123
121 13593
122 134
122 1387
123 171
123 476
123 1431
124 132
124 12761
124 13628
125 132
125 250
125 13628
126 8810
127 128
127 129
127 130
127 131
128 302
128 304
128 305
129 182
129 304
129 307
130 175
130 182
130 434
131 175
131 185
131 305
132 139
132 257
133 134
133 135
133 136
133 17039
134 138
134 2544
135 1454
135 2544
136 1415
136 1450
137 7946
138 13593
138 13596
138 17039
139 12761
139 12768
139 12770
140 141
140 142
140 143
141 446
141 488
142 169
142 485
143 483
143 489
144 145
144 146
144 147
144 149
145 197
145 204
146 216
146 18471
147 236
147 238
148 159
148 203
149 229
149 234
150 2850
151 2848
151 2849
151 2850
152 431
153 242
153 11354
153 11362
154 198
154 308
154 312
155 156
155 157
156 471
156 472
157 187
157 309
158 393
159 170
159 203
160 388
160 389
160 393
161 388
161 8756
161 11355
162 163
162 164
162 165
163 207
163 18472
164 208
164 319
165 205
165 242
166 167
166 13596
166 17038
166 17039
167 485
167 486
168 446
168 12766
168 17038
169 446
169 17038
170 181
171 172
171 477
172 444
173 174
173 466
173 468
174 474
174 475
175 176
175 177
175 464
176 433
176 434
177 184
178 179
178 180
178 306
179 182
179 307
179 439
180 439
180 440
181 8805
181 8808
182 183
183 434
183 435
184 185
184 186
184 187
184 188
185 308
185 310
186 464
186 466
187 310
188 309
188 473
189 190
189 191
189 193
190 221
190 247
191 243
191 13627
192 203
192 8805
193 221
193 18473
194 195
194 196
194 197
195 201
195 209
196 201
196 204
197 216
198 310
199 216
199 246
199 18471
199 18473
200 201
200 202
200 204
202 228
202 230
204 228
205 206
205 207
206 235
206 236
207 445
208 319
208 12757
208 18472
209 210
209 211
209 212
210 213
210 224
210 275
211 217
211 218
211 219
212 231
212 276
213 215
213 255
213 267
214 226
214 237
214 8808
215 268
215 275
215 277
216 218
217 220
217 247
218 220
219 227
219 243
220 246
221 245
222 223
222 224
222 227
223 249
223 254
224 255
225 336
225 447
225 558
225 10605
226 237
226 12064
226 14203
227 244
228 229
229 311
230 231
230 232
231 294
232 288
232 291
233 238
234 312
235 238
235 239
235 11356
236 9904
237 270
238 11350
239 240
240 241
240 242
241 11354
241 11356
243 244
243 247
244 249
244 13627
245 246
245 247
248 259
248 10338
248 12085
249 252
249 13626
250 251
250 13626
251 252
251 257
252 253
253 254
253 258
254 255
254 261
255 263
256 260
256 264
256 12770
256 12772
257 258
257 12770
258 260
259 6557
259 8803
260 261
261 263
262 265
262 12772
263 264
263 267
264 265
264 269
265 266
266 269
266 271
267 268
267 269
268 272
268 274
269 272
270 10334
270 12060
271 272
271 273
272 278
273 278
273 279
274 277
274 278
274 283
275 276
276 295
277 282
278 280
279 280
279 284
280 283
280 285
281 292
281 303
281 314
282 295
282 296
283 296
283 297
284 285
284 286
285 297
285 298
286 298
286 299
287 288
287 289
287 290
288 293
289 291
289 302
289 305
290 296
290 297
290 302
291 308
291 311
292 314
293 294
293 296
294 295
297 301
298 300
298 301
299 300
299 306
300 304
300 307
301 302
301 304
303 12043
303 12804
305 308
306 307
309 472
311 312
313 2569
313 6224
313 14267
313 14335
314 18585
315 12722
315 13084
315 13395
315 13713
316 317
316 7156
316 8809
317 8804
318 18891
318 18909
318 18910
319 12757
320 321
320 322
320 11371
321 411
321 13779
322 411
322 422
323 397
323 11371
323 13780
324 328
324 452
324 3165
324 18766
325 337
325 348
325 359
325 7051
326 327
326 18759
326 18766
327 328
327 18760
328 542
329 18859
329 18860
329 18861
330 450
331 332
331 333
331 334
331 335
332 350
332 353
332 3149
333 339
333 3143
333 3145
334 338
334 350
335 3146
335 3150
336 558
336 15852
337 348
337 18552
338 339
340 341
340 342
340 343
341 344
341 347
341 349
342 344
342 7621
343 347
343 3152
344 345
344 346
345 7618
345 7621
346 7618
346 18761
347 352
348 7051
349 18761
350 351
350 449
351 352
351 353
351 354
352 3152
352 18760
353 3152
354 355
354 18760
355 449
355 450
356 357
356 362
356 11358
356 11373
357 358
357 365
357 507
358 360
358 361
359 370
359 7051
360 362
361 3166
361 7021
362 11358
363 364
363 369
364 366
364 4476
365 504
365 742
366 367
366 373
367 368
367 369
367 371
368 505
370 381
370 392
371 372
371 373
371 506
372 501
372 4477
373 4476
374 375
374 376
374 377
375 741
375 742
376 378
376 4476
377 9695
378 379
378 2909
378 3167
379 2907
379 2909
379 7023
379 7630
380 382
380 493
380 11355
381 392
381 7485
382 3167
382 11345
382 11360
383 384
383 385
383 3107
384 386
385 515
385 517
386 3167
387 388
387 389
387 390
387 391
388 394
389 541
389 2890
390 424
391 427
391 429
392 13094
393 2890
393 2895
394 424
394 11355
395 6675
395 8754
395 11379
396 397
396 11368
396 11369
396 13780
398 399
398 400
398 747
399 3906
399 3907
400 401
400 404
400 405
401 402
401 4717
402 405
402 4715
403 7488
403 16165
403 18441
404 3906
404 4721
405 4721
406 15162
406 15164
406 15167
407 419
407 11414
407 11415
407 15162
408 3871
408 3985
408 5219
408 15103
409 5219
409 5298
409 5299
409 15103
410 412
410 413
410 15103
411 11413
411 11415
412 5179
412 15104
413 3984
413 3985
414 7495
414 7496
414 15398
414 18441
415 416
415 417
415 15137
416 419
416 421
417 418
417 4888
418 419
418 420
419 421
420 3294
420 15156
421 422
422 11415
423 426
423 429
423 11351
424 429
425 436
425 448
425 459
425 15411
426 427
426 428
427 540
428 430
430 431
430 432
431 441
432 443
432 471
433 437
433 465
434 437
435 438
435 439
436 4984
436 4986
437 438
437 480
438 478
439 487
440 487
440 488
441 442
441 443
442 444
442 13598
443 474
443 475
445 490
447 7242
447 9171
447 10605
448 4072
448 4984
448 7985
450 8758
451 543
451 545
452 542
452 543
453 454
453 455
454 9767
455 456
455 457
457 2591
458 2326
458 9767
458 18212
459 7981
459 7985
460 461
460 8791
460 10181
461 7283
461 9846
462 8780
462 8813
462 11258
463 10181
463 10194
464 465
465 479
465 480
466 473
467 3015
467 3016
467 18876
468 469
468 471
468 474
469 472
469 473
470 481
470 492
470 503
475 13598
476 477
476 13593
477 13598
478 482
478 487
479 484
479 13595
480 482
480 484
481 4005
481 4006
482 483
483 484
483 485
484 486
486 13595
486 13596
487 489
488 489
490 9905
491 11338
491 11341
491 15178
492 514
492 4157
493 8756
494 495
494 496
494 498
495 1456
495 17035
496 1455
496 2564
497 498
497 500
497 9901
498 499
498 18952
499 500
499 1438
499 2564
500 1437
500 1458
501 502
502 504
503 4145
503 4182
504 4477
505 506
505 507
508 517
508 2895
509 510
509 511
509 512
509 513
510 2906
510 2911
510 3109
511 3066
511 3109
512 2906
512 2941
512 3110
513 3067
513 3110
513 3126
513 9919
514 525
514 536
514 4006
515 516
515 517
515 518
516 2910
516 3107
517 2894
518 519
518 1382
519 2855
519 2897
520 521
520 522
520 523
521 526
521 5923
522 524
522 526
523 6233
524 529
524 2996
525 4157
525 4159
526 527
527 528
527 529
527 530
528 1406
529 2997
529 2999
530 5926
530 5927
530 5928
531 532
531 11840
531 11847
532 11842
533 534
533 17256
534 535
534 5125
536 3995
536 3996
537 538
537 4958
538 3337
538 3381
539 540
539 541
541 2893
543 544
544 545
544 3164
544 3165
545 3163
545 18859
546 5758
546 11824
546 14393
547 559
547 570
547 581
548 549
548 550
548 14394
549 11832
549 17418
550 17418
551 745
551 10526
552 566
552 567
552 11801
553 554
553 555
553 11812
554 9618
554 9840
555 556
555 17431
556 557
557 560
557 561
557 562
558 10602
559 592
559 4046
559 4812
560 564
560 569
561 569
562 568
562 17431
563 564
564 565
565 566
566 567
567 17429
568 17429
570 4220
570 4812
570 8927
571 600
571 601
571 14435
572 573
572 574
572 600
572 14435
573 591
573 593
573 594
574 591
574 596
574 7136
575 593
575 599
575 11859
575 11860
576 577
576 606
576 4991
576 11859
577 578
577 587
577 597
578 579
578 584
579 580
579 582
579 583
580 602
580 11014
581 1192
581 4046
581 4365
582 583
582 11012
583 584
584 586
585 586
585 589
585 6480
586 597
587 588
587 602
587 4807
588 604
588 605
588 4807
589 597
589 4980
590 591
590 596
590 11856
591 598
592 603
592 614
593 598
594 595
594 599
594 600
595 11855
595 11863
596 7136
597 4991
598 11860
599 11863
600 11855
601 11756
601 11844
601 11855
602 604
603 4046
603 17046
605 606
605 7359
606 4807
607 608
607 11757
607 11758
608 11754
608 11757
608 11759
609 617
609 5169
609 11752
610 611
610 17235
610 17239
611 612
611 613
611 616
612 616
612 17239
613 615
613 4531
614 4812
614 9092
615 616
615 7892
617 618
618 5169
619 620
619 4735
620 621
620 623
620 7880
620 11757
621 11767
621 11850
622 7880
622 11763
622 11850
623 11755
623 11757
624 626
624 10515
624 11762
625 636
625 647
625 17046
625 17047
626 11876
627 8670
627 11769
628 11879
628 11881
628 11887
629 8432
629 11221
629 11222
630 15261
630 15264
630 15267
631 11005
631 11013
632 635
632 645
632 11005
632 11007
633 652
633 657
633 11009
633 11900
634 11016
634 11017
635 648
635 11016
635 11017
636 8922
636 8923
637 638
637 639
637 11009
638 642
638 655
639 644
639 11010
640 641
640 11007
641 645
641 9713
642 643
642 649
642 9713
643 11017
644 650
644 651
644 7358
645 646
646 648
647 670
647 692
648 649
650 9713
650 11907
651 652
651 7280
651 11010
652 653
652 7280
653 11893
654 659
654 7191
654 11893
655 11009
655 11017
656 6868
656 7302
656 7358
657 11017
657 11903
658 670
658 681
658 692
659 660
659 11898
660 7191
660 11906
661 677
661 11212
662 674
662 675
662 11212
663 664
663 665
663 666
663 667
664 671
664 7158
664 7169
665 666
665 673
666 674
667 676
667 11216
668 671
668 7169
668 7202
669 11283
669 17155
669 17178
670 692
670 9086
671 676
672 673
672 10333
672 11214
673 675
674 675
676 7258
677 678
678 679
678 11217
679 11217
680 682
680 683
680 684
681 9086
681 9093
682 11217
683 9747
684 690
684 18218
685 686
685 687
685 7247
686 688
686 7236
687 712
687 3883
687 9745
688 689
689 690
689 7374
689 7375
691 693
691 18220
692 16663
693 871
693 9747
694 695
694 696
694 740
695 697
695 698
696 738
696 740
697 737
697 739
698 699
698 700
699 702
699 733
700 740
700 3876
701 702
701 704
701 706
701 707
702 707
703 714
703 12838
703 16796
704 9748
705 706
705 18218
706 709
707 708
708 709
708 710
710 730
710 732
711 712
711 713
711 720
712 715
712 9745
713 7369
714 758
714 1337
714 7392
715 716
715 717
716 727
716 3882
717 724
717 726
718 719
718 720
718 721
718 722
719 6868
719 11894
720 723
720 724
721 723
721 3879
722 7369
723 3878
725 736
725 747
725 769
725 1303
725 7173
725 7662
726 727
727 729
728 729
728 3875
729 3874
730 731
731 3875
731 3876
732 3884
732 7950
733 734
733 9748
734 735
735 737
736 747
736 8836
737 739
738 739
740 11240
741 9694
741 9696
742 9694
743 744
743 745
744 745
744 11771
746 3436
746 14381
747 7662
748 11793
749 750
749 751
750 14381
751 752
751 14378
752 753
753 754
753 14376
754 763
754 14388
755 757
755 760
755 775
755 14388
756 796
756 14388
756 14389
757 759
757 760
757 774
758 16796
758 16807
759 761
759 762
760 765
760 784
760 795
761 770
761 772
762 764
762 765
762 776
763 766
763 767
764 776
764 778
765 784
766 768
766 14391
767 773
767 775
768 772
768 773
769 781
769 1303
770 771
770 14391
771 772
773 774
774 775
776 777
776 5869
777 778
777 779
778 779
779 782
780 6225
780 17165
781 1325
781 1337
781 7662
782 783
782 786
783 784
783 785
783 797
785 806
785 808
786 787
786 788
787 11213
788 789
789 793
790 791
790 793
790 794
791 867
792 803
792 4683
792 4684
792 14571
793 794
794 11215
795 796
795 797
796 798
798 799
798 800
799 809
799 811
799 10065
800 802
800 14389
801 802
801 809
802 14378
803 814
803 836
803 847
804 805
804 806
804 807
805 810
805 8415
807 832
810 811
810 812
811 813
812 813
812 823
813 815
814 825
814 836
814 847
815 823
815 824
816 817
816 818
817 824
818 820
818 822
818 848
819 820
819 821
819 822
820 9633
820 9643
821 9644
822 9972
823 826
825 10960
825 12089
826 827
826 831
827 828
827 829
827 830
828 848
828 851
829 831
829 842
830 838
830 841
831 832
832 833
833 835
833 843
834 835
834 837
834 838
835 842
836 4641
837 843
837 844
838 839
838 842
839 840
839 841
840 845
840 846
841 849
844 845
846 856
846 862
847 903
849 850
849 851
850 851
850 852
852 863
853 854
853 855
853 856
854 862
855 857
855 859
856 860
857 859
857 860
858 869
858 880
858 892
859 861
861 864
861 867
862 863
863 864
865 866
865 11210
866 7956
866 7960
867 868
868 870
868 11209
869 13547
869 13548
870 871
870 11209
870 11210
872 873
872 874
872 875
873 874
873 876
874 877
876 877
876 878
877 7964
877 9764
878 879
878 881
879 882
879 883
879 884
880 13547
880 13745
881 884
881 890
882 887
882 9636
883 9632
883 9641
884 889
885 886
885 887
886 7967
886 7976
887 888
888 898
888 9638
889 7966
890 7966
890 7968
891 1002
891 1114
891 1225
892 13747
892 13748
893 894
893 895
894 9974
894 9977
895 937
895 938
896 897
896 898
896 899
897 7384
897 7973
898 7974
899 7384
900 901
900 902
900 904
901 905
901 972
902 972
902 9761
903 914
903 925
904 916
904 917
905 906
906 908
906 911
907 908
907 909
907 910
908 912
909 951
909 972
910 950
910 953
911 915
911 916
911 918
912 913
913 921
913 922
914 13873
914 13874
915 919
915 921
917 918
917 937
918 919
918 930
919 920
920 930
920 933
920 934
922 923
922 924
923 960
924 926
924 927
925 9654
925 10993
925 13873
926 934
927 928
927 929
928 939
928 942
929 931
929 932
930 937
930 938
931 939
932 934
933 935
935 938
936 947
936 7112
936 11639
936 13459
939 940
940 955
941 942
941 943
941 944
942 966
943 966
943 967
944 955
944 956
945 946
945 948
945 949
946 979
946 984
947 13460
948 950
948 952
949 961
949 978
950 951
951 968
952 953
952 954
954 962
954 964
956 973
956 975
957 959
957 960
958 969
958 980
958 991
958 1102
958 4537
958 13770
959 965
959 966
960 964
961 962
961 967
961 981
962 963
963 964
963 965
965 967
968 970
968 971
969 1102
969 1115
969 13770
970 1183
970 1188
971 974
971 976
972 9761
973 974
974 975
975 976
976 977
977 983
977 984
978 979
978 981
979 982
980 991
980 1014
982 983
982 984
985 986
985 987
985 988
986 995
986 998
986 999
987 989
987 999
988 998
989 990
989 992
989 993
989 10496
990 993
990 10496
991 1102
992 1007
992 11255
993 1034
993 1064
993 15294
994 995
994 996
994 997
995 998
995 999
996 1004
997 998
997 1000
1000 1001
1001 1004
1001 1005
1002 1225
1002 13458
1003 1014
1003 1025
1003 4537
1003 8738
1003 13761
1003 13762
1005 1177
1006 10494
1006 11255
1007 9749
1008 1027
1008 1028
1008 11915
1008 11931
1009 1011
1009 11917
1009 11923
1010 1050
1010 7106
1010 11923
1010 11936
1011 11918
1011 11936
1012 1013
1012 1015
1012 1016
1013 1017
1013 11978
1014 1025
1015 1018
1015 1057
1015 11939
1016 1017
1016 1019
1017 11979
1018 1019
1018 11958
1018 11959
1019 1022
1020 1023
1020 1043
1020 11979
1021 1024
1021 11245
1021 11969
1022 1023
1022 1024
1023 1044
1024 11969
1025 6213
1025 8738
1026 9665
1026 11924
1026 11927
1027 9916
1027 11932
1028 1041
1028 1042
1029 1030
1029 1031
1029 9670
1030 1053
1030 1055
1031 1035
1031 9750
1032 1033
1032 1038
1032 11938
1033 1037
1033 9915
1034 1052
1034 15272
1035 1037
1035 9915
1035 15272
1036 1047
1036 1058
1036 13766
1037 1038
1038 15273
1039 1086
1039 11943
1039 11947
1039 11950
1040 11938
1040 11943
1040 15273
1041 9670
1041 9750
1042 9665
1042 11938
1043 1044
1043 11920
1043 11977
1044 11974
1045 1046
1045 1048
1045 11922
1046 1049
1046 11928
1047 6191
1047 6202
1047 13772
1047 13774
1048 1049
1048 11923
1049 1050
1050 1051
1050 9828
1051 1062
1051 11928
1052 1054
1052 1056
1053 1054
1054 1056
1055 1056
1057 11945
1057 11946
1057 11959
1058 8743
1059 1060
1059 1061
1059 11935
1060 9666
1060 9914
1061 1062
1061 1063
1062 9828
1063 11910
1063 11914
1064 1065
1064 1066
1065 9699
1066 1075
1066 9909
1067 9909
1067 15275
1067 15294
1068 1134
1068 1165
1068 9669
1069 1080
1069 1091
1069 13584
1070 1072
1070 1077
1070 15283
1071 1076
1071 1077
1071 15283
1072 1073
1072 11950
1073 1074
1073 1077
1074 1075
1074 1076
1075 9909
1076 15281
1078 1132
1078 1133
1078 15287
1078 15288
1078 15290
1079 1097
1079 1128
1079 15299
1080 6169
1080 6247
1080 13765
1081 1097
1081 15299
1081 15300
1082 1083
1082 15280
1082 15291
1083 1084
1083 15284
1084 1085
1084 1096
1084 1101
1085 1095
1085 15284
1086 1087
1087 9700
1088 1089
1088 11946
1088 11947
1088 11949
1089 1090
1089 11957
1090 11949
1090 11962
1091 8747
1092 1093
1092 11949
1092 11962
1093 1094
1093 11965
1094 1108
1094 11955
1095 11954
1095 11956
1096 1131
1096 15291
1097 1104
1097 1129
1098 1110
1098 1111
1098 1228
1098 15302
1099 1127
1099 15298
1099 15302
1100 1257
1100 15302
1100 15307
1101 1103
1101 1104
1101 11956
1102 1115
1102 1126
1102 6213
1102 6236
1103 1107
1103 11955
1104 1105
1104 1106
1105 1110
1105 1118
1105 1127
1106 1107
1106 1117
1106 1118
1107 1108
1108 1119
1109 1110
1109 1111
1109 1112
1109 1116
1111 1120
1111 1123
1112 1118
1112 11982
1113 2224
1113 3890
1113 15987
1113 15991
1113 16013
1113 17962
1114 1126
1114 1225
1115 13760
1116 1120
1116 1124
1116 11982
1117 1119
1117 11982
1117 11983
1119 11967
1120 1121
1120 1122
1121 1125
1121 1227
1122 1124
1122 1125
1123 1227
1123 1228
1123 1229
1124 11981
1125 11984
1126 6236
1127 15300
1128 1129
1128 1130
1128 15289
1129 1131
1130 1132
1130 1133
1130 1141
1131 15289
1132 15289
1134 1165
1134 15288
1135 1136
1135 1138
1135 10498
1136 1144
1137 1148
1137 1159
1137 1170
1137 9128
1138 1143
1138 1206
1139 1140
1139 1141
1139 1142
1140 1144
1142 1143
1142 15299
1143 15301
1144 1145
1145 10498
1146 1147
1146 1167
1146 9691
1146 10488
1147 1224
1147 9691
1148 1181
1148 4365
1149 1167
1149 9691
1150 1151
1150 1152
1150 10499
1151 10499
1151 12013
1152 1153
1152 1204
1152 1205
1153 1206
1153 10498
1154 1155
1154 1156
1154 15276
1155 1165
1155 15276
1156 1157
1156 1162
1157 1158
1157 1162
1158 1163
1158 10490
1159 1170
1159 4165
1159 4168
1160 1166
1160 10488
1161 1162
1161 1163
1163 1166
1163 1168
1164 1165
1164 1169
1164 9680
1165 15293
1166 1167
1166 10490
1167 1168
1168 1169
1169 9680
1170 4033
1170 4034
1170 8926
1171 1172
1171 1173
1171 1174
1171 1175
1172 1176
1172 1177
1173 1179
1173 1182
1174 1177
1174 1183
1175 1179
1175 1180
1176 1177
1176 1178
1178 1180
1178 1184
1179 7103
1180 1184
1180 7105
1181 1192
1181 8922
1181 17047
1182 7099
1182 7103
1183 7097
1184 1185
1184 1186
1185 1187
1186 1188
1186 11204
1187 1262
1187 10491
1187 11205
1188 7100
1189 1190
1189 1191
1189 9646
1190 9646
1190 9669
1191 1220
1191 10489
1192 4045
1193 1197
1193 1261
1193 12011
1194 1195
1194 1196
1194 1197
1194 12011
1195 1199
1195 1209
1195 1211
1196 1211
1196 12012
1197 1198
1198 1199
1198 12015
1199 1207
1200 1201
1200 1202
1200 1204
1201 1207
1201 15310
1202 15305
1202 15310
1203 1214
1203 1226
1203 1237
1203 17063
1204 1208
1205 1206
1205 1208
1206 15303
1207 1209
1208 15305
1209 15310
1209 15315
1210 15311
1210 15315
1211 15315
1212 1213
1212 1215
1212 1216
1213 1221
1213 1272
1213 8414
1214 4407
1214 9098
1215 1277
1215 1278
1216 1217
1216 1373
1217 1218
1217 9657
1218 1219
1218 1220
1219 1221
1219 1222
1220 10489
1222 1266
1222 1271
1222 1272
1223 1224
1223 10489
1225 13718
1226 4030
1226 4171
1227 11985
1228 1235
1229 1232
1229 11985
1229 15321
1230 1234
1230 1255
1230 15317
1231 1236
1231 1250
1231 1256
1231 15317
1232 1235
1232 15318
1233 1235
1233 1257
1233 15313
1233 15318
1234 15318
1234 15321
1236 1238
1236 1239
1236 1240
1237 4028
1237 9095
1238 1242
1238 1250
1238 12004
1239 1241
1239 1242
1239 1243
1240 1243
1240 1256
1241 1244
1241 1245
1242 1246
1242 11992
1243 1245
1243 1251
1244 1246
1244 1247
1245 1247
1245 1252
1246 1249
1247 15322
1248 1259
1248 1270
1248 2392
1248 17807
1249 6875
1249 11992
1250 12012
1251 1255
1251 1256
1252 1253
1252 1254
1253 1255
1253 15320
1254 15320
1254 15322
1257 15309
1258 1260
1258 1261
1258 12006
1259 2392
1259 2403
1260 10314
1260 12003
1261 12017
1262 1267
1262 1268
1263 1264
1263 1265
1263 1266
1264 1272
1264 1275
1265 1290
1265 1291
1266 1267
1267 1271
1268 1293
1268 11206
1269 1280
1269 1294
1269 11207
1270 10292
1270 10293
1270 10294
1271 10491
1272 1273
1273 1274
1274 1275
1274 1276
1275 1291
1276 1286
1276 1288
1277 1309
1277 1328
1277 1374
1278 1463
1279 1280
1279 1282
1279 1283
1280 1284
1281 1292
1281 1303
1281 1314
1282 1295
1283 1296
1283 1299
1284 1287
1284 1289
1285 1286
1285 1287
1286 1289
1287 1299
1288 1310
1289 1291
1290 1293
1290 1294
1292 1325
1292 8376
1293 1294
1295 1296
1295 1297
1296 1301
1297 1298
1299 1300
1300 1301
1300 1302
1301 1320
1302 1320
1302 1321
1303 7173
1304 1305
1304 1306
1304 1307
1305 1316
1305 1327
1306 1308
1306 1309
1306 1327
1307 1343
1307 1346
1308 1309
1308 1344
1310 1312
1311 1312
1311 1313
1313 1315
1313 1319
1314 8236
1314 8845
1315 1316
1315 1317
1315 1318
1316 1326
1317 1319
1317 1322
1317 1323
1318 1324
1318 1329
1319 1321
1322 7281
1322 8466
1324 1326
1324 1328
1325 7390
1326 1327
1328 1329
1330 1331
1330 1332
1331 1364
1331 1365
1331 7094
1332 1341
1332 1355
1333 1334
1333 1335
1333 1338
1334 1339
1334 1342
1335 1351
1335 7087
1335 7088
1336 1447
1336 3620
1336 3690
1336 16486
1337 7390
1338 5075
1338 5077
1339 1340
1339 1341
1340 1344
1340 1374
1341 1373
1342 1343
1342 1345
1342 1347
1344 1345
1346 1349
1346 1350
1347 1351
1348 2279
1348 2296
1348 2322
1348 5342
1348 12988
1349 1351
1350 7083
1350 7085
1352 1353
1352 1354
1352 1367
1353 1363
1353 1364
1354 1368
1354 1372
1355 1360
1355 1369
1355 1372
1356 1357
1356 1358
1356 1360
1357 9657
1358 1361
1358 1362
1359 1370
1359 1381
1359 1392
1359 1403
1360 1369
1361 1363
1361 1367
1363 1365
1363 1366
1365 8327
1366 6920
1366 8326
1367 1368
1368 1371
1369 1371
1370 8671
1370 8672
1371 1372
1373 1463
1375 1376
1375 14468
1376 5939
1376 5990
1377 1378
1377 1379
1377 2894
1378 2890
1378 2895
1379 1380
1379 1382
1380 2854
1380 2893
1381 8625
1381 9555
1382 2862
1383 1384
1383 1385
1383 1386
1384 5926
1384 5966
1384 5968
1385 5967
1386 5932
1387 2534
1387 2535
1388 1389
1388 1390
1388 1391
1389 1393
1389 2556
1389 2557
1390 2555
1390 2561
1390 2899
1391 2567
1391 2899
1392 8625
1392 9451
1393 1394
1393 1395
1393 1396
1394 3141
1394 3142
1395 2954
1395 3068
1395 3142
1396 2557
1396 2954
1396 2963
1397 1398
1397 1399
1397 1400
1397 2953
1397 6979
1398 3133
1398 3192
1398 3194
1399 1400
1399 3048
1400 3068
1401 1402
1401 1404
1401 1405
1401 2946
1402 2949
1402 2951
1402 3176
1403 9440
1403 9441
1404 2950
1404 2976
1405 2976
1405 3009
1405 3233
1406 1407
1406 1408
1406 1409
1407 1410
1407 3000
1408 2997
1408 3000
1408 3001
1409 5940
1409 5941
1410 1411
1410 1412
1410 1413
1411 3005
1411 3186
1412 2990
1412 5942
1413 3004
1413 3186
1414 1425
1414 1436
1414 1448
1414 1459
1415 1416
1415 17036
1416 1450
1416 1451
1416 1452
1417 1418
1417 1419
1417 14484
1418 7941
1418 14483
1419 8468
1419 8474
1420 3210
1420 3216
1420 14466
1421 8473
1421 8481
1421 14466
1422 1423
1422 1424
1422 14475
1423 2995
1423 14473
1424 3216
1424 3219
1425 8671
1425 9194
1426 1444
1426 2984
1426 14484
1427 1441
1427 2988
1427 8472
1427 14484
1428 1429
1428 1430
1428 14475
1428 18815
1429 7942
1430 8474
1430 8475
1431 2535
1431 2843
1431 2844
1432 1433
1432 1434
1432 1435
1433 1434
1433 2886
1434 2556
1434 2884
1434 2887
1435 2972
1435 3141
1436 1492
1436 9440
1436 18653
1437 1438
1437 1439
1437 1440
1438 2530
1438 2531
1439 1458
1439 1460
1439 1461
1440 1443
1440 1461
1440 2531
1441 1442
1441 1443
1441 2988
1442 1444
1442 3012
1443 2986
1443 3012
1444 1445
1444 1446
1444 1449
1445 2529
1445 3012
1445 3013
1446 3010
1446 3011
1446 3013
1447 14084
1447 16486
1448 1470
1448 18639
1449 2568
1449 2932
1449 2961
1450 1453
1450 1457
1451 1455
1451 1456
1452 1457
1452 2526
1452 2565
1453 1454
1453 2537
1453 2538
1454 2534
1455 2565
1456 17036
1457 2515
1457 2519
1458 1462
1459 1470
1459 1481
1459 1492
1460 1462
1460 14486
1461 14481
1462 9901
1464 10415
1464 14718
1464 16841
1465 16628
1465 17851
1465 17963
1466 1467
1466 1468
1466 1469
1466 1472
1466 9773
1467 9770
1467 18562
1468 1483
1468 1486
1469 1472
1469 1482
1470 18631
1470 18635
1471 1472
1471 1478
1471 1487
1471 1489
1471 14651
1473 1474
1473 1475
1473 1476
1473 1477
1474 1477
1474 1478
1475 1495
1475 12636
1476 7127
1476 8618
1476 8667
1477 1480
1478 1479
1479 1490
1479 1495
1480 1482
1480 1485
1481 18635
1481 18643
1481 18644
1483 1484
1483 1485
1484 1486
1484 18597
1485 7128
1486 18562
1487 1488
1487 12634
1488 1489
1488 12684
1489 12684
1490 1494
1490 12634
1491 1493
1491 2579
1491 2580
1491 14651
1492 18644
1492 18645
1493 2343
1493 2344
1494 1495
1494 12636
1496 2579
1496 9878
1496 14650
1497 14654
1497 14658
1498 1508
1498 14654
1498 14658
1499 12628
1499 12629
1499 12678
1500 1501
1500 1502
1500 1504
1500 12687
1501 1509
1501 12632
1502 14655
1502 14656
1503 1514
1503 1525
1503 1536
1503 1547
1504 1517
1504 9863
1504 14655
1505 1506
1505 12629
1505 12678
1506 12627
1506 12679
1507 1668
1507 1671
1507 12679
1508 1509
1508 12627
1508 12632
1509 14656
1510 1515
1510 1680
1510 8514
1510 12670
1511 1512
1511 1682
1511 1694
1512 1695
1512 1698
1513 1521
1513 8514
1513 12670
1514 6261
1514 6273
1515 1516
1515 1680
1516 1684
1517 1689
1517 1706
1517 1710
1517 12676
1518 1519
1518 1520
1518 12688
1519 1630
1519 12688
1520 1523
1520 1528
1521 1522
1521 1523
1522 1535
1522 1584
1522 1602
1522 1605
1522 1683
1522 1684
1523 1534
1523 1535
1524 1526
1524 1527
1524 1528
1524 1529
1525 1536
1525 6260
1526 1529
1526 1531
1526 1580
1527 1530
1527 1531
1527 1623
1527 1624
1527 12746
1528 1611
1528 8685
1529 1534
1530 1597
1530 1598
1531 1582
1532 1674
1532 8572
1532 12745
1533 1587
1533 8572
1533 12745
1534 1535
1536 8626
1536 9450
1537 1538
1537 1539
1537 12745
1538 1540
1538 1674
1539 7174
1539 12749
1540 4736
1540 12748
1541 7174
1541 12604
1541 12749
1542 1543
1542 1544
1542 1550
1543 1550
1543 1551
1543 1553
1544 1545
1544 1548
1545 1546
1545 1548
1546 1556
1546 1557
1547 8776
1547 9450
1548 1713
1549 1550
1549 1551
1549 1552
1549 1686
1551 1552
1552 1584
1552 1585
1552 1683
1552 1685
1553 1594
1554 1555
1554 1557
1554 1569
1555 1564
1555 1752
1556 1573
1556 1574
1557 1719
1557 12674
1558 1669
1558 1780
1559 1570
1559 1581
1559 1592
1559 1603
1560 1561
1560 1562
1560 1594
1561 1563
1561 1575
1562 1576
1562 1578
1562 1594
1563 1564
1564 1753
1564 12743
1565 1566
1565 1567
1565 1568
1566 1568
1566 1569
1567 1569
1567 1571
1569 1572
1570 3433
1570 8759
1571 1572
1573 1574
1575 1576
1575 12744
1576 1577
1577 1675
1577 12744
1578 1595
1578 1675
1579 1580
1579 1582
1579 1583
1580 1600
1580 1608
1581 18625
1581 18628
1581 18632
1583 1585
1583 1606
1584 1605
1585 1586
1586 1605
1586 1606
1587 1588
1587 1589
1588 1593
1588 1678
1589 1590
1589 1597
1590 1591
1590 1593
1591 1596
1592 1614
1592 18642
1593 1595
1595 1677
1596 9907
1597 9907
1598 12745
1598 12746
1599 1600
1601 1602
1601 1604
1601 1606
1601 1607
1602 1604
1603 18622
1603 18623
1609 1620
1609 1632
1609 12691
1610 12688
1610 12689
1610 12693
1611 1612
1611 1613
1611 1615
1612 1630
1612 1632
1613 8685
1613 8686
1614 1625
1614 1636
1615 1628
1615 8690
1616 1617
1616 1618
1616 1619
1616 1628
1617 1635
1617 1641
1618 1622
1618 1627
1618 1638
1619 1620
1619 1632
1619 1641
1620 1640
1620 12692
1621 1639
1621 1640
1621 12692
1622 1623
1622 8689
1623 8688
1624 8685
1624 8687
1625 3431
1625 8761
1626 1633
1626 1634
1626 12747
1627 1634
1627 12746
1627 12747
1628 1629
1629 8689
1629 8690
1630 1631
1631 12691
1634 1638
1635 1637
1635 1638
1636 14510
1637 1641
1637 1642
1639 1642
1640 1641
1640 1642
1643 1644
1643 1645
1643 12680
1644 1651
1644 1657
1645 1651
1645 1652
1645 1653
1646 1648
1646 1649
1646 1650
1647 1658
1647 1670
1647 1681
1647 1692
1648 1663
1649 1652
1649 1654
1650 1667
1650 12625
1651 1652
1651 1662
1651 1666
1653 1654
1653 12680
1654 12679
1655 1656
1655 1657
1655 12641
1656 1660
1656 1663
1657 1661
1658 2349
1658 2350
1659 1660
1659 1661
1659 1662
1660 1661
1662 1664
1662 1665
1663 1665
1664 1666
1667 1668
1667 12624
1668 12624
1669 1780
1669 10590
1670 5392
1670 5684
1671 1672
1671 12624
1672 12624
1672 12669
1673 4725
1673 4747
1673 4792
1674 1676
1675 1677
1675 1679
1676 1679
1676 1751
1677 1678
1677 1679
1678 1751
1680 1682
1680 1684
1681 2384
1681 5676
1681 5684
1683 1685
1684 1687
1685 1686
1685 1687
1686 1688
1686 1696
1687 1693
1687 1694
1688 1697
1688 1713
1688 12673
1689 1700
1689 1701
1690 1697
1690 1700
1690 12676
1691 1707
1691 1730
1691 12676
1692 2036
1692 2047
1693 1696
1693 1705
1694 1705
1695 1696
1695 1704
1695 1705
1696 1697
1697 1699
1698 1699
1698 1701
1699 1702
1699 1704
1700 1702
1701 1702
1703 1714
1703 1725
1703 1803
1706 1707
1706 1708
1707 1709
1707 1730
1707 1733
1708 1710
1708 1711
1709 1732
1709 12856
1711 1720
1711 12858
1712 1717
1712 1729
1712 12672
1712 12857
1713 1715
1714 1736
1714 5759
1715 12673
1715 12674
1716 1717
1716 1718
1716 1719
1716 12674
1718 1728
1718 1748
1718 12857
1719 1748
1720 1721
1720 1722
1721 1723
1721 1724
1721 12858
1722 1724
1722 1735
1723 1726
1723 1727
1724 1734
1724 1739
1725 1736
1725 1747
1726 1727
1726 1739
1726 1742
1727 1728
1727 12857
1728 1749
1728 7785
1729 1732
1729 1733
1730 1731
1731 1733
1731 12672
1732 1733
1734 1735
1734 17044
1735 1737
1735 1738
1736 5910
1736 5911
1737 1743
1737 1744
1738 1743
1738 14630
1739 1740
1739 17044
1740 1741
1740 1742
1741 6905
1741 7776
1742 6878
1742 6883
1743 1745
1744 1745
1744 1746
1745 1746
1746 4901
1747 1758
1747 1769
1748 1749
1748 1750
1749 6879
1749 6889
1750 6884
1750 7220
1751 8572
1752 1753
1752 1754
1753 1755
1753 1756
1754 7192
1754 7220
1754 7221
1755 1759
1755 7192
1756 1757
1756 1759
1756 1760
1757 1761
1758 7948
1758 8769
1759 6910
1759 7194
1760 1761
1760 1823
1760 6910
1761 12743
1762 10715
1762 10717
1762 10722
1763 10197
1763 10200
1763 15720
1764 1766
1764 10721
1764 15695
1765 10721
1765 15699
1766 1767
1766 15694
1767 1768
1767 15698
1768 1770
1768 1771
1769 1781
1769 1792
1770 1773
1770 15698
1771 1772
1771 1773
1772 1774
1772 2251
1773 1774
1774 2250
1775 1776
1775 1777
1775 6896
1776 1778
1776 1779
1776 1782
1777 1797
1777 1798
1777 1815
1778 1791
1778 1793
1778 1794
1779 1787
1779 9701
1780 18869
1781 2012
1781 5734
1782 6912
1782 8464
1783 1784
1783 1785
1783 1786
1783 1787
1784 1824
1784 1884
1785 1788
1785 1789
1785 1790
1786 1829
1787 9705
1788 1871
1788 1872
1789 1832
1789 1867
1789 1868
1790 1795
1790 1796
1791 1843
1791 1881
1792 1803
1792 4890
1793 1815
1793 1854
1794 1813
1794 1835
1795 1826
1795 1866
1796 1852
1796 1853
1796 8413
1797 1810
1797 1812
1798 1857
1799 1800
1799 1801
1799 1802
1799 1855
1800 6887
1800 9752
1801 7199
1801 7200
1802 1806
1802 1807
1802 1808
1803 1814
1804 8269
1804 12743
1805 1819
1805 1823
1805 8258
1805 8269
1806 1817
1806 1818
1807 1819
1807 7203
1808 1812
1808 1817
1808 1855
1809 1810
1809 1811
1809 1812
1809 8302
1810 1815
1810 1854
1811 1813
1811 1854
1812 1816
1813 8313
1814 5733
1814 5754
1816 1817
1816 8302
1817 1856
1818 1821
1818 7787
1819 1820
1819 1821
1820 1823
1820 6909
1821 1822
1821 8258
1822 7786
1822 7787
1822 9899
1824 1826
1824 1827
1824 1828
1825 1836
1825 1847
1825 1858
1825 1869
1827 1859
1827 1866
1828 1842
1828 1844
1829 1830
1830 1876
1830 1877
1831 1832
1831 1833
1831 1834
1832 1834
1832 1876
1833 8369
1833 17042
1834 1870
1835 1837
1835 1841
1836 5672
1836 5673
1836 5693
1836 5774
1837 1838
1837 1839
1838 8291
1838 8336
1839 8313
1840 1841
1840 1842
1840 8336
1841 1849
1842 1846
1842 1851
1843 1844
1843 1845
1844 1846
1845 1846
1845 1848
1846 1849
1847 1903
1847 5704
1848 1849
1848 1850
1851 1859
1851 1860
1852 1859
1852 1863
1852 1866
1853 1873
1853 1874
1855 1857
1855 6895
1856 7789
1857 6896
1858 5668
1858 5673
1858 5722
1859 1862
1860 1861
1860 1862
1861 1865
1861 8391
1862 1863
1863 1864
1864 1865
1864 8413
1867 1872
1867 1899
1867 7179
1868 8369
1869 5668
1869 5671
1870 6912
1870 10050
1871 1873
1871 1878
1872 1894
1872 1895
1873 1875
1874 8402
1875 1878
1876 1879
1880 1892
1880 1903
1880 1914
1880 1925
1881 1882
1882 1883
1884 10022
1885 1886
1885 1893
1885 1894
1886 1887
1886 1888
1887 5242
1887 8447
1888 1889
1888 5065
1889 1890
1889 1893
1890 1910
1890 5070
1891 2002
1891 10056
1892 5518
1892 5667
1893 1895
1893 1909
1894 1895
1895 1896
1896 1898
1897 1898
1897 1899
1897 1908
1898 1909
1899 7179
1900 5242
1900 8447
1900 8480
1900 8642
1901 8469
1901 9607
1902 4781
1902 7778
1902 7788
1903 5685
1904 7179
1904 13963
1904 14074
1905 1906
1905 1907
1905 4956
1906 5479
1906 8890
1906 10297
1907 1908
1907 1910
1907 5227
1908 1909
1909 1910
1911 12630
1911 15729
1912 6824
1912 8788
1912 12328
1913 12328
1913 12329
1914 2191
1914 5518
1914 5519
1915 1916
1915 12327
1915 12329
1916 12317
1917 10100
1917 12317
1918 1919
1918 1920
1918 12328
1919 1920
1919 1921
1920 1922
1921 1922
1921 14227
1922 1923
1923 1924
1923 14227
1924 14226
1925 5519
1925 5532
1926 2341
1926 3075
1926 14226
1927 12777
1927 18707
1927 18741
1927 18774
1928 1929
1928 12305
1928 18818
1929 1930
1929 1931
1929 3307
1930 12305
1930 13098
1931 3308
1931 4723
1931 8991
1932 1933
1932 1934
1932 18718
1932 18729
1933 1941
1933 4724
1933 4726
1934 3308
1934 4723
1934 4724
1935 1937
1935 1938
1935 10581
1936 1947
1936 1958
1936 1969
1936 5514
1936 5515
1937 1940
1937 4727
1937 4728
1938 1943
1938 4727
1938 10585
1939 1940
1939 18707
1939 18729
1939 18785
1940 1941
1940 1942
1941 4727
1941 18729
1942 4728
1942 12780
1942 18785
1943 4726
1943 4732
1943 12072
1944 4732
1944 8442
1944 8443
1944 12072
1945 2422
1945 18685
1946 1948
1946 1949
1946 1950
1946 1951
1947 5671
1947 5683
1948 2001
1948 2005
1949 1960
1949 2001
1949 2204
1950 2204
1950 2205
1951 2046
1951 2048
1951 2049
1952 1953
1952 1954
1952 1955
1952 1956
1953 1957
1953 1959
1954 2030
1954 2033
1954 2041
1955 9743
1955 14304
1956 1959
1956 2007
1957 1961
1957 1967
1958 5710
1958 5712
1959 1967
1959 2004
1960 1964
1960 1968
1960 1970
1961 1962
1961 1963
1962 1963
1962 1967
1962 1997
1963 1976
1964 1965
1964 1966
1965 1970
1965 1971
1965 1996
1966 1971
1966 1972
1966 1973
1967 1999
1968 2206
1968 2207
1969 5517
1969 5523
1970 1998
1970 2001
1971 1977
1971 1985
1972 1984
1972 1985
1972 1986
1973 7603
1973 7604
1974 1975
1974 1976
1974 1977
1975 1982
1975 1983
1976 1997
1977 1983
1977 1996
1978 1979
1978 1981
1978 1992
1979 1994
1979 2008
1980 1991
1980 2003
1980 2014
1980 2025
1981 2008
1981 2009
1982 1987
1982 1988
1983 1985
1983 1988
1984 2011
1984 7604
1985 1990
1986 1989
1986 2011
1987 1993
1987 1994
1988 1990
1988 1993
1989 1990
1989 1992
1990 1995
1991 5811
1991 5813
1991 5884
1992 1995
1993 1994
1993 1995
1996 1997
1996 1998
1997 1999
1998 1999
1998 2000
1999 2004
2000 2001
2000 2004
2000 2005
2002 2113
2002 2225
2003 5549
2003 5651
2004 2007
2005 2006
2005 2007
2006 2046
2006 2130
2008 2009
2009 2010
2010 2236
2012 2013
2012 2015
2013 2015
2013 2016
2014 5497
2014 5520
2016 2038
2016 2039
2016 2040
2017 2018
2017 2019
2017 2020
2018 2019
2018 2103
2018 2141
2019 2160
2019 2161
2020 2021
2020 2022
2020 2023
2021 2173
2021 2185
2022 2165
2022 2185
2023 2093
2023 2103
2023 2104
2024 2026
2024 2027
2024 2028
2025 5520
2025 5536
2025 5549
2026 2029
2027 2231
2028 4699
2029 6944
2029 6945
2030 2076
2030 2130
2031 2032
2031 2033
2031 2034
2032 2075
2032 2081
2032 2082
2033 2075
2034 2035
2034 2081
2035 2037
2036 2347
2036 2350
2037 2063
2037 2081
2037 2100
2038 2121
2038 2144
2039 2062
2039 2063
2040 2145
2040 2168
2041 2075
2041 2076
2042 2043
2042 2044
2042 2045
2042 2157
2043 2095
2043 2101
2044 2167
2044 2177
2045 2088
2045 2196
2046 2159
2047 2383
2047 2384
2047 2385
2048 2067
2048 2072
2049 2068
2049 2159
2050 2051
2050 2052
2051 2056
2051 2203
2052 2055
2053 2054
2053 2055
2053 2056
2054 2060
2056 2059
2056 2200
2057 2059
2057 2060
2057 2061
2058 2069
2058 2080
2058 2091
2058 2102
2058 2353
2059 2201
2061 4663
2062 2105
2062 2168
2063 2105
2064 2065
2064 2066
2064 2067
2065 2073
2065 2074
2066 2088
2066 2189
2066 2194
2067 2074
2068 2070
2068 2071
2068 2072
2069 2351
2069 2354
2069 2355
2070 2131
2070 2133
2070 2159
2071 2083
2071 2133
2071 2172
2072 2074
2072 2170
2073 2078
2073 2079
2074 2079
2075 2077
2076 2077
2076 2131
2077 2082
2077 2134
2078 2087
2078 2088
2078 2089
2079 2089
2079 2170
2080 2355
2080 5381
2080 5412
2081 2090
2082 2090
2082 2137
2083 2084
2083 2085
2083 2086
2084 2092
2084 2093
2084 2094
2085 2171
2085 2172
2086 2092
2086 2133
2086 2135
2087 2095
2087 2096
2088 2195
2089 2096
2089 2171
2090 2100
2090 2138
2091 5412
2091 5455
2091 5456
2092 2098
2092 2138
2093 2098
2093 2099
2094 2096
2094 2099
2094 2171
2095 2097
2096 2097
2097 2099
2097 2101
2098 2103
2098 2139
2099 2104
2100 2105
2100 2139
2101 2104
2101 2175
2102 2114
2102 2353
2103 2140
2104 2173
2105 2140
2106 2107
2106 2108
2106 2111
2106 2148
2107 2120
2107 2121
2108 2111
2108 2115
2109 2110
2109 2111
2109 2112
2109 2115
2110 2117
2110 2151
2110 2187
2111 2150
2112 2122
2112 2150
2112 2151
2113 15811
2113 15813
2113 15815
2114 2353
2114 5457
2115 2233
2115 9991
2116 2117
2116 2118
2116 2119
2117 2152
2117 2182
2118 2127
2118 2152
2119 2184
2119 9715
2120 2124
2120 2148
2120 2149
2121 2149
2122 2123
2122 2124
2122 2126
2123 2128
2123 2151
2123 2153
2124 2150
2124 2154
2125 2136
2125 2147
2125 2158
2126 2153
2126 2154
2126 2155
2127 2128
2127 2129
2128 2152
2128 2156
2129 2156
2129 2157
2130 2131
2131 2132
2132 2133
2132 2134
2132 2135
2134 2137
2135 2137
2135 2138
2136 5461
2138 2139
2139 2140
2140 2141
2141 2142
2141 2143
2142 2145
2142 2168
2143 2144
2143 2145
2143 2146
2144 2149
2144 2162
2146 2160
2146 2162
2147 2349
2148 2150
2149 2154
2151 2152
2153 2156
2153 2164
2154 2161
2155 2161
2155 2164
2155 2165
2156 2176
2157 2167
2158 2371
2158 2376
2160 2163
2161 2163
2162 2163
2164 2166
2165 2166
2166 2185
2166 2186
2167 2179
2169 2180
2169 2191
2169 2202
2169 2213
2170 2171
2170 2172
2173 2174
2174 2178
2174 2186
2175 2176
2175 2177
2175 2178
2176 2179
2176 2181
2177 2179
2178 2181
2180 2226
2180 3914
2181 2186
2182 2183
2182 2184
2183 2188
2183 6922
2184 9988
2187 2188
2187 6927
2187 9991
2188 6921
2189 2190
2189 2192
2189 2193
2190 2223
2190 15810
2191 5528
2191 5529
2192 2223
2192 2229
2192 2230
2193 2217
2193 2229
2194 2195
2194 2197
2195 2196
2195 2198
2196 2199
2197 2198
2197 2203
2198 2199
2198 2200
2199 2201
2200 2201
2200 2203
2202 3914
2202 5522
2202 5550
2204 2206
2205 2215
2205 2217
2206 2215
2207 2215
2207 2216
2208 2209
2208 2210
2208 2214
2209 4693
2210 2211
2210 2227
2210 7615
2211 2212
2211 15810
2212 2214
2212 15809
2213 2270
2213 4114
2215 2221
2216 2218
2217 2221
2218 2219
2218 2220
2219 2221
2219 2229
2220 2229
2220 2230
2222 2223
2222 2227
2222 2228
2223 2227
2224 15990
2224 18074
2225 4446
2225 4957
2225 6668
2226 2237
2226 2248
2228 2230
2231 4838
2231 5773
2232 2233
2232 2234
2232 2235
2233 6928
2234 6928
2234 9960
2235 6929
2235 6930
2236 8308
2236 8309
2237 2259
2237 2270
2237 2281
2238 2239
2238 6023
2238 6026
2239 8311
2239 8503
2240 2241
2240 2242
2240 2243
2241 2244
2241 2245
2242 6052
2242 6060
2243 6088
2243 6090
2244 5898
2244 6093
2245 5900
2245 6060
2246 15880
2246 17658
2247 2249
2247 15880
2247 15881
2248 3892
2248 3903
2248 3914
2249 3047
2249 10469
2250 6826
2250 6827
2251 6827
2252 2253
2252 2254
2252 12579
2252 12620
2253 2254
2253 2255
2253 2256
2253 2257
2253 3747
2253 12620
2254 12581
2255 3747
2255 12581
2256 2257
2256 3747
2256 12599
2257 12618
2258 9502
2258 10715
2258 10716
2259 2292
2259 2303
2259 2314
2260 2268
2260 18721
2261 2262
2261 5317
2261 5329
2261 18757
2262 2272
2262 2278
2262 2297
2263 2300
2263 2301
2263 18706
2264 2265
2264 2266
2264 2267
2265 2274
2265 2275
2266 2269
2267 2301
2267 2307
2268 2271
2268 2299
2269 2271
2269 2272
2269 2273
2270 5539
2272 2298
2273 2298
2273 2299
2274 2291
2274 2307
2275 2278
2275 2294
2276 2277
2276 2278
2276 2279
2277 5317
2277 5318
2278 2295
2279 5340
2280 2282
2280 2283
2280 2284
2280 2322
2281 2303
2281 3892
2281 5540
2282 2284
2282 6246
2282 6270
2283 6249
2283 12987
2284 2285
2284 2321
2285 2286
2285 9908
2286 2287
2286 2288
2287 2290
2287 2320
2288 2319
2289 2302
2289 18704
2289 18709
2290 2291
2290 2293
2290 2294
2291 2311
2292 2314
2292 3980
2293 2311
2293 2315
2294 2295
2294 2321
2295 2296
2296 2323
2297 2298
2297 18757
2300 2308
2300 2309
2301 2309
2302 18705
2302 18710
2303 3869
2303 3880
2304 2306
2304 2319
2304 18710
2305 2308
2305 9454
2305 18705
2306 2318
2306 9454
2306 18705
2307 2309
2308 2310
2309 2317
2310 2317
2310 9454
2311 2312
2312 2313
2312 2315
2313 2316
2313 2317
2314 3869
2314 5483
2315 2316
2316 2318
2317 2318
2318 2320
2319 2320
2321 2323
2322 2323
2324 2326
2324 2597
2324 18212
2325 8898
2325 9018
2325 13719
2325 13797
2326 9767
2327 3442
2327 10535
2327 10538
2328 2329
2328 6873
2329 6874
2330 12350
2330 12351
2330 12358
2330 14254
2331 12283
2331 14253
2331 14254
2332 2333
2332 2335
2332 12351
2332 14254
2333 12283
2333 12287
2334 2335
2334 12346
2334 12351
2335 12287
2335 12792
2336 2447
2336 2558
2336 2669
2336 13600
2337 2348
2337 2359
2337 5635
2337 5637
2337 8729
2338 3072
2338 12281
2338 12388
2338 12389
2339 2340
2339 2341
2339 10731
2339 10732
2340 3071
2340 3074
2341 10731
2341 10733
2342 3075
2342 10733
2342 12381
2343 9773
2343 9875
2344 2580
2344 2582
2345 2346
2345 2356
2345 15559
2345 15940
2345 18301
2346 15550
2346 18299
2347 2378
2348 2414
2348 2425
2348 8728
2351 2352
2351 2353
2352 5457
2352 5461
2354 5421
2354 5428
2355 5417
2355 5428
2356 15943
2356 18298
2357 5484
2357 10001
2357 10186
2357 10519
2358 2360
2358 8513
2358 10963
2359 2370
2359 8538
2359 12905
2360 5237
2360 5468
2361 2362
2361 2363
2361 10630
2362 5477
2362 5478
2363 5472
2363 5474
2363 5477
2364 7182
2364 10630
2364 10963
2365 2366
2365 2367
2365 2368
2365 2369
2366 5395
2366 5429
2367 5422
2367 5430
2368 5421
2368 5422
2369 5397
2369 5462
2370 2381
2370 12904
2370 17785
2371 2372
2371 2377
2372 2373
2372 2375
2372 5463
2373 2374
2373 2375
2374 5390
2374 7181
2377 7181
2378 2379
2379 2380
2379 2382
2380 5436
2380 5437
2381 2392
2381 2403
2381 8538
2382 5436
2382 5459
2383 2387
2383 5713
2384 5679
2384 5683
2385 5712
2385 5713
2386 2387
2386 2388
2387 5708
2388 5708
2388 5709
2389 2390
2389 3836
2390 3439
2390 6915
2390 6916
2391 2393
2391 2394
2392 17785
2393 2646
2393 8783
2394 2645
2394 2648
2395 2396
2395 3097
2396 2649
2396 2650
2397 2398
2397 3100
2398 7951
2399 3002
2399 7172
2399 12788
2400 6994
2400 12861
2400 14880
2401 2402
2401 2495
2401 6989
2401 6990
2401 6992
2401 6993
2401 14678
2402 2496
2402 14850
2403 7945
2404 7458
2404 15939
2404 15946
2405 2406
2405 10217
2405 10223
2406 10223
2406 12469
2407 10162
2407 10172
2407 10345
2408 2412
2408 2413
2408 8498
2408 12776
2409 8498
2409 8500
2409 12776
2410 2411
2410 2412
2410 12717
2411 2413
2411 2415
2411 12042
2412 2413
2414 8537
2414 8551
2415 8498
2415 8499
2415 12039
2416 4081
2416 7215
2416 13288
2417 2418
2417 2419
2417 2420
2418 13282
2418 13284
2419 6697
2419 13250
2419 13284
2420 7437
2420 8401
2421 10335
2421 12062
2422 10582
2422 12061
2423 2428
2423 12070
2423 13792
2423 13794
2424 2426
2424 2427
2424 13794
2425 8537
2425 8538
2426 3865
2426 3870
2427 8442
2427 8443
2428 2429
2428 12073
2429 8442
2429 12073
2430 2431
2430 2432
2431 2434
2431 2437
2432 2437
2432 2825
2433 2434
2433 17523
2434 2435
2435 2437
2435 10624
2436 2448
2436 2459
2436 4391
2436 5635
2436 5638
2437 2438
2438 7039
2438 8411
2439 2558
2439 9859
2439 13606
2440 8681
2440 14718
2440 15534
2441 2444
2441 2446
2441 16444
2442 2443
2442 2445
2442 10683
2442 10685
2442 16314
2443 2444
2443 2445
2443 2446
2443 2449
2445 2446
2447 13600
2448 8727
2448 8729
2449 16317
2450 2461
2450 14858
2450 14976
2451 2461
2451 2462
2451 2463
2451 13216
2452 2460
2452 13216
2452 13218
2452 14979
2453 2454
2453 2455
2453 2456
2453 13273
2454 3916
2454 7594
2454 13215
2455 2458
2455 7598
2456 7594
2456 13168
2457 4902
2457 13265
2457 13271
2458 7598
2458 13265
2459 4413
2459 4424
2459 6765
2460 12831
2460 12832
2462 13213
2462 14976
2462 14977
2463 2464
2463 13211
2463 13213
2465 3916
2465 13211
2465 13215
2465 14946
2466 13212
2466 13213
2466 14954
2466 14977
2467 2469
2467 2484
2467 14954
2467 14993
2468 2469
2468 2471
2468 2472
2468 2473
2469 2482
2469 2483
2470 2481
2470 2492
2470 2503
2470 2525
2471 2483
2471 14991
2472 2474
2472 2485
2472 13171
2473 2487
2473 13169
2474 2475
2474 13170
2475 2476
2475 7592
2475 14666
2476 2477
2476 2478
2476 14667
2477 7937
2477 15012
2478 2479
2478 7937
2478 7938
2479 2480
2479 14359
2480 9181
2480 15013
2481 2559
2481 6741
2481 6744
2482 2484
2482 2487
2483 2486
2483 14993
2484 14955
2485 14991
2486 2496
2486 14972
2486 14974
2487 14371
2487 14955
2488 2489
2488 2490
2488 13159
2488 13162
2489 2494
2489 3912
2489 7599
2490 2493
2490 3912
2490 14948
2491 4779
2491 13159
2491 13161
2491 14754
2492 2559
2492 6996
2492 6997
2493 13162
2493 14371
2494 4779
2494 13159
2494 14951
2495 2496
2495 14972
2496 14854
2497 2498
2497 14678
2497 14965
2498 6987
2498 6988
2498 14267
2498 14961
2499 18307
2499 18309
2499 18311
2500 2501
2500 13043
2500 13095
2501 4668
2502 2504
2502 2505
2502 2506
2502 2509
2502 2510
2503 2636
2503 6741
2504 2510
2505 2506
2505 11998
2507 2508
2507 2509
2507 12029
2508 2511
2508 12021
2509 12029
2510 6870
2511 2512
2512 2513
2513 6872
2513 12022
2514 2525
2514 2536
2514 2547
2514 17632
2515 2516
2515 2537
2515 2562
2516 2518
2516 2550
2517 2518
2517 2519
2517 2520
2518 2560
2519 2526
2519 2527
2520 2521
2520 2522
2520 2523
2521 2552
2521 2560
2521 2563
2522 2527
2522 2533
2523 2563
2523 2568
2524 2526
2524 2527
2524 2528
2525 4302
2525 8548
2526 2532
2528 2529
2528 2532
2529 2530
2529 2531
2530 2532
2530 2564
2532 2565
2533 3010
2533 3011
2534 2538
2534 2544
2535 2539
2536 4302
2536 4313
2536 4324
2537 2541
2538 2539
2538 2541
2539 2540
2540 2542
2540 2543
2541 2542
2541 2562
2542 2554
2543 2553
2543 2851
2545 2546
2545 2548
2545 2549
2545 2550
2546 2551
2546 2561
2547 4772
2547 8548
2548 2552
2548 2560
2549 2551
2549 2552
2550 2562
2551 2557
2552 2566
2553 2554
2553 2555
2554 2562
2555 4886
2556 2567
2557 2561
2558 13603
2559 6743
2563 2566
2563 2961
2564 2565
2566 2957
2566 2962
2567 2871
2567 2872
2568 3011
2569 2571
2569 2572
2570 2581
2570 2592
2570 8545
2570 9760
2570 10676
2570 12169
2571 2572
2571 6987
2572 14255
2573 2578
2573 8242
2573 8606
2574 2575
2574 2576
2574 2577
2575 8227
2575 8228
2576 2578
2576 8235
2577 8226
2577 8234
2577 8235
2578 8242
2579 9455
2580 2583
2581 2592
2581 4347
2582 9770
2582 9771
2583 9876
2583 9877
2584 2585
2584 2586
2584 14164
2585 10591
2585 14439
2586 14164
2587 2590
2587 2594
2587 18224
2588 2589
2588 14164
2589 2591
2589 2594
2590 2593
2590 4475
2591 2594
2591 13755
2591 13757
2592 6996
2592 9760
2593 4475
2593 13757
2595 2597
2595 2598
2595 13885
2596 2599
2596 13885
2597 18212
2598 7117
2598 18211
2599 7265
2599 7278
2599 13106
2599 13721
2600 18211
2601 2606
2601 16074
2601 16801
2602 16782
2602 16794
2602 16795
2603 2614
2603 2625
2603 2636
2604 2605
2604 16801
2604 16803
2605 16074
2605 16835
2606 15993
2606 16074
2607 16778
2607 16784
2607 16789
2608 2609
2608 2611
2608 2612
2608 2615
2608 4225
2609 2628
2609 16817
2610 2611
2610 2612
2610 10459
2611 2613
2611 2615
2612 4225
2613 2615
2613 10459
2614 4773
2614 8549
2615 2616
2616 3899
2616 10543
2617 2619
2617 11578
2617 11579
2618 11573
2618 11601
2618 11714
2619 11571
2619 11573
2620 10992
2620 11571
2620 11574
2621 11551
2621 11561
2621 11738
2622 2623
2622 2624
2622 11723
2623 2626
2623 11717
2624 11709
2624 13911
2625 14258
2625 14259
2626 11599
2626 11720
2627 10543
2627 14017
2627 14020
2628 2629
2628 2630
2628 16817
2629 2630
2629 16815
2630 16812
2631 8575
2631 10327
2631 11265
2632 14456
2632 15046
2633 2634
2633 2635
2634 7061
2636 8549
2637 7793
2637 11406
2638 2639
2638 2641
2638 5557
2639 2640
2640 4446
2640 15008
2641 15130
2641 15141
2642 2643
2642 2644
2642 8783
2642 8784
2643 2644
2643 8782
2644 2645
2645 2646
2647 2658
2647 2670
2647 16023
2648 3089
2648 3090
2649 2650
2649 2827
2649 3311
2650 3101
2651 11428
2651 11437
2651 15184
2652 9606
2652 11428
2652 15184
2653 2654
2653 11433
2653 11436
2653 15184
2654 10629
2654 11433
2655 3857
2655 7370
2655 11439
2656 16815
2657 16504
2657 16508
2658 14732
2658 16029
2658 16562
2659 15460
2659 15740
2659 16759
2660 15894
2660 15899
2660 15907
2661 2665
2661 2676
2661 16145
2662 2664
2662 2665
2662 2666
2662 16145
2663 2666
2663 2721
2663 16145
2664 2722
2664 2729
2664 2730
2665 2673
2665 2730
2666 2722
2666 2723
2667 2668
2667 2671
2667 2672
2668 5034
2668 5035
2669 6901
2670 16018
2670 16021
2671 2686
2671 2687
2672 2686
2672 2718
2672 5043
2673 2674
2673 2675
2673 2676
2674 2690
2674 2701
2674 2719
2675 2691
2675 2730
2676 2719
2677 2678
2677 2679
2677 2680
2678 2757
2678 2761
2678 2766
2679 2756
2679 2757
2680 2682
2680 2766
2681 2692
2681 2703
2681 6358
2681 17666
2682 2683
2682 2684
2682 2685
2683 7135
2683 8194
2684 5037
2684 5045
2685 5027
2685 5038
2686 4782
2686 5042
2687 2766
2687 5042
2687 5045
2688 2689
2688 2690
2688 2691
2688 2693
2689 2731
2689 16241
2689 16274
2690 2708
2690 2709
2691 2731
2692 2703
2692 10616
2693 2709
2693 2720
2693 16274
2694 2695
2694 2696
2694 17075
2695 4103
2695 4276
2696 4106
2696 4126
2697 2698
2697 2699
2697 2700
2698 2701
2698 2719
2699 2702
2699 2715
2700 2701
2700 2702
2700 2704
2701 2708
2702 2712
2702 2713
2703 15898
2704 2705
2704 2708
2704 2712
2705 2706
2705 2707
2706 2711
2706 2712
2707 2708
2707 2709
2707 2710
2710 2763
2710 2764
2711 2716
2711 2717
2711 2763
2712 2717
2713 2715
2713 2717
2713 2718
2714 2725
2714 2736
2714 11039
2714 11054
2715 5044
2716 4782
2716 5042
2717 4782
2718 4782
2718 5044
2720 2764
2720 2826
2720 16263
2721 2723
2721 2732
2722 2724
2723 2727
2723 2733
2724 2726
2724 2729
2725 11064
2725 11066
2725 11069
2726 2727
2726 16241
2726 16252
2727 2734
2728 2734
2728 2824
2728 16252
2729 2731
2729 16241
2732 2733
2732 2735
2733 2737
2733 2738
2734 2737
2735 2738
2735 2740
2736 11067
2736 15877
2737 2739
2738 2741
2738 2742
2739 2741
2739 2824
2740 2743
2740 2744
2741 2745
2742 2745
2742 4418
2742 4783
2743 4783
2743 10007
2744 10007
2744 10073
2744 10075
2745 2746
2745 2748
2746 4417
2746 4418
2746 4420
2747 2758
2747 2769
2747 10687
2747 10836
2747 11077
2747 15681
2748 2816
2748 2824
2748 4420
2749 2750
2749 2751
2749 2752
2749 16197
2750 2765
2750 2826
2751 2767
2751 2768
2751 2771
2752 2753
2752 2768
2753 2754
2753 2755
2754 2761
2754 2765
2755 2757
2755 2760
2756 2759
2756 2760
2758 10827
2758 10834
2758 10835
2759 2760
2759 18119
2760 2768
2761 2762
2761 2763
2762 2764
2762 2765
2763 2766
2767 16174
2767 18130
2768 2770
2769 10832
2769 10835
2769 10836
2770 18119
2770 18130
2771 16152
2771 16174
2771 16197
2772 9647
2772 16152
2772 16208
2773 2774
2773 2775
2773 2776
2773 2806
2774 2798
2774 2808
2774 2817
2775 2790
2775 2798
2775 2802
2776 2782
2776 2785
2776 2818
2776 2820
2776 4107
2777 2778
2777 2779
2777 2784
2778 2805
2778 2807
2779 2795
2779 2805
2780 2891
2780 12756
2780 13601
2780 13609
2780 18620
2780 18621
2781 2792
2781 2803
2781 2814
2781 10805
2782 2783
2782 2785
2782 2786
2783 2802
2783 2806
2784 4231
2784 4232
2785 9649
2786 4227
2786 4228
2787 2788
2787 2789
2787 2790
2787 2791
2788 2794
2788 2815
2788 9121
2789 2793
2789 16163
2790 2793
2790 2794
2791 9121
2791 9647
2792 10780
2792 17532
2793 18075
2794 2797
2794 2798
2795 2800
2795 2801
2795 17152
2796 2809
2796 17141
2796 17152
2797 2812
2797 2813
2798 2799
2799 2810
2799 2813
2800 2805
2800 2809
2800 2810
2801 2804
2802 18075
2803 4508
2803 10755
2803 10777
2803 15859
2803 15862
2804 8427
2805 2808
2807 2808
2807 2818
2808 2810
2809 2811
2811 2812
2811 2813
2812 2815
2812 17141
2814 10765
2814 10766
2814 17528
2815 2816
2816 17141
2817 2818
2817 9170
2818 2819
2818 2820
2819 2821
2819 4232
2820 9170
2821 2822
2821 2823
2822 4231
2822 4232
2822 4233
2823 4229
2825 2836
2825 12579
2825 12594
2826 16197
2826 16219
2827 4659
2828 2829
2828 8811
2828 18234
2829 2830
2830 8812
2831 2832
2832 18235
2833 2834
2833 3405
2833 8807
2834 8799
2835 17489
2836 12576
2836 12578
2837 2838
2837 3387
2837 3389
2837 17489
2838 3202
2838 3400
2839 2840
2839 2841
2840 5322
2840 5323
2841 5316
2841 5328
2842 6169
2842 13778
2842 16838
2843 2851
2843 2927
2843 4886
2844 2926
2845 2922
2845 2926
2845 2927
2845 4887
2846 2850
2846 2922
2847 2858
2847 2869
2847 12577
2847 14839
2848 2852
2848 2853
2848 2854
2849 2854
2849 2888
2849 4478
2850 2853
2852 2878
2852 2898
2852 2921
2853 2921
2853 2922
2854 2898
2855 2856
2855 2857
2856 2859
2856 2897
2857 2860
2857 2863
2858 2880
2858 2903
2858 14940
2859 2860
2859 2861
2859 2862
2860 2861
2860 2864
2861 2866
2862 2897
2863 2864
2863 2865
2864 2867
2864 2883
2865 2883
2865 3066
2865 3108
2866 2867
2866 2868
2866 2870
2867 9919
2868 2881
2868 4786
2869 2880
2869 2892
2870 3126
2870 9919
2871 2899
2871 2900
2871 4886
2872 2876
2872 2884
2873 2874
2873 2875
2873 2876
2873 2877
2874 2901
2874 2919
2874 4887
2875 2885
2875 2887
2875 2920
2876 2885
2877 2879
2877 2919
2877 2920
2878 2879
2878 2881
2878 2882
2879 2921
2879 2923
2880 2914
2880 2947
2881 2898
2881 4786
2882 2913
2882 2923
2882 4786
2883 3067
2883 9919
2884 2885
2886 2930
2886 2971
2887 2916
2887 2929
2888 2889
2889 2896
2889 4478
2890 2893
2891 13604
2892 2925
2892 2947
2893 2896
2894 2895
2896 8604
2900 2901
2902 2904
2902 2905
2902 2906
2903 7028
2903 7029
2903 8373
2903 14937
2904 2907
2904 2911
2905 2943
2907 2908
2907 2909
2907 2910
2908 2911
2908 3108
2910 3107
2912 2913
2912 2915
2912 2916
2912 2917
2913 2918
2914 7029
2914 7455
2915 3126
2915 3175
2915 4786
2916 2918
2917 2928
2917 2929
2918 2920
2919 2921
2919 2922
2920 2923
2924 2926
2924 2927
2925 2936
2925 2947
2925 7030
2925 15857
2928 2949
2928 3176
2929 2930
2929 3176
2930 2931
2931 2951
2931 3176
2932 2933
2932 2973
2932 2984
2933 2960
2934 2935
2934 2937
2934 2938
2934 2939
2935 3007
2935 3008
2936 7461
2936 7477
2937 2944
2937 3124
2937 3175
2938 2940
2938 2944
2938 2945
2939 2946
2939 3008
2939 3175
2940 2941
2940 2942
2940 2943
2941 2944
2942 2945
2942 3055
2942 3056
2943 3056
2944 3174
2945 3007
2945 3059
2946 2948
2946 2949
2947 7031
2948 3008
2948 3009
2949 3175
2950 2951
2950 2952
2952 2971
2952 2982
2952 2983
2953 2954
2953 2955
2954 3223
2955 2959
2955 3223
2956 2957
2956 2959
2956 2960
2957 2961
2957 3222
2958 2969
2958 2980
2958 2991
2959 3222
2959 3226
2960 2961
2962 2963
2962 3222
2963 3223
2964 2965
2964 2966
2964 2967
2964 2968
2964 2970
2965 3199
2965 3205
2965 3207
2966 3205
2966 3227
2966 3228
2967 3217
2967 3218
2968 3209
2968 3216
2968 3217
2969 2991
2969 16669
2969 16671
2970 3206
2970 3209
2970 18883
2971 2972
2972 3054
2973 2974
2973 2975
2974 3226
2974 6982
2975 2985
2975 3228
2975 6982
2975 8483
2976 3231
2977 2978
2977 2979
2977 2981
2978 3208
2978 3232
2978 9997
2979 3122
2979 3188
2980 7869
2980 16653
2981 3183
2981 3184
2981 3208
2982 3048
2982 3052
2983 3135
2983 6983
2984 2985
2985 8483
2986 2987
2986 14481
2987 2988
2987 14480
2989 8472
2989 14480
2990 5939
2991 16676
2992 3203
2992 14468
2992 18881
2993 2994
2993 2995
2993 14473
2994 5936
2994 14476
2995 3216
2995 14478
2996 3112
2996 3115
2997 2998
2998 3001
2998 3181
2998 4785
2999 3115
2999 3178
2999 4785
3000 3004
3001 3006
3001 3185
3002 3113
3002 3224
3002 7170
3002 7172
3002 14462
3002 18434
3003 3014
3003 3025
3003 3036
3004 3005
3004 3006
3005 3116
3005 3186
3006 3116
3006 3121
3007 3057
3009 3235
3010 3013
3014 3036
3014 6966
3015 5953
3015 5954
3016 5949
3016 5953
3017 3018
3017 3019
3017 3020
3018 3032
3018 5964
3019 5993
3019 5997
3020 5954
3020 5993
3021 3022
3021 3023
3021 3024
3022 5987
3022 5989
3023 5973
3023 5975
3023 5976
3024 5944
3024 5987
3025 16691
3025 16693
3026 3027
3026 3028
3026 3029
3026 3030
3027 5933
3027 5960
3027 5961
3028 5972
3028 5973
3029 5934
3029 5941
3029 5975
3030 5940
3030 5960
3031 3032
3031 3033
3031 3035
3032 3034
3033 3035
3033 3039
3034 6008
3035 3037
3035 3038
3036 16701
3037 3039
3037 6010
3038 3040
3038 6075
3039 6009
3040 3041
3040 6059
3041 3046
3042 3043
3042 3044
3042 7023
3043 6228
3043 11348
3044 3045
3044 6044
3045 5902
3045 5906
3046 6033
3046 6034
3047 3058
3047 10469
3048 3049
3048 3050
3049 3051
3049 3068
3049 3142
3050 6983
3050 6984
3051 3052
3051 3053
3052 3054
3053 3054
3053 3141
3053 3142
3055 3059
3055 3060
3055 3061
3056 3060
3057 3059
3057 3062
3058 6336
3058 15882
3058 17666
3059 3063
3060 3111
3061 3063
3061 3064
3061 3065
3062 3063
3062 3137
3062 3235
3063 3130
3064 3065
3064 3129
3064 3130
3065 3111
3066 3067
3069 3080
3069 3091
3069 3125
3069 17657
3070 12361
3070 12384
3070 12392
3071 3073
3071 3074
3071 12281
3072 3073
3072 12790
3073 12790
3074 12790
3075 3076
3075 12368
3076 3078
3076 12373
3076 12381
3077 3078
3077 12343
3077 12344
3078 12344
3078 12376
3079 8746
3079 10341
3079 10359
3080 3091
3080 3559
3081 10346
3081 10372
3081 12480
3082 8757
3082 9891
3082 12900
3083 10366
3083 10367
3083 10370
3084 3085
3084 3086
3084 3087
3084 3088
3085 3086
3085 4656
3086 3309
3087 3088
3087 3089
3088 4657
3089 3309
3090 3092
3090 3309
3091 15470
3091 17657
3092 3096
3092 3097
3093 3094
3093 3095
3093 3098
3094 3408
3094 7205
3095 3098
3095 3410
3095 3411
3096 3098
3096 3099
3097 3412
3099 3411
3099 3412
3100 8760
3100 13496
3101 3103
3101 3104
3102 3114
3102 3125
3102 7624
3103 3104
3103 3106
3103 3407
3103 15408
3105 3106
3106 7379
3106 7382
3108 3109
3110 3123
3110 3174
3112 3119
3112 3120
3113 7171
3113 8753
3114 7535
3114 7624
3115 3119
3116 3117
3116 3118
3117 3187
3117 3188
3118 3121
3118 3122
3119 3178
3120 3129
3120 3177
3121 3184
3121 3185
3122 3184
3123 3124
3123 3126
3124 3174
3127 3128
3127 18274
3127 18308
3128 4004
3128 18152
3129 3140
3130 3137
3130 3140
3131 3132
3131 3133
3131 3134
3131 3135
3132 9997
3133 3229
3133 6984
3134 3188
3134 3229
3135 6983
3135 6985
3136 3147
3136 3158
3136 3169
3137 3138
3137 3139
3138 3140
3138 3179
3138 3183
3139 3183
3139 3208
3139 3235
3140 3177
3143 3144
3144 3148
3145 3146
3145 3148
3147 3671
3147 5391
3147 5402
3149 3150
3149 3151
3151 3305
3153 3154
3153 3155
3153 11419
3154 6676
3155 6676
3155 11418
3156 3157
3156 3159
3157 5215
3158 3379
3158 3385
3159 5216
3160 3161
3160 6678
3160 15099
3161 6679
3161 11376
3162 3164
3162 18841
3162 18857
3162 18858
3163 3164
3163 18858
3165 18765
3165 18857
3166 7021
3166 11345
3168 11346
3168 11354
3168 11357
3169 3379
3169 5402
3169 6747
3170 3171
3170 3172
3170 11343
3170 12758
3170 15170
3171 3173
3171 15170
3172 11363
3172 12758
3173 11363
3173 11365
3177 3178
3177 3179
3178 4784
3179 3181
3179 3182
3180 3191
3180 3202
3180 3213
3181 3185
3181 4784
3182 3183
3182 3184
3182 3185
3187 3189
3187 3230
3188 3230
3189 3190
3189 3192
3190 3193
3190 3194
3190 3195
3191 15692
3191 17473
3192 3230
3193 3227
3193 6981
3194 6979
3194 6981
3195 3196
3195 3204
3196 3197
3196 3198
3197 3198
3197 3199
3197 3200
3198 3201
3198 3203
3199 3204
3200 3201
3200 3207
3201 3206
3202 17478
3203 18881
3204 3205
3206 3207
3208 3234
3209 3212
3210 3211
3210 3212
3211 3220
3211 8485
3212 3220
3213 13366
3213 18045
3213 18056
3214 3215
3214 14493
3214 14498
3215 9743
3215 14495
3217 3219
3218 3228
3218 8488
3219 8476
3220 8478
3221 8478
3221 8486
3221 18883
3222 3223
3224 7170
3224 18488
3225 3236
3225 3247
3225 3646
3225 5014
3226 3227
3226 6979
3227 6979
3227 6981
3227 6982
3229 3230
3231 3232
3231 3233
3232 3234
3233 3234
3234 3235
3236 5336
3236 5347
3237 3238
3237 3239
3237 3240
3237 3241
3238 5187
3238 6533
3238 6562
3239 5186
3239 5187
3240 6519
3240 6570
3240 6571
3241 6544
3241 6562
3241 6570
3242 3243
3242 3244
3242 3245
3242 3246
3243 6548
3243 6550
3243 6575
3244 6533
3244 6537
3244 6550
3245 6318
3245 6319
3245 6575
3246 6319
3246 6537
3246 6589
3247 3258
3247 3269
3248 3249
3248 3250
3248 3251
3248 3252
3249 3254
3249 5101
3250 3253
3250 5098
3250 6564
3251 3253
3251 3254
3251 3255
3252 5103
3252 5201
3253 3279
3253 6328
3254 5104
3255 6279
3255 6327
3256 3257
3256 3259
3256 3260
3256 5086
3257 6274
3257 6389
3257 6390
3258 3269
3258 3835
3258 3837
3259 6274
3259 6287
3260 3261
3260 5295
3260 5296
3261 3265
3261 6326
3261 6386
3262 3263
3262 3264
3262 3265
3262 6385
3263 5221
3263 5292
3263 6295
3264 5274
3264 5292
3265 5295
3266 3267
3266 3268
3266 3270
3267 5221
3267 5222
3268 3983
3268 6377
3269 17442
3270 3271
3270 6632
3271 3272
3271 15073
3272 6640
3272 6641
3273 6641
3273 15073
3273 15076
3274 5283
3274 6629
3274 9659
3274 15073
3275 3276
3275 3277
3275 3278
3276 6556
3276 6581
3276 6588
3277 6560
3277 6590
3278 6582
3278 6592
3279 3281
3279 3282
3280 3291
3280 3302
3280 3313
3280 3324
3281 5085
3281 6574
3282 5096
3282 6508
3283 3284
3283 3285
3283 3286
3284 3287
3284 6584
3285 6527
3285 6552
3286 6552
3286 6582
3286 6584
3287 3288
3287 5135
3288 6314
3288 6584
3289 5314
3289 6366
3289 6410
3290 3292
3290 15136
3290 15137
3291 11807
3291 11811
3292 5306
3292 5308
3292 5310
3293 15113
3293 15123
3293 15133
3294 3301
3294 4888
3294 15158
3295 3296
3295 3297
3295 15134
3296 3979
3296 4889
3297 3298
3297 15122
3298 3299
3298 3300
3298 6456
3299 5309
3299 6456
3300 3975
3300 3976
3300 3977
3301 3303
3301 15107
3301 15110
3302 11826
3302 11827
3303 5300
3303 15158
3304 4889
3304 15102
3304 15107
3306 7619
3306 9671
3307 3308
3307 13098
3307 13100
3308 18718
3310 3311
3310 3312
3310 13496
3312 13496
3313 11828
3313 17421
3313 17422
3314 3315
3314 16932
3315 11301
3315 16929
3316 10425
3316 13523
3316 16079
3317 13523
3317 16949
3318 8535
3318 16140
3319 16140
3319 16142
3320 3321
3320 3322
3320 3323
3321 3331
3321 3338
3321 3502
3322 3343
3323 3325
3323 3338
3324 11811
3324 11813
3325 3326
3325 3327
3325 3328
3326 3329
3326 3341
3327 3343
3327 3344
3328 3338
3328 3339
3328 3340
3329 3330
3330 3341
3330 3342
3331 3332
3331 3333
3331 3334
3332 3361
3332 3362
3333 3358
3333 3362
3334 3361
3334 3465
3334 3473
3335 4446
3335 5557
3335 7779
3336 3447
3336 3558
3336 15528
3337 3348
3337 3359
3338 3509
3339 3610
3339 3613
3340 3508
3340 3610
3341 3560
3341 3613
3342 3552
3342 3560
3342 16133
3343 3364
3344 6978
3345 3346
3345 3347
3345 16104
3346 3506
3346 3704
3347 3495
3347 3706
3348 5058
3349 3602
3349 16098
3350 3351
3350 3352
3350 16098
3351 3500
3351 3504
3352 3353
3352 3585
3353 3355
3353 3357
3353 3584
3354 3355
3354 3356
3354 3357
3355 3649
3355 16100
3356 3489
3356 3653
3357 3510
3358 3360
3359 3370
3359 3381
3360 3496
3361 3490
3362 3363
3363 3490
3363 3498
3364 3365
3364 16122
3365 3366
3365 3473
3366 3367
3367 3460
3367 3464
3368 3369
3368 3371
3369 3372
3369 3450
3369 3463
3370 3392
3370 3403
3371 3372
3371 3373
3372 3446
3373 3374
3373 3375
3373 3452
3374 3589
3374 16139
3375 3520
3375 3521
3375 3589
3376 3596
3376 3601
3376 16187
3377 3593
3377 5269
3377 16124
3378 3379
3378 3380
3378 3382
3378 6758
3380 3383
3380 3384
3380 3385
3381 4925
3382 3384
3382 3390
3383 3386
3383 3387
3383 3388
3384 3387
3385 3388
3386 3389
3386 3391
3388 3391
3389 3401
3389 7068
3391 3393
3393 3401
3393 3671
3394 3395
3394 3396
3394 4914
3395 17482
3395 17483
3396 3397
3396 3398
3397 17482
3398 3401
3398 3813
3398 4903
3399 3400
3399 3401
3399 7068
3402 10407
3402 14723
3402 16837
3403 3481
3403 4936
3403 15847
3404 3405
3404 8812
3405 3406
3406 8807
3406 8811
3407 7379
3408 3409
3408 7205
3409 7953
3410 3411
3410 7204
3413 12324
3413 12333
3413 18896
3414 3425
3414 3436
3414 3459
3414 3492
3414 14380
3415 3416
3415 14224
3415 18985
3416 8787
3416 18974
3417 3419
3417 3420
3417 14224
3418 3419
3418 3424
3418 18985
3419 19018
3420 3421
3421 3422
3421 3423
3422 9930
3422 9931
3422 13812
3423 9895
3423 19007
3424 3426
3424 3427
3424 12325
3425 3514
3425 14392
3426 12325
3426 18996
3427 3428
3427 14217
3429 4474
3429 14216
3430 13810
3431 3432
3431 3433
3432 7033
3432 9827
3433 7033
3434 3435
3434 3437
3434 9827
3435 3438
3435 7035
3436 14379
3436 14392
3437 7034
3438 3439
3438 3440
3439 7035
3440 8764
3441 3442
3441 16004
3441 16005
3441 16024
3442 16024
3443 18098
3444 3449
3444 3519
3444 16085
3444 16192
3445 3446
3445 3449
3445 3450
3445 3451
3446 3452
3447 7613
3447 11467
3447 11468
3448 3459
3448 3470
3448 3481
3449 3479
3449 3588
3450 3461
3451 3478
3451 3479
3451 3480
3452 3521
3453 3454
3453 3455
3453 3456
3454 3564
3454 3565
3455 3493
3455 9982
3456 3507
3456 3508
3457 3488
3457 16093
3457 16095
3457 16192
3458 3640
3458 3643
3458 16095
3459 11770
3460 3461
3461 3462
3462 3471
3462 3477
3462 3478
3464 3468
3464 3469
3464 3471
3465 3466
3465 3467
3466 3472
3466 3473
3466 3474
3467 3472
3467 3490
3467 3517
3468 3474
3468 3475
3469 3475
3469 3483
3470 3481
3470 3492
3471 3476
3472 3618
3474 3618
3475 3516
3475 3618
3476 3477
3476 3482
3476 3483
3477 3478
3477 3480
3477 3487
3479 3488
3479 16192
3480 3487
3480 3488
3482 3485
3482 3487
3482 3510
3483 3515
3483 3516
3484 3485
3484 3486
3484 3660
3484 16093
3485 3489
3485 3657
3486 3487
3486 3488
3489 3511
3489 3512
3490 3500
3491 3493
3491 3494
3491 3495
3493 3507
3494 3496
3494 3501
3495 3604
3496 3497
3497 3498
3497 3702
3498 3499
3499 3500
3499 3505
3499 3702
3500 3517
3501 3502
3502 3509
3503 3514
3503 3525
3503 3536
3504 3505
3504 3506
3505 3704
3506 3602
3507 3509
3508 3509
3510 3512
3510 3513
3511 3653
3511 3655
3511 3657
3513 3515
3513 3579
3514 3547
3515 3578
3516 3517
3516 3578
3517 3585
3518 3519
3518 3520
3518 16084
3519 3587
3520 3587
3520 3591
3521 3588
3522 3523
3522 3524
3522 7513
3523 3527
3523 3531
3524 3531
3525 6458
3525 6491
3525 11011
3526 3527
3526 3529
3526 7513
3527 3528
3528 3529
3528 3530
3529 7524
3530 3532
3530 3534
3530 13783
3531 3532
3532 3533
3533 3534
3535 8657
3535 8931
3536 14390
3536 14391
3537 3538
3537 3543
3537 7491
3538 3546
3538 3548
3539 3540
3539 3541
3539 3542
3539 3543
3540 3541
3541 7524
3542 3545
3542 3549
3542 3550
3543 3550
3544 3545
3544 8635
3544 16117
3545 3551
3545 16118
3546 8932
3547 14392
3548 3550
3548 3551
3549 16118
3551 8646
3551 16138
3552 3553
3552 16136
3553 3557
3554 3555
3554 3556
3554 3557
3555 3561
3555 3562
3556 3562
3556 3611
3557 3772
3558 7602
3558 7624
3559 6591
3560 3611
3561 3760
3561 3772
3562 3563
3562 3564
3563 3732
3563 3760
3563 3765
3564 3732
3565 3609
3565 3732
3565 3735
3566 3567
3566 3568
3566 3569
3566 3571
3567 3572
3567 3573
3567 3574
3568 3735
3568 3746
3569 3724
3569 3726
3570 3581
3570 3592
3570 3603
3571 3718
3571 3742
3572 3576
3572 3722
3572 3733
3573 3729
3573 3731
3574 3733
3575 3576
3575 3577
3575 3723
3575 3751
3576 3721
3577 3741
3578 3579
3578 3586
3579 3584
3580 3623
3580 10525
3580 16188
3581 4394
3581 8398
3581 13172
3582 3593
3582 3595
3582 16173
3583 3595
3583 3601
3583 16173
3583 16175
3584 3586
3585 3586
3587 3588
3589 3590
3590 3591
3590 16125
3592 4055
3592 4253
3592 4333
3593 3594
3594 3599
3594 5269
3595 3596
3595 3597
3596 3598
3597 3598
3597 3600
3598 5581
3599 3600
3599 3845
3600 5581
3601 16183
3602 16104
3603 4053
3603 4085
3604 3605
3604 3606
3605 3705
3605 3706
3606 3607
3606 3707
3607 3608
3607 3609
3608 3724
3608 3735
3609 9981
3610 3612
3611 3612
3612 3613
3614 3625
3614 3636
3614 3647
3614 3658
3615 3616
3615 3617
3615 9832
3616 3767
3616 3845
3617 3767
3617 3768
3619 13990
3619 13991
3619 13993
3620 10005
3620 13995
3621 3622
3621 7980
3621 9864
3621 10838
3621 10843
3622 10848
3623 3624
3623 3631
3623 10523
3624 3626
3624 16089
3625 9131
3625 9133
3626 3627
3626 3631
3626 16193
3627 3628
3627 3629
3628 3630
3628 16193
3629 3637
3630 3635
3630 3642
3631 3632
3631 3637
3632 10523
3632 10524
3632 16182
3633 3634
3633 16182
3635 3640
3635 3641
3636 4214
3636 4816
3636 8379
3636 9106
3637 16182
3638 3641
3638 3643
3638 16094
3639 3659
3639 16093
3639 16094
3640 3642
3641 3643
3644 5291
3644 8680
3645 5313
3645 7151
3645 9740
3646 3648
3647 4059
3647 4253
3647 4254
3648 17483
3649 3650
3649 3653
3650 3651
3650 3652
3651 3785
3652 3653
3652 3654
3654 3655
3655 3656
3656 3657
3656 3659
3657 3660
3658 3714
3658 4092
3658 4192
3659 3660
3661 3662
3661 3663
3661 16100
3662 3787
3663 3784
3663 3785
3664 9869
3664 9871
3664 14572
3664 15741
3664 16879
3665 9872
3665 9925
3665 16888
3666 3668
3666 4892
3666 5336
3667 3839
3667 5336
3667 5347
3668 3676
3668 3813
3669 3780
3669 3891
3669 12787
3669 12788
3669 18336
3669 18351
3670 3681
3670 3692
3670 3703
3670 3714
3671 5413
3672 3673
3672 3674
3672 3675
3672 5358
3673 3674
3674 3676
3675 3815
3675 5413
3676 3815
3677 5369
3677 5435
3678 16261
3678 16264
3678 16265
3679 16295
3679 16302
3679 16304
3680 3682
3680 3683
3680 16335
3681 4189
3681 4206
3681 4246
3682 9923
3682 9928
3683 3684
3683 13870
3684 16333
3685 3686
3685 16017
3685 16335
3686 3687
3687 16348
3688 3689
3688 3690
3688 17074
3689 16740
3691 9998
3691 16318
3692 4246
3692 9108
3692 9109
3693 3694
3693 3695
3693 5424
3695 3696
3696 3819
3696 3820
3696 3841
3697 3698
3697 3699
3697 3700
3698 3700
3698 3818
3698 3820
3699 3701
3699 3818
3700 3841
3701 3822
3701 3828
3702 3704
3703 4190
3703 4208
3703 4209
3705 3707
3705 3710
3706 3715
3707 3708
3707 3709
3708 3724
3708 3727
3709 3713
3709 3728
3710 3711
3711 3712
3711 3713
3711 3715
3712 3713
3712 16104
3714 4189
3714 4190
3716 3717
3716 3718
3716 3719
3716 3720
3717 3743
3717 3748
3717 3752
3718 3749
3719 3721
3719 3748
3719 3749
3720 3742
3720 3743
3720 3745
3721 3722
3721 3723
3722 3749
3723 3748
3725 3736
3725 3747
3725 7124
3726 3727
3726 3731
3727 3730
3728 3729
3728 3730
3730 3731
3732 3734
3733 3740
3734 3737
3734 3765
3735 3737
3736 7123
3736 12598
3737 3738
3738 3746
3738 3761
3739 3740
3739 3741
3742 3746
3743 3744
3744 3745
3744 3753
3744 3756
3745 3746
3745 3761
3747 12598
3747 12599
3748 3750
3750 3751
3750 3752
3752 3753
3753 3754
3754 3755
3754 3756
3755 3759
3756 3761
3756 3771
3757 3759
3757 3760
3758 3769
3758 3781
3758 10691
3758 17521
3758 17525
3759 3766
3760 3766
3761 3765
3762 16273
3762 16280
3763 16434
3763 16605
3763 16620
3764 16225
3764 16231
3764 16621
3765 3771
3766 3771
3767 3844
3768 3770
3768 16199
3769 9861
3769 10623
3769 10625
3769 17522
3770 5559
3770 9832
3772 3842
3773 12168
3773 14322
3774 10676
3774 12169
3774 14321
3774 14322
3775 14325
3775 17619
3776 4513
3776 6733
3776 6735
3776 13925
3776 14325
3777 3778
3777 14980
3778 13222
3778 13224
3778 13227
3779 14842
3779 14922
3779 14935
3780 18336
3780 18343
3781 17525
3781 17526
3782 14934
3782 14935
3783 14842
3783 14929
3784 3786
3784 3787
3785 3790
3786 3787
3786 3788
3788 3789
3788 3790
3789 6707
3791 3793
3791 3794
3791 3795
3792 3803
3792 3814
3792 3825
3792 12645
3793 3794
3793 3802
3793 3805
3794 3805
3795 8456
3795 8459
3796 3797
3796 6702
3796 16103
3797 3798
3798 3799
3799 3800
3800 3801
3801 3804
3802 3804
3803 12655
3803 12656
3803 12657
3804 8459
3806 3807
3806 3808
3806 3809
3807 3812
3808 9480
3808 15730
3809 3810
3809 4432
3810 3811
3810 4468
3810 15746
3811 3812
3811 4466
3811 4467
3814 12610
3814 12622
3814 18375
3816 16287
3816 16367
3816 16387
3816 16597
3817 11791
3817 11795
3818 3819
3820 3841
3821 16869
3821 16870
3822 3823
3822 3824
3823 3826
3823 3827
3823 3828
3824 3827
3824 7357
3825 12660
3825 12663
3825 18375
3826 3829
3827 3833
3828 3829
3829 3830
3830 3831
3831 3832
3831 3833
3832 3834
3832 3835
3833 17442
3834 3840
3834 5347
3835 3837
3836 3847
3836 3858
3836 8776
3837 5347
3838 3839
3838 3840
3842 3843
3843 8555
3844 5202
3845 5258
3846 3848
3846 16539
3846 17691
3847 5919
3848 3849
3848 16542
3849 3851
3849 16020
3850 15338
3850 17692
3850 17974
3851 16033
3851 17690
3852 3853
3852 16501
3852 17748
3853 3854
3853 17748
3854 14731
3854 16499
3855 3856
3855 3857
3855 18453
3856 7623
3856 11384
3857 7367
3857 7368
3857 13591
3857 18456
3857 18457
3858 9444
3858 9448
3859 3860
3859 3861
3860 3861
3860 3864
3861 3863
3862 3863
3862 16102
3863 3864
3864 16102
3865 3866
3865 3867
3866 3868
3866 3870
3867 7009
3867 7010
3867 12337
3868 4730
3868 10285
3869 3936
3869 5553
3870 4731
3870 8443
3871 3872
3871 11389
3871 15166
3872 5182
3872 5185
3873 16476
3873 16480
3873 16526
3874 3877
3874 11242
3875 3877
3876 11240
3878 3879
3879 3885
3879 11242
3880 5501
3880 5540
3880 5553
3881 3882
3881 3883
3881 3884
3883 9745
3884 7950
3885 3886
3885 3887
3886 11888
3887 6999
3888 7336
3888 11238
3888 11889
3889 14078
3889 16633
3890 3893
3890 3894
3891 18343
3891 18348
3891 18353
3892 5542
3893 14076
3893 15461
3893 17962
3894 14076
3894 15987
3895 3897
3895 3898
3895 16638
3895 16647
3895 16744
3895 17963
3896 3897
3896 16743
3896 18074
3897 16744
3898 13987
3899 14020
3900 9298
3900 10462
3901 10540
3901 15984
3901 15985
3902 7545
3902 7575
3902 12550
3903 5544
3903 5550
3904 10426
3905 8918
3905 12560
3905 13309
3906 3907
3906 13348
3907 10066
3908 3909
3908 3910
3909 4321
3909 4322
3910 3911
3910 10067
3911 12566
3911 12568
3912 3913
3913 7599
3913 14947
3915 18282
3915 18290
3915 18293
3916 7351
3916 13273
3917 6970
3917 18058
3917 18060
3918 6974
3918 6975
3918 18012
3919 3920
3919 3921
3919 13820
3920 13817
3920 13820
3921 16073
3921 16902
3922 3923
3922 3924
3922 3926
3923 5108
3923 5109
3924 5276
3924 6395
3925 3936
3925 3947
3925 3958
3925 3969
3926 3930
3926 6394
3927 3928
3927 3929
3927 3930
3928 3931
3928 6286
3929 3931
3929 3932
3930 6286
3931 6275
3932 5105
3932 6277
3933 3934
3933 3935
3933 6278
3934 6275
3935 6276
3935 6282
3935 6290
3936 5483
3936 5554
3937 3938
3937 3939
3937 3940
3937 3941
3938 5266
3938 5274
3938 5275
3939 5267
3939 5276
3939 5277
3940 5265
3940 5266
3940 5267
3941 5275
3941 5297
3942 5220
3942 15021
3942 15062
3943 3944
3943 3945
3943 3946
3944 3949
3945 3946
3945 6586
3946 6304
3947 3958
3947 15008
3948 3949
3948 3950
3948 3951
3949 6303
3950 5145
3950 6316
3951 6315
3951 6317
3951 6318
3951 6319
3952 3953
3952 3954
3952 3955
3953 6484
3953 6486
3953 6495
3953 6498
3954 5144
3954 5205
3955 3956
3955 3957
3956 5196
3956 5205
3957 3959
3957 6486
3958 5483
3959 3960
3959 3961
3959 6478
3960 3963
3960 5197
3961 3962
3961 6477
3962 3963
3962 3964
3963 5099
3964 3965
3964 3966
3964 3967
3965 3968
3965 5149
3965 6505
3966 6476
3966 6477
3967 3968
3967 3970
3967 3971
3968 5177
3969 4125
3969 5554
3970 6355
3970 6476
3971 6301
3971 6355
3972 3973
3972 3974
3972 6297
3972 6444
3973 6462
3973 6463
3974 6300
3974 6301
3975 6322
3975 6384
3975 6387
3976 3978
3976 6294
3977 5146
3977 5148
3978 3979
3978 3981
3979 5223
3980 4014
3980 5539
3981 3982
3981 5181
3981 6383
3982 3983
3982 3984
3982 5181
3983 6379
3984 3985
3985 5183
3986 3987
3986 14767
3987 3988
3987 6220
3988 6219
3989 7076
3989 17288
3990 4319
3990 8666
3990 16073
3991 4003
3991 4014
3991 4025
3992 7157
3992 13668
3992 13825
3993 4398
3993 4410
3993 16148
3994 4222
3994 16146
3994 16148
3995 4184
3995 16157
3996 4026
3996 4222
3996 18219
3997 4409
3997 17874
3997 17896
3998 3999
3998 17896
3998 18008
3999 4364
3999 4409
4000 4001
4000 17874
4000 18297
4001 4409
4001 4421
4001 18174
4002 4113
4002 4224
4002 12713
4002 15646
4003 4036
4003 5525
4004 9112
4004 18274
4005 4177
4005 14757
4006 4015
4006 4184
4007 4098
4007 4099
4007 16158
4008 4200
4008 4203
4008 16156
4008 16158
4009 4184
4009 4185
4009 16156
4009 16157
4010 4011
4010 4012
4010 4013
4010 14759
4011 4016
4011 4314
4011 4978
4012 4185
4012 4309
4012 4314
4013 4015
4013 4184
4013 4185
4014 4114
4015 14757
4015 14759
4016 4074
4016 14758
4016 14759
4017 4018
4017 4019
4017 4154
4017 4178
4018 4173
4018 4176
4018 4181
4019 4023
4019 4173
4019 9111
4020 4021
4020 4022
4020 4023
4021 9118
4021 9124
4022 4156
4022 4221
4023 4152
4023 4154
4024 4026
4024 4027
4024 18241
4025 5527
4025 5530
4026 4159
4027 4144
4027 4146
4027 4160
4028 4029
4028 4030
4029 9094
4029 9097
4030 4165
4030 4167
4031 4395
4031 9139
4031 18086
4032 4360
4032 4361
4032 18086
4033 8919
4033 9100
4034 4165
4034 9097
4035 4037
4035 4038
4035 4039
4035 4040
4036 4047
4036 4058
4037 4316
4037 4416
4037 9103
4038 4042
4038 4416
4038 18341
4039 4175
4039 9104
4040 4175
4040 4186
4041 4042
4041 4043
4041 4044
4042 18352
4043 4250
4043 4416
4044 4066
4044 4248
4044 4251
4045 4046
4045 17046
4045 17047
4047 5509
4047 5510
4048 4049
4048 4050
4048 4051
4048 4052
4049 4812
4049 8927
4050 4813
4050 4815
4050 4816
4051 4816
4051 9092
4052 8928
4052 8929
4053 4054
4053 4055
4053 4056
4054 4085
4054 4086
4054 4217
4055 4090
4056 4087
4056 4216
4056 14747
4057 4341
4057 7026
4057 9155
4058 5510
4058 5512
4059 4060
4060 4338
4060 9133
4061 4062
4061 4063
4061 13351
4062 4339
4063 9131
4063 9134
4064 4206
4064 4216
4064 4244
4064 14747
4065 4066
4065 4067
4065 4068
4065 9122
4066 4249
4067 4070
4067 4071
4067 4251
4068 4244
4068 4249
4068 4255
4069 4080
4069 4091
4069 4102
4070 4076
4070 9122
4071 4252
4071 18330
4071 18419
4072 4073
4072 4074
4072 14758
4073 4075
4073 4094
4073 4984
4074 4978
4074 7985
4075 4095
4075 14758
4075 14760
4076 4257
4076 4259
4076 18419
4077 4252
4077 4982
4077 18408
4077 18419
4078 4079
4078 4081
4078 4082
4079 4100
4079 4101
4080 5505
4080 5509
4081 4101
4082 4083
4082 4086
4083 4084
4083 4085
4084 8399
4086 7415
4087 4088
4087 14748
4088 4217
4088 7426
4089 4090
4089 4092
4089 4093
4090 4216
4090 4254
4092 4189
4092 4254
4093 4189
4093 4206
4093 4216
4094 4095
4094 4096
4094 4097
4095 4194
4095 4196
4096 4982
4096 4984
4096 4985
4097 4196
4097 4252
4097 4982
4098 9116
4098 17951
4099 4222
4099 9116
4100 7215
4100 9129
4101 7215
4102 5505
4102 5506
4103 4104
4103 4105
4104 4239
4104 4241
4104 4276
4105 4227
4105 4241
4106 4234
4106 17075
4106 17108
4107 4229
4107 9649
4108 4109
4108 4110
4108 4111
4109 4378
4109 16652
4110 4120
4110 9137
4111 4112
4111 9137
4112 4115
4112 4116
4113 15646
4113 15650
4114 5539
4115 9135
4116 4378
4117 4118
4117 4119
4117 4120
4118 4235
4118 4270
4119 4121
4119 4270
4120 7139
4120 7140
4121 4122
4121 4123
4122 4271
4122 4275
4123 4268
4123 4270
4123 4271
4124 4126
4124 4372
4124 9120
4124 17108
4125 4136
4125 4147
4126 4277
4127 10414
4127 13768
4128 4129
4129 4130
4129 4321
4130 4322
4130 4325
4131 4751
4131 4752
4131 12559
4131 13349
4132 4133
4132 4752
4132 13349
4133 4134
4133 4135
4134 4137
4134 4750
4134 4752
4135 4137
4135 4138
4136 5553
4136 5554
4136 5555
4137 4140
4137 4756
4138 4140
4138 4141
4139 13315
4139 13320
4139 13339
4140 4759
4140 13314
4141 7378
4141 13314
4141 13316
4142 4757
4142 13314
4142 13315
4143 4144
4143 4145
4143 4146
4143 4148
4144 4163
4145 4150
4145 4157
4146 4157
4146 4159
4147 5555
4147 5560
4148 4149
4148 4150
4148 4151
4149 4163
4149 4405
4150 4154
4150 9115
4151 4152
4151 4153
4151 4154
4152 4155
4152 4156
4153 4405
4153 9096
4155 4406
4155 9096
4156 4408
4158 4169
4158 4180
4158 4191
4158 10462
4160 4161
4160 18230
4160 18241
4161 4162
4161 4163
4161 4164
4162 4262
4162 4266
4162 18230
4164 4401
4164 4405
4165 4166
4166 4167
4166 4168
4166 4170
4167 4171
4167 4172
4168 9101
4169 10476
4169 10477
4170 9101
4171 4408
4172 4218
4172 4221
4172 4408
4173 4174
4173 4175
4174 4181
4174 4186
4174 18363
4175 9111
4176 4177
4176 4178
4176 4179
4177 4182
4177 4183
4178 9115
4179 4181
4179 4183
4179 4187
4180 16810
4180 16811
4181 4188
4182 9115
4183 14757
4183 14760
4185 4205
4186 18341
4187 4194
4187 4195
4187 14760
4188 4195
4188 4196
4188 18363
4190 4192
4190 4211
4191 10462
4191 16809
4192 4214
4193 4196
4193 4252
4193 18330
4193 18363
4194 4195
4197 4198
4197 4199
4197 16150
4197 17918
4198 4385
4198 17852
4198 17929
4199 4312
4199 4382
4199 4384
4200 4204
4200 17918
4200 17940
4201 4204
4201 16150
4201 16154
4201 17918
4202 4213
4202 4225
4202 16816
4203 4204
4203 4205
4203 4306
4204 4308
4205 4309
4205 16156
4206 4207
4207 4244
4207 4245
4207 4246
4208 4315
4208 4317
4208 9109
4209 4210
4209 4211
4209 4212
4210 4315
4210 9107
4211 4214
4211 4215
4212 4215
4212 4815
4212 8930
4213 16810
4213 16815
4214 9106
4215 4813
4217 7425
4218 4219
4218 4220
4218 4221
4219 9101
4219 9128
4220 4365
4221 9118
4222 4223
4223 16146
4223 17829
4224 12707
4224 12709
4224 12710
4226 9116
4226 17829
4226 17951
4227 4230
4228 4229
4228 9649
4229 4230
4230 4233
4230 4241
4231 4237
4233 4237
4233 4238
4234 4823
4234 17086
4235 7139
4235 9138
4235 9144
4236 4247
4236 4258
4236 17452
4237 4240
4238 4239
4238 4240
4238 4241
4239 4242
4239 4243
4240 4243
4240 4392
4242 4277
4242 9120
4243 4821
4243 9120
4244 14749
4245 4249
4246 4248
4247 4269
4247 4402
4247 12164
4247 17463
4248 4249
4248 4250
4250 4317
4250 9108
4251 18330
4251 18352
4253 4337
4255 4256
4255 4257
4255 14749
4256 4259
4256 14750
4257 9122
4258 4766
4258 17252
4259 18385
4260 4261
4260 4262
4260 18230
4260 18252
4261 4263
4261 4366
4262 4263
4262 4264
4263 4265
4264 4265
4264 4266
4264 4267
4265 4404
4266 4401
4267 4400
4267 4404
4268 4272
4268 4281
4269 4280
4269 4291
4271 4272
4271 4273
4272 4274
4273 4274
4273 4275
4273 17086
4274 4376
4275 17052
4276 4277
4278 4279
4278 4281
4278 4282
4278 4283
4279 4285
4279 4286
4279 4287
4280 8732
4280 8736
4281 4284
4282 4284
4282 4287
4282 4822
4283 4286
4283 4359
4284 4375
4285 4356
4285 17119
4286 4355
4287 4373
4288 4289
4288 4290
4288 13151
4289 4292
4289 14351
4290 4297
4290 14689
4291 8737
4291 15603
4292 13150
4292 14277
4293 13145
4293 14668
4293 14671
4294 13145
4294 14663
4294 14665
4295 4297
4295 13155
4295 14682
4296 4297
4296 4298
4296 13155
4298 13151
4298 13153
4299 13157
4299 14673
4300 4301
4300 4303
4300 14673
4301 4304
4301 14674
4302 6997
4302 8550
4303 14367
4304 14366
4305 14026
4305 15240
4305 16070
4306 4307
4306 4308
4306 4309
4307 4310
4307 4966
4307 4967
4308 4310
4308 16154
4309 4967
4310 4311
4310 4965
4311 4962
4311 16151
4311 16154
4312 7529
4312 16150
4312 16153
4313 4994
4313 8550
4314 4967
4314 4970
4315 4316
4316 4317
4318 5670
4318 5692
4318 10419
4319 16904
4319 16914
4320 4358
4320 12935
4320 12944
4322 12563
4323 4326
4323 12565
4323 12839
4324 4994
4324 10614
4324 10678
4324 17632
4325 12565
4325 12839
4326 9156
4326 12562
4327 9854
4327 12562
4328 4329
4328 4330
4328 4331
4329 4331
4329 4388
4330 4386
4330 9159
4331 4388
4332 8540
4332 9994
4332 16144
4333 4334
4333 4337
4334 4338
4334 4339
4335 4447
4335 4558
4335 4669
4335 4780
4336 4770
4336 16363
4336 17807
4337 4338
4339 4394
4340 13291
4340 13292
4340 13354
4341 9160
4341 9162
4341 13291
4342 4343
4342 4344
4342 4345
4343 4349
4343 4389
4343 4821
4344 4346
4344 4350
4345 4350
4345 4371
4345 4372
4346 4348
4346 4349
4347 4358
4347 4369
4347 8545
4348 9119
4348 9123
4349 4390
4350 4352
4351 4352
4351 4353
4351 4354
4352 9119
4353 9119
4353 9123
4354 4357
4354 4367
4355 4356
4355 4357
4356 4393
4357 4368
4358 6737
4358 12926
4359 4377
4359 9130
4360 4362
4360 4395
4360 4399
4361 4362
4361 4363
4362 4819
4363 4366
4363 4820
4364 4421
4364 18008
4365 9128
4366 18252
4367 4368
4367 4371
4368 4393
4369 6746
4370 4371
4370 4372
4370 17108
4371 17119
4372 4821
4373 4822
4373 17097
4374 4822
4374 4823
4374 17097
4375 4376
4376 4822
4376 4823
4377 4378
4378 9130
4379 9140
4379 16147
4379 17975
4380 4391
4380 4402
4380 6740
4380 12164
4381 4382
4381 4383
4381 4384
4382 4817
4382 4818
4383 8056
4384 4385
4386 4387
4386 4388
4387 9159
4387 9160
4389 4390
4389 4392
4390 9123
4391 6763
4391 8730
4392 4821
4393 17119
4394 8400
4395 4396
4396 4397
4396 16147
4397 4398
4397 4399
4398 4411
4399 4411
4399 4819
4400 4401
4400 4403
4402 8732
4403 9096
4403 9099
4404 4414
4406 4407
4406 4408
4407 9099
4410 4411
4410 4412
4411 4415
4412 4415
4412 18219
4413 4992
4413 8727
4414 9098
4414 9099
4415 4819
4417 4418
4417 4419
4419 8427
4419 17130
4420 17130
4421 9110
4422 4423
4422 15737
4422 15738
4423 4425
4423 4428
4423 15745
4424 4992
4424 6766
4425 4426
4425 4429
4425 15738
4426 4430
4426 9402
4427 4432
4427 15730
4427 15745
4428 4431
4428 15730
4429 4430
4429 4431
4430 9336
4431 9336
4431 15734
4432 15746
4433 4436
4433 15744
4434 4436
4434 4444
4434 15737
4434 15744
4435 4448
4435 4459
4435 4470
4435 4481
4436 4443
4437 4438
4437 4439
4437 9391
4438 4440
4438 4441
4439 4464
4440 4442
4440 4443
4440 15739
4441 4469
4441 9513
4442 4445
4442 4464
4443 4444
4444 15739
4445 4463
4445 15739
4446 4957
4446 5557
4447 7397
4447 10751
4448 12935
4448 12936
4448 12942
4449 4451
4449 4452
4449 15731
4450 4453
4450 15731
4450 15732
4450 15735
4451 9480
4451 15731
4452 4455
4452 4458
4453 4455
4453 4456
4454 4461
4454 9347
4454 9358
4454 15735
4455 4458
4456 4457
4456 4461
4456 15735
4457 4458
4457 4460
4458 6709
4459 12920
4459 12921
4459 12923
4460 6810
4460 9102
4461 9125
4462 6818
4462 6819
4462 9125
4463 4464
4463 4465
4463 9380
4465 9391
4466 4467
4466 9458
4467 4468
4470 12927
4470 12935
4470 12944
4471 4472
4471 4473
4471 10714
4472 7019
4472 9737
4473 8692
4473 10714
4474 12338
4474 14228
4476 4477
4478 8604
4479 9188
4479 9833
4479 15270
4480 4482
4480 8696
4481 12920
4481 12927
4481 12928
4482 4737
4482 7110
4483 4495
4483 8178
4483 16574
4484 4487
4484 16463
4484 16574
4485 4486
4485 4487
4485 16574
4486 4490
4486 4491
4487 7373
4488 4489
4488 8184
4488 16530
4489 8189
4489 16563
4490 8172
4490 8178
4491 4493
4491 7373
4492 4503
4492 4514
4492 4525
4493 7372
4493 16419
4494 4656
4494 16419
4495 16496
4495 16519
4496 16225
4496 16227
4497 4498
4497 18435
4497 18481
4498 18445
4498 18482
4499 18483
4499 18486
4500 11421
4500 18403
4500 18487
4501 4811
4501 11060
4501 11140
4502 4504
4502 4505
4502 4506
4503 4514
4503 7911
4504 8449
4505 15236
4507 5002
4507 8047
4507 10750
4508 9711
4508 10757
4509 4510
4509 10811
4509 10813
4509 17531
4510 17532
4511 4512
4511 16036
4511 16038
4512 16056
4513 4515
4513 13925
4514 7141
4515 13931
4515 14324
4516 6069
4516 13931
4516 14324
4517 13458
4517 13509
4517 13512
4518 13468
4518 13469
4518 13473
4519 11530
4519 13491
4519 13493
4520 13494
4521 10872
4521 13516
4522 11635
4522 13498
4523 4524
4523 13500
4524 11558
4524 13499
4525 7979
4525 8041
4526 4527
4526 11635
4526 11636
4527 11558
4527 13499
4528 8944
4528 12505
4529 15238
4529 15250
4530 14427
4530 14434
4531 6624
4531 17235
4532 4533
4532 9831
4532 17654
4533 9648
4534 4535
4534 9839
4534 18006
4535 9874
4535 15478
4536 4547
4536 4559
4536 7844
4537 13762
4538 4539
4538 15336
4539 4540
4539 16720
4539 17712
4540 16719
4540 16720
4540 17712
4541 4542
4541 14307
4541 16035
4542 7218
4542 15332
4542 16380
4543 16058
4543 16060
4543 17996
4544 7117
4544 18212
4545 4546
4545 11321
4545 15193
4545 18442
4546 11321
4546 18446
4548 4549
4548 4550
4548 8332
4548 14058
4549 13700
4550 8333
4550 13541
4550 13543
4551 4552
4551 15429
4551 18145
4552 7079
4552 18147
4553 7157
4553 15431
4554 4555
4554 4556
4554 4557
4555 4599
4555 4617
4556 4580
4556 7312
4557 7315
4557 7327
4558 9890
4558 11189
4558 11192
4559 7526
4559 7844
4559 8064
4560 10331
4560 10520
4560 15585
4560 15997
4561 15552
4561 15975
4561 15997
4562 4571
4562 15986
4562 15997
4563 4572
4563 9468
4563 15552
4563 15563
4564 4565
4564 4566
4564 15541
4564 15975
4565 4569
4565 4590
4566 4597
4566 4598
4566 4599
4567 4575
4567 4595
4567 4596
4567 14263
4568 4596
4568 4610
4568 14263
4569 4594
4569 15541
4569 15563
4570 4581
4570 4592
4570 4603
4571 4588
4571 7286
4572 4573
4572 4574
4572 11331
4573 9466
4573 9467
4573 10275
4574 4594
4574 14252
4574 15563
4575 4594
4575 14252
4576 4577
4576 4578
4576 4579
4577 4580
4577 7311
4578 7290
4578 7308
4579 4589
4579 4606
4579 4607
4580 4582
4581 8107
4581 8108
4582 4607
4582 4609
4583 4584
4583 4585
4583 4586
4583 4587
4584 4600
4584 14297
4584 14396
4585 4613
4585 4615
4585 4616
4586 4616
4586 14385
4586 14396
4587 4593
4587 4600
4587 4601
4588 4606
4588 7284
4588 15986
4589 4605
4589 15986
4590 4591
4590 4593
4590 4594
4591 4595
4591 4600
4592 4603
4592 7187
4593 4602
4595 4604
4596 4604
4596 14285
4597 4605
4597 4608
4598 4611
4598 4618
4599 4609
4599 4611
4600 4604
4601 4602
4601 4620
4601 4621
4602 4619
4603 7872
4604 14297
4605 4607
4606 7285
4606 7290
4607 4608
4608 4609
4610 14285
4610 16075
4611 4612
4612 4617
4612 4618
4612 4620
4613 4622
4613 7320
4613 7321
4614 4625
4614 4636
4614 4647
4615 4622
4615 4624
4616 7321
4616 7325
4617 4623
4618 4619
4619 4620
4620 4623
4621 4624
4622 4623
4625 7498
4625 16164
4626 4628
4626 7298
4626 11642
4627 4628
4627 4629
4627 11653
4628 7304
4629 4637
4629 7300
4629 9544
4630 4631
4630 4632
4630 4633
4631 4635
4631 9486
4632 4634
4632 4635
4633 8842
4633 16441
4634 4638
4634 9550
4635 9542
4635 9547
4636 7209
4637 4638
4637 4639
4639 9541
4639 9550
4640 4641
4640 12090
4640 13748
4641 13748
4642 4646
4642 10042
4642 12236
4642 12951
4643 4649
4643 6776
4643 6778
4643 12239
4644 4645
4644 4646
4644 12951
4645 4648
4645 4649
4646 4650
4647 8026
4648 4650
4648 6776
4649 4652
4650 4771
4651 6767
4651 12224
4651 12227
4652 12951
4653 4775
4653 6767
4653 12220
4654 9396
4654 10462
4655 12958
4655 13089
4655 13090
4658 4670
4658 4681
4658 13419
4659 8608
4660 4661
4660 4662
4661 4711
4661 4713
4662 4686
4662 4709
4664 7008
4664 13040
4664 18574
4665 8683
4665 14717
4665 15531
4665 15542
4665 16806
4665 16923
4666 15542
4666 16819
4666 16820
4667 17766
4667 17781
4669 11192
4670 16997
4671 4672
4671 4673
4671 8751
4672 4674
4672 4680
4673 8750
4674 4675
4674 4676
4674 4677
4675 4679
4675 4680
4676 4678
4676 8751
4677 4678
4677 4679
4678 8750
4679 4682
4679 8749
4680 4682
4681 4692
4681 4703
4682 8941
4683 4684
4683 13884
4684 7111
4684 14571
4685 14025
4685 14429
4686 4687
4687 4710
4687 7216
4688 4689
4688 4690
4689 4691
4690 4694
4692 8519
4692 13408
4693 4694
4695 4696
4695 4697
4695 4698
4695 6939
4696 4845
4696 4859
4697 4700
4697 4834
4698 4699
4698 4700
4699 6950
4700 4831
4701 4702
4701 4704
4701 4705
4702 4707
4702 4840
4703 7930
4703 15485
4704 4841
4704 4842
4705 4706
4705 4720
4706 4707
4706 4708
4707 4835
4708 4855
4708 4876
4709 4710
4709 4711
4710 9995
4710 9996
4711 4712
4712 4852
4712 10076
4713 4853
4713 10077
4714 4725
4714 4736
4714 4747
4715 4716
4715 4717
4716 7387
4716 12552
4717 4718
4718 4719
4718 8838
4719 4740
4719 7388
4719 8382
4720 4860
4720 4876
4721 8392
4721 12552
4722 4729
4722 4730
4722 10287
4723 8969
4723 10287
4724 4729
4724 10287
4725 4792
4726 4727
4726 4729
4729 4732
4730 4731
4731 4732
4733 7359
4733 11006
4734 10513
4734 11004
4734 15756
4735 11754
4735 11757
4736 12748
4737 7110
4737 11253
4738 4739
4738 4740
4738 4741
4739 7030
4739 8383
4740 8383
4740 8838
4741 8834
4741 8837
4741 8838
4742 4743
4742 4744
4742 4745
4743 4746
4743 4754
4744 4746
4744 4751
4744 13350
4745 13333
4745 13334
4745 13340
4746 4748
4746 4749
4747 4769
4748 4750
4748 4754
4748 13342
4749 4750
4749 4751
4749 4752
4750 4753
4753 4755
4753 4756
4753 13342
4754 13340
4755 4757
4755 4759
4756 4759
4757 13339
4758 4769
4758 4781
4758 4792
4760 15587
4760 15588
4760 18306
4761 15580
4761 15581
4761 15583
4762 4763
4762 15610
4762 17174
4763 15609
4763 17285
4764 4765
4764 15606
4764 15610
4765 8706
4765 17241
4766 4768
4766 17241
4767 5629
4767 8707
4767 15610
4768 7432
4768 15606
4769 8258
4769 8269
4770 12901
4770 17796
4771 4777
4771 6775
4772 4773
4772 4774
4773 8548
4774 17632
4774 17633
4775 4776
4775 4777
4775 6767
4775 6772
4776 6768
4776 6771
4777 6771
4777 6773
4778 8374
4778 14846
4778 14938
4779 8365
4780 4891
4780 10754
4780 11189
4783 10007
4784 4785
4787 4788
4787 4789
4787 14690
4788 4790
4788 4791
4788 4793
4788 14690
4789 4790
4789 4799
4789 4805
4790 4794
4790 4796
4791 4796
4791 4798
4793 14690
4794 4795
4794 4805
4794 9968
4795 4796
4795 4797
4795 9968
4796 4798
4797 4798
4797 12894
4799 4800
4799 14691
4800 4801
4800 4802
4801 4804
4801 5633
4802 4804
4802 4805
4803 4814
4803 4825
4803 4836
4803 4847
4804 12898
4805 4806
4806 8795
4806 9957
4808 12888
4808 12892
4808 12893
4809 12888
4810 14728
4810 16767
4810 17542
4811 11081
4811 11149
4813 9106
4814 7491
4815 8929
4817 8056
4817 8059
4818 7529
4818 8055
4819 4820
4820 18219
4824 8345
4824 12537
4824 13190
4825 4858
4826 12544
4826 13190
4827 7556
4827 7577
4827 13190
4828 7556
4828 7559
4828 12544
4829 13177
4829 13178
4829 13281
4829 13283
4830 7448
4830 13176
4830 13177
4830 13287
4831 4832
4831 4833
4832 4837
4832 4840
4833 4834
4833 4835
4834 4845
4835 4840
4835 4856
4836 7151
4837 4838
4837 4839
4838 4893
4839 4842
4839 9729
4841 4860
4841 4862
4841 4864
4842 4843
4842 4844
4843 5818
4843 5873
4843 9729
4844 4864
4844 5818
4845 4846
4845 4856
4846 4848
4846 4849
4847 5191
4848 4850
4848 9929
4849 4857
4850 4851
4851 4852
4852 4853
4853 4854
4854 6953
4854 10078
4855 4856
4855 4857
4857 4885
4858 4869
4859 6934
4859 6952
4860 4861
4860 4884
4861 4867
4861 4899
4862 4863
4862 4867
4863 4865
4863 5889
4863 5893
4864 4865
4865 5890
4866 4867
4866 4868
4866 4870
4868 4871
4868 4872
4868 4873
4869 4880
4870 4907
4870 4918
4871 4874
4871 4878
4871 4882
4872 4882
4872 4899
4873 4874
4873 4877
4874 4875
4875 5597
4875 9936
4876 4883
4877 4918
4877 9936
4878 4879
4878 4881
4879 5110
4879 5597
4880 7150
4881 4885
4881 4898
4882 4898
4883 4884
4883 4885
4884 4898
4888 15110
4888 15137
4889 5223
4889 15134
4890 5734
4890 5737
4890 5738
4891 5002
4891 5113
4892 4903
4892 4914
4892 5003
4893 9718
4893 9719
4894 4895
4894 4896
4894 4897
4895 5853
4895 5855
4896 5783
4896 5857
4897 5784
4897 5806
4897 5856
4898 4899
4900 8358
4900 14518
4900 15074
4901 9297
4902 4905
4902 13264
4904 13262
4904 13264
4904 13265
4905 13271
4905 13272
4906 4907
4906 4908
4906 4909
4906 4910
4907 4917
4908 5578
4908 5579
4909 4916
4909 4917
4910 5887
4910 5889
4911 4912
4911 4932
4911 5582
4912 4913
4912 4931
4913 4934
4913 4950
4915 5121
4915 9936
4916 4946
4916 5579
4916 5580
4917 4951
4917 5580
4918 4919
4919 4953
4919 5119
4919 5591
4920 4921
4920 4922
4920 4923
4920 4924
4921 5576
4921 5578
4921 5579
4922 4929
4922 5548
4922 5573
4923 4926
4923 4929
4923 5576
4924 5577
4924 5578
4925 4936
4925 4947
4926 4927
4926 4928
4926 5666
4927 4939
4927 5576
4927 5657
4928 4929
4928 5568
4928 5663
4929 5569
4930 4931
4930 4932
4930 4933
4931 4934
4931 4938
4932 5543
4933 4937
4933 5657
4934 4935
4934 4941
4935 4938
4935 4940
4935 5583
4936 4947
4937 4938
4937 4939
4938 5547
4939 4946
4939 5547
4940 4941
4940 4942
4940 4944
4941 4950
4941 5611
4942 4943
4942 5612
4943 4944
4943 4945
4944 5583
4944 5590
4945 5127
4945 5601
4946 4948
4946 4949
4947 4958
4948 5576
4948 5579
4949 5547
4949 5580
4949 5593
4950 5610
4951 4952
4951 4953
4952 4954
4952 5580
4952 5593
4953 4954
4954 5590
4954 5591
4955 9169
4955 9180
4955 9191
4956 14074
4957 15815
4958 5758
4959 4962
4959 4963
4959 16151
4959 16161
4960 4963
4960 6686
4960 6696
4960 16161
4961 4962
4961 4974
4961 16160
4961 16161
4962 4965
4963 4964
4963 6693
4964 6690
4964 16151
4964 16153
4965 4966
4965 4974
4966 4968
4966 4975
4967 4968
4968 4970
4968 4976
4969 4980
4969 4991
4969 11856
4969 11857
4969 15847
4970 4977
4970 4978
4971 4972
4971 7506
4971 16160
4972 4973
4972 4974
4973 4975
4973 16168
4974 4975
4975 4976
4976 4977
4976 16168
4977 4979
4977 15377
4978 4979
4979 7983
4979 7985
4980 6480
4981 4982
4981 4983
4981 18408
4983 4985
4983 7989
4985 4986
4986 15389
4987 4988
4987 4989
4987 10294
4988 4989
4988 10293
4988 10294
4989 10291
4990 12390
4990 12391
4990 14232
4991 11858
4992 4993
4993 8551
4993 8727
4994 17631
4995 4996
4995 4997
4995 15618
4996 4998
4996 9601
4996 9604
4997 9563
4997 15607
4998 5000
4998 5026
4998 15618
4999 5000
4999 5001
4999 15618
4999 15630
5000 5004
5000 5020
5001 5004
5001 5005
5002 10750
5003 5014
5004 5017
5004 5018
5005 5021
5005 5022
5005 15630
5006 5007
5006 5008
5006 5009
5007 5011
5007 5024
5008 5024
5008 9598
5009 5015
5009 5016
5010 5011
5010 5012
5010 5013
5011 5015
5012 5024
5012 13130
5013 5021
5013 5022
5014 17483
5015 5017
5015 5022
5016 5017
5016 5018
5018 5019
5018 5020
5019 7645
5019 7647
5020 5026
5020 7647
5021 5023
5021 13319
5023 13130
5023 13141
5023 13274
5025 5036
5025 5047
5025 17417
5026 7648
5026 9601
5027 5028
5027 5029
5028 5030
5028 5033
5028 5041
5029 5032
5029 5033
5030 5031
5030 5032
5031 5041
5031 5048
5032 5033
5034 5039
5034 5040
5034 5046
5035 5043
5035 5046
5036 5069
5037 5038
5037 5039
5037 5040
5038 5041
5039 5041
5039 5048
5040 5045
5043 5044
5046 5048
5047 14393
5047 14394
5049 5050
5049 5051
5049 8638
5050 8629
5050 8631
5050 8634
5051 8629
5051 8630
5052 5053
5052 5054
5052 5055
5053 5082
5053 5083
5053 5084
5054 5056
5054 5232
5055 5068
5055 5083
5056 5057
5056 5059
5057 5072
5057 5250
5058 5069
5058 5080
5059 5067
5059 5068
5060 5061
5060 5062
5060 8650
5061 5248
5061 8648
5062 5244
5062 5245
5063 5064
5063 5065
5063 5066
5064 8639
5064 8641
5065 5070
5065 5242
5066 5071
5066 5073
5067 5070
5067 5071
5068 5227
5070 5227
5071 5072
5072 5073
5073 5074
5074 5230
5074 8639
5074 8647
5075 5076
5075 7093
5075 7096
5076 5077
5076 7093
5078 5079
5078 5081
5078 8648
5079 5231
5079 8638
5080 5091
5080 5125
5081 5228
5081 5243
5082 5233
5082 6957
5083 6961
5084 5232
5084 5235
5085 5098
5085 5099
5085 5100
5086 5087
5086 5088
5087 6388
5087 6438
5088 6323
5088 6326
5089 5090
5089 5092
5089 5093
5090 5092
5090 6436
5091 5102
5091 5114
5091 5125
5092 6388
5093 5211
5093 6442
5094 5095
5094 5096
5094 6328
5094 6392
5095 5212
5095 6506
5096 5097
5097 6506
5097 6508
5098 6329
5099 6509
5099 6574
5100 5198
5100 6329
5101 5103
5101 5104
5102 17257
5103 6518
5104 5251
5105 5106
5105 5107
5106 6606
5106 6607
5107 5251
5107 5252
5108 5109
5108 15466
5109 15022
5110 5111
5110 5112
5111 5588
5111 5589
5111 5600
5112 5134
5112 5600
5113 7066
5113 10097
5114 6836
5114 7160
5115 5116
5115 5117
5115 5118
5116 5622
5116 5623
5117 5602
5117 5604
5118 5602
5118 5609
5119 5120
5119 5121
5120 5122
5120 5123
5121 5598
5122 5126
5122 5585
5123 5587
5123 5598
5124 5126
5124 5127
5124 5584
5124 5601
5126 5584
5126 5591
5127 5590
5127 5591
5128 5129
5128 5130
5128 5131
5129 5132
5129 5133
5130 5615
5130 5616
5131 5132
5131 5599
5131 5618
5132 5134
5132 5600
5133 5134
5135 5137
5135 5138
5136 5147
5136 5158
5136 5169
5136 5180
5137 6305
5137 6307
5137 6312
5138 5167
5138 6312
5139 5140
5139 5141
5139 5142
5140 5143
5140 5145
5141 5142
5141 6497
5142 5226
5143 5144
5144 5189
5144 6498
5145 6316
5146 6448
5146 6456
5146 6457
5147 11835
5147 11837
5148 6320
5148 6321
5149 5177
5149 5178
5150 5151
5150 5152
5150 5153
5151 6348
5151 6351
5152 5153
5152 6481
5153 6471
5153 6472
5154 5155
5154 5156
5154 5157
5155 5161
5155 6359
5156 5159
5156 6433
5157 6406
5157 6453
5158 7880
5158 7892
5159 5160
5159 5161
5160 5175
5160 6411
5161 6407
5162 5163
5162 5164
5162 5165
5163 6425
5163 6430
5164 6337
5164 6425
5165 5174
5165 5176
5165 6431
5166 5167
5166 15151
5167 6309
5168 6460
5168 15143
5168 15146
5169 11843
5170 5171
5170 5172
5170 5173
5170 15147
5171 6334
5172 6468
5172 6470
5173 6338
5173 6471
5174 5175
5174 5176
5175 6433
5176 15148
5177 6301
5177 6441
5178 6503
5178 6507
5179 5181
5180 11839
5180 11843
5182 5183
5182 5184
5182 5185
5183 7022
5184 6640
5184 7022
5185 6643
5186 6553
5186 6563
5186 6571
5187 6534
5187 6563
5188 5189
5188 5190
5188 5192
5189 5205
5190 6315
5190 6576
5191 5202
5191 5213
5191 5225
5192 5193
5192 6549
5193 5194
5193 5195
5194 5196
5194 5198
5194 6565
5195 6530
5195 6531
5196 5197
5197 5198
5199 5200
5199 5201
5199 5203
5199 5204
5200 6564
5200 6565
5201 6564
5201 6567
5203 6528
5203 6529
5204 6516
5204 6567
5204 6568
5206 5207
5206 5208
5206 5209
5206 5210
5207 6328
5207 6392
5207 6393
5208 6274
5208 6292
5209 6293
5209 6327
5210 6292
5210 6293
5211 5212
5211 6392
5211 6434
5212 6504
5213 5236
5213 5247
5214 5215
5214 7065
5214 7629
5214 11419
5215 7625
5215 11394
5216 8418
5217 9897
5217 11407
5218 11403
5218 11410
5219 15166
5220 6612
5220 15022
5220 15064
5221 6376
5222 5289
5222 5290
5223 15102
5223 15104
5224 5335
5224 5446
5224 5558
5224 5669
5225 5236
5225 5324
5226 6306
5226 6512
5228 5229
5228 5230
5228 5231
5229 8633
5229 8636
5230 5249
5230 5250
5231 8637
5232 5235
5232 8636
5233 5234
5233 5235
5234 6959
5234 8628
5234 8632
5236 6803
5237 5470
5237 8502
5237 8513
5238 8513
5238 8628
5238 8630
5238 10852
5239 5240
5239 5241
5239 5475
5239 5482
5240 5471
5240 5482
5241 5470
5241 5471
5241 5473
5242 8641
5243 5246
5243 8648
5244 8640
5244 8649
5244 8650
5245 5248
5245 8640
5245 8647
5246 5248
5246 5249
5247 5258
5247 6701
5249 8647
5250 8636
5252 6277
5252 6278
5253 5254
5253 5255
5253 17663
5254 5262
5254 12185
5255 5256
5255 5257
5256 12719
5256 12775
5256 17663
5257 9300
5257 12697
5258 5269
5258 6825
5258 16129
5259 5260
5259 5261
5259 12741
5260 12708
5260 12730
5261 12730
5261 12841
5261 12853
5262 17663
5263 6726
5263 9802
5263 12212
5264 6900
5265 5268
5265 5270
5265 5271
5266 5272
5266 5273
5267 5268
5267 6284
5268 6398
5268 6638
5269 16123
5270 5272
5270 5289
5270 6634
5271 6634
5271 6637
5271 6638
5272 5293
5273 5274
5273 5292
5273 5293
5275 5295
5275 5296
5276 6284
5277 6285
5277 6395
5278 5281
5278 15066
5278 15068
5279 6625
5279 15068
5280 5291
5280 5302
5280 5313
5281 9662
5281 9664
5282 6617
5282 6618
5282 6623
5282 15066
5283 5284
5283 5285
5284 5285
5285 6630
5285 15069
5286 5288
5286 6615
5286 15465
5287 6612
5287 15064
5287 15465
5288 15054
5288 15065
5289 5293
5289 5294
5290 5292
5290 5293
5291 5302
5294 6633
5294 6636
5296 6283
5297 6282
5297 6285
5298 5299
5298 15101
5299 15160
5300 5301
5300 5303
5300 15102
5301 5303
5301 15101
5302 16199
5303 15157
5304 9673
5304 15112
5304 15136
5305 5306
5305 9673
5305 15136
5306 5307
5306 5308
5307 6374
5307 9673
5308 10053
5309 6455
5309 15121
5309 15122
5310 5312
5310 15118
5311 6375
5311 15114
5311 15118
5312 6365
5312 15140
5313 7151
5314 6356
5315 5316
5315 5320
5317 5338
5318 5337
5318 5340
5319 5320
5319 5321
5319 5327
5319 9690
5320 9693
5321 5325
5321 9958
5322 5329
5322 5333
5322 18757
5323 5325
5323 5328
5323 5329
5324 6703
5324 8657
5325 5326
5325 5338
5326 5327
5326 5334
5326 9689
5327 9692
5328 9958
5329 5338
5330 5331
5330 5332
5331 5343
5331 12990
5332 5339
5332 5343
5333 9671
5334 5337
5334 5338
5334 5339
5335 15765
5335 15768
5335 15769
5337 5341
5339 5341
5340 5341
5340 5342
5341 5343
5342 5343
5342 12988
5344 9685
5344 9786
5345 5348
5345 8601
5346 5348
5346 5349
5346 5350
5348 9775
5349 8600
5349 8601
5350 5352
5350 5353
5350 5354
5351 5352
5351 12990
5352 9778
5353 9781
5354 5355
5354 5356
5354 5357
5355 5362
5355 5365
5355 5377
5356 5366
5356 5367
5357 5363
5357 5364
5357 5365
5358 5369
5358 5380
5359 5360
5359 5361
5359 5362
5360 5376
5360 5386
5361 5366
5361 5378
5362 7620
5363 8600
5364 5368
5364 5370
5365 5375
5365 5376
5366 5374
5367 6248
5367 12989
5369 5391
5370 5371
5370 5375
5371 5372
5371 5373
5372 5393
5372 5405
5373 5393
5373 5394
5374 5377
5374 7622
5375 5405
5376 5398
5376 5404
5377 7620
5378 5384
5378 5389
5378 6252
5379 5381
5379 5382
5379 5383
5379 10297
5380 5424
5380 5435
5381 5417
5381 5419
5382 5419
5382 5454
5383 5417
5383 5418
5384 5386
5385 5386
5385 5387
5386 5466
5387 5388
5388 5397
5388 5464
5389 5390
5389 5392
5390 5466
5391 5413
5392 6253
5392 7181
5393 5406
5394 5407
5394 5408
5395 5396
5395 5397
5395 5398
5396 5400
5396 5429
5398 5399
5399 5400
5399 5401
5400 5403
5401 5403
5401 5404
5402 6769
5403 5406
5404 5405
5406 5434
5407 5415
5407 5427
5408 5409
5408 5415
5409 5410
5409 5411
5410 5415
5410 5423
5410 5425
5411 5432
5411 5433
5412 5419
5412 5448
5414 5420
5414 5449
5414 5452
5415 5426
5416 5417
5416 5418
5416 5426
5416 5428
5418 5427
5419 5442
5420 5453
5421 5423
5422 5425
5423 5426
5423 5428
5425 5432
5426 5427
5429 5431
5430 5431
5430 5432
5431 5433
5433 5434
5435 6769
5436 5460
5437 5444
5437 5455
5438 5439
5438 5440
5438 5441
5438 5442
5439 5444
5439 5445
5439 5448
5440 5443
5441 5445
5441 5453
5442 5443
5442 5448
5443 5454
5444 5450
5445 5450
5445 5452
5446 6047
5446 15769
5446 17621
5447 5458
5447 5469
5447 8691
5448 5455
5449 5451
5450 5451
5451 5452
5452 5453
5456 5457
5456 5460
5457 5459
5458 17495
5458 17498
5458 17501
5459 5460
5462 5463
5464 5465
5465 5466
5467 5470
5467 5471
5467 8502
5468 5470
5468 5472
5469 8713
5469 16056
5469 17500
5472 5473
5473 5474
5474 5475
5475 5476
5475 5477
5476 5481
5476 5482
5477 5481
5478 5481
5478 7655
5479 7182
5479 10186
5480 5491
5480 5502
5480 5546
5480 14310
5480 16037
5484 5494
5484 10408
5485 5486
5485 5487
5485 5489
5485 5496
5486 5493
5486 5494
5487 5488
5487 15030
5488 5489
5488 5495
5489 5490
5490 5492
5490 5495
5491 5546
5491 6898
5491 17976
5492 5493
5492 15019
5495 15019
5496 15008
5496 15030
5497 5498
5497 5499
5498 5521
5498 5667
5498 5809
5498 5810
5499 5520
5499 5521
5499 5522
5500 5501
5500 5503
5500 5504
5501 5541
5501 5551
5502 6899
5502 16047
5502 16057
5503 5541
5503 5656
5503 5659
5504 5551
5504 5552
5505 5507
5506 5508
5506 5511
5507 5508
5507 5509
5508 5510
5511 5514
5511 5516
5512 5516
5512 5517
5513 5524
5513 15333
5513 16058
5513 16059
5513 16113
5514 5515
5515 5516
5517 5525
5517 5526
5518 5521
5518 5528
5519 5529
5519 5531
5520 5533
5521 5534
5522 5533
5522 5534
5523 5526
5523 5532
5524 5535
5525 5527
5526 5527
5526 5531
5528 5534
5529 5530
5530 5531
5531 5532
5533 5536
5535 5546
5535 15333
5536 5537
5536 5538
5537 5653
5537 5654
5538 5544
5538 5550
5540 5541
5540 5542
5541 5561
5542 5544
5542 5561
5543 5582
5543 5657
5543 5664
5544 5545
5545 5562
5545 5655
5547 5583
5548 5569
5548 5571
5548 5572
5549 5649
5549 5654
5551 5553
5551 5556
5552 5556
5552 5560
5555 5556
5556 5560
5558 10119
5558 17621
5559 5570
5559 5581
5561 5564
5561 5656
5562 5563
5562 5564
5563 5566
5563 5652
5564 5567
5565 5566
5565 5567
5565 5640
5565 5642
5566 5646
5567 5641
5567 5656
5568 5569
5568 5640
5568 5662
5569 5575
5570 16176
5570 16177
5571 5574
5571 5575
5571 5639
5572 5573
5572 5574
5573 5577
5574 5643
5574 5830
5575 5640
5575 5642
5577 5887
5582 5665
5583 5593
5584 5585
5584 5586
5585 5587
5585 5596
5586 5594
5586 5606
5587 5588
5587 5589
5588 5597
5588 5598
5589 5596
5589 5599
5590 5593
5592 5603
5592 7077
5592 8666
5592 10424
5592 16072
5594 5595
5594 5596
5595 5604
5595 5623
5596 5613
5599 5600
5599 5613
5601 5606
5601 5607
5602 5605
5602 5608
5603 10424
5603 16071
5604 5605
5605 5606
5605 5607
5607 5608
5607 5612
5608 5609
5608 5611
5609 5610
5610 5611
5611 5612
5613 5620
5613 5621
5614 5625
5614 5636
5614 15518
5615 5616
5615 5618
5616 5617
5617 5618
5617 5619
5618 5620
5619 5620
5619 5622
5621 5622
5621 5623
5624 5626
5624 15354
5625 10418
5625 10419
5626 7510
5626 8536
5627 5628
5627 13811
5628 8810
5629 5630
5629 5631
5630 8707
5630 16297
5631 8706
5631 8714
5631 8715
5632 8603
5632 17319
5633 5634
5633 8448
5634 7001
5634 14691
5634 16319
5636 5703
5636 5725
5637 8734
5637 8736
5637 8737
5638 6759
5638 6763
5638 6764
5639 5642
5639 5643
5639 5645
5640 5641
5641 5662
5642 5646
5643 5644
5644 5645
5644 5648
5645 5646
5645 5649
5646 5650
5647 5658
5647 5670
5647 5681
5647 5692
5648 5651
5648 5884
5649 5650
5649 5651
5650 5652
5650 5653
5652 5655
5653 5654
5653 5655
5656 5660
5657 5666
5658 5670
5658 5681
5658 10438
5659 5660
5659 5661
5660 5662
5661 5663
5661 5664
5661 5665
5662 5663
5663 5666
5664 5665
5664 5666
5667 5789
5668 5716
5669 15759
5669 15765
5670 17213
5671 5682
5672 5705
5672 5707
5673 5740
5673 5774
5674 5675
5674 5676
5674 5677
5674 5678
5675 5724
5675 5726
5675 5727
5676 5679
5676 5680
5677 5679
5677 5715
5677 5724
5678 5680
5678 5726
5678 6257
5679 5682
5680 6259
5681 5692
5681 13818
5682 5683
5682 5715
5683 5712
5684 6253
5684 6259
5685 5686
5685 5704
5686 5687
5686 5688
5687 5704
5687 5705
5688 5689
5688 5690
5689 5691
5689 5706
5690 5705
5690 5706
5691 5693
5691 5694
5691 5695
5693 5707
5694 5775
5694 5778
5695 5700
5695 5701
5695 5702
5696 5697
5696 5698
5696 5699
5697 5698
5697 5776
5698 5772
5699 5783
5699 5857
5700 5786
5700 5844
5701 5791
5701 5796
5702 5790
5702 5796
5703 5714
5703 5725
5705 5706
5705 5707
5708 5709
5708 5713
5709 5710
5709 5711
5710 5711
5710 5713
5714 10421
5715 5716
5715 5717
5716 5721
5717 5718
5717 5719
5718 5728
5718 5729
5719 5720
5719 5723
5719 5771
5720 5729
5720 5768
5721 5722
5721 5723
5722 5742
5723 5746
5724 5728
5724 5732
5725 10422
5725 10423
5726 5760
5726 6251
5727 5732
5727 5757
5727 5760
5728 5730
5729 5730
5729 5767
5730 5731
5730 5766
5731 5750
5731 5764
5732 5750
5732 5761
5733 5738
5733 5739
5734 5735
5735 5737
5735 5765
5736 5747
5736 5758
5736 5769
5737 5743
5737 5763
5738 5748
5739 5751
5739 5752
5740 5741
5740 5742
5740 5743
5741 5744
5741 5749
5742 5746
5743 5765
5743 5767
5744 5745
5744 5772
5744 5782
5745 5777
5745 5779
5746 5771
5747 5758
5747 11816
5747 11817
5748 5751
5748 5763
5749 5770
5749 5772
5750 5751
5750 5763
5752 5753
5752 5754
5752 5761
5753 5755
5753 5756
5753 5757
5754 5759
5755 5759
5755 5910
5756 5918
5756 8775
5757 5761
5757 5762
5760 5762
5760 6250
5762 6256
5762 8775
5763 5764
5764 5766
5765 5770
5766 5767
5767 5768
5768 5771
5769 11802
5769 11803
5770 5772
5772 5776
5773 5838
5773 9722
5774 5775
5775 5777
5776 5782
5777 5778
5778 5779
5779 5782
5780 5891
5780 6002
5780 7446
5780 10681
5780 12087
5780 17512
5780 17628
5781 5792
5781 5803
5781 15777
5783 5784
5784 5848
5785 5786
5785 5787
5785 5788
5786 5841
5786 5843
5787 5791
5787 5794
5788 5799
5788 5801
5788 5841
5789 5790
5789 5795
5790 5795
5791 5793
5792 6998
5792 10517
5792 15773
5793 5795
5793 5796
5793 5816
5794 5816
5794 5817
5797 5798
5797 5799
5797 5800
5797 5801
5798 5812
5798 5895
5799 5817
5800 5883
5800 5895
5801 5802
5801 5804
5802 5879
5802 5883
5803 5814
5803 10516
5804 5807
5804 5841
5804 5842
5805 5806
5805 5807
5805 5808
5806 5846
5806 5848
5807 5846
5807 5860
5808 5860
5808 5861
5808 5862
5809 5810
5809 5813
5810 5816
5811 5812
5811 5813
5811 5815
5812 5888
5813 5888
5814 5847
5814 11905
5814 15778
5815 5828
5815 5884
5815 5885
5816 5888
5817 5888
5818 5875
5818 5890
5819 5820
5819 5821
5819 5822
5819 5823
5820 5824
5820 5826
5820 5827
5821 5827
5821 5879
5822 5826
5822 5873
5823 5835
5823 5840
5824 5874
5824 5882
5824 5896
5825 5836
5825 5847
5825 5858
5825 5869
5826 5874
5826 5875
5827 5881
5828 5829
5828 5830
5828 5831
5829 5876
5829 5877
5829 5878
5830 5884
5830 5886
5831 5885
5831 5896
5832 5833
5832 5834
5832 5835
5832 5837
5833 5859
5833 5870
5834 9726
5834 9731
5835 5859
5835 9731
5836 7147
5836 7158
5837 5838
5837 9732
5838 5839
5839 5849
5839 5868
5840 5859
5840 5872
5841 5845
5842 5860
5842 5864
5843 5844
5843 5845
5843 5851
5844 5850
5845 5852
5846 5852
5846 5856
5847 5880
5847 14391
5848 5849
5849 5861
5850 5851
5850 5854
5851 5852
5851 5853
5853 5854
5853 5856
5854 5855
5855 5857
5858 7158
5858 10333
5859 5871
5860 5863
5861 5868
5862 5863
5862 5865
5863 5864
5863 5866
5864 5867
5865 5866
5865 5868
5865 5870
5866 5867
5866 5871
5867 5872
5870 5871
5871 5872
5873 5875
5874 5897
5875 5894
5876 5896
5876 5897
5877 5893
5877 5894
5878 5886
5878 5889
5879 5881
5880 10516
5880 15776
5881 5882
5881 5883
5882 5885
5885 5895
5886 5887
5890 5893
5890 5894
5891 6014
5891 6025
5892 5903
5892 15848
5892 18869
5894 5897
5898 5899
5899 5908
5899 6093
5899 12849
5900 5901
5900 5905
5901 5902
5901 5904
5901 5905
5902 6046
5903 5914
5903 5925
5904 6048
5904 6060
5905 14763
5906 6044
5906 6045
5906 6046
5907 5908
5907 6103
5907 6107
5908 6109
5908 6127
5909 11349
5909 14763
5910 5918
5910 8767
5911 8769
5911 8773
5912 5913
5912 5915
5912 5916
5913 6915
5914 8490
5914 14305
5915 7037
5915 7038
5916 5919
5917 5918
5917 5919
5917 8775
5918 8772
5919 6273
5920 5921
5921 6233
5922 5923
5922 5924
5923 6015
5924 6020
5925 8490
5925 15805
5925 15806
5926 5930
5926 5933
5927 5930
5927 5931
5928 5933
5928 5970
5929 5930
5929 5931
5929 5932
5930 5968
5932 5968
5933 5966
5934 5935
5934 5937
5934 5938
5935 5941
5935 5942
5936 5947
5936 18814
5937 5975
5937 5983
5938 5939
5938 5942
5938 5984
5940 5970
5943 5944
5943 5951
5943 5952
5944 5996
5945 5946
5945 5948
5946 5949
5946 5953
5946 5955
5947 18864
5947 18865
5948 5951
5948 5957
5948 5959
5949 5950
5950 5955
5950 5985
5951 5994
5951 5995
5952 5999
5952 6007
5954 5956
5955 5982
5955 5984
5956 6000
5956 6004
5957 6004
5957 6005
5958 5969
5958 5980
5958 18865
5959 5982
5959 5986
5960 5970
5961 5965
5961 5971
5962 5963
5962 5964
5963 10028
5963 10029
5964 10029
5965 5966
5965 5967
5967 5974
5969 10590
5969 15800
5971 5972
5971 5977
5972 5979
5973 5979
5974 5976
5974 5978
5975 5989
5976 5979
5977 5981
5978 5981
5979 5981
5980 10589
5982 5983
5982 5992
5983 5984
5984 5985
5985 5990
5986 5988
5986 5992
5986 5995
5987 5988
5987 5996
5988 5989
5989 5992
5991 6003
5991 8531
5991 17510
5993 6000
5994 6005
5994 6007
5995 5996
5997 5998
5997 5999
5997 9950
5998 6000
5998 6006
5999 9951
6000 6001
6001 6004
6001 6005
6002 17626
6002 17628
6003 11184
6003 11187
6005 6006
6006 6007
6008 6012
6009 6010
6009 6011
6010 6016
6011 6013
6011 6016
6012 6013
6012 6015
6013 6017
6014 6025
6014 17511
6015 6018
6016 6017
6017 6018
6018 6019
6019 6020
6021 6040
6022 6040
6023 6024
6024 6061
6024 6064
6025 17510
6026 6027
6028 6029
6028 6030
6028 6031
6029 6032
6030 6042
6031 6032
6031 6038
6032 6035
6033 6056
6033 6057
6034 6037
6034 6043
6035 6037
6035 6038
6036 6047
6036 6058
6036 7042
6036 7044
6036 9962
6036 17622
6036 17624
6037 6039
6038 6039
6039 6043
6040 6041
6041 6042
6043 6044
6044 6056
6045 6056
6045 6057
6046 6050
6046 6071
6047 10130
6047 17687
6048 6049
6048 6050
6048 6051
6049 6050
6049 6054
6049 6070
6051 6055
6052 6053
6052 6054
6052 6055
6053 6082
6053 6083
6054 6065
6057 6059
6057 6071
6058 10647
6058 17687
6059 6076
6061 6062
6061 6063
6062 6064
6062 6066
6063 6068
6063 6077
6064 6067
6065 6066
6065 6067
6066 6068
6067 6232
6068 6070
6069 6080
6069 6091
6069 10677
6069 12167
6070 6081
6071 6073
6071 6081
6072 6073
6072 6074
6072 6075
6073 6076
6073 6078
6074 6078
6075 6076
6077 6079
6077 6081
6078 6079
6080 14327
6080 14328
6082 6083
6082 6232
6083 6084
6084 6085
6084 6086
6084 6087
6085 6088
6085 6089
6086 9867
6086 9966
6087 6232
6087 9867
6088 6089
6088 6090
6089 6092
6090 6115
6091 10676
6091 10677
6091 17631
6092 6115
6093 6097
6094 6095
6094 6096
6094 12849
6095 6097
6095 6101
6096 6101
6096 6108
6097 6098
6098 6099
6098 6101
6099 6100
6100 6107
6100 6110
6102 6114
6102 6125
6102 6136
6102 6380
6103 6104
6103 6105
6104 6106
6105 7052
6105 7053
6106 6107
6107 6108
6108 15794
6109 15794
6110 6111
6110 6112
6111 6112
6111 6116
6111 9964
6112 9865
6113 6224
6113 7335
6113 10611
6114 6136
6114 10670
6115 6231
6116 9964
6116 9965
6117 6120
6117 6162
6118 6119
6118 6120
6118 6121
6119 6151
6119 6155
6120 6157
6121 6154
6121 6156
6121 6157
6122 6123
6122 6124
6122 6126
6123 6148
6123 6150
6123 6153
6124 6141
6125 6136
6125 10666
6125 10667
6125 10669
6125 10674
6126 6150
6126 6151
6127 6128
6128 6129
6128 6130
6129 6132
6129 6133
6130 6207
6130 15798
6131 6132
6131 6134
6133 6134
6133 6160
6134 6137
6134 6143
6135 6137
6136 10661
6136 10672
6136 10673
6137 6138
6138 6139
6138 6140
6139 6141
6139 6142
6139 6143
6140 6141
6141 6148
6142 6144
6142 6148
6143 6145
6143 6160
6144 6145
6144 6146
6145 6146
6145 6159
6146 6149
6147 6158
6147 13588
6147 18447
6148 6149
6149 6153
6150 6152
6150 6156
6151 6156
6152 6153
6152 6154
6154 6156
6155 6198
6155 6203
6155 9697
6157 6162
6158 10462
6158 10463
6159 6160
6160 6161
6163 6164
6164 6168
6164 6185
6165 6166
6165 6167
6166 6175
6166 6186
6167 6178
6167 6186
6168 6170
6168 6171
6169 6180
6169 9836
6169 13778
6169 15536
6169 16839
6170 6173
6170 6181
6170 6185
6171 6176
6171 6181
6171 6182
6172 6173
6172 6174
6172 6175
6173 6174
6173 6179
6174 6185
6175 6179
6176 6177
6176 6178
6177 6178
6177 6181
6177 6186
6179 6181
6179 6186
6180 11303
6180 11304
6180 11305
6180 13777
6182 6183
6182 6184
6183 6197
6183 6917
6184 6198
6187 6188
6187 6189
6187 6190
6188 6196
6189 6190
6189 6192
6190 6200
6191 8679
6191 13916
6191 17151
6192 6193
6192 6194
6193 6210
6193 6211
6194 6195
6195 6216
6195 6217
6196 6197
6198 6199
6200 6201
6200 9697
6201 6204
6202 11278
6202 11280
6202 13771
6203 6204
6203 6205
6204 9697
6205 6206
6205 6207
6206 6208
6207 6215
6208 6209
6209 6210
6210 6212
6211 6212
6212 6214
6213 6225
6213 6236
6213 11278
6214 6215
6214 6216
6215 6218
6217 6218
6218 15798
6219 9808
6219 9809
6220 10034
6221 6222
6221 14762
6221 14763
6222 6223
6222 11349
6223 11348
6224 14283
6225 17164
6226 6227
6226 6228
6226 6229
6227 6230
6229 6230
6231 9866
6234 6235
6234 6237
6234 6238
6234 9554
6235 6263
6235 6264
6237 6239
6237 6240
6238 6266
6238 9555
6238 9903
6239 6243
6239 6255
6239 6265
6240 6241
6240 6242
6240 6243
6241 6245
6241 6254
6241 6267
6242 6244
6242 6245
6242 6246
6243 6251
6243 6267
6244 8778
6244 9553
6245 6270
6246 8493
6247 6258
6247 6269
6247 13765
6248 6249
6248 6252
6248 6270
6249 12989
6250 6251
6250 6255
6250 6256
6251 6257
6252 6253
6252 6254
6253 6268
6254 6268
6254 6270
6255 6272
6256 6272
6257 6259
6257 6267
6258 9834
6258 9853
6259 6268
6260 6261
6260 6262
6261 6265
6262 6263
6262 6264
6263 6265
6264 6266
6265 6272
6267 6268
6269 15529
6269 15531
6269 15532
6271 8492
6271 8778
6271 18667
6274 6290
6275 6276
6275 6277
6276 6397
6278 6279
6279 6281
6280 6291
6280 8091
6280 10540
6280 15981
6281 6293
6281 6327
6282 6283
6283 6287
6284 6398
6284 6400
6285 6394
6285 6403
6286 6396
6286 6397
6287 6288
6288 6289
6289 6290
6290 6292
6291 8136
6291 15457
6294 6383
6294 6384
6295 6378
6295 6385
6296 6331
6296 6455
6296 15121
6297 6298
6297 6299
6298 6299
6298 6418
6299 6414
6299 6443
6300 6474
6300 6475
6301 6353
6302 6313
6302 6324
6302 10616
6303 6317
6303 6594
6304 6305
6304 6306
6305 6314
6306 6307
6307 6515
6308 6309
6308 6310
6308 6311
6308 15151
6309 6312
6309 6511
6310 6311
6310 6493
6310 15153
6311 6340
6311 6492
6312 6515
6313 6336
6313 6347
6314 6583
6315 6316
6317 6577
6318 6576
6319 6577
6320 6322
6320 6323
6320 6325
6321 6325
6321 6415
6321 6440
6322 6326
6323 6438
6324 15896
6324 15898
6325 6439
6327 6328
6329 6566
6330 6331
6330 6332
6330 6333
6331 6459
6332 6404
6332 6405
6333 6406
6333 6454
6334 6337
6335 6446
6335 6557
6335 6891
6336 6502
6336 6657
6336 15883
6337 6425
6338 6339
6339 6460
6339 6461
6340 6341
6340 6342
6341 6487
6341 6490
6342 6496
6342 6499
6343 6344
6343 6345
6343 6346
6344 6351
6344 6352
6345 6354
6345 6476
6346 6348
6346 6349
6346 6350
6347 6358
6347 17666
6348 6479
6349 6477
6349 6478
6350 6479
6350 6484
6350 6485
6352 6353
6352 6354
6353 6466
6354 6355
6356 6357
6356 6359
6356 15117
6357 6360
6357 15116
6358 14726
6358 14731
6358 17659
6358 17732
6358 17748
6359 6405
6360 6404
6360 15131
6360 15133
6361 15114
6361 15132
6362 6363
6362 9673
6362 15114
6363 9673
6363 15112
6364 15116
6364 15131
6364 15132
6365 6367
6365 15117
6366 6367
6366 15139
6367 15140
6368 6370
6368 6371
6368 15139
6369 6380
6369 6391
6369 10509
6370 6371
6370 15127
6372 6373
6372 9672
6373 6374
6373 6375
6374 10053
6375 9672
6376 6377
6376 6378
6377 6379
6378 6381
6378 6386
6379 6381
6379 6383
6380 6391
6381 6382
6382 6384
6382 6387
6385 6386
6386 6387
6388 6389
6389 6437
6390 6393
6390 6437
6391 10652
6393 6434
6394 6395
6394 6396
6396 6403
6397 6403
6398 6399
6399 6401
6399 6620
6400 6401
6401 15468
6402 6413
6402 6424
6402 6435
6402 6447
6404 15123
6405 6406
6407 6408
6407 6409
6408 6409
6408 15126
6409 6411
6410 15126
6411 15128
6412 6414
6412 6415
6412 6416
6413 10502
6413 10648
6414 6440
6415 6448
6415 6450
6416 6417
6416 6419
6416 6451
6417 6418
6417 6419
6418 6420
6419 6421
6419 6422
6420 6422
6420 6426
6421 6451
6421 6453
6422 6423
6423 6426
6423 6433
6423 6445
6424 6782
6424 12949
6425 6428
6426 6427
6427 6429
6427 6432
6427 6445
6428 6429
6428 6464
6429 6430
6430 6431
6430 6432
6431 6433
6432 6445
6434 6436
6435 8615
6435 12242
6435 12243
6436 6437
6438 6439
6439 6442
6440 6442
6440 6443
6441 6444
6441 6503
6442 6501
6443 6444
6444 6501
6446 10690
6446 13076
6447 10657
6448 6449
6449 6452
6449 6454
6450 6451
6450 6452
6452 6453
6454 6457
6455 6459
6457 6459
6458 6469
6458 6998
6458 14390
6458 15773
6458 15776
6460 6488
6461 6473
6461 6483
6462 6463
6462 6475
6463 6464
6464 6474
6464 6475
6465 6466
6465 6467
6465 6468
6466 6474
6467 6468
6467 6470
6469 6998
6469 10516
6470 6471
6471 6472
6472 6473
6473 6483
6478 6485
6479 6481
6480 6491
6480 11011
6481 6482
6482 6483
6482 6484
6483 6487
6485 6486
6487 6489
6487 6495
6488 6489
6488 6494
6489 6490
6490 6492
6490 6500
6491 11011
6491 11012
6492 6493
6493 15144
6494 6500
6494 15143
6495 6496
6496 6497
6497 6498
6499 6511
6499 6512
6501 6503
6502 6513
6502 6524
6502 8814
6503 6504
6504 6506
6505 6509
6505 6510
6506 6507
6507 6510
6508 6510
6509 6574
6511 6514
6512 6514
6513 17639
6513 17643
6514 6515
6516 6517
6516 6518
6517 6542
6517 6568
6518 6567
6519 6520
6519 6521
6520 6522
6520 6571
6521 6542
6521 6570
6522 6572
6523 6525
6523 6526
6523 6590
6524 6657
6524 17646
6525 6527
6526 6539
6526 6541
6526 6593
6527 6585
6528 6530
6528 6532
6529 6532
6529 6544
6529 6568
6530 6531
6530 6565
6531 6548
6532 6536
6532 6545
6532 6547
6533 6534
6533 6536
6534 6537
6534 6538
6535 6546
6535 6558
6535 6569
6535 6580
6536 6550
6536 6562
6537 6551
6538 6551
6538 6559
6539 6540
6539 6541
6540 6554
6540 6556
6540 6559
6541 6587
6542 6543
6543 6544
6543 6568
6543 6570
6544 6545
6545 6562
6546 13752
6546 17648
6547 6548
6547 6550
6548 6549
6549 6575
6551 6561
6551 6589
6552 6585
6553 6554
6553 6555
6554 6563
6555 6573
6555 6587
6556 6560
6556 6561
6557 10337
6558 16042
6558 16043
6558 16044
6559 6563
6560 6593
6561 6588
6564 6566
6565 6566
6569 15469
6569 15470
6571 6572
6572 6573
6573 6587
6575 6576
6577 6578
6578 6581
6578 6589
6578 6594
6579 6581
6579 6582
6579 6583
6580 16045
6580 17648
6581 6586
6583 6584
6583 6586
6585 6592
6586 6594
6588 6589
6590 6592
6590 6593
6591 6602
6591 15642
6595 6596
6595 6597
6595 9681
6596 9682
6597 6600
6598 6599
6598 9683
6599 6603
6599 6609
6600 9683
6601 6603
6601 6604
6601 6605
6602 15642
6602 16397
6604 6919
6605 6606
6607 6919
6608 6609
6608 6610
6608 6611
6612 15466
6613 6624
6613 17234
6613 17235
6614 15044
6614 15054
6614 15061
6615 6616
6615 6617
6616 6618
6616 15467
6617 15042
6618 6621
6619 6620
6619 15467
6619 15468
6620 6626
6620 6638
6621 6622
6622 6623
6622 6626
6623 6625
6623 6627
6624 11229
6624 11234
6624 11785
6624 11788
6624 11789
6626 6637
6627 6628
6628 6630
6628 15069
6629 6630
6629 6631
6631 6632
6632 6633
6634 6636
6635 6646
6635 13751
6635 16049
6636 6637
6639 6640
6639 6641
6639 6645
6639 6650
6642 6643
6642 6644
6642 6645
6643 9652
6644 6653
6644 6654
6644 9652
6645 6652
6646 6898
6646 16048
6646 16049
6647 11387
6647 11390
6647 15071
6648 6649
6648 6650
6648 11390
6649 6651
6649 11388
6651 6652
6651 6654
6652 6653
6653 6654
6654 11388
6655 6656
6655 6659
6655 11400
6656 6674
6656 11392
6657 17665
6658 6659
6658 6660
6658 6671
6658 8419
6659 6661
6660 6671
6661 6666
6661 6674
6662 6663
6662 6664
6662 6665
6663 6667
6663 6672
6664 6673
6664 6683
6665 6684
6665 7625
6666 6667
6666 6671
6666 6672
6668 7779
6669 6780
6669 8808
6669 10334
6670 6681
6670 7635
6670 7680
6670 8973
6671 7625
6671 9655
6672 6674
6672 11391
6673 11391
6675 7628
6675 8754
6675 11369
6677 6679
6677 11376
6678 6679
6680 6682
6680 15098
6681 6965
6681 6977
6683 6684
6683 11395
6685 11394
6685 11395
6686 12737
6686 16162
6687 6696
6687 12737
6688 6689
6688 6690
6688 6691
6688 16153
6689 7529
6689 8057
6690 6693
6691 8046
6691 8057
6692 6703
6692 6714
6692 6725
6692 6736
6693 6694
6693 6695
6694 7978
6694 8044
6695 6696
6697 7436
6697 8401
6697 8406
6698 16968
6698 17216
6698 17220
6699 17595
6699 17995
6700 7159
6700 17995
6702 6704
6702 16099
6703 6803
6704 6708
6704 8453
6705 6706
6705 6707
6705 6708
6706 8454
6706 8460
6707 6708
6709 6810
6709 9191
6710 9435
6710 12448
6711 7492
6711 15382
6711 15405
6712 6713
6712 13921
6712 17620
6713 6716
6713 13921
6714 8613
6715 6716
6715 6717
6715 6718
6716 6733
6717 6733
6717 6734
6718 6719
6718 13921
6719 6720
6719 6722
6720 6722
6720 13921
6721 12203
6721 13922
6722 13922
6723 6724
6723 6726
6723 12212
6724 6727
6724 12232
6725 6792
6725 6803
6725 6814
6726 7807
6727 7807
6727 12232
6728 6729
6728 6730
6728 12213
6729 6732
6729 12938
6730 6731
6730 6732
6731 12213
6731 13926
6732 13928
6734 6735
6734 13925
6735 13925
6737 6746
6737 6748
6737 6755
6738 6755
6738 6760
6738 12926
6739 6760
6739 6761
6739 12924
6740 6761
6740 12924
6741 6742
6742 6744
6742 6745
6743 6744
6743 6746
6743 6748
6744 6749
6745 6749
6745 6752
6746 6996
6747 6758
6747 6769
6747 6781
6748 6749
6748 6750
6749 6751
6750 6755
6750 6756
6750 6757
6751 6752
6751 6753
6751 6757
6752 6754
6753 6754
6753 6762
6753 6765
6754 6766
6755 8547
6756 6759
6757 6762
6759 6762
6759 8547
6760 8547
6761 6763
6762 6764
6763 8547
6764 6765
6765 6766
6768 6770
6768 12225
6769 8669
6770 6771
6770 6774
6771 6775
6772 6773
6772 12227
6773 12236
6774 6776
6774 6777
6775 6776
6777 6778
6779 12950
6780 6891
6780 10336
6781 8669
6781 8680
6782 6783
6782 6785
6783 12949
6784 12240
6784 12950
6785 12243
6786 10025
6787 6788
6788 6789
6788 6790
6789 6790
6789 6791
6790 12244
6792 16126
6793 13038
6793 18574
6794 6795
6794 9225
6794 12250
6795 6809
6795 12456
6795 12457
6796 6809
6796 9191
6796 9202
6796 12456
6797 6798
6797 6799
6797 6800
6798 6808
6798 10207
6799 6802
6799 6804
6800 6801
6800 6807
6801 12462
6802 6804
6802 12462
6803 6825
6804 6805
6805 10207
6805 12257
6806 8552
6806 9741
6806 12253
6807 9741
6807 12253
6808 9158
6808 12251
6809 6810
6809 12458
6810 9102
6810 9191
6811 6812
6811 6813
6811 9091
6811 10201
6811 12459
6812 6815
6812 6817
6812 6819
6813 6815
6813 10201
6814 6825
6814 16126
6814 16129
6815 6816
6816 6817
6816 10202
6817 6818
6817 6819
6818 10202
6820 6822
6820 10736
6820 12291
6821 6822
6821 6823
6821 10736
6822 15697
6823 15695
6823 15697
6824 8788
6824 8789
6824 12301
6824 12302
6826 6827
6828 6830
6828 8674
6828 10720
6829 8676
6829 8677
6829 10720
6830 8675
6830 12397
6831 6832
6831 12422
6831 12424
6832 12427
6833 6834
6833 6835
6834 6851
6835 6837
6835 6838
6836 6858
6836 17250
6837 6841
6837 6851
6837 17612
6838 6839
6838 6841
6839 6840
6839 12112
6840 6841
6840 17611
6842 6848
6842 6857
6843 6844
6843 6845
6844 6846
6844 6848
6845 6846
6845 6849
6846 17205
6847 6858
6847 6869
6847 6880
6849 6850
6850 17205
6851 6855
6851 17612
6852 6853
6852 6854
6852 17184
6853 6855
6854 6857
6855 6856
6858 17248
6859 6860
6859 17187
6859 17609
6860 11690
6860 17200
6861 6862
6861 17190
6862 17201
6863 8180
6863 15459
6863 15885
6864 6865
6864 13050
6864 13054
6865 7538
6865 13055
6866 16455
6866 16909
6866 16917
6867 16457
6869 11829
6870 6871
6870 11994
6871 6872
6873 6875
6873 12024
6874 12024
6875 11988
6875 11991
6876 11996
6876 12000
6877 10314
6877 12000
6878 6879
6878 6881
6878 6882
6879 7785
6880 14400
6881 6904
6881 7777
6882 6884
6882 6885
6882 6886
6883 7785
6884 6889
6884 7784
6885 6887
6885 7784
6886 6902
6886 6904
6887 6888
6887 7201
6888 6890
6888 6897
6890 6893
6890 6894
6891 12051
6891 12054
6891 12729
6891 13011
6891 18674
6891 18685
6892 6903
6892 6914
6892 6925
6892 6936
6893 9752
6894 6895
6894 6897
6894 6902
6895 6896
6897 6902
6898 6899
6899 16047
6900 6901
6903 6963
6904 6907
6905 6908
6905 17044
6906 6907
6906 6908
6908 7776
6909 6910
6909 7193
6911 6912
6911 6913
6911 17043
6913 8937
6913 9932
6914 15688
6914 17487
6916 7034
6916 9707
6917 6918
6921 6924
6921 10063
6922 6931
6922 6934
6923 6924
6923 6926
6923 9830
6923 10064
6924 6927
6924 10062
6925 6958
6925 7735
6926 6927
6926 6933
6926 9960
6927 9961
6928 9961
6928 9991
6929 6933
6930 6948
6930 7362
6931 6932
6931 6933
6931 9830
6932 6938
6932 7361
6934 6935
6935 6937
6935 6938
6936 15689
6936 16717
6936 17468
6937 6939
6937 6940
6938 7360
6939 6941
6940 6941
6940 7360
6940 7363
6941 6951
6942 6943
6942 6944
6942 6945
6942 6946
6943 6946
6943 6948
6943 7362
6943 7364
6944 6949
6945 6948
6946 6949
6946 7363
6947 6958
6947 6964
6947 7768
6949 6950
6950 6951
6951 7363
6952 6953
6953 9986
6954 6955
6954 14160
6954 14178
6955 6956
6955 14158
6956 14162
6956 14187
6957 6959
6957 6960
6958 15691
6959 6960
6960 6961
6961 8627
6962 9173
6962 13746
6963 17488
6964 17488
6965 6966
6965 6977
6965 8973
6965 18017
6966 7217
6966 18017
6967 6968
6967 18085
6968 6973
6968 6974
6968 6975
6969 7080
6969 14384
6969 17007
6969 17010
6969 17392
6969 17411
6970 18085
6971 13849
6971 18022
6972 6976
6972 13849
6972 18023
6973 6975
6973 6976
6974 6975
6976 18011
6977 18010
6977 18011
6978 16121
6980 6991
6980 7003
6980 16994
6980 17433
6983 6985
6984 6985
6986 14788
6986 14825
6986 14856
6987 6988
6988 14676
6989 6992
6989 14824
6990 14824
6991 16999
6991 17007
6991 17432
6992 14678
6993 14971
6994 6995
6994 14880
6995 14978
6996 8550
6998 10517
6999 11238
7000 9813
7000 9824
7000 9846
7001 8445
7001 8448
7002 7113
7002 12720
7002 14281
7003 7025
7003 16953
7003 16994
7004 7005
7004 9857
7004 11272
7005 7283
7005 9857
7005 11258
7006 8879
7006 10101
7007 9047
7007 9247
7007 12460
7008 18541
7008 18552
7009 9621
7009 13790
7010 8936
7010 10285
7011 8693
7011 9524
7011 12452
7012 9535
7012 9734
7012 9736
7013 7015
7013 7016
7013 8801
7013 12454
7014 7025
7014 7036
7014 7047
7015 8801
7016 7020
7016 8800
7017 7018
7017 7019
7017 12800
7018 7019
7018 9734
7020 8800
7021 11365
7023 7024
7023 7630
7024 10031
7025 16689
7025 16951
7026 12847
7027 9855
7027 12847
7028 7457
7028 14939
7029 7456
7031 7455
7031 7461
7031 7462
7032 15185
7032 15407
7033 8759
7034 9862
7036 7058
7036 7069
7037 8761
7037 8763
7037 8764
7038 8770
7038 8772
7039 7040
7039 9446
7040 8411
7040 10644
7041 14833
7041 14910
7041 14911
7042 7043
7042 10646
7043 7044
7043 10646
7044 12867
7045 7557
7045 7891
7045 10840
7046 7048
7046 7050
7046 12078
7046 12732
7047 7069
7047 16716
7048 7049
7048 12077
7049 7050
7049 7348
7050 7345
7052 9627
7053 7055
7053 7056
7054 8338
7054 8339
7054 15799
7056 8343
7056 8955
7057 9963
7057 11404
7057 14459
7058 17464
7059 7060
7059 14451
7060 7795
7060 7796
7061 14453
7062 11387
7062 11391
7062 11392
7063 7064
7063 7628
7063 11383
7064 7065
7064 11383
7065 7629
7066 11190
7067 13772
7067 13773
7067 13776
7069 16717
7070 7071
7070 7072
7070 7074
7071 7072
7071 7073
7071 7074
7072 10593
7073 7075
7073 10556
7073 10596
7075 10556
7076 7077
7076 16906
7077 9955
7077 16918
7078 17209
7079 7081
7079 17206
7080 14383
7080 17406
7081 17210
7082 9619
7082 18147
7083 7084
7084 7086
7085 7279
7086 7087
7087 7092
7088 7089
7088 7092
7089 7090
7089 7092
7090 7095
7090 7096
7091 7102
7091 7114
7091 7356
7093 7094
7095 7096
7097 7098
7097 7099
7098 7100
7099 7100
7099 7101
7101 7104
7102 11768
7102 11854
7102 15770
7103 7104
7104 7105
7106 9828
7106 11910
7107 9840
7107 17422
7108 8739
7108 13763
7109 10970
7109 11692
7110 9749
7111 7119
7111 14571
7112 13495
7113 14346
7113 14353
7114 11854
7114 11863
7115 7118
7115 14155
7115 14156
7116 7118
7116 14155
7117 12136
7118 14159
7119 7242
7120 14159
7120 14160
7121 14460
7121 15096
7122 12122
7122 14193
7123 7124
7123 7126
7124 8833
7125 7136
7125 11758
7125 11846
7125 11847
7125 15846
7126 8831
7126 8832
7127 18594
7128 18595
7128 18598
7129 13408
7129 16097
7130 7132
7130 7133
7130 16774
7131 7394
7131 8376
7131 16774
7132 8839
7132 16763
7133 8839
7133 9166
7134 7135
7134 7137
7134 7138
7135 8193
7136 14435
7136 15845
7137 8188
7137 8199
7138 8116
7138 8182
7138 8195
7139 9137
7140 8920
7140 8921
7141 7142
7141 7143
7142 7840
7142 7885
7143 8045
7143 8046
7144 12079
7144 13381
7144 13383
7145 14824
7145 14825
7145 14856
7146 10463
7146 13765
7146 16924
7147 7169
7147 7202
7148 7664
7148 13762
7149 11329
7149 13590
7150 8573
7150 13370
7152 16058
7152 17595
7152 17996
7153 18395
7153 18437
7154 8752
7154 12785
7154 18366
7155 7156
7155 8803
7157 13825
7158 7169
7159 17597
7160 17250
7160 17254
7161 15440
7161 15876
7161 15918
7162 8445
7162 9902
7162 10143
7163 10142
7163 10150
7164 12763
7164 18544
7164 18612
7165 7166
7165 7367
7165 18453
7166 18450
7166 18453
7167 7168
7167 10628
7167 13592
7167 14584
7168 7368
7168 10628
7170 18417
7171 8753
7171 18359
7172 18432
7173 8832
7174 12602
7175 9166
7175 16774
7175 16807
7176 14296
7176 14630
7176 17045
7177 7178
7177 8341
7177 10606
7177 10607
7178 10606
7180 7191
7180 7202
7180 7213
7182 10741
7183 7184
7183 7185
7183 7186
7184 7185
7184 7187
7185 7188
7186 7905
7186 7908
7187 7188
7189 8579
7189 10686
7189 13519
7190 8860
7190 13407
7190 13852
7192 7195
7193 7194
7193 7203
7194 7197
7195 7196
7195 7197
7196 7201
7196 7221
7197 7198
7198 7199
7198 7200
7199 7201
7200 7203
7204 9674
7204 9675
7205 7952
7206 7684
7206 7741
7206 11186
7206 15186
7207 11321
7207 15193
7208 7209
7209 7483
7210 7211
7210 7366
7210 15620
7210 16388
7211 16653
7212 7214
7212 7536
7213 7225
7213 7247
7215 14744
7216 10071
7217 8973
7217 16700
7218 7219
7218 15332
7219 16059
7220 7784
7221 7784
7222 7903
7222 7914
7222 7936
7223 7227
7223 17652
7224 7335
7224 7446
7224 14261
7225 7236
7225 7247
7225 7258
7226 7227
7226 12930
7226 12997
7226 17652
7227 12975
7228 7229
7228 7230
7228 7231
7229 7235
7229 7241
7230 7235
7230 7237
7231 7241
7232 7233
7232 7234
7232 15424
7233 7238
7233 7240
7234 7238
7234 7239
7235 7240
7236 7247
7236 7258
7237 7238
7237 7240
7239 15423
7239 15424
7242 8941
7242 9171
7243 7244
7243 7245
7243 7246
7244 7252
7244 13136
7245 7260
7246 7251
7248 7271
7248 7277
7248 13551
7249 7250
7249 7251
7249 7252
7250 7271
7250 7276
7251 7255
7252 7274
7253 7264
7253 13563
7254 13114
7254 13116
7255 7256
7255 13565
7256 7267
7256 7273
7257 13560
7257 13566
7259 7267
7259 13560
7260 13570
7261 7262
7261 7263
7261 13107
7262 7275
7263 7275
7263 10554
7264 13565
7265 7266
7266 8975
7266 8977
7267 7268
7268 7272
7268 13559
7269 7280
7269 7291
7269 7302
7269 7313
7270 10550
7270 13552
7271 13552
7272 7273
7272 7277
7273 7276
7274 13137
7277 13559
7278 13720
7278 13721
7279 7281
7279 7282
7283 8791
7284 7285
7284 7286
7284 11686
7285 7287
7285 11664
7286 8912
7286 16008
7287 7288
7287 7289
7288 7290
7288 7306
7289 7292
7289 11664
7289 11675
7291 7302
7291 11892
7292 7293
7292 7295
7292 7306
7293 7294
7293 7309
7293 7333
7294 7295
7294 7296
7294 7297
7295 7298
7295 11675
7296 7298
7296 7299
7297 7303
7297 7340
7298 7305
7299 7301
7299 7305
7300 7301
7300 7304
7301 7303
7303 7341
7304 7305
7306 7307
7307 7308
7307 7309
7308 7310
7308 7311
7309 7310
7310 7317
7311 7312
7311 7314
7312 7315
7313 7380
7313 11893
7314 7316
7314 7317
7315 7316
7316 7317
7317 7318
7317 7319
7318 7322
7318 7327
7318 7328
7319 7332
7319 7333
7320 7322
7320 7327
7321 7322
7321 7323
7322 7326
7323 7325
7323 7326
7324 7336
7324 7347
7324 7358
7325 9472
7325 14385
7326 7328
7328 7329
7329 7330
7329 7331
7329 7332
7330 7331
7330 7340
7331 10043
7332 7333
7334 7339
7334 13686
7334 15363
7335 9624
7336 11889
7337 7339
7337 9055
7337 13686
7337 13697
7338 9043
7338 9049
7338 13686
7338 14719
7339 7732
7339 15319
7340 7341
7342 7343
7342 7344
7343 7346
7343 8617
7344 7345
7344 12732
7346 7348
7346 7349
7347 11889
7347 11907
7348 7671
7348 12162
7349 7350
7349 13004
7350 7671
7350 13005
7351 14946
7351 14950
7351 14953
7352 7353
7352 7354
7353 13021
7354 7355
7355 13028
7356 15770
7357 9618
7359 9911
7359 11862
7360 7361
7360 7364
7361 7365
7362 7365
7363 7364
7366 15621
7367 7368
7369 7380
7369 11895
7370 7371
7370 11439
7371 11439
7371 15179
7372 7373
7372 16430
7374 11218
7375 7950
7376 12549
7376 13345
7376 13346
7377 13316
7377 13317
7377 13318
7378 7428
7378 13204
7379 7381
7380 11892
7381 7383
7381 7601
7382 7383
7383 7601
7384 7971
7385 7386
7385 7387
7385 7388
7386 7389
7386 8390
7386 12554
7387 12554
7388 7389
7389 8387
7389 8388
7390 7395
7391 7402
7391 7413
7391 10832
7391 11053
7392 7393
7392 7394
7393 8377
7394 8377
7395 8376
7395 8377
7396 7407
7396 7408
7396 13201
7396 13207
7397 10751
7397 11200
7398 7400
7398 15764
7399 7401
7399 15753
7399 15764
7402 10710
7402 10711
7402 11080
7402 11096
7403 7404
7403 9372
7403 9385
7403 15841
7404 15775
7404 15841
7405 7406
7405 7407
7405 13194
7406 8360
7406 12843
7407 8360
7408 7409
7408 13311
7409 13206
7409 13207
7410 7422
7410 15357
7410 15359
7410 15364
7411 7422
7411 7423
7411 7425
7411 15364
7412 7423
7412 7427
7412 7509
7412 15364
7413 10711
7413 10815
7413 10831
7414 7425
7414 14745
7414 15356
7415 7425
7415 9129
7415 14745
7416 7417
7416 11269
7417 7418
7417 7419
7417 11270
7418 7421
7419 7420
7419 11270
7420 7421
7421 10146
7422 15356
7423 7426
7424 7435
7424 7447
7424 12698
7426 7427
7427 14748
7427 15368
7428 13204
7429 13359
7430 7432
7430 12164
7430 13358
7431 7432
7431 13358
7431 17297
7433 7438
7433 7439
7433 14998
7434 7439
7434 7440
7434 7441
7434 13258
7435 15572
7435 15595
7436 7440
7436 7442
7436 13277
7437 7442
7437 15001
7438 8403
7438 12523
7439 8403
7440 8410
7441 8404
7441 8407
7441 13253
7442 8401
7443 7444
7443 13256
7443 13259
7444 13246
7444 13278
7445 7448
7445 7450
7445 13176
7446 9591
7447 15559
7447 15572
7448 7449
7448 7451
7449 7452
7449 13287
7450 7451
7450 13306
7451 7452
7451 13304
7452 13302
7453 7454
7453 7534
7453 7939
7453 13305
7454 7533
7454 13303
7455 7456
7456 7462
7457 7464
7457 7475
7458 7469
7458 7480
7458 15202
7458 15938
7458 15939
7459 7460
7459 7463
7460 7464
7461 7462
7463 7464
7463 7465
7463 7475
7464 14939
7465 7466
7465 7474
7466 7467
7466 7468
7466 12551
7467 7478
7467 7541
7467 13343
7468 9611
7468 12546
7469 7480
7469 15944
7470 7471
7470 7472
7470 7473
7471 7476
7472 7477
7472 12557
7473 7474
7473 7476
7474 7475
7477 8381
7478 7552
7478 12551
7479 7481
7479 7482
7479 7484
7479 7486
7479 7487
7479 16166
7480 15199
7481 7482
7481 7483
7482 7484
7484 7485
7485 7486
7486 7487
7487 7488
7489 7490
7489 15382
7489 15387
7489 15391
7490 7492
7490 7496
7491 7502
7492 18430
7493 15391
7493 15392
7493 15398
7494 7497
7494 7499
7494 7500
7494 15400
7495 7497
7495 15400
7495 16165
7496 15391
7497 7498
7498 16165
7499 7501
7500 7503
7500 15402
7501 8012
7501 8024
7501 8040
7502 7513
7502 7524
7503 15410
7503 15416
7504 7507
7504 15416
7505 7506
7505 7507
7505 15404
7505 15416
7506 7508
7506 15403
7507 7508
7508 16162
7509 15362
7509 15368
7509 15369
7510 8536
7510 18530
7511 7512
7511 7514
7511 15086
7512 15041
7512 15052
7514 7516
7514 15152
7515 7516
7515 15130
7515 15152
7516 15108
7517 7518
7517 7519
7517 7520
7518 7816
7518 7859
7519 7816
7519 7817
7520 7824
7520 7908
7521 7522
7521 7523
7521 8092
7521 8140
7522 7912
7522 8135
7523 7865
7523 7888
7523 7889
7524 13782
7525 7526
7525 7527
7525 7528
7526 8071
7527 7890
7527 8072
7528 7879
7528 7882
7528 7888
7530 7531
7530 13289
7531 7532
7531 7533
7532 7534
7532 13172
7533 7534
7534 13293
7535 7546
7535 7558
7536 7537
7537 8573
7537 9893
7538 13050
7538 13379
7539 7540
7539 12530
7539 13228
7540 7543
7540 7560
7541 14990
7542 7544
7542 7574
7542 7575
7542 14944
7543 7560
7543 14944
7543 14985
7544 7545
7544 14987
7545 7575
7546 13977
7547 7582
7547 7583
7547 12538
7547 15005
7548 7583
7548 7587
7548 15005
7549 7550
7549 12528
7549 12834
7550 7572
7550 7573
7550 15007
7551 7561
7551 7565
7551 7566
7551 13328
7552 12550
7552 14988
7553 7554
7553 7555
7553 10070
7554 10032
7554 15006
7555 7579
7555 7581
7556 7559
7557 7668
7557 7780
7557 7891
7558 7569
7558 7580
7558 13977
7559 13202
7560 7563
7561 7562
7561 13196
7562 7566
7562 13182
7563 7573
7563 13228
7563 14985
7564 7565
7564 7566
7564 7567
7565 7570
7566 12536
7567 7570
7567 7571
7568 7574
7568 10032
7568 14983
7568 14987
7569 11465
7570 7578
7571 7578
7571 14988
7572 7576
7572 14985
7573 13231
7574 9766
7576 7584
7577 7583
7577 7586
7578 14990
7579 8363
7579 15005
7580 7591
7580 11465
7581 7585
7582 7585
7582 8363
7583 8346
7584 14984
7585 14987
7586 7587
7586 12526
7587 15004
7588 7590
7588 7596
7588 12837
7588 15010
7589 7596
7589 12829
7589 15010
7590 13229
7590 15010
7591 7602
7591 15523
7592 14967
7592 14992
7592 15012
7593 7594
7593 7595
7593 13166
7593 13168
7595 9881
7596 12837
7597 8830
7597 12829
7597 13166
7599 14951
7599 14953
7600 14678
7600 14967
7600 14971
7602 7613
7603 7605
7603 7606
7604 7610
7605 7607
7605 7608
7606 7610
7606 7611
7607 7609
7608 7612
7608 7614
7609 7612
7610 7612
7611 7614
7613 15210
7616 15173
7616 18467
7616 18469
7617 11336
7617 11340
7618 18756
7619 9671
7619 18757
7620 7622
7623 7626
7625 8417
7625 9656
7626 7627
7626 11384
7627 15168
7628 8754
7629 8754
7631 7632
7631 7633
7632 7634
7632 7638
7633 7634
7633 7658
7633 8871
7634 7636
7634 7637
7635 7646
7635 7657
7636 7638
7636 7639
7636 7640
7637 7640
7637 8871
7637 9599
7638 7645
7639 7642
7639 7645
7639 7647
7640 7641
7640 7642
7641 7643
7641 7644
7642 7644
7642 7648
7643 9599
7643 11630
7644 7649
7646 7669
7647 7648
7648 9600
7649 9560
7649 9600
7650 7651
7650 7652
7650 7653
7651 7652
7651 7653
7651 7658
7652 9598
7653 7659
7654 13030
7655 7656
7656 7659
7656 11408
7657 7724
7657 7757
7658 11297
7659 7660
7660 11297
7660 11408
7661 11185
7661 11408
7663 13454
7663 13455
7663 17296
7665 7666
7665 13448
7665 13455
7666 13454
7666 13455
7667 10632
7667 15182
7667 15183
7668 11170
7668 11187
7669 7680
7669 7724
7669 16711
7670 13455
7670 13457
7670 17407
7671 12162
7672 7673
7672 7674
7672 7675
7672 14241
7673 7716
7673 7738
7674 7715
7674 14052
7675 7714
7675 7739
7675 14186
7676 7677
7676 15208
7677 7705
7677 7706
7678 7679
7678 7681
7678 7682
7678 13908
7679 7692
7679 7698
7680 16700
7681 7707
7681 7726
7682 7698
7682 7712
7682 7726
7683 7684
7683 7685
7683 7686
7683 7687
7684 7924
7684 11174
7685 7723
7685 7737
7685 7924
7686 7719
7686 7720
7686 11174
7687 7719
7687 7722
7687 7723
7688 7689
7688 7690
7688 13919
7688 14219
7689 7700
7689 7708
7689 7709
7690 7709
7690 7722
7691 7702
7691 7713
7691 7724
7692 7693
7692 7694
7693 7698
7693 7711
7693 7729
7694 7729
7694 7731
7694 9404
7695 7696
7695 7697
7695 15952
7696 7712
7696 7726
7697 7742
7697 15941
7698 7710
7699 7703
7699 7732
7699 15285
7700 7701
7700 15385
7701 7708
7701 7731
7701 11219
7702 16711
7703 7704
7703 15374
7704 15252
7705 8303
7705 8305
7705 14463
7706 8300
7706 8303
7707 13930
7707 15952
7708 13908
7708 13919
7709 8299
7709 11008
7710 7711
7710 7712
7711 7743
7713 15688
7713 17486
7714 7723
7714 7737
7714 14108
7715 7716
7715 7717
7716 7734
7717 7730
7717 7915
7718 7719
7718 7720
7718 11063
7720 7725
7721 7727
7721 15174
7721 15219
7722 8299
7723 14219
7724 17486
7725 9415
7725 9416
7725 11119
7726 15952
7727 7728
7727 15163
7728 7733
7728 7734
7728 7736
7729 7743
7730 14052
7730 14063
7731 8917
7731 13908
7732 15374
7733 7739
7733 7740
7734 7738
7734 7923
7735 7746
7735 15693
7736 7923
7736 8300
7736 15219
7737 7739
7737 7740
7738 7739
7740 7924
7740 15163
7741 7924
7741 15163
7743 8825
7743 9401
7744 7745
7744 7747
7744 14552
7744 14563
7745 7752
7745 7753
7745 14686
7746 17468
7746 17476
7747 8288
7748 7749
7748 7750
7748 11186
7749 7765
7749 11163
7750 7755
7750 7765
7750 8287
7751 7756
7751 7758
7751 11163
7752 7759
7752 7760
7752 14697
7753 7759
7753 8288
7754 7755
7754 8287
7754 16063
7755 7762
7756 14008
7756 14130
7757 7768
7757 7781
7758 7761
7758 7765
7758 14130
7759 8273
7759 8277
7760 8277
7760 8298
7761 7762
7761 14797
7761 14808
7762 7765
7762 16052
7763 8281
7763 8283
7763 13975
7764 8281
7764 8290
7764 13975
7766 17959
7766 17966
7766 18109
7767 7769
7767 7770
7768 17487
7769 8145
7769 8166
7770 7771
7770 8165
7771 7772
7772 8110
7772 8111
7773 7774
7773 7775
7773 8088
7774 7865
7775 8077
7775 8090
7776 7777
7778 7782
7778 7783
7780 10840
7780 11179
7781 15688
7781 17486
7781 17487
7782 8526
7782 8527
7783 7786
7783 7787
7788 8526
7788 8528
7789 8527
7790 18542
7790 18544
7791 7793
7791 7794
7792 7803
7792 7814
7792 7825
7792 7836
7793 11403
7794 7799
7795 7800
7796 9856
7796 9858
7797 11402
7798 7799
7798 11402
7799 7800
7801 17150
7801 17151
7801 17177
7802 11957
7803 13645
7803 13912
7804 7805
7804 12940
7805 7806
7806 7807
7806 12940
7807 10658
7808 14776
7809 7810
7809 7811
7809 7897
7809 7898
7810 7837
7810 7839
7811 7874
7811 7884
7811 7904
7812 7813
7812 7815
7812 7875
7812 7886
7812 7901
7813 7831
7813 7863
7813 7864
7814 14613
7814 14622
7815 7863
7815 7889
7815 7900
7816 7822
7816 7857
7817 7822
7817 7823
7817 7824
7818 7819
7818 7820
7818 7821
7819 7835
7819 7870
7819 7895
7820 7856
7820 7899
7821 7854
7821 7860
7821 7870
7822 7828
7822 7860
7823 7826
7823 7827
7823 7828
7824 7827
7825 13644
7825 13645
7826 7838
7826 7875
7826 7876
7827 7883
7827 7884
7828 7876
7829 7830
7829 7831
7829 7832
7830 7879
7830 7887
7830 7888
7831 7861
7831 7868
7832 7833
7832 7881
7832 7893
7833 7834
7833 7835
7834 7894
7834 7895
7835 7868
7836 13914
7836 14514
7836 14550
7837 7838
7837 7839
7838 7883
7838 7886
7839 7886
7839 7897
7839 8128
7840 7841
7840 7842
7840 7843
7841 7852
7841 7853
7841 7907
7842 7848
7842 7910
7843 7853
7843 7896
7843 7911
7844 7882
7845 7846
7845 7848
7845 7849
7846 7877
7846 7910
7847 7858
7847 7869
7847 8779
7847 9860
7848 7885
7849 7855
7849 7859
7850 7851
7850 7852
7850 7853
7851 7894
7851 7909
7851 8050
7852 7894
7852 7895
7853 7896
7854 7855
7854 7856
7854 7857
7855 7862
7855 7877
7856 7877
7857 7860
7857 7862
7858 16654
7858 16655
7858 16669
7859 7862
7860 7861
7861 7870
7861 7876
7863 7887
7864 7875
7864 7876
7865 7866
7865 7867
7866 8092
7867 7882
7867 7888
7868 7870
7869 16653
7871 7872
7871 7873
7871 7874
7872 7878
7873 8120
7873 8127
7874 7905
7877 7907
7878 8109
7878 8120
7879 7881
7881 7890
7883 7884
7887 7889
7889 7912
7890 7893
7891 17509
7892 17239
7893 7909
7895 7899
7896 8027
7896 8050
7897 8118
7897 8126
7898 8094
7898 8118
7899 7907
7900 7901
7900 7902
7901 8128
7902 7912
7902 8133
7903 7914
7903 7925
7903 7936
7903 17234
7904 7905
7904 7906
7906 7908
7907 7910
7909 8068
7911 8041
7913 12522
7913 13178
7913 13281
7914 15238
7915 7917
7915 8301
7916 8305
7916 14441
7916 14463
7917 8303
7917 14463
7918 8201
7918 8204
7918 14274
7919 8201
7919 8203
7919 14274
7920 8204
7920 10564
7921 10564
7921 13619
7922 8577
7922 8578
7922 10564
7923 8301
7925 15239
7926 7928
7926 16886
7927 15441
7927 16097
7927 16108
7928 7932
7928 16886
7928 16964
7929 7932
7929 16964
7930 16119
7931 16097
7931 16119
7933 8522
7933 16097
7934 9900
7934 9939
7934 9940
7934 16908
7935 8525
7935 9939
7935 16908
7936 17236
7937 15013
7938 14359
7938 14667
7939 13293
7939 13298
7940 8456
7940 8460
7941 7942
7941 7943
7942 7944
7942 8474
7943 7944
7943 14483
7944 18815
7945 8537
7945 8538
7946 10057
7946 12348
7946 14250
7947 7958
7947 7969
7947 10806
7947 10809
7948 7949
7948 8762
7948 8765
7949 8762
7951 7952
7952 7953
7954 7955
7954 7956
7955 7963
7956 7963
7957 7959
7957 7961
7958 10815
7958 10816
7958 10817
7959 9644
7960 7961
7960 7965
7961 7962
7961 7963
7962 7964
7962 7965
7964 9644
7965 9764
7966 7967
7967 7968
7968 7975
7969 10815
7969 10829
7969 10831
7970 7972
7970 7973
7971 7972
7971 7973
7974 7976
7975 7976
7977 9614
7977 9615
7977 13833
7978 7979
7978 7986
7978 8032
7979 8029
7980 7991
7980 8003
7981 7982
7981 7983
7982 7984
7982 15372
7983 15376
7984 15415
7984 15418
7986 7987
7986 8052
7987 8037
7987 12738
7988 8037
7988 8038
7988 8039
7988 12738
7989 15380
7990 8044
7990 8045
7991 10699
7991 10701
7992 7993
7992 7994
7992 7995
7993 7995
7993 8018
7993 8023
7994 8023
7994 8024
7994 8040
7995 8016
7996 7997
7996 7998
7996 7999
7997 8001
7997 8013
7998 8004
7998 8008
7999 8007
7999 8009
7999 12740
8000 8001
8000 8013
8000 12739
8001 12739
8002 8113
8002 8224
8002 8335
8002 8446
8003 10692
8003 10693
8004 8005
8004 8006
8004 8007
8005 8006
8006 8038
8006 8039
8007 8017
8008 8013
8008 8039
8009 8011
8009 8017
8009 8019
8010 8011
8010 8012
8010 12740
8011 8020
8012 8022
8014 8025
8014 8036
8014 8047
8014 10743
8015 8016
8015 8017
8016 8018
8017 8018
8018 8019
8019 8021
8020 8021
8020 8022
8021 8023
8022 8024
8025 10705
8025 10737
8025 10738
8026 8043
8027 8028
8027 8029
8027 8030
8028 8031
8028 8048
8029 8032
8029 8041
8030 8031
8030 8032
8030 8033
8031 8049
8032 8052
8033 8034
8033 8049
8033 8052
8034 8035
8034 8037
8034 8038
8035 8049
8035 8051
8036 10707
8036 10743
8036 10843
8037 8052
8038 8051
8040 8042
8042 8043
8046 8054
8047 10705
8048 8050
8053 8054
8053 8055
8055 8059
8058 8069
8058 8080
8058 8102
8060 8061
8060 8062
8061 8066
8061 8074
8062 8065
8062 8066
8063 8074
8063 8075
8064 8070
8065 8070
8066 8071
8066 8073
8067 8073
8067 8075
8067 8076
8068 8072
8068 8076
8069 8114
8069 14735
8070 8071
8071 8072
8072 8073
8073 8074
8077 8078
8077 8079
8078 8085
8078 8093
8079 8088
8079 8089
8080 10484
8080 15981
8081 8082
8081 8083
8081 8084
8082 8085
8082 8090
8083 8090
8083 8092
8084 8163
8084 8171
8085 8086
8086 8087
8087 8093
8088 8089
8089 8093
8091 8102
8091 8114
8091 8136
8094 8095
8094 8096
8095 8112
8095 8127
8096 8112
8096 8119
8097 8098
8097 8099
8097 8100
8098 8104
8099 8103
8099 8124
8100 8101
8100 8103
8100 8104
8101 8105
8101 8123
8103 8123
8103 8124
8104 8105
8105 8106
8106 8108
8106 8109
8107 8116
8107 8200
8109 8121
8110 8111
8110 8122
8112 8115
8113 8335
8113 11459
8114 14736
8115 8121
8115 8127
8116 8117
8117 8200
8118 8119
8119 8132
8120 8121
8122 8123
8122 8124
8125 8136
8125 8147
8125 8169
8126 8128
8126 8130
8126 8132
8128 8133
8129 8130
8129 8131
8129 8132
8130 8133
8130 8134
8131 8137
8131 8139
8133 8135
8134 8137
8134 8138
8135 8138
8137 8139
8138 8140
8139 8140
8141 8142
8141 8143
8141 8144
8141 16507
8142 8154
8142 8162
8143 8161
8143 8164
8144 8153
8144 8163
8145 8146
8145 8148
8146 8151
8146 8152
8146 8156
8147 8180
8147 14736
8148 8153
8148 8156
8149 8150
8149 8151
8150 8152
8151 8155
8152 8167
8153 8154
8154 8156
8154 8157
8155 8156
8155 8157
8157 8162
8158 8169
8158 15458
8158 15459
8159 8160
8159 8161
8159 16507
8160 8161
8160 8170
8162 16507
8163 8164
8164 8168
8164 8171
8165 8166
8165 8167
8166 8167
8168 8170
8168 8171
8169 8180
8169 15457
8172 8173
8172 8174
8173 8178
8173 8179
8174 8179
8174 9168
8175 8176
8175 8177
8175 16519
8176 8782
8176 9168
8177 8178
8177 8179
8180 15885
8180 15887
8180 16760
8181 8182
8181 8183
8181 8184
8182 8188
8183 8190
8183 8198
8184 8196
8185 8186
8185 8187
8185 8189
8186 8190
8186 8198
8187 8190
8187 8192
8188 8192
8189 8196
8191 8202
8191 8213
8191 8225
8192 8329
8193 8194
8193 8195
8194 8197
8195 8197
8196 8198
8197 18141
8199 8329
8199 8843
8201 8205
8202 18684
8202 18693
8202 18704
8203 8205
8203 9438
8204 8205
8206 8207
8206 8208
8206 8209
8207 8232
8207 8234
8207 8243
8208 8226
8208 8234
8209 8220
8209 8232
8210 8211
8210 8212
8210 8262
8210 9006
8211 8268
8211 8900
8212 8216
8212 8219
8213 8777
8213 18693
8213 18694
8214 8215
8214 8216
8214 8217
8214 8218
8215 8233
8215 8243
8215 8250
8216 8237
8217 8219
8217 8233
8218 8222
8218 8223
8219 8220
8220 8221
8221 8240
8221 8252
8221 8266
8222 8237
8222 9462
8223 8250
8223 8606
8223 9007
8224 11145
8224 11146
8224 11460
8225 18704
8225 18705
8225 18706
8226 8227
8227 8229
8228 8229
8228 8231
8229 8230
8230 8264
8230 8285
8231 8294
8231 8295
8232 8233
8235 8241
8236 8247
8236 12604
8237 8259
8237 8260
8238 8239
8238 8240
8239 8244
8240 8244
8241 8242
8241 8243
8242 8250
8244 8267
8245 8246
8245 8248
8245 14642
8246 8256
8246 8257
8247 12603
8247 12604
8248 8265
8249 8251
8249 8252
8251 8253
8251 8254
8251 8255
8252 8255
8252 8265
8253 8256
8253 8263
8254 8263
8254 8264
8255 8265
8256 8289
8257 8288
8257 8289
8259 8260
8259 8261
8259 8262
8260 9463
8261 8262
8261 9006
8263 8275
8263 8289
8264 8284
8266 8267
8266 16030
8267 8268
8268 8270
8270 8271
8270 13463
8271 8899
8271 13463
8271 16030
8272 8273
8272 8274
8272 8275
8273 8279
8274 8276
8274 8286
8275 8279
8276 8277
8276 8278
8277 8293
8278 8292
8278 8293
8279 8288
8279 8289
8280 8291
8280 8302
8280 8313
8281 8282
8281 8283
8282 8290
8282 8292
8282 8293
8283 8292
8284 8285
8284 8286
8285 8295
8286 8296
8287 11186
8287 15186
8290 8298
8293 8298
8294 8599
8294 9460
8295 9460
8296 8599
8297 9416
8297 9456
8297 14230
8299 11063
8300 8301
8301 8303
8304 8305
8304 14441
8306 8307
8306 9381
8306 17707
8307 9339
8307 9346
8308 8310
8309 8311
8309 8312
8310 8311
8312 9921
8312 9922
8314 8315
8314 8316
8315 8317
8315 8321
8316 8320
8316 14450
8317 8318
8317 8319
8318 8321
8318 8322
8319 8322
8319 8325
8320 8321
8320 14457
8322 8323
8323 8325
8323 14460
8324 8336
8324 8347
8324 9608
8325 14459
8326 8328
8327 8328
8329 16585
8330 12105
8330 12106
8331 8332
8331 8333
8331 8334
8332 8334
8333 8337
8334 13540
8335 8616
8335 11087
8337 13540
8338 8339
8338 8340
8338 15804
8339 8342
8339 15804
8340 8659
8341 10609
8341 15802
8342 8343
8342 15801
8343 8955
8343 15801
8344 8345
8344 8346
8344 8357
8346 8361
8347 8391
8348 8353
8348 13257
8348 13259
8349 8361
8349 12538
8350 8351
8350 12835
8350 14996
8351 8355
8351 12835
8352 8353
8352 8354
8352 13167
8353 8354
8353 14999
8354 13246
8355 13167
8355 14996
8356 8364
8356 13207
8357 12537
8358 9297
8358 14185
8359 8362
8360 8364
8360 13209
8362 12527
8363 15005
8365 13267
8365 13268
8365 14951
8366 8367
8366 8368
8366 15012
8367 8370
8367 14966
8368 8370
8368 9174
8368 15011
8369 14185
8370 14959
8371 8372
8371 12557
8372 12548
8373 8374
8373 14940
8374 8375
8374 14938
8375 14840
8375 14940
8378 8379
8379 9132
8380 8391
8380 8402
8380 8413
8380 8424
8381 8384
8381 8939
8382 8383
8382 8384
8382 8387
8383 8939
8384 8939
8385 8386
8385 8389
8385 12556
8385 13347
8386 8390
8386 12555
8387 8389
8388 8389
8388 8390
8392 12555
8392 13347
8392 13348
8393 8394
8393 8395
8394 8395
8394 14845
8395 14873
8396 8397
8396 15857
8397 12571
8398 8399
8398 8400
8399 8400
8402 8458
8403 8404
8404 8408
8404 8409
8405 8406
8405 8407
8405 13250
8406 8410
8407 8410
8408 13251
8408 13253
8409 12518
8409 12523
8412 11288
8412 16791
8412 16794
8416 16726
8416 16727
8417 8418
8417 8419
8418 8612
8420 11416
8420 11417
8421 8422
8422 8423
8423 8425
8424 9607
8424 9609
8425 8426
8426 8755
8428 12803
8428 12805
8428 18541
8429 9882
8430 10528
8430 11793
8431 8432
8431 15351
8432 9676
8433 11256
8433 11257
8434 8436
8434 8441
8434 10580
8435 8447
8435 8458
8435 8469
8435 8480
8436 8437
8436 8438
8436 10580
8437 8438
8437 8440
8437 8441
8438 10580
8439 8440
8440 12781
8444 16980
8444 16985
8446 8616
8446 11145
8446 11148
8448 9879
8449 10505
8449 10509
8450 12038
8450 12040
8450 12811
8451 8452
8451 8453
8451 8455
8452 8457
8453 8454
8453 8455
8457 8459
8457 8460
8458 8469
8461 8462
8461 8463
8463 8464
8464 8465
8465 8644
8467 12264
8467 12313
8468 8470
8468 8471
8470 8477
8470 8482
8471 8474
8471 8475
8472 14482
8473 14477
8473 14478
8475 8476
8475 8477
8476 8488
8477 8487
8478 8479
8479 8485
8479 8486
8480 8643
8481 14465
8481 14477
8482 8483
8482 8487
8483 8484
8484 8487
8484 8488
8485 18882
8486 18882
8489 8490
8489 12966
8491 8502
8491 8513
8491 8630
8492 8493
8492 18712
8494 8495
8494 8496
8494 15823
8494 17361
8496 8497
8496 12218
8498 8500
8499 8500
8499 8501
8499 13394
8500 18763
8501 10577
8501 18763
8501 18785
8504 8505
8504 18611
8505 18525
8505 18611
8506 9446
8506 17523
8507 8508
8507 8511
8507 8726
8508 8510
8508 16285
8508 16308
8509 8511
8509 10318
8509 17352
8510 17308
8510 17352
8511 8512
8512 10317
8512 10318
8514 12670
8515 8516
8515 8517
8515 8518
8516 8521
8516 8528
8517 9610
8518 8520
8519 8521
8519 17019
8520 17019
8522 8523
8522 8525
8524 8535
8524 8546
8524 8558
8525 9943
8529 11025
8529 11026
8529 11143
8530 10185
8530 17304
8530 17306
8531 11492
8531 17510
8532 12862
8532 14880
8532 14979
8533 8534
8533 14367
8534 14687
8535 8558
8535 8602
8539 8540
8539 8541
8540 8542
8541 15430
8542 8904
8542 9850
8542 9851
8543 10001
8543 15008
8544 14761
8546 16135
8546 16140
8546 16142
8548 8549
8552 12460
8553 10573
8553 10576
8554 10127
8554 10724
8556 8570
8556 8571
8556 12612
8557 8668
8557 8779
8557 15621
8557 15624
8557 16067
8557 16651
8558 8569
8558 16132
8559 8562
8559 8571
8559 12612
8560 8561
8560 8562
8561 8565
8561 8566
8562 8566
8563 8564
8563 8565
8563 8566
8564 8567
8564 8570
8564 8571
8565 8567
8566 8571
8567 8568
8567 10640
8568 8570
8568 12607
8569 8580
8569 8591
8569 8602
8574 18872
8575 9813
8575 11265
8576 8577
8576 8578
8576 13852
8579 8950
8579 9325
8580 8613
8580 16126
8580 16128
8581 8582
8581 8583
8581 8590
8581 12820
8582 8588
8582 8590
8582 8594
8583 8588
8583 12664
8584 12653
8585 8586
8585 12631
8585 14930
8586 8587
8586 12631
8587 12820
8587 14930
8588 8594
8589 12408
8589 12519
8589 12664
8590 12818
8591 16120
8591 16128
8591 16132
8592 8593
8592 12815
8592 15919
8593 8595
8593 9307
8595 9306
8595 12815
8596 8598
8596 12821
8596 12826
8597 8598
8597 12821
8598 12827
8599 9460
8602 8613
8602 8624
8603 17308
8603 17385
8605 8606
8605 8607
8605 8608
8606 9004
8607 9461
8607 9465
8608 9461
8609 8610
8609 8611
8609 9026
8609 9436
8610 8882
8610 8883
8611 8884
8611 8885
8614 9487
8614 10286
8614 10453
8614 11353
8615 10649
8615 10650
8616 11082
8616 11149
8617 13009
8618 18557
8618 18559
8619 13611
8619 13615
8619 13623
8620 13615
8620 13616
8620 13623
8621 12607
8621 12663
8622 12406
8622 12435
8622 12441
8623 18055
8624 8635
8625 8626
8626 9453
8627 8628
8627 10852
8628 8629
8631 8632
8631 8633
8632 8636
8633 8637
8634 8637
8634 8638
8635 8646
8635 16117
8639 8640
8640 8641
8641 8642
8642 8643
8642 8649
8643 8651
8644 8645
8646 16137
8649 8651
8650 8651
8652 8653
8652 8664
8652 15803
8653 8663
8654 8661
8654 10607
8655 8656
8655 8663
8655 8703
8655 8704
8656 8658
8656 8701
8657 16137
8658 8663
8659 8660
8659 8661
8659 8662
8660 8661
8662 8704
8664 8705
8665 17023
8666 9630
8667 13611
8667 13614
8667 18499
8668 16067
8668 16420
8671 9440
8672 9193
8672 9451
8673 8674
8673 8675
8673 12400
8674 8677
8675 12394
8676 8677
8676 12398
8678 9069
8678 16170
8679 13915
8680 9740
8681 8683
8681 8684
8682 8683
8682 8684
8682 15529
8682 15531
8684 15534
8686 8687
8686 8690
8687 8688
8688 8689
8691 8702
8691 8713
8692 8693
8692 9738
8693 9737
8694 8695
8694 8696
8694 8697
8695 8697
8695 9188
8696 15270
8697 9189
8698 13482
8698 13488
8698 18209
8699 8700
8699 8701
8699 8703
8700 8701
8700 9650
8703 8704
8706 8712
8706 17263
8707 17174
8708 8710
8708 16330
8708 16341
8709 8710
8709 16341
8709 17263
8710 8711
8710 16374
8711 8712
8711 8718
8711 17263
8712 8715
8712 8721
8713 8724
8713 8735
8714 8716
8714 16297
8715 8716
8715 8722
8716 8720
8716 8723
8717 8719
8717 8720
8717 16297
8718 8721
8718 16374
8719 8720
8719 8726
8719 16396
8720 8725
8721 8722
8722 8723
8723 8725
8724 16054
8724 17494
8725 16396
8726 8796
8726 10148
8726 16308
8727 8728
8728 8729
8730 8731
8730 8734
8731 8732
8731 8733
8733 8734
8733 8736
8735 14309
8735 16054
8735 16057
8737 12905
8738 11279
8739 9970
8739 13769
8740 9970
8740 11277
8740 13769
8741 8743
8741 13763
8742 8744
8742 13763
8742 13771
8743 8744
8744 13763
8745 8747
8745 10413
8746 8757
8746 8768
8746 10159
8746 10359
8748 11557
8748 13493
8748 13495
8750 8751
8752 13624
8752 18489
8753 18488
8755 11383
8757 9924
8757 12478
8757 12479
8758 17018
8759 9706
8759 9862
8760 13496
8761 8762
8762 8763
8763 8770
8765 8766
8765 8767
8766 8773
8767 8771
8767 8773
8768 8835
8768 12479
8769 8773
8770 8771
8771 8774
8772 8774
8777 8781
8777 9762
8778 18659
8779 16654
8780 8791
8780 8802
8780 8813
8780 10181
8781 18694
8781 18703
8783 8784
8784 8785
8785 9716
8786 8787
8786 12336
8786 13795
8787 13795
8788 12301
8789 8793
8789 8794
8790 8792
8790 8793
8790 12271
8792 8793
8792 8794
8792 15726
8794 15726
8795 9957
8795 12478
8795 12900
8796 10147
8797 8798
8797 10098
8797 18235
8799 10099
8802 8813
8802 10181
8803 8804
8804 8806
8806 8807
8809 8810
8813 10195
8814 8815
8814 15883
8815 17658
8816 8820
8817 8818
8817 8819
8818 8820
8819 8821
8819 12446
8821 8822
8821 10558
8823 9409
8823 9412
8824 8835
8824 8846
8824 8857
8824 8868
8826 9390
8826 9395
8826 11431
8827 9377
8827 9383
8827 9390
8827 11431
8828 13749
8828 16045
8828 16051
8829 16059
8829 16378
8829 16379
8830 9881
8830 12829
8831 8832
8831 8833
8831 8834
8831 8836
8831 8837
8833 8837
8834 8836
8835 10155
8835 10157
8839 8840
8841 9647
8841 16163
8842 9851
8842 9994
8843 8844
8843 16607
8844 16585
8844 16607
8845 16853
8846 10193
8846 10195
8847 14296
8847 14407
8847 17045
8848 8849
8848 12086
8849 8850
8849 15452
8850 9264
8850 11786
8851 9257
8851 9267
8851 10908
8851 11786
8852 8853
8852 8854
8853 8867
8853 8870
8853 8877
8854 8855
8854 9392
8854 15797
8855 8856
8855 15797
8856 8874
8856 8875
8857 10161
8857 10177
8857 10193
8858 8859
8858 13631
8858 15808
8859 9433
8860 9317
8860 9318
8861 8862
8861 8863
8861 8864
8862 9186
8862 9395
8863 8865
8863 8866
8863 8867
8864 9393
8864 9394
8865 8869
8865 8878
8865 9186
8866 9386
8866 9394
8867 8869
8868 10153
8868 10155
8869 8877
8869 8881
8870 9386
8870 9392
8871 11741
8872 9568
8872 9570
8872 9573
8872 15507
8873 9573
8873 9577
8873 12074
8873 13330
8874 8876
8874 8877
8875 8876
8875 9433
8876 8881
8878 8880
8878 8881
8878 11298
8879 8892
8879 10288
8879 12871
8879 18818
8880 9186
8880 9187
8880 9430
8881 11285
8882 9434
8882 9436
8882 11309
8883 8884
8884 9437
8885 8886
8885 8887
8885 9437
8886 8888
8886 8889
8887 8894
8887 9023
8887 9026
8888 8893
8888 8894
8889 9437
8889 9438
8890 10001
8890 10186
8890 10297
8891 9002
8891 9113
8891 9224
8892 8903
8892 12871
8893 8895
8894 9013
8894 9046
8895 10952
8896 8897
8896 8898
8896 10964
8897 8899
8897 13797
8898 10975
8899 13452
8899 16041
8900 9005
8900 9006
8901 8902
8901 8904
8901 8905
8902 8906
8902 8907
8903 8914
8903 8925
8904 9529
8905 8907
8905 10753
8906 9522
8906 9523
8906 10608
8907 9515
8907 9516
8908 8910
8908 10531
8908 10553
8909 9526
8909 10174
8909 10597
8910 9527
8910 10597
8911 8912
8911 10320
8911 10331
8912 8913
8913 8915
8913 10320
8913 11520
8914 8925
8914 12476
8914 12884
8915 8916
8915 9528
8915 9530
8916 9473
8916 9531
8916 11486
8917 9406
8917 9414
8917 11230
8918 12560
8918 12846
8919 8921
8920 8922
8920 8923
8922 8924
8924 8926
8925 12261
8927 8928
8929 8930
8930 9105
8930 9107
8931 8932
8931 16138
8932 16138
8933 8934
8933 8935
8933 13086
8933 13230
8934 9568
8934 9573
8934 9577
8935 9571
8935 9576
8936 8947
8936 8958
8936 8969
8936 10285
8936 10287
8937 8938
8937 17042
8938 9932
8940 14892
8940 14913
8940 14914
8940 14918
8941 8942
8942 9171
8942 9172
8943 10536
8943 16064
8943 17989
8944 12505
8945 9654
8946 10461
8946 13584
8947 12332
8948 11745
8949 8989
8949 17668
8949 17758
8950 9327
8950 12108
8951 9327
8951 9329
8951 12108
8952 11919
8952 12108
8952 12141
8953 9296
8953 9301
8953 11875
8953 12063
8954 9456
8954 11041
8955 15802
8956 9566
8956 9567
8956 13219
8957 9565
8957 9567
8957 13219
8958 8969
8958 12332
8959 8961
8959 8962
8959 17563
8960 9584
8960 17563
8961 8962
8961 8963
8962 8964
8963 9594
8963 17585
8964 8965
8964 9593
8965 8966
8966 8967
8966 8968
8967 9595
8967 9596
8968 8970
8968 8971
8969 8980
8969 18796
8969 18829
8970 8971
8970 8972
8971 12508
8972 9596
8972 9597
8974 8975
8974 8976
8976 8977
8978 9301
8978 10830
8978 11875
8979 8981
8979 8982
8979 8983
8980 8991
8980 18796
8981 9208
8981 9212
8982 8986
8982 10930
8983 8984
8983 8985
8984 9214
8984 9215
8984 9220
8985 9237
8985 11708
8986 9230
8986 9234
8986 9241
8987 9250
8987 9252
8987 10930
8988 9248
8988 9251
8988 9253
8988 11708
8989 8990
8989 17736
8990 17668
8990 17737
8991 18796
8991 18818
8992 9342
8992 9343
8992 17630
8993 8994
8993 8995
8993 8996
8993 8997
8994 8998
8994 8999
8994 9000
8995 8999
8995 9008
8995 9009
8996 9020
8996 9028
8997 9009
8997 9016
8997 9020
8998 9030
8998 9051
8998 9070
8999 9051
9000 9028
9000 9032
9001 9343
9001 17718
9002 9224
9002 12590
9003 9014
9003 9025
9004 9464
9004 9465
9005 9439
9005 13441
9007 9462
9007 9464
9008 9064
9008 14875
9008 14886
9009 9010
9009 14875
9010 9011
9010 9015
9011 9012
9011 9017
9012 9013
9012 9015
9013 9023
9013 9048
9014 10221
9014 12469
9015 9016
9016 9019
9016 9023
9017 9048
9017 14864
9017 14875
9018 9048
9018 10975
9018 14864
9019 9020
9019 9021
9019 9022
9020 9427
9021 9023
9021 9026
9021 9027
9022 9027
9022 9427
9022 9429
9024 9034
9024 9052
9024 13531
9025 10180
9025 10181
9026 9050
9027 9050
9027 9432
9028 9029
9029 9423
9029 9427
9030 9031
9030 9032
9031 9072
9031 9420
9032 9421
9033 9034
9033 9035
9033 9037
9034 9038
9034 9039
9035 9039
9035 9067
9035 9072
9036 9047
9036 9058
9036 9069
9037 9038
9037 9060
9037 9067
9038 9052
9038 9059
9039 9073
9040 9041
9040 13864
9040 13875
9040 14585
9041 9074
9041 9075
9041 9076
9042 9043
9042 9044
9042 14708
9043 9085
9044 9076
9044 9081
9044 9084
9045 9063
9045 9064
9045 14886
9046 9048
9046 10975
9047 9058
9049 9082
9049 9085
9050 9434
9050 9436
9051 9064
9051 9071
9052 9054
9052 13542
9053 9054
9053 9055
9053 13542
9053 13697
9054 9056
9054 13675
9055 15308
9055 15330
9056 9059
9056 9061
9057 9061
9057 9062
9057 13664
9057 13675
9058 10563
9058 12460
9059 9060
9059 9061
9060 9062
9060 9068
9062 9063
9062 9066
9063 13664
9064 9065
9065 9066
9065 9071
9066 9068
9067 9068
9067 9070
9068 9071
9069 10208
9069 10213
9070 9071
9070 9072
9072 9073
9073 9417
9074 9077
9074 13830
9075 14585
9075 14596
9076 9077
9076 9079
9077 9078
9078 9081
9078 9082
9079 9084
9079 14596
9080 9091
9080 9102
9080 9114
9080 9125
9081 9083
9082 9083
9083 9085
9084 14708
9086 9093
9087 9088
9087 9089
9088 9090
9088 9093
9089 9090
9089 9092
9090 13353
9094 9095
9094 9100
9095 17063
9097 9100
9098 17063
9102 12458
9103 9104
9103 9105
9104 9117
9105 9118
9105 9126
9108 9109
9110 18041
9110 18174
9111 9124
9112 18052
9112 18263
9113 9668
9113 12584
9114 9136
9114 12458
9114 12459
9117 9126
9117 9127
9121 16208
9124 9126
9125 9358
9129 14744
9130 16652
9131 9132
9131 13351
9132 13353
9133 9134
9135 9137
9135 9138
9136 9147
9136 9158
9139 9140
9139 18097
9141 9142
9141 9143
9141 9149
9142 9145
9142 9148
9143 9146
9143 9149
9144 9145
9144 9146
9145 9148
9147 12251
9147 12457
9148 9149
9150 9154
9150 16696
9151 9152
9151 9153
9151 9154
9151 16696
9152 9153
9152 9161
9153 16718
9153 16986
9154 9161
9155 9156
9157 9163
9157 16718
9157 16741
9158 10206
9158 12459
9159 9162
9160 9162
9163 16674
9163 16707
9164 16718
9164 16763
9165 16630
9165 16641
9165 16674
9166 16818
9167 16919
9167 16952
9169 9180
9169 9191
9169 9202
9172 9945
9173 10023
9174 9177
9175 15011
9176 14271
9178 9182
9179 9459
9179 11152
9179 14008
9180 9469
9181 9182
9183 9417
9183 9419
9183 11397
9184 9422
9184 9423
9184 11397
9185 9186
9185 9395
9185 9430
9185 11397
9187 9431
9187 9434
9187 11298
9188 9189
9190 9194
9190 18639
9192 9193
9192 9194
9192 18624
9193 9445
9195 9196
9195 9197
9195 9198
9196 9207
9196 11819
9197 9199
9197 9200
9198 9201
9198 9203
9199 9206
9199 9207
9200 9201
9200 9212
9201 9204
9202 9236
9203 9204
9203 9205
9204 9208
9205 9208
9205 9209
9206 9216
9206 9217
9207 9217
9207 9232
9208 9210
9209 9210
9209 9211
9210 9214
9211 9214
9211 9215
9212 9221
9213 9225
9213 9236
9213 9247
9215 9218
9216 9221
9216 9222
9217 9222
9217 9233
9218 9219
9218 9220
9219 9223
9219 9226
9219 9227
9220 9223
9221 9230
9221 9231
9222 9231
9222 9235
9223 9228
9224 9335
9225 12456
9226 9228
9226 9229
9227 9229
9227 13341
9228 9229
9228 9237
9230 9234
9231 9234
9231 9238
9232 9233
9232 11819
9233 9235
9234 9241
9235 9238
9235 9243
9236 12456
9237 9240
9238 9241
9238 9250
9239 9244
9239 9245
9239 13341
9240 9242
9240 13341
9242 9245
9242 9248
9242 9249
9243 9255
9244 9246
9244 9266
9245 9246
9246 9249
9246 9262
9248 9251
9249 9251
9249 9260
9250 9254
9251 9253
9252 9259
9252 9263
9252 9264
9253 9260
9254 9263
9254 9265
9256 9257
9256 9259
9256 10908
9257 9261
9258 9269
9258 9280
9258 9291
9259 9261
9260 9262
9260 11775
9261 9264
9262 9266
9263 9265
9264 9265
9266 11742
9267 10853
9267 10886
9268 9270
9268 9271
9268 9273
9269 9302
9269 9313
9270 9273
9270 15463
9271 9272
9271 9274
9272 9273
9272 9275
9272 9276
9273 9277
9273 9283
9274 9276
9274 9279
9275 11975
9275 11986
9275 17496
9276 9278
9276 17496
9277 9283
9277 9284
9278 9279
9278 17507
9279 9281
9280 12290
9280 12298
9281 9282
9281 17541
9282 9285
9282 9286
9283 11975
9284 11952
9284 11975
9284 15463
9285 9287
9285 9292
9286 9293
9286 17530
9286 17541
9287 9288
9287 9289
9288 9292
9288 9293
9289 9290
9289 9294
9290 15474
9291 12300
9291 12301
9292 9293
9293 9294
9293 16130
9294 15485
9294 16119
9295 9301
9295 11919
9295 12097
9296 11997
9296 12119
9297 15074
9298 9396
9298 10048
9298 13578
9299 10027
9299 13578
9300 12453
9300 12708
9302 12289
9302 12290
9303 10719
9303 12608
9304 14919
9304 14975
9304 15830
9305 9306
9305 9308
9305 12817
9306 9307
9307 9308
9308 15864
9309 9310
9309 9316
9309 12824
9310 9311
9310 9847
9311 9312
9311 9315
9312 9848
9313 10250
9313 12277
9314 9315
9314 13619
9315 12828
9316 12825
9316 12828
9317 9318
9317 9319
9318 9320
9319 9320
9319 9321
9320 9322
9321 9322
9321 9323
9322 9326
9323 9325
9323 9326
9324 9336
9324 9347
9324 9358
9325 9328
9326 9328
9327 9329
9328 9329
9330 9331
9330 9332
9330 9339
9331 9332
9331 9333
9332 9340
9332 9346
9333 9334
9333 9340
9334 9337
9334 9338
9335 17673
9335 17684
9337 12786
9337 12897
9338 12786
9338 12819
9340 9344
9340 12819
9341 9342
9341 9343
9341 17718
9342 9348
9344 9345
9344 9359
9345 9349
9345 9350
9346 9353
9346 9354
9347 15733
9348 9351
9348 9352
9349 9359
9349 9365
9350 9355
9350 17607
9351 9356
9351 9363
9351 9364
9352 9356
9352 9357
9353 9359
9353 9374
9354 9375
9354 9382
9354 9384
9355 9360
9355 9365
9356 9361
9357 9361
9357 9362
9360 9372
9360 12586
9360 17607
9361 9368
9362 9367
9362 9376
9363 9364
9363 9368
9364 17630
9365 9366
9366 9374
9366 9379
9367 9370
9367 9371
9368 11409
9369 9380
9369 9391
9369 9402
9370 9373
9370 9383
9371 9376
9371 9383
9372 9379
9373 9377
9373 9378
9374 9375
9375 9386
9376 11409
9377 9387
9378 9381
9378 9382
9379 9385
9380 15736
9382 9387
9384 9388
9384 9389
9385 9392
9387 9388
9388 9390
9389 9393
9389 9394
9390 9393
9396 10048
9397 9398
9397 9399
9398 9399
9398 17741
9399 9400
9399 17752
9400 17674
9400 17752
9401 9403
9401 9404
9402 15738
9403 9405
9403 9406
9404 9406
9405 9407
9405 9408
9406 9408
9407 9409
9407 9410
9408 9410
9409 9411
9410 9411
9411 9412
9412 9414
9413 9424
9413 9435
9413 18238
9414 11252
9415 9459
9415 11152
9416 9457
9416 9459
9417 9418
9417 11420
9418 9419
9418 9420
9419 9421
9420 9421
9422 9425
9422 9426
9423 9426
9424 18239
9424 18240
9425 9428
9425 9430
9426 9427
9426 9428
9426 9429
9428 9429
9428 9431
9429 9432
9430 9431
9431 9432
9432 9434
9433 13619
9435 12447
9439 9472
9439 9883
9439 10043
9441 9552
9441 18659
9442 9908
9442 18712
9443 9755
9443 18712
9444 9445
9444 18623
9445 9448
9446 9557
9446 10624
9446 17520
9446 17677
9447 9458
9447 9469
9447 9480
9448 9449
9448 9450
9449 9452
9449 9453
9452 9453
9455 9876
9456 11108
9457 11119
9457 11130
9458 18242
9461 9465
9462 9463
9463 9464
9466 9468
9466 9497
9467 9489
9467 9495
9467 9497
9468 9470
9468 15596
9470 9497
9470 9517
9471 9472
9471 14352
9471 16086
9473 9477
9473 9478
9473 11508
9474 9478
9474 9532
9474 11508
9475 9476
9475 9477
9475 9478
9475 9479
9476 9481
9476 9533
9476 9538
9477 9482
9478 9533
9479 9481
9479 9482
9479 9483
9480 15728
9481 9537
9481 9540
9482 9531
9483 9484
9483 9537
9484 9485
9484 9486
9485 9537
9485 9542
9485 9547
9486 9542
9487 10409
9487 11375
9488 9492
9488 9493
9488 10386
9488 10675
9489 10275
9489 10286
9489 10486
9490 9493
9490 10664
9490 10675
9490 10764
9491 9502
9491 9513
9491 9524
9491 9535
9492 9494
9492 9496
9492 10464
9493 9504
9493 9505
9494 9501
9494 9503
9494 10231
9495 9498
9495 9499
9495 10486
9496 9503
9496 9504
9497 9498
9498 9506
9498 9517
9499 9506
9499 10442
9500 9509
9500 9512
9500 10431
9500 10475
9501 9509
9501 9510
9501 10475
9502 9513
9502 9535
9503 9510
9504 9511
9505 9515
9505 9516
9505 10764
9506 9507
9507 10442
9507 10508
9508 9512
9508 10431
9508 10497
9509 9518
9509 9519
9510 9521
9511 9514
9511 9515
9512 9519
9512 9520
9513 9524
9514 9522
9514 9523
9515 9523
9516 10753
9517 10163
9517 10508
9518 9521
9518 9525
9518 10608
9519 9525
9519 9526
9520 9526
9520 10174
9520 10497
9521 9522
9525 10586
9526 10586
9527 9530
9527 10342
9528 9530
9528 10320
9528 10342
9529 9531
9529 9849
9532 9533
9532 9534
9532 11464
9533 9536
9534 9536
9534 9539
9534 11542
9536 9538
9536 9541
9537 9543
9538 9540
9538 9545
9539 9541
9539 9544
9540 9543
9540 9548
9541 9545
9543 9547
9543 9549
9544 11619
9545 9548
9546 9558
9546 9569
9546 9580
9547 9551
9548 9549
9549 9551
9550 9551
9552 9553
9553 9554
9554 9903
9556 9559
9556 9560
9557 9668
9557 17520
9558 9569
9558 9580
9558 12434
9559 9603
9559 9604
9560 11630
9561 9562
9561 9563
9562 9564
9562 9565
9563 9604
9563 9605
9564 13285
9565 9575
9566 9571
9566 13230
9567 9574
9568 13008
9568 13086
9569 10117
9570 13052
9570 15519
9571 9572
9572 9574
9572 9578
9573 11963
9574 9579
9575 9581
9576 9577
9576 9578
9577 9586
9578 9588
9579 9582
9579 9583
9580 12445
9581 9584
9582 9585
9582 9590
9583 9588
9583 9590
9584 9587
9585 9589
9586 9588
9586 9592
9587 9589
9587 17574
9589 17574
9590 9592
9591 10680
9591 17626
9591 17627
9592 13330
9593 9594
9593 9595
9594 17585
9596 9597
9597 12508
9599 11741
9600 9603
9601 9603
9602 9613
9602 9624
9602 10679
9605 13297
9605 15607
9606 11428
9606 11429
9607 9609
9608 9609
9609 9610
9611 9612
9612 12546
9613 9624
9613 10613
9614 9615
9614 9616
9615 13371
9616 9617
9616 13371
9618 9840
9618 17440
9619 10898
9620 15279
9620 15293
9621 12335
9621 12337
9622 9623
9623 9973
9623 9975
9625 9906
9625 10492
9625 12026
9626 15844
9626 15974
9626 15978
9627 9628
9629 16440
9629 16903
9630 9631
9631 16914
9631 16915
9632 9633
9632 9634
9633 9639
9633 9640
9634 9640
9634 9644
9635 9646
9635 9657
9635 9906
9635 10492
9635 10493
9635 12016
9636 9637
9636 9638
9637 9642
9637 9645
9639 9641
9639 9643
9641 9642
9642 9643
9648 13754
9648 17649
9651 15032
9651 15039
9651 15049
9653 18509
9654 10993
9655 9656
9658 9659
9658 9664
9658 15069
9659 9661
9660 9661
9660 9662
9660 9663
9660 11400
9660 15072
9661 15072
9662 9663
9662 15016
9664 15067
9665 9916
9666 9667
9666 11932
9667 9916
9667 9917
9668 17676
9669 9680
9669 9691
9669 10498
9669 10499
9674 10043
9676 9677
9676 15351
9677 9992
9678 9681
9679 9681
9679 9682
9684 9685
9684 9686
9684 9687
9685 9688
9686 9782
9686 9783
9687 9689
9687 9784
9688 9690
9688 9692
9689 9692
9690 9693
9694 9695
9695 9696
9698 18406
9698 18423
9699 9700
9701 9703
9702 9713
9702 9724
9702 11869
9702 11871
9702 11873
9702 11907
9703 9704
9704 9705
9706 9707
9707 18623
9708 9709
9708 9710
9708 9714
9708 15866
9709 9714
9709 11201
9710 9711
9710 11202
9711 15866
9712 9714
9712 15868
9712 17516
9715 9983
9715 9984
9716 9717
9718 9720
9718 9721
9719 9720
9720 9725
9721 9728
9721 9729
9722 9723
9722 9725
9723 9732
9724 15757
9724 15884
9725 9726
9725 9727
9726 9730
9727 9728
9727 9730
9730 9731
9733 15554
9733 15561
9733 15565
9734 9737
9735 9746
9735 9757
9735 9768
9735 15838
9736 9737
9738 9739
9739 10714
9742 18501
9742 18515
9743 14304
9744 9831
9744 15501
9744 15616
9746 10302
9746 10304
9746 10306
9747 9761
9747 18220
9749 10501
9749 11224
9749 15269
9749 15270
9750 9915
9751 18009
9751 18010
9751 18053
9753 12613
9753 12639
9753 12644
9754 12615
9754 12644
9755 18673
9756 17497
9756 17548
9757 12195
9757 12196
9757 12207
9758 18032
9758 18040
9759 12448
9760 10676
9762 18698
9762 18703
9763 17784
9764 9765
9765 9976
9765 9977
9766 14982
9766 14983
9768 9780
9768 12205
9768 12207
9769 12471
9770 9772
9771 9875
9772 9774
9773 9774
9776 9777
9777 9778
9779 9890
9779 10002
9779 11190
9780 9791
9780 9802
9782 9783
9784 9785
9786 9787
9788 9789
9788 9790
9788 9792
9789 9793
9789 9794
9790 9794
9790 9818
9791 10658
9791 12229
9792 9814
9792 9817
9793 9795
9793 9817
9794 9823
9794 9825
9795 9796
9795 9797
9796 9797
9796 9798
9796 9801
9797 9800
9797 9822
9798 9799
9798 9800
9799 9801
9799 9803
9801 9825
9802 12206
9802 12207
9803 9804
9803 9805
9804 9806
9804 9825
9805 9806
9805 9807
9806 14765
9807 14765
9808 9821
9808 9822
9809 9810
9809 9821
9810 9811
9810 9812
9811 9815
9811 9821
9812 9814
9812 9815
9813 9824
9813 9835
9813 11265
9814 9816
9815 9816
9816 9817
9818 9819
9818 9823
9819 9820
9820 9823
9822 10034
9824 9835
9824 9846
9826 13701
9826 14100
9827 9862
9829 9837
9829 15626
9829 18004
9830 10064
9833 9992
9833 11250
9834 9836
9834 9853
9835 11266
9836 16839
9837 9838
9837 9874
9837 15482
9838 9839
9838 18007
9839 9874
9840 17420
9841 9842
9841 9843
9841 12804
9842 9844
9842 9845
9843 9844
9843 9845
9846 9857
9846 11271
9847 9848
9848 13608
9849 9850
9850 9852
9851 9994
9852 10017
9852 10018
9854 9855
9858 14451
9859 18561
9859 18580
9860 16651
9860 16653
9861 10623
9861 12622
9864 10784
9864 10810
9865 9866
9867 9965
9868 9879
9868 9891
9868 9902
9868 9913
9868 12899
9869 9870
9869 15741
9870 9927
9870 16963
9871 9872
9872 9925
9872 9926
9873 10025
9873 10330
9873 12910
9877 9880
9877 13605
9878 9880
9879 9902
9881 13215
9882 9883
9884 15475
9884 15627
9884 18002
9885 9947
9885 9948
9885 16257
9886 9887
9886 15483
9888 14217
9889 9892
9890 11191
9891 12899
9891 12900
9892 9893
9894 16558
9894 16577
9895 13810
9896 9897
9898 9993
9898 12103
9898 14044
9900 9941
9900 16897
9901 19071
9902 9913
9902 10144
9904 9905
9910 9912
9910 15770
9911 9912
9913 9946
9914 9917
9914 11928
9917 9944
9918 13014
9918 18641
9920 11779
9920 17242
9921 9922
9923 9925
9923 13871
9924 9935
9924 9946
9925 9927
9926 9927
9926 13871
9928 10421
9928 13871
9929 10078
9930 9931
9932 9933
9933 9934
9935 9946
9935 12479
9937 13444
9937 13445
9938 9940
9938 9941
9939 9943
9940 9941
9940 9942
9942 9943
9944 11926
9945 10026
9945 12123
9947 9955
9947 16910
9948 9949
9948 16911
9949 16255
9950 9951
9950 9952
9951 10028
9952 9953
9952 9954
9954 10028
9954 10029
9956 13763
9956 13771
9957 9968
9957 12477
9958 9959
9960 9961
9962 15768
9962 17623
9964 9966
9965 9966
9967 9969
9967 12942
9968 12896
9970 13769
9971 11036
9971 11085
9973 9975
9973 9976
9974 9975
9974 9977
9976 9977
9978 9980
9978 10048
9978 13579
9979 9990
9979 10003
9979 10014
9980 13578
9981 9982
9983 9987
9983 9988
9984 9985
9984 9987
9985 9986
9985 9987
9986 9989
9987 9989
9988 9989
9990 10003
9990 10332
9992 11221
9993 12100
9996 10068
9998 16302
9998 16842
9999 11421
9999 11422
9999 18429
10000 11768
10002 10086
10002 10097
10002 10108
10003 13358
10004 11193
10004 11201
10005 10006
10006 10030
10008 10009
10008 13580
10009 13578
10010 10011
10010 10012
10010 10013
10011 10016
10011 10038
10011 10041
10012 10017
10012 10037
10013 10015
10013 10016
10014 12907
10014 12909
10015 10060
10016 10060
10016 10061
10017 10018
10018 10037
10019 12453
10020 11448
10020 15901
10020 15904
10021 10022
10023 10024
10023 13427
10024 10026
10025 10036
10025 10047
10025 12911
10027 10046
10032 10070
10033 10082
10035 13977
10035 15350
10036 10082
10036 10083
10037 10038
10038 10039
10039 10040
10039 10041
10040 10041
10042 12237
10044 10045
10044 12103
10045 14048
10047 10328
10047 13784
10049 13240
10049 14233
10049 14702
10051 11873
10051 11882
10051 11891
10052 15512
10052 16390
10052 16391
10054 10055
10054 13772
10055 13766
10057 14218
10057 14250
10058 10069
10058 10080
10058 10267
10059 11873
10059 11880
10060 10061
10062 10063
10062 10064
10066 10067
10066 12567
10067 12566
10068 10071
10069 10084
10069 10085
10069 10087
10072 10073
10072 10074
10072 10075
10073 10074
10076 10077
10079 10081
10079 12244
10080 10084
10080 10263
10081 12953
10082 12242
10083 12244
10084 10088
10084 10089
10085 10265
10085 10267
10085 10268
10086 10119
10086 10130
10087 10088
10087 10244
10087 10265
10088 10262
10088 10568
10089 10263
10089 10567
10089 10568
10090 10091
10090 10092
10090 10093
10091 12254
10091 12255
10092 10094
10092 15710
10093 15706
10093 15709
10094 10095
10094 12257
10095 10201
10095 15715
10096 10098
10096 10099
10097 10119
10100 12303
10101 10288
10101 12307
10101 12310
10102 10103
10102 10104
10102 10105
10102 10349
10102 10350
10103 10245
10103 10374
10104 10248
10104 10283
10105 10169
10105 10279
10105 10280
10106 10107
10106 10109
10106 10110
10107 10112
10107 12270
10108 17675
10109 10112
10109 12309
10110 12271
10110 12272
10111 10112
10111 10113
10111 10114
10111 12259
10113 10238
10113 12262
10114 12267
10114 12269
10114 12270
10115 10116
10115 10117
10115 10118
10116 10135
10116 12428
10117 12406
10118 10120
10118 12406
10118 12410
10120 10121
10121 12444
10121 12799
10121 12802
10122 10123
10122 10124
10122 10125
10122 10126
10123 12794
10124 12437
10124 12439
10125 10558
10126 12794
10126 12801
10127 10128
10127 10725
10127 15725
10127 15727
10128 15725
10128 15726
10129 10131
10129 10132
10129 10724
10130 12593
10130 17621
10131 10724
10131 12395
10132 10133
10132 10134
10133 10136
10133 12423
10134 10135
10134 10136
10135 12426
10136 12421
10136 12422
10137 10138
10137 10139
10137 10140
10138 10560
10138 12438
10139 10559
10139 10560
10140 12438
10140 12445
10141 10152
10141 10163
10141 10174
10141 10187
10142 10143
10142 10144
10143 10149
10143 16408
10145 10147
10145 16408
10146 10321
10146 16408
10147 10148
10147 10317
10148 16385
10149 10150
10149 10156
10150 10154
10151 10153
10151 10154
10151 10155
10152 10420
10152 10497
10152 10508
10153 10156
10154 10156
10155 12479
10156 11256
10157 10158
10157 10159
10157 10161
10158 10160
10159 10340
10160 10161
10160 10176
10160 10177
10162 10164
10162 10165
10162 10192
10162 10280
10163 10542
10163 15596
10164 10179
10164 10345
10164 10346
10165 10166
10165 10167
10165 10280
10166 10168
10166 10169
10166 10170
10167 10190
10167 12467
10168 10276
10168 11262
10169 10273
10170 10561
10170 11262
10171 10172
10171 10173
10171 10192
10171 10217
10173 10175
10173 10178
10173 10345
10174 10553
10175 10176
10175 10177
10175 10178
10176 10179
10176 10345
10177 10184
10178 10183
10178 10184
10179 10343
10180 10182
10180 10222
10182 10183
10182 10194
10182 10222
10184 10193
10185 13935
10185 15678
10186 10519
10187 10309
10187 10542
10187 10553
10188 10189
10188 11260
10188 11261
10188 11262
10189 10208
10189 10562
10189 10563
10190 10191
10190 10192
10191 10214
10191 10218
10193 10194
10195 11257
10196 10197
10196 10199
10196 10200
10197 10203
10198 10209
10198 10220
10198 10231
10198 10242
10199 10201
10199 10202
10199 10203
10200 15701
10201 10204
10203 15712
10203 15715
10204 10205
10204 12459
10205 10206
10205 10207
10208 10210
10208 10211
10209 10397
10209 10453
10209 10464
10210 10211
10210 10212
10210 10213
10211 10561
10212 10214
10212 12467
10213 12248
10213 16170
10214 10215
10215 12246
10215 12248
10216 10217
10216 10218
10216 10219
10218 12246
10219 12246
10219 12247
10220 10420
10220 10475
10220 10486
10221 10222
10221 10223
10224 10225
10224 10226
10224 10227
10224 10228
10225 10241
10225 10260
10225 10262
10226 10229
10226 10230
10227 10239
10227 10240
10228 10232
10228 12268
10229 10243
10230 10232
10230 10233
10230 10234
10231 10464
10231 10475
10232 12268
10233 10235
10233 12266
10233 12267
10234 10241
10234 10247
10235 10236
10235 10237
10235 10238
10236 12265
10237 10248
10237 10282
10237 12266
10238 12267
10239 10260
10239 12275
10240 12273
10240 12279
10241 10243
10241 10244
10242 10286
10242 10453
10242 10486
10244 10245
10244 10262
10245 10246
10245 10247
10246 10265
10246 10266
10247 10248
10247 12266
10248 10281
10249 10250
10249 10251
10249 10252
10249 10254
10250 10571
10250 12278
10251 10570
10251 12254
10252 15704
10252 15722
10253 10264
10253 10275
10253 10286
10254 13142
10254 13143
10255 10256
10255 10257
10255 10258
10255 10259
10256 10570
10256 12256
10257 10261
10257 10566
10258 10260
10258 10571
10258 12276
10259 10260
10259 10261
10259 10262
10261 10568
10263 12257
10264 11331
10264 11342
10264 11353
10265 10269
10266 10269
10266 10278
10267 10270
10268 10269
10268 10270
10268 10271
10269 10274
10270 11259
10270 11260
10271 10272
10271 10276
10271 10277
10272 10273
10272 10274
10273 10276
10273 10279
10274 10278
10276 11261
10277 11260
10277 11261
10278 10279
10278 10374
10280 10346
10280 10350
10281 10282
10281 10283
10282 10284
10283 10351
10284 13355
10284 13357
10289 10290
10289 10291
10289 12892
10289 12893
10290 12882
10290 12885
10291 10293
10292 14690
10292 17763
10295 10296
10295 10299
10295 12165
10295 12166
10295 12187
10296 11023
10296 17614
10296 17615
10298 10309
10298 10320
10298 10331
10298 10342
10299 17615
10299 17620
10300 10301
10300 10302
10300 10303
10300 12196
10301 12192
10301 12194
10301 12202
10302 10304
10302 10305
10303 12165
10303 12200
10303 12202
10304 10305
10304 10306
10305 17368
10306 13958
10307 10308
10307 10310
10307 10311
10308 10310
10308 12214
10309 10520
10309 10531
10310 12216
10311 14591
10311 17375
10312 10313
10312 10314
10312 10315
10313 11993
10313 11998
10315 11993
10315 12007
10315 12009
10316 10317
10316 10318
10316 10319
10316 10321
10318 11264
10319 11264
10319 11265
10319 11266
10321 11266
10322 10323
10322 10324
10322 10325
10322 17396
10323 10326
10323 17441
10324 17341
10324 17363
10325 10328
10325 10330
10325 13362
10326 10327
10326 10328
10326 12953
10326 13784
10329 12245
10329 17341
10330 10332
10330 12907
10332 13359
10332 17430
10333 11214
10334 10335
10334 10336
10335 12060
10336 10690
10337 10338
10337 10339
10338 10689
10339 10690
10339 12055
10340 10341
10340 10344
10341 10356
10341 12480
10342 10531
10343 10344
10343 10348
10344 10348
10346 10347
10346 10348
10347 10349
10347 10352
10349 10350
10351 10352
10351 10354
10352 10371
10353 10364
10353 10375
10353 10386
10354 10355
10354 10356
10355 10365
10355 10368
10356 10357
10356 10373
10357 10358
10357 10368
10358 10359
10358 10360
10358 12478
10360 10368
10360 10369
10360 10370
10361 10362
10361 10363
10362 10366
10362 12476
10363 10365
10363 10366
10364 10397
10364 10564
10364 10575
10365 10367
10366 12474
10367 10368
10367 10370
10369 12477
10369 12478
10370 12477
10371 10372
10372 10373
10373 12480
10375 10631
10375 10675
10376 10377
10376 10378
10376 10379
10377 10441
10377 16947
10378 10396
10378 10399
10379 10446
10379 10451
10380 10381
10380 10382
10380 13524
10380 13581
10381 10454
10381 14565
10381 16942
10382 10395
10382 13525
10382 16938
10383 10384
10383 10385
10383 10387
10383 10388
10384 10385
10384 13522
10385 10388
10385 10427
10386 10397
10386 10464
10387 10388
10387 10425
10387 13646
10387 16079
10389 10390
10389 10441
10389 10444
10390 13524
10390 13644
10390 16000
10390 16080
10391 10392
10391 10393
10391 10394
10391 10395
10392 16080
10392 16939
10393 13641
10393 13645
10393 13912
10394 13641
10394 14716
10394 16931
10395 14567
10395 14716
10396 10398
10396 10399
10397 10409
10398 10456
10398 16771
10399 10402
10400 10401
10400 10402
10400 10443
10401 16948
10401 16949
10402 16947
10403 10404
10403 10405
10403 16082
10404 16002
10404 16770
10405 10406
10405 16773
10406 10407
10406 11294
10406 15994
10406 15996
10407 11301
10407 14713
10408 10519
10408 10630
10409 10453
10409 10575
10410 10411
10410 10412
10410 15994
10410 15995
10411 14721
10411 16828
10411 16836
10412 16798
10412 16801
10413 10414
10413 16838
10414 13768
10415 10416
10415 13716
10415 14562
10415 14713
10415 14724
10415 16837
10415 16841
10416 14559
10416 14713
10417 10418
10417 15518
10418 10419
10420 10431
10420 10442
10421 10422
10422 10423
10423 10424
10425 10426
10425 16079
10426 16949
10427 11275
10427 16889
10428 10429
10428 10430
10428 10440
10428 13823
10428 13824
10429 13662
10429 13663
10430 10436
10430 10438
10430 10439
10432 10433
10432 10434
10432 13663
10433 10434
10433 10436
10433 10437
10434 10435
10435 10438
10435 10440
10436 16899
10437 13517
10437 13661
10438 10440
10439 16900
10441 10443
10441 10444
10443 16947
10444 10445
10445 13523
10445 16948
10446 10447
10446 10448
10446 10449
10447 10450
10447 10451
10448 13581
10448 16940
10449 13526
10450 10451
10450 16001
10450 16944
10451 10452
10452 10456
10452 16001
10454 10455
10454 14565
10454 15998
10455 11294
10455 14556
10455 15996
10455 16001
10456 16771
10457 10458
10457 11302
10458 13767
10458 13776
10459 10460
10459 10461
10459 13580
10459 14739
10460 10465
10460 13583
10461 13583
10461 13584
10461 14739
10462 10468
10463 16924
10465 10466
10466 13765
10466 16808
10467 10468
10467 10469
10467 10470
10468 10470
10468 10483
10469 15895
10469 16022
10470 14735
10470 14738
10470 15893
10471 10472
10471 10473
10471 16813
10472 11316
10472 11317
10473 10474
10473 16813
10474 10476
10474 10477
10476 10477
10477 10478
10478 10482
10478 10483
10479 10480
10479 10481
10479 11445
10480 10481
10480 10482
10481 10485
10482 10483
10483 10484
10484 15893
10485 15981
10485 15985
10485 16812
10487 10488
10487 10489
10487 10490
10487 10491
10492 10493
10493 11996
10493 12000
10493 12001
10494 10495
10494 10496
10495 11255
10495 11913
10500 10501
10500 15261
10501 15269
10502 10503
10502 10648
10503 10504
10503 10506
10504 10505
10504 10506
10506 10518
10507 10509
10507 11867
10507 15884
10510 10511
10510 10518
10510 10521
10510 11865
10510 11866
10510 11867
10510 15756
10510 15758
10511 15755
10511 15756
10512 10513
10512 15757
10512 15758
10513 11005
10514 10515
10514 15771
10514 15884
10515 11762
10516 10517
10518 10521
10520 10542
10521 11869
10521 15758
10522 10523
10522 10524
10522 10525
10525 16179
10526 10527
10526 10528
10526 11802
10527 11798
10527 11799
10528 11790
10529 10530
10529 10532
10529 10533
10532 17413
10532 17414
10533 17426
10533 17427
10534 17413
10535 10536
10535 10537
10535 10538
10536 16006
10536 16064
10537 16062
10537 17989
10538 16200
10538 17730
10539 10540
10539 10541
10539 10543
10539 14017
10540 14016
10541 16812
10542 15585
10544 10545
10544 14581
10544 16895
10545 14572
10545 14573
10545 14575
10545 16880
10546 10547
10546 10548
10546 12113
10547 12112
10547 12113
10548 11671
10548 11672
10548 11690
10549 10550
10549 10551
10549 10552
10551 13138
10551 13139
10551 13140
10552 13549
10552 13550
10553 10597
10554 10555
10554 10556
10554 10557
10555 13103
10556 10596
10557 13550
10557 13576
10558 12446
10559 13813
10560 12446
10561 12467
10562 12461
10562 12463
10563 12461
10565 10566
10565 10567
10565 10568
10565 10569
10566 12256
10567 12255
10567 12257
10569 12255
10569 12256
10570 10571
10571 12277
10572 10573
10572 10574
10572 10576
10572 10577
10573 12056
10573 12733
10573 12734
10574 12780
10574 18785
10575 11375
10576 12778
10577 13393
10577 13394
10578 10579
10578 10580
10578 10581
10578 10582
10579 10582
10579 14215
10580 12779
10581 10585
10581 12780
10582 12066
10583 10584
10583 10585
10583 10587
10583 10588
10584 12069
10584 12076
10585 12072
10586 10597
10586 10608
10587 10588
10587 12065
10587 12066
10588 14215
10589 10590
10589 15799
10591 10592
10591 18221
10592 10598
10592 10599
10593 10594
10594 14440
10594 18222
10595 10596
10595 14438
10598 10601
10599 10600
10599 10602
10600 10601
10600 10602
10600 10603
10601 10603
10603 14165
10604 10605
10604 15852
10606 10607
10606 10609
10610 10611
10610 10681
10610 17512
10611 10612
10612 14331
10612 14334
10613 10614
10613 10679
10614 10678
10615 12906
10615 16319
10615 17274
10616 10617
10617 15438
10617 15456
10618 10620
10618 10621
10618 10622
10618 12714
10619 10631
10619 10642
10619 10653
10620 18339
10621 18344
10621 18347
10622 10637
10622 10638
10622 13618
10623 17524
10625 17522
10625 17523
10626 10627
10626 10628
10626 16808
10627 11435
10627 11436
10629 10632
10629 10633
10629 18493
10631 10664
10632 18492
10633 10634
10633 18495
10634 10635
10634 10636
10635 10636
10635 18498
10635 18500
10636 12854
10636 13621
10636 18511
10637 10638
10637 12782
10638 12635
10639 10640
10639 10641
10639 10643
10639 12782
10640 12607
10641 12605
10641 12782
10642 10664
10642 10764
10642 10786
10643 12711
10643 12714
10643 18379
10644 10645
10644 10646
10644 10647
10645 12594
10647 12591
10647 17681
10648 10667
10649 10650
10649 10651
10650 12911
10651 12914
10651 12918
10652 10654
10652 10655
10653 10775
10653 10786
10654 10655
10654 10656
10655 10657
10656 12214
10656 12225
10657 12239
10658 10659
10658 10660
10658 12228
10658 12234
10659 10663
10659 10665
10659 10671
10660 12238
10660 12940
10661 10662
10661 10672
10662 12933
10662 12939
10662 13364
10663 10665
10663 10671
10663 12240
10663 12921
10663 12950
10665 10666
10666 10667
10666 10668
10668 10669
10668 10671
10669 10674
10670 12234
10670 12237
10670 12238
10671 12922
10672 12238
10673 10674
10673 12933
10676 14323
10677 12168
10677 14323
10678 17631
10679 15763
10680 10681
10680 14328
10682 10683
10682 10684
10682 10685
10683 11273
10684 13817
10684 13820
10686 10697
10687 10688
10687 11068
10687 11078
10687 15593
10687 15681
10687 15942
10688 10834
10688 18312
10689 12085
10689 13022
10691 15858
10691 17521
10692 17529
10692 17531
10693 10699
10693 10700
10694 10695
10694 10696
10694 10756
10694 10766
10695 10698
10695 10704
10695 10739
10696 10702
10696 10703
10696 10704
10697 13185
10698 10699
10698 10700
10698 10737
10699 10706
10700 10739
10700 10740
10701 10706
10701 10707
10702 10705
10702 10709
10702 10759
10703 10756
10703 10759
10703 10760
10704 10705
10704 10737
10706 10737
10706 10738
10707 10738
10708 10719
10708 10730
10708 10742
10709 10749
10709 10750
10710 10850
10710 10851
10711 11035
10712 10713
10712 10714
10715 10716
10715 10717
10715 10722
10716 10717
10717 12405
10718 10720
10718 10721
10718 10722
10718 10723
10719 14975
10723 12395
10723 12397
10724 10725
10724 12395
10725 12395
10726 10727
10726 10728
10726 10729
10727 12368
10727 12369
10727 12370
10728 12386
10728 15727
10729 12372
10729 12383
10730 14952
10730 15841
10731 10732
10731 10733
10732 10733
10732 12382
10734 10735
10734 10736
10734 13142
10735 12291
10735 12292
10738 10743
10739 17528
10740 17529
10740 17532
10741 10852
10741 10963
10742 12564
10742 15841
10744 10745
10744 10746
10744 10747
10744 11195
10745 10758
10745 10759
10745 10760
10746 10748
10746 10758
10747 10760
10747 11201
10748 10751
10748 10761
10749 10752
10749 10758
10749 10759
10750 10754
10751 10762
10751 11199
10751 11200
10752 10754
10752 10761
10753 13741
10754 10762
10755 10756
10755 10757
10755 10765
10756 10763
10757 10763
10758 10761
10760 10763
10761 10762
10763 11202
10764 13741
10765 10766
10766 17528
10767 10768
10767 10769
10767 10804
10767 10807
10768 10774
10768 11117
10769 10770
10769 10771
10770 10780
10770 10804
10771 10779
10771 10806
10771 10817
10772 10773
10772 10774
10772 10776
10773 10796
10773 18310
10774 10794
10775 13741
10776 10833
10776 17534
10776 18311
10777 10778
10777 10805
10778 10794
10778 11117
10779 10780
10779 10813
10779 17532
10780 10805
10781 10782
10781 10783
10781 10784
10781 10845
10782 10810
10782 10812
10782 10813
10783 10800
10783 10812
10783 10818
10784 10846
10784 10848
10785 10787
10785 10788
10785 10789
10785 11105
10786 13630
10787 10847
10787 11104
10787 11106
10788 10798
10788 10799
10788 10800
10789 10844
10789 10847
10790 10791
10790 10792
10790 10793
10791 10802
10791 11105
10791 11150
10792 11150
10792 11154
10793 10801
10793 10802
10793 10803
10794 10795
10794 10796
10795 15862
10796 18315
10797 10808
10797 10819
10797 10830
10798 10820
10798 10821
10798 10854
10799 10802
10799 10821
10799 11105
10800 10824
10800 10845
10801 11156
10801 11480
10802 11107
10803 10822
10803 11107
10804 10805
10804 11117
10806 10809
10806 10817
10807 10809
10807 10827
10807 17534
10808 11908
10808 11919
10810 10811
10811 17531
10812 10816
10812 10817
10813 10817
10814 10815
10814 10816
10814 10823
10816 10818
10818 10823
10818 10824
10819 11908
10819 11930
10819 11941
10820 10825
10820 10826
10820 11109
10821 11107
10821 11109
10822 10856
10822 11020
10823 10849
10823 11035
10824 10849
10824 10854
10825 10850
10825 10855
10825 11110
10826 10849
10826 10854
10827 10828
10827 10829
10828 10833
10828 17534
10829 10831
10829 10835
10830 12030
10831 10832
10832 10836
10832 11051
10833 10834
10833 18313
10837 10838
10837 10839
10837 11104
10838 11166
10838 11167
10839 10846
10839 10848
10840 10842
10840 10843
10841 10853
10841 10864
10841 10875
10841 10886
10842 11178
10844 10845
10844 10846
10846 10847
10849 10850
10850 11035
10851 10855
10851 11096
10851 11098
10851 14461
10853 10875
10853 11764
10855 14461
10855 15677
10856 10857
10856 11115
10857 11018
10857 11100
10857 11113
10857 15675
10857 17533
10858 10859
10858 10860
10858 10861
10859 10887
10859 10891
10860 10924
10861 10893
10861 11690
10861 17198
10862 10863
10862 10865
10862 10866
10863 10933
10863 10935
10864 10919
10864 11775
10865 10867
10865 11514
10866 10929
10866 11517
10867 10868
10867 10869
10868 11518
10868 11536
10869 12485
10870 10871
10870 10887
10870 10891
10870 10894
10870 10895
10871 10880
10871 10883
10872 10873
10872 10874
10872 10877
10872 13513
10873 10874
10873 12481
10873 13515
10874 10876
10875 11730
10876 10882
10877 10878
10877 10879
10878 18200
10878 18204
10879 18201
10880 10881
10880 10882
10881 10885
10881 10911
10883 10884
10883 10885
10884 10906
10884 10910
10885 10918
10886 10908
10887 10888
10887 10889
10888 10925
10888 10946
10889 10923
10889 10924
10889 10925
10890 10891
10890 10892
10890 10893
10892 10894
10894 10896
10895 10901
10895 10902
10896 10898
10896 10899
10896 10900
10897 10908
10897 10919
10897 10930
10898 17196
10899 10902
10899 10914
10900 10914
10900 18148
10901 10909
10903 10904
10903 10905
10903 18120
10903 18148
10904 10917
10904 13682
10905 10907
10905 10914
10906 10907
10906 10909
10907 10913
10910 10913
10910 10915
10911 10912
10912 10921
10912 13685
10912 18183
10913 10917
10915 10916
10915 10917
10916 10918
10916 18182
10918 10920
10918 13683
10919 11708
10920 18182
10921 10922
10921 18169
10921 18183
10922 13683
10923 10926
10923 10940
10924 10928
10925 10938
10925 10940
10926 10927
10926 10928
10926 11498
10927 10942
10927 11499
10928 11683
10928 11684
10929 10931
10929 10932
10929 10933
10931 10943
10931 11513
10931 11517
10932 10934
10932 10936
10932 10937
10933 10934
10934 10938
10934 10949
10935 10946
10935 10949
10936 10944
10936 10947
10937 10938
10937 10939
10937 10940
10938 10948
10939 10942
10939 10947
10940 10942
10941 10952
10941 10964
10941 10975
10943 10944
10943 10945
10944 11501
10945 11511
10945 11513
10946 10948
10947 11502
10948 10949
10950 10951
10950 10953
10950 10954
10950 10955
10951 10956
10951 13876
10953 13873
10953 13874
10954 13874
10954 13876
10955 10957
10955 11578
10956 10957
10956 10958
10957 11580
10958 10959
10958 10960
10958 10961
10959 13402
10959 13880
10960 13877
10961 11580
10961 11714
10962 10965
10962 10966
10962 10967
10965 11647
10965 11648
10966 11607
10966 11650
10967 11610
10967 11647
10967 11649
10968 10969
10968 10970
10968 10971
10968 10972
10969 11493
10969 11614
10970 11680
10970 11693
10971 11495
10971 11684
10972 11612
10972 11673
10973 10974
10973 10976
10973 10977
10974 11500
10974 11510
10976 11502
10976 11505
10976 11609
10977 10980
10977 11510
10978 10979
10978 10980
10978 10981
10979 11515
10979 11729
10980 11732
10981 11511
10981 11512
10982 10983
10982 10984
10982 10985
10983 11528
10983 11543
10983 11640
10984 11540
10984 11541
10985 10987
10985 11541
10986 10997
10986 11008
10986 11019
10986 11030
10987 10988
10987 10989
10987 11641
10988 10999
10989 11526
10989 11640
10990 10991
10990 10992
10990 10993
10991 11590
10991 11745
10992 10994
10992 11744
10994 10995
10994 10996
10994 10998
10995 11569
10995 11574
10996 11739
10996 11740
10997 11041
10997 11052
10998 11565
10998 11567
10999 11000
10999 11001
10999 11002
11000 11538
11000 11645
11001 11735
11001 12503
11002 11621
11002 11734
11003 11004
11003 11005
11003 11006
11003 11014
11004 11006
11005 11007
11008 15385
11009 11010
11009 11017
11012 11013
11013 11014
11013 11015
11013 11016
11013 15780
11015 11902
11015 15777
11015 15780
11016 11902
11018 13937
11018 15673
11018 15675
11018 15678
11018 15680
11019 11041
11019 11075
11020 11107
11020 11109
11020 11111
11021 11022
11021 11023
11021 11024
11022 11024
11022 11177
11023 11485
11024 11175
11025 11026
11025 11027
11025 11028
11026 11027
11026 13936
11026 15657
11027 11100
11028 11118
11028 11143
11029 11031
11029 11032
11029 11033
11029 11034
11030 11063
11030 11075
11031 11094
11031 11131
11032 11061
11032 11093
11033 11093
11033 11094
11033 11095
11034 11136
11034 11137
11034 11140
11036 11037
11036 11038
11036 11039
11037 11054
11037 11056
11037 11057
11038 11058
11038 15548
11039 11058
11040 11042
11040 11043
11040 11044
11040 11045
11040 12582
11040 18372
11041 11052
11042 11045
11042 17527
11043 15858
11043 18372
11044 11045
11044 12582
11044 12583
11045 11046
11045 12587
11045 17517
11046 12587
11046 17517
11047 11048
11047 11059
11047 11065
11048 11049
11048 11050
11048 11076
11049 11061
11049 11073
11050 11051
11050 11053
11050 11079
11051 11076
11051 11077
11052 11197
11052 15385
11053 11080
11054 11055
11054 11064
11055 11059
11055 11062
11056 11059
11056 11081
11057 11084
11057 11085
11058 15874
11058 15877
11059 11060
11060 11061
11062 11064
11062 11065
11063 11086
11064 11071
11065 11071
11066 11067
11066 11068
11068 11069
11068 11072
11068 11078
11069 11070
11069 11071
11070 11076
11070 11077
11070 11078
11071 11076
11072 18294
11072 18295
11073 11079
11073 11093
11074 11185
11074 11297
11074 11408
11074 11519
11075 11108
11077 15681
11079 11080
11081 11082
11082 11083
11083 11084
11083 11089
11084 15920
11085 15918
11086 11097
11086 11108
11087 11088
11087 15844
11088 15752
11088 15844
11089 11090
11089 17535
11090 15844
11090 15920
11091 11092
11091 11457
11091 11463
11091 15752
11092 11466
11092 15754
11094 11099
11095 11098
11095 11099
11097 11119
11097 11130
11098 14461
11098 15677
11099 11114
11100 11101
11100 15675
11101 11116
11101 11118
11102 11103
11102 11104
11102 11153
11102 11159
11103 11164
11103 11165
11104 11168
11105 11106
11106 11151
11106 11153
11108 11130
11109 11110
11110 11111
11110 11112
11111 11113
11111 11115
11112 11113
11112 11114
11112 11132
11112 15677
11113 11116
11113 15676
11113 17533
11114 11129
11115 17533
11116 11120
11116 11122
11118 11120
11120 11121
11121 11122
11121 11126
11121 11127
11122 11128
11122 15676
11123 11124
11123 11125
11123 11127
11124 15651
11124 15687
11125 11142
11126 11128
11126 11131
11126 15651
11127 11142
11128 11129
11128 11132
11129 11131
11131 11133
11132 15676
11133 11134
11133 11135
11134 11136
11134 11146
11134 15655
11135 15651
11135 15655
11136 11144
11137 11138
11137 11139
11137 11144
11138 11148
11138 11149
11139 11140
11139 11149
11141 11152
11141 11163
11141 11174
11141 11186
11142 11143
11143 15656
11144 11147
11145 11146
11145 11147
11147 11148
11150 11151
11150 11155
11151 11160
11153 11160
11154 11155
11154 11156
11155 11157
11155 11160
11156 11157
11156 11158
11157 11159
11157 11162
11158 11161
11158 11162
11159 11160
11159 11164
11161 11172
11161 17536
11162 11164
11162 17536
11164 11182
11165 11168
11165 11180
11166 11171
11166 11188
11167 11168
11167 11188
11168 11169
11169 11170
11169 11181
11169 11188
11170 11179
11170 11183
11171 11178
11172 11173
11172 11175
11173 11176
11173 17536
11173 17537
11175 11176
11176 11177
11176 11183
11177 11184
11177 11490
11178 11179
11179 11188
11180 11181
11180 11182
11181 11183
11181 17537
11182 17536
11182 17537
11183 11184
11184 11187
11189 11191
11190 11191
11192 11200
11193 11194
11193 11195
11194 11196
11194 11198
11195 11199
11196 11198
11196 11199
11197 11208
11197 11219
11198 17689
11199 11200
11201 11202
11203 11204
11203 11205
11203 11206
11203 11207
11204 11205
11208 11230
11208 11241
11209 11210
11211 11212
11211 11213
11211 11214
11211 11215
11212 11216
11213 11215
11216 11217
11216 11218
11219 11230
11220 11221
11220 11222
11220 11223
11222 11231
11222 11243
11223 15265
11223 15268
11224 11225
11224 11226
11225 11236
11225 11239
11226 11235
11226 11238
11227 11228
11227 11229
11227 11231
11228 11229
11228 11232
11230 11252
11232 11233
11232 11234
11233 16022
11233 16395
11234 11789
11234 14024
11234 14025
11235 11236
11235 11237
11237 15264
11237 15268
11239 11240
11239 11242
11241 11252
11241 15396
11243 11244
11245 11246
11245 11247
11246 11911
11246 11973
11247 11251
11248 11249
11248 11250
11248 11251
11249 11254
11250 11251
11253 11254
11253 11255
11254 11255
11257 11258
11259 12462
11259 12463
11259 12465
11260 12463
11263 11274
11263 11285
11263 11298
11264 12245
11267 11268
11267 11269
11267 11270
11268 11270
11269 11271
11271 11272
11273 11275
11273 11276
11274 11309
11274 11320
11275 16895
11276 15629
11276 16896
11277 11278
11277 11279
11277 13769
11278 17159
11279 13761
11280 17167
11280 17168
11281 11282
11281 11283
11281 11284
11281 11286
11282 14511
11282 14513
11283 14528
11283 14529
11284 14512
11284 14531
11285 11320
11286 14531
11286 14534
11287 11288
11287 11289
11287 16792
11288 11293
11288 16791
11289 11291
11289 16793
11290 11291
11290 11292
11290 16081
11291 11292
11291 11293
11293 16791
11294 11295
11295 11299
11295 14715
11296 11480
11296 11481
11299 11300
11299 11301
11300 14568
11300 16929
11302 11303
11302 13768
11303 13778
11304 13774
11305 16926
11305 16927
11306 11307
11306 11308
11306 11310
11306 11311
11306 14587
11307 11311
11307 13981
11307 15899
11308 15206
11308 15915
11310 11312
11311 13981
11311 14587
11312 11313
11312 15900
11313 11314
11313 15899
11314 11315
11314 15916
11315 11448
11315 11449
11315 15903
11315 15905
11315 15936
11316 11318
11316 11319
11317 11319
11317 17290
11318 11323
11319 11322
11321 11322
11321 11323
11321 18454
11322 18446
11323 11324
11323 11441
11324 11440
11324 11441
11325 11326
11325 11327
11325 11328
11325 11329
11326 11328
11326 18449
11327 14584
11327 14586
11328 18451
11328 18478
11328 18480
11329 18477
11330 11332
11330 11333
11330 11334
11330 11335
11331 14252
11332 11334
11332 15171
11333 11337
11333 15169
11334 18475
11335 11336
11335 11337
11335 11338
11337 18455
11338 18475
11339 11340
11339 11341
11339 18466
11340 18465
11341 18464
11341 18466
11342 11353
11342 11364
11343 11344
11343 12757
11344 15169
11344 15175
11345 11346
11345 11357
11345 11359
11345 11360
11346 11360
11347 11348
11347 11349
11350 11351
11350 11352
11350 11356
11353 11375
11354 11355
11354 11356
11354 11361
11357 11358
11357 11361
11357 11366
11359 11363
11359 11366
11361 11362
11362 11363
11363 11365
11363 11366
11364 14252
11364 14263
11364 14274
11367 11368
11367 11369
11368 11372
11369 11379
11370 11371
11370 11372
11370 11373
11372 11373
11374 11376
11374 11377
11374 11378
11374 11379
11377 13779
11377 13780
11378 11380
11378 11381
11378 15098
11380 11412
11380 13781
11381 11412
11381 11416
11381 11417
11382 11383
11382 11384
11385 11387
11385 11388
11385 11389
11385 11390
11386 11397
11386 11409
11386 11420
11386 11431
11389 11417
11390 15076
11391 11392
11391 11393
11393 11394
11393 11395
11393 11416
11393 11418
11394 11419
11396 11398
11396 11399
11396 11400
11398 15057
11399 15015
11399 15016
11401 11402
11401 11403
11401 11404
11404 14458
11405 11406
11405 11407
11405 11410
11406 11410
11411 11412
11411 11413
11411 11414
11411 11415
11413 13781
11414 15167
11418 11419
11418 15098
11418 15099
11420 17618
11421 11422
11421 18403
11421 18483
11422 18483
11423 11424
11423 11425
11423 11426
11423 11427
11424 11430
11424 18477
11424 18486
11425 18486
11425 18487
11426 11428
11426 11429
11426 11430
11427 15180
11427 15187
11429 15180
11430 13587
11432 11433
11432 11434
11432 11435
11434 15177
11434 15178
11436 11439
11437 11438
11437 11439
11438 13587
11438 13588
11439 15179
11440 11441
11440 11443
11440 11444
11441 11444
11441 15967
11442 11453
11442 11464
11442 11475
11443 11445
11443 11446
11443 15970
11444 15967
11445 15969
11446 11447
11446 15965
11447 15966
11447 15968
11448 11449
11449 15205
11449 15914
11450 11451
11450 11452
11450 15950
11451 15936
11451 15937
11452 11454
11452 15955
11453 11531
11453 11542
11453 11553
11454 11455
11454 11456
11454 15451
11455 15436
11455 15449
11456 15454
11456 15455
11457 11458
11457 15434
11458 15435
11458 15974
11459 11460
11459 11461
11461 11462
11461 11463
11462 15211
11462 15654
11462 15655
11463 15653
11463 15754
11464 11508
11464 11542
11465 11466
11466 15523
11466 15754
11467 15209
11467 15522
11468 11469
11468 15522
11468 15528
11469 11470
11469 11471
11469 15527
11470 15212
11470 15215
11470 15216
11471 15212
11471 15432
11472 11473
11472 11474
11472 15909
11473 15456
11474 14588
11474 15909
11475 11497
11475 11697
11476 11477
11476 11478
11476 15979
11477 15909
11477 15980
11478 11479
11478 15350
11479 15979
11480 11482
11481 11482
11481 11483
11481 11484
11481 17344
11482 11483
11483 12175
11484 12176
11484 17307
11484 17348
11485 11487
11485 11489
11486 11497
11486 11508
11486 11520
11487 11488
11487 11489
11488 11489
11488 17617
11489 14326
11489 14329
11490 11491
11490 11492
11490 14464
11491 11492
11491 14464
11493 11494
11493 11495
11493 11496
11494 11499
11494 11507
11495 11498
11496 11614
11496 11647
11497 11520
11498 11499
11499 11504
11500 11501
11500 11502
11501 11511
11502 11503
11503 11504
11503 11505
11504 11506
11505 11509
11506 11507
11506 11509
11507 11647
11509 11649
11510 11512
11511 11512
11513 11514
11513 11515
11513 11516
11514 11517
11514 11518
11515 11525
11515 11528
11516 11528
11516 11543
11518 11540
11519 11630
11519 11741
11521 11522
11521 11523
11521 11524
11522 11525
11522 11526
11522 11527
11523 11526
11523 11625
11523 11626
11524 11699
11524 11727
11525 11640
11525 11729
11526 11640
11527 11728
11527 11729
11527 11731
11529 11530
11529 11532
11529 11533
11529 11534
11530 12499
11531 11608
11531 11686
11531 11697
11532 13497
11533 11544
11533 12495
11534 12495
11534 12498
11535 11536
11535 11537
11535 11538
11535 11539
11536 11641
11537 11643
11537 12487
11538 11645
11538 11646
11539 11643
11540 11543
11541 11641
11542 11575
11544 12481
11544 12492
11545 11546
11545 11547
11545 11548
11546 11747
11547 11568
11547 11592
11548 11565
11548 11566
11549 11550
11549 11551
11549 11552
11550 11554
11550 11555
11551 11563
11551 11637
11552 11556
11552 11559
11553 11564
11553 11575
11554 11559
11555 11735
11555 11738
11556 11557
11556 11558
11557 12502
11557 12504
11560 11561
11560 11562
11560 11563
11561 11592
11562 11747
11562 11749
11563 11638
11564 11586
11564 11597
11565 11740
11566 11567
11567 11568
11567 11569
11568 11594
11569 11576
11570 11571
11570 11572
11570 11573
11570 11574
11570 11576
11572 11601
11572 11718
11573 11579
11575 11597
11576 11595
11577 11578
11577 11579
11577 11580
11581 11582
11581 11583
11581 11584
11581 11750
11583 11590
11583 11591
11584 11585
11584 11587
11585 11588
11585 11589
11586 11608
11586 11619
11586 11631
11587 11588
11588 11749
11589 11746
11589 11750
11590 11751
11591 11634
11591 13881
11592 11593
11592 11594
11593 11736
11593 11737
11594 11595
11594 11596
11595 11718
11596 11622
11596 11736
11597 11619
11598 11599
11598 11600
11598 11601
11599 11712
11599 11713
11600 11713
11600 11714
11600 11715
11602 11603
11602 11604
11602 11605
11603 11611
11603 11657
11604 11656
11604 11657
11605 11727
11605 11733
11606 11607
11606 11609
11606 11610
11606 11611
11607 11651
11608 11664
11608 11675
11609 11724
11609 11725
11610 11724
11611 11654
11611 11725
11612 11613
11612 11614
11613 11670
11613 11674
11614 11670
11615 11616
11615 11617
11616 11618
11616 11620
11617 11624
11617 11716
11618 11718
11618 11720
11619 11653
11620 11716
11620 11717
11621 11622
11621 11623
11622 11624
11622 11632
11623 11624
11623 11625
11624 11629
11625 11629
11626 11627
11626 11699
11626 11722
11627 11628
11627 11629
11628 11716
11628 11717
11628 11721
11629 11716
11631 11642
11631 11653
11632 11736
11632 11738
11633 11634
11633 11635
11633 11636
11634 11639
11636 11637
11637 11638
11641 11645
11642 11675
11643 11644
11644 12484
11644 12485
11646 12487
11646 12500
11648 11659
11648 11670
11649 11724
11650 11652
11650 11659
11650 11661
11651 11652
11651 11654
11651 11655
11652 11666
11654 11655
11654 11658
11655 12139
11656 11665
11656 11698
11656 11699
11657 11658
11657 11694
11658 12138
11659 11660
11660 11667
11660 11674
11661 11700
11661 13414
11662 11663
11662 11665
11662 11666
11663 11695
11663 11700
11664 11686
11665 11694
11666 12139
11667 11668
11667 11669
11668 13439
11668 13440
11669 11692
11669 13712
11671 11672
11671 11676
11672 11689
11673 11693
11676 11677
11677 11681
11677 11689
11678 11679
11678 11680
11678 11681
11678 11682
11679 11683
11679 13689
11680 11687
11680 11691
11681 11688
11682 11685
11682 11687
11682 11688
11683 13688
11684 11691
11685 12148
11685 13401
11686 16008
11687 11692
11688 11689
11691 13687
11693 13712
11694 12138
11695 11696
11695 11701
11695 13411
11696 11700
11696 13413
11697 16008
11698 11701
11698 11706
11699 13911
11701 11702
11702 11703
11702 11704
11703 11705
11703 11706
11704 11705
11704 11707
11705 11709
11706 13911
11707 11710
11707 11711
11707 13404
11709 11712
11710 11713
11710 11715
11711 11712
11711 11713
11715 13402
11715 13403
11719 11730
11719 11742
11719 11753
11719 11764
11721 11722
11721 11723
11722 13911
11725 11726
11726 11731
11727 11728
11728 11733
11729 11732
11730 11742
11730 11775
11731 11732
11731 11733
11734 11735
11737 11738
11739 11740
11739 11743
11739 11744
11743 11746
11744 11745
11747 11748
11750 11751
11752 11754
11752 11758
11752 11759
11753 11952
11753 15463
11755 11756
11755 11757
11756 11851
11758 11759
11758 11844
11760 11761
11760 11762
11760 11763
11761 11766
11763 11849
11764 11786
11765 11766
11765 11767
11765 11768
11765 11769
11766 11849
11767 11849
11767 11851
11769 15772
11770 11771
11772 11773
11772 11774
11772 11776
11773 11777
11773 11778
11773 11779
11774 11777
11774 17246
11776 17254
11776 17255
11777 11780
11777 17245
11778 11780
11778 11781
11781 11833
11781 11834
11782 11783
11782 11784
11782 17238
11783 11836
11783 17237
11784 17232
11784 17237
11785 11787
11787 11788
11787 15239
11788 17234
11790 11791
11790 11792
11792 11793
11792 11794
11794 11795
11794 11796
11797 11808
11797 11819
11797 11830
11798 11799
11798 11800
11798 11801
11799 11804
11799 11809
11800 17428
11802 11803
11803 11804
11804 11805
11804 11806
11805 11807
11805 11809
11805 11810
11806 11815
11806 11816
11807 11814
11807 11815
11808 11886
11808 11997
11809 11812
11809 17428
11809 17431
11810 11811
11810 11812
11813 17420
11813 17421
11814 11820
11814 11822
11816 11818
11817 11821
11817 11824
11817 11825
11818 11820
11818 11821
11821 11822
11821 11823
11822 11826
11822 11827
11823 11825
11823 11826
11824 14394
11825 11831
11828 11829
11828 11831
11829 17415
11830 12119
11831 11832
11833 11835
11833 11836
11833 11837
11834 11836
11834 17238
11835 17240
11836 17240
11837 17242
11838 11839
11838 11840
11838 11842
11839 15846
11839 17242
11841 11853
11841 11864
11841 11875
11842 17256
11844 14435
11845 11846
11845 11847
11845 11848
11846 15845
11847 11848
11849 11850
11851 11854
11851 11855
11852 11963
11852 12074
11852 12185
11853 12008
11856 11857
11856 11860
11856 15845
11857 11858
11858 11859
11858 11860
11859 11861
11861 11862
11861 11863
11864 11886
11864 11997
11865 11866
11865 15755
11866 11867
11866 11868
11868 15771
11869 11870
11870 11871
11870 11877
11871 11872
11872 11879
11872 11880
11873 11907
11874 11876
11874 11877
11874 11878
11875 11997
11877 11878
11878 15260
11879 15259
11880 11881
11881 11882
11881 11883
11883 11885
11883 11887
11883 11891
11884 11885
11884 11887
11884 11888
11885 11889
11886 11897
11889 11890
11889 11891
11890 15261
11892 11894
11893 11896
11894 11895
11896 11898
11896 11899
11896 11900
11897 12197
11897 12208
11899 11901
11899 11902
11899 15778
11900 11904
11901 11905
11901 11906
11902 11903
11902 11904
11903 11904
11905 11906
11909 11910
11909 11911
11909 11912
11911 11970
11912 11918
11912 11936
11913 11914
11913 11915
11914 11934
11915 11931
11916 11917
11916 11918
11916 11920
11917 11921
11917 11977
11918 11972
11919 12174
11920 11974
11921 11922
11921 11923
11921 11924
11922 11927
11924 11976
11924 11980
11925 11926
11925 11927
11925 11928
11929 11931
11929 11932
11929 11933
11930 12186
11930 12486
11930 15729
11933 11934
11933 11935
11934 11935
11937 11938
11937 11939
11937 11940
11937 11942
11939 11945
11939 11978
11940 11978
11940 11980
11941 12030
11941 12308
11941 12475
11942 11943
11942 11944
11942 11945
11943 15271
11944 11946
11944 11947
11947 11948
11948 11949
11948 11950
11948 11951
11950 11954
11951 11953
11951 11954
11952 11964
11953 11955
11953 11956
11954 15283
11957 11958
11957 11959
11958 11969
11960 11961
11960 11962
11960 11965
11961 11966
11963 15507
11964 11975
11964 11986
11965 11967
11966 11967
11966 11968
11968 11983
11970 11972
11971 11972
11971 11973
11971 11974
11972 11973
11976 11977
11976 11978
11976 11979
11976 11980
11981 11982
11981 11983
11984 11985
11984 11987
11986 17474
11987 11988
11987 11989
11989 15320
11989 15321
11989 15322
11990 11991
11990 11992
11990 11993
11990 11994
11991 12023
11992 12007
11994 12022
11995 11996
11995 11998
11995 11999
11999 12028
12001 12002
12001 12003
12002 12003
12002 12017
12004 12005
12004 12006
12004 12009
12005 12006
12005 12010
12007 12009
12008 12019
12008 12030
12010 12011
12010 12012
12012 15314
12012 15317
12013 12014
12013 12015
12014 12015
12014 12016
12016 12017
12018 12020
12018 12021
12018 12022
12019 12041
12020 12023
12020 12024
12021 12027
12025 12026
12025 12027
12025 12028
12026 12027
12028 12029
12031 12032
12031 12033
12031 12955
12032 13079
12032 18663
12033 12035
12033 12154
12034 13023
12034 13024
12034 13025
12034 18652
12035 13025
12035 18652
12036 13014
12036 13018
12036 13020
12036 18652
12037 12038
12037 12039
12037 12040
12037 12042
12038 14699
12039 13394
12039 13398
12040 12809
12041 12208
12041 12308
12042 12717
12043 12044
12043 12045
12044 12085
12044 12789
12045 12954
12045 13073
12046 12047
12046 12048
12046 13081
12046 14236
12047 12081
12047 14373
12048 14235
12049 12050
12049 12051
12049 12053
12049 12054
12050 13010
12050 13022
12050 13078
12051 13012
12052 12063
12052 12075
12052 12086
12053 12055
12053 13012
12054 13010
12054 13011
12055 13022
12055 13076
12056 12057
12056 12078
12056 12725
12056 12728
12057 12731
12057 12732
12058 12059
12058 12060
12058 12061
12058 12062
12059 12064
12059 12065
12059 12066
12060 12064
12061 12066
12061 18685
12062 18685
12063 12097
12064 12067
12065 12067
12065 12068
12067 12070
12067 14204
12068 12069
12068 12070
12068 12071
12069 12076
12070 13802
12071 12072
12071 12073
12071 12076
12074 12185
12074 12553
12075 12086
12075 12119
12077 12078
12077 12079
12079 13380
12079 14436
12080 12081
12080 12082
12080 12083
12080 12084
12081 14701
12082 12724
12082 13080
12082 13081
12083 12722
12083 13080
12083 13084
12084 13084
12084 13085
12084 14701
12085 13077
12087 14464
12088 12089
12088 12090
12088 12091
12089 13429
12090 12091
12091 13747
12092 12093
12092 12094
12092 12095
12092 12096
12093 12098
12093 12099
12094 12105
12094 13528
12095 12151
12095 13546
12096 13529
12096 13530
12096 13534
12097 12108
12098 12099
12098 12100
12099 13418
12100 12101
12101 12102
12101 12103
12102 13528
12102 14048
12104 12105
12104 12106
12104 12107
12105 12151
12106 12143
12107 13528
12107 13910
12109 12110
12109 12111
12110 13442
12110 13895
12111 13401
12112 13138
12113 12148
12114 12115
12114 12116
12114 12117
12115 12118
12115 12120
12116 13413
12116 13414
12117 12120
12117 13412
12118 12140
12118 12142
12118 13428
12120 13409
12121 12122
12121 12123
12121 12124
12122 13694
12125 12126
12125 12127
12125 12128
12126 13737
12127 12133
12127 13736
12128 13735
12128 14143
12129 12131
12129 12132
12129 12133
12130 12141
12130 12152
12130 12163
12131 14168
12131 14171
12132 13115
12132 13120
12133 14171
12134 12135
12134 12136
12134 12137
12135 12136
12135 14125
12136 12137
12137 13756
12138 12139
12140 12143
12140 12144
12141 12174
12142 12151
12142 13918
12143 12147
12143 13901
12144 12145
12144 13444
12145 12146
12145 12147
12145 13438
12146 13440
12146 13442
12147 13896
12149 12150
12149 12151
12149 12153
12150 13546
12150 13547
12152 12163
12152 12186
12153 13433
12153 13548
12153 13917
12154 12155
12154 12156
12155 12156
12155 12954
12156 12157
12156 12955
12157 12158
12157 12955
12157 12956
12158 12159
12158 12956
12159 12955
12159 13073
12160 12161
12160 12162
12160 13383
12161 13026
12161 13027
12161 13028
12163 12174
12165 13933
12165 13934
12166 12187
12166 13934
12167 14324
12167 14325
12167 14326
12168 14318
12169 14315
12170 12171
12170 12172
12171 12173
12171 12175
12172 12182
12172 13932
12172 17378
12173 12175
12173 12176
12176 17348
12177 12178
12177 12179
12177 12180
12177 12181
12178 12183
12178 12184
12179 13950
12179 13951
12179 13956
12180 13951
12180 17349
12181 12184
12181 13932
12182 12187
12182 12189
12182 17613
12183 12191
12183 17359
12184 12189
12184 12190
12186 15685
12187 12188
12187 17616
12188 12189
12188 12190
12188 13934
12189 13932
12190 12194
12190 12202
12191 12192
12191 12193
12191 12194
12192 17368
12192 17369
12193 17364
12193 17369
12195 12198
12195 12204
12196 12200
12197 12219
12197 12285
12198 12199
12198 12200
12198 12201
12199 12203
12199 12204
12199 13920
12200 13933
12201 13920
12201 13933
12202 13934
12203 12209
12204 12206
12204 12207
12205 12224
12205 12226
12205 15838
12206 12209
12208 12285
12208 12297
12209 12210
12209 13923
12210 12211
12210 12212
12210 12213
12211 12231
12211 12937
12214 12215
12215 12216
12215 12220
12216 12217
12216 12218
12217 12221
12217 12222
12217 12223
12218 17361
12218 17370
12219 12230
12219 12241
12220 12221
12221 12224
12222 12224
12222 13958
12222 17371
12223 17370
12223 17371
12225 12239
12226 12227
12226 12228
12226 12229
12227 12236
12228 12235
12228 12236
12230 12252
12230 12274
12231 12232
12231 12233
12233 12939
12234 12235
12238 12939
12240 12917
12240 12929
12241 12274
12241 12285
12244 13784
12247 12468
12247 12469
12248 16169
12249 12250
12249 12251
12249 12253
12250 12457
12252 12263
12252 12274
12254 12256
12254 15722
12258 12259
12258 12260
12258 12310
12259 12309
12259 12311
12260 12261
12260 12311
12261 12314
12262 12264
12262 12311
12263 12297
12263 12341
12264 12314
12265 12313
12267 12268
12268 12269
12268 12279
12270 12272
12270 12279
12272 12273
12273 12275
12275 12276
12276 12277
12278 12292
12278 12293
12280 12281
12280 12282
12280 12283
12282 12388
12282 14253
12284 12286
12284 12287
12284 12288
12286 12792
12286 12793
12288 13809
12288 13810
12288 19007
12289 12293
12289 12294
12290 12295
12291 12299
12292 13142
12293 12299
12294 12295
12294 12299
12295 12298
12296 12408
12296 12519
12296 12630
12296 12741
12297 12330
12298 12300
12300 12302
12303 12304
12303 12305
12303 12306
12304 12306
12304 18863
12306 12315
12307 12309
12307 12310
12308 12319
12311 12314
12312 12313
12312 12314
12315 12316
12315 12317
12316 12318
12316 12327
12318 12320
12318 18863
12319 12442
12319 12475
12320 12321
12320 12322
12320 18874
12321 12328
12321 12338
12322 12327
12322 12328
12322 12329
12323 12325
12323 18874
12323 18885
12323 18951
12324 18940
12324 18951
12325 12331
12326 12331
12326 12338
12326 18874
12330 12341
12330 12374
12332 18829
12332 18907
12333 12334
12333 18907
12334 12335
12334 12336
12334 12337
12335 13789
12339 12340
12339 12342
12339 12343
12339 12344
12340 14229
12340 14232
12341 12352
12342 12380
12342 14231
12343 14223
12344 12381
12345 12346
12345 12347
12345 12348
12346 12349
12347 12791
12348 14218
12348 14250
12349 12350
12349 12351
12350 12354
12352 12363
12352 12374
12353 12354
12353 12355
12353 12356
12354 12356
12354 12358
12355 12387
12355 14229
12356 12357
12357 14218
12357 14220
12358 12387
12358 14251
12359 12360
12359 12361
12359 12362
12360 12366
12360 12375
12360 12392
12361 12364
12362 12364
12362 12365
12363 12385
12363 12409
12364 12367
12364 12384
12365 12366
12365 12367
12367 12386
12368 12370
12368 12373
12369 12371
12369 12372
12369 12373
12371 12375
12371 12392
12372 12383
12372 12392
12373 12376
12374 12385
12375 12376
12377 12378
12377 12379
12377 12790
12378 12380
12378 12381
12378 12382
12379 12380
12379 12390
12379 12391
12382 12790
12383 12384
12383 12386
12385 12396
12387 12388
12387 12389
12388 14251
12389 12390
12389 14229
12391 14231
12393 12394
12393 12400
12393 12423
12394 12397
12396 12409
12396 12420
12398 12399
12398 12400
12399 12401
12399 12402
12401 12411
12401 12415
12402 12416
12402 12418
12402 12419
12403 12404
12403 12405
12403 12418
12404 12430
12405 12412
12407 17314
12407 17343
12407 17344
12408 12852
12409 12420
12410 12429
12410 12430
12411 12412
12411 12413
12412 12417
12413 12414
12413 12415
12414 12416
12414 12417
12415 12416
12417 12418
12418 12424
12419 12421
12419 12424
12420 12431
12421 12422
12421 12423
12422 12424
12425 12426
12425 12427
12425 12429
12426 12428
12428 12433
12429 12432
12431 12442
12431 12453
12432 12433
12434 12435
12434 12436
12435 12441
12436 12437
12436 12445
12437 12438
12439 12443
12440 12441
12440 12443
12440 12444
12442 12464
12442 12630
12447 12448
12447 12449
12449 12450
12451 12452
12451 12454
12451 12455
12452 12454
12452 12455
12455 18236
12457 12458
12461 12466
12464 12475
12464 12486
12465 12466
12468 12470
12468 16169
12470 12471
12472 12473
12472 12474
12472 12476
12472 12888
12473 12884
12474 12477
12474 12895
12475 12486
12476 13355
12481 12491
12481 12494
12482 12490
12482 12491
12483 12484
12483 12485
12483 12489
12483 12493
12484 12488
12487 12488
12488 12501
12489 12490
12489 12492
12491 12494
12492 12494
12493 12495
12496 12498
12496 12499
12496 13501
12497 12508
12497 12520
12497 12531
12498 12500
12499 12502
12500 12501
12502 13491
12503 12504
12503 12505
12503 13502
12504 12506
12506 13501
12506 13502
12507 12509
12507 12510
12507 12511
12507 12512
12509 18196
12510 13509
12510 13510
12511 17098
12511 18143
12513 12514
12513 12515
12513 12516
12514 13514
12515 13458
12515 13511
12515 13512
12516 18195
12516 18196
12516 18198
12516 18205
12517 12518
12517 12521
12517 12522
12517 12523
12518 13251
12519 12575
12520 13341
12520 13352
12521 12527
12521 13202
12522 13254
12524 12525
12524 12526
12524 12527
12524 12528
12525 12526
12525 15004
12528 15007
12529 12530
12529 12532
12529 12533
12529 12534
12530 13221
12531 12542
12531 12553
12532 12550
12532 12551
12532 14939
12533 14943
12534 13223
12534 14846
12534 14942
12535 12536
12535 12537
12535 12538
12535 12539
12536 13181
12539 12550
12539 14987
12539 14988
12540 12541
12540 12543
12540 12544
12541 13184
12541 13189
12542 17563
12542 17574
12542 17585
12543 13176
12543 13177
12543 13178
12544 13189
12545 12546
12545 12547
12545 12548
12545 12549
12547 13329
12547 13347
12547 13348
12548 12558
12549 13345
12552 12554
12552 12555
12553 13330
12556 12557
12556 12558
12558 13347
12559 12560
12559 12568
12559 13349
12559 13350
12560 12846
12560 12847
12561 12562
12561 12563
12561 12565
12562 12563
12564 12575
12564 12586
12566 12567
12566 12568
12567 12568
12568 13350
12569 12570
12569 12571
12569 12572
12569 12573
12570 12574
12570 12576
12571 12572
12571 12573
12572 15857
12573 12574
12573 12580
12574 12578
12575 12853
12576 12577
12577 14842
12578 12579
12578 12580
12580 12581
12582 12583
12582 15858
12583 12585
12584 12585
12584 12587
12586 12841
12586 12853
12588 12589
12588 12590
12588 17684
12589 12591
12589 12592
12589 17686
12591 17679
12592 17684
12592 17687
12592 17688
12593 17675
12593 17684
12593 17687
12594 12595
12594 12596
12595 14877
12595 14932
12596 14928
12596 14929
12597 12608
12597 12619
12597 12631
12598 12599
12599 12600
12600 12601
12601 12602
12601 12603
12602 12603
12605 12606
12606 12641
12606 12677
12607 12611
12607 12662
12607 12666
12607 12694
12609 12610
12609 12611
12609 12612
12609 12613
12610 12617
12611 12665
12613 12616
12614 12615
12614 12616
12614 12617
12615 12643
12616 12644
12617 12618
12618 12620
12618 12621
12618 17524
12619 12642
12620 12621
12621 17524
12622 17526
12623 12624
12623 12625
12623 12689
12624 12625
12626 12627
12626 12628
12626 12629
12626 12632
12627 14657
12628 12633
12628 12687
12633 12634
12633 12635
12633 12636
12637 12638
12637 12639
12638 12640
12638 12668
12639 12668
12640 12641
12640 12643
12642 12653
12642 12664
12643 12668
12644 12668
12645 12646
12645 17526
12646 12657
12646 18370
12647 12648
12647 12649
12647 12650
12648 12649
12648 12655
12649 12651
12650 12655
12650 12657
12651 12652
12651 12654
12652 17516
12652 17527
12652 18371
12652 18372
12654 12662
12654 18373
12655 12658
12656 12658
12656 12660
12657 18369
12658 12659
12659 18373
12660 12661
12660 18373
12661 12662
12661 12663
12665 12666
12665 12667
12666 12667
12667 18375
12669 12670
12669 14657
12670 12688
12671 12672
12671 12673
12671 12674
12671 12676
12675 12686
12675 12697
12675 12708
12677 12678
12677 12679
12677 12680
12681 12682
12681 12683
12681 12684
12681 12685
12682 14650
12682 14651
12684 12685
12684 14651
12685 12687
12686 12719
12686 12730
12686 12742
12688 12689
12688 12693
12690 12691
12690 12692
12690 12693
12694 18377
12694 18379
12695 12696
12695 12698
12695 15818
12695 15946
12695 15947
12695 18300
12696 18243
12696 18259
12697 12719
12698 15595
12698 15943
12698 18298
12698 18300
12699 12700
12699 12701
12699 12702
12699 15569
12700 18245
12700 18249
12700 18260
12701 15597
12701 18243
12701 18260
12702 15560
12702 18264
12703 12704
12703 12705
12703 12706
12704 15562
12704 15615
12704 15649
12705 15555
12705 15612
12705 15614
12706 15558
12706 15567
12706 15568
12707 12709
12707 12712
12709 18333
12710 15615
12710 15650
12711 12712
12711 12713
12712 12713
12714 12782
12715 12716
12715 12717
12715 12718
12716 12807
12716 14699
12718 12806
12718 12807
12719 12753
12720 12735
12720 12810
12721 12722
12721 12723
12721 14273
12723 12728
12723 12729
12724 12725
12724 12726
12724 12727
12725 13083
12725 14436
12726 14247
12726 14249
12727 13080
12727 13082
12727 13083
12728 12731
12729 12731
12730 12808
12733 12734
12733 12735
12733 13393
12733 18674
12735 18674
12736 12737
12736 12738
12736 12739
12736 12740
12741 12853
12742 12753
12742 12797
12743 12744
12745 12746
12745 12747
12748 12749
12750 12751
12750 12752
12750 12754
12750 18620
12750 18886
12751 18884
12751 18886
12752 18616
12752 19052
12753 12764
12754 12755
12754 12756
12755 12756
12755 18908
12757 12758
12759 12760
12759 12761
12759 12762
12760 12771
12760 14635
12760 15849
12761 12762
12762 12768
12763 12765
12763 12772
12764 12775
12764 12786
12765 19071
12766 12767
12766 17037
12767 19071
12768 12773
12769 12770
12769 12771
12769 12772
12769 12773
12771 12772
12774 12776
12774 12777
12774 18774
12775 12897
12777 13099
12778 12779
12778 12780
12778 12781
12779 12781
12783 12784
12783 12785
12783 18342
12784 12785
12784 12855
12784 13616
12784 13617
12784 13620
12784 13622
12784 13624
12785 13624
12787 12788
12787 18335
12788 18351
12788 18357
12788 18359
12789 13073
12789 13077
12789 13079
12791 12792
12791 12793
12793 13811
12794 12795
12795 12796
12795 12798
12796 12801
12796 12802
12797 12808
12797 12819
12798 12799
12798 12800
12803 12804
12803 12805
12805 18563
12805 18585
12806 13395
12806 13713
12807 14700
12808 12830
12809 12810
12809 12811
12810 13395
12810 13398
12811 14700
12812 15875
12812 15886
12812 15897
12813 12818
12813 14941
12813 15897
12814 12815
12814 12816
12814 15919
12815 12816
12817 15864
12817 15886
12818 14908
12818 15886
12820 14908
12821 15908
12822 12823
12822 12827
12822 15908
12823 12824
12823 13575
12824 12825
12825 12826
12825 12827
12825 12828
12826 12827
12829 12831
12829 12832
12830 12841
12830 17607
12831 13214
12832 13218
12833 12834
12833 12835
12833 12836
12833 12837
12834 13231
12836 13226
12836 13229
12836 13231
12838 12839
12838 16796
12838 16829
12840 12842
12840 12843
12840 12844
12840 12845
12842 12843
12842 13209
12844 13307
12844 13309
12845 13172
12845 13175
12846 13290
12848 12849
12848 12850
12848 12851
12848 15796
12849 15794
12850 14766
12850 15796
12851 14762
12851 14763
12852 12963
12852 15652
12852 15674
12854 12855
12854 18511
12855 13622
12856 12857
12856 12858
12859 12860
12859 12861
12859 14882
12860 12861
12860 13222
12861 14879
12862 12863
12862 12865
12863 14879
12863 14881
12864 12875
12864 12886
12864 12897
12865 14857
12865 14858
12865 14859
12866 12867
12866 12868
12866 12869
12866 12870
12867 17624
12868 14709
12868 14792
12868 14796
12869 14876
12869 14888
12870 14790
12870 14792
12871 12872
12871 12873
12872 12879
12872 12890
12872 14698
12873 14011
12873 14698
12874 12876
12874 12877
12874 12878
12874 12879
12875 12908
12875 12919
12875 12941
12875 12986
12876 12880
12876 14006
12876 14694
12877 14693
12877 14696
12878 12887
12878 14694
12879 12890
12879 14696
12880 12881
12880 14009
12881 12882
12881 12883
12883 14009
12883 14010
12885 12887
12886 15507
12886 15519
12887 12888
12887 12889
12888 12892
12889 12891
12890 12891
12893 12894
12894 12896
12895 12896
12897 17663
12898 12899
12898 12900
12901 16319
12901 16363
12902 12903
12902 12904
12902 17785
12902 17796
12903 12906
12903 16319
12904 12905
12904 12906
12905 15603
12906 15602
12906 15603
12907 12910
12908 12919
12908 12930
12909 12913
12909 12914
12909 12915
12910 12912
12911 12912
12913 12916
12913 12946
12915 12916
12915 12917
12915 12918
12916 12920
12916 12928
12917 12920
12917 12921
12918 12929
12919 12997
12921 12922
12922 12923
12923 12942
12923 12943
12924 12925
12924 12926
12925 12927
12925 12945
12926 12945
12927 12947
12928 12946
12928 12948
12930 12941
12930 12964
12931 12932
12931 12933
12931 12934
12931 14313
12932 12937
12932 13364
12933 13364
12933 13365
12934 12936
12934 13365
12936 12943
12936 14761
12937 12938
12938 13929
12938 14313
12939 12940
12941 12952
12943 13365
12944 12945
12946 12947
12946 13361
12947 12948
12949 12950
12949 12951
12952 12964
12952 13041
12954 12956
12954 13043
12957 13072
12957 13095
12957 18596
12957 18618
12958 18618
12959 12960
12959 13053
12959 13062
12959 13072
12960 13064
12960 13065
12960 13072
12961 12962
12961 12965
12961 12966
12962 18731
12962 18800
12963 13185
12963 13296
12964 12975
12965 18723
12965 18724
12966 15806
12967 12968
12967 12969
12967 12970
12967 12971
12968 17026
12968 18947
12968 19054
12969 12972
12969 18947
12969 18948
12970 18817
12970 19053
12970 19054
12971 18948
12971 19053
12971 19056
12972 12973
12972 12974
12972 12976
12973 18948
12973 19058
12973 19065
12974 18897
12974 18898
12974 18947
12975 13041
12976 12995
12976 18897
12976 19065
12977 12978
12977 12979
12977 12980
12977 12992
12978 17018
12978 19069
12979 17017
12979 17018
12979 17020
12980 12994
12980 17017
12980 17025
12981 15185
12982 12983
12982 12984
12982 12985
12982 18945
12983 17024
12983 18227
12984 18912
12986 13052
12986 15519
12987 12988
12987 12989
12987 12990
12991 12992
12991 12993
12991 12994
12991 12995
12991 19068
12993 18861
12993 18862
12993 19068
12994 17031
12994 18897
12995 19070
12996 12998
12996 12999
12996 13000
12996 13001
12998 13016
12998 13044
12999 13028
12999 13059
13000 13020
13000 13021
13001 13016
13001 13020
13001 13029
13002 13003
13002 13004
13002 13005
13003 13013
13003 13014
13004 13006
13004 13007
13005 13014
13005 13018
13006 13010
13006 13013
13006 13078
13007 13009
13007 13010
13008 13019
13008 13030
13008 13063
13009 13011
13012 13076
13013 13079
13013 18641
13015 13016
13015 13017
13015 13051
13016 13031
13017 13044
13017 13045
13018 13021
13019 13041
13019 13052
13020 13023
13022 13077
13023 13029
13024 13029
13024 13031
13024 13032
13025 13032
13026 13061
13026 13381
13026 13383
13027 13059
13027 13060
13027 13061
13031 13057
13031 13377
13032 13377
13033 13034
13033 13036
13033 13043
13034 13089
13034 13095
13035 13036
13035 13037
13035 13091
13036 13039
13036 13042
13037 13040
13037 13042
13038 13039
13038 13040
13038 13042
13039 13043
13044 13059
13044 13062
13045 13050
13045 13051
13046 13047
13046 13048
13046 13049
13046 13244
13047 13067
13047 13239
13048 13066
13048 14237
13048 14238
13049 13066
13049 13067
13051 13056
13053 13054
13053 13055
13054 13055
13054 13062
13056 13057
13056 13058
13057 13378
13058 13376
13058 13379
13059 13064
13060 13070
13060 13389
13061 13387
13061 13389
13062 13064
13063 13075
13063 13086
13064 13070
13065 13068
13065 13069
13066 14239
13067 13232
13068 13069
13068 13070
13068 13071
13069 18596
13071 13388
13071 18630
13074 13185
13074 13296
13074 13407
13074 13519
13075 13097
13075 13108
13077 13078
13078 13079
13080 13082
13081 14247
13082 13083
13084 13087
13085 13087
13085 13088
13086 13108
13087 13713
13088 14372
13088 14701
13089 13090
13089 13091
13090 13092
13091 13092
13092 13093
13093 13094
13096 13098
13096 13099
13096 13100
13097 13119
13097 13186
13099 14010
13099 18741
13100 18718
13100 18741
13101 13102
13102 13885
13104 13105
13104 13106
13104 13107
13105 13121
13105 13122
13106 13721
13108 13152
13108 13230
13109 13110
13109 13111
13109 13112
13110 13112
13110 18221
13111 14117
13111 14118
13112 13722
13112 18223
13113 13114
13113 13115
13113 13116
13113 13117
13114 14129
13115 13118
13116 13724
13117 14140
13117 14142
13118 14136
13118 14140
13119 13130
13119 13141
13120 14166
13120 14169
13121 13122
13121 13123
13121 13124
13122 14447
13123 13124
13123 13554
13124 13551
13124 13555
13125 13126
13125 13127
13125 13128
13126 14091
13127 13711
13127 14115
13128 13571
13128 14116
13129 13131
13129 13132
13129 13133
13131 13136
13132 14099
13132 14100
13133 14085
13133 14087
13134 13135
13134 13136
13134 13137
13135 13701
13135 13702
13137 13888
13138 13139
13138 13140
13139 13888
13140 13399
13141 13174
13141 13186
13143 15703
13143 15704
13144 13145
13144 13146
13144 13147
13146 14270
13146 14282
13147 14357
13147 14360
13148 13149
13148 13150
13148 13151
13148 13153
13149 14668
13149 14669
13150 14272
13152 13163
13152 13174
13152 13186
13153 13154
13154 13155
13154 13156
13154 13157
13156 14669
13156 14670
13157 14367
13158 13159
13158 13160
13158 13161
13158 13162
13160 14367
13160 14368
13160 14369
13161 14368
13162 14369
13163 13197
13163 13230
13164 13165
13164 13166
13164 13167
13164 13168
13165 13235
13165 13245
13165 13246
13167 14999
13168 13247
13169 13170
13169 13171
13169 14366
13170 14666
13172 13173
13172 13175
13173 13289
13173 13290
13174 13208
13174 13274
13175 13293
13175 13294
13177 13286
13179 13180
13179 13181
13179 13182
13179 13183
13180 13196
13180 13198
13180 13199
13181 13189
13181 13190
13182 13196
13183 13189
13183 13198
13183 13200
13184 13187
13184 13188
13187 13191
13187 13192
13188 13192
13188 13194
13191 13193
13191 13200
13192 13193
13193 13195
13194 13201
13194 13299
13195 13198
13195 13200
13196 13322
13197 13208
13197 13219
13198 13201
13199 13201
13199 13311
13199 13321
13203 13204
13203 13205
13203 13307
13203 13316
13205 13206
13205 13207
13205 13209
13206 13318
13208 13241
13208 13252
13210 13211
13210 13212
13210 13213
13211 13214
13212 14954
13212 14955
13214 13215
13214 13216
13216 14858
13217 13218
13217 13220
13217 14978
13218 14978
13219 13252
13220 14994
13220 15009
13221 13222
13221 13223
13221 13224
13223 14872
13223 14882
13224 13225
13225 13226
13225 13227
13225 13228
13226 14994
13227 14980
13228 13231
13229 14994
13229 15009
13232 13233
13233 13234
13233 13235
13234 13235
13234 13236
13234 13237
13235 13238
13236 13384
13236 13390
13236 13392
13237 13391
13237 18530
13238 13392
13238 14239
13238 14240
13239 13243
13239 13244
13240 13242
13240 13243
13240 13244
13241 13263
13241 13274
13241 13285
13242 14234
13242 14235
13242 14236
13243 14233
13244 14234
13245 13247
13245 13260
13246 13259
13247 13248
13248 13260
13248 13262
13248 13265
13249 13250
13249 13251
13249 13253
13249 13254
13252 13285
13254 13281
13254 13284
13255 13256
13255 13257
13255 13258
13255 13259
13256 13276
13257 14995
13258 13277
13258 14998
13260 13261
13261 13262
13261 13264
13263 13297
13263 13308
13263 13319
13266 13267
13266 13268
13266 13269
13267 13275
13267 14949
13268 14754
13269 13272
13269 13275
13270 13271
13270 13272
13270 13273
13270 13275
13273 14950
13274 13319
13275 14950
13276 13277
13276 13278
13276 13279
13277 15001
13278 15002
13279 15000
13279 15002
13280 13281
13280 13282
13280 13283
13280 13284
13282 13288
13283 13286
13285 13297
13286 13287
13286 13288
13290 13291
13290 13292
13292 13354
13294 13298
13294 13299
13295 13298
13295 13299
13295 13300
13296 13597
13298 13305
13299 13306
13300 13301
13300 13304
13300 13305
13301 13302
13301 13303
13302 13304
13303 13305
13304 13306
13308 15607
13308 15618
13308 15630
13310 13311
13310 13312
13311 13323
13312 13317
13312 13318
13313 13314
13313 13315
13313 13316
13313 13317
13317 13318
13317 13320
13319 15630
13320 13323
13320 13324
13321 13322
13321 13323
13322 13326
13322 13328
13324 13325
13324 13326
13324 13327
13325 13333
13325 13335
13325 13338
13325 13339
13326 13328
13327 13335
13327 13336
13327 13337
13328 13337
13329 13331
13329 13332
13331 13333
13331 13334
13331 13335
13332 13335
13332 13336
13332 13346
13336 13346
13336 14989
13337 14989
13338 13339
13338 13340
13338 13342
13340 13342
13343 13344
13343 13345
13343 14989
13344 13345
13344 13346
13351 13353
13351 13354
13352 13363
13352 13385
13355 13356
13356 13357
13358 13360
13358 17297
13359 17297
13360 13361
13362 17419
13362 17430
13363 13374
13363 13385
13366 13367
13366 18045
13367 13368
13368 13829
13368 13832
13369 13370
13369 13371
13370 18098
13371 18089
13372 13373
13372 13375
13372 16047
13373 13375
13373 13752
13374 13396
13374 17041
13375 16053
13375 16388
13376 13378
13377 13378
13380 13381
13380 13382
13380 14246
13382 13384
13382 14248
13384 13386
13384 13387
13385 17030
13386 13392
13386 14240
13386 14248
13387 13390
13388 13389
13388 13390
13388 13391
13391 18630
13393 13397
13394 13397
13395 14700
13396 13408
13396 13419
13397 13398
13399 13400
13400 13826
13400 13828
13402 13880
13403 13404
13403 13406
13404 13405
13405 13409
13405 13412
13406 13878
13406 13879
13407 13519
13408 13419
13409 13410
13410 13428
13410 13429
13411 13412
13411 13413
13414 13436
13414 13437
13415 13416
13415 13417
13415 13418
13415 13420
13416 13544
13416 14053
13417 14044
13418 13529
13420 13421
13421 13422
13421 13423
13421 13424
13422 13690
13422 13691
13423 14051
13423 14053
13424 13709
13424 14045
13425 13426
13425 13427
13425 13692
13426 14057
13426 14058
13428 13435
13429 13432
13429 13878
13430 13441
13430 13452
13430 13463
13430 13474
13431 13432
13431 13433
13431 13434
13432 13747
13433 13435
13434 13548
13435 13918
13436 13443
13436 13445
13437 13438
13437 13439
13438 13443
13440 13442
13443 13444
13446 13447
13446 13448
13446 13449
13446 13760
13447 13448
13447 13456
13447 13760
13447 13770
13449 13451
13450 13451
13450 13453
13451 13454
13453 13718
13453 18962
13454 13455
13455 13456
13455 13457
13455 17407
13456 13457
13457 13489
13459 13460
13459 13475
13460 13461
13460 13462
13461 13468
13461 13759
13462 13476
13462 13759
13464 13465
13464 13466
13464 13484
13465 13475
13465 13515
13466 13467
13466 13472
13466 13476
13467 13481
13467 13484
13468 13469
13468 13471
13469 13470
13470 13471
13470 13472
13471 13476
13472 13473
13473 13482
13475 13476
13477 13478
13477 13479
13477 13483
13477 18206
13478 13488
13478 18209
13479 13486
13479 13490
13480 13481
13480 13482
13481 13483
13483 18209
13484 13486
13484 13516
13485 13496
13485 13507
13487 13488
13487 13489
13487 17518
13490 13511
13490 13513
13490 18207
13491 13493
13492 13493
13492 13494
13492 13495
13495 13497
13498 13499
13498 13500
13501 13502
13503 13504
13503 13505
13503 13629
13503 13632
13504 13506
13504 13508
13505 13508
13505 18120
13506 18122
13506 18170
13508 18121
13508 18122
13509 13510
13510 17117
13511 18207
13512 18207
13513 13514
13515 13516
13517 13521
13517 16898
13518 14629
13518 15240
13518 15248
13520 13531
13520 13542
13520 13553
13521 16076
13521 16078
13522 16077
13522 16078
13524 13525
13524 15999
13524 16000
13525 16939
13526 13527
13526 13582
13527 16946
13528 14004
13530 13532
13530 13533
13531 17618
13532 13537
13533 13534
13533 13535
13534 13546
13535 13536
13535 13537
13536 13547
13536 13745
13537 13538
13538 13539
13538 13540
13539 13541
13539 13543
13542 15330
13543 13544
13544 13545
13545 13698
13545 13699
13545 13700
13549 13551
13549 13552
13550 13577
13551 13554
13553 15341
13553 17674
13555 13556
13555 13574
13556 13557
13556 13559
13557 13558
13557 13559
13558 13560
13558 13574
13560 13561
13561 14769
13562 13563
13562 13565
13562 13566
13563 14772
13563 14773
13564 13575
13564 13586
13564 13597
13567 13568
13567 13569
13567 13570
13568 14087
13568 14090
13569 14092
13569 14095
13570 14773
13571 13572
13571 13573
13572 13574
13572 14116
13573 14448
13574 14769
13575 13631
13576 13577
13578 13579
13578 13580
13579 16808
13580 14740
13581 13582
13582 15999
13583 13765
13585 13587
13585 13588
13585 13589
13586 15875
13586 15897
13589 13590
13589 13591
13590 13592
13591 13592
13592 14584
13593 13594
13594 13595
13594 13596
13594 13598
13597 15908
13597 15919
13599 13600
13599 13601
13600 13602
13603 13604
13603 18561
13604 13605
13605 14650
13606 13607
13606 13609
13607 18575
13607 18619
13608 13619
13608 13631
13609 18621
13610 13611
13610 13612
13610 13614
13611 18499
13612 13613
13612 18489
13613 18361
13613 18362
13613 18366
13614 13615
13616 13617
13617 13618
13618 18340
13618 18342
13618 18350
13620 13621
13620 13624
13622 13623
13625 13626
13625 13627
13625 13628
13629 18144
13629 18145
13630 13741
13630 13852
13631 15819
13632 13670
13632 13673
13632 18123
13633 13634
13633 13635
13634 13636
13636 13827
13636 17211
13637 13638
13637 13815
13638 13639
13639 13640
13641 13913
13641 17740
13642 13653
13642 13664
13642 13675
13643 13915
13643 17740
13644 14620
13646 13647
13646 13648
13646 17072
13647 14198
13647 17077
13648 14199
13649 13650
13649 13651
13649 14202
13649 16076
13650 13655
13650 13657
13651 13657
13651 17099
13652 13654
13652 13655
13652 13656
13653 13686
13653 13697
13654 13657
13654 17101
13655 13658
13656 13658
13656 13659
13656 13660
13658 13661
13659 17057
13659 17059
13659 18113
13660 13665
13660 13666
13661 13662
13662 13663
13665 13667
13665 13671
13666 13669
13666 18112
13667 13668
13667 13669
13668 13676
13669 13670
13670 13672
13670 18114
13672 13673
13672 13674
13673 13681
13674 13680
13675 13697
13676 13677
13676 13678
13677 13679
13677 15431
13678 13679
13678 13680
13679 13681
13682 18149
13682 18150
13683 13684
13684 18150
13684 18164
13685 18184
13685 18187
13687 13688
13687 13689
13690 14054
13691 14045
13692 13693
13693 13694
13693 14768
13694 13710
13694 14056
13694 14768
13695 13696
13695 13698
13695 13704
13695 14102
13696 14049
13696 14050
13698 13703
13698 14050
13699 14051
13699 14053
13700 14058
13701 13905
13701 13996
13702 13887
13702 13904
13703 13704
13703 14055
13703 14114
13704 14113
13705 13706
13705 13707
13705 13709
13706 14045
13706 14089
13707 14042
13707 14085
13708 13719
13708 13730
13708 13742
13709 14040
13710 13711
13710 14056
13711 14109
13714 15462
13714 18407
13714 18629
13715 14561
13715 16927
13715 17629
13716 14564
13716 15536
13716 16841
13716 16925
13717 14072
13717 14076
13717 14077
13717 15988
13717 16749
13717 18296
13717 18518
13718 18962
13719 13742
13719 13753
13720 13721
13720 13722
13722 18223
13723 13724
13723 13725
13723 13726
13724 13736
13725 13727
13725 13728
13726 13733
13726 14148
13727 14117
13727 14126
13728 14127
13728 14129
13729 13731
13729 13732
13729 13733
13729 13734
13730 14864
13730 14875
13730 14886
13731 14148
13731 14150
13732 13744
13732 14154
13732 14156
13733 13735
13733 13737
13734 13735
13734 13743
13736 13737
13738 13739
13738 13740
13739 14143
13739 14172
13740 13743
13740 13744
13742 13775
13742 13830
13743 14143
13744 14151
13744 14173
13745 13746
13749 13750
13749 13751
13749 16046
13750 13752
13750 17648
13751 16111
13752 13754
13753 13764
13753 13775
13754 15645
13755 13756
13755 13757
13756 13758
13758 14164
13758 14165
13761 13762
13764 13786
13764 13797
13764 13808
13765 15532
13766 13767
13773 13774
13773 13776
13773 13777
13775 13808
13775 13819
13776 13777
13779 13781
13782 13783
13785 13787
13785 13788
13785 13789
13785 13790
13786 13841
13786 13853
13787 13803
13787 13804
13788 13791
13788 13792
13788 13793
13789 13804
13790 13792
13790 13794
13791 13798
13791 13801
13791 14209
13792 13801
13793 13800
13793 13803
13795 19040
13796 13800
13796 13803
13796 13806
13796 19040
13797 16041
13798 13799
13798 13800
13799 14206
13799 14209
13799 14214
13801 13802
13802 14213
13805 13806
13805 13807
13806 14214
13807 14211
13807 14214
13808 13853
13808 13886
13809 14216
13809 14217
13809 19007
13813 13814
13814 14222
13815 13816
13816 13821
13816 13822
13817 13818
13818 16901
13819 13830
13819 13886
13821 15420
13821 17209
13822 17212
13822 17213
13823 13824
13823 13825
13823 15420
13826 13827
13829 13831
13829 13832
13829 13833
13831 13834
13831 13835
13832 17489
13832 17490
13833 17490
13834 18024
13834 18042
13835 18024
13835 18025
13836 13837
13836 13838
13836 18064
13836 18100
13837 17491
13837 17492
13838 13839
13838 13840
13839 13843
13839 18064
13840 13842
13840 18100
13841 13864
13841 14607
13841 16041
13842 13843
13842 13844
13843 18034
13843 18070
13844 13845
13844 18073
13845 13846
13845 13847
13846 13848
13846 13850
13847 13848
13847 18082
13848 13849
13850 13851
13850 13854
13851 13855
13851 13856
13853 13864
13853 13875
13854 15329
13854 15331
13855 13857
13855 15014
13856 18099
13856 18104
13857 13858
13857 17808
13857 17820
13858 13859
13859 17817
13859 17877
13859 17921
13860 13861
13860 13862
13860 13863
13861 13865
13862 17792
13863 17802
13863 17817
13865 13866
13865 13867
13866 13868
13866 13869
13867 17823
13867 17860
13868 16233
13868 16431
13869 16427
13869 17799
13870 13871
13870 13872
13871 16014
13871 16339
13872 16332
13872 16333
13875 13886
13876 13877
13878 13879
13879 13880
13881 13882
13881 13883
13882 13884
13882 17518
13883 13884
13883 14570
13887 13888
13889 13890
13889 13891
13889 13892
13890 13898
13890 13903
13890 14031
13891 13893
13892 13893
13893 13894
13893 13895
13894 13899
13894 13900
13895 13896
13896 13900
13897 13908
13897 13919
13897 13930
13898 13906
13898 13909
13899 13902
13899 13903
13900 13901
13901 13902
13904 13905
13904 13909
13905 13907
13905 13998
13906 13907
13906 14029
13907 13909
13907 14032
13910 14004
13910 14027
13912 13913
13912 13914
13913 13915
13913 13916
13914 13916
13914 17011
13915 17005
13915 17629
13917 13918
13920 13921
13920 13922
13922 13923
13923 13924
13924 13925
13924 13926
13924 13927
13926 13928
13927 13928
13927 13929
13929 13931
13930 14086
13930 15930
13935 13936
13935 13937
13935 15679
13936 13972
13937 15673
13937 15682
13938 13939
13938 13940
13938 13971
13938 15660
13939 13942
13939 14629
13939 15666
13939 15834
13940 13942
13940 13943
13941 13952
13941 13964
13941 13975
13942 17310
13943 17310
13943 17311
13943 17312
13944 17311
13944 17334
13944 17335
13944 17336
13945 13946
13945 13947
13945 15840
13945 17342
13946 13948
13946 15836
13946 15837
13947 13948
13947 13949
13947 17351
13948 17353
13949 13950
13949 13951
13949 17353
13950 13953
13950 13954
13951 17350
13952 13986
13952 14130
13952 14197
13953 13955
13953 13956
13953 13957
13954 13957
13954 17353
13954 17355
13955 17359
13955 17360
13955 17362
13956 17359
13957 15826
13957 17360
13958 15838
13958 15839
13959 13960
13959 13961
13959 13962
13960 13965
13960 15525
13960 15526
13961 15217
13961 15433
13961 15525
13962 15218
13962 15222
13963 14074
13963 14185
13964 14197
13965 13966
13965 13967
13965 13968
13966 13970
13966 15525
13967 13969
13967 13970
13967 15658
13968 13972
13968 15526
13968 15658
13969 15659
13969 15670
13969 15683
13970 13974
13970 15670
13971 15666
13971 15668
13971 15683
13972 13973
13972 15657
13973 15659
13973 15664
13973 15679
13974 13976
13975 14808
13976 15232
13976 15669
13976 15670
13977 13978
13977 13979
13978 13979
13978 14588
13979 13980
13980 14592
13980 15747
13981 13982
13982 15207
13982 15911
13983 13985
13983 16185
13983 16635
13984 16185
13984 16296
13984 16566
13984 16635
13985 13987
13985 16074
13985 16638
13986 13997
13986 14008
13987 15989
13988 13989
13988 13990
13988 13991
13989 16185
13989 16566
13990 13992
13991 16639
13992 13993
13992 13994
13993 16489
13994 13995
13996 13998
13996 13999
13997 14197
13997 14230
13998 14032
13998 14033
13999 14033
13999 14046
14000 14001
14000 14002
14000 14003
14001 14005
14001 14032
14002 14004
14002 14027
14003 14028
14003 14029
14004 14005
14005 14034
14006 14007
14006 14009
14007 14692
14007 14693
14008 14230
14009 14692
14010 14692
14011 14012
14012 14695
14012 14698
14013 14014
14013 14015
14013 18407
14014 14018
14014 15462
14015 14018
14016 14072
14016 14073
14018 14020
14019 14030
14019 14041
14019 14052
14019 14063
14020 15462
14021 14022
14021 14023
14022 14737
14022 15740
14023 14738
14023 15888
14023 15894
14024 14025
14024 14026
14025 14026
14027 14028
14028 14031
14029 14031
14030 14097
14030 14152
14030 14241
14033 14034
14033 14035
14034 14047
14035 14036
14035 14047
14036 14037
14036 14038
14036 14043
14037 14039
14037 14040
14038 14042
14038 14046
14039 14040
14039 14043
14040 14042
14041 14152
14041 14174
14042 14088
14043 14044
14047 14048
14049 14054
14049 14101
14050 14051
14052 14241
14054 14094
14055 14056
14055 14057
14059 14060
14059 14061
14059 14062
14060 14064
14060 18586
14061 18565
14061 18586
14061 18588
14062 18571
14062 18584
14063 14174
14063 14452
14064 14065
14064 14066
14065 18550
14065 18587
14066 14067
14066 14069
14067 14068
14067 14069
14068 14070
14069 18545
14070 14071
14070 18559
14071 18555
14071 18556
14072 16650
14073 15983
14073 16650
14075 14086
14075 14097
14075 14108
14075 14119
14077 15990
14077 15991
14077 16747
14077 16748
14078 16628
14078 18074
14079 14080
14079 14081
14079 14082
14079 16632
14080 14081
14080 14083
14080 16475
14080 16640
14081 16296
14081 16407
14082 16495
14082 16497
14082 16634
14083 16296
14083 16475
14084 16017
14084 16544
14085 14089
14085 14099
14086 14208
14086 14219
14087 14089
14088 14099
14088 14100
14089 14090
14090 14098
14091 14092
14091 14093
14092 14774
14093 14094
14093 14095
14093 14096
14094 14098
14095 14098
14096 14101
14096 14106
14097 14141
14097 14186
14101 14107
14102 14107
14102 14113
14103 14104
14103 14105
14103 14115
14105 14106
14106 14107
14108 14186
14108 14219
14109 14110
14110 14111
14110 14112
14111 14112
14112 14114
14113 14114
14114 14115
14116 14769
14116 14770
14117 14128
14118 14120
14118 14121
14119 14141
14119 14208
14120 14121
14120 14128
14121 14132
14122 14123
14122 14124
14122 14125
14123 14134
14123 14139
14124 14132
14126 14127
14126 14128
14127 14133
14127 14135
14129 14142
14130 14808
14131 14132
14131 14133
14131 14134
14133 14138
14134 14138
14135 14140
14135 14142
14136 14137
14136 14166
14137 14138
14137 14139
14141 14152
14141 14163
14144 14145
14144 14146
14145 14149
14145 14153
14146 14147
14147 14148
14147 14149
14149 14150
14150 14154
14151 14178
14153 14154
14153 14155
14156 14159
14157 14158
14157 14159
14157 14160
14158 14161
14158 14162
14161 14162
14163 14474
14163 15941
14165 14181
14165 14189
14167 14168
14167 14169
14168 14170
14170 14171
14170 14172
14173 14175
14174 14452
14174 14474
14176 14177
14176 14178
14178 14183
14179 14180
14179 14181
14180 14187
14180 14188
14181 14192
14182 14183
14182 14184
14182 14187
14184 14188
14185 14407
14186 14241
14189 14190
14189 14194
14190 14191
14191 14194
14191 14196
14192 14193
14194 14195
14195 14196
14198 14199
14198 14200
14198 14201
14199 14202
14200 16935
14200 17048
14200 17077
14201 16934
14201 17100
14203 14204
14203 14205
14204 14213
14205 14206
14205 14207
14205 14209
14206 14210
14206 14211
14207 14210
14208 15930
14209 14213
14210 14212
14211 14212
14218 14250
14220 14221
14220 14223
14221 14222
14221 14223
14224 19051
14225 14226
14225 14227
14225 14228
14231 14232
14233 14372
14233 14685
14234 14238
14234 14244
14235 14702
14236 14243
14236 14244
14237 14239
14237 14240
14237 14242
14238 14242
14240 14245
14242 14244
14243 14245
14243 14246
14243 14247
14244 14245
14245 14248
14246 14248
14246 14249
14249 14436
14251 14253
14251 14254
14255 14256
14255 14257
14256 14260
14256 14266
14257 14262
14257 14265
14257 14266
14258 14262
14259 14261
14259 14340
14260 14261
14260 14346
14262 14264
14264 14265
14264 14342
14265 14350
14266 14346
14267 14268
14268 14269
14268 14283
14269 14270
14269 14271
14270 14357
14271 14356
14272 14273
14272 14282
14273 14283
14275 14276
14275 14277
14275 14278
14276 14354
14276 14355
14277 14351
14278 14279
14279 14280
14279 14281
14280 14348
14280 14349
14282 14668
14284 14286
14284 14287
14284 14509
14285 14297
14285 14308
14286 14509
14286 18876
14286 18877
14287 14288
14287 14289
14288 14289
14288 14290
14289 14290
14289 18880
14290 14291
14291 14292
14291 14293
14292 15848
14292 18871
14293 14294
14293 14295
14294 14295
14294 14510
14295 14298
14295 14510
14296 14407
14296 14518
14296 14630
14297 14363
14298 14299
14298 14300
14298 14301
14299 14300
14299 14301
14300 14487
14301 14302
14302 14303
14302 14304
14303 14469
14303 14470
14305 18816
14305 18819
14306 14307
14306 16035
14306 16036
14307 16380
14308 14319
14308 14363
14308 16075
14309 14310
14309 16056
14309 16057
14310 16037
14311 14312
14311 14313
14311 14318
14312 14317
14312 14320
14314 14315
14314 14316
14314 14317
14315 14321
14316 14317
14316 14761
14317 14321
14318 14320
14319 14330
14319 14341
14320 14321
14320 14322
14322 14323
14325 17620
14326 17619
14327 14328
14327 14329
14330 14352
14330 14363
14331 14332
14331 14333
14332 14334
14332 14336
14332 14337
14333 14338
14333 14777
14334 14335
14335 14800
14336 14780
14336 14800
14337 14706
14337 14777
14337 14780
14338 14339
14338 14340
14339 14660
14339 14661
14341 16075
14341 16086
14342 14343
14342 14350
14343 14344
14343 14345
14344 14350
14345 14347
14345 14353
14347 14348
14347 14349
14349 14353
14351 14755
14352 14374
14354 14688
14354 14689
14354 14755
14355 14679
14355 14688
14356 14357
14356 14358
14356 14359
14357 14360
14358 14364
14358 14666
14358 14667
14360 14665
14361 14362
14361 14364
14361 14365
14362 14365
14362 14674
14363 14396
14364 14663
14364 14665
14365 14366
14366 14370
14368 14687
14369 14370
14370 14371
14371 14948
14372 14373
14373 14701
14373 14702
14374 14385
14374 14396
14375 14376
14375 14377
14375 14378
14377 14378
14377 14387
14379 14380
14379 14381
14382 14383
14382 14384
14382 14386
14383 17427
14384 17007
14386 17426
14386 17427
14386 17432
14387 14388
14387 14389
14390 15776
14393 14394
14395 14397
14395 14398
14395 14399
14397 14403
14398 14400
14398 17400
14399 17389
14401 14402
14401 14403
14401 14409
14402 14404
14403 14414
14403 17251
14404 14405
14404 14406
14405 14406
14405 14410
14405 14412
14406 14413
14407 14518
14408 14419
14408 14430
14408 14441
14409 14410
14409 14411
14410 14424
14412 14415
14412 14416
14413 14414
14413 14415
14414 17399
14415 17386
14416 14417
14416 14418
14416 14420
14417 14421
14417 14422
14418 17384
14418 17386
14419 14430
14419 14452
14420 17227
14420 17382
14421 14423
14421 14425
14422 14423
14422 14424
14423 14426
14423 14427
14425 14426
14425 17231
14426 14427
14426 14434
14428 14429
14428 15242
14428 16401
14429 15242
14429 15243
14430 14485
14431 14432
14431 14433
14431 16425
14432 15246
14432 15247
14432 15248
14433 15242
14433 16404
14434 15249
14437 14439
14437 14440
14437 15963
14438 14444
14438 15963
14439 14442
14440 18224
14442 14443
14442 14444
14443 14445
14443 14448
14444 14446
14445 14446
14445 14447
14445 14448
14446 14447
14449 14450
14449 14451
14449 14453
14450 14457
14452 14463
14452 14485
14453 14454
14454 14455
14454 14456
14454 14457
14458 14459
14458 14460
14461 15677
14462 18417
14462 18434
14465 14466
14465 14467
14467 14468
14467 14469
14469 14470
14469 14471
14470 14471
14471 15805
14472 14473
14472 14475
14472 18815
14474 14485
14476 14477
14476 14478
14479 14480
14479 14481
14479 14486
14482 14483
14482 14484
14487 14488
14488 14489
14488 14490
14489 14490
14489 18866
14489 18868
14491 14492
14491 14493
14492 14493
14492 14499
14493 14497
14493 14498
14493 14503
14494 14495
14494 14497
14494 14498
14495 14497
14496 14507
14496 14519
14496 14530
14499 14500
14499 14501
14500 18868
14500 18870
14501 14502
14501 14503
14502 14504
14502 14506
14503 18870
14504 14506
14504 18865
14505 14506
14505 14508
14505 18875
14507 14552
14507 14574
14508 14509
14508 18875
14509 18877
14511 14512
14512 14532
14513 14529
14514 14515
14514 14516
14515 14549
14515 14554
14516 14554
14516 14555
14517 14520
14517 14521
14517 14522
14518 14630
14519 14574
14519 14585
14520 14527
14520 14546
14520 14551
14521 14523
14522 14551
14522 14594
14522 14595
14523 14524
14523 14527
14524 14525
14524 14526
14525 14532
14525 14533
14526 14535
14526 14536
14526 14537
14527 14537
14527 14539
14528 17176
14530 14618
14531 14532
14531 14533
14533 14534
14533 14535
14534 14540
14535 14542
14536 14538
14536 14542
14536 14550
14536 14625
14537 14538
14538 14539
14539 14544
14539 14545
14540 14542
14540 17175
14541 14552
14541 14563
14541 14574
14541 14596
14542 14543
14543 14628
14543 17175
14544 14548
14544 14549
14545 14546
14545 14548
14546 14547
14547 14551
14547 14555
14548 14553
14549 14550
14550 17011
14553 14554
14553 14555
14556 14557
14556 14558
14557 14715
14557 16933
14558 14565
14558 16933
14559 14560
14559 14561
14560 14714
14560 16932
14561 14562
14561 16928
14561 17629
14562 14564
14563 14686
14564 15537
14566 14567
14566 14568
14566 14569
14567 16938
14568 14714
14568 14715
14569 14715
14569 16933
14573 16015
14575 14576
14576 14577
14576 14578
14577 16891
14577 16892
14578 16885
14578 16891
14579 14580
14580 14583
14581 14582
14581 14583
14582 16896
14586 18447
14586 18448
14587 15926
14587 15927
14588 15207
14589 14590
14589 14591
14589 14592
14590 15665
14591 15751
14592 15233
14593 14609
14593 14610
14594 14600
14594 14604
14595 14600
14595 14609
14595 14611
14597 14598
14597 14599
14597 14600
14598 14604
14598 14608
14599 14601
14599 14602
14600 14604
14601 14611
14601 14614
14602 14606
14602 14608
14603 14605
14603 14606
14605 14606
14605 14608
14607 14618
14609 14610
14610 14612
14610 14613
14611 14612
14612 14613
14613 14614
14614 14615
14614 14616
14615 14617
14615 14619
14616 14624
14617 14623
14617 14624
14618 14631
14619 14620
14619 14621
14620 14623
14621 14622
14625 14628
14625 17011
14626 14627
14626 14628
14626 14632
14627 17173
14627 17177
14629 15225
14631 14642
14631 14653
14633 14634
14633 14635
14633 14636
14634 18616
14634 19042
14635 15849
14636 19019
14636 19021
14636 19044
14637 14638
14637 14639
14637 14640
14637 14641
14638 19027
14639 14640
14639 14641
14639 19020
14639 19028
14640 19038
14641 19012
14641 19014
14641 19015
14642 14653
14643 14644
14643 14645
14643 14648
14644 19025
14644 19026
14645 14649
14645 18935
14645 19025
14645 19032
14645 19033
14646 14647
14646 14648
14646 18899
14647 18931
14647 18936
14647 18937
14648 14649
14649 18915
14649 18936
14652 14654
14652 14655
14652 14656
14653 16019
14657 14658
14657 14659
14660 14661
14660 14662
14661 14778
14662 14782
14662 14790
14663 14670
14664 14675
14664 14686
14664 14697
14664 14708
14669 14671
14670 14671
14670 14672
14672 14673
14672 14674
14675 14719
14675 14730
14676 14677
14676 14678
14677 14814
14677 14822
14678 14823
14679 14680
14679 14684
14680 14681
14680 14688
14681 14682
14681 14683
14682 14689
14683 14684
14683 14687
14684 14685
14685 14687
14691 17763
14693 14695
14695 14696
14696 14698
14697 14742
14699 14700
14703 14704
14703 14705
14703 14706
14703 14707
14704 14807
14705 14782
14705 14784
14705 14791
14706 14781
14707 14778
14707 14781
14709 14710
14709 14711
14709 14712
14710 14796
14710 14891
14710 14904
14711 14791
14711 14792
14711 14805
14712 14804
14712 14805
14714 14716
14714 16929
14717 14718
14717 14720
14718 14723
14718 14724
14718 16925
14719 14775
14720 14723
14720 15540
14720 15542
14721 14722
14721 15546
14722 15540
14722 15543
14723 15546
14724 16837
14725 15532
14725 16924
14725 18740
14726 14727
14726 14728
14727 17542
14727 17759
14728 14729
14728 14731
14729 16499
14730 14742
14730 14753
14732 14733
14732 14734
14732 16023
14732 16200
14733 16562
14733 16564
14734 16501
14734 17743
14734 17748
14735 14736
14736 14737
14737 15887
14739 14740
14741 14852
14741 14963
14741 15074
14742 14786
14743 14744
14743 14745
14743 18485
14746 14747
14746 14748
14746 14749
14746 14750
14748 15366
14750 15365
14751 15355
14751 15357
14751 18474
14752 15358
14752 18452
14752 18474
14753 14764
14753 14775
14756 14757
14756 14758
14756 14759
14756 14760
14762 14766
14762 14767
14764 14819
14764 14830
14766 14767
14770 14774
14770 14776
14771 14772
14771 14773
14771 14774
14775 14853
14777 14779
14778 14779
14778 14782
14779 14781
14780 14803
14782 14785
14783 14784
14783 14817
14783 14820
14783 14821
14784 14793
14784 14807
14785 14790
14785 14791
14785 14792
14786 14797
14786 14808
14787 14788
14787 14789
14787 14794
14788 14821
14788 14826
14789 14855
14789 14856
14791 14793
14793 14805
14793 14806
14794 14795
14794 14798
14794 14826
14795 14860
14795 14861
14796 14889
14797 14830
14798 14799
14798 14844
14798 14860
14799 14826
14799 14827
14799 14828
14800 14801
14800 14802
14801 14813
14802 14803
14802 14812
14803 14811
14803 14815
14804 14849
14804 14891
14805 14847
14806 14820
14806 14847
14807 14809
14807 14810
14809 14817
14810 14811
14812 14813
14812 14814
14812 14815
14814 14815
14815 14816
14816 14817
14816 14822
14817 14818
14818 14822
14818 14824
14818 14825
14819 14841
14819 14853
14820 14826
14822 14823
14823 14824
14827 14847
14827 14848
14828 14829
14828 14844
14829 14831
14829 14832
14829 14833
14830 16052
14831 14843
14831 14844
14831 14869
14832 14848
14832 14849
14833 14869
14834 14835
14834 14836
14834 14837
14834 14916
14835 14836
14835 14931
14835 14933
14836 14872
14836 14874
14837 14899
14837 14931
14838 14839
14838 14840
14838 14842
14838 14933
14839 14940
14840 14845
14840 14846
14841 16052
14841 16063
14843 14871
14843 14881
14844 14862
14845 14933
14846 14873
14847 14848
14849 14893
14850 14851
14850 14854
14851 14855
14852 15407
14852 17023
14854 14956
14857 14868
14858 14979
14859 14861
14859 14956
14860 14863
14861 14863
14862 14863
14862 14865
14863 14868
14865 14866
14866 14867
14866 14868
14869 14870
14869 14911
14870 14871
14870 14872
14871 14882
14872 14873
14874 14915
14874 14916
14876 14877
14876 14878
14877 14927
14878 14884
14878 14927
14879 14880
14879 14881
14880 14978
14883 14884
14883 14885
14883 14887
14883 14889
14884 14888
14884 14926
14885 14903
14885 14905
14887 14906
14887 14926
14888 14889
14890 14891
14890 14892
14890 14893
14891 14917
14892 14901
14892 14914
14892 14917
14893 14918
14894 14895
14894 14896
14894 14898
14895 14905
14896 14899
14896 14900
14897 14908
14897 14919
14897 14930
14897 14941
14898 14925
14899 14901
14900 14901
14900 14902
14902 14903
14902 14907
14903 14904
14904 14907
14905 14906
14906 14920
14907 14917
14909 14910
14909 14911
14909 14915
14910 14912
14910 14913
14912 14914
14912 14915
14912 14916
14919 14941
14920 14921
14920 14922
14921 14922
14921 14923
14923 14924
14923 14925
14924 14935
14924 14936
14925 14931
14926 14927
14926 14928
14927 14932
14928 14932
14931 14936
14933 14934
14934 14936
14937 14938
14937 14939
14939 14942
14943 14944
14944 14982
14945 14946
14945 14947
14945 14948
14947 14953
14948 14955
14949 14950
14949 14951
14949 14953
14952 14964
14952 14975
14954 14977
14956 14957
14957 14973
14958 14959
14958 14960
14958 14961
14959 14966
14960 14961
14960 14962
14961 14965
14962 14965
14962 14966
14962 14967
14963 15185
14963 15296
14963 15407
14964 15819
14967 14970
14968 14969
14968 14970
14968 14971
14968 14972
14969 14991
14973 14974
14973 14976
14973 14977
14974 14993
14977 14993
14978 14979
14978 14980
14980 14994
14981 14982
14981 14983
14981 14984
14981 14985
14984 15006
14986 14997
14986 15008
14986 15019
14986 15030
14988 14990
14989 14990
14991 14992
14995 14996
14995 14998
14995 14999
14997 15041
14997 15052
15000 15001
15000 15002
15003 15004
15003 15005
15003 15006
15003 15007
15008 15052
15008 15141
15009 15010
15011 15012
15011 15013
15014 17820
15014 17821
15015 15016
15015 15066
15017 15018
15017 15020
15017 15021
15018 15024
15018 15025
15020 15022
15020 15023
15021 15056
15023 15045
15023 15046
15024 15032
15024 15045
15025 15026
15025 15029
15026 15027
15026 15055
15027 15028
15027 15031
15028 15042
15028 15043
15028 15044
15029 15031
15029 15032
15031 15033
15033 15039
15033 15040
15034 15035
15034 15036
15034 15037
15034 15038
15035 15059
15035 15079
15036 15040
15036 15049
15037 15084
15037 15088
15038 15087
15038 15088
15039 15049
15040 15050
15041 15063
15042 15054
15042 15058
15043 15050
15043 15051
15044 15055
15045 15047
15047 15048
15047 15094
15047 15095
15048 15090
15048 15093
15050 15051
15051 15053
15053 15078
15055 15056
15056 15061
15057 15058
15057 15059
15058 15066
15058 15078
15059 15077
15060 15061
15060 15062
15060 15064
15060 15065
15062 15064
15063 15075
15063 15086
15065 15465
15067 15068
15067 15069
15070 15071
15070 15072
15070 15073
15070 15076
15075 15097
15075 15108
15079 15081
15080 15081
15080 15085
15082 15084
15082 15088
15082 15091
15083 15084
15083 15085
15086 15097
15087 15089
15087 15090
15088 15089
15089 15091
15089 15092
15090 15092
15091 15092
15092 15093
15093 15094
15094 15095
15095 15096
15097 15108
15100 15101
15100 15102
15100 15103
15100 15104
15105 15106
15105 15107
15105 15109
15105 15110
15106 15111
15106 15124
15106 15135
15107 15134
15109 15122
15109 15124
15109 15134
15110 15135
15111 15112
15111 15113
15111 15114
15113 15124
15113 15129
15115 15116
15115 15117
15115 15118
15119 15130
15119 15141
15119 15152
15120 15121
15120 15122
15120 15123
15120 15124
15125 15126
15125 15127
15125 15128
15127 15138
15128 15148
15129 15131
15129 15132
15129 15133
15135 15136
15135 15137
15138 15139
15138 15140
15142 15143
15142 15144
15144 15150
15145 15146
15145 15147
15145 15148
15146 15147
15149 15150
15149 15151
15149 15153
15150 15153
15154 15155
15154 15156
15154 15157
15154 15158
15155 15157
15155 15161
15156 15162
15159 15160
15159 15161
15159 15162
15159 15164
15160 15161
15163 15174
15163 15186
15164 15165
15165 15166
15165 15167
15169 15170
15169 15171
15171 15172
15171 15173
15173 15175
15173 15176
15174 15219
15175 15176
15176 18467
15177 15178
15177 15179
15179 18457
15179 18458
15180 15181
15181 15182
15181 15183
15182 15184
15185 15407
15186 15352
15186 16063
15187 15188
15187 18509
15188 15189
15188 15190
15189 18490
15190 18406
15190 18417
15191 15192
15191 15193
15191 15194
15192 18395
15192 18440
15192 18443
15194 18435
15194 18436
15194 18451
15195 15196
15195 15198
15195 15199
15196 18261
15197 15208
15197 15219
15197 15230
15198 15203
15198 18380
15198 18382
15200 15201
15200 15202
15200 15938
15200 15962
15200 15970
15200 17290
15201 15203
15201 18380
15201 18387
15202 18380
15203 15204
15203 18388
15204 18387
15204 18389
15204 18437
15204 18438
15205 15206
15205 15915
15205 15921
15206 15922
15206 15925
15207 15447
15208 15241
15209 15210
15209 15211
15209 15432
15210 15523
15211 15653
15212 15213
15212 15214
15213 15433
15213 15672
15214 15215
15215 15747
15216 15527
15216 15747
15217 15524
15218 15220
15218 15221
15220 15224
15220 15433
15221 15222
15221 15223
15222 15526
15222 15656
15223 15224
15223 15686
15224 15671
15225 15226
15225 15227
15226 15231
15226 15665
15227 15228
15227 15229
15227 15231
15228 15666
15228 15669
15229 15232
15229 15669
15230 15241
15230 15252
15230 15263
15231 15233
15232 15233
15232 15234
15235 15236
15235 15237
15235 15750
15237 15238
15237 15239
15238 15248
15238 15250
15238 15253
15240 16070
15241 15274
15242 15244
15242 16399
15243 15244
15243 16069
15244 15245
15244 15246
15245 16069
15246 15248
15247 15253
15249 15250
15249 15251
15249 15255
15251 17218
15251 17233
15252 15285
15253 15254
15253 15255
15254 16423
15254 16425
15255 17217
15256 15257
15256 15258
15256 15259
15257 15258
15257 15260
15259 15260
15261 15266
15262 15264
15262 15265
15262 15268
15263 15274
15263 15285
15265 15267
15266 15267
15269 15270
15271 15272
15271 15273
15274 17729
15275 15276
15275 15277
15276 15277
15276 15292
15276 15294
15277 15281
15277 15292
15278 15279
15278 15280
15278 15281
15279 15286
15280 15282
15280 15286
15282 15283
15282 15284
15286 15287
15286 15288
15287 15290
15289 15290
15289 15291
15292 15293
15295 15298
15295 15299
15295 15300
15297 15308
15297 15319
15297 15330
15297 15341
15298 15301
15301 15302
15301 15303
15303 15307
15304 15305
15304 15306
15304 15307
15306 15309
15306 15310
15306 15311
15308 15319
15309 15313
15311 15312
15312 15313
15312 15314
15312 15315
15314 15316
15316 15317
15316 15318
15323 15324
15323 17572
15323 17573
15323 17591
15324 17562
15324 17592
15325 15326
15325 15327
15325 15328
15326 17806
15326 17822
15327 15331
15327 17637
15328 17843
15328 17844
15329 17821
15329 17845
15330 15341
15331 17638
15331 17845
15332 15333
15333 16035
15334 15335
15334 15336
15334 16026
15335 16026
15335 16027
15335 16028
15336 17709
15337 15338
15337 15339
15337 16027
15339 16028
15339 17690
15340 15342
15340 15343
15340 15344
15340 15345
15342 17702
15342 17974
15343 17700
15343 17702
15344 16728
15344 16732
15345 16533
15345 16534
15346 15347
15346 15348
15346 15349
15348 16371
15348 17970
15349 16724
15349 17724
15352 15363
15352 15374
15353 18496
15354 18496
15355 15356
15355 18485
15356 15357
15357 15358
15358 15359
15358 15360
15359 15361
15360 15405
15360 15406
15360 18452
15361 15362
15361 15364
15362 15406
15365 15366
15365 18385
15366 15368
15366 18396
15367 15368
15367 15369
15367 15370
15367 18396
15369 15383
15370 15378
15370 15379
15370 15380
15371 15372
15371 15373
15371 15375
15372 15376
15373 15376
15373 15377
15375 15403
15375 15404
15377 16167
15378 15381
15378 15382
15378 15383
15379 18396
15379 18408
15380 15381
15381 15384
15381 15389
15383 15405
15383 15406
15384 15386
15384 15387
15386 15388
15386 15389
15386 15390
15387 15388
15388 15391
15388 15392
15389 15411
15390 15392
15390 15411
15390 15412
15392 15393
15393 15394
15393 15395
15394 15399
15394 15409
15394 15412
15395 15397
15395 15398
15396 15408
15396 15419
15397 15399
15397 15400
15399 15401
15400 15401
15401 15402
15402 15409
15403 16167
15404 15415
15407 17023
15409 15410
15410 15413
15411 15418
15412 15413
15412 15417
15413 15414
15414 15415
15414 15416
15414 15417
15417 15418
15420 15421
15421 15422
15421 15423
15421 15424
15422 15425
15422 15426
15423 15426
15425 15426
15425 15427
15427 15428
15427 15431
15428 15429
15428 15431
15430 15441
15430 15452
15432 15522
15432 15672
15434 15435
15434 15436
15435 15972
15436 15437
15436 15438
15437 15454
15437 15971
15438 15456
15438 15980
15439 15440
15439 15443
15439 15820
15439 15843
15439 15872
15440 15871
15440 15872
15440 15876
15440 15917
15442 15443
15442 15444
15442 15820
15443 15547
15443 15874
15444 15874
15444 15935
15445 15446
15445 15447
15445 15956
15446 15960
15447 15456
15447 15910
15448 15449
15448 15450
15448 15451
15448 15960
15450 15453
15450 15948
15451 15453
15454 15873
15455 15871
15455 15955
15457 15458
15457 15982
15457 15983
15458 15461
15459 15460
15459 15461
15459 15885
15460 16516
15461 16851
15464 15465
15464 15466
15464 15467
15464 15468
15469 17640
15470 15644
15471 15473
15471 15479
15471 17653
15471 17654
15472 15473
15472 18006
15473 15478
15474 15485
15474 15496
15475 15476
15475 15477
15476 18003
15477 15626
15477 15627
15478 18006
15479 15484
15479 17651
15480 15481
15480 15482
15480 18005
15481 15626
15481 15627
15483 15484
15483 15487
15486 15487
15486 15488
15486 15489
15487 15502
15488 15494
15488 15505
15489 15490
15489 15644
15490 15491
15490 15639
15491 15492
15491 15520
15492 15493
15492 15640
15493 15638
15493 16394
15494 15497
15494 15508
15495 15497
15495 15498
15496 16097
15498 15499
15498 15500
15498 15502
15498 15622
15499 15503
15499 15617
15499 15621
15500 15622
15500 15623
15500 15624
15501 15502
15501 18002
15502 15503
15503 15616
15504 15505
15504 15506
15504 15508
15506 15511
15506 15512
15506 15517
15508 15509
15509 15510
15509 15625
15509 15785
15510 15513
15510 15790
15511 15520
15511 15635
15512 15635
15512 15637
15513 15514
15513 15515
15514 15515
15514 15628
15514 15631
15515 15516
15515 16390
15516 15517
15518 15629
15520 15521
15521 16392
15521 16394
15523 15653
15524 15525
15526 15657
15527 15528
15529 15535
15530 15541
15530 15552
15530 15563
15531 16922
15532 16922
15533 15534
15533 15535
15533 15536
15534 16925
15536 15537
15536 16839
15537 16926
15538 15539
15538 15540
15538 15542
15538 15543
15539 15544
15539 15545
15540 15546
15543 16836
15544 16821
15544 16825
15545 16827
15545 16830
15547 15548
15548 15876
15549 15550
15549 15874
15549 16194
15550 18299
15551 15553
15551 15554
15551 15555
15552 15574
15553 15586
15553 15589
15553 15611
15554 15556
15554 15566
15555 15612
15556 15557
15556 15558
15557 18282
15557 18287
15558 15566
15559 15575
15559 15593
15559 15940
15560 15561
15560 15565
15560 18248
15561 18287
15562 15564
15564 15613
15564 15614
15564 18326
15566 15567
15568 16466
15568 18270
15569 15570
15569 15571
15569 15597
15570 15572
15570 15573
15571 15573
15571 15594
15573 15575
15573 15576
15574 15585
15574 15596
15575 15578
15576 15577
15576 15581
15576 15599
15577 15594
15577 15598
15578 15579
15578 15580
15578 15581
15579 15593
15580 18314
15581 15582
15582 15583
15582 15584
15582 15599
15583 18305
15584 15586
15584 15587
15584 18306
15586 15598
15587 15588
15587 15589
15588 18309
15588 18332
15589 15600
15590 15591
15590 15592
15590 18326
15591 18324
15591 18325
15592 18333
15592 18334
15593 15942
15593 18301
15594 18264
15595 15597
15598 15599
15598 18264
15600 15601
15600 15611
15601 18323
15601 18332
15602 15603
15602 17230
15603 17463
15604 16341
15604 17274
15605 15606
15605 15608
15605 15609
15605 15610
15608 15609
15608 17285
15611 18323
15612 15613
15612 15614
15613 18323
15613 18331
15615 15650
15616 15619
15617 15619
15617 15620
15619 15645
15621 15624
15621 16651
15622 15625
15622 15783
15623 15781
15623 16067
15625 16068
15627 18002
15628 15791
15628 16389
15628 16390
15629 15741
15631 15789
15631 15790
15631 15791
15632 15633
15632 15634
15632 16400
15632 16412
15633 15793
15633 16398
15634 15789
15634 15791
15634 15793
15635 15636
15635 16392
15636 15637
15636 16393
15637 16391
15638 15642
15638 16397
15639 15640
15640 15643
15641 15652
15641 15663
15641 15674
15642 15643
15645 16388
15646 15647
15646 15648
15647 15649
15647 16471
15647 16472
15648 18336
15648 18367
15649 15650
15649 16466
15652 15718
15654 15671
15654 15672
15654 15684
15655 15684
15656 15657
15656 15687
15658 15659
15659 15662
15660 15661
15660 15668
15660 15680
15660 17302
15661 15664
15661 15673
15662 15664
15662 15668
15662 15683
15663 15696
15663 15718
15664 15682
15665 15751
15666 15667
15667 15670
15667 15683
15671 15686
15674 15685
15678 15680
15678 17304
15679 15682
15684 15686
15684 15687
15685 15696
15688 15689
15689 15690
15690 16708
15690 16715
15691 15692
15691 15693
15692 18055
15694 15695
15694 15697
15694 15698
15695 15699
15696 15707
15699 15700
15699 15703
15700 15702
15700 15723
15700 15724
15701 15702
15702 15721
15703 15723
15704 15705
15704 15723
15705 15706
15705 15708
15705 15709
15706 15710
15706 15711
15707 15718
15707 15729
15708 15711
15708 15723
15708 15724
15709 15722
15710 15712
15710 15713
15711 15713
15711 15719
15712 15714
15713 15714
15713 15716
15714 15717
15714 15720
15716 15717
15716 15719
15717 15721
15719 15724
15720 15721
15725 15727
15728 15730
15728 15731
15728 15732
15732 15734
15733 15734
15733 15735
15736 15737
15736 15738
15736 15739
15737 15743
15740 15887
15740 15888
15740 15891
15740 16760
15742 15753
15742 15764
15742 15775
15743 15744
15743 15745
15743 15746
15748 15749
15748 15750
15748 15751
15749 17309
15749 17318
15750 15834
15753 15808
15755 15770
15757 15758
15759 15760
15759 15761
15759 17625
15760 15761
15760 15762
15761 17625
15762 15763
15762 15765
15762 17627
15763 15766
15763 15768
15764 15819
15766 15768
15766 17623
15767 17655
15769 17622
15771 15772
15773 15774
15774 15779
15774 15780
15775 15786
15777 15778
15779 15780
15781 15782
15781 15783
15782 16414
15782 16415
15782 16416
15783 15784
15783 16068
15784 16415
15784 16418
15785 15787
15785 15788
15785 15790
15786 15797
15786 15808
15787 16068
15788 16405
15788 16409
15789 16412
15790 16405
15791 15792
15792 15793
15792 16389
15795 15796
15795 15798
15799 15803
15800 15801
15800 15802
15803 15804
15807 15809
15807 15810
15811 15812
15811 15813
15813 15814
15813 15815
15816 15817
15816 15818
15816 15924
15817 15904
15817 15923
15818 18299
15818 18302
15819 15830
15820 15902
15821 15822
15821 15823
15821 15824
15822 15825
15822 17356
15823 17358
15824 15825
15824 15826
15825 17345
15825 17355
15826 17355
15826 17358
15827 15828
15827 15829
15827 17377
15828 15831
15828 17376
15829 15836
15829 15837
15829 17328
15830 15897
15831 15832
15831 15833
15831 15836
15832 17354
15833 17345
15833 17346
15834 15835
15835 17310
15835 17315
15835 17316
15837 17340
15837 17342
15839 17367
15839 17368
15839 17371
15840 15842
15840 17307
15840 17347
15842 17342
15842 17343
15842 17344
15843 15901
15843 15903
15848 18867
15849 15850
15850 18600
15850 18613
15851 15854
15851 15855
15851 15856
15851 18304
15852 15963
15853 15864
15853 15875
15853 15886
15854 15928
15854 15939
15855 15924
15855 15932
15856 15928
15856 15934
15856 15961
15858 17525
15858 18369
15859 15860
15859 15861
15859 15869
15860 15867
15860 17513
15861 17514
15862 15863
15863 15865
15863 15866
15865 15866
15865 18315
15866 15867
15866 15869
15867 15868
15868 17516
15869 15870
15870 18310
15870 18315
15870 18316
15871 15873
15872 15955
15873 15977
15877 15878
15878 16194
15878 18303
15879 15880
15879 15881
15879 17658
15881 15882
15882 15883
15888 15891
15888 15894
15889 15890
15889 15891
15889 15892
15889 15907
15890 16759
15892 15896
15892 15898
15895 15896
15895 15907
15896 15898
15899 15906
15899 15907
15899 15913
15900 15916
15901 15902
15901 15903
15901 15904
15902 15904
15903 15951
15905 15906
15905 15957
15910 15911
15910 15959
15911 15912
15911 15913
15912 15958
15912 15959
15913 15958
15914 15915
15914 15916
15917 15918
15917 15920
15917 15978
15918 15920
15921 15922
15921 15923
15922 15933
15923 15924
15925 15926
15925 15929
15927 15929
15927 15931
15928 15961
15929 15961
15929 15968
15930 15941
15930 15952
15931 15966
15931 15968
15932 15933
15933 15934
15934 15961
15936 15937
15936 15951
15937 15948
15938 15939
15940 15943
15942 18314
15944 15945
15944 15946
15945 18244
15945 18250
15946 15947
15946 18244
15946 18304
15947 18302
15948 15949
15949 15957
15950 15951
15950 15953
15953 15954
15954 15955
15956 15959
15957 15958
15962 15969
15962 17290
15964 15975
15964 15986
15964 15997
15965 15966
15965 15967
15969 15970
15971 15972
15972 15973
15973 15976
15973 15977
15976 15977
15976 15978
15979 15980
15981 15984
15981 15985
15982 16649
15983 16648
15985 16812
15987 15988
15988 15991
15989 16074
15989 16835
15990 16743
15990 18074
15992 16296
15992 16529
15992 16576
15993 16074
15993 16797
15993 16801
15995 16775
15995 16776
15996 16002
15998 16944
15998 16945
15999 16946
16000 16946
16002 16770
16003 16004
16003 16005
16003 16565
16004 16005
16004 16025
16005 16006
16005 16026
16005 16031
16005 16032
16007 16009
16007 16010
16007 16021
16009 16010
16009 16629
16010 16032
16010 16565
16011 16494
16011 16518
16011 16527
16011 16644
16011 16753
16012 16518
16012 16528
16012 16578
16013 16303
16013 16517
16013 16646
16014 16015
16014 16016
16015 16311
16016 16307
16017 16859
16018 16020
16018 16033
16019 16030
16019 16041
16020 16551
16021 16556
16022 16395
16023 16024
16025 16029
16026 16031
16027 17710
16028 16031
16029 16560
16029 16561
16031 16032
16032 16033
16034 16035
16034 16036
16034 16038
16036 17546
16037 16038
16037 16056
16039 16040
16039 16043
16039 16045
16040 17645
16040 17647
16042 16043
16042 17647
16043 16044
16044 16045
16045 16046
16045 16051
16046 17648
16048 16049
16048 16050
16048 17976
16049 16050
16050 17977
16051 17757
16053 16054
16053 16055
16055 16653
16055 17494
16058 16114
16058 17998
16059 17595
16060 16061
16060 16062
16061 17987
16061 17991
16061 17996
16062 17989
16062 17990
16062 17998
16064 17711
16065 16066
16065 16416
16065 16421
16066 16415
16066 16423
16068 16418
16069 16070
16071 17288
16071 17289
16072 16073
16074 16185
16076 16077
16076 16078
16077 16078
16078 16898
16080 16939
16081 16082
16081 16083
16081 16772
16082 16769
16083 16777
16083 16778
16084 16085
16084 16091
16085 16090
16087 16088
16087 16089
16087 16090
16088 16175
16088 16183
16089 16191
16090 16175
16091 16171
16091 16172
16092 16093
16092 16094
16092 16095
16095 16191
16096 16098
16096 16099
16096 16100
16097 16108
16099 16103
16101 16102
16101 16103
16101 16104
16105 16106
16105 16107
16105 16109
16106 16110
16106 16111
16106 17979
16107 17742
16107 17745
16109 17755
16110 16112
16110 17731
16111 17978
16111 17979
16112 16113
16112 16114
16113 16114
16115 16116
16115 16117
16115 16118
16119 16130
16119 17552
16120 16121
16120 16122
16122 16139
16123 16124
16123 16125
16124 16171
16124 16173
16125 16131
16126 16127
16127 16128
16127 16129
16128 16131
16130 17530
16130 17552
16131 16139
16132 16133
16133 16134
16134 16135
16134 16136
16137 16138
16141 16152
16141 16163
16141 16174
16143 16144
16143 16145
16146 17964
16146 17986
16147 17964
16148 17964
16149 16150
16149 16151
16149 16153
16149 16154
16152 16186
16155 16156
16155 16157
16155 16158
16158 17940
16159 16160
16159 16161
16159 16162
16164 16165
16164 16166
16167 16168
16169 16170
16172 16173
16172 16175
16176 16178
16177 16178
16177 16190
16178 16180
16179 16180
16179 16181
16180 16190
16181 16187
16181 16189
16183 16188
16184 16187
16184 16188
16186 16197
16186 16208
16186 16219
16189 16190
16191 16192
16191 16193
16194 16195
16195 18301
16195 18303
16196 16198
16196 16221
16198 16207
16198 16216
16200 16201
16201 17725
16201 17730
16202 16203
16202 16204
16202 16214
16203 16205
16203 16206
16204 16214
16204 16215
16205 16207
16205 16445
16206 16260
16206 16262
16207 16209
16209 16210
16209 16216
16210 16214
16210 16216
16211 16212
16211 16213
16212 16290
16212 16304
16212 16317
16213 16265
16214 16288
16214 16437
16215 16260
16215 16261
16216 16437
16216 16750
16217 16218
16217 16220
16217 16221
16218 16253
16218 16432
16219 16263
16220 16221
16221 16750
16222 16223
16222 16224
16222 16235
16222 17270
16223 16254
16223 16611
16224 16609
16224 17883
16225 16226
16225 16584
16226 16615
16226 17878
16227 16228
16227 16229
16227 16231
16227 17855
16228 16229
16228 16231
16229 16232
16229 16233
16229 16234
16230 16241
16230 16252
16230 16263
16230 16274
16232 16354
16232 16426
16232 16723
16233 17854
16234 16580
16234 16581
16235 16236
16235 16237
16236 17260
16236 17287
16237 16242
16238 16239
16238 16240
16238 16242
16239 16243
16239 16244
16240 16451
16240 16456
16242 17287
16243 16258
16243 16259
16244 16911
16245 16246
16245 16247
16245 16248
16246 17261
16247 16249
16247 16250
16248 16905
16248 16911
16248 17259
16249 18213
16250 17258
16251 16253
16251 16254
16251 16456
16253 16433
16255 16256
16255 16257
16255 16937
16256 16450
16256 16454
16256 16455
16257 16907
16258 16259
16258 16937
16259 16454
16260 16261
16262 16264
16262 16443
16262 16444
16264 16265
16266 16267
16266 16268
16266 16299
16267 16281
16267 16292
16268 16298
16268 16300
16269 16270
16269 16271
16269 16272
16269 16273
16270 16434
16270 16605
16271 16589
16271 16606
16272 16586
16272 16587
16273 16606
16275 16276
16275 16277
16275 16278
16275 16288
16276 16279
16277 16293
16278 16435
16278 16436
16279 16280
16279 16281
16279 16283
16279 16872
16280 16436
16280 16608
16280 16872
16281 16293
16282 16283
16282 16284
16282 16286
16282 16287
16283 16591
16283 16873
16284 16365
16284 16591
16284 16593
16285 16297
16285 16308
16285 17308
16285 17319
16286 16603
16286 16604
16287 16604
16288 16289
16289 16290
16289 16291
16290 16295
16291 16294
16291 16295
16292 16293
16292 16294
16294 16299
16295 16298
16296 16407
16296 16477
16296 16639
16298 16299
16300 16301
16300 16302
16300 16842
16301 16323
16301 16843
16304 16305
16305 16306
16305 16315
16306 16307
16306 16309
16307 16318
16307 16320
16309 16310
16309 16311
16310 16313
16310 16316
16311 16312
16312 16313
16313 16314
16315 16316
16315 16317
16318 16844
16319 16330
16319 16341
16319 17763
16319 17796
16320 16339
16320 16340
16320 16844
16321 16322
16321 16876
16321 16888
16322 16884
16323 16324
16323 16325
16324 16591
16324 16593
16325 16326
16325 16593
16325 16845
16326 16327
16326 16328
16327 16592
16327 16593
16328 16329
16328 16343
16328 16856
16329 16331
16330 16352
16331 16347
16331 16350
16331 16869
16332 16338
16332 16339
16332 16342
16333 16334
16333 16338
16334 16335
16334 16336
16336 16337
16336 16338
16336 16349
16337 16338
16337 16342
16340 16342
16340 16848
16342 16854
16343 16344
16343 16345
16343 16346
16344 16366
16344 16599
16345 16368
16345 16592
16346 16350
16346 16600
16347 16348
16347 16349
16347 16857
16348 16859
16349 16849
16350 16351
16350 16353
16351 16356
16351 16382
16351 16600
16352 16363
16352 16374
16353 16356
16353 16870
16353 16871
16354 16355
16354 16384
16355 16358
16355 16359
16356 16357
16357 16381
16357 16382
16358 16364
16358 16384
16359 16580
16359 16601
16359 16622
16360 16361
16360 16362
16360 16364
16361 16387
16361 16601
16362 16383
16362 16386
16364 16622
16365 16366
16365 16367
16365 16368
16366 16594
16367 16594
16368 16592
16369 16370
16369 16371
16369 16372
16370 17723
16370 17969
16370 17971
16371 16426
16372 17716
16372 17971
16373 16375
16373 16376
16373 16377
16375 17587
16375 17717
16375 17719
16376 16377
16376 16429
16376 17782
16377 17716
16378 16379
16378 16380
16379 17590
16379 17595
16379 17597
16380 17572
16381 16382
16381 16383
16381 16386
16382 16595
16383 16384
16384 16723
16385 16396
16385 16408
16386 16387
16387 16595
16389 16391
16392 16393
16393 16395
16394 16395
16395 16397
16398 16400
16398 16401
16399 16400
16399 16401
16400 16406
16402 16403
16402 16404
16403 16405
16403 16406
16403 16410
16404 16406
16405 16412
16406 16412
16407 16473
16407 16623
16409 16410
16409 16417
16410 16411
16411 16425
16413 16414
16413 16420
16415 16422
16417 16418
16417 16422
16417 16424
16419 16430
16419 16441
16420 16421
16421 16654
16421 16976
16421 16982
16422 16423
16423 16424
16423 16978
16423 16982
16424 16425
16427 16428
16427 16429
16428 17778
16428 17798
16429 17836
16430 16452
16430 16596
16431 17853
16432 16620
16433 16613
16433 16617
16433 16620
16434 16435
16434 16436
16435 16437
16438 16439
16438 16440
16438 16442
16439 16443
16439 16444
16440 16921
16442 16920
16445 16446
16445 16447
16446 16448
16446 16449
16447 16457
16448 16904
16448 16913
16449 16913
16449 16917
16450 16451
16450 16453
16451 16454
16452 16463
16452 16474
16454 16937
16458 16459
16458 16460
16458 16461
16459 16469
16459 18426
16460 18412
16460 18421
16461 16462
16461 16469
16462 16464
16462 16465
16463 16552
16464 16472
16464 18335
16465 16467
16465 16468
16466 16471
16467 18270
16467 18278
16468 16471
16468 16472
16469 16470
16470 18276
16470 18281
16471 18270
16473 16626
16473 16627
16474 16596
16474 16607
16475 16476
16475 16477
16475 16525
16475 16642
16476 16482
16476 16573
16476 16576
16477 16576
16478 16479
16478 16480
16478 16481
16479 16482
16480 16578
16481 16487
16481 16568
16482 16483
16483 16573
16484 16486
16484 16487
16484 16488
16485 16496
16485 16507
16485 16519
16485 16530
16486 16489
16487 16569
16488 16489
16488 16569
16488 16570
16489 16571
16490 16491
16490 16492
16490 16529
16491 16572
16491 16573
16492 16571
16492 16572
16493 16494
16493 16495
16493 16497
16493 16645
16494 16497
16494 16751
16495 16640
16495 16643
16496 16541
16496 16563
16497 16646
16498 16499
16498 16500
16498 16501
16500 16502
16500 16503
16501 16564
16502 16513
16502 16754
16503 16504
16503 16505
16504 16754
16505 16506
16505 16764
16506 16508
16508 16758
16509 16510
16509 16511
16509 16512
16510 16512
16510 16579
16511 16515
16511 16564
16512 16515
16513 16514
16513 16515
16514 16755
16515 16753
16516 16521
16517 16520
16517 16521
16518 16528
16518 16578
16518 16579
16518 16629
16520 16751
16520 16754
16520 16755
16522 16523
16522 16643
16522 16644
16523 16524
16523 16525
16524 16526
16524 16527
16525 16526
16526 16528
16527 16528
16529 16575
16530 16563
16531 16532
16531 16550
16532 16546
16532 16550
16533 17691
16533 17692
16534 16535
16535 16536
16536 16537
16536 16538
16537 16545
16537 16546
16538 16539
16538 16540
16539 16542
16540 16542
16540 16543
16540 16547
16540 16553
16540 16740
16541 16552
16541 16563
16541 16574
16543 16544
16543 16740
16544 16548
16545 16546
16545 16549
16547 16548
16547 16549
16549 16550
16551 16553
16552 16585
16553 16740
16554 16559
16554 16565
16554 16629
16555 16559
16555 16629
16556 16577
16556 16852
16557 16558
16557 16852
16558 16629
16559 16560
16560 16561
16561 16562
16566 16639
16567 16568
16568 16569
16570 16571
16573 16575
16575 16576
16579 16753
16581 16604
16581 16621
16582 16583
16582 16584
16582 16586
16583 16615
16584 16588
16586 16588
16587 16588
16587 16589
16589 16590
16590 16602
16590 16603
16594 16597
16594 16599
16595 16597
16597 16598
16598 16599
16598 16600
16601 16604
16602 16603
16602 16608
16602 16873
16606 16608
16609 16610
16609 16611
16609 16612
16610 17884
16610 17887
16611 16613
16612 16616
16612 16619
16612 17882
16614 16615
16614 16616
16614 16617
16616 17880
16618 16630
16618 16641
16618 16652
16623 16626
16624 16746
16624 16749
16624 18296
16625 16745
16625 18296
16625 18629
16626 16635
16626 16637
16627 16628
16627 16631
16627 16632
16627 16637
16628 16633
16628 16647
16630 16663
16631 16633
16631 16634
16632 16634
16633 16646
16635 16636
16636 16637
16636 16638
16637 16647
16640 16642
16641 16707
16642 16643
16643 16645
16644 16645
16648 16649
16648 16650
16654 16655
16655 16985
16656 16657
16656 16658
16657 16659
16657 16660
16657 16684
16658 16977
16658 16987
16659 16662
16659 16950
16660 16661
16660 16662
16661 16664
16661 16683
16662 16666
16663 16674
16663 16729
16664 16665
16664 16666
16665 16690
16666 16954
16667 16668
16667 16673
16667 16987
16668 16977
16668 16980
16668 16981
16669 16670
16670 16671
16670 16675
16671 16672
16671 16673
16672 16676
16672 16677
16673 16675
16674 16741
16676 16691
16677 16691
16677 16692
16678 16679
16678 16680
16678 16681
16679 16684
16680 16695
16680 16703
16681 16692
16681 16695
16682 16683
16682 16684
16682 16686
16683 16713
16685 16696
16685 16707
16685 16718
16686 16710
16686 16712
16687 16688
16687 16689
16687 16713
16688 16714
16688 16715
16689 16690
16690 16953
16692 16693
16692 16987
16693 16694
16694 16695
16694 16697
16697 16698
16697 16699
16698 16702
16698 16703
16699 16700
16699 16701
16700 16701
16702 16704
16702 16705
16703 16704
16704 16710
16705 16706
16705 16708
16706 16708
16706 16711
16708 16709
16709 16710
16709 16714
16712 16713
16712 16714
16715 16716
16717 17465
16719 16720
16719 16721
16720 17588
16721 17984
16721 17985
16722 16723
16724 16725
16724 16726
16725 16727
16725 16734
16725 17724
16725 17968
16728 17700
16728 17972
16729 16741
16729 16818
16729 16829
16730 16731
16730 16732
16730 16734
16731 16732
16732 16733
16733 16735
16733 17972
16734 16735
16735 17697
16735 17973
16736 16737
16736 16738
16736 16739
16737 16742
16737 16748
16738 16742
16739 16745
16740 16852
16742 16743
16742 16744
16745 16748
16746 16747
16746 16748
16747 16749
16751 16753
16752 16763
16752 16774
16752 16785
16756 16757
16756 16758
16757 16758
16757 16759
16761 16762
16761 16764
16761 16765
16762 17542
16763 16840
16765 16766
16765 16767
16766 16767
16768 16769
16768 16770
16768 16771
16772 16783
16772 16789
16773 16775
16773 16776
16774 16807
16775 16783
16777 16790
16777 16791
16778 16788
16778 16789
16779 16780
16779 16781
16779 16782
16780 16798
16780 16799
16781 16787
16781 16794
16782 16795
16782 16799
16783 16784
16784 16786
16785 16840
16785 16853
16785 16864
16786 16787
16786 16788
16788 16790
16790 16791
16792 16793
16792 16794
16794 16795
16795 16797
16796 16807
16796 16818
16796 16829
16797 16799
16798 16800
16799 16800
16800 16801
16801 16802
16802 16803
16802 16804
16803 16835
16804 16831
16804 16834
16805 16819
16805 16822
16805 18740
16806 16820
16806 18740
16809 16811
16809 16816
16811 16814
16812 16813
16814 16816
16819 16820
16819 16821
16821 16823
16822 16823
16822 16824
16823 16825
16823 16826
16824 16826
16824 16832
16825 16830
16826 16830
16826 16831
16827 16836
16828 16830
16828 16831
16831 16832
16831 16833
16832 16833
16833 16834
16834 16835
16842 16843
16842 16844
16843 16847
16843 16848
16844 16848
16845 16846
16845 16847
16846 16850
16846 16854
16847 16855
16848 16855
16849 16850
16849 16854
16850 16856
16851 17962
16854 16855
16857 16858
16857 16869
16858 16859
16858 16860
16860 16861
16860 16868
16861 16866
16861 16867
16862 16863
16862 16865
16862 16866
16863 16870
16863 16871
16864 16919
16864 16930
16865 16868
16865 16869
16866 16868
16872 16873
16874 17185
16875 16886
16875 16897
16875 16908
16876 16877
16876 16878
16877 16878
16877 16880
16878 16879
16879 16881
16880 16882
16880 16883
16881 16882
16883 16884
16884 16885
16885 16890
16886 16941
16887 16888
16887 16889
16887 16890
16889 16894
16890 16893
16891 16893
16892 16894
16892 16895
16893 16894
16895 16900
16897 16930
16898 16899
16899 16900
16902 16903
16902 16904
16905 16906
16907 16909
16907 16910
16912 16913
16912 16914
16912 16915
16915 16916
16916 16917
16916 16918
16919 16952
16920 16921
16922 16923
16923 18740
16926 16928
16927 16928
16929 16932
16930 16941
16931 17629
16933 16938
16934 16935
16934 16936
16935 17062
16935 17103
16936 17056
16936 17103
16936 17107
16940 16942
16940 16943
16941 16952
16941 16964
16942 16945
16943 16944
16943 16945
16950 16962
16950 16977
16951 17455
16952 16975
16953 16996
16954 16955
16954 16956
16955 16956
16955 16993
16956 16957
16957 16958
16957 16965
16958 16959
16959 16988
16959 17222
16960 16961
16960 16962
16960 16965
16961 16966
16961 16974
16961 16977
16962 16977
16963 17074
16963 17185
16964 16975
16965 16988
16966 16974
16967 16968
16967 16969
16967 16979
16968 16970
16969 16974
16969 17224
16970 16971
16970 16972
16970 16973
16971 16972
16971 16979
16971 16983
16972 16978
16973 17216
16973 17217
16974 17224
16975 16986
16976 16984
16976 16985
16979 16981
16979 16984
16980 16981
16982 16983
16983 16984
16989 16990
16989 16991
16989 16992
16990 17381
16991 17009
16991 17391
16991 17393
16992 16998
16992 16999
16992 17006
16993 16998
16993 17000
16994 16995
16995 17444
16995 17456
16996 16998
16996 16999
16997 17008
16997 17019
16997 17030
17000 17381
17001 17002
17001 17003
17001 17005
17002 17004
17004 17005
17006 17009
17008 17041
17009 17010
17010 17392
17012 17013
17012 17014
17012 17015
17012 17016
17013 18844
17013 18845
17013 18846
17014 18830
17014 19060
17015 18845
17015 19056
17015 19060
17016 18830
17016 18831
17016 18846
17017 17024
17017 18225
17020 18231
17020 18232
17021 17022
17021 17023
17024 17025
17024 18226
17025 17031
17025 18229
17026 17027
17026 17028
17026 17029
17027 17029
17027 18950
17028 18898
17028 18947
17028 18984
17029 18998
17030 17041
17031 17032
17031 17033
17032 18895
17032 18904
17033 18895
17033 18897
17033 18898
17034 17035
17034 17036
17034 17037
17035 18952
17037 17038
17037 17039
17040 17042
17040 17043
17040 17044
17040 17045
17048 17049
17048 17050
17049 17071
17049 17076
17049 17077
17050 17062
17050 17065
17051 17053
17051 17054
17051 17055
17052 17063
17052 17075
17052 17086
17053 17070
17053 17139
17053 17146
17054 17113
17054 17140
17054 17182
17055 17142
17055 17182
17056 17057
17056 17058
17057 17101
17058 17059
17058 17060
17058 17061
17059 18113
17060 18110
17060 18111
17061 17103
17061 17109
17061 17110
17062 17064
17064 17065
17064 17111
17064 17113
17065 17081
17065 17083
17066 17067
17066 17068
17066 17069
17067 17127
17067 17136
17068 17114
17068 17147
17069 17134
17069 17137
17070 17134
17070 17137
17071 17072
17071 17073
17072 17077
17073 17076
17073 17078
17076 17080
17078 17079
17079 17080
17079 17082
17080 17081
17082 17083
17082 17179
17083 17182
17084 17085
17084 17087
17084 17088
17084 17089
17085 17089
17085 17145
17087 17090
17087 17093
17087 17124
17088 17131
17088 17145
17089 17129
17090 17125
17090 17126
17091 17092
17091 17093
17091 17094
17091 17095
17092 17118
17092 17120
17093 18137
17093 18138
17094 17096
17094 17098
17095 17116
17095 17121
17096 17118
17097 17108
17097 17119
17098 18138
17099 17101
17099 17104
17100 17105
17100 17107
17101 17102
17102 17104
17102 17106
17104 17105
17105 17106
17106 17107
17109 18110
17109 18132
17110 18129
17110 18131
17111 17112
17112 17113
17112 17140
17114 17115
17114 17116
17115 17122
17115 17125
17116 17120
17117 17118
17117 17120
17121 17123
17121 17124
17122 17123
17124 17125
17126 17127
17127 17128
17128 17129
17128 17136
17130 17141
17130 17152
17131 17132
17131 17133
17132 17138
17132 17139
17133 17144
17133 17146
17134 17135
17134 17136
17135 17146
17135 17181
17136 17181
17137 17142
17137 17143
17138 18131
17138 18135
17139 17140
17142 17180
17143 17147
17143 17180
17144 17145
17144 17146
17147 17179
17148 17149
17148 17150
17148 17151
17148 17153
17149 17168
17149 17169
17150 17177
17153 17154
17153 17155
17154 17156
17154 17169
17154 17170
17155 17156
17155 17157
17156 17160
17157 17165
17158 17159
17158 17160
17158 17161
17159 17162
17159 17167
17160 17166
17160 17170
17161 17167
17161 17170
17161 17171
17162 17164
17163 17174
17163 17186
17163 17197
17164 17166
17165 17166
17168 17171
17168 17172
17169 17171
17173 17175
17173 17176
17176 17178
17177 17178
17183 17184
17183 17187
17183 17606
17183 17609
17184 17202
17186 17297
17186 17319
17186 17408
17186 17596
17187 17188
17188 17200
17189 17190
17189 17191
17190 17204
17191 17192
17191 17193
17192 17194
17193 17195
17194 17199
17194 17201
17196 17198
17197 17285
17197 17297
17199 17200
17199 17201
17202 17203
17203 17204
17204 17205
17206 17210
17207 17209
17207 17210
17208 17219
17208 17230
17208 17241
17209 17211
17212 17214
17213 17215
17214 17215
17216 17218
17217 17218
17219 17263
17219 17274
17220 17221
17220 17222
17220 17223
17220 17379
17221 17224
17223 17226
17223 17229
17225 17226
17225 17227
17225 17228
17226 17379
17227 17380
17228 17229
17228 17231
17229 17233
17230 17252
17231 17233
17232 17236
17235 17236
17239 17240
17243 17244
17243 17245
17244 17247
17244 17250
17244 17253
17245 17246
17247 17249
17248 17249
17251 17253
17252 17452
17254 17257
17255 17256
17255 17257
17258 17261
17259 17286
17260 17286
17262 17264
17262 17265
17264 17266
17265 17280
17265 17281
17266 17267
17267 17268
17267 17269
17269 17271
17270 17271
17270 17272
17271 17279
17272 17278
17272 17891
17273 17275
17273 17276
17273 17277
17275 17284
17275 17898
17276 17277
17276 17891
17277 17278
17278 17279
17281 17282
17282 17283
17283 17284
17286 17287
17290 18387
17291 17292
17291 18381
17291 18388
17292 18390
17292 18391
17293 17294
17293 17295
17293 17298
17294 18253
17294 18269
17295 18261
17295 18266
17296 17407
17296 17518
17297 17596
17298 18381
17298 18382
17298 18383
17299 17300
17299 17301
17299 18390
17300 18386
17300 18393
17300 18394
17301 18381
17301 18383
17302 17303
17302 17312
17303 17305
17303 17313
17304 17305
17305 17306
17306 17313
17306 17314
17307 17344
17308 17330
17309 17324
17309 17325
17310 17323
17311 17326
17311 17327
17312 17313
17312 17326
17314 17326
17315 17317
17315 17322
17315 17323
17316 17317
17316 17318
17317 17320
17317 17321
17318 17320
17320 17325
17321 17322
17321 17325
17321 17331
17322 17327
17322 17328
17323 17327
17324 17337
17324 17375
17325 17329
17326 17336
17327 17334
17328 17333
17328 17340
17329 17331
17329 17332
17330 17341
17330 17352
17330 17363
17331 17333
17332 17333
17332 17337
17332 17338
17333 17339
17334 17340
17335 17340
17335 17342
17335 17343
17336 17343
17337 17372
17338 17339
17338 17372
17339 17377
17341 17441
17345 17354
17345 17356
17346 17357
17346 17376
17347 17348
17347 17351
17348 17349
17349 17350
17350 17351
17353 17354
17354 17355
17356 17357
17357 17375
17358 17360
17358 17361
17359 17364
17360 17366
17362 17364
17362 17365
17362 17366
17363 17374
17364 17367
17365 17367
17365 17370
17365 17371
17366 17370
17367 17369
17372 17373
17373 17376
17373 17377
17374 17385
17374 17396
17374 17408
17378 17613
17379 17380
17379 17381
17381 17387
17382 17383
17383 17384
17383 17387
17383 17388
17386 17398
17387 17391
17388 17389
17388 17390
17389 17398
17390 17391
17390 17394
17392 17411
17393 17394
17393 17411
17394 17395
17395 17397
17395 17400
17395 17404
17396 17419
17397 17411
17398 17399
17400 17410
17401 17402
17401 17403
17401 17404
17402 17403
17402 17409
17403 17405
17403 17406
17404 17411
17405 17406
17405 17411
17408 17419
17408 17430
17409 17410
17410 17412
17410 17416
17412 17415
17413 17422
17414 17424
17414 17425
17415 17416
17417 17418
17422 17423
17423 17435
17423 17443
17424 17433
17424 17434
17424 17444
17425 17426
17428 17429
17430 17596
17432 17433
17434 17435
17434 17446
17435 17436
17436 17437
17436 17438
17437 17438
17438 17439
17439 17443
17439 17450
17440 17442
17440 17443
17442 17449
17444 17445
17445 17446
17446 17447
17447 17448
17447 17449
17448 17451
17448 17453
17449 17450
17449 17453
17451 17454
17451 17477
17452 17463
17453 17481
17454 17458
17454 17472
17455 17456
17455 17457
17457 17458
17457 17464
17459 17460
17459 17461
17459 17462
17460 17471
17460 17477
17461 17479
17461 17480
17462 17470
17462 17471
17462 17478
17464 17465
17464 17466
17465 17467
17466 17469
17466 17472
17467 17468
17467 17469
17469 17470
17469 17471
17470 17473
17470 17475
17471 17472
17472 17477
17473 17478
17473 17484
17474 17485
17474 17496
17475 17476
17475 17484
17476 17484
17477 17479
17479 17481
17480 17481
17480 17482
17481 17483
17485 17507
17485 17519
17487 17488
17491 17492
17491 17493
17492 18092
17493 18087
17493 18092
17495 17497
17496 17507
17497 18015
17498 17499
17499 17547
17499 17548
17499 17549
17500 17501
17500 17502
17501 17543
17502 17544
17502 17545
17502 17546
17503 17504
17503 17544
17503 17551
17504 17506
17504 17543
17505 17506
17505 17508
17506 17550
17506 17561
17507 17541
17508 17553
17509 17511
17509 17655
17511 17655
17512 17628
17513 17514
17513 17515
17513 18329
17514 18316
17514 18318
17514 18329
17515 17516
17516 18371
17517 17689
17519 17530
17519 17541
17520 17521
17522 17524
17526 18370
17527 18371
17538 17539
17538 17540
17539 17555
17539 17557
17539 17578
17540 17570
17543 17547
17545 17550
17545 17571
17546 17571
17549 17559
17549 17560
17550 17551
17553 17560
17553 17570
17554 17555
17554 17556
17554 17557
17554 17558
17555 17578
17556 17558
17556 17576
17557 17575
17558 17636
17559 17576
17560 17570
17561 17565
17562 17564
17562 17565
17564 17566
17564 17583
17565 17569
17566 17567
17566 17568
17567 17581
17567 17762
17568 17569
17571 17573
17572 17573
17575 17762
17575 17838
17576 17577
17576 17578
17577 17579
17577 17635
17579 17637
17580 17581
17580 17582
17580 17583
17581 17762
17582 17598
17582 17835
17583 17592
17583 17598
17584 17586
17584 17587
17584 17588
17586 17719
17586 17721
17587 17714
17588 17589
17588 17704
17588 17715
17589 17721
17590 17591
17591 17594
17591 17597
17592 17593
17592 17594
17593 17598
17593 17600
17594 17600
17597 17600
17597 17603
17598 17599
17599 17601
17599 17833
17601 17602
17601 17603
17601 17604
17602 17832
17603 17981
17603 17983
17604 17831
17604 17833
17605 17606
17605 17608
17605 17609
17606 17610
17608 17610
17608 17611
17610 17612
17613 17614
17614 17616
17615 17619
17617 17633
17618 17630
17623 17624
17625 17626
17625 17627
17629 17740
17632 17634
17633 17634
17635 17636
17635 17637
17636 17843
17637 17638
17639 17644
17639 17645
17639 17647
17640 17642
17640 17643
17640 17644
17641 17652
17642 17649
17644 17647
17645 17646
17646 17662
17650 17651
17650 17653
17651 17653
17656 17657
17656 17658
17659 17660
17659 17661
17660 17662
17660 17733
17661 17733
17661 17739
17661 17758
17662 17664
17664 17667
17664 17672
17665 17666
17667 17668
17667 17669
17668 17733
17669 17670
17669 17671
17669 17737
17670 17738
17670 17755
17671 17757
17671 17980
17672 17757
17673 17675
17674 17685
17676 17682
17677 17681
17677 17682
17678 17679
17678 17680
17678 17681
17678 17683
17679 17686
17680 17686
17682 17683
17685 17696
17690 17691
17692 17974
17693 17694
17693 17695
17693 17697
17694 17700
17694 17973
17695 17698
17695 17699
17696 17707
17696 17718
17697 17968
17698 17722
17698 17723
17699 17700
17699 17701
17701 17702
17701 17703
17703 17705
17703 17706
17704 17705
17704 17971
17705 17709
17706 17708
17706 17709
17708 17710
17710 17974
17711 17712
17711 17992
17713 17714
17713 17715
17713 17716
17717 17782
17717 17783
17719 17720
17720 17784
17720 17837
17721 17832
17722 17971
17723 17724
17723 17968
17724 17969
17725 17726
17725 17727
17726 17728
17727 17728
17727 17730
17728 17731
17729 17741
17729 17752
17731 17998
17732 17739
17732 17754
17734 17735
17734 17736
17734 17737
17734 17738
17734 17739
17735 17750
17735 17756
17736 17758
17738 17756
17742 17743
17742 17744
17743 17746
17744 17749
17744 17750
17745 17755
17745 17756
17746 17747
17746 17748
17747 17751
17747 17754
17749 17753
17751 17753
17751 17754
17755 17980
17760 17761
17760 17762
17760 17764
17761 17815
17761 17841
17764 17768
17764 17835
17765 17766
17765 17767
17765 17768
17765 17769
17766 17772
17767 17831
17767 17834
17768 17815
17769 17771
17769 17815
17769 17828
17770 17771
17771 17800
17771 17828
17772 17773
17772 17775
17772 17776
17773 17786
17773 17824
17774 17785
17774 17796
17774 17807
17775 17825
17775 17827
17776 17779
17776 17781
17776 17782
17777 17778
17777 17779
17777 17780
17778 17836
17779 17830
17780 17786
17780 17787
17781 17783
17782 17830
17783 17784
17783 17831
17787 17788
17787 17789
17787 17798
17788 17791
17788 17824
17789 17794
17789 17795
17790 17791
17790 17792
17790 17793
17791 17794
17792 17797
17794 17797
17795 17799
17798 17799
17800 17801
17800 17802
17801 17803
17802 17816
17803 17804
17804 17805
17804 17806
17805 17811
17806 17813
17806 17819
17808 17809
17808 17810
17809 17810
17809 17811
17810 17848
17811 17812
17812 17819
17812 17820
17812 17821
17813 17814
17813 17841
17814 17815
17816 17817
17816 17848
17818 17829
17818 17840
17818 17852
17819 17822
17822 17845
17825 17826
17826 17827
17826 17828
17829 17986
17830 17836
17831 17832
17832 17837
17832 17982
17833 17834
17834 17835
17838 17839
17838 17841
17839 17844
17840 17863
17840 17986
17841 17842
17842 17844
17842 17846
17843 17844
17846 17847
17849 17850
17849 17853
17849 17857
17850 17865
17850 17876
17851 17963
17851 18074
17853 17860
17853 17862
17853 17876
17854 17855
17854 17856
17855 17869
17855 17871
17856 17865
17857 17858
17857 17859
17858 17868
17858 17872
17859 17861
17861 17862
17862 17864
17863 17874
17863 17885
17863 17896
17864 17873
17864 17877
17866 17867
17866 17868
17867 17869
17868 17870
17870 17872
17873 17875
17875 17924
17877 17922
17878 17879
17879 17892
17879 17893
17880 17881
17880 17882
17881 17882
17882 17887
17883 17884
17884 17886
17885 17964
17885 17975
17885 17986
17886 17890
17887 17889
17888 17890
17888 17891
17889 17890
17892 17894
17893 17895
17893 17898
17893 17899
17894 17900
17894 17905
17896 18030
17897 17899
17897 17901
17899 17900
17900 17901
17902 17903
17903 17905
17903 17910
17904 17905
17905 17906
17906 17908
17907 17918
17907 17929
17907 17940
17907 17951
17909 17912
17909 17913
17910 17911
17911 17912
17913 17966
17913 17967
17914 17915
17914 17916
17915 17917
17916 17923
17916 17925
17917 17919
17917 17920
17919 18102
17920 17927
17920 18101
17921 18102
17921 18104
17922 17923
17923 17924
17924 17930
17925 17926
17925 17927
17925 17928
17925 17954
17926 17949
17926 17952
17926 17953
17927 17939
17928 17936
17928 17937
17930 17931
17930 17932
17931 17941
17932 17935
17932 17941
17933 17934
17933 17935
17933 17936
17934 17943
17934 17944
17936 17937
17936 17938
17937 17947
17937 17949
17938 17943
17938 17945
17939 17954
17939 17955
17941 17944
17942 17943
17942 17944
17945 17946
17945 17947
17946 17947
17946 17948
17948 17949
17948 17950
17950 17959
17950 17960
17952 17956
17952 17957
17953 17954
17953 17955
17955 17956
17956 17958
17957 17960
17957 17961
17957 18107
17958 17961
17958 18101
17959 18109
17965 17966
17969 17970
17972 17973
17975 18030
17976 17977
17977 17978
17979 17980
17981 17982
17981 17983
17984 17987
17984 17992
17984 17993
17985 17988
17987 17988
17988 17995
17990 17991
17991 17993
17992 17994
17993 17994
17997 18008
17997 18019
17997 18030
17999 18000
18000 18001
18000 18002
18001 18005
18003 18004
18004 18007
18009 18010
18009 18011
18011 18012
18012 18060
18013 18014
18013 18015
18013 18016
18014 18018
18014 18020
18015 18016
18016 18017
18018 18020
18019 18075
18019 18086
18019 18097
18020 18021
18021 18022
18021 18023
18024 18040
18025 18087
18025 18088
18026 18027
18026 18028
18026 18029
18026 18037
18027 18033
18027 18035
18027 18036
18028 18034
18028 18081
18029 18061
18031 18032
18031 18033
18032 18038
18032 18039
18033 18057
18036 18037
18036 18058
18037 18083
18038 18043
18038 18057
18038 18059
18039 18040
18039 18042
18039 18043
18041 18052
18041 18063
18042 18044
18042 18045
18044 18046
18046 18047
18047 18048
18048 18049
18048 18056
18049 18050
18050 18051
18050 18053
18051 18054
18052 18197
18054 18055
18054 18056
18057 18058
18059 18060
18061 18062
18061 18064
18062 18065
18063 18163
18063 18197
18064 18066
18065 18067
18065 18068
18066 18068
18066 18069
18067 18068
18069 18087
18070 18071
18071 18072
18071 18077
18071 18082
18072 18076
18073 18076
18077 18078
18078 18079
18079 18080
18079 18081
18080 18084
18081 18083
18083 18084
18084 18085
18088 18089
18090 18091
18091 18092
18093 18094
18093 18095
18095 18099
18095 18100
18096 18098
18099 18105
18101 18107
18102 18103
18103 18105
18103 18106
18106 18107
18106 18109
18108 18119
18108 18130
18108 18141
18108 18152
18110 18127
18111 18112
18111 18114
18112 18113
18114 18123
18114 18124
18115 18116
18115 18117
18115 18118
18116 18123
18116 18124
18117 18137
18117 18139
18118 18126
18118 18136
18120 18144
18121 18153
18122 18159
18124 18125
18125 18126
18125 18127
18125 18128
18126 18136
18127 18132
18128 18129
18128 18133
18129 18132
18129 18133
18131 18134
18133 18134
18134 18135
18134 18136
18135 18137
18138 18139
18139 18140
18140 18142
18140 18161
18140 18170
18142 18156
18142 18157
18143 18172
18143 18173
18146 18147
18146 18148
18149 18150
18150 18182
18151 18153
18152 18308
18153 18154
18154 18158
18154 18159
18155 18156
18155 18157
18156 18175
18157 18161
18158 18160
18158 18165
18159 18161
18159 18170
18160 18161
18160 18162
18162 18164
18162 18166
18162 18169
18163 18174
18163 18186
18164 18165
18166 18167
18167 18168
18167 18177
18167 18191
18168 18184
18171 18172
18172 18181
18173 18175
18174 18297
18176 18177
18176 18178
18176 18179
18177 18180
18178 18180
18178 18199
18180 18194
18185 18296
18185 18407
18185 18518
18186 18285
18186 18297
18187 18190
18187 18203
18188 18189
18188 18190
18188 18191
18189 18191
18190 18192
18192 18193
18192 18194
18192 18202
18193 18200
18193 18201
18194 18199
18195 18199
18195 18205
18196 18198
18197 18263
18200 18204
18201 18202
18202 18203
18206 18207
18208 18219
18208 18230
18208 18241
18208 18252
18210 18211
18210 18212
18213 18214
18215 18216
18215 18217
18215 18218
18215 18220
18221 18222
18222 18223
18225 18226
18225 18231
18226 18227
18227 18228
18228 18231
18233 18234
18233 18235
18236 18237
18236 18240
18237 18238
18237 18240
18238 18240
18239 18240
18239 18242
18240 18242
18243 18259
18244 18246
18244 18259
18245 18246
18245 18247
18245 18262
18246 18250
18246 18260
18247 18250
18247 18265
18247 18266
18248 18249
18248 18267
18249 18262
18251 18253
18251 18254
18251 18257
18253 18383
18254 18386
18254 18392
18255 18256
18255 18257
18255 18258
18255 18265
18256 18267
18256 18268
18257 18269
18257 18272
18258 18280
18259 18260
18261 18382
18262 18267
18262 18268
18263 18274
18263 18285
18265 18268
18265 18269
18270 18271
18271 18279
18271 18286
18272 18273
18272 18284
18273 18275
18273 18276
18273 18277
18275 18276
18275 18278
18276 18284
18277 18279
18277 18283
18278 18279
18280 18282
18280 18289
18281 18384
18281 18392
18282 18283
18283 18290
18284 18392
18285 18308
18286 18291
18286 18293
18287 18288
18288 18289
18290 18292
18291 18292
18292 18293
18294 18303
18295 18301
18296 18629
18298 18299
18298 18300
18302 18304
18305 18306
18305 18307
18307 18313
18309 18321
18310 18311
18311 18313
18312 18313
18312 18314
18316 18317
18317 18318
18317 18320
18317 18321
18318 18327
18318 18328
18319 18330
18319 18341
18319 18352
18319 18363
18320 18322
18320 18323
18320 18332
18321 18332
18322 18325
18322 18328
18322 18331
18324 18326
18324 18331
18325 18327
18327 18329
18333 18334
18335 18336
18336 18337
18337 18356
18338 18339
18338 18356
18338 18367
18339 18344
18340 18354
18340 18355
18340 18368
18342 18368
18343 18345
18343 18356
18344 18345
18344 18346
18345 18348
18346 18347
18346 18348
18346 18354
18347 18350
18348 18349
18349 18353
18349 18354
18349 18355
18350 18354
18351 18353
18353 18357
18355 18357
18355 18365
18356 18367
18357 18358
18358 18359
18358 18360
18360 18361
18360 18362
18361 18364
18362 18488
18364 18365
18364 18366
18365 18368
18369 18370
18374 18385
18374 18396
18374 18408
18374 18419
18376 18377
18376 18378
18376 18379
18378 18379
18382 18388
18383 18386
18384 18386
18384 18398
18384 18426
18387 18446
18388 18389
18389 18437
18390 18395
18391 18395
18391 18437
18393 18397
18393 18398
18393 18400
18394 18395
18394 18399
18397 18425
18397 18427
18397 18428
18398 18425
18399 18400
18399 18429
18399 18436
18400 18428
18401 18402
18401 18403
18401 18406
18401 18409
18402 18404
18402 18424
18403 18424
18403 18429
18404 18405
18404 18411
18404 18427
18405 18406
18405 18409
18405 18423
18406 18409
18406 18418
18410 18411
18410 18412
18410 18413
18410 18421
18411 18431
18412 18426
18412 18431
18413 18414
18413 18415
18413 18423
18414 18421
18414 18422
18415 18416
18415 18422
18416 18420
18416 18433
18417 18418
18417 18420
18418 18420
18422 18432
18424 18427
18424 18428
18425 18426
18425 18431
18427 18431
18428 18429
18429 18444
18430 18441
18430 18452
18432 18433
18433 18434
18435 18445
18435 18481
18436 18443
18436 18444
18437 18440
18438 18439
18438 18440
18439 18442
18439 18446
18440 18442
18444 18445
18445 18479
18445 18483
18447 18448
18448 18449
18448 18450
18450 18453
18451 18454
18455 18461
18455 18465
18456 18457
18457 18459
18458 18459
18458 18460
18459 18461
18460 18461
18460 18462
18460 18464
18462 18465
18462 18466
18463 18474
18463 18485
18463 18496
18465 18466
18467 18468
18468 18469
18468 18470
18469 18470
18470 18471
18470 18472
18470 18473
18475 18476
18476 18535
18477 18478
18478 18479
18478 18484
18479 18482
18480 18481
18480 18482
18484 18486
18488 18489
18488 18490
18490 18491
18491 18492
18493 18494
18494 18495
18494 18497
18497 18498
18497 18499
18500 18514
18500 18525
18501 18502
18502 18503
18503 18504
18503 18505
18504 18506
18505 18506
18505 18508
18507 18519
18507 18530
18507 18607
18510 18511
18510 18546
18510 18547
18512 18513
18512 18514
18512 18515
18513 18517
18513 18531
18514 18526
18514 18531
18515 18521
18516 18517
18516 18520
18516 18521
18517 18521
18517 18523
18519 18607
18519 18618
18520 18522
18520 18523
18522 18529
18522 18532
18522 18538
18523 18529
18523 18531
18524 18525
18524 18526
18524 18527
18524 18528
18525 18526
18525 18543
18525 18545
18525 18547
18527 18539
18527 18542
18528 18529
18528 18531
18532 18538
18532 18540
18533 18534
18533 18535
18533 18536
18534 18540
18535 18537
18537 18612
18537 18613
18538 18539
18539 18540
18541 18552
18541 18563
18542 18612
18543 18544
18545 18546
18546 18547
18548 18549
18548 18550
18548 18592
18549 18551
18549 18553
18549 18587
18549 18592
18550 18556
18550 18577
18551 18553
18551 18554
18551 18564
18553 18564
18553 18565
18554 18578
18554 18579
18554 18580
18555 18557
18556 18560
18557 18558
18557 18559
18557 18594
18557 18595
18557 18597
18557 18598
18558 18560
18560 18561
18560 18580
18561 18562
18561 18580
18563 18574
18563 18585
18564 18576
18565 18566
18565 18593
18566 18567
18566 18568
18566 18569
18567 18614
18568 18570
18568 18571
18568 18604
18569 18588
18570 18572
18570 18616
18571 18584
18571 18606
18572 18573
18572 18575
18573 18593
18573 18614
18575 18576
18575 18619
18576 18593
18576 18615
18577 18589
18577 18590
18578 18590
18578 18591
18579 18583
18581 18582
18581 18583
18582 18615
18582 18619
18583 18615
18584 18608
18586 18587
18589 18590
18589 18591
18591 18592
18594 18595
18596 18607
18596 18618
18596 18630
18597 18598
18599 18600
18599 18601
18599 18602
18599 18603
18600 18601
18601 18613
18602 18605
18603 18608
18603 18610
18604 18605
18605 18606
18608 18609
18609 18610
18609 18611
18616 18617
18617 19033
18617 19039
18617 19050
18620 18621
18622 18623
18622 18624
18624 18625
18625 18626
18626 18627
18626 18628
18627 18639
18628 18631
18629 18740
18631 18633
18631 18639
18632 18633
18632 18634
18633 18635
18633 18636
18634 18636
18634 18637
18635 18640
18636 18637
18636 18640
18637 18638
18638 18640
18640 18651
18641 18652
18641 18663
18642 18648
18642 18651
18643 18646
18643 18651
18644 18646
18644 18647
18645 18647
18645 18653
18645 18655
18646 18650
18647 18649
18647 18656
18648 18649
18648 18650
18649 18657
18650 18651
18653 18654
18654 18655
18654 18658
18654 18659
18655 18656
18655 18660
18656 18657
18656 18661
18657 18662
18658 18660
18658 18664
18660 18661
18660 18665
18661 18662
18661 18666
18664 18665
18664 18667
18665 18666
18665 18668
18666 18669
18667 18668
18667 18672
18668 18669
18668 18670
18669 18671
18670 18671
18670 18672
18670 18675
18671 18676
18672 18673
18673 18677
18675 18676
18675 18677
18675 18680
18676 18679
18677 18678
18678 18680
18678 18681
18679 18680
18679 18682
18680 18686
18681 18683
18681 18711
18682 18687
18682 18700
18683 18684
18683 18686
18684 18689
18684 18690
18686 18687
18686 18689
18687 18688
18688 18691
18688 18701
18689 18691
18689 18693
18690 18709
18690 18711
18691 18692
18692 18693
18692 18694
18695 18697
18695 18698
18695 18699
18696 18707
18696 18718
18696 18729
18696 18741
18697 18702
18698 18702
18699 18743
18699 18744
18700 18701
18702 18703
18706 18721
18707 18752
18708 18709
18708 18710
18708 18711
18708 18712
18713 18714
18713 18715
18713 18716
18714 18747
18714 18777
18715 18753
18715 18754
18716 18726
18716 18728
18717 18719
18717 18720
18717 18721
18717 18722
18719 18767
18719 18770
18719 18778
18720 18751
18720 18777
18720 18778
18722 18755
18722 18767
18723 18725
18723 18728
18723 18730
18723 18731
18723 18732
18724 18730
18724 18734
18725 18726
18725 18727
18725 18728
18726 18748
18726 18776
18727 18776
18727 18802
18727 18806
18730 18732
18730 18734
18731 18802
18732 18733
18733 18735
18733 18736
18734 18735
18734 18743
18735 18746
18736 18738
18736 18739
18737 18739
18737 18742
18738 18745
18738 18746
18739 18745
18742 18744
18742 18745
18743 18746
18744 18746
18747 18748
18747 18749
18747 18750
18748 18775
18749 18772
18749 18773
18749 18775
18750 18772
18750 18777
18750 18778
18751 18753
18752 18763
18752 18774
18752 18785
18753 18754
18753 18777
18755 18756
18755 18757
18758 18759
18758 18760
18758 18761
18762 18764
18762 18765
18762 18766
18764 18769
18764 18789
18765 18779
18765 18789
18767 18768
18768 18769
18768 18770
18769 18790
18770 18771
18770 18782
18771 18790
18772 18782
18772 18788
18773 18788
18773 18799
18773 18804
18775 18776
18775 18804
18778 18782
18779 18780
18779 18781
18780 18783
18780 18789
18781 18784
18781 18857
18782 18783
18783 18790
18784 18786
18784 18787
18786 18788
18786 18799
18787 18791
18787 18799
18787 18856
18789 18790
18791 18792
18791 18793
18791 18797
18792 18794
18792 18795
18792 18798
18793 18794
18793 18839
18793 18856
18794 18827
18794 19064
18795 18824
18795 18826
18795 18836
18796 18807
18796 18818
18796 18829
18797 18799
18797 18805
18797 18812
18798 18810
18798 18836
18800 18801
18800 18802
18801 18813
18801 18820
18802 18803
18803 18805
18803 18813
18804 18806
18805 18806
18805 18808
18807 18818
18807 18840
18808 18809
18808 18812
18809 18810
18809 18811
18810 18812
18811 18813
18811 18835
18814 18815
18816 18817
18816 18819
18817 19055
18819 18823
18819 18826
18820 18821
18820 18822
18821 18834
18821 18835
18822 18825
18822 18833
18823 18824
18823 18825
18823 18826
18824 18838
18825 18838
18826 18827
18827 19063
18828 18830
18828 18831
18828 18832
18831 18853
18831 19061
18832 19061
18832 19063
18833 18834
18833 18838
18834 18837
18835 18837
18836 18837
18836 18838
18839 18841
18839 18842
18839 18843
18840 18852
18840 18863
18841 18855
18841 18856
18842 18853
18842 18855
18842 19061
18843 19064
18844 18847
18844 18848
18844 18849
18845 18849
18845 19057
18846 18848
18846 18853
18847 18860
18847 18861
18847 18862
18848 18850
18848 18860
18849 18862
18849 19058
18850 18853
18850 18854
18850 18855
18851 18962
18852 18874
18852 18885
18854 18858
18854 18859
18854 18860
18855 18858
18856 18857
18862 19066
18864 18872
18864 18873
18866 18867
18866 18868
18867 18871
18869 18870
18871 18878
18872 18879
18873 18875
18873 18879
18876 18877
18878 18879
18879 18880
18881 18882
18881 18883
18884 18887
18884 19048
18885 18896
18886 18888
18886 18906
18887 18888
18887 18889
18887 18890
18887 19045
18887 19048
18888 18910
18889 18891
18889 18910
18890 18893
18890 18915
18890 18916
18891 18892
18891 18893
18891 18894
18892 18925
18892 18933
18893 18934
18894 18909
18894 18911
18894 18923
18894 18925
18895 18977
18895 18982
18896 18907
18896 18951
18899 18900
18899 18949
18900 18927
18900 18937
18900 18938
18901 18902
18901 18903
18901 18941
18901 18942
18901 18943
18901 18944
18902 18919
18902 18926
18903 18922
18903 18927
18903 18928
18904 18943
18904 18945
18904 18946
18905 18906
18905 18908
18905 18917
18906 18909
18909 18911
18909 18914
18911 18912
18911 18924
18912 18913
18912 18914
18914 18917
18915 18934
18915 18935
18916 18935
18916 19047
18918 18929
18918 18940
18918 18951
18919 18920
18919 18921
18919 18922
18919 18923
18920 18925
18920 18930
18921 18924
18921 18926
18922 18932
18923 18924
18923 18925
18924 18945
18926 18944
18927 18932
18927 18939
18928 18939
18928 18994
18929 18963
18929 18996
18930 18931
18930 18932
18931 18933
18932 18937
18933 18934
18934 18936
18938 18949
18938 18959
18938 18966
18938 18969
18938 18970
18939 18970
18940 18974
18941 18994
18941 18995
18942 18943
18942 18977
18942 18995
18943 18946
18944 18945
18945 18946
18948 19057
18949 18958
18950 18952
18950 18990
18953 18954
18953 18955
18953 18956
18953 18957
18954 18957
18954 18975
18954 18976
18955 18956
18955 18992
18956 18988
18956 19008
18957 18964
18957 18972
18958 18959
18958 19026
18959 18960
18959 19011
18960 18961
18960 18964
18960 18965
18960 18966
18961 18967
18961 19011
18963 18974
18963 18985
18963 18996
18964 18965
18964 18967
18965 18966
18965 18968
18967 19012
18968 18971
18968 18972
18968 18973
18969 19009
18969 19010
18970 18997
18971 18999
18971 19006
18971 19008
18972 19008
18973 19003
18973 19009
18975 19012
18975 19017
18976 19017
18977 18978
18978 18979
18978 18995
18979 18980
18979 18981
18979 18982
18980 18994
18980 18995
18980 19002
18981 18983
18981 19002
18982 18984
18983 18984
18983 18986
18983 18987
18984 18998
18986 19003
18986 19004
18986 19005
18987 18999
18987 19006
18988 18989
18988 18990
18988 18991
18989 18999
18989 19008
18990 18998
18990 19000
18991 18992
18991 18993
18992 18993
18994 18997
18997 19004
18997 19010
18998 18999
19000 19001
19000 19055
19001 19016
19002 19004
19003 19006
19005 19009
19005 19010
19007 19018
19011 19015
19012 19013
19012 19014
19013 19016
19013 19017
19014 19016
19014 19027
19015 19026
19015 19035
19019 19020
19019 19021
19019 19022
19019 19023
19019 19024
19020 19038
19021 19043
19022 19036
19022 19038
19023 19041
19023 19044
19024 19028
19024 19030
19024 19031
19025 19030
19025 19035
19028 19034
19029 19040
19029 19051
19029 19062
19030 19032
19030 19034
19031 19032
19031 19041
19033 19037
19033 19049
19034 19035
19036 19043
19037 19039
19037 19041
19039 19042
19041 19042
19042 19044
19045 19046
19045 19047
19046 19048
19046 19052
19047 19049
19047 19052
19049 19050
19050 19052
19053 19059
19056 19057
19056 19059
19057 19058
19058 19066
19059 19060
19061 19064
19063 19064
19065 19066
19065 19070
19066 19067
19067 19070
19068 19069
