# Nodes
0 -11050.6 15302.7
1 -11350.4 15396
2 3095.7 4106.9
3 1892.3 6519.6
4 -298.7 14373.3
5 -3640 10764.4
6 -3742.8 10854.1
7 3038.1 10766.4
8 2869.4 10763.9
9 2989.3 10964.5
10 2265.5 10859.2
11 1865.3 10752.2
12 1866.6 10649.7
13 1665.3 10749.8
14 1666.4 10647.5
15 206.2 14378.2
16 1664.2 10851.7
17 1563.9 10748.6
18 1463.5 10747.4
19 1464.9 10645.1
20 1160.8 10743.8
21 1060.7 10742.8
22 1159.6 10947.5
23 1009.1 10843.5
24 864.8 10740.3
25 1160.6 10549
26 204.7 14479.5
27 1062.5 10641.1
28 863.4 10842.3
29 60.4 10531.1
30 -2879.6 10722.7
31 -2779.9 10724.3
32 -2882.6 10926.2
33 -2978.2 10519.9
34 -3184.1 10720.4
35 -3285.3 10719.4
36 -3287.5 10922.7
37 410.4 14380.5
38 -3386.3 10718.3
39 -3383.4 10516.4
40 -3487.9 10717.8
41 -3490.7 10921
42 -3589.9 10764.7
43 -8689.2 15665.6
44 -8550.5 15557.8
45 -8543.5 15880.6
46 4852.9 -6395.4
47 4987.6 -6393.2
48 4.7 14376.6
49 4719.1 -6397.5
50 4854.9 -6598.2
51 4850 -6192.5
52 5122.5 -6391.1
53 7656.7 -6367.9
54 7654.1 -6161.2
55 7545 -6365.3
56 7410.9 -6365.9
57 7547.2 -6565.7
58 6431.7 -6360.2
59 2695.7 14409.9
60 6536 -6371.6
61 6334.4 -6372.5
62 6533.7 -6171
63 5548.3 -4968.4
64 5488.6 -4819.7
65 -8620.1 16091.6
66 -9890.1 -6374.7
67 -9785.2 -6366.9
68 -9894.7 -6171.9
69 -9885.6 -6572.5
70 2770.5 14367.6
71 -9780.2 -6571.2
72 -9876.2 -6988.8
73 -9669.9 -6985.5
74 -9873.9 -7090.1
75 -9880.8 -6786.6
76 -9871.5 -7191.8
77 -9869.6 -7293.4
78 -10301.4 18329.5
79 -10099.7 18132.9
80 -10101.5 18033.4
81 2758.1 14412.2
82 -10303.2 18128.4
83 -10103.3 17933.8
84 -10304.9 18027.5
85 -10105 17835.6
86 -10306.5 17925.5
87 -10106.8 17731
88 -10308.1 17828.4
89 -10108.6 17630.9
90 -10309.8 17724.4
91 -10112.2 17429.1
92 2668.1 14409.1
93 -10210.7 17627.4
94 -10213.6 17426
95 -10115.7 17226.7
96 -10118.3 17079.7
97 -9962.3 17080.8
98 -10120 16986.3
99 -9964 16984
100 -10121.7 16887.3
101 -10119 16794.8
102 -10209.5 16870.9
103 -3671.8 16764.5
104 -10126.1 16666
105 -10126.9 16622.2
106 -10069 16621.8
107 -10128.5 16519.4
108 -10172.1 16625
109 -10420.2 16525.1
110 -10130.1 16417.9
111 -10029.4 16397.1
112 -10422 16420.8
113 -10131.6 16323.2
114 1774.6 6811.8
115 -3671.8 16565.6
116 -10132.2 16283.5
117 -10423.8 16316
118 -10031 16281.3
119 -10132.8 16248.7
120 -10136.5 16022.7
121 -10253.8 16246.6
122 -10138.6 15879.1
123 -10258.1 16018.2
124 -10035.8 16024.4
125 -10137.3 15560.4
126 -3442.4 16763.3
127 -10262.7 15637.6
128 -10371.5 15510.8
129 -9971.8 14591.7
130 -10165.2 14504.3
131 -10203.7 11663.9
132 -10104 11665.4
133 -10200.6 11460.9
134 -10207.3 11890.1
135 -10304.6 11661.5
136 -10100.2 11462.5
137 -3594.6 11120.9
138 -10197.4 11258.8
139 -10302 11459.2
140 -10096.4 11260.4
141 -10196.9 11227
142 -10194.3 11056.3
143 -10297.3 11222.9
144 -10290.8 10852.9
145 -10080.8 10451.4
146 -10179.6 10250
147 -10176.6 10069.9
148 -3593.3 11028.4
149 -10173.1 9863.1
150 -10278.8 10064.7
151 -10062.2 10073.9
152 -10169.7 9656
153 -10166.4 9453.5
154 -10163.6 9288.3
155 -10162.9 9245.2
156 -10159.7 9042.5
157 -10158.1 8942.2
158 -10156.5 8841.8
159 -3596 11221.1
160 -10055.1 8842.1
161 -10154.1 8695.2
162 -10149.4 8369.1
163 -10147.4 8235.2
164 -9998.1 8370.8
165 -9996.3 8235.6
166 -10144.4 8031.4
167 -10141.4 7827.7
168 -9993.4 8032.5
169 -9990 7828.6
170 -3485.6 11122
171 -10138.6 7624.8
172 -10135.7 7421.6
173 -9987.1 7625.7
174 -10132.8 7219.4
175 -9981.4 7220.2
176 -10129.8 7022
177 -2727.9 -10448
178 -2726.7 -10541.1
179 -2846.8 -10637.1
180 -2848.2 -10535.9
181 -3745.7 11119.3
182 -10815.3 17384
183 -10714.8 17501.6
184 -10740.6 17319.3
185 -10617.9 17613.4
186 -10791.9 17568.2
187 -10638.7 17435.7
188 -10687.4 17611
189 -10574.3 17614.9
190 -10942.8 17219.9
191 -10985.9 16997.8
192 -3636.5 14358.1
193 -10863.1 17158.7
194 7905.2 -13640.6
195 7487.2 -12534.4
196 7489.3 -12634
197 7590 -12632.7
198 7540.7 -5959.3
199 7400.8 -5759.3
200 7593.7 -10609.9
201 7600.6 -11217.9
202 7602.9 -11419.5
203 -3800.1 14357.5
204 7551 -6970.7
205 7553.2 -7173.1
206 7540.6 -7374.8
207 7545 -7575
208 7489 -7981
209 7529.9 -8183.2
210 7542.8 -6162.2
211 7582.3 -9597.5
212 7530.8 -4947.3
213 7398.3 -5111
214 -3632.1 13953.6
215 7533.5 -5272.1
216 7210.9 -11864.6
217 7567.3 -8385.6
218 7412.7 -8789.3
219 7526.5 -4342.2
220 3792.4 8554.8
221 -6643.6 15215
222 -6725.2 15281.2
223 -6551 15153.8
224 -6750 15210
225 1591.7 7114.7
226 -3646.4 15170.3
227 -6851.6 15210.2
228 -6824.8 15351.7
229 -7253.1 15211.4
230 -7248.1 15414.3
231 -7258.2 15009.5
232 -7354.2 15211.9
233 -7349 15414.6
234 -7651 15415.5
235 -7756 15213.3
236 -7751.1 15416.4
237 -3435.1 14359.3
238 -7761.2 14955.4
239 -7854 15214.1
240 -7953.7 15214.9
241 -7850.9 15417.4
242 -7862.1 15031.9
243 -8056.5 15215.7
244 -7951.1 15418.3
245 -7954.8 15102.7
246 -8162.6 15261
247 -8558.2 15221.5
248 13037.4 -17266.4
249 -8552.7 15451.1
250 -8596.3 15221.4
251 -8961.5 15220.9
252 -9033.7 15460.4
253 -9153.9 15220.6
254 -8963.3 15133.7
255 -9375.3 15220.3
256 -9190.5 15460.7
257 -9374.3 15301.2
258 -9749.3 15220.5
259 12974.6 -17265.7
260 -9749.4 15313.7
261 -9883.9 15220.2
262 -9882.6 15397.6
263 -10017.5 15220.4
264 -10013.7 15480.7
265 -10100.4 15220
266 -12651 14961
267 -12649.4 15008.2
268 -12812.2 15059.4
269 -12813.3 14958.3
270 13040.8 -17065.2
271 -12768.7 15060
272 -13015.9 15056.2
273 -13218.6 15053.3
274 -13017.6 14953.3
275 -13219.2 14949.9
276 -5503.4 14985.3
277 -5606.9 15062
278 -5664.5 14975.1
279 -4952.5 15163.5
280 -4862.9 15163.3
281 13044.2 -16661.9
282 -5169.9 15238.6
283 -4764.5 15158.3
284 -4768.4 15383
285 -4261.6 15168.1
286 -4276.9 15071.5
287 -4114.7 15168.6
288 -4116.6 15397.6
289 -3950.3 15169.6
290 -3951.1 15330.8
291 -3848 15170.6
292 13042.8 -16863.5
293 -3850 15331.7
294 -3746.7 15170.9
295 -3749.2 15332.6
296 -2734.3 15176
297 -2737.1 15377.7
298 -2631.4 15177
299 -2836.2 15175.2
300 -2529.4 15178.4
301 -2429.5 15179.9
302 -2327.9 15180.8
303 12947.2 -16660.7
304 -2432.6 15379.4
305 -2227 15181.5
306 -2325.7 14978.8
307 -2126.4 15182.1
308 -2124 14981.3
309 -1710.6 15182.5
310 -2023.3 14982.5
311 -1623.4 15182.1
312 -1523.2 15181.8
313 -1626.6 15384.5
314 13048.8 -16461.7
315 -1422 15181.4
316 -1425.3 15383.8
317 -1321.1 15181
318 -1420.7 15080.6
319 -1221.8 15180.7
320 -1120.5 15180.6
321 -1224.2 15383.1
322 -1220.1 15080.1
323 -1019.2 15180.4
324 -1017.5 15079.9
325 -6791.4 14403.8
326 -887 15180.2
327 -818 15180.1
328 -519.7 15382.9
329 -413.6 15179.6
330 -10747.7 15131.8
331 -10733.5 15151.3
332 -10707.8 15086.6
333 -10973.4 14992
334 -11279.8 15086
335 -11174.3 15272.4
336 1468.8 7321.9
337 -6833.3 14285.8
338 -11179.2 14987.2
339 -11384.6 14981.3
340 -11554.1 14977.3
341 583.4 -12705.4
342 662.7 -12804.5
343 644.8 -12782
344 10264.8 -10095.2
345 10370.4 -10091.3
346 10272 -9979.7
347 10375 -10066.9
348 -6747.8 14340.3
349 10305 -9977.9
350 10483.1 -9982
351 10571.3 -10091.5
352 10412.5 -9892.7
353 7790.9 -10104.2
354 7978.4 -10109.4
355 7789.5 -10000.4
356 -9781.8 10860.3
357 -9785.2 11063.6
358 -9883.9 10858.9
359 -6620.4 14139.7
360 -9789.5 11265.3
361 -9887.8 11061.8
362 -9793.9 11467.2
363 -9891.9 11263.7
364 -9798.3 11670.1
365 -9896 11465.7
366 -9900.1 11668.5
367 -9803 11885.3
368 -9790.1 9649.5
369 -9792.9 9850.9
370 -6597.1 14341.3
371 -9831 9850.6
372 -8528.3 16583.2
373 -8527.5 16624.8
374 -8433.6 16648.3
375 -8529.9 16508.7
376 3108.7 8647.4
377 3101.6 9011.4
378 3301.4 8884.8
379 3100 9150.8
380 2999.3 9149.3
381 -1945.2 8886.9
382 2994.3 9424.9
383 -10830.9 16911.5
384 -10723.5 17051.4
385 -10944.8 16908.5
386 -10692 16915.2
387 -10580.1 17181.2
388 -10664.1 17253.1
389 -10563.3 17370.4
390 -10516.5 17416.6
391 -10514.9 17577.4
392 -1973.3 8904
393 -10488 17285.5
394 -10416 17419.7
395 -9299.7 -7378.6
396 -9451.6 -7588
397 -9450 -7683.2
398 -9410.7 -7587.2
399 -9448.3 -7786.1
400 -9655.8 -7684
401 -9242.7 -7783.8
402 -9446.7 -7887.2
403 -1917.9 8870.4
404 -9651.5 -7889.6
405 -9445.1 -7985.2
406 -9648.5 -7987.9
407 -9485.5 -5144.3
408 -9484.9 -5216
409 -9384.8 -5142.8
410 -9483.7 -5340.6
411 -9482.7 -5542
412 -9589.2 -5341.7
413 -9383.8 -5339.6
414 -1946.3 8973
415 -9480 -5743.4
416 -9587.4 -5542.7
417 -9380.7 -5541.3
418 -9478 -5961.7
419 -9585.4 -5744.4
420 -9378.6 -5742.3
421 -9474.4 -6159.4
422 -9582.6 -5963.8
423 -9375.6 -5959.8
424 -9579.6 -6160.6
425 -1942.9 8702.7
426 -9373.1 -6157.7
427 -9469.7 -6363.1
428 -9575.1 -6364.4
429 -9368.7 -6361.9
430 -9466.5 -6567.1
431 -9571.3 -6568.4
432 -9365.2 -6565.7
433 -9462.8 -6770.8
434 -9567.5 -6772.1
435 -9361.7 -6769.5
436 753.4 19028.5
437 -8838.8 7026.3
438 -8812.4 7026.5
439 -8913.6 7025.8
440 -5820.8 3500.9
441 -5945.6 3500.9
442 -5943.5 3399.9
443 -5947.7 3601
444 -6164.8 3498.6
445 -6510.3 3597.2
446 -626.6 8909.8
447 944 8068.7
448 705.1 19028.4
449 -630.9 8708
450 -629.3 9082.1
451 -629.6 9113.7
452 -630.2 9142.2
453 -734 9248
454 -731.9 9141.5
455 -821.4 15383.2
456 -724.4 15585
457 -730.8 15995.1
458 -827.8 15787.3
459 703.1 19195.1
460 -834.3 16189.5
461 -740.2 16592
462 -743.4 16792.3
463 -747.9 17196.4
464 -846.4 16992.8
465 -851 17397.4
466 -594.7 6333.4
467 -695.2 6277.8
468 -697.8 6481.4
469 -597.9 6684.3
470 793.4 18814
471 -701.9 6886.6
472 -704.3 7291.4
473 -706.5 7489.2
474 -686.3 5470.6
475 -587.8 5672.1
476 -838.2 19009.2
477 -745.8 8178.1
478 -632.8 8255.5
479 -635 8439.5
480 -637.2 8616.9
481 1057.4 17226.3
482 -659 11950
483 -759.6 12146.4
484 -761.5 12349.4
485 -684.9 13360.3
486 -688.3 13562.4
487 -637.2 9516.9
488 -5403.2 9385
489 -5605.4 9383.2
490 -5405.1 9485.5
491 -5809.3 9381.3
492 1032.2 17327.4
493 -5603.4 9281.8
494 -6012.9 9379.5
495 -5811.2 9481.6
496 -6624.1 9374
497 -6417.9 9273.9
498 -6625.9 9474.5
499 -6828 9372.2
500 -3775.8 9398.2
501 -3774.6 9297
502 -3777.1 9499.9
503 1088.8 17102.2
504 -4183.2 9394.7
505 -4387.2 9387.7
506 -4184.7 9496.2
507 -4181.7 9293.2
508 -4588.4 9379.8
509 -4789 9378.4
510 -4586.8 9268.3
511 -4791.1 9491.2
512 -4994.3 9376
513 -4996 9489.6
514 1169.5 17228.6
515 -4992.1 9265
516 -5197.2 9380.6
517 -2354.7 9410.9
518 -2353.2 9514.9
519 -2353.7 9310.6
520 -2559 9408.9
521 -2560.4 9510.3
522 7755.6 -4944.7
523 7756 -5107.4
524 7863.2 -4944.1
525 1157.5 16823.6
526 7642.1 -4946.2
527 7756.5 -5183.5
528 7891 -5104.3
529 7643.6 -5108.5
530 7757.3 -5269.3
531 7758.7 -5433
532 7835.1 -5268.1
533 7645.2 -5271
534 7869 -5431.7
535 7647.1 -5434.2
536 1042.8 16821.7
537 7648.5 -5597.8
538 7825 -7015.7
539 7807.8 -5755.8
540 7810.9 -5957.4
541 7883 -5752.6
542 7848.5 -5957.5
543 7891.5 -12428.1
544 7893.5 -12629
545 7793 -12630.2
546 8000.6 -12627.7
547 1177 16728.1
548 7895.6 -12832.8
549 8001.9 -12831.5
550 7794.9 -12834.1
551 7897.6 -13037.9
552 7796.8 -13039.2
553 8004.3 -13036.6
554 7899.6 -13236.8
555 8006.7 -13235.7
556 7798.6 -13238
557 7901.6 -13438.3
558 812.5 8170
559 1182 16552.9
560 7800.5 -13438.8
561 8009 -13438.2
562 8026 -13639.7
563 7883.2 -11012.3
564 7884.7 -11215.2
565 7987.8 -11214.3
566 7789.9 -11216.1
567 7887.2 -11417
568 7987.8 -11416.2
569 7798 -11417.8
570 1189.6 16527.9
571 7760.1 -5957.8
572 7761.5 -6044.4
573 7759.1 -6160.3
574 7745.9 -6564.7
575 7659.1 -6565.8
576 7948 -6563.5
577 7824.6 -8384.3
578 7768 -8384.6
579 7826.3 -8586.4
580 7973 -8585.3
581 1140.2 16552
582 7827.9 -8686.1
583 7699 -8687.2
584 7829 -8787.7
585 7960.3 -8787.3
586 7988.4 -14371.4
587 7947.3 -14320.6
588 -1074.8 3849.5
589 -1076.3 3951
590 -1073.6 3748.5
591 -879.5 3850.1
592 1197.2 16014.3
593 -1190.7 3848.9
594 -1072.4 3647.7
595 -1277.7 3747.8
596 -880.1 3749.2
597 -1071.3 3546
598 -873.6 3648.7
599 -1070.1 3444.8
600 -1274.8 3544.9
601 -1069.2 3363.5
602 -870.6 3446.3
603 1053.4 16013.2
604 -1171.3 3443.8
605 -868.1 3366.1
606 -1170.1 3283.3
607 -1060.2 2534.5
608 -1262.7 2534.3
609 -443.7 2538.6
610 -1059.6 2472.6
611 -1059.2 2434.8
612 -1057 2232.4
613 -1161.2 2434.1
614 1201.3 15900.8
615 -1055.5 2132.1
616 -1157.6 2231.7
617 -955.1 2233
618 -1050.5 1796
619 -945.3 1797.1
620 -1041.8 1219.2
621 -939 1221.2
622 -1038.6 1015.3
623 -1044.9 1423
624 -935.5 1031.2
625 1215.5 15659.9
626 -1341.5 1012.8
627 -1037 919
628 -1035.4 814.2
629 -1337.1 812.8
630 -932.2 814
631 -1033.8 712.9
632 -1032.2 610.9
633 -930 612
634 -1334.1 607.5
635 -1030.6 508.6
636 1209 15566.6
637 -1029 408.4
638 -825.6 409.7
639 -1331.2 405.4
640 -1027.5 307.3
641 -1025.9 206.1
642 -823.2 208.7
643 -1025.2 164.1
644 -974.9 6
645 -972 -190.1
646 -1017.4 -290.2
647 1233 15564.5
648 -940.6 -867.1
649 -1013.5 -763.2
650 -998.8 -1810.5
651 -1101.7 -1813.3
652 -796.2 -1807.2
653 -997.7 -1913.4
654 -794.8 -1910.1
655 -996.6 -2014.3
656 -946.1 -2013.2
657 -995.5 -2116.3
658 1243.7 15512.1
659 -791.9 -2112.8
660 -993.8 -2191.8
661 -1199.3 -2119.9
662 -992.5 -2318.4
663 -993.5 -2249.8
664 -991.5 -2420.4
665 -789.1 -2314.9
666 -990.6 -2521.4
667 -1194.3 -2424.2
668 -787.7 -2416.6
669 684.1 8270.4
670 1232.6 15608.5
671 -1192.5 -2525.2
672 -989.7 -2623.4
673 -786.3 -2517.6
674 -1194.1 -2627
675 -988.8 -2721.9
676 -987.9 -2818.3
677 -986.9 -2922.9
678 -1192.2 -2924.7
679 -985.6 -3011.2
680 -982.4 -3225.4
681 1182.9 16689.8
682 -880.4 -3224.1
683 -979.3 -3426.7
684 -1085.2 -3226.7
685 -976.2 -3628.7
686 -1082 -3427.9
687 -1078.8 -3629.9
688 -874.4 -3627.5
689 -973 -3830.5
690 -871.3 -3829.2
691 -1075.6 -3831.9
692 1197.4 16115.8
693 -969.8 -4033.4
694 -1072.5 -4033.6
695 -868.3 -4033.4
696 -1272.6 -4237.2
697 -958.8 -4841
698 -956.1 -5043.7
699 -857.5 -4839.5
700 -1058.1 -5045.1
701 -953.6 -5246.4
702 -855 -5042.3
703 1196.6 16163.9
704 -1055.5 -5247.8
705 -951.1 -5448.6
706 -1052.9 -5450.3
707 -948.7 -5651.1
708 -850 -5447.6
709 -1050.3 -5652.7
710 -946.2 -5852.7
711 -943.8 -6056.3
712 -842.5 -6055
713 -941.5 -6258.2
714 1398.5 16117.4
715 -939.1 -6459.9
716 -1043.1 -6259.1
717 -936.8 -6663.3
718 -837.5 -6458.5
719 -934.2 -6864.8
720 -1037.5 -6664.6
721 -834.9 -6662
722 -931.6 -7066.9
723 -1035 -6866.1
724 -929 -7269.3
725 1313 15098.4
726 -830 -7065.7
727 -1030 -7270.7
728 -926.5 -7472.6
729 -1027.4 -7473.8
730 -824.9 -7471.5
731 -924.1 -7678.4
732 -822.3 -7680.4
733 -921.9 -7879.1
734 -919.6 -8080.2
735 -817.4 -8080
736 1323.5 15000.2
737 -1017.3 -8283.7
738 -814.9 -8281.3
739 -811.9 -8684.7
740 -910.9 -8887.9
741 -809.5 -8886.7
742 -908.7 -9091
743 -1011.3 -9092.6
744 -807.2 -9089.6
745 -906.2 -9293.8
746 -1008.6 -9295.2
747 1297.2 15202.8
748 -804.8 -9292.4
749 -903.7 -9495.5
750 -802.5 -9494.1
751 -1005.8 -9496.9
752 -901.4 -9688.1
753 -1003.2 -9689.3
754 -800.3 -9686.9
755 -888.6 -10721.2
756 -880.8 -11520.5
757 -983.7 -11319.2
758 1389.9 13581.8
759 -879.5 -11618.6
760 -981.1 -11521.8
761 -777.6 -11519.1
762 -878.7 -11695
763 -1135.8 -11620.6
764 -663 -11616.9
765 -875.4 -11977.5
766 -1131.6 -11899
767 -1131.6 -11934.7
768 -659 -11976.2
769 1419.8 13378.3
770 -871.7 -12325.7
771 -1070.1 -12328.3
772 -844.6 -14850.3
773 -834.5 -15457.7
774 -1040.7 -15459.3
775 -831.9 -15556
776 -1039 -15557.5
777 -729.3 -15555.2
778 -815.1 -16370.2
779 -685.9 -16169.3
780 494.2 8455
781 1230.3 13579.9
782 -716.5 -16369.6
783 -805.2 -16978
784 -801.8 -17181.3
785 -1234 -17184.5
786 -703.1 -17180.6
787 7696 -13040.6
788 7694.9 -12937.4
789 8041.4 -13033.3
790 8138 -13032.2
791 8136.1 -12830
792 1484.4 13582.6
793 8235.8 -13132.4
794 8527.6 -13027.9
795 8427.7 -13130.9
796 8525.3 -12825.4
797 8629.6 -13026.7
798 8529.9 -13230.1
799 8627.1 -12824.1
800 8730.4 -13025.6
801 8632 -13229
802 8728.1 -12823
803 1365.7 13912.1
804 8831.8 -13024.5
805 8733.4 -13228
806 8932.5 -13023.3
807 8829.3 -12821.8
808 8834.3 -13226.9
809 8935.1 -13225.8
810 9437.5 -13017.4
811 9539.4 -13016.2
812 9435.3 -12814.5
813 9439.6 -13220.3
814 1253.6 11555
815 9640.2 -13015.1
816 9541.7 -13219.2
817 9741 -13013.9
818 9637.5 -12812.1
819 9743.9 -13217.1
820 10160.7 -13009
821 10039.5 -12832
822 10216.6 -13008.3
823 10279.8 -13067.8
824 11080.6 -13000.9
825 1149.1 11756.8
826 11211.3 -12999.7
827 11078.4 -12797.4
828 11317.5 -12998.7
829 11213.8 -13201.2
830 11314.7 -12795.3
831 11319.6 -13200.1
832 11430.7 -12996.9
833 11432.9 -13199
834 11545.7 -12995.6
835 11428 -12794.3
836 1264 10643.2
837 11546.4 -13027
838 11544.1 -12793.3
839 5602.2 -12962.9
840 6007.6 -13058.9
841 6208.2 -13056.4
842 6006.3 -12957.5
843 6410.5 -13053.7
844 6209.3 -13157.8
845 6558.9 -13051.6
846 6409.8 -12952.7
847 1265.4 10541.9
848 6412.1 -13155.1
849 6577 -12950.4
850 6598.4 -13050.9
851 6810.8 -12844.9
852 6913.9 -13047.2
853 6915.9 -13248.8
854 7014.7 -13046.1
855 7016.3 -13247.7
856 7013.2 -12843.6
857 7115.6 -13045.1
858 1211.9 15756.4
859 7215.9 -13044
860 7117.5 -13246.6
861 7218.6 -13245.5
862 4951.3 -13073.6
863 5068.1 -13072.4
864 4934.4 -13122.3
865 5201.2 -13070.7
866 5204 -13273.4
867 5199.3 -12972.8
868 2259.5 11769.1
869 1821.4 15377.2
870 -11249.3 19014.1
871 -11093.4 19118.1
872 -1533.1 8537.8
873 -1188.8 8546.8
874 -1531.9 8439.4
875 -1939.9 8538.1
876 -1939.1 8499.4
877 -1968.4 8499.2
878 -1964.2 8328.5
879 -2099.8 8498.2
880 1911.2 15302.2
881 -2108.5 8701.7
882 -2208.8 8497.4
883 -2205.5 8294.7
884 -2344.5 8496.4
885 -2345.7 8598.2
886 -2343.5 8394.9
887 -2479.6 8495.4
888 -2481.1 8597.3
889 -2615 8494.4
890 -2613.6 8393.3
891 408 8484.3
892 1752.4 15433
893 -2748.7 8493.5
894 -2750.4 8595.4
895 -2747.1 8392.6
896 -2951 8389.6
897 -2955.3 8695.8
898 -2852.2 8493.3
899 -3154.5 8490.5
900 -3153.1 8388.1
901 -3256.3 8489.8
902 -3259 8693.1
903 1908.9 15411.4
904 -3357.7 8489
905 -3459.8 8487.9
906 -3355 8285.3
907 -3461.8 8691.3
908 -3538.9 8487
909 -3590.8 8486.4
910 -3562.7 8690.8
911 -6816.4 8663
912 -7114.1 8456
913 -7016.5 8660.3
914 1908.2 15448.1
915 -7110.4 8254
916 -7215.6 8454.8
917 -7219 8657.7
918 -7719.9 8449.1
919 -7616.9 8290.6
920 -7820.7 8448
921 -7819.1 8342.4
922 3512.9 8552.1
923 3446.1 8551.3
924 3405.3 8634.4
925 2014.1 15416
926 3309.7 8649.8
927 3010.1 8546
928 2817.2 8543.4
929 2707.5 8542
930 2706.2 8625.5
931 2711.3 8339.1
932 2607.6 8540.7
933 1902.7 8531.5
934 1803 8530.2
935 1799.6 8729.7
936 2184.8 15416.9
937 1701.5 8528.9
938 1697.7 8728.4
939 1598.2 8527.8
940 1495.9 8527
941 1493.8 8725.8
942 -4809.6 8476.9
943 -4813.2 8681
944 -4807.2 8273.7
945 -4878.1 8476.5
946 -4876.3 8273.2
947 2300.6 15418.7
948 -4979.8 8476.5
949 -4980.8 8679.5
950 -5079.5 8475.4
951 -5081 8678.7
952 -5181.6 8474.8
953 -5281.7 8474.4
954 -5281 8270.1
955 -5383.9 8473.4
956 -5384.2 8574.7
957 -5486.3 8472.9
958 2187.5 15215
959 -5589.5 8471.2
960 -5587 8267.8
961 -5690.9 8469
962 -5688.3 8267.1
963 -5793.4 8468.3
964 -5794.6 8569.3
965 -5894.4 8467.1
966 -5892 8265.4
967 -5997.3 8466.1
968 -5998.7 8567.8
969 2418.4 15422.7
970 -5994.6 8264.6
971 -6100.9 8668.6
972 -6305.3 8666.9
973 -6404.4 8463
974 -6400.4 8261.4
975 -1099.4 8473.5
976 -978.9 8602.7
977 -976.6 8446.6
978 -3662.1 8486.4
979 -3559.3 8283.7
980 2421.9 15222.6
981 -3665.1 8690.2
982 -3764.6 8486.2
983 -3761.2 8282.1
984 -3865 8484.9
985 -3867.9 8688.5
986 -3967 8484.7
987 -3963.5 8280.4
988 -4271 8481.8
989 -4376.2 8684.8
990 -4574.9 8479.5
991 2543 15421
992 -4577.5 8683.1
993 -8527.3 8440.8
994 -8525 8239
995 -8628.6 8440.1
996 -8426 8441.4
997 -8526.4 8569.5
998 -8631.5 8598.5
999 -8625.6 8278.7
1000 -9002.8 8373.2
1001 -9004.3 8507.8
1002 189.4 8686.6
1003 2415.6 15623.7
1004 -9118.6 8372.9
1005 -9238.1 8372.8
1006 -9240 8506.2
1007 -9234.6 8118.6
1008 -9694.6 8370.9
1009 -9846.1 8370.4
1010 -9847.9 8507.3
1011 3707.6 -6310.1
1012 3708.7 -6409.9
1013 3706.2 -6211.9
1014 2001.1 16222.4
1015 -2768.8 -6384.1
1016 -2770.1 -6283.3
1017 -2767.6 -6485
1018 -2973.3 -6386.1
1019 -2974.6 -6285.6
1020 -3177.4 -6388.2
1021 -3380.4 -6390.2
1022 -3176.2 -6490.3
1023 -3584.5 -6392.2
1024 -3378.7 -6492.9
1025 1598.8 16219
1026 -3381 -6290.3
1027 -3787.7 -6394.2
1028 -3583.3 -6493.6
1029 -3585.7 -6291.5
1030 -3786.2 -6494.8
1031 4627.2 -6309.7
1032 4541.5 -6310.7
1033 4717.9 -6308.6
1034 4625.6 -6196.6
1035 4544.9 -6604.1
1036 1999.4 16323.2
1037 4418.9 -6314.3
1038 4424.1 -6606.8
1039 4416.9 -6201.3
1040 4318.2 -6315.6
1041 4317.7 -6203.5
1042 -6842.8 -6425.4
1043 -6931.4 -6528
1044 -6935.7 -6324.8
1045 -2007.6 -18241.6
1046 3660.6 -18182.7
1047 2001.9 16173.5
1048 3551.5 -18183.8
1049 3660 -18143.6
1050 3402.6 -18185.4
1051 3553 -18303.5
1052 3259.1 -18186.9
1053 3400.5 -18064.4
1054 3261.4 -18307
1055 -275.8 -18286.1
1056 -274.2 -18386.8
1057 -277.5 -18184.9
1058 2010.9 15616.4
1059 326.7 -18284.2
1060 286.2 -18261.3
1061 325.2 -18254.8
1062 320.6 -18221.5
1063 37.8 -18314.1
1064 175.7 -17993.8
1065 29.4 -18181.2
1066 325 -18139.8
1067 567.1 -18281
1068 551.9 -18369.7
1069 2101.8 15617.5
1070 591.9 -18170.5
1071 3048.6 -18244.1
1072 2851.8 -18037.6
1073 2955.2 -18245.1
1074 2957.3 -18352.4
1075 2855.3 -18246.2
1076 2854.2 -18175.3
1077 747.3 6733.4
1078 516.3 6731.2
1079 -8575.2 -5130.7
1080 2011.5 15581.2
1081 -8471.4 -5330.4
1082 -8572.2 -5331.4
1083 -8469.4 -5531.3
1084 -8570.6 -5532.6
1085 -8367.7 -5530
1086 -8466.4 -5733.1
1087 -8567.4 -5734.1
1088 -8365.1 -5732.1
1089 -8463 -5944.6
1090 -8564.4 -5946
1091 2007.7 15815.3
1092 -8361.8 -5942.9
1093 -8459.3 -6147
1094 -8560.7 -6148.6
1095 -8358.8 -6145.7
1096 -8455.5 -6350.9
1097 -8556.9 -6352.2
1098 -8354.1 -6349.7
1099 -8452 -6554.3
1100 -8553.8 -6555.4
1101 -8350.7 -6553.3
1102 2017.5 15212.1
1103 -8447.9 -6757.5
1104 -8549.4 -6758.8
1105 -8347.3 -6756.2
1106 -8444.5 -6962
1107 -8647.7 -6964.4
1108 -8343.2 -6960.4
1109 -8442.6 -7063
1110 -8646.2 -7065.9
1111 -8440.2 -7166.1
1112 -8542.4 -7167.1
1113 3057.5 3896.5
1114 -262.4 9001.9
1115 2033.1 13995.8
1116 -8338.9 -7164.6
1117 -8436.6 -7369.6
1118 -8538.7 -7370.8
1119 -8335.6 -7368.6
1120 -8433.6 -7573
1121 -8534.5 -7574.1
1122 -8331.6 -7571.9
1123 -8431.6 -7671.6
1124 -8633.8 -7673.9
1125 -8429.2 -7774.6
1126 1920.7 13994.3
1127 -8225.8 -7772.4
1128 -8427.3 -7875.3
1129 -8629.4 -7877.7
1130 -8424.9 -7971.3
1131 -8456.7 -7971.7
1132 11660.7 -15438.4
1133 11660.1 -15636.4
1134 11761.7 -15437.3
1135 11863 -15437.3
1136 11964.2 -15437.8
1137 2035.7 13862.9
1138 11865 -15234.5
1139 11861.8 -15638.3
1140 11965.5 -15235
1141 11962.9 -15639.3
1142 12064.7 -15438.2
1143 12065.6 -15235.4
1144 12063.5 -15640.3
1145 12164.9 -15438
1146 12166.2 -15235.8
1147 12265 -15438.1
1148 2032.7 14060.2
1149 12163.6 -15641.4
1150 12263.8 -15642
1151 12365.6 -15438.1
1152 12366.9 -15236.7
1153 12465 -15438.1
1154 12572.5 -15433.9
1155 12464 -15644.1
1156 5098.6 -15502.1
1157 4922.8 -15604.8
1158 5228.1 -15500.4
1159 2058.8 13524.7
1160 5085.4 -15601.5
1161 5329.5 -15499.1
1162 5230.1 -15600
1163 5327.4 -15296.2
1164 5734.9 -15494
1165 5836.7 -15492.8
1166 5737.8 -15696.2
1167 5938 -15491.6
1168 5834 -15289
1169 6039.6 -15490.3
1170 2038.1 13589.7
1171 5939.9 -15592.7
1172 6038.2 -15387.7
1173 6158.4 -15488.9
1174 6176.5 -15386
1175 6237.1 -15486.1
1176 6446.1 -15482.4
1177 6219.2 -15588.2
1178 6306 -15097.5
1179 6447.6 -15584.7
1180 7108.2 -15470.6
1181 2088.1 13462.4
1182 7263.4 -15472.5
1183 7565.9 -15474.7
1184 6711.5 -17106.3
1185 9633.3 -15625
1186 9531.2 -15238.6
1187 9632.4 -15437.8
1188 9631.3 -15237
1189 9733.2 -15436.2
1190 9833.5 -15434.6
1191 9732.6 -15235.6
1192 2488.7 9546.2
1193 9934.1 -15433
1194 9834.1 -15625.4
1195 10034.9 -15431.4
1196 10035.3 -15624.9
1197 10136.5 -15429.8
1198 10033.4 -15231.9
1199 10135.6 -15230.2
1200 10136 -15626.7
1201 -2723 4877.9
1202 -2643.8 4850.4
1203 2486.9 9647.7
1204 1161.5 4074.3
1205 1160.2 4179.8
1206 1162.9 3973.5
1207 1060.3 4073
1208 1059 4179.3
1209 554.2 3964.8
1210 551.6 4172.2
1211 350.3 4064
1212 351.5 3962.5
1213 349.1 4162.4
1214 2379.8 9544.7
1215 147.6 4061.7
1216 146 4157.7
1217 -260.9 4151.4
1218 -879.3 3952.1
1219 -1077.8 4051.1
1220 -1078.4 4136.6
1221 -1178.9 4050.5
1222 -1281 4049.9
1223 -1181 4195.8
1224 -1279.7 3949.9
1225 794.8 8145.6
1226 2590.6 9548
1227 -1282.8 4194.4
1228 -1485.5 4048.7
1229 -1484.8 3948.8
1230 -1487 4187
1231 -1689.5 4047.5
1232 -1690.3 4101.7
1233 -1688.1 3947.7
1234 -1894.3 4046.5
1235 -2697.4 3914.6
1236 -2702.4 3838.4
1237 2492.3 9345.2
1238 -2775.3 4296.1
1239 -2447.4 3920.9
1240 -3110.1 3958.5
1241 -3111.6 4080.3
1242 -3105.2 3835
1243 -3514.3 3964.3
1244 -3515.4 4075.3
1245 -3512.1 3831.3
1246 -3717.3 3975
1247 -3715.6 3829.6
1248 1284.2 9529.4
1249 -3719.7 4122
1250 -3921.6 3972.6
1251 -3919.6 3828
1252 -4125.3 3972
1253 -4127.8 4119.6
1254 -4328.1 3971.1
1255 -4326.3 3824.8
1256 -4531.7 3969.4
1257 -4713 3967.8
1258 -4714.1 4114.7
1259 1184.4 9528.4
1260 -4938.5 3966.5
1261 -4709.4 3821.8
1262 -5953.9 3954.9
1263 -5853.1 3960.4
1264 -5955.7 4032.7
1265 -5951.9 3812.2
1266 2499.6 4041.5
1267 2402.4 4040.1
1268 2400.6 4178.8
1269 2404.4 3887.6
1270 1291.2 9128
1271 2305.7 4038.2
1272 2308 3886.2
1273 2303.7 4177.5
1274 2210.6 4036.8
1275 2211.1 3884.9
1276 2132.8 4035.9
1277 2131.2 4175.1
1278 2038.1 4034.6
1279 2039.9 3882.2
1280 2036.5 4174.1
1281 262.4 9521.4
1282 1963.1 4033.6
1283 1968.3 3881.2
1284 1628.2 4029.7
1285 1745.3 4031.3
1286 1629.9 3876.5
1287 1551.3 4026.2
1288 1657.9 4173.6
1289 -4935.7 3820
1290 -5143.3 3965.1
1291 -5345.6 3962.9
1292 67.9 9822.3
1293 -5348.1 4110.1
1294 -5549.2 3961.4
1295 -5751.6 3959.7
1296 -5754.2 4107.2
1297 -5957.2 4105.8
1298 -6053.3 3811.4
1299 -6264.3 4219.1
1300 -6375.1 4031.2
1301 -6371.3 3809.2
1302 -6493.3 4029.4
1303 -8.4 9519.7
1304 -6497.1 4250.9
1305 -6630.3 4028.5
1306 -6626.3 3807.5
1307 -7035.7 3809.1
1308 -7175.5 4023.1
1309 -7178.1 4242.1
1310 -7343.8 4021.3
1311 -7340.2 3798.7
1312 -7462.8 4020
1313 -7466.2 4237.6
1314 2453.7 11771.8
1315 -7581.8 4018.8
1316 -7585 4236.8
1317 -9657.9 -7594.1
1318 1803.9 16020.2
1319 1401.9 15918.5
1320 589.6 -16496
1321 306.5 -16502.7
1322 615.6 -16565.8
1323 594.1 -16362
1324 3.7 -16507.8
1325 2353.9 11770.4
1326 303.5 -16366.7
1327 1.5 -16365.1
1328 4.2 -16537
1329 4438.7 -16521.5
1330 4436.4 -16319.4
1331 -2955.1 -16493.3
1332 -2953.2 -16593.6
1333 -3057.3 -16493.8
1334 -2957 -16392.6
1335 -3086.7 -16595.7
1336 -574.1 9242.8
1337 2553.8 11773
1338 -3059.6 -16393.8
1339 2825.8 -16433.5
1340 2622.9 -16435.3
1341 2827.4 -16535.7
1342 2824.2 -16332.5
1343 2498.4 -16436.4
1344 2621.1 -16334.1
1345 2535.9 -16538.3
1346 2219 -16445.9
1347 2422.3 -16540
1348 2456.5 11598.8
1349 2219.5 -16539.9
1350 1210.6 -16488.3
1351 1152.7 -16489.6
1352 1213.7 -16650.4
1353 1207 -16351
1354 1035.9 -16492.1
1355 1032.9 -16354.4
1356 -2649.8 -16592.1
1357 -2651.9 -16470.2
1358 -4637.2 -11737
1359 2071.1 10349
1360 -4639.3 -11643.4
1361 -6974.8 13728.3
1362 -7282.7 13845.3
1363 -7121.6 13726.3
1364 -6899.4 13728.5
1365 -7283.3 13949.8
1366 3509.5 -7326.7
1367 3292 -7330.6
1368 3509.4 -7427.9
1369 3718.6 -7321.1
1370 1898.7 10346.5
1371 3438.9 -7428.9
1372 3563.7 -7427.2
1373 3507.6 -7630.9
1374 3442.6 -7631.7
1375 3567.4 -7630.2
1376 3609 -14707.9
1377 3611.7 -14910
1378 3709.1 -14707.1
1379 3619.6 -15515.4
1380 3516.5 -15315.8
1381 2173.4 10350.5
1382 3621.7 -15619.2
1383 3518.9 -15516.2
1384 3721 -15514.5
1385 3821.3 -15617.1
1386 3623 -15719.7
1387 3721.7 -15718.4
1388 3625.2 -15921.6
1389 3625.8 -15982.4
1390 3724.8 -15920.7
1391 3628 -16123.3
1392 2073.1 10248
1393 3525 -15983.1
1394 3527.3 -16124.2
1395 3727.9 -16122.5
1396 3631.6 -16326
1397 3530.6 -16326.8
1398 3730.9 -16325.2
1399 3734 -16527.1
1400 3533.7 -16529
1401 3641.1 -16932.3
1402 3644.2 -17134.8
1403 2069.8 10448.6
1404 3743.2 -17134
1405 3543.2 -17135.7
1406 3647.3 -17336.2
1407 3546.8 -17337.2
1408 3746.8 -17335.2
1409 3650.5 -17538
1410 3549.9 -17539
1411 3750 -17537.1
1412 3653.6 -17740.5
1413 3553.2 -17741.4
1414 2058.5 11364
1415 3754 -17739.5
1416 3656.7 -17942.7
1417 3550.7 -17943.7
1418 3757.2 -17941.7
1419 3658.7 -18061.6
1420 3549.4 -18062.8
1421 3760.4 -18142.8
1422 3662.5 -18303
1423 3663.2 -18346.1
1424 3555.6 -18424.2
1425 2162.9 11365.6
1426 3669.8 -18750.3
1427 3569.5 -18751
1428 3672.6 -18952.1
1429 3678.8 -19356.4
1430 3572.3 -18952.8
1431 3773.1 -18951.4
1432 3579.3 -19357
1433 3779.7 -19355.7
1434 3682.3 -19558.6
1435 3686.9 -19760.7
1436 3744.1 10384.1
1437 3607.3 -19559.1
1438 3783.7 -19557.9
1439 3586.3 -19761.4
1440 3787.2 -19759.9
1441 3502.7 -10865.5
1442 3605.1 -10864.6
1443 3436.1 -249.5
1444 3332.4 -147.7
1445 3437.4 -349.6
1446 3571 -247.9
1447 -847 9495.4
1448 3682.6 10368
1449 3438.4 -451
1450 3334.6 -350.9
1451 3572.1 -347.9
1452 3439.5 -551.4
1453 3573.1 -449.9
1454 3441.6 -754.9
1455 3336.6 -552.4
1456 3538.3 -550.5
1457 3339 -755.9
1458 3445.8 -1159
1459 3759.7 10346.7
1460 3343.3 -1159.8
1461 3447.9 -1361.3
1462 3345.4 -1362.5
1463 3547.6 -1360.2
1464 3452.1 -1766.2
1465 3350.3 -1767.5
1466 3552.3 -1765.5
1467 3454.1 -1968.3
1468 3351.8 -1969.5
1469 3554.3 -1967.1
1470 3280.3 10361.8
1471 3456.2 -2171.1
1472 3353.9 -2172.2
1473 3556.4 -2170.1
1474 3458.2 -2373.5
1475 3356.4 -2374.5
1476 3558.5 -2372.5
1477 3460.3 -2576.4
1478 3358.8 -2578.1
1479 3560.8 -2575.4
1480 3462 -2748.2
1481 3077.8 10359.8
1482 3464 -2880.3
1483 3666.6 -2878.7
1484 3462.2 -2801.1
1485 3464.4 -2927.5
1486 3465.3 -2979.7
1487 3262.5 -2930.2
1488 3668 -2977.3
1489 3466.7 -3080
1490 3669.4 -3078.1
1491 3467.8 -3181.1
1492 3381.4 10363.1
1493 3365.6 -3080.6
1494 3469 -3282.1
1495 3470 -3382.2
1496 3672.2 -3278.9
1497 3595.3 -3380.5
1498 3438.3 -3382.6
1499 3439.2 -3484.3
1500 3368.9 -3383.6
1501 3440.1 -3585.4
1502 3269 -3486.6
1503 3277.6 10484.5
1504 3596.9 -3482.2
1505 3472.3 -3584.9
1506 3371.4 -3586.4
1507 3473.6 -3685
1508 3598.5 -3583
1509 3474.4 -3787
1510 3676.1 -3682.3
1511 3476.2 -3888.8
1512 3373.3 -3789.3
1513 3676.3 -3783.2
1514 3281.9 10263.5
1515 3477 -3990
1516 3677.5 -3885.1
1517 3478.8 -4092.3
1518 3375.2 -3992.4
1519 3678.9 -3986.9
1520 3480.1 -4192.8
1521 3275.9 -4095.4
1522 3680.4 -4089.2
1523 3516.7 -11861
1524 3579.1 -12283.2
1525 2873.4 10480.7
1526 3581.5 -12478.8
1527 3480.3 -12478.8
1528 3583.8 -12674.2
1529 3685.7 -12674
1530 3586.2 -12869.7
1531 3485.5 -12870
1532 3588.9 -13090.4
1533 3488.4 -13091.5
1534 3690.7 -13089.3
1535 3591.7 -13293.5
1536 2474.7 10354.9
1537 3693.2 -13292.4
1538 3594.5 -13496.1
1539 3494.1 -13497.2
1540 3597.3 -13698.7
1541 3698 -13697.6
1542 3600.1 -13902.1
1543 3499.8 -13903.2
1544 3602.4 -14103.5
1545 3501.8 -14104.5
1546 3702.6 -14102.5
1547 2471.4 10556.6
1548 3604.6 -14305.7
1549 3503.3 -14306.1
1550 3704.9 -14304.6
1551 3590.1 -19962.8
1552 3696.1 -20263.5
1553 3789.2 -20161.9
1554 3701 -20673.1
1555 3601.8 -20675.2
1556 3802.4 -20672.2
1557 3707.1 -20940.8
1558 -1385.1 9889.3
1559 2374.4 10353.4
1560 3606.8 -20925.6
1561 3807.5 -20939.6
1562 3449.4 -10057.6
1563 3582.6 -10055.6
1564 3507.7 -10662.6
1565 3456 -10663.2
1566 3592.9 -10660.1
1567 3438.7 154.5
1568 3380.1 244
1569 3272.9 153.9
1570 2476.6 10246.8
1571 3567 157.4
1572 3486.2 -5407.1
1573 3442.2 -5407.4
1574 3488.5 -5608.4
1575 3489.7 -5709.5
1576 3295.8 -5713.2
1577 3481.2 -8235.9
1578 3450.3 -8236.2
1579 3432.2 -8640.7
1580 -3272.7 -15990.7
1581 1870.3 10346.1
1582 -3270.8 -16091.1
1583 -3274.4 -15894.1
1584 -3068.9 -15988.1
1585 -3171.6 9908.4
1586 -3170.2 9771.5
1587 -3273.9 9907.8
1588 -3084.4 10125.3
1589 -3375.1 9907.3
1590 -3373.3 9705.7
1591 -3478.8 9906.7
1592 1669.8 10343.4
1593 -3513.3 9906.5
1594 -3398.5 10042.6
1595 -3579.2 9906.2
1596 -3782.4 9905.1
1597 -3578 9805.7
1598 -4038.8 9903.7
1599 -3780.9 9803.8
1600 -4061.5 10003.9
1601 -4000 9801.8
1602 -4906.7 9895.1
1603 3408.9 9722.2
1604 -4911.1 10097.1
1605 -5004.8 9894.3
1606 -5102.6 9893.4
1607 -5009.2 10096.4
1608 -5209.1 9892.4
1609 -5098.4 9690.5
1610 -5412.8 9890.1
1611 -5615.7 9889
1612 -5414.7 9991.8
1613 -5819.7 9887
1614 3289.5 9788.9
1615 -5617.8 9989.8
1616 -5614.4 9787.4
1617 -6022.7 9884.6
1618 -5821.7 9987.8
1619 -5817.7 9785.8
1620 -6020.8 9784.1
1621 -6530.8 9880.4
1622 -6527.5 9676.9
1623 -6632.7 9879.6
1624 -6637.1 10082.4
1625 2663.8 11171.4
1626 -6735.5 9878.9
1627 -6732.5 9675
1628 -6785.5 9878.5
1629 -6833 9674.1
1630 -7041.1 10079
1631 -7138.3 9875
1632 -7135 9672.6
1633 -7239.2 9874
1634 -7243 10077.6
1635 -7537.8 9668.5
1636 2561.6 11170
1637 -7642.2 9870.1
1638 -7743.1 9869.4
1639 -7739.8 9666.5
1640 -7843.5 9868.5
1641 -7840.3 9665.5
1642 -7944.9 9867
1643 -7941.2 9664.5
1644 -8045.3 9866.6
1645 -8145.5 9865.8
1646 -8046.9 9968.7
1647 2668.3 10966.7
1648 -8142.4 9662.4
1649 -8246.3 9864.7
1650 -8243 9661.4
1651 -8345.9 9864.4
1652 -8343.4 9660.4
1653 -8449 9863.2
1654 -8549.1 9862.3
1655 -8551.9 10064.3
1656 -8651.2 9861.3
1657 -8647.9 9658.2
1658 3365.3 11316.2
1659 -8751.8 9860.4
1660 -8754.8 10062.8
1661 -8848.7 9859.5
1662 -8851.6 10061.5
1663 -8954.3 9858.5
1664 -8951 9656.2
1665 -9055.3 9857.6
1666 -9058.2 10059.8
1667 -9156.4 9856.7
1668 -9153.5 9654.6
1669 -1672.7 10108.5
1670 3189.4 11239.1
1671 -9258.9 9855.7
1672 -9360.4 9854.8
1673 -9261.8 10057.1
1674 -9256.1 9653.7
1675 -9363.3 10056.4
1676 -9870.1 9850.2
1677 -9947.8 10075.1
1678 -10274.6 9861.4
1679 -10376.5 9859.7
1680 -10477.7 9857.9
1681 3274.7 11520.1
1682 -10481 10060.2
1683 -10679.6 9854.5
1684 -10683.4 10056.4
1685 -10780.9 9852.7
1686 -10882.9 9851.1
1687 -1753.2 9920.9
1688 -1650.3 9717.7
1689 -1855.9 9920.9
1690 -1754.6 10065
1691 -1959.5 9922.3
1692 3409.5 11214.1
1693 -1853 9717.1
1694 -2059.8 9922.9
1695 -2159.7 9921.9
1696 -2057.3 9720.3
1697 -2216.5 9921.3
1698 -2161.5 10123.5
1699 -2260.4 9920.9
1700 -2360.7 9923.2
1701 -2360.6 9884.9
1702 -4225.8 9903.7
1703 6110.1 -14835.5
1704 -4223 9699.6
1705 -4310.4 9903
1706 -4139.5 9700.6
1707 -4311.7 10004.2
1708 -4706.8 9897.1
1709 -4710.6 10098.9
1710 1677.5 9939.9
1711 1675.7 10040.2
1712 1472.5 10140.3
1713 1879.8 9942.7
1714 6251.1 -14833.7
1715 1679.6 9838.2
1716 1074.9 9933.1
1717 965.6 9932.9
1718 1077.8 9786.1
1719 1276.3 9935.3
1720 1073 10033.9
1721 875.8 9931.4
1722 874.5 10031.8
1723 -741.6 10048.4
1724 -867.5 10022.8
1725 6187.1 -14805.8
1726 -942.8 10022.2
1727 -1043.3 9919.8
1728 -1040.4 9715.9
1729 -1144.1 9920.1
1730 -1245.3 9920.4
1731 -1145.4 10021.8
1732 -1348.7 10021.4
1733 4461.6 1912.4
1734 4541.3 1913.4
1735 4459.6 2099.3
1736 7221 -16409
1737 4539.5 2100.2
1738 -945.4 1817.8
1739 -843.4 1819.3
1740 -845.3 1879.2
1741 -950.3 2132.9
1742 -3088.1 1813.6
1743 -3177.5 1812.8
1744 -3073.2 1760.4
1745 -3277.4 1811.8
1746 -3179.2 2013.8
1747 7044.7 -16835.5
1748 -3378.8 1810.9
1749 -3274.7 1607.2
1750 -3480.5 1810
1751 -3381.6 2012.3
1752 -3477.8 1605.8
1753 -3483.1 2011.5
1754 -3581.3 1809
1755 -3584 2010.5
1756 -3683 1808.1
1757 -3680.2 1603.8
1758 7467.8 -20452.8
1759 -3784 1806.9
1760 -3781.1 1602.8
1761 -3786.9 2008.6
1762 -3885.8 1805.7
1763 -3882.7 1601.9
1764 -3888.9 2007.7
1765 -3987.1 1804.5
1766 -3990.1 2006.7
1767 -4089.3 1803.3
1768 -4190.4 1802.2
1769 7587.6 -20639.2
1770 -4193.6 2004.8
1771 -4293.7 1801
1772 -4393.8 1799.5
1773 -4296.9 2003.8
1774 -4290.6 1597.3
1775 -4494.3 1798.1
1776 -4491.2 1596.2
1777 -4500.6 2203.9
1778 2000.5 1861.1
1779 2002.4 1760.2
1780 -1892.7 10299.2
1781 7358 -20726.8
1782 2009.8 1962.7
1783 1799.2 1858.2
1784 2104.9 1862.7
1785 1397.7 1852.1
1786 783.2 1846.3
1787 782.2 1946.7
1788 580.5 1843.6
1789 987.2 1849.2
1790 578.4 1944.4
1791 585.2 1373.7
1792 7783.7 -20945.6
1793 -232.2 1834.5
1794 -232.5 1856.4
1795 -229.1 1633.9
1796 1800.4 1756.7
1797 1797.9 1959.5
1798 -2972.4 1761.5
1799 -3071.8 1608.6
1800 11745.4 -18058.8
1801 11745.5 -18037.1
1802 11849.7 -18059.8
1803 8428.8 -22018
1804 11744.5 -18199.6
1805 11949.8 -18060.8
1806 11848.1 -18260.9
1807 11949.9 -18261.8
1808 12049.7 -18061.8
1809 12150.7 -18062.8
1810 12251.4 -18063.8
1811 12150.4 -18263.5
1812 12351.8 -18064.8
1813 12251.1 -18264.4
1814 8468.7 -22333.3
1815 12251.7 -17860.9
1816 12451.2 -18065.7
1817 12350.8 -17862.2
1818 12351.6 -18265.2
1819 10143.2 -18040.6
1820 10143.3 -17640.5
1821 10143.1 -18241.8
1822 4953.3 -18239.4
1823 5041.7 -18239.7
1824 5041.2 -18212.1
1825 4793.5 -14282.4
1826 5268.5 -18239.1
1827 5267.9 -18319.9
1828 5268.4 -18085.8
1829 5148.7 -18239.7
1830 5368 -18238.7
1831 5366.3 -18085.5
1832 5670.7 -18237.3
1833 5701.8 -18084.7
1834 -10082.3 19111.2
1835 -12884.1 13132
1836 4783.5 -14031.6
1837 -12812.2 13132.8
1838 -12966 13130.5
1839 -12886 13286.3
1840 -12965.4 13285.9
1841 -12813 13287.6
1842 -12889.1 13445
1843 -12939.1 13444.1
1844 -12836.9 13445.8
1845 4831.7 -4573.4
1846 4834.6 -4775.1
1847 6614 -14802.4
1848 4966.7 -4572.1
1849 4828.6 -4371.3
1850 5100.3 -4569.6
1851 5604.4 -4563.1
1852 5704 -4561.9
1853 5809.8 -4560.6
1854 5701.4 -4764
1855 5704.2 -4460.4
1856 5811.6 -4762.2
1857 5807.9 -4358.1
1858 7077.9 -16796
1859 5910.6 -4559.4
1860 6014.5 -4558.1
1861 5912.8 -4760.6
1862 5908.3 -4356.8
1863 6016.6 -4759
1864 6012.4 -4355.4
1865 6115.6 -4556.8
1866 6117.4 -4757.4
1867 6113.3 -4354.1
1868 6215.7 -4555.6
1869 7245.1 -16420.5
1870 6213.5 -4352.8
1871 6317.1 -4554.3
1872 6500.2 -4553
1873 6318.3 -4754.2
1874 6315.3 -4351.4
1875 6539.2 -4552.7
1876 6501 -4753.4
1877 6721.2 -4551.3
1878 6538.4 -4350.6
1879 6922 -4549.8
1880 8426.3 -21970.4
1881 6723.2 -4752.8
1882 6719.6 -4349.1
1883 6923.9 -4751.1
1884 6920.6 -4347.4
1885 7634.5 -4319.9
1886 7974.2 -4572.8
1887 8035.8 -4516
1888 8063.2 -4736
1889 8158 -4632.7
1890 -11584.4 15436.9
1891 -2014.4 10360.2
1892 7814.4 -20965.9
1893 -11506.3 15421.2
1894 5036.6 5255.5
1895 5035.4 5345.7
1896 4911.8 5343.5
1897 1675.2 19172.1
1898 1554 19170.4
1899 1700.4 19056.9
1900 1579.3 19054.4
1901 1136.6 19037.5
1902 913 19191
1903 4091.9 7645.1
1904 158.4 19206
1905 148.6 19037
1906 13.8 19209.3
1907 29.2 19038.8
1908 -964.5 19207.3
1909 -1031.4 19105.8
1910 -1421.8 19097.3
1911 -1615.3 19194.4
1912 -1810.6 19190.6
1913 -1812.8 19089.2
1914 4051 7629.5
1915 -10283 19235.1
1916 -10383.9 19233
1917 -10485 19230.9
1918 -10586.7 19228.9
1919 -10686.7 19227
1920 -10788.4 19224.9
1921 -1083.2 12854.6
1922 -1136 12956.8
1923 -1185.9 12956.7
1924 -1506.4 13458.8
1925 4040.9 7757
1926 -1541.7 13561.4
1927 -1001.5 6682.8
1928 -1003.8 6884.6
1929 -902.6 6683.2
1930 -1005.8 7087.3
1931 -1110.1 6884
1932 -1008.5 7289.8
1933 -1011 7487.6
1934 -1110.6 7289.5
1935 -907.8 7290.8
1936 4127.5 7564.8
1937 -1111.6 7499.1
1938 -1013.6 7692.1
1939 -1114.6 7692
1940 -1016.1 7893.6
1941 -1117.3 7893.4
1942 -915.5 7893.9
1943 -994.6 5469.4
1944 -996.8 5669.1
1945 -1096 5468.9
1946 -891.2 5469.8
1947 4216.4 7366.9
1948 -998.6 5871.1
1949 -893.4 5669.9
1950 -1031.6 8908.6
1951 -1132.1 8908.2
1952 -930.9 8908.4
1953 -1034.1 9082.1
1954 -1034.6 9112.2
1955 -933.7 9082.1
1956 -1038.5 9312.1
1957 -1136.2 9312.2
1958 4310.5 7150.8
1959 -1035.2 9139.7
1960 -1126.1 15585.6
1961 -1129.2 15787.1
1962 -1026 15585.5
1963 -1132.4 15994.7
1964 -1231.3 15787.2
1965 -1136 16188.5
1966 -1139.7 16388.2
1967 -1237.8 16188.2
1968 -1143.4 16587.5
1969 4308.4 7395.7
1970 -1240.5 16387.3
1971 -1147 16786.2
1972 -1043.2 16588.6
1973 -1149.2 16988.4
1974 -1151.3 17190.7
1975 -1249.5 16986.9
1976 -1050.2 17192.1
1977 -1153.4 17392.8
1978 -1254.8 17391.3
1979 -1155.5 17595.2
1980 4324.4 6342.7
1981 -1257.4 17593.3
1982 -1103.1 13804.7
1983 -1105.5 13966.6
1984 -995.9 13805.2
1985 -1095 13684.4
1986 -1093.7 13562.7
1987 -1196.8 13684.2
1988 -976.9 4206.9
1989 -1072.1 4201
1990 -980.3 4456.2
1991 4325.3 6256.7
1992 -1083 4455.9
1993 9529.7 -14835.6
1994 9629 -14834.5
1995 9527.7 -14633.8
1996 9530.4 -15036.7
1997 9731.1 -14833.3
1998 9630.1 -15035.5
1999 9629 -14632.6
2000 9730.2 -14631.3
2001 9731.8 -15034.5
2002 -2164.5 10504.8
2003 4320.8 6550.6
2004 9831.1 -14832.2
2005 9831.2 -15033
2006 9829.2 -14630.1
2007 9931.8 -14831.1
2008 10030.1 -14830
2009 9932.8 -15031.8
2010 9927.1 -14629
2011 10133.5 -14843.6
2012 10027.3 -14627.7
2013 5221.5 -14893
2014 4329.4 5885.8
2015 5323.1 -14891.4
2016 5223.7 -15095.6
2017 5727.2 -14887.9
2018 5828.6 -14884.5
2019 5729.8 -15088.4
2020 5929.4 -14883
2021 6031.4 -14881.5
2022 5932.2 -15085.6
2023 6266.2 -14878.7
2024 6344.8 -14878.3
2025 4330.2 5827.8
2026 6248.8 -14979.5
2027 6333.2 -14943.2
2028 6381.3 -14672.9
2029 12267.2 -14787.2
2030 12271 -14592.2
2031 12369.2 -14803.8
2032 12473.2 -14589.1
2033 10634.9 -14855.3
2034 10521.8 -14855.4
2035 11968.2 -14809.1
2036 4328.3 5971.3
2037 11867.1 -15022
2038 11872.8 -14591.5
2039 12068 -14808.7
2040 11966.8 -15021.5
2041 6497 -15007
2042 6531.7 -15033.1
2043 6726.3 -15101.7
2044 7584.2 -14752.6
2045 7962.2 -14584
2046 7580.9 -14560.1
2047 4580.6 5900.8
2048 7271.2 -15390.7
2049 7566 -8285.1
2050 7766.7 -8283.2
2051 7564.7 -8183
2052 7970.7 -8282.2
2053 7970.5 -8383.5
2054 -1927.7 6375.5
2055 -1929.1 6474.8
2056 -1926.2 6272
2057 -2132.7 6474.6
2058 4452 5892.2
2059 -696.3 6382.8
2060 -901.5 6382
2061 -899.8 6276.8
2062 -1105.7 6380.1
2063 -1106.3 6480
2064 -1104.7 6275.8
2065 -3546 6369.9
2066 -3547.6 6466.4
2067 -3544.1 6268.5
2068 -3750.4 6367.3
2069 4581.9 5811.4
2070 -3749 6265.7
2071 -3953.5 6364.3
2072 -3952.3 6263.1
2073 -4158.8 6360.9
2074 -4160 6461.4
2075 -4362.7 6358.6
2076 -4363.7 6459.1
2077 -4361.6 6257.4
2078 116.2 6389.1
2079 318.8 6392
2080 4578.9 5981.6
2081 117.5 6285.9
2082 -5380.7 6346.6
2083 -5381.4 6447.3
2084 -5583.9 6345.2
2085 -5585.2 6446
2086 -5583 6244.5
2087 -5787.6 6343.8
2088 -5788 6444.8
2089 -5787.2 6243.4
2090 -5991.6 6444.7
2091 4580.5 6170.4
2092 -5989.5 6242.1
2093 -6422.1 6340.6
2094 -6423.1 6440.8
2095 -6659.7 6340.2
2096 -6657.3 6238.5
2097 -6811.6 6338.9
2098 -6813.3 6437.2
2099 1735.6 6420.9
2100 1735.7 6307
2101 1734.4 6506.3
2102 4445.6 6258.1
2103 -322.1 8911.1
2104 -1133.9 9082.1
2105 -1129.7 8706.2
2106 -1233 8907.8
2107 -1235.3 9081.5
2108 -1335.3 8907.9
2109 -1332.2 8706.5
2110 -1437.7 8907.7
2111 -1438.9 9081.3
2112 -1466.9 8778.7
2113 -2559.5 10649.4
2114 4677.5 5902.1
2115 -1537.8 8907.7
2116 -1538.5 8967.1
2117 -1536.9 8837.8
2118 -1972.3 8702.5
2119 -2238.9 8902.7
2120 -2237.1 8700.9
2121 -2117.7 8903.5
2122 -2349.2 8902
2123 -2351.6 9105
2124 -2346.9 8700.2
2125 4646.3 5991.2
2126 -2450.7 8901.9
2127 -2452.2 9104.3
2128 -2448.3 8699.6
2129 -2552.8 8901.2
2130 -2555 9103.7
2131 -2653.7 8899.8
2132 -2651.3 8698.3
2133 -2856.5 8898
2134 -2859.2 9101.7
2135 -2754.2 8898.9
2136 4098.1 4706.7
2137 -3160 8896.3
2138 -3157.5 8694
2139 -3262.2 8897.5
2140 -3264.3 9099
2141 -3363.3 8896.1
2142 -3360.4 8692.2
2143 -3464.5 8895.3
2144 -5392 8881.8
2145 -5394.3 8983
2146 -5595.8 8879.7
2147 4184.2 7343.1
2148 -5593.9 8779.2
2149 -5799.7 8877.5
2150 -5801.6 8979
2151 -6003.4 8875.3
2152 -6005.2 8977
2153 -6410.9 8870.2
2154 -6513.4 8869
2155 -6407.3 8666.1
2156 -6509.8 8665.3
2157 -6615.3 8867.8
2158 4574.5 7266.7
2159 -6618.8 9069.3
2160 -6717.5 8866.6
2161 -6713 8663.8
2162 -6823 9066.9
2163 -7023.5 9065.6
2164 -7121.3 8861.7
2165 -7222.3 8860.5
2166 -7117.9 8659
2167 -7225.7 9063.5
2168 -7319.6 8656.5
2169 3993.5 8154.1
2170 -7726.6 8854.2
2171 -7629.2 9058.5
2172 -7827.3 8853
2173 -7729.9 9057.5
2174 -7824 8649.9
2175 2300.4 8844.1
2176 2297 9040.6
2177 2500.1 8941.9
2178 1796.5 8932.2
2179 1929.2 8838.6
2180 4658.8 7581.9
2181 1694.7 8930.8
2182 1792.4 9134.7
2183 1590.5 8929.4
2184 1693.1 9030.6
2185 1493.4 8928.1
2186 1593.9 8727
2187 1491.9 9029.7
2188 1495 8827.4
2189 1193.9 8925.1
2190 1190.7 9126.6
2191 4684.8 7510.4
2192 1018.5 9053.9
2193 1003.7 9124.1
2194 1089.3 9125.3
2195 -3972.4 8888.9
2196 -4074.1 8889.5
2197 -3969.4 8687.8
2198 -4176 8888.7
2199 -4076.4 9088.7
2200 -4277.8 8887.8
2201 -4172.4 8686.3
2202 4682.8 7354.2
2203 -4379.5 8895.4
2204 -4280.3 9086.6
2205 -4377.9 8794.9
2206 -4816.5 8901.2
2207 -4985 8900.1
2208 -4814.2 8791.4
2209 -5187.5 8891
2210 -4987.2 9008.8
2211 -4982.9 8790.3
2212 -9042.1 8845.7
2213 4330.7 8739.6
2214 -9044.6 9045.6
2215 -9038.1 8642
2216 -9142.6 8845.3
2217 -9131 8641.9
2218 -9244.8 8844.9
2219 -9247.6 9045
2220 -9241.9 8641.8
2221 -9346.1 8844.6
2222 -9348.9 9044.7
2223 -9447.5 8844.2
2224 3213.6 1183.3
2225 -2668.1 10765.5
2226 4396.4 8601.2
2227 -9444.6 8641.8
2228 -9549.1 8844.1
2229 -9701.5 8843.3
2230 -9698.5 8641.7
2231 -9999.6 8661.5
2232 -4581 8903.2
2233 -4381.4 9014.7
2234 -4780 8901.3
2235 -4578.7 8794.4
2236 -4781.9 9011.1
2237 4423.9 8482.1
2238 -5553.2 12118.5
2239 -5442.7 12119.4
2240 -5596.8 12167.3
2241 -5647 12240.8
2242 -5506.4 12219.7
2243 -5653 12263.3
2244 -5686.9 12318.4
2245 -5570.1 12320.1
2246 -7274.8 14342.7
2247 -7276.4 14206.4
2248 4308.8 8988.4
2249 -7377.8 14207.4
2250 -7373.7 14360.9
2251 -7778.7 14216.5
2252 -7774.4 14410.3
2253 -7781 14133.3
2254 -2824 14161.3
2255 -2722 14162.1
2256 -2819.2 14364
2257 -2821 13959.1
2258 -2724.4 14364.5
2259 4699.9 7285.9
2260 -2720.6 14099.8
2261 -656.6 14260
2262 -1000.8 14168
2263 -1002.1 14254.5
2264 -1304.5 14167.4
2265 -1206 14251.3
2266 -1406.8 14167.2
2267 -1403.8 13965.9
2268 -2418 14041
2269 -2518.4 14019.1
2270 4782.6 7084.5
2271 -2417.5 13943.1
2272 -2621 14037.8
2273 -2521.1 14365.6
2274 -5376.5 14167.1
2275 -5502.4 14273.4
2276 -5677.4 14144.7
2277 -5679 14246.5
2278 -5712.8 14144.8
2279 -5876 14244.6
2280 -6594 14139.6
2281 4803.3 7009.9
2282 -2420.2 14366.2
2283 6.6 14267.9
2284 -3432.5 14158
2285 -3330.4 13955.8
2286 -3334.6 14360.6
2287 -1912.7 14166.6
2288 -1910 13963.5
2289 -1808.5 13963.4
2290 -2013.9 14166.5
2291 -2115.7 14166.2
2292 4810 7067.9
2293 -2017.6 14369.2
2294 -2010.8 13963.5
2295 -1963.5 14166.4
2296 -2166.6 14165.8
2297 -4043.4 14154.1
2298 -4144.9 14153.2
2299 -3938.3 13951.9
2300 -4046 14356.7
2301 -4247.8 14152.4
2302 -4142.9 13950.2
2303 4723.1 7452.4
2304 -4350.3 14151.5
2305 -4249.3 14355.9
2306 -4346.8 13949.7
2307 -4454.2 14355
2308 -4768.2 14148.1
2309 -4667.7 14354.1
2310 -4863.2 14147.3
2311 -4788.3 14073.7
2312 -5065.4 13906.4
2313 -8282 14212.9
2314 4667 7606.6
2315 -8278.7 14354.8
2316 -8286.4 14019.9
2317 -8381.7 14213.7
2318 -8377.2 14399.2
2319 -8386.6 14008.9
2320 -8481.8 14214.4
2321 -8477.2 14415.4
2322 -8486.6 14008.7
2323 -8583.1 14215.1
2324 -8682.1 14214.9
2325 4559.7 7910.8
2326 -8587.9 14011.4
2327 -8578.4 14415.5
2328 -8783.1 14214.7
2329 -8677.2 14415.9
2330 -8686.8 14014
2331 -8883.3 14214.5
2332 -8778.6 14415.4
2333 -8787.7 14013.4
2334 -8984.3 14214.3
2335 -8878.6 14414.9
2336 -2789.4 11129.1
2337 3772.5 8352.2
2338 -8888 14013.6
2339 -9084.7 14214.1
2340 -8979.5 14415.2
2341 -8989.1 14013.3
2342 -9080 14415.1
2343 -9089.3 14012.7
2344 -9285.6 14213.7
2345 -9179.9 14414.3
2346 -9385.8 14213.5
2347 -9280.1 14414.2
2348 3717 8351.4
2349 -9310 14012.4
2350 -9381 14414
2351 -9487.3 14109.8
2352 -9786.5 14212.7
2353 -9882.7 14212.5
2354 -9791.1 14012.9
2355 -9887 14013.1
2356 -9982.9 14013.3
2357 -10079.5 14013.5
2358 3281 11033.2
2359 3860.2 8151.2
2360 3235 11136.7
2361 3141.8 11346.2
2362 3001.1 11281.9
2363 3099.7 11440.7
2364 3004.9 11654.6
2365 2857 11603.5
2366 2999.6 11786.7
2367 2855.3 11776.7
2368 2998.3 11979.7
2369 3515.3 9319.3
2370 3922.7 8353.3
2371 -4860.5 15333.9
2372 -4895.1 15355.7
2373 -4371.1 15622
2374 -4020.2 15976.7
2375 -6434 14647.9
2376 189.9 18445.4
2377 139.5 18403.7
2378 365.3 18555.1
2379 703.2 18766.7
2380 966.3 18931.4
2381 2911.7 8341.4
2382 973.3 19117.3
2383 1015.3 18962.2
2384 1086.7 19006.3
2385 1195 19074
2386 1115.4 19024.2
2387 1636.1 19350
2388 -3571 16179.1
2389 -3363.7 16375.6
2390 -4936.9 15382.8
2391 1046.2 16550.7
2392 2811.7 8340.2
2393 1044.5 16687.1
2394 920.4 16548.9
2395 796.5 16547.1
2396 922.3 16415
2397 794.2 16683.4
2398 754.8 16544.9
2399 1593.8 16530.5
2400 1391.5 16528.7
2401 1592.5 16632
2402 1596 16423
2403 3013 8342.6
2404 1389.9 16637.2
2405 1393.3 16421.6
2406 -29 16500.4
2407 -130.3 16499
2408 -31.8 16601.8
2409 -4580.7 16511.6
2410 -4476.9 16487.1
2411 -4656.2 16394.2
2412 -4579.7 16597.6
2413 732.7 16544.9
2414 847.1 8105.8
2415 641.1 16813.8
2416 2699.8 7011.8
2417 1219.1 7313.7
2418 1120.7 7109.3
2419 1121.6 7025.6
2420 1118.4 7312.4
2421 612.3 7305.4
2422 -4267.8 7043.1
2423 -4293.1 7056.6
2424 -4266.2 6826.8
2425 998.8 7945.2
2426 -4166.2 6988.5
2427 -4967.9 7056
2428 -5068.1 7053.1
2429 -4905.3 7056.5
2430 -4974.1 6854.1
2431 -5437.3 7052.2
2432 -5590.1 7050.7
2433 -5439.4 7153.5
2434 -5691.7 7050.1
2435 -5689.9 6848.3
2436 949.4 8321.1
2437 -5793.7 7049.3
2438 -5894.7 7048.5
2439 -5893.9 6846.6
2440 -5995 6845.8
2441 -6074.9 7047
2442 -6307.5 7045.1
2443 -6379.6 7044.6
2444 -6410.2 7044.3
2445 -6383 7247
2446 -6480.2 7043.8
2447 -2959.2 11302.7
2448 903.1 8320.3
2449 -6514.9 7043.5
2450 -6511.2 6841.8
2451 -6582.5 7043
2452 -6586 7245
2453 -6617.8 7042.7
2454 -6683.3 7042.2
2455 -6720.5 7041.9
2456 -6820.2 6839.3
2457 -6799.6 7073.4
2458 -6768.2 7041.5
2459 835.5 8427.2
2460 -7025.1 7039.5
2461 -7189.4 7240.2
2462 -7224.8 7037.9
2463 -7284.2 7037.4
2464 -7325.5 7037.1
2465 -7323.1 6835.4
2466 -7387.4 7036.6
2467 -7390.9 7238.7
2468 -7425.4 7036.3
2469 -7490.9 7035.8
2470 1177.5 8105.1
2471 -7526.2 7035.5
2472 -7523.3 6833.8
2473 -7592.1 7035
2474 -7595.9 7090
2475 -7620.2 7039.5
2476 -7695.9 7034.2
2477 -7699.2 7236.5
2478 -7735.8 7034
2479 -7796.6 7033.6
2480 -7843.9 7033.3
2481 1110.8 8323.9
2482 -7897.9 7032.9
2483 -7951.3 7032.5
2484 -7901.5 7235
2485 -8001.4 7032.2
2486 -8060.1 7031.8
2487 -8138 7233.7
2488 -8406.8 7029.9
2489 -8409.4 7231.3
2490 -8493.4 7029.2
2491 -8541.8 7028.8
2492 574.3 8717.3
2493 -8545.1 7230.4
2494 -8601.4 7028.3
2495 -8676.8 7027.7
2496 -8718.5 7027.3
2497 -8816.4 7228.2
2498 -8939.7 7025.6
2499 -9015.6 7025
2500 -9040.1 7024.8
2501 -9019 7227
2502 -9116.8 7024.1
2503 559.3 8689.9
2504 -9140.2 7023.9
2505 -9218.8 7023.2
2506 -9317.6 7022.4
2507 -9320.7 7224.8
2508 -9240.8 7022.9
2509 -9364.4 7021.9
2510 -9419.5 7021.4
2511 -9484.1 7020.8
2512 -9674.6 7026.4
2513 -9748.8 7025.7
2514 473.2 9724.9
2515 -9826.9 7024.9
2516 -9873.5 7024.5
2517 4770.4 5634.1
2518 4864.8 5635.1
2519 4739.6 5723
2520 4865.2 5541.5
2521 448.8 -12564.7
2522 1386.1 -17377.3
2523 -6092.3 6443.8
2524 -5993.5 6644.7
2525 373.3 9724.7
2526 -6064.3 4396.9
2527 -5974.7 5022
2528 -6081.8 5215.5
2529 -6085.1 5428.7
2530 -6186 5428.6
2531 -5982.1 5429.7
2532 -6086.8 5631.7
2533 -5984.7 5631.9
2534 -6088.5 5835.5
2535 -6190.5 5835
2536 471.8 9827.7
2537 -5987.3 5836
2538 -6090.3 6038.1
2539 -6193 6037.6
2540 -6094.1 8065.4
2541 -6126.7 7907.2
2542 -6078.2 7250.1
2543 -6179.6 7249.1
2544 -5980.8 7453.3
2545 -6086 14549
2546 -7590.2 4578.7
2547 676.7 9727.2
2548 -7587.6 4404.4
2549 -7471.5 4573.5
2550 4201.6 -4048.8
2551 3682.2 -4189.7
2552 3274.8 -3994.2
2553 3277.1 -4196
2554 -157.7 -4121.6
2555 -563.3 -4126.7
2556 -158.8 -4022
2557 -156.6 -4225.1
2558 -3325.8 11555.4
2559 464.8 10333.6
2560 -561.9 -4228.5
2561 -564.6 -4027.9
2562 -3007.5 -4153.8
2563 -3104.9 -4154.8
2564 -3000.9 -4254.6
2565 -3107.2 -4052.1
2566 -9728.5 15301
2567 -9663.8 15369.9
2568 -9555.5 15482
2569 -9868.1 15497.4
2570 463.4 10433.6
2571 -9450.3 15623.3
2572 -9720 15563
2573 -9372.5 15459.7
2574 -9606.9 15666.7
2575 -9369.8 15618.3
2576 3659.1 -10659.5
2577 1990.6 -3268.6
2578 1992.6 -3408.8
2579 1450.3 -3057.8
2580 1994.6 -3605.5
2581 466.2 10231.3
2582 1453.1 -3410.5
2583 1455.1 -3610.5
2584 6828.5 -14254.5
2585 6832.4 -14464.9
2586 6930 -14253.2
2587 6731.7 -14466.3
2588 6735.8 -14667.5
2589 6836.1 -14666
2590 6634.3 -14669.1
2591 6697.4 -7381.3
2592 666 10335
2593 6701.3 -7785.4
2594 6747.9 -7380.9
2595 6605.1 -7382
2596 6752.3 -7784.9
2597 6650.7 -7786
2598 6613 -4955.3
2599 6732 -4954.3
2600 6540.4 -4955.8
2601 6614.3 -5116.2
2602 6524.3 -5117.4
2603 263.7 10331.7
2604 6615.7 -5279.1
2605 6526.1 -5280.1
2606 6742.6 -5277.5
2607 6617.5 -5442.8
2608 6744.1 -5442
2609 6619.3 -5602.8
2610 6745.5 -5602.1
2611 6620 -5729.8
2612 6746.7 -5728.1
2613 6529.3 -5562.5
2614 2097.4 8936.4
2615 6627.8 -4349.9
2616 6912.3 -21077.5
2617 6775.7 -9805.7
2618 6675.4 -9805.9
2619 6677.4 -10008.1
2620 6777.9 -10007.8
2621 6578 -10009.1
2622 6679.3 -10210.2
2623 6580.3 -10210.9
2624 6691.2 -11022.1
2625 1927.2 8934
2626 6694 -11225.4
2627 6795.1 -11224.9
2628 6694.6 -11427
2629 6796 -11426.5
2630 6595 -11427.6
2631 6695.3 -11631.6
2632 6798 -11629.9
2633 6595.4 -11633.3
2634 6696.7 -11731
2635 6698.1 -11834
2636 2096.1 9008.4
2637 6598.2 -11836.5
2638 6607 -6776.5
2639 6609.1 -6977.8
2640 6472.3 -6777.2
2641 6741.8 -6775.7
2642 6744.4 -6976.8
2643 6474.4 -6978.9
2644 6767.4 -9003.4
2645 6600.3 -7786.6
2646 6652.5 -7986.7
2647 2298.8 8939.1
2648 6654.3 -8188.8
2649 6753.7 -7986
2650 6551.3 -7987.4
2651 6755.8 -8188.2
2652 6553.9 -8189.5
2653 5048.5 379.4
2654 5051.3 172.6
2655 8946.8 -14638.2
2656 8927.2 -12618.1
2657 8929.9 -12820.6
2658 2108.2 8332.2
2659 8937.7 -13428.1
2660 8940.3 -13631.2
2661 8899.3 -9387.2
2662 8904.2 -9588.2
2663 8905.3 -9790.4
2664 8906.2 -9992
2665 9009 -10192.9
2666 9016.9 -11202.4
2667 8914.7 -11001.1
2668 8917.2 -11405.5
2669 -3603.7 11802.2
2670 2007 8331.6
2671 8886.5 -8172.5
2672 8992.7 -8577.1
2673 8888.9 -8375.7
2674 8996.5 -8982.4
2675 8893.8 -8780.7
2676 1893.4 -217.9
2677 1815.2 645.6
2678 1776 -303.8
2679 2177.1 -13.9
2680 1951.8 -310.2
2681 2111.8 8129.2
2682 1835.8 -385
2683 2092.6 -534.4
2684 2239.9 -766.2
2685 2285.9 -737.1
2686 2161.8 -816.1
2687 2368 -967.8
2688 2022.7 -16616.9
2689 2023.4 -16642.9
2690 2022.6 -16946.1
2691 1887.5 -16846.9
2692 2208.9 8333.4
2693 2024.3 -17048.4
2694 2225.7 -16944.6
2695 2227.2 -17046.5
2696 1889.7 -17049.6
2697 1891.3 -17149.2
2698 2228.7 -17146.5
2699 2029 -17347.3
2700 2030.9 -17464.3
2701 2132.7 -17463.5
2702 2034.1 -17664.6
2703 2009.7 8127.8
2704 1900 -17665.9
2705 2037.2 -17858.2
2706 2139 -17857.2
2707 2038.8 -17958.7
2708 1938.6 -17959.7
2709 2140.8 -17957.7
2710 2041.5 -18159.8
2711 2143.4 -18158.7
2712 2147.2 -18361.5
2713 2051.8 -18767.1
2714 2115.6 7928.5
2715 2184.7 -18765.6
2716 2051.1 -18969.5
2717 2053.8 -19170.2
2718 2062.9 -19373.5
2719 2066.5 -19576.5
2720 2164 -19372.3
2721 2167.7 -19575.2
2722 1967.1 -12721.4
2723 2068.3 -12713.2
2724 1969.6 -12904.6
2725 1434.3 7757.7
2726 2070.7 -12903.6
2727 1972.3 -13106.6
2728 1974.4 -13309.6
2729 2073.8 -13105.8
2730 1976.9 -13512.5
2731 2077.2 -13308.4
2732 1979 -13715.1
2733 2079.2 -13511.5
2734 2081.1 -13714.1
2735 1986 -13918.3
2736 1386.5 7743.2
2737 1994.2 -14186.4
2738 2187.4 -14185.3
2739 1995.5 -14273.8
2740 1923.4 -14290.2
2741 2188.5 -14273.2
2742 1997.4 -14399.8
2743 2190 -14398.4
2744 1999.1 -14515.1
2745 2191.9 -14518.9
2746 2000.4 -14618.7
2747 1523.3 7785.5
2748 2192.6 -14617.5
2749 2001.9 -14721.8
2750 1960.1 -14722.2
2751 2196.3 -14719.7
2752 1974.3 3738.5
2753 1774.8 3593.1
2754 1788 2629.5
2755 1916 2630.9
2756 1789.6 2523.6
2757 1994.4 2437.2
2758 3315.4 8346
2759 1792 2347.3
2760 1995.6 2350.9
2761 1794.4 2256.1
2762 1795.5 2159.5
2763 1796.8 2058.2
2764 1998.2 2162.9
2765 1805.7 1352
2766 1951.9 1454.5
2767 1801.8 1625.1
2768 1812 1245.3
2769 3313.5 8448.2
2770 1808.6 1150.6
2771 1809.6 1049.1
2772 1686.8 1047.4
2773 1810.7 948.9
2774 1614.6 946.3
2775 2014.2 951.6
2776 1999.8 -15592.1
2777 2002.1 -15731.4
2778 1919.9 -15592.1
2779 1962.8 -15731.6
2780 -4216.8 12245.6
2781 3519.6 8147.5
2782 2060.1 -15730.4
2783 1964 -12500.2
2784 2063 -12296.5
2785 1966.6 -12690.2
2786 2065.6 -12499.3
2787 1865.1 -12691
2788 -9489.6 14012.2
2789 -9444.8 15125.7
2790 -9351.8 9249.2
2791 -9354.7 9451.2
2792 3113.1 8343.7
2793 -9357.5 9652.5
2794 -9464.7 10257.1
2795 -9368.7 10460
2796 -9476.7 10866
2797 -9381.1 11070.4
2798 -9384.9 11271.8
2799 -9388.6 11473.6
2800 -9392.4 11676.3
2801 -9410.9 16978.3
2802 -9409.2 17127.3
2803 3516.3 8348.4
2804 -9324.9 16995.9
2805 -9320.3 17126.9
2806 -9323.7 7427.1
2807 -9326.8 7629
2808 -9329.9 7832.5
2809 -9333 8034.7
2810 -9395.3 13812.4
2811 -9390.4 14012.1
2812 4819.3 4748.8
2813 4704.4 4720
2814 4052.4 7555.1
2815 4918 4771.4
2816 4819 4806.8
2817 4817.8 4896.6
2818 4919.5 4808.3
2819 4917.8 4897.5
2820 4816.2 4984.9
2821 4812.2 5252.4
2822 4811.7 5341.2
2823 4701.3 5339.7
2824 4811.3 5430.7
2825 3929.8 7748.3
2826 4694.1 5722.5
2827 4700.2 5813.8
2828 4614.6 6081.3
2829 4577.7 6081.5
2830 -11597.4 10240.6
2831 -11699.2 10238.9
2832 -11496.3 10242.2
2833 -819.7 7.5
2834 -969.1 -422.6
2835 -952.1 -574.8
2836 2510.4 8336.8
2837 -733.5 -284.5
2838 3241.7 -9046.4
2839 3286.8 -9045.9
2840 3249 -9249.1
2841 3244.8 -9451.3
2842 3134.7 -9250.6
2843 3372 -9247.4
2844 3339.9 -9450.1
2845 3241.5 -9653.3
2846 3342.6 -9651.9
2847 2611.5 8338
2848 3139.3 -9654.7
2849 3244.2 -9867.2
2850 3246.7 -10060.3
2851 3253.2 -10665.6
2852 3354.4 -10664.4
2853 3254.4 -10761.8
2854 3151.9 -10666.8
2855 3256.2 -10867.1
2856 3260.9 -11267.8
2857 3264.5 -11474.2
2858 2506.9 8539.4
2859 3327.9 -11473.2
2860 3242.5 -12094.9
2861 3313.7 -12043.7
2862 3275.6 -12283.2
2863 3172.9 -12146
2864 3174 -12260.6
2865 3278.2 -12478.8
2866 3376.9 -12283.6
2867 3280.9 -12674.8
2868 3177 -12478.8
2869 2409.6 8335.7
2870 3283.6 -12870.5
2871 3382.1 -12674.6
2872 3182.5 -12870.7
2873 3198.5 -6024.7
2874 3201.1 -6219.8
2875 3203.2 -6422
2876 3301.3 -6218.6
2877 3204.6 -6623
2878 3101.9 -6423.6
2879 3303.5 -6421
2880 2530 7235.8
2881 3104.4 -6624.2
2882 3305.7 -6621.8
2883 3188.4 -5209.8
2884 3290.4 -5208
2885 3190.4 -5411.8
2886 3193.2 -5613.1
2887 3089.9 -5418.5
2888 3294.6 -5611.5
2889 3367.7 -18654.1
2890 3272.4 -18654.4
2891 -4310 12315.8
2892 2727.2 7232.2
2893 3369.6 -18752.4
2894 3386.4 -18954.1
2895 3345.7 -18954.4
2896 3472.3 -18953.5
2897 3235 -8238.8
2898 3233.2 -8845.7
2899 3334.8 -8844.5
2900 3132.4 -9048.3
2901 3287.3 -13093.6
2902 3185.6 -13094.7
2903 2531.8 7126.7
2904 3387.7 -13092.6
2905 3289.7 -13296.7
2906 3390.2 -13295.6
2907 3292.1 -13499.5
2908 3191.1 -13510.2
2909 3294.6 -13702.1
2910 3395.2 -13701
2911 3297 -13905.4
2912 3196.6 -13906.7
2913 3299 -14106.6
2914 2524.1 7008.1
2915 3199 -14107.6
2916 3400.1 -14105.6
2917 3301.3 -14308.8
2918 3206.6 -14309.8
2919 3402.5 -14307.8
2920 3303.6 -14509.3
2921 3203.6 -14516.3
2922 3405 -14508
2923 3304.7 -14607.6
2924 3205.4 -14608.6
2925 2697.8 7128.8
2926 3133.6 -353.4
2927 3233.6 -352.2
2928 3137.8 -757.6
2929 3235.7 -553.3
2930 3238.2 -756.8
2931 3242.9 -1160.5
2932 3144.2 -1364.4
2933 3146.4 -1566.6
2934 3245.2 -1363.6
2935 3043.3 -1365.3
2936 2451.9 7124.9
2937 3246.2 -1566
2938 3096.2 -1567.4
2939 3249 -1768.9
2940 3150.6 -1971.9
2941 3049.1 -1973.1
2942 3251.1 -1970.7
2943 3152.7 -2174.2
2944 3154.8 -2376.4
2945 3051.1 -2175.2
2946 3253.2 -2173.2
2947 2738.3 -14656.4
2948 3255.3 -2375.5
2949 3257.4 -2578.9
2950 3158.7 -2752.7
2951 3161.9 -2931.6
2952 3060.5 -2932.9
2953 3265.3 -3232.4
2954 3267.8 -3384.9
2955 3167.1 -3411.3
2956 3168.5 -3537.7
2957 3269.6 -3536.2
2958 1881.5 -16691.1
2959 3170.1 -3685.4
2960 3069.3 -3687.5
2961 3174.1 -3996.1
2962 3272.5 -3791
2963 3208.6 -14914.3
2964 3317.3 -15517.9
2965 3216.1 -15518.8
2966 3417.5 -15517.1
2967 3319.4 -15722.6
2968 3419.9 -15721.3
2969 4252.5 -14625.7
2970 3325.6 -16125.9
2971 3219.1 -15723
2972 3225.3 -16126.7
2973 3426.2 -16125
2974 3328.7 -16328.4
2975 3228.8 -16329.2
2976 3429.4 -16327.6
2977 3232.1 -16532
2978 3338.4 -16934.9
2979 3341.6 -17137.4
2980 3774.7 -14639.8
2981 3442.7 -17136.5
2982 3241.7 -17138.2
2983 3344.8 -17339.2
2984 3245.2 -17340.1
2985 3445.7 -17338.2
2986 3348 -17540.8
2987 3248.5 -17541.7
2988 3449.1 -17539.9
2989 3351.2 -17743.3
2990 3251.6 -17744.3
2991 1605.8 -17917.1
2992 3452.3 -17742.4
2993 3355.6 -17945.7
2994 3255 -17946.7
2995 3398.3 -17945.3
2996 3379.2 -19358.3
2997 3272.6 -18954.9
2998 3382.7 -19560.6
2999 3281.9 -19359
3000 3479.6 -19357.7
3001 3386.2 -19762.9
3002 -4390.7 12375.7
3003 1689.6 -17541.5
3004 3288.6 -19561.2
3005 3482.4 -19559.9
3006 3389.8 -19964.8
3007 3291.8 -19763.6
3008 3486.3 -19762.2
3009 3393.3 -20166.7
3010 3295.2 -19965.8
3011 3489.3 -19963.8
3012 3298.8 -20167.9
3013 3497.1 -20437.3
3014 1921.7 -16683.7
3015 3402.7 -20678.2
3016 3302.1 -20671.2
3017 3501.8 -20676.7
3018 3406.9 -20901.4
3019 3306.1 -20897
3020 3506.4 -20910.3
3021 3204.6 -8037.9
3022 3121 -8038.6
3023 -3554.6 7978.3
3024 -3553.1 7877.6
3025 2854.4 -14679.2
3026 -3556.2 8080.8
3027 -1118.9 8009.7
3028 -1118.3 7966.1
3029 -1114.9 8117.5
3030 -1235.1 8009.4
3031 -1237.3 8126.3
3032 -1233 7892.8
3033 -1351.5 8009.1
3034 -1353.6 8125.7
3035 -1476.9 8008.9
3036 4920.5 273.8
3037 -1478.4 8125.1
3038 -2338.7 7989.4
3039 -2472.2 7988.1
3040 -2339.8 8089.9
3041 -2337.5 7886.8
3042 -2608 7986.8
3043 -2474.2 8089.4
3044 -2741.9 7985.6
3045 -2606.7 7885.1
3046 -2743.1 8086.8
3047 5049.9 275
3048 -2740.7 7884
3049 -2945.3 7984
3050 -3147.8 7982.4
3051 -2091.8 7994.8
3052 -1931.5 7996.6
3053 -2093.3 8091.8
3054 -8520 7873.8
3055 -8522.1 8037.4
3056 -8418.1 7859.6
3057 -4692 -7107.6
3058 4921 243
3059 -4793.5 -7108.2
3060 -4689.2 -7310.6
3061 -4894.6 -7108.8
3062 -4796.5 -6906
3063 4552.7 -7063.6
3064 4725.8 -7060.6
3065 4492 -7064.4
3066 4431.5 -7065.2
3067 4327.9 -7067.7
3068 4329.4 -7226.9
3069 4918 477.2
3070 4427.1 -6806.4
3071 4325.4 -6808.5
3072 3715.1 -7020.2
3073 3918.8 -7123.7
3074 3716.2 -7119.3
3075 3714.2 -6923.1
3076 3310.1 -7026
3077 3301.5 -7128.5
3078 3109.1 -7028.6
3079 3309.2 -6938.3
3080 4779.6 272.1
3081 3006.8 -7030
3082 3110.4 -7167.5
3083 2907.4 -7031.3
3084 3005 -6828.8
3085 2806.6 -7032.7
3086 2705.3 -7034
3087 2803.5 -6831.2
3088 2603.8 -7035.4
3089 2707.1 -7237
3090 2703 -6832.4
3091 4936.3 -383
3092 2502.8 -7036.1
3093 2606 -7238.8
3094 2402.3 -7038
3095 2500.9 -6834.6
3096 2404.3 -7239.9
3097 2299.8 -6836.8
3098 2094.2 -7041.4
3099 1996.5 -7042.2
3100 1996.4 -6840
3101 1897.6 -7043.2
3102 4786.1 -383.8
3103 1900 -7249.3
3104 1895.5 -6841.1
3105 1596.3 -7046.4
3106 1393 -7048.2
3107 1390.9 -6846.5
3108 1494.4 -7047
3109 1292.4 -7049.9
3110 1191 -7050.6
3111 1189.3 -6848.6
3112 1090.4 -7051.7
3113 -4490.2 12484.1
3114 4937.8 -535.7
3115 1092.8 -7254.4
3116 1088.1 -6849.7
3117 990.6 -7053
3118 993.1 -7255.3
3119 889.3 -7054.3
3120 887 -6851.8
3121 789.2 -7055.4
3122 791.8 -7257.3
3123 688.9 -7056.7
3124 691.3 -7258.3
3125 4939.9 -941.2
3126 686.4 -6854
3127 -6817.5 -7138.9
3128 -6812.8 -7341.9
3129 -6918.7 -7140.6
3130 -6922.9 -6936.8
3131 -7021 -7142.4
3132 -7121.5 -7143.5
3133 -7117.4 -7347.1
3134 -7223.5 -7145.8
3135 -7227.7 -6941.8
3136 4938.1 -1151
3137 -7324.3 -7147.6
3138 -7320 -7350.6
3139 -7426.3 -7149.2
3140 -7430.4 -6946
3141 -7527.2 -7151.1
3142 -7422.2 -7352.3
3143 -7531 -6947.6
3144 -7628.7 -7152.9
3145 -7624.3 -7355.8
3146 -7730.1 -7155.1
3147 4666.8 -945
3148 -7734.4 -6950.6
3149 -7831.2 -7156.3
3150 -7827.5 -7359.3
3151 -7933.5 -7157.4
3152 -7937 -6954.7
3153 -8035.1 -7159.2
3154 -8136.3 -7161.1
3155 -8132.6 -7365.3
3156 -8237.6 -7163.1
3157 -8233.8 -7367.5
3158 5000.5 -7415.8
3159 -8241.3 -6959.5
3160 -8643.7 -7167.6
3161 -8744.6 -7168.2
3162 -8741.3 -7372.9
3163 -8845.9 -7169.6
3164 -8948.5 -7171.1
3165 -8850 -6966.1
3166 -8943.5 -7375
3167 -9046.4 -7172.5
3168 -9050 -6967.7
3169 4867.2 -7417.2
3170 -9043.2 -7376
3171 -122 -7062.4
3172 -123.5 -6854.1
3173 -118.8 -7263.2
3174 -222.6 -7057.9
3175 -225.3 -6855.4
3176 -323.3 -7059.2
3177 -320.7 -7262.4
3178 -425.4 -7060.5
3179 -427.9 -6858.1
3180 5134 -7410.3
3181 -526.7 -7061.8
3182 -524.3 -7264.8
3183 -628.1 -7063.1
3184 -630.6 -6860.8
3185 -728.9 -7064.4
3186 -726.4 -7267.2
3187 -731.4 -6862.1
3188 -832.5 -6863.5
3189 -1032.5 -7068.2
3190 -1133.7 -7069.5
3191 5131.3 -7100.1
3192 -1136.2 -6867.5
3193 -1235.8 -7070.8
3194 -1233 -7273.1
3195 -1336.8 -7072.1
3196 -1339.3 -6870.1
3197 -1437.2 -7073.4
3198 -1434.7 -7275.4
3199 -1538.4 -7074.7
3200 -1541 -6872.8
3201 -1637.9 -7277.8
3202 5130 -6998.4
3203 -1842 -7078.5
3204 -1942.9 -7079.7
3205 -2143.9 -7183.8
3206 -2540.3 -7087.2
3207 -2575.5 -7087.8
3208 -2576.9 -6987.2
3209 -2760 -7090.5
3210 -2758.8 -7192.7
3211 -2761.3 -6990.4
3212 -2964.7 -7093.5
3213 5269.7 -7401
3214 -2965.9 -6992.9
3215 -3168.6 -7096.5
3216 -3167.3 -7197.7
3217 -3169.9 -6995.2
3218 -3371.7 -7099.5
3219 -3474.3 -7100
3220 -3372.8 -6997.8
3221 -3370.3 -7200.2
3222 -3476.6 -6897.2
3223 -3576.7 -7100.2
3224 -4554.2 12501.7
3225 4952.6 -861.4
3226 -3677.3 -7101.4
3227 -3573.8 -7302.3
3228 -3779.1 -7101.4
3229 -3776.1 -7303.7
3230 -3880.2 -7102.5
3231 -3883.3 -6899.2
3232 -3981.3 -7103.1
3233 -4083.3 -7103.7
3234 -3978.5 -7305
3235 -4185.4 -7104.3
3236 5061.4 -940.3
3237 -4086.7 -6900.5
3238 -4286.9 -7104.9
3239 -4182.7 -7306.4
3240 -4188.1 -6901.7
3241 -4283.5 -7307.1
3242 2380.7 -5221.3
3243 1884.3 -5872.8
3244 1783.1 -5832
3245 1977.1 -5223.7
3246 1874.4 -5022.2
3247 5042.4 1229.9
3248 4078.3 6058.2
3249 4076.5 6143.7
3250 4080.1 5969.4
3251 3831 6055.5
3252 3829.2 6142.5
3253 4605.5 -8225.2
3254 4605.6 -8280.4
3255 4338.5 -8224.2
3256 4470.3 -8019.6
3257 4202.5 -8225.7
3258 5171.9 1231.4
3259 4199.3 -8023.8
3260 4066.8 -8227.2
3261 3446.7 -8035.7
3262 3020.2 -8040
3263 2922.1 -8242.9
3264 2818.2 -8042.6
3265 2619.1 -8246.5
3266 2716 -8044
3267 2416.6 -8249.2
3268 2515.4 -8046.6
3269 5039.7 1492.9
3270 2314.2 -8049.2
3271 1910 -8053.8
3272 1607.7 -8056.5
3273 1508.9 -8260.3
3274 1304.7 -8262
3275 1400.3 -8058
3276 1199.9 -8060
3277 1003.2 -8265.1
3278 1100.3 -8061.6
3279 900.3 -8063.6
3280 4780.5 179.8
3281 702.7 -8268.1
3282 601.5 -8268.7
3283 700.1 -8065.6
3284 500.2 -8269.3
3285 498 -8067
3286 403 -8269.8
3287 206.5 -8271.3
3288 204.7 -8072
3289 3.9 -8071.6
3290 -108 -8071.1
3291 4647.8 270.2
3292 -308.3 -8274.2
3293 -209.1 -8070.3
3294 -410.7 -8275.7
3295 -413.2 -8072.5
3296 -612.1 -8278.5
3297 -614.8 -8077.5
3298 -1118.9 -8284.5
3299 -1121.4 -8081.7
3300 -1525 -8289.4
3301 -1527 -8086.7
3302 4776.9 475.4
3303 -2561.8 -8302.3
3304 -3460.5 -8311.2
3305 -3462.7 -8110.9
3306 -3562 -8312.2
3307 -3559.5 -8515.8
3308 -3663 -8313.2
3309 -3665.1 -8113.1
3310 -3763.7 -8314.2
3311 -3762.4 -8516.8
3312 -3864.3 -8315.2
3313 4776.6 147.5
3314 -3967 -8316.2
3315 -4068 -8317.2
3316 -3964.7 -8518.7
3317 -4070.5 -8114.5
3318 -4270.6 -8319.1
3319 -4172.1 -8115.4
3320 -4775.9 -8323.4
3321 -4778.9 -8119.8
3322 -4846.4 -8324
3323 5778.2 -21265.5
3324 4653.8 92.4
3325 5840.4 -21304.6
3326 5790.1 -21481.8
3327 5855.4 -21038.1
3328 5985.5 -21503.4
3329 6107.1 -21461.5
3330 -3227.8 10244.9
3331 -3317.6 9975.1
3332 2396.4 -14521.5
3333 2390 -14396.3
3334 3505.8 -14507.5
3335 3116.1 500.9
3336 -4744.9 12701.8
3337 5432.9 -936.7
3338 3604.3 -14502.7
3339 3506.8 -14604.9
3340 3103.1 -14523
3341 3100.7 -14333.4
3342 3001 -14523.8
3343 2900.1 -14524.6
3344 3002 -14611.4
3345 2897.9 -14334.8
3346 2799.8 -14525.2
3347 2801.3 -14612.8
3348 5456.8 -936.5
3349 2698 -14526.3
3350 2597.5 -14527.1
3351 2597.9 -14661.7
3352 1155.1 -14531.8
3353 1046.5 -14533.1
3354 1155.3 -14731.4
3355 912.8 -14534.8
3356 1049.3 -14732.6
3357 1045 -14428.6
3358 779 -14536.4
3359 5363.8 -937.5
3360 916 -14735.3
3361 910.6 -14332.9
3362 678.5 -14537.7
3363 781.5 -14737.6
3364 776.4 -14334.5
3365 576.8 -14539
3366 680.5 -14738.8
3367 675.5 -14335.7
3368 476.4 -14540.2
3369 573.8 -14336.9
3370 5434.6 -1139.4
3371 375.7 -14541.5
3372 479.2 -14741.3
3373 275.5 -14542.7
3374 378.6 -14743.2
3375 372.8 -14339.4
3376 175.1 -14543.9
3377 278.3 -14744.5
3378 272.7 -14340.6
3379 177.9 -14745.7
3380 4313.3 -14548
3381 5452.7 -1895.6
3382 4111.5 -14501.6
3383 4112.6 -14599.8
3384 3971.8 -14503
3385 3809.1 -14605.6
3386 3807.9 -14505.1
3387 3706.9 -14506.4
3388 3806.7 -14404.9
3389 3707.9 -14606.4
3390 2065 2738.4
3391 1917.6 2525.3
3392 5464.5 -1795
3393 -4913.2 2509.5
3394 -7149.4 2581.4
3395 -7250.2 2580.8
3396 -7144.9 2378.9
3397 -7252 2686.1
3398 -7352 2580.2
3399 -7454.3 2579.6
3400 -7348.6 2376.6
3401 -7354 2698.6
3402 -7555.6 2576.2
3403 5454.7 -2151.2
3404 -7450.7 2375.4
3405 -7557.6 2721.1
3406 -3492.6 2618.6
3407 -3696 2640.6
3408 -3798.2 2640.4
3409 -3898.3 2639.2
3410 -3896.8 2536
3411 -3999.8 2638.6
3412 -3949.6 2638.9
3413 -4099.2 2638
3414 5591.2 -935.2
3415 -4097.9 2533.4
3416 -4100.9 2754.1
3417 -248.3 2640.8
3418 -1466.8 2533.7
3419 -1669.1 2531.7
3420 -2276.5 2551.1
3421 -2679.8 2523.1
3422 -3025.7 2623.2
3423 -3491.3 2538.5
3424 5449.9 5262.7
3425 5454.4 -730.3
3426 2121.3 -8859.7
3427 2018.6 -8658
3428 2056.9 -9062.4
3429 2429.7 -6.2
3430 2245.9 -122.3
3431 2358.3 -51.7
3432 2391.2 -350
3433 2534.7 -579.7
3434 2606 -690.3
3435 2682.7 -640
3436 5115.1 -5785.1
3437 2776.7 -963.8
3438 2109.4 -15932.4
3439 2419.8 -16335.7
3440 2424 -16640.3
3441 2428.8 -16942.9
3442 2430.5 -17044.6
3443 2234.3 -17462.4
3444 2437.2 -17460.5
3445 2085.6 -5827.8
3446 2085.6 -5870.6
3447 -4839.9 12752.1
3448 4980.3 -5787.6
3449 1987.1 -6032.2
3450 2090.2 -6232
3451 1991.3 -6436.1
3452 1993.7 -6637.8
3453 1995.7 -7253.1
3454 2073.1 -4718.6
3455 1969.5 -4616.6
3456 2274.5 -4714.7
3457 1972.5 -4817.9
3458 1975.3 -5021.1
3459 5112.7 -5581.5
3460 2078.5 -5222.7
3461 2145.9 -10880.3
3462 2076.7 -10679.4
3463 2151 -11284
3464 2052.8 -11489
3465 2055.3 -11690.3
3466 2158.7 -11890.6
3467 2169 -12711.6
3468 2068 -12688.9
3469 2174 -13104.7
3470 4845.5 -5790
3471 2083.1 -13917.3
3472 2185.5 -14029.4
3473 2388.6 -14027.7
3474 2187.1 -14153.2
3475 2390.2 -14150.9
3476 2391.6 -14270.1
3477 2005.1 -7648.7
3478 2111.3 -15018.3
3479 2179.5 -15311.9
3480 2135.6 -17663.6
3481 4980.5 -5825.9
3482 2240.4 -17856.2
3483 2003.8 1658.9
3484 2004.6 1599.4
3485 2085.6 1659.7
3486 2007.2 1431.7
3487 2011.3 1153
3488 1959.6 1252.9
3489 2029.4 -1071.9
3490 2031.6 -1172.5
3491 2027.3 -971.9
3492 4389.2 -5797.8
3493 1830.7 -1074.1
3494 2231.2 -1069.6
3495 2033.7 -1275.3
3496 2232.6 -1170.5
3497 2031.5 -1369.5
3498 2234.1 -1271.8
3499 1935 -1279.2
3500 2235.6 -1371.7
3501 2041.3 -1439.1
3502 1993.2 2526.4
3503 4400.5 -5836.8
3504 1996.8 2259
3505 2097.4 2352.4
3506 2009.2 2062.2
3507 2201.2 2165.7
3508 2208.1 -10474.5
3509 2210.4 -10577.1
3510 2343.7 -10576.2
3511 2175.6 3741.5
3512 5355.3 -13271.4
3513 5405 -13270.7
3514 4312.4 -5798.9
3515 5304.7 -13272
3516 5358.1 -13473.6
3517 5307.4 -13474.6
3518 -4286.5 9495.3
3519 -4297.9 9698.7
3520 -4267.7 8278
3521 -4382.5 9085.6
3522 -4178.5 9087.7
3523 -4376.4 12531.6
3524 -4377.4 12735.2
3525 5545.2 -5816.1
3526 -4375.1 12444.1
3527 -4263.3 12532.7
3528 -4380.5 12936.9
3529 -4268.3 12937.6
3530 -4382.7 13140
3531 -4364.3 13293.9
3532 -4292.9 13368.1
3533 -4265.9 13201.9
3534 -4416.9 13343.1
3535 -4342.8 13418.6
3536 5638 -5838.1
3537 -4137 13221
3538 -4240.1 13421.8
3539 -4240.9 13546.3
3540 -4203.8 13422.1
3541 -4258.1 7669.6
3542 -4156.8 7670.4
3543 -4259.9 7872.2
3544 -4160.7 7872.9
3545 -4408.2 10911.9
3546 -4204.1 10913.3
3547 5624 -5792.9
3548 -4251.5 7264
3549 -4354.8 7263
3550 -4150 7265
3551 -4313.3 10104.4
3552 -4316.6 10306.4
3553 -4359.7 11316.2
3554 -4361.9 11521.4
3555 -4246.2 11317.5
3556 -4364.1 11722.7
3557 -4474.2 11520.5
3558 -4892 12817.1
3559 5116.1 -5824.2
3560 -4252.1 11724
3561 -4367.8 11924.2
3562 -4370.1 12125.3
3563 -4254.1 11925.1
3564 -4345.1 13747.4
3565 -4342.7 13545.7
3566 -4243 13748.2
3567 -4449.6 13949.2
3568 -4357.2 14683.8
3569 -4378.7 16381.3
3570 5250.5 -5821.2
3571 -4377.7 16564.8
3572 -4302.5 16167.2
3573 -4275.9 16380.4
3574 -4377.4 16667.3
3575 -4468.9 16668.3
3576 -4275.9 16563.9
3577 -4377.1 16770.8
3578 -4189.6 -10128.5
3579 -3865.9 -10122.4
3580 -4138.6 -10396.8
3581 3094.5 -5815.3
3582 -4241.2 -10398.2
3583 -4136.3 -10499.6
3584 -4132 -10752.1
3585 -4234.6 -10746.2
3586 -4127.9 -10956.3
3587 -4213.4 -10890.2
3588 -4213.7 -4874.9
3589 -4114.8 -4671.1
3590 -4211.1 -5075.1
3591 -4315.7 -4875.7
3592 3095 -5858.7
3593 -4112.1 -4874.1
3594 -4210.8 -5103.7
3595 -4313.4 -5079.1
3596 -4109.4 -5078.7
3597 -4312.9 -5124
3598 -4208.6 -5281.5
3599 -4311.1 -5282.2
3600 -4106.7 -5280.7
3601 -4206.2 -5483.7
3602 -4308.8 -5484.3
3603 3093.4 -5717.3
3604 -4203.8 -5687.5
3605 -4306.1 -5687.7
3606 -4101.3 -5686.9
3607 -4201.3 -5890.9
3608 -4198.7 -6092.4
3609 -4304.1 -5891.4
3610 -4098.6 -5891.4
3611 -4196 -6295
3612 -4301.2 -6092.3
3613 -4096 -6092
3614 2892.2 -5818.1
3615 -4296.5 -6295.6
3616 -4093.3 -6294.4
3617 -4193.4 -6497.1
3618 -4293.9 -6497.6
3619 -4190.7 -6698.9
3620 -4088.1 -6698.5
3621 -4290.8 -6699.4
3622 -4288.7 -6902.4
3623 -4080.5 -7305.1
3624 -4179.1 -7508.9
3625 2388.9 -5867.3
3626 -4177.4 -7710.5
3627 -4278.8 -7711
3628 -4075.8 -7709.7
3629 -4174.8 -7913.4
3630 -4275 -7914.6
3631 -4073.3 -7912.3
3632 -4273.3 -8116.4
3633 -4164.6 -8723.2
3634 -4063.7 -8722.2
3635 -4529.3 3823.2
3636 2390.7 -6027.4
3637 -4324.4 3717.8
3638 -4322.6 3618.2
3639 -4527.4 3715.9
3640 -4320.9 3519.2
3641 -4119.6 3619.9
3642 -4319.1 3420.4
3643 -4523.9 3518
3644 -4317.3 3319.7
3645 -4116.1 3421.8
3646 -4520.9 3318.6
3647 2488.9 -5866.3
3648 -4112.5 3218.8
3649 -4308.1 2679.2
3650 -4415.8 2640.2
3651 -4304.1 2494.2
3652 -4303 2407.4
3653 -4303.6 2447.3
3654 -4301.5 2307.5
3655 -4300 2206
3656 -4196.7 2207.1
3657 -4187.2 1598.3
3658 6512.5 -2526
3659 -4390.7 1596.8
3660 -4287.5 1395.3
3661 -4285.9 1292.5
3662 -4080.8 1295.2
3663 -4284.4 1191.4
3664 -4279.9 901
3665 -4076.6 902.7
3666 -4278.3 798.2
3667 -4276.9 697.8
3668 -4073.6 699.7
3669 -5613.5 13290.6
3670 6447.3 -2508.3
3671 -4367.4 582.7
3672 -4259.2 -431.6
3673 -4158.9 -430.6
3674 -4256.8 -635.5
3675 -4358.3 -636.5
3676 -4153.7 -838.6
3677 -4249.4 -1245.1
3678 -4149.2 -1244.8
3679 -4150.1 -11314.6
3680 -4242.6 -11412.2
3681 4674.2 -2158
3682 -4114.7 -11769.5
3683 -4016.9 -11563.5
3684 -4216.6 -11770.7
3685 -4013 -11768.4
3686 -4148.1 -12373.4
3687 -4205.7 -12374.2
3688 1278.4 -5878.6
3689 1279.6 -6039.2
3690 1379.7 -5877.8
3691 1283.6 -6240.7
3692 4567.6 -2159.3
3693 1179.7 -6040.5
3694 1384.6 -6239.7
3695 1285.3 -6444.2
3696 1184.1 -6445.2
3697 1387.4 -6443.3
3698 1287.7 -6645.9
3699 1290 -6847.6
3700 1187.9 -6646.9
3701 1388.9 -6644.9
3702 1294 -7252.2
3703 4674.6 -2259.1
3704 1193.9 -7253.4
3705 1395 -7251
3706 1294.5 -7456.4
3707 1394.6 -7455
3708 1195.8 -7457.8
3709 1295.4 -7655.8
3710 1394.7 -7654.8
3711 1298 -7857.7
3712 1198 -7858.7
3713 1300.5 -8059.6
3714 4673.7 -2009.4
3715 1312.1 -8665.9
3716 1314.2 -8868.9
3717 1211.3 -8666.5
3718 1412.3 -8664.5
3719 1213.8 -8869.1
3720 1415.2 -8867.7
3721 1317.1 -9069.8
3722 1319.9 -9273
3723 1417.5 -9068.9
3724 1216.3 -9070.8
3725 4805.2 -2157.2
3726 1322.7 -9473.7
3727 1218.6 -9273.6
3728 1419.3 -9272.5
3729 1325.4 -9676.6
3730 1220.8 -9474.4
3731 1422.3 -9473
3732 1223 -9677.7
3733 1425.4 -9675.5
3734 1225.9 -1225.7
3735 1226.9 -1314.7
3736 4660.9 -538.7
3737 1225.1 -1147.4
3738 1421.1 -1313.4
3739 1227.6 -1380.3
3740 1426.6 -1377.3
3741 1228.7 -1481.4
3742 1027 -1483.7
3743 1427.6 -1479.1
3744 1229.8 -1582.6
3745 1128.2 -1583.4
3746 1332.4 -1581.8
3747 4665 -805.1
3748 1232.1 -1788.2
3749 1234.2 -1989.7
3750 1130.6 -1788.9
3751 1334 -1787.5
3752 1236.7 -2192.8
3753 1132.7 -1990.3
3754 1335.6 -1989.1
3755 1238.5 -2293.8
3756 1135.2 -2193.4
3757 1337.2 -2192.2
3758 4675.7 -2563.5
3759 1239.3 -2395.1
3760 1239.9 -2495.7
3761 1137.2 -2395.9
3762 1240.7 -2598.6
3763 1431.1 -2494.4
3764 1377.5 3447.1
3765 1173.5 3303.3
3766 1111 3302.6
3767 1381 3175.1
3768 1187.5 2052.1
3769 4675 -2361
3770 984.4 2050
3771 1395.4 2054.2
3772 1188.3 1951.2
3773 985.7 1948.9
3774 1396.4 1953.5
3775 1191.9 1650.9
3776 991.2 1655.9
3777 1192.6 1608.4
3778 1194.2 1445.5
3779 1196.1 1344.3
3780 -6754.9 14035.1
3781 4677.2 -2766.2
3782 1346 1447.3
3783 992.7 1443.1
3784 1347.5 1346
3785 993.9 1342.1
3786 1197.4 1243.2
3787 995.1 1241
3788 1348.9 1244.8
3789 1200.3 1039.9
3790 1199 1140.6
3791 1201.5 938.6
3792 4808.8 -2562.2
3793 997.7 1037.9
3794 1352 1041.3
3795 998.9 935.5
3796 1409.5 942.1
3797 1202.8 836.9
3798 1204.1 735.6
3799 1000.2 834.2
3800 1410.6 840.9
3801 1001.4 733.4
3802 1411.3 737.9
3803 4578.7 -2565.2
3804 1205.3 635.3
3805 1206.6 529.8
3806 1002.6 632.6
3807 1411.5 638.4
3808 1007.4 427.6
3809 1249.1 -3411.4
3810 1252.2 -3611.7
3811 1148.6 -3411.9
3812 1350.1 -3411
3813 1150.3 -3611.7
3814 4702.1 -4980.5
3815 1351.9 -3610.5
3816 1252.7 -3814.5
3817 1152.4 -3814.3
3818 1354.2 -3813.5
3819 1256.1 -4016.2
3820 1154.6 -4016.3
3821 1356.4 -4014.8
3822 1258.4 -4218.7
3823 1360 -4218.1
3824 1162.2 -4622.2
3825 4526.1 -4983.8
3826 1266 -4824.2
3827 1164.7 -4825.1
3828 1365.9 -4822.7
3829 1268.6 -5027
3830 1271.1 -5229.1
3831 1167.1 -5027.3
3832 1369.1 -5026.7
3833 1273.6 -5432.1
3834 1371.6 -5228.8
3835 1276.2 -5634.5
3836 4707.2 -5405.4
3837 1172.5 -5432.9
3838 1278.7 -5837.2
3839 1376.1 -5633.4
3840 1177.8 -5838
3841 1334.8 -10484.3
3842 1337.2 -10687.2
3843 1233.7 -10485.4
3844 1235.8 -10688.1
3845 1437.9 -10686.2
3846 1339.9 -10889.1
3847 4695.4 -4373.2
3848 1346.2 -11497
3849 1245.1 -11498
3850 1446.9 -11496.1
3851 1348.4 -11698.5
3852 1247.3 -11699.5
3853 1448.4 -11697.5
3854 1350.6 -11900.6
3855 1357.6 -12506.8
3856 1456.9 -12304.5
3857 1253.8 -12306.7
3858 4836 -4978.5
3859 1360.3 -12712.7
3860 1257.4 -12508
3861 1362.9 -12918.3
3862 1462 -12711.7
3863 1364.2 -13018.3
3864 1255 -12919.5
3865 1464.6 -12917.2
3866 1365.5 -13118.8
3867 1366.8 -13219.4
3868 1220.6 -13119.3
3869 4711.8 -5792.5
3870 1467.5 -13118
3871 1261.4 -13220.2
3872 1368.1 -13320.3
3873 1298.9 -13321
3874 1468.6 -13319.1
3875 3027.1 -12675.3
3876 3179.9 -12675
3877 3482.9 -12674.4
3878 3379.5 -12478.8
3879 3786.5 -12673.8
3880 4712.3 -5830.2
3881 3688.1 -12869.5
3882 3887.5 -12673.6
3883 3784.1 -12478.8
3884 3788.9 -12869.2
3885 2472.3 -12721.9
3886 2474.7 -12899.6
3887 2573.1 -12722.8
3888 2371.7 -12686
3889 1664.4 -12717.6
3890 1123.1 -12715.2
3891 -6971.9 14234.7
3892 4619.9 -5793.9
3893 1158.4 -12714.3
3894 1259.4 -12713.2
3895 1459.2 -12505.5
3896 1562.2 -12703.6
3897 2472 -12684.2
3898 2572.8 -12683.2
3899 2672.9 -12681.6
3900 2570 -12493.7
3901 2774.7 -12683.7
3902 2771.3 -12491.4
3903 4709.4 -5588.1
3904 2856.8 -12674
3905 2958.5 -12576.4
3906 2903.1 -12674.3
3907 450.9 -12722
3908 350.4 -12723.2
3909 451.9 -12791.4
3910 352.2 -12921.4
3911 6032.7 -14983.1
3912 6034.1 -15084.1
3913 6230.9 -15081.3
3914 4845.9 -5828.1
3915 6035.5 -15185.1
3916 6213.1 -15182.7
3917 6036.9 -15286.1
3918 6195.3 -15283.9
3919 5935.1 -15287.6
3920 6012.2 -17111.2
3921 6168.8 -17110.3
3922 6071.5 -17513
3923 5970.3 -17513.9
3924 6073.4 -17713.5
3925 4714.2 -5991
3926 5972.1 -17714.4
3927 6075.3 -17924.1
3928 6175.9 -17923.4
3929 5974 -17924.3
3930 5955.4 -8850.2
3931 5956.3 -8903.6
3932 6151.9 -9011.7
3933 5906.5 -8803
3934 5954.8 -8786.4
3935 5957.8 -9004.1
3936 4692 -4170.9
3937 5856.9 -9005.6
3938 6056.3 -9002.6
3939 5959.8 -9207.3
3940 6058.6 -9205.6
3941 5961.9 -9409.7
3942 6061 -9408.1
3943 5861.3 -9411.3
3944 5964 -9612
3945 5863.6 -9613.7
3946 5966.1 -9814.5
3947 4826.2 -4168.7
3948 6065.6 -9812.9
3949 5865.8 -9816.3
3950 5968.9 -10017.3
3951 6068.3 -10015.6
3952 5868.1 -10019
3953 5870.4 -10220.3
3954 5981.5 -11029.8
3955 6081.9 -11028.4
3956 5984.3 -11233
3957 5882.9 -11234.5
3958 4689.5 -3969.6
3959 5987.1 -11436
3960 6086.5 -11434.5
3961 5885.6 -11437.5
3962 5988.4 -11540.1
3963 6205.8 -11547
3964 5989.7 -11641
3965 5854.7 -11641.9
3966 5994.7 -12045
3967 5860.3 -12046.7
3968 6090.8 -12044.5
3969 4601.1 -4172.9
3970 5861.7 -12148.3
3971 5998.6 -12350.4
3972 5999.9 -12451.7
3973 6201.6 -12448.8
3974 6001.2 -12551.9
3975 5800.4 -12555.6
3976 6002.5 -12654.1
3977 6203.8 -12651.5
3978 6003.8 -12755.8
3979 5802.8 -12757.7
3980 5761.5 -933.2
3981 6005 -12856.6
3982 6206 -12853.8
3983 5804 -12859.3
3984 6008.9 -13160.5
3985 6210.4 -13258
3986 6028.5 -13442
3987 6116 -13463.6
3988 5980.4 -13511.9
3989 5912.1 -13469.5
3990 5891.6 -3148.9
3991 5762 -1023.6
3992 5895.6 -3250.3
3993 5996.9 -3147.5
3994 5723.6 -3151.1
3995 5897.2 -3348.7
3996 5708.3 -3253
3997 5999.5 -3347.2
3998 5795.7 -3350.2
3999 6002.1 -3548.9
4000 5799.8 -3551.6
4001 6038.5 -3749.7
4002 -7006.1 14224.8
4003 5941.3 -929.4
4004 5804.3 -3752.9
4005 5903.9 -3953.7
4006 5806.7 -3955
4007 6008.2 -3952.3
4008 5905 -4053.6
4009 5711.1 -4057.1
4010 5906.1 -4156.2
4011 5806.1 -4157.3
4012 6010.3 -4154.6
4013 5913.9 -4862.2
4014 4388.5 -946.4
4015 6017.6 -4860.8
4016 5914.9 -4963.5
4017 6018.7 -4962.1
4018 5813.4 -4964.9
4019 5931.9 -6784.4
4020 6032.6 -6782.8
4021 5835.9 -6786.2
4022 5933.9 -6986
4023 6034.8 -6984.5
4024 5835.9 -6986.9
4025 4384.3 -565.3
4026 5935.9 -7188.2
4027 6036.9 -7186.4
4028 5937.9 -7390.7
4029 6039.1 -7389.1
4030 5836.7 -7392.4
4031 5939.9 -7592.6
4032 6041.3 -7591
4033 5837.9 -7593.5
4034 5941.9 -7793.8
4035 6043.5 -7792.4
4036 4250.7 -948
4037 5943.9 -7995.3
4038 6045.6 -7993.7
4039 5842.7 -7996.9
4040 5947.8 -8197.4
4041 6047.8 -8195.8
4042 5847.6 -8199.1
4043 6050 -8396.9
4044 6014 -13592.5
4045 6114.6 -13661.2
4046 6013.9 -13666.4
4047 4476.6 -946.1
4048 5914.1 -13667.9
4049 -11907.5 15352.9
4050 2502 8847.7
4051 2302.2 8736.7
4052 -5390.3 8781.7
4053 -5186 8786.1
4054 -5592 8673.5
4055 -5797.8 8777.4
4056 -5999.8 8669.4
4057 -4778.2 8794
4058 4086.7 5625
4059 -8640.3 -7371.8
4060 -8635.9 -7575.2
4061 -8676.6 -5132.2
4062 -8674.2 -5332.5
4063 -8671.4 -5533.9
4064 -8669 -5735.2
4065 -8666.5 -5947.6
4066 -8662.8 -6150.2
4067 -8659 -6353.4
4068 -8655.3 -6556.9
4069 -3605.6 11928.6
4070 -8651.5 -6760.2
4071 -7570.5 3388.6
4072 -7562.8 2983.2
4073 -7164.8 3451.5
4074 -7573 3520.2
4075 6306.2 -13590.7
4076 6417 -13639.7
4077 6417.7 -13807.4
4078 248.9 11443.1
4079 48.2 11441.2
4080 -3504.5 11929.9
4081 2659.7 11481.7
4082 2660.7 11371.1
4083 4887 -9023.8
4084 5021.4 -9021.2
4085 5019.6 -8818.8
4086 5153.4 -9018.1
4087 5156.4 -9221.2
4088 5656.7 -9008.7
4089 5756.8 -9007.2
4090 5658.6 -9212.5
4091 -3608.4 12131.4
4092 5754.9 -8805.6
4093 5859.1 -9209
4094 6107.8 -9001.8
4095 6179.4 -9000.5
4096 6867.5 -9002.6
4097 6968.2 -9001.7
4098 6971.1 -9194.9
4099 7069.1 -9000.9
4100 7169.2 -8999.1
4101 7071 -9194.2
4102 -3604 11827
4103 7170.7 -9092.7
4104 7225.9 -8791.1
4105 7776 -8997.6
4106 7962 -8998.2
4107 7777.7 -9090.6
4108 7994.5 -8988
4109 7963.6 -9090.6
4110 8090.4 -8987.6
4111 8093.2 -9190.5
4112 8181.6 -8987.1
4113 -7454.7 14572
4114 -3738.3 11927.7
4115 8437.6 -8994
4116 8539.7 -8985.4
4117 8542.4 -9187.1
4118 8642.3 -8993.3
4119 8794.5 -8983.2
4120 8795.7 -9079.5
4121 8896.2 -8983
4122 9337.4 -8980.2
4123 9472.4 -8979
4124 9759.8 -8972.1
4125 -6972.2 11902.8
4126 9613 -8877.7
4127 9921.9 -8976.7
4128 9849.2 -9101
4129 10022.8 -8975.9
4130 -2008.2 -2338.1
4131 -2212.7 -2340.6
4132 -1397.9 -2428
4133 -1603.2 -2261.7
4134 3659.1 -2270.5
4135 3660.2 -2371.5
4136 -6871 11903.6
4137 3657.9 -2169
4138 2915.9 -2232.4
4139 2914.8 -2117.7
4140 3051.7 -2231.1
4141 2917.1 -2348.7
4142 2783 -2233.6
4143 2784.4 -2350.2
4144 2781.6 -2118.3
4145 2648.7 -2235.7
4146 2650.1 -2351.8
4147 -7072.6 11902
4148 2648.1 -2180.4
4149 -587.2 -2311.7
4150 -585.9 -2412.8
4151 -589.9 -2108.8
4152 -790.3 -2228.7
4153 -870.7 3547.3
4154 -647.2 3447.9
4155 -1273.3 3443.3
4156 -1271.8 3282.8
4157 -1375 3442.9
4158 -5226 11106.7
4159 -1478.4 3442.7
4160 -1479.5 3543.6
4161 -1476.2 3281.9
4162 -1580.3 3441.8
4163 -1682.1 3441
4164 -1581.6 3492.8
4165 -1679.4 3281
4166 -2197.7 3437.6
4167 -2087.3 3319.1
4168 -2187.5 3318.3
4169 -5224.9 11011.7
4170 -2289.9 3411.1
4171 -3098.2 3430.7
4172 -3101.7 3329.5
4173 -3302.9 3428.5
4174 -3301.3 3327.9
4175 -3304.5 3527.4
4176 -3504.8 3426.6
4177 -3709.3 3425
4178 -3506.7 3525.4
4179 -3503.3 3326.2
4180 -5227.6 11208.5
4181 -3710.8 3522.9
4182 -3708.1 3325.2
4183 -3912.8 3423.5
4184 -3911.1 3322.9
4185 -4118.4 3521.3
4186 -4745.1 3417
4187 -4747 3515.9
4188 -4928.7 3415.3
4189 -4926.9 3312.8
4190 -5942 3299.1
4191 -5440.8 11105
4192 -6162.9 3398
4193 -6161.1 3297.9
4194 -7166.4 3525.1
4195 559.8 3436.3
4196 458.1 3438.1
4197 558.1 3578.1
4198 460.7 3295.8
4199 357 3445.9
4200 355.5 3575.9
4201 254.1 3456.3
4202 -5088 11107.9
4203 253.9 3573.9
4204 153.6 3455.2
4205 151.9 3573.1
4206 155.4 3293
4207 47.6 3454.1
4208 -47.5 3453
4209 44.9 3566.4
4210 -49.3 3570.4
4211 -45.7 3292.4
4212 -254.5 3567.3
4213 -8491.5 11890.7
4214 -383.3 3450
4215 -382.8 3368.2
4216 -453.5 3449.6
4217 -556.9 3448.8
4218 -451.6 3286.5
4219 -5184.9 16134.9
4220 -5131.8 16216.9
4221 -5185.9 15968.8
4222 -5184.2 16251.4
4223 -5045.3 16162.3
4224 -8083.4 15057.8
4225 -8488.3 11756.6
4226 -5018.9 16391.1
4227 -5101.1 16443.7
4228 -4933.8 16336.7
4229 -4910.7 16558.2
4230 -4881.9 16602.6
4231 -4826.9 16504.3
4232 -4781.6 16600.9
4233 -4878.3 16777.4
4234 -2682.2 -10207.3
4235 -2852.8 -10210.1
4236 -8493.4 11992.1
4237 -3024.9 -10212.9
4238 -3196.2 -10215.1
4239 -1483.1 3847.5
4240 -1482.1 3773.4
4241 -1553.1 3847.2
4242 -1277.6 3848.4
4243 -1481.4 3703.8
4244 -1480.6 3645.6
4245 -1551.1 3678.6
4246 -1348 3752.1
4247 -8288.5 11892.3
4248 -1277.4 3647.2
4249 -1464.8 2432
4250 -1461.3 2229.9
4251 -1566.4 2431.3
4252 -1582.7 2046.8
4253 -1563.2 2229.1
4254 -1360.6 2230.5
4255 -1607.1 4452
4256 -1610.2 4574.5
4257 -1695.3 4451.4
4258 -8691.9 11888.5
4259 -1491 4452.9
4260 -1697.1 4573.8
4261 -1705.6 13763
4262 -1605.6 13661.6
4263 -1707.5 13963.3
4264 -1672.5 7489.8
4265 -1642.8 7482.7
4266 -1674.9 7688.6
4267 -1549.5 7689.4
4268 -1785.3 7688
4269 -6858.6 11094.5
4270 -1668.7 8093.8
4271 -1785.4 8094
4272 -1671 7891
4273 -1671.6 8252.8
4274 -1558 8253.4
4275 -1741 16284.6
4276 -1738.2 15994.2
4277 -1842 16284.1
4278 -1640.4 16285.1
4279 -1642.6 9137.5
4280 -6856.9 10993
4281 -1642.3 9110.3
4282 -1744.6 9136.6
4283 -1645.1 9311.7
4284 -1746.6 9311.1
4285 -1542.8 9312.4
4286 -1648.1 9515.6
4287 -1749 9515.4
4288 -1545.4 9515.7
4289 -1640.7 7285.3
4290 -1637.7 7083.4
4291 -6860.1 11196.1
4292 -1734.5 7284.5
4293 -1544.3 7286.8
4294 -1545.6 7483.5
4295 -1781.5 17584.6
4296 -1749.3 17585.1
4297 -1885.2 17582.8
4298 -1731.3 15586.8
4299 -1733.6 15784.6
4300 -1799 15586.9
4301 -1629.8 15586.6
4302 -7058.6 11092.9
4303 -1838.8 15774
4304 -1705.5 15840.3
4305 -1664.5 10926.3
4306 -1667.1 11135.9
4307 -1766.6 10926.8
4308 -1565.4 11135.8
4309 -1669.7 11338.5
4310 -1568 11338.4
4311 -1672.2 11541.4
4312 -1774.2 11541.4
4313 -6755.9 11095.3
4314 -1570.7 11541.3
4315 -1674.8 11744
4316 -1777.1 11744.3
4317 -1573.3 11743.8
4318 -1680.4 12146.7
4319 -1677.3 11946.1
4320 -1579.1 12146.6
4321 -1683.6 12349.8
4322 -1785.5 12348.9
4323 -1686.6 12551
4324 -6842.7 10283.6
4325 -1585.5 12549.8
4326 -1692.2 12955.7
4327 -1689.8 12752.6
4328 -1592 12956.2
4329 -1694.5 13143.5
4330 -1595 13143.6
4331 -1796.7 13143.4
4332 -1744.6 16381.7
4333 -1843.5 16381.2
4334 -1642.2 16383.3
4335 -8253.3 15217.3
4336 -6844.7 10384
4337 -1747.2 16580.9
4338 -1847.2 16579.8
4339 -1646.2 16582
4340 -1755.8 16979.5
4341 -1856.5 16978.1
4342 -1751.5 16777.2
4343 -1758.4 17181.3
4344 -1656.9 17182.9
4345 -1753.8 17383.8
4346 -1652.7 17586.7
4347 -6839.6 10080.2
4348 -1557.9 10515.3
4349 -1602.6 4882.7
4350 -1581.6 4858
4351 -1698.5 13358
4352 8786.5 -8376.5
4353 8785.5 -8173.5
4354 8789.6 -8578.8
4355 8891.3 -8577.9
4356 8792 -8781.5
4357 8741.2 -9185.6
4358 -6741.5 10284
4359 8646.7 -9389.2
4360 8800 -9490.2
4361 8800.9 -9589
4362 8698.5 -9589.8
4363 8802.6 -9791.4
4364 8701.1 -9792.8
4365 8804.4 -9992.9
4366 8703.3 -9993.7
4367 8814.8 -11204.6
4368 8915.9 -11203.5
4369 -6944.1 10282.6
4370 8816.4 -11386
4371 8818.3 -11634.5
4372 8817.3 -11566.6
4373 8819.4 -11810
4374 9214.8 -11999.8
4375 8920.4 -11742.1
4376 8796.4 -11609.7
4377 8920.4 -11809.5
4378 8719.7 -12013.4
4379 8826.8 -12619.3
4380 -10903.9 11044.5
4381 8726.4 -12620.9
4382 8836.8 -13429.1
4383 8838.7 -13632.2
4384 8735.4 -13430.3
4385 8840.2 -13770
4386 8740.2 -13835.8
4387 8847.8 -14433.4
4388 8810.7 -14434.1
4389 8848.5 -14490.5
4390 8949.7 -14432.3
4391 -10907 11211.2
4392 3708.2 -448
4393 3856 -446.5
4394 3709.5 -548.9
4395 3706.8 -346.2
4396 3574.2 -550.2
4397 4245 -461.2
4398 4247.4 -622.9
4399 -8388.8 16584.3
4400 -8531.7 16420.5
4401 -2090.9 15493.4
4402 -10801.7 11046.4
4403 -2110.9 15585.6
4404 -2231.6 15482.6
4405 -2226.1 16184.6
4406 -2344.2 16183.8
4407 -2239.2 16282.2
4408 -2196.9 15994.2
4409 4622.9 -15506.8
4410 4521.9 -15507.7
4411 4621 -15304.4
4412 4424.8 -15508.6
4413 -11006.1 11055.1
4414 4324.1 -15509.4
4415 4428.1 -15611.1
4416 4077.5 -15511.5
4417 3985.3 -15512.3
4418 3821.2 -15513.7
4419 3819.9 -15412.5
4420 3115.4 -15519.6
4421 3118.2 -15723.4
4422 3013.6 -15520.5
4423 3017 -15724
4424 -11713.1 11051.1
4425 2912.3 -15521.3
4426 2811.5 -15522.2
4427 2809.1 -15321.5
4428 2710.9 -15523
4429 2609 -15523.8
4430 2606.3 -15322.4
4431 2610.4 -15624.3
4432 2507.2 -15524.7
4433 2404.2 -15323.2
4434 2062.6 -15528.9
4435 -11675.5 11074.5
4436 1877.8 -15020.5
4437 1901.5 -15531.2
4438 1882.6 -15470.7
4439 1759.2 -15532.5
4440 1818.8 -15732.7
4441 1613 -15533.9
4442 1611.2 -15471.2
4443 1197.1 -15539
4444 1616.7 -15683.3
4445 1070.9 -15540.6
4446 3132.3 519.5
4447 -8897.8 15188.6
4448 -11655.2 11051.6
4449 1198.9 -15689.1
4450 1194.2 -15362.3
4451 987.5 -15949.5
4452 898.1 -15542.7
4453 783.6 -15544.5
4454 935.7 -15382.3
4455 881.5 -15949.6
4456 663.7 -15373.8
4457 702.5 -15545.7
4458 705.5 -15749
4459 -11789.3 11048
4460 590.9 -15547.4
4461 593.9 -15750.9
4462 520.2 -15548.5
4463 491.7 -15549
4464 494.5 -15752.9
4465 389.9 -15550.5
4466 393 -15753.8
4467 289.2 -15551.9
4468 292.5 -15755.3
4469 256.7 -15552.4
4470 -11768.8 11019.9
4471 188.4 -15553.3
4472 192.1 -15757.1
4473 120.8 -15554.2
4474 89.9 -15554.7
4475 92.2 -15759.4
4476 -11 -15555.6
4477 -7.8 -15758.3
4478 -118.4 -15554.7
4479 -220.1 -15554.1
4480 -217.4 -15757.6
4481 -12528.5 11027.4
4482 -320.2 -15553.5
4483 -318.7 -15656.7
4484 -390.8 -15553.1
4485 -525.9 -15553.7
4486 -446.5 -15553.1
4487 -527.5 -15456.4
4488 -569.6 -15554
4489 -627.8 -15554.5
4490 -567.7 -15658.7
4491 -695.6 -15555
4492 -12636.3 11024.5
4493 -1192.5 -15558.6
4494 -1269.1 -15559.5
4495 -1313.1 -15560.2
4496 -1358.7 -15561
4497 -1408.9 -15561.8
4498 -1354.9 -15764.9
4499 -1457.4 -15562.5
4500 -1454.7 -15765.7
4501 -2465.9 -15570.1
4502 -2669 -15573.2
4503 -13343.5 10213.8
4504 -2469.2 -15372.1
4505 -2873.5 -15576.7
4506 -2979.9 -15579.1
4507 -2869.8 -15782
4508 -3078.7 -15580.9
4509 -6004.5 -7734.9
4510 -5987.5 -7842.7
4511 -6804.6 -7746.9
4512 -7007.6 -7750.5
4513 -7009.8 -7649.3
4514 -12611.1 10224.1
4515 -7005.3 -7852.8
4516 -7211 -7754.2
4517 -7213.1 -7653
4518 -7208.9 -7856.1
4519 -7413.9 -7757.8
4520 -7411.8 -7859.5
4521 -7416 -7656.4
4522 -7616.9 -7761.5
4523 -7615.1 -7862.9
4524 -7820.3 -7765.1
4525 -12661.4 10526.2
4526 -7817.8 -7866.2
4527 -7822.2 -7662.4
4528 -8022.7 -7768.7
4529 -8020.8 -7869.6
4530 -8024.7 -7665.5
4531 -8223.7 -7872.9
4532 -8227.2 -7711.3
4533 -8631.6 -7776.9
4534 -8834.4 -7779.2
4535 -8832.5 -7880.1
4536 -10784.9 11641.5
4537 -8836.7 -7676.2
4538 -9037.9 -7781.5
4539 -9036.1 -7882.4
4540 -9039.5 -7678.5
4541 -9240.8 -7884.8
4542 -9244.7 -7680.9
4543 -9653.7 -7788.3
4544 4241.7 -7623.6
4545 4190.6 -7622.4
4546 4060.3 -7624.1
4547 -10745.6 11667.4
4548 4195.6 -7794.1
4549 4061.4 -7796.3
4550 3924.9 -7625.7
4551 3922.4 -7422.5
4552 3927 -7798.4
4553 3820.8 -7627
4554 3719.9 -7628.3
4555 3823.1 -7831.2
4556 3717.9 -7496.9
4557 3619.2 -7629.5
4558 -9248 15188.9
4559 -10844.8 11603.1
4560 3726.1 -7832.2
4561 3613.1 -7833.3
4562 3014.4 -7638.8
4563 3017.9 -7838.9
4564 2914.5 -7639.7
4565 2916.9 -7839.8
4566 2813.1 -7640.7
4567 2711.3 -7641.8
4568 2713.7 -7841.7
4569 2709.7 -7437.3
4570 -1183.9 12752.1
4571 2610.4 -7642.8
4572 2510.2 -7643.2
4573 2613 -7842.7
4574 2508.3 -7439.7
4575 2409.7 -7644.7
4576 2412 -7844.6
4577 2311.8 -7845.5
4578 1904.6 -7649.7
4579 1999.8 -7445.9
4580 1907.3 -7852.7
4581 -1284.2 12752.2
4582 1807 -7853.5
4583 1501 -7653.7
4584 1601.2 -7532.2
4585 1503.6 -7855.7
4586 1195.5 -7656.8
4587 1094.9 -7657.9
4588 1097.4 -7859.7
4589 1094.1 -7459.4
4590 995.5 -7658.8
4591 998 -7860.7
4592 -1089.6 12756.2
4593 895.2 -7659.9
4594 893.1 -7460.6
4595 795.5 -7660.9
4596 798.2 -7863
4597 694.8 -7662.1
4598 694.1 -7462.9
4599 697.5 -7864.1
4600 594 -7663
4601 596.4 -7865
4602 492.9 -7664
4603 -1180.9 12548.9
4604 490.5 -7465.9
4605 391.1 -7665
4606 393.4 -7866.9
4607 388.8 -7467.3
4608 -5574.8 -7759.3
4609 -5824.9 -7777.6
4610 -5897 -7622.9
4611 -5823.8 -7871.7
4612 202 -7667.1
4613 198.7 -7467.5
4614 -1994.1 12752.9
4615 98.8 -7668.1
4616 101.2 -7870.1
4617 -0.6 -7669.5
4618 -6.6 -7469.6
4619 -114.1 -7667.3
4620 -110 -7870.3
4621 -117.4 -7466.8
4622 -214.2 -7665.9
4623 -315.7 -7667.4
4624 -217 -7464.4
4625 -1991 12549.8
4626 -313.3 -7869.7
4627 -418.1 -7668.9
4628 -420.5 -7466.8
4629 -519.6 -7673.9
4630 -517.2 -7875
4631 -620.1 -7678.7
4632 -622.9 -7469.4
4633 -721.2 -7679.6
4634 -1024.9 -7676.4
4635 -1022.3 -7878.4
4636 -1892.2 12752.8
4637 -1126.3 -7677.7
4638 -1128.8 -7474.9
4639 -1228.8 -7678.9
4640 -1226.2 -7880.6
4641 -1329.2 -7680.1
4642 -1331.7 -7477.6
4643 -1429.7 -7681.4
4644 -1427.2 -7882.8
4645 -1531 -7682.6
4646 -1533.1 -7479.7
4647 -2094.6 12752
4648 -1935.5 -7688
4649 -1934.3 -7789.2
4650 -2138.1 -7589.7
4651 -2530.9 -7695.6
4652 -2530.1 -7796.3
4653 -2568.1 -7695.9
4654 -2754.7 -7598.3
4655 -2753.6 -7699.4
4656 -2752.5 -7799.6
4657 -2957.6 -7701.3
4658 -1997.1 12954.5
4659 -2956.5 -7802.7
4660 -2958.7 -7600.6
4661 -3161.9 -7703.5
4662 -3160.3 -7804.4
4663 -3162.5 -7603.8
4664 -3364.6 -7705.6
4665 -3467.4 -7706.1
4666 -3366.6 -7503.9
4667 -3363.2 -7807.2
4668 -3314.7 -7705.2
4669 -9594.7 15221.1
4670 -3615.6 12740.1
4671 -3569.1 -7706.6
4672 -3469.3 -7504.5
4673 -3566.7 -7909.1
4674 -3669.3 -7707.3
4675 -3671.5 -7505.8
4676 -3771.1 -7708.1
4677 -3768.7 -7910.6
4678 -3872.6 -7708.8
4679 -3874.5 -7507
4680 -3973.5 -7709.6
4681 -3614.2 12591.8
4682 -3971.3 -7911.1
4683 -4078 -7508.3
4684 -4379.3 -7712.6
4685 -4784.7 -7715.4
4686 -4787.7 -7512.6
4687 -4684.3 -7714
4688 -5090.7 -7565.9
4689 11658.8 -15838
4690 11760.8 -15637.4
4691 11658.2 -16041.4
4692 -3617.5 12915.2
4693 11760.5 -15839.4
4694 11760 -16042.3
4695 11555.7 -16041
4696 11656.5 -16242.3
4697 11758.7 -16243.1
4698 11554 -16241.8
4699 11552.4 -16442.5
4700 11651.7 -16845.6
4701 11651.9 -17049.9
4702 11753.2 -17050.8
4703 -3717.3 12739.5
4704 11651.6 -17250.8
4705 11684.3 -17251.2
4706 11650.9 -17453.3
4707 11751 -17454.1
4708 11650.2 -17653.9
4709 11750.3 -17655.1
4710 11746.5 -20885.6
4711 11644.3 -11374.3
4712 11647.2 -11577.6
4713 11544.9 -11375.7
4714 -3514.3 12740.8
4715 11756.3 -11373.3
4716 11649.4 -11779.6
4717 11758.2 -11576.3
4718 11545.7 -11578.7
4719 11547.3 -11780.4
4720 11760.9 -11779
4721 11550.2 -11982
4722 -6472.9 17810.8
4723 -6559.6 17813.5
4724 -6476.5 17969.4
4725 -5350.7 12727.3
4726 -6510.8 17585
4727 -6646 17814.6
4728 -6555.9 17973.8
4729 -6584.4 17632.4
4730 -6642 17975.8
4731 -6672.3 17688.5
4732 -7429.4 16179.4
4733 -7327 16020.2
4734 -7191.7 7402.4
4735 -7287.5 7239.5
4736 -5182.7 12729.2
4737 -7091.5 7240.9
4738 -7290.1 7401.7
4739 -6997 7403.8
4740 -7182.4 4408.4
4741 -7350 4406.9
4742 -7185.4 4579.3
4743 -7176 4656.4
4744 -7178.2 4782.2
4745 -7354.7 4665.3
4746 -6991.5 4637.9
4747 -5826.4 12723.5
4748 -7182.9 4629
4749 -7356.1 4781.7
4750 -7180.1 4899.7
4751 -7358 4899
4752 -6996.4 4900.2
4753 -7181.9 5009.9
4754 -7183.5 5106.7
4755 -6998.6 5010.7
4756 -7362 5107
4757 -7185.2 5211
4758 -5761.6 12623.1
4759 -7187 5320.3
4760 -7363.9 5209.4
4761 -7004.5 5321
4762 -7368 5421.5
4763 -7200.6 5523.5
4764 -7369.5 5522.5
4765 -7202.1 5625.9
4766 -7203.6 5726.5
4767 -7372.3 5724.9
4768 -7306.5 5827.5
4769 -5654 12724.9
4770 -7310.4 6029.9
4771 -7313 6231.7
4772 -7219 6636.5
4773 -7316.8 6433.2
4774 -7366.3 14701.3
4775 -7269.8 14762.6
4776 -7367.4 14655.4
4777 -7361.3 14894
4778 -7358.6 15011.1
4779 -7357.1 15071.5
4780 -9723.6 15188.6
4781 -5890.5 12824.9
4782 -7316.2 15010.1
4783 -7343.4 15621.6
4784 -7414.3 15415.4
4785 -7387.9 13809.9
4786 -7340.2 13723.4
4787 -7382.8 13987.2
4788 -7372.4 14406.8
4789 -7120.3 13625.1
4790 -7207.3 8000.7
4791 -7211.1 8185.9
4792 -6066.8 12721.9
4793 -7105 8003
4794 -7108.6 8159.3
4795 -7229.1 9265.8
4796 -7124.8 9064.6
4797 -7232.4 9469.2
4798 -7128.2 9266.7
4799 -7131.7 9469.9
4800 -7235.8 9671.6
4801 -7247.7 10380.1
4802 -7245.9 10279.9
4803 -6270.8 12720.2
4804 -7249.6 10482.3
4805 -7046.3 10382
4806 -7257.1 10890
4807 -7056.8 10991.2
4808 -7262.9 11193.9
4809 -7062.1 11295.9
4810 -7266.8 11395.8
4811 -7065.6 11499
4812 -7270.8 11597.4
4813 -7069.1 11698.4
4814 -6068.4 12823.9
4815 -7276.7 11900.3
4816 -7175 11901.1
4817 -7279.7 12104.7
4818 -7178 12105.5
4819 -7282.8 12306.8
4820 -7285.6 12509.7
4821 -7181 12307.8
4822 -7286.9 12610.6
4823 -7097 13424
4824 2885.8 -962.7
4825 -6065.3 12619.3
4826 6533.5 -14670.7
4827 6399.3 -14572.5
4828 6532.1 -14570.3
4829 6937.4 -14664.4
4830 7037.8 -14662.8
4831 6933.8 -14463.5
4832 7238.1 -14659.7
4833 7234.7 -14459.3
4834 9611.5 -14547.4
4835 10132.8 -14626.3
4836 -7187.2 12713.2
4837 10022.7 -14420.9
4838 10131.2 -14419.8
4839 10290.3 -14626.8
4840 10287.5 -14420.8
4841 5219.1 -14690.8
4842 5319.4 -14487.3
4843 5620.1 -14483
4844 12069.3 -14593.9
4845 12170.4 -14593.4
4846 12070.6 -14381.7
4847 -7190.3 12920.5
4848 12068.5 -14744.7
4849 12171.4 -14379
4850 12169.3 -14691.6
4851 12272.2 -14376.9
4852 12371.5 -14590.6
4853 -834.2 8250.8
4854 -964.1 8358.8
4855 -933.4 8148.8
4856 -973.5 8182
4857 -908.6 8128.3
4858 -7085.8 12714.1
4859 -507.8 14573
4860 -410.1 14981.3
4861 -522.4 15585.3
4862 -525.1 15787.6
4863 -420.9 15585.4
4864 -528 15995.1
4865 -531.2 16190.8
4866 -437.2 16595.4
4867 -540.7 16796.1
4868 -542.3 16997.2
4869 -7288.3 12712.2
4870 -444.3 17200.7
4871 -547.3 17402.5
4872 -432.1 9313.6
4873 -483.1 9314.3
4874 -330.5 9312.4
4875 -434.9 9517.2
4876 -447.1 19017.2
4877 -375.5 5068
4878 -392 6482.1
4879 -286.3 6280.1
4880 -7592.7 12709.5
4881 -396.2 6887.5
4882 -404.2 7490.1
4883 -450.4 11135.4
4884 -352.8 11336.4
4885 -484.8 13562.8
4886 -746.9 2136
4887 -848.8 2133.6
4888 -747.9 2233.9
4889 -850.3 2233.4
4890 -2269.2 2020.4
4891 1930.9 5955.6
4892 -7589.4 12507.3
4893 -2272 2224.3
4894 -2674.3 2092.2
4895 -2675.9 2221.2
4896 5145.5 -17828.3
4897 5023.5 -17737.4
4898 5259.1 -17827.6
4899 5254.1 -17523.7
4900 5259.9 -17880.9
4901 5363.6 -17880.1
4902 5364.8 -17927.6
4903 -7491.2 12710.4
4904 5973.1 -17823.5
4905 5821.7 -17824.7
4906 11032.5 -10573.7
4907 11035.9 -10977
4908 10934.9 -10978.4
4909 11037.6 -11180.4
4910 11137.6 -11179.3
4911 11039.3 -11380.8
4912 11139.4 -11380
4913 10939.8 -11381.5
4914 -7694.1 12708.8
4915 9986.5 -9298.6
4916 10123.1 -9494.4
4917 10239 -9417.3
4918 9996.5 -9575.7
4919 10200.5 -9605.8
4920 10260 -9691.3
4921 10341.6 -9803.5
4922 10380.4 -9611.2
4923 10140.3 -9771.8
4924 10522.9 -9803
4925 -2310.4 13557.9
4926 10890.6 -10493.4
4927 3627.3 7745.2
4928 3624.6 7946.3
4929 3528.9 7542.1
4930 3728.2 7746.2
4931 3526 7744.1
4932 3644.4 6636.1
4933 3746.1 6644.5
4934 3640.3 6939.1
4935 3538.8 6937.1
4936 -2312.7 13759.6
4937 3637.6 7137.8
4938 3741.2 6939.9
4939 3632.6 7345.3
4940 3630.7 7465.7
4941 3675.8 7344.3
4942 3673.3 7466
4943 3626.7 8148.7
4944 3622.8 8350
4945 3607.7 5239.2
4946 3606.4 5328.8
4947 -2209.1 13558.4
4948 3605.2 5417.3
4949 3483.9 5327.6
4950 3726.8 5330
4951 3610.3 5527.3
4952 3613.6 5707
4953 3557.7 5705.2
4954 3612.2 5792.7
4955 3713.5 5793.8
4956 2892.2 959.1
4957 2979.4 1113.2
4958 -2411.9 13557.6
4959 2890 1112.4
4960 4074.8 6231.3
4961 3827.4 6227.4
4962 3366.7 4520
4963 3125.5 4522.6
4964 2879.2 4518
4965 2975.4 4518.6
4966 2876.9 4700
4967 2880.2 4452.2
4968 2782.2 4517.2
4969 -4932.6 13541.9
4970 2783.9 4452.1
4971 2685.4 4516
4972 2686.9 4450.9
4973 6314.4 -4249
4974 6313.3 -4150.5
4975 -11281.8 16114.3
4976 1793.5 16321.6
4977 1597.4 16320.1
4978 1792 16424.3
4979 1395.1 16318.5
4980 -4955.4 13541.8
4981 1192.9 16317
4982 382 16406.6
4983 -1942.6 16283.7
4984 -1838.1 15994.3
4985 -2046.3 16283.2
4986 -1964.2 16059.2
4987 -2047.5 16380.1
4988 -2034.1 16109.6
4989 -9875.8 16277.8
4990 -9830.5 16438.8
4991 -4853.5 13542.4
4992 -9882.8 16022.8
4993 -9754.7 16185.4
4994 -11280.7 16146.8
4995 -11318.1 16148.8
4996 -11340.9 16268.7
4997 -2685.4 11331.4
4998 -2785 11330.3
4999 -2583.4 11332.5
5000 -2688.1 11534.1
5001 -2788 11533.1
5002 1907.6 6079
5003 -4830.8 13710.4
5004 -2690.6 11725.9
5005 -2792.2 11823.8
5006 -2586.2 11631.7
5007 -2693.4 11938.7
5008 -2696.1 12140.7
5009 -2698.8 12343.3
5010 -2796.3 12139.3
5011 -2593.6 12142.4
5012 -2701.5 12545.9
5013 -2799.5 12341.9
5014 -5091.1 13541
5015 -2596.6 12344.3
5016 -2704.1 12747.1
5017 -2802.4 12544.9
5018 -2599.9 12546.8
5019 -2709.5 13150.5
5020 -2810.9 13149.8
5021 -2608.6 13151.2
5022 -2712.2 13354
5023 -2813.8 13353.4
5024 -2611.7 13354.6
5025 -5161.9 13540.6
5026 -2714.8 13555.7
5027 -2717.5 13757.4
5028 -2616.7 13758
5029 -2720.2 13959.8
5030 -2598.9 7278.2
5031 -2601.6 7478.4
5032 -2464.1 7279.9
5033 -2732 7277.1
5034 -2466.3 7472
5035 -2604.3 7682.4
5036 -5058.2 13541.2
5037 -2606 7827.8
5038 -2469.7 7683.3
5039 -2738.4 7681.5
5040 -2471.8 7885.9
5041 -2610.8 8189.8
5042 -2744.3 8189.3
5043 -2609.4 8087.8
5044 -2612.2 8291.4
5045 -2745.4 8290.3
5046 -2476.6 8292.5
5047 -5258.5 13539.9
5048 -2478.7 8394.7
5049 -2616.4 8596.3
5050 -2616.5 5054.5
5051 -2614 4878.3
5052 -2719.2 5054
5053 -2515.7 5055.1
5054 -2619.3 5257.3
5055 -2721.3 5256.9
5056 -2518.6 5257.7
5057 -2621.9 5460.4
5058 -5254.1 13134.3
5059 -2723.4 5460.2
5060 -2521.5 5460.8
5061 -2625.6 5664.1
5062 -2726.8 5663.7
5063 -2629.1 5865.8
5064 -2729.4 5865.6
5065 -2527.3 5866.1
5066 -2631.7 6069.7
5067 -2530.9 6070.1
5068 -2609.6 6144.8
5069 -5295.4 13539.1
5070 -2737.1 6212
5071 -2470.5 6070.4
5072 -2636.7 9999.3
5073 -2538.7 10119.7
5074 -2767.3 9893.7
5075 -2668.7 10117.8
5076 -2671.6 10320.4
5077 -2770.3 10116.4
5078 -2565.4 10119.3
5079 -2672.7 10422.5
5080 -5266.9 13715
5081 -2772.1 10319.4
5082 -2569.3 10321.4
5083 -2673.8 10523.7
5084 -2675.2 10650.7
5085 -2778.5 10650.4
5086 -2739.1 15580
5087 -2838.7 15376
5088 -2741.7 15782
5089 -2639.9 15580.8
5090 -2744.6 15989.6
5091 -5440 13537.6
5092 -2843.6 15781.1
5093 -2747.6 16180.9
5094 -2848.7 16180.2
5095 -2647 16181.6
5096 -2750.6 16376.4
5097 -2851.3 16375.7
5098 -2649.3 16377
5099 -2753.6 16571.9
5100 -2853.9 16571.8
5101 -2651.5 16572
5102 -5468 13638.9
5103 -2726.1 16691.4
5104 -2656.1 9103
5105 -2756.3 9102.4
5106 -2659.1 9306.8
5107 -2759.2 9305.5
5108 -2662.2 9609.8
5109 -2763.4 9609.2
5110 -2511.3 9647.4
5111 -2631.8 9747.9
5112 -2661 9510.9
5113 2107.4 5525.1
5114 -5494.1 13537.3
5115 6337.8 -6778
5116 6476.4 -7177.8
5117 6339.8 -6979.9
5118 6478.6 -7382.7
5119 6341.9 -7181.3
5120 6532.3 -5968
5121 6734.1 -5966.3
5122 6432.6 -6171.9
5123 6736 -6169.3
5124 6714.8 -13251
5125 -5864.1 13534.6
5126 6814.8 -13249.9
5127 6816.8 -13453.1
5128 6608.9 -13455.5
5129 6530.5 -14469.1
5130 6549.6 -7786.9
5131 6451.3 -7988.1
5132 6453.1 -8190.1
5133 6493.5 -11428.1
5134 6490.1 -11023.7
5135 6592.2 -11225.9
5136 -5866.9 13636.2
5137 6598.5 -7583.8
5138 6506.1 -4963.7
5139 6541.2 -4754.2
5140 6523.6 -5052.8
5141 6521.3 -4991.1
5142 6524.8 -5159.1
5143 6323.1 -5161.1
5144 6527 -5360
5145 6424.8 -5361.2
5146 6528 -5444.1
5147 -6111.8 13690.8
5148 6427.7 -5563.6
5149 6475.3 -9807
5150 6477.5 -10009.8
5151 6493.3 -11635
5152 6601.1 -12038.3
5153 6496.3 -11839.3
5154 -88.4 13971.2
5155 -5470.7 13842.1
5156 -5269.2 13946.2
5157 -5632.8 13942
5158 -5751.8 13535.4
5159 -5669 13840.2
5160 -5870.1 13839.4
5161 -6075.6 13838.4
5162 -796.2 13967.3
5163 -1302.5 13966.1
5164 -1198.8 13804.3
5165 -1401.3 13803.4
5166 -1907.3 13761.8
5167 -2008.3 13761.2
5168 -2112.6 13962.7
5169 -6003.2 13533.5
5170 -2213.9 13961.2
5171 -2211.5 13760.1
5172 -2314.9 13960.1
5173 -2414.9 13759
5174 -8290.9 13822.3
5175 -2922.7 13958.5
5176 -2819.1 13756.9
5177 -3021.2 13755.8
5178 -3430.2 13954.6
5179 -3328.2 13754.2
5180 -6053.1 13533.3
5181 -3530.5 13954.4
5182 -3528.4 13753.2
5183 -3733.2 13953.3
5184 -3732 13752.1
5185 -3835.8 13953
5186 -4040.8 13951.4
5187 -3936 13750.6
5188 -4140.5 13749
5189 -4246 13950.1
5190 -4658.8 13852
5191 -6338.5 13531.2
5192 -8391.3 13818.2
5193 -8491.5 13813.7
5194 -8691.7 13813.5
5195 -8792.1 13813.3
5196 -8892.7 13813
5197 -8993.3 13812.8
5198 -9094.2 13813.2
5199 -9194.6 13813.9
5200 -9289.7 14012.6
5201 -9294.7 13814.1
5202 -6250.3 13392.7
5203 -9795.8 13811.7
5204 -9891.3 13812
5205 -9988.7 13812.3
5206 -10085.7 13812.6
5207 -7783.8 14013
5208 -7884.3 14014
5209 -7984.9 14013.6
5210 -7880.5 14174.9
5211 -7889 13814.5
5212 -8085.1 14013.6
5213 -6217.2 13532
5214 -7980.1 14219.6
5215 -7989.6 13814.3
5216 -8185.5 14014.5
5217 -8079.2 14265.5
5218 -8089.8 13814.1
5219 -8178 14310.5
5220 -8190.4 13817.8
5221 -795.6 13927
5222 2565.6 -300.4
5223 2578.1 -237.7
5224 2048.8 5626.9
5225 -6397.7 13501.5
5226 2538 -256.1
5227 2926.6 -16433.7
5228 4145.4 997
5229 4167.3 956.2
5230 4251.8 956.2
5231 8986.7 -11808.6
5232 8948.7 -14336.2
5233 4517 -14901.4
5234 4413.1 -14726.6
5235 1560.7 -14931
5236 -6378.3 13594.1
5237 1187.4 -14935.3
5238 1541.7 -14843.5
5239 1187.7 -14846.7
5240 1149.9 -14933.9
5241 579.7 -14740.5
5242 76.6 -14747.2
5243 -23.3 -14747.3
5244 -330.3 -14944
5245 -357.3 -14943.9
5246 2599 -14779.4
5247 -7337.1 13523.4
5248 2699.9 -14733.3
5249 2805.4 -14716.7
5250 2907.1 -14714.6
5251 3007.3 -14713.3
5252 3509.1 -14708.7
5253 3813.7 -14907.8
5254 3812.5 -14806.3
5255 3977.2 -14906.1
5256 3978.5 -15007.3
5257 -535 -14951.4
5258 -7338.6 13623
5259 -537.2 -14849.8
5260 -5831 14550.7
5261 -5743.3 14476.6
5262 -5881.2 14593.2
5263 -5740.8 14869.1
5264 -5762.1 15040
5265 -5574.5 15316.9
5266 -5481.8 15373.6
5267 -5289.3 15489.6
5268 -5188.4 15548.7
5269 -7504.6 13522.4
5270 -5187.7 15668.5
5271 -5005.5 15660.3
5272 -5110.1 15491.7
5273 -4921.8 15605.5
5274 -4939 15764.9
5275 -5100.7 15722.4
5276 -4862 15765.2
5277 -4807.5 15971.8
5278 -4789.5 16003
5279 -4873.8 16056
5280 -7301.2 13523.6
5281 -4678.1 16173
5282 -4763.4 16227.6
5283 -4586.5 16114.4
5284 -4572.8 16340.5
5285 -4480.1 16280.8
5286 5676.2 -2449.6
5287 5843.3 -2447.2
5288 5676.9 -2553.6
5289 5675.7 -2351.7
5290 6028.1 -2444.6
5291 -7701.4 13521
5292 5821.1 -2552.4
5293 5864 -2349.3
5294 6052.7 -2550.4
5295 -2549.3 16377.7
5296 -2448.5 16378.4
5297 -2524.9 16514
5298 -2546.8 16182.3
5299 -2953.5 16375
5300 -2955.9 16571.8
5301 -2951.1 16179.5
5302 -7790.7 13618.8
5303 -3055.5 16178.7
5304 -3467.8 16375.7
5305 -3364.8 16571.7
5306 -3570.8 16375.8
5307 -3468.2 16571.6
5308 -3672.4 16376
5309 -3773.6 16376.2
5310 -3874 16377
5311 -3773.2 16559.7
5312 -3873.5 16560.6
5313 -7705.5 13414
5314 -3874.4 16181
5315 -3974.6 16377.9
5316 -3974.7 16561.4
5317 -3974.6 16181
5318 -4074.8 16378.7
5319 -4075.1 16182.1
5320 -4074.5 16562.2
5321 -4176.1 16379.6
5322 -4175.7 16563.1
5323 -4174.7 16182.9
5324 -7893.6 13617.9
5325 2404.2 16426.8
5326 1692.5 16423.7
5327 1690.1 16626.7
5328 1191.1 16420.1
5329 798.5 16413
5330 165.8 16806.6
5331 -1243.7 16586.4
5332 -1342.2 16386.6
5333 -1442.7 16385.9
5334 -1338.8 16187.9
5335 2747.8 4894.5
5336 -7789.6 13814.8
5337 -1543.5 16385.1
5338 -1446 16584.2
5339 -1539.9 16187.5
5340 -1945 16380.6
5341 -2049.9 16577.6
5342 -1901.9 13357.3
5343 -1904.6 13559.7
5344 -1805.5 13762.4
5345 -1829.5 7284.8
5346 -1826.9 7082.3
5347 -7692.9 13619.6
5348 -1919.7 7284
5349 -1831 7481.7
5350 -1782 7489.2
5351 -1847.3 9311.5
5352 -1956.2 9321.4
5353 -1845.2 9154.1
5354 -1850.2 9515.3
5355 -1953.2 9515.2
5356 -1751.1 9717.4
5357 -1858.8 10124.2
5358 -7703.2 13316.9
5359 -1961.2 10123.7
5360 -1804.8 5059.7
5361 -1907.3 5059.1
5362 -1808.1 5261
5363 -1811.4 5464.4
5364 -1909.9 5261
5365 -1706.1 5261.1
5366 -1775.2 5464.5
5367 -1912.5 5464.3
5368 -1864.8 10514.8
5369 -7500.6 13319.1
5370 -1902.7 10994.6
5371 -1766.5 10866
5372 -1868.1 11038.5
5373 -1766.8 11039.2
5374 -1869.4 11136
5375 -1872.2 11338.7
5376 -1771.4 11338.6
5377 -1875 11541.5
5378 -1976.9 11541.5
5379 -1877.8 11744.5
5380 -7700.7 13208
5381 -1978.9 11744.7
5382 -1883.5 12146.9
5383 -1880.5 11946.5
5384 -1782.7 12146.8
5385 -1886.8 12348.5
5386 -1987.8 12349.3
5387 -1889.6 12549.5
5388 -1788.4 12550.3
5389 -1895.1 12954.9
5390 -1794 12955.3
5391 -7696.8 12912.2
5392 -1898.2 13143.4
5393 -1948.8 16578.7
5394 -1958.6 16976.6
5395 -1957 16826.3
5396 -1960.7 17178.6
5397 -1860.1 17180
5398 7683.4 -9597
5399 7783.7 -9596.5
5400 7686.1 -9800.3
5401 7783.2 -9495.2
5402 -7795.4 12707.8
5403 7970.5 -9595.6
5404 8001.9 -9595.4
5405 7972.5 -9696.8
5406 8000.8 -9495.1
5407 8545.8 -9591
5408 8548.5 -9794.1
5409 8601.1 -9590.6
5410 8647.9 -9590.2
5411 8602.9 -9793.7
5412 9309.8 -9584.9
5413 -7690.7 12506.5
5414 9411.4 -9584
5415 9308.3 -9384
5416 9511.7 -9583.2
5417 9411.3 -9785.4
5418 9510.5 -9382.4
5419 9613.2 -9582.4
5420 9614.6 -9783.5
5421 9611.8 -9381.6
5422 9748.2 -9688.4
5423 9948.4 -9486
5424 -7669 11291.8
5425 10301.8 -9375.5
5426 10168.4 -9320.6
5427 4894.2 -9629.7
5428 4896.6 -9833
5429 5027.8 -9627.5
5430 5024.5 -9425.6
5431 5159.8 -9625.4
5432 5161.5 -9828.5
5433 5559.8 -9618.7
5434 5662.5 -9617
5435 -7670.9 11392.6
5436 5664.5 -9819.9
5437 5762.7 -9615.4
5438 5760.7 -9413
5439 6063.3 -9610.4
5440 6165.7 -9608.7
5441 6163.6 -9406.4
5442 6266.1 -9607
5443 6268.6 -9809.6
5444 6368.9 -9605.3
5445 6370.5 -9807.9
5446 2814.1 5082.5
5447 -7667.1 11191.2
5448 7076.5 -9600.6
5449 7178.6 -9599
5450 7074 -9397
5451 2257.5 -969.1
5452 2090.9 -861.4
5453 -7373.8 5826.9
5454 -7410.4 6028.3
5455 -7413.8 6230.5
5456 -7416.6 6431.7
5457 -7320.2 6635.7
5458 -7467.1 11293.2
5459 -7423.6 6834.6
5460 -7466.2 14730.9
5461 -7473.2 14407.6
5462 -7290.8 7441.3
5463 -7293.2 7590.4
5464 -7394.5 7440.6
5465 -7397.1 7589.6
5466 -12006.3 10234.1
5467 -12010 10420.7
5468 -11903.7 10235.7
5469 -7665.3 11089.7
5470 -12106.4 10232.5
5471 -12018.7 10867.3
5472 -11916.8 10825.3
5473 -12119.8 10804.1
5474 -12022.5 11041.2
5475 -11817.5 10992.6
5476 -12026.5 11242.5
5477 -11920.2 11044.2
5478 -12124.6 11038.4
5479 -12030.5 11444.5
5480 -7663.2 10987.9
5481 -12128.7 11239.8
5482 -11924.6 11245.2
5483 -12034.5 11645.8
5484 -12132.8 11441.8
5485 -11928.9 11447.2
5486 -12136.9 11643.2
5487 -11933.3 11648.3
5488 7478.4 -4241.8
5489 7640.2 -4745.2
5490 7531.3 -5109.7
5491 -7463.4 11090.2
5492 7534.8 -5435.4
5493 7463.2 -5436.1
5494 7536.6 -5598.7
5495 7538 -5696.7
5496 7538.3 -5716.9
5497 7503.8 -5725
5498 7693.1 -11013.8
5499 7695.6 -11217
5500 7605.2 -11622.5
5501 7700.6 -11418.6
5502 -7867.4 11089
5503 7705.2 -11621
5504 7609.8 -12026.1
5505 7707.3 -11823.7
5506 7590.2 -12735.2
5507 7691.8 -12631.5
5508 7592.5 -12836.3
5509 7694.7 -12835.1
5510 7763.7 -8182
5511 7569.7 -8588.5
5512 7698.1 -8587.4
5513 -8505.7 12699.8
5514 7680.8 -9395.1
5515 7549.8 -8081.1
5516 7565.7 -7978.6
5517 7761.3 -8079.7
5518 7538.9 -5795.7
5519 7650.8 -5794.4
5520 7652.2 -5958.3
5521 7548 -6629.1
5522 7548.9 -6708.3
5523 7143.7 -6633
5524 -8605.3 12698.3
5525 7549.7 -6762.4
5526 7642.5 -6718.8
5527 7642.9 -6761.8
5528 7645.5 -6932.2
5529 7552.5 -7072.6
5530 7555.4 -7273.5
5531 7593 -7374.4
5532 7574.5 -14188
5533 7576.2 -14288.8
5534 7571 -13989
5535 -8402.7 12701.3
5536 7944.1 -14182.9
5537 7577.8 -14379.8
5538 -8211.5 15078
5539 -8212.8 15016.4
5540 -8363 15017.3
5541 -1963.4 10243.7
5542 -1963.3 10325.9
5543 -1927.7 10213.4
5544 807.1 7914.5
5545 -8614.9 15371.8
5546 -8499.2 12295.3
5547 -8703.7 15564.5
5548 -8801.3 15641.2
5549 -8764.6 15484.8
5550 -9127 15891.3
5551 -8862.7 15561.5
5552 -9289 15814.4
5553 -9083.6 15623.2
5554 -9326.6 16046.4
5555 -9465.2 16155.1
5556 -9545.9 16220.4
5557 2679.9 -126
5558 2634.4 5000.1
5559 -8508.9 12902.5
5560 -9524.6 16159
5561 -9658.9 16305.3
5562 -9598.7 16064.1
5563 -5764.7 13299.4
5564 -5866.3 13378
5565 -5760.3 13129.7
5566 -5968.9 13457.4
5567 -5967 13327.2
5568 -6249.8 13680
5569 -6216.9 13700
5570 -8397 12296.5
5571 -6082.5 13533.1
5572 -2830.1 10960.4
5573 -2831 10926.1
5574 -2862.2 11026.8
5575 -3190.8 11304.1
5576 -2986.1 11127
5577 -3293.5 11383.5
5578 -3189 11125
5579 -3395.1 11462.5
5580 -3482.7 11530.1
5581 -8496.1 12132.5
5582 -3395.2 11324.5
5583 -3499.6 11542.9
5584 -3600.8 11623.7
5585 -3601.1 11676.3
5586 -3599.7 11527.2
5587 -3736.3 11729.8
5588 -3870.8 11728.2
5589 -3732.8 11526.5
5590 -3872.4 11833.1
5591 -2371.6 10674.2
5592 -8466.3 10370.6
5593 -2372.4 10794.4
5594 -10026.9 16589.4
5595 -9753.9 16497.7
5596 -10418.3 16629.3
5597 -10303.1 16725.6
5598 -10416.6 16727.6
5599 -10418.1 16816.9
5600 -10551.4 16919
5601 -10643.3 16989.8
5602 -12032.4 14263
5603 -8255 10372.5
5604 -11800.4 14265.5
5605 -12213.8 14260.7
5606 -3644.1 -1440.8
5607 -3644.6 -1240.4
5608 -3743.9 -1441.8
5609 1533.1 -1377.3
5610 1026.1 -1382.8
5611 516.9 -1387.5
5612 620.6 -1589.1
5613 614.9 -1147.5
5614 -8457.9 10268.8
5615 519.6 -1590
5616 414.1 -1388.3
5617 410.6 -1189.1
5618 417.7 -1590.9
5619 314 -1389.1
5620 312.3 -1189
5621 212.1 -1389.4
5622 316.6 -1591.8
5623 190.4 -1205.4
5624 111.6 -1390.8
5625 -8468.5 10473
5626 89.5 -1246.2
5627 114.6 -1593.6
5628 10.5 -1391.9
5629 -81 -1392.4
5630 -12 -1287.3
5631 -105.3 -1325
5632 -77.7 -1595.4
5633 -139 -1392.9
5634 -2831.8 -1428.4
5635 -2934.4 -1429
5636 -8560 10267.6
5637 -2829.6 -1634.2
5638 -3035.5 -1432.3
5639 -2935.5 -1232.5
5640 -3136.5 -1433.6
5641 -3138.8 -1235.2
5642 -3239 -1434.3
5643 -3339.1 -1435
5644 -3341.5 -1237.9
5645 -3441.8 -1435.7
5646 -3439.1 -1770.5
5647 -8453.8 10219.1
5648 3042.6 -1317.5
5649 2960.8 -1318.2
5650 2840.4 -1319.3
5651 2959.2 -1137.2
5652 2841.6 -1429.4
5653 2839.4 -1227.1
5654 2638 -1321.8
5655 2639.3 -1432.7
5656 2637.3 -1264.8
5657 2237 -1468
5658 -8453.2 10168.9
5659 4394.9 -1350.8
5660 4257.1 -1659.4
5661 3797.3 -1357.4
5662 3751.2 -1358
5663 3872.2 -1356.8
5664 3649.3 -1359.1
5665 3044 -1427.9
5666 -12210.7 10230.8
5667 -12285.8 10229.6
5668 -12215.7 10417.4
5669 3097.8 4397.5
5670 -8428.2 8642.3
5671 -12314.7 10415.8
5672 -12320.4 10679.3
5673 -12223.3 10820.1
5674 -12323.3 10818.1
5675 -12226.5 11035.4
5676 -12327.9 11032.7
5677 -12230.5 11237.1
5678 -12234.5 11439
5679 -12332.2 11234.4
5680 -12238.5 11640.6
5681 -8436 9050.2
5682 -12336.5 11436.3
5683 -12340.7 11638.1
5684 3164.8 1035.2
5685 3152.3 979.6
5686 2891 1035.6
5687 2753.6 1033.6
5688 2754.4 957.2
5689 2482.6 1030.9
5690 2347.3 1030.1
5691 2348.4 952.5
5692 -8427.1 8528
5693 2346.2 1106.4
5694 2216 1029.1
5695 2217.2 951
5696 -1859.4 -5867
5697 -1961.3 -5868.6
5698 -2063.6 -5870.1
5699 -1958.5 -6071.1
5700 -2066.1 -5667.6
5701 -2165.1 -5871.7
5702 -2265.4 -5873.2
5703 -8327.8 8643.6
5704 -2162.5 -6073.7
5705 -2878.1 -5881.7
5706 -2880.6 -5677.2
5707 -2979.5 -5882.9
5708 -3082 -5884.1
5709 -3084.2 -5679.7
5710 -3183.6 -5885.4
5711 -3284.1 -5886.5
5712 -3287.7 -5682.2
5713 -3387.4 -5887.7
5714 -8638.5 8642.3
5715 -3488.8 -5888
5716 -3490.6 -5683.8
5717 -3590.4 -5888.4
5718 -3692.6 -5888.9
5719 -3588.6 -6089.2
5720 -3694.3 -5684.5
5721 -3794.2 -5889.2
5722 -3896.5 -5890.3
5723 -3796.8 -5684.9
5724 -3791.6 -6090.7
5725 -7622.7 8652.4
5726 -3998.4 -5890.9
5727 -3898.8 -5685.5
5728 -3995.3 -6091.6
5729 -4405 -5891.6
5730 -7045.3 -5919.2
5731 -7146.4 -5921.1
5732 -7047.4 -5813.4
5733 -6944.2 -5917.3
5734 -7451.1 -5926.7
5735 -7447 -6129.9
5736 -7521.5 8653.7
5737 -7551.4 -5928.4
5738 -7452 -5739.5
5739 -7349.8 -5924.9
5740 -7547.4 -6131.5
5741 -7652.2 -5930
5742 -7754.3 -5931.9
5743 -7654.6 -5780
5744 -7750.3 -6135.1
5745 -7855.3 -5933.7
5746 -7955.9 -5935.5
5747 -7723.2 8651.1
5748 -7957.6 -5839.7
5749 -7952.4 -6138.5
5750 -8065.1 -5937.5
5751 -8161.4 -5943.4
5752 -8260.1 -5941.2
5753 -8263.3 -5731
5754 -8154.5 -5904.6
5755 -8256.3 -6143.7
5756 -3085.5 3129.9
5757 -3071.1 2520.9
5758 -7619.5 8450.2
5759 -3024.5 2522.1
5760 -3068.9 2419
5761 -3286.2 2418.3
5762 -3022.9 2419.5
5763 -3066.6 2319
5764 -3065.8 2218
5765 -3019.6 2218.5
5766 -3063.7 2015
5767 -3181.5 2217.3
5768 -3016.2 2015.1
5769 -7626 8855.5
5770 -3061.4 1861.5
5771 -2875.1 2016.2
5772 -2877.6 2219.6
5773 -3021.3 2319
5774 -2677 2325.2
5775 -3080.1 3329.6
5776 1782.5 16827.5
5777 1750.7 17077.3
5778 1677 17077
5779 1748.4 17186.8
5780 4034.8 -151.1
5781 -1658.1 10327
5782 1575.6 17076.7
5783 1576 17029.5
5784 1574.3 17184.6
5785 1474.2 17029.3
5786 1583.1 16826.4
5787 1374.5 17029.1
5788 1477.7 16826
5789 1371.4 17230.5
5790 1157.3 16944.2
5791 362.8 17078.1
5792 -1659.7 10515.1
5793 369.1 16809.6
5794 -38.5 17003.9
5795 -136.7 16802
5796 -442.2 16998.7
5797 -440.2 16797.8
5798 -392.2 16999.3
5799 -844.6 16842.4
5800 -1045.8 16787.6
5801 -1252.2 17189.3
5802 -1246.8 16785
5803 -1728.8 10327.1
5804 -1351.5 16985.4
5805 -1451.8 16984
5806 -1349.1 16783.4
5807 -1454.4 17186.1
5808 -1553.5 16982.5
5809 -1550.7 16780.6
5810 -1655.3 16981
5811 788.3 17098.5
5812 786.9 17223
5813 790.1 16942.2
5814 -1555.5 10326.8
5815 -9901.5 17129.7
5816 194.7 -577.2
5817 200.5 -330.3
5818 -2782.6 -17834.4
5819 -2781.1 -17920.7
5820 -1814.5 -17743
5821 -2023.6 -17500
5822 -1820.3 -17497.6
5823 206.3 -17806.2
5824 23.7 -17808.9
5825 -3587.1 10541
5826 209.5 -17688.3
5827 151 -17990
5828 23.2 -17778.7
5829 26.3 -17982.2
5830 4455.5 -17733.2
5831 4627.4 -17630.7
5832 4459 -17934.6
5833 4453.8 -17632.4
5834 4055.1 -17736.7
5835 3954.1 -17737.6
5836 -3589.3 10717
5837 4051.4 -17534.2
5838 3854.2 -17738.6
5839 3957.7 -17939.7
5840 3850.5 -17536.2
5841 3455.9 -17944.7
5842 22.4 -17725
5843 -81.9 -17779.7
5844 -181.9 -17780.7
5845 -284.2 -17784
5846 -178.7 -17984.2
5847 -3665.6 10606.6
5848 -280.9 -17985.3
5849 -400.7 -17783.6
5850 -487.4 -17784.2
5851 -590.3 -17784.8
5852 -491 -17582.2
5853 -691.8 -17785.5
5854 -695.6 -17583
5855 2848.6 -17857.9
5856 2845.1 -17656.7
5857 -13126.9 14250.2
5858 -3554.4 10514.7
5859 -13228.4 14249
5860 -13026.8 14251.4
5861 -13126.3 14400.4
5862 -13226.5 14399.5
5863 -1047.1 8058.9
5864 -997.9 8018
5865 781.2 2048
5866 576.1 2046
5867 172.5 1940
5868 170.5 2041.9
5869 -3586.9 10511.2
5870 5945.4 -15998
5871 6069.3 -15996.5
5872 5946.7 -16099.4
5873 6085.6 -15895.1
5874 6147.1 -15994.9
5875 6129.1 -16096.1
5876 6250.3 -15993.4
5877 6165 -15893.9
5878 6453.3 -15990.8
5879 6251.3 -16095.1
5880 -3584.2 10312.4
5881 6454.6 -16092.3
5882 6451.9 -15889.6
5883 2838.7 -9882.1
5884 2739.2 -9883.3
5885 2940.7 -9880.8
5886 2942.8 -10062.9
5887 2846.1 -10467.3
5888 2848.6 -10669.8
5889 2748.9 -10671.1
5890 2949.7 -10668.7
5891 3801.9 -75.8
5892 -3581.7 10109.6
5893 2953 -10871
5894 2858.5 -11276
5895 2858.2 -11479.2
5896 2758.8 -11480.4
5897 2958.8 -11478
5898 2861.3 -11681.3
5899 2761.6 -11682.4
5900 2962.4 -11680.2
5901 2967.3 -11883
5902 2869.7 -12186.3
5903 -3585.8 10413.8
5904 2869.6 -12286.6
5905 2969.8 -12285.1
5906 2871.9 -12489.5
5907 2995.3 -12480.7
5908 2677.7 1553.5
5909 2848.6 1465.2
5910 2794 -6022.7
5911 2796.3 -6224.3
5912 2792.1 -5862.6
5913 2693.4 -6023.9
5914 -3787.6 10310.8
5915 2798.7 -6427.3
5916 2897.3 -6223.2
5917 2801 -6627.9
5918 2698.1 -6428
5919 2899.8 -6426.3
5920 2700.4 -6629.2
5921 2902.3 -6626.7
5922 2905.3 -6830
5923 2830.6 -7330.1
5924 2916 -7226.6
5925 -3481.8 10313.4
5926 2811.5 -7435.8
5927 2807.2 -7234.9
5928 2777.9 -1773.7
5929 2778.7 -1887.7
5930 2643.3 -1775.1
5931 2845.3 -1773
5932 2644.4 -1889.5
5933 2780.6 -2003.1
5934 2913.6 -2001.7
5935 2785.7 -2465.6
5936 -3580.5 10009.2
5937 2918.3 -2464.1
5938 2651.5 -2467.1
5939 2853.1 -18107.3
5940 2853.8 -18151.9
5941 3066.8 -18755.3
5942 2887.8 -13521.5
5943 2986.7 -13308.4
5944 2893.2 -13903.6
5945 2890.8 -13733.9
5946 2792 -13910.3
5947 -3785.2 10108.1
5948 2916.2 -15724.5
5949 2813.9 -15725.1
5950 2919.3 -15927
5951 2816.9 -15927.6
5952 3020.3 -15926.4
5953 2922.4 -16129.2
5954 2925.4 -16331.7
5955 3023.6 -16128.4
5956 3027 -16330.8
5957 2953.1 -17020.8
5958 -3480 10110.5
5959 3037.3 -17039.9
5960 2750.7 1263
5961 2672.9 1262
5962 2851.1 1264.3
5963 2751.8 1186.9
5964 2617.3 1185.7
5965 2889.4 1193.5
5966 2752.2 1154.5
5967 2752.9 1111.3
5968 2685.9 1110.5
5969 -3568.5 9095.5
5970 2688.4 956.4
5971 2996.5 -20605.7
5972 3003.1 -20901.1
5973 2897 -20633
5974 3097.7 -20573.1
5975 2902.1 -20902.2
5976 3104.4 -20900.6
5977 2784.8 -5212.9
5978 2885.6 -5211.5
5979 2788.2 -5428.1
5980 -3571.6 9300.6
5981 2912.1 -7434.3
5982 2815.8 -7840.8
5983 2919.2 -8041.3
5984 2827.7 -8850.8
5985 2927.4 -8849.5
5986 2829.9 -9052.4
5987 2930 -9051.2
5988 2729.5 -9053.9
5989 2832.2 -9254.6
5990 2732 -9256
5991 -3467.3 9097.6
5992 2932.7 -9253.3
5993 2834.5 -9456.1
5994 2734.4 -9457.3
5995 2935.4 -9454.9
5996 2836.7 -9658.7
5997 2938 -9657.3
5998 2737 -9660
5999 2838.4 -9810.6
6000 2738.8 -9811.9
6001 2940 -9809.2
6002 5670.3 704.9
6003 -3975.3 9089.7
6004 2895.6 -14144.1
6005 2996.6 -14142.8
6006 2797.6 -14335.5
6007 2998.8 -14334.1
6008 2901.2 -14612.6
6009 3039.1 -17139.9
6010 2937.6 -17140.7
6011 2941.9 -17343.1
6012 2837.1 -17141.5
6013 3041.9 -17342.1
6014 -3565.4 8894.6
6015 2590.5 -5865.2
6016 2592.4 -6025.1
6017 2691.6 -5863.9
6018 2594.7 -6226.5
6019 2491.1 -6026.2
6020 2597.1 -6429.6
6021 2695.7 -6225.4
6022 2599.4 -6630.4
6023 2496.9 -6430.1
6024 2498.4 -6631.6
6025 1648.2 -820.3
6026 2601.6 -6833.5
6027 2505.9 -7239.3
6028 2608.2 -7438.5
6029 2513 -7843.6
6030 2615.5 -8045.3
6031 2626.7 -8853.3
6032 2523.2 -8652.2
6033 2629.2 -9055.2
6034 2727 -8852
6035 2528.4 -9056.5
6036 1422.1 -986.4
6037 2631.4 -9257.3
6038 2530.2 -9258.6
6039 2633.6 -9458.4
6040 2533.1 -9459.6
6041 2635.8 -9661.3
6042 2535.1 -9662.7
6043 2638.3 -9884.6
6044 2640.6 -10066.8
6045 2537.6 -9885.9
6046 2648 -10672.6
6047 1721.6 -774.5
6048 2544.2 -10470.7
6049 2546.5 -10673.7
6050 2649.5 -10874.5
6051 2657.5 -11481.7
6052 2660.3 -11683.5
6053 2557.5 -11482.9
6054 2560.2 -11684.5
6055 2663.1 -11885.1
6056 2567.5 -12290.4
6057 2670.2 -12492.3
6058 1836.3 -974.3
6059 2676.7 -12897.5
6060 2679.9 -13099.9
6061 2575.7 -12898.6
6062 2682.4 -13302
6063 2578.4 -13100.9
6064 2781.4 -13098.8
6065 2581 -13302.9
6066 2749.8 -13301.4
6067 2536.9 -1266.5
6068 2436.4 -1268.3
6069 3065.8 -3387.7
6070 2693.9 -14146.6
6071 2795.3 -14145.4
6072 2696 -14336.2
6073 2699.1 -14625
6074 2578.6 -4811.9
6075 2580.6 -5014.4
6076 2582.7 -5219.1
6077 2479.6 -5015.6
6078 2584.6 -5419.3
6079 2684.3 -5215.7
6080 3166.8 -3386.3
6081 2586.6 -5620.7
6082 2483.9 -5420.6
6083 2588.6 -5822.3
6084 2488.2 -5823.6
6085 2740.1 -17457.8
6086 2638.9 -17458.7
6087 2743.2 -17657.7
6088 2642.1 -17658.7
6089 2746.3 -17851.1
6090 2747.9 -17951.7
6091 3063.5 -3233.7
6092 2751.2 -18153
6093 2646.7 -17952.7
6094 2850.3 -17950.7
6095 2649.8 -18154.1
6096 2653.4 -18356.1
6097 2463.4 1359.8
6098 2210.9 1356.3
6099 2344.1 1257.8
6100 2480.7 1184.4
6101 2345.3 1183.1
6102 3067.6 -3539.2
6103 2484.5 876.1
6104 2485.4 799.2
6105 2487.3 654.2
6106 2622.6 801.6
6107 2773 -19365.1
6108 2671.1 -19366.3
6109 2836.4 6747.5
6110 2707.5 6708.5
6111 2938.4 6748.6
6112 2834.9 6870.3
6113 5554.7 147
6114 452.3 -4222
6115 2839.1 6627.3
6116 2779.9 6590.9
6117 2345 6484.6
6118 2259.7 6431.4
6119 2336.3 6693.6
6120 2238.7 6717.6
6121 2332.6 6316.1
6122 -9992.1 13611.3
6123 -9873.1 14677.5
6124 -9868.4 14950.8
6125 453.7 -4426
6126 -9960.9 15125.9
6127 -9864.5 15126.4
6128 1014.4 4925.2
6129 1075.3 5088
6130 3968.6 -14200
6131 3804.4 -14202.3
6132 3969.7 -14301.9
6133 3803.2 -14101.5
6134 -583.1 -10706.9
6135 -684.7 -10708.6
6136 299.9 -4223.4
6137 -582.3 -10807.3
6138 -380.4 -10804.8
6139 -581.5 -10909.1
6140 -379.2 -10906.4
6141 -579.2 -11212.6
6142 -576.8 -11516.4
6143 -671 -11517.7
6144 -488.2 -11515.4
6145 -747.5 2014
6146 -747.3 2057.2
6147 552.8 -4222.1
6148 -738.9 1880.2
6149 -739.6 1704.6
6150 -639.1 1705.3
6151 -740.8 1629.3
6152 -841 1627.8
6153 -638.3 -6253.7
6154 -739.6 -6255.2
6155 -635.7 -6455.8
6156 -533.8 -6454.4
6157 -633.2 -6659.3
6158 47.6 -4225.2
6159 -734.6 -6660.7
6160 -531.6 -6658
6161 -625.5 -7266
6162 -521.9 -7468.4
6163 -646.8 -7469.5
6164 -617.4 -7878.4
6165 -718.6 -7879.1
6166 -514.6 -8075.1
6167 -565.8 -15760.1
6168 -564 -15860.7
6169 -109.3 -4226.1
6170 -317.1 -15758.8
6171 -692.4 -15756.5
6172 -562.1 -15963.1
6173 -558.4 -16167.2
6174 -314 -15961.4
6175 -556.6 -16268.1
6176 -554.7 -16368.6
6177 -614.2 -16369
6178 -510.8 -16368.3
6179 -529.1 -15355
6180 219.5 -4224.2
6181 -655.1 -4836.6
6182 -756.8 -4838.1
6183 -553.4 -4835.2
6184 -652.8 -5039.4
6185 -754.3 -5040.8
6186 -550.9 -5037.9
6187 -650.4 -5242.1
6188 -751.9 -5243.5
6189 -648 -5444.3
6190 -546.1 -5442.8
6191 48.5 -4326.7
6192 -645.6 -5646.8
6193 -746.9 -5648.2
6194 -640.2 -6051.8
6195 -538.8 -6050.3
6196 -643.2 -5848.3
6197 -605.7 -8884.4
6198 -507.3 -8681.4
6199 -707.2 -8885.5
6200 -504.9 -8883.2
6201 -603.4 -9086.9
6202 -1069.3 -4234.8
6203 -601.1 -9289.7
6204 -704.9 -9088.3
6205 -502.5 -9085.6
6206 -598.8 -9491.4
6207 -702.9 -9291
6208 -500.1 -9288.3
6209 -596.7 -9684.4
6210 -497.7 -9490
6211 -700.3 -9492.8
6212 -595.4 -9784.2
6213 -1171.1 -4236
6214 -698.1 -9685.7
6215 -494.9 -9688.1
6216 -675.2 -2717.9
6217 -674.4 -2809
6218 -581.9 -2716.8
6219 -672.4 -2979.4
6220 -578.4 -2978.3
6221 -677.8 -3221.7
6222 -575.2 -3220.5
6223 -674.1 -3423
6224 5961.9 -265.1
6225 -966.7 -4233.6
6226 -776.4 -3424.3
6227 -670.4 -3625
6228 -773.6 -3626.3
6229 -569.9 -3623.8
6230 -668.2 -3826.5
6231 -567.3 -3825.1
6232 -770.8 -3827.8
6233 -665.3 -4031
6234 -768 -4032.2
6235 -396.5 -16367.6
6236 -2080.9 -4246
6237 -498.2 -17179.1
6238 -600.5 -17179.8
6239 -383 -17178.2
6240 -494.6 -17380.4
6241 -597.1 -17381.3
6242 -405.6 -17379.6
6243 -593.7 -17582.6
6244 -403.1 -17581.8
6245 6381.1 -2824.2
6246 6300.9 -2820.6
6247 -2084.6 -4045.4
6248 6472.7 -3137.9
6249 6303.6 -3045.9
6250 6478 -3214.6
6251 6304.8 -3141.1
6252 6517.7 -3214.2
6253 6305.6 -3216
6254 6488.1 -3340.5
6255 6489.2 -3542.5
6256 6306.9 -3342.5
6257 6527.6 -3340.1
6258 -1981.2 -4245.1
6259 6308.6 -3543.5
6260 6492.3 -3743.5
6261 6494.1 -3945.9
6262 6532.5 -3743.1
6263 6310.2 -3746
6264 6311.7 -3948.3
6265 6494.7 -4148.4
6266 6535.6 -4147.8
6267 6496.8 -4349.5
6268 6718.1 -4146.9
6269 3168.4 449.6
6270 6534.3 -3946.2
6271 6716.2 -3944.5
6272 6714.1 -3741.7
6273 6710.2 -3338.1
6274 6708.9 -3212.6
6275 6382.7 -2732.8
6276 6551.7 -2772.8
6277 -8782.6 16215.2
6278 -8943.8 16337.6
6279 -9133.8 16421.9
6280 -2627.5 -4251.1
6281 -6630.6 4587.9
6282 -6636.7 4414.5
6283 -6504.1 4586.6
6284 -7051.5 4577.2
6285 -7353 4577.7
6286 6218.3 -13727.1
6287 6417.9 -13864.4
6288 5607 -13316.5
6289 5831.5 -13466.5
6290 5606 -13251.5
6291 -2586.1 -4250.7
6292 4470.9 -807.1
6293 4461.5 -614.8
6294 -2031.5 -610.6
6295 -2130.9 -814.7
6296 -2233 -613.3
6297 -2535.3 -820.5
6298 -2640.1 -618.6
6299 -2942.2 -826.3
6300 -2944.5 -622.6
6301 -3041.2 -827.7
6302 -2582.7 -4216.4
6303 -3145.8 -625.2
6304 -3244.9 -830.6
6305 -3348.4 -627.8
6306 -3449.8 -629.1
6307 -3548.2 -834.2
6308 -3651.3 -630.9
6309 -3752.5 -631.5
6310 -3850.4 -836.4
6311 -3954 -632.9
6312 -4053 -837.9
6313 -813 -2787.6
6314 -4156.3 -634.3
6315 -4458.9 -637.6
6316 3742.6 -548.6
6317 3639.5 -549.6
6318 3341.1 -958.2
6319 3858.5 -707.5
6320 4083.4 5798
6321 3960.8 5796.6
6322 4081.7 5885
6323 4085 5711.2
6324 -776.8 -2837.3
6325 3836.6 5795.2
6326 3838.5 5708.6
6327 3555.7 5824.5
6328 3507 5823.4
6329 3509.4 5703.6
6330 3456.3 5822.3
6331 3457 5787.8
6332 -2009.9 5058.4
6333 -2006 4880.9
6334 -2012.1 5260.3
6335 4978.7 144.6
6336 -726.5 -2718.1
6337 -2113.1 5259.7
6338 -2014.3 5463.8
6339 -2110.2 5463
6340 -2089.2 12348.8
6341 -2092.3 12549.6
6342 -2190.2 12349.3
6343 -2097.5 12953.9
6344 -2100.2 13143.2
6345 -2071.2 9415.4
6346 -2054.7 9515.1
6347 -891.4 -2850.7
6348 -2155.7 9513.8
6349 -2157.3 9720
6350 -1956.1 9718.6
6351 -2062.4 10123.3
6352 -2116.6 14368.3
6353 -2059.6 7282.8
6354 -2063.2 7483.2
6355 -2195.2 7281.6
6356 -2065.3 7686.2
6357 -2069.1 7888.6
6358 -589.5 -2611.7
6359 -1926.3 7687.1
6360 -2201 7685.2
6361 -2090.1 7888.4
6362 -1929.9 7889.6
6363 -2075.9 11337.4
6364 -2078.3 11540.5
6365 -2073.8 11152.9
6366 -2176.7 11337.1
6367 -1974.8 11338.8
6368 -2080.7 11743.6
6369 -784.9 -2619.8
6370 -2179.4 11539.4
6371 -2083.1 11945.8
6372 -2085.5 12146.3
6373 -2187.2 12147.8
6374 -2104.8 13357.1
6375 -2205.8 13356.5
6376 -2107.4 13558.9
6377 -2110 13760.7
6378 -2201.6 7887.7
6379 -2096.6 8295.6
6380 1583.2 -5876
6381 -1978.4 8296.6
6382 -2120 9106.4
6383 -2112.8 9318.8
6384 -2240.8 9105.6
6385 -1990.5 9098
6386 4816.6 -3364.1
6387 4682.7 -3365.9
6388 4952.1 -3362.2
6389 4819 -3564.5
6390 5085.5 -3360.4
6391 1584.9 -6036.8
6392 5595.7 -3353.3
6393 5490.6 -3256.5
6394 5694.1 -3351.8
6395 6101.5 -3345.6
6396 6103.4 -3547.3
6397 6099.5 -3146.1
6398 6203.4 -3344.1
6399 6712.2 -3540.5
6400 6811.7 -3337
6401 6813.5 -3539.5
6402 1683.1 -5875
6403 6912.5 -3335.9
6404 6811.1 -3211.7
6405 6913.6 -3538.4
6406 6957.1 -3335.5
6407 6913.7 -3253.8
6408 7005.2 -3211
6409 5583.1 -635.6
6410 5581.7 -529.8
6411 2480.1 5510.8
6412 2481.8 5373.9
6413 370.9 -5885.4
6414 2463.5 5604.3
6415 2560.7 5512.2
6416 1750.1 5500.3
6417 1653.1 5498.9
6418 1751.2 5398.9
6419 1833 5501.6
6420 1747.6 5703.7
6421 632.5 5686.7
6422 533.6 5483.7
6423 531.9 5585.3
6424 372.9 -6046.9
6425 332 5480.6
6426 535.2 5383.8
6427 330.5 5582.5
6428 -687.4 5570.3
6429 -890.7 5366.7
6430 -1094.5 5364.7
6431 -1098.3 5668.3
6432 -1199.9 5468.2
6433 -1300.9 5467.5
6434 -1202.7 5736.9
6435 471.6 -5884.6
6436 -1361.5 5467.1
6437 -1514.7 5465.5
6438 -1425.4 5502.2
6439 -1094.1 5319.3
6440 -1574.1 5465.2
6441 -1551.6 5465.2
6442 -1685.6 5464.7
6443 -1568 5061.3
6444 -1714.8 5659.4
6445 -1919.1 5771.4
6446 4690 108.9
6447 -137.9 -5840.4
6448 -2191.3 5462.5
6449 -2215.5 5259.7
6450 -2524.4 5664.4
6451 -2824.6 5460
6452 -2828 5663.4
6453 -3230.2 5458.7
6454 -3330.6 5458.2
6455 -3227.1 5254.8
6456 -3432 5457.7
6457 -3333.1 5661.8
6458 -86 -5875.1
6459 -3533.5 5456.8
6460 -3429.1 5254
6461 -3536.9 5661.2
6462 -3635.8 5455.4
6463 -3531 5253.3
6464 -3737.8 5453.7
6465 -3638.4 5659.6
6466 -3840.4 5451.9
6467 -3842.9 5656.4
6468 -3942.9 5450.2
6469 -139.5 -5688.8
6470 -4044.4 5448.5
6471 -4045.3 5501.9
6472 -4146.6 5446.7
6473 -4249.7 5445
6474 -4352.1 5443.2
6475 -4352.6 5548.4
6476 -4556.9 5440.1
6477 -4558 5547.4
6478 -4660 5438.6
6479 -4761.2 5437.8
6480 -136.7 -5892.1
6481 -4811.2 5434.8
6482 -4802.6 5330.8
6483 -4981.4 5433.5
6484 -4982 5539.1
6485 -5170.2 5430.5
6486 -4979.4 5327.1
6487 -5373.9 5430.4
6488 -5244.4 5430.3
6489 -5450.9 5430.9
6490 -5374.7 5536
6491 -283.9 -5842.7
6492 -5371.9 5325
6493 -5677.5 5430.2
6494 -5575.9 5430.3
6495 -5780.2 5430.6
6496 -5778.2 5324.2
6497 -5881.5 5430.6
6498 -5883.2 5632.1
6499 -5978.3 5214.9
6500 -6292.3 5428.5
6501 -6289 5214.8
6502 3029 961
6503 -6401 5428.3
6504 -6402.8 5529.7
6505 -6524.5 5428.2
6506 -6520.6 5214.7
6507 -6642.6 5428.1
6508 -6638.5 5214.6
6509 -6790.6 5214.5
6510 -6796.8 5528.3
6511 -7366.1 5319.6
6512 -7540.4 5420.1
6513 2981.1 960.3
6514 7757.3 -7777.6
6515 7963.9 -7777.7
6516 7600.4 -7778.8
6517 5741.7 -7796.5
6518 5740 -7595.7
6519 5840.4 -7795.2
6520 6143.4 -7791.1
6521 6145.4 -7992.1
6522 6242.6 -7789.7
6523 6240.3 -7587.9
6524 3027.9 1032.6
6525 6347.3 -7788.3
6526 6345.6 -7586.2
6527 6349.4 -7988.8
6528 6449.4 -7787.6
6529 6802.3 -7784.3
6530 6798.8 -7380.5
6531 6854.7 -7985.3
6532 7054.9 -7781.5
6533 7057 -7983.9
6534 -3426.5 -3252.4
6535 3029.8 887.4
6536 -3427.7 -3089
6537 -3426 -3315.3
6538 3670.8 -3177.6
6539 3367.3 -3231.7
6540 1451.4 -3205.2
6541 -1391.6 -3231.7
6542 -1595.3 -3234.3
6543 -1391.2 -3254.4
6544 -1393.3 -3131.1
6545 -119.6 -3215.7
6546 3029.1 57.6
6547 -118.5 -3315.9
6548 -121.6 -3012.8
6549 -168.1 -3215.6
6550 -173 -2817
6551 -165.7 -3416.9
6552 -273.3 -3216.9
6553 -271 -3418.2
6554 -373.4 -3218.1
6555 -377.6 -2817.9
6556 -474.2 -3219.3
6557 4661.7 57
6558 3030 -150.5
6559 -471.8 -3420.6
6560 -572.6 -3421.8
6561 -576.9 -3094.1
6562 -779.1 -3222.9
6563 -1185.4 -3228
6564 -1221.4 -3116.4
6565 -1289 -3229.3
6566 -1285.7 -3430.4
6567 477.1 424.9
6568 394.5 424
6569 3114.1 111.7
6570 598.7 426.2
6571 591.9 -7464.2
6572 599.8 -8066.3
6573 612.5 -9277
6574 610.2 -9074.4
6575 511.3 -9277.1
6576 713.9 -9276.4
6577 614.7 -9478.5
6578 513.6 -9479.3
6579 716.2 -9477.8
6580 2964.9 17.6
6581 617.1 -9683.8
6582 515.9 -9684.1
6583 673.5 -9683.7
6584 454.5 3716.8
6585 453.9 3862.6
6586 352.2 3716
6587 455.7 3576.7
6588 647.3 -15268.3
6589 655.8 -15344.5
6590 709 -15952.3
6591 3035 395.1
6592 710.8 -16057.1
6593 598.1 -15954.2
6594 712.5 -16156.9
6595 862.1 -16055.2
6596 707.4 -16360.2
6597 600 -16157.5
6598 848.9 -16357.9
6599 556.9 -4626.4
6600 558.9 -4828.5
6601 660.3 -4828.3
6602 3034.5 -558.3
6603 560.9 -5029.7
6604 662.3 -5028.7
6605 562.6 -5385.8
6606 562.6 -5438.9
6607 465.6 -5386.5
6608 666.9 -5384.8
6609 522.5 -1793.6
6610 524.5 -1993.4
6611 421.2 -1794.5
6612 624 -1792.4
6613 3032.3 -354.7
6614 527.6 -2197.1
6615 423.7 -1994.6
6616 626.3 -1993.4
6617 569.2 -5637.9
6618 571.7 -5842.4
6619 469.9 -5843.4
6620 574.1 -6044.7
6621 577.4 -6247.8
6622 572.4 -5883.9
6623 473.7 -6045.6
6624 2755.3 -592.3
6625 676.5 -6044.5
6626 580.2 -6450.3
6627 476.3 -6248.2
6628 679 -6246.7
6629 478.9 -6451
6630 681.5 -6449.6
6631 703.6 -16612.9
6632 652.1 -16583.2
6633 813.4 -16672.4
6634 668.9 -13931.6
6635 3135.5 -554.6
6636 601 -13932.1
6637 672.8 -14133.3
6638 773.9 -14132.3
6639 570.9 -14134.6
6640 630.7 -10694.2
6641 526.5 -10492.8
6642 731.5 -10692.6
6643 510.1 2376
6644 508.3 2507.2
6645 568.1 2376.8
6646 3036.9 -758.5
6647 420.2 2374.8
6648 637.9 -11503.6
6649 640.2 -11705.7
6650 539.9 -11706.7
6651 741.6 -11704.7
6652 5275.2 -18837.5
6653 5273.8 -18736.3
6654 -1137.8 -11523.9
6655 -1083 -11523.2
6656 -1184.2 -11524.5
6657 3039.3 -961.2
6658 -1283.1 -12331
6659 -1091.2 -10724.5
6660 -1182.8 -3429.1
6661 -1179.9 -3631.1
6662 -1282.4 -3632.4
6663 -1177 -3833.2
6664 -1279.2 -3834.5
6665 -1174 -4034.7
6666 -1275.9 -4035.8
6667 -1159.6 -5046.4
6668 2546.5 -171.4
6669 4261.9 9815.7
6670 2951 -962.1
6671 -1261.7 -5047.7
6672 -1156.8 -5249.3
6673 -1259.2 -5250.7
6674 -1154 -5452.1
6675 -1256.6 -5453.3
6676 -1151.3 -5654.3
6677 -1254.1 -5655.9
6678 -1146 -6059.7
6679 -1148.5 -5855.9
6680 -1045.1 -6058.1
6681 3041 -1136.7
6682 -1143.6 -6261.1
6683 -1246.5 -6262.7
6684 -1141.1 -6462.7
6685 -1040.1 -6461.3
6686 -1138.6 -6666
6687 -1241.4 -6667.3
6688 -1238.6 -6868.8
6689 -1131.2 -7272.1
6690 -1230.1 -7476.4
6691 -1123.8 -7879.5
6692 3139.9 -960.2
6693 -1019.8 -8080.5
6694 -1112 -9094
6695 -1110.1 -9296.5
6696 -1107.2 -9498.2
6697 -1211.9 -9297.9
6698 -1209 -9499.6
6699 -1202.7 -1815.9
6700 -1200.4 -2017.3
6701 -1301.1 -2019
6702 -1098.2 -2015.8
6703 3047 -1770.7
6704 -1400.9 -2123.5
6705 -1396.3 -2529
6706 -1398.6 -2630.6
6707 -1195.7 -2726
6708 -1400.2 -2731.3
6709 -1193.9 -2825
6710 -1299.5 -2928
6711 -1427.5 -195.3
6712 -1277.1 3777.7
6713 -1183.3 3811.6
6714 3148.5 -1769.7
6715 -1373.7 3282.4
6716 -1262.3 2482.2
6717 2876 4818.3
6718 2777.7 4817.1
6719 2872.1 5183.4
6720 2871.1 5239.9
6721 2769.3 5182.1
6722 2943.3 5183.8
6723 2869.1 5294
6724 2767.8 5239.2
6725 2911.3 -1772.3
6726 2868 5376.5
6727 2843.7 5373
6728 2867.9 5342.2
6729 2868 5424.5
6730 2795.5 5516.6
6731 2808.4 5423.5
6732 2781.3 4698.5
6733 9443.7 -13422.7
6734 9544.8 -13421.6
6735 9447.3 -13625.8
6736 3046.1 -1656.8
6737 9548.9 -13624.7
6738 9407.9 -9180.5
6739 9509.3 -9179.7
6740 9409.6 -9383.2
6741 9413 -9987.6
6742 9512.8 -9784.5
6743 9414.7 -10188.9
6744 9514.6 -9986.7
6745 9421.9 -11198
6746 9522.6 -11196.9
6747 3048.2 -1885.9
6748 9423.2 -11399.6
6749 9523.4 -11398.4
6750 9423.3 -11600.6
6751 9424.8 -11803.4
6752 9524.3 -11600
6753 9532.7 -12406.2
6754 9429.3 -12410.3
6755 9433.2 -12612.2
6756 9534.1 -12611
6757 9536.7 -12813.3
6758 3055 -2580.7
6759 9431.2 -15239.6
6760 9462.9 -8168.2
6761 9328.8 -8372.2
6762 9467.6 -8573.3
6763 9470 -8776.3
6764 9471.2 -8879.3
6765 9586.1 -14283.7
6766 9548 -14503.7
6767 9466.6 -14501.6
6768 2482.4 5300
6769 3057.1 -2676.4
6770 2527.2 5333
6771 2150.9 5910.3
6772 1126 6556.8
6773 1125.2 6706.2
6774 1173.1 6515.8
6775 730.5 6901.3
6776 692.8 6933.4
6777 285.2 7290.6
6778 211.1 7356
6779 184.7 7379.6
6780 4241.8 9860.7
6781 2652.8 -2585.8
6782 -778.5 8204.4
6783 -2211.1 9400.4
6784 -2135.4 9336.8
6785 -3145.2 10176
6786 -3410.4 10396.6
6787 -4468.8 11276.9
6788 -4511 11309.7
6789 -4557.5 11347.2
6790 -4714.8 11477.8
6791 -4659.1 11314.3
6792 3054.1 -2462.5
6793 -4776 11529.5
6794 -4635.2 11413.7
6795 -4855.3 11595.8
6796 -4880.5 11616.3
6797 -4811.2 11558.7
6798 -4859.1 11515.7
6799 -5548.7 12019.5
6800 -5240.8 12121.1
6801 -5655.5 12827.5
6802 -5963.9 13128
6803 3157 -2579.9
6804 -6117.6 13184.2
6805 -6081.9 13325.5
6806 -6177.9 13278.9
6807 -6384.3 13379
6808 -6538.8 13837.7
6809 -6633.8 13774.1
6810 -6574.9 13893.2
6811 -6517.2 13806.3
6812 -7879.4 15852
6813 -7804.8 15905.3
6814 3075.3 -4199.1
6815 -7937.7 15937.5
6816 -8466.1 16694.8
6817 -8801.3 17024.8
6818 4332.2 5683.9
6819 4210.5 5682.5
6820 4331.1 5767.9
6821 4453.6 5769.5
6822 4326.5 6113.6
6823 4206.5 5970.4
6824 785.6 17323.8
6825 3073 -3997.9
6826 1006.6 17427.9
6827 983.1 17524.3
6828 1165.8 17527.7
6829 956.3 17630.7
6830 1164.1 17633.6
6831 881.6 17629.8
6832 851.3 18305.9
6833 836.9 18442.7
6834 867.3 18171.6
6835 1026.7 18308.6
6836 3076.6 -4302.3
6837 -3266.1 16762.9
6838 6736 -3034.5
6839 6814 -3029.5
6840 6892.8 -3211.4
6841 6816.6 -3740.9
6842 6916.7 -3740.1
6843 -7683.8 12101.5
6844 -7687.2 12302.9
6845 -7699.5 13114.1
6846 -7611.2 7994.9
6847 2672.8 -4203.2
6848 -7528.1 9059.8
6849 -7632.5 9261.3
6850 -7635.8 9465.7
6851 -7645.5 10072.6
6852 -7407.8 18330.7
6853 -7532.3 18231.4
6854 -7406.1 18437.4
6855 -7591.6 18329.6
6856 -7634.1 16023.6
6857 -7735.8 16024.7
6858 3176.1 -4197.6
6859 -7635.2 16372.1
6860 -7732.5 16190.1
6861 -7494.6 7238
6862 -7598.6 7237.2
6863 -7498.3 7439.8
6864 -7601.9 7439.1
6865 -7501.1 7588.4
6866 -7604.3 7587.7
6867 -7770.2 14611.8
6868 -7674.3 14409.4
6869 3085.1 -5008.4
6870 -7468.9 4406
6871 -7664.4 14881.7
6872 -7635.8 15494.5
6873 -7638.6 15616.4
6874 -7651.1 15518.4
6875 -7720.7 15619
6876 -7636.1 15800.8
6877 -7516 15719.2
6878 -7635.8 15821.9
6879 -7740.2 15823.2
6880 3187 -5007
6881 -7634.4 15923
6882 -7522.8 15846.1
6883 -7736.3 15995.4
6884 -7509.1 5825.7
6885 -7407.1 5826.6
6886 -7511.9 6027.2
6887 -7514.8 6229.3
6888 -7591.9 6228.4
6889 -7517.6 6430.8
6890 -7520.5 6633.7
6891 3912 10250.2
6892 3084 -4907.6
6893 -7419.8 6634.4
6894 497.4 -15955
6895 500.2 -16157.7
6896 396.9 -15956.5
6897 399.8 -16159.3
6898 297.2 -15958.6
6899 196.9 -15959.9
6900 300.5 -16160.4
6901 95.7 -15961.8
6902 200.2 -16162.5
6903 3086.3 -5110.1
6904 -4.7 -15961
6905 99.8 -16163.9
6906 -1.5 -16163.8
6907 -111.9 -15960.1
6908 -5.3 -15921.2
6909 -214.2 -15960.2
6910 -108.7 -16162.3
6911 -210.9 -16162.4
6912 -311 -16163.6
6913 -315.6 -15859.7
6914 2883.2 -5010.8
6915 -1261 -15967.8
6916 -1265 -15764.1
6917 -1351 -15968.4
6918 -1347.2 -16170.3
6919 -1449.9 -15969
6920 -1446.7 -16171.7
6921 -1547.5 -15969.7
6922 -1543.9 -16173.1
6923 -1745.8 -15971.1
6924 -1848.6 -15971.9
6925 3096.7 -6022.6
6926 -1846.6 -16073.8
6927 -1853.1 -15769.2
6928 -1953.7 -15972.1
6929 -1955.6 -16075
6930 -1956.8 -15771.1
6931 -2053.2 -15973.5
6932 -2051.3 -16076
6933 -2057 -15772.3
6934 -2157.7 -15773.6
6935 -2456.6 -16080.3
6936 3196.6 -5857
6937 -2763 -15984.3
6938 -2865.2 -15985.6
6939 -2753.9 -16390.1
6940 -2861 -16188.8
6941 -3064.2 -16192.1
6942 -3073.6 -15784.9
6943 2003.1 -15932.1
6944 1974.2 -16031
6945 2013.4 -15896.4
6946 1815.2 -15934.3
6947 2606.8 3323.8
6948 1796.3 -16033.5
6949 1624.8 -15941.6
6950 1611.4 -15834.8
6951 1398.7 -15951.8
6952 1400.2 -16052.2
6953 1202.2 -15955.8
6954 1203.4 -16056.3
6955 1200.8 -15840.8
6956 1031.2 -15951.6
6957 1051.2 -15742.1
6958 2703.5 3324.8
6959 948.9 -16356
6960 4730.2 -15911
6961 4630.8 -15911.9
6962 4634.5 -16215.9
6963 4532 -15912.8
6964 4431.6 -15913.7
6965 4432.8 -16015.8
6966 4430.4 -15812.5
6967 3222.1 -15925.3
6968 3120.6 -15925.8
6969 2386.3 3321.2
6970 3123.9 -16127.5
6971 2815.4 -15825.1
6972 2662.7 -15928.5
6973 2614.5 -15928.8
6974 2665.6 -16131.8
6975 2548.4 -15929.1
6976 2613.1 -15827.6
6977 2551.3 -16132.9
6978 2412.9 -15929.9
6979 2411.7 -15828.6
6980 2607.3 3251.3
6981 3423.7 -15983.8
6982 3923.9 -15918.9
6983 3824.2 -15919.8
6984 3927.1 -16120.8
6985 3920.8 -15715.8
6986 3821.6 -15717.1
6987 -12870.7 12700.3
6988 -12871.2 12786
6989 -12871 12642.7
6990 -13215.6 12724
6991 2604.7 3464.4
6992 -13180.6 12802.9
6993 -13397.2 13042.7
6994 1398.1 17637.3
6995 1395.7 17773.5
6996 1465.8 17638.4
6997 1387.9 18179.5
6998 1385.8 18314.2
6999 1383.6 18450.7
7000 1206.5 18311.4
7001 1526.2 18316.4
7002 3803.1 10417
7003 2172.3 3317.1
7004 1381.1 18575.7
7005 1204.3 18448.1
7006 1507.2 18453
7007 1533.5 6503.9
7008 1634.3 6505
7009 1631.2 6712
7010 1378.2 11759.8
7011 1454.1 11556.7
7012 1195 16215.7
7013 1388.5 16734.2
7014 2180.6 3372
7015 1187.5 16635.1
7016 1590.1 16735.4
7017 1381.2 16825.6
7018 1375 16925.3
7019 1691.6 9133.4
7020 1484 9532.2
7021 1482.3 9633.2
7022 1683.5 9636
7023 1480.4 9734.5
7024 1282.2 9630.3
7025 2485.3 2796.8
7026 1478.4 9836.2
7027 1285.3 9731.8
7028 1278.3 9834.1
7029 1476.5 9937.6
7030 1474.5 10038.4
7031 1470.9 10241.9
7032 1671.7 10244.6
7033 1469.3 10341.6
7034 1467.8 10443.9
7035 1307.6 10442.2
7036 2568.2 2798.1
7037 1466.4 10544.7
7038 1667.5 10547.1
7039 1562.3 10951.8
7040 1458.4 11154
7041 1556.9 11356.8
7042 1518.2 11557.3
7043 1543 5801.9
7044 1541 5902.5
7045 1745.5 5804.2
7046 1338.2 5899.4
7047 2406.8 2795.5
7048 1540 5656.8
7049 1541.6 5700.8
7050 1346.7 5654.8
7051 1341.2 5698.3
7052 -9291.4 16591.1
7053 -9308.2 16689.1
7054 -9163.6 16623.7
7055 -9325.9 16790.6
7056 -9440.8 16658.1
7057 -9327.4 16892.5
7058 2483.7 2886.7
7059 -9192.7 16927.4
7060 -9190.7 17028.8
7061 -9317.2 17229.9
7062 -9187.8 17230.2
7063 -9250.4 9249.7
7064 -9253.3 9452
7065 -9365.7 10258.1
7066 -9280.2 11072.2
7067 -9284.3 11273.4
7068 -9288.3 11475.1
7069 2485.2 2751.2
7070 -9396.2 11880.6
7071 -9222.6 7225.6
7072 -9224.7 7427.8
7073 -9227.6 7629.9
7074 -9230.6 7833
7075 -9233.4 8035.4
7076 -9393.3 8641.8
7077 -9276 14592.4
7078 -9379.1 14964.7
7079 -9284 14909.2
7080 2571.6 2534
7081 -9376.6 15078.8
7082 -9238.3 14916.6
7083 -9375.3 15140.2
7084 -9063.9 15138.6
7085 -9247.9 15620.6
7086 6054.5 -2685.4
7087 6299.2 -2683.8
7088 6677.3 -2716
7089 6834.5 -2792.5
7090 6581.7 -2512.4
7091 3628.4 3072.3
7092 5209.6 -2557.1
7093 -7447.9 2172
7094 -7549.6 2170.9
7095 -88 -9694.5
7096 -189.4 -9761
7097 -86.6 -9837.8
7098 -191 -9688.8
7099 -288.9 -9819.2
7100 -290.7 -9690
7101 -1903.8 -10716.5
7102 3637.6 3000.1
7103 -2005.1 -10729.5
7104 -2582.5 -11543.5
7105 -2701.4 -11668.7
7106 -2701.7 -11648
7107 -2982.6 -11957.7
7108 -3374.8 -12361.4
7109 -3298 -12359.7
7110 3981.8 6760.8
7111 3977.6 7148.2
7112 3902.9 6759.5
7113 3690 10607.4
7114 3640.8 2808.5
7115 -8778 -5133.6
7116 -8775.1 -5333.5
7117 -8773.4 -5535.2
7118 -8770.7 -5736.2
7119 -8767.6 -5949.2
7120 -8763.7 -6151
7121 -8760.1 -6354.7
7122 -8756.6 -6558
7123 -8753.1 -6761.3
7124 -8749.1 -6965.3
7125 3513.3 2806.7
7126 -8737.5 -7576.3
7127 -8627.3 -7974
7128 -8830.1 -7976.8
7129 -1395.1 -3030.8
7130 6739.4 -5115.4
7131 6807.9 -5114.9
7132 6809.8 -5277.1
7133 6870.5 -5114.4
7134 6872.4 -5276.7
7135 7000.6 -5113.4
7136 3644.1 2556.3
7137 6998.4 -4952
7138 6324.8 -5362.2
7139 6322.2 -5054.8
7140 1168.4 17329.4
7141 1167.2 17430.8
7142 784.5 17425.3
7143 -11395 14276.6
7144 -11393.5 14377.8
7145 -11192.2 14281.8
7146 -11558.4 14272.4
7147 3647.9 2279.4
7148 3296.2 5942.6
7149 3215.4 6074.5
7150 3355.2 5962
7151 3213.5 5888.1
7152 1017.2 16945.4
7153 1129.1 16937
7154 906.9 16943.8
7155 1018.2 16821.2
7156 912.8 16819.2
7157 792.1 16816.9
7158 3518.9 2556.2
7159 -8923.1 16926.7
7160 -9059.5 16927.6
7161 -8924 16825.9
7162 -9057.5 17027.9
7163 -9193.8 16824.5
7164 -9964.9 16886.3
7165 1337.8 -16953.6
7166 1138.9 -17081.6
7167 1065.3 -17237.6
7168 1262.3 -16849.3
7169 3522.3 2383.3
7170 1069.6 -17043.3
7171 1035.7 -17024.3
7172 1063.3 -17011.4
7173 961.3 -17192.3
7174 925.5 -16994.6
7175 1131.9 -16844.1
7176 953.6 -16770.3
7177 1548.9 -17301.7
7178 1448 -17246.5
7179 1498.6 -17153
7180 3400.7 2382.1
7181 -6907 16401.6
7182 -5175.7 13637.7
7183 -5008.5 13858.8
7184 -4983.9 13838
7185 200.1 -18794.8
7186 -8965.8 10510.6
7187 -8964.9 10466.2
7188 -3510.3 -10672.3
7189 -3556.6 -10683.2
7190 -3503 -10698.4
7191 3523.9 2278.7
7192 -3693 -10465.7
7193 -3617.6 -10465.8
7194 4661.7 -10543.9
7195 4664.1 -10593.7
7196 4565.1 -10544.8
7197 4564.1 -10443.4
7198 -2847.1 -10608.6
7199 -3019.7 -10610.4
7200 -3190.9 -10613.2
7201 -3018.6 -10689.3
7202 3515 2728
7203 -3020.7 -10531.9
7204 -3192 -10534.2
7205 -3189.9 -10692.6
7206 -2846 -10687.6
7207 -666.8 -12322.6
7208 -3728.4 -3448.1
7209 -3627.3 -3447.2
7210 -3724.7 -3651.9
7211 -3825.5 -3652.8
7212 -3622.9 -3651
7213 3509.4 2980.9
7214 -3721.1 -3854.7
7215 -3821.6 -3855.4
7216 -3619.2 -3853.4
7217 -3717.5 -4058.3
7218 -3817.9 -4059.5
7219 -3616.1 -4057.2
7220 -3708.2 -4668.1
7221 -3705.4 -4870.7
7222 -3806.6 -4871.6
7223 -3603.5 -4869.9
7224 3276 11800.5
7225 3389.9 2979.7
7226 -3703.6 -5005.3
7227 -3804.5 -5025.7
7228 -3602 -4984.6
7229 -3703.1 -5075
7230 -3804.6 -5075.1
7231 -3600.3 -5074.8
7232 -3532.6 -18022.5
7233 -3431.3 -18021
7234 -3633.3 -18024.1
7235 -3592.8 -5684.2
7236 3511.3 2897.4
7237 -3689.8 -6090.2
7238 -3757.2 -222.4
7239 -3724.2 -222.1
7240 -3755.2 -426.7
7241 -3654 -425.7
7242 -3853.1 -632.2
7243 -3789.8 2211.4
7244 -3685.7 2009.6
7245 -3778.2 1400.8
7246 -3879.6 1399.5
7247 3391 2895.4
7248 -3677.5 1401.6
7249 -3775.2 1196.8
7250 -3876.8 1195.7
7251 -3801.3 2862.4
7252 -3700.2 2899.4
7253 -3728 140
7254 -3593.5 185.2
7255 -3727.4 82.6
7256 -3861.2 81.1
7257 -3592.4 84.2
7258 3280.4 2275.6
7259 -3655.4 -221.4
7260 -3463.5 -10585.9
7261 -3682.4 -6696.6
7262 -3783.5 -6696.9
7263 -3580.9 -6695.9
7264 -3679.5 -6898.5
7265 -3781.1 -6899.2
7266 -3578.6 -6897.9
7267 -3675 -7303
7268 -3773.6 -7506.4
7269 3244.1 2275.1
7270 -3570.7 -7505.2
7271 -3667.2 -7909.8
7272 -3766.2 -8114.2
7273 -3564.3 -8112
7274 -3557.3 -8716.9
7275 -3660.9 -8516.8
7276 -3619 -10846.8
7277 -3615.7 -11069.7
7278 -3716.6 -10848.3
7279 -3519.8 -10845
7280 3504.3 3334.1
7281 -3516 -11068.2
7282 -3610.5 -11761.6
7283 -3714.2 -11558.8
7284 -3512.8 -11555.7
7285 -3710.8 -11763.1
7286 -3509.5 -11759.8
7287 -8662.4 15127
7288 -8664.6 15017.5
7289 -8762.7 15126.1
7290 -8862 15128.3
7291 3384.9 3332.7
7292 -8966.1 15018.3
7293 -9066.5 15033.5
7294 -9769.2 15125.6
7295 -10057.1 15125.9
7296 -10397.8 15020.7
7297 -10401.2 14816.8
7298 -10473.9 15026
7299 -10334.7 15009.4
7300 -10379.6 15105.1
7301 -10549.5 15034.4
7302 3506.1 3232
7303 -10555.3 14834.6
7304 -10626.7 15059.1
7305 -10638.6 14842.7
7306 -10700.8 14856.3
7307 -13418.9 14946.8
7308 -13219.9 14851.8
7309 -12005.9 14958.8
7310 -12100.2 14957.8
7311 -12006.5 14800.5
7312 -12194.5 14956.7
7313 3264.3 3332.6
7314 -10975 14891.9
7315 -11180.9 14886.3
7316 -11386.1 14880.6
7317 -11564.8 14877
7318 -816.3 15079.7
7319 -814.6 14978.1
7320 -1015.9 14978.6
7321 -1218.4 14979.1
7322 -1688.2 15080.8
7323 11032.3 -21849.5
7324 2994 3329.3
7325 11134.5 -21956
7326 11236.1 -22062.7
7327 11267.7 -22095.6
7328 11461.7 -22298.7
7329 11335.9 -22096.2
7330 11496.7 -22097.5
7331 4793.5 6555.1
7332 4687.4 6448
7333 -1230.4 8706.3
7334 -2752 8697.7
7335 3243.3 12158.7
7336 3265.9 3242.5
7337 -2853.8 8696.7
7338 -3163.9 -15892
7339 -3276.4 -15785.2
7340 -3268.9 -16194.4
7341 -3166.3 -16192.6
7342 -3264.7 -16396.4
7343 -3179.9 -16395.3
7344 -3258.4 -16678
7345 -3247.9 -17142.1
7346 -3246.5 -17207.6
7347 3382.9 3474.2
7348 -3229.4 -18017.9
7349 -3183.8 -17206.8
7350 4502 -3067.1
7351 4584.7 -3066.8
7352 4415.6 -3067.2
7353 4498.1 -2927.9
7354 4269.3 -3068.4
7355 4273.6 -3341.9
7356 3822 -3076.1
7357 -2175.7 -5059.3
7358 2997.7 3113.6
7359 -2173.1 -5262.6
7360 -2073.7 -5058.1
7361 -2275.1 -5264.2
7362 -2170.4 -5465.6
7363 -2068.7 -5464.3
7364 -2061.1 -6072.4
7365 -2159.8 -6275.3
7366 -2058.6 -6274
7367 -2157.2 -6477.1
7368 -2056.1 -6475.8
7369 2896.9 3327.4
7370 -2152.4 -6679.1
7371 -2149.7 -6780.1
7372 -2256.8 -6680.5
7373 -2053.6 -6677.9
7374 -2148.2 -6880.7
7375 -1944.2 -6978.9
7376 -1968.4 -7485.3
7377 -2135 -7891.5
7378 -2133.9 -7991.9
7379 -1930.9 -8089.7
7380 2993.2 3399.9
7381 -2167.9 -4046.4
7382 -2163.6 -4246.8
7383 -2260.4 -4047.5
7384 -2048 -16381.3
7385 -1946.9 -16380.4
7386 -1934.5 -16988.5
7387 -2031.4 -17193.1
7388 -1929.2 -17191.9
7389 -1921.3 -17498.8
7390 -2088.4 3699.8
7391 2801.1 3326
7392 -2288.5 3317.4
7393 -2287.2 3234.4
7394 -2378.4 3233.3
7395 -2186.2 3235.7
7396 -2167.7 2020.9
7397 -2268.6 1978.9
7398 -2266.5 1843.4
7399 -2266 1791.1
7400 -2165.4 1791.9
7401 -2263.4 1614.8
7402 2798.7 3467.3
7403 -2260.4 1411.5
7404 -2162.9 1615.6
7405 -2159.4 1412.1
7406 -2257.4 1208.5
7407 -2359 1207.8
7408 -2254.7 1006.1
7409 -2153.9 1006.1
7410 -2252.3 803.6
7411 -2150.8 803.7
7412 -2249.4 599
7413 2478.2 2265.4
7414 -2149.4 599.7
7415 -2312.6 593.4
7416 -2246.5 396.6
7417 -2347.4 395.6
7418 -2243.7 196.2
7419 -2142.9 196.7
7420 -2240.9 -4.5
7421 -2140.5 -3.7
7422 -2238.1 -207.4
7423 -2138.1 -206.4
7424 2323.4 2268.5
7425 -2235.6 -409.3
7426 -2135.7 -408.1
7427 -2334.4 -614.6
7428 -2027.6 -9104.9
7429 -2024.9 -9307.2
7430 -2022.1 -9507.3
7431 -1993.6 -11536.2
7432 -2115.5 -10088.2
7433 -2106.1 -10725.4
7434 -2208.2 -10720.2
7435 2199.6 2261.7
7436 -2203.9 -3435.6
7437 -2102.4 -3434.7
7438 -2199.6 -3638.3
7439 -2097.7 -3637.4
7440 -2196.4 -3843
7441 -2172.6 -3882.6
7442 3093.5 -20373.4
7443 2891 -20375.9
7444 -11572.4 14805.3
7445 -9068.2 14932.4
7446 3311.3 11986.2
7447 3500.8 3475.9
7448 -9073 14707.4
7449 -10417.7 14734.4
7450 -9213.9 14758.3
7451 -9278.9 14776.6
7452 -1666.2 14979.7
7453 3653.4 -1765.2
7454 3655.7 -1965.9
7455 2843.5 -1657.9
7456 2440.7 -1777.2
7457 2642 -1666.5
7458 3381.9 3544.6
7459 2440.2 -1673.8
7460 1430.5 -1786.8
7461 1029.6 -1789.7
7462 1031.6 -1990.9
7463 927.9 -1790.4
7464 1028.8 -1687.6
7465 826.9 -1791.1
7466 828.8 -1992.2
7467 726.1 -1791.8
7468 622.1 -1689.7
7469 3388.6 3070.3
7470 217.5 -1794.2
7471 215 -1592.7
7472 219.7 -1902.2
7473 117.6 -1794.6
7474 15.2 -1795.6
7475 12.9 -1594.5
7476 -76.7 -1796.2
7477 -138.9 -1796.7
7478 -138.4 -1695.6
7479 -186.3 -1797
7480 3397.5 2554.7
7481 -137.4 -1908.3
7482 -187.7 -1696.3
7483 -183.1 -2001.4
7484 -290.3 -1798.7
7485 -287.6 -2002.8
7486 -491.9 -1802.2
7487 -489.4 -2005.5
7488 -593.9 -1803.9
7489 -592.5 -1906.8
7490 5435.4 -22359.5
7491 2179.7 3458.7
7492 5531.5 -22458.1
7493 5297.6 -22327.4
7494 -22 7446.6
7495 -297.5 7500
7496 -305.7 7499.9
7497 -428.2 15995.4
7498 -446.3 17403.6
7499 -451.8 17869.3
7500 -453 18111.1
7501 -454 18212.5
7502 2177.8 3599
7503 -454.5 18262.4
7504 -455 18313.1
7505 -849.8 18304.6
7506 -455.8 18413.4
7507 -447.7 18976
7508 -265.9 4626.5
7509 -255.9 3752.3
7510 -8139.4 -6958.4
7511 -8038.5 -6956.2
7512 -8128.4 -7569.1
7513 2383.9 3461.5
7514 -8026.6 -7567.3
7515 -8230 -7571
7516 -8167.5 -5326.6
7517 -8164.7 -5527.4
7518 -8269.3 -5328.3
7519 -8066.3 -5325
7520 -8161.8 -5729.3
7521 -8266.3 -5528.7
7522 -8063.4 -5526
7523 -8060.6 -5727.5
7524 3262.3 3472
7525 -8134.7 -5897.4
7526 -8155.6 -6142
7527 -8054.4 -6140.3
7528 -8148.2 -6549.3
7529 -8144.7 -6753.2
7530 -8046.6 -6547.5
7531 -8248.9 -6551
7532 -8043.7 -6751.5
7533 -8245.1 -6754.8
7534 10022.2 -14325.6
7535 3263.6 3402.3
7536 7334.6 -14357
7537 7336.5 -14457.8
7538 -65.1 7484.7
7539 -84.5 7502.8
7540 4453.1 5810.7
7541 4441 6551.8
7542 4549.7 6552.9
7543 4437.8 6776.5
7544 4435.1 6957.9
7545 4315.9 6779.5
7546 2381.1 3602
7547 4432.2 7152.3
7548 4314.2 6955.3
7549 4544.5 6960.2
7550 8740.4 -9079.9
7551 7649.8 -4075.6
7552 -10905.2 15290
7553 -10895.2 15385.3
7554 -10893.1 15468.9
7555 -10812.9 15387.5
7556 -10666 15473.8
7557 3155.9 12607.7
7558 2602.6 3605.3
7559 -10907.6 15534.2
7560 -10612.4 15489.6
7561 -10965.6 15550.5
7562 -10886.1 10052.6
7563 -10785.1 10054.5
7564 -10889.3 10251.4
7565 -10892.7 10438.6
7566 -10788.4 10252
7567 -10991.2 10250.8
7568 -10798.3 10844.2
7569 2701.2 3465.9
7570 -10911.4 11449
7571 -10804.5 11213.3
7572 -10944.1 11540
7573 -11013.3 11447.3
7574 -10808.5 11450.7
7575 -10880.3 14490.6
7576 -10981.7 14488.2
7577 -10803.3 17607
7578 -10799.8 17811
7579 -10916.5 17603.1
7580 2698.9 3606.9
7581 -10759.7 17608.5
7582 -10795.5 18013.3
7583 -10684.2 17815
7584 -10791.8 18215.1
7585 -10909.3 18010
7586 -10681.2 18016.5
7587 -10794.3 18418.3
7588 -10905.7 18212.3
7589 -10678.1 18217.9
7590 -8263.8 15338.5
7591 2796.2 3608.5
7592 -8355.7 15415.1
7593 -8254.1 15418.6
7594 -8453.5 15483.6
7595 -8448.6 15621.1
7596 -8549.1 15621.7
7597 -9355.5 16173.9
7598 -9631.9 16398.3
7599 -9434.8 16623.6
7600 -9730.6 16516.2
7601 -9970.2 16674
7602 2894.7 3468.7
7603 -9969 16721
7604 -11108.2 17782.8
7605 7993.3 -8383.3
7606 7997.2 -8585.1
7607 7962 -8686.7
7608 7992 -8686.3
7609 7961.7 -8978.2
7610 7992.1 -8787.2
7611 7996.1 -9090.2
7612 7965.1 -9191.4
7613 2892.5 3610.1
7614 7997.3 -9191.2
7615 7983.8 -9394.2
7616 7969.2 -9495.4
7617 7973.1 -9740.4
7618 8003.7 -9696.6
7619 7785.5 -9698.1
7620 7974 -9798.9
7621 8004.9 -9798.6
7622 7975.4 -9900.2
7623 7786.8 -9799.4
7624 2992.4 3470
7625 7872.7 -9900.9
7626 8005.9 -9900.2
7627 7976.1 -9950.8
7628 7976.8 -9999.2
7629 8007.5 -9999.1
7630 10145.1 -19247.7
7631 8019.6 -11011.3
7632 8024.2 -11213.9
7633 7987.8 -11355.8
7634 8025.1 -11415.2
7635 3070.3 3470.7
7636 7988.9 -11517
7637 8026.3 -11516.1
7638 7990.1 -11618
7639 8026.9 -11617.6
7640 7806.5 -11620
7641 7991 -11719.2
7642 8028.4 -11718.8
7643 7993 -11820.2
7644 7807.5 -11721.8
7645 8029.2 -11820
7646 2991.4 3540.6
7647 7808.5 -11822.8
7648 8031.6 -12022.2
7649 7995.9 -12123.2
7650 7997.3 -12182.6
7651 8034.5 -12427
7652 8038.8 -12621.9
7653 8039.3 -12831.1
7654 8003.9 -12985.7
7655 8043.3 -13235.3
7656 8008.9 -13397.5
7657 4361.3 3210.5
7658 8045 -13437.9
7659 8028.7 -13842.3
7660 7956.1 -5955
7661 7948.3 -6158.2
7662 8063 -5953.9
7663 7952.1 -6524.6
7664 8056.1 -6143.5
7665 7953.3 -6592.7
7666 7960.8 -7117.6
7667 7963.5 -7373.3
7668 3201.4 12810.2
7669 4361.3 3190.4
7670 7760.1 -7977.5
7671 7969.1 -8078.7
7672 7978.3 -8180.9
7673 346.7 4365.5
7674 345.5 4466.6
7675 344.2 4565.5
7676 141.1 4463.9
7677 343.4 4610.5
7678 139.6 4562.6
7679 341 4794.5
7680 4276.7 3200.2
7681 342.1 4685.9
7682 338.7 4996
7683 337.6 5077.5
7684 336.2 5178.2
7685 334.8 5278.6
7686 130.9 5277.2
7687 333.7 5357.4
7688 535.5 5360.5
7689 333.4 5377.6
7690 126.9 5579.6
7691 4115.5 3076.4
7692 329.1 5682.6
7693 530.7 5685.4
7694 327.8 5782.8
7695 124.2 5780
7696 322.1 6185.3
7697 118.9 6182.8
7698 320.1 6288.5
7699 316.1 6603
7700 314.5 6727.8
7701 518 6605.6
7702 4167.8 3076.6
7703 313 6851.6
7704 112.1 6724.3
7705 110.5 6848.5
7706 311.4 6975
7707 513 6978.6
7708 266.4 10129
7709 265.1 10229.9
7710 262.4 10431.9
7711 61.6 10430.1
7712 252.9 11140.5
7713 4120.3 2818.1
7714 241.2 12054.9
7715 39.8 12052.5
7716 240.4 12151.9
7717 340.9 12152.8
7718 203.1 14581.8
7719 201.6 14682
7720 1.4 14579.6
7721 234.5 12556.9
7722 232.9 12659.2
7723 436.1 12560.4
7724 4003.4 3075.1
7725 231.4 12760.6
7726 80.9 12657.8
7727 352.5 3861.3
7728 306 7300.7
7729 305.8 7386.1
7730 509.5 7304
7731 305.7 7468.4
7732 509.1 7389.4
7733 305.7 7504.7
7734 304.7 7568.8
7735 4626 2289
7736 508 7573
7737 103.8 7564.6
7738 305.2 7533.8
7739 303.5 7653.2
7740 507.6 7655.9
7741 302.4 7737
7742 101.9 7733.1
7743 301.2 7820.3
7744 506.8 7823.8
7745 300 7906.3
7746 4371.3 2286.4
7747 298.4 7990.1
7748 98.5 7986.9
7749 296.9 8074.3
7750 502.2 8077.8
7751 295.3 8161.1
7752 95.5 8157.3
7753 293.8 8243.8
7754 292.5 8310.1
7755 5597.5 -12557.9
7756 5801.6 -12656.7
7757 1575.1 3450.2
7758 6202.7 -12550
7759 6404.6 -12547.8
7760 6406.4 -12648.9
7761 6403.5 -12445.9
7762 6649.8 -12544.2
7763 6667.7 -12442.1
7764 10658 -13366.6
7765 10829.7 -13609.6
7766 10424.5 -13209.6
7767 10628.5 -13645.3
7768 1576.8 3310.8
7769 10629.8 -13758.6
7770 10631.7 -10981.9
7771 10734.3 -11183.7
7772 10742.4 -20468.2
7773 10741 -20671.6
7774 10634.8 -11587.5
7775 10737.8 -11788.8
7776 10619.1 -12801.3
7777 10730.7 -12597.5
7778 10432.5 -11387.6
7779 1111.7 -1015.2
7780 3115.5 12991
7781 1573.3 3590.1
7782 10332.3 -11388.8
7783 10333.2 -11590.9
7784 10434.9 -11792.1
7785 10335.1 -11994
7786 10388.1 -10179
7787 10440.2 -10178.4
7788 10326.5 -10582.4
7789 10431.5 -11187
7790 4646.3 473.7
7791 3892.7 -13290.3
7792 1776.7 3453.3
7793 3895 -13492.8
7794 3793.3 -13290.7
7795 3791 -13087.7
7796 3695.6 -13495
7797 3491.3 -13294.5
7798 3188.2 -13301.9
7799 2989.3 -13521
7800 3088 -13307.9
7801 4699.6 -13281.9
7802 4600.9 -13282.5
7803 1978.9 3456
7804 4700.7 -13482.8
7805 4499.7 -13282.6
7806 4598.6 -13129.8
7807 4397.9 -13283.8
7808 4502.3 -13486.3
7809 4395.7 -13081.3
7810 2720.7 -13403.6
7811 2480.1 -13303.8
7812 2482.8 -13507.4
7813 1569.6 -13316.2
7814 1980.8 3315.3
7815 1336.2 -13421.6
7816 861.9 -13320.8
7817 727.5 -13322.1
7818 864.1 -13523.8
7819 860.7 -13252.2
7820 593 -13323.3
7821 597.1 -13526.3
7822 725.1 -13120.9
7823 459.2 -13325
7824 590 -13122.2
7825 1977.1 3596
7826 357.9 -13326.5
7827 462 -13528
7828 456.4 -13123.5
7829 359.3 -13452.3
7830 4126.7 -13428.9
7831 4142.9 -11461.5
7832 4386.8 -11457.9
7833 4383.9 -11257.4
7834 4474.2 -11456.8
7835 4575.2 -11455.2
7836 1778.6 3312.9
7837 4676 -11454.5
7838 4573 -11254.3
7839 4679 -11657.2
7840 1951.7 -11490.3
7841 1954.2 -11691.7
7842 1648 -11493.9
7843 1684.4 -11693.2
7844 1548.2 -11494.9
7845 1143.7 -11498.9
7846 1043 -11499.9
7847 1456.1 3308.6
7848 940.9 -11500.8
7849 939.1 -11297.6
7850 942.9 -11702
7851 840.5 -11501.7
7852 842.4 -11703.6
7853 437.2 -11505.5
7854 438.8 -11707.7
7855 353 -11505.4
7856 305.3 -11506.4
7857 -69.2 -11343
7858 2700.6 14285.9
7859 -377.9 -11514.2
7860 -486.7 -11613.9
7861 -1285.3 -11525.8
7862 -1378.2 -11527
7863 -1367.8 -11628.7
7864 -1452.6 -11528
7865 -1488.4 -11528.5
7866 -1892.4 -11534.3
7867 -2903.6 -11650
7868 -3106.4 -11652
7869 2729.6 14177.8
7870 -3308.7 -11655.3
7871 -3411.5 -11554.1
7872 -3409.1 -11758.4
7873 -3815.1 -11560.4
7874 -3812.8 -11764.5
7875 -3916.1 -11562
7876 -3912.7 -11766
7877 3641.6 -11667.5
7878 3163.1 -11475.5
7879 3059.8 -11476.7
7880 2433.3 14173.3
7881 3165.9 -11678
7882 3059.3 -11273.7
7883 2456.4 -11484.1
7884 2554.6 -11279.5
7885 2458.3 -11685.6
7886 2358.1 -11686.7
7887 708 -8771.5
7888 505.2 -8772.5
7889 706.9 -8669.8
7890 709.2 -8872.2
7891 3183.5 12293.6
7892 2759.3 14067.9
7893 414.2 -8772.9
7894 506.1 -8873.5
7895 504.1 -8671.4
7896 415.4 -8873.7
7897 -2945.4 -8812.6
7898 -2742.4 -8810.3
7899 -2944.3 -8913.8
7900 -2947 -8710.1
7901 -3150.2 -8814.9
7902 -3149.3 -8916.4
7903 2848.7 13703.8
7904 -3151.2 -8712.8
7905 -3353.1 -8817.1
7906 -3352.2 -8916.5
7907 -3354 -8714.8
7908 -3302.6 -8816.7
7909 -2683.3 -10128.7
7910 -2854 -10130.9
7911 -2675.1 -10731.1
7912 -2714.1 -10731.5
7913 -2620.2 -18010.8
7914 2869.5 13600.8
7915 -2821.4 -18013.2
7916 -2768 -15781.4
7917 -2649.2 -16629.5
7918 -2641.9 -17158.9
7919 -3043.5 -17205.1
7920 -2790.9 -4660.2
7921 -2895.2 -4660.1
7922 -2794.2 -4385.3
7923 -2704.2 -4862.6
7924 -2888 -5067.5
7925 2827.2 13791.2
7926 -2886.1 -5270.3
7927 -2773.8 -5982.2
7928 -2978.3 -5984.8
7929 -2772.6 -6081.4
7930 -2977.1 -6083.7
7931 -2771.4 -6181.8
7932 -2975.8 -6185
7933 -2766.3 -6586.7
7934 -2765 -6687
7935 -2763.8 -6788.6
7936 2438.2 13698.5
7937 -2577.9 -6886.3
7938 -2762.5 -6888.7
7939 -2968.4 -6791.1
7940 -2967.2 -6891.3
7941 -2964 -7194.7
7942 -2959.8 -7498.6
7943 -2570.7 -7492.7
7944 -2567 -7797
7945 -2751.4 -7899.6
7946 -2750.4 -8001.1
7947 2889.5 13499.1
7948 -2955.4 -7902.2
7949 -2564.9 -7998.8
7950 -2954.2 -8003.6
7951 -2743.4 -8708.6
7952 -2840.6 -9114.7
7953 -2740.6 -9012.3
7954 -2837.8 -9317.2
7955 -2835.1 -9516.7
7956 -2870.2 1610.1
7957 -2969.7 1406.9
7958 2946.2 13612.3
7959 -2868 1204.3
7960 -2968.7 1203.7
7961 -2864.6 976.7
7962 -2958.4 595.3
7963 -2852 192.6
7964 -2955.8 389
7965 -2951.3 -9.7
7966 -2844.5 -416.5
7967 -2949 -214.4
7968 -2712.6 -10834.5
7969 2828.3 13598.9
7970 -2711.2 -10935.7
7971 -2916.5 -10837.1
7972 -2914.9 -10938.7
7973 -2899 -11979.9
7974 -2691.5 -12352.6
7975 -2893.5 -12355.9
7976 3975.7 -20669.7
7977 3903.4 -20670.7
7978 4009.8 -20935.9
7979 3201.2 -20681
7980 3137.8 12599.7
7981 3205.7 -20898.6
7982 3198.2 -20539
7983 3099.9 -20682
7984 4821.2 -3744.9
7985 4956 -3743.8
7986 4823.8 -3967.9
7987 4686.9 -3746.9
7988 5090.3 -3752.6
7989 5705.9 -3854.1
7990 6174.4 -3747.8
7991 3095.9 12692.5
7992 6040.5 -3951.9
7993 6175.8 -3950.1
7994 6172.6 -3545.8
7995 6917.9 -3943.9
7996 6914.5 -3589.6
7997 7018.3 -3739.3
7998 7120.7 -3942.7
7999 1614.9 -16645.4
8000 1514.8 -16645.9
8001 1644.5 -16645.2
8002 3197.6 12110.3
8003 3074.5 12850.9
8004 1618.9 -16927.1
8005 1542.9 -17068.2
8006 1618.8 -16950.8
8007 1620.7 -17108.9
8008 1576.4 -13921.9
8009 1442.7 -13923.1
8010 1422.3 -859.4
8011 1428.7 -1581.1
8012 1432.6 -1985.8
8013 1470.8 -5026.4
8014 2840.4 12786.5
8015 1473.2 -5228.6
8016 1475.6 -5430.6
8017 1478.4 -5633.4
8018 1374.1 -5431.4
8019 1480.2 -5835.6
8020 1482.3 -6038.1
8021 1485.4 -6238.6
8022 1381.9 -6038.9
8023 1496.4 -7249.8
8024 1498.7 -7453.7
8025 3105.6 12508.8
8026 1499.7 -7533.1
8027 1506.1 -8058
8028 1518.3 -8866.9
8029 1521.1 -9068.1
8030 1539.2 -10685.2
8031 1541.4 -10891.4
8032 1557.6 -12303.3
8033 1560.1 -12511.6
8034 1641.6 -17861.5
8035 1634.7 -17962.6
8036 2844.2 12504.4
8037 1638.9 -18164.5
8038 1650.8 -18973.6
8039 1654.3 -19176.5
8040 1649.3 -18840.3
8041 1657.9 -19378.6
8042 1659 -19451.1
8043 1660.9 -19570.9
8044 1660 -19512.8
8045 -2358.9 9739.7
8046 -2357.4 9603.8
8047 3123.3 12417.3
8048 5831.3 -15087
8049 5732.4 -15290.5
8050 5840.5 -15694.8
8051 5740.5 -15899
8052 5842.8 -15897.8
8053 5743.3 -16101.8
8054 5845.5 -16100.6
8055 5746.1 -16304.3
8056 5748.7 -16507.2
8057 5848.3 -16302.9
8058 2432.3 14406.6
8059 5756 -17060.4
8060 5655 -17061
8061 5756.7 -17113.1
8062 5821.5 -17060.1
8063 5821.4 -17112.6
8064 5656.1 -17113.9
8065 5659.3 -17315.8
8066 5763.5 -17515.6
8067 5795.7 -17515.1
8068 5792.5 -21573.2
8069 2439.8 12985.2
8070 5452.5 -531.5
8071 5581.1 -2150.1
8072 5674.2 -2149.3
8073 5652.2 -8605.3
8074 5692.6 -8594.4
8075 5653.7 -8807.4
8076 5552.6 -8809.2
8077 5758.8 -9210.8
8078 5660.6 -9414.6
8079 5764.6 -9818.1
8080 2312.8 12983.6
8081 5666.7 -10022.3
8082 5767 -10020.7
8083 5669 -10223.4
8084 5681.5 -11237.6
8085 5779.3 -11032.9
8086 5685.6 -11440.5
8087 5718.6 -11440
8088 5709.9 -13468.9
8089 5712.4 -13671
8090 5810.7 -13467
8091 2439.7 13080.2
8092 5714.9 -13874.1
8093 5813.4 -13669.5
8094 5816.1 -13872.8
8095 5785 -11439
8096 5721.1 -11644
8097 5584.2 -11646
8098 5723.5 -11846.4
8099 5857.5 -11844.5
8100 5676 -1467.8
8101 5638.6 -6789.2
8102 2440 12883.8
8103 5736.5 -6787.8
8104 5637.6 -6990.6
8105 5737.8 -6988.7
8106 5635.9 -7193.3
8107 5639.3 -7395.6
8108 5736.5 -7191.6
8109 5537.4 -7396.9
8110 5738.2 -7394
8111 5641 -7597.2
8112 5743 -7998.5
8113 3258.4 11797.2
8114 2783.4 13970.1
8115 2312.8 -720.1
8116 5301.8 -21452.9
8117 6575 -21508.8
8118 6326.1 -21450.8
8119 6260.2 -1872.7
8120 6186.8 -1741.8
8121 6170.1 -1924.3
8122 6348.9 -2028.5
8123 6484 -2463.8
8124 6619.6 -2495.6
8125 2434.7 14063.4
8126 6871 -3160.2
8127 7016.3 -3589.4
8128 7309 -3939.7
8129 7121.2 -4024.5
8130 7488.4 -4141
8131 7572.4 -4235.5
8132 7938.6 -4943.4
8133 7907.8 -5267.2
8134 7981.6 -5266.2
8135 7910.5 -5431.3
8136 2032.4 14104.6
8137 7814.4 -6159.8
8138 7887.5 -6159.1
8139 -8909.1 12693.7
8140 -8806.6 12695.4
8141 3852.4 -142.8
8142 3854.8 -345.7
8143 3705.5 -246.4
8144 3231.2 -148.7
8145 -207.6 -178.7
8146 -105 -131.5
8147 2202.2 14061.4
8148 -208.7 -73.1
8149 -734.4 -187.8
8150 -434.1 -184.9
8151 -1424.2 -401.4
8152 -1529.3 -197.6
8153 -1630.4 -200.1
8154 -1526.8 -402.2
8155 -1633.5 0.4
8156 -2037.3 -205.4
8157 -1932.7 -405.6
8158 3065.9 13632.2
8159 -2040.2 -2.9
8160 -2539.8 -412.9
8161 -3049.2 -215.4
8162 -3046.5 -418.9
8163 -3150.5 -216.3
8164 -3251.8 -217.3
8165 -3153 -12.1
8166 -3249.5 -421.3
8167 -3353.1 -218.3
8168 -3355.3 -14.5
8169 3019 13451.6
8170 -3452.1 -423.7
8171 -3555.3 -220.4
8172 -3552.9 -424.7
8173 -3959.2 -224.3
8174 -3855.9 -427.7
8175 -4060.6 -225.4
8176 -4058.1 -429.6
8177 4553.1 -136
8178 4656.8 -134.7
8179 4521.5 -276.8
8180 2875.3 14448.4
8181 4211.7 -139.4
8182 4240.9 -238.7
8183 10236.3 -20462.5
8184 10338.3 -20463.6
8185 10234.6 -20664.8
8186 10339.6 -20260.4
8187 10438 -20667.6
8188 -2710.8 4441.7
8189 -2753.3 4441.6
8190 -2713.4 4564.8
8191 2652.5 14964
8192 -2709.2 4361
8193 6918.1 -13451.9
8194 6907.3 -11224.3
8195 7198.1 -11424.1
8196 7002.5 -5964
8197 6735.2 -5766.5
8198 7004.6 -6166.9
8199 6739.8 -6572.2
8200 6740.4 -6635
8201 6433.7 -6575
8202 3042.3 13437.9
8203 6741.2 -6714.4
8204 6337.5 -6638.4
8205 7144.6 -6712.8
8206 7010.6 -6773.1
8207 6877.7 -6975.8
8208 6746.6 -7179
8209 6880 -7177
8210 6882.4 -7379.9
8211 6877.2 -9804.6
8212 6878.4 -10007.1
8213 2951.8 13191.7
8214 6081.1 -1972.2
8215 6139.7 -2128.8
8216 6920.2 -4145.8
8217 6341.9 -17109.2
8218 6338 -17281.3
8219 6305.8 -17109.4
8220 6705.3 -17279.5
8221 6868.9 -4953.3
8222 6874.5 -5440.8
8223 6876.9 -5728
8224 3393.7 11293
8225 3004.8 13199.8
8226 6933.8 -20817.1
8227 7286 -20744.6
8228 6937.5 -20912.1
8229 7146.8 -21148.8
8230 6856.9 -8187.6
8231 6870.3 -9194.9
8232 -9459.8 16772.4
8233 -9606 16641.5
8234 -9533 15835.7
8235 -2194.7 12650.8
8236 2834.9 13190.8
8237 -2397.9 12648.7
8238 -2193.2 12549.3
8239 -5448 12524.6
8240 -5452 12726.9
8241 -5613.2 12624.5
8242 -6678.1 12616.2
8243 -6476.2 12718.7
8244 -6472.9 12516.4
8245 -6676.5 12514.8
8246 -6932.1 12613.7
8247 2439.6 13187.9
8248 -7084.2 12612.8
8249 4277.1 -3800.3
8250 4180 -3668.1
8251 3675.4 -3581.8
8252 -5164.3 -3665.8
8253 -4041.1 -3668.9
8254 -4037.9 -3857.5
8255 -4043.1 -3547.7
8256 3271.2 -3683.3
8257 3270.1 -3587.9
8258 2638.3 13189.3
8259 -3116.8 -10940.6
8260 -3118.5 -10839.9
8261 123.2 -10899.9
8262 121.8 -10798.9
8263 -74.1 -10902.1
8264 -74.9 -10800.4
8265 -178.3 -10706.4
8266 -278.8 -10708.1
8267 -787.4 -10718.5
8268 -990.2 -10723
8269 2324.4 13186.8
8270 -1192.7 -10718.7
8271 -1294.6 -10726.3
8272 -1396.4 -10727.9
8273 -1497.1 -10728.9
8274 -4037.3 -10826.4
8275 541.3 -10995.5
8276 733.6 -10894.9
8277 732.5 -10793.1
8278 834.7 -10893.9
8279 832.7 -10691.8
8280 2439.5 13293
8281 933.9 -10690.9
8282 1037.2 -10892
8283 1137.5 -10891
8284 1941.4 -10680.8
8285 2042.6 -10679.8
8286 2448.5 -10876.9
8287 3050.4 -10667.6
8288 3152.9 -10765.1
8289 3458.1 -10864.9
8290 3762 -10861.3
8291 2217.6 13186.3
8292 3963.7 -10857.3
8293 3940.5 -10799
8294 4062.3 -10655.1
8295 4263.5 -10652
8296 4371.2 -10851.4
8297 4467.4 -10850
8298 4566.3 -10646.4
8299 4669.6 -10847
8300 -2208.2 -10732.4
8301 -3517.2 -10952.4
8302 2137.6 13355.3
8303 -3422.2 -10950.9
8304 -3425 -10747.9
8305 -3421.1 -11067
8306 1124.4 6774.2
8307 3175.4 1383.4
8308 3176.7 1295.8
8309 3022.7 1382.5
8310 384.6 1331.6
8311 585.8 1336.1
8312 385.7 1235.1
8313 2103.6 13185.1
8314 587.7 1236.7
8315 789.3 1339.9
8316 791.3 1238.8
8317 3758.4 1344.8
8318 3761.5 1214.6
8319 -4078.9 1193.6
8320 -4082.8 1397.4
8321 5968.4 -17312.7
8322 5877 -17514.6
8323 6269 -17109.7
8324 1450.2 13178.2
8325 5137.4 -17323.3
8326 5250 -17322.4
8327 5140.5 -17524.7
8328 5251.2 -17120.3
8329 11751.8 -17252.1
8330 11852.4 -17253.3
8331 11952.6 -17254.4
8332 11851.8 -17455
8333 11953.9 -17052.7
8334 11981 -17254.7
8335 3518.9 10994.3
8336 1557.7 13179.3
8337 12053.4 -17255.3
8338 12052 -17456.6
8339 12054.4 -17053.6
8340 12152.8 -17256.5
8341 12254.3 -17257.6
8342 12152.6 -17457.4
8343 12154.2 -17054.5
8344 12354.5 -17258.8
8345 12253.2 -17458.2
8346 12355.9 -17056.3
8347 1361.9 13177.2
8348 12421.6 -17259.5
8349 12455.2 -17259.9
8350 12454.2 -17459.8
8351 12556.9 -16857.1
8352 12839 -17264.1
8353 12740.5 -17061.7
8354 12939.8 -17265.3
8355 12942.3 -17063.7
8356 6710.8 -17140.9
8357 5072.6 -13477.6
8358 1234.8 13176
8359 4940.4 -13682.8
8360 5206.8 -13476
8361 5070.3 -13275.1
8362 5209.5 -13678.7
8363 6313.9 -13460.1
8364 6515.3 -13456.5
8365 7017.8 -13450.7
8366 7122.1 -13648.2
8367 7119.4 -13449.5
8368 7220.7 -13448.4
8369 1231.6 12973.5
8370 7221.7 -13646.8
8371 11085.5 -13407.1
8372 11216.3 -13405.7
8373 11082.5 -13202.5
8374 11321.8 -13404.5
8375 11358.9 -13425.8
8376 11142.8 -13644.3
8377 8142.1 -13436.9
8378 8532.1 -13432.6
8379 8634.4 -13431.4
8380 1102.2 13174.7
8381 9646.4 -13420.6
8382 9747.5 -13419.7
8383 9750.8 -13622.5
8384 10165.7 -13415.6
8385 10163.2 -13212.5
8386 10281.1 -13414.5
8387 10283.3 -13616.8
8388 10393.5 -13210
8389 3143 4389.3
8390 2033.2 4444.5
8391 427.2 13167.6
8392 2202.9 4446.4
8393 1875.2 4441.7
8394 1874.2 4557.5
8395 2201.7 4559.6
8396 1945.6 5706.9
8397 1951 5606.7
8398 1986.3 5016
8399 1985.3 5095.6
8400 2077.4 5017.4
8401 1984.1 5200.8
8402 549.1 13168.9
8403 2121.3 5096.4
8404 1877.8 5095
8405 1876.2 5199.1
8406 2159.5 5203.5
8407 2074.4 5304.2
8408 2029.1 4813.3
8409 2013.5 4902.8
8410 1948 4812.9
8411 2162.7 4813.7
8412 2029.7 4758.3
8413 425.7 13267.9
8414 -9881.1 15514.1
8415 -9795.3 15783.1
8416 -10018.4 15634.2
8417 -9811.6 15807.7
8418 -9764.7 15849.4
8419 7189.9 -10711.9
8420 -1539.9 9081.2
8421 3139.6 10970.1
8422 2766.1 10967.9
8423 2566.4 10965.4
8424 293.1 13166.2
8425 2464.1 10964.2
8426 -9985.9 10857.4
8427 -10092.6 11058.1
8428 -10394.5 11054
8429 -10496.2 11052
8430 -10586.6 10847.9
8431 -10702.3 11048.1
8432 -11309 11059.3
8433 -11406.9 10834
8434 -11513.8 11054.8
8435 -176.9 13150.9
8436 -11610.3 10830.6
8437 -45.6 10935.6
8438 52.1 11138.7
8439 834.2 10944.1
8440 862 10944.4
8441 956.9 10945
8442 1057.7 10946.4
8443 942.3 10973.5
8444 1157.3 11149.9
8445 1663.1 10952.8
8446 3603.4 10779.4
8447 25.6 13157.6
8448 1862.8 10955.3
8449 1864.1 10854.2
8450 2264.1 10960.2
8451 2262.6 11060.7
8452 2063.5 10957.7
8453 -4407.1 11114
8454 -3592.3 10947.3
8455 -3591.9 10920
8456 -3744.3 10945.9
8457 -3744.9 11035.6
8458 -199 13240.2
8459 -3913.3 10950
8460 -3912 10851.9
8461 -3992.5 10956.6
8462 -3993.3 11035.6
8463 -4871.6 10948.2
8464 -4967.4 10947.4
8465 -4615 11112
8466 -4716.2 11111.1
8467 -4816.1 11110.3
8468 -2983.8 10925.3
8469 3109.7 13026.2
8470 -3187.7 11024.1
8471 -3389.2 10921.8
8472 -9174.9 10869.9
8473 -9074.1 10871.8
8474 -9078.4 11075.7
8475 -8972.8 10873.7
8476 -8783.2 11081
8477 -8678.8 10879.1
8478 -8682.9 11082.8
8479 -8477.2 10882.9
8480 3132.7 13221.2
8481 -8582.9 11084.6
8482 -8266.3 10884
8483 -8268.5 10985
8484 -8064.9 10885.2
8485 -8067.1 10986
8486 -7863.1 10886.3
8487 -7055.1 10891.3
8488 -6649.6 10893.9
8489 -6854.9 10892.6
8490 -6651.3 10994.5
8491 3050.6 13389.8
8492 -6447.9 10995.9
8493 -6039.5 10897.9
8494 -5632.4 10901.4
8495 -5630.9 10800.2
8496 -12421.3 10816.1
8497 -12518.3 10814.1
8498 -12428.2 11030
8499 -12513.2 10575.1
8500 3859.2 -10530.7
8501 3759.5 -10658.6
8502 2029.7 14277.6
8503 4012.6 -10439.1
8504 3985.2 -10579.6
8505 3956.8 -10299
8506 -8510.6 13008.9
8507 6459.9 -20897.2
8508 6459.8 -20847.9
8509 6457.1 -21061.5
8510 4194 6764
8511 -9046.2 16425.3
8512 -9030.2 16625.6
8513 2030.6 14212.2
8514 -9189.2 17129.8
8515 -9055.4 17129.1
8516 -9053.7 17230.5
8517 -9119.8 7226.3
8518 -9122.3 7428.5
8519 -9124.7 7630.7
8520 -9128.1 7833.7
8521 -9121.3 8507.5
8522 -9145.3 9045.3
8523 -9148 9250.2
8524 2806.1 13877.4
8525 -9150.6 9452.9
8526 -9159.2 10058.5
8527 -9264.6 10259.2
8528 -9179.2 11073.9
8529 -9289.1 11513.4
8530 -9291 11611.9
8531 -9176.3 14592.7
8532 -5383.8 16604.8
8533 -5383.8 16381.1
8534 -5577.3 16263.4
8535 2428.6 14647.5
8536 -5661.8 16318.1
8537 -5682.7 16094
8538 -9172 14745.7
8539 -9915.2 15418.9
8540 -10261.2 15777.4
8541 -10426 15743.2
8542 -10549.4 15822.1
8543 -10956.3 16102.1
8544 -10959.7 15898.9
8545 -10952.3 16305
8546 2426.8 14811.8
8547 -11068.3 16179.8
8548 -11144.5 16232.7
8549 -11049.8 16206.8
8550 -11141.4 16391.5
8551 -11295.2 16337.2
8552 -11322.1 16355.8
8553 -11395.9 16407.1
8554 -11299.8 16388.3
8555 5455.3 4993.7
8556 5238.7 5348
8557 3906.4 10231
8558 2429.1 14608.9
8559 -1362.2 -5049
8560 -1359.6 -5252.1
8561 -1251.6 -5857.5
8562 -1354.6 -5657.5
8563 -1249 -6061.3
8564 -1346.9 -6264.1
8565 -1244 -6464.1
8566 -1341.9 -6668.6
8567 -1334.3 -7274.3
8568 -1326.7 -7881.7
8569 2195.5 14605.9
8570 -1223.7 -8083
8571 -1313.2 -9299.2
8572 -1310.2 -9501
8573 -1386.9 -3431.6
8574 -1383.2 -3633.6
8575 -1380.2 -3835.9
8576 -1377.2 -4037
8577 -1363.7 2432.7
8578 -1295.6 -3113.6
8579 -1396.8 -2931
8580 2312.6 14607.4
8581 -1264.8 -3151.4
8582 -7498 17379
8583 -7609.1 17415.2
8584 -7447 17458.5
8585 -7557.7 17285.9
8586 -10401.9 16013.3
8587 -10032.6 15820.4
8588 -9640.3 16094.2
8589 -11369.7 15767.7
8590 -7365.5 15983.4
8591 2026 14603.6
8592 -7446.2 15913.8
8593 -7851.9 16024.6
8594 -7996.8 16023.9
8595 -7779.2 16024.9
8596 -8140.5 15923.3
8597 -8239.4 16022.7
8598 -8244.1 15831.8
8599 -8338.7 16022.2
8600 -8443.8 15832.1
8601 -2536.2 -6684.1
8602 2198.5 14402.9
8603 -2970.9 -6589.2
8604 -2972.1 -6487.7
8605 -3174.9 -6591.6
8606 -3173.7 -6692.3
8607 -3377.7 -6594
8608 -3376.8 -6694.9
8609 -3582.1 -6595.3
8610 -3784.9 -6596.2
8611 36.8 12252
8612 35.2 12353.3
8613 2022.7 14806.5
8614 38.3 12150.1
8615 -1986.5 12249.2
8616 -1984.5 12147
8617 -2188.7 12248.4
8618 1646.3 12269.4
8619 -6059.3 12214.8
8620 -6469.6 12313.7
8621 -6466.3 12110.9
8622 2633.8 -13708.9
8623 2586.4 -13709.1
8624 2028.5 14400.6
8625 2691.8 -13505.3
8626 2485.5 -13710.1
8627 2583.7 -13506.4
8628 2488.2 -13913.6
8629 2387.2 -13914.6
8630 1877.7 -13910.2
8631 1574.5 -13718.9
8632 1678.2 -13921
8633 1275.6 -13720.6
8634 1274.8 -13519.9
8635 1920.1 14602.2
8636 1111.9 -13722.5
8637 1121.2 -13455.4
8638 989.2 -13723.9
8639 991.9 -13502.1
8640 867.5 -13725.2
8641 733 -13726.7
8642 598.6 -13728.2
8643 735 -13931.2
8644 464.8 -13729.7
8645 361 -13735.5
8646 1326.9 14594.4
8647 264 -13732.2
8648 259.9 -13453.8
8649 163.6 -13733.5
8650 159.3 -13455.4
8651 63.8 -13734.8
8652 59.4 -13457
8653 4705.6 -13678.9
8654 4606 -13687.4
8655 4713.5 -13770.9
8656 4504.4 -13687.9
8657 1330.9 14696.1
8658 4603.5 -13484.5
8659 4506.5 -13891.9
8660 4404.1 -13685.9
8661 4406.5 -13893.2
8662 3897.4 -13695.4
8663 3899.9 -13898.6
8664 3798.5 -13696.5
8665 3796.2 -13493.9
8666 3700.3 -13901.1
8667 3497 -13699.9
8668 4179.4 9938.7
8669 1323.1 14493.3
8670 3392.7 -13498.4
8671 3193.9 -13701.1
8672 3194.3 -13727.3
8673 3093.3 -13732.1
8674 3090.6 -13520.4
8675 2991.8 -13733
8676 2993.8 -13908.6
8677 2789.1 -13734.8
8678 5994.5 -1744
8679 351.7 -18005.2
8680 1218.7 14592.2
8681 317.9 -18025
8682 344.1 -18043.4
8683 -9829.3 7221.3
8684 -9832.7 7424.3
8685 -9838.2 7829.5
8686 -9841.2 8032.5
8687 -9844.2 8235.9
8688 -9849.7 8642
8689 -9863.9 9548.2
8690 -9874.3 10352.9
8691 1219.8 14492
8692 -9724.1 10354.4
8693 -9876.2 10453.9
8694 -9878.2 10556
8695 -9989.7 11060
8696 -9993.7 11262.1
8697 -9997.7 11464.1
8698 -10001.7 11667
8699 -9904.6 11886.4
8700 -9833.8 10075.9
8701 -9719.6 10076.9
8702 1015 14590.7
8703 -9800.4 13611.4
8704 -9782.3 14413.4
8705 -9803.4 16830.1
8706 -9807 16849.8
8707 -9780.1 16843.4
8708 -9802.4 17129.2
8709 -9798.2 17299.7
8710 -9898.3 17299.6
8711 -9697.3 17300
8712 -13342.2 13437.5
8713 825 14589.3
8714 -13231.8 13439.3
8715 -13451.8 13436.8
8716 -4047.4 5653.2
8717 -4150.3 5651.6
8718 -4062.8 6932.2
8719 -4164.4 6829.7
8720 -3960.3 6876.7
8721 -4050.5 7266
8722 -4056.3 7671.1
8723 -3954.7 7671.9
8724 821.8 14487.2
8725 -4059.1 7873.7
8726 -4062 8077.3
8727 -3957.6 7874.5
8728 -4064.9 8279.6
8729 -4164.4 8076.6
8730 -4067.8 8483.3
8731 -4167.1 8278.8
8732 -4062.3 10104.9
8733 -3783.8 10006.9
8734 -4064 10207.5
8735 826.5 14689.8
8736 -4065.3 10308.5
8737 -4136.6 13422.7
8738 -4034.1 13423.5
8739 -4138.3 13546.9
8740 -4038.3 13749.8
8741 -4082.1 9497.1
8742 -4086.1 9701.3
8743 -3995.2 11116.9
8744 -4124.1 11319.1
8745 -4000.3 11320.3
8746 2324.3 13237.6
8747 -4127.2 11523.5
8748 -4249.5 11521.8
8749 -4130.2 11725.3
8750 -4005.3 11726.7
8751 -4131.8 11926.1
8752 -4138.5 12331
8753 -4141.1 12533.5
8754 -4137.6 12257.7
8755 -4260.7 12330.5
8756 -4014.5 12331.7
8757 2323.8 13391.3
8758 -4144.6 12736.7
8759 -4017 12534.4
8760 -4146.6 12861
8761 -4267.4 12860.3
8762 -4200.1 16102
8763 -4099.2 16037.4
8764 -4175.4 16768.8
8765 1254.3 -13925.2
8766 1181.4 -13925.6
8767 1264.6 -14022.1
8768 2323.9 13593
8769 1276.9 -14121.1
8770 1181.9 -14023.4
8771 1297.1 -14291.2
8772 1182.4 -14122.6
8773 1185.3 -14292.9
8774 1347.6 -14728.4
8775 1413.9 -14264.9
8776 1190.6 -14730.9
8777 1516.2 -14725.8
8778 -6727.1 13915.7
8779 3442.9 11318
8780 2213 13390.5
8781 -6693.3 13731.3
8782 -6809.4 13862.5
8783 -6616.5 17653.1
8784 5520 -5779
8785 7649.4 -5715.7
8786 7006.4 -5601
8787 7003.5 -5439.3
8788 7133 -5599.5
8789 7131.3 -5438.1
8790 -4463 16108.8
8791 2439.4 13392.1
8792 -4742 16449.5
8793 -4681.5 16599.3
8794 -4848.8 16282.3
8795 -6395.6 17511
8796 -6390.3 17615.5
8797 -6404 17392.6
8798 -6745.1 17733.2
8799 -6728.5 17976.8
8800 -6820.9 17739.7
8801 -6806.4 17976.5
8802 2316.7 14281.2
8803 -6668.5 17563
8804 8134.2 -12620.4
8805 8523.1 -12623.1
8806 8624.8 -12622.4
8807 9687.7 -12811.5
8808 9634.8 -12609.8
8809 9738 -12810.9
8810 10031.8 -12785.2
8811 11208 -12796.2
8812 11075.4 -12595.2
8813 2199.7 14279.6
8814 11311.9 -12592.8
8815 11426.1 -12591.3
8816 11542 -12589.8
8817 5198 -12868.6
8818 5599.9 -12760.7
8819 6207.1 -12954.5
8820 6408.4 -12851.1
8821 6407.4 -12750.1
8822 6595.2 -12848.5
8823 6613.6 -12745.5
8824 2432 14282.7
8825 6911.7 -12844.9
8826 5487.7 -3055.5
8827 2816.2 11373.5
8828 2558.5 11369.5
8829 2555.8 11600
8830 2460.2 11368.5
8831 1757.2 11359.6
8832 1860.3 11159.4
8833 1754.8 11590.7
8834 1654.8 11559
8835 2314.9 14404.7
8836 1155.3 11352.4
8837 1150.8 11554
8838 1053.5 11351.2
8839 1056 11148.4
8840 958.3 11349.8
8841 956.1 11552.1
8842 862 11349.8
8843 858.5 11551.2
8844 860.1 11145.8
8845 -2379.2 11334.7
8846 2321.2 13870
8847 -2481.5 11333.6
8848 -2277.4 11341.7
8849 -2376.6 11131.6
8850 -2380.6 11438.6
8851 -2483.4 11536.2
8852 -2580.5 11130.3
8853 -2888.6 11329.2
8854 -2783.7 11194.7
8855 -2888 11293.6
8856 -2942.3 11324.1
8857 2318 14061.9
8858 -2890.7 11532
8859 -3293 11325.9
8860 -3488.3 11323.3
8861 -3392 11123
8862 -3489.6 11428.7
8863 -3597.2 11321.9
8864 -3598.4 11424.5
8865 -3864.6 11322
8866 -3866.1 11422.9
8867 -3861.5 11118.1
8868 2436.6 13871.4
8869 -4002.9 11524.3
8870 -4620.9 11213.3
8871 -11830.7 11247.7
8872 -11835.1 11449.8
8873 -12433.9 11231.7
8874 -12437.8 11433.6
8875 -12536.9 11229
8876 -12640 11226.3
8877 -12645 11428.1
8878 49.5 11341
8879 2309.6 14810.1
8880 -48.4 11137.9
8881 -10498.8 11215
8882 -10503.9 11455.8
8883 -10397.4 11218.6
8884 -10598.9 11216.3
8885 -10593.3 11050.1
8886 -10705.5 11215.3
8887 -10710 11452.4
8888 -5017.4 11310.8
8889 -5016.2 11210
8890 -192 -1216.4
8891 3223 11987
8892 2298.1 15621.3
8893 -4857.9 11413.5
8894 -5443 11308
8895 -5444.1 11409.4
8896 -5229.5 11309.6
8897 -5637.9 11306.4
8898 -5636.5 11205.5
8899 -5843.1 11304.8
8900 -5844.3 11406.6
8901 -6047.1 11405.2
8902 -6044.1 11202.5
8903 2204.4 13868.5
8904 -6453 11300.2
8905 -6554.7 11299.5
8906 -6656.5 11298.8
8907 -6658.3 11408.7
8908 -6653 11096.1
8909 -6759 11298
8910 -6861.5 11297.3
8911 -7063.9 11396.9
8912 -7871.4 11290.4
8913 -7869.4 11190.6
8914 2201.4 14129
8915 -8073.7 11289
8916 -8075.9 11389.8
8917 -8071.5 11189.6
8918 -8275.3 11287.7
8919 -8277.6 11388.5
8920 -8273.1 11188.5
8921 -1163.8 11338.1
8922 -1166.7 11541.2
8923 -1265 11338.2
8924 -1267.8 11541.2
8925 2037.4 13726.2
8926 -1366.1 11338.3
8927 -1363.1 11134.9
8928 -1468.3 11338.4
8929 -1470.9 11541.3
8930 -1972.9 11135.7
8931 -2176.5 11248.8
8932 1113.5 -13286.1
8933 1041.8 -13135.7
8934 4597 -13078.8
8935 800.2 528.7
8936 1921.8 13859.3
8937 597.3 526.8
8938 801 461.3
8939 799.1 630
8940 393.5 523.2
8941 595.9 627.6
8942 190.9 520.9
8943 392.3 625
8944 192 421.9
8945 189.7 622.7
8946 -622.9 511.8
8947 2207.5 13591.6
8948 -827.1 509.9
8949 -621.6 411.4
8950 -624.2 615.6
8951 -12.5 518.7
8952 -215.2 516.7
8953 -11.3 419.7
8954 -13.8 620.3
8955 -214.3 417.3
8956 -216.2 618.2
8957 1004.6 546.2
8958 2361.9 15217.7
8959 1006.6 462.5
8960 981.5 2250.6
8961 980.3 2337.4
8962 791.5 2255.4
8963 168.5 2234.6
8964 240.7 2242.5
8965 169.5 2138.5
8966 -47.3 2239.5
8967 195.6 2505.4
8968 -168 2112.2
8969 2303.6 15217
8970 -237.9 2236.9
8971 -33.8 2137.3
8972 -3283.1 2216.4
8973 -3384.3 2215.8
8974 -3280.1 2013
8975 -3688.6 2212.4
8976 -3690 2313.9
8977 -3586.8 2213.5
8978 -3892 2210.3
8979 -3893.5 2311.5
8980 2020.5 15009.3
8981 -3993.2 2209.3
8982 -4094.1 2208.3
8983 -4094.3 2309.2
8984 -4092.2 2005.8
8985 -6936.9 2177.2
8986 -6941.2 2381.1
8987 -6834.8 2178.2
8988 -7552.9 2373.9
8989 -5697.3 -7527.3
8990 -5798.3 -7528.2
8991 1911.4 15210.6
8992 -5696.1 -7620.8
8993 -5844.6 -4280.3
8994 -5744.7 -4279.3
8995 -5838.8 -4889
8996 -5739.3 -4887.3
8997 -5836.2 -5091.6
8998 -5735.5 -5090.7
8999 -5834.2 -5294.4
9000 -5935.7 -5295.3
9001 -5733.6 -5293.1
9002 3105.2 11981
9003 2561.1 15236.9
9004 -5933.7 -5441.9
9005 -5731.9 -5402
9006 -5931.3 -5703.5
9007 -5824.2 -5902.3
9008 -5949.9 3702
9009 -5824.5 3702.9
9010 -6167.2 3599.8
9011 -5940.5 3199.2
9012 -5815.3 3200.1
9013 -6157.4 3097
9014 2190.2 15011.8
9015 -5791 -7930.1
9016 -5823.1 -7930.5
9017 -100.6 2039.3
9018 -168.1 2038.6
9019 -32.7 2039.9
9020 -12211.1 14632.9
9021 -12614 14628.5
9022 -12310.8 10229.2
9023 -12409.6 10227.6
9024 -12413.1 10414.2
9025 2192.8 14808.5
9026 -12417.3 10618.5
9027 -12441.7 11635.5
9028 -12345 11840.5
9029 -12342 12042.7
9030 -12445.7 11838.2
9031 -12338.9 12249.4
9032 -12443.4 12040.6
9033 -12441.1 12247.7
9034 -12306.4 14425.9
9035 -12212.4 14427.6
9036 1625.8 13990.6
9037 -12307.4 14259.8
9038 -12618.4 14376.3
9039 -12266.2 14260.2
9040 3963.4 5623
9041 3962.1 5709.9
9042 4070.7 6460.2
9043 4069.4 6547.4
9044 4067.7 6655.2
9045 3747.8 6541.5
9046 4197.7 6549.3
9047 1455.9 13988.5
9048 4066.1 6762.1
9049 4056.5 7341.5
9050 4054.9 7423
9051 -6444.8 14778.8
9052 -6210.3 14868.2
9053 -6516 14848.9
9054 -6287.9 14933.2
9055 -6589.8 14636.2
9056 -6406.4 14956.3
9057 -6555.8 14809.9
9058 1627.3 14090.1
9059 4903 2497.7
9060 4901.3 2640.1
9061 3272.4 1030.6
9062 3268.5 835
9063 3263.9 972.5
9064 3208.6 834.7
9065 3347.4 835.3
9066 1731.6 6713
9067 1733 6612.7
9068 1752.1 5299.6
9069 1358.8 13987.2
9070 1616.4 5297.6
9071 1833.5 5300.8
9072 1752.9 5249.2
9073 1753.2 5197.2
9074 1617.9 5195.6
9075 1754.6 5094.3
9076 1756.3 4931.8
9077 1619.2 5093.5
9078 1757.6 4811.8
9079 1674.7 4811.3
9080 1344.9 14080.2
9081 1870.8 4812.5
9082 3438.7 6935.7
9083 3435.6 7135.7
9084 3431.6 7340.2
9085 3331.4 7339.1
9086 3492.2 7341.2
9087 3428.6 7540.3
9088 3434.5 7149
9089 3425.6 7743.1
9090 3418.9 8146.1
9091 1923 13724.8
9092 3458.8 5701.9
9093 -7044.3 4244.4
9094 -13147.2 12880.4
9095 -13312.2 13057.5
9096 -13224.6 13104.6
9097 -13054.6 12862.7
9098 -13137.3 13128.4
9099 -2294.2 -3980.6
9100 -2349.8 583.5
9101 -2265 -3957
9102 1625.8 14200.1
9103 4162 -18139.4
9104 4058.8 -17938.7
9105 4071 -18747.4
9106 4073.6 -18949.2
9107 4079.7 -19353.7
9108 4083.3 -19555.9
9109 3942.4 -9037.7
9110 3962.1 -9239.6
9111 3947.2 -9441.8
9112 4050.7 -9642.4
9113 3239.6 11808.5
9114 1624.6 14296.6
9115 4052.6 -9844.5
9116 3952.9 -9845.9
9117 4064.3 -8025.9
9118 3968.1 -10656.4
9119 4162.8 -10653.6
9120 4057 -7419.9
9121 4091.1 -7419.8
9122 4087.3 -19757.7
9123 4091.7 -19957.3
9124 3965.4 -13897.8
9125 1326.9 14290.3
9126 4088.2 -10047.4
9127 4135.6 -10046.7
9128 4038.4 -8631.9
9129 4344.4 -8627.4
9130 3938 -8633.3
9131 3940.2 -8836
9132 4062.5 -13031.7
9133 4091.8 -13085.1
9134 -3369.3 -7300.5
9135 -3472 -7301.6
9136 1623.3 14395.1
9137 -3877.2 -7304.4
9138 -3975.7 -7507.6
9139 -4280.8 -7509.5
9140 -4888.7 -7513.2
9141 -4790.6 -7311.1
9142 -4990.4 -7514
9143 -5799.9 -7463.2
9144 -5899.3 -7530.2
9145 -6808.9 -7546.7
9146 -6910.2 -7548.3
9147 1221.7 14287
9148 -6914.5 -7343.7
9149 -7012 -7549.8
9150 -7013.1 -7499.3
9151 -7113.7 -7551.4
9152 -7215.2 -7552.9
9153 -7315.7 -7554.5
9154 -7219.4 -7348.9
9155 -7418.1 -7556.6
9156 -7519.5 -7558.4
9157 -7523.3 -7354.1
9158 1223 14187.3
9159 -7620.6 -7560.2
9160 -7618.8 -7659.6
9161 -7723.3 -7561.8
9162 -7727.7 -7357.6
9163 -7824 -7563.6
9164 -7925.7 -7565.4
9165 -8227.8 -7676.5
9166 -8332.5 -7520.5
9167 -8838.4 -7577.4
9168 -8842 -7373.9
9169 1335.3 14188.7
9170 -8940.2 -7578.1
9171 -9039.7 -7579
9172 -9247.1 -7583.6
9173 -9296.3 -7584.8
9174 2407.3 -7440.9
9175 3114.9 -7431.4
9176 3718.5 -7425.2
9177 3921.1 -7318
9178 994.2 -7459.6
9179 793.5 -7462
9180 1223.9 14086.3
9181 891.5 -7256.3
9182 94.8 -7468.6
9183 -10 -7265.4
9184 -49.5 -7469.8
9185 -318.2 -7465.2
9186 -219.8 -7261.3
9187 -423 -7263.6
9188 -723.8 -7470.5
9189 -804.4 -7471.3
9190 -827.4 -7268.6
9191 1091.3 14084.6
9192 -1432.2 -7478.7
9193 -1535.7 -7276.6
9194 -1936.6 -7587.7
9195 1870.9 -4720.6
9196 1872 -4818.8
9197 457 -4728.2
9198 3284.4 -4703.4
9199 3081.9 -4705.4
9200 3283.1 -4602.5
9201 2878.1 -4708
9202 1226 13910.2
9203 3080.8 -4606.2
9204 2880.6 -4808.5
9205 4681.9 -11859.8
9206 4148.1 -11905.9
9207 4683.6 -12068.5
9208 3674.1 -11892.2
9209 3445.9 -11947.9
9210 3537.4 -11830.2
9211 -4919.4 -11984.4
9212 3161.1 -11881.2
9213 971.8 13173.3
9214 3170.6 -12017.2
9215 3062.5 -11679.1
9216 2462.7 -11887.2
9217 1686.7 -11896.5
9218 1653.1 -11896.9
9219 1551.7 -11898.1
9220 1145.7 -11700.6
9221 1047.4 -11903.3
9222 945.9 -11904.3
9223 844.3 -11905.2
9224 2783.8 11977.5
9225 1104.1 12972.1
9226 3329.9 7460.4
9227 3334.4 7139.2
9228 3269.8 8144
9229 3366.1 5236.8
9230 3364.9 5326.5
9231 3363.6 5416
9232 3363 5676
9233 3352.7 6079.9
9234 3445.5 5963.2
9235 3347.3 6328.6
9236 1097.7 13578.9
9237 3345.3 6453.3
9238 3008.4 6474.9
9239 5990.2 -5990.4
9240 6168.9 -6138.2
9241 5931.3 -5960.9
9242 6182.7 -5892.2
9243 6184 -6176.2
9244 2833.1 7013.7
9245 2833.8 6956.8
9246 2700.7 6955.8
9247 967.4 13578.2
9248 -187.2 9387.1
9249 -937.4 10089.7
9250 -937.3 10142.5
9251 -1012.7 10158.9
9252 -1051.6 10196.1
9253 -1146.7 10123.2
9254 -1148.9 10285.8
9255 -1149.2 10326.4
9256 -1190.4 10326.4
9257 -1148.1 10225.2
9258 1100.4 13376
9259 -1292.4 10421.2
9260 -1327.9 10454.7
9261 -1426.3 10545.8
9262 -1457.6 10515.5
9263 -2485.4 11739.1
9264 -2586.3 11535.1
9265 -2790.9 11735.4
9266 -3204 12209.2
9267 -3306.1 12304.6
9268 -3342 12337.4
9269 969.6 13375
9270 -3304.4 12134.5
9271 -3408.8 12336.8
9272 -3409.2 12401
9273 -3511.5 12495.6
9274 -3411 12538.9
9275 -3509.7 12336
9276 -3748.2 12717.9
9277 -3770.5 12739.2
9278 -3958.2 12914.2
9279 -3888.6 12985.8
9280 842.4 13172
9281 -4026.4 13115.9
9282 -4207.5 13147.3
9283 -4444.1 13545.1
9284 -4748.6 13641.6
9285 -4658 13745.1
9286 -4912.5 13778.6
9287 -4705.4 14004.8
9288 -5082.6 13920.8
9289 -5590.2 14348.3
9290 -5956 14656.2
9291 837.4 13577
9292 -5880.5 14549.7
9293 -5984.1 14549.6
9294 -6058.9 14741.9
9295 -6364.5 14997.3
9296 -6292.7 15067.8
9297 -6553 15007.1
9298 -6851.4 15370.8
9299 -6364.2 15369.9
9300 -7242.2 15646.9
9301 -7086 15661.2
9302 963.1 13908.2
9303 -8005 16185.4
9304 -7935.6 16219
9305 -8072.6 16234.8
9306 -7923.2 16128.1
9307 -8121.3 16266.6
9308 -8146.6 16284.8
9309 -8144.2 16468.6
9310 2232 5800.6
9311 2231.3 5849
9312 5299.2 -22093.9
9313 960.9 14083
9314 3178.6 -19360.2
9315 2941.4 -245.3
9316 2857.9 -248.2
9317 3031 -242.2
9318 2996 -6020.3
9319 2998.4 -6222.1
9320 2994.1 -5860.1
9321 2894.7 -6021.5
9322 3000.8 -6424.9
9323 3099.3 -6221
9324 828.8 14081.3
9325 3003.2 -6625.5
9326 3106.9 -6836.9
9327 3008.1 -7167.5
9328 3118.3 -7837.9
9329 3027.2 -8646.3
9330 3029.4 -8848.2
9331 3130.3 -8846.9
9332 3031.6 -9049.9
9333 3034.7 -9251.9
9334 3036.7 -9453.2
9335 2851.2 11977.9
9336 1093.5 13909.2
9337 3137.3 -9452.6
9338 3039.2 -9656
9339 3040.7 -9807.9
9340 3048 -10465
9341 3098.4 -14142.8
9342 3201.5 -14332.7
9343 3095.4 -13907.3
9344 3194 -14142.9
9345 3127.3 -16330
9346 3130 -16532.5
9347 414.6 14071.8
9348 3140.4 -17139
9349 3143.7 -17341.1
9350 3147.1 -17542.7
9351 3045.3 -17543.6
9352 2837.9 -1137.9
9353 2984.5 -5210
9354 3087.5 -5210.5
9355 3132.7 -18754.6
9356 -86 -9934.3
9357 -185.1 -10114.7
9358 538.8 14074.2
9359 -3025.9 -10133.1
9360 -3197.2 -10135.4
9361 -3319 -10136.9
9362 -3338 -10124.3
9363 -3329.7 -10088
9364 4356.9 -10043.7
9365 4563.7 -10040.9
9366 4490.2 -9838.8
9367 4194.9 -9883.9
9368 3743 -10052
9369 415.9 13977.2
9370 3850.8 -9847.4
9371 3791.2 -9848.2
9372 3689.6 -10052.9
9373 3625 -10054.9
9374 3746.1 -9848.9
9375 3626.2 -10096.6
9376 3345.3 -9867.1
9377 2438.6 -10069.4
9378 1932.7 -9895.2
9379 1027.2 -10084.2
9380 412.3 14232.5
9381 825.4 -10085.3
9382 711.2 -9683.3
9383 -5078.1 8271.7
9384 -5178.8 8270.9
9385 -4977.7 8272.4
9386 -5077.3 10299.1
9387 -4971.6 10501.6
9388 -5183.1 16636.7
9389 -5187.1 15774.2
9390 -5288.3 15840.8
9391 421.2 13572.6
9392 -5284.8 16318.7
9393 -5094.2 9488.8
9394 -5200.3 9487.5
9395 -5000.4 9691.7
9396 -5106.8 10095.9
9397 -5075.3 6853.5
9398 -5181.3 6852.4
9399 -5063.3 7259
9400 -5066.2 7475.7
9401 -5168.4 7532.2
9402 422.7 13470.8
9403 -4869.8 7369.1
9404 -5158.6 13337.8
9405 -5055.1 13338.3
9406 -5144.4 13229
9407 4384.3 1957.5
9408 4388.8 1087.9
9409 4451.8 1088.6
9410 4391.1 961
9411 4391.8 924.8
9412 4451.7 962.3
9413 418.5 13775.2
9414 4396.7 676.2
9415 -3404.9 11658.9
9416 -3476 11728.8
9417 -3301.8 11570.4
9418 -3397.8 11728.3
9419 -3298.3 11729.4
9420 -3405.4 12133.8
9421 -3352.2 8082.2
9422 -3251.3 8083
9423 -3353.6 8184.7
9424 545 13574.4
9425 -3366.2 9098.3
9426 -3369.3 9304.1
9427 -3470.8 9304
9428 -3328.2 5254.4
9429 -3426.2 5049.3
9430 -3224.1 5050.6
9431 -3435 5661.5
9432 -3337 5863.6
9433 -3438 5863.2
9434 -3235.7 5864
9435 319.9 13571.6
9436 -3340.6 6067.3
9437 -3238.5 6067.2
9438 -3343.1 6268.7
9439 -3443.9 6268.5
9440 -3241.3 6268.9
9441 -3345.8 6464.8
9442 -3446.8 6464.7
9443 -3346.9 6545
9444 -3349.2 6670.6
9445 -3448.8 6600.2
9446 2822.3 11898.1
9447 534.9 14382
9448 -3244.8 6488.9
9449 -3247.7 6670.6
9450 -3351.4 6869.7
9451 -3346 7070.8
9452 -3452.7 6869.1
9453 -3416.5 12948.3
9454 -3419.5 13145.6
9455 -3315.1 12949.1
9456 -3422.6 13348.5
9457 -3520.3 13144.9
9458 408.7 14482.2
9459 -3317.9 13146.3
9460 -3425.7 13551.3
9461 -3320.8 13349.3
9462 -3428.5 13753.7
9463 -3485.2 10515.7
9464 -3390.6 11022.2
9465 -3290.7 11124
9466 -3370.1 9503.6
9467 -3473.1 9502.6
9468 -3268.4 9504.5
9469 824.8 14283.6
9470 -3475.9 9705
9471 -3381.4 10314.3
9472 -3340.9 7272.1
9473 -3344 7502.4
9474 -3240 7272.6
9475 -3445.8 7501.1
9476 -3346.6 7676.6
9477 -3361.1 7879
9478 -3448.6 7675.7
9479 -3451.9 7878.3
9480 826.1 14182.5
9481 -3248.9 7880.4
9482 1871.5 4595.9
9483 1874.4 4537
9484 1876.4 4312.2
9485 1723.2 4309.6
9486 1770.7 4440
9487 1880.2 4932.5
9488 1871.4 4765.6
9489 1860.6 4626.7
9490 11453.4 -16241
9491 1017.8 14285.2
9492 11857.1 -16445.8
9493 11959 -16245.6
9494 12059.5 -16246.9
9495 12159.9 -16248.4
9496 12259.1 -16451.3
9497 12361.5 -16250.9
9498 12459.8 -16453.9
9499 12562.2 -16253.4
9500 12661.4 -16456.6
9501 12751.3 -16256.5
9502 823.2 14385.4
9503 12848.5 -16459.1
9504 12952.2 -16258.4
9505 4936.2 -16515.9
9506 5032.1 -16313.5
9507 5241.9 -16512.8
9508 5139.2 -16312.2
9509 5340.5 -16309.5
9510 5953.3 -16504.9
9511 5978.3 -16504.6
9512 5949.5 -16301.6
9513 1007.1 15198.3
9514 6014.3 -16300.8
9515 6164.2 -16506
9516 6092.5 -16300.8
9517 6260.9 -16504.1
9518 6162 -16299.7
9519 6254.8 -16298.3
9520 6292.3 -16871.3
9521 9937.4 -16229.6
9522 10138 -16229.2
9523 1403.6 -13923.6
9524 1008 15097.1
9525 1533.2 -14238.1
9526 1661.1 -14724.7
9527 1748.7 -15021.5
9528 1769.3 -14723.8
9529 1339.8 -13924.3
9530 -4402 10406
9531 -4604.3 10303.7
9532 -5626.4 10495.8
9533 -5625 10394.7
9534 -5423.7 10497.9
9535 944.8 15197.4
9536 -5830 10493.9
9537 -5828.9 10394
9538 -6642.9 10487
9539 -6437.3 10388
9540 -6846.8 10485.3
9541 -6641.2 10386
9542 -7048.1 10483.8
9543 -7049.8 10585.7
9544 -7854.3 10477.7
9545 -7852.8 10376.8
9546 1210.7 15201.8
9547 -8055.9 10476.2
9548 -8053.7 10374.4
9549 -8257.3 10474.6
9550 -8569.7 10471.1
9551 -8661.3 10266.3
9552 -8771.2 10467.5
9553 -1455.8 10326.7
9554 -1759.8 10327.1
9555 -3688.7 10510.3
9556 -3789.7 10510.8
9557 2732.5 12087.6
9558 1015.8 14489.9
9559 -3788.7 10411.9
9560 -3988.4 10511.1
9561 -4199.5 10509.5
9562 -4198.1 10408
9563 2571.6 10557.8
9564 1867.8 10549.4
9565 2068.5 10551.8
9566 1869.1 10446.4
9567 1668.7 10445
9568 1063.8 10540
9569 1014 14692.2
9570 1065 10439.9
9571 867.5 10538.8
9572 866.2 10639.5
9573 833.9 10436.9
9574 -8964.2 10430.7
9575 -9065.4 10464.6
9576 -9162.1 10260.4
9577 -9974.6 10251.7
9578 -10385.1 10446.9
9579 -10281.4 10250.7
9580 1016.5 14387.7
9581 -10484.6 10445.3
9582 -10690.8 10441.9
9583 -10558.4 10252.3
9584 -11298 10432.1
9585 -11500.3 10428.8
9586 -11702.8 10425.6
9587 -11799.6 10237.3
9588 -12509.9 10412.7
9589 -12506.2 10225.9
9590 -2877.5 10521
9591 1221 14390.2
9592 -2968.6 10317.9
9593 -3282.3 10517.1
9594 -3179.4 10316.2
9595 11422.1 -12185.1
9596 11389 -12180.6
9597 11423.6 -12388.7
9598 11309.1 -12389.3
9599 11539.8 -12388.4
9600 11448.8 -16842.8
9601 11437.8 -22097
9602 5237.2 5436.6
9603 11337.8 -21894.1
9604 11538.1 -22097.8
9605 11443.7 -11377.2
9606 11342.6 -11378.6
9607 11445 -11579.5
9608 11449.8 -11983.4
9609 11348.4 -11984.8
9610 11446.3 -11781.8
9611 -3459.8 85.7
9612 -618 141.2
9613 2833.2 13296.8
9614 -617.2 77.8
9615 -618.9 209.6
9616 -821.6 139.1
9617 -821.1 106.9
9618 4239.5 234.7
9619 3700 158.1
9620 3698.6 258.3
9621 3561.4 257.6
9622 -820.7 76
9623 -7.4 115.4
9624 2836.4 13085.2
9625 -210.8 113.5
9626 -6.2 19.8
9627 -8.7 217.4
9628 -209.3 13.3
9629 -212.3 214.9
9630 -6852.2 17078.8
9631 -6835.9 17104.2
9632 -6962.4 16905.4
9633 -6936.5 17132.8
9634 -6819.4 17058.7
9635 2733.2 12784.4
9636 -6878.3 17215.2
9637 -4694.8 -6905.4
9638 -4745.5 -6905.8
9639 4324 -6661.8
9640 -126.5 -6655
9641 -228.1 -6654
9642 -325.8 -6856.8
9643 -430.3 -6656.7
9644 -529.1 -6859.5
9645 -1439.8 -6871.5
9646 2839 12887
9647 -1643 -6874.1
9648 -1543.7 -6671.2
9649 -1945.5 -6878.1
9650 -2541.8 -6986.7
9651 -3171.2 -6894
9652 -3172.4 -6793.6
9653 -3374.3 -6896.6
9654 -3478.9 -6695.4
9655 -3885.1 -6697.4
9656 -3984.1 -6900.4
9657 2841.8 12687.7
9658 -7328.7 -6944
9659 -7434.6 -6741.3
9660 -7633.1 -6949.8
9661 -7835.7 -6952.5
9662 -8952 -6966.9
9663 3308.1 -6844.2
9664 3308.7 -6894.2
9665 3108.1 -6940.9
9666 3413.8 -6892.7
9667 3543.3 -6890.5
9668 2651 11975.7
9669 2845.4 12414.6
9670 3409.4 -6620.5
9671 2399.9 -6835.7
9672 1794.6 -6842.2
9673 1893.3 -6639
9674 1492.3 -6845.4
9675 1085.2 -6647.9
9676 988.1 -6850.8
9677 884.8 -6649.9
9678 786.6 -6852.9
9679 683.9 -6651.9
9680 2846.3 12341.6
9681 3814 -6823.7
9682 3712.9 -6825.4
9683 3812.4 -6615.5
9684 3611.2 -6827.5
9685 3710.6 -6616.8
9686 3609.8 -6618
9687 5024.3 -9223.4
9688 5158.1 -9423.3
9689 5290.4 -9218.9
9690 6161.6 -9203.8
9691 2720.8 12413.2
9692 6972.9 -9397.3
9693 7247.1 -9396.4
9694 8096 -9393.4
9695 8544.3 -9389.9
9696 -456.1 3651
9697 -567.9 3549.7
9698 -454.8 3550.6
9699 -3101.4 3628.7
9700 -3099.5 3528.5
9701 -3306.1 3626.9
9702 2829.9 13498.2
9703 -3307.7 3725.4
9704 -3508.5 3625.2
9705 -3510.2 3724.4
9706 -3712.4 3623.4
9707 -3714 3721.8
9708 -3916.2 3621.6
9709 -3915 3522.2
9710 -4121.4 3718.5
9711 -4525.9 3616.4
9712 -49.7 3648.6
9713 2439.3 13494.9
9714 -254.7 3649.8
9715 11973.1 -13804.1
9716 11936.1 -13579
9717 5036.3 -16972.4
9718 -10514.2 17616.9
9719 -6848.1 16895.1
9720 -6712.3 17108
9721 -6658.3 17193.7
9722 -6541.1 16878.9
9723 -6513.1 16981.9
9724 2831.6 13398.6
9725 -6605.1 17277.9
9726 -6485.5 17084.4
9727 -6550.2 17364.9
9728 -6459.3 17183.4
9729 -6495.4 17451.7
9730 -6719.9 17473
9731 -6430.4 17288.5
9732 2637.1 -17345.1
9733 4624.2 -17428.7
9734 4047.3 -17332.3
9735 2439.2 13594.3
9736 4049.5 -17433.5
9737 3946.9 -17333.3
9738 4026.8 -17131.6
9739 3846.9 -17334.3
9740 3950.5 -17535.2
9741 3843.2 -17133.2
9742 383.7 -17566.4
9743 19.4 -17528.8
9744 -90.3 -17395.6
9745 -190.9 -17396.3
9746 2122.3 13389.3
9747 -187.7 -17579.6
9748 -292.2 -17396.9
9749 -289.4 -17580.7
9750 -295.6 -17177.5
9751 -699.3 -17382.3
9752 -1231.2 -17388.7
9753 -1319.5 -17389.2
9754 -1416.4 -17389.7
9755 -1315 -17588.8
9756 -1413 -17590.6
9757 2037.7 13388
9758 -13329 14247.8
9759 -13225.5 14499.6
9760 -13328.5 14398.3
9761 -13023.6 14502.3
9762 -13222.8 13298.3
9763 -13309.1 13296.6
9764 -13134.9 13300.1
9765 7153.1 -7512.9
9766 7129.6 -7577
9767 7058.6 -8186.3
9768 1915.9 13386.1
9769 6956.2 -7984.6
9770 6958.5 -8186.9
9771 -7729.9 16324.1
9772 -7833.5 16272.3
9773 -7727.8 16431.9
9774 -7806.2 16479
9775 -7936.1 16469
9776 9626.8 -12002
9777 9625.6 -11801
9778 9729.4 -12000.9
9779 2450.4 11973.3
9780 1788.2 13384.1
9781 9828.9 -11798.8
9782 10133.7 -11996.3
9783 10234.2 -11794.3
9784 10739.3 -11989.4
9785 10942.8 -11987.1
9786 11021 -11988.1
9787 10941.4 -11813.1
9788 11346.2 -11782.1
9789 9268.9 -12007.4
9790 4919.6 -12057.8
9791 1923.2 13183.2
9792 4790.8 -12059.2
9793 5051.5 -11855.6
9794 5185.1 -11853.8
9795 5320.3 -11851.9
9796 7811.5 -12126
9797 8236.7 -12119.9
9798 8416.3 -12017.5
9799 8517.7 -12015.7
9800 8617.3 -11812.6
9801 6395.3 -11841.2
9802 1906.7 13560.8
9803 -6488.1 13378.1
9804 -4649 -11093
9805 -4589.2 -10818.1
9806 -4604.4 -11295
9807 4540.3 -6198.6
9808 4392.2 -6607.5
9809 4508.6 -14093.6
9810 4610.4 -14092.7
9811 4510.6 -14296.2
9812 4512 -14429.9
9813 1924.9 12980.2
9814 4410 -14297.3
9815 4621.5 -14295.1
9816 4462.9 -14461.3
9817 4535.5 -16217.1
9818 4435.2 -16218.2
9819 4536.7 -16318.6
9820 4635.7 -16317.7
9821 4539.3 -16520.3
9822 4382.2 -5390.3
9823 4306.9 -5391.1
9824 2038.9 13184.4
9825 4555.5 -17933.6
9826 4560.6 -18242.9
9827 4631.9 -17932.9
9828 4463.5 -18244
9829 4572.7 -18945.6
9830 4474.1 -18946.3
9831 4672.4 -18944.9
9832 4577.1 -19157.7
9833 4677.2 -19147.1
9834 4477.3 -19149
9835 1808.4 13182
9836 4580.6 -19350.3
9837 4584.2 -19552.3
9838 4480.5 -19351
9839 4680.4 -19349.6
9840 4587.8 -19754
9841 4483.6 -19552.9
9842 4682.8 -19551.6
9843 4591.3 -19954
9844 4487.2 -19754.8
9845 4687.3 -19753.3
9846 1924.7 12778
9847 4490.8 -19954.1
9848 4465.1 -10648.9
9849 4368.8 -10650.4
9850 4524.4 -10647.6
9851 4477 -11660.1
9852 4389.5 -11661.2
9853 4577.4 -11658.5
9854 11072.4 -12392.9
9855 11240.5 -13815.7
9856 11144.8 -20878.6
9857 1587 12977.2
9858 11042.8 -20877.3
9859 -1341.7 9313
9860 -1442.2 9312.8
9861 -1338.9 9138.5
9862 -1444.4 9515.8
9863 -1540.6 9137.8
9864 2383.4 9253.8
9865 2293.7 9242
9866 1788.4 9335.5
9867 1885.8 9537.7
9868 797.7 12968.9
9869 1688.5 9334.5
9870 1784.3 9536.3
9871 1685.5 9534.9
9872 -9047.4 9250.8
9873 -9049.4 9453.7
9874 -4990 9155.5
9875 -4820.9 9138.2
9876 -2243.2 9311
9877 -2352.7 9213.7
9878 -2557.7 9308.1
9879 675.8 12967.4
9880 -2861.9 9305.9
9881 -2761.9 9509.7
9882 -2864.6 9508.5
9883 -2962.2 9305
9884 -3165.2 9304.5
9885 -3267 9304.8
9886 -937.7 9371.4
9887 -1134.5 9139.1
9888 -5401 9283.7
9889 -5251.6 9285.2
9890 2449.2 12077.7
9891 295.9 12962.8
9892 -5602 9181.2
9893 -5807.4 9279.9
9894 -6008.9 9176.2
9895 -6622.3 9271.3
9896 -6824.7 9167.4
9897 -7733.2 9260.3
9898 -7736.5 9464.6
9899 -7833.8 9259.3
9900 -7830.5 9056.4
9901 -7934.8 9258.3
9902 1689.8 13180.7
9903 -7931.2 9055.4
9904 -7938.9 9462.1
9905 -8035.4 9257.2
9906 -8031.6 9054.3
9907 -8039.1 9460.9
9908 -8136.2 9256.2
9909 -8133.2 9053.3
9910 -8236.4 9255.2
9911 -8233 9052.2
9912 -8239.7 9458.4
9913 1822 12777
9914 -8338.2 9254.2
9915 -8334.1 9051.2
9916 -8439.7 9253.2
9917 -8340.9 9457.2
9918 -3976.7 9194.9
9919 -4180.1 9192.1
9920 -4385.7 9292.1
9921 -4384.1 9189.6
9922 2793.9 9350.2
9923 2694.3 9348.6
9924 1695.3 12978
9925 2798.4 9148.7
9926 2594.1 9346.9
9927 2690.4 9549.8
9928 2698.1 9146.8
9929 2597.9 9145.3
9930 -4786.9 9266.3
9931 -4584.7 9159
9932 7702.6 -8979.4
9933 8124.3 -8786.6
9934 8121.4 -8584.1
9935 1667.8 13382.2
9936 8253.9 -8785.3
9937 8383.3 -8784
9938 8486.2 -8783.2
9939 8588.1 -8782.4
9940 8586 -8580.4
9941 8689.9 -8781.7
9942 9611.3 -8775.2
9943 9608.4 -8572.1
9944 4884.8 -8821.2
9945 4819.4 -8822.7
9946 1648.7 13557.3
9947 5016.6 -8616.4
9948 5149.8 -8816.4
9949 5284.2 -8712.4
9950 5753.5 -8651.9
9951 5854.7 -8803.8
9952 1278.9 -17330.5
9953 1171.4 -17284.2
9954 1197.3 -17517.8
9955 982.7 -17425.4
9956 902.8 -17168.2
9957 1529.3 13380
9958 863.8 -17166
9959 3830.8 -20160.9
9960 3826.3 -20261.6
9961 6374.1 -10010.5
9962 6492.7 -11226.4
9963 6389.6 -11429.9
9964 6392.6 -11636.7
9965 6344.4 -7384.1
9966 6448.5 -7685.8
9967 6351.6 -8190.7
9968 1517.5 13582.9
9969 6552.5 -15888.4
9970 6549.7 -15685.1
9971 6448.6 -15686.1
9972 6417.6 -14470.9
9973 6432.8 -5968.8
9974 6332.5 -6172.8
9975 6430.5 -6479
9976 6326.5 -5564.2
9977 -2845.3 -10733.3
9978 -2918.1 -10734.1
9979 1501 13556
9980 -2856.9 -16391.3
9981 -2845.1 -17000.9
9982 -2990.2 -5068.1
9983 -2987.5 -5271.9
9984 -2883.1 -5474.2
9985 -2982.2 -5678.5
9986 -2970.5 1609.4
9987 -3068.8 1406.2
9988 -3065.1 1203.1
9989 -2965.7 976.3
9990 2837.6 12990.3
9991 -3059.7 594.7
9992 -3056.8 383.2
9993 -2953.6 191.8
9994 -3051.8 -10.9
9995 -2946.8 -417.8
9996 -3043.8 -623.8
9997 -2942.1 -9115.9
9998 -2939.8 -9318.4
9999 -2937.6 -9518.5
10000 -2925.7 -4491.6
10001 721.7 -1005.4
10002 2318.7 11971.7
10003 2639.2 12986.8
10004 510.2 -9176.8
10005 508.9 -9074.7
10006 2327.5 -9160.1
10007 2328.7 -9261.3
10008 2058.2 -9163.7
10009 1923.8 -9165.1
10010 1925 -9266.7
10011 1922.6 -9064.1
10012 1217.6 -16783.2
10013 1089.7 -17471.1
10014 2639.3 12885.7
10015 -228.4 1534.9
10016 -227.2 1433.2
10017 -839.8 1526.5
10018 -839.4 1425.8
10019 -1046.3 1524
10020 -1648.6 1542
10021 5045.2 -18440.1
10022 5269.6 -18441.5
10023 5268.5 -18368.4
10024 8287.6 -5464.6
10025 2440.1 12782
10026 8178.1 -5427.7
10027 7022.7 -13856.5
10028 7130.2 -14225.3
10029 7130.7 -14250.6
10030 7231.2 -14249.3
10031 7030 -14251.9
10032 7134.4 -14460.7
10033 7034 -14462.1
10034 7013.5 -6974.8
10035 7014.1 -7176.2
10036 2789.2 12886.5
10037 7149.5 -7175.1
10038 7065.3 -7378.5
10039 7017.5 -7378.9
10040 6925.7 -4952.8
10041 7002.2 -5276
10042 7003.6 -5762.5
10043 7136.8 -5962.8
10044 7008.7 -6570.5
10045 -369.6 -18790.1
10046 -267.5 -18788.6
10047 2639 13082
10048 -1932 6677.7
10049 -1933.4 6776.5
10050 -1930.6 6576.2
10051 -6849.3 -5304.5
10052 -6847.9 -5505
10053 -6740.3 -5913.4
10054 -6728.9 -6523.5
10055 -7737.4 15949.7
10056 -2556.4 9211.4
10057 -4383.7 9161.4
10058 2639.7 12783.3
10059 -5398.7 9182.8
10060 -5805.4 9178.4
10061 -5599.6 9080.1
10062 -6620.6 9169.6
10063 -6414.4 9071.6
10064 3365 9433.9
10065 2092 9238.6
10066 2295.3 9141.5
10067 2335.9 6719.7
10068 2702.2 6869.1
10069 2641.3 12662.2
10070 2936.8 6871.2
10071 2634.1 6828.3
10072 1627.2 6896.3
10073 1331.7 6378.1
10074 1962.8 6719.2
10075 3744.2 6758
10076 3535.9 7143.3
10077 3543.2 6634.9
10078 4491.8 -2566.3
10079 4462 -2566.5
10080 2495.7 12595
10081 4495.8 -2776.4
10082 4266.1 -2567.6
10083 4264.1 -2602.7
10084 4408.8 -2567
10085 3663.1 -2574.4
10086 3665.4 -2749.4
10087 938.7 -2590.7
10088 87.8 -2605.3
10089 -125.7 -2607.3
10090 -174.3 -2606.9
10091 2652.8 12620.8
10092 -133 -2243
10093 -124 -2773.1
10094 -281.4 -2610.2
10095 -379.8 -2612.2
10096 -218.4 -2609
10097 -279.4 -2818.8
10098 -333.8 -2403.1
10099 -383.1 -2442.4
10100 -1599.3 -2532.8
10101 11082.1 -10504.3
10102 2578.8 12411.7
10103 11240.1 -11178.1
10104 11242.1 -11379.3
10105 11141 -11512.9
10106 11242.7 -11510.8
10107 11139.4 -11683.3
10108 11243.9 -11765.1
10109 -10944.9 16700.1
10110 -10944.2 16737.4
10111 -11136.6 16695.2
10112 -10946.3 16628.6
10113 2452.1 11868.7
10114 2692.7 12502.9
10115 -11138.2 16594
10116 -10685.5 16743.2
10117 -10684.8 16812.2
10118 -10689.6 16634.4
10119 -10942.9 16805.5
10120 -4712.7 11921.3
10121 -4778 11920.7
10122 -4676.2 11921.6
10123 -4711.9 11857.5
10124 -5749 11912.7
10125 822.9 14790.6
10126 -5752.4 12116.8
10127 -5646.5 11913.6
10128 -5850.4 11911.9
10129 -5951.5 11911.1
10130 -5955.3 12115.1
10131 -7781.5 11896.2
10132 -7786.2 12100.7
10133 -7883.3 11895.2
10134 -7985.6 11894.3
10135 -7992.5 12300
10136 768.4 14789
10137 -12547.3 11835.8
10138 -10460.6 17919.2
10139 -10458.5 18023
10140 -10462.6 17822.9
10141 -1050 17999.5
10142 -1249.8 17995.4
10143 -1446.4 17991.5
10144 -1643.1 17987.5
10145 7690.5 -10204.3
10146 8106.2 -10202.1
10147 817.1 14893.2
10148 8501.9 -10197.5
10149 8601.7 -9994.5
10150 8705.1 -10196.1
10151 9718.6 -10185.8
10152 9616.2 -9985.8
10153 10144.7 -10181.5
10154 10462.7 -10177.8
10155 4899.3 -10237
10156 5030.6 -10031.8
10157 5165.8 -10232.9
10158 1012.1 14793.1
10159 6070.8 -10217.2
10160 6170.6 -10013.9
10161 6273.4 -10214
10162 7216.3 -10004
10163 7040.9 -10002.1
10164 -4758.2 15500.7
10165 -4982.8 15410.8
10166 -4762.1 15765.9
10167 -4836.3 15550.9
10168 -5024 15436.7
10169 1010.9 14895.4
10170 -1646 825.7
10171 -1644.2 706.2
10172 -1647.8 908.9
10173 -1749.3 1009.4
10174 -2049.5 803.8
10175 -2048.4 600.3
10176 -2052.8 1007
10177 2349.7 853.1
10178 2219.7 794.8
10179 796.8 832.8
10180 1216.1 14795.8
10181 797.9 731.2
10182 795.6 933.8
10183 593.7 831.3
10184 592.7 932.6
10185 390.1 829.1
10186 594.7 728.9
10187 187.4 826.8
10188 391.2 726.7
10189 389 930.5
10190 -16.4 824.5
10191 1217.5 14694.8
10192 188.6 724.5
10193 186.2 928.5
10194 -15.1 722.3
10195 -17.7 926.1
10196 -219.3 824.3
10197 -220.4 925.8
10198 -217.7 720.1
10199 -368.6 822.9
10200 -626.9 820.4
10201 -831.6 816.4
10202 1333.8 14797.4
10203 -463.5 822.5
10204 -625.5 715.6
10205 -628.2 921.6
10206 -830.1 713.7
10207 -834.6 1021.4
10208 3109.5 835.3
10209 3030.5 835.4
10210 3088.8 752.1
10211 3030.8 806.8
10212 3031.5 750.5
10213 1618.4 14801.1
10214 2894 806.1
10215 2633.5 656.5
10216 2896.5 660.4
10217 2621.5 878.6
10218 2350.1 796.5
10219 2351.4 652.1
10220 -3362.7 798.1
10221 -3467.5 802.7
10222 -3365.3 974.9
10223 -3466.4 705.7
10224 1814.1 11965.7
10225 1329.4 14898.3
10226 -3669.6 806
10227 -3668.5 703.7
10228 -3670.8 906.5
10229 -3871.4 803.4
10230 -4075.1 800.8
10231 -3870 701.7
10232 -3872.8 904.4
10233 3427.9 835.7
10234 3423.1 665.5
10235 3426.1 923
10236 2306.6 15013.1
10237 3350.2 1072.1
10238 -1366.5 -11729.7
10239 -1319.3 -17186
10240 -1420.2 -17186.5
10241 -1449.8 -6064.4
10242 -1349.5 -6062.8
10243 -1447.3 -6265.6
10244 -1548.9 -6267.1
10245 -1444.8 -6466.9
10246 -1344.4 -6465.5
10247 2424.5 15014.5
10248 -1442.3 -6669.9
10249 -1529.1 -7883.9
10250 -1424.6 -8085.4
10251 -1343.4 -16372.7
10252 -1257 -16169.1
10253 -1442.9 -16373.4
10254 -1252.9 -16372.3
10255 -1519.6 -9099.7
10256 -1414.5 -9300.6
10257 -1517 -9301.9
10258 1914.7 15007.9
10259 -1412.2 -9502.3
10260 -1514.4 -9503.6
10261 -1540.1 605.2
10262 -1642.6 604.1
10263 -1438 606.3
10264 -1537.6 403.4
10265 -1639.6 402.5
10266 -1535 201.6
10267 -1531.3 1.2
10268 -1433.2 202.7
10269 1814.5 15006.5
10270 -1667.6 2430.7
10271 -1489.2 -3432.8
10272 -1486 -3634.9
10273 -1590.3 -3434
10274 -1482.7 -3837.2
10275 -1586.8 -3636
10276 -1479.4 -4038.2
10277 -1583.2 -3838.6
10278 -1475.8 -4239.9
10279 -1579.7 -4039.4
10280 1714.9 15005.4
10281 -1458.8 -5456.3
10282 -1461.2 -5253.6
10283 -1562.2 -5255
10284 -1463.5 -5050.4
10285 -1564.9 -5051.7
10286 -1604.5 3659.3
10287 -1627.5 3651
10288 -1629.9 3846.6
10289 -1274 -17588.1
10290 10733.6 -11083.5
10291 1811.8 15209.3
10292 10732.8 -10980.8
10293 7194.8 -11121.1
10294 7195.8 -11221.6
10295 512.5 -9379.4
10296 -4200.5 -9535.1
10297 2329.9 -9362.5
10298 2060.7 -9365.8
10299 2331.1 -9461.9
10300 1926.3 -9367.5
10301 2059.4 -9264.9
10302 1615.7 15004
10303 1927.5 -9467.1
10304 -4941.4 4113.1
10305 -5146 4111.6
10306 -4944.2 4259.8
10307 -4716.2 4261.5
10308 -4946.1 4359.8
10309 -5150.6 4359.5
10310 -4717.8 4356.1
10311 -4948.1 4479.5
10312 -4719.2 4459.9
10313 1614.4 15101
10314 -5132.3 4495.4
10315 -4957.4 4930.7
10316 -4966.8 5031.3
10317 -4790.5 5131.7
10318 -4975.8 5129.2
10319 -5164.7 5127.9
10320 -4977.6 5228
10321 -4792.5 5230.6
10322 -5168.2 5325.5
10323 -4982.4 5639.1
10324 1213.4 14998.8
10325 -5171.5 5537.6
10326 -4983 5739.5
10327 -4983.5 5842.4
10328 -5173.8 5737.5
10329 -4830.3 5844.5
10330 -5014.9 11108.4
10331 -5018.6 11412.3
10332 -5231.3 11410.9
10333 -5019.8 11514.5
10334 -5021 11614.6
10335 1929.9 11765.5
10336 1009.4 14996.2
10337 -5234.5 11612.9
10338 -5087.4 15813.8
10339 -5086.5 15969.7
10340 -4984.4 15970.7
10341 -4959.9 16108.3
10342 -4970.7 7765
10343 -4973.4 7866.6
10344 -4974.9 7968.1
10345 -5173.1 7864.7
10346 -4667.5 7868.8
10347 815.9 14993.7
10348 -4976.6 8071.6
10349 -4806.5 8172.2
10350 -4977.5 8171.4
10351 -5175.9 8069.1
10352 -5123.6 8170.2
10353 -4818.6 9010.3
10354 -5013.6 10299.7
10355 -5051.8 13135.7
10356 -4948.7 13135.7
10357 -5041.6 13042.2
10358 814.3 15095.2
10359 -4952.1 13338.8
10360 -5099.3 12258.3
10361 -5242.8 12257.5
10362 -11248.8 19056.8
10363 -11248.2 19115.2
10364 4948.1 -2560.7
10365 5176.3 -2557.4
10366 5074.4 -2357.8
10367 5076.2 -2559.1
10368 5276.7 -2556.7
10369 1212.1 15098.8
10370 6064 -2443.6
10371 6088.4 -2550.4
10372 6294.7 -2551.2
10373 6246.7 -2415.9
10374 6209.6 -2553
10375 -7578.3 3789.3
10376 -7437.6 3522
10377 -7559.1 2795.2
10378 -7456.5 2710.6
10379 3700.6 -5806.9
10380 1612.9 15206.7
10381 3701.5 -5848.7
10382 3490.9 -5809.8
10383 3889.5 -5845.6
10384 3704.2 -6062.6
10385 3705.2 -6115.2
10386 3891.9 -6060.3
10387 3717.4 -7218.7
10388 3919.9 -7214.8
10389 3766.2 -7882
10390 -11702.9 11117.4
10391 1280.7 15309.9
10392 -11700.4 10290.8
10393 3008.4 -18352
10394 2552.5 -18357.2
10395 2549 -18155.1
10396 3404.8 -18305.6
10397 3257 -18349.4
10398 1157.1 -18152.1
10399 882.5 -18275.2
10400 1065 -18112.7
10401 32 -18383.2
10402 1611.3 15315.5
10403 -73.4 -18182.4
10404 -175.5 -18183.7
10405 4659 -18241.7
10406 4364.7 -18339.9
10407 3964.2 -18343.4
10408 4061.3 -18140.5
10409 3763.5 -18345.2
10410 3860.9 -18142
10411 3263.5 -18426.7
10412 -7052.8 -5308
10413 1720.6 15208.1
10414 -7154.6 -5309.7
10415 -6951.5 -5306.3
10416 -7051.1 -5508.8
10417 -7151.8 -5510.5
10418 -6949.2 -5507.2
10419 -7046.4 -5661
10420 -7141.4 -5679.8
10421 -6979.1 -5647.6
10422 -7041.1 -6123
10423 -7142.6 -6124.7
10424 1923.2 14399.2
10425 -6939.9 -6121.2
10426 -7036.9 -6326.5
10427 -7138.6 -6328.3
10428 -7032.8 -6529.7
10429 -7135.1 -6531.5
10430 -7028.6 -6734.5
10431 -6927.1 -6732.8
10432 -7129.9 -6736.2
10433 -7015.8 -7344.8
10434 -7003.1 -7950.1
10435 1819.9 14601.2
10436 -7206.9 -7953.5
10437 -6978.9 -7949.5
10438 -7302.1 3523.5
10439 -7031.6 3526.7
10440 1848.3 -802
10441 1944.8 -954.7
10442 1799.8 -725.5
10443 1926.6 -753.1
10444 -13022.4 14594.1
10445 -13024.9 14401.9
10446 2258.5 11971
10447 1817.3 14803.7
10448 -11599.9 14546.2
10449 -11596.9 14574.9
10450 -11607.7 14473.4
10451 -11187.9 14483.3
10452 -11392 14478.5
10453 -10414.2 14501.7
10454 -10576.2 14497.8
10455 -10334.1 14503.6
10456 -807.6 14573
10457 -683.3 14674.1
10458 1917.1 14805
10459 -1009.2 14573.1
10460 -1211.8 14573.1
10461 -1599.2 14675
10462 4638.2 -16519.2
10463 4639.4 -16620.3
10464 4.6 -16566.8
10465 -207.2 -16366.4
10466 -393.1 -16569.6
10467 -307.9 -16367.1
10468 -3058.6 -16695.9
10469 1717.6 14802.5
10470 3933.9 -16526.1
10471 3830.3 -16324.4
10472 3432.7 -16530
10473 -3999.4 13088.7
10474 -3956.4 13189.2
10475 -4029.4 13259.2
10476 -3922.9 13089.3
10477 3932 7553.4
10478 3891.5 7483.6
10479 3829.5 7747.2
10480 1720.3 14599.7
10481 3927.5 7832.6
10482 3725 7947.6
10483 3920 8051.9
10484 3975.8 -14804.9
10485 3811.3 -14706.3
10486 -6037.9 -5296.5
10487 -6030.4 -5904.5
10488 -6000 -7933.1
10489 -6094.2 -7934.8
10490 -6168.5 3699.9
10491 1621 14598.4
10492 -6159.7 3198.1
10493 -6503.6 3295.2
10494 -7458.4 -5314.8
10495 -7559.9 -5316.5
10496 -7356.8 -5313.1
10497 -7455.5 -5516.6
10498 -7557.4 -5518.4
10499 -7355.1 -5513.6
10500 -7342.7 -5719
10501 -7554 -5759.9
10502 1723.1 14396.5
10503 -7442.6 -6333.4
10504 -7346.3 -6128.2
10505 -7341.2 -6331.7
10506 -7439 -6536.9
10507 -7544.2 -6335.3
10508 -7336.9 -6535.1
10509 -7539.4 -6538.6
10510 -7332.8 -6739.6
10511 -7535.4 -6742.6
10512 -7410 -7957.3
10513 1607.7 15553.7
10514 -7557.3 -7959.4
10515 -6001.3 16535.5
10516 -5894.2 16703.9
10517 -6112.1 16362.1
10518 -6086 16589.8
10519 -5916.6 16481.3
10520 -5980 16758.2
10521 -5809.5 16650.4
10522 -8107.7 15698.3
10523 -8013.5 15756.8
10524 1606.1 15669.6
10525 -8145.7 15698.7
10526 -8142.7 15831.3
10527 -8147.4 15617.2
10528 7196.9 -11323
10529 1105.5 -13926.7
10530 1040.7 -14129.5
10531 1603.1 -15357.2
10532 1199.5 -15739.7
10533 1204.6 -16157.9
10534 1401.4 -16153.2
10535 1539.2 15610.9
10536 1205.7 -16246.6
10537 1402.8 -16243.9
10538 1409.6 -16347.1
10539 1041.2 -16706.8
10540 1467.8 -16680.2
10541 1433 -16778.2
10542 1439.7 -17013
10543 1048 -3412.4
10544 947.1 -3412.9
10545 1050.4 -3612.9
10546 1726 15455.1
10547 949.2 -3612.9
10548 1052.7 -3815.3
10549 951.7 -3815.1
10550 1054.6 -4017.1
10551 954.3 -4017.8
10552 957.1 -4220.6
10553 1064.5 -4825.9
10554 963.3 -4826.8
10555 1066.9 -5027.7
10556 964.2 -5028
10557 1755.6 11965.2
10558 1617.1 14902.4
10559 1069.2 -5229.7
10560 1169.8 -5229.4
10561 1071.2 -5432.1
10562 969.3 -5431.5
10563 1078.3 -5634.7
10564 971.9 -5633.1
10565 1076.3 -5838.8
10566 1076.8 -5880.2
10567 974.5 -5839.5
10568 1178 -5879.4
10569 1619.7 14699.9
10570 1078.6 -6041.3
10571 978.1 -6042.2
10572 1080.8 -6242.7
10573 1181.9 -6241.7
10574 1083 -6446.1
10575 983.1 -6446.9
10576 985.6 -6648.9
10577 1110.2 -8667.1
10578 1112.6 -8869.6
10579 1011.4 -8870.2
10580 1622.5 14496.2
10581 1115.1 -9071.7
10582 1118 -9274.2
10583 1014.1 -9072.3
10584 1120.9 -9475
10585 1016.7 -9274.7
10586 1123.8 -9678.8
10587 1019.2 -9475.7
10588 1021.8 -9680
10589 794.4 1035.5
10590 802.5 326.5
10591 1319.9 14391.4
10592 965.2 3581.8
10593 863.1 3580.6
10594 1126.7 -17971.7
10595 979 2432.8
10596 977.8 2512.5
10597 863.4 -1438.3
10598 1027.9 -1584.2
10599 824.4 -1585.7
10600 825.7 -1688.3
10601 1034.1 -2194.1
10602 813.3 15191.9
10603 930 -1991.6
10604 1036.1 -2396.6
10605 933.1 -2194.7
10606 936 -2397.4
10607 1132.9 -10486.5
10608 1135.5 -10689
10609 1031.7 -10487.6
10610 1033.9 -10689.9
10611 1242.8 -11294.2
10612 1045.1 -11701.6
10613 812 15287.8
10614 1155.5 -12509.3
10615 1053.5 -12510.5
10616 5057.8 -19244
10617 5167.9 -19242.7
10618 -4186.9 9700.1
10619 -8917.5 7227.7
10620 -8919.5 7429.9
10621 -9020.7 7429.2
10622 -8817.8 7430.6
10623 -8922.6 7631.4
10624 776.3 15188.1
10625 -9024.2 7630.8
10626 -8820.5 7632
10627 -8925.1 7834.9
10628 -9026.7 7834.3
10629 -8823.2 7835.5
10630 -8874.5 16424.8
10631 -8845.4 16424.3
10632 -8898 16624.6
10633 -8727.4 16624.3
10634 -8921.3 17027
10635 647.7 15184.4
10636 -8918.9 17230.5
10637 -8824.8 17230.7
10638 -8997.5 13662.2
10639 -8975.3 14593
10640 -9075.9 14592.8
10641 -8948.1 9454
10642 -8745.7 9454.5
10643 -9052.3 9655.5
10644 -8846 9657.2
10645 -8957.9 10060.6
10646 401.4 15048.4
10647 -8962.7 10353.2
10648 -8960.9 10262.8
10649 -8976.8 11077.5
10650 -2652.5 395.3
10651 -2547.2 194.6
10652 -2569.9 1789
10653 -2567.2 1612.3
10654 -2433.5 -12041.9
10655 -2004.7 -12035.1
10656 5520.5 -5816.5
10657 652.3 14787.8
10658 5521.2 -5878.2
10659 4842.5 -5585.4
10660 6328.6 -5767.3
10661 6201.2 -5833
10662 6330.4 -5969.7
10663 6499.6 -5767
10664 9649.7 -13623.6
10665 9715.7 -9782.5
10666 9717.2 -9984.9
10667 9749 -9782.1
10668 1709.9 12191.5
10669 1214.8 14897.6
10670 9724.1 -10991.8
10671 9725 -11132.4
10672 9726.3 -11396
10673 9727.3 -11597.7
10674 9624.3 -11397.2
10675 9728.4 -11799.9
10676 9624.9 -11598.8
10677 9668.4 -9178.5
10678 1965.3 17647
10679 1741.1 17643.2
10680 810.9 16013.4
10681 1971.4 17538.2
10682 1743 17530.8
10683 1631.5 17641.3
10684 1560.1 17640
10685 1569.1 17528.7
10686 1468.8 17434.4
10687 882.6 17526.4
10688 781.5 17627.6
10689 783.3 17524.9
10690 777.8 17764.9
10691 814.8 15743.3
10692 412 17497.8
10693 -1356.6 17591.7
10694 -1355.1 17389.8
10695 -1454.5 17590.2
10696 -1554.8 17588.4
10697 -1555.5 17386.8
10698 -2044.7 17580.8
10699 -2048.2 17233.3
10700 2095.6 9037.2
10701 2497.9 9043.7
10702 937.7 16015.5
10703 2161.4 5055.5
10704 2161.6 5018.6
10705 2292 5056.4
10706 2289.8 5176.5
10707 2293.5 4934.9
10708 -1538 5061.5
10709 -1905 4881.4
10710 -2110.5 5057.7
10711 -2108.1 4880.5
10712 -2412.5 4879.2
10713 812.7 15560.9
10714 -2717.6 4899.4
10715 -2819.3 5053.2
10716 -2821.9 5256.4
10717 -3529.3 5118.3
10718 1484.8 5092.7
10719 1487.1 4930.3
10720 1354.2 5092
10721 1344.3 5091.4
10722 1351.6 4928.9
10723 1247.1 5090.6
10724 941.9 15562
10725 1250.1 4927.9
10726 1146.9 5089.2
10727 1149.3 4926.8
10728 134.6 4994.2
10729 -5162.9 5028.9
10730 -5366.3 5027.9
10731 -5364.9 4928.1
10732 -5772.5 5027.5
10733 -6286 5013.6
10734 -6393.5 5013.7
10735 780.4 14384.9
10736 -6396.9 5214.7
10737 -6517 5012.7
10738 -6635.8 5012.2
10739 -6632.8 4885.5
10740 -7360.1 5009.1
10741 2773.8 5054.6
10742 2775 4939.1
10743 2842 5057.3
10744 2722.4 -17041.8
10745 2685.2 -16940.7
10746 838.8 13374.1
10747 2835.5 -17041.3
10748 2833.9 -16939.5
10749 816 -17038.7
10750 581.3 -17039.3
10751 316.3 -17043.6
10752 591.1 -16957.5
10753 314.8 -16998.4
10754 12 -17049.8
10755 10.8 -16970.3
10756 -195.7 -17074.7
10757 795.6 13171.5
10758 -384.7 -17075.9
10759 -194 -17176.8
10760 -197.4 -16972.1
10761 -386.4 -16973.9
10762 3841.6 -17032.3
10763 4617.3 -17025.8
10764 4444.3 -17026.9
10765 4627.1 -17126.6
10766 -2843.1 -17103.5
10767 -3045.5 -17105.9
10768 790.3 13576.8
10769 -3047.5 -17005.6
10770 3633.6 -8840.3
10771 3637.7 -9041.3
10772 3435.8 -8843.7
10773 3734.3 -8838.9
10774 3640.7 -9243.7
10775 3738.4 -9040
10776 3492.7 -9043.2
10777 3568.9 -9244.8
10778 3742.6 -9242
10779 1649 11964.5
10780 833.6 13907.3
10781 3673.5 -3379.4
10782 3749.3 -3480.2
10783 3827.6 -16121.6
10784 3857.9 -17940.7
10785 3870 -18748.9
10786 3873.1 -18950.7
10787 3878.9 -19355
10788 3883.6 -19557.2
10789 3886.3 -19759.2
10790 3790.7 -19959.8
10791 784.8 14080.1
10792 3889.9 -19959
10793 3781.8 -12290.5
10794 3682.3 -12478.8
10795 3805.5 -14303.6
10796 3818.7 -15311.9
10797 3443.8 -7834.9
10798 3606 -7933.1
10799 3767.1 -7933.1
10800 3607.5 -8034.2
10801 3621.1 -9648.4
10802 198.1 14908.2
10803 3576.7 -9648.9
10804 3747.9 -9646.3
10805 3622.6 -9850.6
10806 3799.9 -20572.7
10807 3908.3 -20937.5
10808 -1005.8 14371
10809 -1007.5 14471.6
10810 -805.9 14371.5
10811 -1208.5 14370.6
10812 -805.8 14471.5
10813 403.3 14886.4
10814 -685.7 5368.1
10815 -688.5 5671.4
10816 -894.4 5771.6
10817 -897.7 6074.8
10818 -898.7 6173.9
10819 -1103.8 6173.3
10820 -902.6 6481
10821 -903.2 6580.9
10822 -698.3 6581.8
10823 -805.9 7291.1
10824 404.4 14785.4
10825 -904.5 7088.1
10826 -914.1 7792.8
10827 -866.9 7894.2
10828 -983.2 8374.5
10829 -979.6 8706.7
10830 -1127.9 8601.8
10831 -938.8 10230.5
10832 -742.5 10142.5
10833 -937.9 10326.5
10834 -935.3 10419.9
10835 529.2 14786.6
10836 -934.1 9112.4
10837 -988.9 13358.6
10838 -990.4 13460.6
10839 -1212 13459.9
10840 -991.9 13562.6
10841 -1022.7 15382.8
10842 -1049.4 15309.9
10843 -1029.1 15787
10844 -1032.3 15994.9
10845 -1048.7 18099.5
10846 200 14783.4
10847 -1047.3 18200.2
10848 -1247.8 18095.4
10849 -1045.9 18300.3
10850 -850.3 18204.3
10851 -1243.9 18296.1
10852 -1044.6 18400.8
10853 -1042.7 18501
10854 -1239.7 18497.3
10855 -1040.8 18601.6
10856 -849.3 18405
10857 405.5 14684.6
10858 -1237.6 18597.1
10859 -1033.3 19005.2
10860 -1229 19001.2
10861 -1894.3 -3658.5
10862 -1988 -3850.4
10863 -1884.2 -4043
10864 -1983.5 -4044.2
10865 -1821.9 -9305.5
10866 -1926 -9103.7
10867 -1819 -9504.7
10868 1232.8 13376.9
10869 -1923.3 -9306.3
10870 -1742.4 -16184.3
10871 -1844.3 -16185.2
10872 -1840.5 -16378.7
10873 -1965.5 2021.9
10874 -2064.3 1844.9
10875 -1962.3 1793.5
10876 -1959.7 1617.3
10877 -2058.3 1412.8
10878 -1941 197.7
10879 1359.2 13377.8
10880 -1838.3 -16987.4
10881 -1972.4 -5056.8
10882 -1865.2 -5461.9
10883 -1964.1 -5666.4
10884 -1956.5 -6272.1
10885 -1953.5 -6474.4
10886 -1949.6 -6676.5
10887 -2000.9 -3433.7
10888 -11822.8 11047
10889 -11839.4 11650.7
10890 1648.1 12066.2
10891 1371 12165.5
10892 -4046.8 -3323.1
10893 -4044.6 -3450.7
10894 -3785.4 -2986.7
10895 -3618.7 -3318.3
10896 -3936.6 -3449.8
10897 -4144.5 -3858.6
10898 -3930.6 -3856.5
10899 -4025.1 -4263.4
10900 -3910.8 -4669.6
10901 -4010.5 -4873.2
10902 1647.2 12166.5
10903 -3908.3 -4872.4
10904 -4008.2 -5072.9
10905 -3906.1 -5045.3
10906 -4005.7 -5280
10907 -3903.4 -5279.3
10908 -4003.3 -5483.6
10909 -4103.8 -5484.4
10910 -3901.1 -5482.7
10911 -4000.9 -5686.2
10912 -3893.8 -6091.1
10913 1369.6 12266.8
10914 -3992.3 -6293.8
10915 -3891 -6293.3
10916 -3990.2 -6496.3
10917 -3888.8 -6495.2
10918 -3986.9 -6697.9
10919 -3969.2 -8113.9
10920 -3962.4 -8721.1
10921 -3861.2 -8720.1
10922 -4123.3 3826.4
10923 -4114.3 3321.3
10924 1366.6 12570.7
10925 -3909.4 3220.2
10926 -4077.4 595.6
10927 -4055.5 -633.7
10928 -3956.6 -428.7
10929 -4105.7 2820.6
10930 -4097.1 2489.1
10931 -4095.7 2410.3
10932 -4096.5 2456.8
10933 -3895 2412.8
10934 -4108.4 1193.2
10935 1367.4 12468.9
10936 -4105.3 970.6
10937 -4077.6 961.8
10938 -4090.1 576.1
10939 -4184.1 1396.4
10940 -3981 1398.4
10941 -8017.5 18180.5
10942 -7927.7 18236.2
10943 -8047.8 18240.3
10944 -7977.1 18114
10945 -7838.4 18291.3
10946 2446 12410.2
10947 -7940.8 18445.6
10948 -7879.9 18159.2
10949 -7638.9 18415.2
10950 -7786.8 18208.7
10951 -8243.2 18071.4
10952 -8119.2 18147.9
10953 -8187.6 17982.7
10954 -8252.5 18143.1
10955 -8149.2 18241.5
10956 -8063.8 18059.9
10957 2448.5 12290.9
10958 1615.3 5397.2
10959 1613.9 5498.4
10960 1480.9 5395.5
10961 1482.1 5295.7
10962 1345.3 5393.8
10963 1143.9 5290.9
10964 -5370 5225.9
10965 -5574.7 5324.6
10966 -5776 5220.6
10967 2681.6 5421.4
10968 2330.7 12408.8
10969 2681.1 5514.5
10970 2682 5370.8
10971 2561 5419.3
10972 2774.9 5423.1
10973 2560.3 5369.2
10974 -7107.3 17241.4
10975 -6998.5 17411.6
10976 -7217.6 17068.7
10977 -7192.4 17295.5
10978 -7021.6 17186.9
10979 2440.1 12713.4
10980 -7083.2 17465.5
10981 -6940.5 17379.6
10982 -10293.4 11055
10983 -10403.8 11659.2
10984 -10507.7 11656.8
10985 -10350.2 17172.4
10986 -10314.7 17422.8
10987 -10450 17255
10988 -10250.4 17089.7
10989 -10311.4 17623.9
10990 2617.6 12331.3
10991 -10412.5 17620.4
10992 -10456.4 18125.1
10993 -10452.2 18324.9
10994 -10298.4 18429.6
10995 2064.4 -9668.8
10996 -6852.8 10789.6
10997 2464.8 10859.1
10998 2064.8 10856.7
10999 -3591.1 10855.1
11000 -3913.8 10813.7
11001 1705.2 11964.9
11002 2312.7 12429.9
11003 3045.2 -1568.3
11004 2842.8 -1543.7
11005 2884.4 -5112.8
11006 2887.1 -5427
11007 3092.3 -5618.6
11008 3105.4 -6711.4
11009 3129.6 -12178.1
11010 3021.5 1466.6
11011 3019.5 1581.4
11012 2940.4 1466.4
11013 2313.1 12389.5
11014 3256.9 -18066
11015 3258.3 -18145.8
11016 3069.5 -18956.1
11017 -147.4 3165
11018 -145.8 3045.7
11019 -43.8 3162.5
11020 1.2 -7870
11021 103.9 -8070.6
11022 8.1 -8676
11023 109.6 -8674.9
11024 2842.6 12623.2
11025 10.7 -8877.3
11026 -98.8 -8878.5
11027 111.5 -8876
11028 13.6 -9078.5
11029 115.1 -9077.8
11030 -95.9 -9079.7
11031 16.8 -9280.5
11032 -92.9 -9282.5
11033 118 -9280.1
11034 19.1 -9483.2
11035 3259.4 3614.1
11036 -91 -9483.8
11037 121 -9482.7
11038 21.3 -9685.6
11039 22.7 -9844.4
11040 125.8 -9834.2
11041 50.9 -12923.8
11042 54.1 -13127.5
11043 151.1 -12923.4
11044 154.3 -13126.3
11045 -42.1 -13128.7
11046 3148.4 3613.4
11047 66.4 -13938.3
11048 -31.5 -13939.5
11049 68.9 -14140.8
11050 169.3 -14139.5
11051 71.5 -14343
11052 171.6 -14341.8
11053 -29.8 -14344.5
11054 -137.4 2338.8
11055 -233.6 2337.8
11056 -35.4 2339.9
11057 3260.8 3543.8
11058 7.2 -5744.5
11059 203.7 -5742.3
11060 11.2 -6016
11061 -17.3 -6016.1
11062 94.3 -6015.7
11063 9.6 -5888
11064 127 -10699.3
11065 33.5 -10609.7
11066 34.8 -10700.2
11067 33.9 -10633.1
11068 3500.2 3617.4
11069 -75.4 -10700.5
11070 -143.5 -1340.5
11071 -137.1 -1595.9
11072 -15 -6246.4
11073 -135.4 -6016.6
11074 -13 -6455.3
11075 -131.5 -6248.1
11076 94.7 -6045.4
11077 -128.6 -6452.6
11078 99.5 -6454.7
11079 3491 3542.7
11080 -11 -6657.3
11081 101.5 -6656.6
11082 -212.9 2038.2
11083 103.1 -16369.9
11084 203.3 -16368.3
11085 -128 13.9
11086 -5.2 -81.4
11087 4485.3 -4175
11088 4518.4 -4174.4
11089 4429.5 -4175.5
11090 3379.8 3616.3
11091 1461 -4217.4
11092 754.4 -4221.8
11093 854.2 -4019.2
11094 657.4 -4020.6
11095 -4933.5 -4272
11096 -4732.1 -4068.4
11097 3824.3 6334.1
11098 3517.5 6082.4
11099 3601.8 6214.7
11100 -5410.9 9789.4
11101 3377 3755.2
11102 -5815.7 9683.5
11103 -6425.5 9677.8
11104 -6429.7 9881.7
11105 -3576.8 9705.5
11106 -3779.5 9704.6
11107 1681.6 9737.4
11108 2684.7 9852.8
11109 2686.6 9752
11110 -2766.8 9860.8
11111 -2764.8 9709.8
11112 -11753 15432.5
11113 5007.1 117.3
11114 1514.5 11963.3
11115 3622 3672.6
11116 -12232.9 15347.4
11117 3747.6 -3378.4
11118 -7362.7 17403.8
11119 -7253.4 17573.7
11120 -7472.4 17231.5
11121 -7277.8 17349.8
11122 -7300.6 17603.6
11123 -7169 17520
11124 -7205.4 17669.5
11125 -7338.8 17627.3
11126 3625.2 3759.7
11127 -7082.2 17655.7
11128 -7143.1 17694.9
11129 -7055.3 17687.1
11130 11860.7 -15840.5
11131 11859.5 -16043.5
11132 11858.3 -16244.4
11133 11853.6 -17051.7
11134 11744.7 -18260
11135 11745.4 -18462.9
11136 12150 -18467.4
11137 3621.3 3829.6
11138 11748.4 -19007.4
11139 11349 -18458.5
11140 11846.2 -21089.2
11141 11798.9 -20112.1
11142 11722.9 -22353.7
11143 -2566 -7897.1
11144 -3158.2 -8006.2
11145 -3360.4 -8008.7
11146 -3159.3 -7904.9
11147 -3362 -7907.5
11148 3255.8 3755.1
11149 3928.7 -7931
11150 3927.4 -7830.3
11151 -2527.5 -8098.2
11152 -4375.3 -8015.7
11153 -4376.6 -7915.7
11154 -12540.4 11430.8
11155 -12543.8 11632.9
11156 -12642.2 11630.4
11157 -12542.9 12239.8
11158 -12545.1 12038.5
11159 3064.3 3753.5
11160 -12647.8 12235.5
11161 -2707.7 4290.1
11162 -2505.4 4272.8
11163 -2735.9 4292.5
11164 -2506.1 4350.3
11165 -2751.4 4607.8
11166 -2614 4823.2
11167 -2901.3 12341.1
11168 -2903.8 12543.9
11169 -2816.6 13555.1
11170 3497.9 3757.2
11171 -2733.4 6069.3
11172 -2831.2 5865
11173 -2837.8 6270.8
11174 -2740.4 6472.1
11175 -2687.8 6472.3
11176 -2841.8 6471.9
11177 -2742.2 6573
11178 -2743.5 6673.3
11179 -2744.9 6772.3
11180 -2542.5 6773.3
11181 3374.3 3900.3
11182 -2746.3 6873.5
11183 -2747.6 6973.1
11184 -2847.9 6873.4
11185 -2546 6974.4
11186 -2740.9 7075.2
11187 -2833.8 7276.8
11188 -2735 7469.1
11189 -2735.3 7495.6
11190 -2838.9 7680.8
11191 -2842.1 7883
11192 3133.8 12348.6
11193 -2849.6 8289.4
11194 -2968.2 9708.4
11195 -2841.1 15579.2
11196 -2846.1 15987.9
11197 -2856.5 16761.8
11198 780.2 2147.8
11199 574.8 2144.9
11200 983.3 2150.7
11201 -235.9 2104.1
11202 -5556.5 16486.1
11203 2847.1 12287.9
11204 -5746.8 16372.5
11205 -5640.3 16541.5
11206 -5723.7 16596.2
11207 -6195.9 16416.2
11208 -6171.3 16644.4
11209 -6256.3 16698.9
11210 -6066.7 16802.8
11211 -6280.5 16470.1
11212 -6192 16800.2
11213 -6366.5 16525.3
11214 3655.9 1746
11215 -6341.3 16753.3
11216 -6451.1 16579.6
11217 -6310.2 16801.8
11218 -7047.1 16960.1
11219 -6922.8 17332.9
11220 -7132.2 17014.2
11221 -7303 17123.4
11222 -7594 17551
11223 -7404.1 17669.2
11224 -7781.1 17428.4
11225 1651.7 11763.5
11226 3533.6 1745
11227 -7705.1 17621.9
11228 -7516.2 17740.8
11229 -7892.9 17500.3
11230 -7817.8 17693.6
11231 -7629 17812.6
11232 -8004.9 17571.5
11233 -8000 17953.4
11234 -8122.8 17877.7
11235 -10373.6 14303
11236 -12694.5 12828.3
11237 3656.4 1618.6
11238 -3009.4 12845.9
11239 -3008 12744.7
11240 -3212.5 12844
11241 -3213.8 12947.5
11242 -778.8 12855.8
11243 -777.2 12753.2
11244 -4727.9 12794.8
11245 -4729.8 12934.6
11246 -4726.7 12733
11247 -6478 12820.4
11248 3693.2 672.2
11249 -6681.3 12818.7
11250 -6682.9 12925.4
11251 -241.5 2540.9
11252 -442.4 2438
11253 -246.3 2439.1
11254 -441.2 2335.8
11255 -244.8 2337.9
11256 -440 2235.8
11257 -383.6 -2409
11258 -480.6 -2410.8
11259 3653.4 672
11260 -378.7 -2713.6
11261 -479.1 -2816.7
11262 -371.2 -3419.3
11263 -369.1 -3621.4
11264 -469.3 -3622.6
11265 -268.3 -3620.2
11266 -367 -3821.9
11267 -265.5 -3820.5
11268 -336.6 -6047.3
11269 -333.9 -6249.2
11270 3695.5 483.4
11271 -236.4 -6045.5
11272 -331.1 -6451.6
11273 -435.2 -6250.7
11274 -328.3 -6655.3
11275 -230.4 -6450.2
11276 -415.6 -7870.4
11277 -310.8 -8071.4
11278 -304.7 -8679.2
11279 -301.8 -8880.9
11280 -403.1 -8882
11281 3692.3 758.2
11282 -199.9 -8879.7
11283 -299.2 -9082.9
11284 -196.8 -9081.4
11285 -400.8 -9084.3
11286 -296.4 -9285.6
11287 -398.9 -9286.9
11288 -195.1 -9284.2
11289 -293.6 -9487.3
11290 -193.3 -9485.9
11291 -396 -9488.6
11292 3781.9 673.2
11293 -392.8 -9691.2
11294 -76.6 -17983.2
11295 -115.2 -15757.7
11296 -105.5 -16365.8
11297 -193.3 -17227.2
11298 -92.6 -17176
11299 -87 -17578.6
11300 -457.4 3750.8
11301 -646.1 3750.4
11302 -554.1 3286.1
11303 4250 1219.2
11304 -351.3 -4832.1
11305 -452.9 -4833.1
11306 -252.7 -4830.6
11307 -348.8 -5035
11308 -346.4 -5237.2
11309 -450.2 -5036.4
11310 -248.9 -5033.5
11311 -447.6 -5239
11312 -344.1 -5439.8
11313 -341.1 -5692.6
11314 4386.5 1219.5
11315 -242.2 -5438.3
11316 -441.8 -5694
11317 -285.6 -5691.7
11318 -358.1 -4225.9
11319 3904.6 6653.4
11320 3823.7 6758.7
11321 3972.7 7340.2
11322 3892.5 7420.8
11323 3971.5 7421.9
11324 3890.4 7552.8
11325 4250.8 1094.6
11326 3831.9 7487
11327 -8039.9 16468.3
11328 -8142.7 16570
11329 -8276.6 16424
11330 -8535 16279.4
11331 -36 2398.2
11332 238.6 2372.3
11333 236.8 2505.6
11334 420.8 2251.3
11335 417.4 2506.7
11336 1248.7 11961.2
11337 4191.2 1218.5
11338 -3284.8 2317.6
11339 -3487.5 2316.2
11340 -3486.1 2214.9
11341 -3489.2 2415.6
11342 -3691.4 2413.5
11343 -12616.5 14861
11344 -1419.1 14979.7
11345 -5580.6 6040.6
11346 -5379.1 6144.5
11347 -5682.7 6040.1
11348 3852 4885
11349 -5684.1 6244
11350 -5785.5 6039.6
11351 -5783.7 5836.9
11352 -5886.8 6039.1
11353 -5888.5 6242.9
11354 -5988.5 6038.6
11355 -6299.2 6037.1
11356 -6296.9 5834.5
11357 -6653.6 6035.3
11358 -6413.3 6137.4
11359 3665.5 4884.5
11360 -6807.8 6136.2
11361 622.8 6292.8
11362 -1206.7 6073.1
11363 -1308.1 6072.7
11364 -1410.2 6274.9
11365 -1924.7 6165.2
11366 -2834.6 6068.8
11367 -3138.4 6067.6
11368 -3441 6066.3
11369 -3542.1 6065.9
11370 3851.3 4973.2
11371 -3539.8 5862.8
11372 -3643.7 6064.6
11373 -3646.4 6267.1
11374 -3746.2 6063.2
11375 -3743.4 5859.9
11376 -3848 6061.9
11377 -3850.5 6264.3
11378 -3950.5 6061.1
11379 -4156.4 6158.7
11380 -4360.3 6156.1
11381 3862 4795.4
11382 -4669.9 6051.1
11383 -4564.4 6153.5
11384 1123.5 6857.7
11385 8232.1 -11716
11386 8413.4 -11713.9
11387 8231.7 -11614.5
11388 8412.4 -11613.9
11389 6394.8 -11767.5
11390 9734.4 -15826.6
11391 9834.7 -15827
11392 3850.1 5067.1
11393 2348.1 7930.8
11394 -3018 -10735.5
11395 -3189.4 -10730.6
11396 6321.9 -5019.8
11397 6475.4 -5021.5
11398 6320.6 -4958
11399 6239 -6660.3
11400 6221.2 -6626.9
11401 6241.5 -6715.9
11402 6337.7 -6717.4
11403 3614.1 4970.9
11404 3780.9 -548.2
11405 3799.1 -1155.7
11406 3695.8 460.9
11407 3564 385.2
11408 3748.1 517
11409 3697.2 359.8
11410 3580.1 358.6
11411 3790.8 -3377.8
11412 3750.2 -3580.6
11413 -1601.3 -2933.8
11414 3847.4 5241.5
11415 -1398.5 -2831.6
11416 -580.5 -2817.8
11417 3665.6 -2809.5
11418 -13394.9 13295.6
11419 4847.4 -5989.2
11420 4985.1 -6190.6
11421 4716.5 -6194.4
11422 5120.4 -6188.7
11423 -10984.9 14287.2
11424 -10983.3 14385.7
11425 3727.3 5240.4
11426 -11189.6 14382.9
11427 -10950.5 16405.5
11428 -10698.1 16309.3
11429 -10948.8 16497.4
11430 -10696.9 16421.6
11431 -11139.8 16492.4
11432 -10948.4 16519.5
11433 -10946.9 16599
11434 -10695.1 16525.4
11435 -10904 18415.8
11436 3849 5151.4
11437 -1552.3 7891.6
11438 -1907.8 8341.2
11439 -7817.5 8246.9
11440 -7813.5 7992.9
11441 -7918 8246.1
11442 -8019.1 8245.4
11443 -7920.1 8366.8
11444 -8015.2 8039.4
11445 -1357.9 8357.9
11446 -1241.5 8359.3
11447 1251.1 11758.1
11448 3845.8 5331.2
11449 -1239.4 8244
11450 -1123.6 8360
11451 -1124.8 8442.1
11452 -1122.9 8305.8
11453 91.7 8374.5
11454 92.8 8307.3
11455 -2202.2 8090.9
11456 -2342.2 8293.6
11457 -2949.6 8288.6
11458 -3152.3 8287.5
11459 3966.9 5242.8
11460 -2948.1 8187.5
11461 -3253.8 8286.1
11462 -3150.5 8186
11463 -3758.3 8079.4
11464 -3862.1 8281.2
11465 -3960.6 8078
11466 -4165.7 8177.4
11467 -4573.7 8377.9
11468 -5383.5 8269.9
11469 -5484.9 8268.5
11470 3726.3 5418
11471 -5584.6 8065.2
11472 -5686.2 8064.8
11473 -5791 8266.1
11474 -5890 8062.9
11475 -5991.9 8063.4
11476 -6299.7 8262.2
11477 -6395.6 7975
11478 -8121.6 8333.1
11479 -8222.5 8300.8
11480 -8122.8 8418.3
11481 3965.6 5420.1
11482 -8218.1 8038.6
11483 -8322.6 8269.7
11484 -8319.5 8038.2
11485 -8423.2 8238.9
11486 -8624.8 8239.1
11487 -8623.8 8111.8
11488 7788.2 -9901.6
11489 10233.5 -9890.1
11490 6878 -9920.9
11491 6978.8 -9950
11492 3237.1 11752.4
11493 6978.9 -9920.1
11494 665.6 -5283.9
11495 10286.4 -14227
11496 10142 -9981
11497 10269 -10583.2
11498 10268.8 -12401
11499 10271.5 -12602
11500 10229 -10986.3
11501 10230.3 -11189.2
11502 10331.3 -11188.1
11503 3236.5 11728.2
11504 10231.6 -11390
11505 10131 -11391.2
11506 10232.9 -11592
11507 10131.9 -11593.1
11508 10334.2 -11793.2
11509 10238.1 -20259
11510 10336.3 -20666.2
11511 10335.5 -20868.9
11512 10332.2 -21072
11513 10232.2 -20867.8
11514 3190.7 11801.4
11515 10279 -13211.2
11516 10168.1 -13618.1
11517 10185.5 -13821.3
11518 9833.1 -15234.6
11519 9933.4 -15233.3
11520 9934.5 -15625.5
11521 9835.2 -16027.8
11522 9936.1 -16027.6
11523 9836.3 -16229.8
11524 -10521.3 16630.1
11525 3484.3 11035
11526 -10517.6 16816.5
11527 -10482.4 10252.1
11528 -10584.7 10252.4
11529 -10606.8 11454.1
11530 -10613.5 11654.3
11531 -10620.1 11750.9
11532 -10510.9 11822.7
11533 -10559.7 15209.2
11534 -10556.4 15505.4
11535 -10689.4 15215.4
11536 3172.6 10896.6
11537 -10582 10058.3
11538 3052.9 -2347.2
11539 2650.4 -2379
11540 -505.8 -2411.3
11541 -585.1 -2474.2
11542 833.7 -2398.2
11543 729.6 -2195.9
11544 3812.5 -2370
11545 3661.3 -2472.2
11546 2256.9 -2382.7
11547 3541.5 10891.7
11548 2253.8 -2212.6
11549 2222.6 -2577.9
11550 -3179.9 -6187
11551 -3382.7 -6189.5
11552 -3179.2 -6287.4
11553 -3586.8 -6190.8
11554 -3384 -6088.9
11555 -3790.2 -6191.1
11556 -3788.9 -6292.7
11557 3892.5 -6112.6
11558 1182.3 11960.7
11559 3452.9 11110
11560 -7203 18077.5
11561 -7327 17858.5
11562 -7233.5 18158.6
11563 -7159.7 17963.1
11564 -7243.9 -6126.4
11565 -7239.8 -6330
11566 -7235.7 -6533.3
11567 -7231.5 -6737.9
11568 -7255.6 -5311.4
11569 -7252.9 -5512.4
11570 3559.9 10937.2
11571 -7241.8 -5699.8
11572 -7441.4 3722.2
11573 2585.4 5184.9
11574 2606.1 5262.5
11575 2685 5193.9
11576 2586.8 4700
11577 2491.3 4561.5
11578 2585.9 4772
11579 2489 4699.4
11580 2585.3 4816.6
11581 3711.5 10453.5
11582 2487.6 4815.7
11583 2681.4 4817.2
11584 2584.2 4937.8
11585 -279.2 -18085
11586 1175.1 -5635
11587 913.9 -12570.7
11588 1185.4 -13117
11589 -3923.8 4121.1
11590 -3625.8 4122.7
11591 -3722 4269.1
11592 3817.3 10220.4
11593 -3723.7 4374.4
11594 -3518 4270.7
11595 -3925.4 4267.6
11596 -3519.2 4358.7
11597 -3927.1 4391.8
11598 -3725.8 4506.7
11599 -3521.2 4509.7
11600 -3727.6 4613.1
11601 -3914.5 11035.4
11602 -3816.7 12916.2
11603 3681.8 10581.6
11604 -3717.6 12823.9
11605 -3718.6 12914.8
11606 -3721.1 13088.5
11607 -3832.7 13751.4
11608 -3574.5 9501.7
11609 -3786.7 10209.3
11610 -3790.7 10611.5
11611 -3741.1 5658.6
11612 -3845.4 5858.4
11613 -3641.1 5861.3
11614 5237 93.8
11615 -3751.8 6465.9
11616 -3954.6 6463.7
11617 -3753.8 6566.6
11618 -3549.2 6568.3
11619 -3754.7 6667.3
11620 -3957.5 6665.6
11621 -3756.1 6766.2
11622 -3653.7 6710.8
11623 -3857.4 6821
11624 -3758.3 6934.6
11625 5489.6 123.9
11626 -3858.9 6933.8
11627 -3745.6 7269
11628 -3846.4 7268
11629 -3751.6 7067.4
11630 -3752 7673.4
11631 -3650.4 7674.1
11632 -3872.8 16766.5
11633 503.1 -16363.5
11634 402.7 -16365.1
11635 325.6 -2198.3
11636 4273.4 -195.8
11637 426.2 -2197.7
11638 375.4 -6249.3
11639 453.6 -12919.9
11640 543.6 -12792.2
11641 588 -12917.9
11642 360.1 -13528.8
11643 467.9 -13933.1
11644 367 -13934.6
11645 470.7 -14135.8
11646 473.6 -14338.2
11647 4316.9 71.1
11648 370 -14137
11649 282.2 1234.3
11650 182 1233.6
11651 387.9 -10173.1
11652 431.8 -10356
11653 389.8 -10356.5
11654 432.9 -10446.4
11655 390.8 -10446.8
11656 426.3 -10493.9
11657 428.9 -10696.4
11658 4303.3 675.2
11659 344.5 -10697.1
11660 396.5 -8067.7
11661 410.5 -8370.2
11662 412.7 -8672.1
11663 392.6 -8672.3
11664 416.9 -8974.3
11665 417.4 -9075.4
11666 216.4 -9076.6
11667 4453.7 -551.7
11668 4248.1 -702.3
11669 985.4 11958.5
11670 4304.4 407.5
11671 3857.2 -547.2
11672 5305 -19545.2
11673 5607.3 -4867.4
11674 5689.1 -4866.2
11675 5812.5 -4864.4
11676 6195.8 -4858.3
11677 6319.1 -4856.6
11678 7979.1 -4841
11679 8064.3 -4840.2
11680 7978.4 -4737.3
11681 3795.6 65
11682 8075.7 -4941.7
11683 1240.7 5634.2
11684 1337 5636
11685 1242.4 5493.5
11686 1238.9 5771.4
11687 1138.8 5632.7
11688 1037.4 5631.2
11689 1140.9 5492.1
11690 -2233.1 15584.4
11691 -11498 15494.3
11692 5177.1 673.5
11693 -11243.4 15575
11694 -11489.5 15570.2
11695 1756.6 15683.5
11696 1757.9 15561.4
11697 1090.2 6299.9
11698 1129.2 6300.5
11699 1027.5 6298.9
11700 1118.5 6454.1
11701 -1208.5 6275.4
11702 -1310.4 6275.2
11703 5175.9 831.4
11704 -1899.7 6272
11705 -3001.7 6358.7
11706 -3143.4 6435
11707 -3951.2 6161.3
11708 -4157.6 6260.1
11709 -4565.5 6254.6
11710 -4672 6253.2
11711 -4670.9 6152.1
11712 -4774 6251.9
11713 -5177 6246.8
11714 5298.6 646.7
11715 -5176.3 6144.1
11716 -5177.7 6346.9
11717 -5379.9 6245.7
11718 -4908.2 6250.4
11719 -6417.9 6240
11720 -6655.5 6137
11721 6269 -6638.6
11722 6336.9 -6575.8
11723 7659.9 -6612.2
11724 -295.1 -1597.7
11725 5313.1 682.7
11726 -2810.3 6672.9
11727 -2851.4 7074.3
11728 -2914.1 6872.4
11729 -2914.5 13352.6
11730 -2917.2 13554.4
11731 -2911.7 13149.1
11732 -3013.6 13148.4
11733 -2909 12947.7
11734 -2808.2 12948.6
11735 -2906.3 12745.5
11736 5436.1 116.6
11737 -3002.6 12340.2
11738 -2892.8 11734.4
11739 -2991.5 11530.9
11740 -2929.7 5663.7
11741 -2943.4 6470.6
11742 -2863.4 6672.6
11743 -2866.6 10115.4
11744 -2960.2 10114.3
11745 -2871.6 10318.6
11746 -2836.1 7465.5
11747 5429.5 683.2
11748 -2836.6 7490.5
11749 -2948.8 15993.1
11750 -2958.3 16762.4
11751 12151.1 -17859.5
11752 12252 -17660.5
11753 12452.2 -17863.6
11754 12351.3 -17661.7
11755 5260.7 -17928.4
11756 5038.7 -18086.3
11757 5727.3 -17925.3
11758 5048.9 479
11759 5731.2 -17876.3
11760 5812.6 -17924.9
11761 6177.6 -18082.7
11762 6593.5 -18942
11763 6685.4 -12341.4
11764 6631.4 -12646
11765 6522.9 -13253.1
11766 6140.2 -15589.6
11767 6123.9 -15691.1
11768 5941.8 -15693.5
11769 5314.2 539.7
11770 6105.1 -15793.7
11771 5943 -15795.5
11772 5944 -15896.7
11773 6051 -16098.1
11774 -1655.4 2025.1
11775 -1763.1 2023.9
11776 -2066.8 2021.4
11777 -2069.7 2225.9
11778 -2165.5 1844.3
11779 374.8 2044
11780 951.7 11958.1
11781 5409.5 190.5
11782 2333.6 2042
11783 2202.8 2065.9
11784 2399.6 2144
11785 12665.3 -15848.9
11786 12168.9 -14926.8
11787 12171.3 -14843
11788 12167.6 -15021.6
11789 12236.1 -15013.8
11790 1354.5 4693.2
11791 1355.9 4625.2
11792 5368.3 181.1
11793 1198 4693.6
11794 1358.4 4433.7
11795 1354.9 4392.5
11796 1358 4479.8
11797 1357.2 4530
11798 1356.3 4580
11799 3253.2 7459.2
11800 458.2 -18014
11801 429.5 -17982.4
11802 617.9 -18088.9
11803 4346.2 -399
11804 397.4 -18020.9
11805 423.7 -18014.7
11806 5097.8 -4367.7
11807 5705.8 -4359.5
11808 5707.3 -4158.4
11809 6112.1 -4153.3
11810 6211.4 -4151.9
11811 7122 -4144.7
11812 -7852.2 -6136.8
11813 -7848.2 -6340.9
11814 4280.2 -874.8
11815 -7948.8 -6342.7
11816 -7746.4 -6339
11817 -7844.3 -6544
11818 -7742.4 -6542.2
11819 -7945.3 -6545.7
11820 -7840.3 -6748.1
11821 -7738.5 -6746.4
11822 -7941.7 -6749.8
11823 -7816.7 -7962.9
11824 -8018.9 -7965.7
11825 4289.6 -1332.9
11826 -7863.2 -5322.1
11827 -7965.3 -5323.3
11828 -7762.4 -5319.9
11829 -7866.2 -5119.1
11830 -7861.3 -5523.4
11831 -7760.3 -5521.4
11832 -7858.6 -5724.1
11833 -7962.3 -5524.7
11834 -7757.3 -5722.3
11835 -7959.3 -5725.8
11836 5614.1 995.4
11837 -7857 -5819.9
11838 -7756.3 -5800.3
11839 4646.7 6961.8
11840 4542 7153.7
11841 4546.8 6773.7
11842 4640.6 6775.1
11843 -5616.7 16766.5
11844 -5603.3 16787.9
11845 -5532.2 16712.9
11846 -9630.5 16810.4
11847 5562.7 1249.9
11848 -8344.9 16724
11849 -8344 16824.9
11850 918.4 16684.8
11851 -34.2 16702.8
11852 -135.2 16701.5
11853 -36.2 16803.5
11854 -8725.3 16721.6
11855 -4474.4 16771.8
11856 -9967.3 16792
11857 1840.6 -1172.7
11858 5450.3 1454.3
11859 -4584.1 -6499.2
11860 -4555.2 -12378.8
11861 -4750.7 3713.9
11862 -4750.1 3683.6
11863 -4752.7 3821.4
11864 -4747.6 3549.7
11865 -4931 3548.2
11866 -4539.3 -10557.1
11867 -4641 -10558.1
11868 -4591.2 -10760.3
11869 -4033.7 3050.1
11870 3013.5 2008.3
11871 2206.4 1854.8
11872 3402.2 2277.4
11873 3411.4 1742.9
11874 2173.5 3884.2
11875 -3102.9 3727
11876 -3309.3 3833.1
11877 -6796.4 7405.2
11878 -6797.1 7446.3
11879 -1923.1 7480.3
11880 -3440 3055
11881 -2198.3 7482.9
11882 -2333 7472
11883 -2329.3 7280.5
11884 -2334 7538.3
11885 -5343.8 7459.1
11886 -5352.1 7590.2
11887 -5441.9 7458
11888 -5440.3 7356.7
11889 -5730.7 7454.9
11890 -5735.4 7703.3
11891 984.8 12161.7
11892 162 3203.8
11893 -5728.9 7353.6
11894 -5979 7352
11895 -5989.4 7870.6
11896 -6281.4 7248
11897 -6386.4 7449.3
11898 -6487.9 7448.3
11899 -6389.4 7596.5
11900 -6484 7246
11901 -6589.5 7447.8
11902 -6592 7594.8
11903 272.9 3204
11904 -6690.9 7446.8
11905 -6687.1 7243.9
11906 -6800.6 7668.2
11907 1115.9 7512.1
11908 1014.1 7510.5
11909 1113.9 7718.7
11910 811.6 7507.4
11911 609.4 7504.7
11912 -3547.7 7500.5
11913 -3544.4 7271
11914 879.1 3208.1
11915 -3550.2 7674.9
11916 -1197.2 7504.3
11917 -1286.4 7493.3
11918 -1197.1 7483.7
11919 -1290.8 7690.9
11920 -1383 7492.8
11921 -1489.5 7501.9
11922 -7702.5 7438.4
11923 -7737.6 7438.2
11924 -7804.1 7437.7
11925 1116.8 3171.4
11926 -7800.3 7235.7
11927 -7903.8 7437
11928 -8006.6 7436.3
11929 -8004.5 7234.3
11930 -8084.1 7435.7
11931 -8166.1 7639.4
11932 -8201.6 7434.9
11933 -8273 7232.3
11934 -8275.3 7434.4
11935 -8278.2 7638.1
11936 1678.7 3216
11937 -8412.3 7433.4
11938 -8682.7 7431.6
11939 -8547.6 7432.5
11940 -8681 7229.1
11941 -9984.3 7422.7
11942 -309.4 -16264.7
11943 4434.1 -16116.9
11944 12066 -15021.5
11945 12266.2 -15236.3
11946 12408.9 -15229.4
11947 1791.3 3217.2
11948 5123.5 -15299.1
11949 5225.9 -15297.6
11950 5325.3 -15094.2
11951 10031.3 -15030.6
11952 10134.5 -15029.3
11953 1551.9 8132.9
11954 1879.2 10043.2
11955 1673.7 10142.8
11956 1881.7 10246.5
11957 1861.6 11055.5
11958 2051.9 3185.7
11959 1654.3 11589.6
11960 1751.8 11764
11961 1516.4 11761.7
11962 -2328.2 7119.9
11963 -2335.1 7684.3
11964 -2341 8190.8
11965 -2475.2 8190.3
11966 -2362.2 10025.8
11967 -2363.4 10122.1
11968 -2365.2 10287.1
11969 2664 3180.6
11970 -2466.2 10322.4
11971 -2322.5 10324.4
11972 -2509.8 13355.2
11973 -2534.1 15379.3
11974 -2435.7 15582.3
11975 -2438.8 15784.5
11976 -2335 15583.4
11977 -2442 15992.4
11978 -2540.9 15783.3
11979 -2445.2 16183.1
11980 3369.7 4188
11981 -6378.2 4219.3
11982 -6378.1 4251.5
11983 -6379.8 4414.8
11984 -6500.6 4415.2
11985 -6384.1 4587.5
11986 -6644.4 5529.1
11987 -6404.5 5631.1
11988 -6294.8 5631.3
11989 -6406.3 5733
11990 -6648.1 5733
11991 3251 4187.3
11992 -6408 5834
11993 -6524.3 9475.3
11994 -6431.1 9982.4
11995 -6432.6 10084
11996 -6534 10083
11997 -6435.6 10286.5
11998 -6448.8 11047.7
11999 -6450.5 11148.6
12000 -6456.5 11509.4
12001 -6674.9 12413.2
12002 855.3 11957.3
12003 3367.7 4329.9
12004 -6486.3 13276.2
12005 -6588.3 13377.3
12006 -6492.3 13509.8
12007 -6460.1 13642.4
12008 -6497.2 14342
12009 -6572.8 14511.1
12010 -6517.4 14566.4
12011 -6659.1 14427.1
12012 -6490.7 7595.6
12013 -6424 6540.9
12014 3372.1 4049.6
12015 -6661 6438.6
12016 -6425 6641.5
12017 -6662.8 6538.9
12018 -6407.1 6842.6
12019 360.8 3161
12020 517.5 3163.3
12021 -2087.9 3235.7
12022 -3704.1 3121.9
12023 -3501.8 3224.8
12024 -3907.7 3120.5
12025 3491.9 4047.9
12026 -3705.8 3222.8
12027 -4110.7 3118.8
12028 -4925.1 3211.7
12029 -5125.3 3106.8
12030 4444.4 3210.4
12031 386.8 1133.8
12032 183.4 1132.6
12033 589.7 1134.6
12034 387.9 1032.1
12035 184.8 1030.6
12036 3495.3 3901.9
12037 591.7 1032.9
12038 395.7 322.6
12039 390.5 218.6
12040 193.2 320
12041 397.9 121.6
12042 196.6 19.5
12043 495.8 -7865.9
12044 507.6 -8974.2
12045 722.2 -12917
12046 567.9 -13932.4
12047 3618.2 4046.9
12048 150.3 3713.3
12049 614.7 -16596.2
12050 782.5 -17166.4
12051 468.7 -5740.9
12052 204.9 -5845.4
12053 390.9 -1130.2
12054 322.8 -1995.2
12055 461.4 -5128.6
12056 663.5 -5126.5
12057 462 -5182.3
12058 3489.6 4187.8
12059 481.5 -6653
12060 343.6 -6654.8
12061 -6945 15562.2
12062 -6941.4 15684.6
12063 -6945.6 15535.2
12064 -7282.7 15801
12065 -7028.8 15743.1
12066 -7249.4 15900.7
12067 -835.7 1059.9
12068 -1194.7 7324.2
12069 3247.3 4330.1
12070 -1192 7086.2
12071 -1110.8 7324.6
12072 -1284.7 7323.8
12073 -1200.2 7691.5
12074 -1203.4 7892.9
12075 -1300.8 13803.8
12076 -1236.2 9112
12077 -1236.9 9138.8
12078 -1240.9 9516.1
12079 -1342.9 9515.9
12080 3151.4 4329.4
12081 -1310.7 9717.7
12082 -1345.1 9748.2
12083 -1345.1 9717.7
12084 -1447.3 9796
12085 -1446.5 9717.8
12086 -1294 7892.6
12087 -1122.1 8244.5
12088 -1335.5 15994.9
12089 -1439.4 16187.6
12090 -1345.6 16585.3
12091 3246.1 4390.6
12092 -1353.6 17187.7
12093 -1455.7 17388.3
12094 -1126.3 4200.8
12095 -1177.5 4342
12096 -1080.7 4342.3
12097 -1270.4 11743.2
12098 -1369.1 11541.3
12099 -1272.4 11945.6
12100 -1372.1 11743.4
12101 -1169.5 11742.9
12102 2978.5 4328
12103 -1275.3 12146.3
12104 -1379.9 12347.7
12105 -1281.2 12548.8
12106 -1287.9 12956.6
12107 -1384.8 12752.3
12108 -1388.7 12956.4
12109 -1304.2 5736.3
12110 -1305.9 5871.2
12111 -1327.3 15586.3
12112 -1356.5 15557.1
12113 820.7 11957
12114 2979.5 4264.4
12115 -1227.3 15585.9
12116 -1325.2 15383.4
12117 -6734.6 14502
12118 801.4 428.4
12119 600.1 324.3
12120 195.4 120.9
12121 2152.8 1763.1
12122 2205.3 1763.7
12123 2047.6 1601.6
12124 2206.6 1660.9
12125 2977.4 4389.3
12126 2015.5 1553.7
12127 -7347.3 4238.6
12128 -7353.9 4624.8
12129 -7598.2 5103.1
12130 -7370.9 5624
12131 5236.5 -16107.7
12132 5338.5 -16106.5
12133 5239 -16310.9
12134 5335.6 -15903.5
12135 6159.9 -16095.8
12136 2881.9 4326.8
12137 10036.4 -16027.4
12138 9935.9 -15826.7
12139 10037.7 -16229.4
12140 10136.5 -15827.3
12141 11960.3 -16044.7
12142 11961.6 -15840.9
12143 12060.6 -16045.9
12144 12161.4 -16047.1
12145 12061.7 -15841.6
12146 12261.4 -16048.3
12147 3082.9 4329.1
12148 12162.6 -15843.4
12149 -1057.2 8251.4
12150 -1102.7 8289
12151 -1037.7 8235.2
12152 -10782.1 14292.5
12153 -10679.7 14295.5
12154 3459.4 5676.1
12155 2458.9 -14337.8
12156 2621.7 -14147.1
12157 2478.1 -14268
12158 3487.9 4329.7
12159 2511.9 -14149.6
12160 1877 -13950.5
12161 1848.9 -14309.4
12162 1761.6 -13986.5
12163 4411.1 -14434.1
12164 4408.2 -14094.5
12165 3970.7 -14402.3
12166 1043.6 -14331.2
12167 906.9 -14130.9
12168 269.8 -14138.2
12169 3367.3 4388.2
12170 -33.5 -14143
12171 -26.5 -14545.9
12172 -3289.1 -5274.7
12173 -3190.8 -5273.8
12174 -3193.2 -5069.4
12175 -3288.5 -5480.4
12176 -3188.4 -5477.9
12177 -3388.8 -5683.5
12178 -3357.3 188.7
12179 -3256.3 189.5
12180 3610.3 4330
12181 -3254.1 -13.3
12182 -3350.7 -422.5
12183 -3315.6 -3850.5
12184 -3415.7 -3851.5
12185 -3213.9 -3849.5
12186 -3311.7 -4054.2
12187 -3411.9 -4055.1
12188 -3209.3 -4053.1
12189 -3300 -4665
12190 -3148.2 -17156.1
12191 3608 4450.5
12192 -3154.8 -17206.4
12193 -3249.1 -9119.7
12194 -3244.7 -9321.8
12195 -3147.3 -9118.4
12196 -3346.1 -9121.4
12197 -3376.1 1606.5
12198 -3372.5 1404.1
12199 -3474.6 1403.3
12200 -3269.4 1404.8
12201 -3368.7 1201.2
12202 3487.8 4450.2
12203 -3472 1200.6
12204 -3262.4 975.2
12205 -3222.1 -15401.7
12206 -3081.5 -15519.4
12207 -3083.8 -15399.8
12208 1605.5 15711.2
12209 1604.1 15812.8
12210 1418.9 15711.2
12211 -11259.8 15672.5
12212 -1529.1 15586.5
12213 3602.3 4699.8
12214 -1526.2 15384.2
12215 -1604 15758.3
12216 -1752.2 15374
12217 -2236.1 15785.5
12218 -2331.4 15380.9
12219 -2537.5 15581.5
12220 -2636.8 15378.4
12221 -1225.2 15450.8
12222 -10666.2 15372.3
12223 -7607 15449.7
12224 5055.8 117.9
12225 853.2 12159.9
12226 3255.3 3897.8
12227 -7744.9 15619.2
12228 -7744.1 15654.1
12229 -7846.3 15619.6
12230 -7946.7 15620
12231 -8016.5 15620.3
12232 -7816 15759.2
12233 -8046.6 15620.5
12234 -8052.8 15418.1
12235 -8152.8 15417.7
12236 -8249.2 15619.9
12237 3166.1 3897.5
12238 -8348.3 15620.2
12239 -8343.2 15831.8
12240 1409.8 -13621.4
12241 1573.3 -13619.8
12242 1373.1 -13522
12243 3536.7 1184.4
12244 3422.9 1115.3
12245 3424.6 992.2
12246 3421.3 1209.8
12247 3337.7 1208.9
12248 3620.4 3903
12249 3143.5 950.8
12250 -4630.9 4115.3
12251 -4632.9 4262.2
12252 -4561.2 5848.3
12253 -4777.5 5845.2
12254 -4699.1 9491.9
12255 -4702.9 9694.5
12256 -4714.4 10302.6
12257 -4660.3 7255.3
12258 -4778.6 16776.4
12259 3253.2 4049.9
12260 -4764.3 15972.2
12261 -4782.2 12321.6
12262 -4790.8 12352.4
12263 -4836.5 12423.6
12264 -4746.6 12359.7
12265 -6892.5 13324.3
12266 -1602.6 13561.2
12267 -1802.5 13560.2
12268 -2006.3 13559.4
12269 -7986.9 13301.1
12270 3153.3 4186.2
12271 -8097.1 13406.6
12272 -6688.2 13274.6
12273 -6689.7 13375.9
12274 -12730.3 13288.9
12275 -12642 13290.3
12276 -12963.4 13443.7
12277 -13049.9 13285.5
12278 -13051.6 13129.1
12279 -13044.4 13442.3
12280 -13137.6 13440.8
12281 3984.3 3762.7
12282 -13451.8 13294.3
12283 -2512.5 13557
12284 -3016.4 13351.8
12285 -3220.3 13451.6
12286 -3523.3 13347.7
12287 -6084.2 13416.7
12288 -3933 13430.4
12289 -4013.8 13423.7
12290 -3894.5 13400.1
12291 -4102.8 13328.7
12292 3982.4 3907.8
12293 -4035.7 13547.5
12294 -4739.4 13543
12295 -4851 13339.3
12296 -4847.4 13136.7
12297 -5460.9 13261.2
12298 -5341 13132.3
12299 -5563.3 13334
12300 -5663.7 13374.2
12301 -5567 13536.8
12302 -5665.8 13536.1
12303 4036 4050.1
12304 -789.5 13562.2
12305 -1137.3 13358.6
12306 3034.5 -12478.2
12307 2997.1 -12451
12308 2470 -12494.7
12309 997.2 -12516
12310 1054.1 -12604.9
12311 753.7 -12311.4
12312 1877.2 10145.3
12313 2076.9 10045.2
12314 4032.8 4326.6
12315 2082.7 9742.1
12316 1880.1 9839.9
12317 1745.9 17304.2
12318 1893.7 17188.1
12319 1791.8 17311.6
12320 1744.9 17421.1
12321 1690.8 17420.8
12322 2062.3 11058.1
12323 1852.9 11763.9
12324 1602.7 15916.5
12325 3981.7 3106.1
12326 1805.9 8330.5
12327 -3946.4 5754.6
12328 -3945.2 5654.8
12329 -4152.8 5854
12330 -3955.8 6563.8
12331 -4162.4 6662.7
12332 -3948.8 7267
12333 -3954.9 7065.6
12334 -3853.1 7672.6
12335 -3856.4 7875.2
12336 645.6 11954.9
12337 3971.5 3075.7
12338 -4074.2 16768
12339 -3989.4 10612.2
12340 -3877.6 10610.2
12341 -3915.7 11117.6
12342 -4007.8 11927.2
12343 -4012.1 12130.7
12344 -3911.7 11927.6
12345 -3922 13016.7
12346 -4129.3 4266
12347 -4131.1 4409.4
12348 4170.6 2819.7
12349 -3928.9 4514.8
12350 -4132.6 4522.7
12351 -3930.3 4612.1
12352 -4134.1 4609.5
12353 6526.1 -13865.8
12354 6929.6 -14227.9
12355 6978.1 -9803.7
12356 6892.8 -11020.5
12357 8685.1 -8376.9
12358 8687.4 -8579
12359 4123.2 2658.5
12360 8583.7 -8378.2
12361 8714.2 -11205.7
12362 8706.9 -11279.2
12363 8717.2 -11610.6
12364 8719.1 -11811.2
12365 8616.1 -11611.7
12366 -1969.6 -5260.1
12367 -1946.8 -6778.3
12368 -1933.2 -7888.8
12369 -1920.7 -9506
12370 3242.2 4701.4
12371 -2020.4 -3760
12372 -1828.7 -17190.7
12373 -1957.9 -16186.3
12374 -2063.6 1792.8
12375 -2061.1 1616.5
12376 -2041.7 197.2
12377 -2034.5 -406.8
12378 -2133.3 -611.9
12379 -2005.3 -10717.8
12380 -1995.8 -3636.5
12381 3245.1 4452.1
12382 -1971.3 -3720.5
12383 -82.4 7729.1
12384 103 7450.4
12385 2681.7 -157.2
12386 1806.5 -481
12387 2251.2 -2071.7
12388 -591.2 -2006.9
12389 -790.8 -2192.4
12390 -793.4 -2009.6
12391 -1604.4 -2205.2
12392 3121.2 4700.7
12393 -10671.3 15267.8
12394 -11651.6 15268.5
12395 -11649.1 15353.6
12396 -11737.8 15267.5
12397 -11741.3 15365.7
12398 -11102.3 18511
12399 -11100.8 18611.9
12400 -11099.8 18411.4
12401 -1631 18488.7
12402 -1826.8 18484.4
12403 3359.9 4702
12404 -1628.5 18588.9
12405 -1633.4 18388.2
12406 -1824.3 18584.8
12407 -1829.2 18384.2
12408 -1241.9 18396.2
12409 1899.2 -492.5
12410 5127 -15097
12411 5231.9 -15702.8
12412 5332.1 -15700.9
12413 5073.1 -15704.8
12414 3242.2 4766.7
12415 5232.7 -15826.9
12416 5064.3 -15829.2
12417 5233.1 -15908.3
12418 5143 -15913
12419 5145.6 -16921.2
12420 5141.7 -17121.6
12421 5358.4 -17522.2
12422 5373.9 -18533.2
12423 5277.2 -18937.7
12424 5278 -19039
12425 3189.6 4751.1
12426 5165.5 -19041.1
12427 5106.9 964.3
12428 5049.1 -129.9
12429 5050.7 -302.9
12430 4933.5 -131.3
12431 5051.7 -356.8
12432 5302.3 -20844.5
12433 5420.3 -20845.2
12434 5200.9 -20838.8
12435 5276.1 -20375.2
12436 2994.8 4699.1
12437 5191.1 -20369.5
12438 5145.3 -8412.7
12439 5014.3 -8414.9
12440 5147.5 -8614.1
12441 5148.7 -8714.7
12442 5028.8 -9830.7
12443 5163.6 -10029.7
12444 5309.5 -11040.1
12445 5176.9 -11244.6
12446 5043.8 -11246.4
12447 444.2 11952.2
12448 3758.1 4704.8
12449 5180 -11448.6
12450 5182.6 -11650.9
12451 5046.3 -11450.7
12452 5048.9 -11652.5
12453 5059.5 -12463.2
12454 5195.4 -12664.6
12455 5061.1 -12666.5
12456 5196.7 -12765.8
12457 5254.2 -13272.7
12458 5309.7 -13677.2
12459 3687.6 4705.1
12460 5074.9 -13680.7
12461 5210.6 -13882.3
12462 5215.3 -14488.8
12463 5084 -14490.7
12464 3134.5 7184.9
12465 2897.9 9149.5
12466 -4720.5 -5080.9
12467 -4822.1 -5081.9
12468 -4923.3 -5082.9
12469 -4824.4 -4879
12470 3871.9 4704.7
12471 -5026.5 -5084
12472 -4922.4 -5246.7
12473 -5023.7 -5266.6
12474 -6141.1 -5094.4
12475 -8272.2 -5126.2
12476 -8170.4 -5125
12477 -8879.7 -5135.3
12478 3389.3 -5003.9
12479 2683.3 -5115.5
12480 2379.7 -5016.8
12481 4091.9 4585
12482 1574.2 -5227.6
12483 966.8 -5230
12484 864.1 -5028.3
12485 763.6 -5028.6
12486 863 -4827.7
12487 765.9 -5230.5
12488 207.2 -5033.2
12489 -96 -5193.9
12490 -147 -5032
12491 -149 -4829.9
12492 3974.9 4705.1
12493 -144.8 -5195.1
12494 -548.5 -5240.8
12495 -1664.2 -5256.4
12496 -3092.1 -5068.8
12497 -3396.4 -5072.2
12498 -3453.1 -5081.7
12499 -3395.8 -5134.4
12500 -3399.8 -4871.2
12501 -3540.9 -5074
12502 -3802 -5275.4
12503 5474.2 4183.6
12504 -3905.7 -5078.5
12505 3283.1 -7836.4
12506 3568.2 -19559.3
12507 3171.4 1604.1
12508 3177 1270
12509 3024 1293.2
12510 3390.9 -5206.2
12511 3292.2 -5410.2
12512 3342.8 -5409.4
12513 3395 -5609.9
12514 5608.6 4242.3
12515 3296.9 -5812.5
12516 3297.4 -5855.3
12517 3299.2 -6023.3
12518 3398.7 -5853.7
12519 3405.7 -6419
12520 3295.4 -7166.3
12521 3370.5 -9044.3
12522 3433.1 -9043.9
12523 3494.3 -9245.8
12524 3374.7 -9449.6
12525 5202.4 4171.3
12526 3442 -9448.8
12527 3363.5 -8641.7
12528 3332.2 -8642.2
12529 3261.3 -2808
12530 3337.6 -9044.3
12531 3386.3 -11990.8
12532 3384.7 -12870.2
12533 3397.8 -13904.3
12534 3081.2 663.1
12535 3443.2 -9650.6
12536 5472.5 4293
12537 3352.1 -10462.5
12538 9825.3 -11193.7
12539 -6222.4 15136.7
12540 2398.8 4318.8
12541 2397 4447.4
12542 2395.4 4560.9
12543 2299.8 4446.4
12544 2393.6 4698.8
12545 2298.1 4560.2
12546 2392.5 4774
12547 5753.8 4913.1
12548 2296.1 4698.2
12549 2391.9 4814.6
12550 2295 4814.2
12551 2390.4 4935.7
12552 2426.7 5299.6
12553 2482.9 5258.5
12554 2339.2 5425
12555 2310.5 5392.6
12556 2287.4 5469.9
12557 3986.2 -19758.5
12558 443.2 12056
12559 5743.7 4762.7
12560 1571 17777.1
12561 1528.2 18048.2
12562 1564 18181.4
12563 1559.9 18316.9
12564 1528.7 18180.9
12565 1559 18453.2
12566 1810.2 18320.8
12567 1762.6 18456.2
12568 1573.6 17232.5
12569 1572.9 17302.4
12570 5960.6 5005.1
12571 1571 17427.7
12572 1595.5 17529.1
12573 11872.6 -14381.8
12574 12373.2 -14374.8
12575 5316.4 -14285
12576 9385 -14513.8
12577 9342.1 -14286.4
12578 1229.7 6302
12579 1334.3 6194.2
12580 1217.1 7502.9
12581 5998 5009.2
12582 1052 11553.1
12583 1145.4 11954
12584 1049.4 11755.5
12585 1276.4 4807.8
12586 1150.9 4805.4
12587 1353.1 4809.2
12588 1335.2 5772.9
12589 -747.6 8439.2
12590 -1125.5 8493.9
12591 -12213.4 14326
12592 5861.6 5002.8
12593 -7731 18119.5
12594 -5577.3 5534.4
12595 -5375.3 5633.2
12596 -4353.9 5648.4
12597 -4559 5646.8
12598 -1210.2 14471.8
12599 -1555.7 14471.1
12600 -1578.8 14573.3
12601 -1411.9 14471.9
12602 -6867 14504.8
12603 6077.9 5120
12604 -6965.6 14592.2
12605 -11618.6 14371.4
12606 -11611.7 14435.7
12607 533.5 14483.9
12608 3 14476.8
12609 5501.7 -4060.9
12610 5710.6 -3956.2
12611 -4265 6661.5
12612 -4367.6 6826
12613 -4365.3 7061.5
12614 6088.7 5021.9
12615 -4365.8 6660.4
12616 -1934.8 6876.7
12617 -1936.3 6978.5
12618 -2138.4 6875.9
12619 -2967.3 6872.1
12620 -3143.3 7072.6
12621 -3146.6 6671.1
12622 -3250.8 6870.3
12623 -3449.8 6669.5
12624 -3554.3 6868.5
12625 4707.6 4894.9
12626 -3655.5 6866.6
12627 -3543.5 7068.9
12628 -3551 6655.2
12629 -3649.7 7068.2
12630 -5385.7 6850.7
12631 -5588.4 6849.1
12632 -5688.3 6647.5
12633 -5791.9 6847.4
12634 -6310.3 6642.4
12635 -6507.5 6640.9
12636 4593.7 4981.5
12637 -6614.4 6840.9
12638 -6716.6 6840.1
12639 -7011.3 17568.6
12640 -7116.4 17848.5
12641 -3829.7 -3448.9
12642 -3799.4 -5481.9
12643 -3862.8 -8518.1
12644 -3810 -10747.2
12645 -3984 1600.9
12646 -3451.9 -11236.1
12647 3720.7 4793.8
12648 -3450.2 -11316.7
12649 -5955.6 16797.2
12650 3859.9 -10657.6
12651 3947 -10764.3
12652 2445.5 -10674.9
12653 1841.1 -10682
12654 1804.8 -10479
12655 1435.5 -10483.2
12656 931.4 -10488.7
12657 -76.2 -10624.5
12658 5242.2 5079.1
12659 -381.6 -10703.4
12660 -3323.1 -10738.7
12661 -3495.9 -10741.5
12662 -3522.2 -10741.8
12663 -4337.3 -10747.8
12664 7006.2 -5726.6
12665 4860.1 -7002.5
12666 4994.8 -7000.4
12667 4857.5 -6800.8
12668 5834.4 -7189.9
12669 391.2 12056
12670 5040.6 4987.6
12671 6133.6 -6983
12672 6234.9 -6981.5
12673 6137.2 -7184.7
12674 1492.4 -16667
12675 1600.3 -16343.4
12676 1535.3 -16833.9
12677 1008.3 -17657.2
12678 920.4 -17621.9
12679 1116.4 -17703.5
12680 890.6 -17926.4
12681 4705.4 4983.1
12682 885.6 -17976
12683 1317.3 7722.4
12684 12954.4 -16056.5
12685 12953.9 -16120.3
12686 12890.9 -16055.7
12687 12850.8 -16257.2
12688 12944.7 -16862.4
12689 12841.4 -17062.4
12690 12898.3 -15853.2
12691 12853.2 -16055.3
12692 4704.6 5072.9
12693 12752.5 -16054.1
12694 12742.9 -16859.5
12695 12664 -16053.1
12696 12669.1 -16858.6
12697 12639.2 -17060.5
12698 12565.6 -15644.6
12699 12666.6 -15645.1
12700 12564.7 -15847.8
12701 12463 -15846.6
12702 12563.9 -16051.9
12703 4706.9 4727.5
12704 12462 -16050.7
12705 12662.7 -16254.6
12706 12460.9 -16252.1
12707 12639.4 -16858.2
12708 12477.6 -15315.5
12709 12364.4 -15642.8
12710 12363.7 -15845.5
12711 12362.9 -16049.5
12712 12456.4 -17057.2
12713 12357.3 -16854.6
12714 4592.5 5071.4
12715 12353.6 -17459
12716 12453.2 -17663
12717 -5481.9 7862.5
12718 -5483.4 8066.1
12719 -5574.7 7861.8
12720 -5450.8 7862.7
12721 -5598.8 14637.4
12722 -5498.5 14638.2
12723 -5449.4 4109.4
12724 -5452 4256
12725 3564.5 5058.1
12726 -5551.9 4108.6
12727 -5454.6 4398.4
12728 -5350.7 4256.8
12729 -5557.3 4399.2
12730 -5354.2 4400.1
12731 -5558 12928.8
12732 -5554.4 12725.7
12733 -5455.4 12929.7
12734 12255.5 -17055.4
12735 12260.2 -16249.7
12736 3369.3 4944.9
12737 12262.6 -15844.4
12738 -20.3 1130.5
12739 -19 1027.7
12740 -21.6 1232
12741 -224.1 1128.4
12742 -225.9 1195.8
12743 -221.9 1026.9
12744 1350.5 1141.8
12745 1349.8 1193.1
12746 2888.8 1264.8
12747 5453.7 5082.4
12748 2088 2843.1
12749 -4419.8 2816.9
12750 -3077 2823.7
12751 943.3 -17408.2
12752 819.4 -17611.4
12753 784.2 -17977.8
12754 907.8 -17975.6
12755 1006.2 -17973.8
12756 12250.8 -18468.3
12757 12151.5 -17659.3
12758 5241.2 5170.6
12759 1483.6 4625.5
12760 1484.9 4531.7
12761 1581.1 4533
12762 12147.6 -21496.1
12763 3982.6 -15309.8
12764 3984 -15410.2
12765 3817.4 -15210.4
12766 -323.5 -15354.4
12767 -321.9 -15455
12768 11955.2 -16849.4
12769 4815.2 5074.8
12770 11951.3 -17455.8
12771 12050.9 -17658.2
12772 11950 -17657.2
12773 12048.9 -18262.6
12774 11851.1 -17656.2
12775 3392.5 -5408.3
12776 1578.9 -5632.1
12777 872.5 -5633.7
12778 770.4 -5634.1
12779 869.7 -5432.1
12780 242.1 11950.7
12781 4703.8 5161.4
12782 772.8 -5841.1
12783 672.9 -5841.6
12784 2890.6 -5722.1
12785 2689.8 -5725
12786 2486.1 -5622
12787 2388.6 -5825
12788 4617.9 -5597.4
12789 4535.4 -5586.8
12790 4537.8 -5795.2
12791 -238.5 -5690.7
12792 4591.3 5160.5
12793 -445 -5441.3
12794 -543.1 -5695.5
12795 -541.3 -5846.7
12796 -5928.5 -5903.5
12797 -6438.8 -5709.1
12798 -6335.3 -5907.6
12799 -6539 -5909.7
12800 -543.7 -5645.3
12801 -744.5 -5849.8
12802 -847.5 -5649.6
12803 3968.8 5065.9
12804 -1047.7 -5854.3
12805 -1556.9 -5660.7
12806 -3087.4 -5476
12807 -3186 -5681
12808 -3391.5 -5483.5
12809 -7655.8 -5720.6
12810 -7658.3 -5519.5
12811 -8872.2 -5737.2
12812 -8768.3 -5896.4
12813 -8874.9 -5535.9
12814 3832.3 5138.3
12815 -8973.5 -5738.2
12816 -8970.5 -5899.4
12817 -9691.5 -5745.5
12818 -9693.8 -5544.1
12819 -9688.5 -5967.3
12820 -9796.5 -5746.5
12821 -9798.7 -5545
12822 -9896 -5747.4
12823 -9794.1 -5932
12824 195.4 -17568.4
12825 3092 4265.7
12826 376.5 -17680.4
12827 -1228.4 -17579.8
12828 4452.1 -17531.7
12829 20 -17567.5
12830 22 -17697.5
12831 -6901.5 3804.7
12832 -6745.5 2483.7
12833 -6724.6 2383.4
12834 6244.9 -7990.5
12835 6147.5 -8194.2
12836 3126.4 4049.9
12837 4878.3 -8216.3
12838 4842.4 -8218.3
12839 4880.3 -8417.2
12840 4944.1 -8215.9
12841 6217.6 -13866.9
12842 6322 -13865.2
12843 6020.7 -2347.5
12844 6056 -2346
12845 6204.9 -12752.7
12846 6131.1 -6781.3
12847 4709.9 4805.3
12848 6139.2 -7387.4
12849 6236.7 -7183.1
12850 6141.3 -7589.4
12851 6238 -7385.8
12852 6247.3 -8192.5
12853 6150 -8395.4
12854 6249.6 -8393.9
12855 6152 -8598.2
12856 6251.9 -8597
12857 6167.7 -9811.3
12858 4597 4714.1
12859 6271 -10012.2
12860 6183 -11027.1
12861 6185.5 -11230.2
12862 6084 -11231.4
12863 6188 -11433
12864 6215.2 -11523.6
12865 6289.3 -11431.4
12866 6110.8 -3951
12867 7690.3 -12430.8
12868 8132.4 -12425.8
12869 3025.3 1204.1
12870 10156.4 -12603
12871 11770.9 -12586.8
12872 4927.4 -12668.5
12873 4799.7 -12670.3
12874 4512.7 960.2
12875 4581.2 -2775.2
12876 4459.7 471.7
12877 4552.3 472.7
12878 4549.5 270.1
12879 4444.6 3191.2
12880 3024.4 1266.3
12881 5058 -15913.7
12882 6183.1 -15791.5
12883 6450.5 -15788
12884 6201.2 -15689.5
12885 2572.8 -19570
12886 2674.5 -19568.6
12887 2569.3 -19367.5
12888 2332.3 -9564.1
12889 2333.5 -9665.3
12890 2063.2 -9567.5
12891 433.2 12762.8
12892 3177.9 1206.6
12893 2061.9 -9465.4
12894 1928.8 -9569.3
12895 1930 -9669.9
12896 -4840.5 -3460.5
12897 -4738.3 -3458.5
12898 -4838.3 -3663.6
12899 -4940.6 -3462.2
12900 -4836.1 -3866.1
12901 -4938.8 -3664.5
12902 -4737.5 -3662.9
12903 3026.5 1113.6
12904 -4833.9 -4069.2
12905 -4937.7 -3867
12906 -4734.2 -3865.5
12907 -4935.5 -4069.9
12908 -4826 -4676.9
12909 -4925.9 -4879.6
12910 -4722.3 -4878.3
12911 -4820.7 -5225.1
12912 -4817.7 -5487.6
12913 -4919.5 -5488
12914 2990.1 3611.7
12915 -4715.9 -5487.1
12916 -4891.7 -7311.6
12917 -4782.3 -7917.3
12918 -4883.6 -7919
12919 -4678.4 -8119
12920 -4738.3 -10763.1
12921 -4933.3 3682.6
12922 -5135.5 3546.5
12923 -5129.4 3308.9
12924 -4733.8 3213.5
12925 2890.2 3752.2
12926 -5115.3 2487.1
12927 -4735.7 2528.2
12928 -8705.1 16316.9
12929 -8629.5 16424.2
12930 -8731.7 16424.5
12931 -8627.4 16624.2
12932 4950.8 -2256.7
12933 5884.8 -2250.5
12934 5905.9 -2147.2
12935 6012.4 -2249.7
12936 4900.2 2782.3
12937 6177.6 -2230.3
12938 6050.2 -2249.9
12939 2546.8 -14026.3
12940 3966.5 -13997.9
12941 3802 -13999.6
12942 3967.6 -14099.8
12943 3800.8 -13899.6
12944 1754.8 4383.3
12945 1584.2 4307
12946 1582.3 4437.1
12947 4752.3 2922.1
12948 1496.9 4305.6
12949 1486.2 4435.6
12950 1361 4303.3
12951 1158.6 4295.3
12952 144.4 4254.1
12953 145 4217.8
12954 -1284.7 4341
12955 -1687.7 4202.9
12956 -1896.5 4220.6
12957 -2260 4251.8
12958 5323.7 2013.3
12959 -2347.9 4259.3
12960 -3114.8 4325.6
12961 -3244.8 4340.4
12962 -3421.2 4351.5
12963 -3478.3 4356.1
12964 -4335.3 4427.1
12965 -4539.6 4444.3
12966 -5153.3 4502
12967 -5348.2 4520.8
12968 -5151.3 4401.2
12969 5738.3 2016.7
12970 -5517.3 4531.8
12971 -5560.6 4535.5
12972 -5966.1 4569.8
12973 -6067.8 4577.9
12974 -5962.8 4397.2
12975 -5605.1 4539.4
12976 -5966.7 4598
12977 -6271.4 4588.8
12978 -6591.5 4589.1
12979 3523 7945
12980 5291.4 2013
12981 -3090.1 3228.3
12982 -3299.6 3226.4
12983 -865.9 3284.6
12984 -5446.4 11611.4
12985 -5447.4 11710.5
12986 -5642.2 11610
12987 -5846.7 11608.4
12988 -5640.8 11509.5
12989 -5847.9 11707.4
12990 -6050.2 11606.9
12991 5469.5 1218.9
12992 -6661.8 11607.1
12993 -6866.2 11600.5
12994 -6660.1 11507.6
12995 -7067.3 11598.9
12996 -7672.8 11494.2
12997 -7877.3 11592
12998 -8080.3 11590.8
12999 -7875.4 11493.3
13000 -8282.1 11590.9
13001 -8078.2 11491.9
13002 434.7 12661
13003 5594.8 953.7
13004 -8284.4 11691
13005 -8279.9 11490.6
13006 -8484.4 11589.8
13007 -8482 11489.2
13008 -6187.8 5631.5
13009 3582 937.2
13010 3564.4 924.8
13011 3628 -11689.3
13012 -7215.6 17786.6
13013 -7767.3 17978.1
13014 5686.8 1277.6
13015 -5728.1 16789.3
13016 -6148.8 16868.6
13017 -6234.3 16923.4
13018 -6319.3 16977.9
13019 -6373.6 16891.7
13020 7754.5 -7575.8
13021 7643.5 -7576.3
13022 7751.9 -7374.2
13023 7827.8 -7576.1
13024 507.2 7741
13025 5761.2 2135.9
13026 506 7909.9
13027 100.9 7817
13028 -711.6 7894.7
13029 -5274.3 7763.8
13030 -5449 7761.8
13031 -5272.9 7662.8
13032 -5737.4 7838.6
13033 -4565.5 7769
13034 1466 7890.9
13035 -1786.6 7791.3
13036 5763.4 2168.3
13037 -1927.8 7789.9
13038 -1785.3 7890.4
13039 -163.4 -3618.9
13040 -161.1 -3821.8
13041 -70.7 -11307.7
13042 -135.2 -6044
13043 -233.5 -6247.8
13044 -213 -7868.4
13045 -22.8 -18181.8
13046 -245.2 -5235.4
13047 6061.6 2139.1
13048 -141.9 -5436.8
13049 -303 12.3
13050 -366.9 12.1
13051 -314.2 -1410.9
13052 -189.4 -1596.2
13053 -3113.1 4200.9
13054 -6714 6639.3
13055 -6664.6 6639.8
13056 -6721.9 9068.1
13057 -6791.6 13375.6
13058 6061.5 2173.1
13059 -6893.3 13375.3
13060 -6729.5 9473.5
13061 -6629.3 9675.9
13062 -6738.5 10081.1
13063 -6693.7 7594.4
13064 -6793.5 15635.3
13065 -6665.4 15635.5
13066 -6696.5 15774.6
13067 -6633.6 15732.9
13068 -6814.6 15852.4
13069 4619.9 2919.5
13070 -10569.2 17819.1
13071 4935.7 -13276.9
13072 4944.1 -13887
13073 4927.2 -15915.4
13074 5040.3 -18167.9
13075 5075.9 -20037.1
13076 5173.4 -20061.1
13077 4882.5 -8618.7
13078 4898 -10033.9
13079 5041.2 -11043.8
13080 4620.8 2831
13081 4909.7 -11248.2
13082 4914.3 -11654.1
13083 4839.3 -8015.8
13084 508.8 7478.6
13085 -5438.7 7255.7
13086 -1535.4 4947.9
13087 -1774.2 4856.3
13088 -1830.8 4855.9
13089 -1979.8 4854.6
13090 -2032.5 4854.7
13091 3432.4 3192.2
13092 -2513.1 4878.8
13093 -2585.8 4851.1
13094 710.4 -8973.3
13095 711.5 -9073.9
13096 -2943.2 -9014.7
13097 -3148.3 -9017
13098 -3351.3 -9019.3
13099 -3294.4 -9018.7
13100 109 6971.3
13101 110 6892.2
13102 3940.3 3199.3
13103 -1930 7081.5
13104 -2141.5 7075.1
13105 -2547.8 7076.9
13106 -3852.3 7066.5
13107 -3544.5 -1239.8
13108 2837.4 -1050.8
13109 2635.9 -1140.5
13110 2636.2 -1166.5
13111 2634.9 -1059.1
13112 2435.1 -1168.5
13113 430.2 12964.7
13114 3609.2 3173
13115 2636.9 -1229.2
13116 2333.4 -1169.5
13117 2433.8 -1067.4
13118 2334.8 -1270.1
13119 2332.1 -1068.5
13120 818.2 -1085.9
13121 3896.4 -1154.3
13122 682.3 427.1
13123 90.9 420.8
13124 88 621.4
13125 4305 9343.4
13126 -10 317.3
13127 -374.4 415.7
13128 -213.3 314.6
13129 -620.3 311.3
13130 -452.1 414.6
13131 -824.1 309.3
13132 -1435.6 404.4
13133 -1742.1 401.5
13134 -1636.5 200.2
13135 -2145.2 397.5
13136 4438 8419.7
13137 -3054.4 191
13138 4551.5 372.4
13139 7805.5 -11518.3
13140 8230.1 -11514.1
13141 8025.8 -11470.3
13142 8411.4 -11512.1
13143 10941.4 -11515.6
13144 11243.1 -11580.9
13145 -5040.5 -3868
13146 -5749.4 -3873.7
13147 4480.6 8214.3
13148 -5751.3 -3672.9
13149 -5747.8 -4076.2
13150 -113.4 -3819.9
13151 -117.5 -3416.8
13152 -160 -3921.7
13153 -466.9 -3823.6
13154 -565.9 -3925.5
13155 4268.9 -3885.5
13156 3753.4 -3782.2
13157 2665.4 -3801.7
13158 4550.3 7885.3
13159 2272.4 -3805.6
13160 3070.6 -3797.1
13161 2268.5 -4207.5
13162 1457.3 -3814.1
13163 852 -3816
13164 849.8 -3614.1
13165 -3111.7 -3848.5
13166 -3216.4 -3647.4
13167 -3518.5 -3852.5
13168 -3420 -3649.2
13169 4490.8 2830.8
13170 -3522 -3650.1
13171 -4140.9 -4062.1
13172 2285.8 9644.6
13173 2284 9745.4
13174 2273 10351.9
13175 2327.8 11085.1
13176 2309.4 8334.5
13177 2495.8 9144.2
13178 2259 11862.1
13179 1637.9 6305.6
13180 4530.6 2830.8
13181 -1645.8 1010.4
13182 -833.1 920.4
13183 -629.5 1019.3
13184 -3468.7 908.3
13185 -3469.4 975.6
13186 4220.2 956.2
13187 4640.3 959.6
13188 4513.7 1002
13189 -3167.7 9505.4
13190 -3270.8 9706.4
13191 4621.1 2777.6
13192 -3573.2 9400.6
13193 1615.2 -15734.3
13194 2611.8 -15726.2
13195 2812.7 -15623.4
13196 2409.3 -15727.3
13197 2407.2 -15626.7
13198 -2971.3 -15783.7
13199 -3225.6 -15786.6
13200 4627.8 -15709.7
13201 1054 -18779.6
13202 4572.1 2830.8
13203 -699.3 6683.9
13204 -702.7 7088.9
13205 -640.7 7895
13206 -731.3 9112.8
13207 -762.5 11945
13208 -922.8 15383.3
13209 -831.1 15995.2
13210 -850.8 18104.1
13211 -738.5 9516.7
13212 -743 10229.1
13213 4752.5 3064.6
13214 -752.7 10326
13215 -791.5 13685.1
13216 -8754 16999.3
13217 -8801.8 16999.3
13218 8054.7 -5265.3
13219 8056.6 -5427.9
13220 8176.2 -5263.1
13221 7973.1 -4942.7
13222 8060.1 -5751.5
13223 8181.6 -5751.4
13224 554.3 12763.8
13225 4619.2 3072.3
13226 7960.1 -5751.7
13227 8124.6 -10978.5
13228 8178.3 -11031.2
13229 8126 -11212.7
13230 8035.1 -10890.3
13231 8128.4 -11414.1
13232 8101.5 -9797.8
13233 8103.8 -9998.3
13234 8201.9 -10604.3
13235 8075.7 -6419.6
13236 4753.6 2779.8
13237 8076.7 -8584.4
13238 8177.2 -8583.7
13239 -5827.7 10292.1
13240 -6030.3 10290.5
13241 -6639.5 10284.5
13242 -8051.5 10272.7
13243 -8252.8 10270.7
13244 -9722.2 10254.4
13245 868.9 10437
13246 -5422 10396.6
13247 4755.3 2637.2
13248 -5623.6 10294
13249 -4400.9 10305.7
13250 835.3 10336.4
13251 62.9 10330.2
13252 -1151 10419.6
13253 -8117.4 8039.1
13254 -8224.9 8445.5
13255 -8325.6 8484.4
13256 -8355.8 14415.4
13257 -8225.7 14414.3
13258 4620.8 2636.2
13259 -8416.6 14415.2
13260 -8251.3 18242.6
13261 -8250 18343.9
13262 -8248.7 18449.2
13263 -8447.8 18345.7
13264 -8296.7 12374.2
13265 -8301.7 12702.9
13266 -8295.4 12297.9
13267 -8249.7 11691.3
13268 -8290.2 11993.7
13269 1408.8 3175.3
13270 -8396.2 13613.7
13271 -8494.1 13612.9
13272 -8295.6 13614.6
13273 -8139.3 9459.6
13274 -8250 10067.1
13275 -8048.4 10068.9
13276 -8251.4 10169.5
13277 -8270.8 11087.2
13278 -8069.3 11088.2
13279 -8477.7 11086.2
13280 1780 3181.6
13281 -8475.8 11187.5
13282 -8479.8 11387.5
13283 10081.1 -9685.9
13284 10120.4 -9778.7
13285 10730.3 -10514.1
13286 10755.4 -10577.2
13287 10846.3 -11182.5
13288 10781.3 -10576.7
13289 -8089 12095.5
13290 -8089.8 12141
13291 2182.1 3187.4
13292 -8087.4 11995.4
13293 -1571.4 1874
13294 -1565.6 1829.8
13295 -1759.2 1845.1
13296 -1571.2 1786.7
13297 -1574.9 1696.3
13298 -1612.3 1804.6
13299 -1650.2 1662.2
13300 4323.5 -6609.2
13301 4330.7 -7367.1
13302 3262.5 1217.2
13303 4295.9 -7022.8
13304 4336.3 -8021.5
13305 4347.2 -8830.2
13306 4349.9 -9032.1
13307 4345.6 -8706.1
13308 4352.6 -9234.3
13309 4430.9 -9233.3
13310 4354.4 -9374.8
13311 4355.3 -9435.9
13312 4251.7 -9437.3
13313 3179.8 1114.8
13314 4383.7 -9360.9
13315 4291.6 -9612.5
13316 4486.8 -9434.3
13317 4241.8 -300.8
13318 4242.3 -3969.8
13319 4153.6 -4181
13320 4301.4 -4990.5
13321 4314 -5940.1
13322 4358.2 -13081.8
13323 4304.7 -13893.9
13324 5473 4405.3
13325 4410.8 -14493
13326 4416.7 -14462.4
13327 3930.2 -16323.5
13328 4643 -16924.4
13329 4462 -18136.3
13330 4355.7 -9841.1
13331 813.6 -17104.7
13332 651.4 -17976.9
13333 740.9 -17978.5
13334 1039.5 -13927.7
13335 4597.3 17.8
13336 298.6 12761.4
13337 5472.3 4460.6
13338 988.7 -13928.5
13339 1153.5 -14426.9
13340 813 -16773.5
13341 852.7 -17047.8
13342 946.7 -13198
13343 37.7 -18792.5
13344 110.6 -18794.2
13345 10393.6 -13179.3
13346 10346.4 -13132
13347 10398.1 -13635.7
13348 5201 4558.9
13349 10399.9 -13758.6
13350 10431.9 -21176.2
13351 -2322.2 16344.3
13352 -2342.3 15993.4
13353 -2544.4 15991.3
13354 -2644.7 15990.3
13355 -3054.1 15986.7
13356 -1235.2 15994.6
13357 -1287.8 16188
13358 -1639 16187.6
13359 5467.7 4522.8
13360 -1536.4 15995
13361 1050.5 16244.8
13362 1186.4 16246.9
13363 1047.8 16417.2
13364 924.8 16243
13365 927.2 16080.5
13366 -3673 16179.1
13367 -3773.8 16179.8
13368 -3974.6 15977.2
13369 3063.1 -12221.3
13370 -13751 15366.4
13371 -526.9 -12238.6
13372 -537.7 -12320.5
13373 -2509.6 -12349.9
13374 -3096.6 -12261.8
13375 -3095.6 -12358.4
13376 7325.3 -13851.5
13377 7327.3 -13955.2
13378 7465.5 -13849.6
13379 7332.2 -14222.7
13380 7332.7 -14248
13381 -13186.9 15374.8
13382 2208 -466.1
13383 803.3 8318.5
13384 624.5 8626.9
13385 2151.4 17785.1
13386 -7637.1 -6744.7
13387 -7640.9 -6540.4
13388 -8853.7 -6762.8
13389 -8955.5 -6764.2
13390 -8857.6 -6559.1
13391 -9671 -6773.5
13392 2589.9 4449.8
13393 -9776.1 -6774.9
13394 4631.3 -6602.2
13395 4581.4 -6603.3
13396 4721.5 -6600.1
13397 2397.3 -6632.9
13398 2395.1 -6431.9
13399 1993.5 -6587.8
13400 1890.9 -6437.6
13401 1490.2 -6643.8
13402 784.1 -6650.9
13403 2588.5 4562.1
13404 882.6 -6447.8
13405 150.4 -6656.4
13406 -432.5 -6453
13407 -1546.1 -6468.3
13408 -2969.6 -6689.7
13409 -3375.2 -6796.5
13410 10842.5 -10879.1
13411 4949 -3161.3
13412 4680.2 -3164.8
13413 5083 -3159.5
13414 2493.3 4448.2
13415 5169.6 -1749.9
13416 -3500.5 -10384.3
13417 -3452 -10635
13418 4659.7 -10441.7
13419 4563 -10343.5
13420 3285.4 9029.2
13421 -5597.7 8981
13422 -5396.5 9082.1
13423 -5803.5 9078.2
13424 -4582.3 9012.9
13425 2589.7 4322
13426 -4784.5 9138.4
13427 -2966.4 9608
13428 2886.6 9755.8
13429 2688.5 9649.9
13430 -5408.9 9687.3
13431 -5204.4 9689.2
13432 -5612.1 9686
13433 -5813.5 9582.8
13434 -6017.1 9580.9
13435 -7034.1 9673.7
13436 2593.9 4182
13437 -7638.9 9667.5
13438 -7837 9463.3
13439 -8042.2 9663.4
13440 -8546.2 9658.8
13441 -8446.2 9659.4
13442 -8644.6 9454.8
13443 -8749.1 9658.2
13444 -2257.2 9715.7
13445 -2158.9 9838
13446 7491.7 -5779.3
13447 813.3 12361.5
13448 2497.8 4180.1
13449 7740.1 -5735.7
13450 2154 17315.4
13451 2156.1 17202
13452 1974.5 17314.3
13453 1977.3 17200.9
13454 805.3 6548.7
13455 805.4 10031.7
13456 873.1 10133.2
13457 817.4 6295.7
13458 -8978.3 -5335.5
13459 2596.1 4043.2
13460 -8877.1 -5334.6
13461 -8975.7 -5536.8
13462 -8969.9 -5952.7
13463 -8969 -6005.2
13464 -8869.2 -5951
13465 -8967 -6153.3
13466 -8962.7 -6357
13467 -8865.4 -6152.3
13468 -8861.5 -6355.8
13469 -8959.1 -6560.4
13470 2597.8 3889.9
13471 847.4 -3413.3
13472 283.6 -3415.8
13473 752.2 -4019.9
13474 860.6 -4624.3
13475 761.3 -4828
13476 866.9 -5230.3
13477 768.1 -5432.8
13478 880.4 -6244.7
13479 980.6 -6243.7
13480 878.1 -6043
13481 2692.5 4044.6
13482 781 -6448.1
13483 1000.6 -8062.6
13484 897.3 -7861.8
13485 908 -8668.8
13486 910.6 -8870.8
13487 809.6 -8872.1
13488 913.2 -9072.9
13489 915.9 -9275.3
13490 812.1 -9073.5
13491 918.5 -9476.4
13492 2600.4 3747.8
13493 814.6 -9275.9
13494 921.2 -9681.1
13495 817 -9477.1
13496 819.5 -9682.2
13497 741.7 -1535.9
13498 831.5 -2195.3
13499 727.3 -1992.8
13500 830.3 -10489.9
13501 951 -12309.6
13502 902.4 -12310
13503 2501.6 3889
13504 762.2 3579.3
13505 995.1 -1081.1
13506 2022 -905.4
13507 1996.4 -709.4
13508 2780.4 8644
13509 2807.9 8644.4
13510 -8147 18448.1
13511 -8199.5 12703.9
13512 -8195.5 13615.4
13513 -8242.5 16569.6
13514 2694.3 3891.6
13515 -8334.3 16506.4
13516 -8241.7 16825
13517 -8021.9 8391.9
13518 -8127.8 8646.1
13519 621.1 -1632.8
13520 2640.6 -1546.4
13521 -143.5 -1743.6
13522 -185.3 -1508.1
13523 -1702 3624
13524 -9305.4 -7038
13525 2378.3 3744.5
13526 -9239 -7982.4
13527 -8477.9 11286.3
13528 -8719.3 12129.5
13529 -8597 13612.1
13530 -9801.8 -5343.8
13531 -9694.3 -5342.7
13532 -9901.1 -5545.5
13533 -9784.9 -5969.6
13534 -9893.6 -5972.5
13535 -9790.1 -6164.7
13536 2696.6 3749.3
13537 -9685.4 -6162.3
13538 -9680 -6365.6
13539 -9676.3 -6569.8
13540 -5268.6 13844
13541 -5469.4 13740.7
13542 -5667.9 13738.8
13543 -5868 13737.8
13544 -6074.1 13736.3
13545 -7994.2 13617.1
13546 -8094.4 13616.2
13547 2980.9 4188.3
13548 -8592.6 13813.3
13549 -9904.7 13611.4
13550 -10089.5 13611.3
13551 -3329.8 -10057.9
13552 8171.8 -8179.1
13553 8252.1 -8583
13554 8377.7 -8379.4
13555 8483.3 -8580.6
13556 9606.2 -8369.9
13557 6356.2 -8595.7
13558 684.8 12359.8
13559 2883.8 4186.5
13560 6353.8 -8392.2
13561 4816.3 -8619.9
13562 10125.6 -10584.9
13563 10129.6 -11190.4
13564 10026.5 -10988.5
13565 10030.1 -11594.3
13566 10132.8 -11795.4
13567 10057.6 -13796.6
13568 10103.1 -13822.1
13569 -3517 4197
13570 2786.7 4185.2
13571 -4230.7 4265.2
13572 -4228.9 4118.3
13573 -4538.2 4352.4
13574 -5249.5 4257.5
13575 -5247 4110.8
13576 -5148.7 4258.3
13577 -5554.7 4255.2
13578 -5756.8 4253.7
13579 -5759.6 4398.2
13580 -5859.3 4253
13581 2691.2 4183.9
13582 -5856.2 4106.5
13583 -5960 4252.2
13584 1367.2 4183.2
13585 2339.1 7310.9
13586 5595.5 -12413.3
13587 5799.2 -12454.6
13588 -1678.6 -4242.6
13589 -1768.2 2429.9
13590 -1551.6 -6066
13591 -1651.1 -6268
13592 2495.4 4320.4
13593 -1630.3 -7885.1
13594 -1627.8 -8087.9
13595 -1618.1 -9303.3
13596 -1615.4 -9504.9
13597 2836.5 -963.2
13598 2432.5 -967.2
13599 2229.7 -969.5
13600 -9951.3 10252
13601 -10380.2 10062.6
13602 -10687.2 10252.7
13603 2688.5 4323.7
13604 1070.9 10135.5
13605 1068.6 10237.1
13606 871.7 10234.4
13607 -2263 10122.5
13608 -2406.9 10121.5
13609 -2681.2 9789.1
13610 -2464.9 10120.7
13611 -2988.9 10045.6
13612 -1350.1 10122.8
13613 -1351.5 10224.6
13614 2204.9 4315.7
13615 -4914.5 10300.7
13616 -5416.6 10092.9
13617 -5214 10095.5
13618 -5418.5 10194
13619 -5619.9 10091.6
13620 -5621.7 10192.1
13621 -6028.3 10189.7
13622 -5823.6 10089.3
13623 -6941.1 10080
13624 -7141.6 10077.9
13625 2208.7 4176
13626 -7044.6 10281.7
13627 -7846.8 10070.8
13628 -7845.1 9969.8
13629 -8050 10171.1
13630 -8654.4 10064.2
13631 -8451.8 10065.3
13632 -8763.1 10265.1
13633 -8855.2 10264
13634 -9061.1 10261.6
13635 3417.1 1471.8
13636 2301.7 4317.1
13637 -6692 13529.2
13638 -6896.9 13808
13639 -7183.5 13913.8
13640 -7883.8 14411.2
13641 -7976.4 14412.1
13642 -8075.8 14412.9
13643 -8175.5 14413.8
13644 -8476.5 14442.5
13645 -8576.1 14485.5
13646 4953.4 -3562.7
13647 2034.8 4313.9
13648 4684.7 -3566.2
13649 5087.9 -3561
13650 6205.8 -3545
13651 2544.7 -14820.8
13652 -4140.4 -18031.1
13653 -3915.9 -18027.5
13654 -6902.8 13933
13655 388.9 -17961
13656 349 -17939.1
13657 430.1 -17930.7
13658 2981.8 4112.4
13659 139.3 4631.6
13660 135.7 4912.3
13661 138.3 4681.7
13662 115 6489.4
13663 113.6 6600.3
13664 112.5 6689.9
13665 102.8 7650.5
13666 100 7903.4
13667 94 8240
13668 193.8 8308.7
13669 851.6 12362.1
13670 -7123.5 2742.2
13671 44.2 11745.2
13672 41.5 11948.5
13673 32 12555.3
13674 -65.5 12352.6
13675 134 12556.3
13676 18.6 13568.2
13677 -101.2 14578.5
13678 -871.6 8097.6
13679 -8766.3 -6001.8
13680 -8361 -5995.2
13681 -7077.6 2743.2
13682 -8868.2 -6003.5
13683 -8869.8 -5899.3
13684 -9070.9 -6006.9
13685 -9376 -5906.7
13686 -9581.9 -6016.4
13687 -9749.2 -5968.8
13688 93.9 70.6
13689 -433.9 11.4
13690 -3155.5 190.3
13691 3198.6 158.6
13692 -6736.5 2739.4
13693 1084.7 9393.3
13694 -4383.1 9122.8
13695 -4583.9 9121.7
13696 -6517 9070.4
13697 -6873.4 9066.4
13698 1825.2 -14723.6
13699 -5530.4 13740.1
13700 -5267.6 13742.1
13701 -5666.8 13637.6
13702 -5557.2 13739.9
13703 -6388.4 2803.3
13704 -2515.2 13758.5
13705 -2614.8 13556.3
13706 -3223.7 13754.7
13707 -3526.3 13550.7
13708 -3729.7 13617.9
13709 -3629.6 13752.6
13710 -3933.7 13548.2
13711 4634.7 1485.2
13712 2848.5 1564.3
13713 3499.4 1473
13714 -5629.4 2810.1
13715 3538.5 1473.4
13716 3503.2 1210.6
13717 -228 1256.7
13718 -838.7 1324.6
13719 -942.5 1424.4
13720 -2663.5 1204.7
13721 -3166.5 1405.5
13722 -3173.7 1607.9
13723 -3264.8 1201.8
13724 -3575.8 1402.5
13725 4101.3 4326.5
13726 -3578.5 1604.8
13727 -3673 1198.2
13728 -4387.3 1393.9
13729 -4475 581.3
13730 -4224.1 -10829.4
13731 -4417.6 -4876.6
13732 5867.6 -17112.2
13733 -6777.5 14590.8
13734 1070 15747.6
13735 1066 15931
13736 4223.6 4326.4
13737 941.2 15746.1
13738 -2153.4 15786.1
13739 -2338.6 15784.7
13740 -2640.9 15782.7
13741 -1305.8 15787.3
13742 -4663 15973
13743 -4858 15564.3
13744 -8022.5 15882
13745 1471.2 17231.4
13746 1368.4 17433.2
13747 4411.7 4325.5
13748 -6634 4249.3
13749 -6775.9 4413.1
13750 -6631.4 4810.7
13751 -6646.3 5630.6
13752 -6800.4 5733.3
13753 -6815 6537.7
13754 -6610.9 6640.2
13755 2241.5 -1676.2
13756 2253.1 -2175.8
13757 2257 -2662.7
13758 4737 4324.7
13759 2376.9 -4814.1
13760 2290.1 -6028.6
13761 2392.9 -6228.7
13762 2414.3 -8047.9
13763 2424.1 -8855.9
13764 2426.6 -9057.8
13765 2429.1 -9260
13766 2431.6 -9460.8
13767 2334.7 -9766.1
13768 2434.1 -9664
13769 4736.9 4254.4
13770 2336.4 -9888.4
13771 2436.6 -9887.1
13772 2335.4 -9820.5
13773 2365.3 -12218.4
13774 2214.8 1104.8
13775 2416.4 -16133.4
13776 2555 -16334.6
13777 2537.4 -17459.6
13778 2440.4 -17660.7
13779 2544 -17853.1
13780 816.4 12259.4
13781 4819 4324.6
13782 2545.6 -17953.7
13783 2349.7 -14718.1
13784 2477.4 -13102
13785 2442.1 -14395.6
13786 -2620.4 16601.8
13787 -3060.2 16762.5
13788 -3365.9 16763.6
13789 2400.7 16629.7
13790 1683.9 16827
13791 -3772.9 16765.3
13792 4883 4324.6
13793 -3974.7 16767
13794 -4275.8 16769.9
13795 -1449.2 16782
13796 -1547.1 16583.1
13797 -1651.2 16778.9
13798 -1851.8 16775.8
13799 -4577.5 16772.9
13800 -4678.4 16774.8
13801 4676.3 -11330.3
13802 -3457.2 -11384.8
13803 4932.7 4324.7
13804 2050.1 -11285.1
13805 1646.5 -11289.7
13806 1545.5 -11291.2
13807 802.5 16158.6
13808 986.2 16041.7
13809 1208.5 15384.8
13810 942.5 15471.4
13811 1206.9 15475.2
13812 953.9 11754.2
13813 856.7 11752.9
13814 4870.8 6449.7
13815 883.6 17427
13816 1136.7 5769.8
13817 1035.5 6526.2
13818 1051.1 4692.1
13819 1151.8 4694.7
13820 972.8 -18071.1
13821 1744 -16342
13822 -3245 7071.7
13823 -3136.9 7273.2
13824 -3291.8 11226.6
13825 5370.9 5863.3
13826 -3233 5662.1
13827 -3216.4 13147
13828 -3312.2 12742.3
13829 -3309.8 12540.1
13830 -3306.9 12337.7
13831 -3203 12135.6
13832 -3302.1 11931.8
13833 -3246.3 4503
13834 5069 -1750.8
13835 5173.9 -2154.1
13836 4610.9 7277.4
13837 5672.3 -1741.5
13838 5464.1 -1744.4
13839 5767.2 -1740.5
13840 5764.8 -1467.2
13841 5916.3 -1465.2
13842 -7102 7870.8
13843 -7005.2 8004.8
13844 -7080.1 12308.9
13845 7766.5 -10608.6
13846 7715 -13235.5
13847 4781.8 7386.6
13848 7849.2 -7374.7
13849 7681.7 -7374.2
13850 7696.3 -8384.9
13851 7845.6 -7117.8
13852 7733.2 -5781.4
13853 1972.4 17430.1
13854 356.7 17504.6
13855 3982.2 -19556.6
13856 -2963.1 -16190.5
13857 4783.1 -133.2
13858 4766 6963.7
13859 4781 41.1
13860 5189.9 -535.3
13861 5181.7 73.4
13862 -2574 -7190.4
13863 -2679 2460.9
13864 5372.8 -18437
13865 501.4 8113.2
13866 -5150.1 15425.4
13867 9508.1 -8987.4
13868 9623.5 -11195.9
13869 4834.8 6555.5
13870 9521.7 -10994
13871 9465.3 -8371
13872 9490.2 -8168
13873 4217.8 -7021.8
13874 521.8 6291.3
13875 -11412.1 11165.1
13876 -11411.6 11057.1
13877 -11240.3 11167.1
13878 -11442 11220
13879 8042.4 -13134
13880 4816.7 6659.9
13881 10509.3 -13208.4
13882 2716.3 5166.7
13883 2766.3 5371.8
13884 2667.7 5238.7
13885 2813.6 5372.5
13886 2779.4 4744.8
13887 2683.8 4700.5
13888 11344.4 -11580.2
13889 3973.1 -18949.9
13890 2884.1 -18958.6
13891 981.7 12363.8
13892 4789 6449.5
13893 -1286.2 4454.4
13894 -1287.7 4577.4
13895 -1489.5 4340.2
13896 -1693.7 4338.6
13897 -4333.8 4353.5
13898 1809.2 4536.1
13899 1734.4 4439.4
13900 1733.7 4535.1
13901 1732.8 4410.3
13902 -5252.4 4400.4
13903 4898.4 6174.3
13904 -5862.3 4397.6
13905 -103.8 -4624.4
13906 3832.1 7552
13907 3731.4 7547.4
13908 3732.4 7486
13909 2953.1 5935.3
13910 -3917.8 3720.4
13911 -3330.4 -18019.5
13912 -3622.5 -2985.1
13913 -3428.3 -3003.4
13914 4915.3 6086
13915 -3693.6 2537.2
13916 -3692.5 2491.6
13917 -3692.1 2461.1
13918 -3668.5 974.9
13919 -3570 975.8
13920 -3525.6 -3446.4
13921 -3611.3 -4259.4
13922 -3514.9 -4056.2
13923 -3504.6 -4666.5
13924 -3501.3 -4869.1
13925 3926 8152.5
13926 -3486.4 -6089.3
13927 -3465.1 -7908.3
13928 -3455.9 -8715.9
13929 -3453.6 -8916
13930 -3667.2 590.2
13931 -3867.7 588.2
13932 1550.1 -11696.1
13933 -3644.5 7270
13934 -3442.1 7271.5
13935 -3653.3 7876.8
13936 3983.2 8354
13937 -3656.3 8080.1
13938 -3557.8 8183.6
13939 -3516.1 4123.8
13940 -3530.1 5183
13941 -3428.1 5184.5
13942 -3576.3 6668.9
13943 -3614.1 12537
13944 -3611.2 12335.1
13945 -3746.4 12536.2
13946 -8450.7 18244.5
13947 541.9 4918.8
13948 -8477.4 18237.8
13949 -8446 18450.3
13950 -8543.3 9455.1
13951 -8443.5 9455.9
13952 -8623.2 8037
13953 -8420.5 8037.8
13954 -8550.1 7635
13955 -8685.7 7633.5
13956 -8415.1 7636.6
13957 2690.9 -5820.9
13958 745.3 4922.1
13959 2645.7 -1977.8
13960 2646 -2004.3
13961 2647.4 -2120.9
13962 2668.5 -16333.7
13963 -6444.2 -5299
13964 -6440.7 -5540.6
13965 5782.6 -11236.1
13966 5851.9 -11438
13967 5673.4 -1891.3
13968 5916.2 -13871.3
13969 339.8 4915.6
13970 2562.6 5300.7
13971 1913 5502.9
13972 1346.7 5294.6
13973 1483.2 5194
13974 1347.9 5192.5
13975 -5166.5 5227
13976 -5368.2 5126.4
13977 -5572.9 5224.8
13978 -5774.4 5125.5
13979 -5877.5 5215.4
13980 540.6 4999
13981 -255.4 3707.2
13982 40.6 3711.2
13983 -9033.8 -7979.6
13984 -3265.4 -11248.9
13985 2828.3 7452.9
13986 2830.2 7253.4
13987 2823.7 7698
13988 2728 7451.3
13989 2728.9 7350.6
13990 2628.5 7449.7
13991 543.5 4797
13992 2623.8 7695.5
13993 2427.8 7373.3
13994 3834.6 7338.6
13995 3814.2 8150.8
13996 3818.2 7948.7
13997 3721.2 8149.8
13998 3959.5 5882.9
13999 3816.9 7139.5
14000 -4336.8 4520.9
14001 -4541 4519.5
14002 848.6 12565.2
14003 3166.7 4942
14004 -4720 4518.7
14005 1153.3 4621.8
14006 545.4 4629
14007 1845.6 4596.5
14008 1397.8 -7856.7
14009 1459.1 -4014.7
14010 1468.3 -4822.4
14011 1379.1 -5836.4
14012 1488 -6442.4
14013 1564.7 -12912
14014 3119 4998.6
14015 1567.1 -13114.3
14016 1470.4 -13419.8
14017 1471.8 -13520.6
14018 1572.1 -13517.6
14019 -6979.8 14032.4
14020 5183.8 -20084.4
14021 7222.2 -13692.8
14022 -1382.3 12548.8
14023 -1484.8 12548.8
14024 -1487.8 12752.4
14025 5037.8 5166.3
14026 -1582.3 12350.1
14027 -1791.2 12752.7
14028 -2191.7 12450.6
14029 -2497.9 12547.8
14030 -2396.3 12548.8
14031 -2501 12748.7
14032 -3211.2 12743.1
14033 -3511.7 12538
14034 557.7 12561.1
14035 -5446.1 12422.2
14036 5239.8 5259.6
14037 -5859.2 12520.3
14038 -5857.5 12419.2
14039 -5699.2 12522.2
14040 -6062.3 12417.3
14041 -7792.5 12505.7
14042 -7893.3 12504.8
14043 -7889.9 12301
14044 -3881.2 12535.3
14045 -3883.6 12738.4
14046 -3878.8 12333
14047 4912.8 5254.1
14048 -4494.6 12734.5
14049 3943.3 -17132.3
14050 3985.5 -17132
14051 -2134.3 6576
14052 -2191.9 7079.6
14053 -2141.3 5891.4
14054 -2279.8 11538.3
14055 -2182.4 11742.5
14056 -2185.8 12050.2
14057 -2184.3 11944.5
14058 4702.5 5250.8
14059 -2390.1 12146.1
14060 -2393.2 12347.1
14061 -2199.4 12953.2
14062 -2196.1 12751.2
14063 -2303.8 13143.1
14064 -2219.2 14570.9
14065 -2138.7 11134.4
14066 4193.2 -7504.6
14067 4281.9 -9639.6
14068 4670.5 6554
14069 4590.1 5249.2
14070 4548.3 6658.4
14071 4731.4 6554.6
14072 4723.5 6659.4
14073 -94.7 -5436.1
14074 -95.1 -5289.6
14075 -144.4 -5233.7
14076 -749.4 -5445.8
14077 -852.5 -5244.9
14078 2383.5 -5421.9
14079 2481.8 -5220.2
14080 3509.3 5148.6
14081 -3800.1 -5426.6
14082 4203.5 -5658.5
14083 -2985.4 -5474.4
14084 -3088.7 -5272.8
14085 -3392 -5426.4
14086 -6948.1 -5588.1
14087 -7661.3 -5318.2
14088 -1605.2 -2735.1
14089 2936.1 -9833
14090 4540.6 -9838.5
14091 3557.8 5149.1
14092 4488.2 -9635.9
14093 3949.6 -9643.4
14094 3848.8 -9644.6
14095 8041.8 -13074.5
14096 -7337.8 18435.8
14097 -1261.4 2434.6
14098 -1668.3 2477.8
14099 -1660.6 2228.5
14100 -3286.9 2468.2
14101 -3490 2459.8
14102 3484.7 5238
14103 -3895.7 2462.9
14104 -7246.7 2377.7
14105 2162.3 4934.2
14106 2160.8 5132.5
14107 -5569.3 5026.9
14108 202.7 -7868.5
14109 -716.3 -8078.7
14110 801 -8064.6
14111 507.3 7709.8
14112 -1784 7588.1
14113 1111.4 12365.6
14114 3477.7 4691.7
14115 -1925.5 7587.4
14116 -5038.3 -4070.7
14117 -5029 -4880.2
14118 -5155.8 4643.3
14119 -5155.1 4603.5
14120 -5358.9 4641.9
14121 -5166 5202.7
14122 -5376.9 5838.9
14123 2939.8 6627.4
14124 -1106.8 6580.1
14125 3365.8 4451.5
14126 -1107.4 6682.4
14127 -2540.7 6674.2
14128 -638 1630
14129 2403.3 1765.6
14130 2404.9 1662.8
14131 2676.1 1734.2
14132 1399.1 1752.6
14133 -5514.2 12421.7
14134 -5451.8 12321.2
14135 -5633.5 12420.7
14136 3129.7 4452.3
14137 -5855.9 12318.1
14138 -6673.3 12312.2
14139 -6878.7 12411.2
14140 -5866.9 4640.2
14141 -5781.9 5632.4
14142 -5679.7 5632.6
14143 -5885 5836.5
14144 -5681.2 5837.4
14145 -5841.9 11204
14146 -5845.5 11507.9
14147 -295.5 7090.5
14148 -5853.1 12116
14149 -5754.9 12318.4
14150 -5877.5 14346.3
14151 -5788.7 8063.3
14152 -5795.8 8671.5
14153 -5607.4 9483.4
14154 -5825.9 10191
14155 -5730.5 7860.8
14156 -5777.3 7860.5
14157 -102.8 -4678.1
14158 -292.8 6888
14159 -153.1 -4679.2
14160 -3082.3 3180.6
14161 532.5 3296.5
14162 563 3193
14163 7283.7 -9192.9
14164 9305.4 -8987.5
14165 1922.6 6176.5
14166 6905.9 -7379.7
14167 4727.8 -7411.4
14168 -10565.6 18019.9
14169 -195.5 7092
14170 -10454.3 18223.3
14171 -838.4 8136.5
14172 -965.4 7990.9
14173 2912.4 -1887.1
14174 3049.4 -2001.2
14175 -2985.4 11026.2
14176 -3135.6 7120.7
14177 -3149.6 8084.3
14178 -2947.2 8085.8
14179 -3221.6 13552.5
14180 -398.6 7090.4
14181 -3215.1 13046.8
14182 -3200.3 11932.3
14183 4917 -11857.4
14184 8516.5 -11813.6
14185 -2319.1 14366.5
14186 -2282.3 11741.3
14187 -2381.8 11537.3
14188 -2284.8 11943.2
14189 -2301.1 12952.6
14190 -2255.8 9512.9
14191 909.5 6745
14192 8617 -11439.4
14193 8578.3 -11408.9
14194 8515.7 -11612.7
14195 8581.5 -8175.4
14196 8481.4 -8378.9
14197 8500.2 -9995.1
14198 6341.4 -15102.8
14199 -11516.2 15333.6
14200 5854.7 -20845.6
14201 10941.5 -21079.1
14202 844.1 6673.3
14203 -3815.1 -4261.4
14204 -3855 -7911.3
14205 -3896 2483.9
14206 -3873.7 973.1
14207 -7888.3 14612.7
14208 -7710.9 7993.9
14209 -7717.7 8315.7
14210 4649.7 6659
14211 -4338.3 4607.7
14212 2682.3 4768.7
14213 921.2 6772.2
14214 2487.9 4764.4
14215 2192.6 4697.6
14216 2295 4771.7
14217 2163.5 4697.5
14218 2163.6 4755.5
14219 -5562.2 4642.5
14220 -5663.9 4641.7
14221 4817.4 -10034.4
14222 4653.7 -17932.6
14223 4614.4 -8835.7
14224 978.3 12566.2
14225 1015.2 6653.1
14226 4617 -8932.7
14227 4485.8 -9232.5
14228 4620.9 -9432.5
14229 4624.9 -9633.9
14230 4626.9 -9842.1
14231 4685.4 -12270.6
14232 4687.5 -12395.2
14233 4792.3 -12268.8
14234 4662 -13078
14235 4684.9 -14092
14236 823.9 6820.2
14237 4620.6 -5832.1
14238 504.2 7993.4
14239 -1355.8 8243.4
14240 -5285.9 8068
14241 -5279.2 7864
14242 -5381.7 8067.7
14243 -5382.1 8167.9
14244 -5675.5 7861.2
14245 -5877.9 7864.8
14246 -3659.2 8282.9
14247 3685 10218.6
14248 -3859.3 8078.7
14249 -4163.1 7975
14250 2815.5 8138.4
14251 2715.1 8137.1
14252 2615.3 8135.8
14253 2718.9 7935.1
14254 -7913.9 7992
14255 606.1 7911.6
14256 -7608.9 7873.9
14257 -8648.7 8613.7
14258 3383.2 10214.3
14259 -11250.4 18912.7
14260 -1423.8 18997.1
14261 -1618.8 18993
14262 -1616.4 19092.9
14263 -1815 18989
14264 -1980 18985.5
14265 -1975.6 19085.9
14266 475.3 19032
14267 357.7 18891.7
14268 -5563.8 4728
14269 3686.9 10103
14270 2972.4 4747.2
14271 2488 4936.8
14272 1488.9 4810.1
14273 544.9 4691.3
14274 4723.4 -6802.6
14275 5127.4 -6796.4
14276 -8252.6 -6348.5
14277 -536.4 -6252.2
14278 -437.6 -6048.7
14279 -737.1 -6457.2
14280 3866.9 10104.9
14281 -840 -6256.7
14282 3402.9 -6217
14283 3400.6 -6021.8
14284 2494 -6227.6
14285 1989.2 -6233.1
14286 1888.5 -6234.2
14287 1886.2 -6033.3
14288 1587.5 -6237.5
14289 779 -6245.7
14290 -7644.7 -6337.1
14291 3689.1 9974.9
14292 -7649.4 -6133.3
14293 -1804 13660.9
14294 -5260.6 13641
14295 -1194.6 13562.9
14296 -7119.1 13524.7
14297 -8094.9 13512
14298 1726.3 15424.4
14299 -1399.7 15592
14300 -3648.3 15333.6
14301 720.6 -18182.2
14302 3691 9864.8
14303 343.6 -18067.8
14304 3960.9 -18141.3
14305 -1099.1 5737.6
14306 -1404.2 5735.7
14307 -1405.7 5870.5
14308 -1527.1 5734.9
14309 -1524.8 5558.1
14310 -4151.6 5752.4
14311 -4355.1 5750.1
14312 -4560.1 5747.9
14313 3489.1 9863.5
14314 -5376.2 5734.8
14315 -5578.5 5733.4
14316 -5577.9 5632.8
14317 -1615.3 5770.8
14318 -1889.6 5755.7
14319 -1613.5 5606.5
14320 3455.8 5843.3
14321 -7769.5 18783.6
14322 -7774.5 18526.2
14323 -7684.8 18777.9
14324 3805.2 9728.6
14325 1712.2 18580.5
14326 1200.2 18693.6
14327 1202.2 18572.6
14328 1022.1 18569.7
14329 -1432 18594
14330 1442.9 -18764.5
14331 3829.4 -16273.3
14332 1630.5 -16148.8
14333 990.9 -16355.2
14334 -682.9 -16369.4
14335 1244.4 12367.4
14336 3282.7 10212.9
14337 -11801.1 14210.3
14338 -5243.9 12323.1
14339 -5958.7 12317.3
14340 -7789.3 12301.9
14341 -7996.6 12705.9
14342 -8092.3 12299
14343 -8098.9 12704.9
14344 -4472.3 11923.3
14345 -12641.7 12540.3
14346 439 12356.6
14347 3284.1 10125.7
14348 -1481.8 12347.6
14349 -1377.5 12146.4
14350 -2494.7 12345.2
14351 -2999.9 12137.7
14352 -3507.2 12133.1
14353 -3744 12334.1
14354 -6590.9 13519.9
14355 -1726.2 8596.4
14356 -2482.6 8699.4
14357 -5590.8 8574
14358 3284.5 10097.7
14359 -5386.7 8675.7
14360 -9005.8 8642
14361 -1634.1 15851.1
14362 -1661.9 15805.3
14363 -1636.2 15994.4
14364 -1654.8 17385.3
14365 -1556.3 17184.5
14366 -1640.6 18087.9
14367 -1638.2 18188
14368 -1442.3 18192.1
14369 3485 10100.4
14370 -1635.8 18287.7
14371 -1540.3 9110.2
14372 -1477.2 10091.3
14373 -1554.2 10224
14374 -1473.4 11743.6
14375 -1575.9 11945.9
14376 -1478.9 12146.5
14377 -1490.9 12956.3
14378 -1588.7 12752.5
14379 -1493.6 13143.6
14380 3286.5 9970.5
14381 -5354.5 12930.1
14382 -5257.2 12899.1
14383 -7896.6 12706.9
14384 -4845.3 12933.7
14385 -3010.8 12946.8
14386 -3517.3 12947.5
14387 8681.9 -8174.5
14388 8791.8 -8124.4
14389 9588.7 -8167.5
14390 9454.4 -8061.6
14391 3902.1 9978
14392 9522.1 -8167.7
14393 -12734.6 13447.3
14394 -847.7 2056.9
14395 -837.4 1221.8
14396 -742 -6053.4
14397 -819.8 -7879.8
14398 -877.4 -3425.5
14399 -765.3 -4231
14400 -828.6 613.2
14401 10947.4 -20039.1
14402 3288.5 9864.4
14403 10946.5 -20272.4
14404 10950.7 -19257.8
14405 11369.3 -20047.1
14406 10249.8 -20093.5
14407 -5047 12730.1
14408 -1110.9 7086.8
14409 -3009 -4051.1
14410 -3109.2 -3950.9
14411 -3204.6 -4256.4
14412 -1373.9 -4238.6
14413 3487.2 9972
14414 -5010.4 -4070.5
14415 3973.7 4796.6
14416 -6800.5 -7946.2
14417 -7613.3 -7960.1
14418 -8221.8 -7968.5
14419 -4377.9 -7814
14420 8226.6 -11078.8
14421 8191.2 -9695.4
14422 8096.8 -4987.4
14423 8106.8 -4941.3
14424 3807.5 9569.8
14425 2657.4 11601.2
14426 -6502.4 14580.9
14427 -4556.4 7199.4
14428 -4554.2 7059.4
14429 -4359.1 7091.6
14430 -4582.4 11112.3
14431 -4483.8 16076.9
14432 -4364.8 6559.2
14433 -4161.2 6561.5
14434 -4313.8 7068.1
14435 3908.5 9867
14436 -32.7 -13735.8
14437 166.4 -13937.2
14438 267 -13936.2
14439 771.4 -13930.8
14440 4608.6 -13890.7
14441 4809.9 -13890.5
14442 7223.6 -13797.5
14443 317.5 6491.6
14444 520.5 6395.4
14445 -5585.8 6547.7
14446 3899 51.2
14447 1114.1 12163.4
14448 3802.5 9865.6
14449 4744.1 -8419.5
14450 4758.6 -9840.5
14451 4833.8 -10641.6
14452 4780.2 -11250
14453 4786.1 -11655.6
14454 4923.5 72.8
14455 4787.9 -537.3
14456 4667.4 -384.5
14457 4949.9 -2156.3
14458 4958.8 -3966.1
14459 3480.1 10364.7
14460 4909.2 -4168
14461 4968.3 -4773.5
14462 4840.7 -5403.2
14463 4971.4 -4976.5
14464 4975.4 -5400.9
14465 4981.8 -5987.5
14466 4990.1 -6596.3
14467 4804.2 -2008
14468 4947.1 -1911.8
14469 4948.2 -2005.7
14470 3567.3 10366.1
14471 5899.3 -1403.4
14472 6043.3 -2177
14473 6334 -11024.9
14474 6386.6 -11227.5
14475 6285.5 -11229
14476 6209.3 -3949.7
14477 6197.8 -4959.7
14478 5855.4 -17514.9
14479 5841.4 -17715.6
14480 -172.5 -1450.5
14481 3079.5 10261.1
14482 -143.8 -1272.2
14483 5118 -5985.7
14484 5251.1 -5881.8
14485 2264.1 -15016.4
14486 1936.1 -15020.1
14487 11537.4 -12184.3
14488 1256 8326.2
14489 223 -2199
14490 -81.8 -2200.8
14491 80.1 -2069.1
14492 2956.8 10121.9
14493 4159.8 -1972.8
14494 3736.5 -2168.2
14495 5780.9 -11137.7
14496 -3182.3 -5987.4
14497 -3385.2 -5990
14498 -3181.1 -6086.2
14499 -6056.2 12013.5
14500 -7776.8 18443.7
14501 -7836.2 9413.3
14502 -7643.9 9971.4
14503 3491.6 9723.6
14504 -7848.4 10172.6
14505 -7865.2 10986.9
14506 -7873.4 11391.7
14507 -8005.1 14412.3
14508 1024.3 18445.5
14509 2644.6 -17851.5
14510 -8058.6 -5870.4
14511 -3551.1 -628.9
14512 -3247.2 -626.5
14513 -3148.2 -420.3
14514 3524 9724.1
14515 7323.7 -20741.6
14516 2095.2 9060.9
14517 -3026.9 -18015.5
14518 -3002.4 -18015.2
14519 -3157.4 975.6
14520 -3045.2 -9117.2
14521 -3042.5 -9319.6
14522 -3140.4 -4663.8
14523 -3120 -10744.1
14524 -3238 -12359.4
14525 3099.3 9785.9
14526 2334.5 6893
14527 1410.9 3976.1
14528 1370 3976.3
14529 5665.7 -17721.9
14530 5759.2 -17720
14531 5510.9 -5011
14532 5535.2 -7195
14533 5628.9 -11035.4
14534 5498.9 -3858.1
14535 5506.6 -4463.3
14536 3431.6 9563.2
14537 5509.9 -4767
14538 1759.8 -19449.5
14539 1617.8 -8866
14540 8513 -11409.6
14541 8472.7 -10601.8
14542 5095.3 -4165.4
14543 -9003 16425.2
14544 -9058.3 16826.8
14545 -4067.2 13294.3
14546 -1542.7 -3375.3
14547 3607.2 9358.8
14548 -3425.1 -3445.5
14549 10036 -15827.1
14550 3496 -9448.1
14551 3529.7 -9245.3
14552 3494.7 -9649.9
14553 3206.5 -7332.1
14554 3293.4 -7429.6
14555 3290.5 -7229.3
14556 73.4 218.3
14557 5606.6 -4765.5
14558 1246.9 12165.1
14559 3411.3 9562.8
14560 5609.2 -4967.6
14561 556.2 3719.1
14562 1635.1 -16048.4
14563 251.6 -12922.1
14564 255.1 -13125.1
14565 194.3 219.8
14566 -201.5 -337.6
14567 220.8 -1955.9
14568 59.4 2899.1
14569 164.5 2665.7
14570 3275.7 10565
14571 664.2 -5180.1
14572 664.9 -5230.8
14573 7120 -10613.6
14574 7026.5 -11223.2
14575 2723.4 7696.7
14576 -3867.7 11524.6
14577 1553.8 11557.6
14578 -10401.7 11457.6
14579 -5445.3 11511.1
14580 -5233.2 11512.8
14581 4182.3 7443
14582 -5639.4 11408
14583 -6864.6 11500.4
14584 3523.4 8914.5
14585 -3061.8 976
14586 -3160 1202.5
14587 -3573 1199.3
14588 213.5 -8875.4
14589 219.2 -9278.8
14590 222.1 -9482.1
14591 124 -9685.3
14592 4139.4 7538.7
14593 224.9 -9684.4
14594 92.7 -5887.4
14595 167.2 -13989.8
14596 16.5 -1907.3
14597 4244.2 7061.4
14598 4313.1 7062.3
14599 4240 7150.3
14600 -2588 11737.9
14601 -2591.3 11940.2
14602 -2491.5 12143.1
14603 5762.5 -1099.2
14604 -2505.3 13151.9
14605 -2605.4 12950.3
14606 -2522.9 14569.5
14607 -2622.8 14365.1
14608 -13455.1 13042.8
14609 -1134.2 9112.3
14610 -1338.3 9111.5
14611 -1440.4 9137.9
14612 -1439.1 9111
14613 -1744 9109.8
14614 5672.9 -1024.8
14615 -1337.5 9081.4
14616 -1641.9 9081.1
14617 -11104.3 18006.1
14618 -11209.1 18007.6
14619 -11212.7 17873.3
14620 1208.7 18176.4
14621 1029.1 18173.9
14622 774.1 18170.2
14623 199.7 18166.9
14624 -1444.3 18092.5
14625 5763.1 -1200.7
14626 -8729.5 16523.4
14627 -1010.8 8397.1
14628 -58.8 11947.5
14629 166.8 18295.3
14630 -117.6 18405.9
14631 1985.5 -5871.7
14632 2021.6 -8860.9
14633 -3319 -11065
14634 5059.4 -537.1
14635 3833.1 -8634.9
14636 5763.6 -1282.5
14637 3834.5 -8837.4
14638 3839.7 -9039
14639 3844.1 -9240.4
14640 3883 -12295.5
14641 3890.4 -13087.2
14642 3760.8 -10766.6
14643 3979.4 -19354.3
14644 3511.3 333.7
14645 3800 -9645.5
14646 7806.2 -10607.8
14647 5675.2 -1410.7
14648 7561.5 -10342.2
14649 8379.6 -11141.9
14650 -376.8 618.2
14651 -459.1 617.5
14652 -3160.4 594.1
14653 -3257.7 593.9
14654 -3424.6 584
14655 5377 -18784.6
14656 1343.7 5131.7
14657 1146.3 5128.1
14658 5461.3 -1469.8
14659 -3427.2 5120
14660 -3438.1 -1934.2
14661 -3887 -2112.2
14662 -3438.9 -1804.3
14663 -136.1 -2000.8
14664 630.4 -18787.1
14665 -10108.2 11889
14666 -2996.6 11928.3
14667 -12664.8 11629.7
14668 -12652.5 11834.1
14669 1108.7 12567.3
14670 5437.7 -1469.5
14671 -1475.9 11945.9
14672 -1780 11946.2
14673 -1981.3 11946.6
14674 -2487.9 11941.3
14675 -2384.4 11740.2
14676 -5235.8 11712.2
14677 -6867.7 11700.2
14678 -8040.1 18446.7
14679 -10675 18421
14680 -1245.8 18196.2
14681 5460.5 -1349.8
14682 -1440.3 18291.9
14683 -7248.1 -5923
14684 -10216.3 17225.1
14685 -2048.8 17177.3
14686 1912.4 17313.6
14687 360.8 17218.3
14688 1964.5 7826.7
14689 -1816.1 14369.6
14690 -1767.8 11136
14691 -1737.3 7474.8
14692 5530.6 -1469.2
14693 -4368.1 8175.7
14694 -5571 5125
14695 -5586.8 6648
14696 -5383 6649.1
14697 -5609.8 9584.6
14698 -5633.8 11009.7
14699 -5635.1 11103.7
14700 -5645.3 12117.7
14701 -5648.7 11970
14702 -5680.7 14347.6
14703 5529.7 -1412.5
14704 2725.5 10559.5
14705 -369.5 213.4
14706 -203.6 -291.8
14707 -197.1 -1443.8
14708 -178.8 -2280.2
14709 -174.6 -2684.6
14710 -154.3 -4624.4
14711 -58.5 -5888.5
14712 -61.7 -12313.9
14713 464.3 17079.7
14714 5459.3 -1139.2
14715 508.1 7526.1
14716 2024.8 4933.4
14717 -1574.6 5585.6
14718 -4167.1 7064
14719 -4701.5 7277.6
14720 -4759.5 7309.1
14721 -4730.6 7057.9
14722 -5447.9 7681.5
14723 -5401.2 7656.2
14724 -6092.2 7898.1
14725 5435.8 -1343
14726 -7924.8 8648.6
14727 -8020.7 8327.3
14728 -5043.1 -3664.6
14729 -5407 9586.5
14730 1080.8 9628.9
14731 951.3 9628.4
14732 1082.8 9527.5
14733 -2964.5 9507.3
14734 4637.4 1080.9
14735 4554.4 -276.7
14736 6017.2 -1350.6
14737 4658.1 -276.4
14738 4110.2 -12220.4
14739 4032.2 -12302.1
14740 4163.6 -12299.7
14741 3934.8 -12299.2
14742 3882.2 -12260.9
14743 1861.4 -12359.2
14744 15.7 -12319.2
14745 746.5 -12255.6
14746 -585.9 -12321.3
14747 5592.5 -1025.9
14748 -1498.2 -12333.7
14749 -3291.9 -12326.6
14750 2582.4 -13404.5
14751 -3741.6 12131.3
14752 -3755.4 7876
14753 5263.4 -938.5
14754 -8120.4 14413.3
14755 -3010.2 -3949.8
14756 1785.1 -6033.9
14757 1920.1 -8862.2
14758 5365.4 -1140.2
14759 1821.6 -9065.1
14760 1932.1 -9826.2
14761 536.8 14234.4
14762 -6083.1 14344.8
14763 -7605 7638.9
14764 -4637.7 -10761.2
14765 -4943.6 -10561
14766 6007.7 -2178.5
14767 1947.3 -631.8
14768 7004.6 -3097.3
14769 5063.4 -1146.6
14770 -4251.9 5650
14771 5105.2 -4974.6
14772 2944.2 1265.5
14773 2942.9 -9860.1
14774 2892.7 -5861.3
14775 2687.3 -166.2
14776 1214.3 7720.8
14777 -9835.5 7627.1
14778 -1520.5 7689.6
14779 -1491.4 7689.7
14780 1241 12568.5
14781 5167.2 -1142.1
14782 -1518.6 7519.2
14783 -1386.4 7690.4
14784 -1488 7891.9
14785 -6848.8 10587.3
14786 831.6 10639.2
14787 952 10640.2
14788 1576.6 -14020.2
14789 8032.6 -12279.8
14790 3921.8 -9239.2
14791 4061.2 -13084.8
14792 5366.9 -1343
14793 -3490.5 2491
14794 -3437.7 -1977.1
14795 -3430.2 -2863.9
14796 -3338 -9806
14797 -3082.1 -9883.3
14798 -3150.7 -12059.9
14799 1326.1 6859.5
14800 1325 6943.9
14801 1431.8 19504.8
14802 132.4 18168.3
14803 5065.3 -1344.8
14804 552.6 17082.2
14805 4478.2 -8625.4
14806 4507.6 -8625
14807 257.1 -8673.2
14808 3451.1 -14665.5
14809 -1487.2 7321.6
14810 -1515.1 7302.9
14811 -1381.4 7323.3
14812 -1388.4 7892.2
14813 -1541 7084
14814 5166 -1344.2
14815 -1517.6 7463.3
14816 2189.9 5176.7
14817 2235.2 5247.8
14818 2066.6 2632.6
14819 2090.1 2738.9
14820 1242.4 -18776.2
14821 -6890.1 13168.7
14822 -6863.1 11398.4
14823 -10699.9 18420.4
14824 3748.6 6489.3
14825 4940.5 -1345.5
14826 6083.1 -11136.3
14827 -5981.8 14345.5
14828 -1377.7 7084.9
14829 -1349.4 7892.4
14830 -1452.4 10224.3
14831 6977.6 -9772.2
14832 7010.7 -10614.4
14833 -10450.1 18426.1
14834 -1438.2 18392.2
14835 -5172.6 5636
14836 4797.6 -1346.3
14837 407.1 14584
14838 -6935.8 10991.9
14839 -7060.4 11195
14840 -6889.4 13121.6
14841 -3619.5 13088.4
14842 870.3 10336.7
14843 -1352.9 10326.6
14844 -6085.3 13483.3
14845 -6042.6 11099.2
14846 5250 -5783.1
14847 4942.9 -1547.6
14848 -1353.3 -5759.5
14849 -1352 -5859.1
14850 -9855.9 -7990.7
14851 10937.3 -11181.5
14852 859.1 -13119.7
14853 860.7 -13224.3
14854 848.5 -13077.1
14855 -2976.2 -18015.1
14856 3786 540.6
14857 -6938.4 -5639.6
14858 3700.2 9033.2
14859 -5046 -3463
14860 -7966.6 18096.9
14861 8375.9 -8177.3
14862 4745.7 -8617.1
14863 2540.8 -17659.7
14864 1605 -17506.7
14865 17.6 -1998.7
14866 191.9 -3416
14867 245.9 -7868.3
14868 -7099.7 14587.8
14869 -126.5 9330.2
14870 1488 19504.5
14871 -6514 3808.4
14872 3766.5 -7831.8
14873 10171.5 -20092.2
14874 10171.1 -20150.7
14875 -436.3 212.4
14876 5124.6 -6594.3
14877 1931.4 6933.1
14878 2027.4 6933.4
14879 1865.2 6932.7
14880 -131.6 9518.9
14881 -6429 16803.3
14882 2160.5 5155.4
14883 -402.3 14574.2
14884 1977.9 17156.1
14885 1490.2 18577
14886 1840.6 18582.5
14887 1576.3 19551.7
14888 -12651.1 12036.3
14889 -1371.3 11945.5
14890 2525.9 -8854.6
14891 976.2 12768.1
14892 -527.8 9113.2
14893 4480.9 -8828.2
14894 2676.7 1665.5
14895 -12613.3 14657.3
14896 -12824.3 14404.2
14897 -10397.3 18427.3
14898 9319.2 -10996.4
14899 2471.6 -4205.3
14900 -7663.5 -5116.1
14901 -9978.1 7023.5
14902 -10071.1 10250.7
14903 -369.1 9105.4
14904 -3620 13144.2
14905 5092.9 -3964.4
14906 5102.8 -4771.9
14907 5110.3 -5389.1
14908 5116.8 -5883.9
14909 5332.8 75.9
14910 5072.6 -2155.2
14911 2536.9 -9821.6
14912 -4147 7064.1
14913 1327.2 6776.5
14914 -567.6 9114
14915 -493.6 -9783.8
14916 -4681.1 -7916.7
14917 -5387 7863.1
14918 -5383.7 14639.1
14919 674 -5883.3
14920 775.4 -5882.5
14921 2316.4 -397.2
14922 -11238 11060.9
14923 -1924.7 10325.5
14924 -1961.6 10360.1
14925 -296.6 8947.8
14926 -1918.2 7131.4
14927 -5162.5 7258.2
14928 -5211.8 9993
14929 -5493.8 14349
14930 -5441.9 11206.9
14931 -1554.2 -5862.3
14932 1974.2 17103.5
14933 -642.3 3850.9
14934 2375.8 3887.2
14935 -5826.5 3813.1
14936 -24.5 8741
14937 -845 -5851.6
14938 1561.5 -18443.4
14939 628.7 -2148.3
14940 -1413.2 14573.2
14941 -3447.8 7069.8
14942 -3487 11227.2
14943 -1112.4 7473.3
14944 -12637.7 11105.6
14945 -12623.8 10589.4
14946 -4337.6 -10763.6
14947 169.8 8711
14948 -1409.8 14369.9
14949 2281.7 16629.2
14950 2285 16428
14951 2169.6 16427.1
14952 2289 16177.2
14953 2408.4 16178.5
14954 2293.1 15926.8
14955 2411.3 15928.6
14956 2177.5 15925
14957 2166.5 16628.8
14958 123.3 8739.7
14959 2173.5 16175.9
14960 2110.9 16426.6
14961 2114.6 16174.7
14962 2182.2 15619
14963 2118.5 15924.2
14964 4583.5 5721.1
14965 4584.1 5686.9
14966 4588.9 5338.2
14967 4459.3 5336
14968 2793.8 3750.7
14969 27.2 8811.5
14970 2791.3 3893.2
14971 1215.5 10441.8
14972 3947.1 7967.8
14973 4027.8 7786.4
14974 4208.5 5825.9
14975 4458.2 5425.9
14976 4336.7 5334.7
14977 4214.7 5245.2
14978 4213.8 5333.5
14979 3791.5 461.5
14980 -265.5 9182.4
14981 3118.8 5060.1
14982 3237.8 5059.3
14983 3484.8 9003.9
14984 3507.4 8951.5
14985 2849.6 12099.7
14986 2849.1 12139.1
14987 2658.8 12244.5
14988 2123.1 15617.8
14989 1923.7 13589.4
14990 -212.7 13268.9
14991 -328.4 9119.8
14992 1269 15385.6
14993 1609.7 15423.6
14994 670.8 13372.2
14995 1608.3 15517.7
14996 1264.6 15418
14997 1251.6 15475.9
14998 1216.5 15709.1
14999 674.2 13170.2
15000 2448.3 12201.3
15001 2854.3 11831.1
15002 847.4 12766.7
15003 -328.4 9208.9
15004 2958.4 11379
15005 2387.1 10986.7
15006 2280.7 11165.5
15007 2061 11162.1
15008 2868.1 10863.7
15009 2866.7 10965.8
15010 3229.1 10769.3
15011 3248.2 10727.8
15012 3207.5 10818
15013 2870.8 10662.1
15014 -841 9516.6
15015 2520.8 10760
15016 3274 10665.9
15017 3274.9 10605.7
15018 2591.1 10640.9
15019 3651.4 10608.8
15020 3680.5 10488.5
15021 3603.5 10731
15022 3085 11092.1
15023 5042.9 4899.1
15024 5100.1 4900.2
15025 -874 9516.7
15026 4915.5 4986.1
15027 2608.7 3158.7
15028 2609.8 3076
15029 4274.6 3341.3
15030 4647.2 373.5
15031 4648.6 197.5
15032 4921.9 177.6
15033 4910.8 1229
15034 4769.4 1226.6
15035 4912.7 962.5
15036 -1050.5 9516.3
15037 4771.8 961.3
15038 4914 828.5
15039 4641.2 825.5
15040 2059.8 11261.9
15041 2207 11291
15042 1960 11160.7
15043 2859.3 11484.1
15044 2462.8 11168.6
15045 2170.5 10553
15046 2270 10554.2
15047 -1137.9 9516.2
15048 3240 4942.5
15049 1685.6 2640
15050 1392 2250
15051 347.4 4224.9
15052 1987.2 4933.2
15053 1621.4 4931.1
15054 1077.4 4925.9
15055 1542.2 5497.4
15056 1540.8 5597.6
15057 1479.7 5496.6
15058 2481.6 9951.3
15059 1342.5 5590.2
15060 1343.7 5494.9
15061 1416.8 6304.2
15062 1536.5 6304.5
15063 2224.2 6314.7
15064 3112.8 6751.3
15065 3258.3 7136.6
15066 3134.8 7134.8
15067 2599.5 9043.4
15068 2699.1 8944.7
15069 2682.7 9954.8
15070 2704.4 8742.2
15071 -2059.9 10325.6
15072 -2113.7 10325.2
15073 1164.4 7920.8
15074 1048.5 7920
15075 1102.2 7850.8
15076 1299.3 8626.9
15077 724.5 9524.3
15078 1394.1 8724.9
15079 1367.6 8560.8
15080 2483.4 9848.1
15081 1900.3 8731
15082 2402 8738.3
15083 2504.3 8739.8
15084 -2901.9 11128
15085 -2944.1 11127.4
15086 -1860.5 10333.4
15087 -1897.6 10326.2
15088 -1965.7 10418.6
15089 1782.1 7117.7
15090 2075.8 7121.2
15091 2479.9 10050.3
15092 1901.7 6272.4
15093 1899.9 6310.1
15094 -12543.9 15457
15095 -12632.5 15452.5
15096 -12210.7 15469.8
15097 -12453.8 15582.2
15098 -12437.9 15607
15099 -12392.1 15598.4
15100 -12674.8 15197.4
15101 -12657 15062
15102 2381.5 9949.7
15103 -12614.4 15153.3
15104 458.4 10837.5
15105 457.1 10940.1
15106 957.4 11146.9
15107 800.7 10336.1
15108 -1252.5 13562.6
15109 -1284 13566
15110 4797 6775.6
15111 4204.6 6112.5
15112 -306.1 7897.1
15113 844.1 12969.2
15114 2884.3 9864
15115 654.8 8315.6
15116 703.9 8584.5
15117 -1064.3 11945
15118 -676.9 12753.2
15119 -72.2 12757.1
15120 -1701.1 13560.7
15121 -1506.8 13561.9
15122 -1344.7 13561.9
15123 547.3 13370.7
15124 4310.6 7123.3
15125 2485.2 9748.7
15126 3535.4 7178.9
15127 3006.8 6628.1
15128 2783.4 9956.6
15129 2316.1 7930.5
15130 2652.3 5221.9
15131 2874 5056.9
15132 2976.8 4452.7
15133 3109.8 4329.4
15134 2626.1 5513.4
15135 2712.6 5515
15136 2282.3 9845
15137 8005 -10679.3
15138 8005.5 -9860.3
15139 8014.1 -8180.5
15140 4752.2 -8824.1
15141 4743.5 -8665.4
15142 4729.9 -7639.7
15143 4518.4 -7414.1
15144 4750.8 -8991.6
15145 -5190.2 13269.6
15146 -4947.3 12730.5
15147 3093.3 9485.6
15148 -4768.1 12732.7
15149 -5758.1 13435.2
15150 -5668.4 13339.9
15151 -6973.7 14296.7
15152 -7196.6 14406.1
15153 -6201.5 13719.4
15154 -6891.7 13273.4
15155 -10582.5 15187.1
15156 -9787.3 15161
15157 -9349.7 15161.5
15158 2965.5 9871.3
15159 -8112.4 15046.4
15160 -6876.5 16851.1
15161 -6847.3 16832.1
15162 -7388.2 17177.6
15163 -417.3 15382.7
15164 -6606.2 16640.3
15165 -7638.7 18441.3
15166 -7886.4 18445
15167 -5555.6 15742.6
15168 -5367.4 15250.3
15169 2872.2 10561
15170 -5530.4 16095.6
15171 -5535 16018
15172 -5478.8 16002.5
15173 -5497.6 16311
15174 -5572.5 16029.1
15175 4921 6065.5
15176 4814 5163.2
15177 5381.9 4735.7
15178 5378.1 4907.4
15179 5458.2 4735.8
15180 793.5 13373.6
15181 5100.3 4806.7
15182 5456.5 4908.6
15183 5297.2 4740.2
15184 6292.9 -950.4
15185 5886.6 384.7
15186 6010.6 515
15187 5739.8 855.9
15188 6126.8 -633.7
15189 6186.9 -742.7
15190 6115.8 -925.3
15191 -246.5 13341.1
15192 6205 -1206.1
15193 6063 -926.5
15194 6103.3 -859
15195 6164.3 -929
15196 6058.6 -854.1
15197 5789.5 178.6
15198 6150.7 -757.9
15199 6140.8 -662.6
15200 6060.3 -508.8
15201 6798.5 -2416.5
15202 -1395.4 13307.4
15203 6703.8 -2193.3
15204 6754.5 -2302.4
15205 6834.1 -2416.6
15206 6936.1 -2644.4
15207 6882.8 -2387.9
15208 6845.9 -2395.1
15209 7611.4 -3755.3
15210 7188.7 -3158.9
15211 7913.8 -4207.4
15212 8485.6 -6064.1
15213 -1433.1 13358.8
15214 8479.9 -6103.2
15215 8545.2 -5858.8
15216 5743.9 1499.2
15217 -6856 16802.1
15218 4764.9 1733.2
15219 4632.4 1732.5
15220 4767.1 1487.5
15221 4632.7 1683.6
15222 4032.3 4454.7
15223 8857.3 -8032.4
15224 802.1 12766.2
15225 -1348 13242.9
15226 9271.8 -7841.7
15227 9197 -7938
15228 9221.1 -7864.1
15229 9422.4 -8029.1
15230 9217.3 -7800.2
15231 9096.4 -7610.2
15232 5796 1499.8
15233 2609.3 15033.5
15234 3030 13384.7
15235 3085.2 13047.8
15236 -1394.1 13242
15237 3094.7 12993.2
15238 5797.5 4172.8
15239 5754.5 4173.2
15240 5786.8 4469.4
15241 5764.7 4995.5
15242 5814.3 5001.6
15243 5781.7 5020.6
15244 3994.8 3116.9
15245 3926.4 3227.8
15246 3990.7 3294.3
15247 3607.3 5965.5
15248 3854 3761.4
15249 3859.8 3908.9
15250 3855.8 3641.6
15251 4411.5 4451
15252 3858.8 4344.4
15253 4411.6 4378.2
15254 4885.3 4601.2
15255 4928.4 4596.7
15256 5064.3 4590.5
15257 5067.4 4442.2
15258 3611.2 5825.8
15259 4975.4 4605.5
15260 5200 4443.2
15261 5123.6 4182.5
15262 5718.4 4172.2
15263 4972.6 4181.3
15264 4933.1 4181.5
15265 5607 4448.3
15266 5607.3 4312.6
15267 5563.1 4449.3
15268 -3909.4 -2744.5
15269 3832.9 5967.5
15270 -4588.2 -3025
15271 -2956.6 -2352.7
15272 -3307.9 -2479.7
15273 -3879.9 -2763.3
15274 -3554.1 -2651.7
15275 -2905.1 -2363.5
15276 -1780 -1900.3
15277 5999.5 4913.2
15278 5961.3 4913.3
15279 4756.6 2494.5
15280 3519.8 5964.3
15281 4869.8 6571.2
15282 555.8 3763.6
15283 1955.3 -972.7
15284 2157 -970.3
15285 2331.3 -968.2
15286 2525.4 -966.3
15287 2468.9 -966.8
15288 2674.9 -964.8
15289 1846 -696.4
15290 1717.2 -594.4
15291 5277.4 -8209.6
15292 1612.1 642.7
15293 -5080.9 16779.8
15294 -2444.4 16453.9
15295 -10146.7 15125
15296 -10289.6 15079.6
15297 93.8 18401.2
15298 -3920.6 3089.1
15299 -4256.1 3117.1
15300 -5456 2850.3
15301 -5282.3 14907.4
15302 5143.1 -8212.2
15303 -5284.6 15043.1
15304 -12620.4 10493
15305 -12622.4 10537.9
15306 -12580.5 10550.7
15307 -6970.8 14352.6
15308 -6832.7 14247.4
15309 -7036.1 14404.4
15310 -7093.1 14405.5
15311 -7104.3 14455.6
15312 -5752.4 14347.1
15313 5545.9 -8204.1
15314 -4894.7 14353.2
15315 736.5 18787.5
15316 823.6 18566.6
15317 750.8 16816.1
15318 -282.8 13564.5
15319 -355.1 13563.5
15320 -82 13567
15321 -931.9 15995
15322 -844.1 16790.5
15323 -1954.9 16774.3
15324 1175.2 3172.3
15325 -1895.2 15994.4
15326 -1436.2 15994.6
15327 -1559.6 15722.1
15328 -223.3 15997.4
15329 765.8 16012.9
15330 1018 16015
15331 1201.6 16265.6
15332 1190.1 16072.1
15333 2084.4 16628.7
15334 2087.3 16426.6
15335 974 12970.7
15336 -10151.5 15220.3
15337 2091.4 16174.3
15338 2006 15920
15339 2094.9 15923.7
15340 -4173.4 12174.1
15341 -1402.6 9864.3
15342 -1182.7 9688.3
15343 -1486 9966.9
15344 -924.8 9480.8
15345 2012.6 5669.1
15346 2292.6 5300
15347 -10158.5 15129.4
15348 2521 5093.3
15349 3116.5 3897
15350 3130.7 4172.7
15351 3101.8 3689.3
15352 3098 4309.1
15353 3120.7 3554.6
15354 3131.2 4052.8
15355 3151.6 3901.8
15356 3148.8 3940.9
15357 3164.3 4049.7
15358 -10149.4 15317.8
15359 3149.5 4064.1
15360 3075.7 4392.6
15361 3052.7 4186.8
15362 3098.2 4027.8
15363 3099.6 3954.7
15364 5443.3 1210.2
15365 5556.4 963.5
15366 5491.7 943.3
15367 5487.4 902.3
15368 5566.7 926.5
15369 -10199.9 15219.1
15370 5724.6 406.1
15371 5615.5 376.2
15372 5688.8 529.2
15373 5578.4 496.6
15374 5384.6 447.8
15375 5320.3 443.2
15376 -5246.8 12493.5
15377 2789 4045.9
15378 2784.6 4325.2
15379 2885.7 4047.5
15380 -10167.7 15160.3
15381 2299 5360.7
15382 -7472.4 15246.3
15383 -6130.9 13532.6
15384 -5286.8 15207.4
15385 -4269.4 15975.5
15386 -3952.6 15978
15387 -3022.4 15173.2
15388 -3898.1 15979
15389 -6877.1 12310.7
15390 -6551.3 11096.8
15391 -10153.6 15034.2
15392 -6449.7 11097.7
15393 -5840.7 11101.5
15394 -4969.7 11108.9
15395 -4873.2 11109.7
15396 -2479.5 11131
15397 -2682.7 11129.7
15398 -2276.6 11132.8
15399 -2056.5 11135.4
15400 4290.4 -1391.8
15401 -948 15229
15402 500.1 8165.1
15403 -394.2 14172.9
15404 -386.2 13686.3
15405 1848.2 3278.8
15406 -5182.8 7054.7
15407 -5168.6 7155.1
15408 -5164.6 7359.6
15409 -5166.7 7460.8
15410 -5169.9 7639.4
15411 -5174.5 7966.9
15412 -5170.2 7663.8
15413 2540.1 -14433.4
15414 -5181.1 8435.6
15415 -5177.4 8170
15416 -5184.5 8677.7
15417 -5185.4 8756.1
15418 -5183.1 8575.3
15419 -5202.6 9588.3
15420 -313.3 8348.4
15421 -311.4 8232.4
15422 -308.7 8063.8
15423 -307.4 7980.4
15424 2513.1 -14527.9
15425 -103.4 7900.2
15426 -321.6 8878.3
15427 -2170 2225
15428 -2472.5 2153
15429 -5110.6 2197.7
15430 -5114.4 2431.6
15431 -5208.2 2196.8
15432 -4908.7 2199.4
15433 -5051.3 -2675.9
15434 -5049.7 -2849.9
15435 2567.6 -14336.9
15436 -1094.7 15345.8
15437 -1151.6 15392.3
15438 -424.6 15787.6
15439 -1915.5 14369.7
15440 -2216.6 14367.4
15441 -2927.6 14363.2
15442 -5231.3 13839.8
15443 -8804.6 16825.2
15444 -1459.9 13561.8
15445 -3119.4 13553.2
15446 1105.9 12769.5
15447 2697 -14430.8
15448 -3019.3 13553.8
15449 -3626.6 13550
15450 -3324.7 13551.9
15451 -2919.9 13756.3
15452 -2715.5 13605.6
15453 -3829.7 13548.8
15454 -4769.7 14353.7
15455 -4833.3 14353.5
15456 -4560 14354.6
15457 -4351.8 14355.4
15458 734.8 -2592.1
15459 -4147.3 14356.3
15460 -6187 14344.1
15461 -5794.1 14346.8
15462 -6679.6 14052.6
15463 -6798.5 14232.6
15464 -6815.4 14258.5
15465 -1055.2 12753.4
15466 -2298.4 12750.4
15467 -2399.1 12749.7
15468 -3108.3 12743.9
15469 836 -2591.2
15470 -3413.4 12741.6
15471 -2805.4 12746.3
15472 -2804.7 12697.5
15473 -2602.3 12747.9
15474 -2706.8 12949.4
15475 -2503.2 12951.1
15476 -3622.3 13347
15477 -3914.8 12738.2
15478 -4265.9 12735.9
15479 441.8 12153.7
15480 633.1 -2592.9
15481 437.6 12457.2
15482 237.1 12354.8
15483 289.1 12254.2
15484 185.6 12454.9
15485 -367.9 12449.6
15486 -363.7 12146.5
15487 -363.4 12121.4
15488 -361.2 11944.6
15489 -1879.8 11888.4
15490 -2793 11937.4
15491 1023.5 -1080
15492 -2387 11942
15493 1257.9 11151.2
15494 448.2 11648.6
15495 790.3 11270.6
15496 831.3 11194.4
15497 -349.2 11134.9
15498 -308.5 11741.4
15499 -1262.6 11135
15500 -1465.8 11135.3
15501 -1064.8 11906.8
15502 1183.5 -976.8
15503 -950.6 11906.1
15504 -1065.2 11872.1
15505 2468.1 10759.4
15506 1266.6 10441.9
15507 -343.3 10331.7
15508 -138.1 10328.8
15509 -785.6 10326.6
15510 2324.5 9544
15511 2080.8 9842.4
15512 2078.8 9945.5
15513 1025.5 -1308.3
15514 2280.4 9948.3
15515 1583.3 9533.5
15516 1274.3 10036
15517 -335.2 9618
15518 -521.3 8708.4
15519 1301.7 8825.7
15520 2001 5652.9
15521 -10006 11887.5
15522 -8706.4 12696.8
15523 1882.1 4171.8
15524 1022.7 -984.6
15525 2098.2 2265.5
15526 -2167.3 10323.6
15527 -2263.4 10324.9
15528 -3046.3 10317.2
15529 -3077.3 10317
15530 -3143.8 10316.5
15531 -3279.2 10315.4
15532 -3312.6 10315.2
15533 -1260.3 8606.3
15534 -7661.2 10887.5
15535 6514.4 -17692.3
15536 -4070.7 8687.1
15537 -4169.7 8482.5
15538 -4274.1 8685.6
15539 -4476.4 8684
15540 -4776.3 8681.3
15541 -4879.8 8680.4
15542 -2617.8 8698.5
15543 -2549.6 8699
15544 -2212.1 8701
15545 -8025.1 8647.4
15546 6641.7 -17487.9
15547 -8226.3 8644.9
15548 -6611.8 8664.6
15549 -6202.9 8667.8
15550 -5546.6 11914.4
15551 -5234.6 11633.4
15552 -5223.5 10905.3
15553 -5224 10945.5
15554 -5222.2 10803.3
15555 -1884.5 17539.8
15556 -233.8 18408.5
15557 4360.5 433.8
15558 1238.7 12771
15559 6303.2 -17923.1
15560 -20.3 18403.7
15561 -5085.8 10946.6
15562 -5218.7 10499.3
15563 -5219.8 10600.6
15564 -4968.3 10300.2
15565 -4196 10307.4
15566 -4149.2 10307.8
15567 -3986.6 10309.1
15568 -4926.8 -11569.1
15569 -4926.6 -12351.1
15570 6593 -17763.5
15571 -4921.4 -11881.8
15572 2146.8 16829.1
15573 2104.8 16828.9
15574 1566.7 6305.1
15575 1489.4 6240.8
15576 1332.4 6303.4
15577 2047.3 6369.7
15578 2048.4 6312.3
15579 3241.9 6326.8
15580 3245 6210
15581 6604.7 -17782.5
15582 -467.2 13685.8
15583 918.2 3260.2
15584 847.3 3259.3
15585 293.6 3255.9
15586 592.4 3163.7
15587 789.9 3207.2
15588 763.3 3166.2
15589 562.7 3163.3
15590 -874 3199.1
15591 -1743.9 3125.9
15592 6490.6 -17879.1
15593 -5118.8 2703.4
15594 -5119.6 2754.8
15595 -5118.4 2682.3
15596 -5212.2 2882
15597 -5120.5 2785.5
15598 -5546.5 2850.1
15599 -6302.5 2844.4
15600 -5469.9 2812.1
15601 -6949 2783.7
15602 3068 6324.9
15603 6577.5 -17848.3
15604 3232.8 1024.8
15605 3104.2 931.7
15606 3032.4 662.7
15607 1344.8 -908.5
15608 1414.5 -895.9
15609 852.3 6296.3
15610 -52.9 6282.7
15611 3221 1796.4
15612 3247.8 2162.9
15613 3209.6 2346.7
15614 7638.3 -4544.5
15615 2763.2 1607
15616 2761 1735.4
15617 2848.3 1588.8
15618 2847 1736.7
15619 3203.7 1690.7
15620 3179.2 662.3
15621 3179.8 544.3
15622 3249.9 663.1
15623 3260 187.3
15624 3539.7 358
15625 7755 -4587
15626 3482.9 367.6
15627 3192.1 447.9
15628 3162.8 716.2
15629 3218.9 1041.5
15630 3130.3 797.2
15631 3241.8 926.1
15632 3263.7 995.1
15633 3137.2 927.6
15634 3209.1 265.1
15635 3181.6 -30.2
15636 7527.9 -4545.3
15637 3288.6 18.2
15638 3252.4 -20.5
15639 2938.3 0.1
15640 2869.6 -37.9
15641 2407.4 -245.3
15642 2432.4 -209.9
15643 558.3 -1013.2
15644 109.3 -1076
15645 110.6 -1140.2
15646 776.3 -1086.2
15647 7709.2 -4045.2
15648 518.5 -1073.3
15649 -150.5 -1232.2
15650 -1047.4 -1568.1
15651 -4393.9 -2975.3
15652 2278.3 -421.4
15653 2172.4 -488.5
15654 2141.1 -508.5
15655 2018.3 -586.6
15656 1914.3 -652.8
15657 2470.6 -299
15658 7778.1 -4009.6
15659 -5212.9 10061.8
15660 -5207 9791.2
15661 -5203.8 9654.6
15662 -5047.3 -3138.4
15663 -5046.1 -3260.1
15664 -8611.2 18452.3
15665 4935.3 -297.5
15666 4815 161.8
15667 5418.6 60.4
15668 5449.2 -132
15669 677.4 12765
15670 7667.8 -4066.2
15671 5428 -531.7
15672 5358.6 75.7
15673 4702 10.4
15674 4267.7 -541.7
15675 4333.3 -443.7
15676 4307.7 -261.4
15677 4283.4 -421.2
15678 4302.5 -808.9
15679 4260.7 -229.2
15680 4399.4 -1757.4
15681 5992.2 -11842.7
15682 4398.6 -1718.5
15683 4470.2 -1756.6
15684 4359.1 -1309.6
15685 4389.2 -993.8
15686 4357.1 -1004.1
15687 4359.9 -1389
15688 4295.1 -1802.6
15689 4403.3 -2155.7
15690 4309 -3071.4
15691 4378 -2979.8
15692 6193.3 -11640.1
15693 4408.4 -2616.6
15694 4311.2 -3737.2
15695 4296 -4177.4
15696 4314.3 -4121.7
15697 4311 -3784.9
15698 4378.3 -3010.4
15699 4591 -3366.9
15700 4536 -3468
15701 4362.9 -3426
15702 4397.3 -3775.5
15703 -2752 4782.7
15704 4293.5 -4354.1
15705 4185.9 -7126.9
15706 4189 -7370.8
15707 4715.2 -8584.3
15708 4705.9 -8224.5
15709 4318.4 -7575.2
15710 4703.6 -8960.9
15711 4717 -8703
15712 4697.7 -8680
15713 4371.4 -7714.1
15714 -2777.9 4715.6
15715 4265.2 -5349.8
15716 5150.2 -8018.4
15717 4738.4 -7955.4
15718 4883.1 -7969.4
15719 4242.6 -7564.3
15720 5127.5 -8017.2
15721 4600.2 -8110.6
15722 4662.5 -8646.4
15723 4664.7 -8885.7
15724 4335.1 -905.4
15725 -2732.8 4849.1
15726 4335.2 -3470.1
15727 4225.1 -4843.1
15728 4245.3 -6106.6
15729 4244.5 -4030
15730 4180.6 -4307
15731 4191.1 -4729.7
15732 4217.2 -5311.6
15733 4148.5 -4246.4
15734 4275.4 -4843.8
15735 4284.2 -5291.5
15736 -2752.4 4677.8
15737 4223.2 -6362.2
15738 4204.7 -5800.1
15739 4310.6 -5729.1
15740 4204.5 -5840.4
15741 4312.8 -5838.8
15742 4203.8 -5891.7
15743 4536.1 -5833.9
15744 4297.9 -6356.9
15745 4213.8 -6770.2
15746 4218.1 -7045.5
15747 2070.7 5733.9
15748 4190 -7421.3
15749 4643.1 -8546.1
15750 4646.9 -8648.1
15751 4667.7 -9120.3
15752 6758 -9602.1
15753 6172.4 -9011.3
15754 6591.5 -9401.3
15755 8368.2 -11170.4
15756 6797.2 -9619.4
15757 7089.8 -10005.2
15758 -4746.6 -10339.1
15759 6921 -9920.6
15760 7319.1 -10003.4
15761 8378.4 -11160.1
15762 8009.6 -10111
15763 8816.4 -11406.8
15764 8816.5 -11478
15765 9573.1 -12204.5
15766 9633.2 -12392
15767 10071.9 -12821.3
15768 12533.6 -15324.9
15769 -4742.1 -10559.1
15770 10170.4 -12896.4
15771 9986.8 -12718.4
15772 12524.8 -15296.4
15773 12276.7 -15064.7
15774 12731.2 -15634.6
15775 -4421.3 7060.5
15776 -4654.6 7058.5
15777 2969.5 6474.6
15778 -197.8 -1362.5
15779 -198.4 -1288.6
15780 681.1 12561.9
15781 -4542.6 -10402.3
15782 -1559.8 1760.8
15783 -1569.8 1920.3
15784 -1259 2231.1
15785 1952 5503.5
15786 1992.1 5504.1
15787 1336.8 6001.5
15788 1820.1 6089.3
15789 1335.5 6102.3
15790 -2963.4 10024.3
15791 -2875.3 9950.9
15792 7965.8 -20747.8
15793 -3024.1 10074.9
15794 -3051.1 10097.5
15795 -2605.5 9725.9
15796 -2534 9666.3
15797 -2462.9 9607
15798 -5235.5 11687.4
15799 -4815.5 -5891.4
15800 -4507.9 -5891.6
15801 -4811.4 -6043.2
15802 -4792.3 -6866.7
15803 7509 -20486.2
15804 -4729.5 -6623.5
15805 -4846.9 -6861.7
15806 -4782.6 -6166.8
15807 -5014.8 -5891.7
15808 -723.1 8707.7
15809 -749.7 8707.6
15810 -926.9 8706.9
15811 -317.5 8938.3
15812 4442.4 -14474.4
15813 4711.7 -13987.5
15814 7705 -20712.8
15815 -11615.2 11052.5
15816 -11657.5 11085.4
15817 -10882 11579
15818 -10687.9 11705.3
15819 -10452.3 11858.7
15820 7761.3 -6119.9
15821 -5714 2191.3
15822 -5816.2 2190.2
15823 -5611.6 2192.4
15824 -5307.6 2195.7
15825 7545.7 -20713.6
15826 -5409.5 2194.6
15827 -5517 2193.5
15828 8590.5 -8976.1
15829 10843.9 -10979.6
15830 11546.6 -13052.8
15831 11553.3 -13163.9
15832 10638.8 -10428.8
15833 10391.6 -10117.5
15834 10145.2 -9810.1
15835 9.4 -5846.9
15836 4504.6 -9030.5
15837 92.2 -5846.3
15838 1480.6 -5877.1
15839 4003.7 -5802.3
15840 976.1 -5881
15841 -5148.3 12729.7
15842 -5245.6 12423.6
15843 -5189.9 12424.1
15844 -5242.2 12221.6
15845 -5241 12147.1
15846 -5240.6 12098.6
15847 4567.1 -8856.8
15848 -5013.7 11919
15849 -3986.5 11927.3
15850 -1766.3 9109.7
15851 -1947.4 9022.8
15852 -1919.3 9062.8
15853 -1966.4 9062.6
15854 -1921.2 8973.4
15855 -1839.3 8970.3
15856 -1911.3 8596.3
15857 -8126.6 -5925.9
15858 4482.4 -9091.6
15859 617 6844.8
15860 1519.2 7066.5
15861 -822.2 8311.6
15862 5126.3 4901.4
15863 5098 4899.7
15864 5098.8 4754.8
15865 5129.4 4752.3
15866 2494.7 15232.7
15867 7831.1 -8980.5
15868 7702.7 -8999.5
15869 4483 -9029.6
15870 8126.4 -8979.6
15871 8488.3 -8977.7
15872 9406.3 -8986.6
15873 -258.1 7897.8
15874 11748 -19201.7
15875 4395.8 -3712
15876 4260.9 -1966.5
15877 -4930 -12389.9
15878 -4887.8 -12389.3
15879 3062.7 -3092.5
15880 4618.4 -9034
15881 2066.8 -4209.9
15882 -7969 -5121.2
15883 -7765.5 -5118
15884 -7562.5 -5113.1
15885 4616.2 -8663.2
15886 4612.4 -8725.4
15887 4582.7 -8832.8
15888 4613.8 -8781.3
15889 4649.4 -9360.3
15890 4727.2 -9440.7
15891 551.6 12965.7
15892 4751.3 -9033.4
15893 4733.4 -9321.3
15894 4705.8 -9104.4
15895 4729.1 -9534.2
15896 4727.8 -9466.5
15897 4649.9 -9403.1
15898 4641.7 -9519.8
15899 4672.4 -9653.2
15900 4673.8 -9945.9
15901 4710.1 -9714.8
15902 4758 -9798.3
15903 4619.1 -9088.6
15904 4750.2 -10252.8
15905 4710.9 -9923.4
15906 4665.1 -10327.9
15907 4698.3 -10543.6
15908 4702.9 -10744.9
15909 4753.1 -10347.4
15910 4768.7 -10636.8
15911 4710.2 -11269.6
15912 4740.8 -10819.2
15913 4735.6 -10523.1
15914 -13423.4 15050.5
15915 4763.4 -11039.7
15916 4765.3 -11156.2
15917 4783.2 -11412.6
15918 4717.7 -11781.1
15919 4748.1 -11329.3
15920 4788 -11859.2
15921 4706.1 -11812.4
15922 4729.6 -12763.4
15923 4696.2 -11933.5
15924 4792.5 -12176.9
15925 -13426.3 14849.3
15926 4751.6 -11740.1
15927 4794.2 -12499.3
15928 4793.2 -12467.2
15929 4765.3 -12820.9
15930 4778.7 -12782.3
15931 4734.6 -13274.3
15932 5014.5 -12879
15933 4995.5 -12765.5
15934 5093 -12870
15935 4771.1 -13215.9
15936 -13437.6 14247.1
15937 4808 -13770.3
15938 4715.7 -13890.7
15939 5669 -14811.7
15940 4812.4 4183.6
15941 4617.2 3201.9
15942 4679 3205.2
15943 3940 3213.8
15944 1771.1 13559.3
15945 2406.9 12781.9
15946 -2558.9 -8706.9
15947 -13447 13978.2
15948 -2558.1 -8807.9
15949 -2741.5 -8911.7
15950 -2557.3 -8908.8
15951 -2556.5 -9010.1
15952 4139.2 -14667
15953 7613.9 -14821.6
15954 7691.6 -15831.3
15955 8075.4 -15267.8
15956 8072.7 -15210.7
15957 8338.7 -15462.1
15958 -6749.4 2871.2
15959 8022.3 -15570.1
15960 8057.1 -14965.3
15961 8072.5 -15458.7
15962 7854.6 -15317.4
15963 7836.9 -15463.7
15964 7563.2 -15461.2
15965 7359.5 -15464
15966 7631.3 -15808.8
15967 8039.6 -14835.2
15968 7994.7 -15152
15969 -6992.6 2782.6
15970 7617.2 -14807.8
15971 8041.3 -14213
15972 8031.3 -14260.5
15973 8044.9 -13477.7
15974 -1549.2 5239.2
15975 -1508.7 5061.7
15976 -1511.8 5219.7
15977 -2376.3 3943
15978 -1015.9 -425.1
15979 -1013.9 -731.5
15980 -7921.9 14854.8
15981 -1016.8 -347.2
15982 -176.4 -2506.4
15983 6425.2 -2505.8
15984 -4602.2 12355.9
15985 -4858.9 12495.4
15986 1887.9 4032.8
15987 1689 4227.4
15988 6153.9 -2437
15989 5546.2 -4867.9
15990 5457.8 -2555.4
15991 -7880 14817.7
15992 5457.3 -2478.7
15993 5438.4 -1792
15994 5430.5 -730.4
15995 8071.4 -8180
15996 7965.8 -7576.6
15997 8016.4 -10909.8
15998 7971.1 -10203.5
15999 7939.8 -10604.7
16000 7993.2 -10664.3
16001 7993 -10797.8
16002 1511.7 12774
16003 -7995.2 14911.9
16004 8016.4 -10203
16005 3394.5 2726.5
16006 3275.8 2553.4
16007 4531.9 2636.4
16008 1732.2 4371.6
16009 1781.4 4487.2
16010 1878.4 4699.3
16011 -2478.4 -4249.7
16012 -2361.9 -4248.6
16013 -1879.3 -4244.1
16014 -8454.5 15373.4
16015 -662.8 -4229.8
16016 -659.7 -4431.9
16017 -1171.9 -4185.6
16018 -1576.1 -4241.2
16019 -2255.3 -4247.6
16020 -2480.5 -4130.6
16021 -2206.6 -3910
16022 -2122.8 -3842.6
16023 -2072.8 -3802.2
16024 -1871.3 -3639.9
16025 -8458.6 15220.1
16026 -1722.8 -3520.3
16027 -1513.3 -3351.6
16028 -1317.6 -3193.9
16029 -1189.3 -3090.6
16030 -1087.1 -3104.9
16031 -2798.1 -4252.7
16032 -2900 -4253.6
16033 -2869 -4445.8
16034 -2710.9 -4316.9
16035 -3067.4 -4605.7
16036 -8105.4 15216.1
16037 -3499.9 -4955.2
16038 1393.6 2153.9
16039 2192.3 2739.1
16040 2191.7 2844
16041 2068.8 2527.4
16042 2192.9 2634.1
16043 2094.6 2527.8
16044 2197.9 2354
16045 4452.5 2635.4
16046 4623.9 2491.7
16047 -12610.1 14887
16048 3111.3 1867.7
16049 3015.4 1873.5
16050 3622.1 3455.2
16051 3602.9 3232.3
16052 3477.5 3211
16053 3386.3 3230.3
16054 3506.6 3172.8
16055 3267 3169.8
16056 3507.4 3071.6
16057 3387.5 3171.5
16058 -12422.6 15064
16059 3267.3 3069.6
16060 -5195.7 9318.5
16061 -5196.1 9285.4
16062 -5193.1 9185.1
16063 -5194.1 9231.7
16064 -5188.8 8982.6
16065 -6597.4 16673
16066 -6535.7 16633.8
16067 2705.7 8658.8
16068 -5125.9 3136.7
16069 -12595.3 15173.2
16070 4671.3 -1754.3
16071 5070.4 -1910.2
16072 4945.3 -1751.9
16073 5067.1 -1545.6
16074 5073.5 -2255.6
16075 3899.8 -4186.6
16076 3106.5 -7232.4
16077 3417.9 -14650.6
16078 3265.6 -14710.6
16079 3684.3 -14673
16080 3955.4 -6096.1
16081 -7144.9 10280.8
16082 -6537.2 10285.5
16083 5108.6 -5247.2
16084 4973.7 -5248.5
16085 4678.7 -3065.3
16086 4593.8 -3567.4
16087 4596.3 -3749.3
16088 4961.6 -4166.8
16089 4964.4 -4369.5
16090 949.5 9730.5
16091 4012 -6094.6
16092 970.7 9777.3
16093 965.4 9799.7
16094 5078.4 -2755.2
16095 -496.3 2235.8
16096 1562.4 -12725.4
16097 3770.8 -12260.7
16098 3778.3 -11991.9
16099 3769.5 -12123.7
16100 3659.9 1474.7
16101 321.1 -1875
16102 -4491.5 12529.3
16103 4655 -5.1
16104 4992.6 -6799
16105 4725.1 -7004.6
16106 4944.5 -2756.6
16107 5167.6 -939.4
16108 142.2 -2018.7
16109 3050.6 -2116.7
16110 7515.3 -4170.9
16111 3774.2 -4188.4
16112 -6131.4 -5905.5
16113 1537.2 12673.6
16114 -4479.8 12313.9
16115 -6233.8 -5906.6
16116 -6437 -5908.7
16117 -4975.8 -5843.2
16118 -4681.6 2202
16119 1184.1 2252.1
16120 573 2246.1
16121 1082.5 2258.8
16122 1079.8 2514
16123 2666.9 2268.3
16124 -4940.7 -10765.5
16125 11969.6 -14481.4
16126 -4881.1 -8120.6
16127 -4878.5 -8324.3
16128 -4983.8 -7918
16129 -4886.7 -7715.5
16130 -4995.4 -7109.5
16131 -4972.1 -8121.1
16132 -4928.2 -8324.7
16133 4767.9 -10578
16134 4509.9 -3750.7
16135 -1655.6 -5863.9
16136 11969.5 -14637.6
16137 -4969.1 -8295.1
16138 4457.8 -2161.6
16139 4583 -2927
16140 4477.2 -1957.5
16141 2050.8 -1471.7
16142 2159.8 -1469.6
16143 2202.8 -1469.4
16144 7580.6 -3762.5
16145 7695.2 -20779.9
16146 7965.3 -20756.8
16147 11970.1 -14384
16148 7651 -20739.9
16149 7552.3 -20721.9
16150 7641.6 -20695.3
16151 6617.9 -18228.4
16152 6587.4 -17935.6
16153 6724.6 -17616
16154 6601.2 -18102.2
16155 7568.6 -13848.3
16156 5733.4 4999.1
16157 5661.8 4996.9
16158 4515.2 -14699.6
16159 5662.8 4912.2
16160 3850.4 3472.1
16161 5200.9 4329.5
16162 3623.6 10487.7
16163 4383.1 1989.6
16164 4371.6 2470.5
16165 4373.3 2250.3
16166 5336.8 2305.8
16167 5304.8 2305.8
16168 5252.9 2086.5
16169 4615.5 -14698.7
16170 5273.1 1991.7
16171 5347.8 1851.2
16172 5396.4 1560.3
16173 1285.7 -956
16174 615 -1027
16175 610.2 -1110.3
16176 682.1 -1067.5
16177 3835.8 569.2
16178 3800.5 -2167.6
16179 4398 -7417.8
16180 4715.8 -14697.9
16181 2207.3 1617
16182 2967.8 5158.2
16183 1379.2 3305.6
16184 1718.8 3276.5
16185 2745.9 5515.7
16186 2711.2 5560.7
16187 2967.6 5214.8
16188 3136.8 3470.8
16189 3156.6 3675.4
16190 3069.5 3613
16191 1881.5 -5627.8
16192 3155.9 3816.2
16193 2242.5 5367.2
16194 2752.1 5107
16195 2706.9 4908.3
16196 3110.4 5087.5
16197 5275 2288.6
16198 264.6 -10697.9
16199 6975.7 -9646.8
16200 10858.5 -13608.3
16201 10858 -13574.4
16202 1883.8 -5830.9
16203 10859.4 -13676.5
16204 12788.7 -15712.7
16205 12902.3 -15813
16206 12979.1 -15921.8
16207 10129.6 -14024
16208 7524 -7779.4
16209 7524.1 -4144.6
16210 2277.6 -2602
16211 3060 -2887.7
16212 1373.6 19052.3
16213 1879 -5426.6
16214 5419.4 2
16215 5001.3 144.5
16216 5391 138.8
16217 5418.3 217.9
16218 3255.2 273.5
16219 4234.2 -110.7
16220 2942.8 -9833
16221 4777 -19136.9
16222 4576.5 -19138.5
16223 5738.7 -18221
16224 1480.2 12975.5
16225 1778.3 -5427.8
16226 5769.3 -18193.9
16227 8128.5 -20821.9
16228 6673.2 -18001.4
16229 9459.9 -20865.7
16230 10167.6 -20602.1
16231 10144.7 -20886.4
16232 -3428.2 -2517.5
16233 -3433.5 -2420.8
16234 -3428.1 -2616
16235 -3435.7 -2568.5
16236 1876.7 -5224.7
16237 -3367 -2576.4
16238 -3436.9 -2633.2
16239 -3496.8 -2557.8
16240 -3437.1 -2520.3
16241 -3779.4 -1726.8
16242 -3472.9 -1954.8
16243 -5560.8 4602.6
16244 1976.4 6616.1
16245 769.5 18441.8
16246 2620.2 5749.4
16247 -2512.4 4823.9
16248 2621.2 5668
16249 2568 5757.2
16250 -319.9 9081.6
16251 -323.5 8969.9
16252 -342.2 9078.5
16253 1368.7 4077.3
16254 1948.5 3184.7
16255 1950.7 3070
16256 6781.7 5033.2
16257 6007.4 4857.9
16258 -2410.4 4824.6
16259 -5136.8 3607.8
16260 -5137.3 3680
16261 -5139.8 3818.4
16262 -5132.1 3353.9
16263 -3413 3832.1
16264 -6716.5 2437.5
16265 -6736.9 2337.2
16266 -6734.4 2233.8
16267 -6725.7 2317.5
16268 -9343.2 8641.9
16269 -2512.8 4851.6
16270 -8757.5 8641.9
16271 5613.1 5373.8
16272 5736.1 4137.6
16273 5573.9 4033.5
16274 5759.6 4513.1
16275 5761.2 4737.4
16276 5765.5 5040.7
16277 5699.1 5238.5
16278 5564.7 3998.3
16279 5775.5 4387.4
16280 -2510.1 4666.2
16281 5758.5 4687.7
16282 5746.2 4430.4
16283 5733 4179.7
16284 5666.2 4527.9
16285 5756.3 4474.3
16286 5706.2 4998.2
16287 5687.6 5227.7
16288 5726.9 5070.3
16289 1726.8 7116.7
16290 5198.9 3217.1
16291 -2310 4825.3
16292 5160.9 3230.2
16293 5159.3 3195.9
16294 4596.3 4646.8
16295 5472.2 4521.4
16296 5298.4 4554.3
16297 5202.3 4558.9
16298 5228.9 4545.6
16299 5067.6 4588.5
16300 5120.8 4160.1
16301 5066.8 4183.9
16302 -2409.3 4667.4
16303 -3478 -1774.4
16304 6639 -18016.5
16305 6668 -17791.6
16306 8554.7 -22322.6
16307 7006 -17041.5
16308 7022.6 -16983.4
16309 7041.9 -17018.9
16310 6830.1 -17433.6
16311 6901.6 -17223.2
16312 6649.2 -17968.7
16313 -2107.6 4826.8
16314 6835.6 -17513.1
16315 6865.4 -17525.7
16316 6814.6 -17471.8
16317 6792.3 -17527.1
16318 4353.1 -4177
16319 -1813.8 9082.8
16320 -7345.7 10279.2
16321 -8655.6 10216.9
16322 -9872.4 10252.8
16323 -9836 10253.2
16324 -2310.4 4852.3
16325 -9721.5 10204.2
16326 -8450.4 9964.6
16327 -8470.7 10575
16328 -8475 10780.7
16329 -8479.3 10984
16330 -5186.6 9011.8
16331 -3763.5 10691
16332 -3785.3 10709
16333 -3991.8 10879.9
16334 777.6 -6043.8
16335 1365.1 12772.4
16336 -2307.7 4668.6
16337 876.4 -5881.7
16338 874.4 -5840.3
16339 -1452.3 -5860.7
16340 -439.9 -5845.1
16341 -457.9 3851.6
16342 4173.6 2660.4
16343 4371.2 2501.6
16344 5200.1 4443.1
16345 1573.9 -17889.7
16346 1575 -18046.1
16347 -1904.3 4828.3
16348 1606.3 -18132.5
16349 1646.9 -18666.9
16350 -12640.2 12646.3
16351 5065.7 4325
16352 5064.8 4442
16353 5436.1 1496.9
16354 -3603.7 -10126.1
16355 -3455 -10125.1
16356 3086.6 3794.8
16357 3084.2 3649.5
16358 -2107.9 4853.8
16359 4202.2 2284
16360 5651.8 4237.5
16361 -10382.1 10251.9
16362 -14203.1 15466.1
16363 -13501.5 15337.9
16364 -4657.3 -6661
16365 -13801.7 15401.1
16366 -12064.7 15426.1
16367 -2781.2 16743.8
16368 -2245.8 16770
16369 -1803 4829
16370 -2814.2 16764.2
16371 -5832.6 16800.7
16372 -2769.2 16766.8
16373 1088 15969.9
16374 807.7 16106.9
16375 1242.7 12973.4
16376 5723.2 2142.9
16377 2192.7 3069.3
16378 1384.1 2922.7
16379 1383.5 2987.4
16380 -1904.8 4855.3
16381 1175.5 2921.5
16382 1385.8 2780.7
16383 1389.3 2518.1
16384 1382.2 3066.8
16385 565 3055.7
16386 569.6 2917.4
16387 571.2 2771.5
16388 436.5 2768.9
16389 574.5 2507.6
16390 -233.5 1927.9
16391 -1901 4572
16392 -234.8 2033.8
16393 -303.8 1991.7
16394 -244.4 2843.2
16395 -240 2948.1
16396 -241.1 2501.8
16397 2192 2792
16398 2316.7 2794.1
16399 2193 2923.4
16400 3162.8 2008.3
16401 3014.5 1940.8
16402 -1700.6 4829.7
16403 3011.8 2131.3
16404 3018.7 1640.8
16405 3115 1655.2
16406 3017.3 1739.1
16407 3005.7 2274.5
16408 3113.6 1739.5
16409 2193.9 2529.1
16410 861.1 3059.2
16411 3220.2 2550.5
16412 3141.1 2551.2
16413 -1601.8 4830.4
16414 3188.5 2858.4
16415 3157.2 2274.5
16416 3007.8 2544.4
16417 2319.7 2529.9
16418 2405.8 2531.3
16419 2663.1 2535.5
16420 2489.1 2532.7
16421 2486.7 2669.2
16422 1181.1 2515.5
16423 1283.4 2516.8
16424 -1700.8 4856.7
16425 1279.2 2779.8
16426 974 2776.3
16427 788.7 2510.1
16428 323.9 2647.3
16429 785 2774
16430 3163.7 1942.7
16431 3166 1865.7
16432 3006.6 2389.3
16433 2924.7 2271.8
16434 2662.6 2570.4
16435 -1602.2 4857.3
16436 2660 2717.9
16437 2663.3 2512.1
16438 2665.1 2374.3
16439 1175.9 3062.7
16440 1177.6 2778.5
16441 365.1 2692.4
16442 970.1 3060.8
16443 1683.8 2785.6
16444 1685.2 2709.7
16445 1226.1 3063.5
16446 1596.1 12774.8
16447 -1601.3 4808.3
16448 -2055.2 1191
16449 6169.8 -5868.8
16450 2997 3068.6
16451 3004.1 2801.4
16452 1004.1 2151.1
16453 -7927.4 15815.5
16454 -8042.8 16089.6
16455 -2020.7 9242.3
16456 -9999.5 8505.4
16457 -9769.1 8641.7
16458 6274.6 -17711.7
16459 -9805.4 8641.7
16460 1812.5 12807.4
16461 1755.1 13586.5
16462 1784.8 13587.1
16463 1662.8 13585.5
16464 1629.8 13584.8
16465 1887.9 13588.9
16466 -8144.3 16248.9
16467 8088.8 -6458.5
16468 9081.7 -7593.3
16469 6272.9 -17511.3
16470 9106.2 -7586.1
16471 8388.4 -4900
16472 8368.5 -4823.3
16473 6333.8 -1641.8
16474 8555.4 -6289.8
16475 8730.5 -6884
16476 8912.3 -7304
16477 -2579.6 -6684.6
16478 5640.1 682.8
16479 5180.8 175.7
16480 6174.3 -17712.6
16481 5371.6 252.6
16482 -363.4 1964.7
16483 -1464.2 1463.3
16484 -1979.3 1213.1
16485 -1792.9 1298.7
16486 -2411.6 1013.7
16487 -2519.7 963.6
16488 -2759.5 881.9
16489 -2691.1 887.6
16490 -2907.4 784.8
16491 -1812.5 -1845.2
16492 -3421.4 601
16493 -117.2 18778.5
16494 1256.8 8031.6
16495 -2895.8 11991.5
16496 5030.1 -920.7
16497 5061.3 -911.6
16498 4698.1 7155.2
16499 4643.5 7155.1
16500 -10104.1 15125.5
16501 -12460 15611.3
16502 -1812.9 -1811
16503 833.1 -13056.4
16504 -942.5 13096.9
16505 7866.5 -5267.6
16506 -6982 14097.4
16507 8207.4 -4686
16508 3067.8 2801.9
16509 3090.8 2802.1
16510 3211.1 3256.2
16511 3223.7 3191.9
16512 2936.9 3164.1
16513 -1475.5 -1722.9
16514 3377.6 3210.1
16515 2744.9 3223.8
16516 3123.4 3378.8
16517 3147.6 3459.6
16518 3053.4 3091.6
16519 3101 2930.8
16520 3376.1 3190.8
16521 3205 2977
16522 2788.9 3238.8
16523 3125.6 2734.4
16524 -1965.5 -1946.4
16525 3157.3 2686
16526 3188.1 2820.8
16527 3130.9 2883.1
16528 3186.2 2974
16529 3215 2542.7
16530 3160.4 2236.9
16531 3242.3 2351.3
16532 3160.9 2132.6
16533 3200.4 1893.8
16534 -2358.8 16769.3
16535 -1774.1 -1830.2
16536 4670.7 -1346.5
16537 4663.2 -1869.7
16538 4566.1 -1755.6
16539 4475.5 -1870.4
16540 4544.2 -1957
16541 4588.5 -1956.6
16542 4587.8 -1870.5
16543 4667.6 -1955.9
16544 4565.8 -1956.8
16545 4542.7 -1870.4
16546 -1262.9 -1634.7
16547 4565.4 -1870.5
16548 4794.2 -1179.5
16549 1988.2 6523.5
16550 975.1 10640.4
16551 1299.2 18814.2
16552 1459.3 18576.7
16553 1321.9 7834.9
16554 514.7 6854.6
16555 513.7 6932.2
16556 7897.6 -5158.8
16557 1683 12775.6
16558 -68.3 -11710.7
16559 -5715.4 16107.5
16560 8000.3 -9444.6
16561 -37 -13457.6
16562 2038 13432.8
16563 1317.3 7504.5
16564 4665.9 -10637.7
16565 3453.8 3210.9
16566 4507.3 -3568.5
16567 4592.4 -3467
16568 4600.3 -4070.2
16569 -68.4 -11509.7
16570 6361.8 -2678.1
16571 6478.1 -2616.3
16572 6455 -2630.1
16573 2403.7 2886.4
16574 2316.2 2870.9
16575 928.8 9799.5
16576 979 9207.5
16577 975.7 9391.3
16578 -6364.3 15320.2
16579 -6296.5 15423.7
16580 -62.7 -12204.8
16581 -6364 15423.8
16582 5538.1 -7451.4
16583 2103.2 13590.6
16584 -3987.5 10410.1
16585 11765.5 -12181.7
16586 11760.5 -11999
16587 11517.2 -13209.6
16588 12081.1 -12175.4
16589 11436 -10684.5
16590 11751.2 -10968.3
16591 -89.7 -5842.7
16592 11754 -11871
16593 11179 -13679.6
16594 11581.9 -13126
16595 11101.3 -13607.3
16596 12514.7 -12128.9
16597 11411.6 -10578.4
16598 -9599.6 13662.4
16599 -12638.6 13448.7
16600 1623.3 17529.6
16601 1375.3 16874.8
16602 -93 -5656.3
16603 1926.1 17078
16604 1978.2 17078.3
16605 -12438.4 12648.6
16606 -4136.8 12235.9
16607 -2898.8 12138.5
16608 -4038.7 12136.8
16609 -4973.6 11693.8
16610 50.3 4160.5
16611 4214 2333.2
16612 4208.6 2431.9
16613 -8460.6 15127
16614 4188.2 2333.2
16615 4560.3 -519.3
16616 2666.5 2298.1
16617 5585.1 -5778.4
16618 -9805.1 8688.7
16619 -9769.5 8688.6
16620 -45.4 -12926.8
16621 -6404 6641.7
16622 -8684.9 8642.2
16623 3604.8 -10226.8
16624 -8560.5 15127.1
16625 3604.8 -10251.4
16626 4533.6 -12270.4
16627 -1492.6 4845
16628 2111.8 -16086.5
16629 2026 -16136.8
16630 2112.6 -16135.8
16631 2113.5 -16188.7
16632 2016.1 -16170.7
16633 2025.6 14301.9
16634 6170 -2548.7
16635 -8360.6 15126.8
16636 4667.5 -10696
16637 3858.8 -12121.9
16638 5091.6 -18239.8
16639 5419.8 -25.6
16640 -970.6 11871.9
16641 -551.8 11135.5
16642 1297.1 8776.8
16643 7397.1 -5704.6
16644 11353.9 -19263
16645 4571.9 -8826.8
16646 -8463.2 15017.8
16647 7801 -15619
16648 1761.1 -19511.3
16649 -7171.8 3800.9
16650 -7307 3799.1
16651 -7448.9 3799.3
16652 1214.6 15504.3
16653 1483.2 -10282.4
16654 3203.2 -10763.2
16655 11753.7 -11170.7
16656 7735.3 -20723.6
16657 -1495.4 4808.4
16658 1657.5 -634
16659 -4947.7 -5922.1
16660 -5002.2 -5881.8
16661 979.9 9728.5
16662 896.2 9732
16663 3234 -10762
16664 3924.2 8008.2
16665 1216.7 7529.8
16666 -9750 -5946.2
16667 1576.2 -13956.3
16668 4258.7 65.5
16669 1707 12775.9
16670 -1492.7 4580.1
16671 -4914.6 11644.6
16672 2786.5 -140.1
16673 3730.5 -69.4
16674 -10821.9 15198.7
16675 -13939.2 15338.9
16676 1280.9 7719
16677 -536.2 9214
16678 -2759.8 4416.4
16679 -1962.5 10180.8
16680 3899.3 3264.8
16681 -1514.1 4872.2
16682 -3565.6 -1076.3
16683 188.2 -1919.6
16684 4.3 -10621.8
16685 -6121.3 7950.9
16686 -7579.7 5461.7
16687 -7566.6 5419.9
16688 3085.4 3388.4
16689 -1820.1 -4638.4
16690 -1815.1 -4584.6
16691 -235 7862.6
16692 3880 -1763.3
16693 -3535.1 -5131
16694 -4987.1 -7717.1
16695 -3273.5 -15756.8
16696 6833.7 -5765.1
16697 6587 -5766.9
16698 3865 3683.2
16699 3135.1 6208.5
16700 2091.7 -1567.2
16701 10353.4 -21135.1
16702 10312.7 -21081.9
16703 3955.2 -1762.5
16704 10189.4 -20987.9
16705 -12613 15614.7
16706 -13183.2 15420.3
16707 -12612.4 15506.2
16708 3833.8 4577.9
16709 1822.3 14397.9
16710 2028.3 14341.2
16711 11633.8 -13273.3
16712 1747.4 3878.1
16713 1889.4 3880.1
16714 3726.1 -1765
16715 5474 4463.7
16716 1485.5 -825
16717 4182.2 2431.5
16718 2994.3 5184.5
16719 2545.3 15214.3
16720 -3050.1 12137.3
16721 -2402.5 12952
16722 -2394.8 12448
16723 -2391.7 12248.8
16724 -2388.6 12048.6
16725 -5117.3 13134.6
16726 -1960 10203.9
16727 -3609.3 8283.3
16728 -4364.9 7974
16729 -3766.9 8689.2
16730 -2776 10521.5
16731 -3617.9 12946.8
16732 -2747.7 4472.1
16733 -1641.2 -12335.4
16734 -9497.9 11881.6
16735 -9095.1 11883.4
16736 -5083.3 13134.7
16737 -9698.9 11884.3
16738 7504.6 -13849.1
16739 7857.4 -13844.4
16740 9822.1 -10588.7
16741 1372.8 4236
16742 -39.1 -13331.4
16743 619.7 -1088.5
16744 -12604.4 15212.1
16745 -12516.8 15240.7
16746 -12593.8 15257.8
16747 4684.6 -10933.5
16748 8008.9 -10066.1
16749 -12553.7 15630.7
16750 11552.7 -13114
16751 5385.7 233.8
16752 3116.2 -7232.4
16753 1344.5 5799.2
16754 3463.7 11173.3
16755 3330 11480.5
16756 8337.6 -15448.7
16757 -12565 15206.4
16758 4686.8 -11044.9
16759 3206.6 -14711.1
16760 -3338.1 -10263.9
16761 -3348 -10059.7
16762 -3522.4 -9806.9
16763 3508.1 3447.8
16764 2271.7 11366.6
16765 832.6 11145.6
16766 1164.8 8325.1
16767 -4608.5 11391
16768 2514.3 5079.7
16769 -528 9082.1
16770 1652.4 17420.3
16771 4340.3 -8323
16772 -8197.5 16309.1
16773 2107.9 16628.5
16774 118.1 -1986.1
16775 -12595.6 15576.6
16776 -12605.3 15646.1
16777 8062.1 -5891.9
16778 -12595 15504.5
16779 -2467.3 7545.5
16780 1695.7 12800.7
16781 -423.3 8910.6
16782 -1947.7 9175.2
16783 -102 7813.6
16784 4124.7 2565.5
16785 2799.7 -87.5
16786 -4249.8 7063.3
16787 -1810.7 -1927.6
16788 -1786.3 -1940.2
16789 5479.8 -2463.3
16790 2595.6 3228.4
16791 -3260 -16612.2
16792 -1934.3 8253.1
16793 5487.3 -4866.8
16794 -1011 -1484.4
16795 3085.9 -13095.8
16796 6866.7 -5764
16797 1284.3 8048.9
16798 1276.9 8120.2
16799 1258.1 8293.3
16800 1293.1 8561
16801 1277.9 8470.4
16802 1336.3 6048.5
16803 -1787.4 8252.3
16804 1567.6 641.9
16805 1317.6 -925.8
16806 1429.3 -2292.1
16807 1575.1 -13765.3
16808 1528.6 -9574.1
16809 1554 -12057.1
16810 -1297.5 15509.4
16811 8414.5 -15461.8
16812 3081.5 3495.2
16813 -6490 3808.5
16814 -1933.1 8093
16815 -6256.4 3809.9
16816 -6162.7 3810.5
16817 -5749 3813.7
16818 -5546.4 3815.3
16819 -5483.1 3815.8
16820 -5343.2 3816.8
16821 10146 -21026.6
16822 10143.1 -20960.1
16823 10116 -20923.9
16824 10145.4 -20937.3
16825 -1935.9 8340.7
16826 4006.2 -159.3
16827 -2992.3 11228.9
16828 -2246.9 10577.9
16829 -12618.7 15405.4
16830 7930.4 -13843.5
16831 4627.4 -10041
16832 4610.8 -10641.9
16833 -1774.1 -4630.1
16834 -4992.8 -7875.3
16835 -4280.7 16062.1
16836 -1912.8 8702.9
16837 1047.3 11953.5
16838 6522.3 4914.5
16839 -348.6 11042.1
16840 3621.8 3703.9
16841 6817.5 5033.6
16842 11594.8 -13129.9
16843 11563.6 -13206.1
16844 11573 -13200.7
16845 5965.7 -5957.5
16846 4974.2 4168.7
16847 217 -17391.9
16848 5530.4 650.9
16849 2967.5 5184.3
16850 -3287.2 2489.5
16851 3263.3 1119.7
16852 4784.9 -12643
16853 5815.5 -14809.8
16854 5965.2 -14807.5
16855 -13452.7 13638.7
16856 -5030.1 -7916.6
16857 11354.2 -19180.4
16858 236.7 -17427.4
16859 -13545.7 15401.3
16860 3309.8 11525.6
16861 3157.9 3738.3
16862 3523.8 4702.1
16863 -6478.4 13751.3
16864 9680.1 -12464.8
16865 9706.8 -12525.2
16866 747.3 8220.7
16867 5853.8 -5942.6
16868 -5110.1 13943.7
16869 17.3 -17394.9
16870 897 3059.6
16871 9478.2 -12282.5
16872 2655 2889.7
16873 2654.3 5632.9
16874 -2818.8 4299.6
16875 -3064 4321.2
16876 3457.7 5731.9
16877 3100.4 3900.1
16878 -7086.7 4782.5
16879 6177.5 -972.8
16880 197.3 -17525.7
16881 6177 -881.3
16882 8336.8 -4754.7
16883 7161.6 -3110.3
16884 6845.8 -2451.9
16885 7167.9 -3172.8
16886 4706.7 7449.7
16887 4701.5 7512.2
16888 4544.6 7967.7
16889 4502.1 8182.3
16890 4534.5 7944
16891 1800.3 12776.9
16892 277.5 -17390.4
16893 4492.2 8243.7
16894 4448.5 8444.7
16895 4489.8 8154.9
16896 4434.7 8506.4
16897 4813.6 6883.6
16898 4806 6946.7
16899 4784.6 6999.4
16900 4809.3 7099.3
16901 4306.1 9392.3
16902 4309.4 9557.4
16903 10060.5 -13996.5
16904 4290.6 9448.6
16905 4289.7 9401.7
16906 4286.2 9219.9
16907 4308.3 9606.3
16908 4279.7 9693.4
16909 4287.7 9645.6
16910 4107.7 10054.4
16911 4200 9905.2
16912 4072.3 10088.8
16913 3622.4 10730.1
16914 10060.9 -14024.1
16915 5607.5 4507.3
16916 1261.5 18813.5
16917 -4790.8 7326.1
16918 -4840.7 7353.2
16919 2248.4 -1919.4
16920 3416.9 11238.4
16921 3501.8 11038.7
16922 3540.1 10988.2
16923 4285.6 9160.8
16924 8393.8 -4942.7
16925 10059.3 -13921
16926 -13704.8 13428.1
16927 5483.4 3782.2
16928 -10645.9 15133.6
16929 -14239.5 15484.2
16930 5492 2930
16931 6198.1 -795.6
16932 -14058.8 13417
16933 1148.6 16884.6
16934 -5608.2 13942.3
16935 -248 -182
16936 -757.8 3267.9
16937 -4734.6 3112
16938 2936.2 -9860.1
16939 3344.6 -9812.8
16940 3260 -2743
16941 3159.8 -2809.2
16942 2249.3 -1969.5
16943 2250 -2003.8
16944 -341.5 13282.8
16945 -5195.8 9263.3
16946 5486.4 3500.7
16947 -929.9 3250.2
16948 3460.5 5622.5
16949 -5578.1 16040.6
16950 5623 -5758.5
16951 5899.7 -5947.4
16952 4380.1 7151.6
16953 4344.2 7151.1
16954 -602 7089.4
16955 -1280.7 7085.6
16956 -1482.7 7084.4
16957 -1731.7 7083.1
16958 -1000.8 3283.7
16959 -2057.3 7080.6
16960 -2316.4 7083.5
16961 -2460.7 7077.6
16962 -2596 7076.4
16963 -2830.3 7074.5
16964 -4056.2 7064.7
16965 4342.1 8715.4
16966 4411.7 8766.2
16967 8747.8 -6936.8
16968 6557.1 -5766.9
16969 -1068.2 3283.7
16970 6520.3 -5767
16971 8479.3 -8176.3
16972 8272.8 -8178.2
16973 8570.5 -5807.9
16974 -1871.3 9154.1
16975 -1812.7 9123.6
16976 -1966.8 -5463.1
16977 -2071.2 -5260.9
16978 4797.1 -12890.2
16979 9608.4 -12390.7
16980 240 8986.1
16981 9693.6 -12455.4
16982 -5086.4 -7917.8
16983 -5287.1 -7921.9
16984 -1527.1 4189.4
16985 -1987.3 9132.5
16986 -1798.1 9096.1
16987 -1582.4 2005.6
16988 -9896.8 -5704.8
16989 1270.7 17229.5
16990 9394.3 -12208.8
16991 2167.8 12780.4
16992 9473.1 -12206.7
16993 9326.9 -12209.3
16994 9430.2 -12255.9
16995 9231.6 -12048.2
16996 10125.2 -21638.6
16997 10127.5 -21304.3
16998 5070.3 -19834.3
16999 5071.8 -19887
17000 5067.6 -19749.9
17001 -12617 14459.7
17002 2039.3 12919.8
17003 -12378.5 14535.3
17004 -12615.6 14544.6
17005 6261.3 -9202.1
17006 6364.4 -9248.9
17007 6263.7 -9404.8
17008 4262.5 -2081.3
17009 4263.5 -2169.1
17010 -8.2 3161.7
17011 157.3 3157.9
17012 -11801 14433.6
17013 2039.7 12779.1
17014 6631.8 -14467.7
17015 -1909.1 8436.9
17016 -1910.5 8537.9
17017 2285.3 -5624.6
17018 2386.2 -5623.3
17019 2287.7 -5826.4
17020 2282.9 -5423.1
17021 -1482.3 8301.4
17022 -1530.7 8341.8
17023 -1493.8 8344.5
17024 2307.5 12781.6
17025 4332.5 -7804
17026 4331.1 -7418.5
17027 -1530.8 8253.2
17028 -1524.3 7891.7
17029 -1479.8 8242.8
17030 12637.5 -17261.9
17031 12738.2 -17263.1
17032 12551.3 -17261
17033 4378.1 -4001.1
17034 4419 -3406.9
17035 3092.9 12792.3
17036 4329.7 -4087.6
17037 -3031.1 3026.2
17038 -3032.1 3131
17039 -2976.5 3026.5
17040 -2985.5 3132
17041 4932.1 -14493.3
17042 4895.5 -14449.9
17043 5000.3 -14593.1
17044 5082.3 -14591.7
17045 5087.8 -14670.9
17046 1116.8 11965.4
17047 5108.2 -14894.7
17048 5047 -14639.1
17049 5145.1 -14701.1
17050 5220.5 -14740.9
17051 5321.7 -14766.6
17052 5321 -14689.3
17053 5422.9 -14773.1
17054 5524.2 -14770.7
17055 5522.7 -14686.5
17056 5622.8 -14741.7
17057 1565.9 12571.6
17058 6053.1 -13911.3
17059 5622 -14684.4
17060 5625.5 -14919.2
17061 6015.2 -13871.6
17062 6116.1 -13868.3
17063 -2367 10423.6
17064 -2365.5 10323.5
17065 4123.9 -13254
17066 4077.6 -13109.3
17067 4116.8 -13341.1
17068 1549.2 -832
17069 1595.9 12470.3
17070 4262.8 -13194.4
17071 4293.6 -13454.5
17072 4322.2 -13082.2
17073 4116.6 -13742
17074 4108.9 -13896.1
17075 4132.2 -13661.4
17076 4105.5 -14097.1
17077 4206.4 -14096.2
17078 4109.3 -14300.4
17079 611.8 -16837.6
17080 1629 12372
17081 685.5 -16892.2
17082 597.6 -16925.7
17083 597.1 -16766.2
17084 632.6 -16914.9
17085 813.7 -16891.2
17086 2202.6 -7443.4
17087 2307 -7442.2
17088 2099.1 -7444.7
17089 2198.3 -7242.6
17090 2206.4 -7646.7
17091 1645.7 12333.7
17092 2106 -7647.7
17093 2309.4 -7645.7
17094 5042.9 -8030
17095 5044.1 -8214
17096 4939.5 -8013.3
17097 5011.2 -8214.7
17098 5798.7 -18084.4
17099 5876.7 -18482.7
17100 5770.6 -18084.5
17101 5842.1 -17924.5
17102 1368.2 12369.1
17103 5808.6 -13264.2
17104 -1550.4 9915.9
17105 -1547.9 9717.9
17106 -1652.6 9920.9
17107 -1553.3 10149.8
17108 -1315.4 -9096.9
17109 -1214.6 -9095.5
17110 -1417.3 -9098.3
17111 6713.5 -13049.3
17112 6714.1 -13150.5
17113 2029.3 11593.9
17114 6812.8 -13048.3
17115 6663 -13049.8
17116 630.2 -2399.7
17117 732.2 -2398.9
17118 629.4 -2196.5
17119 485.7 -2601.3
17120 -2750.5 3060.8
17121 -2891.2 3026.4
17122 2185.3 -16338.2
17123 2103.9 -16439.2
17124 1954.6 11593
17125 2018.3 -16339.5
17126 2215.9 -16338
17127 2021.3 -16441.2
17128 -2320.6 5564.4
17129 552.3 -17394.3
17130 568.9 -17424.6
17131 344.6 -17366.5
17132 618 -17381.3
17133 477.1 -17876.9
17134 633.5 -17339.1
17135 2057.3 11594.2
17136 663.8 -17358.3
17137 607 -17168.9
17138 720.7 -17311.3
17139 -4370 -8521.7
17140 5541.7 -7800.5
17141 5642.7 -7798.5
17142 5539.5 -7598.8
17143 5543.8 -8002.2
17144 8105.4 -15557.5
17145 8379.3 -15494.2
17146 2058.5 11544
17147 7069.1 -17026.4
17148 8805.9 -19254.9
17149 -3027 2724.5
17150 -3075.4 2724.1
17151 -2885.6 2725.5
17152 -3028.3 2826.6
17153 3834.8 5880.8
17154 6468.8 -9352.5
17155 6366.4 -9403.1
17156 6362.5 -9079.7
17157 3351.5 9248.1
17158 6565.6 -9005.1
17159 6360.9 -8997.2
17160 6667.5 -9004.2
17161 7109.9 -12640.2
17162 7213.1 -12841.9
17163 7011.7 -12641.8
17164 7113.7 -12842.5
17165 -1700.8 4882.3
17166 -1703.4 5060.4
17167 -1802.3 4881.8
17168 3432.8 9283.1
17169 -9867.6 -7394.7
17170 -9664.3 -7187.9
17171 -9868.7 -7337.9
17172 -9862.9 -7597.6
17173 -4313.7 3116.5
17174 -4313.3 3081.7
17175 -4517.3 3115.2
17176 -4315.5 3216.5
17177 7975.5 -7869.7
17178 7974.6 -7976.7
17179 1988.5 -526.4
17180 3312.1 9327.6
17181 7758.8 -7876.8
17182 8057 -7674.2
17183 8151.1 -7419.6
17184 4341.4 -137.9
17185 4464.3 -136.7
17186 4244 -139
17187 4273.4 -3370.3
17188 4274.6 -3406
17189 4176.2 -3371.3
17190 4418.8 -3368.9
17191 3098 9288.7
17192 4274.9 -3470.7
17193 4276.4 -3666.9
17194 7535.5 -21239.2
17195 7159.2 -21218.6
17196 6940.4 -20854.4
17197 -4841.5 -10709.5
17198 -4843.4 -10560.1
17199 -4849.6 -10761.2
17200 4197.6 -13573.5
17201 4153.8 -13507
17202 3282.6 9396.6
17203 4259.8 -13515.2
17204 4314.2 -13667
17205 -1178 12347.8
17206 -1278.3 12347.7
17207 -1175.1 12146.2
17208 -1172.2 11945.3
17209 -3875.5 12056.2
17210 -3876.3 12130.4
17211 4649 -9319
17212 4619.5 -9230.7
17213 3258 9453
17214 4752.7 -9228.1
17215 4751.8 -9161.4
17216 4889.4 -9225.7
17217 -2370.3 10591.7
17218 -2370.5 10652.4
17219 9609.1 -9026.6
17220 9613.1 -8970.5
17221 9610 -9178.9
17222 9720.8 -9178.3
17223 6501.3 -9402
17224 3231.5 9559.6
17225 6523.2 -9401.8
17226 6571.9 -9474.2
17227 6470 -9402.3
17228 6573.2 -9603.6
17229 6575.6 -9806.6
17230 6472.4 -9604.4
17231 6673.5 -9602.8
17232 -1142.9 9721.3
17233 -1142.2 9775.8
17234 -3143.9 -9320.7
17235 3094.9 9426.6
17236 2157.5 5354.6
17237 2157.7 5305.4
17238 -7125.4 -6940.2
17239 -7024 -6938.7
17240 -9668.3 15265.2
17241 -9669.6 15220.7
17242 2458 -14921.5
17243 2500.6 -14920.6
17244 2501.3 -14864.5
17245 5644.4 -8000.3
17246 2993.6 9964.2
17247 -2400.3 10423.5
17248 -1619.9 1842.5
17249 -1652.7 1846.3
17250 6546.4 -2436.2
17251 7760.8 -5596.9
17252 3108.1 -14712.4
17253 2067.3 5908.9
17254 2153.8 5661.2
17255 2154.5 5607.7
17256 -3715.7 -8718.6
17257 2882.6 9959.6
17258 -3760 -8719
17259 -3715.2 -8798.9
17260 -3658.8 -8718
17261 -3555.3 -8876.3
17262 1707.8 -17150.9
17263 1616.4 -17467.7
17264 1797.3 -17150
17265 1621.9 -17152.3
17266 -9671.6 15125.2
17267 -9668.4 14892.2
17268 3049.2 9868.1
17269 -9647.3 15125.7
17270 4418.8 -3347.8
17271 4535.8 -3367.4
17272 8328.5 -11210.2
17273 8341.7 -11183.8
17274 8370.9 -11210.8
17275 8226.7 -11211.5
17276 -2976.1 1838.3
17277 -2974 1786
17278 -3010.6 1862
17279 2899.5 10121.2
17280 -2872.3 1787.2
17281 -2101.5 -11040.8
17282 -2202.4 -11142.2
17283 -1970.9 -10903.3
17284 -2103.1 -10929.3
17285 3433.1 6212.3
17286 3435.5 6081.1
17287 3430.9 6328.9
17288 3514.9 6213.5
17289 3349.8 6211.1
17290 5328.3 2260.2
17291 3144.9 9967.4
17292 -2627.9 14975.1
17293 -2526.4 14976.3
17294 -2625.5 14771.7
17295 -6328 2184.2
17296 -5921.7 2189.2
17297 4628.2 -10070.4
17298 4653 -10226
17299 4636.8 -10242.5
17300 6892.6 -21237.6
17301 7009.6 -21282.1
17302 2877.7 10160.2
17303 7004.6 -21227
17304 6803.7 -21186.4
17305 8530.6 -7464.2
17306 8585.9 -7810.1
17307 8843.9 -7368.5
17308 4813.4 -13684.7
17309 4811 -13481.9
17310 1986 5302.9
17311 1914 5301.9
17312 3147.4 -14609.1
17313 2478.2 10152.6
17314 3104.2 -14610.7
17315 -3227.8 14159.5
17316 -3332.6 14158.9
17317 -3225.8 13956.5
17318 3221.4 1756.4
17319 3258.3 1390
17320 -3142.2 3025.4
17321 -3080.4 3026.1
17322 4047.4 -12476.8
17323 3884.5 -12478.8
17324 2821.4 10251.6
17325 4147.7 -12475.3
17326 758.9 -17336.8
17327 775.1 -17208.6
17328 725 -17601.6
17329 2032 4558.5
17330 -2098.1 -11334.7
17331 -2097.1 -11436
17332 -1999.7 -11130
17333 -2149.8 -11335.7
17334 -1997 -11333.1
17335 2876.8 10258.7
17336 2269.3 -12686.6
17337 2266.9 -12497.4
17338 2168.7 -12687.7
17339 2273.7 -12901.6
17340 2271.2 -12710.5
17341 2171.4 -12902.6
17342 2374.6 -12900.6
17343 2517.4 -14712.7
17344 2457 -14719.2
17345 2477.5 -14743.6
17346 2758.8 10358
17347 -1511.8 3282
17348 -1732 3167
17349 -1577.9 3281.5
17350 -1016 3164
17351 -868.3 3164.8
17352 -766.3 3182.9
17353 -575.2 3184.5
17354 -350.1 3167.8
17355 -408.8 3202.2
17356 -248.7 3167.5
17357 2576.4 10356
17358 622 -763.9
17359 617.4 -928.5
17360 601.5 223.6
17361 -1574.4 -1838.6
17362 -1373.2 -1755.7
17363 427.8 -10088.5
17364 472.2 -10088.3
17365 413.2 -9951.5
17366 382.9 -9981.4
17367 -6488.5 13943.9
17368 2639 10558.6
17369 -6713.9 14104.3
17370 -6490.7 14040.5
17371 -6281.9 13940
17372 3099.7 -12283.9
17373 3045 -12284.2
17374 532.2 -10796.5
17375 533.7 -10896.8
17376 530.6 -10695.6
17377 2073.5 5402.5
17378 2033.9 5504.8
17379 2875.3 10357.9
17380 -11380.2 15284.4
17381 -11276.1 15284.8
17382 -11381.7 15183.1
17383 -11101.3 15288.7
17384 -6821.3 -6934.8
17385 -6720.2 -6933.3
17386 -3183.2 3129.1
17387 -3386.7 3093
17388 -3298 3127.1
17389 3454.7 5897
17390 824.9 11651.6
17391 8382 -15462
17392 590.2 -7259.2
17393 -343 3287.7
17394 -382.2 3286.8
17395 -562.8 3269.7
17396 3591.4 -10561.5
17397 3620.8 -10458.8
17398 3588.6 -10616
17399 3758.4 -10577
17400 6892.2 -7783.3
17401 5348.5 2289.8
17402 597.3 11649
17403 6852 -7783.8
17404 6953.8 -7782.6
17405 6906.3 -7510.6
17406 7062.7 -7509.9
17407 5282.5 -19343.2
17408 5169.5 -19344.3
17409 5291.5 -19444
17410 5281.8 -19241.9
17411 -5540.2 15673.1
17412 -5403.7 15968.2
17413 826.4 11551.1
17414 -5519 16035.8
17415 9431.5 -15440.4
17416 8605.1 -15450.5
17417 9531.8 -15439.1
17418 4234.4 599.9
17419 4235.5 520
17420 1840.9 18185.2
17421 1872.6 18051.1
17422 3132.6 -12306.5
17423 3175.1 -12294.3
17424 823.5 11754.5
17425 3083 -12478.8
17426 3434.4 -47.1
17427 3298.4 -148.2
17428 3568.8 -45.3
17429 3435.3 -146.7
17430 2975.2 -19362.7
17431 2873.7 -19363.9
17432 3076.9 -19361.5
17433 930.7 6041.6
17434 930 6094.2
17435 648.6 11752.2
17436 932.8 5893.1
17437 7956.9 -6732.3
17438 7952 -6760.3
17439 5807.7 -13163.2
17440 5604.6 -13165.9
17441 5806.8 -13061.5
17442 625.6 3297
17443 561.6 3296.5
17444 750.7 -1385.5
17445 819 -1181.2
17446 822.1 11851.6
17447 619.2 -1386.6
17448 931.2 -1383.9
17449 7572.1 -8788.5
17450 7574.6 -8989.8
17451 7699.9 -8788.1
17452 7570.9 -8688.2
17453 7472.5 -8788.8
17454 7295.6 -8990.1
17455 7575.9 -9090.6
17456 7624.8 -8990
17457 647.2 11850.5
17458 12553.1 -14293.7
17459 12474.9 -14374.3
17460 12459.4 -14803
17461 12109.7 -13802.3
17462 733.3 6547.9
17463 3142 -9878.3
17464 3041.2 -9879.5
17465 3144.3 -10061.7
17466 3141.5 -9806.5
17467 541.7 -11908
17468 1660.9 11156.7
17469 -6798.8 -5611.8
17470 -6837.4 -5619.4
17471 -6735.4 -5599.2
17472 2867.1 -12895.6
17473 2778.1 -12896.5
17474 2807.7 -13098.5
17475 2928.9 -12674.5
17476 -2210.7 3032.4
17477 -1915.5 3093.3
17478 -2082.3 3033.7
17479 1657.8 11358.1
17480 -1031.6 -1665.8
17481 -833.2 -1511.5
17482 -1002.4 -1651.5
17483 -1008.8 -1700.5
17484 2689.1 -13911.3
17485 2576.5 -13912.1
17486 2740.5 -13735.2
17487 8531.2 -7903.9
17488 8644.1 -7895.5
17489 8087.1 -7970.9
17490 1760.1 11158
17491 4763.6 -10104.8
17492 4760.1 -10034
17493 3405.6 -14604.2
17494 3371.1 -14605.3
17495 7547.9 -10153.6
17496 7646.6 -10249.4
17497 7392.5 -10002.8
17498 7586.8 -10001.6
17499 7584.9 -9800.4
17500 7688.3 -10001
17501 1559.1 11155.3
17502 7485.5 -10002.3
17503 -251.4 3378.4
17504 -248.6 3288.8
17505 -252.8 3450.8
17506 6672.5 -17849.6
17507 6750.4 -17627.1
17508 4252.1 -1018.1
17509 4254.9 -1352.6
17510 3528.7 2013.5
17511 3406.8 2012.5
17512 1874.9 6032.7
17513 5325.4 2289.4
17514 1662 11052.8
17515 4733.8 -8224
17516 -1003.5 -1514.9
17517 -1042.4 -1527.2
17518 6862.7 -17145.3
17519 6840.5 -17200.8
17520 6751.3 -17110.5
17521 6952.8 -17181.6
17522 6774 -17495.1
17523 3306.6 -14710.3
17524 3309.3 -14913.3
17525 454.6 11142.3
17526 3407.3 -14709.5
17527 4147.3 -12382
17528 4231.2 -12473.3
17529 4085.8 -12300.4
17530 4246.8 -12494.1
17531 4249.9 -12682.6
17532 2131.6 6259.9
17533 2229.7 5999.6
17534 2092.9 6313.2
17535 2126 6312
17536 455.9 11039.6
17537 -471 13811.7
17538 -528 13930.8
17539 -387.3 13763.4
17540 -82.5 6179.5
17541 -83.6 6282.3
17542 -81.5 6081.6
17543 -285.2 6175.8
17544 -2418.8 14166.4
17545 624.6 -12502.7
17546 677.3 -12560.7
17547 353.7 11141.4
17548 480.8 -12595.8
17549 7037 -15092
17550 7067.5 -15113.6
17551 6779.1 -15028.1
17552 7030.3 -15114.9
17553 222.6 -2153.5
17554 221.1 -1995.9
17555 99.9 -2053
17556 -2819.7 4715.2
17557 -2818.5 4848.4
17558 655.2 11144.1
17559 6330.2 -2273.7
17560 6247.2 -2086.7
17561 6369.9 -2369.6
17562 6210.7 -2319.6
17563 -1321.6 -8286.9
17564 -1324.1 -8084.2
17565 -1422.1 -8288.1
17566 -1221.2 -8285.3
17567 3860.1 -10493.4
17568 3958.5 -10428.6
17569 453 11244.4
17570 3857.5 -10392
17571 3857.1 -10371.4
17572 3757.5 -10514.8
17573 9838.1 -16555.8
17574 9634.7 -15821.4
17575 9938.7 -16587.4
17576 9837.4 -16431.5
17577 10057.8 -13822.4
17578 7994.7 -10594.2
17579 8110.9 -10605.2
17580 3915.8 8760.5
17581 8203.2 -10788
17582 8018.9 -10404.7
17583 8312.5 -10894.5
17584 8336.3 -10917.7
17585 8271.4 -10936.7
17586 8338.7 -10804.4
17587 8455.3 -11034
17588 8472.2 -11050.4
17589 8428.3 -11092.3
17590 8612.8 -11187.4
17591 3919.9 8555.4
17592 8611.1 -11004.5
17593 8640.8 -11213.8
17594 8986.3 -11551.6
17595 9084.5 -11647.3
17596 8837.4 -11406.5
17597 9121 -11604.7
17598 9156.2 -11717.2
17599 9108.8 -11762.9
17600 9222.6 -11783.4
17601 9246.5 -11807.3
17602 2101 8733.6
17603 9361.8 -11917.3
17604 9324.6 -11805.9
17605 9320.4 -11955.4
17606 9390.6 -11946
17607 9493.2 -12045.7
17608 9525.1 -11802.4
17609 9628 -12176.7
17610 9898.3 -12440.8
17611 9741 -12603
17612 9819.2 -12363.7
17613 2099.1 8840.5
17614 10037.6 -12576.6
17615 10035.3 -12403.2
17616 10110.4 -12647.6
17617 10136.5 -12672.9
17618 10010 -12803.7
17619 10403.2 -12933
17620 10480.2 -13008.6
17621 10683.9 -13206.5
17622 10738.8 -13206.9
17623 10581.4 -13207.6
17624 5493.6 2750.3
17625 1931.4 8731.4
17626 10739.2 -13259.2
17627 10505.3 -13032.4
17628 10703.7 -13306.7
17629 10856 -13374.7
17630 10852.8 -13204.8
17631 10893.1 -13409.2
17632 10856.9 -13448.8
17633 10971.5 -13408.4
17634 11079.7 -13575.5
17635 11315 -13813.2
17636 2202.3 8735.2
17637 11267.9 -13814.7
17638 11872.3 -13804.6
17639 11221.4 -13722.6
17640 6288.3 -8998.4
17641 6357.5 -8705.9
17642 6112.3 -8755.3
17643 6628.7 -9256.5
17644 6668.8 -9196.8
17645 6771.2 -9398
17646 6977.6 -9600.2
17647 2104.6 8534.1
17648 6769.3 -9196.2
17649 6872.2 -9397.7
17650 6718.6 -9398.2
17651 7250.8 -9867.4
17652 7174.8 -9796.2
17653 7341.3 -9953.8
17654 7612.5 -10285.5
17655 7752 -10351.9
17656 7792.2 -10204.2
17657 7855.1 -10452.2
17658 2905.2 8745.4
17659 7892.2 -10203.9
17660 5646.1 -8202.5
17661 5749.2 -8402
17662 5549.4 -8456.2
17663 5745.8 -8200.8
17664 5817.1 -8468
17665 5850.7 -8400
17666 5780.5 -8504.7
17667 5953.3 -8600.6
17668 5950.3 -8398.5
17669 2759.8 8886.1
17670 6052.2 -8599.4
17671 5953.8 -8649.5
17672 3970 -4055.3
17673 4084.7 -4053.1
17674 3970.5 -4100.6
17675 3978.4 -4185.6
17676 4085.3 -4098.4
17677 3991.5 -4522.9
17678 4090.2 -4520.9
17679 3996.1 -4790.1
17680 3007.4 8746.9
17681 4093.3 -4788.2
17682 3999.7 -4993
17683 4095.6 -4992.6
17684 3467.7 -5002.6
17685 4008.9 -5843.6
17686 4013.4 -6206.8
17687 3893.5 -6208.8
17688 4110.1 -6205.1
17689 4014.5 -6613
17690 4115.5 -6612.2
17691 2909.1 8544.6
17692 3868.2 -6614.9
17693 3981.4 -3374.4
17694 3982.2 -3475.7
17695 3894.9 -3376.3
17696 4075.9 -3372.3
17697 3984.3 -3670.5
17698 4077.2 -3473.7
17699 3986.5 -3803.8
17700 3894.2 -3787.7
17701 4079.8 -3669.4
17702 2899.4 9048.4
17703 4081.5 -3802.7
17704 4003.1 -5745.4
17705 4100.1 -5394.8
17706 3940.2 -304
17707 4042.3 -303.3
17708 3941.8 -465.5
17709 3938.5 -141.9
17710 3856.2 -466.7
17711 4043.7 -464.1
17712 3943.5 -626
17713 3110.6 8547.3
17714 3857.6 -626.7
17715 4045.4 -625.3
17716 3944.3 -707
17717 3945.2 -787.6
17718 3859.3 -788.7
17719 4047.5 -786.2
17720 3946 -869.9
17721 3860.3 -871
17722 3946.9 -952.4
17723 3951 -1356
17724 2807.3 8743.4
17725 3953.1 -1558.9
17726 3948.9 -1154.2
17727 3898.4 -1356.5
17728 4053.2 -1354.8
17729 4154.6 -1353.7
17730 4258.6 -1759.1
17731 -5473.4 14044.1
17732 -5269.7 14046.1
17733 -5474.7 14145
17734 -5472.1 13943.8
17735 4404.4 8641.2
17736 3106.7 8748.2
17737 -5873 14042.3
17738 -6078.6 14042.2
17739 -5672.5 13941.9
17740 -5874.5 14144.9
17741 -5871.6 13941.2
17742 -6284.1 14042.2
17743 -6080.1 14143.4
17744 -6077.1 13940.5
17745 -6286.2 14142.7
17746 -6492.7 14140.8
17747 3105 8881.8
17748 -797.8 14058.8
17749 -799.6 14167.5
17750 -1000.3 14068.3
17751 -998.6 13966.8
17752 -1202.7 14067.4
17753 -1201.4 13966.3
17754 -1204.1 14169
17755 10.2 14060.9
17756 8.4 14161.3
17757 -191.8 14058
17758 3306.1 8750.7
17759 -190.1 13970
17760 -293.3 14056.5
17761 -296.9 14265.1
17762 -585.7 14052
17763 -391.7 14055
17764 -639.5 14168.1
17765 -9187.5 14109.4
17766 -9229.3 14109.5
17767 -9184.9 14213.9
17768 -9189.9 14013.1
17769 3682.7 8554.2
17770 -9231 14012.9
17771 -11119.6 15983.9
17772 -11196.6 16167.7
17773 -11200.7 16109.2
17774 -11041.1 15985.2
17775 -11166 16247.5
17776 -11075.5 15090.6
17777 -11071.9 15247.2
17778 -11177.5 15088.2
17779 -10971.8 15092.7
17780 3533.2 8892
17781 -10969.8 15211
17782 -11095 10435.4
17783 -11098.5 10628.5
17784 -11196.7 10433.7
17785 -10994.6 10437
17786 -11102 10839.1
17787 -11200.1 10626.8
17788 -10998.2 10630.1
17789 -11106.6 11063.9
17790 -11203.6 10837.4
17791 3509.5 8753.3
17792 -11002.1 10840.8
17793 -11207.5 11061.6
17794 -11129 11206.7
17795 -11008.9 11209.1
17796 -11134.3 11415.7
17797 -11014.2 11495.1
17798 -11270.7 11327.5
17799 -11070.5 15344.9
17800 -11070.2 15403.9
17801 -10969.6 15310.2
17802 1265.8 10344.2
17803 -11068.3 15492.3
17804 -11250.5 15500.7
17805 -11064.2 15693.8
17806 -11178.3 15675.2
17807 -10966.5 15495.2
17808 -11062.6 15803.1
17809 -10963.1 15696.8
17810 -11052.5 15896.1
17811 -11265.4 15769.9
17812 -11262.6 15891.2
17813 1272.1 10138
17814 -11305.6 17242.9
17815 -11222 17351.6
17816 -11225.1 17181.2
17817 -11101.7 17344.1
17818 -11058.2 17594.1
17819 -11113.1 17641.6
17820 -10981.3 17527.5
17821 -11010.8 17805.8
17822 -11001.1 18413.7
17823 -11107.8 17804.7
17824 1066.2 10338.4
17825 -10912.9 17806.9
17826 -10999.9 18613.1
17827 -10996.8 18817.3
17828 -10900.6 18615.6
17829 -10994.2 19018.2
17830 -10893.7 19020.3
17831 -11094.9 19016.8
17832 -10991.6 19220.8
17833 -11092 19218.6
17834 -10890.2 19222.9
17835 2086.6 9540.5
17836 -1570.7 5870
17837 -1519.3 5870.4
17838 -1616.3 5869.7
17839 -1553.3 5574.1
17840 -1558.3 6274.9
17841 -1512 7084.2
17842 -1514.9 6274.6
17843 -7097.9 5424.3
17844 -7101.6 5627
17845 -7194 5423.3
17846 4411.5 8742.8
17847 2090.2 9338.8
17848 -7001.8 5425.3
17849 -7104.8 5829.4
17850 -7000.3 5628.1
17851 -7003.9 5830.3
17852 -7108.3 6031.4
17853 -7205.1 5828.4
17854 -7208.5 6030.4
17855 -7111.2 6234
17856 -7212.2 6232.8
17857 -7011 6235.2
17858 2292.9 9341
17859 -7115 6434.4
17860 -7118.3 6636.6
17861 -7215.3 6433.5
17862 -7121.6 6836.9
17863 -7018 6637.3
17864 -7221.7 6836.2
17865 -7124.3 7038.7
17866 -7186.5 7038.2
17867 -7087.6 7039
17868 -1073.6 -12131
17869 1882.3 9739.2
17870 -1278.5 -12135
17871 -1072.3 -12230.4
17872 -1071.2 -12068.4
17873 -1277.1 -12233.3
17874 3676.8 -12087.3
17875 3679.6 -12283.3
17876 3769.2 -12086.1
17877 3576.5 -12087.7
17878 3574 -11892.8
17879 3475 -12087.8
17880 1986.6 9539.1
17881 3477.6 -12283.7
17882 3373.7 -12087.8
17883 3343.9 -12021.7
17884 3102.9 -12083.4
17885 3073.5 -12184.2
17886 3109.4 -12061
17887 3070.6 -12083.6
17888 3067.9 -11882.1
17889 2970 -12084.4
17890 2868.5 -12085.3
17891 2287.5 9543.5
17892 2767.1 -12086.1
17893 2866.1 -11883.8
17894 2665.9 -12087.2
17895 2768.7 -12288.2
17896 2764.3 -11884.7
17897 2565.8 -12088.3
17898 2668.1 -12289.3
17899 2563 -11886.2
17900 2464 -12089.5
17901 2363.6 -12090.6
17902 2084.6 9641.5
17903 2467.9 -12291.7
17904 2261.6 -12091.8
17905 2365 -12195.2
17906 2360.9 -11888.6
17907 2259 -11889.4
17908 2161.2 -12092.9
17909 2060.4 -12094
17910 2163.7 -12295.1
17911 2057.9 -11892.5
17912 1959.1 -12095.2
17913 3626.7 3477.3
17914 1857.5 -12095.7
17915 1961.3 -12298
17916 1956.5 -11893.2
17917 1860.2 -12299.3
17918 1756.1 -12097.4
17919 1759.2 -12300.7
17920 1655.7 -12098.6
17921 1754 -11895.3
17922 1658.4 -12302
17923 1555.3 -12099.7
17924 3857.4 3479.1
17925 1453.3 -12100.8
17926 1451.3 -11899.7
17927 1352.8 -12102
17928 1251.6 -12103.4
17929 1355 -12305.6
17930 1150.2 -12105
17931 1249.4 -11901.5
17932 1152.6 -12307.7
17933 1147.9 -11902.4
17934 1049.7 -12105.4
17935 3627.3 3618.6
17936 1052 -12308.7
17937 947.5 -12106.1
17938 846.2 -12107.3
17939 744.9 -12099.1
17940 848.2 -12310.5
17941 746.2 -12232
17942 -3181.7 -12162.8
17943 -3301.2 -12163.7
17944 -3298.7 -12282
17945 -3099.6 -12068.5
17946 3856.2 3620.3
17947 -3302 -12061.8
17948 -3402.7 -12166.2
17949 -3502.5 -12167.6
17950 -3399.7 -12361.8
17951 -3405.3 -11962.3
17952 -3603.5 -12169
17953 -3500.3 -12363.8
17954 -3506.1 -11963.8
17955 -3607.5 -11964.7
17956 -3704 -12170.4
17957 4319.4 9014.1
17958 3987.8 3480.4
17959 -3600 -12365.7
17960 -3701.8 -12367.4
17961 -3707.9 -11966.7
17962 -3805.7 -12171.3
17963 -3802.6 -12368.8
17964 -3808.8 -11968.2
17965 -3906.1 -12173.3
17966 -3903.4 -12370.1
17967 -3909.8 -11969.7
17968 -4007.2 -12174.8
17969 4111.9 3481.3
17970 -4004.4 -12371.6
17971 -4010.1 -11971.1
17972 -4108.1 -12176.2
17973 -4105 -12372.8
17974 -4111.7 -11972.6
17975 -4209.1 -12177.6
17976 -4212.5 -11974.1
17977 -4310.3 -12179.1
17978 -4307.3 -12375.5
17979 -4313.4 -11975.6
17980 3987 3547.2
17981 -4410.6 -12180.5
17982 -4407.4 -12376.9
17983 -4414.6 -11977
17984 -4511.5 -12181.9
17985 -4508.7 -12378.2
17986 -4514.4 -11978.5
17987 -4612.5 -12183.3
17988 -4610.4 -12379.5
17989 -4616 -11980
17990 -4713.6 -12184.7
17991 4193.4 3482.2
17992 -4709.8 -12380.9
17993 -4717.5 -11981.4
17994 -4814.5 -12186.2
17995 -4817.4 -11982.9
17996 -4802.2 -12387.6
17997 -4916.7 -12187.6
17998 -656.9 -12148.2
17999 -873.5 -12151
18000 -658 -12062.6
18001 -655.9 -12232.3
18002 4114 3340.2
18003 -985.7 -12153.1
18004 -872.6 -12235.8
18005 -874.4 -12066
18006 -987.8 -12067.8
18007 -2512.5 -12152.1
18008 -2694.3 -12155.7
18009 -2510.9 -12254.5
18010 -2513.4 -12051.3
18011 -2896.4 -12158.3
18012 -2692.8 -12257
18013 4195.2 3340.7
18014 -2695.8 -12053.1
18015 -3073.3 -12160.8
18016 -2894.9 -12259.4
18017 -2897.9 -12056.5
18018 -3172.9 -12262.3
18019 -2972.3 -12057.2
18020 644.7 -12091.5
18021 743.3 -11906.1
18022 642.6 -11907
18023 1190.6 -15134.1
18024 4234.9 3482.7
18025 1191 -15160.7
18026 1077.3 -15135.8
18027 1189 -15035.7
18028 1010.3 -15136.8
18029 1029.3 -15541.1
18030 905.6 -15138.4
18031 955.2 -15277.3
18032 1052.4 -14936
18033 918.2 -14937.9
18034 786.5 -15140.2
18035 4357.9 3483.5
18036 685.6 -15141.7
18037 784 -14939.8
18038 657.7 -15142.1
18039 683.1 -14941.2
18040 585.1 -15143.2
18041 582.2 -14942.1
18042 515.1 -15144.3
18043 484.9 -15144.7
18044 517.8 -15346.8
18045 482 -14944.1
18046 4234.6 3552.9
18047 384.2 -15146.2
18048 387.1 -15348.6
18049 381.4 -14945.5
18050 284 -15147.7
18051 250.1 -15148.2
18052 280.7 -14946.3
18053 183.7 -15149.2
18054 253.3 -15350.9
18055 116.4 -15150.2
18056 180.8 -14948.3
18057 4441.5 3484.5
18058 118.8 -15352.8
18059 81.7 -15150.8
18060 79.2 -14949.8
18061 -17 -15152.2
18062 -20.2 -14947.5
18063 -14 -15353.3
18064 -124.8 -15150.3
18065 -121.6 -15352.2
18066 -128.1 -14943.9
18067 -224.4 -15151.9
18068 4160.7 8768.7
18069 4360 3342.1
18070 -326.9 -15152.7
18071 -227.9 -14944.3
18072 -328.6 -15048.3
18073 -325.2 -15253.4
18074 1592.1 -15157.1
18075 1598.4 -15276.8
18076 1580.4 -15027.8
18077 1193 -15283.7
18078 -3225.9 -15187.6
18079 -3085.7 -15303.7
18080 4894.9 3494.4
18081 -3223.8 -15306.1
18082 4819.6 -15100.8
18083 4718.7 -15101.7
18084 4820.2 -15202.7
18085 4818 -15000.4
18086 4618.7 -15102
18087 4720.2 -15303.8
18088 4518.5 -15103.4
18089 4617.3 -14900.5
18090 4418.5 -15104.3
18091 5193.6 3497.5
18092 4520.9 -15304.4
18093 4318.6 -15105.2
18094 4420.7 -15306.4
18095 4416.2 -14902.4
18096 4219.5 -15106
18097 4321.4 -15307.2
18098 3979.9 -15108.1
18099 4218.3 -15006.3
18100 3981.3 -15210
18101 3816.2 -15109.8
18102 4891.2 3634.8
18103 3815 -15009.1
18104 3715 -15110.9
18105 3718 -15313.2
18106 3712 -14908.9
18107 3614.3 -15111.9
18108 3617 -15314.5
18109 3514 -15112.9
18110 3511.6 -14911.1
18111 3412.5 -15114
18112 3415.1 -15317.1
18113 4896.6 3349.5
18114 3409.9 -14912.2
18115 3312 -15115
18116 3314.6 -15318.4
18117 3211.2 -15116.1
18118 3213.5 -15319.7
18119 3110.2 -15116.8
18120 3113.4 -15320.2
18121 3106.9 -14915.2
18122 3008.6 -15117.5
18123 3010.6 -15320.6
18124 4746.5 3492
18125 3006.7 -14916.2
18126 2907.3 -15118.3
18127 2909.8 -15321.1
18128 2904.8 -14917.2
18129 2806.7 -15119
18130 2804.3 -14918.2
18131 2704.8 -15119.7
18132 2707.3 -15321.9
18133 2702.8 -14919.2
18134 2603.6 -15120.4
18135 4748.1 3349.4
18136 2600.9 -14919.8
18137 2502.3 -15120.6
18138 2504.5 -15322.2
18139 2403.4 -15121.9
18140 -532.4 -15153
18141 -634.4 -15153.8
18142 -530.7 -15254.5
18143 -534 -15052.2
18144 -736.5 -15154.5
18145 -631.3 -15355.7
18146 4614 3487.3
18147 -637.6 -14951.9
18148 -733.7 -15356.5
18149 -740.3 -14953.2
18150 961.6 3868.8
18151 1164.3 3870.7
18152 960.6 3970.6
18153 555.6 3863.7
18154 963.4 3723.6
18155 1061.6 3972.2
18156 959 4071.7
18157 4615.5 3345.9
18158 755.7 4069
18159 957.5 4177.9
18160 955.9 4287.1
18161 954.4 4385.2
18162 753 4278.9
18163 1057.1 4291.3
18164 953.2 4474.5
18165 752.2 4378
18166 1157 4389.3
18167 951.8 4574.2
18168 4612.7 3628.2
18169 750.6 4471.8
18170 1155.6 4477.1
18171 950.8 4640.3
18172 748.9 4571.3
18173 1153.9 4577.1
18174 947.6 4802.1
18175 949.8 4692.5
18176 946.1 4924.4
18177 746.3 4799.6
18178 1049.9 4803.4
18179 3959.2 8761.5
18180 4524.8 3485.4
18181 945 5005
18182 943.9 5086.3
18183 742.9 5083.4
18184 1011.7 5087.2
18185 942.5 5186.7
18186 941.1 5287.4
18187 741.3 5183.9
18188 1145.4 5189.6
18189 739.8 5284.5
18190 939.7 5388.8
18191 4526.3 3343.7
18192 1142.4 5391.3
18193 938.3 5489.3
18194 1039.4 5490.7
18195 736.7 5486.5
18196 937 5590.2
18197 936.4 5629.6
18198 735.8 5587
18199 935.6 5691.5
18200 934.5 5766.6
18201 1035.3 5768.2
18202 4481.6 3484.8
18203 832.3 5891.6
18204 1033.5 5894.6
18205 928.7 6187.6
18206 1029.3 6180.7
18207 828.1 6195.6
18208 927.1 6297.4
18209 926.4 6389.3
18210 925.7 6471.9
18211 1035.6 6473
18212 925 6552.2
18213 4479.6 3625.2
18214 950.9 6581
18215 849.8 6549.2
18216 1035 6555.6
18217 1078.2 6598.3
18218 911 7714.8
18219 809.3 7713.6
18220 912.4 7509.8
18221 915.1 7309.6
18222 917.9 7106.5
18223 813.8 7308.2
18224 3989.8 3338.6
18225 1017 7311
18226 816.1 7106.6
18227 1018.9 7107.8
18228 919.1 7023.2
18229 920.3 6939.6
18230 1122.5 6941.6
18231 920.7 6906.7
18232 793.4 6974.7
18233 920.9 6855.9
18234 1011.7 6773
18235 3864.3 3337.5
18236 7122.1 -3643.7
18237 7214 -3593.4
18238 7091.8 -3588.4
18239 7119.1 -3738.5
18240 7337.7 -3972.6
18241 5700.6 -3654
18242 5900.6 -3650.4
18243 5704.1 -3754.2
18244 5697.3 -3553
18245 5901.7 -3751.5
18246 4115.1 3200.7
18247 5899.5 -3550.3
18248 2214.7 -8251.9
18249 2113.3 -8253.1
18250 2316.6 -8250.5
18251 2217.3 -8454
18252 2116 -8455.1
18253 2219.9 -8655.7
18254 2118.6 -8656.8
18255 2321.5 -8654.5
18256 2222.5 -8858.4
18257 4162.7 3340.5
18258 2323.9 -8857.2
18259 2225.1 -9060.4
18260 2326.3 -9059
18261 2124 -9061.6
18262 2367.1 -19369.9
18263 2370.2 -19572.6
18264 2265.2 -19371.1
18265 2467.7 -19368.1
18266 2269.5 -19573.9
18267 2471.9 -19571.3
18268 4749.7 3206.9
18269 2092 -7247.9
18270 2304.6 -7240.5
18271 2187.1 -5869.5
18272 2288.2 -5868.4
18273 2189.1 -6029.8
18274 2087.6 -6031
18275 2191.7 -6230.9
18276 2292.5 -6229.8
18277 2194.2 -6434
18278 2092.8 -6434.8
18279 4897.2 3209.4
18280 2294.9 -6433.1
18281 2195.7 -6635.3
18282 2095 -6636.5
18283 2297.3 -6634.1
18284 2198.1 -6837.9
18285 2097.6 -6838.9
18286 2202.8 -7040.2
18287 2302.2 -7039.3
18288 2169.3 -4412.7
18289 2167.1 -4208.7
18290 4309.4 8796.4
18291 4976.9 3227
18292 2069.3 -4413.4
18293 2171.6 -4615.2
18294 2071.8 -4615.9
18295 2273.3 -4614.5
18296 2338.2 -17661.7
18297 2236.6 -17662.6
18298 2341.6 -17855.1
18299 2443.5 -17854.1
18300 2343.3 -17955.7
18301 2242.3 -17956.7
18302 4617.1 3282.5
18303 2445.2 -17954.7
18304 2346.2 -18156.6
18305 2245 -18157.7
18306 2448.2 -18156.2
18307 2350.2 -18359.4
18308 2248.8 -18360.4
18309 2451.3 -18358.3
18310 2353.7 -18560.9
18311 2252 -18562
18312 2312 -15526.6
18313 4528.1 3201.4
18314 2209.6 -15932.6
18315 2405.9 -15525.5
18316 2120.3 -15523.1
18317 2310.5 -15377.1
18318 2161.2 -15378.2
18319 2309.4 -15279.7
18320 2409.8 -14810.9
18321 2396.8 -14717.9
18322 2243.3 -10677.2
18323 2143.4 -10678.5
18324 4483.3 3343.1
18325 2344.7 -10676
18326 2245.9 -10879.2
18327 2347.6 -10878
18328 2248.5 -11081.6
18329 2148.5 -11082.8
18330 2253.8 -11486.6
18331 2153.6 -11487.8
18332 2355.4 -11485.4
18333 2251.5 -11282.9
18334 2256.4 -11687.4
18335 4443 3342.8
18336 2156.1 -11688.8
18337 2264.3 -12294.4
18338 2366.3 -12293
18339 2166.3 -12498
18340 2369.1 -12496.5
18341 2372.1 -12716.2
18342 2281.5 -13103.1
18343 2377.4 -13103
18344 2278.6 -13306
18345 2176.5 -13307.2
18346 4744.9 3632.6
18347 2379.7 -13304.7
18348 2280.8 -13509.5
18349 2179.1 -13510.5
18350 2382.2 -13508.4
18351 2283 -13712.1
18352 2181.6 -13713.1
18353 2384.7 -13711.1
18354 2285.2 -13915
18355 2184.2 -13916.2
18356 2173.4 -4816.1
18357 4976.7 3196.4
18358 2074.3 -4817
18359 2275.5 -4815.2
18360 2176.8 -5019
18361 2076.8 -5020.1
18362 2278.1 -5018
18363 2179.4 -5221.8
18364 2280.5 -5221.6
18365 591.6 19030.2
18366 473.6 18889.9
18367 594.1 19197.4
18368 4896.9 3072.1
18369 564.3 19198
18370 756.9 3967.7
18371 754.5 4175
18372 553.5 4066.4
18373 550.4 4270.6
18374 549.2 4368.8
18375 547.7 4469.2
18376 546.2 4568.4
18377 748.3 4616
18378 747.1 4690.2
18379 3615.2 3334.7
18380 663.8 4798.5
18381 744.1 5002
18382 539.4 5080.4
18383 537.8 5181
18384 536.4 5281.6
18385 738.3 5386.3
18386 635.7 5485.1
18387 734 5688.1
18388 835.5 5689.7
18389 731 5890.1
18390 3917.1 3220.5
18391 728.7 6092.1
18392 829.5 6093.6
18393 723 6397.3
18394 721.5 6495.7
18395 724.5 6294.3
18396 519.3 6493.6
18397 547.3 11750.9
18398 498.3 11849.6
18399 644.1 12059.1
18400 642.6 12156.8
18401 3874.4 9368.8
18402 4165.4 3200.1
18403 819.3 12062
18404 641.1 12257.5
18405 817.9 12159
18406 639.6 12359.2
18407 440.4 12255.9
18408 561.1 12358.2
18409 558 17624.7
18410 555.5 17762
18411 371.3 17620.9
18412 743.2 17626.8
18413 4925.6 5995.3
18414 326.7 17757.9
18415 553.1 17896.3
18416 741.4 17764.4
18417 280.9 17892.2
18418 739.3 17899.1
18419 550.6 18031.2
18420 548.1 18166.6
18421 737.4 18034.2
18422 376.4 18028.3
18423 374.2 18163.8
18424 4924.9 6123.9
18425 740.4 18169.6
18426 545.7 18301.1
18427 543.2 18438.5
18428 372 18298.5
18429 771.7 18304.6
18430 540.9 18562.7
18431 369.8 18436
18432 731.8 18441.2
18433 666.4 18565.2
18434 539 18663.9
18435 4925.8 5817.6
18436 664.6 18742.5
18437 470.4 18620.9
18438 665.4 13777.4
18439 668.4 13576.1
18440 542.5 13776.3
18441 663.2 13980.9
18442 540 13979.3
18443 659.9 14236.2
18444 782.8 14238.1
18445 662.1 14076.5
18446 5113 5819.3
18447 655.8 14485.5
18448 654.6 14586.8
18449 657 14383.4
18450 653.5 14687.9
18451 532.1 14585.4
18452 530.6 14686.3
18453 704.3 8115.3
18454 706.5 7913.1
18455 603 8114.2
18456 805 8099.9
18457 4924.8 5905.8
18458 708.6 7712.3
18459 710.6 7506.1
18460 607.6 7711.1
18461 715.3 7105.2
18462 612.9 7104.4
18463 712.9 7306.8
18464 678.5 9625.8
18465 674.9 9828.8
18466 808.6 9830.2
18467 673.2 9929.6
18468 4926.6 5725.3
18469 671.4 10030.7
18470 807 9930.8
18471 469 10029.3
18472 669.6 10131.7
18473 467.6 10130.3
18474 803.8 10132.6
18475 667.9 10233.1
18476 802.2 10234.5
18477 664.6 10435.4
18478 663.2 10536.6
18479 4924.1 5636.1
18480 661.7 10637.6
18481 832.5 10538.1
18482 660.3 10738.8
18483 460.9 10636.2
18484 658.9 10840
18485 459.6 10737.5
18486 832.8 10740.1
18487 657.3 10941
18488 835 10841.5
18489 656.2 11041.1
18490 5114.4 5638.5
18491 833.4 11043.6
18492 653.6 11246.2
18493 652 11347.8
18494 750.1 11349
18495 650.6 11446.9
18496 450.6 11445
18497 649.8 11546.7
18498 659.2 8448.5
18499 548.6 8543
18500 767.8 8355.8
18501 4913.9 5542.4
18502 613.6 16144.7
18503 611.7 16278.8
18504 615.3 16010.4
18505 502 16143.1
18506 762.9 16156.2
18507 609.9 16410
18508 760.4 16280.4
18509 498.9 16408.4
18510 757.9 16412.3
18511 -6886.3 4642.3
18512 3747.1 9498.7
18513 5115.2 5543.8
18514 -6917.1 4635.9
18515 -6889.3 4809.6
18516 -6779.8 4636.2
18517 -6994.7 4809.4
18518 -6783.1 4810
18519 -6892.9 5011.2
18520 -6786.8 5011.6
18521 -6896.6 5213.6
18522 -7002.4 5212.6
18523 -6898.1 5426.3
18524 4911 5432.3
18525 -6794.7 5427.8
18526 -6899.2 5629.2
18527 -6902.6 5831.2
18528 -6798.6 5630.3
18529 -6906.1 6033.5
18530 -6802.3 5832.1
18531 -6909.6 6236.4
18532 -7007.4 6032.5
18533 -6913.1 6436.3
18534 -6809.9 6237.5
18535 5034.4 5433.1
18536 -6916.6 6638
18537 -7015 6435.9
18538 -6920 6838.5
18539 -6816.7 6638.7
18540 -6923.5 7040.3
18541 -7021.5 6837.7
18542 -6892.7 7040.6
18543 -6989.9 7039.8
18544 -6905.9 4025.9
18545 -6910.2 4246.6
18546 5112.2 5908
18547 -7039.7 4024.5
18548 -6768.9 4027.3
18549 -6913.4 4411.5
18550 -6772.9 4248.3
18551 -6917 4581.6
18552 -7048.2 4410
18553 -6990.9 4581.1
18554 -6779.1 4584.5
18555 -6901.5 7874
18556 -7002.9 7872.4
18557 5249.1 5910.5
18558 -6906.6 8107.3
18559 -7007.4 8133.2
18560 -6803.5 8080.9
18561 -6908.2 8256.4
18562 -6807.2 8257.6
18563 -7009.5 8255.2
18564 -6911.8 8458.3
18565 -7013 8457.1
18566 -6812.1 8459.4
18567 -6919 8864.2
18568 5331.4 5911.9
18569 -6915.4 8661.7
18570 -7020 8863
18571 -6819.7 8865.5
18572 -6926.2 9268.4
18573 -6923.9 9066.7
18574 -7027 9267.6
18575 -6826.3 9269.3
18576 -6929.8 9471.8
18577 -7030.5 9470.9
18578 -6829.7 9472.7
18579 5250.5 5821.1
18580 -6936.9 9877
18581 -6934.3 9674.6
18582 -7037.6 9876
18583 -6836.3 9877.9
18584 -6987.6 12922.2
18585 -7089.5 12921.4
18586 -6886.3 12923.3
18587 -7063.4 14816.3
18588 -7057.9 15007.8
18589 -7191.7 15008.9
18590 5374.4 5822.7
18591 -6964 14668.4
18592 -6956.6 15007.6
18593 -7053 15210.6
18594 -7157.9 15008.6
18595 -7153.5 15210.9
18596 -6952.1 15210.4
18597 -7048.4 15413.7
18598 -7147.8 15414
18599 -6947.7 15413.4
18600 -7046.3 15509
18601 5113.9 5727.8
18602 -7144.4 15578.4
18603 -6947.1 15439.7
18604 -6975.5 12107.1
18605 -7076.1 12106.3
18606 -6873.9 12107.9
18607 -6981.7 12512.2
18608 -7082.7 12511.3
18609 -6880.3 12513
18610 -6979 12310.4
18611 -7149.2 14759.5
18612 5252.1 5640.2
18613 -7188 14817.8
18614 -6809 7041.3
18615 -6895.3 7242.4
18616 -6993.9 7241.7
18617 -6793.4 7243.1
18618 -7081.5 13999.8
18619 -7176.6 14205.7
18620 -7180 14035.3
18621 -6980.7 13962.8
18622 1944.2 -16340.1
18623 1988.3 5691.6
18624 3949.5 9560
18625 5235.3 5544.7
18626 1976.9 -16339.9
18627 1946.7 -16542.6
18628 1885.7 -16340.6
18629 -823.3 8448.7
18630 -823.8 8500.8
18631 -824.7 8602.6
18632 -977.8 8501
18633 -825.6 8707.3
18634 -829.2 8908.9
18635 -726.8 8909.4
18636 5418.8 5730.8
18637 -832.2 9082.1
18638 -832.6 9112.6
18639 -730.7 9082.1
18640 -832.9 9140.9
18641 -834.9 9312.3
18642 -934.5 9140.3
18643 -936.9 9312.1
18644 -775.1 5147.2
18645 -888.5 5209.6
18646 -682.2 5096
18647 5462.8 5643
18648 -758.5 5267.7
18649 -889.6 5266.9
18650 -801.8 6885.5
18651 -803.6 7088.6
18652 -799.2 6683.5
18653 -903.5 6885.6
18654 -808 7488.7
18655 -910 7487.4
18656 -810.9 7692.5
18657 -709 7692.7
18658 5250.8 5729
18659 -912.8 7692.3
18660 -837.9 9715.7
18661 -939.8 9715.8
18662 -738.9 9716.5
18663 -840.4 9920.7
18664 -942.3 9920.9
18665 -925.8 15585.2
18666 -824.7 15585.2
18667 -928.8 15787.2
18668 -935.1 16189.2
18669 5524.8 5552
18670 -1035.9 16188.8
18671 -938.3 16389.9
18672 -941.6 16589.8
18673 -1039.6 16389
18674 -837.5 16390.8
18675 -944.9 16789
18676 -840.8 16590.9
18677 -947.4 16991.3
18678 -949.9 17193.5
18679 -1047.5 16989.9
18680 5564.7 5441.5
18681 -848.7 17195
18682 -952.5 17395.9
18683 -1052.9 17394.3
18684 -955 17598.6
18685 -1055.5 17596.9
18686 -853.3 17600.4
18687 -887.4 13359.2
18688 -786.5 13359.7
18689 -890.9 13562.4
18690 -892.9 13684.8
18691 5606.2 5353.8
18692 -895 13805.6
18693 -993.9 13684.6
18694 -897.8 13967
18695 -793.5 13806.1
18696 -772.8 4215.3
18697 -738.8 4216.6
18698 -875 4214.2
18699 -775.2 4456.9
18700 -879.2 4456.6
18701 -570.4 4458.4
18702 5648.8 5265
18703 -939.5 18805.5
18704 -937.7 18906.6
18705 -1037.1 18803.3
18706 -841.9 18807.6
18707 -1035.2 18904.4
18708 -840.1 18908.8
18709 -734.6 3952.8
18710 -735.8 4053.2
18711 -733.1 3850.5
18712 -428.6 3954.5
18713 5448.3 5351.4
18714 -736.9 4137.1
18715 -880.7 4052.3
18716 -430.5 4142.7
18717 -567.4 4224.2
18718 8475.4 -10803.2
18719 8337.5 -10603
18720 8609.2 -10802.1
18721 8710.6 -10801.2
18722 8607.3 -10600.5
18723 8712.4 -11003.4
18724 5689.9 5176.7
18725 8811.6 -10800.3
18726 8813.2 -11002.2
18727 8810 -10598.5
18728 8913.5 -10799.4
18729 8912.3 -10597.6
18730 9014.2 -10798.5
18731 9015.6 -10999.9
18732 9115.9 -10797.6
18733 9114.6 -10595.7
18734 9216.7 -10796.7
18735 3701.6 9544
18736 5451.7 5173.7
18737 9218.2 -10997.5
18738 9317.8 -10795.8
18739 9316.4 -10593.8
18740 9419.4 -10794.9
18741 9420.6 -10995.2
18742 9520.8 -10794
18743 9520 -10591.9
18744 9621.8 -10793.1
18745 9622.7 -10992.9
18746 9621 -10591
18747 4699.2 5539.8
18748 10025.1 -10788.2
18749 10126.9 -10787
18750 10023.7 -10586.2
18751 10227.7 -10785.9
18752 10128.3 -10987.4
18753 10328.1 -10784.8
18754 10226.4 -10583.7
18755 10429 -10783.6
18756 10329.5 -10985.2
18757 10529.9 -10782.5
18758 4696.6 5633.5
18759 10427.3 -10581.2
18760 10631 -10781.3
18761 10531.7 -10983
18762 10731.3 -10780.2
18763 10631.6 -10578.7
18764 10732 -10878.1
18765 10729.8 -10577.5
18766 10844.8 -10778.9
18767 10932.4 -10777.8
18768 10844.2 -10677.8
18769 4700.1 5429.3
18770 10933.6 -10877.2
18771 11034.2 -10776.5
18772 11033.3 -10675.2
18773 11134 -10775.2
18774 11236 -10773.9
18775 11135.8 -10975.7
18776 11136.8 -10563.3
18777 11238 -10974.3
18778 11243.8 -10621.7
18779 4775 -10845.3
18780 4586.2 5538
18781 4774.5 -10772
18782 4904 -10843.5
18783 4906.9 -11046.2
18784 5038.6 -10841.5
18785 5036.1 -10638.6
18786 5172.2 -10839.5
18787 5174.7 -11042.7
18788 5307.1 -10837.5
18789 5305.3 -10634.6
18790 5440.7 -10835.5
18791 4803.4 5540.4
18792 5443.5 -11038.2
18793 5571.9 -10833.5
18794 5574.3 -11036.2
18795 5569.8 -10630.6
18796 5676 -10832.2
18797 5679 -11034.3
18798 5776.9 -10830.9
18799 5877.7 -10829.5
18800 5778.8 -10933.1
18801 5774.3 -10627.4
18802 4587.9 5427.4
18803 5880.3 -11031.1
18804 5978.7 -10828.2
18805 6078.7 -10826.9
18806 5975.9 -10624.3
18807 6080.2 -10919.5
18808 6180.3 -10825.1
18809 6178 -10621.2
18810 6280.5 -10823.3
18811 6282.7 -11025.2
18812 6381.3 -10821.5
18813 4585 5632.4
18814 6487.2 -10820.7
18815 6384.5 -11024.5
18816 6380.9 -10618.2
18817 6587.4 -10820
18818 6484.3 -10617.8
18819 6688.4 -10819.2
18820 6589.8 -11022.9
18821 6788.4 -10818.5
18822 6685.2 -10616.5
18823 6889.4 -10817.7
18824 4456 5536.4
18825 6792.4 -11021.3
18826 6886.7 -10615.2
18827 7191.7 -10815.5
18828 7292.7 -10814.7
18829 7090.7 -11018.5
18830 7193.9 -11017.7
18831 7393.8 -10813.9
18832 7290 -10612.3
18833 7494.6 -10813.1
18834 7395.6 -11016
18835 4893 3776.8
18836 7596 -10812.2
18837 7492.7 -10610.7
18838 7690.7 -10811.5
18839 7598.3 -11014.6
18840 7786.2 -10810.7
18841 7688.7 -10609.2
18842 7880.5 -10809.9
18843 7788 -11013.1
18844 7965.1 -10809.2
18845 7784.5 -10627.1
18846 3706 8757.9
18847 4906 3830.6
18848 7991.2 -10836.4
18849 8012.4 -10861.4
18850 7986.9 -11011.5
18851 10735.8 -11384
18852 10735.1 -11284.1
18853 10848.2 -11383
18854 10819.8 -11515.7
18855 10635.9 -11385.2
18856 10838.1 -11668.4
18857 10858.8 -11515.7
18858 5044.2 3778.5
18859 10736.3 -11582.1
18860 10838.8 -11787.6
18861 10840 -11988.3
18862 10925.2 -11786.6
18863 10841.2 -12191.5
18864 10843.5 -12395.3
18865 10733.3 -12192.8
18866 10950.7 -12190.4
18867 10960.3 -12394.1
18868 10845.9 -12597.1
18869 4881.6 3918.8
18870 10728.5 -12396.4
18871 10962.8 -12596.1
18872 10848.2 -12799.9
18873 10965.3 -12798.3
18874 10850.6 -13002.2
18875 10734 -12800.3
18876 10736.3 -13004.1
18877 10967.8 -13001.9
18878 10969.1 -13203.6
18879 10860 -13813.9
18880 4741.8 3915.9
18881 10746.5 -13815.6
18882 10975.3 -13813.4
18883 10861 -14017
18884 10859.8 -13773
18885 10976.1 -14015.8
18886 10746.5 -14018.2
18887 10862 -14219.5
18888 10747.8 -14221
18889 10863.2 -14419.9
18890 10976.9 -14218
18891 4905.3 4045.4
18892 10977.7 -14420
18893 10748.7 -14420.1
18894 10864.7 -14625.5
18895 10749 -14625.9
18896 10865.6 -14854.8
18897 11869.2 -14809.5
18898 10750.5 -14855.1
18899 10816.7 -15026.1
18900 10750.9 -15025.7
18901 10753.2 -15227.2
18902 4889.7 4177.7
18903 10636.4 -15226.9
18904 10684.7 -15428.6
18905 10637.3 -15428.1
18906 10523.8 -15629.4
18907 10408.7 -15629.4
18908 10522.8 -15428.7
18909 10528.3 -16031.8
18910 10837.8 -21281.2
18911 10835.7 -21484.2
18912 10939.3 -21282
18913 4880.5 4045.5
18914 10736.5 -21280.4
18915 10829.2 -21642.3
18916 10937 -21485.1
18917 10735.1 -21483.3
18918 10875.9 -21688.8
18919 10673.6 -21482.7
18920 10835.1 -10576.1
18921 10802.2 -10576.5
18922 10952.9 -10574.7
18923 10842.6 -20673
18924 4881.9 4440.3
18925 10842 -20874.7
18926 10944.6 -20674.4
18927 10943.7 -20876
18928 10740.7 -20873.4
18929 5298.5 -22184.2
18930 5298.9 -22129.9
18931 5298 -22218.4
18932 1424.4 -17840.2
18933 1456.4 -17853.8
18934 1370.1 -17967.3
18935 4942.6 4440.5
18936 1323.1 -17795.8
18937 1541.8 -17964.2
18938 1240.3 -17969.6
18939 1566.9 -17455.7
18940 1539.2 -17556.7
18941 1492.5 -17423.3
18942 1511.5 -17655.3
18943 1344.8 -17471.8
18944 1483.2 -17754.4
18945 -80.7 -10295
18946 4884.9 4601
18947 -77.5 -10497.8
18948 -84.2 -10104.4
18949 29.7 -10498.5
18950 -182.3 -10295.9
18951 -283.1 -10297.4
18952 -386.1 -10298.9
18953 -285.6 -10115.8
18954 -2680.1 -10367.6
18955 -2850.5 -10369.7
18956 -2679 -10447.4
18957 3701.2 8963.6
18958 4917.6 4899.2
18959 -2681.1 -10288
18960 -3022.8 -10372.2
18961 -2849.4 -10449.4
18962 -2851.7 -10290.3
18963 -3194.1 -10374.7
18964 -3021.7 -10451.4
18965 -3023.8 -10292.6
18966 -3329.1 -10375.4
18967 -3195.1 -10293.9
18968 -3193 -10453.4
18969 4610.7 3769.8
18970 -3329.6 -10343.4
18971 -3326.5 -10534.6
18972 430.3 -10263.6
18973 429.1 -10172.8
18974 389.2 -10264.6
18975 -1127.6 -10309.1
18976 -1199.6 -10309
18977 -1197.9 -10350.2
18978 -390.2 -9869.4
18979 -1401.8 -10312.5
18980 4607 3916.9
18981 -1503.8 -10314.1
18982 -1398.9 -10467.6
18983 -1605 -10314.8
18984 -1500.3 -10526.6
18985 -1706.3 -10316.1
18986 -1601.5 -10545.9
18987 -1709.2 -10113.5
18988 -1806.5 -10317.6
18989 -1703.4 -10518.7
18990 -1909 -10318.6
18991 4743.3 3774
18992 -1906.4 -10520.6
18993 -2118 -9921.6
18994 -2009.3 -10319.7
18995 -2006.2 -10522.1
18996 -2112.1 -10319.9
18997 -2114.1 -10183.8
18998 -2109.1 -10523.3
18999 -2213.5 -10321.1
19000 -2210.8 -10524.2
19001 -2315.5 -10322.7
19002 4676 3914.9
19003 -2314.3 -10424.4
19004 -2317.3 -10222.1
19005 -2496.6 -10325.3
19006 -2495.1 -10425.8
19007 -2498.1 -10223.4
19008 3503.4 -10258.6
19009 3505.5 -10459.7
19010 3501.2 -10056.9
19011 3451.6 -10259.3
19012 3453.8 -10460.8
19013 4475.7 3907.5
19014 3349.8 -10260.8
19015 3347.5 -10059
19016 3248.9 -10262.3
19017 3251 -10464.2
19018 3146.9 -10263.1
19019 3149.1 -10466
19020 3045.7 -10263.5
19021 3043.3 -10061.6
19022 2945.1 -10264.7
19023 2947.4 -10466.2
19024 4739.8 4046.2
19025 2843.5 -10266
19026 2841 -10064.2
19027 2743.9 -10267.1
19028 2746.4 -10468.4
19029 2741.4 -10065.5
19030 2643.2 -10268.3
19031 2645.8 -10469.6
19032 2542 -10269.6
19033 2539.7 -10068.1
19034 2440.4 -10270.2
19035 4812.5 4045.8
19036 2443.2 -10471.9
19037 2340.7 -10271.9
19038 2342.7 -10473
19039 2338.7 -10063.5
19040 2206.2 -10274.3
19041 2071.7 -10275.9
19042 2073.5 -10476
19043 1937 -10277.5
19044 1939.5 -10477.5
19045 1934.2 -10075
19046 4737.9 4183.9
19047 1802.7 -10279.1
19048 1800.6 -10076.5
19049 1667.9 -10280
19050 1670.7 -10480.5
19051 1534.7 -10282.2
19052 1532.4 -10079.7
19053 1433.1 -10282.3
19054 1332.3 -10283.2
19055 1430.6 -10080.3
19056 1231.6 -10284.2
19057 4601.9 4184.5
19058 1130.3 -10285.1
19059 1228.5 -10082.4
19060 1029.4 -10286
19061 928.8 -10287
19062 926.3 -10084.8
19063 827.8 -10287.9
19064 777.1 -10288.4
19065 727 -10288.7
19066 729.5 -10491
19067 724.7 -10086.8
19068 3788.5 8758
19069 5307.2 2260.9
19070 625.1 -10289.3
19071 627.4 -10490.5
19072 524.8 -10289.9
19073 522.2 -10088
19074 4561.9 -10243.3
19075 4649.7 -10342
19076 4494.6 -10244.1
19077 4225 -10247
19078 4492.5 -10041.9
19079 4062.6 -10248.7
19080 5340.8 1758.5
19081 4223.3 -10045.5
19082 4106.3 -10131.2
19083 4051 -10277.8
19084 3956.7 -10250.4
19085 3953.9 -10049.2
19086 3856.2 -10251.9
19087 3853.1 -10050.5
19088 3754.7 -10253.5
19089 3756.3 -10456.9
19090 -5463.3 2679.2
19091 4109.9 3621.9
19092 -5806 2777.9
19093 -5461.5 2578.8
19094 -5465 2780.6
19095 315 2767.3
19096 162.6 2765.9
19097 60 2764.7
19098 -39.8 2763.6
19099 -37.1 2503.4
19100 -41.7 2950.6
19101 -143 2762.4
19102 3986.1 3620.5
19103 -145.2 2949.3
19104 -139.6 2502.6
19105 -243.4 2751.6
19106 -4623.8 2709.1
19107 -4620.6 2566.1
19108 -4626.1 2816.1
19109 -4695.8 2708.4
19110 -4916 2705
19111 -4730.7 2708.1
19112 -4917.2 2787.8
19113 4110.8 3548.6
19114 -5067 2704.4
19115 -4914.5 2604.3
19116 -3494.6 2743.7
19117 -3698 2742
19118 -3494.2 2719.2
19119 -3495.8 2821.7
19120 -3699.4 2842.7
19121 -6148.5 2673.4
19122 -6149.5 2776.5
19123 -446.1 2740.3
19124 4108.3 3764.1
19125 -446.6 2841.8
19126 -444.9 2639.2
19127 -573.2 2740
19128 -574.5 2840.9
19129 -860.1 2739
19130 -860.8 2840.1
19131 -1062.5 2737.8
19132 -1265.8 2736.7
19133 -1061.4 2636.7
19134 -1063.6 2838.7
19135 4231.3 3764.9
19136 -1469.4 2735.2
19137 -1264 2635.3
19138 -1266.6 2837.4
19139 -1672.5 2733.3
19140 -1468.1 2634.2
19141 -1470.6 2836
19142 -1875.9 2733.2
19143 -1670.8 2632.8
19144 -1674.2 2834.7
19145 -1877.5 2834.5
19146 4106.5 3905.2
19147 -1873.6 2632.4
19148 -2078.3 2731.6
19149 -2075.1 2631.4
19150 -2278.7 2730.1
19151 -2280.5 2832
19152 -2481.9 2729.2
19153 -2277 2631
19154 -2479.7 2629.1
19155 -2483.6 2830.8
19156 -2683.6 2727
19157 4050.5 3905
19158 -2685.4 2827.2
19159 -2681.8 2626.7
19160 -3073.2 2623.2
19161 -3291.7 2722.1
19162 -3289.9 2621
19163 -3493 2641.9
19164 -2379.8 -5061.9
19165 -2377.7 -5264.8
19166 -2684 -5065.6
19167 -2277.4 -5060.6
19168 4104.8 4046.2
19169 -2374.9 -5468
19170 -2272.4 -5466.8
19171 -2373.7 -5569.2
19172 -2169.1 -5567.9
19173 -2372.3 -5671.2
19174 -2370.7 -5772.7
19175 -2166.5 -5770.6
19176 -2370 -5874.8
19177 -2366.8 -6076.4
19178 -2263.3 -6075
19179 3593.8 8754.4
19180 4226.3 4048.9
19181 -2363.5 -6277.9
19182 -2261.1 -6276.6
19183 -2361.9 -6379.5
19184 -2537.1 -6381.1
19185 -2360.3 -6480
19186 -2535.7 -6482
19187 -2258.9 -6478.4
19188 -2358.7 -6580.4
19189 -2534.3 -6582.7
19190 -2354.4 -6681.7
19191 4102.9 4185.8
19192 -2351 -6782.7
19193 -2544.3 -6784.5
19194 -2349.6 -6883.3
19195 -2348.2 -6984.2
19196 -2543.1 -6885.8
19197 -2146.8 -6981.6
19198 -2346.8 -7084.8
19199 -2345.4 -7186.2
19200 -2145.4 -7082.3
19201 -2538.8 -7188.5
19202 3979.7 4186.4
19203 -2344 -7286.9
19204 -2537.8 -7289.4
19205 -2342.6 -7387.2
19206 -2341.1 -7489.7
19207 -2339.9 -7592.4
19208 -2534.1 -7492
19209 -2139.5 -7487.9
19210 -2338.7 -7693.1
19211 -2531.8 -7595
19212 -2337.5 -7793.8
19213 4470 4325.6
19214 -2137 -7690.1
19215 -2336.3 -7894.1
19216 -2136 -7791.4
19217 -2335.1 -7994.6
19218 -2529.2 -7896.7
19219 -2333.9 -8095.4
19220 -2528.4 -7997.1
19221 -2332.7 -8196.1
19222 -2132.9 -8092.6
19223 -2331.5 -8298.7
19224 4469.1 4451.6
19225 -2526.6 -8198.8
19226 -2130.8 -8296.2
19227 -2525.8 -8301.9
19228 -2387.8 -4394.8
19229 -2386.1 -4519.7
19230 -2389.3 -4248.9
19231 -2084.3 -4393.3
19232 -2083.1 -4517.6
19233 -2465.1 3346.3
19234 -2504.3 3331.8
19235 4600.1 4325.1
19236 -2380.1 3377.7
19237 -2463 3233.4
19238 -2461.3 3133.4
19239 -2691.7 3231.2
19240 -2690.9 3131.8
19241 -2414 -2443.2
19242 -2412.8 -2543.6
19243 -2211.4 -2440.8
19244 -2210 -2541.3
19245 -2411.7 -2643.9
19246 4915 5076
19247 -2208.7 -2641.8
19248 -2449.4 394.7
19249 -2550.2 395
19250 -2446.8 195.1
19251 -2344.8 195.7
19252 -2444.2 -6.2
19253 -2544.3 -6.9
19254 -2342.2 -5.3
19255 -2441.5 -209.4
19256 -2542 -210.4
19257 4913.9 5164.6
19258 -2339.6 -208.4
19259 -2439.2 -411.7
19260 -2337 -410.5
19261 -2436.9 -615.9
19262 -2537.6 -617.2
19263 -2434.6 -819.1
19264 -2331.8 -817.6
19265 -2428.8 -1021.6
19266 -2329.2 -1020
19267 -2533.1 -1023.3
19268 5039.2 5078.1
19269 -2436.9 803.3
19270 -2434.2 602
19271 -2337.6 803.5
19272 -2546.9 597.7
19273 -2336.2 624.3
19274 -2332.6 -9108.5
19275 -2331.3 -9210
19276 -2129.3 -9106
19277 -2514.2 -9110.7
19278 -2330 -9311.6
19279 4247.6 -4306.9
19280 -2512.9 -9212
19281 -2127.7 -9207.8
19282 -2328.6 -9412.5
19283 -2511.4 -9313.5
19284 -2125.8 -9308
19285 -2327.3 -9513.3
19286 -2510.1 -9414.4
19287 -2124.4 -9410.3
19288 -2326 -9614.7
19289 -2508.8 -9515.7
19290 3446.3 9092.8
19291 4322.1 -4043.7
19292 -2122.9 -9509.6
19293 -2324.6 -9716.6
19294 -2507.4 -9616.6
19295 -2121.2 -9612.5
19296 -2506 -9718.7
19297 -2119.6 -9714.2
19298 -2321.7 -9924.7
19299 -2221.1 -9922.9
19300 -2320.3 -10020
19301 -2501.1 -10021.8
19302 4302.5 -2469.8
19303 -2319.3 -10090
19304 -2318.8 -10120.5
19305 -2218.7 -10089.2
19306 -2499.6 -10122.7
19307 -2317.9 -10185.2
19308 -2312.8 -10525.6
19309 -2311.3 -10626.5
19310 -2493.5 -10527.7
19311 -2492 -10629.3
19312 -2309.9 -10721.3
19313 4308.6 -2967
19314 -2490.3 -10729.4
19315 -2308.1 -10830
19316 -2489.3 -10832.1
19317 -2306.5 -10931
19318 -2309.6 -10734.1
19319 -2488.2 -10933.6
19320 -2205.6 -10930.3
19321 -2305.7 -11032.5
19322 -2485.7 -11034.9
19323 -2304.2 -11134.4
19324 4373.1 -2546.6
19325 -2485.1 -11135.9
19326 -2298.1 -11238.3
19327 -2480 -11431.2
19328 -2475.6 2423.3
19329 -2474.5 2329.3
19330 -2678.1 2421.9
19331 -2274.9 2431.3
19332 -2473.3 2222.7
19333 -2273.5 2330.6
19334 -2471.7 2094.1
19335 4404.3 -2234.5
19336 -2270.3 2095.5
19337 -2470.2 1976.6
19338 -2672.9 1975.7
19339 -2468.5 1842
19340 -2671.2 1840.6
19341 -2467.7 1789.9
19342 -2367.2 1790.8
19343 -2465.4 1613.2
19344 -2462.7 1410.2
19345 -2364.5 1614
19346 4364.6 -1805.9
19347 -2564.1 1409.6
19348 -2361.8 1410.8
19349 -2460.1 1207.1
19350 -2561 1206.5
19351 -2448.2 1008.4
19352 -2552.2 961.6
19353 -2258 -15975.1
19354 -2153.4 -15974.3
19355 -2358.3 -15975.9
19356 -2254.6 -16078.1
19357 2930.2 -98.3
19358 -2356.3 -16079.2
19359 -2151.2 -16077.1
19360 -2249.1 -16383.8
19361 -2349.2 -16385.1
19362 -2140.5 -16382.5
19363 -2246.9 -16585.8
19364 -2347.1 -16587.6
19365 -2146 -16585.2
19366 -2242.5 -16789.5
19367 -2342.9 -16790.8
19368 6019.5 -375.9
19369 -2142.4 -16788.1
19370 -2238.7 -16992.1
19371 -2338.6 -16993.2
19372 -2138.7 -16990.9
19373 -2232.6 -17195.5
19374 -2132.4 -17194.3
19375 -2334.4 -17196.7
19376 -2225.5 -17503.4
19377 -2327.6 -17505.2
19378 -2123.8 -17501.7
19379 5706.9 786.2
19380 -2224.6 -17608
19381 -2221.3 -17748
19382 -2119.9 -17606.7
19383 -2018.3 -17745.3
19384 -2216.1 -18005.9
19385 -2012.7 -18003.4
19386 -2417 -18008.3
19387 -2213.4 -18107
19388 -2210.7 -18209
19389 -2415.1 -18110.6
19390 6073.2 -637.4
19391 -2010.5 -18104.4
19392 -2412.6 -18211.6
19393 -2008.3 -18206.4
19394 -2207.9 -18310.1
19395 -2410.3 -18312.5
19396 -2006.2 -18307.8
19397 -2298.6 -11439
19398 -2297.6 -11539.8
19399 -2296 -11642
19400 -2095.6 -11537.2
19401 3391.6 9212.7
19402 6233.7 -1287.5
19403 -2295.9 -11743.1
19404 -2681.2 -11647.5
19405 -2093.6 -11639.3
19406 -2092.6 -11739.9
19407 -2294.4 -11844.9
19408 -2292.4 -11943.8
19409 -2091.7 -11842.1
19410 -2090.8 -11941.6
19411 -2486.4 3030.3
19412 -2485.3 2930.8
19413 6227.3 -921.6
19414 -2284.1 3031.6
19415 -2282.3 2931.5
19416 -2391.1 -3437.3
19417 -2297.8 -3436.5
19418 -2387.1 -3640
19419 -2491.4 -3640.9
19420 -2293.8 -3639.1
19421 -2383 -3844
19422 -2486.9 -3844.5
19423 -2289.8 -3843.5
19424 6187.8 -916.8
19425 -2373.6 -4044.6
19426 -2510.2 3693.3
19427 -2507.9 3552.1
19428 -2511.7 3840.3
19429 -2699.6 3691.8
19430 -2294.2 3694.8
19431 -2506.3 3434.9
19432 -2292.1 3554.3
19433 -2696.8 3550.1
19434 -2694.5 3433
19435 6399.8 -1758.1
19436 -2290.3 3437.5
19437 -2692.1 3262.5
19438 2155.7 5506.8
19439 2618.3 5628.7
19440 2342.6 5627.9
19441 2234.5 5625.4
19442 2472.6 5629.8
19443 2233.1 5744.9
19444 -9954.3 8842.5
19445 -9957.1 9043.1
19446 6354.2 -1677.5
19447 -10001.2 8842.3
19448 -9852.4 8842.8
19449 -9959.8 9246.2
19450 -10058.6 9042.8
19451 -9855 9043.4
19452 -9963.3 9446.9
19453 -10062.1 9245.7
19454 -9857.7 9246.7
19455 -9966.9 9647.7
19456 -10065.6 9446.1
19457 6377.3 -1770.1
19458 -9861.3 9447.6
19459 -9970.5 9849.3
19460 -10068.6 9647.1
19461 -9866 9648.4
19462 -9943.5 9849.5
19463 -10065.6 9848.4
19464 11450.3 -16643
19465 11550.8 -16644.1
19466 11451.9 -16441.6
19467 11653 -16645.2
19468 6406.7 -1821.9
19469 11549.1 -16844.2
19470 11755.9 -16646.3
19471 11654.7 -16443
19472 11856 -16647.4
19473 11754.6 -16846.8
19474 11757.3 -16444.4
19475 11956.5 -16648.5
19476 11854.8 -16848.1
19477 12057.2 -16649.6
19478 11957.8 -16447.2
19479 6705.2 -2167.2
19480 12157.1 -16650.7
19481 12055.8 -16850.7
19482 12057.9 -16448.5
19483 12155.7 -16852
19484 12158.5 -16449.9
19485 12257.9 -16651.8
19486 12256.7 -16853.3
19487 12358.7 -16653.2
19488 12360.1 -16452.6
19489 12458.6 -16654.7
19490 6429.9 -1811.5
19491 12457.5 -16855.9
19492 12558.9 -16656.1
19493 12560.6 -16455.3
19494 4839.3 -16720.2
19495 4938.9 -16719
19496 4790.3 -16720.4
19497 4840.7 -16821.4
19498 4838 -16618.6
19499 5040.3 -16717.6
19500 4942 -16922.3
19501 6830.8 -2355.5
19502 5142.6 -16716.3
19503 5039.9 -16921.8
19504 5035.6 -16515
19505 5244.8 -16715
19506 5139.2 -16513.9
19507 5346.7 -16713.7
19508 5247.1 -16920.7
19509 5447.9 -16712.4
19510 5343.6 -16511.6
19511 5548.7 -16711.1
19512 3695.9 9209.4
19513 6915.4 -2654
19514 5649.8 -16709.8
19515 5546.2 -16509.4
19516 5652.8 -16909.9
19517 5648.2 -16508.3
19518 5751.4 -16708.4
19519 5754.1 -16909.7
19520 5852.9 -16707.1
19521 5850.8 -16506.1
19522 5937.2 -16706
19523 6021.9 -16705.2
19524 7135.7 -3116.4
19525 5954.4 -16569.7
19526 5957.7 -17111.6
19527 6057.4 -16508.1
19528 12747.7 -16658.2
19529 12846.1 -16659.4
19530 12750.1 -16457.8
19531 12843.8 -16860.8
19532 12949.7 -16460.4
19533 10038.6 -16587
19534 9937.8 -16431.4
19535 7894.7 -4256.2
19536 10139.3 -16586.3
19537 10039.2 -16431.2
19538 10138.7 -16431
19539 10140.3 -16836.9
19540 -9195 11408.7
19541 -9195.8 11515.9
19542 1904.5 17916.5
19543 1736.4 17914.1
19544 1936.3 17781.1
19545 1738.7 17778.3
19546 8025.7 -4447.9
19547 1626.8 17912.5
19548 1629.2 17777.3
19549 1567.6 17911.6
19550 1565.7 18046.6
19551 1534.2 17911.2
19552 1536.6 17776.6
19553 1393.3 17909.1
19554 1213.2 17906.5
19555 1390.9 18044.1
19556 1033.9 17903.7
19557 8207.7 -4734.8
19558 1215.4 17770.9
19559 1210.9 18041.4
19560 1031.5 18038.8
19561 912.6 17901.7
19562 888.8 18036.7
19563 933.7 17767
19564 777 17899.7
19565 776.8 18034.9
19566 291.7 17858.6
19567 235.4 18031.7
19568 8383 -4997.6
19569 -451.3 17809.2
19570 -449.7 17744.6
19571 -451.7 17844.9
19572 -501.2 17808.2
19573 -652.2 17805.6
19574 -852.3 17802.1
19575 -652.8 17906.1
19576 -651.6 17704.6
19577 -1052.8 17798.6
19578 -851.8 17902.4
19579 8319.1 -5260.4
19580 -852.8 17701.5
19581 -1253.6 17795.1
19582 -1051.4 17898.6
19583 -1054.2 17698.4
19584 -1450.4 17791.6
19585 -1251.7 17894.8
19586 -1255.5 17695.3
19587 -1647.9 17787.5
19588 -1448.4 17891.1
19589 -1452.5 17691.3
19590 8542.2 -5842.9
19591 -1645.5 17887.3
19592 -1650.3 17688
19593 64.4 17854.4
19594 -107.7 17851.2
19595 60.9 18030.4
19596 67 17753.4
19597 -279.9 17848
19598 -105.3 17750.5
19599 -281.7 18013.3
19600 9939 -12808.5
19601 8843 -7689.2
19602 9839.8 -12809.7
19603 9943.1 -13011.5
19604 9947.8 -13214.8
19605 10047.1 -13010.3
19606 9843 -13012.7
19607 9950.7 -13417.7
19608 10050.1 -13213.7
19609 9846.1 -13215.9
19610 9953.3 -13620.4
19611 10053.1 -13416.7
19612 8893.6 -7959.7
19613 9849.3 -13418.7
19614 9852.4 -13621.5
19615 10056.1 -13619.3
19616 9837.4 -12654.3
19617 9633.4 -12500.1
19618 9929.5 -12201.5
19619 9934 -12404.2
19620 10032.5 -12200.7
19621 9828 -12202.4
19622 9931.2 -11998.6
19623 3582.9 9161.8
19624 8937.5 -7368.3
19625 9830.1 -11999.7
19626 9930.7 -11797.7
19627 10030.9 -11796.6
19628 9929.5 -11595.4
19629 9827.6 -11596.6
19630 9927.8 -11393.6
19631 10029.3 -11392.4
19632 9826.4 -11394.8
19633 9926.6 -11192.6
19634 10028 -11191.5
19635 4474 4046.2
19636 9925.4 -10989.6
19637 9824.3 -10990.7
19638 9921.5 -10386
19639 9820.8 -10387.5
19640 9923 -10587.4
19641 9920.1 -10183.7
19642 10020.9 -10182.7
19643 9918.7 -9983.1
19644 10019.5 -9982.2
19645 9818 -9984
19646 4353.2 3908.1
19647 9917.2 -9780.5
19648 10013.3 -9779.5
19649 9884.3 -9780.8
19650 9805.2 -9379.1
19651 9863.8 -9376.1
19652 9740.4 -9379.9
19653 9876.9 -9580.2
19654 9941.4 -9579.7
19655 9747.2 -9581.3
19656 9883 -9687.6
19657 4355.2 3765.7
19658 9816.6 -9781.5
19659 -704 19212.6
19660 -836.4 19110
19661 -834.6 19209.9
19662 -444.3 19217.8
19663 -6928.3 17484
19664 -6773.4 17387.5
19665 -6891 17576.3
19666 -6828.7 17302
19667 -5480.9 3705.3
19668 4300.6 3907.4
19669 -5137.8 3708.1
19670 -5478.9 3604.4
19671 -5476.9 3503.8
19672 -5822.6 3601.4
19673 -5475 3403.7
19674 -5134.8 3507.5
19675 -5473.4 3303.4
19676 -5819 3401
19677 -5133.1 3408.8
19678 -5471.7 3202.7
19679 4229.7 3908.7
19680 -5817.2 3300.3
19681 -5470.1 3102.1
19682 -5127.4 3207.8
19683 -5468.3 2993.1
19684 -5813.6 3099.3
19685 -5467.5 2881
19686 -5811.7 2989.4
19687 -5122.5 3003
19688 -5810.9 2881.4
19689 -5447.3 -3668.6
19690 4230.6 3834.3
19691 -5549.6 -3669.6
19692 -5355.5 -3667.7
19693 -5445.4 -3794.4
19694 -5353.9 -3794.1
19695 -5444.9 -3871.4
19696 -5547.1 -3872.3
19697 -5348.2 -3870.6
19698 -5442.9 -4073.9
19699 -5544.5 -4074.6
19700 -5341.3 -4073.1
19701 4478 3766
19702 -5440.4 -4276.6
19703 -5338.5 -4275.7
19704 -5541.6 -4277.5
19705 -5438.4 -4479.4
19706 -5540 -4480.3
19707 -5336.3 -4478.6
19708 -5435.9 -4683.5
19709 -5538.1 -4684.4
19710 -5334.1 -4681.7
19711 -5430.1 -7924.3
19712 4356.9 3624.4
19713 -5542.9 -7926.1
19714 -5219.2 2782.6
19715 -5117 2592.3
19716 -5433.3 -4884.2
19717 -5535.4 -4885.3
19718 -5331.9 -4883.2
19719 -5431.1 -5087.9
19720 -5532.8 -5088.9
19721 -5329.7 -5086.9
19722 -5429.4 -5289.3
19723 4233.4 3622.8
19724 -5429.1 -5342.8
19725 -5530.2 -5291
19726 -5528.9 -5362.8
19727 -5327.2 -5323.5
19728 -5394 -7521.9
19729 -5495.3 -7523.7
19730 -5390.9 -7724.6
19731 -5292.2 -7520.1
19732 -5388 -7923.9
19733 -5468.8 -7726
19734 2181.3 5379.4
19735 3698.1 9095.6
19736 4357 3552.9
19737 -5290.2 -7722.1
19738 -3456.6 -117.5
19739 -3454.8 -219.4
19740 -3458.7 -15.7
19741 -3589.7 -119.1
19742 -3589 -220.7
19743 -3591.2 -17.3
19744 -3725.3 -120.6
19745 -3726.3 -18.9
19746 -3859.8 -122.1
19747 4604 4042.6
19748 -3858.6 -223.4
19749 -3860.4 -20.5
19750 -3994.3 -123.7
19751 -3993 -224.7
19752 -3995.7 -22.1
19753 -4129.5 -125.2
19754 -4131.1 -23.7
19755 -4128.4 -226.1
19756 -4263.1 -126.3
19757 -4261.5 -227.4
19758 4601 4255.1
19759 -4264.8 -25.3
19760 3703.3 -86.6
19761 3569.9 -146.2
19762 3122.9 -149.7
19763 -615.1 -88.7
19764 -613.8 -186.7
19765 -616.3 9.6
19766 -818.2 -90.9
19767 -816.8 -188.6
19768 -1020.2 -92.8
19769 4472 4184.8
19770 -1018.7 -190.5
19771 -1022.1 5.4
19772 -974 -93.1
19773 -1225.7 -94.2
19774 -1224.3 -192.3
19775 -1428.2 -95.6
19776 -1430.7 2
19777 3704.1 -144.7
19778 3702.7 -41.8
19779 349.5 11546.2
19780 4348.8 4185
19781 346 11748.5
19782 247.5 11545.1
19783 449.4 11547.3
19784 342.7 11946.2
19785 447 11749.6
19786 257.1 18724
19787 259 18873.2
19788 144.7 18725.8
19789 355.7 18722.4
19790 261.1 19035.2
19791 4530.3 4046.4
19792 146.7 18874.7
19793 357.5 18871.7
19794 359.4 19033.7
19795 245.8 17618.7
19796 201.8 17755.7
19797 69 17615.7
19798 283.3 16140.1
19799 281.5 16274
19800 182.6 16138.7
19801 385.6 16141.5
19802 4349.4 4044.9
19803 179.2 16272.4
19804 263.5 17007.9
19805 364.3 17009.2
19806 265.4 16808.1
19807 361 10533.8
19808 358.5 10736.6
19809 462.1 10534.8
19810 356.1 10939.2
19811 258.3 10735.7
19812 255.6 10938.3
19813 4223.4 4185.6
19814 351.2 11344.4
19815 451.8 11345.6
19816 370 9927
19817 470.4 9927.9
19818 316.9 13774
19819 313.8 13976
19820 215.1 13974.9
19821 291.8 13266.3
19822 290.4 13367.5
19823 157.6 13265.2
19824 4285.8 4048.8
19825 289 13469.2
19826 156.2 13365.8
19827 424.2 13369.2
19828 5438.8 -2751
19829 5442.2 -2956
19830 5463.6 -2955.7
19831 5334.8 -2957.3
19832 5444.9 -3155.7
19833 5466.1 -3155.4
19834 5337.4 -3156.2
19835 4466.6 4713.2
19836 5447.7 -3355.4
19837 5469 -3355.2
19838 5340.1 -3356.9
19839 5450.5 -3556.2
19840 5472.8 -3555.9
19841 5341.9 -3557.6
19842 5453.2 -3757.6
19843 5474.8 -3757.3
19844 5456 -3959.6
19845 5345.6 -3759.1
19846 3693.5 9396.5
19847 4345.8 4452.3
19848 5458.7 -4161.4
19849 5478.2 -3959.3
19850 5348.1 -3961
19851 5480.4 -4161.1
19852 5350.4 -4162.6
19853 5460.9 -4362.8
19854 5482.5 -4362.4
19855 5352.2 -4364.2
19856 5462.9 -4565
19857 5484.8 -4564.8
19858 4222.5 4451
19859 5354.9 -4566.4
19860 5465.6 -4767.5
19861 5487.4 -4767.2
19862 5357.7 -4768.8
19863 5470.3 -4969.5
19864 5510.9 -4968.9
19865 5368.9 -4970.9
19866 5433.2 -2151.4
19867 5477.3 -2151
19868 5456.4 -2354.3
19869 4099.8 4454.1
19870 5478.9 -2354.1
19871 5457 -2447.4
19872 5435 -2354.5
19873 5374.9 -2152
19874 5375.5 -2355
19875 5436.3 -2555.6
19876 5486.3 -2955.5
19877 5459.8 -2687.9
19878 5489.1 -3155.1
19879 5492 -3354.8
19880 4221.8 4578
19881 5494.8 -3555.6
19882 5497.5 -3757
19883 5500.3 -3959
19884 5503.1 -4160.8
19885 5504.8 -4362.1
19886 5506.8 -4564.4
19887 5570.8 -21452.6
19888 1629.5 18820.6
19889 1663.1 18700.6
19890 1605.2 18938.2
19891 1363.5 12974.8
19892 1377.8 18816
19893 1383.4 18701.7
19894 1375.3 18935.7
19895 1197.6 18932.3
19896 1195.3 19050.3
19897 1154 18927.6
19898 1197.8 18869.8
19899 -10087.2 18837.2
19900 -10189.1 18835
19901 -10083.6 19037.9
19902 1365.8 12670.7
19903 -10289.8 18832.8
19904 -10185.6 19035.8
19905 -10192.6 18633.6
19906 -10389.9 18830.6
19907 -10286.7 19033.5
19908 -10293.9 18631
19909 -10491 18828.4
19910 -10387.9 19031.3
19911 -10393.5 18628.5
19912 -10593 18826.1
19913 1375.8 11962
19914 -10494 18625.9
19915 -10488 19029.1
19916 -10693.3 18823.9
19917 -10589.9 19026.9
19918 -10596.2 18623.3
19919 -10794.7 18821.7
19920 -10690 19024.7
19921 -10696.6 18620.8
19922 -10897.1 18819.5
19923 -10797.9 18618.2
19924 1372.4 12065.2
19925 -10791.6 19022.5
19926 -11097.9 18815.1
19927 -11096.4 18915.9
19928 -11099.4 18712.8
19929 -450 18816.3
19930 -450.4 18788.9
19931 -645.9 18811.9
19932 -448.5 18917.5
19933 -644.6 18913.1
19934 -648 18713.9
19935 3978.5 4449.8
19936 -1135 18801.2
19937 -1038.9 18702.6
19938 -1233.3 18799
19939 -1133.2 18902.2
19940 -1231.1 18900.1
19941 -1235.4 18698.4
19942 -1427.9 18794.9
19943 -1425.9 18895.9
19944 -1430 18694.2
19945 -1623.7 18790.8
19946 3902.2 4577.6
19947 -1621.3 18891.3
19948 -1626.1 18690
19949 -1819.4 18786.8
19950 -1817.2 18887.2
19951 -1985.1 18783.3
19952 -1821.9 18685.8
19953 -1982.6 18884.7
19954 354.3 18597.3
19955 57.8 18727.4
19956 88.4 18603.3
19957 4405.7 8819.6
19958 3859.2 4328
19959 41.2 18877.7
19960 1017.9 18809.5
19961 1198.3 18812.7
19962 1015.9 18926.2
19963 1020 18690.8
19964 -340.6 18786.4
19965 -343 18613.1
19966 -226.9 18782.5
19967 -452.9 18615.6
19968 -11316.9 15980.8
19969 3850.1 4186.7
19970 -11362.5 15980.5
19971 -11367.8 15888.9
19972 -11361.1 16061.7
19973 -11010.1 16139.4
19974 500.4 16277.1
19975 503.6 16014.4
19976 383.8 16275.4
19977 387.5 16007
19978 78.6 16270.8
19979 1600.2 16119
19980 3614.8 4187.2
19981 2002.7 16122.6
19982 1601.5 16018
19983 1396.8 16217.4
19984 1400.2 16015.5
19985 -8137.6 16119
19986 -8125.2 16207.3
19987 -8138.8 16023.1
19988 -8269.8 16059.8
19989 -8327.8 16144.3
19990 -8276.6 16022.5
19991 3851.3 4049.2
19992 -4462.6 16026.4
19993 -4462.6 16074.1
19994 -4462.4 15974.9
19995 -3042.2 7679.2
19996 -3045.1 7881.5
19997 -2941.8 7680.1
19998 -3143.8 7678.3
19999 -3146.4 7880.7
20000 -2943.9 7882.2
20001 -3053.1 8491.2
20002 3851.7 4025.9
20003 -3056.2 8694.9
20004 -2952.4 8492
20005 -3059.2 8896.7
20006 -3061.1 9100.3
20007 -2957.6 8897
20008 -3063.6 9304.3
20009 -3162.6 9099.7
20010 -2959.9 9101
20011 -3068.4 9707.7
20012 -3101.5 9707.5
20013 4653.1 4441.7
20014 -3066 9506.4
20015 -3018.8 4847.4
20016 -3121.8 4846.9
20017 -2916.7 4847.9
20018 -3021.8 5051.9
20019 -3124.3 5051.2
20020 -2919.8 5052.5
20021 -3024.6 5255.6
20022 -3126.9 5255.2
20023 -2922.9 5256
20024 4735.7 4440.5
20025 -3027.6 5459.3
20026 -3031 5663.4
20027 -3129.4 5459.1
20028 -2925.9 5459.6
20029 -3132.5 5662.5
20030 -3033.3 5864.6
20031 -3036.2 6068
20032 -3135.7 5864.3
20033 -2932.4 5864.8
20034 -3039.1 6269.5
20035 4725.9 4480.3
20036 -2935.6 6068.4
20037 -3141.2 6269
20038 -2939.4 6270.1
20039 -3079.5 10519.2
20040 -3082.2 10721.3
20041 -3181.8 10517.7
20042 -3085.7 10924.4
20043 -2981 10722.4
20044 -3186.5 10923.6
20045 -3036.6 7274.5
20046 4597.1 4450.3
20047 -2934.9 7275.4
20048 -3093.4 11529.9
20049 -3194 11529.3
20050 -2995.8 11360.9
20051 -3096 11732.4
20052 -3196.8 11731.4
20053 -2994.3 11733.4
20054 -3100.8 12111.8
20055 -3126.2 12136.5
20056 -2902.9 11933.7
20057 4347 4326
20058 -3098.6 11933.6
20059 -3103.5 12339.4
20060 -3101.1 12136.7
20061 -3205.8 12338.5
20062 -3105.9 12542
20063 -3208.5 12541
20064 -3005.3 12543
20065 -3042.8 6469.9
20066 -3046.4 6671.6
20067 -3143.9 6469.1
20068 188.5 3255.1
20069 3979.2 4327.2
20070 -3049.5 6871.6
20071 -2945 6672.2
20072 -3052.7 7073.1
20073 -3149.4 6871
20074 -3159.6 16375.5
20075 -3161.8 16571.7
20076 -3262.3 16375.4
20077 -3057 16375.1
20078 -3165.5 16762.9
20079 -3263.6 16571.7
20080 3980.8 4050.3
20081 -3058.6 16571.8
20082 -2988.7 9844.9
20083 -3169.6 9707
20084 -2891.2 9964.2
20085 -2766.2 9811.5
20086 -3124.6 13957.1
20087 -3122 13755.3
20088 -3023.2 13957.8
20089 -3125.3 14179.7
20090 4073 -3071.7
20091 3860.9 4072.8
20092 4099.8 -3071.2
20093 4074 -3173.7
20094 3888.5 -3075.2
20095 4075 -3274.2
20096 4177.5 -3472.1
20097 4181.7 -3801.5
20098 4082.6 -3890.5
20099 4192.2 -3887.6
20100 4083.7 -3972.2
20101 4202.4 -3970.4
20102 3852.7 3914.7
20103 4183.9 -4089.1
20104 4091 -4184.1
20105 4151 -4520.1
20106 4170.9 -4786.6
20107 4096.7 -5092.1
20108 4195 -4992.2
20109 4097.8 -5193.1
20110 4099 -5293.9
20111 4195.4 -5191
20112 4196.4 -5392.9
20113 4930.5 4600.1
20114 4104.7 -5801.2
20115 4105.2 -5842
20116 4113.1 -6430.8
20117 4207.1 -6205.3
20118 4202.2 -6430.2
20119 4116.5 -6710.3
20120 4186.7 -6612.1
20121 4187.5 -6709.2
20122 4117.5 -6811.8
20123 4118.5 -6914.1
20124 -4898.9 -6833.8
20125 3900.2 -6822.8
20126 4187.5 -6810.7
20127 4119.6 -7014.5
20128 3908.4 -6919.4
20129 4186.5 -6912.7
20130 4120.7 -7127.6
20131 4184.4 -7013.5
20132 3917.4 -7017.3
20133 4121.8 -7231.7
20134 4123.3 -7325.9
20135 -4917.4 -5952.9
20136 4188.4 -7324.8
20137 4124.4 -7415.8
20138 4237.9 -16421
20139 4239.2 -16523.3
20140 4437.5 -16418.9
20141 4240.5 -16623.8
20142 4241.8 -16725.5
20143 4439.8 -16622.1
20144 4243.1 -16826.2
20145 3937.6 -16727.9
20146 4334.7 5534.9
20147 4244.3 -16927.4
20148 4245.6 -17028.2
20149 4443.1 -16925.9
20150 4245.4 -17129.8
20151 4246.7 -17230.4
20152 4248.2 -17331.1
20153 4447.7 -17228.5
20154 4449.1 -17329.2
20155 4249.8 -17432.4
20156 4450.6 -17430.6
20157 4454.4 5685.4
20158 4251.4 -17533.5
20159 4351.3 -17532.8
20160 4255.2 -17734.8
20161 4154.8 -17735.7
20162 4358.2 -17935.6
20163 4258.3 -17936.7
20164 4159 -17937.6
20165 4261.7 -18138.4
20166 4361.4 -18137.3
20167 4265 -18340.8
20168 4461.4 5158.8
20169 4165 -18341.7
20170 4268.1 -18543.4
20171 4368 -18542.5
20172 4271.1 -18746
20173 4171 -18746.7
20174 4371.3 -18745.3
20175 4274.1 -18947.8
20176 4173.9 -18948.5
20177 4374.4 -18947.1
20178 4280.1 -19352.3
20179 -6.5 3292.5
20180 4338.5 5157.2
20181 4282.6 -19554.6
20182 4179.5 -19353
20183 4379.9 -19351.6
20184 4288.3 -19756.2
20185 4182.2 -19555.2
20186 4382.6 -19553.8
20187 4188.7 -19757
20188 4386.6 -19755.5
20189 4291.5 -19955.7
20190 4192.4 -19956.5
20191 4460.2 5247.8
20192 4392.1 -19954.9
20193 4294.7 -20156.1
20194 4196.2 -20157.1
20195 4395.8 -20155
20196 4299.3 -20365.8
20197 4399.7 -20364.6
20198 4200.2 -20367.1
20199 4143.8 -8832.2
20200 4036.8 -8833.4
20201 4245.3 -8831
20202 4463.7 4980
20203 4146.7 -9034.9
20204 4247.5 -9033
20205 4045.2 -9036.1
20206 4149.2 -9237
20207 4047 -9238.4
20208 4250.1 -9235.7
20209 4150.9 -9439.2
20210 4048.9 -9440.5
20211 4153 -9640.6
20212 4253.2 -9639
20213 4462.1 5070.1
20214 4154.7 -9843
20215 4087.9 -9844
20216 4210.2 -9842.2
20217 4110.3 -2569.2
20218 4166.6 -2568.6
20219 4066.3 -2569.6
20220 4180 -3069.9
20221 4401.1 -13488
20222 4213 -13083.6
20223 4139.2 -13084.5
20224 4340.2 4978.3
20225 4284.5 -13082.7
20226 4061.8 -2164.6
20227 4063.2 -2365.5
20228 3884.2 -2166.7
20229 4162.7 -2163.4
20230 3879.2 -2368
20231 3767.5 -2573.2
20232 4215.8 -14802.6
20233 4314.3 -14700.6
20234 4217 -14904.4
20235 4464.9 4891.1
20236 4316.8 -14903.4
20237 4220.7 -15206.6
20238 4221.9 -15308
20239 4223.1 -15409.4
20240 4226.8 -15612
20241 4228.4 -15714.1
20242 4224.3 -15510.3
20243 4080.1 -15716
20244 4429.3 -15711.5
20245 4005 517.5
20246 4595 4893.1
20247 4005.7 464.6
20248 4007 362.9
20249 3840.6 462.2
20250 4236.2 467.7
20251 4008.3 261.2
20252 3841.8 362
20253 4237.6 365.6
20254 4009.5 160.9
20255 3847.2 260.3
20256 4239.1 264.8
20257 4465.7 4802.1
20258 3848.7 159.6
20259 4240.2 164.9
20260 4040.3 -141
20261 4014.6 -141.3
20262 4139.4 -140.1
20263 4141.5 -302
20264 4143.6 -462.7
20265 4145.8 -624.1
20266 4147.9 -784.9
20267 4049.8 -951.1
20268 4596.6 4803.6
20269 4050.9 -1155.4
20270 4152.5 -1157.7
20271 4013 -40.6
20272 3851.3 -42.3
20273 4164.8 -10854.4
20274 4167.4 -11057
20275 4064.4 -10855.9
20276 4066.4 -11058.4
20277 4268.4 -11055.8
20278 4203.3 -13894.9
20279 4341.8 4800.7
20280 4306.9 -14095.4
20281 4209.4 -14299.4
20282 4310 -14298.3
20283 4212.4 -14500.5
20284 4312.7 -14499.5
20285 4213.7 -14583.7
20286 4150.5 -12684.1
20287 -1355.8 2.6
20288 -1227 3.7
20289 -841.2 -15055
20290 -454.6 3253.8
20291 4212.6 5533.3
20292 -842.9 -14953.8
20293 6926.6 -14062
20294 7026.4 -14060.7
20295 6922.9 -13858.2
20296 7127.3 -14059.2
20297 7029.5 -14226.6
20298 7228 -14058.1
20299 7123.5 -13854.7
20300 7329.2 -14056.8
20301 7230.8 -14224
20302 4335.8 5424.2
20303 7224.6 -13853
20304 7331 -14158.5
20305 11871.5 -13983.8
20306 11972.6 -13982.8
20307 11870.5 -14183.8
20308 11972 -14182.2
20309 12073.5 -13981.3
20310 12071.9 -14180.6
20311 12072.7 -13803.6
20312 12173.1 -13980.2
20313 4337.6 5246.5
20314 12087.8 -13828.8
20315 12172.3 -14179
20316 12273.2 -14177.3
20317 9728 -14082.2
20318 9826.1 -14081.4
20319 9728.6 -14231.2
20320 9726.9 -13826.2
20321 9922.3 -14080.9
20322 10021.1 -14080
20323 10066.5 -14079.2
20324 4215.6 5155.7
20325 10021.7 -14227.7
20326 10130.3 -14226.7
20327 10287.6 -14022.9
20328 10402.4 -14021.7
20329 10286.3 -13820.5
20330 10517.6 -14020.6
20331 10402.8 -14125.7
20332 10631.3 -14019.4
20333 10516.8 -13817.2
20334 10632.2 -14222.3
20335 4339.3 5069.1
20336 11092 -14014.7
20337 11087.9 -13817
20338 8550.5 -14039.7
20339 8683.3 -14242.9
20340 8537.1 -13837.5
20341 8641.5 -14038.8
20342 8639.6 -13836.6
20343 8742.7 -14037.8
20344 8745.3 -14241.5
20345 8843.2 -14036.8
20346 4217.5 4976.6
20347 8845.6 -14239.3
20348 8840.9 -13834.9
20349 8945.7 -14035.8
20350 8946.7 -14137.8
20351 9145.7 -13936.9
20352 9146.3 -14033.8
20353 9201.2 -14236.4
20354 5080.4 -14086.2
20355 5081.5 -14288
20356 5078.1 -13884.6
20357 4341 4890.5
20358 5211.5 -14084.5
20359 5315 -14083.1
20360 5213.2 -14286.3
20361 5414.8 -14081.6
20362 5312.6 -13880.5
20363 5417.2 -14283.7
20364 5465 -14080.9
20365 5515.4 -14080.1
20366 5512.9 -13876.9
20367 5616.6 -14078.6
20368 4343.5 4711.5
20369 5618.2 -14281.2
20370 5613.9 -13875.2
20371 9293.7 -13966.2
20372 9377.9 -13966
20373 9309 -14222.8
20374 9290.7 -13830.5
20375 9460.3 -13965.1
20376 9401.5 -14264.7
20377 9544.5 -13965.1
20378 9464 -14257.9
20379 4219.6 4799.4
20380 9629 -13964.9
20381 9524.8 -14263.2
20382 9617.3 -14218.4
20383 9627.4 -13827.2
20384 5758.4 -17211.3
20385 5844.8 -17112.4
20386 5760.1 -17314.3
20387 5929.9 -17217.5
20388 6002.2 -17312.6
20389 5913.9 -17312.4
20390 4220.5 4708.9
20391 6068.7 -17213.2
20392 5996.8 -17145.4
20393 6067.7 -17110.9
20394 4846.2 -17225.1
20395 4621 -17226.4
20396 4844.6 -17124.6
20397 4847.7 -17325.5
20398 5016.9 -17224
20399 5017 -17324.2
20400 5016.8 -17122.7
20401 -1937.2 3129.8
20402 4090.1 5421
20403 -5174.9 5940.4
20404 -5175.6 6042
20405 -5174.4 5839.7
20406 -5377.6 5938.4
20407 -5378.4 6041.6
20408 -5579.8 5938.3
20409 -5579.1 5837.9
20410 -1921.9 5972.9
20411 -1923.3 6069.4
20412 -1920.4 5867.8
20413 4088.5 5531.4
20414 -2142.4 5971.7
20415 -2137.9 6271.4
20416 324.9 5985.6
20417 121.5 5983
20418 323.5 6087.3
20419 -80.5 5980.5
20420 122.9 5881.1
20421 -283.1 5977.9
20422 -79.5 5878.1
20423 -488.6 5977.5
20424 4091.3 5332.2
20425 -284.1 6078.7
20426 -282 5875.2
20427 -486.9 5873.9
20428 -691.9 5975.8
20429 -896.6 5974.8
20430 -693 6076.1
20431 -895.5 5871
20432 -1101.8 5973.6
20433 -1102.1 6006.3
20434 -1100.6 5871
20435 4213.7 5422.4
20436 -3948.8 5958.1
20437 -4154 5956.1
20438 -3947.6 5857
20439 -4357.5 5954.1
20440 -4155.2 6057.8
20441 -4562.2 5952.1
20442 -4356.4 5851.2
20443 -4358.9 6055.2
20444 -4563.3 6052.5
20445 -4668.8 5950.6
20446 3965.9 5331.2
20447 -4667.7 5846.8
20448 -1206.9 6005.7
20449 -1102.8 6073.6
20450 -1307.6 6005.1
20451 -1204.3 5871.3
20452 -1407.2 6004.5
20453 -1512.5 6004
20454 -1407.9 6072.3
20455 -1513 6071.8
20456 1743.4 6019.7
20457 4092.6 5243.9
20458 1643.2 6106.9
20459 1233.8 6046.7
20460 1132.7 6045
20461 1231.6 6184.2
20462 1236.2 5897.7
20463 1031.3 6043.3
20464 1130.8 6182.4
20465 1134.8 5896.1
20466 -6409.8 5935.2
20467 -6411.5 6036.5
20468 4093.9 5154.1
20469 -6651.8 5934.2
20470 -6649.9 5832.9
20471 -6804 5933.6
20472 -6805.9 6034.6
20473 2231.1 5911.9
20474 3241.7 4822
20475 3268.3 4822.8
20476 3240.5 4871
20477 4915.1 -12262.7
20478 4924.8 -12465.1
20479 4096 5067
20480 5056.6 -12260.9
20481 5054 -12056.2
20482 5190.3 -12259.2
20483 5187.7 -12054.7
20484 5326 -12257.4
20485 5192.8 -12462.2
20486 5460 -12255.7
20487 5323.6 -12053
20488 5593.3 -12254.1
20489 5456.5 -12415.1
20490 3967.7 5152.7
20491 5728.3 -12252
20492 5590.3 -12049.9
20493 5594.9 -12354.7
20494 5725.9 -12048.3
20495 5796.8 -12251
20496 5798 -12352.3
20497 5863.1 -12250.1
20498 5997.3 -12248.3
20499 5996 -12146.5
20500 6093.9 -12247.1
20501 4216.2 5068.1
20502 6199.4 -12245.9
20503 6200.5 -12348.2
20504 6402.1 -12243.4
20505 6403 -12345.3
20506 6398.5 -12041.5
20507 6502.2 -12242.3
20508 6604 -12241.2
20509 6499.2 -12039.9
20510 6703.9 -12240.2
20511 6734.3 -12239.9
20512 -2235.3 3136.1
20513 4097.3 4975
20514 6701 -12036.7
20515 6873.5 -12238.7
20516 7008.6 -12237.1
20517 6827.9 -12239.2
20518 7168 -12235.3
20519 7343.4 -12233.3
20520 7342.6 -12135.3
20521 7385.7 -12232.8
20522 7211.4 -12234.8
20523 7432.5 -12232.2
20524 4098.3 4888.2
20525 7386.2 -12332.6
20526 7486.1 -12231.6
20527 7517.9 -12016.6
20528 7520.5 -12231.2
20529 7587.4 -12230.4
20530 7588.9 -12431.3
20531 7612.1 -12230.2
20532 7688 -12229.3
20533 7711.7 -12229
20534 7710.8 -12025.4
20535 3970 4973.9
20536 7789.2 -12228.2
20537 7791.1 -12429.8
20538 7812.5 -12227.8
20539 7889.5 -12226.9
20540 7997.8 -12225.7
20541 8032.7 -12225.3
20542 7997.8 -12427.5
20543 8237.8 -12222.4
20544 8032.4 -12122.7
20545 8232.9 -12322.3
20546 3970.8 4886.3
20547 8418.3 -12219.8
20548 8417.3 -12117.7
20549 8419.3 -12319.5
20550 8518.5 -12218.4
20551 8520.8 -12420.9
20552 8619.9 -12216.9
20553 8618.9 -12014.9
20554 8622.3 -12419.7
20555 8720.6 -12215.5
20556 8723.1 -12418.4
20557 4218.6 4889.8
20558 8821.8 -12213.9
20559 8922.4 -12212.6
20560 8824.3 -12417.1
20561 8820.6 -12012.3
20562 8921.1 -12011
20563 9024 -12211.3
20564 9123.4 -12210.7
20565 9126.3 -12413.9
20566 9225.5 -12210
20567 9329.6 -12411.5
20568 4099.5 4798.1
20569 9730.4 -12203.2
20570 9656.6 -12203.8
20571 10031.7 -11997.5
20572 10142.7 -12199.4
20573 10154.1 -12402.1
20574 10236.9 -12198.4
20575 10266.1 -12198.1
20576 10235.5 -11995.2
20577 10336.1 -12197.3
20578 10382 -12196.8
20579 3695.5 9567.9
20580 10495.2 -12195.5
20581 10537.8 -12195
20582 10437.5 -12196.1
20583 10610.6 -12194.2
20584 10638.5 -12193.9
20585 10614.4 -12397.6
20586 10637.2 -11990.6
20587 11062 -12189.1
20588 11306.3 -12186.3
20589 11351 -12186.6
20590 3691.9 9468.9
20591 11350.1 -12150.9
20592 4479.7 -1349.3
20593 4150.1 -950.4
20594 3869.7 -952.8
20595 3803.7 -952.8
20596 3746.7 -954.2
20597 3744.6 -752.2
20598 3748.6 -1156.5
20599 3644.8 -955.2
20600 3642.2 -753.1
20601 3693.3 9726.8
20602 3543 -956.2
20603 3647.8 -1157.6
20604 3545.3 -1158.3
20605 3443.7 -957.2
20606 3540.7 -754.1
20607 3240.6 -959.2
20608 3142.1 -1161.2
20609 -194.7 -820.6
20610 -533.4 -919.2
20611 -190 -891.1
20612 3525.7 9564.9
20613 -197.8 -584.5
20614 -553.7 -926.7
20615 -496.3 -919
20616 -1008.8 -998.3
20617 -1004.5 -1386.1
20618 -1011.4 -865.8
20619 -1419.4 -1005.3
20620 -1618.7 -1008.6
20621 -1422.3 -600
20622 -1724.4 -808.3
20623 -2743.9 3099
20624 3088.4 9557
20625 -1721.4 -1010.3
20626 -1823.1 -1012.1
20627 -1826.1 -810.4
20628 -2025.1 -1015.2
20629 -2228 -1018.4
20630 -2028.1 -813.3
20631 -2230.5 -816.1
20632 -2635.2 -1024.9
20633 -2732.9 -1229.5
20634 -2637.6 -822
20635 3121.3 9748.3
20636 -2736.4 -1026.5
20637 -2837.2 -1028.2
20638 -2839.7 -824.8
20639 -2834 -1231.2
20640 -2938.5 -1029.6
20641 -3038.5 -1031
20642 -3141.1 -1032.5
20643 -3037.1 -1233.9
20644 -3242.6 -1033.9
20645 -3143.4 -829.2
20646 3284.5 9721
20647 -3343.7 -1035.4
20648 -3240.3 -1236.6
20649 -3445.8 -1036.8
20650 -3346 -832
20651 -3554.9 -1044.4
20652 -3443.9 -1239.3
20653 -3447.5 -833.5
20654 -3545.5 -1075.8
20655 -3645.7 -1038.1
20656 -3649.1 -834.9
20657 3338.6 9561.5
20658 -3747.8 -1038.8
20659 -3580 -1047.3
20660 -3745.9 -1240.9
20661 -3848.1 -1039.5
20662 -3749.1 -835.7
20663 -3948.8 -1040.2
20664 -3846.7 -1241.5
20665 -3951.4 -837.2
20666 -4050.4 -1040.9
20667 -4151.1 -1041.6
20668 4902.4 1919.9
20669 -4252.1 -1042.5
20670 -4251.6 -1078.9
20671 -4252.5 -1002.9
20672 991.9 -984.6
20673 -7007.8 16478.8
20674 -6986.5 16554.9
20675 -6924.5 16433
20676 -6954.6 16665.4
20677 -6851.7 16600.5
20678 -8373.5 -5127.6
20679 4906.7 1490.5
20680 -8474 -5129.2
20681 -8346 -5127.2
20682 -8370.2 -5329.4
20683 -176.9 -11344.8
20684 -175.3 -11510.3
20685 -276.2 -11512.5
20686 3819 -11390.4
20687 3971.3 -11464.6
20688 3664.8 -11631.6
20689 3846.2 -11260.6
20690 4901 2106.6
20691 -4412.1 -11476.2
20692 -4329.4 -11199.3
20693 -4704.8 -11479.1
20694 -4411.5 -11570.2
20695 -4430.3 -11375.6
20696 -4867.4 -11563.5
20697 -4703.2 -11562.2
20698 -4705.4 -11400.2
20699 -577.6 -11415.1
20700 -379.7 -11310.1
20701 5035.3 1921.2
20702 -578.4 -11314
20703 -2148.3 -11436.7
20704 -2704.1 -11443.7
20705 -2702.7 -11545.1
20706 -2705.5 -11343.1
20707 -2906.8 -11447
20708 -2905.2 -11547.6
20709 -2908.4 -11345.5
20710 -3108.7 -11449.5
20711 -3107.1 -11550.1
20712 4763.2 1916.8
20713 -3110.3 -11347.9
20714 -3312.2 -11452.3
20715 -3310.9 -11552.6
20716 -3313.8 -11350.3
20717 -3383.1 -11457.4
20718 -3615.4 -11477.8
20719 -3372.2 -11234.5
20720 -3861.5 -11480.6
20721 -3614 -11557.3
20722 -3958.3 -11482.1
20723 5038.6 1600.5
20724 -3747.5 -11399.3
20725 -4058.3 -11483.1
20726 -3752.2 -11291.1
20727 -4119.1 -11496.5
20728 -3824.3 -11150.1
20729 -4118.4 -11565.1
20730 -4120.7 -11411.5
20731 738.9 -11397.6
20732 538.9 -11399.8
20733 740 -11502.7
20734 -5036.1 -4272.9
20735 5033.3 2107.7
20736 737.8 -11298.1
20737 536.1 -11504.6
20738 542.1 -11299.5
20739 -448.4 3043.9
20740 -451.3 3167.2
20741 -247 3044.6
20742 -530.6 3043.5
20743 -532.4 3166.7
20744 -577.1 3043.2
20745 -575.8 2943.3
20746 5127.7 1921.2
20747 -610.3 3043.1
20748 -611.4 3166.3
20749 -865.2 3041.7
20750 -861.5 2940.7
20751 -1065.8 3040.7
20752 -1064.7 2939.4
20753 -1269.3 3039.6
20754 -1067.2 3163.7
20755 -1268 2938
20756 -1270.9 3163.1
20757 4916 670.7
20758 -1473.1 3038.6
20759 -1474.2 3105.2
20760 -1471.9 2936.7
20761 -1677.6 3037.3
20762 -1675.9 2935.4
20763 -1881.1 3035.8
20764 -1882 3171.5
20765 -1879.3 2934.1
20766 -2081.4 2932.8
20767 -2285.7 3134.8
20768 4774.4 670
20769 -2689 3028.9
20770 -2687.2 2928.1
20771 -2889.2 2926.3
20772 -3078.7 2925.2
20773 -3296.9 3022.8
20774 -3362.7 3022.3
20775 -3498.1 2973.7
20776 -3498.8 3021.4
20777 -3500.3 3123.5
20778 -3701.9 3020.2
20779 4914.3 800.9
20780 -3804.1 3019.5
20781 -3905.7 3018.6
20782 -3901.7 2826.3
20783 -4007 3017.9
20784 -4002.7 2790.1
20785 -4312.6 2967.3
20786 -4523.7 3013.5
20787 -4628.5 3012.5
20788 -4657.8 3012.2
20789 -4698.2 3011.8
20790 4001.4 677.7
20791 -4659.5 3112.5
20792 -4921.6 3008.4
20793 -4919.9 2908.9
20794 -4923.4 3110.8
20795 -4740 3011.2
20796 -5937.4 2987.7
20797 -6155.3 2986.3
20798 -5934.8 2877.9
20799 -5938.9 3098.1
20800 -6497.3 2983.9
20801 4233.3 674.6
20802 -6152.5 2875.7
20803 -6500.1 3095.1
20804 -6750.1 2982.3
20805 -6751.2 3092.4
20806 4277.6 3078
20807 4201.5 3076.9
20808 4205.1 2821
20809 -8164.6 16254.3
20810 -8137.5 16224.9
20811 -8496.5 16022.2
20812 3950.8 756.7
20813 -8386.5 16226.8
20814 -8540.3 16030.4
20815 -8440.5 16021.7
20816 -6749.2 16535.1
20817 -6807.1 16335.9
20818 -6655.3 16476.1
20819 4608.9 -8424.4
20820 4474.7 -8426
20821 4614.3 -8620
20822 4472.1 -8222.7
20823 4254.4 836.5
20824 3729.7 -8435.2
20825 3732 -8636.3
20826 3728.9 -8362.5
20827 3614.6 -8437.1
20828 3623.9 -8637.9
20829 3483.1 -8439.1
20830 3360.9 -8440.6
20831 3486.1 -8639.9
20832 3237.5 -8442.1
20833 3358.3 -8237.2
20834 3852.9 679.3
20835 3125.5 -8443.4
20836 3235.1 -8643.6
20837 3024.9 -8444.6
20838 3127.9 -8645.1
20839 3123.1 -8241.6
20840 2922.8 -8445.8
20841 3022.5 -8242
20842 2925.1 -8647.5
20843 2823 -8446.9
20844 2820.6 -8243.8
20845 2674.7 5092.8
20846 -5135.5 -4273.8
20847 3851.4 582.1
20848 2825.4 -8648.7
20849 2722 -8448.1
20850 2719.4 -8245.2
20851 2621.7 -8449.3
20852 2724.5 -8649.8
20853 2624.2 -8651
20854 2520.4 -8450.5
20855 2419.1 -8451.6
20856 2517.7 -8247.8
20857 2319 -8452.8
20858 4004 597.2
20859 2421.6 -8653.3
20860 2015.6 -8456.3
20861 2013.1 -8254.5
20862 1915.1 -8457.5
20863 1814.3 -8458.6
20864 1917.6 -8659.1
20865 1912.7 -8255.8
20866 1816.5 -8660.3
20867 1713.4 -8459.8
20868 1711.1 -8258.4
20869 5046.9 671.7
20870 1612.9 -8460.9
20871 1615.3 -8662.6
20872 1511.3 -8462.1
20873 1514.3 -8663.7
20874 1409.9 -8463.1
20875 1308.4 -8462.9
20876 1405.2 -8260.9
20877 1208.8 -8464.8
20878 1204.4 -8263.1
20879 1107.8 -8465.5
20880 5046.3 829.9
20881 1104.6 -8264
20882 1005.9 -8466.4
20883 905.4 -8466.6
20884 1008.6 -8668.1
20885 902.9 -8266.1
20886 805.2 -8467.9
20887 807.8 -8669.1
20888 803.7 -8267.1
20889 704.8 -8468.6
20890 706 -8569.9
20891 4629.2 2104
20892 703.8 -8368
20893 502 -8469.6
20894 500.7 -8369.5
20895 411.5 -8470.5
20896 503.1 -8571.2
20897 412.6 -8571.1
20898 259 -8472.7
20899 208.8 -8472.9
20900 210.8 -8673.7
20901 107 -8473.6
20902 4630.2 1914.9
20903 105.9 -8272.1
20904 5.8 -8474.4
20905 -104 -8474.4
20906 5.8 -8272.9
20907 -101.7 -8677
20908 -106.1 -8270.8
20909 -203.9 -8475
20910 -307.2 -8476.5
20911 -202.9 -8678.1
20912 -206.5 -8273.4
20913 5199 2928.6
20914 -408.7 -8477.9
20915 -509.8 -8479.2
20916 -405.3 -8680.3
20917 -610.2 -8480.6
20918 -512.2 -8277.1
20919 -711.7 -8482
20920 -607.9 -8682.5
20921 -714 -8279.9
20922 -709.5 -8683.6
20923 -915.2 -8484.7
20924 5199 3171.7
20925 -913 -8685.8
20926 -917.4 -8282.7
20927 -2745.2 -8506.8
20928 -2744.3 -8607.4
20929 -2746.2 -8405.8
20930 -2948.7 -8509.2
20931 -2947.6 -8610.6
20932 -2949.8 -8408.1
20933 -3153.1 -8511.6
20934 -3152.1 -8612.8
20935 4898.5 2924.5
20936 -3154 -8410.9
20937 -3356.1 -8514
20938 -3458.7 -8514.3
20939 -3356.9 -8413.8
20940 -3355 -8615.3
20941 -4167 -8520
20942 -4169.5 -8318.2
20943 -4268.9 -8520.7
20944 -4065.4 -8519.4
20945 -4467.4 -8519.7
20946 5471 2930
20947 -4371.3 -8320
20948 3256.9 1470
20949 3334.1 1470.9
20950 3173.7 1468.8
20951 4906.9 -20358.1
20952 5084.3 -20356.2
20953 4903.6 -20246.8
20954 4498 -20363.3
20955 4727.1 -20254.1
20956 4496.6 -20280.5
20957 -5033 -4476
20958 5209.5 2293.9
20959 4494.3 -20154
20960 4552.9 -20230
20961 4100.8 -20368.4
20962 4096.1 -20158.1
20963 3999.7 -20369.6
20964 3908.8 -20370.8
20965 3997.3 -20259.9
20966 3868.2 -20261.6
20967 3867.9 -20371.3
20968 3795.9 -20372.2
20969 5198 3263.2
20970 3797.9 -20472.9
20971 3696.9 -20373.4
20972 3597.6 -20368.2
20973 3496.6 -20368.7
20974 3593.8 -20164.3
20975 3596.5 -20403.4
20976 3396.8 -20369.6
20977 3492.9 -20165.5
20978 3398.8 -20470.9
20979 3297.4 -20370.9
20980 5464.9 3500.6
20981 3300.5 -20504.4
20982 8337.7 -6037.1
20983 8335.9 -5950.5
20984 8185.1 -6038.8
20985 8384 -6040.9
20986 8322.8 -5426.7
20987 8438.5 -5749.4
20988 8287 -5427.2
20989 8300.9 -5950.8
20990 8298.3 -5750.6
20991 5188.7 3779.2
20992 8183.8 -5952.7
20993 1657.4 -498.5
20994 1700.6 -567.2
20995 1625.1 -449.6
20996 1710.1 -464.7
20997 4869.6 -18639.3
20998 4871.4 -18741.2
20999 4867.9 -18538.2
21000 5048.7 -18637.9
21001 5272.4 -18635.6
21002 5202.6 4174.4
21003 5046.9 -18536.6
21004 5049.7 -18738.7
21005 5271 -18534.5
21006 -4569.6 11720.4
21007 -4574.2 11922.4
21008 -4594.5 11720.1
21009 -4472.4 11722.1
21010 -4571.6 12323.9
21011 -4681.4 12322.8
21012 -4432.6 4116.8
21013 5081.7 3779.2
21014 -4433.6 4263.7
21015 -4534.2 4116
21016 -4330.4 4117.5
21017 -4332.4 4264.5
21018 -4536.7 4262.9
21019 -4591 11519.5
21020 -4679.7 11518.6
21021 -4710.5 11719.9
21022 -4614.3 12935.2
21023 -4610.5 12733.7
21024 5461.6 3781.9
21025 -4498.4 12936.3
21026 -4616.6 13138.3
21027 -4733.1 13137.1
21028 -4502.6 13138.5
21029 -4619.9 13340.4
21030 -4736.2 13339.8
21031 -4504.4 13341.8
21032 -4626.6 13539
21033 -4443.3 13367.8
21034 -4461.7 7669
21035 5245.4 4904.5
21036 -4360.3 7668.9
21037 -4564.9 7668.4
21038 -4464.4 7870.6
21039 -4567.4 7869.7
21040 -4363.2 7871.4
21041 -4468.6 8074.7
21042 -4569.9 8073
21043 -4366.5 8075.2
21044 -4471.3 8276.4
21045 -4572.4 8275.6
21046 5228.8 4744.4
21047 -4369.7 8277.2
21048 -4473.8 8480.2
21049 -4373 8481
21050 -4489.6 9493.6
21051 -4492.9 9696.4
21052 -4590.4 9492.8
21053 -4388.9 9494.4
21054 -4496.2 9898.4
21055 -4594.8 9695.2
21056 -4391.9 9697.6
21057 5243.9 4991.9
21058 -4499.5 10101.8
21059 -4598 9897.7
21060 -4394.9 9900.6
21061 -4502.5 10304.7
21062 -4601.1 10100.4
21063 -4397.9 10103.2
21064 -4505 10505.9
21065 -4606.6 10505
21066 -4403.1 10506.8
21067 -4507.8 10709.4
21068 -4949.1 -5888.3
21069 5293.1 4905.8
21070 -4421.3 10710
21071 -4551.8 13644.3
21072 -4549.5 13544.3
21073 -4671.6 13577.4
21074 -4552.7 13745.9
21075 -4448.1 13746.7
21076 -4554.6 13949
21077 -4660.9 13958.3
21078 -4557.1 14149.8
21079 -4663.9 14148.9
21080 4384.7 1481
21081 -4451.4 14150.7
21082 -4535.5 15522.8
21083 -4463.9 15567.2
21084 -4576 15498.2
21085 -4562 15767.7
21086 -4562.9 15973.7
21087 -4661.8 15766.5
21088 -4460.5 15768.4
21089 -4574.6 15163.1
21090 -4575.4 15362.5
21091 4508.6 1482.3
21092 -4464.9 15165.6
21093 -4668.5 15160.3
21094 -4671 15361
21095 -4467.4 15364.1
21096 -4666.5 15445.8
21097 -8218.3 16340.6
21098 -8443.8 16309
21099 -8537.6 16156.1
21100 -8536.4 16193.2
21101 -2296.5 3842.1
21102 4385.2 1352
21103 -2088.5 3843.7
21104 -2297.8 3941.9
21105 -1893 3946.7
21106 -2299.1 4045.2
21107 -2300.3 4135.8
21108 -2394 3976.5
21109 -2302.1 4255.3
21110 -1895.4 4136.2
21111 -2303 4338.7
21112 -1898 4336.6
21113 4387.4 1679.6
21114 -2304.5 4444.4
21115 -2507.4 4444.2
21116 -1899.5 4449.8
21117 -2306.3 4568.4
21118 -2509.2 4567.2
21119 -2310.7 4879.6
21120 -2313.3 5056.4
21121 -2415 5055.8
21122 -2211.8 5057.1
21123 -2316.2 5258.5
21124 4367.3 2827.5
21125 -2418.3 5258.6
21126 -2319.1 5461.7
21127 -2218.1 5462.4
21128 -2420.6 5461.2
21129 -2322 5665
21130 -2423.4 5664.7
21131 -2323.5 5766.9
21132 -2324.9 5866.7
21133 -2426.1 5866.4
21134 -2087.9 5863.2
21135 4281.6 2821.9
21136 -2352 5967.4
21137 -2312.3 5980.8
21138 -2428.6 6046.8
21139 -2239.2 5944.5
21140 -2332.1 6270.9
21141 -2333.7 6372.7
21142 -2738.1 6271.2
21143 -2244.1 6271.1
21144 -2130.6 6373.7
21145 -2335.3 6473.3
21146 4369.6 2664.3
21147 -2537.5 6472.6
21148 -2336.9 6574.6
21149 -2539.1 6573.8
21150 -2338.5 6675.4
21151 -2135.3 6676.5
21152 -2340.1 6774.4
21153 -2136.8 6775.4
21154 -2341.7 6875.1
21155 -2544.3 6874.3
21156 -2343.3 6975.8
21157 4362.8 3079.1
21158 -2139.9 6977.2
21159 -2341.1 7078.5
21160 -4530.9 2816.9
21161 -4687.8 2541.8
21162 -4517.6 2603.4
21163 -4643 2302.8
21164 -4502.1 2304.5
21165 -4642.1 2202.4
21166 -4503.6 2405.2
21167 -4517.5 -5080.2
21168 4451.1 2830.3
21169 -4414.9 -5079.7
21170 -4516.2 -5164.5
21171 -4514.9 -5283.7
21172 -4718.9 -5204.8
21173 -4414 -5144.1
21174 -4410.8 -5485
21175 -4412.7 -5283
21176 -4504.8 -6093.7
21177 -4402.3 -6093.3
21178 -4501.6 -6296.8
21179 -5021 -5488.4
21180 4486.5 3080.6
21181 -4587.6 -6297.2
21182 -4400.2 -6295.6
21183 -4499 -6498.1
21184 -4550.9 -6499
21185 -4396.9 -6498.2
21186 -4495.4 -6700.9
21187 -4492.9 -6904.4
21188 -4648.7 -6710.8
21189 -4394.3 -6699.9
21190 -4489.5 -7106
21191 4485 3201
21192 -4391.2 -6903.2
21193 -4486 -7308.5
21194 -4388.6 -7104.9
21195 -4483 -7510.8
21196 -4385 -7307.8
21197 -4686.5 -7512
21198 -4381.9 -7510.2
21199 -4503.8 -10896.6
21200 -4436.7 -10917.9
21201 -4523.7 -10969.3
21202 4447.3 3080.2
21203 -4505.6 -10818.1
21204 -4410.4 -11200.6
21205 -4491.6 -11101.4
21206 -4571.9 -11398.1
21207 -4587.4 -11173.6
21208 -4481.1 -11640.9
21209 -4477.4 -11845
21210 -4559.9 -11642.3
21211 -4400.1 -11652.8
21212 -4520.4 -11927.9
21213 4528.8 3081.1
21214 -4594.6 -11928.3
21215 -4530.4 -4268.2
21216 -4730 -4270
21217 -4424.3 -4267.2
21218 -4589.6 1391.3
21219 -4488.1 1392.5
21220 -4441.9 -10401
21221 -4438 -10749.4
21222 -4343.8 -10399.6
21223 -4535.9 -10750.9
21224 5031.5 2290.8
21225 -4664.5 3417.5
21226 -4662.8 3316.9
21227 -4696.7 3417.3
21228 -4522.2 3418.7
21229 -4661.1 3214.1
21230 -4711.3 3213.7
21231 -4518.6 3215.3
21232 -4707.9 3112.2
21233 -4473.4 -8320.8
21234 -4675.7 -8322.6
21235 4643.4 673.9
21236 -9869 -7700
21237 2198.4 11595.8
21238 2200.9 11365.9
21239 2273.4 11596.7
21240 2212.3 8130.5
21241 2215.6 7929.5
21242 2205.6 8535.4
21243 2305.9 8536.8
21244 2176.3 10148.9
21245 2179.1 9946.9
21246 4773 827
21247 2075 10147.7
21248 2167.4 10755.8
21249 2066 10754.6
21250 2149.1 7721.8
21251 2226.8 7494.3
21252 4811.9 -2963.5
21253 4678.2 -2964.9
21254 4945.9 -2962.1
21255 4814.3 -3163.1
21256 4809.5 -2758
21257 4760 2290.6
21258 5214.9 -2958.7
21259 5080.6 -2960.4
21260 5212.6 -2753.8
21261 5217.5 -3157.8
21262 5332.1 -2752.5
21263 5753.1 -2952.3
21264 5484.9 -2861.2
21265 5887.5 -2950.7
21266 5738 -3051.3
21267 5774.5 -2825.7
21268 4899.8 2292.4
21269 6057.4 -2948.7
21270 5887.8 -3049.6
21271 6078.7 -2948.5
21272 6056 -2822.7
21273 6302.3 -2939.2
21274 6090.1 -3047.2
21275 6431.8 -2932.6
21276 6466.1 -3044.9
21277 6497.9 -2985.6
21278 6647.1 -2982.7
21279 4761.5 2104.6
21280 6425 -2826.4
21281 6794 -2981.3
21282 6667.7 -3035.4
21283 6733 -2839.2
21284 1263.5 -17658.2
21285 1222.7 -17751.8
21286 1304.2 -17565
21287 8237.9 -13333.1
21288 8429.9 -13332
21289 8044.3 -13336.1
21290 -4889 -5889.7
21291 -7648.7 10276.6
21292 8236.8 -13233.2
21293 8430.9 -13433.7
21294 8428.8 -13231.2
21295 6715.4 -13353.4
21296 6716 -13454.2
21297 6011.5 -13363.2
21298 6010.2 -13261.1
21299 6211.5 -13360.3
21300 6212.6 -13460.9
21301 6413.9 -13357.1
21302 -7547.7 10277.9
21303 6412.5 -13254.9
21304 6415.1 -13458
21305 9341.9 -13324
21306 9466.7 -13322.2
21307 9343.3 -13423.8
21308 9465.7 -13220.1
21309 9644.5 -13320.2
21310 9642.6 -13218.2
21311 7420.5 -13344.2
21312 7421.3 -13445.5
21313 -7850 10274.6
21314 7318.9 -13244.4
21315 1426.4 6911.6
21316 1432.8 6709.9
21317 1325.5 6910.7
21318 1527.8 6912.5
21319 1421.3 7114.1
21320 1490.4 7115
21321 1320.1 7314.1
21322 1269.1 19185.3
21323 1271.5 19383.7
21324 -7647.1 10174.2
21325 1116.2 19187.7
21326 1367.2 19178.2
21327 1168.2 19385.3
21328 1374.5 19382
21329 1275.2 16923.8
21330 1276.6 16824.7
21331 1273.7 17028.7
21332 1173.3 17028.2
21333 1266.2 17635
21334 1217.6 17634.2
21335 -7650.8 10378.2
21336 1364.3 17636.7
21337 1268.3 17431.9
21338 1391.1 9129.3
21339 1383.7 9530.8
21340 1490.3 9130.6
21341 1364.2 10746.2
21342 1262.6 10745
21343 1361.5 10949.6
21344 1260.3 10948.6
21345 1460.9 10950.7
21346 2.1 8719.7
21347 1356.2 11354.2
21348 1358.8 11152.7
21349 1255.7 11352.9
21350 1457.1 11355.5
21351 1353.6 11555.9
21352 1380.7 11556.1
21353 1328.2 6708.8
21354 1530.6 6710.9
21355 1444.2 6304.3
21356 1394.8 8927.2
21357 123.8 8714
21358 1294.8 8925.6
21359 -4184 -10321.9
21360 1140 -2589.7
21361 1205.8 -2597.3
21362 1038.5 -2589.9
21363 -7408.8 7997.8
21364 -7511 7996.3
21365 -7308.1 7999.3
21366 -7413.1 8237.8
21367 -7311.9 8211.7
21368 38.7 8692.4
21369 -7515.3 8264.2
21370 -7417 8452.5
21371 -7518.3 8451.4
21372 -7316.1 8453.7
21373 -7420.6 8655.1
21374 -7423.9 8858
21375 -7427.2 9061.2
21376 -7524.8 8856.7
21377 -7323.1 8859.2
21378 -7430.5 9263.7
21379 -33.2 8712.6
21380 -7327.3 9062.5
21381 -7433.8 9467.4
21382 -7531.3 9262.5
21383 -7330.5 9265
21384 -7534.6 9466.6
21385 -7333.7 9468.3
21386 -7437.2 9669.6
21387 -7440.7 9872
21388 -7336.7 9670.6
21389 -7444.1 10074.5
21390 489.8 8716.8
21391 -7541.1 9871
21392 -7339.7 9873
21393 -7447.6 10278.5
21394 -7544.4 10073.5
21395 -7344.1 10076.4
21396 -7559.8 15011.5
21397 -7557.1 15112.8
21398 -7565.1 14806.2
21399 -7661.1 15011.6
21400 -7459.5 15011.3
21401 -8984.8 15162.6
21402 492.1 8591.2
21403 -7554.5 15212.6
21404 -7450.2 15212.2
21405 -7550.5 15364.5
21406 -7656.1 15212.9
21407 -7467 15558.1
21408 -7375.8 15527.2
21409 -7559.9 15589.7
21410 -7400 15758.7
21411 -7483.8 15818
21412 -7316.3 15700.4
21413 488.1 8807
21414 -7592.7 13620.5
21415 -7590.1 13721.4
21416 -7587.9 13810.4
21417 -7389.1 13722.8
21418 -7581.6 14059.4
21419 -7688.3 13812.3
21420 -7487.2 13810.1
21421 -7578.1 14211.5
21422 -7681.6 14096.4
21423 -7482.6 14023.6
21424 389 8715.9
21425 -7678.9 14214.3
21426 -7478.1 14209.4
21427 -7573.5 14408.5
21428 -7568.3 14583.2
21429 -7669.6 14610.8
21430 -7470.8 14507.4
21431 -7452.7 10480.8
21432 -7454.5 10582.5
21433 -7652.9 10479.3
21434 -7456.3 10684.3
21435 548.6 8717.1
21436 -7654.9 10580.9
21437 -7458.1 10786.1
21438 -7253.4 10685.9
21439 -7459.9 10888.1
21440 -7659.1 10784.7
21441 -7256.1 10787.7
21442 -7461.6 10989
21443 -7259 10990.1
21444 -7260.9 11092.2
21445 -7465.3 11192.8
21446 497.2 8313
21447 -7264.8 11294.5
21448 -7469 11394.2
21449 -7470.8 11495.6
21450 -7268.8 11497.6
21451 -7472.7 11595.8
21452 -7674.7 11594.2
21453 -7474.5 11695.9
21454 -7272.7 11697.3
21455 -7476.3 11795.2
21456 -7678.5 11793.4
21457 395.6 8311.6
21458 -7478.2 11898.7
21459 -7481.5 12103.1
21460 -7579.7 11897.9
21461 -7377.6 11899.5
21462 -7582.9 12102.3
21463 -7380.7 12103.9
21464 -7484.7 12304.8
21465 -7488 12508.1
21466 -7586.2 12303.9
21467 -7383.8 12305.8
21468 547.9 8313.3
21469 -7386.9 12508.9
21470 -7390 12711.3
21471 -7494.3 12917.9
21472 -7596 12917.1
21473 -7393.1 12918.8
21474 -7497.4 13116
21475 -7599.2 13115.1
21476 -7396.2 13116.9
21477 -7498.9 13216.8
21478 -7296.7 13218.8
21479 498.2 8247.6
21480 -7502.6 13419.5
21481 -7299.7 13421.9
21482 -7533.6 16022.5
21483 -7529 16255
21484 -7595.4 16023.2
21485 -7433.3 16021.4
21486 -7478.7 16271.2
21487 -7630.9 16222.2
21488 6145.6 -17311.5
21489 6069.6 -17311.9
21490 2985.2 3895.9
21491 6171.3 -17336.9
21492 6169.7 -17284.7
21493 6195.8 -17311.3
21494 6270.7 -17309.5
21495 6172.7 -17512.2
21496 1425.5 -1168.6
21497 1320.7 -1068.3
21498 1425.7 -1223.9
21499 -12817.6 14756.9
21500 -12815.6 14857.8
21501 2987.5 3753.1
21502 -12817.7 14656.1
21503 -13020.3 14754.9
21504 -13019.1 14854.5
21505 -13021.6 14654.8
21506 2770.9 5990.3
21507 2870.1 6049.3
21508 2742.1 5960.4
21509 11872.4 -13473.8
21510 -6170.8 4637.5
21511 -6385.6 4635.5
21512 -8611.4 15127.6
21513 2982.7 4048.8
21514 -6173.3 4763.7
21515 -6170.2 4588.6
21516 -5969.8 4764.1
21517 -6176.3 4887.6
21518 -6390.5 4886.3
21519 -6178.3 5014
21520 -6077.7 5014.4
21521 -6182.4 5214.8
21522 -6195.4 6241.5
21523 -6196.7 6341.5
21524 2888 3894.5
21525 -6092 6241.7
21526 -6301.5 6240.8
21527 -6197.9 6442.8
21528 -5990.6 6342.4
21529 -6199.1 6543.4
21530 -6315.9 6441.7
21531 -6092.4 6544.5
21532 -6200.3 6643.2
21533 -6202.8 6844.2
21534 -6094.8 6643.9
21535 2971 4941.1
21536 -6205.2 7046
21537 -6305 6843.4
21538 -6099.2 6844.9
21539 -6176.4 7046.2
21540 -6278 7045.4
21541 -6392.9 15537.1
21542 -6669.5 15535.5
21543 -6493.2 15642.4
21544 -6213 7929.3
21545 -6295.3 7951
21546 3117.2 4816.9
21547 -6193.4 7924.6
21548 -6100.5 7046.8
21549 -6183.6 7451.3
21550 -6284.9 7450.3
21551 -6081.6 7452.3
21552 -6156.9 7915.3
21553 -6195.2 8064.1
21554 -6197.7 8263
21555 -6096.3 8263.8
21556 -6200.3 8464.5
21557 2969 5058.3
21558 -6302.5 8463.7
21559 -6098.6 8465.4
21560 -6204.8 8773.1
21561 -6206.8 8872.6
21562 -6001.7 8775.6
21563 -6208.5 8975.1
21564 -6308.1 8870.7
21565 -6412.7 8973.1
21566 -6210.3 9073.9
21567 -6212.1 9174
21568 2874.5 5028.5
21569 -6006.9 9076.3
21570 -6416.1 9171.8
21571 -6213.9 9276.4
21572 -6215.5 9377.7
21573 -6010.8 9277.9
21574 -6419.7 9375.9
21575 -6217.6 9478
21576 -6219.6 9579.1
21577 -6421.4 9476.3
21578 -6015.2 9479.8
21579 2875.6 4940.2
21580 -6221.6 9679.7
21581 -6423.5 9577.2
21582 -6019 9681.6
21583 -6223.5 9782.3
21584 -6427.6 9780.6
21585 -6225 9883.2
21586 -6227.5 9984.2
21587 -6024.6 9986.3
21588 -6229.4 10085.3
21589 -6026.4 10087.3
21590 3119.2 4941.9
21591 -6231.4 10186.5
21592 -6434.1 10185.8
21593 -6233.7 10288.5
21594 -6235.9 10390
21595 -6032 10392
21596 -6237.4 10490.3
21597 -6439.1 10488.6
21598 -6033.5 10492
21599 -6238.9 10592.3
21600 -6440.9 10590.7
21601 2971.4 4818.3
21602 -6240.5 10694.2
21603 -6241.9 10794.8
21604 -6036.5 10695.8
21605 -6243.5 10896.6
21606 -6038 10795.4
21607 -6446.2 10895.3
21608 -6245 10997.4
21609 -6246.5 11098.5
21610 -6041.1 11001.8
21611 -6248.1 11201
21612 2932.9 7132.3
21613 -6249.7 11301.7
21614 -6451.4 11199.6
21615 -6045.6 11303.2
21616 -6251.2 11403.9
21617 -6252.8 11504.8
21618 -6454.8 11410
21619 -6254.4 11605.4
21620 -6048.7 11506.3
21621 -6255.9 11704.2
21622 -6458.1 11608.7
21623 -8264.8 15133.5
21624 2927.7 7454.3
21625 -6257.3 11804.3
21626 -6051.6 11705.8
21627 -6461.4 11807.3
21628 -6258.9 11908.5
21629 -6260.4 12011.5
21630 -6464.7 12009
21631 -6261.9 12112.6
21632 -6263.4 12214.1
21633 -6057.7 12114.3
21634 -6468 12213.4
21635 2934.7 7023
21636 -6264.8 12315.2
21637 -6266.3 12416.1
21638 -6060.8 12316.7
21639 -6267.8 12517.2
21640 -6471.3 12415
21641 -6063.8 12518
21642 -6269.3 12619.1
21643 -6474.5 12617
21644 -6272.6 12822.2
21645 -6276 12928.4
21646 3100.3 7134.2
21647 -6479.9 12927.3
21648 -6070 12929.6
21649 -6279.6 13029.8
21650 -6481.8 13029.4
21651 -6299.5 14637.2
21652 -6161.1 14742
21653 -6372.7 14708
21654 -6177.5 14513.8
21655 -6120.3 14793.1
21656 -6288.3 14243.9
21657 2832.1 7130.5
21658 -6494.5 14241.7
21659 -6081.6 14244.2
21660 -6290.4 14343.4
21661 -6292.5 14441.8
21662 -6252.5 14466.5
21663 -6334.3 14415.1
21664 -6159 4032
21665 -6166.4 4396.3
21666 -6260.7 4031.6
21667 -6057.5 4032.4
21668 1640.6 7380
21669 -6267.9 4404.2
21670 -5020.2 2907.8
21671 -5120.5 2883.3
21672 -5120.8 2906.8
21673 -5932.4 2776.9
21674 -6495.6 2872.5
21675 -6614.7 2872
21676 -4107.4 2919.1
21677 -4109.6 3016.7
21678 -4106.5 2869.4
21679 1703.6 7116.3
21680 -4309.8 2917.7
21681 -4308.7 2818.6
21682 -42.7 3047.1
21683 -447.8 2942.8
21684 -251.6 2942.6
21685 -2080 2833.8
21686 -2887.5 2826.8
21687 -3029.5 2926.8
21688 -3294.7 2923.6
21689 -3293.4 2823.3
21690 1735.8 7431
21691 -3497.3 2921.1
21692 -3496.1 2845.1
21693 362.6 2966.9
21694 160.8 2900.3
21695 361.8 3052.8
21696 159.9 2965
21697 158.8 3049.9
21698 1783 2969.9
21699 1581.1 2967.7
21700 1783.4 2948.2
21701 1721 7231
21702 1781.8 3063.6
21703 1582.5 2875.6
21704 2061 2951.9
21705 1910 2950.2
21706 2186.8 2954.2
21707 2063.7 2842.8
21708 1912 2841
21709 1784.5 2877.3
21710 8108.6 -10403.9
21711 8199.5 -10403
21712 1597.8 7459.1
21713 8197.2 -10201.2
21714 8300.4 -10402.1
21715 8302.9 -10603.4
21716 8402.8 -10401.1
21717 8400.7 -10199.2
21718 8504.6 -10400.1
21719 8506.7 -10601.4
21720 8605.5 -10399.2
21721 8603.6 -10197.1
21722 8706.9 -10398.2
21723 3271.3 2804.4
21724 8708.7 -10599.5
21725 8808.1 -10397.3
21726 8806.3 -10194.9
21727 8910.3 -10396.3
21728 8908.3 -10193.9
21729 9010.9 -10395.3
21730 9012.9 -10596.7
21731 9112.6 -10394.4
21732 9110.5 -10191.9
21733 9213.4 -10393.4
21734 -7129.1 14285.7
21735 3272.8 2724.5
21736 9215.1 -10594.8
21737 9314.9 -10392.6
21738 9313.3 -10189.9
21739 9416.4 -10392.2
21740 9418.1 -10592.9
21741 9518.2 -10391.3
21742 9516.4 -10187.8
21743 9619.4 -10389.7
21744 9617.8 -10186.8
21745 9720.1 -10388.5
21746 3392.3 2805.7
21747 9721.5 -10589.9
21748 9819.4 -10184.8
21749 10022.3 -10385.1
21750 10146 -10384
21751 10147.3 -10584.7
21752 10267.2 -10382.6
21753 10265.5 -10180.2
21754 7187 -10410.8
21755 7287.9 -10409.7
21756 7189.3 -10613
21757 3664.5 1213.4
21758 7389.5 -10408.6
21759 7286 -10207.1
21760 7492.5 -10411.7
21761 7526.5 -10378
21762 7391.5 -10611.5
21763 4765.8 -10441.3
21764 4765.5 -10238.2
21765 4900.7 -10439.1
21766 4902 -10640.6
21767 5034.3 -10437
21768 3668.2 994.4
21769 5168 -10434.9
21770 5032.4 -10234.6
21771 5303.3 -10432.8
21772 5170.1 -10636.6
21773 5436.4 -10430.7
21774 5301.2 -10230.4
21775 5567.8 -10428.6
21776 5438.4 -10632.6
21777 5671.2 -10427
21778 5565.8 -10225
21779 3662.1 1343.7
21780 5771.9 -10425.4
21781 5673.4 -10628.9
21782 5872.8 -10423.8
21783 5769.4 -10221.9
21784 5973.6 -10422.2
21785 5875.1 -10625.8
21786 6073.5 -10420.6
21787 5971.2 -10218.7
21788 6175.5 -10419
21789 6076.1 -10622.7
21790 3579.7 1212.2
21791 6275.8 -10417.5
21792 6173 -10215.6
21793 6378.2 -10415.8
21794 6278.3 -10619.6
21795 6376 -10212.4
21796 6481.5 -10415
21797 6478.5 -10211.7
21798 6582.7 -10414.1
21799 6585.1 -10617.1
21800 6681.5 -10413.3
21801 3720.7 1214.9
21802 6783.4 -10413
21803 6883.9 -10412.6
21804 6786.3 -10615.8
21805 6882.1 -10209
21806 6985.4 -10412.2
21807 6987.4 -10614.5
21808 6982.5 -10209
21809 10389.5 -10381.5
21810 10390.9 -10581.7
21811 10512 -10379.6
21812 1876.1 5902.4
21813 10517.1 -10274.9
21814 10623 -10377.3
21815 10597.4 -10378.3
21816 10552.1 -10290.3
21817 10729.9 -10292.8
21818 10839.3 -10429.7
21819 10660.5 -10203.7
21820 10841.2 -10204.6
21821 11001.1 -10404.8
21822 10682.2 -10003.1
21823 1743.7 5905.6
21824 1905.7 15580
21825 1903.6 15712.8
21826 1901.9 15814.7
21827 1756.1 15712.1
21828 1900.1 15918.3
21829 1806 15917.4
21830 1898.4 16021.3
21831 2004.3 16022.6
21832 1911.4 8126.5
21833 1906.9 8331
21834 1835.6 5939.2
21835 2005.1 8532.8
21836 1892.1 16425
21837 1889.8 16627.9
21838 1997.8 16425.7
21839 1788.4 16627.3
21840 1877.9 17077.8
21841 1777.2 17077.4
21842 1958.1 11362.5
21843 1857.8 11361.1
21844 1855 11591.9
21845 -6982.6 14172.8
21846 -103.5 7635.3
21847 1993.8 9137.4
21848 1990.4 9337.7
21849 1889.9 9136.1
21850 2093.8 9138.8
21851 1887.7 9336.6
21852 5379.8 -5375.1
21853 5382.4 -5576.8
21854 5515.4 -5373
21855 5245.3 -5377.3
21856 5383.9 -5687.6
21857 -100.5 7745
21858 5517.7 -5574.9
21859 5247.7 -5579.1
21860 5385.3 -5781
21861 5519 -5685.5
21862 5387.7 -5982.1
21863 5522.3 -5979.7
21864 5252.2 -5983.9
21865 5389.3 -6184.8
21866 5524.6 -6182.9
21867 5254.4 -6186.7
21868 -305.7 7804.1
21869 5391.4 -6386.8
21870 5526.9 -6384.7
21871 5256.6 -6389
21872 5394.3 -6590.4
21873 5529.2 -6588.5
21874 5258.7 -6592.4
21875 5395.3 -6792.3
21876 5531.5 -6790.3
21877 5261.5 -6794.4
21878 5400.2 -6994.5
21879 -167.1 7574.9
21880 5532.9 -6992.5
21881 5264.2 -6996.4
21882 5402.5 -7399.4
21883 5483 -7397.8
21884 5525.5 -14889.6
21885 5423.7 -14889.9
21886 5527.7 -15091.3
21887 5628.6 -15090.1
21888 5426.2 -15092.8
21889 5529.4 -15292.7
21890 36.7 7508.3
21891 5630.9 -15291.9
21892 5428.7 -15294.8
21893 5532.1 -15496.5
21894 5634.3 -15495.2
21895 5431.2 -15497.8
21896 5535.9 -15698.8
21897 5636.8 -15697.5
21898 5433.6 -15700.1
21899 5537.9 -15900.6
21900 5437 -15902.4
21901 -302.4 7586.3
21902 5639.7 -15900.1
21903 5541 -16104.2
21904 5641.9 -16103
21905 5439.9 -16105.4
21906 5543.6 -16306.9
21907 5644.6 -16305.6
21908 5442 -16308.2
21909 5445 -16510.5
21910 5265 -1141.2
21911 5370 -1747.8
21912 -301.8 7535.1
21913 5266.6 -1343.6
21914 5347.8 -1748
21915 5439 -1746.9
21916 5329.4 -2556.3
21917 5220.1 -3358.6
21918 5222.7 -3559.2
21919 5225.2 -3760.7
21920 5227.8 -3962.6
21921 5230.4 -4163.9
21922 5233.1 -4365.8
21923 -461.1 7944.3
21924 5234.7 -4568
21925 5238.8 -4770.3
21926 5240.7 -4972.7
21927 5470.8 -18734.1
21928 5472.6 -18834.6
21929 5376.4 -18735.1
21930 5474.3 -18934.9
21931 5379 -18936.3
21932 5380 -19037.8
21933 5350.2 -2152.3
21934 -639.5 8091.9
21935 5355.5 -2355.2
21936 5357.8 -2556.1
21937 5275 -2355.9
21938 5507.6 -13471.4
21939 5608.7 -13470.2
21940 5408.2 -13472.9
21941 5404.5 -13200.3
21942 5510.2 -13674.1
21943 5611.5 -13672.7
21944 5410.3 -13675.6
21945 -403.4 7896.2
21946 5412.5 -13878.5
21947 5518.8 -14282.2
21948 5568 -14281.8
21949 5520.5 -14484.5
21950 5570.5 -14483.7
21951 5419.5 -14485.9
21952 5421.9 -14687.8
21953 5308.8 965.9
21954 5310 832.8
21955 5269.8 -1748.8
21956 2281 5291.3
21957 -5748.9 13371.6
21958 -299.2 7340.1
21959 5273.3 -2153.1
21960 5321.2 -126.5
21961 5325.7 -533.4
21962 5391.9 -15
21963 5184.4 -128.2
21964 5421.8 -127
21965 5415.6 -8408.1
21966 5281.2 -8410.4
21967 5417.7 -8609.4
21968 5550.8 -8607.1
21969 -299 7293.1
21970 5283.5 -8611.8
21971 5418.7 -8710.1
21972 5419.7 -8811.6
21973 5286.6 -8814
21974 5420.8 -8914.6
21975 5553.5 -8912.4
21976 5421.8 -9012.5
21977 5288.2 -9015.1
21978 5554.4 -9010.3
21979 5423.9 -9216.6
21980 -199.5 7341.6
21981 5556.2 -9214.3
21982 5426 -9418.6
21983 5557.9 -9416.3
21984 5292.6 -9420.9
21985 5428.1 -9620.9
21986 5294.8 -9623.1
21987 5430.1 -9824
21988 5561.8 -9821.7
21989 5297.1 -9826.2
21990 5432.2 -10025.7
21991 -300.4 7442.3
21992 5299.1 -10027.6
21993 5563.8 -10024
21994 5434.3 -10227.7
21995 5445.8 -11241
21996 5576.6 -11239.3
21997 5311.1 -11242.8
21998 5449.4 -11444.2
21999 5581.2 -11442.1
22000 5314.9 -11446.4
22001 5452.1 -11647.6
22002 525.7 6090.2
22003 5318.2 -11649.2
22004 5454.7 -11850.1
22005 5587.3 -11848.3
22006 5457.3 -12051.5
22007 5459.3 -12459.4
22008 5596 -12457.5
22009 5463.5 -12559.4
22010 5465.5 -12660.2
22011 5598.5 -12659.3
22012 5466.5 -12762.4
22013 523.7 6187.9
22014 5331.1 -12662.7
22015 5468.1 -12863.9
22016 5332 -12763.3
22017 5600.9 -12862.1
22018 5333.6 -12867.3
22019 5469 -12964.8
22020 5335.3 -12968.9
22021 5470.6 -13065.8
22022 5603.3 -13064.1
22023 5599.8 -22089.1
22024 626 6091.1
22025 5494.2 -22088
22026 5560.9 -17519.6
22027 5565.9 -17871.1
22028 5661.8 -17517
22029 5459.8 -17521.2
22030 5566.7 -17926.2
22031 5666.6 -17873.4
22032 5464.6 -17873.9
22033 5666.7 -17925.4
22034 5465 -17926.9
22035 526.9 5988.1
22036 5536.7 -18372.9
22037 5644.5 -18378.1
22038 5372.3 -18382.4
22039 5569.7 -21654.9
22040 5436.2 -21452.7
22041 5792.3 -21653.4
22042 5518 -21654.8
22043 -9181.3 -5139.8
22044 -9282.8 -5141.3
22045 -8979.7 -5136.7
22046 528.2 5887.1
22047 -9181.1 -5337.5
22048 -9280.9 -5338.6
22049 -9079.6 -5336.6
22050 -9178.5 -5538.8
22051 -9279.8 -5539.9
22052 -9076.9 -5537.3
22053 -9176.2 -5740.3
22054 -9277.4 -5741.4
22055 -9075 -5739.4
22056 -9173.7 -5956.3
22057 529.4 5785.7
22058 -9274.9 -5958
22059 -9071.5 -5954.5
22060 -9174.2 -5903.2
22061 -9169.9 -6155.6
22062 -9271.6 -6156.5
22063 -9068.6 -6154.5
22064 -9166.1 -6359.5
22065 -9267.8 -6360.7
22066 -9064.8 -6358.2
22067 -9162.2 -6563.1
22068 -5084.3 12899.2
22069 629.3 5888.6
22070 -9263.3 -6564.4
22071 -9060.7 -6561.7
22072 -9158.4 -6766.8
22073 -9258.6 -6768.1
22074 -9056.7 -6765.5
22075 3933.9 -8360.6
22076 3932.3 -8229
22077 3731.5 -8232.3
22078 2306.7 2000.4
22079 2561.1 1461.8
22080 326.3 5884.1
22081 2564.4 1260.6
22082 2674.5 1463.1
22083 2461.8 1460.6
22084 2472.5 1259.5
22085 2616.3 1261.3
22086 2549.5 1108.8
22087 2551.4 954.8
22088 2481.6 1108
22089 2618.3 1109.7
22090 2483.5 954.1
22091 1322.5 7112.2
22092 2620.5 955.6
22093 -6202 -7535.9
22094 -6200.1 -7635.1
22095 -6403.6 -7539.7
22096 -6100.4 -7534
22097 -6198.3 -7737.6
22098 -6401.9 -7639
22099 -6196.4 -7839.3
22100 -6096.9 -7736.2
22101 -6400.7 -7739.8
22102 1324 7028
22103 -6194.6 -7936.5
22104 -6396.7 -7939.7
22105 -6241.5 -5297.7
22106 -6342.6 -5298
22107 -6139.3 -5297.8
22108 -6238.4 -5500.3
22109 -6237.5 -5584.8
22110 -6339.8 -5520.5
22111 -6137.9 -5481.2
22112 -6136.7 -5583.6
22113 1221.7 7110.7
22114 -6236.1 -5706.9
22115 -6337.8 -5708
22116 -6135.2 -5705.7
22117 -6269.8 2775
22118 -279.1 13246.3
22119 -379.6 13245.6
22120 -582.7 13244.3
22121 -784.8 13243.1
22122 -584.6 13360.8
22123 -581.2 13147.5
22124 1198.5 8723.7
22125 -783.4 13146.6
22126 -1050.2 13242.4
22127 -982.3 13145.8
22128 -3217.7 13248
22129 -3219 13350.2
22130 -3723.3 13261.6
22131 -3823.3 13262.3
22132 -3728.4 13549.4
22133 -3879.8 13268.2
22134 -3821.2 13088.9
22135 1156.8 8766.3
22136 -3924.5 13223.2
22137 -3824.1 13330.2
22138 -7094 13220.9
22139 -7095.2 13322.4
22140 -7092.5 13119.7
22141 -6890.9 13222.9
22142 -7298.2 13320.6
22143 -7295.2 13117.9
22144 -7802.3 13199.6
22145 -7903.9 13198.8
22146 1297.8 8724.3
22147 -7797.5 12906.9
22148 -8005.9 13197.9
22149 -7898.5 12906
22150 -8102.4 13197.2
22151 -8000.4 12905
22152 -8208.7 13195.6
22153 -8098.2 13299.8
22154 -8101.9 12904
22155 -8203.5 12903
22156 -8309.2 13194.9
22157 702.6 8718.2
22158 -8410.6 13193.4
22159 -8305.6 12902.1
22160 -8497 13192.9
22161 -8405.7 12901.1
22162 -1283.2 13143.8
22163 23.9 13264.3
22164 158.9 13164.8
22165 22.2 13364
22166 -1392.2 13143.7
22167 -1596.3 13241.7
22168 1280.3 8644.6
22169 -1598 13358.3
22170 -1798 13241.4
22171 -1799.7 13357.7
22172 -2001.4 13241
22173 -2003.2 13357
22174 -2000 13143.3
22175 -2204 13240.7
22176 -2202.4 13143.2
22177 -2407 13240.3
22178 -2408.8 13355.8
22179 -4855.7 12708.5
22180 -1535.2 8705.5
22181 -2405.6 13147.7
22182 -2021.5 14775.4
22183 -2121.5 14774.8
22184 -2019.7 14571.9
22185 -2022.9 14957.9
22186 -2221.8 14774.2
22187 -2119 14571.4
22188 -2323.5 14773.6
22189 -2224.5 14980
22190 -2424.8 14772.9
22191 -1729.4 8704.1
22192 -2321.3 14570.4
22193 -2524.6 14772.3
22194 -2422.5 14569.9
22195 -2427.2 14977.5
22196 -2623.1 14569
22197 -10978.3 14690.1
22198 -10976.7 14790.9
22199 -10980 14589.7
22200 -11184.4 14684.6
22201 -11389.1 14680
22202 -1379.6 8706.6
22203 -11182.7 14785.7
22204 -11186.1 14584.6
22205 -11586.2 14675.4
22206 -11387.6 14780.9
22207 -11390.6 14579.4
22208 -11580.9 14725.2
22209 -11589.6 14643.6
22210 -9775.2 14815.4
22211 -9871.1 14815.5
22212 -9772.7 14922.8
22213 -1533.9 8597.5
22214 -9776.2 14764
22215 -9967.3 14815.7
22216 -10062.4 14815.9
22217 -9963.9 14980.1
22218 -9970.1 14677.4
22219 -10059.1 15008.1
22220 -10159.9 14816.1
22221 -10161.2 14764.9
22222 -10162.5 14680.6
22223 -10163.8 14596.2
22224 -1536.6 8810.8
22225 -10064.8 14677.4
22226 -10270.7 14643.3
22227 -10365.2 14614.6
22228 -9372.5 14763.8
22229 -9472.1 14763.6
22230 -9377 14804.7
22231 -9376.7 14592.5
22232 -9555.3 14764
22233 -9475.6 14834.9
22234 -9477 14591.7
22235 -318.8 8709.4
22236 -9556.9 14677.7
22237 -9662.9 14763.7
22238 -9554.1 14858.2
22239 -9777.9 14677.6
22240 -10570.2 14700.9
22241 -10569.1 14736
22242 -10673.8 14697.4
22243 -10571.6 14662.9
22244 -10676.2 14495.5
22245 -10776.2 14694.9
22246 -118.4 8711.8
22247 -10777.7 14493.1
22248 -11575.5 14776
22249 -12291.5 14723.4
22250 -12288.2 14955.6
22251 -12292.6 14632.5
22252 -12606.8 14720.3
22253 -10404.1 14650.2
22254 -10364.7 14708.3
22255 -10574.2 14585.9
22256 -7768.3 14707.1
22257 -320.2 8794
22258 -7997.1 14814.6
22259 -8110.4 14815.3
22260 -8001.1 14613.6
22261 -8217.1 14816
22262 -8105.5 14998.4
22263 -8114.4 14614.5
22264 -8346.7 14816.8
22265 -8214.9 14916.3
22266 -8221.4 14615.3
22267 -8367.2 14816.9
22268 -317.4 8619.1
22269 -8351.7 14616.3
22270 -8467.8 14817.5
22271 -8365.1 14917.4
22272 -8568.2 14818.2
22273 -8472.5 14617.2
22274 -8572.9 14618
22275 -8563.2 15018.4
22276 -8668.6 14818.1
22277 -8674.4 14529.6
22278 -8769.6 14818
22279 -420.4 8708.7
22280 -8765.1 15017.8
22281 -8775.1 14574
22282 -8869.2 14817.9
22283 -8970.4 14817.8
22284 -8864.6 15018.1
22285 -8873.9 14618.4
22286 -8967.9 14932
22287 -8973.7 14662.7
22288 -5600.9 14753.6
22289 -5746.4 14751.7
22290 -4846.4 12676.8
22291 -4936.2 -6927.5
22292 -5280.5 14756.7
22293 -5603 14870.3
22294 -5882.2 14749.5
22295 -5745.1 14636.3
22296 -5853.7 14635.4
22297 -5878.1 14868
22298 737.7 14384.4
22299 5.9 14777.2
22300 -103.4 14712.9
22301 0.1 14680
22302 -4905.8 -6864.1
22303 -510.8 14775.7
22304 -406.4 14775.5
22305 -513.3 14981.2
22306 -611.3 14775.7
22307 -602.1 14573
22308 -811.1 14776.1
22309 -812.8 14878.1
22310 -809.3 14675
22311 -1012.5 14776
22312 -688.5 14775.7
22313 -4970.9 -9084.4
22314 -1014.2 14877.5
22315 -1010.8 14675.6
22316 -1215.1 14775.9
22317 -1416.1 14775.8
22318 -1216.8 14877.4
22319 -1213.5 14674.8
22320 -1622.1 14775.7
22321 -1417.6 14877.9
22322 -1414.6 14675.1
22323 -1643.8 14877.3
22324 -4968.6 -8325.1
22325 -6658.1 14805.6
22326 -6758.1 14806.5
22327 -6653.3 15007.3
22328 -6660.5 14707.3
22329 -6860.4 14806.8
22330 -6754 15007.4
22331 -6762.1 14607.7
22332 -6960.9 14807.3
22333 -6856 15007.5
22334 -6865.1 14591.5
22335 4736.3 -14063.9
22336 198.5 14885
22337 -5448.5 11809.9
22338 -5645 11808.7
22339 -5849.1 11807.5
22340 -5643.6 11708.9
22341 -6053.1 11805.5
22342 -5849.7 11858.1
22343 -6054.7 11910.2
22344 -6665.2 11805
22345 -6459.8 11707.3
22346 4697.3 -14216.9
22347 -6463.1 11906.9
22348 -6666.9 11905.2
22349 -6869.2 11800.6
22350 -6663.4 11705.2
22351 -7070.8 11798.8
22352 -7274.7 11797
22353 -7676.6 11694.5
22354 -7680.3 11897.1
22355 -7881.2 11789.7
22356 -7879.3 11693.1
22357 5032.7 -14785.4
22358 -8084.1 11788
22359 -8085.8 11893.9
22360 -8082.5 11691.7
22361 2652.8 11875.5
22362 2654.6 11774.2
22363 -3396.2 11828.5
22364 -3399.1 11931.4
22365 -8486.7 11688
22366 -8694.5 11752.9
22367 -8847 11750.1
22368 3737.8 7145.7
22369 -8849.3 11886.8
22370 -9293.7 11744.9
22371 -9292.3 11677.8
22372 -9296.4 11880.7
22373 -9093.8 11748.5
22374 -556.1 11838.6
22375 -360.5 11839.9
22376 -561 11944.6
22377 -554.5 11738.4
22378 -8249.6 11769.9
22379 3635.8 7151.2
22380 -8245.3 11892.6
22381 -8167.1 11893.2
22382 -4710.9 11780.8
22383 -877.6 -11796.6
22384 -1133.1 -11806.1
22385 -878.5 -11716.6
22386 -1134.9 -11713
22387 -524 -11798.9
22388 -523.5 -11886.6
22389 -661.2 -11801.6
22390 3736.1 7255.6
22391 -662.3 -11713.2
22392 -660.7 -11887.5
22393 -876.5 -11886.7
22394 -1365 -11831.9
22395 -1363.6 -11937.4
22396 -1448.5 -11832.5
22397 -1447.9 -11933
22398 -1449.8 -11731.2
22399 -1687.1 -11835.8
22400 -1688.2 -11735.2
22401 -4523.6 12416.1
22402 4188.6 7150.1
22403 -1685.9 -11936.5
22404 -1888.6 -11840.2
22405 -1887.3 -11938.4
22406 -1889.8 -11738.1
22407 -2698.7 -11850.9
22408 -2697.3 -11952
22409 -2700.2 -11749
22410 -2880.3 -11852.7
22411 -2899.8 -11862.6
22412 -2780.8 -11750.4
22413 4060.2 7148.9
22414 -2902 -11751.6
22415 -3103.1 -11856.3
22416 -3101.4 -11958.5
22417 -3104.7 -11754.2
22418 -3305.4 -11859.8
22419 -3303 -11960.7
22420 -3306.7 -11757.6
22421 -4674.7 -11929.6
22422 -4781.1 -11931
22423 -4651.5 -11837.3
22424 4190.6 6927.3
22425 -4860.6 -11932.1
22426 -4702.4 -11644.4
22427 -4920.2 -11933.3
22428 2377.9 10151.4
22429 2276.7 10150.2
22430 2367.3 10758.2
22431 2267 10757
22432 2370.9 10555.4
22433 2356.5 11597.7
22434 2359.9 11367.5
22435 2919.3 7937.6
22436 2284.2 11769.4
22437 2413.4 8133.1
22438 2312.1 8131.8
22439 2405.8 8538.1
22440 2365.5 7707.5
22441 2399.4 7741.4
22442 2348.8 7723.7
22443 2436.6 7638.4
22444 10520.5 -10580
22445 10533.4 -11185.9
22446 2819.2 7936.3
22447 10430.3 -10984.1
22448 10535.1 -11386.4
22449 10634.2 -11184.8
22450 10484.9 -11387
22451 10541.6 -20263.1
22452 10641.6 -20467.1
22453 10440.5 -20261.7
22454 10540.6 -20465.9
22455 10439.2 -20464.8
22456 10538.6 -20668.9
22457 2915.7 8139.7
22458 10640.4 -20670.3
22459 10537.9 -20871.2
22460 10436.5 -20870
22461 10638.9 -20872.3
22462 10535.2 -21074.1
22463 10637.3 -21075.5
22464 10433.7 -21072.8
22465 10532.6 -21278
22466 10635.3 -21279.3
22467 10531.8 -21334.3
22468 3020.3 7938.8
22469 10413.7 -21205.2
22470 10633.4 -21439.7
22471 10630.4 -13816.9
22472 10400.8 -13818.7
22473 10518.5 -14222.7
22474 10403.1 -14225.1
22475 10519.3 -14420.6
22476 10633 -14420
22477 10404 -14420.6
22478 10520.2 -14625.1
22479 2890.9 9553.4
22480 10633.9 -14625.7
22481 10405.5 -14626.1
22482 10579.3 -15226.7
22483 10579.8 -15428.3
22484 10635.6 -15025.2
22485 10137.2 -16028.3
22486 11455.7 -16040.3
22487 10497.6 -12398.7
22488 10384.3 -12399.8
22489 10500.1 -12600.1
22490 2888.6 9652.8
22491 10616.7 -12599.1
22492 10502.5 -12802.3
22493 10504.9 -13006.3
22494 10621.2 -13004.7
22495 10533.4 -11425
22496 10534.3 -11588.6
22497 10434.4 -11589.7
22498 10535.5 -11791
22499 10636 -11789.9
22500 10536.6 -11991.7
22501 3003.4 9555.4
22502 10436.8 -11992.9
22503 10510.9 -13412.2
22504 10512.7 -13614.4
22505 10626.8 -13407.2
22506 10395.7 -13413.4
22507 10628.2 -13613.1
22508 10397.8 -13615.6
22509 -12068.7 15349.5
22510 -12150.3 15347.9
22511 -11984.9 15350.9
22512 -4316.5 12255.6
22513 2893.2 9423.3
22514 1948.9 -1782.6
22515 1943 -2188.5
22516 1535.5 -1786.3
22517 1534.3 -1580.4
22518 2245.9 -1779.2
22519 1435.6 -2393.6
22520 1434.1 -2191.6
22521 1897 -2598.8
22522 2429.3 -2588
22523 2225.5 -2602.7
22524 2789.5 9551.6
22525 1437.5 -2602.9
22526 2108.3 1456.3
22527 2111.1 1254.9
22528 2209.3 1457.6
22529 2006.9 1455.1
22530 2113.7 1053
22531 2009.8 1253.6
22532 2212.4 1256.2
22533 2116.4 851
22534 2012.7 1051.7
22535 2863.4 11173.2
22536 2215.7 1054.4
22537 2119.2 649.1
22538 2015.7 849.5
22539 2218.8 852.4
22540 2222 650.1
22541 2018.6 648.2
22542 -8168 7031.1
22543 -8134.7 7031.3
22544 -8269.8 7030.4
22545 2048.5 -18564
22546 2865.2 11068.9
22547 1947.1 -18564.4
22548 2044.8 -18362
22549 1845.5 -18565.4
22550 1950.3 -18768.2
22551 1744.1 -18566.4
22552 1843.1 -18364.7
22553 1645.6 -18568
22554 1747.5 -18770.6
22555 1642.1 -18366.9
22556 981.9 -18559.5
22557 2860.3 11374.6
22558 886.8 -18518.6
22559 885.3 -18782.6
22560 1071.2 -18356.5
22561 794.5 -18478.2
22562 771.7 -18784.6
22563 976.4 -18315.8
22564 680.5 -18587.7
22565 518.6 -18576.8
22566 700.4 -18385.5
22567 661.4 -18786.6
22568 2762.6 11172.7
22569 536.8 -18457.7
22570 289.2 -18594.9
22571 205.5 -18560
22572 356.5 -18792
22573 275.1 -18555.6
22574 184.5 -18563.6
22575 280.9 -18521.4
22576 35.9 -18604.9
22577 179.5 -18274.3
22578 35.8 -18584.2
22579 3047.3 11176.3
22580 36.9 -18670.8
22581 -66.9 -18585.5
22582 -70.1 -18384.3
22583 -169.1 -18586.7
22584 -172.3 -18385.5
22585 -270.8 -18588
22586 -165.9 -18787
22587 -269.1 -18688.3
22588 -272.5 -18487.3
22589 4864.4 -18340.5
22590 3119.9 7940
22591 4765.3 -18539.1
22592 4768.8 -18742.1
22593 4760 -18240.4
22594 4664.2 -18540
22595 4667.8 -18743
22596 4660.7 -18339
22597 4565.6 -18540.8
22598 4569 -18743.9
22599 4562.3 -18339.8
22600 4467.9 -18541.6
22601 3220.8 7941.3
22602 4470.9 -18744.8
22603 4465 -18340.5
22604 4168 -18544.2
22605 4067.8 -18545
22606 4064.7 -18342.6
22607 3966.9 -18545.3
22608 3970.2 -18748.1
22609 3867 -18546.8
22610 3863.9 -18344.3
22611 3766.6 -18547.6
22612 3128.8 7457.5
22613 3769.8 -18749.6
22614 3666.5 -18546.4
22615 3664.5 -18422.8
22616 3466.4 -18545.3
22617 3561.9 -18544.6
22618 3469.4 -18751.7
22619 3409.1 -18545.7
22620 3406.9 -18425.7
22621 3365.6 -18546
22622 3265.9 -18548.9
22623 -4009.4 11994.9
22624 3029 7456.1
22625 3269 -18753.1
22626 3061.6 -18553.2
22627 3057.8 -18351.5
22628 2960.8 -18554.7
22629 2860.2 -18556.1
22630 2963.7 -18756.6
22631 2872.5 -18757.8
22632 2857 -18353.3
22633 332.9 -18434
22634 499.3 -18789.5
22635 3230.3 7458.8
22636 -224.8 8234.1
22637 -227.2 8372.4
22638 -144.4 8235.6
22639 -313.6 8371.8
22640 -145.5 8373.1
22641 -170.6 4907.4
22642 -269.6 4905.5
22643 -67.1 4909
22644 -172.5 5070.2
22645 -271.9 5068.8
22646 1004.8 7918.9
22647 -69.9 5071.7
22648 -329.3 16192.8
22649 -326.1 15996.6
22650 -431.1 16191.6
22651 -226.9 16194
22652 -332.5 16395.8
22653 -230.7 16397.3
22654 -434.2 16394.3
22655 -335.7 16597
22656 -234.4 16598.6
22657 1027.8 7919.5
22658 -340.4 17000
22659 -239.7 17001.3
22660 -338.9 16799
22661 -162.8 4460
22662 -265.3 4458.7
22663 -60.3 4461.3
22664 -165.6 4675.5
22665 -267.7 4684.3
22666 -64.5 4677.2
22667 -168.5 4788.1
22668 908.6 7916.5
22669 -269.1 4786.8
22670 -65.1 4789.4
22671 -345.8 18410.9
22672 -190.6 6686.5
22673 -289.2 6481.8
22674 -290.5 6685.4
22675 -89.2 6687.7
22676 -193.1 6889.1
22677 -91.5 6890.1
22678 -98.4 7343
22679 1012.9 7716.6
22680 -276.1 12958
22681 -278.1 13149.6
22682 -174.1 12959
22683 -378.7 13148.3
22684 -286.7 13765.2
22685 -290.6 13968.8
22686 -186.3 13766.9
22687 -390 13967.6
22688 -264 12147.4
22689 -266.7 12351.1
22690 1345 7922.2
22691 -162.9 12148.3
22692 -366.3 12350.4
22693 -269.6 12551.7
22694 -165.9 12430.7
22695 -168.7 12552.9
22696 -140.6 10529.4
22697 -243.8 10731.4
22698 -143.1 10732.2
22699 -246.5 10933.9
22700 -347.5 10932.9
22701 1436 7946.7
22702 -251.8 11337.5
22703 -151 11338.7
22704 -254.4 11539.7
22705 -249.3 11136.1
22706 -153.8 11540.8
22707 -355.9 11537.9
22708 -257.3 11741.9
22709 -156.6 11743
22710 -260.3 11945.6
22711 10738.6 -21076.8
22712 1293.5 7994.5
22713 11038.4 -21282.7
22714 11139.9 -21283.5
22715 11040.6 -21080.3
22716 11142.2 -21081.5
22717 11138.1 -21486.9
22718 11193.4 -21284
22719 11243.1 -21284.4
22720 11241.3 -21487.9
22721 11245.5 -21082.7
22722 11342.5 -21286.3
22723 1386 7847.5
22724 11442.7 -21286.9
22725 11343.9 -21083.9
22726 11441.9 -21489.8
22727 11493.8 -21287.2
22728 11444.9 -21085.1
22729 11542.3 -21287.7
22730 11542.4 -21490.8
22731 11645.1 -21287.9
22732 11745.7 -21088.1
22733 11643.6 -21491.8
22734 -3641.8 11745
22735 1307 7923.1
22736 11745 -21287.8
22737 5949.1 -21256.5
22738 6029.7 -21256.2
22739 5919.3 -21413.2
22740 5938.6 -21038.2
22741 6109.9 -21255.9
22742 6030.2 -21471.2
22743 6030.1 -21038.4
22744 6111.5 -21048.7
22745 6313.7 -21220
22746 2517.7 7932.6
22747 6318.5 -21388.6
22748 6314.2 -21050.2
22749 6546.6 -21220
22750 6551.3 -21366
22751 6546.7 -21065.7
22752 6790 -21054.8
22753 7002.9 -21446.9
22754 11946.6 -21287.1
22755 11845.3 -21285.9
22756 11945.1 -21493.1
22757 2619.2 7933.8
22758 11947.5 -21090.1
22759 2099.5 -216.8
22760 2029 -260.9
22761 2170.2 -172.4
22762 2159.1 -310.3
22763 2425.7 -16740.5
22764 2222.6 -16742.2
22765 2427.2 -16841.7
22766 2424.3 -16661
22767 2022.6 -16743.8
22768 2425.2 7931.6
22769 2224.1 -16843.7
22770 2221 -16641.6
22771 1947.9 -16744.4
22772 2021 -16845.6
22773 1925.4 -16744.6
22774 1946.3 -16708.6
22775 1713.7 -16746.9
22776 1616.3 -16748.2
22777 1660.2 -16848.6
22778 1768 -16644.5
22779 2514.1 8134.4
22780 1611.9 -16692.5
22781 1618.2 -16877.5
22782 607.8 -16632
22783 431.2 -16768.4
22784 400.6 -16927.6
22785 406.6 -16634.4
22786 189.8 -16773.6
22787 225.9 -16930.3
22788 210.9 -16638.4
22789 7.8 -16772.7
22790 2524 7575.5
22791 10.3 -16933.9
22792 5.8 -16641.7
22793 -99.1 -16770.2
22794 -200.2 -16771
22795 -95.9 -16971.1
22796 -102.3 -16567.3
22797 -301.7 -16771.7
22798 -198.5 -16871.9
22799 -204 -16567.8
22800 -389.7 -16772.4
22801 3322.2 7942.5
22802 -304.8 -16569
22803 -388 -16872.9
22804 -415.3 -16772.6
22805 -508.3 -16570.4
22806 -505.4 -16772.6
22807 -502 -16975.4
22808 -607.9 -16774
22809 -709.8 -16774.7
22810 -611.3 -16571.7
22811 -603.9 -16976.8
22812 3327.9 7539.6
22813 -706.5 -16977.2
22814 -713.1 -16572.8
22815 -808.2 -16775.4
22816 -1244.9 -16777.9
22817 -1248.9 -16576.7
22818 -1328 -16780.6
22819 -1315 -17084.4
22820 -1339.5 -16577.3
22821 -1432.4 -16780.9
22822 -1531.3 -16781.6
22823 3318.5 8144.2
22824 -1439 -16577.9
22825 -1422.6 -17090.4
22826 -1629.8 -16782.2
22827 -1521.3 -17187
22828 -1942.3 -16785.1
22829 -1626.1 -16985.3
22830 -1631.7 -16687.8
22831 -1945 -16582.7
22832 -2042.7 -16786.8
22833 -2039 -16989.8
22834 3423.3 7943.8
22835 -2046.5 -16584.1
22836 -2443.4 -16792.2
22837 -2548.5 -16793.6
22838 -2439.5 -16994.4
22839 -2447.2 -16588.8
22840 -2647.8 -16794.8
22841 -2544.6 -16995.6
22842 -2747.8 -16796.2
22843 -2644.3 -16996.8
22844 -2647.8 -16710.9
22845 -3324.6 11499.7
22846 3650.4 6332.1
22847 -2848.9 -16800.8
22848 -2744.6 -16997.9
22849 -2751.9 -16592.6
22850 -2853 -16594.2
22851 -2846.9 -16904.8
22852 -3052.7 -16807
22853 -3049.6 -16906.4
22854 -3154.4 -16808
22855 -3151.4 -17006.6
22856 -3248.9 -16809.2
22857 3751.2 6333.1
22858 -3246.6 -17001.7
22859 -3257.7 -16707.9
22860 2830 -16737
22861 2829 -16636.4
22862 2610.6 -16739.8
22863 2832.3 -16837.4
22864 2573.3 -16639.3
22865 2648 -16840.4
22866 4640.6 -16722.2
22867 4440.9 -16723.8
22868 3515.6 6330
22869 4641.8 -16823
22870 4442 -16824.6
22871 3836.7 -16728.8
22872 3840 -16930.5
22873 3737.1 -16729.6
22874 3833.5 -16526.6
22875 3740.2 -16931.4
22876 3637.9 -16730.4
22877 3536.9 -16731.2
22878 3634.8 -16528.3
22879 3524.2 6456
22880 3540 -16933.2
22881 3436.1 -16732
22882 3335.2 -16732.8
22883 3439.4 -16934
22884 3332 -16530.8
22885 3235.4 -16733.7
22886 3238.6 -16935.8
22887 3133.6 -16734.9
22888 3032.4 -16736.2
22889 3137 -16936.9
22890 3343 6632.9
22891 3036 -16937.7
22892 3007.1 -16450.4
22893 2931.9 -16737.4
22894 2933.4 -16835.8
22895 2928.2 -16534.8
22896 5482.4 -2687.6
22897 5797.2 -2687
22898 5480.6 -2555.3
22899 3514.6 8450.3
22900 3311.6 8549.7
22901 3338.9 6934.8
22902 4448.1 6114.8
22903 4450.6 5972.3
22904 4576.9 6116
22905 -5327.5 14872.7
22906 -5506.2 15137.7
22907 -5501.4 14871.2
22908 -5281.9 14873
22909 -5963.6 16034.7
22910 -5909.9 16119.2
22911 -5780.8 15905.7
22912 3444.7 6534.5
22913 -5877.4 15977.7
22914 -6713.5 16273
22915 -6897.8 16439.3
22916 -5770.3 16145.1
22917 -5642 15477.7
22918 1333.4 -18774.4
22919 -10678.5 17149.3
22920 -10792.7 17257.2
22921 -10522.9 17133.3
22922 -10622.3 17217.1
22923 3159.7 6809.1
22924 -10949.4 17377.9
22925 -10892.1 17450.4
22926 -11046.4 17451.5
22927 -11023.1 17281.7
22928 -11186.7 17550.7
22929 -11289.5 17630.6
22930 -11211.7 17726.9
22931 -1607.3 -17998.4
22932 -1610 -17848
22933 -1809.6 -18000.9
22934 3344.8 6478
22935 -1611.1 -17791.1
22936 -1612 -17740.4
22937 -1614.6 -17594.2
22938 -1712.5 -17741.1
22939 -1616.4 -17494.9
22940 -1717.9 -17496.1
22941 -1618.3 -17390.7
22942 -1517.4 -17390.2
22943 -1621.6 -17188.1
22944 -1724.4 -17189.4
22945 2972.7 6992
22946 -1731.6 -16986.2
22947 -1633.7 -16579.1
22948 -1535.6 -16578.5
22949 -1637.8 -16376.2
22950 -1739.4 -16377.4
22951 -1641.5 -16178.5
22952 -1540.1 -16374.8
22953 -1643.4 -16071.7
22954 -1744.2 -16072.8
22955 -1645.3 -15970.3
22956 -3132.6 11356.1
22957 2354.9 7596.7
22958 -1648.8 -15767.2
22959 -1749.5 -15767.9
22960 -1652 -15564.8
22961 -1551.1 -15766.4
22962 -1554.6 -15563.8
22963 -1690.9 -12336
22964 -1683.1 -12299
22965 -1731.4 -12336.8
22966 -1684.9 -12030.1
22967 -1795.5 -12031.8
22968 2293.9 7540.4
22969 -1689.3 -11633.4
22970 -1891.1 -11636.4
22971 -1451.2 -11630
22972 -1690.8 -11531.1
22973 -1589.4 -11529.8
22974 -1792.3 -11533.1
22975 -1693.3 -11329.1
22976 -1695.9 -11125.3
22977 -1794.2 -11330.7
22978 -1591.5 -11327.5
22979 2520.6 7440.5
22980 -1796.7 -11127.4
22981 -1594.3 -11124.5
22982 -1698.3 -10923.4
22983 -1596.8 -10922.1
22984 -1700.6 -10720.9
22985 -1800.5 -10924.7
22986 -1795.6 -10720.7
22987 -1701.7 -10644
22988 -1600.3 -10585.3
22989 -1805.1 -10520.1
22990 2303.9 7646
22991 -1709.1 -9505.3
22992 -1718.9 -9304.6
22993 -1722 -9101.9
22994 -1729.2 -8291.8
22995 -1620.8 -9101.2
22996 -1824.9 -9102.6
22997 -1625.2 -8290.6
22998 -1928.6 -8293.3
22999 -1730.1 -8188.2
23000 -1730.9 -8088
23001 2109.6 7836
23002 -1929.8 -8190.4
23003 -1731.7 -7986.6
23004 -1932.1 -7989.2
23005 -1732.5 -7886.2
23006 -1733.3 -7787.1
23007 -1734.2 -7685.1
23008 -1632.8 -7683.8
23009 -1734.9 -7584.1
23010 -1756.9 -7584.5
23011 -1736.3 -7482
23012 1993.3 7949.7
23013 -1937.8 -7484.8
23014 -1737.8 -7378.7
23015 -1635.4 -7480.9
23016 -1739.2 -7278.9
23017 -1940.4 -7281.6
23018 -1740.6 -7179
23019 -1941.6 -7181.4
23020 -1742 -7077.2
23021 -1744.9 -6875.5
23022 -1640.4 -7075.9
23023 2186.5 7759.5
23024 -1747.7 -6673.9
23025 -1844.9 -6876.8
23026 -1749.9 -6471.1
23027 -1645.5 -6672.6
23028 -1847.8 -6675.2
23029 -1850.7 -6473.1
23030 -1647.8 -6469.7
23031 -1752.9 -6270.1
23032 -1853.6 -6271.4
23033 -1755.7 -6068.8
23034 2040.7 7826.9
23035 -1856.4 -6070.3
23036 -1653.1 -6067.5
23037 -1758.6 -5865.5
23038 -1759.9 -5765.4
23039 -1555.5 -5762.4
23040 -1761.3 -5663.9
23041 -1762.8 -5561.1
23042 -1862.3 -5665.1
23043 -1558.2 -5558.5
23044 -1764.1 -5460.7
23045 2116.1 7879.4
23046 -1559.5 -5457.8
23047 -1766.9 -5257.9
23048 -1868.1 -5259.3
23049 -1769.7 -5054.3
23050 -1773.2 -4705.5
23051 -1667.3 -5053
23052 -1871 -5055.6
23053 -1775.8 -4516.6
23054 -1777.8 -4389.1
23055 -1775 -4574.1
23056 1918.5 7871.9
23057 -1780 -4243.5
23058 -1979.2 -4391.9
23059 -1783.6 -4041.8
23060 -1787.3 -3845
23061 -1682.5 -4040
23062 -1792.3 -3638.3
23063 -1889.1 -3849.1
23064 -1685.4 -3839.9
23065 -1688.8 -3636.9
23066 -1793.9 -3578.1
23067 2404.5 5176.6
23068 -3026 11258.3
23069 1864.2 8077
23070 -1796.9 -3434
23071 -1616 -3434.3
23072 -1798.6 -3337.2
23073 -1898.7 -3432.8
23074 -1593.7 -3334.4
23075 -1800.3 -3236.6
23076 -1802 -3137.8
23077 -1597.3 -3134.6
23078 -1803.7 -3037.6
23079 -1599.3 -3034.2
23080 2011.7 7969
23081 -1805.6 -2936.6
23082 -1807.7 -2838
23083 -1603.2 -2835.2
23084 -1809.8 -2738.5
23085 -1803.2 -2637.7
23086 -1601.2 -2634.2
23087 -1802.4 -2536.6
23088 -2004.6 -2639.8
23089 -1803 -2435.8
23090 -2005.8 -2539
23091 1707.1 8230.4
23092 -1600.7 -2431.8
23093 -1804.8 -2335.2
23094 -2007 -2438.6
23095 -1602 -2331.3
23096 -1808.5 -2130.3
23097 -1605.6 -2127
23098 -1810.4 -2028
23099 -1606.7 -2024.2
23100 -1804.4 -1986.5
23101 -1829.2 -608
23102 1495.7 8231.7
23103 -1927.1 -811.8
23104 -1929.9 -609.3
23105 -1727.3 -606.3
23106 -1832.3 -404.4
23107 -1730.3 -404.1
23108 -1835.6 -203.4
23109 -1935.5 -204.4
23110 -1838.4 -1.3
23111 -1733.2 -202.9
23112 -1841 198.4
23113 1705.2 8329.9
23114 -1938.2 -2.1
23115 -1736.2 -0.4
23116 -1739.1 199.9
23117 -1843.6 400.6
23118 -1846.3 601.8
23119 -1943.7 399.7
23120 -1848.7 804.1
23121 -1745 603
23122 -1946.5 601
23123 -1948.5 804
23124 1708.1 8134.3
23125 -1746.5 804.2
23126 -1851 1008.6
23127 -1854.1 1283.4
23128 -1952.5 1008.4
23129 -1954 1237.8
23130 -1855.6 1414.1
23131 -1857.3 1540.8
23132 -1646.9 1416.6
23133 -1956.6 1413.4
23134 -1858.4 1618.1
23135 1765.7 8172.1
23136 -1859.1 1661.9
23137 -1861 1794.2
23138 -1652 1797.3
23139 -1861.9 1845.9
23140 -1864.1 2022.4
23141 -1963.9 1845.3
23142 -1866.9 2227.1
23143 -1968.1 2226.4
23144 -1765.6 2227.8
23145 -1868.6 2334.3
23146 1607.4 8329.3
23147 -1870.3 2429.3
23148 -1871 2465.3
23149 -1871.6 2530.5
23150 -1883.9 3280.1
23151 -2089.4 3139.2
23152 -1886.5 3439.3
23153 -1887.6 3556.9
23154 -1785.2 3440.2
23155 -2087.5 3438.2
23156 -1804.1 3587.1
23157 1646.6 8329.5
23158 -2010.3 3556.7
23159 -1889.1 3696.9
23160 -1890.9 3845.4
23161 -1627.8 3699.1
23162 -1686.6 3846.5
23163 1509.6 19379.9
23164 1492.1 19471.6
23165 1530.4 19283.4
23166 1170.3 19508.8
23167 1071.2 19386.9
23168 1490.5 8441.1
23169 1074.5 19537.7
23170 1066.9 19188.5
23171 973.6 19388.4
23172 971.1 19190.1
23173 877 19458.5
23174 976.3 19539.1
23175 -468.3 4458.5
23176 -466.3 4228.5
23177 -366.6 4458.6
23178 -476.6 4985.1
23179 -2722 10765.9
23180 1437.2 8328.6
23181 -371.1 4785.7
23182 -372.4 4928
23183 -475.7 5067.2
23184 -475.9 5168.8
23185 -273.3 5169.1
23186 -480.6 5269.5
23187 -684.6 5268.8
23188 -481.6 5369
23189 -276.2 5370.4
23190 -482.6 5471.3
23191 816.4 9118.9
23192 -585.5 5471
23193 -277.7 5472.3
23194 -483.7 5571.1
23195 -484.8 5672.9
23196 -279.8 5674.4
23197 -485.9 5773.4
23198 -689.7 5772.5
23199 -690.8 5872.7
23200 -489.2 6077.4
23201 -490.2 6175.1
23202 941.9 8974.3
23203 -694.1 6174.5
23204 -491.3 6278.8
23205 -389.1 6279.3
23206 -593.4 6278.1
23207 -494 6481.3
23208 -596 6481.1
23209 -496.7 6684.6
23210 -393.8 6685
23211 -499.4 6887
23212 -599.7 6886.5
23213 691.2 9269.8
23214 -502 7292.3
23215 -603.5 7291.9
23216 -401.4 7292.7
23217 -504.1 7489.6
23218 -501.2 7089.9
23219 -505.3 7593.1
23220 -605.8 7490.3
23221 -707.7 7592.4
23222 -506.4 7694.2
23223 -507.5 7794.8
23224 980 9123.8
23225 -304.1 7695.7
23226 -508.6 7895.5
23227 -710.3 7794.1
23228 -564.2 7895.6
23229 -429.6 4055.6
23230 -427.9 3851.7
23231 -258.2 3955.4
23232 -431.2 4230
23233 -364.4 4232.9
23234 -524.9 8910.2
23235 476.2 9522.1
23236 -643 19013.2
23237 -741.6 18911
23238 -546.7 18915.3
23239 -740.7 19011.2
23240 -546 19015.2
23241 -553 11638.2
23242 -357.3 11639.7
23243 -358.9 11740.8
23244 -565 12045.2
23245 -361.9 12045.1
23246 268 9727.7
23247 -566.5 12146.3
23248 -661.5 12146.3
23249 -567.9 12247.4
23250 -365.2 12247.2
23251 -569.3 12349
23252 -625.5 12348.6
23253 -453.9 8007.9
23254 -307.9 8007.9
23255 -456.1 8163.1
23256 -631.6 8162.9
23257 474.6 9624.1
23258 -457.5 8255.7
23259 -458.8 8348.2
23260 -633.9 8348
23261 -460.1 8439.9
23262 -314.8 8448.1
23263 -461.4 8530.7
23264 -636.1 8529.5
23265 -462.6 8617.2
23266 -463.9 8708.6
23267 -626.6 12450.3
23268 416.3 9521.9
23269 -664.2 12348.8
23270 -627.9 12549.9
23271 -808 12449.9
23272 -629.3 12651.5
23273 -821.1 12551.1
23274 -369.5 12551.2
23275 -630.6 12753.2
23276 -614.1 14980.4
23277 -698.6 14979.5
23278 -618.1 15179.8
23279 680.3 9524
23280 -516.9 15180.1
23281 -621 15383
23282 -721.3 15383.1
23283 -626.8 15787.5
23284 -727.6 15787.4
23285 -623.9 15585.1
23286 -632.9 16190.6
23287 -733.8 16189.8
23288 -629.9 15995.1
23289 -636 16392.5
23290 -2615.2 10636.9
23291 2572.9 6318.9
23292 -736.9 16391.6
23293 -534.6 16393.4
23294 -639.1 16593.1
23295 -537.9 16594.3
23296 -644.5 16995.7
23297 -642.2 16794.2
23298 -745.7 16994.3
23299 -646.7 17197.8
23300 -544.8 17199.2
23301 -648.9 17400.5
23302 2508.3 6424.3
23303 -750.2 17399
23304 -651 17603.9
23305 -752.5 17602.2
23306 -549.8 17605.7
23307 -449.3 17707.8
23308 -451.8 17909.6
23309 -653.4 18007
23310 -851.3 18003.5
23311 -452.1 18007.9
23312 -552.5 10468.3
23313 2443.4 6317.4
23314 -837.3 11135.6
23315 -551.3 10326.6
23316 -510 10222.3
23317 -511.8 10326.7
23318 -338.3 10124.1
23319 -346.2 10221.6
23320 -554.4 11334
23321 -899.3 11135.7
23322 -560.6 11235.2
23323 -453 11334.6
23324 2705.1 6320.5
23325 -577.7 12956.3
23326 -574.5 12753.2
23327 -680.4 12956.2
23328 -477 12956.5
23329 -480 13147.9
23330 -682.7 13147.1
23331 -483.2 13360.9
23332 -587.8 13562.6
23333 -553.9 14573
23334 -532 9314.5
23335 2699.3 6108.6
23336 -536.4 9517
23337 -539.8 9718.2
23338 -335.8 9716.6
23339 -336.4 9522
23340 -609.9 9781.3
23341 -640.8 9717.9
23342 -745.5 9915.2
23343 -5841.4 -4686.8
23344 -5844 -4484
23345 -5740.2 -4686
23346 2943.3 6323.5
23347 9129.1 -12615.7
23348 9228.1 -12412.7
23349 9026.5 -12415.1
23350 9131.9 -12818.2
23351 9230.7 -12614.5
23352 9029 -12616.9
23353 9134.7 -13020.9
23354 9233.4 -12817
23355 9031.5 -12819.4
23356 9236 -13019.8
23357 2945.4 6249.9
23358 9034 -13022.1
23359 9137.6 -13223.6
23360 9238.7 -13222.5
23361 9036.5 -13224.7
23362 9140.4 -13425.9
23363 9241.3 -13424.8
23364 9039 -13427
23365 9143.2 -13629
23366 9244.2 -13628
23367 9041.5 -13630.1
23368 2941.4 6476.4
23369 9088.1 -8171.4
23370 9190.8 -8170.3
23371 8987.7 -8171.8
23372 9091 -8374.1
23373 8990.2 -8374.9
23374 9093.9 -8576.3
23375 9195.9 -8575.5
23376 9096.8 -8779.2
23377 9198.5 -8778.4
23378 8995.2 -8779.9
23379 2969.8 6323.8
23380 9101.3 -8981.7
23381 9202.5 -8981.1
23382 9105.5 -9182.8
23383 9205.3 -9182
23384 8797 -9185.2
23385 9106.3 -9285.5
23386 8797.7 -9285.6
23387 9107.2 -9385.6
23388 9207.1 -9384.8
23389 9005.2 -9386.3
23390 4201.1 6341.3
23391 9108.7 -9586.5
23392 9208.9 -9585.7
23393 9007.3 -9587.3
23394 9108.6 -9788.4
23395 9208.3 -9787.4
23396 9007 -9789.4
23397 9108.5 -9990.3
23398 9210 -9989.4
23399 9007 -9991.2
23400 9211.7 -10190.9
23401 -2367.5 10455.7
23402 4072.6 6338.9
23403 9117.1 -10998.7
23404 9118.4 -11201.3
23405 9219.8 -11200.2
23406 9119.7 -11403.2
23407 9221.4 -11402
23408 9018.3 -11404.3
23409 9226.4 -14637.6
23410 9205.3 -14637.8
23411 9227.9 -14839
23412 9327.4 -14636.3
23413 4202.4 6255.3
23414 9221.3 -15040.5
23415 9328.4 -14837.8
23416 9127.4 -14840.1
23417 9329.5 -15039.2
23418 9328.7 -15201.7
23419 9082.7 -14832.8
23420 8947.7 -14238.8
23421 9126.6 -14638.9
23422 -1224.6 19202
23423 -1029.5 19205.9
23424 4552.3 6345.1
23425 -1419.7 19198.1
23426 -1226.8 19101.5
23427 3163.8 -3081.9
23428 3264.4 -3081.2
23429 3165.2 -3233.2
23430 3116 -3096.5
23431 2898 -3119.1
23432 2814.7 -3101.7
23433 3063 -3116.2
23434 2655 -2838.9
23435 4551 6446.1
23436 2742.8 -3107.5
23437 2657 -3108.4
23438 2263.8 -3113.2
23439 2661.3 -3400.6
23440 2267.8 -3404.1
23441 2233.8 -2841
23442 1433.4 3873.7
23443 1372 3803.3
23444 1511 3974.5
23445 1371.5 3873
23446 4703.4 6347.8
23447 1569.5 3875.6
23448 1305.4 3728.6
23449 1168.9 3584.2
23450 1166.6 3726.6
23451 1373.1 3729.7
23452 1045.8 3441.7
23453 974.9 3364.3
23454 1171.2 3443.5
23455 916.3 3300.1
23456 966.9 3440.1
23457 4444.1 6343.7
23458 796.4 3166.9
23459 764.7 3132.2
23460 969.7 3169.3
23461 695.3 3057.2
23462 -1542.7 1427.6
23463 -1646.6 1379.2
23464 -1048.4 1655.6
23465 -940.8 1705.6
23466 -1325.8 1535
23467 -842.5 1751.3
23468 4555.3 6260.9
23469 -738.3 1799.4
23470 -641.1 1843.8
23471 -556.5 1882.9
23472 -412.4 1955.5
23473 -1757.5 1328.3
23474 -2156.7 1143.7
23475 -2255.8 1098.5
23476 -2348.5 1055
23477 -2377.9 1054
23478 -2659.8 916.1
23479 4789.7 6349.2
23480 -2712.9 894.4
23481 -2861.9 818.1
23482 -2962.1 772
23483 -3059.2 726.3
23484 -3154 688.4
23485 -3260 636.4
23486 -3346.6 595.3
23487 -3464.7 539.3
23488 -3460.9 187
23489 -3465.2 592.2
23490 4857.2 6350.4
23491 -3730.5 416.7
23492 -3734 579.8
23493 -3865.5 354.2
23494 -3999.6 292
23495 -3862 138.5
23496 -4004.3 586.6
23497 -4088.7 250.8
23498 -4178 209.5
23499 -4184.1 584.7
23500 -4268.6 167.7
23501 4877.9 6265.8
23502 -4359.9 125.3
23503 -4275 583.9
23504 -103.8 17612.8
23505 59.3 18164.6
23506 -110.8 18021.9
23507 -110.3 18156.1
23508 147.1 11544
23509 144.5 11746.3
23510 46.8 11543
23511 142.2 11944
23512 -2106.9 10385.3
23513 4851.3 6450.4
23514 244.8 11747.4
23515 -18.1 18605.7
23516 -119.9 18608
23517 75.6 16401.9
23518 -25 16400.4
23519 175.9 16403.5
23520 190 8461.2
23521 190.3 8568.7
23522 90.2 8460.1
23523 289.7 8462.2
23524 2330.2 5507.9
23525 62.8 17005.3
23526 65 16805
23527 163.5 17006.6
23528 161.2 10532
23529 157.9 10734.8
23530 261 10532.9
23531 155.4 10937.4
23532 57.8 10734
23533 152.9 11139.6
23534 55 10936.5
23535 2235.3 5589.6
23536 150.4 11342.1
23537 250.2 11343.2
23538 114.4 13771.6
23539 118.1 13569.4
23540 15.2 13770.5
23541 110.7 13973.6
23542 11.7 13972.4
23543 168.7 9925.3
23544 165.1 10128.4
23545 269.1 9926.1
23546 2370.8 5472.7
23547 64.5 10127.7
23548 163 12860.4
23549 164.4 12759.9
23550 25.5 12859.5
23551 160.3 13062.7
23552 161.7 12961.5
23553 26.3 13061.6
23554 154.8 13467.6
23555 -6647.3 -5300.9
23556 -6545.5 -5299.9
23557 2286.8 5507.4
23558 -6645.1 -5501.4
23559 -6748 -5302.8
23560 -6746.9 -5503.6
23561 -6644.1 -5581
23562 -6542.4 -5560.8
23563 -6641.8 -5711.4
23564 -6541.1 -5710.2
23565 -6639.5 -5911.1
23566 -6635.1 -6115.8
23567 -6736.5 -6117.6
23568 2394.3 5509.2
23569 -6630.7 -6320.2
23570 -6732.6 -6322.6
23571 -6626.4 -6520.4
23572 -6617.5 -6931.4
23573 -6613.2 -7135.4
23574 -6608.8 -7338.4
23575 -6715.7 -7137.1
23576 -6711.4 -7340.2
23577 -6604.5 -7543.4
23578 -6707.4 -7545.1
23579 3478.8 5525.5
23580 -6602.6 -7642.8
23581 -6806.2 -7646.7
23582 -6600.8 -7743.2
23583 -6598.9 -7845.4
23584 -6597.1 -7942.9
23585 -6802.5 -7849.4
23586 -6398.3 -7842.8
23587 -6771.1 -7945.7
23588 -6762.8 3694.3
23589 -6511.8 3696.6
23590 3461.5 5578
23591 -6760.7 3593.9
23592 -6765.3 3806.1
23593 -6759 3494
23594 -6507.7 3496.1
23595 -6757.5 3393
23596 -6755.3 3293.1
23597 -6505.7 3395.1
23598 -7129.1 3450.4
23599 -6753.2 3193.1
23600 -6502.1 3195.5
23601 3363.6 5525.1
23602 2635.5 -17244
23603 2433.7 -17245.7
23604 2633.9 -17143.2
23605 2230.5 -17247.4
23606 2434.8 -17346.1
23607 2432.1 -17144.8
23608 2232.3 -17348.4
23609 2027.5 -17249
23610 2025.9 -17148.1
23611 321.7 -17282.8
23612 3529.9 5526.3
23613 15.7 -17286.9
23614 318.7 -17173.2
23615 14 -17175.5
23616 16.8 -17359
23617 4622.6 -17327.6
23618 4445.4 -17128.1
23619 -1939.1 -7382.3
23620 -2141 -7385.1
23621 -2142.5 -7284.3
23622 -2536.7 -7389.9
23623 -1838.3 10176.6
23624 3483.2 5416.6
23625 -2571.7 -7391.9
23626 -2572.7 -7289.9
23627 -2756.3 -7394.7
23628 -2755.8 -7495.6
23629 -2757.5 -7292.3
23630 -2960.9 -7397.5
23631 -2962.2 -7295
23632 -3165.3 -7399.4
23633 -3163.5 -7501.2
23634 -3166.1 -7297.6
23635 3842.3 5529.9
23636 -9622.2 -7592.6
23637 -9457.4 -7380.3
23638 -2167.8 -5668.8
23639 2887.6 -5528.1
23640 2687.7 -5530.6
23641 3091.2 -5525.9
23642 2889.1 -5626.6
23643 2688.8 -5624.4
23644 2686.6 -5424.5
23645 -5829.3 -5580.1
23646 3844.3 5418.7
23647 -5933.1 -5581.3
23648 -5827.4 -5702.3
23649 -5831.8 -5421.4
23650 -6034.4 -5582.5
23651 -6032.9 -5704.6
23652 -6035.9 -5461.4
23653 668.9 -5536.8
23654 568 -5537.3
23655 670.2 -5636.2
23656 667.6 -5435.9
23657 3840.3 5621.2
23658 466.7 -5537.3
23659 367 -5538.5
23660 468.3 -5638.9
23661 466.2 -5440.2
23662 -1355.8 -5556
23663 -1357.1 -5454.8
23664 -9577.7 14865.3
23665 -9572.3 15125.6
23666 -9474.4 15125.3
23667 -9568.8 16937.5
23668 3721.7 5528.7
23669 -9596.1 17128.2
23670 -9644.5 16903.8
23671 -9492 16966.1
23672 -9690.9 17128.6
23673 -9513.3 17127.8
23674 -9514.1 7020.5
23675 -9618.2 7019.5
23676 -9524.9 7223.4
23677 -9527.9 7425.8
23678 -9677.9 7222.2
23679 3964.8 5530.6
23680 -9422.2 7224.1
23681 -9680.6 7424.7
23682 -9424.8 7426.5
23683 -9530.9 7627.9
23684 -9533.9 7831.3
23685 -9683.6 7627.7
23686 -9427.5 7628.7
23687 -9686.6 7830.4
23688 -9430.1 7831.9
23689 -9536.9 8033.6
23690 -8555.6 16824.6
23691 -9433.1 8034
23692 -9538.7 8155.2
23693 -9689.6 8033.1
23694 -9434.8 8155.6
23695 -9692.6 8236.2
23696 -9542.1 8371.9
23697 -9389.5 8372.1
23698 -9544.1 8505.7
23699 -9696.5 8506.3
23700 -9391.4 8506.8
23701 -8521.6 16824.8
23702 -9546.1 8641.8
23703 -9552 9044.2
23704 -9554.9 9248.2
23705 -9704.5 9043.8
23706 -9450.4 9044.4
23707 -9707.4 9247.4
23708 -9453.3 9248.7
23709 -9557.9 9449.8
23710 -9710.4 9448.7
23711 -9456.2 9450.5
23712 -8723 16825.2
23713 -9559.3 9550.7
23714 -9711.9 9548.8
23715 -9560.8 9651
23716 -9713.3 9650.2
23717 -9459.1 9651.9
23718 -9562.3 9751.1
23719 -9714.8 9750.2
23720 -9563.8 9853
23721 -9716.3 9851.6
23722 -9462 9853.9
23723 -8695.3 17034.9
23724 -9565.3 9953.9
23725 -9717.8 9951.6
23726 -9566.7 10055.4
23727 -9719.3 10052.6
23728 -9464.9 10056.3
23729 -9568.2 10155.5
23730 -9720.8 10154.1
23731 -9571.1 10255.9
23732 -9574.3 10457.5
23733 -9577.5 10661.5
23734 -1627.2 10007.2
23735 -8523.5 16775.3
23736 -9726 10455.7
23737 -9468.7 10458.8
23738 -9472.7 10662.5
23739 -9572.3 14413.7
23740 -9480.9 14413.9
23741 -9561.6 14505.9
23742 -9781.2 14505.7
23743 -9559.2 14591.6
23744 -9779.5 14591.3
23745 -9582.4 11066.9
23746 -6424.5 13667.6
23747 -9586.2 11268.6
23748 -9480.7 11068.7
23749 -9682.5 11065.4
23750 -9589.9 11470.4
23751 -9686.5 11267.2
23752 -9485 11270.2
23753 -9593.7 11673.2
23754 -9690.6 11468.8
23755 -9489.3 11472
23756 -9597.6 11882.7
23757 -6293.6 13651.8
23758 -9694.7 11671.7
23759 -9493.5 11674.7
23760 -9595.9 13811.1
23761 -9590.8 14012.4
23762 -9695.4 13811.4
23763 -9495.1 13810.8
23764 -9585.8 14213.1
23765 -9690.8 14012.7
23766 -9510.1 14012.2
23767 -9686.2 14212.8
23768 -6434.9 13633.5
23769 -9485.7 14213.3
23770 -9681.6 14413.6
23771 -127.9 16398.9
23772 -237.3 16800.5
23773 -132.7 16600.2
23774 -138.6 17002.6
23775 -113.1 8458
23776 -114.9 8542
23777 -147.3 8457.7
23778 -78.7 8458.4
23779 -6394 13618.9
23780 -116.6 8626.5
23781 88.7 8544
23782 -316.1 8535.9
23783 87.2 8627.8
23784 -125.4 8795.5
23785 -108.5 8236.2
23786 -73.7 8236.9
23787 -76.3 8373.2
23788 7.9 8238.4
23789 6.9 8374
23790 -6458.3 13720.4
23791 -105.9 8067.3
23792 97 8070.8
23793 -107.2 8153.4
23794 -104.6 7983.7
23795 -310.2 8156.5
23796 -134.2 9821.6
23797 -135 9922.8
23798 67.1 9924.4
23799 -135.7 10024.2
23800 -337.9 10022.6
23801 1991.3 16828.9
23802 -137.3 10226.3
23803 63.8 10228.1
23804 -143 10131.7
23805 -139.3 10428.4
23806 -336.7 10426.8
23807 -40 10530.3
23808 -145.7 10934.8
23809 -42.8 10733.1
23810 -148.2 11137
23811 -51 11339.8
23812 1994.5 16628.5
23813 -53.6 11541.9
23814 -159.4 11946.5
23815 -56.2 11744.1
23816 -165.1 12351.9
23817 -62.1 12149.2
23818 -68.8 12554.1
23819 -170.7 12755.9
23820 -246 18982.7
23821 -342 18984.1
23822 -94.2 7093.6
23823 2072.2 16831.3
23824 5.7 7095.1
23825 98.1 7346
23826 -275.9 17609.9
23827 -278.2 17747.5
23828 -448.4 17607
23829 -282.5 18147.4
23830 -453.3 18139.4
23831 -283.5 18271.4
23832 -110.4 18280.6
23833 -283.4 18409.6
23834 1986.7 16898.9
23835 -230.1 18610.5
23836 -181.4 13463.7
23837 -182.5 13565.7
23838 20.4 13466
23839 -183.5 13618.5
23840 -85.7 13768.7
23841 -193.7 14159.2
23842 -195.7 14266
23843 -199.7 14475.2
23844 -201.7 14577.4
23845 -1331.3 9767.7
23846 1884.6 16828.1
23847 -197.8 14374.4
23848 -337 14575.9
23849 -203.2 14654.5
23850 -5241.8 -3869.7
23851 -5140 -3868.9
23852 -5239.6 -4072.3
23853 -5137.7 -4071.5
23854 -5237.5 -4274.8
23855 -5235.3 -4477.7
23856 -5133.2 -4476.9
23857 -10094.4 18434.2
23858 -5233.2 -4680.2
23859 -5130.9 -4680
23860 -5231 -4882.2
23861 -5128.7 -4881.2
23862 -5228.8 -5085.9
23863 -5126.4 -5084.9
23864 -5226.5 -5304.7
23865 -5124.2 -5285.6
23866 -5191.4 -7518.2
23867 -5091.5 -7516.5
23868 -10096.2 18334.2
23869 -5189.2 -7720.3
23870 -5186.8 -7919.8
23871 -5089.2 -7718.4
23872 -2856.2 -9971.7
23873 -3028 -9973.9
23874 -2684.4 -10048.9
23875 -2855.1 -10051.1
23876 -3199.4 -9975.2
23877 -3027 -10053.5
23878 -3330.1 -9977.7
23879 -10090.8 18636.1
23880 -3198.3 -10056
23881 -3339 -9893.6
23882 644 -9952.3
23883 620.7 -9964.3
23884 622.3 -10087.4
23885 528.9 -9943.6
23886 1530.6 -9936.2
23887 1529.8 -9674.3
23888 1428.8 -9936.6
23889 1328.4 -9937.4
23890 -10196.2 18431.9
23891 1226.5 -9937.5
23892 1329.8 -10081
23893 1125.8 -9937.9
23894 1127.7 -10083.5
23895 2422.3 -650.8
23896 2626.8 -965.3
23897 2352.4 -694.1
23898 2461.1 -626.3
23899 -7520.7 18009.5
23900 -7409.1 18233.6
23901 -10559.5 18423.6
23902 -7712.9 17890.8
23903 -7517.3 18131.8
23904 -7438.5 17929.8
23905 -13432.3 14587.9
23906 -13449.7 13840.2
23907 -13435.3 14398.5
23908 -13433.6 14497.7
23909 -11108.3 16836.3
23910 -11187.6 16897.8
23911 -11055.1 16905.6
23912 -10563.1 18220.6
23913 -11132 16800.6
23914 -11267.3 16958.8
23915 -11065.5 17058.9
23916 -11266.7 16797.2
23917 -11145.2 17120
23918 -9974.7 14413.1
23919 -10072.3 14353.7
23920 -10166.4 14413.8
23921 -9878.3 14413.3
23922 -9973.6 14505.3
23923 -10497 18425.1
23924 -9978.4 14212.3
23925 -10167.5 14308.6
23926 -10074.8 14212.1
23927 -10270.8 14305.5
23928 2606.4 6054.5
23929 3481.8 -4395.8
23930 3480.8 -4295
23931 3280.1 -4399.4
23932 3278.1 -4298
23933 3281.1 -4500.2
23934 -10599.4 18422.7
23935 2675.1 -4408.5
23936 2473.1 -4410.2
23937 2678.6 -4710.5
23938 2674 -4307.7
23939 2370.5 -4411
23940 2477.4 -4813
23941 2472.6 -4309.6
23942 2270.9 -4411.9
23943 2269.7 -4310.1
23944 1967.8 -4414.2
23945 -8371.9 18068.7
23946 1966.1 -4211.2
23947 1867.3 -4415
23948 1869.6 -4617.3
23949 1864.9 -4212.4
23950 1766.7 -4415.8
23951 1769.5 -4618
23952 1665.2 -4416.6
23953 1564.6 -4417.4
23954 1662.7 -4214.9
23955 1463.3 -4418.2
23956 -1301.2 9744.8
23957 -8401.6 18116.5
23958 1567 -4619.4
23959 1466 -4620.1
23960 1411.6 -4418.6
23961 1361.8 -4419
23962 1363.7 -4620.8
23963 1261 -4419.8
23964 1263.5 -4621.5
23965 1159.2 -4420
23966 1059.8 -4421.3
23967 1157.3 -4219.4
23968 -8281.6 17924.4
23969 1062.1 -4622.9
23970 1057.5 -4220
23971 958.6 -4421.5
23972 961.2 -4623.6
23973 858.3 -4422.9
23974 855.9 -4221.2
23975 756.2 -4423.1
23976 759 -4625
23977 656.5 -4424.4
23978 554.9 -4425.2
23979 -8161.3 17731.6
23980 654.5 -4222.4
23981 658.4 -4625.7
23982 455.9 -4627
23983 -4727.6 -4473.4
23984 -4828.8 -4474.3
23985 -4724.8 -4676.6
23986 -4930.5 -4475.2
23987 -4831.7 -4271
23988 -4927.9 -4678.2
23989 -5030.8 -4678.7
23990 -8067.7 17790.2
23991 -5640.9 -4481.5
23992 -5643.8 -4278.4
23993 -5742.5 -4482.7
23994 49.4 -4425.9
23995 -105.8 -4427.7
23996 50.4 -4528.2
23997 -104.5 -4537.8
23998 -107.6 -4326.7
23999 -964.3 -4437.2
24000 -965 -4370.8
24001 -8099.1 17649.5
24002 -865.3 -4232.3
24003 -963.1 -4532.3
24004 -457.7 -4429
24005 -460.4 -4227.2
24006 -357.1 -4427.6
24007 -559.3 -4430.5
24008 -357.6 -4327
24009 -154.1 -4424.7
24010 -152.5 -4537.6
24011 -155.4 -4323.8
24012 -6698 16737.4
24013 -2998.5 -4459.1
24014 -2997.5 -4549.5
24015 -3097.7 -4459.9
24016 -3101.8 -4255.6
24017 -3201.2 -4460.7
24018 -3198.1 -4664.2
24019 -3303.9 -4461.5
24020 -3307.8 -4257.4
24021 -3405.5 -4462.3
24022 -3508 -4463.1
24023 -6629.6 16559.9
24024 -3408.6 -4257.5
24025 -3403.2 -4665.8
24026 -3608.7 -4463.9
24027 -3511.4 -4258.5
24028 -3711.1 -4464.7
24029 -3606.1 -4667.3
24030 -3812.3 -4465.5
24031 -3713.9 -4260.4
24032 -3913.4 -4466.3
24033 -3809.5 -4668.8
24034 -6802.9 16804.4
24035 -4016.4 -4467.1
24036 -3920.1 -4262.4
24037 -4117.4 -4467.9
24038 -4013.7 -4670.4
24039 -4218.9 -4468.6
24040 -4129.4 -4264.4
24041 -4321.1 -4469.4
24042 -4216.3 -4671.9
24043 -4221.5 -4265.2
24044 -4422.1 -4470.2
24045 -6724 16805.9
24046 -4323.1 -4266.2
24047 -4419.7 -4681.4
24048 -52 3855.7
24049 -50.9 3710.5
24050 -53.5 3957.8
24051 -257.1 3852.7
24052 150 3858.5
24053 -55 4059.3
24054 149.2 3960.1
24055 -259.3 4056.7
24056 -6633.5 16696.3
24057 -56.4 4159.1
24058 -57.4 4245.9
24059 -59 4359
24060 48.7 4250.2
24061 -262.5 4237.6
24062 -264.5 4357.3
24063 142.8 4362.2
24064 -63 4627.4
24065 39.8 4462.6
24066 137.3 4791.9
24067 -1144.4 9580.6
24068 -5939.5 16252.6
24069 -68.5 4991.1
24070 -71.6 5172.4
24071 133.6 5074.6
24072 -72.9 5273.3
24073 132.2 5175.3
24074 -274.8 5270.1
24075 -74.2 5373.5
24076 -75.4 5475
24077 129.6 5375.8
24078 -76.4 5576.8
24079 -5830.5 16426.1
24080 128.2 5478.6
24081 -278.7 5573.9
24082 -77.5 5677.2
24083 125.5 5679.9
24084 -78.5 5777.1
24085 -280.9 5774.2
24086 120.2 6084.4
24087 -87.1 6485.6
24088 -87.5 6537.3
24089 13.6 6487.5
24090 -5857.4 16200.2
24091 11 6688.8
24092 8.4 6891.1
24093 -4352.9 -1003.4
24094 -4254.4 -839.4
24095 -4452.9 -1003.2
24096 -4355.3 -839.9
24097 -4455.5 -841.3
24098 -4462.5 -1080.9
24099 -11532.6 15179
24100 -11383.2 15082.8
24101 -6026.2 16307.9
24102 -11522.4 15275.2
24103 -11543.3 15079
24104 944.1 15289.2
24105 943.3 15380.3
24106 1210.1 15295
24107 -2048.5 15292.1
24108 -2069 15393.2
24109 -2025.9 15182.7
24110 -2228.7 15281.6
24111 -2230 15381.4
24112 -3655.9 15981.5
24113 -10147.9 15375.6
24114 -10457.7 15312.1
24115 -10454.1 15508.7
24116 -10458.6 15211.9
24117 -8612.5 15766.7
24118 -8544.4 15837.4
24119 -8774.1 15888.7
24120 -8936.9 16012.7
24121 -8696.9 15991.1
24122 -8851.7 15788.6
24123 -3648.8 15401.2
24124 -9097.3 16136.1
24125 -8859.2 16114.7
24126 -9013.5 15912.2
24127 -9258.3 16259.2
24128 -9020.1 16237.3
24129 -9173.8 16034.4
24130 -9376.5 16351.9
24131 -9181.2 16359.9
24132 -9336.1 16158.2
24133 -9421.9 16559.2
24134 -3775.9 15986.9
24135 -9482.5 16276.6
24136 -9254.2 16390.7
24137 8323.3 -12321
24138 8324.3 -12423.4
24139 8326.2 -12617.4
24140 8420.4 -12422.2
24141 8228.6 -12424.6
24142 8328.3 -12827.7
24143 8230.6 -12618.9
24144 8422.6 -12620.5
24145 -3595.9 15981.9
24146 8330.3 -13030.1
24147 8424.6 -12826.6
24148 8232.7 -12828.8
24149 8234.8 -13031.1
24150 8426.7 -13029
24151 8293.3 -9796.3
24152 8296.5 -9996.7
24153 8396.3 -9795.4
24154 8192.5 -9797.1
24155 8298.3 -10200.2
24156 -3670.2 16057.5
24157 8398.5 -9995.9
24158 8194.8 -9997.6
24159 8236 -10604
24160 8405 -10602.4
24161 8279.5 -8582.8
24162 8380.6 -8582
24163 8284.4 -8986.8
24164 8285.7 -9088.6
24165 8385.1 -8986.1
24166 8287 -9189
24167 -5287.5 15968.2
24168 8438.6 -9087.3
24169 8288.3 -9295.1
24170 8439.7 -9187.9
24171 8185.1 -9189.8
24172 8289.6 -9391.9
24173 8290.9 -9493.4
24174 8441.9 -9390.7
24175 8187.6 -9392.7
24176 8292.2 -9593.1
24177 8444.2 -9591.8
24178 3094.2 4141
24179 -883.8 9409.4
24180 -5286.5 16134.9
24181 8190 -9593.9
24182 8331.3 -11411.7
24183 8410.5 -11410.8
24184 8229.3 -11412.9
24185 8334.8 -13434.8
24186 8337.4 -13631.6
24187 8238.6 -13435.8
24188 -2785.9 -5066.9
24189 -2682.3 -5269
24190 -2684.7 -5004.9
24191 -5354.2 15973.9
24192 -2681.8 -5310.2
24193 -2783.2 -5270
24194 -2680 -5471.2
24195 -2780.6 -5472.8
24196 -2677 -5674.7
24197 -2777.8 -5675.9
24198 -2676.3 -5725.5
24199 -2674.8 -5828.1
24200 -2674.4 -5879.1
24201 -2551.9 -5877.6
24202 -6788.9 16978.7
24203 -2775.1 -5880.4
24204 -2771.8 1787.6
24205 -2670.8 1788.6
24206 -2769.5 1610.8
24207 -2668.7 1611.5
24208 -2766.7 1408.2
24209 -2869.5 1407.6
24210 -2666.3 1408.9
24211 -2756.6 596.5
24212 -2857.3 595.9
24213 -6561.4 16804.6
24214 -2655.3 597.1
24215 -2759.7 850.1
24216 -2754.1 394.6
24217 -2854.6 391.9
24218 -2751.6 193.3
24219 -2649.8 194.1
24220 -2749.1 -8.4
24221 -2849.4 -8.5
24222 -2647.1 -7.8
24223 -2746.6 -212.4
24224 -6967.7 14497.3
24225 -2743.3 -415.3
24226 -2847 -213.4
24227 -2645 -211.4
24228 -2642.5 -414.1
24229 -2740.8 -619.9
24230 -2842.1 -621.2
24231 -2737.7 -823.4
24232 -2546.4 -16548.6
24233 -2553.2 -16387.6
24234 -2650.5 -16549.1
24235 -7058.8 14624
24236 -2792.4 3134
24237 -2809.7 3220.4
24238 -2525 -17509.8
24239 -2539.8 -17595.2
24240 -2787.7 -17605.8
24241 -2428.5 -17508
24242 -2520.6 -17690.3
24243 -2699.1 -17605.2
24244 -2503.2 -17910.2
24245 -2603.9 -17919.4
24246 -6909 14404
24247 -2419 -17917.2
24248 -2540.6 -17199.2
24249 -2435.7 -17197.9
24250 -2641.3 -17200.3
24251 -2775 2016.9
24252 -2776.3 2220.4
24253 -2673.4 2017.7
24254 -2772.8 1840.2
24255 -2873.2 1839.4
24256 -2658.2 -8202.1
24257 -6969.8 14404.5
24258 -2659.8 -8100.1
24259 -2748.2 -8202.6
24260 -2562.8 -8201.5
24261 -2563.8 -15779.1
24262 -2665 -15780.2
24263 -2462.4 -15777.9
24264 -2506.7 -18416.6
24265 -2405.9 -18410.4
24266 -2560.4 -15981.7
24267 -2458.4 -15978.6
24268 -6895.7 13526.4
24269 -2661.1 -15983
24270 -2653.3 -16388.8
24271 -2451.1 -16386.3
24272 -2638.8 -9112.2
24273 -2634.9 -9315
24274 -2555.6 -9111.2
24275 -2739.7 -9113.5
24276 -2632.1 -9522
24277 -2737.1 -9316.1
24278 -2551.9 -9314.1
24279 -6894.1 13425.6
24280 -2734.3 -9515.8
24281 -2552.4 -9515.3
24282 3287.2 -8138.5
24283 3121.9 -8139.5
24284 3288.6 -8238.1
24285 3285.8 -8037.1
24286 3931.1 -8128.4
24287 3929.9 -8031.3
24288 3770.4 -8131.5
24289 3768.8 -8032.7
24290 -671.7 9257.7
24291 -6897.8 13627.2
24292 3608.9 -8134.3
24293 3611.5 -8234.3
24294 -2563.9 -8098.7
24295 -2952 -8205.3
24296 -2747.1 -8304.2
24297 -2749.3 -8101.3
24298 -3156.1 -8208
24299 -2950.9 -8306.2
24300 -2953.1 -8104.2
24301 -3358.3 -8210.6
24302 -7098.3 13524.8
24303 -3155 -8308.2
24304 -3157.1 -8107.3
24305 -3359.2 -8109.8
24306 -3357.8 -8310.2
24307 -2131.9 -8193.3
24308 -4372.6 -8218.3
24309 -4373.9 -8117
24310 9332.3 -12613.3
24311 9335.1 -12815.7
24312 9337.8 -13018.6
24313 -6794.8 13527.6
24314 9340.6 -13221.4
24315 9346.1 -13626.9
24316 9246.4 -13768.5
24317 9244.7 -13830.9
24318 9145.1 -13832
24319 9325.9 -8169.2
24320 9193.3 -8373.3
24321 9331.6 -8574.4
24322 9334.5 -8777.3
24323 9199.7 -8880.1
24324 -6883.4 12716.1
24325 9335.9 -8879.7
24326 9306.8 -9181.3
24327 9310.2 -9786.4
24328 9311.8 -9988.5
24329 9320.6 -11199.1
24330 9322 -11400.8
24331 9221.8 -11603.5
24332 9323.3 -11602.3
24333 9335.4 -14566.9
24334 9427.8 -14635.1
24335 -6884.8 12817
24336 9428.8 -14836.7
24337 9430.1 -15038
24338 9358.7 -15239
24339 1853.2 -18971.6
24340 1855.3 -19173.6
24341 1751.2 -18972.7
24342 1954.1 -18970.8
24343 1859.4 -19376.1
24344 1754.8 -19174.7
24345 1957.6 -19171.2
24346 -6881.9 12614.7
24347 1758.4 -19377.4
24348 1750.3 -17347.5
24349 1759.2 -17282
24350 1761.8 -17466.7
24351 1894.7 -17346.3
24352 1764.9 -17667.2
24353 1706.6 -17467.2
24354 1896.7 -17465.5
24355 1767.9 -17860.3
24356 1670.9 -17668.1
24357 -6985.5 12715
24358 1769.4 -17961.3
24359 1903.3 -17859
24360 1735.8 -17961.6
24361 1837.1 -17960.6
24362 1765.4 -12723.2
24363 1866.5 -12721.9
24364 1765 -12691.7
24365 1768.1 -12906.5
24366 1666.6 -12907.6
24367 1868.6 -12905.6
24368 -6679.7 12717.2
24369 1771.1 -13108.7
24370 1668.9 -13109.9
24371 1870.9 -13107.5
24372 1772.9 -13311.9
24373 1671.2 -13313.1
24374 1873.2 -13310.8
24375 1774.8 -13514.5
24376 1673.6 -13515.6
24377 1875.5 -13513.5
24378 1776.7 -13717
24379 -5217.7 13514.4
24380 1675.9 -13718
24381 1877.8 -13716.1
24382 1778.7 -13920.1
24383 1744.6 -13920.4
24384 1904.8 -17960
24385 1840.1 -18162.4
24386 1738.8 -18163.5
24387 1942.3 -18161.4
24388 1741.7 -18365.8
24389 1944.9 -18363.7
24390 -5218.5 13376.3
24391 1849 -18769.4
24392 1598.3 1654.9
24393 1598.7 1610.8
24394 1597.7 1753
24395 1400.3 1652.9
24396 1801.6 1656.9
24397 1600.3 1450.3
24398 1602.4 1348.8
24399 1804.1 1452.7
24400 1403.2 1448
24401 -275 8971.6
24402 -5226.6 13134.2
24403 1603.9 1248.2
24404 1404.1 1346.6
24405 1604.7 1197.2
24406 1405.2 1245.4
24407 1692.9 1249.5
24408 1605.1 1146.8
24409 1406.7 1143.7
24410 1606.6 1046.5
24411 1408.1 1042.7
24412 1651.2 1047.1
24413 -5143.8 13046
24414 1595.8 904
24415 1569.6 843.4
24416 1608.9 843.9
24417 1811.8 846.7
24418 1740 -10683.1
24419 1673.1 -10683.8
24420 1806.9 -10682.4
24421 1741.8 -10884.9
24422 1843 -10883.8
24423 1744.6 -11088.1
24424 -5045.6 12832.9
24425 1643.8 -11089.5
24426 1747 -11288.6
24427 1847.9 -11287.5
24428 1749.7 -11492.7
24429 1682.5 -11493.5
24430 1850.7 -11491.5
24431 1666.1 -10077.2
24432 1536.9 -10482
24433 1639.1 -10684.2
24434 1654 -9066.7
24435 -5200.6 13452.4
24436 1721.7 -9066
24437 1620.2 -9067
24438 1655.2 -9168.8
24439 1528.8 -9170.6
24440 1789.9 -9166.8
24441 1656.4 -9270.2
24442 1524.8 -9271.9
24443 1791 -9268.4
24444 1657.5 -9370.7
24445 1525.9 -9371.8
24446 -5226.4 14393.6
24447 1792.2 -9368.7
24448 1658.6 -9470.5
24449 1527.3 -9472.2
24450 1793.3 -9468.8
24451 1659.8 -9572.6
24452 1794.5 -9571.2
24453 1660.9 -9672.9
24454 1795.6 -9671.4
24455 1660.2 -4013.3
24456 1556.8 -3816.7
24457 -5090.1 14352.4
24458 1559.4 -4014
24459 1761 -4012.6
24460 1561.8 -4216.1
24461 1763.8 -4213.7
24462 1667.7 -4618.7
24463 1669 -4721
24464 1670.3 -4820.6
24465 1569.4 -4821.5
24466 1771 -4819.7
24467 1672.8 -5024.3
24468 -5180.9 14640.8
24469 1571.8 -5025.3
24470 1773.5 -5023.2
24471 1675.3 -5226.6
24472 1775.9 -5225.7
24473 1677.7 -5428.7
24474 1576 -5429.6
24475 1680.2 -5630.7
24476 1780.7 -5629.3
24477 1682.6 -5833.1
24478 1581.3 -5834.2
24479 -67.3 12960
24480 1783.9 -5874
24481 1684.7 -6035.1
24482 1687.6 -6236.4
24483 1787.8 -6235.3
24484 1689.8 -6439.9
24485 1691.7 -6641.4
24486 1589.6 -6440.9
24487 1790 -6438.7
24488 1591.7 -6642.6
24489 1792.2 -6640.2
24490 25.8 12959.9
24491 1694 -6843.3
24492 1594 -6844.3
24493 1696.3 -7045.9
24494 1796.9 -7044.1
24495 1698.6 -7247.4
24496 1597.6 -7248.6
24497 1799.3 -7246.2
24498 1700.9 -7450.1
24499 1599.3 -7451.6
24500 1902 -7447
24501 -156.2 13151.1
24502 1703.4 -7651.7
24503 1602.7 -7652.7
24504 1804.5 -7650.7
24505 1706 -7854.2
24506 1605.2 -7855
24507 1708 -8054.9
24508 1809.4 -8054.5
24509 1811.8 -8257.1
24510 1610.2 -8259.7
24511 1715.7 -8661.5
24512 -174.6 8872.3
24513 32.1 12753.4
24514 1718.7 -8864.7
24515 1819.2 -8863.5
24516 1788.7 -9065.4
24517 1583.9 2784
24518 1589.4 2431.8
24519 1790.6 2434.5
24520 1588 2520.8
24521 1887.9 -16947.8
24522 1591.2 2247.4
24523 1855.2 -11894.4
24524 -667.4 14471.4
24525 1762.2 -12502.4
24526 1661.1 -12503.5
24527 1862.6 -12501.5
24528 1663.5 -12692.7
24529 1571.4 3732.6
24530 1772.7 3735.5
24531 1375.7 3587.2
24532 4897.6 -20037.1
24533 4989.3 -20037.5
24534 4900.6 -20140.5
24535 -677.3 14573
24536 4895.1 -19952.4
24537 3992.7 -20059.5
24538 3793.2 -20060.6
24539 3995 -20159.2
24540 3990.6 -19958.2
24541 3692.2 -20062.4
24542 3752.1 -20061
24543 3694.2 -20163.1
24544 3688.6 -19961.8
24545 368.6 7215.8
24546 -663.5 14372.2
24547 506.9 7098.6
24548 301.3 7187.7
24549 307.6 7270
24550 106.4 7185.5
24551 306.3 7099.2
24552 105.5 7261.4
24553 107.5 7096.6
24554 1917 7336.1
24555 1816.8 7282.2
24556 1804.7 7467.9
24557 -715.4 15044.8
24558 1928.2 7120
24559 1861.2 7118.8
24560 509.9 7221.8
24561 -2933.3 7177.1
24562 -2941.9 7073.7
24563 3895.1 7257.8
24564 3893.8 7339.3
24565 3897 7147.3
24566 3734.7 7340.7
24567 -5725.1 7150.8
24568 -718.1 15179.9
24569 -5727 7253.3
24570 -5723.2 7049.8
24571 -5974.6 7148.5
24572 -5976.7 7251.1
24573 -5983.8 7047.7
24574 -3741.1 -12367.8
24575 4636 1354.6
24576 4510.5 1353
24577 4636.6 1224.3
24578 4806.6 -2258
24579 -817 15123.4
24580 4808 -2359.3
24581 4736.8 -7814.7
24582 4599.2 -7815.2
24583 4737.8 -7841.2
24584 4731.4 -7678.6
24585 4738.6 -8008.2
24586 4754.9 -9430.3
24587 4891.8 -9427.9
24588 4756.1 -9631.9
24589 4778.1 -11047.8
24590 2986.8 13792.6
24591 4783.4 -11453.2
24592 4911.7 -11452.9
24593 4806.1 -13076
24594 4862.6 -13075.1
24595 4798.7 -12986.6
24596 4698.3 -13077.6
24597 4808.5 -13278.6
24598 4857.2 -13278
24599 4938 -13479.6
24600 4827.6 -14708.7
24601 2909.8 14178.2
24602 4817.4 -14796.6
24603 4983.2 -14807.5
24604 4817.3 -14898.5
24605 4717.2 -14899.5
24606 5116.9 -14996.3
24607 5126.9 -15197.7
24608 4820.2 -15303.2
24609 4820.8 -15405
24610 5111.6 -15401.5
24611 4821 -15505.1
24612 2625.7 14941
24613 4922.3 -15503.8
24614 4721.6 -15506
24615 4823.3 -15606.7
24616 4626.2 -15608.2
24617 4825.2 -15707.9
24618 4924.3 -15706.7
24619 4827 -15810.1
24620 4628.8 -15811.3
24621 4828.6 -15913.3
24622 4832.2 -16213.7
24623 296.1 8530.2
24624 2879.9 14167.5
24625 4733.7 -16214.8
24626 4834.1 -16316.1
24627 4735.4 -16316.9
24628 4836.7 -16516.9
24629 4932.2 -16314.8
24630 4738.4 -16518
24631 4842 -16922.8
24632 4842.7 -16974.3
24633 4843.3 -17024.3
24634 4644.3 -17025.6
24635 2961.7 13797.9
24636 4929.8 -17123.7
24637 4691.4 -17126
24638 4849.4 -17426.3
24639 5017.1 -17425
24640 4850.9 -17527.3
24641 4852.6 -17628.3
24642 4625.3 -17529.2
24643 5017.1 -17525.7
24644 5017.6 -17625.8
24645 4854.2 -17735
24646 -5216.9 10298
24647 4629 -17732
24648 4855.5 -17830.2
24649 4630.6 -17832.2
24650 4857.2 -17930.6
24651 5028.7 -17829.1
24652 4862.6 -18239.2
24653 4754 -17931.6
24654 5031.2 -17929.6
24655 5043.5 -18344.1
24656 4873.1 -18843.4
24657 -5217.6 10398.6
24658 5051 -18840.2
24659 4874.8 -18943.4
24660 5052.7 -18940.9
24661 4772.7 -18944.2
24662 4876.5 -19044.3
24663 4878.1 -19145.2
24664 5054.5 -19042.5
24665 5055.9 -19151.5
24666 4777.7 -19155.5
24667 4879.8 -19246.2
24668 -5215.8 10195.8
24669 4881.5 -19348.2
24670 5059.8 -19345.9
24671 4883.2 -19449.1
24672 4780.2 -19348.9
24673 4884.8 -19550.4
24674 5061 -19446.9
24675 5062 -19548.7
24676 4889.3 -19751.7
24677 4782.8 -19551
24678 4893.2 -19886.5
24679 -5111.1 10298.8
24680 4787.3 -19752.5
24681 4984.4 -19886.8
24682 4691.7 -19953.6
24683 5078.3 -20140.1
24684 5081.2 -20247.5
24685 -1207.8 13050.7
24686 -1178.7 13012.1
24687 -6018.1 13026.8
24688 -6000 12998.2
24689 -6064.4 13100.1
24690 -5420.4 10295.9
24691 -6684.5 13027.5
24692 -6484.4 13171.5
24693 -6887.9 13026.6
24694 -6686.6 13170.1
24695 -7091.2 13024.8
24696 -7293.8 13022.6
24697 -7292.3 12919.7
24698 -5658.4 13029.4
24699 -5660 13130.8
24700 -5657 12928.1
24701 -5237.9 11916.9
24702 -5860.9 13028.1
24703 -5862.3 13128.9
24704 -5955.8 12928.2
24705 -781.9 13051.1
24706 -908.5 13050.3
24707 -780.4 12956
24708 -874.1 12955.7
24709 -12704.5 13054.1
24710 -12888.7 12974
24711 -12730.6 13133.9
24712 -5237.9 11972
24713 7374.3 -9192.8
24714 7376.3 -9293.9
24715 7577.2 -9192.3
24716 7342.8 -9192.9
24717 7578.5 -9293.2
24718 7377.6 -9396
24719 7478.1 -9395.7
24720 7309.6 -9396.2
24721 7379.8 -9598.5
24722 7480.6 -9598
24723 -5237 11811.2
24724 7382 -9800.9
24725 7483.1 -9800.9
24726 7318.4 -9801.2
24727 7496.5 -11015.4
24728 7295 -11017.1
24729 7398.7 -11219.7
24730 7498.9 -11218.8
24731 7297.8 -11220.7
24732 7399.7 -11421.4
24733 7500.5 -11420.1
24734 1857.4 6552.2
24735 -5094.9 11918.1
24736 7299.9 -11422.7
24737 7276.3 -6972.8
24738 7280.1 -7174.8
24739 7413.4 -6971.7
24740 7147.4 -6973.8
24741 7281.4 -7376.8
24742 7411.2 -7173.9
24743 7283.5 -7576.5
24744 7413.9 -7375.8
24745 7151.7 -7377.8
24746 -5449.7 11915.2
24747 7284.7 -7778.9
24748 7414.7 -7575.8
24749 7153.7 -7575.6
24750 7287.1 -7983.2
24751 7156 -7780.4
24752 7417.9 -7982.1
24753 7288.7 -8184.9
24754 7158.1 -7984
24755 7420.1 -8184
24756 7160.3 -8185.7
24757 -5017.4 11722.5
24758 7260.4 -4949.8
24759 7262.7 -5111.3
24760 7396.7 -4948.5
24761 7126.7 -4951
24762 7128 -5112.3
24763 7264.5 -5274.4
24764 7467.6 -5272.9
24765 7129.7 -5275.3
24766 7265.7 -5436.5
24767 7269.5 -5758.8
24768 -5397.4 12047.4
24769 7134.7 -5761.9
24770 7272 -5961.6
24771 7405.3 -5960.5
24772 7274.1 -6164.6
24773 7276.3 -6366.5
24774 7138.9 -6165.8
24775 7408.1 -6163.4
24776 7278.4 -6568
24777 7140.9 -6367.1
24778 7143 -6569.2
24779 -5249 12628
24780 7323.7 -8558.9
24781 7323.4 -8789.6
24782 7223.4 -8560.1
24783 7351.7 -8789.5
24784 7227.3 -8990.3
24785 7505.1 -11501.2
24786 7496.2 -11809.4
24787 7455.6 -11883.7
24788 7607.5 -11824.8
24789 7386.8 -12434.2
24790 -5101.4 12424.9
24791 7486.8 -12432.7
24792 7280.2 -6763.8
24793 7414.4 -6763.1
24794 7145.2 -6768.3
24795 7258.2 -4344.5
24796 7259 -4547.3
24797 7383.5 -4343.4
24798 7123.2 -4345.6
24799 7259.8 -4748.4
24800 7392.6 -4546.3
24801 -5247.4 12526
24802 7124.4 -4548.3
24803 7529.1 -4746.2
24804 7125.6 -4749.5
24805 7423.4 -13644.7
24806 7566.5 -13635
24807 7320.9 -13446.6
24808 7322.9 -13645.9
24809 -5970.5 4804.8
24810 -5967.4 4639.4
24811 -6388.1 4763.3
24812 -5450 12626.1
24813 -6630.5 4762.9
24814 -6628.2 4635.4
24815 -4546.3 4831
24816 -4049.4 4880.5
24817 -4549.5 5021.4
24818 -4542.5 4606.4
24819 -5159.2 4827.6
24820 -5161 4929.1
24821 -5157.4 4728.6
24822 -5362.4 4826.3
24823 -5250.3 12728.2
24824 -5360.6 4727.5
24825 -5565.4 4816.1
24826 -5567.4 4925.9
24827 -2817.2 4898.8
24828 -3221 4846.5
24829 -3117.1 4503.7
24830 -3323.2 4846
24831 -3423.2 4845.5
24832 -3325.7 5050
24833 -3525.9 4845
24834 -5251.7 12845.6
24835 -3528.4 5048.7
24836 -3523.2 4613.4
24837 -5666.9 4806.6
24838 -5671.8 5027.2
24839 -5768.3 4806
24840 -5765.2 4641
24841 -5870 4805.4
24842 -5874.1 5027.8
24843 -5972.1 4887.7
24844 5242.6 -21654.1
24845 1816.5 6309
24846 -5240.9 13083.5
24847 5301.8 -21560.7
24848 5301.7 -21654.5
24849 5299.9 -21974.6
24850 5435.9 -21654.7
24851 5517.4 -21714
24852 5851.2 -21653.5
24853 5937 -21652.6
24854 6106.8 -21654.2
24855 5882.1 -21574.3
24856 6304.7 -21656
24857 -5280.1 16782.8
24858 6103.8 -21760.7
24859 6106.1 -21573.9
24860 6450.5 -21657.5
24861 6351.1 -21576.2
24862 6450.9 -21783.2
24863 6552.8 -21659.2
24864 10934.2 -21747.1
24865 10934.8 -21688
24866 11034.1 -21688.2
24867 11036.2 -21486
24868 -5282.1 16604.6
24869 11137.1 -21689.1
24870 11135.8 -21891.9
24871 11240.1 -21689.9
24872 11238.1 -21892.6
24873 11339.6 -21690.7
24874 11340.8 -21488.8
24875 11440.7 -21691.5
24876 11438.9 -21894.8
24877 11540.4 -21692.4
24878 11540.1 -21894.9
24879 -5182.1 16781.3
24880 11642.1 -21693.3
24881 11640.7 -21895.6
24882 11742.9 -21694.3
24883 11743.7 -21492.7
24884 11741.5 -21896.4
24885 11843.9 -21695.3
24886 11843 -21897.1
24887 11944.7 -21696.2
24888 11844.4 -21493.2
24889 11943.8 -21897.9
24890 -381.2 13360
24891 12045.9 -21697.2
24892 12045.3 -21898.6
24893 12046 -21494.1
24894 12146.8 -21698.2
24895 12144.4 -21899.3
24896 5044.9 963.8
24897 5174.7 964.8
24898 -4262.9 -11199.5
24899 -4244.8 -11242.9
24900 -4125.9 -11159.3
24901 -380.2 13277.9
24902 -4336.1 -10814.3
24903 -2483.2 -11237.7
24904 -4072.8 -11280.3
24905 -4126.9 -11018
24906 -2708.4 -11139.7
24907 -2911.7 -11141.9
24908 -2707 -11240.1
24909 -2709.8 -11038.8
24910 -2910.1 -11244
24911 -2913.3 -11040.5
24912 -383.3 13563.3
24913 -3113.6 -11144.2
24914 -3112 -11246
24915 -3115.2 -11042.5
24916 -4724.3 -11144.9
24917 -4792.3 -11156.8
24918 -4682.1 -11053.7
24919 -4933.6 -11158.5
24920 4672.8 -11049.8
24921 4570.7 -11051
24922 4673.8 -11252.7
24923 -265.5 13365.9
24924 4469.7 -11052.7
24925 4568.4 -10848.5
24926 4373.5 -11054.3
24927 4472 -11256
24928 4265.5 -10852.9
24929 3965.6 -11059.4
24930 3886.7 -11061.3
24931 3927.2 -10858.2
24932 3764.6 -11063.6
24933 3765.9 -11162.6
24934 -4275.2 11115.1
24935 3664.5 -11065.3
24936 3661.7 -10863.3
24937 3560.9 -11067.4
24938 3424.9 -11471.9
24939 3551.7 -10865
24940 3447.3 -11068.3
24941 3360.5 -11069
24942 3386.4 -11068.8
24943 3258.6 -11069.2
24944 3357.5 -10865.8
24945 -4120.9 11116.1
24946 3157.5 -11070.5
24947 3259.7 -11169.2
24948 3160.4 -11271
24949 3154.1 -10868.7
24950 3056.5 -11072
24951 2955.9 -11073.2
24952 3053.4 -10869.9
24953 2855.3 -11074.4
24954 2958.7 -11274.9
24955 2753.8 -11075.6
24956 1277.7 7662.3
24957 -4424.4 11240.3
24958 2851.9 -10872.2
24959 2756.3 -11277.2
24960 2751.3 -10873.4
24961 2652.2 -11076.8
24962 2552.2 -11078
24963 2654.8 -11278.3
24964 2451.8 -11079.2
24965 2549.4 -10875.7
24966 2453.4 -11280.6
24967 2350.5 -11080.4
24968 -4309.5 11114.8
24969 2352.9 -11281.7
24970 2048 -11083.8
24971 2045.3 -10881.5
24972 1946.8 -11085.1
24973 1845.4 -11086.8
24974 1949.3 -11286.3
24975 1944.4 -10882.6
24976 1641.7 -10886
24977 1543.4 -11089.7
24978 1441.9 -11090.7
24979 -4200.6 11050.9
24980 1440.2 -10888.2
24981 1342 -11091.6
24982 1444.4 -11292
24983 1240.5 -11092.4
24984 1344 -11293.1
24985 1238.1 -10890.1
24986 1139.6 -11093.3
24987 1141.4 -11295.3
24988 1038.5 -11094.1
24989 1040.8 -11296.4
24990 -5179.1 6548.2
24991 937.4 -11095
24992 935.6 -10892.9
24993 836.6 -11095.9
24994 735.7 -11096.7
24995 838.3 -11298.7
24996 734.7 -10994.7
24997 -3317.5 -11153.6
24998 -3373.9 -11154.5
24999 -3318.1 -11122
25000 -3315.4 -11249.8
25001 -5178.6 6448.6
25002 -3699.4 -11160
25003 -3717.9 -11219.4
25004 -3781.5 -11124.9
25005 -3809.2 -10805.1
25006 -3863.1 -11168.2
25007 -3942.1 -11210.7
25008 -3889.8 -10807.1
25009 -4014.2 -11248
25010 -3969.9 -10807.8
25011 -4045.5 -11017.3
25012 -5382.2 6548
25013 -4095.7 -11344.2
25014 206.7 -11100.2
25015 123.9 -11214.4
25016 125.5 -11101.2
25017 124.1 -10999.5
25018 25.4 -11102.5
25019 27.6 -11252.3
25020 -71.3 -11103.7
25021 -176.4 -11106
25022 -72.2 -11001.6
25023 -5179.9 6650.1
25024 -69.8 -11255.6
25025 -278.1 -11107.6
25026 -177 -11308.8
25027 -175.9 -10903.8
25028 -379.2 -11108.5
25029 -277.8 -11309.5
25030 -277.3 -10905.1
25031 -580 -11110.9
25032 -380.7 -11209.7
25033 -377.6 -11007.1
25034 -5191.3 9115.6
25035 -681.1 -11111.9
25036 -580.8 -11010
25037 -782.3 -11114.1
25038 -679.6 -11315.1
25039 -682.6 -10910.4
25040 -884.6 -11115.3
25041 -779.9 -11317.1
25042 -785.1 -10911.1
25043 -984.2 -11116.4
25044 -882.7 -11318
25045 -5192.2 9153.8
25046 -886.5 -10913
25047 -1087 -11118.1
25048 -987.3 -10914.3
25049 -1188.5 -11119.4
25050 -1085 -11320.7
25051 -1089 -10915.6
25052 -1290 -11120.2
25053 -1186.3 -11322.4
25054 -1191.1 -10916.3
25055 -1391.8 -11122.1
25056 -5190.6 9084.3
25057 -1287.6 -11323.9
25058 -1292.3 -10918.2
25059 -1491.9 -11123.5
25060 -1389.5 -11324.8
25061 -1394.2 -10919.5
25062 -1490.1 -11326.2
25063 -1494.9 -10920.8
25064 -1898.7 -11129
25065 -1895.1 -11331.9
25066 3286.9 -4905.1
25067 1406.6 7384
25068 -4989.3 9117.6
25069 3285.6 -4804.2
25070 3288.2 -5005.6
25071 3082.9 -4806.2
25072 2881.9 -4910.1
25073 2681 -4912.6
25074 2682.1 -5013.2
25075 2679.8 -4810.7
25076 459 -4930.7
25077 282.3 -4931.1
25078 460.3 -5030.8
25079 -337.4 10527.7
25080 458.1 -4828.8
25081 281.8 -4829.3
25082 282.7 -5032.6
25083 55.4 -4933.1
25084 56 -5034
25085 54.8 -4829.6
25086 -100.3 -4934.4
25087 -99.9 -5034.9
25088 -101.2 -4830.5
25089 -2889.4 -4974.6
25090 -345.8 10731.2
25091 -2788.4 -4863.3
25092 7959.8 -7015.2
25093 -5648 -3873.1
25094 -5646.7 -4075.4
25095 -5638.5 -4685.2
25096 -5636 -4886.3
25097 -5633.9 -5089.9
25098 -5631.5 -5291.5
25099 -5630.3 -5382.8
25100 -5500.1 -7621.2
25101 -241 10528.5
25102 -5595.8 -7525.6
25103 -5549.1 -7617.9
25104 -5543.1 -7868
25105 -4025 12841.3
25106 -4155.2 12964.3
25107 -4021.7 12737.5
25108 -4269.9 13070.2
25109 -4095.2 13042.2
25110 -4270.8 13140.4
25111 9997.9 -9088
25112 -372.7 12753.4
25113 10098.3 -9224.6
25114 9956.1 -9030.9
25115 9833.1 -9313.3
25116 9740.8 -9173.6
25117 8440.9 -9294.5
25118 8338.2 -9294.8
25119 7780.2 -9293.2
25120 7579.8 -9395.4
25121 7966.5 -9292.4
25122 7779.2 -9191.9
25123 -371.1 12652.3
25124 7782.4 -9394.8
25125 7998.6 -9292.5
25126 7967.2 -9340.7
25127 8645.8 -9286.1
25128 8644 -9186.3
25129 8799.1 -9388
25130 7173.9 -9295.6
25131 7174.5 -9396.7
25132 7171.7 -9193
25133 6451 -7484.3
25134 -376.5 12957
25135 6449.6 -7585.2
25136 6450.1 -7382.7
25137 7809.5 -11922.4
25138 7993.6 -11921
25139 7810.5 -12024.4
25140 8030 -11920.4
25141 7994.5 -12022.5
25142 8234.4 -11917.9
25143 8235.6 -12019.5
25144 8233.3 -11817.9
25145 -473.6 12753.3
25146 8415.3 -11915.9
25147 8414.4 -11815
25148 7403.7 -11975.8
25149 7354.7 -12064.8
25150 -9729.8 10659.2
25151 -9880.1 10656.9
25152 -9731.7 10760.1
25153 -9727.9 10558
25154 -9982.1 10655.3
25155 -9881.9 10757.5
25156 -270.9 12754.7
25157 -9978.4 10452.6
25158 -10084.7 10653.7
25159 -10088.7 10856
25160 -10186.8 10648.2
25161 -10183.2 10450.2
25162 -10190.6 10854.6
25163 -10287 10642
25164 -10284.1 10448.5
25165 -10388.1 10640.3
25166 -10488.3 10638.7
25167 220.1 13570.7
25168 -10391.4 10851.2
25169 -10575.3 10637.2
25170 -10492.3 10849.4
25171 -10566.8 10443.9
25172 -10694.5 10635.2
25173 -10698.5 10845.9
25174 -10794.8 10633.5
25175 -10791.6 10440.3
25176 -10896.3 10631.8
25177 -10900.2 10842.5
25178 1647.8 6915.7
25179 217.6 13772.9
25180 -11301.4 10625.1
25181 -11305.1 10835.7
25182 -11402.9 10623.4
25183 -11398.9 10430.5
25184 -11504.5 10621.7
25185 -11509 10832.3
25186 -11605.7 10620
25187 -11601.5 10427.2
25188 -11707.8 10618.3
25189 -11712.4 10828.8
25190 153.4 13569.7
25191 -11811.8 10616.6
25192 -11816.5 10827.1
25193 -11807.1 10423.9
25194 -11912.1 10614.9
25195 -11907.8 10422.3
25196 -12013.7 10613.3
25197 -12017.9 10823.7
25198 -12115.9 10611.6
25199 -12112 10419
25200 -12218.6 10609.9
25201 287.6 13571.4
25202 -12222.1 10740.3
25203 -1155.7 10702.9
25204 -1594.7 10703.4
25205 -1154 10602.1
25206 -1160.9 11135.1
25207 -1662.3 10703.4
25208 -1662.4 10765.4
25209 -1532.1 10643.3
25210 -1764 10703.5
25211 -1867 10703.6
25212 -5273.1 14351.3
25213 -1761.5 10515
25214 -1967.9 10703.6
25215 -1837.2 10931.5
25216 -1972 11058.4
25217 -1965.7 10514.6
25218 -3890 10724.8
25219 -3855.1 10765.5
25220 -4099.6 10712.6
25221 -3990.5 10713.6
25222 -4070.4 10943.7
25223 -5263.5 14074.3
25224 -4201.8 10711.8
25225 -4200.6 10609.7
25226 -4302.9 10711
25227 -4306.9 10912.6
25228 -4609.6 10708.6
25229 -4612.2 10911.5
25230 -4711.4 10707.6
25231 -4713.8 10910.9
25232 -4810.1 10706.6
25233 -4813.1 10910
25234 -5279.1 14640
25235 -4878.3 10705.9
25236 -4884.5 10501.8
25237 -4970 10705
25238 -5082.5 10703.9
25239 -5079.9 10500.6
25240 -5220.9 10702.6
25241 -5426.5 10700.9
25242 -5425.2 10599
25243 -5629.3 10699.2
25244 -5627.9 10597.3
25245 -5379 14349.8
25246 -5832.2 10697.5
25247 -5831.1 10595.6
25248 -6035 10594
25249 -6442.6 10692.5
25250 -6444.4 10793.3
25251 -6646.3 10690.8
25252 -6647.9 10790.9
25253 -6644.6 10589
25254 -7051.6 10687.6
25255 -7053.3 10788.2
25256 -398.2 14372.6
25257 -6850.8 10689.2
25258 -7251.5 10584.1
25259 -7858.7 10681.4
25260 -7856.5 10579.4
25261 -7860.9 10784.3
25262 -7657 10682.7
25263 -8060.4 10680.1
25264 -8062.6 10783.1
25265 -8058.2 10578
25266 -8261.8 10678.8
25267 -396.1 14264.1
25268 -8264.1 10781.9
25269 -8260.4 10577.3
25270 -8574.1 10675.8
25271 -8578.6 10881
25272 -8674.8 10674.2
25273 -8472.9 10677.5
25274 -8670.7 10469.3
25275 -8775.2 10672.5
25276 -8779.2 10877.3
25277 -8968.8 10669.4
25278 -400 14473.5
25279 -9070.1 10668.5
25280 -8967.3 10590.5
25281 -9170.6 10666.2
25282 -9166.4 10462.9
25283 -9272.4 10664.5
25284 -9276.3 10868.1
25285 -9268.5 10461.2
25286 -9372.9 10663.5
25287 -9377 10867.4
25288 -3741.6 10763.7

# Edges
0 1
0 11112
0 15155
1 1893
1 17799
2 15352
2 15362
2 24178
3 114
3 4891
3 15093
4 17761
4 23847
4 25256
5 42
5 25288
6 8456
6 8460
6 10999
6 25288
7 8
7 9
7 15010
8 15008
8 15013
8 15015
9 8421
9 15009
10 8450
10 10997
10 10998
10 22431
11 12
11 13
11 8449
11 21249
12 14
12 9564
13 14
13 16
13 17
14 19
14 7038
15 26
15 37
15 48
16 8445
16 8449
17 18
17 7039
18 19
18 21341
18 21345
19 836
19 7037
20 21
20 22
20 25
20 21342
21 23
21 24
21 25
21 27
21 8442
22 8442
22 8444
22 21344
23 28
23 8441
24 28
24 9572
24 18486
25 847
25 9568
25 14971
26 7718
26 9458
26 12608
27 9568
27 16550
28 8440
29 7711
29 23528
29 23532
29 23807
30 31
30 32
30 9590
30 20043
31 5085
31 5573
32 5573
32 8468
33 9590
33 9592
33 20039
33 20043
34 35
34 20040
34 20041
34 20044
35 36
35 38
35 9593
36 8471
36 20044
37 9380
37 9447
37 9458
38 39
38 40
38 8471
39 6786
39 9463
39 9593
40 41
40 5836
40 9463
41 8455
41 8471
42 5836
42 10999
43 44
43 24117
43 24122
44 249
44 7594
44 7596
45 20814
45 24118
45 24121
46 47
46 49
46 50
46 51
47 52
47 11420
47 14466
48 2283
48 12608
48 23847
49 1033
49 13396
50 12667
50 13396
50 14466
51 11419
51 11420
51 11421
52 11422
52 14876
52 21871
53 54
53 55
53 575
54 210
54 573
54 5520
55 56
55 57
55 210
56 24773
56 24775
57 575
57 5521
57 24776
58 60
58 61
58 5122
58 9975
59 70
59 81
59 92
60 62
61 9974
61 11722
62 5120
62 5122
62 5123
63 14560
63 15989
63 19864
64 16793
64 19861
64 19864
65 6277
65 20814
65 24121
66 67
66 68
67 71
67 13535
67 13538
68 13534
68 13535
69 71
70 81
70 24624
71 13393
71 13539
72 73
72 74
72 75
73 17170
74 76
76 77
76 17170
77 17171
78 10993
78 10994
78 23868
79 80
79 82
79 23868
80 83
80 84
81 8180
82 84
82 10992
83 85
83 86
84 86
84 10139
85 87
85 88
86 88
86 10138
87 89
87 90
88 90
88 10140
89 91
89 93
90 10989
91 94
91 95
92 7858
92 8058
93 94
93 10989
94 10986
94 14684
95 96
95 14684
96 97
96 98
97 99
97 5815
98 99
98 100
98 10988
99 7164
100 101
100 102
100 7164
101 102
101 104
101 7601
101 11856
102 5599
102 22921
103 115
103 126
103 13791
104 105
104 106
105 106
105 107
105 108
106 5594
107 109
107 110
108 5596
108 5597
109 112
109 5596
109 11434
110 111
110 112
110 113
111 118
111 4989
111 5594
112 117
112 11430
113 116
113 117
114 225
114 336
115 5308
115 5311
116 118
116 119
117 11428
118 124
118 4989
119 120
119 121
120 122
120 123
120 124
121 123
122 125
122 8587
123 8540
123 8586
124 4992
124 8587
125 127
125 264
125 8416
125 24113
126 5307
126 13788
127 8540
127 8541
128 24113
128 24115
129 22218
129 22223
129 23744
129 23922
130 22223
130 23920
130 23922
131 132
131 133
131 134
131 135
132 136
132 8698
132 14665
133 136
133 138
133 139
134 14665
135 139
135 10983
136 140
136 8697
137 148
137 159
137 170
137 181
138 140
138 141
139 143
139 14578
140 8427
140 8696
141 142
141 143
142 8427
142 10982
142 25162
143 8883
143 10982
144 10982
144 25162
144 25163
144 25168
145 14902
145 25157
145 25158
145 25161
146 147
146 9579
146 14902
146 25161
147 149
147 150
147 151
148 8454
148 8457
148 9464
149 1678
150 1678
150 9579
150 13601
151 1677
151 14902
151 19463
152 153
152 19460
153 154
153 19456
154 155
155 156
155 19453
156 157
156 19450
157 158
158 160
158 161
159 8863
160 19447
160 19450
161 2231
162 163
162 164
163 165
163 166
164 165
164 1009
164 16456
165 168
165 8687
166 167
166 168
167 169
167 171
168 169
168 8686
169 173
169 8685
170 8861
170 14942
171 172
171 173
172 174
172 11941
173 11941
173 14777
174 175
174 176
175 8683
175 11941
175 14901
176 14901
177 178
177 18956
177 18961
178 179
178 180
179 7198
179 7206
180 7198
180 7203
180 18961
181 8457
181 8867
182 183
182 184
182 22925
183 185
183 186
183 187
184 187
184 388
184 22920
185 188
185 189
186 7581
186 22925
187 389
187 391
188 7581
188 7583
189 9718
189 13070
190 193
190 22927
190 23915
191 193
191 23911
191 23915
192 203
192 214
192 226
192 237
193 384
194 557
194 562
194 24806
195 196
195 24791
196 197
197 5506
197 5507
197 20530
198 210
198 5518
198 5520
198 24771
199 5497
199 13446
199 16643
199 24767
199 24771
200 18836
200 18837
200 18841
201 202
201 5499
201 18839
201 24730
202 5500
202 5501
202 24733
203 2300
203 3568
204 5525
204 5528
204 5529
204 24739
205 5529
205 5530
205 24742
206 207
206 5530
206 5531
206 24744
207 13021
207 16208
207 24748
208 5516
208 16208
208 24752
209 2051
209 5515
209 24755
210 24775
211 5398
211 17499
211 24722
211 25120
212 526
212 5490
212 24760
212 24803
213 5490
213 24760
213 24764
214 5181
214 5183
214 13709
215 533
215 5490
215 5492
215 24764
216 20520
216 24787
216 25149
217 2049
217 5511
217 13850
217 17453
218 17453
218 24783
219 1885
219 5488
219 15636
219 24797
220 17591
220 17769
220 19068
221 222
221 223
221 224
221 22327
222 224
222 228
223 9295
223 9297
224 227
224 22330
225 336
225 21320
225 21679
226 294
226 14300
226 15387
227 228
227 18596
227 22333
228 9298
229 230
229 231
229 232
229 18595
230 233
230 9300
230 18598
231 4782
231 18589
232 233
232 4779
232 21404
233 4783
233 4784
234 236
234 6872
234 21406
235 236
235 238
235 239
235 21406
236 241
236 12227
237 2284
237 2286
238 242
238 6871
239 240
239 241
239 242
240 243
240 244
240 245
241 244
241 12229
242 245
243 12234
243 16036
244 12230
244 12234
245 16036
246 7590
246 12235
246 16036
247 249
247 250
247 16025
247 16624
248 259
248 270
249 5545
249 5547
249 16014
250 251
250 4447
251 252
251 253
251 254
252 256
252 5551
252 5553
253 255
253 256
254 7084
254 7290
254 7292
255 257
255 4669
256 2573
256 7085
257 2567
257 2573
258 260
258 261
258 17241
259 8354
260 262
260 2566
261 262
261 263
262 8539
263 264
263 265
264 8539
265 4780
265 15336
266 267
266 269
266 16047
267 271
267 15101
268 269
268 271
268 272
269 274
269 21500
270 292
270 8355
271 15101
272 273
272 274
273 275
273 15914
274 275
274 21504
275 7307
275 7308
276 22906
276 22907
277 278
277 22293
277 22906
278 5263
278 5264
279 280
279 282
280 283
280 2371
281 292
281 303
281 314
283 284
283 21093
284 2371
284 21096
285 286
285 287
287 288
287 289
288 24123
289 290
289 291
290 293
291 293
291 294
292 12688
293 295
294 295
295 14300
296 297
296 298
296 299
297 5086
297 5087
297 12220
298 300
298 12220
298 17292
299 5087
299 15387
300 301
300 11973
300 17293
301 302
301 304
301 22195
302 305
302 306
302 12218
303 12688
303 19529
303 19532
304 11973
304 11974
304 12218
305 307
305 22189
305 24110
306 22188
306 22189
306 22195
307 308
307 24109
308 310
308 22183
308 22189
309 311
309 7322
309 12216
309 24109
310 22185
310 24109
311 312
311 313
312 315
312 12214
313 4301
313 12214
313 12216
314 19532
315 316
315 317
315 318
316 12116
316 12214
316 14299
317 319
317 12116
318 322
318 7322
318 11344
319 320
319 321
319 322
320 323
320 15436
321 12116
321 12221
322 324
322 7321
323 324
323 326
324 7318
324 7320
325 348
325 12011
325 24246
326 327
326 15401
326 24579
327 455
327 24568
327 24579
328 4861
328 15163
328 23280
328 23281
329 4860
329 15163
329 23280
330 331
330 332
330 17779
331 16928
331 17781
332 7304
332 7306
333 338
333 7314
333 17779
334 17381
334 17778
334 24100
335 17381
335 17777
335 17778
336 16676
337 348
337 15464
337 24246
338 339
338 7315
338 17778
339 340
339 7316
339 24100
340 7317
340 24103
341 343
341 17546
341 17548
342 343
342 12045
342 17546
343 11640
344 345
344 346
344 21753
345 346
345 15833
346 349
346 11496
346 15834
347 349
347 350
347 10154
348 359
348 370
349 352
349 11489
350 351
350 352
351 10154
351 21819
351 21822
352 4921
352 4924
353 354
353 355
353 17656
354 7628
354 15755
354 15762
354 15998
354 17578
355 7628
355 11488
355 17500
356 357
356 358
356 25152
357 360
357 361
357 23749
358 361
358 8426
358 25155
359 2280
359 17369
360 362
360 363
360 23751
361 363
361 8695
362 364
362 365
362 23754
363 365
363 8696
364 366
364 367
364 23758
365 366
365 8697
366 8698
366 8699
367 8699
367 16737
368 369
368 19461
368 23716
369 371
369 23721
370 2280
370 12008
371 1676
371 8700
372 373
372 374
372 375
373 12931
373 23735
374 4399
374 6816
375 4399
375 4400
376 926
376 17713
376 17736
377 379
377 13420
377 17747
378 13420
378 14584
378 17747
378 17758
379 380
379 17191
379 19401
380 382
380 12465
380 17680
381 392
381 403
381 414
381 425
382 17235
382 22513
383 384
383 385
383 386
384 5601
385 10119
385 23911
386 5600
386 5601
386 10117
387 393
387 22921
387 22922
388 389
388 22922
389 390
390 391
390 393
390 394
391 9718
392 2118
392 2121
392 6385
393 10987
394 10986
394 10987
394 10991
395 3170
395 9173
395 13524
395 23637
396 397
396 398
396 23636
397 399
397 400
397 4542
398 9173
399 401
399 402
399 4543
400 1317
400 4543
401 4538
401 4541
401 4542
402 404
402 405
402 4541
403 15854
403 16836
403 22191
404 406
404 4543
405 406
405 13526
406 14850
407 408
407 409
408 410
408 412
409 413
409 22044
410 411
410 412
410 413
411 415
411 416
411 417
412 416
412 13531
413 417
413 22048
414 15851
414 15854
415 418
415 419
415 420
416 419
416 12818
417 420
417 22051
418 421
418 422
418 423
419 422
419 12817
420 13685
420 22054
421 424
421 426
421 427
422 12819
422 13686
423 426
423 13685
423 22058
424 428
424 13537
424 13686
425 875
425 2118
425 16836
426 429
426 22062
427 428
427 429
427 430
428 431
428 13538
429 432
429 22065
430 431
430 432
430 433
431 434
431 13539
432 435
432 22070
433 434
433 435
434 13391
435 22073
436 448
436 459
436 470
437 438
437 439
438 2496
438 2497
439 2498
439 10619
440 441
440 19671
440 19672
440 19676
441 442
441 443
441 444
442 4190
442 4192
442 19676
443 9008
443 9010
443 19672
444 4192
444 9010
444 23594
445 9010
445 23589
445 23591
445 23594
446 449
446 450
446 18635
446 23234
447 558
447 15073
447 16676
448 18365
449 480
449 15518
449 15808
450 451
450 16769
450 18639
451 452
451 13206
451 14914
452 453
452 454
452 14914
453 454
453 18641
454 13206
454 18640
455 13208
455 18666
455 23282
456 18666
456 23282
456 23284
456 23285
457 13209
457 23284
457 23287
457 23288
458 13209
458 18666
458 18667
458 23284
459 1902
459 18367
460 13209
460 18668
460 18674
460 23287
461 462
461 18676
461 23292
461 23294
462 15322
462 23297
462 23298
463 18681
463 23298
463 23299
463 23303
464 5799
464 18677
464 18681
464 23298
465 18681
465 18682
465 18686
465 23303
466 23206
466 23208
467 2059
467 2061
467 23203
467 23206
468 2059
468 10820
468 10822
468 23208
469 13203
469 23208
469 23209
469 23212
470 2380
470 15315
470 15316
470 19960
471 13203
471 13204
471 18650
471 23212
472 473
472 10823
472 13204
472 23215
473 18654
473 23220
473 23221
474 1946
474 6428
474 10814
474 23192
475 10815
475 23192
475 23195
476 10859
476 18708
476 19660
476 23239
477 6782
477 12589
477 21934
478 23256
478 23258
478 23260
479 12589
479 23260
479 23261
479 23264
480 23264
480 23265
481 492
481 503
481 514
481 5812
482 13207
482 22376
482 23248
483 484
483 13207
483 23248
484 23269
485 486
485 18688
485 22122
486 12304
486 23332
487 13211
487 23336
487 23341
488 489
488 490
488 516
488 9888
489 491
489 493
489 14153
490 9394
490 14153
490 14729
491 494
491 495
491 9893
492 6824
492 6826
492 7140
493 9888
493 9892
493 9893
494 21572
494 21573
494 21578
495 13433
495 14153
495 21578
496 498
496 499
496 9895
496 21574
497 9895
497 21570
497 21571
497 21574
498 11993
498 13060
498 13061
499 18575
499 18578
500 501
500 502
500 13192
501 5980
502 8741
502 11608
503 5811
503 7153
504 505
504 506
504 507
505 508
505 9920
505 21053
506 3518
506 8741
506 10618
507 9918
507 9919
507 9920
508 509
508 510
508 21052
509 511
509 9930
510 9930
510 9931
511 513
511 12254
512 513
512 515
512 516
513 9393
513 9395
514 7140
514 16989
514 21332
515 9874
515 9875
515 16945
516 9394
516 16060
517 518
517 519
517 520
518 521
518 6783
518 8046
518 14190
518 15797
519 9876
519 9877
520 521
520 9878
521 5112
522 523
522 524
522 526
523 527
523 528
523 529
524 528
524 8132
524 15625
525 536
525 547
525 7153
525 16933
525 21330
526 529
526 5489
527 530
527 532
528 16556
529 533
529 5490
530 531
530 532
530 533
531 534
531 535
531 17251
532 16505
533 535
534 8135
534 16505
535 537
535 5492
536 2393
536 7155
537 5494
537 8785
537 17251
538 25092
539 540
539 541
539 13852
540 542
540 571
541 542
541 8135
541 13226
541 13449
542 7660
542 8137
543 544
543 20537
543 20539
543 20542
544 545
544 546
544 548
545 550
545 5507
545 20537
546 549
546 7652
546 20542
547 681
547 7013
548 549
548 550
548 551
549 7653
549 7654
550 552
550 5509
551 552
551 553
551 554
552 556
552 787
553 555
553 789
553 7654
553 14095
554 555
554 556
554 557
555 7655
555 7656
556 560
556 13846
557 560
557 561
558 16866
559 570
559 581
559 7015
561 562
561 7656
561 7658
561 15973
562 7659
562 15973
563 564
563 18842
563 18843
563 18850
564 565
564 566
564 567
565 7632
565 7633
565 18850
566 569
566 5499
566 18843
567 568
567 569
568 7633
568 7634
568 7636
568 13141
569 5501
569 13139
570 2400
570 5328
570 7015
571 572
571 5520
572 15820
573 574
573 8137
573 15820
574 575
574 576
575 11723
576 7663
576 7665
577 578
577 579
577 2053
578 2050
578 13850
579 580
579 582
579 5512
580 2053
580 7606
580 7607
581 2391
582 583
582 584
582 7607
583 5512
583 17451
583 17452
584 585
584 15867
584 17451
585 7607
585 7609
585 7610
586 587
586 2045
586 5537
587 5536
588 589
588 590
588 591
588 593
589 1218
589 1219
589 1224
590 594
590 595
590 596
591 596
591 1218
591 18711
592 603
592 614
592 692
592 15332
592 19984
593 4242
593 6713
594 597
594 598
594 4248
595 4246
595 4248
595 6712
596 598
596 11301
597 599
597 600
597 4153
598 4153
599 601
599 602
599 604
600 4155
600 4160
600 4248
601 605
601 16969
602 605
602 4153
602 4154
603 13361
603 15330
604 606
604 4155
605 12983
606 4156
606 16969
607 608
607 609
607 610
607 19133
608 3418
608 6716
608 19137
609 11251
609 11252
609 19126
610 611
611 612
611 613
612 615
612 616
612 617
613 616
613 14097
614 858
614 1319
614 12210
614 16373
615 618
615 1741
616 15784
617 1741
617 4889
618 619
618 23464
619 1738
619 23465
620 621
620 622
620 623
621 624
621 13719
622 624
622 626
622 627
623 10019
623 13719
624 12067
625 636
625 647
625 14998
626 629
626 13181
626 23462
627 628
628 629
628 630
628 631
629 634
630 633
630 10201
630 10207
631 632
632 633
632 634
632 635
633 14400
634 639
634 10263
635 637
635 8948
636 10724
636 13811
636 16652
637 638
637 639
637 640
638 8948
638 8949
638 13131
639 643
639 13132
640 641
640 13131
641 642
641 643
642 9615
642 9616
642 13131
643 644
643 19771
644 2833
644 19771
644 19772
645 2834
645 19767
645 19770
645 19772
646 15981
646 19770
647 658
647 670
647 16652
648 2835
648 20614
648 20618
649 15979
649 20618
650 651
650 652
650 653
650 17482
650 17483
651 6699
651 6702
652 654
652 7488
653 654
653 655
654 7489
654 12390
655 656
655 657
655 6702
656 12390
657 659
657 660
657 661
658 14995
658 14997
659 4151
659 12389
659 12390
660 663
661 6700
661 6704
662 663
662 664
662 665
664 666
664 667
664 668
665 668
665 4149
665 4152
666 671
666 672
666 673
667 671
667 4132
668 673
668 4150
669 780
669 891
669 16866
670 10535
670 14998
671 674
671 6705
672 674
672 675
672 6369
673 6369
674 6706
674 6707
675 676
675 6336
675 6707
676 677
676 6709
677 678
677 679
677 6347
677 16029
678 6709
678 6710
678 16029
679 680
680 682
680 683
680 684
681 2393
681 7015
682 6562
682 14398
683 685
683 686
683 14398
684 686
684 6563
684 16030
685 687
685 688
685 689
686 687
686 6660
687 691
687 6661
688 690
688 6228
688 14398
689 690
689 691
689 693
690 695
690 6232
691 694
691 6663
692 703
692 714
692 15332
693 694
693 695
693 6225
694 6202
694 6665
695 6234
695 24002
696 6213
696 6666
696 14412
696 24003
697 698
697 699
697 24003
698 700
698 701
698 702
699 702
699 6182
700 704
700 6667
701 704
701 705
701 14077
702 6185
702 14077
703 7012
704 706
704 6672
705 706
705 707
705 708
706 709
706 6674
707 709
707 710
707 12802
708 12802
708 14076
708 14077
709 6676
709 12804
710 711
710 12804
710 14937
711 712
711 713
711 6680
712 14281
712 14396
712 14937
713 715
713 716
713 14281
714 19979
714 19983
714 19984
715 717
715 718
715 6685
716 6680
716 6682
716 6685
717 719
717 720
717 721
718 721
718 14279
718 14281
719 722
719 723
719 3188
720 723
720 6685
720 6686
721 3188
721 6159
722 724
722 726
722 3189
723 3189
723 3192
724 727
724 728
724 9190
725 736
725 747
725 10313
726 3185
726 3188
726 9190
727 729
727 3189
727 6689
728 729
728 730
728 731
729 4634
729 4638
730 732
730 9189
730 9190
731 732
731 733
731 4634
732 4633
732 14397
733 734
733 4635
733 14397
734 735
734 6693
734 20926
735 738
735 14109
735 14397
736 10225
736 10302
736 10324
737 3298
737 6693
737 20926
738 20921
738 20926
739 741
739 20922
739 20925
740 741
740 742
740 20925
741 744
741 6199
742 743
742 744
742 745
743 746
743 6694
744 748
744 6204
745 746
745 748
745 749
746 751
746 6695
747 9546
747 10380
747 10391
748 750
748 6207
749 750
749 751
749 752
750 754
750 6211
751 753
751 6696
752 753
752 754
754 6214
755 8267
755 8268
755 25046
756 759
756 760
756 761
756 25044
757 760
757 25044
757 25050
758 769
758 781
758 792
758 803
759 762
759 763
759 764
760 6655
761 6143
761 25041
762 22385
762 22386
763 6654
763 22386
764 6143
764 7860
764 22391
765 767
765 768
765 18005
765 22393
766 767
766 22384
766 22393
767 22395
768 18000
768 22388
768 22392
769 8324
769 9957
769 10879
770 771
770 7207
770 18004
771 6658
771 17871
772 20292
773 774
773 775
774 776
775 776
775 777
776 4493
777 4491
777 18148
778 779
778 782
779 6173
779 14334
780 21402
780 21446
781 9202
781 9236
781 10868
782 14334
782 22814
783 784
783 22813
783 22815
784 785
784 786
785 9752
785 10239
786 6238
786 9751
786 22813
787 788
787 13846
788 5509
789 790
789 7653
789 7654
789 14095
790 791
790 24149
791 7653
791 8804
791 24148
792 9968
792 9979
793 795
793 13879
793 21292
793 24149
794 796
794 797
794 798
794 24150
795 21294
795 24150
796 799
796 8805
796 24147
797 799
797 800
797 801
798 801
798 8378
798 21294
799 802
799 8806
800 802
800 804
800 805
801 805
801 8379
802 807
802 4381
803 9069
803 9202
804 806
804 807
804 808
805 808
805 4384
806 809
806 2657
806 23358
807 2657
807 4379
808 809
808 4382
809 2659
809 23361
810 811
810 812
810 813
810 24312
811 815
811 816
811 6757
812 6755
812 6757
812 24311
813 21308
813 24314
814 8837
814 11447
814 21349
814 21351
815 817
815 818
815 21310
816 21308
816 21310
817 819
817 8809
817 19606
818 6757
818 8807
818 8808
819 8382
819 19609
819 21310
820 822
820 8385
820 19605
821 822
821 8810
821 17618
821 19605
822 823
823 11515
823 13346
824 826
824 827
824 8373
824 18877
825 8837
825 11447
825 12583
825 12584
826 828
826 829
827 8811
827 8812
827 18873
828 830
828 831
828 832
829 831
829 8372
829 8373
830 835
830 8811
830 8814
831 833
831 8374
832 833
832 834
832 835
834 837
834 838
835 838
835 8815
836 847
836 21342
837 15830
838 8816
839 22017
839 22019
839 22022
840 841
840 842
840 3984
840 17441
841 843
841 844
841 8819
842 3981
842 8819
843 845
843 846
843 848
844 848
844 3984
844 3985
845 849
845 850
845 11765
846 849
846 8819
846 8820
847 7037
847 15506
848 21303
849 8822
850 17115
851 8825
851 17111
851 17114
852 853
852 854
852 8825
852 17114
853 855
853 5126
853 8193
854 855
854 856
854 857
855 860
855 8365
856 8825
856 17163
856 17164
857 859
857 860
857 17164
858 13734
858 14998
859 861
859 17162
859 21314
860 861
860 8367
861 8368
861 21314
862 863
862 864
862 24594
863 865
863 8361
864 13071
864 24598
865 866
865 867
866 8360
866 8361
866 12457
867 8817
867 22020
868 13178
868 21239
868 22436
869 880
869 892
869 903
870 10362
870 14259
870 17831
871 10363
871 17831
871 17833
872 873
872 874
872 14355
872 22213
873 12590
873 15533
874 11451
874 17015
874 17022
875 876
875 17016
876 877
876 16825
877 878
877 879
877 2118
878 6381
878 16825
879 881
879 882
879 6379
880 903
880 1102
881 2118
881 2121
881 15544
882 883
882 884
882 15544
883 6379
883 11455
883 11456
884 885
884 886
884 887
885 888
885 2124
886 5048
886 11456
887 888
887 889
887 5048
888 5049
888 14356
889 890
889 893
889 5049
890 895
890 5044
890 5048
891 1002
891 1114
892 10546
892 11696
892 14298
893 894
893 895
893 898
894 5049
894 7334
895 5045
896 900
896 11457
896 20004
897 7337
897 20003
897 20004
897 20007
898 7337
898 11193
898 20004
899 900
899 901
899 2138
899 20001
900 11458
901 902
901 904
901 11461
902 2138
902 2139
902 2142
903 914
903 925
904 905
904 906
904 2142
905 907
905 908
906 979
906 9423
906 11461
907 910
907 2142
908 909
908 910
909 978
909 979
910 981
910 6014
911 2161
911 18566
911 18569
911 18571
912 915
912 916
912 2166
912 18565
913 2166
913 18565
913 18569
913 18570
914 11696
914 21824
915 4794
915 18563
916 917
916 4791
916 21372
917 2165
917 2166
917 2168
918 920
918 5747
918 5758
918 14209
919 5758
919 6846
919 14209
919 21369
920 921
920 2174
921 11439
921 11443
921 14209
922 923
922 17769
922 17791
922 22899
923 924
923 22900
925 936
925 1080
925 1102
926 17758
926 22900
927 2403
927 17691
927 17713
928 929
928 2392
928 13509
928 17691
929 930
929 931
929 932
930 13508
930 16067
931 2392
931 2847
931 14251
932 2847
932 2858
933 934
933 15081
933 21833
933 21835
934 935
934 937
934 12326
935 938
935 15081
936 947
936 958
936 14962
937 938
937 939
937 23113
938 2181
938 2186
939 940
939 2186
939 23157
940 941
940 23168
941 2186
941 2188
941 15078
942 943
942 944
942 945
943 2208
943 15540
943 15541
944 946
944 10349
944 21045
945 946
945 948
945 15541
946 9385
947 969
947 8892
947 8969
948 949
948 950
948 9385
949 951
949 2211
949 15541
950 951
950 952
950 9383
951 15416
952 953
952 15414
952 15418
953 954
953 955
954 9384
954 11468
955 956
955 957
955 11468
956 14357
956 14359
956 15418
957 959
957 11469
958 1102
958 8969
958 9014
959 960
959 961
959 14357
960 962
960 11469
960 11471
961 962
961 963
962 11472
962 11473
963 964
963 965
963 11473
964 968
964 14152
965 966
965 967
966 970
966 11473
966 11474
967 968
967 970
967 21559
968 4056
969 980
969 991
969 1003
970 11475
970 21555
971 4056
971 15549
971 21559
972 2155
972 15549
972 21558
972 21564
973 974
973 2155
973 21558
974 11476
974 11477
975 12590
975 14627
975 18632
976 10829
976 10830
976 18631
976 18632
977 10828
977 18629
977 18632
978 981
978 982
978 14246
979 13938
979 16727
980 8958
980 10247
980 15866
981 16729
982 983
982 984
982 16729
983 11463
983 11464
983 14246
984 985
984 986
984 11464
985 2197
985 16729
986 987
986 2197
986 8730
987 8728
987 11464
987 11465
988 3520
988 15537
988 15538
988 21049
989 2205
989 15538
989 15539
989 21049
990 992
990 11467
990 21048
991 8191
991 15233
992 2235
992 15539
992 15540
993 994
993 995
993 996
993 997
994 3055
994 11485
994 11486
995 998
995 999
996 5692
996 11485
997 998
997 5692
998 14257
998 16270
999 11486
1000 1001
1000 1004
1001 8521
1001 14360
1002 14947
1003 8892
1003 14955
1004 1005
1004 8521
1005 1006
1005 1007
1005 23697
1006 2220
1006 8521
1006 23700
1007 7075
1007 23694
1008 1009
1008 23695
1008 23699
1009 1010
1009 8687
1010 8688
1010 23699
1011 1012
1011 1013
1012 9685
1013 10385
1013 17687
1014 1025
1014 1036
1014 1047
1015 1016
1015 1017
1015 1018
1016 1019
1016 7931
1017 7933
1017 8604
1017 19186
1018 1019
1018 1020
1018 8604
1019 7932
1019 11552
1020 1021
1020 1022
1020 11552
1021 1023
1021 1024
1021 1026
1022 1024
1022 8604
1022 8605
1023 1027
1023 1028
1023 1029
1024 1028
1024 8607
1025 4977
1025 19979
1025 19983
1026 1029
1026 11551
1026 11552
1027 1030
1027 11556
1028 1030
1028 8609
1029 11553
1029 11556
1030 8610
1030 10917
1031 1032
1031 1033
1031 1034
1031 13394
1032 1035
1032 9807
1033 11421
1034 9807
1034 11421
1034 14237
1035 1038
1035 13395
1036 4976
1036 21838
1037 1038
1037 1039
1037 1040
1038 3070
1038 9808
1039 1041
1039 3503
1039 9807
1040 1041
1040 13300
1041 13321
1041 20117
1042 1043
1042 1044
1043 1044
1043 10428
1043 10431
1044 10425
1044 10426
1045 19393
1045 19396
1046 1048
1046 1049
1046 1422
1047 15337
1047 19981
1048 1050
1048 1051
1048 1420
1049 1419
1049 1421
1050 1052
1050 1053
1050 10396
1051 1422
1051 1424
1051 10396
1052 1054
1052 11015
1053 1420
1053 2995
1053 11014
1054 10396
1054 10397
1054 10411
1055 1056
1055 1057
1056 22584
1056 22588
1057 10404
1057 11585
1058 1069
1058 1080
1058 1091
1059 1060
1059 1061
1059 22633
1060 1062
1060 22577
1061 1062
1061 1067
1062 1066
1063 1065
1063 10401
1063 22577
1064 5827
1064 8681
1064 22577
1065 5829
1065 10401
1065 13045
1066 1070
1066 14303
1067 1068
1067 1070
1068 22566
1068 22569
1069 14988
1070 11802
1071 1072
1071 1073
1072 5939
1072 6094
1073 1074
1073 1075
1074 10393
1074 22628
1074 22632
1075 1076
1075 22632
1076 5939
1076 5940
1077 1078
1077 7701
1077 14236
1077 15859
1078 7700
1078 7701
1078 16554
1079 1082
1079 4061
1079 20680
1080 21824
1081 1082
1081 1083
1081 20680
1081 20682
1082 1084
1082 4062
1083 1084
1083 1085
1083 1086
1084 1087
1084 4063
1085 1088
1085 7521
1085 20682
1086 1087
1086 1088
1086 1089
1087 1090
1087 4064
1088 1092
1088 5753
1089 1090
1089 1092
1089 1093
1090 1094
1090 4065
1091 15338
1091 21826
1092 5752
1092 13680
1093 1094
1093 1095
1093 1096
1094 1097
1094 4066
1095 1098
1095 5755
1095 13680
1096 1097
1096 1098
1096 1099
1097 1100
1097 4067
1098 1101
1098 14276
1099 1100
1099 1101
1099 1103
1100 1104
1100 4068
1101 1105
1101 7531
1102 8980
1102 8991
1103 1104
1103 1105
1104 4070
1105 7533
1106 1107
1106 1108
1106 1109
1107 1110
1107 7124
1108 1116
1108 3159
1109 1110
1109 1111
1110 3160
1111 1112
1111 1116
1111 1117
1112 1118
1112 3160
1113 15349
1113 21490
1113 24178
1114 14969
1114 16677
1115 1126
1115 1137
1115 1148
1116 1119
1116 3156
1117 1118
1117 1119
1117 1120
1118 1121
1118 4059
1119 3157
1119 9166
1120 1121
1120 1122
1120 1123
1121 4060
1122 7515
1122 9166
1123 1124
1123 1125
1123 9165
1124 4060
1124 4533
1124 4537
1125 1127
1125 1128
1125 4533
1126 8936
1126 9036
1127 4528
1127 4531
1127 4532
1128 1129
1128 1130
1128 4531
1129 4533
1129 4535
1129 7127
1130 1131
1130 14418
1131 7127
1132 1133
1132 1134
1133 4689
1133 4690
1134 1135
1134 4690
1135 1136
1135 1138
1135 1139
1136 1140
1136 1141
1136 1142
1137 8903
1137 8925
1137 8936
1138 1140
1138 2037
1139 1141
1139 4690
1139 11130
1140 1143
1140 2040
1141 1144
1141 12142
1142 1143
1142 1144
1142 1145
1143 1146
1143 11944
1144 1149
1144 12145
1145 1146
1145 1147
1145 1149
1146 11788
1146 11945
1147 1150
1147 1151
1147 11945
1148 8136
1148 8147
1149 1150
1149 12148
1150 12709
1150 12737
1151 1152
1151 1153
1151 12709
1152 11945
1152 11946
1153 1154
1153 1155
1153 12708
1154 12698
1154 12708
1154 15774
1155 12698
1155 12701
1155 12709
1156 1158
1156 1160
1156 24610
1156 24613
1157 1160
1157 24613
1157 24615
1157 24618
1158 1161
1158 1162
1158 11949
1159 1170
1159 1181
1159 16562
1160 1162
1160 12413
1161 1163
1161 12412
1161 21895
1162 12411
1163 11949
1163 11950
1163 21892
1164 1165
1164 1166
1164 8049
1164 21894
1165 1167
1165 1168
1165 8050
1166 8050
1166 8051
1166 21897
1167 1169
1167 1171
1167 3919
1168 3919
1168 8048
1168 8049
1169 1172
1169 1173
1170 8925
1170 14989
1170 16583
1171 11766
1171 11768
1172 1174
1172 3917
1173 1174
1173 1175
1173 11766
1174 3918
1175 1176
1175 1177
1175 1178
1176 1179
1176 1180
1177 1179
1177 12884
1178 2027
1178 14198
1179 9971
1180 1182
1181 9746
1181 16583
1182 1183
1182 1184
1182 2048
1182 15965
1183 15963
1183 16647
1184 8217
1184 8356
1184 17520
1185 1187
1185 17417
1185 17574
1186 1188
1186 1996
1186 6759
1186 17417
1187 1188
1187 1189
1187 17417
1188 1191
1188 1998
1189 1190
1189 1191
1190 1193
1190 1194
1191 2001
1191 11518
1192 1203
1192 1214
1192 1226
1192 1237
1193 1195
1193 11519
1193 11520
1194 11391
1194 11520
1195 1196
1195 1197
1195 1198
1196 1200
1196 11520
1196 14549
1197 1199
1197 1200
1198 1199
1198 11519
1198 11951
1199 11952
1200 12140
1200 18907
1201 5051
1201 10714
1201 15725
1202 13093
1202 15725
1203 13172
1203 13429
1203 15125
1204 1205
1204 1206
1204 1207
1204 16253
1205 12951
1205 13584
1206 14528
1206 18151
1206 18155
1207 1208
1207 18155
1207 18156
1208 18159
1208 18163
1209 1212
1209 18153
1209 18370
1209 18372
1210 18371
1210 18372
1210 18373
1211 1212
1211 1213
1211 1215
1211 18372
1212 7727
1212 24054
1213 1216
1213 15051
1214 9864
1214 15510
1215 1216
1215 24053
1215 24054
1216 12953
1216 16610
1217 24055
1217 24061
1218 18709
1218 18715
1219 1220
1219 1221
1219 18715
1220 1989
1220 18714
1221 1222
1221 1223
1222 1224
1222 1227
1222 1228
1223 1227
1223 12094
1223 12095
1224 1229
1224 4242
1225 2414
1225 21468
1225 24623
1226 9926
1226 9927
1227 1230
1227 12954
1228 1229
1228 1230
1228 1231
1229 1233
1229 4239
1230 13895
1230 16984
1231 1232
1231 1233
1231 1234
1232 12955
1232 21110
1233 21105
1233 23162
1234 21105
1234 21106
1234 21110
1235 1236
1235 1238
1235 1239
1235 1240
1236 1242
1236 19428
1236 19429
1237 9926
1237 13177
1238 11163
1238 16678
1238 16874
1239 15977
1239 21108
1240 1241
1240 1242
1240 1243
1241 1244
1241 13053
1242 11875
1242 11876
1243 1244
1243 1245
1243 1246
1244 13939
1245 1247
1245 9705
1245 16263
1246 1247
1246 1249
1246 1250
1247 1251
1247 9707
1248 1259
1248 1270
1248 7024
1248 21339
1249 11589
1249 11590
1249 11591
1250 1251
1250 1252
1251 10922
1251 13910
1252 1253
1252 1254
1252 10922
1253 11589
1253 12346
1253 13572
1254 1255
1254 1256
1254 21016
1255 3635
1255 3637
1255 10922
1256 1257
1256 3635
1256 21015
1257 1258
1257 1260
1257 1261
1258 10304
1258 10307
1258 12250
1259 2190
1259 14732
1260 1289
1260 1290
1260 10304
1261 3635
1261 11863
1262 1263
1262 1264
1262 1265
1263 1264
1263 1295
1263 13582
1264 1297
1264 21667
1265 1298
1265 9008
1265 14935
1266 1267
1266 13448
1266 13459
1266 13503
1267 1268
1267 1269
1267 1271
1268 1273
1268 12540
1268 13448
1269 13503
1269 14934
1270 2190
1270 21338
1270 21358
1271 1272
1271 1273
1271 1274
1272 1275
1272 14934
1273 13625
1273 13636
1274 1275
1274 1276
1274 13625
1275 11874
1276 1277
1276 1278
1277 1280
1277 13625
1278 1279
1278 1280
1278 1282
1279 1283
1279 11874
1280 13647
1280 15523
1281 1292
1281 1303
1281 23268
1282 1283
1282 15986
1283 2752
1283 16713
1284 1285
1284 1286
1284 1287
1285 15986
1285 16712
1286 16712
1286 23447
1287 1288
1287 14527
1287 23444
1288 9485
1288 12948
1288 15523
1288 15987
1288 16253
1289 11863
1289 12921
1289 16261
1290 1291
1290 10305
1290 16261
1291 1293
1291 1294
1291 16820
1292 23796
1292 23798
1293 12723
1293 13575
1294 1295
1294 12726
1294 16818
1295 1296
1295 16817
1296 12726
1296 13578
1296 13582
1297 13582
1297 13583
1298 16816
1298 21667
1299 11981
1299 21666
1299 21669
1300 1301
1300 1302
1300 11981
1300 21666
1301 16813
1301 16815
1302 1304
1302 1305
1302 16813
1303 14869
1303 14880
1304 11982
1304 13748
1305 1306
1305 13748
1305 18548
1306 14871
1306 23592
1307 12831
1307 16649
1307 18547
1308 1309
1308 1310
1308 18547
1309 4740
1309 9093
1309 12127
1310 1311
1310 1312
1310 12127
1311 16650
1311 16651
1312 1313
1312 1315
1312 16651
1313 1316
1313 6870
1313 12127
1314 1325
1314 1337
1314 1348
1314 10113
1315 1316
1316 2548
1317 17172
1317 23636
1318 19982
1318 21829
1318 21830
1319 12324
1319 19984
1320 1321
1320 1322
1320 1323
1321 1324
1321 1326
1322 6632
1322 12049
1323 6596
1323 6597
1323 11633
1324 1327
1324 1328
1325 22433
1325 22436
1326 6900
1326 11084
1326 11634
1327 6906
1327 11083
1327 11296
1328 10464
1329 9821
1329 20139
1329 20140
1329 20143
1330 9818
1330 9819
1330 13327
1330 20140
1331 1332
1331 1333
1331 1334
1332 1335
1332 10468
1333 1335
1333 1338
1334 1338
1334 9980
1335 10468
1336 1447
1336 1558
1336 16677
1337 8829
1337 22362
1338 6941
1338 7343
1339 1340
1339 1341
1339 1342
1340 1343
1340 1344
1341 1345
1341 22861
1341 22895
1342 5954
1342 13962
1343 1345
1344 13776
1344 13962
1345 22864
1346 1347
1346 1349
1346 17126
1347 1349
1347 3440
1348 8829
1348 8830
1348 22433
1349 2688
1349 22770
1350 1351
1350 1352
1350 1353
1351 1354
1352 10012
1352 10539
1353 1355
1353 10536
1353 10538
1354 1355
1354 10539
1355 14333
1356 7917
1356 22849
1356 24234
1357 24234
1357 24270
1358 1360
1358 22423
1359 1370
1359 1381
1359 1392
1359 1403
1360 21210
1360 22426
1361 1362
1361 1363
1361 1364
1362 1365
1363 4786
1363 4789
1364 13638
1364 24291
1365 2247
1365 4787
1365 13639
1366 1367
1366 1368
1366 1369
1367 14553
1367 14554
1367 14555
1368 1371
1368 1372
1369 9176
1369 9177
1369 10387
1370 1581
1370 11956
1371 1374
1371 14554
1372 9176
1373 1374
1373 1375
1374 10797
1375 4557
1376 1377
1376 1378
1376 5252
1377 18106
1377 18107
1377 18110
1378 3389
1378 10485
1378 18106
1379 1382
1379 1383
1379 1384
1379 18108
1380 1383
1380 18108
1380 18109
1380 18112
1381 13174
1381 15045
1381 21244
1382 1385
1382 1386
1383 2966
1384 4418
1384 18105
1385 4418
1385 6986
1386 1387
1386 1388
1387 6986
1388 1389
1388 1390
1389 1391
1389 1393
1390 1395
1390 6983
1391 1394
1391 1395
1391 1396
1392 11956
1392 21247
1393 1394
1393 6981
1394 1397
1394 2973
1395 1398
1395 10783
1396 1397
1396 1398
1396 22878
1397 1400
1397 2976
1398 1399
1398 10471
1399 22873
1399 22874
1399 22878
1400 10472
1400 22877
1400 22878
1401 1402
1401 22875
1401 22876
1401 22880
1402 1404
1402 1405
1402 1406
1403 9565
1403 9566
1404 1408
1404 9741
1404 22875
1405 1407
1405 2981
1405 22880
1406 1407
1406 1408
1406 1409
1407 2985
1408 1411
1408 9739
1409 1410
1409 1411
1409 1412
1410 1413
1410 2988
1411 1415
1411 5840
1412 1413
1412 1415
1412 1416
1413 1417
1413 2992
1414 1425
1414 15040
1414 17146
1414 21842
1415 1418
1415 5838
1416 1417
1416 1418
1416 1419
1417 1420
1417 5841
1418 1421
1418 10784
1419 1420
1421 10409
1421 10410
1422 1423
1423 10409
1423 22615
1424 22615
1424 22617
1424 22620
1425 15041
1425 17146
1425 21238
1426 1427
1426 1428
1426 22613
1426 22614
1427 1430
1427 22617
1427 22618
1428 1429
1428 1430
1428 1431
1429 1432
1429 1433
1429 1434
1430 2896
1431 1433
1431 10786
1431 22613
1432 1437
1432 3000
1433 1438
1433 10787
1434 1435
1434 1437
1434 1438
1435 1439
1435 1440
1436 1448
1436 1459
1436 7002
1436 11581
1437 12506
1438 1440
1438 10788
1439 1551
1439 3008
1439 12506
1440 10789
1440 10790
1441 8289
1441 24939
1442 24936
1442 24939
1443 1445
1443 1446
1443 17429
1444 1450
1444 17427
1444 17429
1445 1449
1445 1450
1445 1451
1446 1451
1446 8143
1446 19761
1447 15014
1447 15025
1448 14247
1448 14470
1448 15020
1449 1452
1449 1453
1450 1455
1450 2927
1451 1453
1451 4395
1452 1454
1452 1455
1452 1456
1453 4392
1453 4396
1454 1457
1454 20605
1454 20606
1455 1457
1455 2929
1456 4396
1456 20606
1457 2930
1457 6318
1458 1460
1458 1461
1458 20604
1458 20605
1459 8557
1459 11592
1460 1462
1460 2931
1460 6318
1461 1462
1461 1463
1461 1464
1462 1465
1462 2934
1463 5664
1463 20604
1464 1465
1464 1466
1464 1467
1465 1468
1465 2939
1466 1469
1466 7453
1467 1468
1467 1469
1467 1471
1468 1472
1468 2942
1469 1473
1469 7454
1470 1481
1470 1492
1470 1503
1470 1514
1471 1472
1471 1473
1471 1474
1472 1475
1472 2946
1473 1476
1473 4137
1474 1475
1474 1476
1474 1477
1475 2948
1476 4135
1477 1478
1477 1479
1477 1480
1478 2949
1479 10085
1480 1484
1481 14481
1481 17379
1482 1483
1482 1484
1482 1485
1483 1488
1483 11417
1485 1486
1485 1487
1486 1488
1486 1489
1487 2951
1487 12529
1487 23428
1488 1490
1489 1490
1489 1491
1489 1493
1490 6538
1490 7356
1491 1494
1491 6538
1492 14258
1492 14459
1493 23428
1494 1495
1494 1496
1495 1497
1495 1498
1496 6538
1496 10781
1497 1504
1497 10781
1498 1499
1498 1500
1499 1501
1499 1502
1499 1504
1500 2954
1500 6539
1501 1505
1501 1506
1502 2954
1502 2957
1503 1525
1503 14570
1503 16162
1504 1508
1504 10782
1505 1507
1505 1508
1506 1512
1506 8257
1507 1509
1507 1510
1508 8251
1509 1511
1509 1512
1509 1513
1510 1513
1510 8251
1511 1515
1511 1516
1512 1518
1512 2962
1513 1516
1513 13156
1514 14336
1514 14481
1515 1517
1515 1518
1515 1519
1517 1520
1517 1521
1517 1522
1518 2552
1519 1522
1520 2551
1520 2553
1520 23930
1521 2552
1521 2553
1522 2551
1523 9209
1523 9210
1523 17878
1524 1526
1524 17875
1524 17877
1524 17881
1525 15169
1525 17379
1526 1527
1526 1528
1526 10794
1527 3877
1527 3878
1527 17881
1528 1529
1528 1530
1528 3877
1529 3879
1529 3881
1529 10794
1530 1531
1530 1532
1530 3881
1531 1533
1531 3877
1531 12532
1532 1533
1532 1534
1532 1535
1533 2904
1533 7797
1534 1537
1534 3881
1534 7795
1535 1537
1535 1538
1535 7797
1536 1547
1536 1559
1536 1570
1536 17357
1537 7794
1537 7796
1538 1539
1538 1540
1538 7796
1539 7797
1539 8667
1539 8670
1540 1541
1540 1542
1540 8667
1541 7796
1541 8664
1541 8666
1542 1543
1542 1544
1542 8666
1543 1545
1543 8667
1543 12533
1544 1545
1544 1546
1544 1548
1545 1549
1545 2916
1546 1550
1546 6133
1546 8666
1547 9563
1547 15505
1547 22432
1548 1549
1548 1550
1548 3338
1549 2919
1549 3334
1550 3387
1550 10795
1551 3011
1551 20974
1551 24544
1552 9960
1552 20971
1552 24543
1553 9960
1553 24542
1553 24543
1554 1555
1554 1556
1554 1557
1554 20971
1555 1560
1555 3017
1555 20975
1556 1561
1556 7977
1556 10806
1557 1560
1557 1561
1558 15343
1558 17232
1559 13174
1559 22428
1559 22432
1560 3020
1561 10807
1562 19010
1562 19011
1562 19015
1563 9373
1563 19010
1564 1565
1564 1566
1564 19009
1565 2852
1565 19012
1566 2576
1566 17398
1567 1568
1567 1569
1567 1571
1568 14644
1568 15623
1569 13691
1569 15623
1570 17313
1570 17324
1571 9619
1571 9621
1572 1573
1572 1574
1573 12775
1574 1575
1574 12513
1575 1576
1575 10382
1576 2888
1576 3603
1576 12515
1577 1578
1577 20829
1577 24293
1578 3261
1578 20833
1579 10772
1579 12527
1579 20831
1580 1582
1580 1583
1580 1584
1581 1592
1581 9566
1582 7340
1583 7338
1583 7339
1584 6938
1584 6941
1584 6942
1585 1586
1585 1587
1585 15793
1586 15790
1586 20083
1587 1588
1587 1589
1587 13190
1588 6785
1588 15794
1589 1590
1589 1591
1589 3331
1590 9466
1590 9470
1590 13190
1591 1593
1591 9470
1592 7032
1592 7033
1592 9567
1593 1594
1593 1595
1594 3330
1594 3331
1594 5958
1595 1596
1595 1597
1595 5936
1596 1598
1596 1599
1596 8733
1597 1599
1597 11105
1598 1600
1598 1601
1599 1601
1599 11106
1600 8732
1600 8733
1601 11106
1602 1604
1602 1605
1603 14503
1603 14559
1603 20646
1604 1607
1604 13615
1605 1606
1605 1607
1605 9395
1606 1608
1606 1609
1606 9396
1607 9396
1607 10354
1608 1610
1608 14928
1608 15660
1609 9393
1609 9395
1609 13431
1610 1611
1610 1612
1610 11100
1611 1613
1611 1615
1611 1616
1612 1615
1612 13616
1612 14928
1613 1617
1613 1618
1613 1619
1614 14402
1614 14525
1614 20646
1615 1618
1615 13619
1616 1619
1616 11100
1616 13432
1617 1620
1617 21585
1617 21587
1618 13622
1618 21587
1619 1620
1619 11102
1620 21582
1620 21583
1621 1622
1621 1623
1621 11104
1621 11996
1622 11103
1622 11993
1622 13061
1623 1624
1623 1626
1623 13061
1624 11996
1624 13062
1624 13241
1625 1636
1625 1647
1625 4082
1625 22568
1626 1627
1626 1628
1626 13062
1627 1629
1627 13060
1627 13061
1628 18583
1629 18578
1629 18581
1629 18583
1630 13623
1630 13624
1630 13626
1630 18582
1631 1632
1631 1633
1631 13624
1631 18582
1632 4799
1632 4800
1632 13435
1633 1634
1633 4800
1633 21392
1634 4802
1634 13624
1634 21395
1635 13437
1635 21384
1635 21386
1635 21391
1636 8423
1636 8828
1636 15044
1637 1638
1637 13437
1637 14502
1637 21391
1638 1639
1638 1640
1639 1641
1639 9898
1639 13437
1640 1641
1640 1642
1640 13628
1641 1643
1641 13438
1642 1643
1642 1644
1643 9904
1643 13439
1644 1645
1644 1646
1644 13439
1645 1648
1645 1649
1646 13275
1646 13628
1647 8422
1647 8423
1648 1650
1648 13273
1648 13439
1649 1650
1649 1651
1650 1652
1650 9912
1651 1652
1651 1653
1652 9917
1652 13441
1653 1654
1653 13441
1653 16326
1654 1655
1654 1656
1654 13440
1655 5636
1655 13630
1655 13631
1656 1657
1656 1659
1656 13630
1657 13440
1657 13442
1657 13443
1658 1670
1658 1681
1658 1692
1659 1660
1659 1661
1659 13443
1660 1662
1660 13630
1660 13632
1661 1662
1661 1663
1661 10644
1662 10645
1662 13633
1663 1664
1663 1665
1663 10645
1664 10641
1664 10643
1664 10644
1665 1666
1665 1667
1665 10643
1666 8526
1666 10645
1666 13634
1667 1668
1667 1671
1667 8526
1668 1674
1668 8525
1668 10643
1669 1780
1669 1891
1669 15343
1670 2360
1670 2361
1670 22579
1671 1672
1671 1673
1671 1674
1672 1675
1672 2793
1672 23722
1673 1675
1673 8526
1673 8527
1674 2793
1674 7064
1675 7065
1675 23728
1676 19461
1676 19462
1677 8700
1677 13600
1677 19462
1678 1679
1679 1680
1679 13601
1680 1682
1681 2363
1681 11503
1682 11527
1682 11537
1682 13601
1683 1684
1683 1685
1684 7563
1684 11537
1684 13602
1685 1686
1685 7563
1686 7562
1687 1689
1687 1690
1687 5356
1687 17106
1688 4286
1688 5356
1688 17105
1688 17106
1689 1691
1689 1693
1689 5357
1690 5357
1690 17106
1691 1694
1691 5359
1691 6350
1692 2360
1692 11559
1693 5354
1693 5356
1693 6350
1694 1695
1694 1696
1694 6351
1695 1697
1695 1698
1695 13445
1696 6346
1696 6349
1696 6350
1697 1699
1697 8045
1698 6351
1698 13607
1698 15526
1699 1700
1699 13607
1700 1701
1700 11966
1701 8045
1701 15796
1702 1704
1702 1705
1702 1706
1703 1714
1703 1725
1703 22357
1704 3519
1704 10618
1705 1707
1705 3519
1705 21060
1706 8742
1706 10618
1707 3551
1708 1709
1708 12255
1708 21059
1709 12256
1709 21062
1710 1711
1710 1712
1710 1713
1710 1715
1710 7029
1710 17869
1711 11954
1711 11955
1712 7030
1712 7031
1712 11955
1712 17802
1712 17813
1713 11954
1713 12316
1713 15512
1714 1736
1714 15953
1715 7026
1715 11107
1716 1717
1716 1718
1716 1719
1716 1720
1717 1721
1717 16093
1718 14730
1718 16092
1719 7028
1719 7029
1719 15516
1720 1722
1720 13604
1720 15516
1721 1722
1721 18470
1722 13456
1723 1724
1723 10832
1723 23342
1724 1726
1724 9249
1724 23342
1725 1847
1725 16854
1726 1731
1726 18664
1727 1728
1727 1729
1727 18664
1728 17233
1728 18661
1729 1730
1729 1731
1729 17233
1730 1732
1731 1732
1731 9253
1732 13612
1732 14372
1733 1734
1733 1735
1734 1737
1734 20902
1735 1737
1736 1747
1736 15966
1738 1739
1738 1741
1739 1740
1739 23467
1740 6148
1740 14394
1741 4887
1742 1743
1742 1744
1742 5770
1743 1745
1743 1746
1743 13722
1744 1798
1744 1799
1745 1748
1745 1749
1745 8974
1746 5766
1746 5767
1746 8974
1747 17518
1747 17522
1748 1750
1748 1751
1748 12197
1749 12197
1749 12200
1749 13722
1750 1752
1750 1753
1750 1754
1751 1753
1751 8973
1751 8974
1752 12197
1752 12199
1752 13726
1753 1755
1753 11340
1754 1755
1754 1756
1754 13726
1755 7244
1755 8977
1756 1757
1756 1759
1756 7244
1757 1760
1757 7248
1757 13726
1758 1769
1758 1781
1758 16154
1759 1760
1759 1761
1759 1762
1760 1763
1760 7245
1761 1764
1761 7243
1761 7244
1762 1763
1762 1764
1762 1765
1763 7246
1763 12645
1764 1766
1764 8978
1765 1766
1765 1767
1765 12645
1766 8981
1766 8984
1767 1768
1767 8984
1768 1770
1768 1771
1768 3657
1769 15825
1769 16148
1770 1773
1770 3656
1770 8984
1771 1772
1771 1773
1771 1774
1772 1775
1772 3659
1773 3655
1774 3657
1774 3659
1774 3660
1775 1776
1775 1777
1776 3659
1776 21219
1777 3655
1777 21164
1777 21165
1778 1779
1778 1782
1778 1783
1778 1784
1779 1796
1779 3483
1780 14923
1780 15087
1781 8227
1781 15825
1782 1784
1782 1797
1782 3506
1783 1796
1783 1797
1784 11871
1785 3774
1785 14132
1786 1787
1786 1788
1786 1789
1787 1790
1787 3773
1787 5865
1788 1790
1788 1791
1789 3773
1789 3776
1790 5866
1790 5867
1791 8311
1792 1803
1792 14515
1792 16148
1793 1794
1793 1795
1794 16390
1795 10015
1796 24396
1797 2763
1798 9986
1798 17277
1799 9986
1799 9987
1799 13722
1800 1801
1800 1802
1800 1804
1801 4709
1802 1805
1802 1806
1803 1814
1804 11134
1805 1807
1805 1808
1806 1807
1806 11134
1807 12773
1808 1809
1808 11751
1808 12773
1809 1810
1809 1811
1809 11751
1810 1812
1810 1813
1810 1815
1811 1813
1811 11136
1811 12773
1812 1816
1812 1817
1812 1818
1813 1818
1813 12756
1814 16306
1814 17194
1815 1817
1815 11751
1815 11752
1816 11753
1817 11753
1817 11754
1819 1820
1819 1821
1820 19539
1821 7630
1822 1823
1822 24652
1823 1824
1823 16638
1823 24655
1824 13074
1825 1836
1825 15939
1825 17048
1826 1827
1826 1828
1826 1829
1826 1830
1827 10023
1828 1831
1828 11755
1828 11756
1829 16638
1830 1831
1830 1832
1830 22038
1831 1833
1831 4902
1832 1833
1832 22037
1833 11757
1833 17100
1834 19901
1835 1837
1835 1838
1835 1839
1836 15935
1836 15952
1837 1841
1837 24711
1838 1840
1838 12278
1839 1840
1839 1841
1839 1842
1840 12276
1840 12277
1841 12274
1842 1843
1842 1844
1843 12276
1844 14393
1845 1846
1845 1848
1845 1849
1846 3858
1846 14461
1847 1869
1847 15970
1848 1850
1848 14461
1848 16089
1849 3847
1849 3947
1849 16089
1850 11806
1850 14906
1850 21924
1851 1852
1851 14557
1851 19886
1852 1853
1852 1854
1852 1855
1853 1856
1853 1857
1853 1859
1854 1856
1854 11674
1854 14557
1855 11807
1855 14535
1856 1861
1856 11675
1857 1862
1857 4011
1857 11807
1858 1869
1858 16308
1858 16311
1859 1860
1859 1861
1859 1862
1860 1863
1860 1864
1860 1865
1861 1863
1861 4013
1862 1864
1862 4010
1863 1866
1863 4015
1864 1867
1864 4012
1865 1866
1865 1867
1865 1868
1866 1873
1867 1870
1867 11809
1868 1870
1868 1871
1869 15954
1870 1874
1870 11810
1871 1872
1871 1873
1871 1874
1872 1875
1872 1876
1872 6267
1873 1876
1873 11677
1874 4973
1874 6267
1875 1877
1875 1878
1875 5139
1876 5138
1877 1879
1877 1881
1877 1882
1878 2615
1878 6266
1879 1883
1879 1884
1879 24802
1880 1892
1880 16306
1881 1883
1881 2599
1881 5139
1882 1884
1882 2615
1882 6268
1883 10040
1883 24804
1884 8216
1884 24798
1885 8131
1885 15625
1886 1887
1886 1888
1886 11680
1886 15670
1887 1889
1888 11679
1888 11680
1888 19557
1889 16507
1890 1893
1891 2002
1891 2113
1892 16145
1892 16146
1893 11691
1893 14199
1894 1895
1894 14025
1894 14036
1894 14047
1895 1896
1895 8556
1895 18535
1896 2822
1896 14047
1896 18524
1897 1898
1897 1899
1897 2387
1898 1900
1898 21326
1898 23165
1899 1900
1900 16212
1900 19890
1901 2385
1901 2386
1901 21325
1902 2380
1902 2382
1902 23172
1903 1914
1903 1925
1903 1936
1904 1905
1904 1906
1905 1907
1905 19790
1905 19792
1906 1907
1907 19959
1908 19661
1908 23423
1909 10859
1909 19660
1909 23423
1909 23426
1910 14260
1910 14262
1910 23425
1910 23426
1911 1912
1911 14262
1911 23425
1912 1913
1913 14262
1913 14263
1913 14265
1914 2814
1914 2825
1915 1916
1915 19907
1916 1917
1916 19910
1917 1918
1917 19915
1918 1919
1918 19917
1919 1920
1919 19920
1920 17834
1920 19925
1921 1922
1921 4592
1922 1923
1922 24686
1923 4570
1923 12106
1923 24686
1924 1926
1924 15213
1925 2825
1925 14973
1926 12266
1926 15121
1927 1928
1927 1929
1927 14126
1928 1930
1928 1931
1928 18653
1929 10821
1929 18652
1929 18653
1930 1932
1930 10825
1930 14408
1931 14126
1931 14408
1932 1933
1932 1934
1932 1935
1933 1937
1933 1938
1933 18655
1934 12071
1934 14408
1935 10823
1935 10825
1935 18655
1936 2814
1936 14592
1937 1939
1937 14943
1938 1939
1938 1940
1938 18659
1939 1941
1939 12073
1940 1941
1940 1942
1941 3028
1941 12074
1942 10826
1942 10827
1943 1944
1943 1945
1943 1946
1944 1948
1944 1949
1944 6431
1945 6430
1945 6431
1945 6432
1946 1949
1946 6429
1947 1958
1947 1969
1947 2147
1947 14581
1947 22402
1948 20431
1948 20434
1949 10815
1949 10816
1950 1951
1950 1952
1950 1953
1951 2104
1951 2105
1951 2106
1952 1955
1952 15810
1952 18634
1953 1954
1953 1955
1953 2104
1954 1959
1954 10836
1954 14609
1955 10836
1955 18637
1956 1957
1956 1959
1956 18643
1957 9887
1957 15047
1958 14599
1958 15124
1958 16953
1959 9887
1959 18642
1960 1961
1960 1962
1960 12115
1960 15437
1961 1963
1961 1964
1961 10843
1962 10841
1962 10843
1962 18665
1963 1965
1963 10844
1963 13356
1964 12115
1964 13356
1964 13741
1965 1966
1965 1967
1965 18670
1966 1968
1966 1970
1966 18673
1967 1970
1967 13356
1967 13357
1968 1971
1968 1972
1968 5331
1969 2158
1969 2169
1969 13836
1970 5331
1970 5332
1971 1973
1971 5800
1971 5802
1972 5800
1972 18672
1972 18673
1973 1974
1973 1975
1973 18679
1974 1976
1974 1977
1974 5801
1975 5801
1975 5802
1975 5804
1976 18678
1976 18679
1976 18683
1977 1978
1977 1979
1977 18683
1978 1981
1978 5801
1978 10694
1979 1981
1979 18685
1980 1991
1980 2003
1980 23390
1980 23457
1981 10693
1981 19586
1982 1983
1982 1984
1982 5164
1983 17751
1983 17753
1984 17751
1984 18692
1984 18693
1985 1986
1985 1987
1985 18693
1986 10840
1986 14295
1987 5164
1987 14295
1988 1989
1988 1990
1988 18698
1989 12094
1989 12096
1990 1992
1990 18700
1991 2102
1991 6822
1991 23413
1992 12096
1992 13893
1993 1994
1993 1995
1993 1996
1993 24336
1994 1997
1994 1998
1994 1999
1995 1999
1995 24334
1996 1998
1996 24337
1997 2000
1997 2001
1997 2004
1998 2001
1999 2000
1999 4834
2000 2006
2000 20319
2001 2005
2002 16828
2003 7541
2003 7545
2003 9046
2004 2005
2004 2006
2004 2007
2005 2009
2005 11518
2006 2010
2007 2008
2007 2009
2007 2010
2008 2011
2008 2012
2008 11951
2009 11519
2009 11951
2010 2012
2011 2034
2011 4835
2011 11952
2012 4835
2012 4837
2013 2015
2013 2016
2013 17047
2014 2025
2014 2036
2014 2058
2015 11950
2015 21885
2016 11949
2016 11950
2016 12410
2017 2018
2017 2019
2017 17060
2018 2020
2018 8048
2019 8048
2019 8049
2019 21887
2020 2021
2020 2022
2021 2023
2021 3911
2022 3912
2022 3919
2022 8048
2023 2024
2023 2026
2024 2027
2024 2028
2025 6820
2025 14974
2026 3911
2026 3913
2027 2041
2028 4826
2028 4827
2029 2030
2029 2031
2029 11787
2030 4845
2030 4851
2030 4852
2031 4852
2031 17460
2032 17459
2032 17460
2033 2034
2033 18898
2033 22480
2033 22484
2035 2039
2035 2040
2035 16136
2035 18897
2036 6822
2036 6823
2036 22903
2037 2040
2037 18897
2038 16136
2038 18897
2039 4848
2039 11786
2039 11787
2039 11944
2040 11944
2041 2042
2041 17551
2042 2043
2042 14198
2043 17551
2043 17552
2044 2045
2044 2046
2044 2048
2045 2046
2046 5537
2047 2058
2047 2069
2047 2080
2047 2114
2048 15965
2049 2050
2049 2051
2050 2052
2050 5510
2051 5510
2052 2053
2052 7672
2053 7605
2054 2055
2054 2056
2054 21144
2055 2057
2055 10050
2056 11365
2056 11704
2056 20415
2057 14051
2057 21144
2057 21145
2058 7540
2058 22903
2059 2060
2060 2061
2060 2062
2060 10820
2061 2064
2061 10818
2062 2063
2062 2064
2063 10820
2063 14124
2064 10819
2064 11701
2065 2066
2065 2067
2065 2068
2066 9442
2066 11615
2066 11618
2067 9439
2067 11369
2067 11373
2068 2070
2068 2071
2068 11615
2069 2827
2069 7540
2069 14964
2070 11373
2070 11374
2070 11377
2071 2072
2071 2073
2071 11616
2072 11377
2072 11707
2072 11708
2073 2074
2073 2075
2073 11708
2074 2076
2074 11616
2074 14433
2075 2076
2075 2077
2076 14432
2077 11380
2077 11708
2077 11709
2078 2079
2078 2081
2078 13662
2079 7698
2079 14443
2079 14444
2080 2125
2080 2829
2080 22903
2081 7697
2081 7698
2081 15610
2082 2083
2082 2084
2082 11717
2083 2085
2083 25001
2083 25012
2084 2085
2084 2086
2084 2087
2085 2088
2085 14445
2086 11345
2086 11349
2086 11717
2087 2088
2087 2089
2087 21528
2088 2090
2089 11349
2089 11350
2089 11353
2090 2523
2090 2524
2090 21528
2091 2828
2091 13903
2091 22904
2091 23468
2092 11353
2092 11354
2092 21525
2092 21528
2093 2094
2093 2095
2093 11719
2093 21523
2094 12013
2094 12015
2094 21530
2095 2096
2095 2097
2095 12015
2096 11719
2096 11720
2096 18534
2097 2098
2097 18534
2098 12015
2098 13753
2098 18533
2099 2100
2099 2101
2100 13179
2100 24845
2101 7008
2101 9067
2102 22902
2102 23457
2102 23468
2103 15426
2103 15811
2103 16251
2103 16781
2104 2107
2104 14609
2105 7333
2105 10829
2105 10830
2106 2107
2106 2108
2106 7333
2107 12076
2107 14615
2108 2109
2108 2110
2108 14615
2109 7333
2109 22202
2110 2111
2110 2112
2110 2115
2111 8420
2111 14612
2111 14615
2112 2117
2112 22202
2113 2225
2113 17217
2114 2125
2114 2827
2114 18457
2115 2116
2115 2117
2116 8420
2117 16319
2117 22224
2119 2120
2119 2121
2119 2122
2119 6384
2120 2124
2120 15544
2121 6382
2122 2123
2122 2124
2122 2126
2123 2127
2123 6384
2123 9877
2124 2128
2125 2828
2125 18413
2126 2127
2126 2128
2126 2129
2127 2130
2128 14356
2129 2130
2129 2131
2129 15543
2130 5104
2130 10056
2131 2132
2131 2135
2131 5104
2132 7334
2132 15542
2133 2134
2133 2135
2133 7337
2133 20007
2134 5105
2134 9880
2134 20010
2135 5105
2135 7334
2136 12481
2136 12492
2136 20390
2136 20568
2137 2138
2137 2139
2137 20005
2137 20009
2138 20003
2139 2140
2139 2141
2140 9425
2140 9885
2140 20009
2141 2142
2141 2143
2141 9425
2143 5991
2143 6014
2144 2145
2144 2146
2144 2209
2144 4052
2145 13421
2145 13422
2145 16064
2146 2148
2146 2149
2146 13421
2147 9049
2147 14581
2147 22402
2148 4052
2148 4054
2148 4055
2149 2150
2149 2151
2149 4055
2150 2152
2150 13421
2150 13423
2151 2152
2151 21561
2151 21562
2152 21563
2152 21569
2153 2154
2153 2155
2153 21564
2153 21565
2154 2156
2154 2157
2154 13696
2155 2156
2156 15548
2157 2159
2157 2160
2157 15548
2158 2259
2159 10062
2159 13056
2159 13696
2160 2161
2160 13056
2160 18571
2161 15548
2162 9896
2162 13056
2162 13697
2162 18571
2163 4796
2163 18570
2163 18573
2163 18574
2164 2165
2164 2166
2164 4796
2164 18570
2165 2167
2165 21377
2167 4795
2167 4796
2167 21380
2168 21372
2168 21373
2168 21377
2169 13925
2169 13936
2170 2172
2170 2173
2170 5747
2170 5769
2171 2173
2171 5769
2171 6848
2171 6849
2172 2174
2172 9900
2173 9897
2173 9900
2174 5747
2174 14726
2175 2647
2175 4050
2175 4051
2175 17613
2176 2647
2176 10066
2176 10700
2176 10701
2177 2647
2177 4050
2177 10701
2177 15068
2178 2181
2178 2182
2178 2625
2179 2625
2179 17613
2179 17625
2180 2191
2180 2202
2180 13158
2181 2183
2181 2184
2182 7019
2182 9866
2182 21849
2183 2185
2183 2186
2184 2187
2184 7019
2185 2187
2185 2188
2185 21356
2187 21340
2188 15519
2189 2190
2189 2192
2189 21358
2189 22135
2190 2194
2191 16886
2192 2193
2192 23202
2193 2194
2193 23224
2194 13693
2195 2196
2195 2197
2195 6003
2196 2198
2196 2199
2196 15536
2197 15536
2198 2200
2198 2201
2198 3522
2199 3522
2199 6003
2200 2203
2200 2204
2200 15538
2201 15536
2201 15537
2201 15538
2202 2259
2202 13836
2203 2205
2203 2232
2203 2233
2204 3521
2204 3522
2205 2235
2206 2207
2206 2208
2206 10353
2207 2209
2207 2210
2207 2211
2208 2211
2209 4053
2209 16064
2210 10353
2210 16330
2210 25068
2211 4053
2212 2214
2212 2215
2212 2216
2213 16965
2213 18290
2214 8522
2214 9872
2215 2217
2215 14360
2216 2217
2216 2218
2216 8522
2217 2220
2217 8521
2218 2219
2218 2220
2218 2221
2219 2222
2219 7063
2219 8522
2220 16268
2221 2222
2221 2223
2221 16268
2222 2790
2222 23706
2223 2227
2223 2228
2223 23706
2224 3335
2224 4446
2224 15619
2225 2336
2225 2447
2226 2237
2226 2248
2226 16965
2227 7076
2227 23702
2228 2229
2228 23702
2228 23703
2229 2230
2229 19448
2229 23705
2230 16457
2230 23699
2230 23702
2231 8688
2231 16456
2231 19447
2232 2234
2232 2235
2232 13424
2233 3521
2233 13424
2234 2236
2234 4057
2235 4057
2236 13424
2236 13426
2237 13136
2238 2239
2238 2240
2238 6799
2238 14700
2239 2242
2239 6800
2239 24768
2240 2241
2240 2242
2241 2243
2241 14700
2242 2245
2242 15844
2243 2244
2244 2245
2244 14149
2245 14134
2245 14135
2246 2247
2246 2250
2246 18619
2247 2249
2247 18619
2248 16923
2248 18290
2249 2250
2249 4787
2249 21426
2250 4788
2251 2252
2251 2253
2251 21425
2252 6867
2252 6868
2252 13640
2253 5207
2253 5210
2253 21422
2254 2255
2254 2256
2254 2257
2255 2258
2255 2260
2256 2258
2256 15387
2256 15441
2257 5029
2257 5175
2257 5176
2258 14607
2259 2270
2259 13836
2259 13847
2259 13858
2260 2272
2261 2263
2261 17764
2261 24546
2261 25267
2262 2263
2262 17749
2262 17750
2262 17754
2263 2265
2264 2266
2264 5163
2264 17754
2265 10811
2265 17754
2266 2267
2266 14948
2267 4263
2267 5163
2267 5165
2268 2269
2268 2271
2268 17544
2269 2272
2269 2273
2270 16886
2270 16899
2271 5172
2271 5173
2272 14607
2273 2282
2273 14606
2273 14607
2274 2275
2274 17733
2274 25223
2274 25245
2275 2277
2275 9289
2276 2277
2276 2278
2276 17733
2277 14702
2278 17740
2279 14150
2279 17740
2279 21659
2280 17746
2281 2292
2281 2303
2281 16898
2282 14185
2282 17544
2282 22194
2283 17756
2283 23842
2284 5178
2284 17316
2285 5178
2285 5179
2285 17316
2285 17317
2286 15441
2286 17316
2287 2288
2287 2289
2287 2295
2288 2289
2288 2294
2288 5166
2289 4263
2289 5344
2290 2291
2290 2293
2290 2294
2290 2295
2291 2296
2291 5168
2292 16900
2293 6352
2293 15439
2293 22184
2294 5167
2294 5168
2296 5170
2297 2298
2297 2299
2297 2300
2297 5186
2298 2301
2298 2302
2298 15459
2299 5185
2299 5186
2299 5187
2300 15459
2301 2304
2301 2305
2301 5189
2302 5186
2302 5188
2302 5189
2303 16887
2304 2306
2304 15457
2304 21081
2305 15457
2305 15459
2306 3564
2306 3567
2306 5189
2307 15456
2307 15457
2307 21081
2308 2310
2308 2311
2308 15454
2308 21079
2309 15454
2309 15456
2309 21079
2310 2312
2311 7184
2311 9287
2312 7183
2312 9288
2313 2315
2313 2316
2313 2317
2314 2325
2314 13847
2314 16887
2315 2318
2315 5219
2316 5174
2317 2318
2317 2319
2317 2320
2318 13259
2319 2322
2319 5192
2320 2321
2320 2322
2320 2323
2321 2327
2321 13259
2321 13644
2322 2326
2322 5193
2323 2324
2323 2326
2323 2327
2324 2328
2324 2329
2324 2330
2325 16888
2326 2330
2326 13548
2327 2329
2327 13645
2328 2331
2328 2332
2328 2333
2329 2332
2329 22277
2330 2333
2330 5194
2331 2334
2331 2335
2331 2338
2332 2335
2332 22281
2333 2338
2333 5195
2334 2339
2334 2340
2334 2341
2335 2340
2335 22285
2336 2447
2336 15084
2336 15397
2337 2348
2337 2359
2337 2370
2337 17769
2338 2341
2338 5196
2339 2342
2339 2343
2339 17767
2340 2342
2340 10639
2341 2343
2341 5197
2342 2345
2342 10640
2343 5198
2343 17768
2344 2346
2344 2347
2344 2349
2344 17767
2345 2347
2345 8531
2345 17767
2346 2350
2346 2811
2346 23769
2347 2350
2347 7077
2348 4944
2348 13997
2348 22899
2349 2811
2349 5200
2350 22231
2350 23740
2351 23766
2351 23769
2352 2353
2352 2354
2352 8704
2352 23767
2353 2355
2353 23921
2353 23924
2354 2355
2354 5203
2354 23765
2355 2356
2355 5204
2356 2357
2356 5205
2356 23924
2357 5206
2357 23926
2358 2360
2358 8421
2358 11559
2359 10483
2359 13925
2359 13995
2361 2362
2361 2363
2362 15004
2362 22579
2363 2364
2363 15004
2364 2365
2364 2366
2364 11503
2365 2367
2365 14425
2365 15004
2365 15043
2366 2367
2366 2368
2366 11514
2367 15001
2367 22362
2368 9002
2368 9335
2369 14536
2369 14547
2369 17168
2369 19623
2370 13925
2370 13936
2370 17591
2371 2372
2372 2390
2373 2374
2373 21083
2374 8763
2374 13368
2374 15385
2375 14426
2375 21653
2375 21662
2376 2377
2376 2378
2376 18431
2377 14629
2377 15297
2377 19956
2378 18430
2378 18431
2378 18437
2378 19954
2379 15315
2379 18436
2380 2382
2380 2383
2381 2392
2381 2403
2381 17691
2381 22457
2383 2384
2383 19962
2384 2386
2385 19896
2385 21326
2387 14887
2387 23165
2388 5304
2388 5306
2388 13366
2389 5304
2389 5305
2389 20076
2390 10164
2390 10165
2391 2393
2391 2394
2391 13363
2392 14250
2393 11850
2394 2395
2394 2396
2394 11850
2395 2397
2395 2398
2395 5329
2396 5329
2396 13363
2396 13364
2397 7157
2397 11850
2398 2413
2398 15317
2399 2400
2399 2401
2399 2402
2400 2404
2400 2405
2401 2404
2401 5327
2401 7016
2402 2405
2402 4977
2402 5326
2403 2792
2404 7013
2404 7015
2405 4979
2405 5328
2406 2407
2406 2408
2406 23518
2407 23771
2407 23773
2408 11851
2408 23773
2409 2410
2409 2411
2409 2412
2410 5284
2410 5285
2411 5282
2411 5284
2411 8792
2412 8793
2412 13799
2413 2415
2413 18509
2413 18510
2414 2425
2414 24956
2415 5793
2415 14804
2415 15317
2416 2914
2416 2925
2416 9246
2417 2420
2417 12580
2417 21321
2417 22113
2418 2419
2418 2420
2418 18227
2418 22113
2419 18228
2419 18230
2419 22102
2420 11907
2420 18225
2421 7730
2421 11911
2421 18462
2421 18463
2422 2423
2422 2424
2422 2426
2423 12613
2423 14434
2423 16786
2424 8719
2424 12611
2424 12612
2425 22646
2425 22657
2426 8718
2426 8719
2426 14718
2427 2428
2427 2429
2427 2430
2428 9397
2428 9399
2428 15406
2429 14721
2430 9397
2431 2432
2431 2433
2431 15406
2432 2434
2432 12631
2433 13085
2433 24567
2434 2435
2434 24570
2435 12631
2435 12632
2435 12633
2436 2448
2436 2459
2436 2470
2436 2481
2437 2438
2437 12633
2437 24570
2438 2439
2438 24573
2439 2440
2439 2524
2439 12633
2440 2524
2440 21538
2440 24573
2441 2542
2441 21548
2441 24573
2442 2443
2442 21537
2442 21540
2443 2444
2443 2445
2444 2446
2444 12018
2445 11896
2445 11897
2445 11900
2446 2449
2446 11900
2447 2558
2448 13383
2449 2450
2449 2451
2450 12018
2450 12635
2450 12637
2451 2452
2451 2453
2452 11900
2452 11901
2452 11905
2453 2454
2453 12637
2454 2455
2454 11905
2455 2458
2455 12638
2456 12638
2456 18538
2456 18539
2456 18614
2457 2458
2457 18614
2457 18617
2458 18614
2459 15116
2459 18500
2460 17867
2460 18541
2460 18543
2461 4734
2461 4735
2461 4737
2461 17866
2462 2463
2462 17864
2462 17866
2463 2464
2463 4735
2464 2465
2464 2466
2465 5457
2465 5459
2465 17864
2466 2467
2466 2468
2467 4735
2467 5464
2467 6861
2468 2469
2468 5459
2469 2471
2469 6861
2470 16494
2471 2472
2471 2473
2472 5459
2472 6890
2473 2474
2473 2475
2474 2475
2474 6862
2475 2476
2476 2477
2476 2478
2477 6862
2477 11922
2477 11926
2478 2479
2479 2480
2479 11926
2480 2482
2481 16766
2482 2483
2482 2484
2483 2485
2484 11926
2484 11927
2484 11929
2485 2486
2485 11929
2486 22543
2487 11929
2487 11930
2487 11933
2487 22543
2488 2489
2488 2490
2488 22544
2489 2493
2489 11933
2489 11937
2490 2491
2491 2493
2491 2494
2492 2503
2492 21435
2492 22157
2493 11939
2493 11940
2494 2495
2495 2496
2495 11940
2497 10619
2497 10622
2497 11940
2498 2499
2499 2500
2499 2501
2500 2502
2501 8517
2501 10619
2501 10621
2502 2504
2502 8517
2503 13384
2503 21435
2504 2505
2505 2508
2505 7071
2506 2507
2506 2508
2506 2509
2507 2806
2507 7071
2507 23680
2509 2510
2510 2511
2510 23680
2511 23674
2512 2513
2512 23675
2512 23678
2513 2515
2514 2525
2514 2536
2514 2547
2514 23257
2515 2516
2516 14901
2517 2518
2517 2519
2517 18758
2517 18791
2518 2520
2518 18479
2519 2826
2519 2827
2519 18468
2520 18501
2520 18791
2521 3907
2521 17548
2522 7178
2522 9952
2522 18941
2522 18943
2523 21527
2523 21531
2524 21534
2525 19816
2525 23246
2526 12973
2526 12974
2526 21665
2526 21667
2527 6499
2527 21520
2527 24842
2527 24843
2528 2529
2528 6499
2528 21520
2528 21521
2529 2530
2529 2531
2529 2532
2530 6500
2530 13008
2530 21521
2531 2533
2531 6497
2531 6499
2532 2533
2532 2534
2532 13008
2533 2537
2533 6498
2534 2535
2534 2537
2534 2538
2535 2539
2535 11356
2535 13008
2536 18465
2536 19817
2537 11354
2537 14143
2538 2539
2538 11354
2538 21525
2539 11355
2539 21522
2540 11475
2540 14724
2540 21553
2540 21555
2541 14724
2541 16685
2541 21552
2542 2543
2542 21551
2542 24572
2543 11896
2543 21549
2544 11889
2544 11894
2544 11895
2544 21551
2545 9293
2545 9294
2545 14762
2545 21654
2546 2548
2546 2549
2547 18464
2547 18465
2548 6870
2549 6285
2549 6870
2550 13318
2550 17673
2550 20101
2550 20103
2551 16111
2552 2961
2552 2962
2553 6858
2553 23932
2554 2555
2554 2556
2554 2557
2555 2560
2555 2561
2556 2561
2556 13152
2557 6169
2557 11318
2557 24011
2558 2669
2558 2780
2559 2570
2559 2581
2559 2592
2559 2603
2560 16015
2560 24005
2560 24007
2561 6233
2561 13154
2562 2563
2562 2564
2562 14409
2563 2565
2563 24016
2564 16032
2564 24013
2564 24016
2565 12188
2565 14409
2565 14410
2566 2567
2566 17240
2567 2568
2567 2569
2568 2571
2568 2572
2568 2573
2569 8414
2569 8539
2570 7710
2570 18477
2570 19809
2571 2574
2571 2575
2572 2574
2572 8414
2573 2575
2574 8234
2574 8415
2575 7085
2576 8501
2576 24936
2577 2578
2577 2579
2578 2580
2578 2582
2578 23440
2579 6540
2579 22525
2580 2583
2581 18473
2581 18475
2582 2583
2582 3812
2582 6540
2583 3815
2583 13162
2584 2585
2584 2586
2584 2587
2585 2587
2585 2589
2585 4831
2586 4831
2586 10031
2586 12354
2587 2588
2587 17014
2588 2589
2588 2590
2589 4829
2590 4826
2590 17014
2591 2593
2591 2594
2591 2595
2592 15107
2592 18475
2592 18477
2593 2596
2593 2597
2594 6530
2594 8208
2595 5118
2595 5137
2596 2649
2596 6529
2597 2645
2597 2646
2598 2599
2598 2600
2598 2601
2599 7130
2599 8221
2600 5138
2600 5139
2600 5141
2601 2602
2601 2604
2601 7130
2602 5140
2602 5142
2603 7709
2603 7710
2603 13251
2604 2605
2604 2606
2604 2607
2605 5142
2605 5144
2606 2608
2606 7132
2607 2608
2607 2609
2607 5146
2608 2610
2608 8222
2609 2610
2609 2611
2610 2612
2611 2612
2611 2613
2612 8197
2612 8223
2613 5146
2613 5148
2614 2625
2614 2636
2614 2647
2614 17613
2616 8228
2616 17303
2616 22752
2617 2618
2617 2620
2617 8211
2617 17231
2618 2619
2618 17229
2618 17231
2619 2620
2619 2621
2619 2622
2620 8212
2621 2623
2621 5150
2621 17229
2622 2623
2622 21800
2623 21797
2623 21798
2624 2626
2624 18819
2624 18820
2624 18825
2625 2636
2626 2627
2626 2628
2626 5135
2627 2629
2627 8194
2627 18825
2628 2629
2628 2630
2628 2631
2629 2632
2629 8195
2630 2633
2630 5133
2630 5135
2631 2632
2631 2633
2631 2634
2633 2637
2633 5151
2634 2635
2635 2637
2635 20514
2636 10700
2637 5152
2637 5153
2638 2639
2638 2640
2638 2641
2639 2642
2639 2643
2640 2643
2640 5115
2641 2642
2641 8203
2641 8206
2642 8207
2642 8208
2643 5116
2643 5117
2644 4096
2644 17160
2644 17648
2645 5130
2645 5137
2646 2648
2646 2649
2646 2650
2648 2651
2648 2652
2649 2651
2649 6531
2650 2652
2650 5130
2650 5131
2651 8230
2652 5132
2653 3047
2653 11758
2654 3047
2654 15032
2654 16479
2655 4389
2655 23419
2655 23421
2656 2657
2656 4379
2656 23352
2657 23355
2658 2670
2658 2681
2658 2692
2658 17647
2659 2660
2659 4382
2659 23364
2660 4383
2660 23367
2661 2662
2661 23389
2661 25129
2662 2663
2662 4361
2662 23393
2663 2664
2663 4363
2663 23396
2664 4365
2664 21728
2664 23399
2665 21728
2665 21729
2665 21732
2665 23399
2666 4368
2666 18731
2666 23404
2666 23408
2667 4368
2667 18726
2667 18728
2667 18731
2668 4368
2668 17596
2668 23408
2669 4102
2669 4114
2669 5585
2670 2703
2670 21833
2670 21835
2671 2673
2671 4353
2671 23371
2672 4355
2672 23373
2672 23374
2672 23378
2673 4352
2673 4355
2673 23373
2674 4121
2674 23378
2674 23380
2675 4121
2675 4355
2675 4356
2675 23378
2676 2677
2676 2678
2676 2679
2676 2680
2677 15292
2677 22541
2677 24417
2678 2682
2678 20995
2679 3429
2679 3430
2680 2682
2680 2683
2680 22760
2681 2703
2681 2714
2681 21240
2682 12409
2682 20996
2683 2684
2683 12409
2683 15654
2683 15655
2684 2685
2684 2686
2684 2687
2685 8115
2685 15654
2686 5451
2686 5452
2686 15655
2687 13598
2687 15285
2688 2689
2688 22774
2689 22767
2689 22770
2690 2693
2690 2694
2690 22772
2690 24521
2691 22772
2691 22773
2691 24521
2692 13176
2692 21240
2692 21242
2693 2695
2693 2696
2693 23610
2694 2695
2694 3441
2694 22769
2695 2698
2695 3442
2696 2697
2696 24521
2697 17264
2697 23610
2697 24351
2698 23605
2698 23607
2698 23610
2699 2700
2699 23608
2699 23609
2699 24351
2700 2701
2700 2702
2700 24354
2701 3443
2702 2704
2702 2705
2702 3480
2703 21832
2703 23080
2704 24352
2704 24354
2704 24359
2705 2706
2705 2707
2706 2709
2706 3480
2706 3482
2707 2708
2707 2709
2707 2710
2708 24384
2708 24387
2709 2711
2709 18301
2710 2711
2710 22548
2710 24387
2711 2712
2711 18305
2712 18308
2712 22548
2713 2715
2713 22545
2713 22550
2714 21241
2714 23045
2715 2716
2715 22631
2716 2717
2716 24342
2717 24345
2718 2719
2718 2720
2719 2721
2720 2721
2720 18264
2721 18266
2722 2723
2722 2724
2722 2785
2722 24363
2723 2726
2723 3467
2724 2726
2724 2727
2724 24367
2725 2736
2725 2747
2725 21712
2725 22723
2726 2729
2726 17341
2727 2728
2727 2729
2727 24371
2728 2730
2728 2731
2728 24374
2729 2731
2729 3469
2730 2732
2730 2733
2730 24377
2731 2733
2731 18345
2732 2734
2732 2735
2732 24381
2733 2734
2733 18349
2734 3471
2734 18352
2735 2737
2735 3471
2735 8630
2736 12683
2737 2738
2737 2739
2738 2741
2738 3474
2739 2740
2739 2741
2739 2742
2740 12160
2740 12161
2741 2743
2741 3476
2742 2743
2742 2744
2743 2745
2743 3333
2744 2745
2744 2746
2745 2748
2745 3332
2746 2748
2746 2749
2747 13034
2748 2751
2749 2750
2749 2751
2750 3478
2750 12161
2750 13698
2751 3478
2751 13783
2752 3511
2752 24530
2753 7781
2753 7792
2753 7825
2754 2755
2754 2756
2754 21709
2755 3390
2755 3391
2756 3391
2756 24519
2756 24520
2757 2760
2757 3502
2757 24519
2758 2769
2758 2781
2758 2792
2758 2803
2758 17713
2758 22823
2759 2760
2759 2761
2759 24519
2760 3504
2760 3505
2761 2762
2761 3504
2761 15050
2761 24522
2762 2763
2762 2764
2763 3506
2764 3504
2764 3506
2764 3507
2765 2768
2765 24398
2765 24399
2766 2768
2766 12126
2766 22529
2766 24399
2767 24396
2767 24399
2768 2770
2768 2772
2768 3488
2768 24407
2769 22899
2769 22900
2770 2771
2770 3487
2771 2772
2771 2773
2771 22534
2772 2774
2772 24412
2773 2774
2773 2775
2773 24417
2774 3796
2774 24410
2774 24414
2775 22534
2775 22538
2776 2777
2776 2778
2777 2779
2777 2782
2778 2779
2778 4437
2779 4440
2779 6945
2780 2891
2780 16608
2781 2803
2781 4943
2781 9090
2781 10482
2781 12979
2782 6945
2782 18316
2783 2785
2783 2786
2783 17915
2783 24527
2784 2786
2784 17909
2784 17910
2784 17915
2785 2787
2785 3468
2786 3468
2786 18339
2787 24364
2787 24527
2788 2811
2788 23763
2788 23766
2789 7081
2789 7083
2789 23666
2790 2791
2790 7063
2790 23708
2791 2793
2791 7064
2791 23711
2792 17713
2793 23717
2794 7065
2794 23728
2794 23731
2794 23737
2795 7065
2795 23737
2795 25285
2795 25286
2796 23738
2796 23748
2796 25287
2797 2798
2797 7066
2797 23748
2797 25287
2798 2799
2798 7067
2798 23752
2799 2800
2799 7068
2799 23755
2800 7070
2800 22371
2800 23759
2801 2802
2801 2804
2801 23671
2802 2805
2802 23673
2803 4944
2803 22899
2804 2805
2804 7057
2804 7060
2805 7061
2806 2807
2806 7072
2806 23682
2807 2808
2807 7073
2807 23686
2808 2809
2808 7074
2808 23688
2809 7075
2809 23691
2810 2811
2810 5201
2810 23763
2812 2813
2812 2815
2812 2816
2813 12847
2813 12858
2814 9050
2815 2818
2815 15181
2815 15254
2816 2817
2816 2818
2816 12847
2817 2819
2817 2820
2817 12625
2818 2819
2819 15023
2819 15026
2820 12681
2820 12769
2820 15026
2821 2822
2821 14047
2821 14058
2821 15176
2822 2823
2822 2824
2823 14058
2823 14966
2823 18769
2824 18524
2824 18769
2824 18791
2825 10477
2825 10479
2825 10481
2825 10482
2826 2827
2826 14964
2826 18758
2827 18435
2828 2829
2828 13914
2829 22904
2830 2831
2830 2832
2830 25187
2831 9587
2831 10392
2832 9585
2833 9622
2833 19765
2833 19766
2834 2835
2834 15978
2835 2837
2836 2847
2836 2858
2836 2869
2836 22779
2837 8149
2837 20614
2838 2839
2838 2840
2838 2898
2838 2900
2839 12530
2840 2841
2840 2842
2840 2843
2841 2844
2841 2845
2841 9337
2842 2900
2842 9333
2842 9337
2843 12521
2843 12523
2843 12524
2844 2846
2844 12524
2845 2846
2845 2848
2846 12535
2846 16939
2847 14252
2848 9337
2848 9338
2848 17466
2849 2850
2850 17465
2850 19015
2850 19016
2851 2852
2851 2853
2851 2854
2851 19017
2852 12537
2852 24944
2853 2855
2853 16663
2854 8287
2854 8288
2854 19019
2855 24943
2855 24944
2855 24949
2856 2857
2856 24947
2856 24948
2857 2859
2857 7878
2858 15083
2858 22439
2859 9210
2859 24938
2860 2861
2860 2862
2860 2863
2861 17883
2862 2864
2862 2865
2862 2866
2862 17423
2863 2864
2863 9214
2863 11009
2864 17372
2864 17423
2865 2867
2865 2868
2865 3878
2866 3878
2866 17881
2866 17882
2867 2870
2867 2871
2867 3876
2868 3876
2868 17423
2868 17425
2869 13176
2869 22437
2869 22439
2870 2872
2870 12532
2871 3877
2871 3878
2871 12532
2872 2902
2872 3876
2873 2874
2873 6925
2873 6936
2873 12517
2874 2875
2874 2876
2874 9323
2875 2877
2875 2878
2875 2879
2876 2879
2876 12517
2877 2881
2877 2882
2878 2881
2878 9322
2878 9323
2879 2882
2879 12519
2880 2892
2880 2903
2880 13993
2880 22979
2881 9325
2881 11008
2882 9663
2882 9670
2883 2884
2883 2885
2883 6880
2883 9354
2884 12510
2884 12511
2884 25070
2885 2886
2885 2887
2885 12511
2886 2888
2886 11007
2887 9354
2887 11006
2887 23641
2888 12511
2888 12513
2889 2890
2889 2893
2889 22621
2890 22622
2890 22625
2891 3002
2891 3113
2892 21657
2892 22979
2893 2894
2893 22618
2893 22625
2894 2895
2894 2896
2895 2996
2895 2997
2896 3000
2896 22618
2897 20832
2897 20839
2897 24284
2898 2899
2898 9331
2898 20836
2899 10772
2899 12528
2899 12530
2900 9331
2900 9332
2901 2902
2901 2904
2901 2905
2902 7798
2902 16795
2903 2914
2903 2925
2903 2936
2904 2906
2904 12532
2905 2906
2905 2907
2905 7798
2906 7797
2906 8670
2907 2908
2907 2909
2907 8670
2908 7798
2908 8671
2908 8674
2909 2910
2909 2911
2909 8671
2910 8667
2910 8670
2910 12533
2911 2912
2911 2913
2911 12533
2912 2915
2912 8672
2912 9343
2913 2915
2913 2916
2913 2917
2914 2936
2914 10071
2915 2918
2915 9344
2916 2919
2916 12533
2917 2918
2917 2919
2917 2920
2918 9342
2919 2922
2920 2921
2920 2922
2920 2923
2921 2924
2921 3340
2921 9342
2922 3334
2922 17493
2923 2924
2923 17494
2924 16759
2924 17312
2925 21657
2926 2927
2926 6613
2926 6635
2926 19762
2927 2929
2927 8144
2928 2930
2928 6635
2928 6646
2928 6692
2929 2930
2929 6635
2930 20607
2931 2934
2931 20607
2931 20608
2932 2933
2932 2934
2932 2935
2932 20608
2933 2937
2933 2938
2933 6714
2934 2937
2935 5648
2935 5665
2936 13585
2936 15090
2937 2939
2938 11003
2939 2942
2939 6714
2940 2941
2940 2942
2940 2943
2940 6714
2941 6747
2941 14174
2942 2946
2943 2944
2943 2945
2943 2946
2944 2948
2944 6803
2945 4140
2945 16109
2946 2948
2947 2958
2947 16077
2947 17312
2948 2949
2949 6803
2949 16940
2950 6803
2950 16941
2951 2952
2951 16941
2951 23427
2952 15879
2952 16211
2953 2954
2953 6539
2953 23429
2954 6080
2955 2956
2955 6080
2956 2957
2956 2959
2956 6102
2957 8257
2958 16345
2958 17262
2959 2960
2959 8256
2960 6102
2960 13160
2961 2962
2961 6825
2961 6858
2962 8256
2963 16759
2963 17524
2963 18117
2963 18121
2964 2965
2964 2966
2964 2967
2964 18116
2965 2971
2965 4420
2965 18118
2966 2968
2966 18112
2967 2968
2967 2970
2967 2971
2968 6981
2969 2980
2969 15939
2969 22346
2970 2972
2970 2973
2970 2974
2971 4421
2971 6967
2972 2975
2972 6967
2972 6970
2973 2976
2973 6981
2974 2975
2974 2976
2974 22884
2975 2977
2975 9345
2976 10472
2977 9346
2977 22884
2977 22885
2978 2979
2978 22882
2978 22883
2978 22886
2979 2981
2979 2982
2979 2983
2980 16077
2980 17494
2981 2985
2981 22883
2982 2984
2982 9348
2982 22886
2983 2984
2983 2985
2983 2986
2984 2987
2984 9349
2985 2988
2986 2987
2986 2988
2986 2989
2987 2990
2987 9350
2988 2992
2989 2990
2989 2992
2989 2993
2990 2994
2991 3003
2991 3014
2991 16348
2992 5841
2993 2994
2993 2995
2994 6094
2994 11014
2995 5841
2996 2998
2996 2999
2996 3000
2997 2999
2997 11016
2997 22625
2998 3001
2998 3004
2998 3005
2999 3004
2999 9314
3000 3005
3001 3006
3001 3007
3001 3008
3002 3224
3002 15340
3003 24353
3003 24356
3004 3007
3005 3008
3005 12506
3006 3009
3006 3010
3006 3011
3007 3010
3008 3011
3009 3012
3009 20976
3009 20977
3010 3012
3011 20977
3012 20979
3013 3017
3013 20973
3013 20975
3013 20978
3014 3025
3014 17264
3015 3016
3015 3017
3015 3018
3015 20978
3016 3019
3016 7979
3016 20981
3017 3020
3018 3019
3018 3020
3019 7981
3021 3022
3021 24285
3022 3262
3022 9328
3022 24283
3023 3024
3023 3026
3024 9479
3024 11915
3024 13935
3025 14808
3025 17252
3026 9421
3026 13937
3026 13938
3027 3028
3027 3029
3027 3030
3028 5864
3029 3031
3029 5863
3029 12087
3030 3031
3030 3032
3030 3033
3031 3034
3031 11449
3032 12074
3032 12086
3033 3034
3033 3035
3033 14829
3034 3037
3034 14239
3035 3037
3035 14784
3036 3047
3036 3058
3036 3069
3036 3080
3037 17029
3038 3039
3038 3040
3038 3041
3039 3042
3039 3043
3039 5040
3040 3043
3040 11455
3040 11964
3041 5040
3041 6378
3041 11963
3042 3044
3042 3045
3042 5043
3043 5043
3043 11965
3044 3046
3044 3048
3045 3048
3045 5037
3045 5040
3046 5042
3046 5043
3046 14178
3048 5039
3048 11191
3049 3050
3049 14178
3049 20000
3050 14177
3050 19999
3051 3052
3051 3053
3051 6361
3052 6362
3052 16814
3053 6379
3053 11455
3053 16814
3054 3055
3054 3056
3054 13952
3055 13952
3055 13953
3056 13953
3056 13956
3057 3059
3057 3060
3057 9637
3058 15032
3059 3061
3059 3062
3059 9141
3060 9141
3060 21197
3061 3062
3061 12916
3061 16130
3062 9638
3063 3064
3063 3065
3064 14167
3064 16105
3065 3066
3066 3067
3066 3068
3066 3070
3067 3068
3067 3071
3068 13301
3069 3302
3069 11758
3069 20757
3070 3071
3071 9639
3072 3074
3072 3075
3072 3076
3072 20132
3073 3074
3073 10388
3073 20130
3073 20132
3074 3077
3074 10387
3075 9667
3075 9682
3075 20128
3076 3077
3076 3078
3076 3079
3077 12520
3078 3081
3078 3082
3078 9665
3079 9664
3079 9665
3080 3280
3080 3291
3080 3302
3081 3083
3081 3084
3081 9327
3082 9327
3082 12520
3082 16076
3082 16752
3083 3085
3084 5922
3084 9325
3084 9326
3085 3086
3085 3087
3085 5927
3086 3088
3086 3089
3086 3090
3087 3090
3087 5917
3087 5922
3088 3092
3088 3093
3088 6026
3089 3093
3089 4569
3089 5927
3090 5920
3090 6026
3091 3102
3091 3114
3091 15665
3092 3094
3092 3095
3092 6027
3093 6027
3093 6028
3094 3096
3094 9671
3094 18287
3095 6024
3095 6026
3095 9671
3096 6027
3096 9174
3096 18270
3097 9671
3097 18283
3097 18284
3097 18287
3098 3099
3098 18269
3098 18285
3098 18286
3099 3100
3099 3101
3099 3453
3100 3104
3100 3452
3100 18285
3101 3103
3101 3104
3101 24494
3102 13857
3102 14455
3102 14456
3103 3453
3103 24497
3103 24500
3104 9672
3104 9673
3105 3108
3105 24492
3105 24493
3105 24496
3106 3107
3106 3108
3106 3109
3106 3705
3107 3699
3107 3701
3107 9674
3108 8023
3108 9674
3109 3110
3109 3699
3110 3111
3110 3112
3111 3116
3111 3699
3111 3700
3112 3115
3112 3116
3112 3117
3113 16102
3113 16114
3114 3125
3114 3225
3114 14455
3115 3118
3115 3704
3115 4589
3116 9675
3116 9676
3117 3118
3117 3119
3117 9676
3118 9178
3118 9181
3119 3120
3119 3121
3119 9181
3120 9676
3120 9677
3120 9678
3121 3122
3121 3123
3121 9678
3122 3124
3122 9179
3122 9181
3123 3124
3123 3126
3124 4598
3124 17392
3125 3136
3125 3147
3125 3225
3125 3236
3126 9678
3126 9679
3127 3128
3127 3129
3127 17384
3127 23575
3128 9145
3128 9148
3128 23576
3129 3130
3129 3131
3129 9148
3130 17239
3130 17384
3131 3132
3131 10433
3131 17239
3132 3133
3132 3134
3132 17238
3133 9151
3133 9154
3133 10433
3134 3135
3134 3137
3134 9154
3135 9658
3135 17238
3136 14769
3136 14825
3137 3138
3137 3139
3137 9658
3138 3142
3138 9153
3138 9154
3139 3140
3139 3141
3139 3142
3140 3143
3140 9658
3140 9659
3141 3143
3141 3144
3141 9157
3142 9155
3142 9157
3143 9660
3144 3145
3144 3146
3144 9660
3145 9157
3145 9159
3145 9162
3146 3148
3146 3149
3146 9162
3147 3747
3147 4047
3147 16536
3148 9660
3148 9661
3149 3150
3149 3151
3149 9661
3150 9162
3150 9163
3150 9164
3151 3152
3151 3153
3152 7511
3152 9661
3153 3154
3153 7511
3154 3155
3154 3156
3154 7510
3155 3157
3155 7512
3156 3157
3156 3159
3157 7515
3158 3169
3158 3180
3158 12666
3159 7510
3159 7533
3160 3161
3160 4059
3161 3162
3161 3163
3161 7124
3162 4059
3162 7126
3162 9168
3163 3164
3163 3165
3163 9168
3164 3166
3164 3167
3164 9662
3165 7124
3165 9662
3166 3170
3166 9168
3166 9170
3167 3168
3167 3170
3168 9662
3169 12665
3169 14167
3170 9171
3171 3172
3171 3173
3171 3174
3172 3175
3172 9640
3173 4621
3173 9183
3173 9186
3174 3175
3174 3176
3174 9186
3175 9641
3175 9642
3176 3177
3176 3178
3176 9642
3177 9185
3177 9186
3177 9187
3178 3179
3178 3181
3178 9187
3179 9642
3179 9643
3179 9644
3180 3191
3180 3213
3181 3182
3181 3183
3181 9644
3182 6161
3182 6162
3182 9187
3183 3184
3183 3185
3183 6161
3184 3187
3184 6157
3184 9644
3185 3186
3185 3187
3186 6161
3186 9188
3186 9190
3187 3188
3187 6159
3189 3190
3190 3192
3190 3193
3190 6689
3191 3202
3192 6686
3192 6688
3193 3194
3193 3195
3193 6688
3194 6689
3194 6690
3194 8567
3195 3196
3195 3197
3195 8567
3196 6688
3196 8566
3196 9645
3197 3198
3197 3199
3197 9645
3198 8567
3198 9192
3198 9193
3199 3200
3199 9193
3199 23022
3200 9645
3200 9647
3200 9648
3201 9193
3201 23015
3201 23016
3201 23022
3202 12666
3202 14275
3202 21881
3203 3204
3203 23020
3203 23025
3204 7375
3204 19200
3204 23019
3205 19199
3205 19200
3205 23019
3205 23621
3206 3207
3206 9650
3206 19198
3206 19201
3207 3208
3207 3209
3207 13862
3208 3211
3208 7937
3209 3210
3209 3211
3209 3212
3210 7941
3210 13862
3210 23629
3211 3214
3211 7938
3212 3214
3212 3215
3212 7941
3213 21881
3213 21882
3214 3217
3214 7940
3215 3216
3215 3217
3215 3218
3216 3221
3216 7941
3216 23634
3217 3220
3217 9651
3218 3219
3218 3220
3218 3221
3219 3222
3219 3223
3219 9135
3220 9653
3221 9134
3222 7266
3222 9653
3222 9654
3223 3226
3223 3227
3223 7266
3224 3336
3224 3447
3225 16496
3226 3228
3226 7267
3227 7267
3227 7270
3227 9135
3228 3229
3228 3230
3228 7265
3229 7267
3229 7268
3229 9137
3230 3231
3230 3232
3230 9137
3231 7265
3231 9655
3231 9656
3232 3233
3232 3234
3232 9656
3233 3235
3233 3237
3233 3623
3234 3623
3234 9137
3234 9138
3235 3238
3235 3239
3235 3240
3236 14769
3236 16107
3236 16496
3236 16497
3237 3240
3237 3620
3237 9656
3238 3241
3238 3622
3238 21194
3239 3241
3239 3623
3239 3624
3240 3619
3240 3622
3241 9139
3241 21196
3242 12480
3242 14078
3242 14079
3242 18364
3243 14287
3243 14631
3243 16202
3243 24480
3244 16202
3244 24476
3244 24477
3245 3458
3245 3460
3245 16236
3246 3458
3246 9196
3246 16236
3246 24470
3247 3258
3247 3269
3247 15033
3247 24896
3248 3249
3248 3250
3249 3252
3249 4960
3250 6322
3250 6823
3250 15269
3251 3252
3251 15269
3252 4961
3253 3254
3253 3256
3253 17515
3253 20822
3254 15749
3254 20819
3255 3257
3255 13304
3255 16771
3255 20822
3256 13304
3256 20822
3257 3259
3257 3260
3258 3269
3258 21953
3259 4548
3259 9117
3259 17025
3260 9117
3260 22076
3261 10797
3261 10800
3261 24285
3262 4563
3262 5983
3262 20841
3263 5983
3263 20840
3263 20841
3263 20844
3264 3266
3264 5982
3264 5983
3264 20844
3265 6030
3265 20850
3265 20851
3265 20856
3266 4568
3266 6030
3266 20850
3267 13762
3267 18250
3267 20855
3267 20856
3268 6029
3268 6030
3268 13762
3268 20856
3269 20679
3269 20723
3270 4577
3270 13762
3270 18250
3271 4580
3271 20865
3271 24508
3272 8027
3272 24506
3272 24507
3272 24510
3273 8027
3273 20872
3273 20876
3273 24510
3274 3713
3274 20875
3274 20876
3274 20878
3275 3713
3275 8027
3275 14008
3275 20876
3276 3278
3276 3712
3276 3713
3276 20878
3277 13483
3277 20881
3277 20882
3277 20885
3278 4588
3278 13483
3278 20881
3279 13483
3279 13484
3279 14110
3279 20885
3280 3313
3280 15666
3281 3282
3281 3283
3281 20888
3281 20892
3282 3284
3282 6572
3283 4599
3283 6572
3283 14110
3284 3285
3284 3286
3284 20894
3285 6572
3285 11660
3285 12043
3286 3287
3286 11660
3286 11661
3287 3288
3287 20899
3287 20903
3288 11021
3288 14108
3289 3290
3289 11020
3289 11021
3289 20906
3290 3293
3290 4620
3290 20908
3291 12878
3291 15030
3291 15031
3292 3294
3292 11277
3292 20912
3293 11277
3293 13044
3293 20912
3294 3295
3294 20918
3295 6166
3295 11276
3295 11277
3296 3297
3296 20918
3296 20921
3297 6164
3297 6166
3297 14109
3298 3299
3298 17566
3299 6691
3299 6693
3299 8570
3300 3301
3300 17565
3300 22997
3301 10249
3301 10250
3301 13594
3302 7790
3302 20768
3303 19227
3303 24260
3303 24296
3304 3305
3304 3306
3304 20938
3304 24306
3305 7273
3305 13927
3305 24305
3306 3307
3306 3308
3306 7273
3307 7274
3307 7275
3307 20938
3308 3309
3308 3310
3308 7275
3309 7271
3309 7272
3309 7273
3310 3311
3310 3312
3310 7272
3311 7275
3311 12643
3311 17258
3312 3314
3312 12643
3313 6446
3313 15666
3314 3315
3314 3316
3314 10919
3315 3317
3315 20942
3315 20944
3316 10920
3316 12643
3316 20944
3317 3319
3317 3631
3317 10919
3318 3632
3318 20942
3318 20943
3318 20947
3319 3629
3319 3632
3319 20942
3320 3321
3320 3322
3320 21234
3321 12917
3321 12919
3321 16126
3322 16127
3323 3325
3323 3326
3323 3327
3324 6446
3324 12878
3324 15031
3324 16103
3325 3327
3325 22739
3326 8068
3326 24855
3327 14200
3327 22740
3328 22739
3328 22742
3328 24855
3328 24859
3329 22741
3329 22742
3329 24859
3330 6785
3330 15532
3331 6785
3332 3333
3332 13783
3332 13785
3333 3476
3333 13785
3334 3338
3334 3339
3335 15630
3335 15634
3336 11246
3336 15148
3337 3348
3337 3359
3337 3370
3337 15994
3339 3389
3339 17493
3340 3341
3340 3342
3340 17314
3341 6007
3341 9341
3341 9342
3342 3343
3342 3344
3342 6007
3343 3345
3343 3346
3343 6008
3344 6008
3344 17314
3345 6004
3345 6006
3345 6007
3346 3347
3346 3349
3346 6006
3347 6008
3347 6073
3348 3414
3348 3425
3348 14714
3349 3350
3349 6073
3349 15447
3350 3351
3350 15424
3351 6073
3351 17343
3352 3353
3352 3354
3352 13339
3353 3355
3353 3356
3353 3357
3354 3356
3354 5240
3354 8776
3355 3358
3355 3360
3355 3361
3356 3360
3356 18032
3357 12166
3357 13339
3358 3362
3358 3363
3358 3364
3359 14753
3359 14758
3360 3363
3360 18033
3361 3364
3361 12166
3361 12167
3362 3365
3362 3366
3362 3367
3363 3366
3363 18037
3364 3367
3364 6638
3365 3368
3365 3369
3365 5241
3366 5241
3366 18039
3367 3369
3367 6637
3368 3371
3368 3372
3368 11646
3369 6639
3369 11646
3370 14714
3370 14725
3370 14758
3371 3373
3371 3374
3371 3375
3372 3374
3372 5241
3372 18045
3373 3376
3373 3377
3373 3378
3374 3377
3374 18049
3375 3378
3375 11646
3375 11648
3376 3379
3376 11052
3377 3379
3377 18052
3378 11052
3378 12168
3379 5242
3379 18056
3380 13325
3380 20284
3380 20285
3381 3392
3381 3403
3381 15993
3382 3383
3382 17078
3382 20283
3383 20285
3384 3385
3384 3386
3384 12165
3385 3386
3385 3389
3386 3387
3386 3388
3387 3389
3388 10795
3388 12165
3390 14818
3390 14819
3391 3502
3392 13838
3392 19867
3393 12926
3393 12927
3393 19115
3394 3395
3394 3396
3394 3397
3395 3397
3395 3398
3395 14104
3396 8986
3396 14104
3397 3401
3398 3399
3398 3400
3398 3401
3399 3402
3399 3404
3399 10378
3400 3404
3400 14104
3401 10378
3402 3405
3402 8988
3403 19866
3403 19867
3403 19868
3404 7093
3404 8988
3405 10377
3405 10378
3406 3423
3406 19162
3406 19163
3407 3408
3407 13915
3407 19117
3407 19163
3408 3409
3408 7251
3409 3410
3409 3412
3409 20782
3410 3415
3410 13915
3410 14205
3411 3412
3411 3413
3411 20784
3413 3415
3413 3416
3414 3980
3414 14747
3415 10930
3416 3649
3416 20784
3417 11251
3417 19105
3417 19126
3418 3419
3418 4249
3418 19140
3419 14098
3419 19143
3419 23149
3420 19153
3420 19331
3421 13863
3421 19159
3422 5759
3422 17149
3423 13915
3423 14793
3424 14036
3424 18702
3424 18713
3424 18736
3425 8070
3425 15994
3426 14632
3426 18254
3426 18256
3426 18261
3427 14632
3427 18254
3427 20864
3428 10008
3428 10011
3428 18261
3429 3431
3429 12385
3430 3431
3430 3432
3430 22761
3432 3433
3432 14921
3432 15657
3433 3434
3433 23898
3434 3435
3434 3437
3435 4824
3435 6624
3435 15657
3436 3448
3436 3459
3436 3559
3436 14846
3437 13597
3437 15288
3438 6943
3438 16628
3438 18314
3439 13775
3439 13776
3439 17126
3440 22766
3440 22770
3441 3442
3441 22765
3441 22766
3442 23604
3442 23607
3443 3444
3443 23608
3444 13777
3444 13778
3444 23606
3445 3446
3445 16202
3445 17019
3446 14631
3446 18271
3446 18274
3447 3558
3447 3669
3448 3470
3448 3481
3448 14464
3449 14285
3449 14287
3449 14631
3449 18274
3450 14285
3450 18274
3450 18275
3450 18278
3451 13399
3451 13400
3451 14285
3451 18278
3452 9673
3452 13399
3452 18282
3453 4579
3453 18269
3454 3456
3454 9195
3454 18294
3454 18358
3455 18294
3455 23944
3455 23948
3456 18295
3456 18359
3457 3458
3457 9196
3457 18358
3458 18361
3459 14907
3459 21859
3460 18361
3460 18363
3461 18323
3461 18326
3461 18329
3461 24971
3462 8285
3462 18323
3462 19042
3463 13804
3463 18329
3463 18331
3463 18333
3464 3465
3464 7840
3464 13804
3464 18331
3465 7841
3465 17911
3465 18336
3466 17907
3466 17908
3466 17911
3466 18336
3467 17338
3467 17340
3467 17341
3468 17338
3469 17341
3469 18345
3470 3869
3470 3914
3470 10659
3471 18355
3472 3473
3472 3474
3472 18355
3473 3475
3473 8629
3473 12939
3474 3475
3475 3476
3475 12159
3476 12157
3477 4578
3477 4579
3477 17092
3478 3479
3478 14485
3478 14486
3479 14485
3479 18318
3480 18297
3481 3559
3481 3914
3481 14465
3482 18297
3482 18298
3482 18301
3483 3484
3483 3485
3483 24396
3484 12126
3485 12121
3485 12123
3485 12124
3486 3488
3486 22529
3486 22531
3487 22531
3487 22534
3488 22531
3489 3490
3489 3491
3489 3493
3489 3494
3490 3495
3490 3496
3491 15283
3491 15284
3492 3503
3492 3514
3492 12790
3493 6058
3493 11857
3494 3496
3494 13119
3494 13599
3495 3497
3495 3498
3495 3499
3496 3498
3496 13116
3497 3500
3497 3501
3498 3500
3498 13118
3499 11857
3500 5657
3501 16141
3502 16041
3503 15741
3503 15743
3504 7435
3504 15525
3505 15525
3505 16043
3505 16044
3506 11783
3507 7435
3507 11783
3507 11784
3508 3509
3508 19038
3508 19040
3508 19042
3509 3510
3510 18325
3510 19038
3511 7502
3511 11874
3511 13525
3512 3513
3512 3515
3513 21940
3513 21941
3514 15738
3514 15739
3514 15741
3515 3517
3515 12457
3515 21941
3516 3517
3516 21940
3517 8360
3517 12458
3518 3519
3518 21053
3519 21056
3520 8731
3520 21047
3521 13694
3522 9919
3523 3524
3523 3526
3523 3527
3523 16102
3524 3528
3524 14048
3524 15478
3525 3536
3525 3547
3525 10656
3527 8753
3527 8755
3527 15478
3528 3529
3528 3530
3528 21025
3529 8761
3529 25108
3530 3531
3530 21028
3530 25110
3531 3532
3531 3533
3531 3534
3532 3535
3532 3537
3532 3538
3533 9282
3533 25110
3534 3535
3534 21031
3534 21033
3535 3538
3535 3565
3536 3547
3536 16867
3537 9281
3537 9282
3537 14545
3538 3539
3538 3540
3539 3565
3539 3566
3539 8739
3540 8737
3540 12291
3541 3542
3541 3543
3541 21036
3542 3544
3542 8722
3543 3544
3543 21040
3544 8725
3544 14249
3545 8453
3545 25227
3546 24979
3546 25224
3546 25227
3547 16617
3547 16950
3547 16951
3548 3549
3548 3550
3548 16786
3549 14429
3549 21036
3550 8721
3550 14912
3551 3552
3551 21063
3552 13249
3552 15565
3553 3554
3553 3555
3553 24957
3554 3556
3554 3557
3554 8748
3555 8744
3555 8748
3556 3560
3556 3561
3556 21009
3557 6788
3557 21009
3557 21019
3558 15145
3558 16736
3559 3570
3559 14908
3560 3563
3560 8748
3560 8749
3561 3562
3561 3563
3561 14344
3562 3563
3563 8751
3564 3565
3564 3566
3564 21075
3565 9283
3566 5188
3566 5189
3567 21075
3567 21076
3567 21081
3569 3571
3569 3572
3569 3573
3570 10656
3570 14484
3570 14846
3571 3574
3571 3575
3571 3576
3572 3573
3572 8762
3573 3576
3573 5321
3574 3575
3574 3577
3575 11855
3576 5322
3576 13794
3577 11855
3577 13794
3578 3579
3578 10296
3578 21359
3579 16354
3580 3582
3580 3583
3581 3592
3581 3603
3581 3614
3581 12515
3582 3585
3582 21222
3583 3584
3584 3585
3584 3586
3584 12644
3584 14946
3585 12663
3586 3587
3586 24905
3587 13730
3588 3590
3588 3591
3588 3593
3588 24042
3589 3593
3589 24037
3589 24038
3589 24042
3590 3594
3590 3595
3590 3596
3591 3595
3591 13731
3592 6925
3592 6936
3592 9320
3593 3596
3593 10901
3594 3596
3594 3597
3594 3598
3595 3597
3595 21169
3596 3600
3596 10904
3597 3599
3597 21173
3598 3599
3598 3600
3598 3601
3599 3602
3599 21175
3600 10906
3600 10909
3601 3602
3601 3604
3602 21174
3603 11007
3603 12784
3604 3605
3604 3606
3604 3607
3605 3609
3606 3610
3606 10909
3606 10911
3607 3608
3607 3609
3607 3610
3608 3611
3608 3612
3608 3613
3609 3612
3609 5729
3610 3613
3610 5726
3611 3615
3611 3616
3611 3617
3612 3615
3612 21177
3613 3616
3613 5728
3614 12784
3614 13957
3614 14774
3615 3618
3615 21182
3616 10914
3617 3618
3617 3619
3618 3621
3618 21185
3619 3620
3619 3621
3620 10918
3621 3622
3621 21189
3622 21192
3623 4683
3624 3626
3624 4683
3624 9139
3625 3636
3625 3647
3625 18272
3626 3627
3626 3628
3626 3629
3627 3630
3627 4684
3627 9139
3628 3631
3628 4680
3628 4683
3629 3630
3629 3631
3630 3632
3630 11153
3631 4682
3632 24309
3633 3634
3633 20941
3634 10920
3634 20944
3635 3639
3636 6019
3636 13760
3636 13761
3637 3638
3637 3639
3637 9710
3638 3640
3638 3641
3638 9711
3639 9711
3639 11861
3640 3642
3640 3643
3640 4185
3641 4185
3641 9708
3641 9710
3642 3644
3642 3645
3642 21228
3643 4187
3643 9711
3643 21228
3644 3646
3644 10923
3644 17176
3645 4183
3645 4185
3645 10923
3646 21226
3646 21228
3646 21231
3647 6015
3647 6019
3647 6084
3648 10923
3648 10925
3648 12027
3648 17176
3649 3650
3649 3651
3649 21681
3650 12749
3650 21162
3651 3653
3652 3653
3652 3654
3652 21166
3654 3655
3654 21164
3655 3656
3656 8982
3657 8320
3657 10939
3658 3670
3658 7090
3658 16571
3659 13728
3660 3661
3660 10939
3660 13728
3661 3662
3661 3663
3662 8319
3662 8320
3663 3664
3663 10934
3664 3665
3664 3666
3665 10230
3665 10232
3665 10937
3666 3667
3666 10230
3667 3668
3667 23503
3668 10230
3668 10231
3668 10926
3669 15149
3669 15150
3670 8123
3670 15983
3671 13729
3671 23503
3672 3673
3672 3674
3672 19757
3673 6314
3673 8176
3674 3675
3674 6314
3674 24094
3675 6315
3675 24096
3676 6312
3676 6314
3676 20667
3676 24094
3677 3678
3677 20670
3678 20667
3679 24899
3679 25013
3680 20730
3680 24899
3681 3692
3681 3703
3681 3714
3681 3725
3682 3684
3682 3685
3682 17974
3682 20729
3683 3685
3683 7875
3683 20729
3684 17976
3685 7876
3685 17971
3686 3687
3686 17973
3687 17978
3688 3689
3688 3690
3688 10568
3689 3691
3689 3693
3689 8022
3690 8022
3690 15838
3691 3694
3691 10573
3693 10568
3693 10570
3693 10573
3694 3697
3694 8021
3694 8022
3695 3696
3695 3697
3695 3698
3696 10573
3696 10574
3697 14012
3698 3699
3698 3700
3698 3701
3700 9675
3701 13401
3702 3704
3702 3705
3702 3706
3703 3769
3703 24578
3704 3708
3705 3707
3705 8023
3706 3707
3706 3708
3706 3709
3707 3710
3707 8024
3708 4589
3709 3710
3709 3711
3709 4586
3710 4583
3710 14008
3711 3712
3711 3713
3711 14008
3712 4586
3712 4588
3714 14467
3714 16070
3714 16543
3715 3716
3715 3717
3715 3718
3715 20875
3716 3719
3716 3720
3716 3721
3717 3719
3717 10577
3717 20877
3718 3720
3718 20873
3718 20874
3719 3724
3719 10578
3720 3723
3721 3722
3721 3723
3721 3724
3722 3726
3722 3727
3722 3728
3723 3728
3723 8029
3724 3727
3724 10581
3725 14457
3725 24578
3726 3729
3726 3730
3726 3731
3727 3730
3727 10582
3728 3731
3728 24442
3729 3732
3729 3733
3730 3732
3730 10584
3731 3733
3731 24449
3732 10586
3733 23887
3734 3735
3734 3737
3734 21498
3735 3738
3735 3739
3736 3747
3736 14455
3736 14456
3736 14737
3737 15513
3737 21497
3738 3740
3738 21498
3739 3740
3739 3741
3739 5610
3740 3743
3740 5609
3740 21498
3741 3742
3741 3743
3741 3744
3742 5610
3742 10597
3742 10598
3743 8011
3744 3745
3744 3746
3744 3748
3745 3750
3745 10598
3746 3751
3746 8011
3747 6292
3747 14455
3748 3749
3748 3750
3748 3751
3749 3752
3749 3753
3749 3754
3750 3753
3750 7461
3751 3754
3751 7460
3752 3755
3752 3756
3752 3757
3753 3756
3753 7462
3754 3757
3754 8012
3755 3759
3755 16806
3756 3761
3756 10601
3757 22520
3758 3769
3758 3781
3758 3792
3758 3803
3759 3760
3759 3761
3759 22519
3760 3762
3760 3763
3761 10604
3761 21360
3762 21361
3762 22525
3763 22519
3763 22525
3764 7757
3764 16183
3764 23454
3764 24531
3765 3766
3765 15324
3765 16183
3765 23454
3766 15583
3766 23455
3767 13269
3767 15324
3767 16183
3767 16384
3768 3770
3768 3771
3768 3772
3769 24580
3770 3773
3770 5865
3770 11200
3771 3774
3771 16038
3772 3773
3772 3774
3775 3776
3775 3777
3775 24395
3776 3783
3777 3778
3778 3779
3778 3782
3778 3783
3779 3784
3779 3785
3779 3786
3780 3891
3780 4002
3780 5147
3781 12875
3781 21253
3781 21256
3782 3784
3782 24400
3783 3785
3783 8315
3784 3788
3784 24404
3785 3787
3785 8315
3786 3787
3786 3788
3787 3793
3787 8316
3788 12745
3788 24406
3789 3790
3789 3791
3789 3793
3789 3794
3790 12744
3791 3795
3791 3796
3791 3797
3792 10364
3792 21256
3792 24580
3793 3795
3793 10589
3794 12744
3794 24411
3795 3799
3795 10182
3796 3800
3796 24411
3797 3798
3797 3799
3797 3800
3798 3801
3798 3802
3798 3804
3799 3801
3799 10179
3800 3802
3800 24415
3801 3806
3801 10181
3802 3807
3803 10078
3803 12875
3804 3805
3804 3806
3804 3807
3805 3807
3805 3808
3806 8939
3806 8957
3807 8010
3807 16804
3808 8959
3808 10590
3809 3810
3809 3811
3809 3812
3810 3813
3810 3815
3811 3813
3811 10543
3812 3815
3812 6540
3813 3817
3813 10545
3814 3825
3814 3836
3814 3847
3814 3858
3815 3818
3816 3817
3816 3818
3816 3819
3817 3820
3817 10548
3818 3821
3818 13162
3819 3820
3819 3821
3819 3822
3820 10550
3820 23967
3821 3823
3821 14009
3822 3823
3822 23963
3822 23967
3823 11091
3824 3827
3824 23964
3824 23965
3824 23969
3825 11087
3825 12789
3825 13320
3826 3827
3826 3828
3826 3829
3826 23964
3827 3831
3827 10553
3828 3832
3828 14010
3828 23962
3829 3830
3829 3831
3829 3832
3830 3833
3830 3834
3830 10560
3831 10555
3831 10560
3832 3834
3832 8013
3833 3835
3833 3837
3833 8018
3834 8015
3834 8018
3835 3838
3835 3839
3835 11586
3836 3903
3836 14462
3837 10560
3837 10561
3837 11586
3838 3840
3838 14011
3839 8017
3839 8018
3839 14011
3840 10565
3840 11586
3841 3842
3841 3843
3841 12655
3841 19054
3842 3844
3842 3845
3842 3846
3843 3844
3843 10607
3843 19056
3844 10608
3844 24985
3845 8030
3845 12655
3845 24980
3846 24980
3846 24981
3846 24985
3847 3936
3848 3849
3848 3850
3848 3851
3848 24984
3849 3852
3849 7845
3849 10611
3850 3853
3850 7844
3850 24982
3851 3852
3851 3853
3851 3854
3852 9220
3852 17931
3853 13932
3853 17926
3854 17926
3854 17927
3854 17931
3855 3859
3855 3860
3855 3895
3855 17929
3856 3895
3856 8032
3856 17929
3857 3860
3857 17928
3857 17929
3857 17932
3858 14462
3858 14463
3859 3861
3859 3862
3859 3894
3860 3894
3860 10614
3861 3863
3861 3864
3861 3865
3862 3895
3862 3896
3863 3866
3864 3890
3864 3894
3864 11587
3864 11588
3865 3870
3865 14013
3866 3867
3866 3868
3866 3870
3867 3871
3867 3872
3868 3871
3868 11588
3869 3880
3869 3892
3869 3903
3870 3874
3870 14015
3871 3873
3872 3873
3872 3874
3873 7815
3874 7813
3874 14016
3875 3876
3875 17425
3879 3882
3879 3883
3879 3884
3880 3914
3880 3925
3880 14237
3881 3884
3882 3884
3882 17323
3883 10793
3883 10794
3883 17323
3884 7795
3885 3886
3885 3887
3885 18341
3886 6061
3886 13784
3886 17342
3887 6061
3888 3897
3888 17336
3888 18340
3888 18341
3889 16096
3889 24362
3889 24366
3890 3893
3890 12310
3891 14019
3891 15151
3892 12788
3892 12790
3893 3894
3893 10614
3895 8033
3896 8033
3896 16096
3896 24528
3897 3898
3897 12308
3898 3899
3898 3900
3899 3901
3899 6057
3900 6056
3900 6057
3900 12308
3901 3902
3901 3904
3901 17473
3902 5906
3902 6057
3902 17895
3903 10659
3904 3906
3905 5907
3905 17475
3906 17475
3907 3908
3907 3909
3908 3910
3909 11639
3909 11640
3910 11639
3910 14563
3910 14564
3911 3912
3912 3913
3912 3915
3913 3916
3914 11419
3915 3916
3915 3917
3916 3918
3917 3918
3917 3919
3920 19526
3920 20392
3920 20393
3921 8323
3921 20393
3921 21492
3922 3923
3922 3924
3922 21489
3922 21495
3923 3926
3923 8321
3923 8322
3924 3926
3924 3927
3924 16480
3925 11419
3925 11421
3926 4904
3926 14479
3927 3928
3927 3929
3928 11761
3928 15559
3928 16480
3929 4904
3929 17101
3930 3931
3930 3932
3930 3933
3930 3934
3931 3935
3932 15720
3932 15752
3933 9950
3933 9951
3934 15753
3934 17671
3935 3937
3935 3938
3935 3939
3936 3947
3936 3958
3936 3969
3937 4089
3937 4093
3937 9951
3938 3940
3938 4094
3939 3940
3939 3941
3939 4093
3940 3942
3940 9690
3941 3942
3941 3943
3941 3944
3942 5439
3942 5441
3943 3945
3943 4093
3943 5438
3944 3945
3944 3946
3944 5439
3945 3949
3945 5437
3946 3948
3946 3949
3946 3950
3947 7986
3947 14460
3948 3951
3948 5439
3948 12857
3949 3952
3949 8079
3950 3951
3950 3952
3950 21787
3951 10159
3951 10160
3952 3953
3952 8082
3953 21782
3953 21783
3953 21787
3954 3955
3954 3956
3954 18803
3954 18804
3955 12860
3955 14826
3955 18807
3956 3957
3956 3959
3956 12862
3957 3961
3957 13965
3957 18803
3958 7986
3958 7987
3959 3960
3959 3961
3959 3962
3960 12862
3960 12863
3961 13966
3962 3963
3962 3964
3963 12864
3963 15692
3964 3965
3964 15681
3964 15692
3965 8096
3965 8099
3965 13966
3966 3967
3966 3968
3966 15681
3966 20499
3967 3970
3967 8099
3967 20494
3968 20500
3969 11088
3969 16568
3970 20497
3970 20499
3971 3972
3971 20496
3971 20498
3971 20503
3972 3973
3972 3974
3972 13587
3973 7758
3973 7761
3973 20503
3974 3975
3974 3976
3974 7758
3975 7755
3975 7756
3975 13587
3976 3977
3976 3978
3976 7756
3977 7758
3977 7760
3977 12845
3978 3979
3978 3981
3978 12845
3979 3983
3979 7756
3979 8818
3980 3991
3980 4003
3981 3982
3981 3983
3982 8819
3982 8820
3982 12845
3983 22017
3984 17439
3984 21298
3985 21298
3985 21299
3985 21303
3986 3987
3986 3988
3986 21297
3987 4075
3987 21300
3988 3989
3988 4044
3989 4048
3989 6289
3990 3992
3990 3993
3990 3994
3990 21270
3991 14603
3991 14614
3992 3995
3992 3996
3993 3997
3993 6397
3994 3996
3994 19878
3994 21266
3995 3997
3995 3998
3995 18247
3996 6393
3996 6394
3997 3999
3997 6395
3998 4000
3998 6394
3999 6396
3999 18247
4000 18244
4000 18247
4001 7990
4001 7992
4001 18245
4002 4113
4002 15152
4003 15193
4004 4006
4004 18243
4004 18245
4005 4006
4005 4007
4005 4008
4005 18245
4006 12610
4007 4012
4007 7992
4008 4009
4008 4010
4009 11808
4009 12609
4009 12610
4010 4011
4010 4012
4011 11808
4012 11809
4013 4015
4013 4016
4014 4025
4014 4036
4014 4047
4014 15685
4015 4017
4015 11676
4016 4017
4016 4018
4017 14477
4018 11675
4018 14560
4019 4020
4019 4021
4019 4022
4020 4023
4020 12846
4021 4024
4021 8103
4022 4023
4022 4024
4022 4026
4023 4027
4023 12671
4024 8105
4024 12668
4025 11803
4025 15679
4026 4027
4026 4028
4026 12668
4027 4029
4027 12673
4028 4029
4028 4030
4028 4031
4029 4032
4029 12848
4030 4033
4030 8110
4030 12668
4031 4032
4031 4033
4031 4034
4032 4035
4032 12850
4033 6518
4033 6519
4034 4035
4034 4037
4034 6519
4035 4038
4035 6520
4036 11668
4036 17508
4036 20593
4037 4038
4037 4039
4037 4040
4038 4041
4038 6521
4039 4042
4039 6519
4039 8112
4040 4041
4040 4042
4040 17668
4041 4043
4041 12835
4042 17663
4042 17665
4043 12853
4043 17668
4043 17670
4044 4045
4044 4046
4045 6286
4045 17062
4046 4048
4046 17061
4047 20592
4048 8093
4048 13968
4049 12397
4049 22511
4050 15083
4050 17669
4051 15082
4051 17636
4052 4053
4052 14359
4053 15417
4054 14152
4054 14357
4054 14359
4055 14152
4055 21562
4056 14152
4056 21562
4057 15540
4058 6323
4058 9040
4058 20413
4059 4060
4060 7126
4061 4062
4061 7115
4062 4063
4062 7116
4063 4064
4063 7117
4064 4065
4064 7118
4065 4066
4065 7119
4066 4067
4066 7120
4067 4068
4067 7121
4068 4070
4068 7122
4069 4080
4069 4091
4069 4102
4069 4114
4070 7123
4071 4072
4071 4073
4071 4074
4072 10377
4073 4194
4073 23598
4074 10375
4074 10376
4075 4076
4075 8363
4076 4077
4076 21304
4077 6286
4077 6287
4078 4079
4078 18496
4078 19782
4078 23537
4079 8878
4079 23510
4080 14352
4080 22364
4081 4082
4081 14425
4081 15043
4082 8827
4082 8828
4083 4084
4083 9944
4083 15892
4083 17216
4084 4085
4084 4086
4084 9687
4085 9944
4085 9947
4085 9948
4086 4087
4086 9948
4086 21977
4087 9687
4087 9688
4087 9689
4088 4089
4088 4090
4088 8075
4088 21978
4089 4092
4089 8077
4090 8077
4090 8078
4090 21981
4091 13944
4091 14352
4091 14751
4092 8075
4092 9950
4092 9951
4093 8077
4094 4095
4094 9690
4095 17640
4096 4097
4096 8231
4097 4098
4097 4099
4098 4101
4098 8231
4099 4100
4099 4101
4100 4103
4100 24784
4101 5450
4101 25132
4102 22363
4103 25132
4104 24781
4104 24782
4104 24784
4105 4106
4105 4107
4105 15868
4106 4108
4106 4109
4106 7609
4107 4109
4107 17455
4107 25122
4108 4110
4108 7609
4108 7610
4108 7611
4109 7611
4109 7612
4110 4111
4110 4112
4110 15870
4111 7614
4111 9694
4111 24171
4112 15870
4112 24163
4112 24171
4113 4224
4113 15152
4114 12344
4114 14751
4115 4116
4115 24165
4115 24168
4116 4117
4116 4118
4116 15828
4116 15871
4117 9695
4117 24170
4117 25128
4118 4119
4118 25128
4119 4120
4119 4121
4119 4356
4119 15828
4120 7550
4120 23384
4122 4123
4122 14164
4122 15872
4122 23381
4122 24325
4123 6764
4123 13867
4123 15872
4123 17220
4124 4127
4124 4128
4124 17220
4125 4136
4125 4147
4125 18604
4126 6764
4126 9942
4126 17220
4127 4129
4127 25114
4128 4915
4128 25114
4128 25116
4129 25114
4130 4131
4130 23094
4131 19243
4132 6705
4132 23092
4132 23095
4133 12391
4133 23095
4134 4135
4134 4137
4135 11544
4135 11545
4136 18606
4136 22348
4136 22349
4137 14494
4138 4139
4138 4140
4138 4141
4138 4142
4139 4144
4139 5934
4139 16109
4140 11538
4141 4143
4141 5937
4141 11538
4142 4143
4142 4144
4142 4145
4143 4146
4143 5935
4144 5933
4145 4146
4145 4148
4146 11539
4147 4816
4147 18605
4147 22351
4148 13756
4148 13961
4149 4150
4149 4151
4150 11540
4150 11541
4151 12388
4152 12389
4154 4217
4154 11301
4155 4156
4155 4157
4156 6715
4157 4159
4157 6715
4158 4169
4158 4180
4158 4191
4158 4202
4159 4160
4159 4161
4159 4162
4160 4244
4161 6715
4161 17347
4161 20759
4162 4163
4162 4164
4162 17349
4163 4165
4163 13523
4163 23154
4164 10286
4165 17349
4165 23150
4166 4168
4166 19436
4166 23155
4167 4168
4167 12021
4167 23155
4168 7392
4168 7395
4169 14698
4169 15553
4170 7392
4170 19236
4170 19436
4171 4172
4171 4173
4171 5775
4171 9700
4171 19434
4172 4174
4172 5775
4172 12981
4173 4174
4173 4175
4173 4176
4174 4179
4174 12982
4175 4178
4175 9700
4175 9701
4176 4177
4176 4178
4176 4179
4177 4181
4177 4182
4177 4183
4178 4181
4178 9704
4179 4182
4179 12023
4180 8896
4180 14930
4181 9706
4181 9709
4182 4184
4182 12026
4183 4184
4183 9709
4184 10923
4184 10925
4185 9709
4186 4187
4186 4188
4186 21227
4187 11864
4188 4189
4188 11865
4188 19677
4189 12028
4189 12923
4190 4193
4190 9011
4190 19680
4191 14699
4191 14930
4192 4193
4192 23597
4193 10492
4193 10493
4194 10438
4194 10439
4195 4196
4195 4197
4195 17443
4195 23456
4196 4198
4196 4199
4197 6587
4197 13504
4197 14561
4198 4206
4198 14161
4199 4200
4199 4201
4200 4203
4200 6587
4201 4203
4201 4204
4202 10330
4202 15561
4203 4205
4204 4205
4204 4206
4204 4207
4205 4209
4205 12048
4206 17011
4206 20179
4207 4208
4207 4209
4208 4210
4208 4211
4208 17505
4209 4210
4209 13982
4210 4212
4210 9712
4211 11019
4211 17504
4211 20179
4212 9698
4212 9714
4212 17505
4213 4225
4213 4236
4213 4247
4213 4258
4214 4215
4214 4216
4214 17505
4215 17394
4216 4217
4216 4218
4216 9698
4217 9697
4217 11302
4218 11302
4218 17394
4219 4220
4219 4221
4219 4222
4219 24180
4220 4222
4220 4223
4220 4226
4221 9389
4221 10339
4221 24167
4222 4227
4222 9392
4223 4228
4223 10339
4223 10341
4224 4335
4224 4447
4225 22365
4225 22366
4226 4227
4226 4228
4226 4229
4227 4229
4228 4231
4228 8794
4229 4230
4229 4231
4230 4232
4230 4233
4231 4232
4231 8792
4232 8793
4232 12258
4233 12258
4233 15293
4234 4235
4234 7909
4234 18959
4235 4237
4235 7910
4235 18962
4236 5581
4236 13268
4237 4238
4237 9359
4237 18965
4238 9360
4238 18967
4239 4240
4239 4241
4239 4242
4240 4243
4240 4246
4241 4245
4241 10288
4242 6712
4243 4244
4243 4245
4243 4246
4244 4248
4245 10286
4246 6712
4247 13268
4247 22380
4249 4250
4249 4251
4249 8577
4250 4252
4250 4253
4250 4254
4251 4253
4251 10270
4252 16987
4253 14099
4254 8577
4254 15784
4255 4256
4255 4257
4255 4259
4256 4260
4256 16670
4257 4260
4257 13896
4257 21116
4258 22366
4258 22369
4259 13893
4259 13895
4259 16670
4260 16391
4261 4262
4261 4263
4261 5344
4262 12266
4262 14293
4264 4265
4264 4266
4264 14691
4265 4289
4265 4294
4266 4267
4266 4268
4266 4272
4267 4294
4267 11437
4267 14778
4268 6359
4268 13035
4268 14112
4269 4280
4269 4291
4269 4302
4269 4313
4270 4271
4270 4272
4270 4273
4271 13038
4271 16803
4272 11437
4272 13038
4273 4274
4273 16803
4274 11437
4274 17027
4275 4276
4275 4277
4275 4278
4276 4984
4276 14363
4277 4333
4277 4983
4277 4984
4278 4334
4278 13358
4279 4281
4279 4282
4279 4283
4279 9863
4280 8489
4280 8490
4280 14838
4281 14371
4281 14613
4281 14616
4282 4284
4282 14613
4283 4284
4283 4285
4283 4286
4284 4287
4284 5351
4285 4288
4285 9860
4285 9863
4286 4287
4286 4288
4287 5354
4287 5356
4288 9862
4288 17105
4289 4290
4289 4292
4289 4293
4290 14813
4290 16957
4291 8910
4291 14839
4292 5345
4292 14691
4292 16957
4293 4294
4293 14810
4293 14813
4295 4296
4295 4297
4296 4345
4296 4346
4297 10698
4297 15555
4298 4299
4298 4300
4298 4301
4299 4303
4299 4304
4300 4303
4300 12216
4301 12212
4301 12215
4302 4807
4302 14839
4302 21444
4304 14362
4304 15325
4305 4306
4305 4307
4305 4308
4305 25208
4306 4308
4306 4309
4306 14690
4307 5371
4307 5373
4308 4310
4308 15500
4309 4310
4309 4311
4309 5376
4310 4314
4310 8928
4311 4312
4311 4314
4311 4315
4312 4316
4312 5376
4312 5377
4313 8908
4313 8909
4314 4317
4314 8929
4315 4316
4315 4317
4315 4319
4316 5379
4316 14672
4317 14374
4317 14375
4318 4319
4318 4320
4318 4321
4318 5384
4319 14375
4319 14672
4320 14026
4320 14375
4320 14376
4321 4322
4321 4323
4321 14026
4322 5384
4322 5385
4322 5388
4323 4325
4323 4327
4323 5388
4324 4336
4324 4347
4324 4358
4324 4369
4325 14023
4325 14026
4325 14378
4326 4327
4326 4328
4326 4329
4326 5390
4327 14027
4327 14378
4328 4330
4328 14377
4328 14378
4329 4330
4329 4331
4330 14379
4330 22167
4331 5390
4331 5392
4331 22170
4332 4333
4332 4334
4332 4337
4333 4338
4333 5340
4334 4339
4334 5337
4335 16014
4335 16025
4335 16036
4336 4805
4336 9540
4336 9541
4337 4338
4337 4339
4337 4342
4338 5393
4338 13798
4339 13796
4339 13797
4340 4341
4340 4342
4340 4343
4340 5810
4341 5394
4341 5397
4341 13798
4342 13797
4342 13798
4343 4344
4343 4345
4343 5397
4344 5810
4344 14364
4344 14365
4345 14364
4346 10696
4346 14364
4346 19592
4347 13062
4347 13623
4347 18583
4348 5792
4348 5814
4348 9262
4348 25209
4349 6443
4349 16435
4349 17165
4350 13086
4350 16435
4350 16657
4350 16681
4351 15120
4351 22169
4351 22171
4352 4353
4352 4354
4353 14387
4353 14388
4354 4355
4354 4356
4354 12358
4357 7550
4357 23384
4357 25128
4358 13062
4358 13241
4359 5410
4359 9695
4359 25127
4359 25129
4360 4361
4360 25129
4361 4362
4361 4363
4362 4364
4362 5410
4363 4364
4363 4365
4364 5411
4365 4366
4365 21726
4366 10149
4366 10150
4367 4368
4367 4370
4367 12361
4367 18726
4369 13623
4369 13626
4370 12362
4370 15763
4370 17596
4371 4372
4371 4373
4371 4374
4371 4375
4371 4376
4372 15764
4373 4377
4373 12364
4373 20561
4374 15755
4374 16871
4375 4377
4375 5231
4376 12363
4376 14192
4377 5231
4377 20562
4378 12364
4378 20553
4378 20555
4378 20561
4379 4381
4379 20560
4380 4391
4380 4402
4380 4413
4380 25177
4381 8806
4381 20556
4382 4383
4382 4384
4383 4385
4384 8379
4385 20348
4386 20342
4386 20343
4386 20348
4387 4388
4387 4389
4387 4390
4387 20347
4388 4389
4388 20339
4390 5232
4391 7570
4391 7571
4391 17795
4392 4393
4392 4394
4392 4395
4393 8142
4393 17710
4394 6316
4394 6317
4395 8142
4395 8143
4396 6317
4397 4398
4397 13317
4397 20264
4398 11668
4398 20265
4399 11848
4399 13515
4400 11330
4400 12929
4400 13515
4401 4403
4401 4404
4401 24108
4402 7568
4402 7571
4402 8431
4403 11690
4403 13738
4404 11690
4404 24111
4405 4406
4405 4407
4405 4408
4406 11979
4406 13351
4406 13352
4407 4988
4407 13351
4407 15294
4408 13352
4408 13738
4408 15325
4409 4410
4409 4411
4409 24614
4410 4412
4410 18092
4411 18086
4411 18087
4411 18092
4412 4414
4412 4415
4412 18094
4413 17789
4413 17792
4413 17795
4414 18097
4414 20242
4415 20244
4415 24616
4416 4417
4416 20242
4416 20243
4417 4418
4417 12764
4418 4419
4419 10796
4419 12764
4420 4421
4420 4422
4420 18120
4421 4423
4421 6968
4422 4423
4422 4425
4422 18123
4423 5948
4423 5952
4424 4435
4424 4448
4424 4459
4424 4470
4425 4426
4425 18127
4426 4427
4426 4428
4426 13195
4427 18127
4427 18129
4427 18132
4428 4429
4428 18132
4429 4430
4429 4431
4429 4432
4430 18132
4430 18134
4430 18138
4431 13194
4431 13195
4431 13197
4432 18138
4432 18315
4433 18138
4433 18139
4433 18315
4434 4436
4434 4437
4434 18316
4435 10390
4435 15816
4436 9527
4436 14486
4437 4438
4437 4439
4438 4442
4438 9527
4439 4440
4439 4441
4440 6946
4440 13193
4441 4442
4441 4443
4441 4444
4442 10531
4443 4445
4443 4449
4443 4450
4444 4449
4444 13193
4445 6957
4445 18029
4446 15630
4446 16673
4447 4558
4448 15815
4448 15816
4449 10532
4450 10531
4450 18077
4451 4455
4451 6956
4451 6959
4451 18029
4452 4453
4452 4454
4452 4455
4452 18029
4453 4456
4453 4457
4454 4456
4454 18031
4455 6595
4456 6589
4457 4458
4457 4460
4458 4461
4458 6590
4459 4470
4459 10888
4460 4461
4460 4462
4461 4464
4461 6593
4462 4463
4462 18044
4463 4464
4463 4465
4464 4466
4464 6894
4465 4466
4465 4467
4465 18048
4466 4468
4466 6896
4467 4468
4467 4469
4468 4472
4468 6898
4469 4471
4469 18054
4470 5475
4471 4472
4471 4473
4472 4475
4472 6899
4473 4474
4473 18058
4474 4475
4474 4476
4475 4477
4475 6901
4476 4477
4476 4478
4476 18063
4477 6908
4477 11295
4478 4479
4478 11295
4478 18065
4479 4480
4479 4482
4480 6170
4480 6909
4480 11295
4481 4492
4481 8497
4481 8498
4481 8875
4482 4483
4482 4484
4482 12767
4483 6170
4484 4486
4485 4486
4485 4487
4485 4488
4487 6179
4488 4489
4488 4490
4489 4491
4489 18145
4490 6167
4491 6171
4492 14944
4492 14945
4493 4494
4494 4495
4494 6916
4495 4496
4496 4497
4496 4498
4497 4499
4498 4500
4498 6916
4498 6917
4499 4500
4499 22962
4500 6919
4500 22961
4501 4502
4501 4504
4501 24263
4502 4505
4502 24262
4503 4514
4503 4525
4505 4506
4505 4507
4506 4508
4507 6938
4507 7916
4507 13198
4508 12206
4509 4510
4509 4610
4509 22100
4510 4611
4510 10488
4511 4512
4511 23581
4511 23582
4511 23585
4512 4513
4512 4515
4512 4516
4513 4517
4513 9149
4513 23581
4514 9589
4514 15304
4515 4518
4515 10434
4515 23585
4516 4517
4516 4518
4516 4519
4517 4521
4517 9152
4518 4520
4518 10436
4519 4520
4519 4521
4519 4522
4520 4523
4520 10512
4521 9155
4521 9160
4522 4523
4522 4524
4522 9160
4523 4526
4523 14417
4524 4526
4524 4527
4524 4528
4525 14945
4525 15304
4525 15305
4526 4529
4526 11823
4527 4530
4527 9160
4527 9163
4528 4529
4528 4530
4529 4531
4529 11824
4530 7514
4530 9165
4531 14418
4532 9165
4533 4534
4534 4535
4534 4537
4534 4538
4535 4539
4535 7128
4536 4547
4536 4559
4537 4540
4537 9167
4538 4539
4538 4540
4539 4541
4539 13983
4540 4542
4540 9171
4541 13526
4542 9172
4544 4545
4544 14066
4544 17025
4545 4546
4545 4548
4545 14066
4546 4549
4546 4550
4547 8887
4547 15818
4548 4549
4548 17025
4549 4552
4549 9117
4550 4551
4550 4552
4550 4553
4551 9120
4551 9176
4551 9177
4552 11150
4553 4554
4553 4555
4553 4556
4554 4556
4554 4557
4554 4560
4555 11150
4555 14872
4556 4557
4556 9176
4557 4561
4558 4669
4558 4780
4559 7574
4559 15817
4560 4561
4560 10389
4560 14872
4561 10797
4561 10798
4562 4563
4562 4564
4563 4565
4563 9328
4564 4565
4564 4566
4565 5982
4565 5983
4566 4567
4566 5982
4567 4568
4567 4569
4567 4571
4568 4573
4568 5982
4569 5926
4569 6028
4570 4581
4570 4592
4570 4603
4571 4572
4571 4573
4571 6028
4572 4574
4572 4575
4572 6029
4573 6029
4573 6030
4574 6027
4574 6028
4574 9174
4575 4576
4575 9174
4575 17093
4576 4577
4576 6029
4576 13762
4577 17093
4578 4580
4578 24500
4578 24504
4579 17088
4579 24500
4580 4582
4581 12105
4581 12106
4581 12107
4582 24504
4582 24505
4582 24508
4583 4585
4583 8026
4583 24503
4584 8026
4584 24499
4584 24503
4585 8027
4585 14008
4585 24506
4586 4587
4587 4588
4587 4589
4587 4590
4588 4591
4589 9178
4590 4591
4590 4593
4590 9178
4591 13483
4591 13484
4592 15465
4593 4594
4593 4595
4593 13484
4594 9178
4594 9179
4594 9181
4595 4596
4595 4597
4595 9179
4596 4599
4596 13484
4596 14110
4597 4598
4597 4599
4597 4600
4598 6571
4598 9179
4599 4601
4600 4601
4600 4602
4600 6571
4601 6572
4601 12043
4602 4604
4602 4605
4602 12043
4603 12105
4603 17205
4604 4607
4604 6571
4604 17392
4605 4606
4605 4607
4606 11660
4606 12043
4606 14867
4607 4613
4608 4609
4608 25103
4608 25104
4609 4610
4609 4611
4610 8992
4610 9144
4611 9016
4611 25104
4612 4613
4612 4615
4612 14108
4613 9182
4614 4625
4614 4636
4614 4647
4614 4658
4615 4616
4615 4617
4615 9182
4616 11020
4616 11021
4616 14108
4617 4618
4617 4619
4617 11020
4618 9182
4618 9183
4618 9184
4619 4620
4619 4621
4619 4622
4620 11020
4620 13044
4621 4624
4621 9184
4622 4623
4622 4624
4622 13044
4623 4626
4623 4627
4623 9185
4624 9185
4624 9186
4625 5386
4625 5387
4625 6341
4626 11276
4626 11277
4626 13044
4627 4628
4627 4629
4627 11276
4628 6162
4628 9185
4628 9187
4629 4630
4629 4631
4629 6162
4630 6164
4630 6166
4630 11276
4631 4632
4631 4633
4631 6164
4632 6162
4632 6163
4633 9188
4634 4635
4634 4637
4635 6691
4635 6693
4636 5387
4636 5389
4636 14027
4637 4638
4637 4639
4637 6691
4638 6689
4638 6690
4639 4640
4639 4641
4639 6690
4640 6691
4640 8568
4640 8570
4641 4642
4641 4643
4641 8568
4642 6690
4642 8567
4642 9192
4643 4644
4643 4645
4643 9192
4644 8568
4644 10249
4644 10250
4645 4646
4645 10249
4645 23008
4646 9192
4646 9193
4646 23015
4647 6341
4647 6343
4647 14062
4648 4649
4648 9194
4648 23007
4649 12368
4649 19216
4649 23006
4650 9194
4650 19207
4650 19209
4650 19214
4651 4652
4651 4653
4651 19210
4651 19211
4652 19212
4652 19218
4653 4654
4653 4655
4653 7944
4654 4655
4654 4660
4654 23628
4655 4656
4655 4657
4656 4659
4656 7944
4656 7945
4657 4659
4657 4660
4657 4661
4658 5389
4658 6343
4658 22174
4659 4662
4659 7948
4660 4663
4660 7942
4661 4662
4661 4663
4661 4668
4662 4667
4662 11146
4663 23633
4664 4665
4664 4666
4664 4667
4664 4668
4665 4671
4665 4672
4665 13927
4666 4672
4666 9134
4666 23633
4667 11147
4669 17240
4669 17241
4670 4681
4670 4692
4670 4703
4670 4714
4671 4673
4671 4674
4671 7270
4672 7270
4672 9135
4673 7271
4673 7273
4673 13927
4674 4675
4674 4676
4674 7271
4675 7267
4675 7268
4675 7270
4676 4677
4676 4678
4676 7268
4677 7271
4677 7272
4677 14204
4678 4679
4678 4680
4678 14204
4679 7268
4679 9137
4679 9138
4680 4682
4680 9138
4681 9273
4681 9276
4681 13943
4682 10919
4683 9138
4684 14419
4684 21198
4685 4686
4685 4687
4685 12917
4685 16129
4686 9140
4686 9141
4686 21197
4687 14916
4687 21197
4688 23867
4688 23871
4689 4691
4689 4693
4690 4693
4691 4694
4691 4695
4691 4696
4692 11605
4692 16731
4693 4694
4693 11130
4694 4697
4694 11131
4695 4698
4695 22486
4696 4697
4696 4698
4696 19471
4697 11132
4697 19474
4698 4699
4698 9490
4699 19465
4699 19466
4699 19471
4700 4701
4700 19467
4700 19469
4700 19473
4701 4702
4701 4704
4702 8329
4702 11133
4702 19473
4703 9277
4703 11604
4704 4705
4704 4706
4705 8329
4706 4707
4706 4708
4707 4709
4707 8329
4707 8332
4708 4709
4709 12774
4710 11140
4710 11141
4710 22732
4711 4712
4711 4713
4711 4715
4712 4716
4712 4717
4712 4718
4713 4718
4713 9605
4714 14033
4714 14386
4714 15470
4715 4717
4715 16655
4716 4719
4716 4720
4716 4721
4717 4720
4718 4719
4718 9607
4719 4721
4719 9610
4720 16586
4720 16592
4721 9608
4722 4723
4722 4724
4722 4726
4723 4727
4723 4728
4723 4729
4724 4728
4725 8240
4725 14381
4725 24823
4726 4729
4726 8795
4727 4730
4727 4731
4728 4730
4729 8783
4730 8799
4731 8783
4731 8798
4732 4733
4732 21485
4732 21486
4733 8590
4733 21485
4734 4738
4734 4739
4735 4738
4736 15841
4736 24823
4737 17867
4737 18616
4738 5462
4739 11877
4740 4741
4740 4742
4740 18552
4741 6285
4741 6870
4741 12127
4742 4748
4742 6284
4742 6285
4743 4744
4743 4745
4743 4746
4743 4748
4744 4749
4744 4750
4744 16878
4745 4749
4745 12128
4746 18514
4746 18517
4746 18553
4747 4758
4747 4769
4747 4781
4747 4792
4749 4751
4750 4751
4750 4752
4750 4753
4751 10740
4752 4755
4752 18517
4753 4754
4753 4755
4753 10740
4754 4756
4754 4757
4755 18519
4755 18522
4756 4760
4756 10740
4756 12129
4757 4759
4757 4760
4757 18522
4758 4825
4758 8241
4758 14039
4759 4761
4759 6511
4759 17845
4760 6511
4761 17848
4761 18522
4762 4764
4762 6511
4762 6512
4762 17845
4763 4764
4763 4765
4763 17845
4764 12130
4765 4766
4765 12130
4765 17844
4766 4767
4766 17853
4767 5453
4767 12130
4768 4770
4768 5453
4768 17853
4769 6801
4769 8241
4769 12732
4770 4771
4770 5454
4770 17854
4771 4773
4771 5455
4771 17856
4772 5457
4772 17860
4772 17861
4772 17864
4773 5456
4773 5457
4773 17861
4774 4775
4774 4776
4774 4777
4775 4777
4775 14868
4775 18613
4776 5460
4776 15311
4777 4778
4778 4779
4778 21400
4779 4782
4779 21404
4780 15155
4781 4814
4781 6801
4781 24704
4782 18613
4783 21408
4783 21412
4784 15382
4784 21408
4785 4787
4785 21417
4785 21420
4786 5258
4786 21417
4787 21423
4788 5461
4788 21430
4788 21734
4789 5258
4789 14296
4789 24291
4790 4791
4790 4793
4790 21365
4791 4794
4791 21367
4792 4803
4792 4814
4792 4825
4793 4794
4793 13842
4793 13843
4794 18559
4795 4797
4795 4798
4795 21383
4796 4798
4797 4799
4797 4800
4797 21385
4798 4799
4798 18574
4799 18577
4800 21388
4801 4802
4801 4804
4801 4805
4802 16081
4802 16320
4803 8243
4803 21642
4803 21644
4804 9542
4804 21431
4804 25258
4805 9542
4805 13626
4806 8487
4806 21439
4806 21441
4806 21443
4807 8487
4807 14838
4807 21443
4808 14839
4808 21444
4808 21445
4808 21447
4809 8910
4809 8911
4809 14839
4809 21447
4810 8911
4810 21447
4810 21448
4810 21450
4811 8911
4811 12995
4811 14583
4811 21450
4812 12995
4812 21450
4812 21451
4812 21454
4813 12995
4813 14677
4813 21454
4813 22351
4814 21644
4814 21648
4815 4816
4815 4817
4815 21461
4815 22352
4816 4818
4817 4818
4817 4819
4817 21463
4818 4821
4818 18605
4819 4820
4819 4821
4819 21467
4820 4822
4820 18608
4820 21469
4821 13844
4822 4869
4822 8248
4823 21481
4823 22139
4823 24279
4823 24302
4824 6670
4824 13597
4825 21641
4825 21642
4826 4828
4827 4828
4827 9972
4828 5129
4829 4830
4829 4831
4830 4832
4830 10033
4831 10033
4832 4833
4833 7537
4833 10030
4833 10032
4834 6765
4834 6766
4835 4838
4836 4847
4836 4858
4836 4869
4837 4838
4837 7534
4838 20326
4839 4840
4839 22481
4840 11495
4840 22477
4841 12462
4841 17049
4841 17050
4841 17052
4842 12462
4842 12575
4842 17052
4842 21951
4843 17059
4843 20369
4843 21950
4844 4845
4844 4846
4844 4848
4845 4849
4845 4850
4846 4849
4846 16147
4846 20310
4847 18585
4847 24697
4849 4851
4849 20315
4850 11787
4851 12574
4851 20316
4852 12574
4853 4854
4853 4855
4853 6782
4853 15861
4854 10828
4854 12149
4855 4856
4855 4857
4856 12151
4857 5864
4857 13678
4858 8248
4858 18585
4858 24357
4859 14883
4859 22303
4859 23333
4860 22304
4860 22305
4861 4862
4861 4863
4861 23285
4862 4864
4862 15438
4862 23283
4863 15163
4863 15438
4864 4865
4864 7497
4864 23288
4865 22650
4865 23286
4865 23293
4866 5797
4866 22654
4866 22655
4866 23295
4867 4868
4867 5797
4867 23295
4867 23297
4868 5796
4868 23296
4868 23300
4869 21470
4869 24697
4870 5796
4870 7498
4870 23300
4871 7498
4871 23300
4871 23301
4871 23306
4872 4873
4872 4874
4872 4875
4873 23334
4874 9248
4874 15003
4874 23339
4875 23336
4875 23339
4876 7507
4876 19662
4876 23240
4877 22645
4877 23182
4877 23183
4878 22673
4878 23205
4878 23207
4878 23210
4879 17541
4879 17543
4879 22673
4879 23205
4880 4892
4880 4903
4880 4914
4880 21472
4881 14158
4881 14180
4881 23210
4881 23211
4882 7496
4882 23216
4882 23217
4883 15497
4883 16641
4883 23323
4884 15497
4884 22702
4884 22707
4884 23323
4885 23331
4885 23332
4885 24912
4886 4887
4886 4888
4886 6146
4887 4889
4887 14394
4888 4889
4888 16095
4890 7396
4890 7397
4890 19336
4891 5002
4891 5224
4892 5413
4892 21465
4892 21466
4893 15427
4893 19332
4893 19333
4893 19336
4894 4895
4894 19334
4894 24253
4895 5774
4895 19332
4895 24252
4896 4898
4896 8327
4896 24651
4897 24644
4897 24645
4897 24651
4898 4899
4898 4900
4899 8326
4899 8327
4899 12421
4900 4901
4900 11755
4901 4902
4901 12421
4901 22032
4902 11755
4902 22034
4903 21465
4903 21470
4903 21471
4904 4905
4905 11760
4905 14479
4906 18772
4906 18776
4906 18922
4907 4908
4907 4909
4907 18771
4907 18775
4908 14851
4908 15829
4908 18770
4909 4910
4909 4911
4909 14851
4910 4912
4910 10103
4910 18775
4911 4912
4911 4913
4912 10104
4912 10105
4913 13143
4913 14851
4913 18853
4914 5391
4914 5402
4914 5413
4915 4916
4915 19651
4915 25113
4916 4917
4916 4918
4916 4919
4917 4922
4917 5425
4917 5426
4918 5423
4918 13283
4918 13284
4918 19651
4918 19654
4919 4920
4919 13283
4920 4921
4920 4922
4920 4923
4921 11489
4922 4924
4923 11489
4923 13283
4923 13284
4924 21822
4925 4936
4925 4947
4925 4958
4926 18921
4926 18922
4926 21818
4926 21821
4927 4928
4927 4929
4927 4930
4927 4931
4928 10482
4928 12979
4929 4931
4929 9087
4930 10479
4930 10482
4930 13907
4931 9089
4931 12979
4932 4933
4932 4934
4932 10077
4933 9045
4933 10075
4933 11319
4934 4935
4934 4937
4934 4938
4935 9082
4935 10076
4935 10077
4936 5171
4936 5172
4936 5173
4937 10076
4937 22368
4938 10075
4938 22368
4939 4940
4939 4941
4939 22379
4940 4942
4941 4942
4941 24566
4942 13907
4943 4944
4943 13997
4945 4946
4945 11425
4945 14102
4946 4948
4946 4949
4946 4950
4947 5171
4947 6375
4947 6376
4948 4951
4948 11470
4948 23624
4949 9230
4949 14102
4949 23624
4950 11425
4950 11448
4950 11470
4951 4952
4951 23612
4951 23668
4952 4953
4952 4954
4953 6327
4953 6329
4954 4955
4954 15258
4955 6325
4955 23668
4956 5686
4956 5688
4956 6513
4956 10214
4957 4959
4957 6513
4957 12903
4958 5173
4958 12283
4958 22178
4959 5686
4959 5965
4959 5967
4960 23402
4961 11097
4962 4963
4962 14125
4963 14136
4964 4965
4964 4966
4964 4967
4964 4968
4965 14270
4965 15132
4966 6717
4966 6732
4966 12436
4967 4970
4967 12136
4967 15132
4968 4970
4968 4971
4969 4980
4969 4991
4969 5003
4970 4972
4970 15378
4971 4972
4972 13392
4972 13603
4973 4974
4974 6264
4974 6265
4974 11810
4975 4994
4975 17773
4975 19972
4976 4977
4976 4978
4977 4979
4978 5326
4978 21836
4978 21839
4979 4981
4979 19983
4980 5036
4980 10359
4981 5328
4981 13362
4981 15331
4982 18509
4982 19976
4982 23519
4983 4985
4983 4986
4984 15325
4985 4987
4985 4988
4986 4988
4986 15325
4987 5340
4987 5341
4988 15325
4989 4990
4989 4992
4989 4993
4990 5561
4990 5594
4990 5595
4991 12294
4991 12295
4992 8417
4992 8587
4992 8588
4993 5561
4993 8588
4994 4995
4994 4996
4996 8551
4997 4998
4997 4999
4997 5000
4997 15397
4998 5001
4998 8853
4998 8854
4999 8847
4999 8852
4999 9264
5000 5001
5000 5004
5000 9264
5001 8858
5001 9265
5002 14165
5002 15092
5003 5190
5003 9284
5003 9286
5004 5005
5004 5006
5004 5007
5005 9265
5005 15490
5005 20056
5006 8851
5006 9264
5006 14600
5007 5008
5007 14601
5007 15490
5008 5009
5008 5010
5008 5011
5009 5012
5009 5013
5009 5015
5010 5013
5010 15490
5010 16607
5011 5015
5011 14601
5011 14602
5012 5016
5012 5017
5012 5018
5013 5017
5013 11167
5014 5025
5014 5036
5014 9286
5015 5018
5015 14350
5016 15471
5016 15473
5016 15474
5017 11168
5017 15472
5018 14029
5018 15473
5019 5020
5019 5021
5019 5022
5019 15474
5020 5023
5020 11731
5020 11734
5021 5024
5021 14604
5021 14605
5022 5023
5022 5024
5022 5026
5023 11169
5023 11729
5024 11972
5024 13705
5025 5047
5025 9404
5026 11169
5026 13705
5026 15452
5027 5028
5027 5029
5027 5176
5027 15452
5028 13704
5028 13705
5030 5031
5030 5032
5030 5033
5030 16962
5031 5034
5031 5035
5031 11188
5032 5034
5032 11883
5032 16961
5033 11186
5033 11187
5033 11188
5034 11882
5034 16779
5035 5037
5035 5038
5035 5039
5036 9405
5038 5040
5038 11963
5038 16779
5039 11189
5039 11190
5041 5042
5041 5043
5041 5044
5041 11965
5042 5045
5044 5045
5044 5046
5045 11193
5046 5048
5046 11456
5046 11965
5047 5058
5047 5069
5047 5080
5047 14294
5049 15542
5050 5051
5050 5052
5050 5053
5050 5054
5051 13092
5052 5055
5052 10714
5052 10715
5053 5056
5053 13092
5053 21121
5054 5055
5054 5056
5055 5059
5055 10716
5056 5060
5056 21125
5057 5059
5057 5060
5057 5061
5058 12298
5058 24402
5058 24846
5059 5062
5059 6451
5060 6450
5060 21128
5061 5062
5061 5063
5061 6450
5062 5064
5062 6452
5063 5064
5063 5065
5063 5066
5064 11171
5064 11172
5065 5067
5065 6450
5065 21133
5066 5067
5066 5068
5066 11171
5067 5071
5068 5070
5068 5071
5069 5091
5070 11171
5070 11173
5070 21142
5071 21138
5072 5073
5072 5074
5072 5075
5073 5078
5073 13610
5074 5077
5074 11110
5075 5076
5075 5077
5075 5078
5076 5079
5076 5081
5076 5082
5077 5081
5077 11743
5078 5082
5079 5083
5079 17247
5080 13700
5080 14294
5081 11745
5081 16730
5082 11970
5083 5084
5083 17247
5084 5085
5085 16730
5086 5088
5086 5089
5086 11195
5087 11195
5088 5090
5088 5092
5088 13740
5089 12219
5089 12220
5089 13740
5090 5093
5090 11196
5090 13354
5091 5102
5091 5114
5092 11195
5092 11196
5093 5094
5093 5095
5093 5096
5094 5097
5094 5301
5094 11196
5095 5098
5095 5298
5095 13354
5096 5097
5096 5098
5096 5099
5097 5100
5097 5299
5098 5101
5098 5295
5099 5100
5099 5101
5099 5103
5100 5300
5100 11197
5101 13786
5102 13541
5102 14294
5103 13786
5103 16367
5103 16370
5104 5105
5104 5106
5105 5107
5106 5107
5106 5112
5106 9878
5107 9880
5107 9881
5108 5109
5108 5110
5108 5111
5108 5112
5109 9881
5109 11111
5109 13427
5110 15796
5110 15797
5111 13609
5111 15795
5112 9881
5113 5224
5113 15381
5113 16193
5114 12297
5114 12301
5115 5117
5115 11402
5115 12846
5116 5118
5116 5119
5117 5119
5117 12672
5118 25136
5119 9965
5119 12849
5120 5121
5120 9973
5121 5123
5121 8196
5121 8197
5122 9973
5122 9974
5123 8198
5123 8199
5124 5126
5124 17112
5124 21295
5125 5136
5125 5147
5125 5158
5125 5169
5125 15149
5126 5127
5126 17114
5127 8193
5127 21296
5128 8364
5128 21296
5129 9972
5129 17014
5130 6528
5131 5132
5131 6527
5131 6528
5132 9967
5133 5151
5133 9962
5133 9963
5134 9962
5134 18814
5134 18815
5134 18820
5135 9962
5135 18820
5136 13543
5136 13544
5136 13701
5137 25135
5138 5141
5138 11397
5138 11398
5140 5141
5140 7139
5141 11397
5142 5143
5143 7138
5143 7139
5144 5145
5144 5146
5145 5148
5145 7138
5147 15150
5148 9976
5149 5150
5149 5445
5149 17229
5149 17230
5150 9961
5150 21797
5151 5153
5151 9964
5152 20508
5152 20509
5152 20514
5153 9801
5153 20509
5154 17759
5154 23542
5154 23840
5155 13540
5155 13541
5155 17734
5156 13540
5156 17732
5156 17734
5157 16934
5157 17739
5158 12300
5158 12302
5159 5160
5159 13542
5159 17739
5160 5161
5160 13543
5160 17741
5161 13544
5161 17371
5161 17744
5162 5221
5162 17748
5162 18694
5163 12075
5163 17753
5164 12075
5164 17753
5165 12075
5165 15109
5166 5167
5166 5343
5166 5344
5167 6377
5167 12268
5168 5170
5169 5180
5169 15153
5169 21957
5170 5171
5170 5172
5171 6377
5173 13704
5174 5192
5174 5220
5174 13272
5175 15451
5175 20088
5176 11169
5176 15451
5177 15448
5177 15451
5177 20087
5177 20088
5178 5181
5179 9462
5179 13706
5179 15450
5180 5566
5180 5571
5181 5182
5182 9462
5182 13707
5182 13709
5183 5184
5183 5185
5184 11607
5184 13708
5184 13709
5185 11607
5186 8740
5187 8740
5187 11607
5187 13710
5188 8739
5188 8740
5190 9285
5190 21077
5191 5202
5191 5213
5191 5225
5191 5236
5192 5193
5192 13270
5193 13271
5193 13548
5194 5195
5194 13548
5195 5196
5196 5197
5197 5198
5197 10638
5198 5199
5199 5201
5199 17768
5200 5201
5200 17770
5202 6806
5202 6807
5202 12287
5203 5204
5203 8703
5203 23762
5204 5205
5204 13549
5205 5206
5205 6122
5206 13550
5207 5208
5207 5336
5208 5209
5208 5210
5208 5211
5209 5212
5209 5214
5209 5215
5210 5214
5210 13640
5211 5215
5211 5324
5211 5336
5212 5216
5212 5217
5212 5218
5213 15383
5213 23757
5214 5217
5214 13641
5215 5218
5215 13545
5216 5219
5216 5220
5217 5219
5217 13642
5218 5220
5218 13546
5219 13643
5220 13512
5221 17538
5221 18695
5222 5223
5222 5226
5222 6624
5223 5226
5223 14775
5224 21812
5225 6807
5225 12006
5226 12385
5226 15657
5227 5954
5227 22892
5227 22895
5228 5229
5228 11325
5228 20812
5229 13186
5229 20812
5230 11325
5230 13186
5230 20823
5231 16995
5231 17599
5232 23420
5233 16158
5233 18088
5233 18089
5233 18095
5234 13325
5234 16158
5234 18095
5234 20233
5235 5237
5235 5238
5235 18076
5236 23757
5236 23779
5237 5239
5237 5240
5237 18027
5238 5239
5238 8777
5239 8776
5240 18032
5241 18041
5242 5243
5242 11051
5242 18060
5243 12171
5243 18062
5244 5245
5244 18071
5244 18072
5246 5248
5246 13651
5246 18136
5247 5258
5247 5269
5247 5280
5248 5249
5248 18133
5249 5250
5249 18130
5250 5251
5250 18128
5251 17252
5251 18125
5252 17526
5252 18110
5253 5254
5253 5255
5253 18103
5253 18106
5254 10484
5254 10485
5255 5256
5255 10484
5256 18098
5256 18103
5257 5259
5257 18143
5257 18147
5258 21414
5260 5261
5260 5262
5260 22296
5261 9289
5261 22295
5262 9290
5262 9292
5263 22289
5263 22293
5263 22297
5264 5265
5264 22297
5265 5266
5265 22917
5266 5267
5266 22917
5267 5268
5267 9390
5267 15384
5268 5270
5268 5271
5268 5272
5269 5291
5269 21480
5270 5275
5270 9389
5271 5273
5271 5274
5271 5275
5272 5273
5272 10168
5272 13866
5273 13743
5274 5276
5274 5277
5275 9389
5275 10338
5276 10166
5276 13743
5277 5278
5277 10340
5277 12260
5278 5279
5278 5281
5279 5282
5279 10341
5280 14296
5280 21481
5281 5282
5281 5283
5281 5284
5282 8794
5283 5285
5283 13742
5283 14431
5284 5285
5285 8790
5286 5287
5286 5288
5286 5289
5287 5290
5287 5292
5287 5293
5288 5292
5288 22898
5289 5293
5289 8072
5289 19870
5290 5294
5290 12843
5291 5302
5291 5313
5291 5347
5291 14297
5292 5294
5292 22897
5293 12843
5293 12933
5294 7086
5294 10370
5294 10371
5295 5296
5295 5297
5295 5298
5296 11979
5296 15294
5297 13786
5297 15294
5298 11979
5298 13353
5299 5300
5299 5301
5299 20077
5300 11750
5300 20081
5301 5303
5301 11749
5302 5324
5302 5336
5302 5347
5303 13355
5303 20077
5304 5306
5304 5307
5305 5307
5305 13788
5305 20079
5306 5307
5306 5308
5308 13366
5309 5310
5309 5311
5310 5312
5310 5314
5310 5315
5311 5312
5311 13791
5312 5316
5312 11632
5313 5358
5313 12271
5313 21480
5314 5317
5315 5316
5315 5317
5315 5318
5316 5320
5316 13793
5317 5319
5317 13368
5318 5319
5318 5320
5318 5321
5319 5323
5319 8763
5320 5322
5320 12338
5321 5322
5321 5323
5322 8764
5323 8762
5324 13545
5325 13789
5325 14950
5325 14953
5326 5327
5327 13790
5327 21839
5328 13363
5329 13807
5329 18510
5330 19806
5330 23519
5330 23526
5330 23527
5331 5802
5331 12090
5332 5333
5332 5334
5332 12090
5333 5337
5333 5338
5333 12089
5334 12088
5334 12089
5334 13357
5335 5446
5335 5558
5335 5669
5336 21419
5337 5339
5337 13796
5338 12090
5338 13795
5338 13796
5339 12089
5339 13358
5339 13360
5340 5393
5341 5393
5342 5343
5342 22171
5342 22173
5343 12267
5343 12268
5344 14293
5345 5346
5345 5348
5345 5349
5346 13103
5346 16957
5347 21414
5347 21419
5348 6353
5348 11879
5348 14926
5349 5350
5349 11879
5350 14112
5350 14691
5351 5352
5351 5353
5351 5354
5352 5355
5352 6345
5352 16455
5353 16974
5353 16975
5354 5355
5355 6346
5355 6350
5357 5359
5358 5369
5358 5380
5359 6351
5359 16679
5360 5361
5360 5362
5360 17166
5360 17167
5361 5364
5361 6332
5361 10709
5362 5363
5362 5364
5362 5365
5363 5366
5363 5367
5364 5367
5364 6334
5365 5366
5365 17166
5366 6442
5367 6338
5367 6445
5368 15086
5368 25211
5368 25213
5368 25217
5369 21477
5369 21480
5370 5372
5370 25215
5370 25216
5371 25208
5371 25210
5371 25215
5372 5373
5372 5374
5373 14690
5374 5375
5374 8930
5374 14690
5375 5376
5375 5377
5375 6367
5376 14690
5377 5378
5377 5379
5378 5381
5378 6364
5378 6367
5379 5381
5379 15489
5380 6845
5380 21477
5380 22144
5381 6368
5381 14673
5382 5383
5382 5384
5382 5385
5382 8616
5383 14672
5383 14673
5383 15489
5384 14672
5385 5386
5385 5387
5386 6340
5386 8615
5387 5388
5388 14027
5389 5390
5389 5392
5390 14027
5391 6845
5391 21472
5391 22147
5392 22174
5393 15323
5394 5395
5394 5396
5395 15323
5396 5397
5396 14685
5398 5399
5398 5400
5398 5514
5399 5401
5399 5403
5399 7619
5400 7623
5400 17499
5400 17500
5401 7616
5401 25124
5402 14041
5402 14383
5402 22147
5403 5404
5403 5405
5403 7616
5404 5406
5404 7618
5404 24181
5405 7617
5405 7618
5405 7619
5406 7616
5406 16560
5407 5408
5407 5409
5407 9695
5407 24177
5408 5411
5408 24153
5409 5410
5409 5411
5412 5414
5412 5415
5412 23392
5412 24327
5413 6844
5413 14041
5414 5416
5414 5417
5414 6740
5415 6740
5415 23388
5415 24326
5416 5418
5416 5419
5416 6742
5417 6741
5417 6742
5417 24327
5418 5421
5418 6739
5418 6740
5419 5420
5419 5421
5419 19655
5420 6742
5420 10152
5420 10665
5421 17221
5421 19652
5422 10667
5422 19655
5422 19656
5423 19651
5424 5435
5424 5447
5424 5458
5424 8912
5425 5426
5426 25113
5427 5428
5427 5429
5427 24587
5427 24588
5428 12442
5428 13078
5428 14450
5429 5430
5429 5431
5429 12442
5430 9687
5430 9688
5430 24587
5431 5432
5431 9688
5431 21986
5432 12442
5432 12443
5432 21989
5433 5434
5433 21983
5433 21985
5433 21988
5434 5436
5434 5437
5434 8078
5435 12996
5435 14506
5435 21448
5436 8079
5436 8081
5436 21988
5437 5438
5437 8079
5438 8077
5438 8078
5439 5440
5440 5441
5440 5442
5440 12857
5441 9690
5441 17007
5442 5443
5442 5444
5442 17007
5443 5445
5443 12857
5443 12859
5444 5445
5444 17155
5444 17230
5445 9961
5446 11392
5446 20845
5447 5469
5447 8913
5447 21445
5448 5449
5448 5450
5448 17646
5449 17652
5449 25131
5450 9692
5450 25131
5451 13599
5451 15285
5452 13506
5452 13507
5452 15284
5453 6885
5454 5455
5454 6885
5454 6886
5455 5456
5455 6887
5456 6889
5456 6893
5457 6893
5458 21445
5458 21447
5458 21448
5459 6893
5460 21398
5460 21400
5461 21426
5461 21427
5461 21430
5462 5463
5462 5464
5463 5465
5464 5465
5464 6863
5465 6865
5466 5467
5466 5468
5466 5470
5467 25195
5467 25196
5467 25199
5468 9587
5468 25195
5469 5480
5469 5491
5469 5502
5470 5666
5470 25199
5471 5473
5471 5474
5471 5475
5471 25197
5472 25192
5472 25194
5472 25197
5473 5478
5473 25198
5473 25202
5474 5476
5474 5477
5474 5478
5475 10888
5476 5479
5476 5481
5476 5482
5477 5482
5477 10888
5478 5481
5478 5675
5479 5483
5479 5484
5479 5485
5480 14505
5480 15534
5480 21442
5481 5484
5481 5677
5482 5485
5482 8871
5483 5486
5483 5487
5484 5486
5484 5678
5485 5487
5485 8872
5486 5680
5487 10889
5489 15614
5489 24803
5491 21442
5491 21444
5491 21445
5492 5493
5492 5494
5493 5495
5493 16643
5494 5495
5495 5496
5496 5497
5496 8785
5497 13446
5498 5499
5498 18838
5498 18839
5498 18843
5499 5501
5500 5503
5500 24788
5501 5503
5502 8913
5502 13278
5502 14505
5503 5505
5503 7640
5504 20531
5504 20534
5504 24788
5505 7647
5505 20534
5505 24788
5506 5508
5507 5509
5507 12867
5508 5509
5510 5517
5510 7672
5511 5512
5511 17452
5512 13850
5513 5524
5513 5535
5513 5546
5513 5559
5514 25120
5514 25124
5515 5516
5515 5517
5516 7670
5517 7670
5517 7671
5518 5519
5518 13446
5519 5520
5519 13852
5521 5522
5521 5523
5521 11723
5522 5525
5522 5526
5522 8205
5523 8200
5523 8205
5523 24778
5524 15522
5525 5527
5525 24793
5526 5527
5526 17437
5527 17438
5528 5529
5531 13849
5532 5533
5532 5534
5532 5536
5533 5537
5534 5536
5534 16155
5535 5570
5535 13265
5535 22161
5538 5539
5538 16635
5538 22262
5539 5540
5539 22265
5540 16635
5540 16646
5540 22271
5541 5542
5541 5543
5541 15071
5541 16679
5541 16726
5542 14923
5542 14924
5542 15071
5543 16726
5543 23734
5544 18219
5544 18454
5544 18456
5544 22668
5545 5549
5546 5570
5546 5581
5547 5548
5547 5549
5548 5550
5548 5551
5549 5551
5550 5552
5550 5553
5550 5554
5552 5554
5552 7085
5552 8234
5553 7085
5554 5555
5555 5556
5555 5560
5556 5560
5556 5561
5556 24135
5557 6668
5557 15634
5557 19357
5558 15346
5558 16193
5559 8506
5559 22161
5560 5562
5562 8234
5562 8418
5562 8588
5563 5564
5563 5565
5563 24699
5564 5566
5564 24703
5565 24699
5565 24703
5566 5567
5567 6802
5567 6805
5568 5569
5568 5571
5568 23757
5569 13544
5570 13266
5571 14844
5571 15383
5572 5573
5572 5574
5572 23179
5574 14175
5574 15085
5575 5576
5575 5577
5575 5578
5576 5578
5576 14175
5576 15085
5577 5579
5577 8859
5578 8470
5578 9465
5579 5580
5579 5582
5580 5583
5580 8862
5581 13528
5582 8859
5582 8860
5582 8861
5583 5584
5583 8862
5584 5585
5584 5586
5584 5587
5585 22845
5586 5589
5586 8864
5587 5588
5587 5589
5587 5590
5588 5590
5588 8750
5588 14576
5589 14576
5590 15849
5591 5593
5591 16828
5591 17218
5592 5603
5592 5614
5592 5625
5593 8849
5595 7598
5595 7600
5595 7601
5596 5598
5596 11524
5597 5598
5597 5599
5598 5599
5599 5600
5599 11526
5600 5601
5602 5604
5602 5605
5602 12591
5603 9548
5603 9549
5603 13243
5604 14337
5605 9039
5605 12591
5606 5607
5606 5608
5607 13107
5607 20655
5607 20660
5608 20660
5608 20664
5609 22517
5610 15513
5610 17448
5611 5615
5611 5616
5611 17447
5612 5615
5612 13519
5612 17447
5613 16175
5613 16743
5613 17447
5614 5636
5614 5647
5614 13243
5615 5618
5616 5617
5616 5618
5616 5619
5617 5620
5617 12053
5618 5622
5618 6611
5619 5620
5619 5621
5619 5622
5620 5623
5621 5623
5621 5624
5621 7471
5622 7471
5623 5626
5624 5626
5624 5627
5624 5628
5625 9549
5625 9550
5625 16327
5626 5630
5627 7471
5627 7473
5627 7475
5628 5629
5628 5630
5628 7475
5629 5631
5629 5632
5629 5633
5630 5631
5631 11070
5632 7475
5632 7476
5632 11071
5633 11070
5633 11071
5634 5635
5634 5637
5634 20639
5635 5638
5635 5639
5636 9550
5636 9551
5638 5640
5638 20643
5639 20639
5639 20640
5639 20643
5640 5641
5640 5642
5641 20642
5641 20643
5641 20648
5642 5643
5642 20648
5643 5644
5643 5645
5644 20647
5644 20648
5644 20652
5645 5646
5645 20652
5646 14662
5646 16241
5646 16303
5647 5658
5648 5649
5648 6681
5649 5650
5649 5651
5650 5652
5650 5653
5651 9352
5652 5655
5652 5665
5652 11004
5653 9352
5653 13115
5654 5655
5654 5656
5655 13520
5656 6067
5656 13115
5657 13755
5657 16143
5658 13276
5658 13631
5659 15682
5659 15685
5659 17509
5659 20592
5660 15400
5660 17509
5660 17730
5661 5662
5661 5663
5662 5664
5662 20598
5663 17727
5664 20603
5665 11003
5666 5667
5666 5668
5667 9022
5668 5671
5668 25199
5668 25200
5669 12270
5669 15350
5670 5681
5670 5692
5670 5703
5670 5714
5671 5672
5671 9022
5671 9024
5672 5674
5672 9026
5672 25202
5673 5674
5673 5675
5673 25202
5674 5676
5674 8496
5675 5676
5675 5677
5676 5679
5676 8498
5677 5678
5677 5679
5678 5680
5678 5682
5679 5682
5679 8873
5680 5683
5681 9915
5681 9916
5682 5683
5682 8874
5683 9027
5683 9028
5684 5685
5684 6524
5684 13313
5685 6535
5685 12249
5685 15604
5686 5687
5687 5688
5687 5967
5688 5970
5689 5690
5689 22088
5689 22090
5690 5691
5690 5693
5690 5694
5691 5695
5691 10177
5691 22090
5692 13255
5693 6101
5693 13774
5693 22088
5694 5695
5694 22536
5695 22539
5696 5697
5696 23035
5696 23037
5696 23042
5697 5698
5697 5699
5697 10883
5698 5700
5698 5701
5698 7364
5699 7364
5699 23035
5700 7363
5700 10883
5700 23638
5701 5702
5701 5704
5701 19175
5702 19176
5702 19178
5703 13255
5703 15547
5704 7364
5704 7365
5704 19178
5705 5706
5705 5707
5705 24203
5706 9984
5706 9985
5706 24197
5707 5708
5707 7928
5707 9985
5708 5709
5708 5710
5709 9985
5709 12806
5709 12807
5710 5711
5710 12807
5710 14496
5711 5712
5711 5713
5712 12175
5712 12177
5712 12807
5713 5715
5713 12177
5713 14497
5714 14257
5714 16622
5715 5716
5715 5717
5715 13926
5716 7235
5716 12177
5717 5718
5717 5719
5717 7235
5718 5720
5718 5721
5718 7237
5719 7237
5719 11553
5719 13926
5720 5723
5720 7235
5721 5722
5721 5723
5721 5724
5722 5726
5722 5727
5722 10912
5723 5727
5723 12642
5724 7237
5724 10912
5724 11555
5725 5736
5725 5747
5725 5758
5725 5769
5726 5728
5726 10911
5727 10910
5727 10911
5728 10912
5728 10914
5729 15800
5729 21177
5730 5731
5730 5732
5730 5733
5730 10422
5731 10423
5731 14683
5732 10419
5733 10053
5733 10425
5734 5735
5734 5737
5734 5738
5734 5739
5735 5740
5735 10503
5735 10504
5736 21371
5736 21373
5736 21376
5737 5740
5737 5741
5737 10501
5738 10497
5738 10500
5738 10501
5739 10504
5739 14683
5740 10507
5740 14292
5741 5742
5741 5743
5741 14292
5742 5744
5742 5745
5743 10501
5743 11838
5743 12809
5744 11812
5744 11816
5744 14292
5745 5746
5745 11812
5746 5748
5746 5749
5746 5750
5748 11835
5748 11837
5748 14510
5749 7527
5749 11812
5749 11815
5750 5751
5750 7527
5750 15857
5751 5752
5752 5753
5752 5754
5752 5755
5753 7520
5753 7521
5754 7520
5754 7525
5754 15857
5755 7526
5755 14276
5756 14160
5756 17038
5756 17321
5756 17386
5757 5759
5757 5760
5757 19160
5758 21371
5759 5762
5760 5761
5760 5762
5760 5763
5761 11338
5761 11341
5761 14100
5762 5773
5763 5764
5763 11338
5764 5765
5764 5766
5764 5767
5765 5768
5765 5772
5765 5773
5766 5768
5766 5770
5767 8972
5768 5771
5768 17278
5769 21376
5770 17277
5770 17278
5771 5772
5771 24251
5771 24255
5772 24252
5773 5774
5774 19329
5774 19330
5775 17038
5776 13790
5776 21839
5776 21841
5776 23846
5777 5778
5777 5779
5777 21841
5778 5782
5778 13790
5779 5784
5779 12317
5779 12318
5780 5891
5780 11803
5780 15724
5781 5792
5781 5803
5781 5814
5782 5783
5782 5784
5783 5785
5783 5786
5784 12568
5785 5787
5785 5788
5785 13745
5786 5788
5786 7016
5786 13790
5787 5789
5787 7018
5787 21331
5788 7017
5789 13745
5789 13746
5789 16989
5790 7153
5790 16933
5790 21332
5791 14687
5791 14713
5791 19805
5792 25207
5792 25213
5793 19805
5793 19806
5794 11853
5794 23525
5794 23774
5795 11852
5795 11853
5795 23772
5795 23774
5796 5797
5796 5798
5797 22660
5798 22658
5799 15322
5800 18675
5800 18679
5801 12092
5802 5806
5803 9554
5803 14373
5804 5805
5804 5806
5804 12092
5805 5807
5805 5808
5805 13795
5806 12090
5806 13795
5807 12092
5807 12093
5807 14365
5808 5809
5808 5810
5808 14365
5809 13795
5809 13796
5809 13797
5810 13797
5811 5812
5811 5813
5812 6824
5813 7154
5813 7157
5814 9553
5814 14373
5815 8708
5815 8710
5816 5817
5816 20613
5817 12042
5817 14566
5818 5819
5818 24240
5818 24243
5819 7915
5819 24245
5820 5822
5820 19383
5820 22933
5820 22938
5821 7387
5821 7389
5821 19378
5821 19383
5822 7389
5822 12372
5822 22940
5823 5824
5823 5826
5823 5827
5824 5828
5824 5829
5825 5836
5825 5847
5825 5858
5825 5869
5826 12824
5826 12826
5826 12830
5828 5842
5828 5843
5829 11294
5830 5832
5830 5833
5830 24647
5831 5833
5831 24641
5831 24642
5831 24647
5832 9825
5832 13329
5832 20162
5833 12828
5834 5835
5834 5837
5834 9104
5834 20161
5835 5838
5835 5839
5835 9740
5837 9736
5837 9740
5837 20161
5838 5840
5838 10784
5839 9104
5839 10784
5839 14304
5840 9739
5840 9740
5842 12830
5843 5844
5844 5845
5844 5846
5845 5848
5846 5848
5846 10404
5846 11294
5847 9555
5847 16331
5848 11585
5849 5850
5849 6244
5850 5851
5850 5852
5851 5853
5851 6243
5852 6240
5852 6243
5852 6244
5853 5854
5854 6243
5854 9751
5855 5856
5855 6089
5855 6094
5856 6087
5857 5859
5857 5860
5857 5861
5858 6786
5858 9463
5859 5862
5859 9758
5860 10445
5861 5862
5861 10445
5862 9759
5862 9760
5863 5864
5864 14172
5865 5866
5865 11198
5866 11199
5866 11779
5867 5868
5868 8965
5868 9019
5868 11779
5869 5903
5869 9555
5870 5871
5870 5872
5870 11772
5871 5873
5871 11773
5872 8054
5872 9512
5872 11773
5873 5877
5873 11770
5873 11772
5874 5875
5874 5876
5874 5877
5875 9516
5875 12135
5876 5878
5876 5879
5877 5882
5877 12882
5878 5881
5878 5882
5879 5881
5879 9519
5879 12135
5880 5892
5880 5903
5880 5914
5880 5925
5881 9969
5882 9969
5882 12883
5883 5884
5883 5885
5883 19026
5884 6000
5884 6043
5884 19029
5885 5886
5885 14773
5885 16938
5885 17464
5886 19021
5886 19022
5886 19026
5887 5888
5887 19023
5887 19025
5887 19028
5888 5889
5888 5890
5889 6046
5889 19028
5889 24960
5890 5893
5890 8287
5890 19023
5891 6269
5891 19357
5892 5936
5892 5947
5892 5958
5893 24951
5893 24952
5893 24958
5894 5895
5894 24953
5894 24954
5894 24959
5895 5896
5895 5897
5895 5898
5896 5899
5896 6051
5896 24959
5897 5900
5897 7879
5897 24954
5898 5899
5898 5900
5898 17893
5899 6052
5899 17896
5900 5901
5900 9215
5901 17888
5901 17889
5901 17893
5902 5904
5902 17885
5902 17890
5903 9559
5904 5905
5904 5906
5904 17895
5905 12307
5905 17373
5906 5907
5907 12306
5907 12307
5908 14894
5908 22082
5909 5962
5909 11012
5909 13712
5909 22082
5910 5911
5910 5912
5910 5913
5910 9321
5911 5915
5911 5916
5911 6021
5912 6017
5912 14774
5913 6016
5913 6017
5913 6021
5914 9559
5914 11609
5914 15567
5915 5917
5915 5918
5915 5919
5916 5919
5916 9319
5916 9321
5917 5920
5917 5921
5918 5920
5918 6020
5918 6021
5919 5921
5919 9322
5920 6022
5921 5922
5921 9325
5923 5924
5923 5926
5923 5927
5924 9327
5924 16076
5925 5958
5925 9471
5926 5981
5928 5929
5928 5930
5928 5931
5929 5932
5929 5933
5929 14173
5930 5932
5930 7456
5930 7457
5931 6725
5931 7455
5932 13959
5933 5934
5933 13960
5934 14173
5934 14174
5935 5937
5935 5938
5936 8733
5937 6792
5938 6781
5938 11539
5939 5940
5940 6092
5941 9355
5941 11016
5941 22626
5941 22630
5942 5943
5942 5945
5942 7799
5943 7799
5943 7800
5944 5945
5944 5946
5944 8676
5945 8675
5945 8677
5946 8676
5946 8677
5946 17484
5947 8732
5947 8733
5947 11609
5948 5949
5948 5950
5949 6971
5949 13194
5949 13195
5950 5951
5950 5952
5950 5953
5951 5953
5951 6971
5951 6972
5952 5955
5952 6968
5953 5954
5953 5955
5954 5956
5955 5956
5955 6970
5956 9345
5957 5959
5957 22894
5958 9471
5959 6009
5959 22891
5960 5961
5960 5962
5960 5963
5961 22082
5961 22085
5962 12746
5963 5964
5963 5965
5963 5966
5964 6100
5964 22085
5964 22089
5965 12746
5966 5967
5967 5968
5968 5970
5968 22089
5969 5980
5969 5991
5969 6003
5969 6014
5970 22092
5971 5972
5971 5973
5971 5974
5972 5975
5972 5976
5973 5975
5973 7443
5974 7442
5974 7982
5974 7983
5976 7981
5976 7983
5977 5978
5977 5979
5977 6079
5978 9353
5978 11005
5978 11006
5979 11006
5979 23644
5980 9427
5980 13192
5981 9175
5984 5985
5984 5986
5984 6034
5984 20848
5985 5987
5985 9330
5985 20842
5986 5987
5986 5988
5986 5989
5987 5992
5987 9332
5988 5990
5988 6033
5988 6034
5989 5990
5989 5992
5989 5993
5990 5994
5990 6037
5991 9425
5991 9427
5992 5995
5992 9333
5993 5994
5993 5995
5993 5996
5994 5998
5994 6039
5995 5997
5995 9334
5996 5997
5996 5998
5996 5999
5997 6001
5997 9338
5998 6000
5998 6041
5999 6000
5999 6001
6001 9339
6001 14089
6001 16220
6002 6113
6002 6224
6002 13003
6003 9918
6004 6005
6004 6071
6005 6007
6005 8676
6005 9341
6006 6071
6006 6072
6009 6010
6009 6013
6009 9348
6010 6011
6010 6012
6011 6013
6012 10747
6012 23604
6013 9349
6013 9351
6015 6016
6015 6017
6016 6018
6016 6019
6017 13957
6018 6020
6018 6021
6018 14284
6019 14284
6020 6022
6020 6023
6022 6024
6022 6026
6023 6024
6023 13398
6024 13397
6025 6036
6025 6047
6025 6058
6031 6033
6031 6034
6031 14890
6031 20853
6032 14890
6032 20853
6032 20854
6032 20859
6033 6035
6033 6037
6034 20852
6035 6038
6035 13764
6035 14890
6036 8010
6036 15608
6036 21496
6036 21497
6037 6038
6037 6039
6038 6040
6038 13765
6039 6040
6039 6041
6040 6042
6040 13766
6041 6042
6042 13768
6042 14911
6043 6044
6043 6045
6044 19029
6044 19030
6044 19033
6045 13771
6045 14911
6045 19033
6046 6049
6046 19031
6047 6058
6047 10442
6048 6049
6048 19031
6048 19032
6048 19036
6049 12652
6049 24965
6050 24960
6050 24961
6050 24965
6051 6052
6051 6053
6051 24963
6052 6054
6052 6055
6053 6054
6053 7883
6053 7884
6054 7885
6054 17899
6055 17894
6055 17896
6055 17899
6056 17897
6056 17898
6056 17903
6057 17898
6058 15283
6059 6060
6059 6061
6059 17473
6060 6062
6060 6063
6060 6064
6061 6063
6062 6065
6062 6066
6063 6065
6063 13784
6064 17473
6064 17474
6065 7811
6065 14750
6066 7810
6066 17474
6067 6068
6068 7459
6068 13112
6068 13118
6069 6080
6069 6091
6069 6102
6070 6071
6070 6072
6070 12156
6072 15435
6072 15447
6074 6075
6074 23940
6074 25075
6075 6076
6075 6077
6075 25074
6076 6078
6076 6079
6076 14079
6077 12480
6077 14079
6077 23940
6078 6081
6078 6082
6078 23644
6079 12479
6079 23644
6080 23429
6081 6083
6081 12786
6081 23643
6082 12786
6082 14078
6082 14079
6083 6084
6083 13957
6084 12786
6084 12787
6085 6086
6085 6087
6086 6088
6086 9732
6086 13777
6087 6088
6087 6089
6088 14509
6088 14863
6089 6090
6089 14509
6090 6092
6090 6093
6090 6094
6091 23429
6091 23433
6092 6095
6092 6096
6093 6095
6093 13782
6093 14509
6095 6096
6095 10395
6096 10394
6097 6098
6097 22083
6097 22084
6098 22528
6098 22532
6099 6101
6099 22084
6099 22532
6100 6101
6100 22084
6100 22088
6103 6104
6103 10217
6103 22090
6104 6105
6104 6106
6105 10215
6105 10219
6106 10214
6106 10215
6106 10217
6107 6108
6107 17431
6108 12886
6108 12887
6109 6110
6109 6111
6109 6112
6109 6115
6110 6116
6110 10071
6111 10070
6111 14123
6111 15064
6112 9245
6112 10068
6112 10070
6113 16215
6113 19368
6114 6125
6114 6136
6114 6147
6115 6116
6115 14123
6116 23368
6117 6118
6117 6119
6117 23313
6118 6120
6118 6121
6119 10067
6119 23302
6120 10067
6121 15063
6121 23313
6121 23928
6122 13549
6122 13550
6123 22211
6123 22218
6123 22239
6124 6127
6124 22211
6124 22212
6124 22217
6125 23978
6125 23982
6126 6127
6126 7295
6126 22217
6127 7294
6128 15054
6128 18176
6128 18184
6129 10726
6129 15054
6129 18184
6130 6131
6130 6132
6130 12942
6131 6133
6131 10795
6132 10795
6132 12165
6132 17078
6133 12941
6133 12942
6134 6135
6134 6137
6134 12659
6135 8267
6135 8270
6135 25039
6136 6180
6137 6138
6137 6139
6138 6140
6138 12659
6139 6140
6139 25036
6139 25039
6140 25030
6140 25033
6141 20702
6141 25031
6141 25032
6142 6143
6142 6144
6142 20699
6143 25038
6144 7859
6144 7860
6145 6146
6145 6148
6146 14394
6147 23978
6147 23980
6148 23469
6149 6150
6149 6151
6149 23469
6150 14128
6150 23470
6151 6152
6151 14128
6152 10017
6152 23465
6152 23467
6153 6154
6153 6155
6153 14277
6154 14279
6154 14281
6154 14396
6155 6156
6155 6157
6155 14279
6156 6160
6156 13406
6156 14277
6157 6159
6157 6160
6158 6169
6158 6180
6158 6191
6159 14279
6160 9643
6160 9644
6163 9188
6164 6165
6165 14109
6165 14397
6166 20918
6167 6168
6167 6170
6167 6171
6168 6172
6169 13150
6169 23998
6170 6913
6172 6173
6172 6174
6173 6175
6174 6909
6174 6912
6174 6913
6175 6176
6176 6177
6176 6178
6177 14334
6177 22810
6178 6235
6178 22805
6179 18142
6179 18145
6181 6182
6181 6183
6181 6184
6182 6185
6183 6186
6183 11305
6184 6185
6184 6186
6184 6187
6185 6188
6186 11309
6186 12494
6187 6188
6187 6189
6188 14076
6188 14077
6189 6190
6189 6192
6189 14076
6190 12494
6190 12793
6190 12800
6191 23994
6192 6193
6192 6196
6192 12800
6193 12801
6193 12802
6193 14076
6194 6195
6194 6196
6194 14396
6195 12795
6195 14277
6195 14278
6196 12795
6196 12801
6197 6199
6197 6200
6197 6201
6197 20920
6198 20915
6198 20916
6198 20920
6199 6204
6199 20922
6200 6205
6200 11280
6201 6203
6201 6204
6201 6205
6202 6213
6202 6225
6203 6206
6203 6207
6203 6208
6204 6207
6205 6208
6205 11285
6206 6209
6206 6210
6206 6211
6207 6211
6208 6210
6208 11287
6209 6212
6209 6214
6209 6215
6210 6215
6210 11291
6211 6214
6212 14915
6213 16017
6215 11293
6215 14915
6216 6217
6216 6218
6216 6336
6217 6219
6217 6324
6218 6358
6218 11260
6218 11416
6219 6220
6219 6324
6220 6561
6220 11416
6221 6222
6221 6223
6221 6562
6222 6556
6222 6560
6222 6561
6223 6226
6223 6227
6223 6560
6224 11625
6224 19390
6225 24000
6225 24002
6226 6228
6226 6562
6226 14398
6227 6228
6227 6229
6227 6230
6228 6232
6229 6231
6229 6560
6229 11264
6230 6231
6230 6232
6230 6233
6231 13153
6231 13154
6232 6234
6233 6234
6233 16015
6234 14399
6235 10466
6235 10467
6236 6247
6236 6258
6236 7382
6236 19231
6237 6238
6237 6239
6237 6240
6237 22807
6238 6241
6238 22811
6239 9750
6239 10758
6240 6241
6240 6242
6241 6243
6241 9751
6242 6244
6244 9749
6245 6246
6245 6275
6245 21275
6245 21280
6246 7087
6246 21272
6246 21273
6247 7381
6247 10864
6247 16022
6248 6250
6248 6251
6248 21276
6249 6251
6249 21273
6249 21274
6249 21276
6250 6252
6250 6253
6250 6254
6251 6253
6251 6397
6252 6257
6252 6274
6252 21277
6253 6256
6254 6255
6254 6256
6254 6257
6255 6259
6255 6260
6256 6259
6256 6398
6257 6262
6257 6273
6258 10864
6258 16013
6258 23058
6259 6263
6259 13650
6260 6261
6260 6262
6260 6263
6261 6264
6261 6265
6262 6270
6262 6272
6263 6264
6263 7990
6264 14476
6265 6266
6265 6267
6266 6268
6266 6270
6268 6271
6268 8216
6269 15628
6269 15629
6270 6271
6271 6272
6271 7995
6272 6399
6272 6841
6273 6274
6273 6399
6273 6400
6274 6404
6274 21282
6275 16570
6275 21280
6276 7088
6276 16571
6276 21278
6276 21280
6277 6278
6277 12928
6277 24125
6278 8511
6278 10630
6278 24128
6279 7054
6279 8511
6279 24131
6279 24136
6280 6291
6280 6302
6280 16031
6280 16034
6281 6282
6281 6283
6281 12978
6281 18554
6281 24814
6282 11984
6282 13748
6282 13749
6283 11984
6283 11985
6283 12978
6284 18552
6284 18553
6285 12128
6286 12841
6287 12353
6287 12842
6288 6289
6288 6290
6288 21939
6289 8090
6290 17440
6291 6302
6291 16011
6292 6293
6293 11667
6294 12377
6294 12378
6294 20630
6294 23104
6295 12378
6295 20630
6295 20631
6296 7425
6296 7427
6296 12378
6296 20631
6297 19262
6297 19263
6297 19267
6297 20634
6298 19262
6298 20634
6298 24228
6298 24229
6299 6300
6299 6301
6299 20638
6300 9995
6300 9996
6300 24230
6301 9996
6301 20641
6301 20645
6302 16020
6303 9996
6303 14512
6303 14513
6303 20645
6304 14512
6304 20644
6304 20645
6304 20650
6305 6306
6305 12182
6305 14512
6305 20650
6306 8170
6306 14511
6306 20653
6307 14511
6307 20651
6307 20653
6307 20656
6308 6309
6308 7241
6308 14511
6308 20656
6309 7240
6309 7242
6309 20662
6310 7242
6310 20661
6310 20662
6310 20665
6311 7242
6311 10927
6311 10928
6311 20665
6312 10927
6312 20665
6312 20666
6313 6324
6313 6336
6313 6347
6314 10927
6315 24097
6316 11404
6316 20597
6317 20600
6318 20605
6318 20607
6319 17714
6319 17716
6319 17718
6320 6321
6320 6322
6320 6323
6321 6325
6321 9041
6321 13998
6322 13998
6323 9041
6325 6326
6325 17153
6326 9041
6326 23657
6327 6328
6327 15258
6328 6329
6328 6330
6329 9092
6330 6331
6330 14320
6331 16876
6332 6333
6332 6334
6332 10710
6333 10709
6333 10711
6334 6337
6334 6338
6335 6446
6335 6557
6335 16215
6336 6358
6337 6339
6337 6449
6337 10710
6338 6339
6339 6448
6339 21134
6340 6341
6340 6342
6341 8238
6342 8617
6342 14028
6342 14060
6343 6344
6343 14061
6344 22174
6344 22176
6345 6346
6345 6784
6346 6348
6347 6561
6348 6349
6348 6783
6348 14190
6349 13444
6349 13445
6351 15071
6352 15440
6352 22187
6353 6354
6353 6355
6353 16959
6354 6356
6354 11881
6355 11881
6355 11883
6355 14052
6356 6357
6356 6359
6356 6360
6357 6361
6357 6362
6358 6369
6358 10095
6358 10099
6358 11541
6359 13037
6359 14115
6360 6378
6360 11881
6360 11963
6361 6378
6362 13037
6362 13038
6363 6364
6363 6365
6363 6366
6363 6367
6364 6368
6364 6370
6365 8931
6365 15399
6366 6370
6366 8931
6367 8930
6368 6371
6368 14055
6370 14054
6370 14055
6371 6372
6371 14057
6371 14673
6372 6373
6372 8616
6373 8617
6373 14056
6373 14059
6374 6375
6374 6376
6374 22173
6375 22175
6376 6377
6376 12268
6378 11455
6379 6381
6380 6391
6380 6402
6380 15838
6381 16792
6382 6383
6382 6384
6382 6385
6383 6784
6383 16455
6384 9876
6385 15853
6385 16985
6386 6387
6386 6388
6386 6389
6386 21255
6387 13412
6387 13648
6387 15699
6388 6390
6388 13411
6388 13646
6389 7984
6389 13646
6389 13648
6390 13413
6390 13649
6390 21917
6391 8020
6391 14288
6391 24481
6392 6394
6392 19879
6393 19878
6393 19879
6394 18244
6395 6396
6395 6397
6395 6398
6396 7994
6397 21274
6398 13650
6399 6401
6400 6401
6400 6403
6400 6404
6401 6405
6401 6841
6402 24477
6402 24480
6402 24481
6403 6405
6403 6406
6403 6407
6404 6838
6404 6840
6405 7996
6406 6407
6406 6408
6406 18238
6407 6840
6408 6840
6408 14768
6409 6410
6410 8070
6411 6412
6411 6414
6411 6415
6411 23568
6412 6768
6412 6770
6412 23546
6413 6424
6413 6435
6413 14594
6414 19442
6414 23568
6415 10971
6415 15134
6416 6417
6416 6418
6416 6419
6416 6420
6417 10959
6417 15056
6418 9068
6418 10958
6419 9071
6419 13971
6420 7045
6420 7049
6420 8396
6421 7693
6421 18386
6421 18387
6421 22069
6422 6423
6422 6425
6422 6426
6422 18386
6423 6427
6423 7693
6424 6623
6424 11638
6425 6427
6425 7689
6425 24080
6426 7688
6426 18385
6427 7690
6427 7692
6428 10815
6429 6430
6429 10814
6429 18649
6430 6439
6431 14305
6432 6433
6432 6434
6433 6436
6433 12109
6434 12109
6434 14305
6434 20451
6435 6622
6435 6623
6436 6437
6436 6438
6436 6439
6437 6441
6437 15976
6438 14306
6438 14309
6439 18645
6440 6441
6440 6442
6440 6443
6440 14717
6441 15974
6441 17839
6442 6444
6443 10708
6443 17166
6444 14318
6444 14319
6445 14318
6445 20412
6445 21134
6446 15673
6447 6458
6447 6469
6447 6480
6447 6491
6447 16591
6448 21127
6449 21122
6449 21123
6449 21127
6450 21130
6451 6452
6451 10716
6451 20028
6452 11172
6452 11740
6453 6454
6453 6455
6453 13826
6453 20027
6454 6456
6454 6457
6454 9428
6455 9428
6455 9430
6455 20022
6456 6459
6456 6460
6456 9431
6457 9431
6457 13826
6458 14711
6458 16591
6459 6461
6459 6462
6459 6463
6460 9428
6460 13941
6461 6465
6461 9431
6461 11371
6462 6464
6462 6465
6463 13940
6464 6466
6464 11611
6465 11611
6465 11613
6466 6467
6466 6468
6467 11611
6467 11612
6467 12328
6468 6470
6468 12328
6469 12791
6469 13048
6469 16602
6470 6471
6470 6472
6471 8716
6472 6473
6473 6474
6473 14770
6474 6475
6474 6476
6475 6477
6475 12596
6476 6477
6476 6478
6477 12597
6478 6479
6479 6481
6479 24817
6480 11073
6480 14711
6481 6482
6481 6483
6482 6486
6482 10321
6483 6484
6483 6485
6483 6486
6484 10323
6484 10325
6485 6488
6485 10322
6485 10325
6486 10320
6486 10322
6487 6488
6487 6489
6487 6490
6487 6492
6489 6494
6490 10325
6490 12594
6490 12595
6491 11317
6491 16340
6492 10322
6492 10964
6492 10965
6493 6494
6493 6495
6493 14142
6494 10965
6494 12594
6495 6496
6495 6497
6495 14141
6496 10965
6496 10966
6497 6498
6497 13979
6498 14141
6498 14143
6499 13979
6500 6501
6500 6503
6500 11988
6501 10733
6501 10736
6501 21521
6502 6513
6502 6524
6502 6535
6503 6504
6503 6505
6503 10736
6504 11986
6504 11987
6505 6506
6505 6507
6506 6508
6506 10736
6506 10737
6507 6508
6507 11986
6507 18525
6508 6509
6508 10738
6509 18520
6509 18521
6509 18525
6510 11986
6510 18525
6510 18528
6512 16686
6512 16687
6514 6515
6514 6516
6514 17181
6515 15996
6515 17177
6516 16208
6517 6518
6517 6519
6517 8112
6517 17141
6518 8110
6518 8111
6520 6521
6520 6522
6520 12850
6521 12834
6521 12835
6522 6523
6522 6525
6522 12834
6523 6526
6523 12850
6523 12851
6524 12903
6525 6526
6525 6527
6525 6528
6526 9965
6526 25135
6527 9967
6527 12834
6528 9966
6529 6530
6529 17403
6530 8210
6531 8230
6531 9769
6531 17403
6532 6533
6532 17404
6532 24751
6533 9767
6533 9769
6533 24754
6534 6536
6534 6537
6535 10209
6535 10214
6535 15605
6536 13913
6537 10895
6537 14548
6541 6542
6541 6543
6541 6544
6542 23074
6542 23075
6542 23077
6543 8573
6543 16027
6543 16028
6544 7129
6544 23077
6545 6547
6545 6548
6546 6558
6546 6569
6546 6580
6546 6591
6547 13151
6548 10093
6549 6550
6549 6551
6549 6552
6550 10097
6550 14709
6551 6553
6551 13039
6551 13151
6552 6553
6552 6554
6552 10097
6553 11262
6553 11265
6554 6555
6554 6556
6554 11262
6555 10097
6555 11260
6555 11261
6556 6559
6556 11261
6557 11636
6557 11647
6558 9317
6558 19762
6559 6560
6559 11262
6559 11264
6563 6564
6563 6565
6563 6660
6564 8581
6564 16029
6565 6566
6565 16028
6566 6660
6566 6662
6566 8573
6567 6568
6567 6570
6568 8940
6568 8944
6568 12038
6569 13691
6570 8937
6570 12119
6570 13122
6571 17392
6573 6574
6573 6575
6573 6576
6573 6577
6574 10005
6574 13095
6575 10004
6575 10295
6576 6579
6576 13095
6576 13493
6577 6578
6577 6579
6577 6581
6578 6582
6578 10295
6579 9382
6579 13495
6580 15639
6580 15640
6581 6582
6581 6583
6583 9382
6584 6585
6584 6586
6584 6587
6585 7727
6585 18153
6586 7727
6586 12048
6588 6589
6588 18031
6588 18038
6589 18044
6590 6592
6590 6593
6591 15606
6592 6594
6592 6595
6593 6597
6593 6894
6594 6596
6594 6597
6595 6598
6596 6598
6596 6631
6597 6895
6598 6633
6598 6959
6599 6600
6599 23978
6599 23981
6599 23982
6600 6601
6600 6603
6600 25080
6601 6604
6601 13475
6601 23981
6602 6613
6602 6624
6602 6635
6602 6646
6603 6604
6603 25078
6604 12056
6604 12485
6605 6606
6605 6607
6605 6608
6606 23656
6606 23661
6607 23661
6608 11494
6608 23656
6609 6610
6609 6611
6609 6612
6610 6614
6610 6615
6610 6616
6611 6615
6611 7470
6611 13519
6611 16101
6612 6616
6612 7467
6612 7468
6613 9317
6614 11637
6614 17118
6615 11637
6615 12054
6616 13499
6616 14939
6617 6618
6617 23654
6617 23655
6617 23660
6618 6619
6618 12783
6619 12051
6619 12052
6620 6621
6620 6622
6620 6623
6620 6625
6621 6626
6621 6627
6621 6628
6622 14919
6623 6627
6624 6670
6625 6628
6625 14919
6625 16334
6626 6629
6626 6630
6627 6629
6627 11638
6628 6630
6628 14289
6629 11638
6629 12059
6630 9679
6630 13482
6631 6632
6631 6633
6632 12049
6633 13340
6634 6636
6634 6637
6634 8643
6636 12046
6637 6638
6637 6639
6638 12167
6638 14439
6639 11645
6639 12046
6640 6642
6640 17376
6640 19071
6641 11656
6641 17376
6641 19071
6641 19072
6642 8277
6642 8279
6642 19066
6643 6644
6643 6645
6643 6647
6644 11335
6644 16389
6645 16120
6645 16389
6646 6657
6647 11332
6647 11334
6647 11335
6648 6649
6648 20733
6648 20737
6649 6650
6649 6651
6649 18022
6650 7854
6650 17467
6650 20737
6651 7852
6651 18021
6651 20733
6652 6653
6652 12423
6652 24658
6653 21001
6653 21004
6653 21929
6654 6655
6654 6656
6655 25050
6656 7861
6656 25053
6657 6670
6657 6681
6657 6692
6658 14748
6658 17873
6659 8268
6659 8270
6659 25051
6660 6661
6661 6662
6661 6663
6662 6664
6662 8574
6663 6664
6663 6665
6664 6666
6664 8575
6665 6666
6665 16017
6666 8576
6667 6671
6667 6672
6668 15641
6668 15642
6669 6780
6669 16907
6671 6673
6671 8559
6672 6673
6672 6674
6673 6675
6673 8560
6674 6675
6674 6676
6675 6677
6675 23663
6676 6677
6676 6679
6677 8561
6677 8562
6678 6679
6678 6680
6678 6682
6678 8563
6679 8561
6679 12804
6680 12804
6682 6683
6682 6684
6683 8563
6683 8564
6683 8565
6684 6685
6684 6686
6684 8565
6686 6687
6687 6688
6687 8565
6687 8566
6692 20607
6692 20608
6694 6695
6694 17109
6695 6696
6695 6697
6696 6698
6697 6698
6697 8571
6697 17109
6698 8572
6699 6700
6699 6701
6700 6701
6700 6702
6701 23099
6703 6714
6703 6725
6703 6736
6703 6747
6704 23097
6705 6706
6705 10100
6706 6708
6706 23086
6707 6708
6707 6709
6708 11415
6708 14088
6709 11415
6710 8578
6710 8579
6711 8151
6711 8152
6711 19774
6711 19775
6712 6713
6716 14097
6717 6718
6717 21579
6717 21601
6718 11583
6718 13886
6719 6720
6719 6721
6719 6722
6720 6723
6720 6724
6721 6724
6721 13882
6722 16849
6723 6728
6724 13883
6724 13884
6725 14173
6726 6727
6726 6728
6726 6729
6727 13885
6729 6730
6729 6731
6730 16185
6731 10972
6732 13886
6732 13887
6733 6734
6733 6735
6733 21307
6734 6737
6734 8381
6735 6737
6735 24315
6736 7455
6736 11003
6737 10664
6738 6739
6738 6740
6738 15872
6738 24326
6739 13867
6739 17221
6741 6743
6741 6744
6741 24328
6742 6744
6743 21738
6743 21739
6743 21742
6744 10152
6744 21742
6745 6746
6745 6748
6745 18741
6745 24329
6746 6749
6746 13868
6746 13870
6747 14173
6748 6749
6748 6750
6748 24330
6749 6752
6749 10674
6750 6751
6750 6752
6750 24332
6751 17604
6751 17606
6751 17608
6752 10676
6752 17608
6753 6754
6753 6756
6753 16994
6753 19617
6754 6755
6754 16994
6754 20567
6755 6756
6755 24310
6756 6757
6756 8808
6758 6769
6758 6781
6758 6792
6758 6803
6759 24337
6759 24338
6760 13871
6760 13872
6760 24319
6761 13871
6761 24319
6761 24320
6761 24321
6762 6763
6762 9943
6762 13871
6762 24321
6763 6764
6763 9942
6763 24322
6764 24325
6765 6766
6765 20381
6765 20382
6766 6767
6767 12576
6767 20378
6768 12552
6768 12553
6768 13970
6769 16211
6770 10973
6770 13970
6771 17253
6771 17254
6771 20473
6772 6773
6772 6774
6772 18217
6773 8306
6773 21353
6774 10073
6774 11700
6775 6776
6775 14236
6775 18232
6776 15859
6776 24547
6777 6778
6777 7728
6777 24549
6778 6779
6778 23825
6779 12384
6780 16910
6781 22522
6781 23434
6782 14171
6783 6784
6785 15530
6786 15532
6787 6788
6787 6789
6787 24957
6788 6789
6789 16767
6790 6791
6790 6793
6790 6794
6791 8870
6792 11538
6793 6797
6794 16767
6794 21019
6794 21020
6795 6796
6795 6797
6795 6798
6796 16609
6796 16671
6798 8893
6798 10333
6799 15550
6799 24768
6800 15845
6800 15846
6801 24700
6802 24689
6802 24703
6804 6805
6804 6806
6804 24689
6805 12287
6806 12004
6807 9803
6808 6809
6808 6810
6808 6811
6809 8778
6809 8781
6810 15462
6811 16863
6812 6813
6812 6815
6812 12232
6812 16453
6813 8593
6813 10055
6814 6825
6814 6836
6814 6847
6814 6858
6815 8594
6815 13744
6816 11848
6816 23735
6817 10634
6817 13216
6817 13217
6818 6819
6818 6820
6818 20146
6818 20157
6819 14974
6819 20291
6820 6821
6821 7540
6821 20157
6822 15111
6822 22902
6823 14974
6823 15111
6824 7142
6825 13160
6826 6827
6826 7141
6826 13815
6827 6828
6827 6829
6828 6830
6828 7141
6829 6830
6829 6831
6829 19563
6830 21334
6831 10687
6831 10688
6832 6833
6832 6834
6832 6835
6832 18429
6833 14508
6833 15316
6833 16245
6834 14621
6834 14622
6834 19562
6835 7000
6835 14508
6835 14621
6836 9203
6837 13788
6837 20078
6837 20079
6838 6839
6838 21282
6839 8126
6839 14768
6839 21281
6840 8126
6841 6842
6842 7995
6842 7996
6842 7997
6843 6844
6843 10132
6843 21462
6843 22354
6844 14340
6844 21466
6845 21475
6846 14208
6846 14256
6846 21364
6847 14899
6847 23938
6848 21375
6848 21376
6848 21382
6849 6850
6849 9897
6849 21382
6850 9898
6850 13437
6850 21384
6851 13627
6851 14502
6851 21324
6851 21394
6852 6854
6852 6855
6852 23900
6853 6855
6853 12593
6853 23900
6853 23903
6854 14096
6854 15165
6855 10949
6855 10950
6856 6857
6856 21484
6856 21487
6857 6860
6857 6883
6859 9771
6859 9773
6859 21486
6859 21487
6860 9306
6860 9771
6860 21487
6861 6862
6861 6863
6862 6864
6863 6864
6863 6865
6864 6866
6864 11922
6865 6866
6866 14763
6867 14207
6867 21429
6867 22256
6868 21425
6868 21427
6868 21429
6869 6880
6869 6892
6869 6903
6869 6914
6871 21398
6871 21399
6872 6874
6872 12223
6873 6874
6873 6875
6873 6876
6873 21409
6874 6875
6875 12227
6875 12228
6876 6877
6876 6878
6877 21409
6877 21411
6878 6879
6878 6881
6879 10055
6879 12228
6880 25070
6881 6882
6881 6883
6882 8592
6882 21411
6883 8595
6883 10055
6884 6885
6884 6886
6886 6887
6887 6888
6887 6889
6889 6890
6890 6893
6891 7002
6891 7113
6891 16912
6892 25066
6892 25071
6892 25072
6894 6895
6894 6896
6895 6897
6895 11633
6896 6897
6896 6898
6897 6900
6897 11634
6898 6899
6898 6900
6899 6901
6899 6902
6900 6902
6901 6904
6901 6905
6902 6905
6902 11084
6903 9354
6903 11005
6904 6906
6904 6907
6904 6908
6905 6906
6905 11083
6906 6910
6907 6909
6907 6910
6907 11295
6909 6911
6910 6911
6910 11296
6911 6912
6911 10465
6912 11942
6914 11005
6914 25072
6914 25074
6915 6916
6915 6917
6915 10252
6917 6918
6917 6919
6918 6920
6918 10251
6918 10252
6919 6920
6919 6921
6920 6922
6920 10253
6921 6922
6921 22955
6921 22961
6922 22951
6922 22952
6923 6924
6923 22954
6923 22955
6923 22959
6924 6926
6924 6927
6924 6928
6925 9318
6925 9323
6926 6929
6926 10871
6926 22954
6927 6930
6927 22959
6928 6929
6928 6930
6928 6931
6929 6932
6929 12373
6930 6933
6931 6932
6931 6933
6931 19354
6932 7384
6932 19359
6933 6934
6934 19354
6935 19358
6935 24267
6935 24271
6936 12516
6937 6938
6937 6939
6937 24269
6938 6940
6939 9980
6939 22849
6939 24270
6940 9980
6940 13856
6941 7341
6941 13856
6942 13198
6942 13199
6943 6944
6943 6945
6943 6946
6944 6948
6944 18628
6946 6948
6946 6949
6947 6958
6947 6969
6947 6980
6947 6991
6948 13821
6949 6950
6949 6951
6949 14562
6950 6955
6950 13193
6951 6952
6951 6953
6952 6954
6952 10534
6952 14562
6953 6954
6953 6955
6953 6956
6954 10533
6955 10532
6956 6957
6956 14333
6957 10532
6958 7391
6958 7569
6959 14333
6960 6961
6960 24621
6960 24625
6961 6962
6961 6963
6962 9817
6962 9820
6962 24625
6963 6964
6963 9817
6964 6965
6964 6966
6965 11943
6966 20244
6966 24620
6967 6968
6968 6970
6969 7003
6969 7513
6970 9345
6971 6976
6972 6973
6972 6974
6973 6975
6973 6976
6974 6977
6974 13962
6975 6977
6975 6978
6976 6979
6976 13194
6977 13775
6977 13776
6978 6979
6978 13775
6979 13196
6980 15027
6980 16522
6982 6983
6982 6984
6982 6985
6983 6986
6983 10783
6984 10783
6984 13327
6985 6986
6987 6988
6987 6989
6987 6990
6988 6992
6988 11236
6989 14608
6989 16350
6990 6992
6990 6993
6991 7513
6991 7558
6991 7569
6992 9094
6992 9095
6993 9095
6993 11418
6993 14608
6994 6995
6994 6996
6994 21336
6995 19552
6995 19553
6995 19558
6996 10684
6996 10686
6997 6998
6997 12564
6997 14620
6997 19555
6998 6999
6998 7000
6998 7001
6999 7004
6999 7005
6999 7006
7000 7005
7000 14620
7001 12563
7001 12564
7002 7113
7003 7014
7003 7814
7003 13291
7003 15405
7004 14327
7004 16552
7004 19893
7005 14327
7005 14508
7006 12565
7007 7008
7007 15062
7007 21354
7008 7009
7008 13179
7009 9066
7009 10072
7009 21354
7010 11447
7010 11961
7010 19913
7010 21352
7011 7042
7011 21350
7011 21352
7012 13362
7012 15331
7012 19983
7013 7016
7013 7017
7014 7491
7017 16601
7017 21330
7018 16601
7018 21329
7019 9869
7019 21340
7020 7021
7020 15515
7020 21339
7020 21340
7021 7022
7021 7023
7021 7024
7022 9871
7022 11107
7023 7026
7023 7027
7023 11107
7024 7027
7024 7028
7024 14730
7025 7036
7025 7047
7025 7058
7025 7069
7026 7028
7026 7029
7027 7028
7029 7030
7030 15516
7031 7032
7031 7033
7032 11955
7032 11956
7033 7034
7033 17802
7034 7035
7034 7037
7034 9567
7035 15506
7036 7080
7037 7038
7038 9564
7038 9567
7039 8445
7039 17501
7039 21345
7040 17501
7040 21345
7040 21348
7040 21350
7041 14577
7041 17479
7041 17501
7041 21350
7042 11961
7042 14577
7043 7044
7043 7045
7043 16753
7044 7046
7044 21823
7045 8396
7045 21823
7046 12588
7046 15787
7046 16753
7046 20462
7047 7069
7047 16398
7047 16573
7048 7049
7048 7050
7048 15056
7049 7051
7050 7051
7050 15059
7051 11684
7051 12588
7051 16753
7052 7053
7052 7054
7052 24133
7052 24136
7053 7055
7053 7056
7054 7163
7054 8512
7055 7057
7055 7163
7055 8232
7056 7599
7056 8232
7056 8233
7057 7059
7059 7060
7059 7160
7059 7163
7060 7162
7060 8514
7061 7062
7062 8514
7062 8516
7063 7064
7063 8523
7064 8525
7065 8527
7066 7067
7066 8528
7066 25284
7067 7068
7068 8529
7069 16421
7070 16734
7070 22372
7071 7072
7071 8517
7072 7073
7072 8518
7073 7074
7073 8519
7074 7075
7074 8520
7076 16268
7076 23700
7077 7451
7077 8531
7077 22231
7078 7079
7078 7081
7078 22230
7079 7082
7079 7451
7080 16419
7080 16420
7081 7082
7081 7083
7082 7450
7083 7084
7084 7293
7086 7087
7086 21272
7086 22897
7087 10372
7087 16570
7087 16572
7088 7089
7088 7090
7088 21283
7089 21281
7089 21283
7090 8124
7090 17250
7091 7102
7091 12337
7091 13114
7091 16056
7091 18379
7092 10365
7092 10368
7092 21260
7093 7094
7094 8988
7095 7096
7095 7097
7095 7098
7095 11036
7095 11038
7096 7098
7096 7099
7097 9356
7097 11039
7098 7100
7098 11290
7099 7100
7099 18978
7100 11289
7100 11293
7101 12379
7101 18992
7101 22986
7102 7114
7103 7433
7103 17283
7103 22986
7104 19327
7104 19404
7104 20705
7105 7106
7105 19404
7105 22409
7105 22412
7106 7867
7106 19404
7106 20705
7107 17945
7107 22411
7107 22416
7108 7109
7108 17944
7108 17950
7109 14524
7109 14749
7109 17944
7110 7111
7110 7112
7110 9048
7111 22413
7111 24565
7112 11319
7112 11320
7112 24565
7113 11570
7114 7125
7114 7136
7115 7116
7115 12477
7116 7117
7116 13460
7117 7118
7117 12813
7118 12811
7118 12812
7119 12812
7119 13464
7119 13679
7120 7121
7120 13467
7120 13679
7121 7122
7121 13468
7122 7123
7122 13390
7123 13388
7125 7202
7125 7236
7125 21746
7126 9167
7127 7128
7128 13983
7129 8579
7129 23079
7130 7131
7131 7132
7131 7133
7132 7134
7133 7134
7133 7135
7133 8221
7134 8222
7134 10041
7135 7137
7135 10041
7135 24762
7136 7147
7136 7158
7137 10040
7137 24761
7138 9976
7139 11396
7140 7141
7141 21337
7142 10689
7142 13815
7143 7144
7143 7145
7143 7146
7144 10452
7144 11426
7144 12605
7145 11423
7145 11426
7147 7191
7147 11214
7147 16359
7148 7149
7148 7150
7148 7151
7149 9233
7149 16699
7149 23357
7150 9232
7150 9233
7150 9234
7151 9232
7152 7153
7152 7154
7152 7155
7153 16933
7154 7156
7155 7156
7156 7157
7156 11850
7157 15317
7158 7169
7158 7202
7158 7480
7159 7160
7159 7161
7159 10634
7160 7162
7160 14544
7161 10632
7161 14544
7161 15443
7162 8515
7162 10634
7163 14544
7164 8706
7164 11856
7165 7168
7165 10541
7165 10542
7166 7167
7166 7168
7166 7170
7167 7173
7167 9953
7167 9955
7168 10012
7169 7180
7169 7191
7170 7171
7170 7172
7171 7172
7171 7173
7171 7174
7172 7175
7173 9956
7173 12751
7174 7175
7174 7176
7174 9956
7174 13341
7175 10012
7176 10539
7176 13340
7177 7178
7177 17265
7177 18941
7178 7179
7179 8005
7179 17265
7180 7480
7180 11872
7181 20675
7181 20817
7181 22915
7182 7183
7183 7184
7184 9286
7185 22572
7186 7187
7186 25280
7187 9574
7187 9575
7188 7189
7188 7190
7188 13417
7189 7192
7189 7193
7190 12661
7191 11872
7191 17510
7192 7193
7192 13416
7193 7260
7194 7195
7194 7196
7194 13418
7195 15906
7195 16564
7196 7197
7196 8298
7197 13418
7197 13419
7198 7199
7199 7200
7199 7201
7199 7203
7200 7204
7200 7205
7201 7205
7201 7206
7201 11394
7203 7204
7203 18964
7204 18968
7204 18971
7205 11395
7206 9977
7207 14746
7207 18001
7208 7209
7208 7210
7208 12641
7209 7212
7209 13920
7210 7211
7210 7212
7210 7214
7211 7215
7211 12641
7212 7216
7212 13170
7213 7225
7213 7236
7213 16056
7214 7215
7214 7216
7214 7217
7215 7218
7216 7219
7216 13167
7217 7218
7217 7219
7217 24031
7218 14203
7219 13921
7219 13922
7220 7221
7220 24028
7220 24029
7220 24033
7221 7222
7221 7223
7221 7226
7222 7227
7222 10903
7222 24033
7223 7228
7223 13924
7223 24029
7224 7335
7224 7446
7224 16860
7225 7247
7225 7469
7226 7227
7226 7228
7226 7229
7227 7230
7227 10905
7228 7231
7228 16037
7229 7230
7229 7231
7230 12502
7230 12504
7231 12501
7232 7233
7232 7234
7233 13911
7234 13653
7236 7247
7238 7239
7238 7240
7238 19748
7239 7259
7239 19744
7240 7241
7240 8174
7241 7259
7241 8172
7242 8174
7243 8975
7243 8978
7244 8975
7245 7246
7245 7248
7245 7249
7246 7250
7246 10940
7247 21746
7248 13724
7248 13727
7249 7250
7249 13727
7250 8319
7250 14206
7251 7252
7251 20780
7251 20782
7252 19120
7252 20775
7252 20778
7253 7254
7253 7255
7253 23495
7254 7257
7254 23488
7255 7256
7255 7257
7255 19745
7256 19749
7256 19752
7256 23495
7257 9611
7257 19743
7258 7269
7258 11872
7258 16006
7259 19742
7260 13416
7260 13417
7261 7262
7261 7263
7261 7264
7262 7265
7262 8610
7262 9655
7263 7266
7263 8609
7263 9654
7264 7265
7264 7266
7269 15612
7269 16415
7269 16531
7274 13928
7274 17260
7274 17261
7275 17260
7276 7277
7276 7278
7276 7279
7277 7278
7277 7281
7279 8301
7279 12662
7280 7291
7280 7302
7280 16763
7280 18379
7281 8301
7281 8305
7282 7285
7282 7286
7282 17955
7282 20721
7283 7285
7283 7873
7283 20721
7284 7286
7284 7871
7284 20721
7285 7874
7286 7872
7286 17954
7287 7288
7287 7289
7287 21512
7288 22275
7288 22276
7288 22280
7289 7290
7289 22280
7290 22284
7291 7313
7291 7347
7291 16053
7292 22284
7292 22286
7293 7445
7294 17266
7294 22212
7295 16500
7295 22219
7296 7297
7296 7298
7296 7299
7296 7300
7297 7299
7297 7449
7298 7301
7298 7303
7300 15296
7300 16674
7300 16928
7301 7303
7301 7304
7302 16051
7302 16053
7302 16054
7303 7305
7303 22241
7304 7305
7305 7306
7307 15914
7307 15925
7308 15925
7308 21504
7309 7310
7309 7311
7310 7312
7312 22250
7313 7324
7313 7336
7313 7535
7314 7315
7314 22198
7315 7316
7315 22203
7316 7317
7316 22206
7317 7444
7318 7319
7318 24579
7319 7320
7319 22309
7319 23277
7320 7321
7320 22314
7321 11344
7321 22318
7322 7452
7323 7325
7323 24864
7323 24866
7324 7358
7324 7369
7324 7380
7325 7326
7325 24870
7326 7327
7326 24872
7327 7328
7327 7329
7328 7330
7329 9601
7329 9603
7330 9601
7330 9604
7331 13869
7331 13892
7331 14071
7332 13892
7332 14068
7332 23435
7332 23446
7334 7337
7335 7446
7335 7557
7336 16053
7336 16055
7339 13199
7339 16695
7340 7341
7342 7343
7344 16791
7344 22859
7345 7346
7345 22858
7346 7348
7346 7349
7347 7447
7347 7458
7347 7524
7348 13911
7348 14517
7349 12192
7350 7351
7350 7352
7350 7353
7351 16085
7351 16139
7352 7354
7352 15693
7352 17270
7353 10081
7353 16139
7354 7355
7354 10083
7354 20220
7355 15690
7355 17187
7356 20094
7357 7359
7357 7360
7357 19167
7358 16450
7359 7361
7359 7362
7359 16977
7360 10881
7360 16977
7361 19165
7361 19167
7361 19170
7362 7363
7362 19170
7362 19172
7363 16976
7363 16977
7364 7366
7365 7366
7365 7367
7365 19182
7366 7368
7366 10884
7367 7368
7367 7370
7367 19187
7368 7373
7368 10885
7369 7391
7369 7602
7370 7371
7370 7372
7370 7373
7371 7374
7371 12367
7371 19192
7372 19187
7372 19190
7373 10886
7374 9649
7374 19194
7374 19197
7375 9649
7375 19197
7376 19209
7376 23013
7377 7378
7377 12368
7377 19215
7377 19216
7378 19217
7378 19222
7378 23004
7379 19222
7379 23000
7379 23002
7379 23004
7380 7624
7381 7382
7381 7383
7381 16021
7382 16019
7383 9099
7383 16019
7384 7385
7384 19362
7384 22835
7385 10872
7386 7388
7386 10880
7386 22833
7387 7388
7387 19374
7387 22833
7388 7389
7388 12372
7390 19430
7390 21103
7391 7402
7392 7393
7393 7394
7393 7395
7393 20767
7394 19236
7395 12021
7396 11776
7396 11778
7396 15427
7397 7398
7397 19337
7398 7399
7398 11778
7398 19339
7399 7400
7399 7401
7399 19342
7400 7404
7400 12374
7401 7403
7401 7404
7401 19345
7402 7569
7402 7591
7402 7602
7403 7405
7403 7406
7403 19348
7404 7405
7404 12375
7405 10877
7405 23474
7406 7407
7406 23475
7407 19348
7407 19349
7407 23476
7408 7409
7408 7410
7408 23475
7409 7411
7409 10176
7410 7411
7410 19271
7411 10174
7412 7414
7412 7415
7412 7416
7413 7424
7413 7435
7413 11784
7413 16123
7414 10175
7414 13135
7415 9100
7415 19273
7416 7417
7416 7418
7416 13135
7417 9100
7417 19248
7417 19251
7418 7419
7418 7420
7418 19251
7419 7421
7419 12376
7419 13135
7420 7421
7420 7422
7420 19254
7421 7423
7421 8159
7422 7423
7422 7425
7422 19258
7423 7426
7423 8156
7424 7435
7425 7426
7425 19260
7426 12377
7426 12378
7427 19260
7427 19261
7427 19264
7428 7429
7428 10866
7428 19276
7429 7430
7429 10869
7429 19284
7430 12369
7430 19292
7431 7866
7431 17334
7431 19400
7432 18993
7432 18997
7432 19305
7433 7434
7433 8300
7433 12379
7433 17284
7433 18998
7434 19000
7434 19312
7435 15525
7435 16044
7436 7437
7436 7438
7436 19417
7437 7439
7437 10887
7438 7439
7438 7440
7438 19420
7439 12380
7439 16023
7440 7441
7440 19423
7441 16021
7441 16022
7444 22248
7445 7448
7445 22286
7446 8779
7446 8891
7447 11079
7447 16763
7447 17913
7448 8538
7448 10640
7448 22287
7449 22241
7449 22254
7450 7451
7450 8538
7451 22230
7452 11344
7452 22323
7453 7454
7453 16714
7455 7457
7455 11004
7456 7459
7456 22518
7457 7459
7457 13520
7458 11079
7458 11090
7459 13755
7460 8011
7460 8012
7460 22516
7461 7462
7461 7463
7461 7464
7462 10601
7462 10603
7463 7465
7463 10603
7464 10598
7464 10600
7465 7466
7465 7467
7465 10600
7466 10603
7466 13498
7466 13499
7467 13499
7468 10600
7468 13519
7469 16056
7469 16057
7469 16059
7470 7471
7470 7472
7470 7473
7472 14567
7472 16683
7473 7474
7474 7475
7474 7476
7474 14596
7476 7477
7477 7478
7477 7479
7477 7481
7477 13521
7478 11071
7478 20615
7479 7482
7479 7483
7479 7484
7480 16005
7480 16006
7481 14596
7481 14663
7482 13052
7483 7485
7483 14663
7483 14708
7484 7485
7484 7486
7485 7487
7486 7487
7486 7488
7487 12388
7488 7489
7489 12388
7490 7492
7490 18931
7491 7502
7491 7513
7491 7803
7493 18931
7494 7538
7494 21991
7494 23825
7495 7539
7495 21912
7495 21991
7496 21912
7496 21991
7497 15438
7497 22649
7497 22650
7498 23828
7499 19571
7499 23308
7500 23311
7500 23830
7501 7503
7501 23830
7502 7546
7502 7825
7503 7504
7503 23831
7504 7505
7504 7506
7505 10849
7505 10850
7505 10856
7506 10856
7506 19967
7506 22671
7507 19932
7507 23821
7508 22662
7508 22665
7509 13981
7509 24051
7510 7511
7512 7514
7512 7515
7513 7546
7514 9164
7515 9165
7516 7517
7516 7518
7516 7519
7516 12476
7517 7520
7517 7521
7517 7522
7518 7521
7518 12475
7518 20682
7519 7522
7519 11827
7520 7523
7522 7523
7522 11833
7523 11835
7523 14510
7524 7535
7524 11057
7524 16188
7525 14510
7525 15857
7526 7527
7528 7529
7528 7530
7528 7531
7529 7532
7529 7533
7530 7532
7530 11815
7530 11819
7531 7533
7531 14276
7532 11822
7534 20325
7536 7537
7536 13380
7538 7539
7539 21879
7539 21890
7541 7542
7541 7543
7541 23457
7542 14068
7542 14070
7542 23435
7543 7544
7543 7545
7543 11841
7544 7547
7544 7548
7544 7549
7545 7548
7545 8510
7546 7558
7546 13525
7547 11840
7547 16952
7548 14598
7549 11839
7549 11840
7549 11841
7551 8130
7551 15670
7551 16209
7552 7553
7552 11535
7552 17801
7553 7554
7553 7555
7554 7556
7554 7559
7555 12222
7555 12393
7556 7560
7556 12222
7557 7668
7557 7780
7558 7580
7558 13492
7559 7560
7559 7561
7560 11534
7561 17807
7561 17809
7562 7563
7562 7564
7563 7566
7564 7565
7564 7566
7564 7567
7565 17785
7565 25175
7565 25176
7566 13602
7566 25175
7567 17785
7568 25173
7568 25174
7568 25177
7569 7580
7570 7572
7570 7573
7570 7574
7571 7574
7571 8886
7572 15817
7572 17797
7573 17795
7573 17797
7574 8887
7575 7576
7575 22247
7576 10451
7576 11424
7576 22199
7577 7578
7577 7579
7577 7581
7578 7582
7578 7583
7578 17825
7579 17820
7579 17825
7580 7591
7580 13536
7582 7584
7582 7585
7582 7586
7583 7586
7583 13070
7584 7587
7584 7588
7584 7589
7585 7588
7585 17825
7586 7589
7586 14168
7587 11435
7587 14823
7587 19923
7588 11435
7589 14679
7589 23912
7590 7592
7590 7593
7591 7613
7591 14968
7592 7593
7592 7594
7592 12238
7593 12235
7593 12236
7594 7595
7595 7596
7595 8600
7595 12238
7596 24118
7597 24130
7597 24132
7597 24135
7598 7599
7598 24135
7599 24133
7600 8233
7600 8705
7601 7603
7602 7613
7602 7624
7603 8705
7603 11856
7604 14619
7604 17819
7604 17823
7605 7606
7605 7672
7605 15139
7606 7608
7606 13237
7607 7608
7608 7610
7609 15867
7611 7614
7612 7614
7612 25121
7612 25122
7613 12914
7613 12925
7614 25125
7615 7616
7615 9694
7615 16560
7615 25124
7615 25125
7615 25126
7617 7620
7617 7621
7618 7621
7618 14421
7619 7623
7620 7621
7620 7622
7620 7623
7620 15138
7621 13232
7621 15138
7622 7625
7622 7626
7622 7627
7623 11488
7624 7635
7624 7646
7625 11488
7626 7629
7626 15138
7627 7628
7627 7629
7628 7629
7628 16748
7629 13233
7629 16748
7630 14873
7630 17148
7631 7632
7631 15997
7631 18850
7632 7634
7632 13229
7633 7634
7634 13141
7634 13231
7635 16188
7635 16357
7636 7637
7636 7638
7636 13139
7637 7639
7637 13140
7637 13141
7638 7639
7638 7640
7638 7641
7639 7642
7639 11387
7640 7644
7640 13139
7641 7642
7641 7643
7641 7644
7642 7645
7642 11385
7643 7645
7643 7647
7643 25138
7644 7647
7645 25140
7645 25144
7646 12914
7647 25137
7648 20544
7648 25140
7648 25141
7648 25143
7649 7650
7649 9796
7649 20544
7649 25141
7650 20540
7650 20541
7651 7652
7651 12868
7651 14789
7651 20542
7652 7653
7652 8804
7655 13879
7655 21289
7655 21292
7656 7658
7657 7669
7657 7680
7657 12030
7657 18069
7658 8377
7658 15973
7658 21289
7659 15971
7659 15972
7659 16830
7659 20340
7660 7661
7660 7662
7661 7663
7661 7664
7661 8138
7662 16777
7662 20992
7663 7665
7664 13235
7664 20984
7665 11723
7665 16467
7665 17437
7666 7667
7666 13851
7666 25092
7667 13848
7667 15996
7667 17183
7668 7780
7668 17035
7669 7680
7669 12879
7669 21157
7670 17178
7670 17181
7671 7672
7671 17178
7672 15139
7672 17178
7673 7674
7673 18374
7673 24063
7674 7675
7674 7676
7674 18375
7675 7677
7675 7678
7675 18376
7676 7678
7676 24063
7676 24065
7677 7681
7678 13659
7679 7681
7679 13969
7679 13991
7679 24066
7680 15029
7680 18402
7682 7683
7682 10728
7682 13969
7682 13980
7683 7684
7683 18382
7683 24071
7684 7685
7684 18383
7684 24073
7685 7686
7685 7687
7685 18384
7686 24072
7686 24073
7686 24077
7687 7688
7687 7689
7688 18384
7689 24077
7690 24078
7690 24080
7690 24083
7691 7702
7691 7713
7691 7724
7691 18246
7692 7693
7692 7694
7692 24083
7693 22057
7694 7695
7694 22057
7694 22080
7695 20420
7695 24083
7695 24084
7696 7697
7696 7698
7696 20418
7696 22013
7697 24086
7698 13874
7699 7700
7699 7701
7699 13663
7699 14443
7700 7703
7700 7704
7701 18396
7702 18402
7702 20807
7703 7705
7703 7706
7703 16554
7704 7705
7704 13664
7705 13101
7706 7707
7706 13100
7706 24551
7707 16555
7707 24547
7708 7709
7708 18473
7708 23544
7708 23545
7709 23803
7710 7711
7710 23530
7711 13251
7711 23805
7712 17547
7712 19812
7712 23533
7712 23537
7713 12348
7713 12359
7714 7715
7714 7716
7714 12669
7714 12780
7715 8614
7715 13672
7716 7717
7716 8614
7717 12669
7717 15483
7718 7719
7718 7720
7718 14837
7719 10846
7719 10857
7719 22301
7720 12608
7720 13677
7720 22301
7721 7722
7721 7723
7721 13675
7722 7725
7722 7726
7722 13002
7723 13002
7723 14034
7723 15481
7724 12325
7724 12337
7724 15246
7724 16680
7725 13336
7725 23549
7726 13675
7726 24513
7727 24052
7728 7729
7728 7730
7729 7731
7729 7732
7730 7732
7730 24560
7731 7733
7731 13084
7732 13084
7733 7738
7734 7736
7734 7737
7734 7738
7734 7739
7735 7746
7735 16046
7735 20891
7735 21257
7736 7740
7736 14715
7737 12383
7737 12384
7737 13665
7739 7740
7739 7741
7739 13665
7740 14111
7741 7742
7741 7743
7741 13024
7742 12383
7742 13027
7742 13665
7743 7744
7743 7745
7743 13027
7744 13024
7744 13026
7745 7747
7745 13026
7745 13666
7746 9407
7746 16163
7746 16164
7746 16359
7747 7748
7747 7749
7747 14238
7748 13666
7748 23792
7748 23794
7749 7750
7749 7751
7749 23792
7750 13865
7750 14238
7751 7752
7751 7753
7751 15402
7752 13667
7752 23792
7752 23793
7753 7754
7753 13667
7753 21479
7754 13668
7754 21457
7754 23523
7755 22008
7755 22009
7755 22011
7756 22011
7757 7768
7757 7781
7757 7792
7758 7759
7759 7760
7759 7761
7759 7762
7760 8821
7760 11764
7761 7763
7761 20505
7762 7763
7762 11764
7763 11763
7764 17628
7764 22505
7765 16200
7765 22505
7765 22507
7766 8388
7766 13345
7766 13881
7766 22505
7767 7769
7767 22507
7768 7836
7768 7847
7769 22471
7770 10292
7770 18760
7770 18761
7770 22449
7771 10290
7771 13287
7771 18852
7771 22449
7772 7773
7772 22452
7773 18923
7773 18928
7773 22458
7774 18859
7774 22496
7774 22499
7775 9784
7775 18859
7775 18860
7775 22499
7776 18875
7776 22491
7776 22492
7777 18868
7777 18870
7777 18875
7777 22491
7778 7782
7778 22450
7778 22497
7779 8890
7779 10001
7779 15641
7780 8469
7781 24529
7781 24531
7782 7783
7782 11502
7782 11504
7783 11506
7783 11508
7783 22497
7784 11508
7784 22497
7784 22498
7784 22502
7785 11508
7785 20576
7785 20577
7785 22502
7786 7787
7786 15833
7786 21753
7786 21809
7787 10154
7787 15833
7787 21813
7788 11497
7788 18753
7788 21810
7789 11502
7789 22445
7789 22447
7790 12877
7790 15030
7790 21235
7791 7793
7791 7794
7791 14641
7792 7803
7792 7836
7793 8662
7793 8665
7794 7795
7794 8665
7795 14641
7796 8665
7798 7800
7799 8674
7799 8675
7800 8674
7800 16795
7801 7802
7801 7804
7801 24596
7802 7805
7802 7806
7802 8658
7803 7814
7803 7825
7804 8653
7804 8658
7805 7806
7805 7807
7805 7808
7806 8934
7807 7809
7807 20221
7808 8656
7808 8658
7808 20221
7809 8934
7809 13322
7810 8625
7810 14750
7811 7812
7811 13784
7811 18347
7812 8626
7812 8627
7812 18350
7813 14015
7813 14018
7813 24373
7814 7836
7815 12242
7815 14016
7816 7817
7816 7818
7816 7819
7817 7820
7817 7821
7817 7822
7818 8639
7818 8640
7818 8641
7819 13342
7819 14853
7820 7821
7820 7823
7820 7824
7821 7827
7821 8642
7822 7824
7822 12045
7822 14852
7823 7826
7823 7827
7823 7828
7824 7828
7824 11641
7826 7828
7826 7829
7827 8644
7827 11642
7828 11639
7829 8648
7829 11642
7830 17067
7830 17201
7831 7832
7831 9206
7831 20687
7832 7833
7832 7834
7832 9852
7833 24926
7833 24927
7834 7835
7834 9851
7834 24927
7835 7837
7835 7838
7835 9853
7836 13280
7837 7839
7837 13801
7837 24591
7838 24921
7838 24922
7838 24927
7839 9205
7839 9853
7840 7841
7840 24430
7840 24974
7841 17916
7842 7844
7842 13805
7842 24429
7843 9217
7843 13932
7843 24429
7844 13806
7844 13932
7845 7846
7845 9220
7845 24987
7846 7848
7846 24989
7847 16183
7847 16184
7848 7849
7848 7850
7848 7851
7849 24989
7849 24991
7849 24995
7850 7852
7850 9222
7850 10612
7851 7852
7851 20733
7851 24995
7852 9223
7853 7854
7853 7855
7853 20737
7855 7856
7856 16569
7857 13041
7857 16569
7858 7869
7858 8824
7859 20685
7861 7862
7861 25057
7862 7863
7862 7864
7862 25060
7863 10238
7863 22971
7864 7865
7864 22971
7865 22973
7865 25062
7866 22970
7866 22974
7866 25065
7867 7868
7867 20708
7867 22414
7868 7870
7868 20711
7868 22417
7869 7880
7869 7892
7870 20715
7870 22420
7871 7872
7871 20715
7872 17951
7872 22420
7873 7874
7873 7875
7874 7876
7875 7876
7877 13011
7877 20688
7877 24938
7878 7879
7878 7881
7878 24948
7879 7882
7879 9215
7880 8125
7880 8824
7881 9212
7881 9215
7882 24948
7882 24950
7882 24954
7883 7885
7883 18332
7883 24966
7884 24963
7884 24966
7885 7886
7885 9216
7886 17906
7886 18332
7887 7888
7887 7889
7887 7890
7888 7893
7888 7894
7888 7895
7889 7895
7889 20887
7889 20890
7890 7894
7890 13094
7890 13487
7891 7980
7891 8002
7891 8113
7892 8114
7892 8125
7893 7896
7893 11662
7894 7896
7894 12044
7895 11662
7895 20896
7896 11664
7897 7898
7897 7899
7897 7900
7897 7901
7898 7951
7898 15948
7898 15949
7899 7902
7899 13096
7899 15949
7900 7904
7900 7951
7900 20931
7901 7902
7901 7904
7901 7908
7902 7906
7902 13097
7903 7914
7903 7925
7903 7936
7904 7907
7904 20934
7905 7906
7905 7907
7905 7908
7906 13098
7906 13929
7907 13928
7907 20940
7909 7910
7909 23874
7910 9359
7910 23875
7911 7912
7911 18956
7911 19314
7912 7968
7912 9977
7913 7915
7913 19386
7914 7947
7914 7958
7914 7969
7915 14855
7916 24262
7917 22844
7918 22843
7918 24250
7919 10767
7919 12192
7919 24250
7920 7921
7920 7922
7920 25091
7921 10000
7921 24014
7922 16031
7922 16033
7922 16034
7923 24190
7923 25091
7924 7926
7924 9982
7924 24188
7924 25089
7925 8524
7926 9983
7926 9984
7926 24193
7927 7928
7927 7929
7927 24203
7928 7930
7928 14496
7929 7930
7929 7931
7930 7932
7930 14498
7931 7932
7932 11550
7933 7934
7933 8603
7934 7935
7934 13408
7934 16477
7935 7937
7935 7938
7935 7939
7936 8868
7936 9735
7937 7938
7937 19196
7938 7940
7939 7940
7939 9652
7939 13408
7940 9651
7941 23631
7942 23628
7942 23630
7942 23633
7943 19208
7943 23625
7943 23628
7944 11143
7945 7946
7945 7948
7945 11143
7946 7949
7946 7950
7946 24297
7947 8213
7947 9702
7948 7950
7948 11146
7949 11143
7949 24294
7950 11144
7950 24300
7951 15946
7951 20928
7952 7954
7952 9997
7952 24275
7953 13096
7953 15949
7953 15951
7953 24275
7954 7955
7954 9998
7954 24277
7955 9999
7955 24280
7956 9986
7956 17280
7956 24206
7956 24209
7957 7960
7957 9986
7957 9987
7957 24209
7958 8158
7958 8169
7958 24635
7959 7960
7959 7961
7959 24209
7960 9988
7960 9989
7961 9989
7961 23481
7962 7964
7962 9991
7962 23482
7962 24212
7963 9993
7963 24217
7963 24218
7963 24221
7964 9992
7964 9993
7964 24217
7965 7967
7965 9993
7965 9994
7965 24221
7966 9995
7966 24225
7966 24226
7966 24230
7967 8161
7967 9995
7967 24226
7968 7970
7968 7971
7969 9702
7969 9735
7970 7972
7970 24909
7971 7972
7971 8260
7971 9978
7972 8259
7972 24911
7973 18017
7973 18019
7973 22408
7974 7975
7974 13373
7974 18012
7975 13375
7975 18016
7976 7977
7976 7978
7977 10807
7978 10807
7979 7981
7979 7982
7979 7983
7980 15237
7980 17035
7982 20981
7984 7985
7984 7986
7984 7987
7985 7988
7985 13646
7985 14458
7986 14458
7987 13648
7987 16087
7988 13649
7988 14905
7988 21919
7989 12610
7989 14534
7989 18243
7990 7993
7990 7994
7991 8025
7991 9657
7991 17035
7992 12866
7993 12866
7993 14476
7994 13650
7995 7998
7995 8216
7996 8127
7997 8127
7997 18239
7998 8129
7998 18239
7999 8000
7999 8001
7999 22780
8000 12674
8000 12675
8001 13821
8001 22778
8002 8891
8002 11192
8002 14985
8003 8213
8003 15237
8003 17035
8004 8005
8004 8006
8004 22777
8004 22781
8005 8007
8005 10542
8006 8007
8007 17265
8008 8009
8008 8632
8008 16667
8008 16807
8009 9523
8009 9525
8010 15607
8010 15608
8010 16716
8010 16805
8011 22517
8012 22520
8013 8015
8013 14010
8013 24469
8014 9635
8014 9646
8014 9657
8014 17035
8015 8016
8015 12482
8016 8017
8016 8018
8016 24474
8017 8019
8017 12776
8019 14011
8019 15838
8019 24478
8020 8021
8020 8022
8020 15838
8021 14012
8021 14288
8023 8024
8023 24496
8024 8026
8024 24499
8025 8036
8025 8047
8028 8029
8028 14539
8028 20873
8029 24437
8029 24439
8029 24442
8030 8031
8030 24432
8030 24433
8031 24976
8031 24977
8031 24980
8032 8033
8032 17922
8032 17923
8033 24526
8034 8035
8034 24355
8034 24356
8035 8037
8035 18937
8035 24360
8036 9669
8036 10114
8036 11024
8037 22555
8037 24386
8038 8039
8038 8040
8038 24341
8039 8041
8039 24344
8041 8042
8041 24347
8042 8044
8042 14538
8043 8044
8044 16648
8045 8046
8045 15797
8046 13444
8047 9669
8047 11192
8049 21891
8050 8052
8050 11768
8051 8052
8051 8053
8051 21902
8052 8054
8052 11772
8053 8054
8053 8055
8053 21904
8054 8057
8055 8056
8055 8057
8055 21907
8056 19517
8056 19518
8056 19521
8057 9512
8057 19521
8058 8558
8058 8824
8058 8835
8059 8060
8059 8061
8059 8062
8059 19519
8060 8064
8060 19516
8061 8063
8061 8064
8061 20384
8062 8063
8062 19520
8063 20385
8064 8065
8064 8328
8065 20386
8065 22028
8066 8067
8066 20386
8066 22028
8067 14478
8067 14530
8068 22041
8068 24855
8069 8080
8069 8091
8069 8102
8069 10003
8070 15668
8070 15671
8071 8072
8071 19867
8072 12934
8072 13967
8073 8074
8073 8075
8073 21968
8074 9950
8074 17662
8074 17666
8075 8076
8076 21968
8076 21972
8076 21975
8078 21983
8079 8082
8080 8291
8080 15945
8081 8082
8081 8083
8081 21993
8082 21783
8083 21777
8083 21778
8083 21783
8084 8086
8084 13965
8084 18797
8084 21996
8085 14495
8085 18797
8085 18800
8085 18803
8086 8087
8086 21999
8087 8095
8087 8096
8088 8089
8088 8090
8088 21939
8089 8092
8089 8093
8089 21943
8090 8093
8091 8247
8091 10047
8092 8094
8092 20370
8093 8094
8094 13968
8095 13965
8095 13966
8096 8097
8096 8098
8097 21999
8097 22001
8097 22005
8098 8099
8098 20494
8098 22005
8099 15681
8100 13840
8100 14647
8100 14692
8101 8103
8101 8104
8101 21876
8102 10014
8102 10025
8103 8105
8104 8105
8104 8106
8104 21880
8105 8108
8106 8107
8106 8108
8106 14532
8107 8109
8107 8110
8107 8111
8108 8110
8108 12668
8109 14532
8109 16582
8109 21883
8111 17141
8111 17142
8112 17245
8112 17663
8113 8224
8113 8891
8114 8524
8115 23897
8116 12432
8116 22040
8116 24847
8117 22750
8117 22753
8117 24861
8118 22747
8118 24861
8119 8120
8119 8121
8119 8122
8120 8678
8121 8214
8121 17560
8122 17250
8122 17560
8123 17250
8124 15201
8125 8857
8125 8868
8126 14768
8127 18238
8128 8129
8128 18236
8128 18240
8129 11811
8130 11811
8130 16110
8130 16209
8130 18240
8131 16110
8132 13221
8133 8134
8133 8135
8133 16505
8133 16556
8134 13218
8136 8513
8136 9058
8137 8138
8139 8140
8140 15522
8141 8142
8141 17709
8141 19777
8141 20272
8143 19777
8144 17427
8144 19762
8145 8146
8145 8148
8145 14706
8145 16935
8146 11085
8146 11086
8147 8857
8147 8903
8147 8914
8148 9628
8149 19764
8149 19767
8150 16935
8150 19764
8151 8154
8151 20621
8152 8153
8152 8154
8152 10267
8153 8155
8153 23111
8154 20621
8154 23107
8155 10267
8155 13134
8155 23115
8156 8159
8156 12377
8156 23109
8157 12377
8157 23104
8157 23106
8157 23109
8158 8202
8158 24590
8159 12376
8159 23114
8160 19256
8160 19259
8160 19262
8160 24228
8161 8162
8161 8163
8161 9994
8162 9995
8162 9996
8162 14513
8163 8164
8163 8165
8163 14513
8164 8166
8164 8167
8164 12181
8165 9994
8165 12181
8165 13690
8166 12182
8166 14512
8166 14513
8167 8168
8167 12182
8167 19739
8168 12178
8168 12181
8168 19740
8169 15234
8169 24635
8170 8172
8170 12182
8170 19739
8171 8172
8171 19739
8171 19742
8172 14511
8173 10928
8173 19748
8173 19751
8174 10928
8174 19748
8175 8176
8175 19751
8175 19755
8176 10927
8176 10928
8177 8178
8177 17185
8178 13857
8178 14737
8178 16103
8179 14735
8179 16615
8179 17185
8180 24601
8181 16219
8181 17186
8181 20262
8182 13317
8182 15679
8182 17186
8183 8184
8183 8185
8183 11509
8184 8186
8184 11510
8184 22455
8185 11510
8185 11513
8186 11509
8186 22453
8187 11510
8187 22455
8187 22456
8187 22460
8188 8189
8188 8190
8188 8192
8188 21115
8189 16678
8189 16732
8190 11165
8190 21118
8191 9003
8191 24601
8192 11161
8192 11164
8193 8365
8194 12356
8194 14574
8195 10528
8195 24736
8196 8198
8196 10042
8196 10043
8197 16696
8197 16697
8198 10044
8198 24774
8199 8200
8199 8201
8199 10044
8200 8203
8200 8204
8201 9975
8201 11722
8202 8491
8202 24590
8203 8205
8203 11402
8204 11402
8204 11721
8204 11722
8205 24794
8206 24794
8207 8209
8207 10034
8208 8209
8209 8210
8209 10035
8210 14166
8211 11490
8211 12355
8212 11490
8212 11491
8212 21805
8213 8225
8213 8236
8214 8215
8214 8678
8215 12937
8215 14472
8215 17560
8216 11811
8217 8218
8217 8219
8218 8220
8218 15546
8219 8323
8219 9520
8220 8356
8220 15546
8221 10040
8222 8223
8222 8787
8223 12664
8224 16920
8225 8480
8225 15234
8225 15235
8226 8227
8226 8228
8226 8508
8226 16223
8226 17196
8227 11762
8227 14515
8228 8229
8228 8507
8228 17196
8229 17195
8230 9770
8231 17648
8231 17649
8232 11846
8232 23671
8233 11846
8235 8237
8235 8238
8235 14062
8236 8258
8236 9613
8236 9624
8237 14030
8237 15467
8238 14028
8238 14030
8239 14035
8239 14039
8239 24801
8239 24812
8240 12732
8240 12733
8240 24812
8241 24812
8242 8245
8242 21643
8242 24346
8242 24368
8243 11247
8243 21643
8243 24368
8244 8245
8244 21639
8244 21640
8244 21643
8245 12001
8245 18609
8246 8248
8246 24346
8247 8258
8247 8269
8247 8280
8248 18608
8249 13155
8249 17193
8249 20097
8250 17193
8250 17701
8250 20096
8250 20097
8251 11412
8252 14728
8252 19692
8252 19694
8253 8254
8253 8255
8254 10897
8254 10898
8254 10899
8255 10892
8255 10893
8256 8257
8258 10047
8259 8260
8259 24915
8260 14523
8261 8262
8261 8263
8261 25017
8262 8264
8262 11064
8263 8264
8263 25022
8263 25027
8264 11069
8265 8266
8265 11069
8265 25027
8266 12659
8266 25030
8267 25042
8268 25048
8269 8291
8269 8746
8270 8271
8270 22984
8270 25054
8271 8272
8271 25058
8272 8273
8272 25061
8273 22984
8273 25063
8274 25010
8274 25011
8275 17375
8275 24996
8276 8277
8276 8278
8276 17375
8276 24996
8277 17374
8278 8279
8278 24992
8278 24993
8279 8281
8279 13500
8280 8791
8281 10610
8281 12656
8281 24992
8282 8283
8282 10610
8282 24988
8282 24992
8283 10608
8283 24985
8283 24986
8284 8285
8284 12653
8284 19044
8284 24975
8285 24971
8286 12652
8286 18327
8286 24964
8286 24965
8287 9340
8287 24952
8288 16654
8288 24949
8289 24944
8290 14642
8290 24931
8290 24932
8290 24936
8291 8302
8291 8313
8292 8293
8292 20275
8292 24929
8292 24931
8293 12651
8293 24931
8294 9118
8294 9119
8294 20275
8295 9119
8295 9849
8295 24928
8296 8297
8296 9849
8296 24926
8296 24928
8297 9848
8297 24924
8297 24925
8298 9850
8298 16832
8298 24925
8299 16636
8299 24920
8299 24925
8300 19318
8300 19320
8301 8303
8302 8313
8302 9746
8303 8304
8303 8305
8304 12660
8304 12661
8305 14633
8306 11384
8306 14913
8306 18234
8307 8308
8307 8309
8307 20950
8308 12508
8308 12509
8309 11010
8309 12509
8310 8311
8310 8312
8311 8314
8311 8315
8312 8314
8312 11649
8312 12031
8313 9824
8314 8316
8314 12033
8315 8316
8317 8318
8317 21779
8318 11337
8318 21801
8319 10934
8320 10939
8320 10940
8321 20388
8321 20389
8322 14478
8322 14479
8322 20389
8323 21494
8324 8336
8324 8347
8324 16224
8325 8326
8325 8327
8325 12420
8325 20399
8326 8328
8327 24643
8328 12420
8328 19508
8329 8330
8330 8331
8330 8332
8330 11133
8331 8333
8331 8334
8331 12770
8332 12770
8332 12774
8333 8339
8333 11133
8333 12768
8334 8337
8335 8446
8335 16921
8336 9857
8336 9902
8336 9957
8337 8338
8337 8339
8337 8340
8338 8342
8338 12770
8338 12771
8339 8343
8339 19481
8340 8341
8340 8342
8340 8343
8341 8344
8341 8345
8341 12734
8342 8345
8342 12757
8343 12734
8343 19483
8344 8346
8344 8348
8344 12715
8345 11752
8345 12715
8346 12712
8346 12713
8346 12734
8347 8358
8347 19891
8348 8349
8349 8350
8349 12712
8349 17032
8350 12715
8350 12716
8351 12707
8351 17032
8351 19491
8351 19492
8352 8354
8352 12689
8352 17031
8353 12689
8353 12694
8353 12697
8353 17031
8354 8355
8355 12688
8355 12689
8356 15570
8357 8360
8357 8361
8357 12460
8357 24599
8358 8369
8358 8380
8358 10868
8358 16375
8359 12460
8359 13072
8359 17308
8359 24599
8360 8362
8361 13071
8362 12458
8362 12460
8362 12461
8363 21300
8363 21304
8364 11765
8364 21304
8365 8366
8365 8367
8366 8367
8366 8370
8367 8368
8368 8370
8368 24807
8369 9225
8369 15558
8370 14021
8370 24808
8371 8372
8371 8373
8371 17633
8371 17634
8372 8374
8373 18878
8374 8375
8375 8376
8375 15831
8375 16587
8376 16593
8376 16595
8377 24187
8378 8379
8378 21293
8380 9213
8380 9225
8380 9258
8381 8382
8381 10664
8381 21309
8382 8383
8382 19613
8383 10664
8383 19614
8384 8385
8384 8386
8384 11516
8384 19611
8385 11515
8385 19608
8386 8387
8386 11515
8386 22506
8387 11516
8387 22508
8388 11515
8388 13345
8388 22506
8389 12080
8389 12091
8389 14136
8390 8392
8390 8393
8390 13647
8390 17329
8391 8402
8391 8413
8391 8424
8391 13113
8392 8395
8392 12543
8392 13614
8393 9483
8393 9484
8393 9486
8394 9482
8394 9483
8394 17329
8395 12545
8395 14215
8395 17329
8396 8397
8397 15785
8398 8399
8398 8400
8398 15052
8399 8401
8399 8403
8399 8404
8400 8403
8400 10704
8400 14106
8400 14716
8401 8405
8401 8406
8402 14999
8402 15123
8403 14882
8404 8405
8404 9075
8404 9487
8405 9073
8406 14882
8406 17237
8407 17237
8407 17310
8407 17377
8408 8409
8408 8410
8408 8411
8408 8412
8409 8410
8409 14716
8410 9081
8410 9489
8410 14716
8410 16010
8411 12550
8411 14105
8411 14218
8412 14217
8413 19821
8413 19827
8414 8415
8414 8416
8415 8417
8415 8418
8416 8417
8416 8587
8417 8418
8419 18827
8419 21756
8420 14371
8420 14616
8421 11536
8421 15022
8422 15009
8422 22568
8423 8425
8424 9891
8424 19821
8424 22164
8425 10997
8425 15044
8426 8695
8426 25154
8426 25159
8427 8695
8427 25159
8428 8429
8428 8883
8428 10982
8428 25168
8429 8881
8429 8885
8429 25170
8430 8885
8430 25169
8430 25170
8430 25173
8431 8885
8431 8886
8431 25173
8432 13876
8432 14922
8432 25181
8433 13876
8433 25181
8433 25182
8433 25185
8434 13876
8434 15815
8434 25185
8435 22681
8435 22682
8435 24501
8436 15815
8436 25185
8436 25186
8436 25189
8437 8880
8437 23534
8437 23808
8437 23809
8438 8878
8438 8880
8438 23533
8438 23534
8439 8440
8439 18487
8439 18488
8439 18491
8440 8441
8441 8442
8441 8443
8442 8839
8443 8844
8443 15106
8444 8836
8444 8839
8444 15493
8445 8448
8445 17514
8446 16913
8447 22163
8447 22164
8447 23553
8447 24501
8448 8449
8448 8452
8448 11957
8449 10998
8450 8451
8450 8452
8450 15005
8451 12322
8451 13175
8452 10998
8452 12322
8453 14430
8453 24968
8454 8455
8454 8456
8455 10999
8456 8457
8456 8459
8457 11601
8458 14990
8458 22163
8458 24501
8459 8460
8459 8461
8459 11601
8460 11000
8461 8462
8461 16333
8462 8743
8462 11601
8463 8464
8463 15395
8463 25235
8464 15394
8464 15561
8464 25237
8465 8466
8465 14430
8465 25229
8466 8467
8466 25231
8467 15395
8467 25233
8468 14175
8468 20042
8468 20043
8469 8480
8469 8491
8470 9464
8470 14175
8470 20044
8471 9464
8472 8473
8472 8528
8472 25281
8472 25284
8473 8474
8473 8475
8473 25279
8474 8528
8474 10649
8475 10649
8475 25276
8475 25277
8476 8478
8476 10649
8476 25276
8477 8478
8477 25271
8477 25272
8477 25276
8478 8481
8479 8482
8479 16328
8479 16329
8479 25271
8480 8491
8481 13279
8481 25271
8482 8483
8482 8484
8482 25268
8483 8485
8483 13277
8483 16329
8484 8485
8484 8486
8484 25264
8485 13278
8485 14505
8486 14505
8486 15534
8486 25261
8487 8489
8487 25255
8488 8489
8488 8490
8488 21607
8488 25252
8489 10996
8490 8492
8490 8908
8492 11998
8492 21607
8492 21608
8493 8494
8493 21605
8493 21606
8493 21610
8494 8495
8494 14698
8494 15552
8495 15554
8495 21606
8495 25243
8496 8497
8496 8498
8496 9026
8497 8499
8498 8873
8499 9026
8499 9588
8499 15306
8500 12650
8500 17399
8500 17567
8501 12650
8501 14642
8501 17399
8502 8513
8502 8813
8502 16633
8502 16710
8503 8504
8503 17568
8503 19083
8504 9118
8504 17568
8505 17568
8505 17571
8507 8508
8507 8509
8508 14200
8509 22748
8509 22751
8510 9046
8510 9048
8510 22424
8511 14543
8512 10632
8512 14543
8512 14544
8513 9102
8514 8515
8515 8516
8516 10636
8517 8518
8518 8519
8518 10621
8519 8520
8519 10625
8520 10628
8522 8523
8523 8525
8523 9872
8525 9873
8526 9576
8527 9576
8527 25285
8529 8530
8529 19541
8530 22371
8530 22373
8531 8538
8531 10640
8532 8533
8532 24868
8533 9392
8534 8536
8534 8537
8535 8546
8535 8558
8536 11202
8536 11204
8536 22916
8537 16559
8537 16949
8540 8541
8541 8542
8541 24115
8542 8543
8542 11534
8543 8544
8543 8545
8543 19973
8544 17809
8544 17810
8545 11427
8545 11428
8546 8879
8546 10247
8547 8548
8547 8549
8547 19973
8548 8550
8548 17775
8550 8554
8550 11427
8550 11431
8551 8552
8551 17775
8552 8553
8552 8554
8555 12747
8555 15182
8555 16157
8555 21057
8556 9602
8556 14036
8556 18713
8557 8668
8557 11603
8558 8580
8559 8560
8559 10284
8560 10282
8560 23663
8561 8563
8561 14849
8562 12805
8562 14848
8562 23662
8563 10242
8564 10242
8564 10243
8564 10246
8565 10246
8566 10246
8566 10248
8568 17564
8569 8580
8569 8591
8569 8602
8569 9025
8570 17564
8570 17566
8571 8572
8571 10256
8571 17108
8572 10259
8573 8574
8573 10271
8574 8575
8574 10272
8575 8576
8575 10274
8576 10276
8576 14412
8577 14097
8578 8581
8579 11413
8579 11415
8580 8835
8580 8879
8581 16028
8582 8583
8582 8584
8582 8585
8584 11118
8584 11125
8584 11222
8585 11120
8585 11224
8589 17811
8589 19971
8590 8592
8590 12066
8591 8613
8591 8624
8591 8635
8592 12064
8592 21484
8593 8594
8593 8595
8594 16454
8594 19987
8595 9306
8596 10526
8596 13744
8596 19987
8597 8598
8597 19987
8597 19990
8598 10526
8598 12236
8598 12239
8599 12239
8599 19990
8599 20815
8600 12239
8600 20815
8600 24118
8601 16477
8601 19189
8601 19190
8601 19193
8602 8624
8602 8835
8603 8604
8603 8605
8603 13408
8605 8606
8605 8607
8606 8608
8606 9652
8606 13408
8607 8608
8608 9654
8608 13409
8609 8610
8611 8612
8611 8614
8611 15483
8612 13673
8612 13674
8612 15482
8613 8980
8613 9025
8613 10458
8614 23817
8615 8616
8615 8617
8616 14673
8617 16723
8618 10902
8618 10913
8618 17091
8619 21632
8619 21633
8619 21638
8620 14138
8620 21634
8620 21636
8620 21640
8621 21630
8621 21631
8621 21634
8622 8623
8622 8625
8622 17485
8623 8626
8623 8627
8624 10424
8624 16710
8625 8627
8626 8628
8626 18353
8627 14750
8628 8629
8628 17485
8629 18353
8629 18354
8630 12160
8630 24381
8630 24382
8631 12241
8631 16807
8631 24380
8632 24380
8632 24383
8633 8634
8633 8636
8634 8637
8635 10424
8635 10435
8635 10458
8636 8637
8636 8638
8637 8639
8637 8932
8638 8639
8638 8640
8639 13342
8640 8641
8641 8642
8641 8643
8642 8644
8643 14439
8644 8645
8645 8647
8645 11642
8645 11644
8646 8657
8646 8669
8646 8680
8646 10491
8647 8648
8647 8649
8648 8650
8648 14564
8649 8650
8649 8651
8650 8652
8650 11044
8651 8652
8652 11042
8653 8654
8653 8655
8653 15931
8654 8656
8654 8658
8654 14440
8655 15937
8655 15938
8656 8659
8656 8660
8657 10191
8657 10202
8657 10569
8659 8661
8659 9809
8659 14440
8660 8661
8660 17204
8660 20221
8661 12164
8661 13323
8662 8663
8662 8664
8663 9124
8663 12943
8664 8665
8664 12943
8666 12943
8668 16911
8669 10580
8669 10591
8671 8672
8672 8673
8673 8674
8673 8675
8673 9343
8675 8676
8676 9343
8677 17486
8678 13839
8678 13841
8679 8681
8679 8682
8679 11804
8679 13655
8679 13656
8680 8691
8680 8702
8680 10191
8681 8682
8682 14303
8683 8684
8683 23678
8684 11941
8684 14777
8684 23681
8685 8686
8685 14777
8685 23687
8686 8687
8686 23693
8687 23695
8688 16459
8688 19448
8689 19458
8689 19461
8689 23714
8690 8692
8690 8693
8690 16322
8691 9558
8691 9591
8692 13244
8692 23736
8693 8694
8693 23736
8693 25157
8694 25151
8694 25153
8695 8696
8696 8697
8697 8698
8698 15521
8699 15521
8700 8701
8700 16323
8701 23727
8701 23730
8702 8713
8702 9558
8702 9569
8703 13549
8704 23742
8704 23770
8704 23921
8705 8706
8705 8707
8706 8707
8706 8708
8707 11846
8707 23670
8708 8709
8708 23672
8709 8710
8709 8711
8711 23672
8712 8714
8712 8715
8713 8724
8713 8735
8714 9762
8714 12280
8715 12282
8715 16855
8715 16926
8716 8717
8716 12328
8717 14310
8717 14770
8718 8719
8718 8720
8718 16964
8719 12331
8720 11620
8720 11623
8720 12333
8721 8722
8721 12332
8721 16964
8722 8723
8722 8725
8723 8727
8723 12332
8723 12334
8724 9502
8724 9558
8725 8726
8725 8727
8726 8728
8726 8729
8726 11465
8727 11465
8727 12335
8728 8730
8728 8731
8729 11466
8729 14249
8729 21043
8730 15536
8730 15537
8731 11466
8731 15537
8732 8734
8734 8736
8734 11609
8735 9569
8735 10125
8736 15566
8736 15567
8737 8738
8737 8739
8738 12289
8738 12293
8739 12293
8740 12293
8741 8742
8743 8745
8743 12341
8743 24945
8744 8745
8744 8747
8744 24945
8745 8865
8745 8869
8746 8757
8746 8780
8747 8748
8747 8749
8747 8869
8749 8750
8749 8751
8750 8869
8750 12342
8751 12342
8752 8753
8752 8754
8752 8755
8752 8756
8753 8758
8753 8759
8754 16606
8756 8759
8756 12343
8756 14046
8757 8768
8757 8780
8757 8791
8758 8760
8758 15478
8758 25107
8759 14044
8759 25107
8760 8761
8760 25106
8761 15478
8762 8763
8764 12338
8764 13794
8765 8766
8765 8767
8765 9529
8766 8770
8766 10529
8767 8769
8767 8770
8768 8846
8768 8947
8768 9735
8769 8771
8769 8772
8770 8772
8771 8773
8771 8774
8771 8775
8772 8773
8772 10530
8773 8776
8774 8776
8774 8777
8775 8777
8775 9525
8775 9529
8777 9526
8778 8782
8779 16754
8780 8947
8780 9746
8781 12007
8781 13637
8781 13638
8782 13638
8782 13654
8783 8803
8784 10656
8784 16617
8784 21860
8784 21861
8785 13449
8786 8787
8786 8788
8786 12664
8787 8789
8787 10041
8788 8789
8788 24769
8789 24765
8789 24766
8790 14431
8790 19993
8791 9713
8792 8793
8792 8794
8793 13800
8794 10341
8795 8796
8795 8797
8797 9729
8797 9731
8798 8799
8798 8800
8799 8801
8800 8801
8800 8803
8802 8813
8802 8824
8802 8835
8802 8857
8803 9729
8803 9730
8804 12868
8804 24143
8805 8806
8805 20551
8805 24144
8806 20554
8807 8809
8808 17611
8808 19617
8809 17611
8809 19602
8810 17617
8810 17618
8811 8814
8812 9854
8812 18871
8813 8914
8814 8815
8814 9598
8815 8816
8815 9597
8816 9599
8816 12871
8817 12456
8817 15934
8817 22018
8818 22011
8818 22012
8818 22017
8820 8821
8820 8822
8821 8823
8821 12845
8822 8823
8823 11764
8826 19876
8826 19878
8826 21266
8827 22557
8828 8829
8828 8830
8829 14425
8830 15044
8830 22434
8831 8833
8831 17479
8831 17490
8831 21843
8832 11957
8832 15042
8832 17490
8832 21843
8833 11959
8833 11960
8833 21844
8834 11959
8834 14577
8834 17479
8836 8837
8836 8838
8836 21349
8837 12582
8838 8839
8838 8840
8838 12582
8839 15106
8840 8841
8840 8842
8840 15106
8841 8843
8841 12582
8841 13812
8842 8843
8842 8844
8843 13813
8843 17413
8844 15106
8844 15496
8844 16765
8845 8847
8845 8848
8845 8849
8845 8850
8846 8857
8846 8868
8846 8903
8847 8851
8847 15396
8848 8850
8848 8931
8848 14054
8848 15398
8849 15396
8849 15398
8850 8851
8850 14187
8851 9263
8851 9264
8851 14187
8852 15396
8852 15397
8853 8855
8853 8856
8853 8858
8855 8856
8856 20050
8858 11738
8858 11739
8859 13824
8860 8862
8860 8863
8860 14942
8861 9464
8861 9465
8863 8864
8863 8865
8864 8866
8865 8866
8865 8867
8866 14576
8867 12341
8869 14576
8870 14430
8871 8872
8871 10888
8872 10889
8873 8874
8873 8875
8874 9027
8874 11154
8875 8876
8875 11154
8876 8877
8876 14944
8877 11154
8877 11156
8877 14667
8878 23536
8878 23811
8879 9025
8879 10236
8880 23810
8880 23811
8881 8882
8881 8883
8881 8884
8882 10984
8882 11529
8882 14578
8883 14578
8884 8885
8884 8886
8884 11529
8886 8887
8887 11529
8888 8889
8888 8893
8888 8896
8888 10331
8889 10330
8890 15644
8890 15650
8891 9002
8891 9113
8892 14954
8892 14962
8893 10331
8894 8895
8894 8896
8894 8897
8894 14930
8895 10332
8895 14579
8895 14582
8896 10332
8897 8898
8897 8899
8897 14582
8898 14145
8898 14699
8898 14930
8899 8900
8899 14145
8899 21615
8900 8901
8900 14146
8900 14582
8901 21615
8901 21616
8901 21620
8902 14145
8902 14845
8902 21611
8902 21615
8903 8947
8904 8905
8904 21613
8904 21614
8904 21618
8905 8906
8905 15390
8906 8907
8906 8908
8906 8909
8907 12994
8907 14822
8907 21618
8908 15390
8909 8910
8910 14822
8911 14822
8912 8913
8912 8915
8912 14506
8913 8917
8915 8916
8915 8917
8915 8918
8916 8919
8916 13001
8916 14506
8917 8920
8917 13278
8918 8919
8918 8920
8918 13527
8919 13005
8919 13282
8920 13277
8920 13281
8921 8922
8921 8923
8921 25206
8922 8924
8922 12101
8923 8924
8923 8926
8923 15499
8924 12097
8924 12098
8925 9091
8926 8927
8926 8928
8926 12098
8927 15499
8927 15500
8928 8929
8928 15500
8929 12098
8929 14374
8930 15399
8930 25216
8932 8933
8933 13342
8934 14234
8935 8937
8935 8938
8935 8939
8936 9091
8937 8940
8937 8941
8938 8959
8938 12118
8939 8941
8939 10181
8940 8942
8940 8943
8941 8943
8941 10186
8942 8944
8942 8945
8943 8945
8943 10188
8944 12040
8944 13123
8945 10192
8945 13124
8946 8948
8946 8949
8946 8950
8947 16583
8948 14400
8949 13129
8949 13130
8950 10204
8950 14400
8950 14651
8951 8952
8951 8953
8951 8954
8952 8955
8952 8956
8953 8955
8953 13123
8953 13126
8954 8956
8954 10194
8954 13124
8955 13127
8955 13128
8956 10198
8956 14650
8957 8959
8958 8969
8960 8961
8960 8962
8960 11200
8960 16119
8960 16120
8960 16121
8961 8962
8961 10595
8962 16120
8963 8964
8963 8965
8963 8966
8964 8966
8964 11332
8964 11334
8964 16120
8965 8971
8966 8967
8966 8968
8966 8970
8966 8971
8967 11333
8967 16428
8967 19099
8968 11082
8968 16392
8969 10236
8970 11055
8970 11201
8970 11255
8970 11256
8971 9019
8972 8973
8972 8974
8973 11340
8975 8976
8975 8977
8976 8979
8976 11339
8976 11342
8977 11340
8978 8979
8978 8981
8979 8983
8979 10933
8980 9014
8980 10258
8981 8982
8982 8983
8982 8984
8983 10931
8985 8986
8985 8987
8986 12832
8986 12833
8989 8990
8989 8992
8989 25102
8990 9143
8990 9144
8991 10258
8991 10291
8992 25103
8993 8994
8994 13149
8994 23992
8994 23993
8995 8996
8995 8997
8995 23343
8996 8998
8996 23345
8996 25096
8997 8998
8997 8999
8998 9001
8998 25097
8999 9000
8999 9001
8999 23649
9000 9004
9000 10486
9001 9005
9001 25098
9003 15866
9003 16719
9004 23647
9004 23649
9004 23652
9005 23649
9005 25099
9006 12796
9006 23648
9006 23651
9007 12796
9007 15807
9007 16660
9007 23648
9008 9009
9008 10490
9009 14935
9009 19667
9009 19672
9010 10490
9011 9012
9011 10492
9011 20799
9012 19678
9012 19680
9012 19684
9013 10492
9013 20797
9013 20799
9013 20803
9014 9025
9014 10236
9015 9016
9015 19713
9016 10488
9017 9018
9017 9019
9018 11082
9020 22251
9021 14895
9021 17004
9021 22251
9022 9023
9023 9589
9024 9026
9024 9588
9027 9030
9027 11155
9028 9029
9028 9030
9029 9031
9029 9032
9030 9032
9030 10137
9031 9033
9032 9033
9032 11158
9033 11157
9034 9035
9034 9037
9034 9038
9035 12591
9035 17012
9036 9047
9036 9058
9037 9039
9040 9041
9040 23657
9040 23679
9042 9043
9042 23402
9043 9044
9043 9045
9043 9046
9044 9048
9044 11319
9045 14824
9046 23390
9047 9069
9048 22413
9049 9050
9049 11321
9049 22413
9050 11323
9051 9053
9051 9054
9051 9055
9051 21653
9052 9054
9052 21653
9052 21655
9053 9056
9053 9057
9054 9295
9055 12010
9055 12117
9055 22328
9056 9295
9056 9297
9057 9297
9057 22328
9058 9080
9058 9102
9059 9060
9059 15279
9059 21268
9060 12936
9060 13247
9061 10237
9061 12249
9061 15604
9061 15632
9061 16851
9062 9063
9062 9064
9062 9065
9063 15631
9063 15632
9064 15620
9064 15631
9065 10233
9065 10237
9066 9067
9068 9070
9068 9071
9068 9072
9069 9080
9070 9074
9070 10958
9070 10961
9071 17311
9072 9073
9072 17310
9073 9074
9073 9075
9074 9077
9074 13973
9075 9076
9075 9077
9076 9078
9076 9487
9076 15053
9077 10718
9077 15053
9078 9079
9078 9081
9079 14272
9080 9169
9080 9180
9081 9488
9082 9083
9082 22901
9082 22912
9083 9227
9083 10076
9084 9085
9084 9086
9084 9087
9084 9088
9085 9226
9085 9227
9086 15126
9087 9089
9087 22812
9088 9227
9088 10076
9089 22834
9090 22823
9090 22834
9091 14989
9092 12154
9092 16876
9093 18545
9093 18547
9093 18552
9094 9096
9094 9097
9094 9098
9095 9096
9095 9763
9096 9098
9096 9762
9097 11236
9097 12278
9098 9764
9098 12278
9099 9101
9099 19425
9101 16021
9101 19423
9102 9114
9102 9169
9103 10408
9103 20164
9103 20165
9103 20169
9104 10408
9104 20164
9105 9106
9105 20173
9105 22605
9105 22608
9106 9107
9106 13889
9106 20176
9107 9108
9107 14643
9107 20182
9108 13855
9108 20185
9109 9131
9109 14638
9109 14790
9109 20205
9110 9111
9110 14790
9110 20207
9111 14093
9111 20210
9112 9115
9112 14093
9112 20210
9112 20211
9113 11492
9113 11514
9114 9125
9114 9136
9114 16633
9115 9116
9115 20215
9116 9370
9116 14093
9116 19085
9118 12650
9118 12651
9119 20273
9120 9121
9121 15748
9121 20137
9122 9123
9122 12557
9122 20187
9123 20190
9123 20962
9123 24540
9124 12940
9124 17074
9125 9147
9125 9169
9125 10591
9126 9127
9126 19082
9126 19085
9126 20215
9127 9367
9127 19081
9127 19082
9128 9129
9128 9130
9128 20200
9129 13307
9129 14805
9129 16771
9130 9131
9130 14635
9131 14637
9131 20200
9132 14791
9132 20223
9133 14791
9133 17066
9133 20223
9134 9135
9136 10502
9136 10580
9136 10591
9139 21198
9140 9142
9140 12916
9140 16129
9141 12916
9142 16130
9142 16694
9142 23867
9144 22096
9145 9146
9145 23578
9145 23581
9146 9148
9146 9149
9147 9158
9147 9491
9147 9591
9148 10433
9149 9150
9149 9151
9150 10433
9151 9152
9152 9153
9152 9154
9153 9155
9155 9156
9156 9157
9156 9159
9158 9169
9158 9180
9158 9480
9159 9160
9159 9161
9161 9162
9161 9163
9163 9164
9167 9168
9167 9170
9170 9171
9171 9172
9172 9173
9174 17087
9175 9328
9175 14554
9175 16076
9175 16752
9177 10388
9180 9191
9180 9202
9182 9183
9188 9189
9191 9313
9191 9336
9194 23010
9194 23013
9195 9196
9195 23948
9195 24463
9196 24466
9197 23982
9197 25080
9198 9199
9198 9200
9198 25069
9199 9201
9199 9203
9199 25071
9200 9203
9200 23929
9200 23933
9201 9204
9201 23937
9202 9336
9204 25071
9204 25072
9204 25075
9205 9206
9205 9207
9206 14738
9207 14231
9207 15923
9208 13011
9208 17874
9208 17878
9209 12531
9209 17879
9210 13011
9211 17995
9211 22427
9212 9214
9212 17886
9212 17888
9213 9269
9213 9280
9213 15335
9215 17888
9216 17899
9216 17900
9216 17906
9217 9218
9217 17921
9218 9219
9218 17920
9219 13932
9219 16809
9219 17926
9220 10612
9220 17933
9221 9222
9221 10612
9221 17933
9221 17934
9222 9223
9222 17937
9223 17938
9223 18021
9224 9335
9224 9446
9224 9557
9224 9668
9225 15335
9225 15446
9226 11799
9226 22812
9227 15065
9227 22901
9228 22601
9228 22823
9229 9230
9229 14102
9230 9231
9231 23601
9231 23624
9232 23601
9233 17286
9233 17289
9234 15280
9234 17286
9234 17389
9235 9237
9235 15579
9235 17287
9235 17289
9236 9247
9236 9258
9236 9336
9237 22868
9237 22934
9238 15127
9238 15777
9238 22934
9239 9240
9239 9241
9239 16867
9240 9242
9240 9243
9241 16845
9241 16867
9241 16951
9242 10661
9242 16449
9243 9974
9243 11400
9244 9245
9244 21635
9244 21657
9246 10068
9247 9269
9247 9291
9247 9302
9248 14869
9248 23339
9249 9250
9249 9251
9250 10831
9250 10832
9251 9252
9251 9253
9252 9254
9252 10831
9253 9257
9253 13612
9254 9255
9254 9256
9254 9257
9255 9256
9255 10833
9255 13252
9256 9259
9256 14843
9257 13613
9258 9269
9258 10868
9259 9260
9259 13252
9260 9261
9260 14843
9261 9262
9261 25205
9261 25209
9262 9553
9263 14600
9263 14674
9263 14675
9265 11738
9266 9267
9266 13831
9266 20055
9266 20061
9267 9268
9267 9270
9267 13830
9268 9271
9268 9272
9268 13830
9269 10746
9270 9420
9270 13831
9270 13832
9271 9275
9271 9420
9272 9273
9272 9274
9273 9275
9273 14033
9274 13829
9274 14033
9274 15470
9275 13944
9275 14352
9276 9277
9276 13945
9277 9278
9277 14045
9278 9279
9278 25105
9278 25109
9279 11602
9279 12345
9280 10746
9280 10757
9280 15113
9281 10473
9281 10474
9281 25109
9282 25109
9283 21033
9283 21072
9283 21075
9284 9285
9284 21073
9285 21074
9286 9287
9287 21077
9288 16868
9289 12721
9289 14702
9289 14929
9290 9293
9290 9294
9291 10746
9291 10768
9291 10780
9292 9293
9292 14150
9293 14827
9294 21655
9295 9296
9296 12539
9297 22327
9298 9299
9298 18603
9299 16578
9299 16581
9300 18602
9300 21412
9301 12061
9301 12064
9301 12065
9301 18602
9302 9313
9302 9336
9302 10780
9303 9304
9303 9305
9303 9306
9304 9772
9304 9775
9305 9307
9305 11327
9306 16454
9307 9308
9307 16466
9308 9309
9308 16466
9308 16772
9308 21097
9309 11327
9309 11328
9309 11329
9310 9311
9310 19443
9311 20473
9312 18930
9312 22025
9312 24849
9313 9324
9314 17432
9315 9316
9315 9317
9316 14775
9318 9319
9318 9320
9318 9321
9319 9322
9319 9323
9320 14774
9321 14774
9322 9325
9324 9480
9324 10780
9324 10791
9326 9663
9326 9665
9326 11008
9328 12505
9329 9330
9329 20837
9329 20838
9329 20842
9330 9331
9330 9332
9331 20838
9332 9333
9333 9334
9334 9337
9334 9338
9335 14985
9335 15001
9338 9339
9339 17466
9340 19020
9340 19023
9341 9343
9341 9344
9342 9344
9345 9346
9346 22887
9347 9358
9347 9369
9347 9380
9348 9349
9348 22889
9349 9350
9350 9351
9352 13108
9352 13109
9353 9354
9355 22625
9356 18948
9357 18948
9357 18950
9357 18953
9358 14761
9358 18442
9358 18445
9359 9360
9359 23877
9360 9361
9360 23880
9361 9363
9362 9363
9362 16355
9362 16760
9362 16761
9362 18970
9363 13551
9364 13330
9364 19078
9364 19081
9365 16831
9365 19078
9366 13330
9366 14090
9366 14092
9366 19078
9367 19081
9367 20216
9368 9371
9368 9372
9368 19087
9368 19088
9369 9413
9369 18442
9369 19819
9370 9371
9370 14094
9370 19087
9371 9374
9372 9373
9372 9374
9373 9375
9373 10805
9374 10804
9374 10805
9375 16623
9376 16939
9376 19015
9377 13771
9377 19033
9377 19034
9377 19039
9378 14760
9378 19045
9379 19060
9379 19062
9379 23894
9380 14761
9381 19062
9381 19063
9381 19067
9382 13496
9382 19067
9383 9384
9383 9385
9384 15414
9384 15415
9385 10350
9386 10354
9386 24679
9386 25239
9387 15564
9387 25236
9387 25237
9387 25239
9388 24879
9389 9390
9390 24167
9391 9402
9391 9413
9391 9424
9391 9435
9392 24180
9392 24868
9393 9394
9394 15419
9396 13617
9396 24679
9397 9398
9398 12630
9398 15406
9398 25023
9399 9400
9399 14927
9400 9401
9400 9403
9401 11886
9401 15409
9401 15410
9402 19825
9402 19827
9403 16918
9404 9405
9404 9406
9405 10355
9405 10359
9407 16163
9407 21113
9408 9409
9408 9410
9408 11314
9409 9412
9410 9411
9410 9412
9411 9412
9411 9414
9411 20823
9412 12874
9412 13188
9413 18440
9413 19818
9414 11658
9414 21235
9415 9416
9415 9417
9415 9418
9416 9418
9417 9419
9418 9419
9418 22363
9419 20052
9420 14352
9420 22364
9421 9422
9421 9423
9422 9481
9422 11461
9422 14177
9424 18439
9424 18440
9425 9426
9426 9427
9426 9885
9427 9467
9428 24832
9429 14659
9429 24831
9429 24832
9429 24835
9430 20019
9430 24828
9430 24832
9431 9433
9432 9433
9432 9434
9432 9436
9433 11368
9433 11371
9434 9437
9434 13826
9434 20032
9435 19818
9435 25201
9436 9437
9436 9438
9436 11368
9437 9440
9437 11367
9438 9439
9438 9440
9438 9441
9439 9442
9439 11368
9440 9448
9440 20037
9441 9442
9441 9443
9442 9445
9443 9444
9443 9445
9443 9448
9444 9449
9444 9450
9444 12623
9445 12623
9445 12628
9446 15001
9446 22361
9447 12607
9447 14761
9447 18449
9448 9449
9448 11706
9449 12621
9449 12622
9450 9451
9450 9452
9450 12622
9451 9472
9451 13822
9451 14941
9452 12623
9452 12624
9452 14941
9453 9454
9453 9455
9453 14386
9453 15470
9454 9456
9454 9457
9454 9459
9455 9459
9455 11241
9455 13828
9456 9460
9456 9461
9456 12286
9457 12286
9457 14386
9457 14904
9458 12607
9458 14837
9459 9461
9459 13827
9460 9462
9460 13707
9460 15450
9461 15450
9461 22129
9465 13824
9466 9467
9466 9468
9467 9470
9467 11608
9468 9885
9468 13189
9468 13190
9469 9480
9469 9491
9469 9502
9470 11105
9471 15532
9472 9473
9472 9474
9472 13934
9473 9475
9473 9476
9474 13822
9474 13823
9475 9478
9475 11912
9476 9477
9476 9478
9476 19998
9477 9479
9477 9481
9478 9479
9478 11915
9481 19999
9482 9489
9482 14007
9483 13898
9484 9485
9484 13647
9484 15523
9485 12944
9485 12945
9485 15987
9485 16008
9486 12944
9486 13898
9486 13899
9486 16008
9486 16009
9487 15052
9488 16010
9489 14007
9490 19466
9490 22486
9491 9580
9492 11132
9492 19472
9492 19474
9492 19478
9493 9494
9493 11132
9493 12141
9493 19478
9494 9495
9494 12143
9494 19482
9495 12144
9495 12735
9495 19484
9496 12735
9496 19484
9496 19485
9496 19488
9497 12706
9497 12711
9497 12735
9497 19488
9498 12706
9498 19488
9498 19489
9498 19493
9499 12702
9499 12705
9499 12706
9499 19493
9500 12705
9500 19493
9500 19530
9501 12687
9501 12693
9501 19530
9502 9580
9502 10735
9503 12687
9503 19529
9503 19530
9503 19532
9504 12685
9504 12687
9504 19532
9505 19495
9505 19504
9505 24628
9505 24629
9506 9508
9506 12881
9506 19504
9506 24629
9507 12133
9507 19505
9507 19506
9507 19510
9508 12133
9508 12418
9508 19506
9509 12132
9509 12133
9509 19510
9509 21908
9510 9511
9510 9512
9510 19521
9510 19525
9511 9514
9511 19525
9512 9514
9513 9524
9513 9535
9513 9546
9514 9516
9514 11773
9515 9517
9515 9518
9515 19527
9516 9518
9516 19527
9517 9519
9517 9520
9518 9519
9518 12135
9521 11522
9521 11523
9521 12139
9521 19534
9522 12139
9522 19538
9522 22485
9523 9529
9524 10336
9524 10358
9524 10369
9525 9526
9526 9527
9526 9528
9527 18076
9528 13698
9530 13249
9530 21066
9531 12256
9531 21061
9531 21062
9531 21065
9532 9533
9532 9534
9532 9536
9532 25244
9533 13246
9533 13248
9534 13246
9534 15562
9534 25242
9535 10602
9535 24104
9536 9537
9536 21598
9536 25247
9537 13239
9537 21595
9538 9540
9538 9541
9538 21597
9538 25253
9539 9541
9539 11997
9539 21594
9539 21597
9540 9542
9540 14785
9541 13241
9542 9543
9543 14785
9543 25254
9543 25258
9544 9545
9544 9547
9544 21433
9544 25260
9545 9548
9545 21313
9545 21335
9546 10369
9546 24106
9547 9548
9547 9549
9547 25265
9548 13242
9549 25269
9550 25270
9550 25274
9551 13632
9551 16321
9551 25274
9552 13632
9552 25274
9552 25275
9553 14843
9554 15086
9554 25213
9555 9556
9556 9559
9556 9560
9556 11610
9557 9890
9557 14986
9557 14987
9558 9580
9559 16584
9560 9561
9560 12339
9560 16584
9561 9562
9561 25225
9562 15565
9562 16584
9563 17357
9563 17368
9564 9565
9564 9566
9565 15045
9565 21249
9566 9567
9568 9570
9568 9571
9569 10158
9569 10191
9570 13245
9570 14971
9570 17824
9571 9572
9571 13245
9571 18481
9572 14787
9573 13245
9573 13250
9573 18477
9573 18481
9574 10647
9575 13634
9575 25279
9575 25282
9576 13634
9576 25282
9577 13600
9577 14902
9577 25157
9578 9581
9578 16361
9578 25164
9578 25165
9579 16361
9579 25164
9580 9591
9581 11527
9581 25166
9581 25171
9582 13602
9582 25171
9582 25172
9582 25175
9583 11527
9583 11528
9583 25171
9584 17784
9584 25180
9584 25183
9585 25183
9585 25184
9585 25187
9586 10392
9586 25187
9586 25188
9586 25193
9587 25193
9588 9589
9590 11745
9590 16730
9591 10591
9592 11744
9592 11745
9592 15528
9593 15531
9593 20041
9594 15530
9594 15531
9594 20041
9595 9596
9595 9597
9595 14487
9595 20589
9596 20589
9596 20591
9597 9598
9597 9599
9598 20588
9599 14487
9600 19464
9600 19469
9601 24876
9602 18535
9602 18625
9602 18680
9603 24872
9603 24873
9603 24876
9604 24878
9605 9606
9605 9607
9606 10104
9606 13888
9607 9610
9607 13888
9608 9609
9608 9610
9609 9788
9609 20591
9610 9788
9611 19740
9611 23488
9612 9614
9612 9615
9612 9616
9613 9724
9614 9622
9614 19765
9615 13129
9615 14875
9616 9617
9617 9622
9618 20256
9618 20259
9619 9620
9619 19778
9619 20258
9620 9621
9620 11409
9620 20255
9621 14644
9623 9625
9623 9626
9623 9627
9624 9990
9624 10047
9625 9628
9625 9629
9626 11085
9626 11086
9626 13688
9627 9629
9627 13126
9627 14556
9628 11085
9628 13049
9629 13128
9629 14705
9630 9631
9630 9632
9630 9633
9630 9634
9631 9634
9631 9636
9632 11218
9632 15160
9633 9636
9633 10978
9633 11218
9634 24202
9635 10058
9636 11219
9637 9638
9639 13300
9639 13303
9640 9641
9640 11077
9640 11080
9641 11274
9641 11275
9642 11274
9643 11274
9643 13406
9645 10248
9646 9990
9646 10036
9647 23021
9647 23022
9647 23027
9648 10248
9648 13407
9648 23027
9649 12367
9649 23025
9650 19195
9650 19196
9651 9652
9651 9653
9652 13409
9653 13409
9655 10917
9655 10918
9656 10918
9657 11024
9659 10506
9659 10510
9659 10511
9663 9664
9664 9666
9666 9667
9666 9670
9667 9684
9668 9779
9668 22361
9669 9680
9669 9691
9670 9686
9670 12519
9671 13397
9672 24489
9672 24491
9672 24494
9673 13400
9673 24489
9674 13401
9674 24492
9675 10574
9675 10576
9676 10576
9677 10576
9677 13402
9677 13404
9678 13402
9679 12059
9679 13402
9680 11192
9680 11203
9681 9682
9681 9683
9681 20125
9682 9684
9682 9685
9683 9685
9683 17692
9684 9686
9685 9686
9687 17216
9688 21984
9689 21977
9689 21979
9689 21984
9690 17005
9691 10102
9691 10114
9692 17646
9692 17649
9693 24720
9693 25131
9694 24175
9695 24174
9696 9697
9696 9698
9696 11300
9697 9698
9699 9700
9699 9701
9699 11875
9701 9703
9701 9704
9702 9713
9702 9724
9703 9705
9703 11875
9703 11876
9704 9705
9704 9706
9705 9707
9706 9707
9706 9708
9707 13910
9708 9709
9708 13910
9710 10922
9710 13910
9712 9714
9712 24049
9713 9735
9714 13981
9715 17638
9715 20306
9715 20311
9716 20311
9716 21509
9717 19503
9717 20400
9717 24632
9718 10991
9719 15160
9719 24202
9720 9721
9720 9722
9720 9723
9720 19666
9721 9725
9721 9726
9721 19666
9722 9723
9722 24213
9723 9726
9723 13019
9725 9727
9725 9728
9725 19664
9726 9728
9726 13018
9727 9729
9727 9730
9727 9731
9728 9731
9730 19664
9730 19665
9732 23602
9732 23606
9733 20156
9733 23617
9733 24638
9733 24642
9734 9736
9734 9737
9734 9738
9737 9739
9737 9740
9737 14049
9738 14050
9738 20150
9739 9741
9741 10762
9741 14049
9742 12824
9742 12826
9742 17131
9743 12829
9743 16869
9743 16880
9744 9745
9744 11299
9744 16869
9745 9747
9745 9748
9745 11297
9746 9757
9747 9749
9747 11299
9748 9749
9748 9750
9750 10759
9752 9753
9752 12827
9753 9754
9753 9755
9753 10239
9754 9756
9754 22942
9755 9756
9755 10289
9757 9768
9757 9824
9757 16562
9758 9760
9758 15936
9759 9761
9759 23908
9760 23907
9761 10444
9761 10445
9762 9763
9762 9764
9763 11418
9764 12277
9764 12280
9765 9766
9765 17406
9765 24745
9765 24749
9766 24749
9767 9770
9767 24756
9768 9780
9768 9791
9768 9802
9769 9770
9769 17404
9771 9772
9771 9773
9772 9774
9773 9774
9774 9775
9775 11327
9776 9777
9776 9778
9776 17609
9777 10675
9777 10676
9777 17608
9778 10675
9778 19625
9778 20569
9779 9890
9779 10002
9779 10113
9780 9835
9780 9935
9780 15944
9781 10675
9781 19625
9781 19626
9781 19629
9782 13566
9782 20571
9782 20572
9782 20576
9783 11506
9783 11508
9783 13566
9783 20576
9784 18861
9784 18865
9784 20586
9785 9786
9785 9787
9785 18861
9786 9787
9786 20587
9787 18862
9788 10108
9788 13888
9789 16995
9789 17605
9790 9792
9790 14183
9790 20477
9790 20481
9791 9813
9791 9824
9791 9835
9792 15920
9792 15924
9793 9794
9793 12452
9793 14183
9793 20481
9794 9795
9794 12450
9794 20483
9795 20487
9795 22003
9795 22004
9796 20538
9796 25139
9797 20543
9797 20544
9797 20548
9797 25143
9798 9799
9798 20548
9798 25143
9798 25146
9799 14184
9799 20550
9799 20553
9800 12364
9800 12365
9800 14184
9800 20553
9801 11389
9801 20506
9802 14989
9802 16465
9803 12004
9803 12005
9803 12006
9804 21201
9804 21207
9804 24918
9805 11868
9805 21203
9805 24918
9806 21206
9806 21207
9807 15743
9808 13300
9809 9810
9809 9811
9809 12164
9810 9815
9810 14235
9810 14440
9811 9812
9811 9814
9811 9815
9812 9815
9812 9816
9813 9846
9813 17002
9814 12163
9814 12164
9814 20282
9815 14235
9816 15812
9816 22346
9817 9818
9817 9819
9818 11943
9819 9820
9819 9821
9820 10462
9820 24627
9821 10462
9822 9823
9823 13320
9823 15739
9825 9826
9825 9827
9826 9828
9826 10405
9826 22599
9827 14222
9828 13329
9828 22603
9829 9830
9829 9831
9829 16222
9829 22598
9830 9834
9830 20177
9830 22602
9831 9833
9831 22595
9831 24661
9832 9833
9832 9834
9832 9836
9833 9839
9833 16221
9833 16222
9833 24666
9834 9838
9834 16222
9835 9902
9836 9837
9836 9838
9836 9839
9837 9840
9837 9841
9837 9842
9838 9841
9838 20183
9839 9842
9839 24672
9840 9843
9840 9844
9840 9845
9841 9844
9841 20186
9842 9845
9842 24677
9843 9847
9843 24682
9844 9847
9844 20188
9845 24680
9845 24682
9846 9913
9846 17013
9847 20192
9847 20959
9848 9849
9848 9850
9851 9852
9851 9853
9854 18867
9854 20587
9855 17637
9855 20337
9856 9858
9856 22716
9856 22721
9857 9924
9857 16224
9857 16446
9858 18926
9858 18927
9858 22715
9859 9860
9859 9861
9859 12079
9860 9862
9860 14611
9861 12077
9861 14610
9861 14611
9862 12079
9862 12085
9863 14371
9863 14611
9864 13177
9864 17858
9865 10065
9865 10066
9865 17858
9866 9869
9866 9870
9866 21851
9867 9870
9867 17869
9867 17880
9867 21851
9868 9879
9868 10757
9868 15113
9868 15224
9869 9871
9870 9871
9871 15515
9872 9873
9873 10641
9873 10643
9874 9875
9874 25045
9874 25068
9875 10353
9875 13426
9875 25068
9877 10056
9878 10056
9879 14999
9879 15669
9879 15891
9880 9882
9880 9883
9881 9882
9882 14733
9883 14733
9883 20008
9883 20010
9884 9885
9884 13189
9884 20008
9884 20009
9886 18643
9887 12077
9887 14609
9888 9889
9888 10059
9889 16061
9890 15000
9891 13113
9891 13336
9891 23552
9892 10059
9892 10060
9892 10061
9893 10060
9893 21573
9894 10060
9894 21567
9894 21569
9894 21573
9895 10062
9895 18575
9896 10062
9896 18575
9897 9898
9897 9899
9898 13438
9899 9900
9899 9901
9899 14501
9900 9903
9901 9903
9901 9904
9901 9905
9902 9924
9902 9935
9903 9906
9904 9907
9904 13438
9905 9906
9905 9907
9905 9908
9906 9909
9907 13273
9907 13439
9908 9909
9908 9910
9908 13273
9909 9911
9910 9911
9910 9912
9910 9914
9911 9915
9912 9917
9912 13273
9913 16460
9913 16891
9914 9915
9914 9916
9914 9917
9916 13951
9917 13951
9918 9919
9919 9921
9920 9921
9921 10057
9922 9923
9922 9925
9922 22524
9923 9926
9923 9927
9923 9928
9924 16780
9925 9928
9925 12465
9926 9929
9927 13429
9927 22524
9928 9929
9929 13177
9930 13426
9931 10057
9931 13426
9931 13695
9932 15867
9932 15868
9932 17451
9932 17456
9933 9934
9933 9936
9934 13237
9934 13238
9935 9946
9935 9957
9936 9937
9936 13553
9937 9938
9937 24162
9938 9939
9938 13555
9939 9940
9939 9941
9940 12358
9940 12360
9940 13555
9941 12358
9942 9943
9943 13556
9944 9945
9944 13077
9945 15140
9946 16463
9946 16464
9947 12439
9947 12440
9947 13077
9948 12441
9948 21973
9949 12441
9949 21970
9949 21971
9949 21973
9952 9953
9952 9954
9953 10013
9954 10013
9954 12679
9954 21286
9955 10013
9955 12751
9956 9958
9957 9979
9958 12050
9958 12752
9959 20966
9959 24538
9959 24539
9960 20967
9961 12859
9961 21795
9962 14474
9963 9964
9963 12865
9963 14474
9964 11389
9964 15692
9965 12851
9965 25136
9966 25135
9967 12852
9967 13560
9968 9979
9968 16464
9969 9970
9970 9971
9971 12883
9971 12884
9972 12353
9973 10662
9974 10662
9976 10660
9977 9978
9978 11394
9980 22850
9981 10766
9981 10769
9981 22848
9981 22851
9982 9983
9982 12496
9983 14083
9983 14084
9984 14083
9984 24195
9985 14083
9987 9988
9987 13721
9988 14585
9988 14586
9989 14585
9989 23482
9990 10003
9991 9992
9991 14652
9991 23483
9992 13137
9993 13137
9994 13137
9997 9998
9997 13096
9997 14520
9998 9999
9998 14521
9999 14521
10000 16033
10000 24014
10001 16174
10002 10446
10002 11013
10003 10014
10003 10047
10004 10005
10005 11665
10005 12044
10006 10007
10006 10008
10006 18260
10007 10297
10007 10301
10007 13765
10008 10009
10008 10301
10009 10010
10009 10011
10009 24440
10010 10300
10010 10301
10010 24443
10011 14757
10011 14759
10012 10540
10013 12677
10014 10036
10014 10058
10015 10016
10016 13717
10017 10018
10017 10019
10018 13718
10018 13719
10019 23464
10020 13299
10020 23131
10020 23132
10021 10022
10021 21003
10021 24655
10022 10023
10022 21005
10023 24655
10024 20988
10025 10058
10025 10979
10025 15945
10026 13219
10026 13220
10026 13223
10026 20988
10027 20294
10027 20295
10027 20299
10028 10029
10028 20296
10028 20297
10028 20301
10029 10030
10029 10031
10029 10032
10030 13380
10030 20301
10031 10033
10031 20297
10032 10033
10034 10035
10034 24740
10035 10037
10035 10039
10037 24738
10037 24740
10037 24745
10038 10039
10038 17406
10038 24745
10039 14166
10041 24765
10042 12664
10042 16796
10042 24769
10043 24769
10043 24770
10043 24774
10044 24778
10045 10046
10046 22586
10046 22587
10048 10049
10048 10050
10048 21151
10049 12616
10049 21153
10050 14051
10051 10052
10051 10415
10051 23559
10052 10418
10052 17470
10052 23560
10053 23565
10053 23567
10054 23570
10054 23571
10057 13694
10058 10069
10059 13422
10059 16062
10060 13423
10061 13421
10061 13422
10061 13423
10062 21570
10063 13696
10063 21565
10063 21566
10063 21570
10064 17168
10064 17202
10064 20657
10065 17847
10065 21850
10066 13177
10066 21850
10067 14526
10068 10071
10069 10080
10069 10091
10070 21635
10073 15061
10073 15576
10073 21353
10074 14878
10074 14879
10074 16244
10075 11320
10076 15126
10076 22379
10077 22879
10078 10079
10078 10081
10079 10084
10079 16138
10080 10102
10080 10979
10081 12875
10082 10083
10082 10084
10082 17009
10082 20218
10083 19313
10084 15693
10084 19335
10085 10086
10085 20231
10086 11417
10087 10606
10087 15469
10087 21362
10088 10089
10088 17119
10089 10090
10089 10092
10089 10093
10090 10096
10090 14709
10090 15982
10091 10114
10091 11024
10092 14490
10092 14663
10092 14708
10094 10095
10094 10096
10094 10097
10094 10098
10095 10099
10095 11260
10098 10099
10098 11257
10098 14708
10099 11257
10100 23086
10100 23087
10100 23092
10101 18776
10101 21821
10102 10946
10102 10990
10103 10104
10103 18777
10104 10106
10105 10106
10105 10107
10106 13144
10107 10108
10107 13143
10108 13144
10109 10110
10109 10111
10109 10112
10110 10116
10110 10119
10111 10115
10111 23913
10112 10118
10112 11433
10113 13178
10113 22361
10115 11431
10115 11433
10116 10117
10116 10118
10117 10119
10117 11526
10118 11434
10118 11524
10119 23913
10120 10121
10120 10122
10120 10123
10121 12261
10121 15848
10122 21007
10122 21011
10123 22382
10124 10126
10124 10127
10124 10128
10125 10136
10125 10147
10125 10158
10126 14148
10126 14149
10126 14700
10127 14701
10127 15550
10127 22338
10128 10129
10128 14148
10128 22342
10129 10130
10129 22343
10130 14148
10130 14339
10130 21633
10131 10132
10131 10133
10131 22354
10132 14340
10133 10134
10133 14043
10133 22355
10134 10135
10134 22359
10135 14043
10135 14341
10135 14342
10136 10657
10136 22298
10137 11155
10137 11158
10137 14668
10138 10139
10138 10140
10139 10992
10139 14168
10140 13070
10141 10142
10141 10845
10141 19582
10141 23310
10142 10143
10142 10848
10142 19585
10143 10144
10143 14624
10143 19588
10144 14366
10144 19591
10145 17496
10145 17500
10145 17656
10146 13233
10146 16004
10146 21710
10146 21713
10147 10169
10147 10347
10148 14197
10148 21717
10148 21718
10148 21721
10149 14197
10149 21721
10150 21721
10150 21722
10150 21726
10151 10666
10151 21744
10151 21745
10151 21748
10152 10666
10152 21744
10153 11496
10153 19642
10153 21750
10153 21753
10154 21816
10155 13078
10155 21764
10155 21765
10155 21770
10156 12442
10156 12443
10156 13078
10156 21770
10157 12443
10157 21769
10157 21770
10157 21774
10158 10169
10158 10180
10159 21786
10159 21787
10159 21792
10160 12859
10160 21792
10161 12859
10161 21791
10161 21792
10161 21795
10162 15757
10162 15760
10162 21759
10163 11491
10163 15757
10163 21808
10164 10166
10164 10167
10164 21096
10165 10168
10166 12260
10166 21087
10167 10168
10167 13743
10169 10336
10169 10669
10170 10171
10170 10172
10170 23125
10171 10262
10172 13181
10173 13181
10173 23125
10173 23126
10173 23473
10174 10175
10174 10176
10174 23123
10175 23119
10175 23122
10176 23128
10177 10218
10177 22539
10178 10218
10178 22539
10178 22540
10179 10181
10179 10182
10179 10183
10180 10191
10180 10202
10180 10669
10181 10186
10182 10184
10182 10589
10183 10184
10183 10185
10183 10186
10184 10189
10184 12037
10185 10187
10185 10188
10185 10189
10186 10188
10187 10190
10187 10192
10187 10193
10188 10192
10189 10193
10189 12034
10190 10194
10190 10195
10190 10196
10192 10194
10193 10195
10193 12035
10194 10198
10195 10197
10195 12739
10196 10197
10196 10198
10196 10199
10197 12743
10199 10203
10200 10201
10200 10203
10200 10204
10200 10205
10201 10206
10201 13182
10202 10213
10202 10225
10204 10206
10205 13182
10205 13183
10206 14400
10207 12067
10207 13182
10207 13183
10208 10209
10208 10210
10208 15633
10209 10211
10210 10212
10210 12534
10211 10212
10211 10214
10212 15606
10213 10469
10213 10558
10213 10569
10214 10215
10214 10216
10215 10216
10216 15606
10217 22092
10218 10219
10219 22540
10220 10221
10220 10222
10220 23486
10221 10223
10221 10226
10221 13184
10222 12201
10222 12204
10222 13185
10223 10227
10223 23489
10224 10335
10224 10446
10224 10557
10224 10668
10225 10558
10226 10227
10226 10228
10226 10229
10227 10231
10227 13930
10228 10232
10228 13184
10229 10230
10229 10231
10229 10232
10231 13931
10232 14206
10233 10234
10233 10235
10234 11259
10234 13010
10234 15621
10234 15622
10235 12245
10235 13010
10236 10247
10237 12244
10237 12247
10238 22394
10238 22398
10239 10240
10239 22819
10240 22825
10240 22827
10241 10242
10241 10243
10241 13590
10241 16339
10242 14849
10243 10244
10243 10245
10244 13407
10244 13590
10244 13591
10245 10246
10245 10248
10245 13407
10249 13593
10250 17564
10250 17565
10251 10253
10251 10254
10251 22820
10252 10254
10253 22824
10253 22952
10254 22817
10255 10257
10255 17110
10255 22995
10256 10257
10256 10259
10256 17110
10257 10260
10257 13595
10258 10269
10258 10458
10259 10260
10260 13596
10261 10262
10261 10263
10261 10264
10262 10265
10262 23121
10263 13132
10264 10265
10264 10266
10264 13132
10265 13133
10265 13134
10266 10267
10266 10268
10266 13134
10267 19776
10268 13132
10268 19776
10269 10280
10269 10291
10269 10447
10270 13589
10270 14098
10270 14099
10271 10272
10271 10273
10271 16027
10272 10274
10272 10275
10273 10275
10273 23071
10274 10276
10274 10277
10275 10277
10275 23065
10276 10278
10276 10279
10277 10279
10277 23064
10278 14412
10278 16018
10278 23055
10279 16018
10279 23061
10280 10302
10280 10413
10280 10469
10281 10282
10281 23046
10281 23663
10282 10283
10282 10284
10283 10285
10283 12495
10283 23046
10284 10285
10285 23051
10286 10287
10287 13523
10287 23161
10288 23161
10288 23162
10289 12827
10290 10292
10291 10413
10292 15829
10292 18764
10293 10294
10293 18830
10294 10528
10294 14574
10294 24731
10297 10298
10297 10299
10298 10300
10298 10301
10298 12893
10299 12888
10299 12893
10299 13766
10300 10303
10300 24447
10302 10313
10302 10558
10303 12893
10303 12894
10303 24450
10304 10305
10304 10306
10305 13575
10305 13576
10306 10307
10306 10308
10306 13576
10307 10310
10307 12251
10308 10309
10308 10310
10308 10311
10309 12968
10309 13576
10310 10312
10310 13573
10311 10312
10311 10314
10311 12966
10311 14119
10312 12965
10312 14004
10313 10380
10314 12966
10315 10316
10315 24820
10316 10317
10316 10318
10316 10729
10317 10318
10317 10321
10318 10319
10318 10320
10319 10729
10319 13976
10319 14121
10320 10321
10320 13975
10322 13975
10323 10326
10323 14835
10324 10336
10324 10369
10324 10669
10325 14835
10326 10327
10326 10328
10327 10329
10327 20405
10328 14314
10328 14835
10328 20405
10329 12253
10330 15394
10331 10332
10331 10333
10332 14580
10333 10334
10333 14580
10334 10337
10334 24757
10335 12323
10335 17113
10336 10347
10337 12984
10337 14580
10337 15551
10338 10339
10338 10340
10339 10340
10340 10341
10342 10343
10343 10344
10343 10345
10343 10346
10344 10348
10344 15411
10345 14241
10345 15411
10345 15412
10346 21039
10346 21042
10347 10358
10348 10349
10348 10350
10348 10351
10349 10350
10350 10352
10351 14240
10351 15411
10351 15415
10352 15415
10354 15564
10355 10356
10355 10357
10355 16736
10356 10359
10356 12296
10356 14384
10358 10602
10359 12295
10360 10361
10360 24735
10360 24790
10361 14338
10361 15844
10362 10363
10364 10367
10364 12932
10364 16106
10365 10366
10365 10367
10366 10367
10366 16074
10367 16094
10368 21916
10368 21937
10370 12844
10370 15988
10371 10374
10371 16634
10372 10373
10372 10374
10372 15983
10373 15988
10373 17561
10373 17562
10374 16634
10375 16651
10376 10438
10376 11572
10377 13681
10377 15601
10379 10381
10379 10382
10379 15839
10380 10402
10380 10413
10381 10383
10381 10384
10381 12518
10382 12515
10383 10386
10383 17685
10384 10385
10384 10386
10385 11557
10386 11557
10387 10388
10387 14555
10389 10799
10389 14872
10391 10402
10391 14992
10391 24106
10393 22627
10394 10395
10394 18309
10395 13782
10395 18306
10396 22620
10397 10411
10398 10400
10398 18938
10398 22560
10399 13820
10399 22561
10399 22563
10400 10594
10400 13820
10400 22563
10401 22578
10401 22582
10402 14993
10403 10404
10403 11294
10403 13045
10403 22582
10404 22584
10405 14222
10405 22593
10405 22596
10406 20166
10406 20167
10406 20171
10406 22603
10407 14304
10407 22606
10407 22607
10407 22610
10408 14304
10408 22606
10409 22610
10409 22611
10410 10784
10410 14304
10410 22610
10411 22620
10411 22622
10412 10414
10412 10415
10412 10416
10413 14298
10414 10417
10414 11568
10415 10418
10416 10417
10416 10418
10416 10419
10417 10420
10417 11569
10418 14086
10419 10420
10419 10421
10420 11571
10421 14857
10422 10423
10422 10425
10422 10426
10423 10427
10423 11564
10424 16709
10426 10427
10426 10428
10427 10429
10427 11565
10428 10429
10428 10430
10429 10432
10429 11566
10430 10431
10430 10432
10432 11567
10434 10436
10434 10437
10435 10447
10435 10480
10435 16709
10436 10512
10437 14416
10439 12831
10440 10441
10440 10442
10440 10443
10441 13506
10441 15283
10442 15289
10442 15290
10443 13506
10443 13507
10444 21505
10444 23905
10445 14896
10446 13178
10447 10458
10447 10469
10448 10449
10448 10450
10449 22207
10449 22209
10450 10452
10450 12606
10451 10452
10451 11426
10451 22204
10452 22207
10453 10454
10453 10455
10453 22255
10454 22244
10454 22255
10455 22227
10456 10459
10456 10812
10456 22310
10456 24535
10457 22310
10457 22312
10457 24535
10459 10460
10459 10809
10459 22315
10460 12598
10460 14940
10460 22319
10461 12600
10461 22320
10461 22322
10462 10463
10462 24630
10463 19498
10463 20143
10463 22866
10464 22792
10464 22796
10465 10467
10465 11296
10465 22799
10466 22800
10466 22802
10467 11942
10467 22802
10468 22852
10469 10480
10470 13327
10470 20145
10470 22874
10471 13327
10471 14331
10471 22874
10472 22881
10472 22884
10473 10476
10473 12345
10474 10475
10474 22136
10475 12290
10475 14545
10476 12345
10476 22134
10476 22136
10477 10478
10477 11324
10478 11322
10478 11324
10478 11326
10479 13906
10480 10491
10480 10502
10482 13996
10482 13997
10483 13925
10483 14972
10483 16664
10484 10485
10486 22107
10486 23652
10487 12796
10487 16112
10487 23651
10488 10489
10489 22100
10489 22103
10490 16816
10490 23589
10491 10569
10491 10580
10492 23600
10493 23596
10493 23597
10493 23600
10494 10495
10494 10496
10494 10497
10495 10498
10495 14087
10495 15884
10496 10499
10496 11568
10497 10498
10497 10499
10498 10501
10498 12810
10499 10500
10499 11569
10500 11571
10502 16709
10503 10505
10503 10506
10503 10507
10504 10505
10504 11564
10505 10508
10505 11565
10506 10508
10506 10509
10507 10509
10507 14290
10508 10510
10508 11566
10509 10511
10509 13387
10510 11567
10511 13386
10512 10514
10513 10524
10513 10535
10513 10546
10513 14995
10514 14417
10515 10516
10515 10517
10515 10518
10515 10519
10516 10520
10516 10521
10517 11207
10517 24101
10518 10520
10518 11207
10518 11208
10519 10521
10519 24079
10519 24101
10520 12649
10521 11206
10522 10523
10522 10525
10523 16453
10524 11696
10524 12208
10525 10526
10525 10527
10526 13744
10527 12233
10527 12235
10527 12236
10529 13334
10530 12166
10530 12167
10530 13334
10531 18075
10533 10534
10533 10536
10534 10537
10534 14332
10535 12210
10536 10537
10537 10538
10538 10540
10538 12675
10540 12674
10541 12674
10541 12676
10542 12676
10543 10544
10543 10545
10544 10547
10544 13471
10545 10547
10545 10548
10546 14298
10547 10549
10547 13164
10548 10549
10548 10550
10549 10551
10549 13163
10550 10551
10550 23970
10551 10552
10551 11093
10552 23970
10552 23971
10552 23974
10553 10554
10553 10555
10553 23969
10554 12486
10554 23972
10555 10556
10555 10559
10556 12483
10556 12484
10557 11001
10559 10560
10559 10561
10559 12483
10561 10562
10561 10563
10562 10564
10562 12483
10562 12779
10563 10564
10563 10565
10563 11586
10564 10567
10564 12777
10565 10566
10565 10567
10566 10568
10566 10570
10566 15840
10567 16338
10570 10571
10570 10572
10571 13479
10571 13480
10571 15840
10572 10573
10572 10574
10572 13479
10574 10575
10575 10576
10575 13404
10575 13479
10577 10578
10577 20879
10577 20884
10578 10579
10578 10581
10579 10583
10579 13486
10579 20884
10581 10582
10581 10583
10582 10584
10582 10585
10583 10585
10583 13488
10584 10586
10584 10587
10585 10587
10585 13489
10586 10588
10587 10588
10587 13491
10588 13494
10589 12037
10590 12118
10590 17360
10592 10593
10592 18154
10592 23449
10592 23456
10593 13504
10594 12755
10594 18938
10594 21285
10595 10596
10596 16122
10596 16426
10596 16427
10597 13497
10597 17448
10598 10599
10599 10600
10599 13497
10601 10604
10601 10605
10602 10613
10602 10624
10603 10605
10604 10606
10604 21362
10605 10606
10605 13498
10606 11542
10607 10608
10607 10609
10607 19058
10608 10610
10609 10610
10609 12656
10609 19060
10611 24983
10611 24984
10611 24987
10613 10713
10613 24104
10614 10615
10614 17932
10615 12309
10615 12310
10615 17936
10616 10617
10616 24665
10616 24667
10616 24670
10617 17408
10617 17410
10619 10620
10620 10621
10620 10622
10620 10623
10621 10625
10622 10626
10622 11938
10623 10625
10623 10626
10623 10627
10624 10635
10625 10628
10626 10629
10626 13955
10627 10628
10627 10629
10630 10631
10630 10632
10630 14543
10631 12928
10631 12930
10632 10633
10633 11854
10633 12931
10633 14626
10634 10636
10635 10646
10635 10657
10636 10637
10637 23723
10639 10640
10639 22287
10641 10642
10642 13442
10642 13443
10644 13443
10645 10648
10646 10802
10646 10813
10647 10648
10648 13633
10648 13634
10650 19249
10650 24214
10650 24216
10650 24219
10651 19249
10651 19250
10651 19253
10651 24219
10652 10653
10652 19341
10652 24205
10653 19343
10653 19347
10653 24207
10654 10655
10655 22967
10656 10658
10657 10835
10657 18450
10658 14484
10658 21863
10659 14462
10660 10661
10660 10662
10660 10663
10661 16449
10663 16968
10663 16970
10665 10666
10665 10667
10666 19645
10667 19658
10668 10902
10668 17091
10670 10671
10670 18745
10670 19637
10670 21747
10672 10673
10672 10674
10672 19632
10673 10675
10673 10676
10673 19629
10674 10676
10674 13868
10677 17221
10677 17222
10677 19652
10678 10679
10678 10681
10678 19544
10679 10682
10679 10683
10679 19545
10680 10691
10680 10702
10680 15329
10680 16374
10681 10682
10681 13853
10682 12320
10682 16600
10683 10684
10683 19548
10684 10685
10684 19552
10685 12571
10685 12572
10686 12571
10686 13745
10686 13746
10687 10689
10687 13815
10688 10689
10688 10690
10688 18412
10690 18416
10690 19563
10690 19564
10691 10713
10691 13737
10692 13854
10692 14804
10692 18411
10693 10694
10693 10695
10694 12092
10694 12093
10695 10696
10695 12093
10695 19589
10696 10697
10697 12093
10697 14364
10697 14365
10698 10699
10699 14685
10700 14516
10701 13177
10702 13737
10702 15330
10703 10704
10703 10705
10703 14106
10704 14105
10705 10706
10705 10707
10706 14816
10706 14817
10707 12550
10707 12551
10707 14105
10708 13086
10708 15974
10708 15975
10709 16380
10709 17167
10710 10711
10710 21122
10711 16358
10711 21119
10712 13092
10712 21119
10712 21121
10713 10724
10714 24827
10715 10716
10715 20020
10715 24827
10716 20023
10717 13940
10717 14659
10717 24835
10718 10719
10718 10720
10718 13973
10719 10722
10719 14272
10719 15053
10720 10722
10720 13974
10721 10722
10721 10723
10721 14656
10722 10725
10722 12587
10723 10725
10723 10726
10724 13737
10724 13810
10725 10727
10726 10727
10726 14657
10727 12586
10727 15054
10728 13660
10728 24069
10728 24071
10729 10730
10729 24820
10730 10731
10730 13976
10730 14107
10731 24820
10731 24822
10731 24826
10732 13978
10732 24838
10732 24839
10732 24842
10733 10734
10733 21519
10734 10736
10734 10737
10734 21518
10735 18444
10735 22298
10737 10738
10738 10739
10738 18520
10739 13750
10739 21518
10741 10742
10741 10743
10742 11584
10742 21579
10743 13882
10743 15131
10743 21568
10744 10745
10744 10747
10745 10748
10745 22865
10746 15180
10747 10748
10748 22863
10749 10750
10749 13331
10749 13341
10749 17085
10750 10751
10750 10752
10750 17137
10751 10753
10751 10754
10751 23614
10752 17082
10752 17084
10753 22784
10753 22787
10754 10755
10754 23615
10755 22791
10755 22795
10756 10758
10756 10759
10756 10760
10757 14999
10757 15180
10758 10761
10759 11297
10759 11298
10760 10761
10760 22795
10760 22798
10761 22803
10762 22872
10763 10764
10763 10765
10763 24634
10764 20148
10764 20149
10764 23618
10765 23618
10765 24637
10766 10767
10767 10769
10768 15180
10768 18439
10769 22853
10769 22855
10770 10771
10770 10772
10770 10773
10770 20828
10771 10774
10771 10775
10771 10776
10772 12522
10773 10775
10773 14637
10773 20825
10774 10777
10774 10778
10775 10778
10775 14638
10776 12522
10776 12523
10777 14551
10778 14639
10779 10890
10779 11001
10779 11114
10779 11225
10781 11117
10782 11117
10782 11412
10783 14331
10785 10786
10785 22608
10785 22613
10786 10787
10786 13889
10787 10788
10787 14643
10788 10789
10788 13855
10789 10792
10789 12557
10790 10792
10790 24538
10791 18444
10791 18445
10792 24540
10793 14640
10793 17875
10794 17875
10796 12763
10796 12765
10796 18105
10797 12505
10798 10799
10798 10800
10799 11149
10799 24289
10800 24289
10800 24292
10801 10803
10801 10804
10801 10805
10802 22299
10802 22336
10803 14552
10804 14645
10806 20970
10808 10809
10808 10810
10808 10811
10809 10812
10809 12598
10810 10812
10810 24546
10811 12598
10811 14948
10812 24524
10813 10824
10813 22336
10814 23187
10814 23188
10815 23198
10816 20431
10816 23198
10817 10818
10817 20429
10817 20430
10817 20449
10818 10819
10818 23203
10819 20449
10820 10821
10821 10822
10821 14124
10822 13203
10823 18651
10823 18654
10824 10835
10824 10846
10824 10857
10825 18651
10825 18653
10826 18659
10826 23227
10827 13028
10827 14172
10828 14627
10829 15810
10830 12590
10831 10833
10831 13212
10832 13212
10833 10834
10833 15509
10834 13252
10835 18452
10836 18638
10836 18642
10837 10838
10837 12305
10837 18687
10838 10839
10838 10840
10839 12305
10839 15108
10840 18689
10840 18693
10841 10842
10841 13208
10842 15401
10842 15436
10843 10844
10843 18667
10844 15321
10844 18670
10845 10847
10845 10848
10845 13210
10846 22299
10846 22336
10847 10849
10847 10850
10847 14680
10848 14624
10848 14680
10849 10851
10849 10852
10850 13210
10851 12408
10851 14680
10851 14682
10852 10853
10852 10856
10852 12408
10853 10854
10853 10855
10853 10856
10854 10858
10854 12408
10855 10858
10855 19937
10857 14837
10857 18452
10858 14329
10858 19941
10859 10860
10859 18707
10860 14260
10860 19940
10860 23426
10861 12382
10861 16024
10861 23063
10862 10864
10862 12371
10862 23063
10863 10864
10863 16013
10863 23063
10865 10867
10865 10869
10865 22992
10865 22996
10866 10869
10866 22996
10867 12369
10867 22991
10868 10879
10869 12369
10870 10871
10870 22950
10870 22951
10870 22954
10871 10872
10871 12373
10872 22950
10873 11776
10873 23140
10873 23141
10873 23143
10874 11776
10874 11778
10874 12374
10874 23141
10875 10876
10875 12374
10875 23137
10876 12375
10876 23133
10876 23134
10877 12375
10877 16448
10877 23133
10878 12376
10878 23112
10878 23114
10878 23119
10880 12372
10880 22946
10881 12366
10881 23052
10882 16976
10882 23042
10882 23044
10882 23048
10883 16976
10883 23042
10884 10885
10884 23032
10885 10886
10885 23029
10886 12367
10886 23028
10887 12380
10887 23073
10890 10902
10890 19924
10891 10902
10891 10913
10891 14558
10891 19924
10892 10893
10892 10894
10892 10895
10893 10896
10894 13912
10895 13912
10896 10898
10896 12641
10897 13171
10898 24036
10899 24035
10899 24036
10899 24040
10900 10903
10900 24032
10900 24033
10900 24038
10901 10903
10901 10904
10901 24038
10903 10905
10904 10905
10904 10906
10904 12504
10905 12504
10906 10907
10906 10908
10907 10910
10907 12502
10907 12504
10908 10909
10908 10910
10908 10911
10910 12642
10912 10915
10913 17102
10914 10915
10914 10916
10915 10917
10915 11556
10916 10917
10916 10918
10920 10921
10921 12643
10921 17258
10924 10935
10924 14780
10924 17057
10924 19902
10925 12024
10925 12026
10926 10938
10926 23496
10926 23499
10929 21678
10929 21681
10930 10932
10931 10932
10931 10933
10933 11342
10933 14103
10934 10936
10935 17069
10935 17102
10936 10937
10938 23496
10938 23497
10938 23499
10940 12645
10941 10942
10941 10943
10941 10944
10942 10945
10942 10947
10942 10948
10943 10955
10943 14678
10944 10948
10944 10956
10944 14860
10945 10949
10945 10950
10946 10957
10946 10968
10946 10979
10947 14678
10947 15166
10948 10950
10948 13013
10948 14860
10949 15165
10950 12593
10951 10952
10951 10953
10951 10954
10952 10955
10952 10956
10953 10956
10953 11234
10953 23968
10954 13260
10954 23957
10955 13260
10955 13510
10956 11233
10957 10990
10957 15000
10958 10959
10958 10960
10959 15055
10960 10961
10960 10962
10960 15057
10961 13972
10961 13973
10962 13972
10962 15060
10962 18192
10963 13972
10963 18186
10963 18188
10963 18192
10964 13975
10964 13976
10964 13977
10965 13977
10966 13977
10966 13978
10966 13979
10967 10969
10967 10970
10967 10971
10967 10972
10968 11002
10968 11013
10969 15134
10969 15135
10970 10973
10970 13883
10970 13884
10971 10973
10974 10975
10974 10976
10974 10977
10974 10978
10975 10980
10975 10981
10976 11220
10976 11221
10977 10980
10977 11121
10977 11221
10978 11219
10978 11220
10979 15945
10980 11123
10980 12639
10981 11219
10981 12639
10983 10984
10983 14578
10984 11530
10984 11532
10985 10986
10985 10987
10985 10988
10986 10989
10988 14684
10989 10991
10990 14987
10992 14170
10993 14170
10993 14833
10994 14897
10994 19908
10994 23890
10995 12889
10995 12890
10995 12895
10996 25252
10996 25255
10996 25257
10997 15005
10997 15008
10997 15015
10997 15505
10998 21249
11000 16333
11000 25219
11002 17024
11004 13520
11005 12479
11006 23639
11007 23641
11007 23642
11009 13369
11010 11011
11010 11012
11010 20950
11011 15617
11011 16404
11012 14772
11014 11015
11016 13890
11017 11018
11017 11019
11017 17356
11018 20741
11018 21682
11019 17010
11019 21682
11021 20903
11022 11023
11022 20904
11022 20907
11023 11027
11023 20900
11023 20901
11025 11026
11025 11027
11025 11028
11026 11030
11026 11282
11026 20907
11027 11029
11027 14588
11028 11029
11028 11030
11028 11031
11029 11033
11029 11666
11030 11032
11030 11284
11031 11032
11031 11033
11031 11034
11032 11036
11032 11288
11033 11037
11033 14589
11034 11036
11034 11037
11034 11038
11035 11046
11035 11057
11035 11090
11035 11148
11036 11290
11037 14590
11037 14591
11038 11039
11038 14591
11039 11040
11040 14591
11041 11042
11041 11043
11042 11044
11042 11045
11043 11044
11043 14563
11044 14564
11045 16620
11045 16742
11046 16190
11046 16192
11047 11048
11047 11049
11047 14437
11048 14436
11049 11050
11049 11051
11050 11052
11050 12168
11050 14595
11051 11052
11051 11053
11053 12170
11053 12171
11054 11055
11054 11056
11054 19104
11055 16396
11056 11331
11058 11059
11058 15835
11059 12052
11060 11061
11060 11062
11060 11063
11061 11072
11061 11073
11062 11076
11062 14594
11063 14594
11063 14711
11064 11066
11064 16198
11064 18949
11065 11067
11065 16684
11065 18949
11066 11067
11066 11069
11067 16684
11068 11079
11068 11090
11068 11170
11068 17935
11069 12657
11069 12659
11070 14480
11070 14482
11072 11074
11072 11075
11072 11076
11073 13042
11074 11077
11074 11078
11075 11077
11075 13042
11075 13043
11077 11275
11078 11081
11080 11081
11081 13405
11082 16392
11083 11084
11086 12042
11087 11088
11087 11089
11088 16134
11089 15696
11089 16318
11090 11101
11091 14009
11091 23955
11091 24460
11092 13473
11092 23974
11092 23975
11092 23980
11093 13163
11093 13473
11093 23974
11094 13473
11094 23980
11095 12907
11095 20734
11095 23986
11095 23987
11096 12904
11096 12906
11096 21216
11097 22857
11097 23402
11098 15280
11098 17286
11098 17288
11099 17288
11100 13430
11100 15660
11101 11148
11101 11170
11101 11181
11102 13432
11102 13433
11102 21582
11103 21580
11103 21581
11103 21584
11104 11994
11104 21584
11104 21585
11105 11106
11105 11608
11107 17869
11108 11109
11108 15069
11108 15080
11108 15114
11109 13428
11109 13429
11109 15125
11110 13609
11110 15791
11110 20085
11111 11194
11111 20085
11112 15096
11112 16365
11113 12224
11113 13335
11113 15673
11114 11961
11114 19913
11115 16840
11115 17935
11116 22510
11117 11411
11118 11119
11118 11120
11118 11121
11119 11122
11119 11123
11120 15162
11121 11123
11121 15162
11122 11124
11122 11125
11123 11127
11124 11128
11125 11223
11126 11137
11126 11170
11126 15248
11126 16840
11127 11128
11127 11129
11129 12639
11129 12640
11130 11131
11130 12142
11131 11132
11131 12141
11133 19476
11134 11135
11135 11136
11135 11138
11135 11139
11136 11138
11136 12756
11137 12248
11138 15874
11139 16857
11140 22732
11140 22755
11140 22758
11141 14405
11141 15874
11142 24884
11143 19218
11144 11145
11144 11146
11144 24304
11145 11147
11145 24305
11146 11147
11147 13927
11148 11159
11148 12226
11149 11150
11149 24287
11151 19219
11151 19220
11151 19225
11151 24294
11152 11153
11152 24309
11153 14419
11154 11155
11155 11156
11156 14667
11156 14668
11157 11158
11157 11160
11158 14888
11159 15362
11159 21501
11160 14345
11160 14888
11161 11162
11161 11163
11162 11164
11162 12959
11164 21111
11164 21115
11165 15736
11165 16732
11166 15736
11166 16247
11166 16280
11167 11168
11167 11737
11167 16607
11168 11735
11168 20064
11169 11730
11170 12036
11171 11366
11172 11366
11172 20033
11173 11176
11173 11366
11173 11705
11173 20038
11173 21142
11174 11175
11174 11176
11174 21142
11175 11177
11175 21147
11176 11741
11176 11742
11177 11178
11177 21149
11178 11179
11178 11726
11178 14127
11179 11180
11179 11182
11180 14127
11180 21152
11180 21155
11181 12014
11181 12036
11181 12226
11182 11183
11182 11184
11182 21155
11183 11185
11183 11186
11184 11726
11184 11727
11184 11728
11185 13105
11185 21155
11185 21156
11186 16962
11186 16963
11187 11746
11187 16963
11187 20047
11188 11189
11190 11748
11190 19997
11191 20000
11193 11457
11194 13427
11194 20011
11196 11749
11196 13355
11197 11750
11197 16370
11198 11199
11198 11200
11199 11779
11199 16120
11200 16452
11201 16392
11202 11845
11203 14986
11203 14987
11204 11205
11204 24079
11204 24090
11205 11206
11205 11845
11206 11843
11206 24079
11207 11211
11208 11209
11208 11210
11208 11211
11209 11212
11209 11213
11209 11215
11210 11212
11210 12649
11210 13016
11211 11213
11212 11217
11212 13016
11213 11216
11214 11226
11214 11237
11215 11216
11215 11217
11216 16066
11217 13017
11217 14881
11218 11220
11221 15162
11222 11223
11222 11224
11222 11227
11223 11228
11223 13012
11224 11229
11225 11959
11225 11960
11225 11961
11226 11873
11226 17510
11227 11228
11227 11229
11227 11230
11228 11231
11228 11561
11229 11232
11230 11231
11230 11232
11231 23902
11231 23904
11232 24001
11233 11234
11234 23990
11235 23927
11237 16100
11238 11239
11238 11240
11238 14385
11239 11735
11239 15468
11239 20064
11240 11241
11240 14032
11241 14181
11241 14385
11242 11243
11242 24707
11243 15118
11243 15465
11244 11245
11244 11246
11244 14384
11245 14384
11245 21022
11245 21027
11246 15148
11246 21023
11247 11249
11247 21644
11247 21647
11248 11259
11248 11270
11248 11281
11248 11292
11249 11250
11249 24335
11249 24368
11250 18586
11250 21647
11250 24691
11251 16396
11251 19105
11252 11253
11252 11254
11253 11255
11253 16396
11254 11255
11254 11256
11256 16095
11257 11258
11258 11540
11259 11281
11259 15626
11261 11416
11262 11263
11263 11264
11263 11265
11263 11266
11264 13153
11265 11267
11265 13039
11266 11267
11266 13153
11267 13040
11268 11269
11268 11271
11268 14278
11269 11272
11269 11273
11269 13043
11270 11406
11270 11407
11270 11408
11271 13042
11271 13043
11272 11274
11272 11275
11272 13406
11273 13406
11273 14277
11273 14278
11275 13043
11278 11279
11278 20910
11278 20911
11278 20916
11279 11280
11279 11282
11279 11283
11280 11285
11280 20916
11281 21768
11282 11284
11282 20911
11283 11284
11283 11285
11283 11286
11284 11288
11285 11287
11286 11287
11286 11288
11286 11289
11287 11291
11288 11290
11289 11290
11289 11291
11291 11293
11292 20834
11293 18978
11296 22796
11298 22795
11298 23615
11299 12829
11300 11301
11300 16341
11301 14933
11302 12983
11303 11314
11303 11325
11303 11337
11304 11305
11304 11306
11304 11307
11305 11309
11306 11310
11306 12491
11307 11308
11307 11309
11307 11310
11308 11311
11308 11312
11308 13046
11309 11311
11310 12490
11310 13046
11311 12494
11311 12793
11312 11313
11312 11315
11312 12793
11313 11316
11313 11317
11314 21102
11314 24577
11315 12791
11315 13046
11315 13048
11316 12793
11316 12794
11316 16340
11318 24005
11318 24008
11320 13999
11321 11323
11321 24564
11322 11323
11322 24564
11324 13906
11326 13908
11326 13994
11328 13513
11329 13515
11329 21097
11329 21098
11330 21098
11330 21100
11331 19099
11332 11333
11333 11335
11334 16120
11336 11447
11336 11558
11336 14558
11336 19913
11338 11339
11339 11340
11339 11341
11341 11342
11341 14101
11342 13917
11343 14895
11343 16047
11343 21500
11344 22321
11345 11347
11345 20407
11345 20408
11346 11717
11346 20407
11347 11349
11347 11350
11347 14144
11348 11359
11348 11370
11348 11381
11348 20546
11350 11351
11350 11352
11351 14141
11351 14143
11351 14144
11352 11353
11352 11354
11352 14143
11355 11356
11355 20467
11355 21526
11356 11988
11356 11992
11357 11720
11357 20467
11357 20469
11357 20472
11358 11719
11358 11720
11358 20467
11359 11403
11359 12647
11360 11720
11360 18534
11360 20472
11361 13874
11361 18395
11361 22024
11362 11363
11362 11701
11362 20448
11362 20449
11363 11702
11363 20454
11364 11702
11364 17842
11364 20454
11365 20411
11366 20036
11367 20031
11367 20032
11367 20037
11368 11369
11369 11371
11369 11372
11370 11392
11370 11403
11370 20535
11371 11613
11372 11373
11372 11374
11372 11613
11374 11375
11374 11376
11375 11611
11375 11612
11375 11613
11376 11377
11376 11378
11376 11612
11378 11707
11378 20436
11378 20440
11379 11380
11379 11707
11379 11708
11379 20440
11380 11383
11380 20443
11381 12470
11381 12647
11381 14415
11381 19946
11382 11711
11382 20444
11382 20445
11383 11709
11383 11711
11383 20444
11384 14799
11384 18230
11384 18233
11385 11386
11385 11387
11385 25144
11386 11388
11386 25147
11387 11388
11387 13140
11388 13142
11388 14194
11390 11391
11390 11521
11390 17574
11391 11521
11391 12138
11392 11436
11392 12803
11392 12814
11393 15129
11393 22442
11393 22768
11394 11395
11394 14523
11395 12660
11396 11397
11396 11398
11398 11677
11398 14477
11399 11400
11399 11401
11399 11721
11400 11721
11401 11402
11403 12725
11403 12736
11404 11671
11405 13121
11405 20598
11406 11409
11406 14979
11407 11410
11407 15624
11408 14856
11409 11410
11409 20252
11410 15624
11411 17695
11413 23079
11413 23081
11413 23083
11414 11425
11414 11436
11414 11448
11414 11459
11415 23083
11418 12282
11419 14465
11420 11422
11420 14465
11422 14483
11422 21867
11423 11424
11424 11426
11427 11429
11427 11430
11428 11430
11429 11431
11429 11432
11430 11434
11432 11433
11432 11434
11435 17822
11435 17828
11436 12814
11436 14091
11436 20490
11437 17028
11438 16825
11438 17015
11438 17022
11439 11440
11439 11441
11440 14208
11440 14254
11441 11442
11441 11443
11441 14254
11442 11444
11442 14727
11443 13517
11443 14726
11444 13253
11444 14254
11445 11446
11445 14239
11445 17023
11446 11449
11446 11450
11448 20446
11448 23646
11449 12087
11449 14239
11450 11451
11450 11452
11451 12590
11452 12087
11452 12150
11453 11454
11453 23522
11453 23789
11454 13667
11454 13668
11456 11964
11457 11458
11457 11460
11458 11461
11458 11462
11459 20446
11459 20457
11459 20490
11460 11462
11460 14178
11462 14177
11463 13937
11463 14248
11463 14752
11464 14248
11465 14248
11466 14693
11467 21045
11468 11469
11468 14243
11469 12718
11470 23646
11470 23668
11471 11472
11471 12718
11471 12719
11472 14151
11472 14244
11473 14151
11474 11475
11474 14151
11474 14245
11475 11895
11476 21545
11476 21554
11476 21558
11477 18560
11477 21545
11478 11479
11478 11480
11478 13253
11478 14727
11479 11482
11479 11483
11479 13254
11480 13254
11480 13517
11480 13518
11481 20402
11481 20446
11481 23646
11481 23679
11482 11484
11482 13253
11483 11484
11483 11485
11483 13255
11484 13953
11485 13953
11486 11487
11487 13952
11490 15759
11491 11493
11492 11503
11492 11514
11493 12355
11493 15759
11494 14572
11495 22474
11496 15834
11496 19644
11497 18754
11497 21752
11498 11499
11498 20573
11498 20575
11498 22488
11499 12870
11499 22489
11500 11501
11500 18751
11500 18752
11500 18756
11501 11502
11501 11504
11501 13563
11502 18756
11504 11505
11504 11506
11505 11507
11505 13563
11505 19631
11506 11507
11507 13565
11507 13566
11510 11511
11511 11512
11511 11513
11511 22460
11512 11513
11512 16702
11512 22464
11516 19615
11517 13568
11517 20329
11518 11519
11520 12138
11521 11522
11521 11523
11522 12137
11522 12138
11523 17576
11524 11526
11525 11536
11525 11547
11525 11559
11527 16361
11528 11537
11528 13602
11529 11530
11530 11531
11531 11532
11531 15818
11532 15819
11533 11534
11533 11535
11533 24116
11534 24115
11535 12393
11536 15012
11539 11546
11540 11541
11542 13498
11542 15469
11542 17117
11543 13498
11543 13499
11543 17117
11543 17118
11544 20230
11546 11548
11546 11549
11547 15012
11547 15021
11548 13756
11549 22521
11549 22522
11549 22523
11550 11551
11550 11552
11550 14498
11551 11553
11551 11554
11553 11555
11554 13926
11554 14497
11554 14498
11555 11556
11557 17687
11558 12583
11558 17046
11560 11562
11560 11563
11560 23904
11561 11563
11561 13012
11561 23904
11562 14096
11563 12640
11564 11565
11564 14683
11565 11566
11566 11567
11568 11569
11569 11571
11570 16922
11572 16651
11573 11574
11573 11575
11574 13970
11574 15130
11575 13882
11575 15130
11576 11578
11576 11579
11576 13403
11576 13887
11577 11579
11577 12542
11577 13403
11577 13414
11578 11580
11579 12544
11579 14214
11580 11582
11580 11583
11580 11584
11581 11603
11581 15020
11582 12549
11582 14214
11582 14271
11583 14212
11584 14271
11587 12309
11587 12311
11589 11595
11590 13939
11591 11593
11591 11594
11591 11595
11592 14247
11592 14280
11593 11596
11593 11597
11593 11598
11594 11596
11594 13569
11595 11597
11595 12346
11596 11599
11596 12963
11597 12347
11597 12349
11598 11599
11598 11600
11598 12349
11599 24836
11600 12351
11600 24836
11601 12341
11602 11604
11602 11605
11602 22134
11603 16913
11604 11605
11605 11606
11606 14841
11606 22130
11606 22134
11607 15453
11608 13192
11610 12340
11610 16332
11612 20438
11614 12224
11614 14909
11614 16216
11615 11616
11615 11617
11616 12330
11617 11618
11617 11619
11617 12330
11618 12628
11619 11620
11619 11621
11619 13942
11620 12330
11620 12331
11621 11622
11621 11623
11621 11624
11622 12626
11622 13942
11623 11626
11624 11626
11624 11629
11625 12224
11625 19379
11626 13106
11627 11628
11627 11629
11627 11630
11627 13933
11628 12332
11628 12334
11628 13106
11629 12629
11629 13106
11630 11631
11630 12334
11630 14752
11631 11915
11631 13933
11631 13935
11632 13791
11632 13793
11633 11634
11635 11637
11635 12054
11635 14489
11636 11670
11636 15677
11639 11641
11640 11641
11641 12045
11643 11644
11643 11645
11643 12046
11644 11648
11644 14438
11645 11646
11645 11648
11647 11681
11647 16218
11648 12168
11649 11650
11650 12032
11650 12740
11651 18973
11652 11653
11652 11654
11652 18972
11654 11655
11654 11656
11656 11657
11657 11659
11657 17376
11658 11670
11658 15557
11658 20801
11659 16198
11661 20894
11661 20895
11662 11663
11662 20897
11663 14807
11664 11665
11664 12044
11665 11666
11666 14588
11666 14589
11667 16615
11668 15674
11669 11780
11669 11891
11669 16837
11669 17046
11670 11681
11671 17710
11671 17714
11672 17000
11672 17409
11672 24675
11673 11674
11673 14560
11673 15989
11674 11675
11676 11677
11676 14477
11678 11679
11678 11680
11678 13221
11679 11682
11681 19357
11682 13221
11682 14422
11682 14423
11683 11684
11683 11685
11683 11686
11683 11687
11684 15059
11685 11689
11685 15060
11686 12588
11686 13816
11687 11688
11687 11689
11687 13816
11688 18194
11688 18197
11688 18201
11689 18192
11689 18194
11690 11976
11690 12217
11691 11694
11691 17804
11692 11703
11692 11714
11692 20869
11693 11694
11693 12211
11693 17804
11695 11696
11695 21824
11695 21827
11697 11698
11697 11699
11697 11700
11698 12578
11698 20464
11699 18206
11699 18208
11700 13817
11701 11702
11703 20880
11703 21954
11703 24897
11704 17840
11705 11706
11705 11741
11706 20037
11706 20067
11709 11710
11710 11711
11710 11712
11712 11718
11713 11715
11713 11716
11713 11717
11713 11718
11714 11725
11714 11769
11715 20404
11716 25001
11719 21526
11724 13051
11724 13052
11725 11747
11725 21954
11726 11742
11727 16963
11727 24562
11728 12619
11728 24562
11729 11730
11729 11731
11729 12284
11730 15448
11730 15451
11731 11732
11731 11733
11732 12284
11732 13827
11732 14385
11733 11734
11733 11735
11733 14385
11734 15471
11734 15474
11735 15471
11736 11747
11736 11781
11736 15667
11736 15668
11736 15672
11736 16217
11737 14351
11737 20059
11737 20064
11738 20053
11738 20056
11739 20048
11739 20050
11739 20053
11740 20026
11740 20028
11740 20033
11741 20065
11741 20071
11742 20071
11743 11744
11743 11745
11743 15791
11744 13611
11746 11748
11749 13355
11750 13787
11751 12757
11752 11754
11752 12757
11753 12716
11754 12715
11754 12716
11755 24654
11756 13074
11756 24654
11757 11759
11757 11760
11757 22033
11758 20869
11759 14530
11759 22031
11760 17101
11762 15592
11763 20505
11763 20510
11765 21303
11766 11767
11767 11768
11767 11770
11768 11771
11769 15374
11769 15375
11769 16481
11770 11771
11771 11772
11774 11775
11774 14099
11774 17249
11775 13295
11775 23140
11775 23144
11776 11777
11777 15427
11777 23143
11780 12002
11780 13812
11781 11792
11781 16481
11781 16751
11782 11783
11782 11784
11782 22078
11783 11871
11785 12695
11785 12699
11785 12700
11786 11787
11786 11788
11786 11789
11788 11789
11788 11944
11789 15773
11790 11791
11790 11793
11790 12587
11790 14272
11791 11798
11791 12759
11792 16215
11792 16216
11792 16479
11793 13819
11794 11795
11794 11796
11794 12949
11794 12950
11795 12950
11795 18166
11796 11797
11796 18170
11797 11798
11797 12760
11798 18173
11799 15065
11799 22635
11800 11801
11800 11802
11800 11805
11801 11805
11801 13655
11801 13657
11802 13332
11803 15686
11804 11805
11804 14303
11806 14542
11806 16089
11806 21922
11807 11808
11807 19885
11808 19884
11809 11810
11809 12866
11810 14476
11811 24798
11812 11813
11813 11815
11813 11816
11813 11817
11814 11825
11814 15674
11814 15677
11815 11819
11816 11818
11816 14290
11817 11818
11817 11819
11817 11820
11818 11821
11818 13387
11819 11822
11820 11821
11820 11822
11821 13386
11823 11824
11823 14417
11824 14418
11825 15400
11825 17508
11826 11827
11826 11828
11826 11829
11826 11830
11827 11833
11827 15882
11828 11831
11828 14087
11828 15883
11829 15882
11829 15883
11830 11831
11830 11832
11830 11833
11831 11834
11831 12810
11832 11834
11832 11835
11832 11837
11833 11835
11834 11838
11834 12809
11836 11847
11836 11858
11836 19379
11837 11838
11839 11842
11839 13858
11839 16499
11840 16499
11841 11842
11841 14070
11842 14210
11842 15110
11843 11844
11843 11845
11844 13015
11844 24857
11846 23670
11847 11858
11847 12991
11847 13014
11848 11849
11849 13516
11849 23701
11851 11852
11851 11853
11852 23773
11853 23526
11854 23712
11855 13799
11858 16353
11859 21181
11859 21184
11860 17985
11860 17988
11861 11862
11861 11863
11862 11864
11862 12921
11864 11865
11865 12921
11865 12922
11866 11867
11866 15781
11866 21223
11867 14764
11867 15769
11868 14764
11868 14946
11868 21223
11869 11880
11869 15600
11869 20785
11870 16400
11870 16401
11870 16403
11871 12121
11871 12122
11871 22078
11872 17511
11873 17511
11876 16263
11877 11878
11877 18617
11878 11904
11878 11906
11879 14115
11880 17120
11880 17320
11881 11882
11882 11883
11882 11884
11883 11962
11884 11963
11885 11886
11885 11887
11885 15409
11886 14723
11887 11888
11887 11889
11888 11893
11888 13085
11888 15408
11889 11890
11889 11893
11890 13032
11891 12225
11891 13891
11891 14447
11892 11903
11892 17010
11892 17355
11893 11894
11893 24569
11894 24572
11895 14245
11895 14724
11896 21540
11896 21550
11897 11898
11897 11899
11897 21550
11898 11900
11898 11901
11898 12012
11899 12012
11901 11902
11901 11904
11902 12012
11902 13063
11903 12020
11903 15587
11904 11905
11904 13063
11905 18617
11906 18560
11907 11908
11907 11909
11908 18220
11908 18225
11908 22679
11909 14776
11909 15075
11909 22679
11910 18219
11910 18220
11910 18223
11910 18459
11911 18459
11911 18460
11912 11913
11912 11915
11913 12627
11913 13933
11913 13934
11914 11925
11914 11936
11914 15587
11916 11917
11916 11918
11916 12073
11917 11919
11917 12072
11918 12068
11919 12073
11919 12086
11919 14783
11920 11921
11920 14783
11920 14811
11921 14779
11921 14809
11922 11923
11923 11924
11924 11926
11924 11927
11925 15324
11925 23460
11927 11928
11928 11929
11928 11930
11930 11931
11930 11932
11931 11932
11931 11935
11932 11933
11932 11934
11933 22544
11934 11935
11934 11937
11935 13956
11936 11947
11936 13269
11937 11939
11937 13956
11938 11939
11938 11940
11938 13955
11939 13954
11945 15773
11946 12708
11946 15773
11947 11958
11947 11969
11948 11949
11948 24607
11948 24608
11948 24610
11950 21888
11951 11952
11953 23102
11953 23124
11954 12312
11954 12313
11955 12312
11957 12322
11957 17514
11958 13291
11958 16254
11960 12323
11962 16960
11962 21159
11964 11965
11966 11967
11966 15795
11967 11968
11967 13607
11967 13608
11968 11971
11968 17064
11969 16510
11969 16511
11969 16512
11970 13610
11970 17064
11971 15527
11971 17064
11972 12283
11972 22178
11973 12219
11973 12220
11974 11975
11974 11976
11974 12219
11975 11977
11975 11978
11975 13739
11976 12218
11976 13739
11977 11979
11977 13352
11977 13353
11978 12219
11978 13353
11978 13740
11980 11991
11980 12003
11980 12014
11980 12058
11981 11982
11982 11983
11983 11984
11983 11985
11983 21669
11985 12977
11985 21511
11986 13751
11987 11988
11987 11989
11987 13751
11988 13008
11989 11990
11989 11992
11990 13751
11990 13752
11990 20470
11991 12069
11991 12259
11991 12270
11992 20466
11992 20470
11993 21577
11994 11995
11994 21586
11995 11996
11995 21588
11995 21592
11996 16082
11997 16082
11997 21592
11997 21593
11998 15392
11999 15392
11999 21614
12000 12994
12000 21617
12000 21618
12000 21622
12001 14138
12001 14139
12001 21640
12002 12113
12002 12225
12002 13813
12003 12069
12003 12158
12003 12169
12004 12272
12004 24692
12005 12273
12005 14354
12006 12007
12006 14354
12007 23768
12008 12009
12008 21658
12008 21660
12009 12010
12009 12011
12010 14426
12011 12117
12013 12016
12013 12017
12014 12025
12014 12259
12015 12017
12016 12635
12016 16621
12017 13055
12017 13753
12018 16621
12018 21537
12019 12020
12019 17011
12019 21695
12020 15589
12021 23151
12022 12024
12022 12026
12022 20777
12023 12026
12023 12982
12023 20777
12024 12027
12025 12036
12025 12047
12025 12058
12027 15299
12028 12924
12028 19682
12028 20794
12029 16068
12029 19681
12029 19687
12029 20794
12030 18335
12030 21191
12031 12032
12031 12033
12031 12034
12032 12035
12033 12037
12034 12035
12034 12037
12035 12739
12036 12248
12038 12039
12038 12040
12039 12041
12039 12119
12039 12120
12039 14565
12040 13126
12040 14565
12041 12042
12041 17360
12042 12120
12044 13094
12047 12248
12047 19980
12047 19991
12048 13982
12048 24052
12049 22782
12050 13331
12050 17137
12050 17327
12052 15837
12053 15646
12054 16101
12054 17554
12055 12056
12055 12057
12055 25078
12056 14571
12057 14571
12058 12158
12058 19980
12059 12060
12060 13405
12061 12062
12061 12063
12062 12065
12062 13068
12063 18603
12063 21542
12064 12066
12064 21412
12065 12066
12067 14395
12068 12070
12068 12071
12068 12072
12069 12080
12069 12091
12070 14408
12070 16955
12071 14943
12072 14811
12072 16955
12073 12074
12076 12077
12076 14609
12076 14610
12077 12078
12078 12079
12078 12081
12078 15047
12079 12083
12080 15133
12080 15359
12081 12082
12081 12083
12082 12083
12082 12084
12083 12085
12084 12085
12085 17105
12086 14829
12088 13356
12088 15326
12089 15326
12091 12381
12095 12096
12095 12954
12097 12099
12097 12100
12097 12101
12098 12100
12099 12103
12099 14889
12099 17208
12100 14374
12100 14889
12101 17208
12102 12114
12102 12125
12102 12136
12102 12147
12103 14349
12103 17206
12103 17207
12104 14022
12104 14348
12104 14349
12104 17206
12105 14022
12105 17206
12106 12108
12106 22162
12107 12108
12107 14022
12107 14024
12108 14377
12108 22166
12109 12110
12109 14306
12110 14307
12110 20450
12110 20451
12111 12112
12111 12115
12112 14299
12112 16810
12113 12336
12113 17446
12113 18403
12114 13547
12115 12221
12116 16810
12117 12602
12117 13733
12118 13122
12119 17360
12120 13688
12120 14565
12121 12122
12122 12124
12122 14129
12123 12126
12124 14130
12124 16181
12125 15132
12131 12132
12131 12133
12131 12417
12132 12134
12132 21905
12134 12412
12134 12417
12134 21900
12136 13559
12136 15378
12137 12139
12137 14549
12137 22485
12138 14549
12139 19537
12140 14549
12140 22485
12141 12142
12141 12143
12142 12145
12143 12144
12143 12145
12144 12146
12144 12148
12145 12148
12146 12711
12146 12735
12146 12737
12147 15133
12147 15352
12148 12737
12149 12150
12149 12151
12150 14627
12152 12153
12152 22247
12153 22244
12154 16948
12155 12157
12155 13785
12155 15435
12156 15435
12156 17484
12157 12159
12158 12180
12158 12202
12159 12939
12161 12162
12162 24383
12163 13325
12163 13326
12164 20280
12168 14438
12169 14125
12172 12173
12172 12174
12172 12175
12173 12174
12173 12176
12173 14084
12174 12496
12175 12176
12175 12808
12176 12806
12176 12807
12177 12808
12178 12179
12178 23488
12179 12181
12179 13690
12180 12191
12180 12202
12180 19980
12183 12184
12183 12185
12183 12186
12184 12187
12184 13167
12184 13168
12185 12188
12185 13165
12185 13166
12186 12187
12186 12188
12186 24020
12187 13922
12187 24024
12188 14411
12189 24018
12189 24019
12189 24025
12190 12192
12190 22855
12191 12202
12191 12213
12193 12194
12193 12195
12193 12196
12194 17234
12195 13097
12195 14520
12195 17234
12196 13098
12196 14796
12197 12198
12198 12199
12198 12200
12199 12203
12199 13724
12200 13721
12200 13723
12201 12203
12201 13723
12202 14114
12202 14125
12203 13185
12203 14587
12204 13723
12204 14519
12204 23485
12205 12206
12205 12207
12206 12207
12207 18079
12208 12209
12208 12210
12208 21827
12209 12324
12209 21826
12210 14998
12211 17806
12211 17811
12212 12214
12213 12459
12213 16862
12215 14362
12215 15327
12217 13738
12217 13739
12218 24111
12221 15437
12221 16810
12222 12393
12223 21405
12223 21409
12225 13669
12226 12237
12226 12259
12227 12228
12227 12229
12228 12232
12229 12230
12230 12231
12231 12232
12231 12233
12233 12234
12234 12235
12236 12238
12237 15349
12237 16861
12238 12239
12240 12241
12240 12242
12241 14018
12242 14017
12243 12244
12243 12245
12243 21790
12244 12245
12244 12246
12246 12247
12246 13716
12247 13302
12247 20949
12248 20102
12249 15605
12249 15633
12250 12251
12250 21015
12251 21018
12252 14312
12252 20441
12252 20442
12252 20447
12253 20447
12254 12255
12254 21052
12255 21055
12256 13615
12257 14427
12257 14719
12257 15776
12258 13800
12259 15357
12260 13742
12261 12262
12261 21011
12262 12263
12262 12264
12263 15985
12264 15984
12265 13059
12265 15154
12265 22139
12266 15120
12266 22169
12267 14293
12267 15120
12267 22171
12268 22173
12269 22153
12270 15359
12270 15361
12270 15363
12271 14297
12271 22153
12272 12273
12272 15154
12272 24694
12273 13057
12273 13637
12274 12275
12274 24711
12275 16599
12276 12279
12277 12278
12277 12279
12279 12280
12281 12292
12281 15248
12281 19102
12281 19124
12282 14608
12283 13704
12283 13705
12284 15448
12284 22129
12285 14179
12285 22129
12286 13707
12286 15476
12287 14844
12288 12289
12288 12290
12288 13710
12289 12291
12290 22137
12291 14545
12292 19157
12292 20080
12292 20102
12293 13710
12294 21030
12294 21032
12295 12296
12295 21030
12296 14384
12296 21027
12297 12298
12297 12299
12299 12300
12299 12301
12300 12302
12301 12302
12302 13701
12303 19168
12303 20080
12304 13215
12304 18688
12304 18689
12306 17425
12307 17373
12308 17903
12308 18340
12309 12310
12309 13502
12311 14744
12311 14745
12311 17940
12312 21247
12313 15512
12313 21247
12314 13725
12314 15222
12314 20069
12315 13173
12315 15511
12315 17869
12315 17902
12316 15511
12316 17869
12317 12319
12317 12569
12318 14932
12319 12320
12319 14686
12320 12321
12320 13853
12321 16770
12322 15007
12323 21844
12324 19982
12324 21829
12325 12337
12325 18390
12326 21833
12326 23113
12326 23135
12327 12328
12327 14310
12327 20438
12329 14310
12329 20437
12329 20438
12329 20442
12330 14433
12331 12611
12331 14433
12332 12333
12333 13106
12333 16964
12334 12335
12335 14248
12335 14752
12336 12447
12336 17457
12336 18399
12338 13793
12339 12340
12339 25221
12339 25225
12340 25218
12342 15849
12342 22623
12343 16608
12343 17210
12343 22623
12344 15849
12344 22623
12344 22734
12346 12347
12346 13571
12347 12350
12347 12964
12348 16342
12348 20808
12349 12350
12349 12351
12350 12352
12350 14000
12351 12352
12352 14211
12353 20295
12354 20293
12354 20297
12355 14831
12355 17652
12356 18823
12356 18825
12357 12358
12357 12360
12357 14387
12359 16342
12359 16784
12360 14195
12360 14196
12361 12362
12361 17593
12361 18723
12362 17593
12363 12364
12363 12365
12365 14192
12365 14194
12366 16976
12366 16977
12368 23004
12368 23005
12370 12381
12370 12392
12370 12403
12370 12414
12370 12425
12371 12382
12371 16023
12372 22944
12374 12375
12379 18995
12380 12382
12381 14125
12381 14136
12383 21857
12384 21890
12384 23825
12385 16785
12386 12409
12386 20996
12387 13756
12387 16943
12388 12390
12391 23097
12392 12436
12394 12395
12394 12396
12394 24102
12395 12397
12395 14199
12396 12397
12398 12399
12398 12400
12399 19928
12400 14617
12400 17822
12401 12402
12401 12404
12401 12405
12402 12406
12402 12407
12403 14114
12404 12406
12404 14329
12404 19948
12405 12407
12405 14370
12405 14834
12406 19952
12408 14834
12410 18082
12410 24606
12410 24607
12411 12412
12411 12413
12411 12415
12412 21898
12413 12416
12413 24618
12414 20474
12415 12416
12415 12417
12416 12881
12417 12418
12418 12881
12419 12420
12419 19502
12419 19503
12419 19508
12420 20400
12421 22029
12422 13864
12422 21005
12422 21929
12423 12424
12423 21931
12423 24660
12424 12426
12424 21932
12425 21546
12426 24664
12427 24896
12427 24897
12428 12429
12428 12430
12428 21963
12429 12431
12430 13857
12430 14454
12430 15665
12432 12433
12432 12434
12433 14200
12434 12435
12435 12437
12437 20952
12438 12439
12438 12440
12438 15302
12438 21966
12439 12839
12439 17097
12440 12441
12440 21970
12443 21992
12444 18787
12444 18788
12444 18792
12444 21997
12445 12446
12445 12449
12445 18787
12445 21997
12446 12451
12446 13079
12446 13081
12447 12558
12447 12669
12447 12780
12447 18398
12447 19784
12447 19785
12448 12459
12448 12470
12448 12647
12449 12450
12449 12451
12449 22000
12450 12452
12450 22003
12451 12452
12451 24592
12452 13082
12453 12455
12453 20478
12453 20480
12453 20485
12454 12455
12454 12456
12454 20485
12454 22014
12455 12872
12456 22016
12458 20362
12458 21944
12460 20356
12461 20356
12461 20358
12461 20362
12462 12463
12462 20360
12463 17041
12463 17044
12463 20355
12464 15066
12464 22612
12464 22624
12465 17702
12465 22513
12466 12467
12466 12910
12466 21172
12467 12468
12467 12469
12467 12911
12468 12471
12468 12472
12468 12909
12469 12908
12469 12909
12469 12910
12470 12492
12471 12473
12471 14117
12471 23863
12472 12473
12472 12911
12472 12913
12473 21179
12473 23865
12474 22107
12475 12476
12475 20681
12477 13460
12477 22045
12478 12510
12478 17684
12478 25070
12479 25074
12480 13759
12480 18362
12481 19869
12481 19946
12482 24469
12482 24471
12482 24474
12483 13476
12484 12485
12484 12486
12484 13476
12485 12487
12485 13475
12486 13474
12486 13475
12487 13476
12487 13477
12487 14572
12488 25082
12488 25084
12489 12493
12489 14074
12489 25087
12490 12491
12490 12493
12490 25087
12491 14159
12491 25088
12492 14415
12493 14075
12495 23047
12495 23051
12496 14084
12497 12498
12497 12499
12497 12500
12498 12501
12498 16693
12499 14085
12500 13924
12500 14522
12500 16037
12500 24025
12501 16693
12502 14081
12503 12514
12503 12525
12503 12536
12505 24285
12507 16431
12507 20950
12508 12892
12508 15619
12509 12880
12510 12775
12511 12512
12512 12775
12513 12775
12514 15266
12514 16360
12515 12516
12516 12517
12516 12518
12517 14283
12518 14283
12519 14282
12520 14555
12521 12522
12521 12530
12523 14550
12523 14551
12524 12526
12525 15260
12525 15261
12525 16300
12526 12535
12526 14550
12527 12528
12527 20830
12528 20836
12529 16940
12531 17883
12534 15606
12534 15620
12535 14552
12536 13324
12537 19012
12537 19014
12537 19017
12538 13868
12538 19632
12538 19633
12538 19637
12540 12541
12540 13592
12540 13636
12541 12542
12541 12543
12541 13414
12542 12544
12542 12545
12543 12545
12543 13636
12544 12546
12544 12548
12545 12548
12546 12549
12547 12559
12547 15241
12547 15278
12547 16156
12547 16159
12547 16275
12548 14215
12548 14216
12549 12550
12549 12551
12550 14216
12551 14271
12552 12553
12552 12554
12554 12555
12554 12556
12554 15381
12554 23546
12555 12556
12555 15381
12556 23557
12557 24540
12558 15479
12558 18399
12559 16274
12559 16284
12560 19548
12560 19549
12560 19552
12561 12564
12561 19550
12561 19555
12562 12563
12562 12564
12562 17420
12562 19550
12563 12565
12563 12566
12565 12567
12566 12567
12566 17420
12567 14325
12568 12569
12568 13745
12569 12571
12570 12581
12570 12592
12570 15278
12571 16770
12572 16600
12573 16147
12573 20307
12574 20316
12575 20359
12575 20360
12575 20363
12576 12577
12576 24333
12577 20373
12577 20376
12577 24333
12578 15576
12578 20461
12579 15575
12579 15576
12579 15789
12579 20461
12580 16665
12581 12614
12581 15277
12582 12584
12583 16837
12584 13812
12584 16837
12585 12586
12585 12587
12586 13819
12586 18178
12587 14272
12589 15809
12592 15242
12593 23903
12594 14316
12595 14314
12595 14316
12595 14835
12596 12597
12596 14311
12596 14770
12597 14312
12598 12601
12599 12600
12599 12601
12600 14940
12601 14940
12601 14948
12602 22334
12602 24224
12603 12614
12604 18591
12604 22334
12604 24224
12605 12606
12606 17012
12607 18447
12607 18451
12608 23843
12609 19883
12609 19884
12610 19883
12611 12615
12612 12613
12612 12615
12613 14429
12613 14434
12613 15775
12614 16256
12614 16257
12615 14432
12616 12617
12616 12618
12617 13103
12617 21158
12618 21153
12618 21154
12618 21158
12619 20070
12619 20071
12620 13822
12620 14176
12620 20072
12620 20073
12621 20066
12621 20067
12621 20073
12622 13822
12622 20073
12624 12626
12624 12627
12624 12628
12625 12847
12625 20246
12626 12629
12627 12629
12627 14941
12628 13942
12629 13933
12630 12631
12631 14695
12632 12633
12632 14695
12634 16621
12634 21530
12634 21532
12634 21537
12635 13754
12636 12681
12636 12714
12636 20202
12636 20246
12637 12638
12637 13754
12638 13054
12640 13012
12642 14081
12644 12662
12644 25005
12646 12648
12646 20719
12646 25003
12648 13802
12648 20726
12649 13015
12649 16371
12651 14642
12652 18325
12652 19036
12653 24420
12653 24422
12654 19044
12654 19047
12654 19050
12654 24420
12655 19053
12655 24432
12656 13500
12656 19061
12657 16684
12657 18947
12658 12747
12658 12758
12658 19268
12658 21057
12660 12661
12660 14523
12660 14633
12660 18971
12661 12662
12663 21221
12663 21222
12665 12666
12665 12667
12665 16105
12666 16104
12667 14274
12667 16104
12670 15023
12670 15026
12670 19268
12670 21057
12671 12672
12671 12673
12671 12846
12672 12849
12673 12848
12673 12849
12675 13821
12675 14332
12676 22780
12676 22781
12677 12678
12677 12679
12677 12680
12678 12680
12678 12751
12678 12752
12679 12755
12679 21285
12680 12682
12681 12692
12681 12703
12682 12753
12682 12754
12683 14776
12683 16553
12683 16563
12684 12685
12684 12686
12686 12690
12686 12691
12687 12691
12688 19531
12689 19531
12690 16204
12690 16205
12690 16206
12691 12693
12692 12714
12692 12769
12692 12781
12693 12695
12694 12696
12694 19528
12694 19531
12695 12702
12695 12705
12696 12697
12696 12707
12697 17030
12698 12699
12698 12700
12700 12701
12700 12702
12701 12704
12701 12710
12702 12704
12703 20035
12704 12706
12704 12711
12709 12710
12710 12711
12710 12737
12712 19491
12713 19486
12713 19487
12713 19491
12714 12792
12714 20213
12717 12718
12717 12719
12717 12720
12718 14242
12719 14244
12720 13030
12720 14917
12721 12722
12721 22288
12721 22295
12722 14918
12722 14929
12723 12724
12723 12726
12724 12727
12724 12728
12724 13577
12725 14080
12726 13577
12727 12729
12727 12730
12728 12730
12728 13574
12729 12971
12729 13577
12729 13579
12730 12967
12730 13902
12731 12732
12731 12733
12731 24699
12731 24700
12733 14381
12734 19486
12736 15048
12738 12739
12738 12740
12738 12741
12739 12743
12740 12742
12741 12742
12741 12743
12742 13717
12744 12745
12744 24409
12746 14772
12747 18724
12747 18736
12748 14819
12748 16040
12748 21707
12749 21160
12749 21681
12750 17150
12750 20772
12750 21689
12752 12753
12752 17328
12753 13333
12754 12755
12755 13820
12757 12771
12758 14025
12758 14036
12758 18736
12759 12760
12759 12761
12760 12761
12760 12949
12761 12946
12761 13900
12762 24893
12762 24894
12763 12764
12763 18100
12765 18100
12765 18101
12766 12767
12766 18073
12768 19475
12768 19476
12768 19481
12769 15176
12769 19246
12770 12772
12771 12772
12772 12774
12776 24474
12776 24475
12776 24478
12777 12778
12777 12779
12778 12782
12778 13477
12778 23655
12779 13476
12779 13477
12780 13672
12780 19784
12780 23511
12780 23514
12781 12792
12781 14058
12781 15176
12782 12783
12782 16338
12783 14919
12783 23655
12784 12785
12784 23642
12785 13957
12785 23643
12786 17018
12787 17018
12787 17019
12788 12789
12789 12790
12792 14069
12792 20168
12794 12795
12794 12800
12795 16340
12797 16116
12797 22115
12797 23564
12798 16115
12798 16116
12798 22115
12799 16116
12799 23564
12799 23565
12801 14396
12801 14937
12802 14937
12803 20479
12803 20490
12803 20535
12805 23039
12805 23040
12805 23043
12806 14083
12806 14084
12808 14085
12809 12810
12810 14087
12811 12813
12811 12815
12811 13683
12813 13460
12813 13461
12814 16196
12815 12816
12815 13461
12815 22055
12816 13462
12817 12818
12817 12819
12817 12820
12818 12821
12818 13531
12819 13537
12819 13687
12820 12821
12820 12822
12820 12823
12821 13530
12821 13532
12822 13534
12822 16988
12823 13533
12823 16666
12824 16880
12825 12836
12825 15360
12825 24178
12826 13656
12828 20156
12828 20159
12828 24642
12829 12830
12831 16649
12831 18544
12831 23592
12832 12833
12832 16264
12833 13692
12833 16264
12833 16265
12833 16267
12834 12852
12835 12852
12835 12853
12836 15357
12836 21513
12837 12838
12837 12839
12837 12840
12838 13083
12838 17515
12839 13077
12839 14449
12840 17096
12840 17097
12841 12842
12841 17062
12843 12844
12843 12935
12844 12938
12844 17562
12847 20268
12848 12850
12848 12851
12849 12851
12852 12854
12853 12854
12853 12855
12854 12856
12854 13560
12855 12856
12855 17670
12856 13557
12858 16294
12858 19835
12858 20268
12860 12861
12860 18808
12860 18811
12861 12862
12861 12863
12861 14475
12862 14826
12863 12864
12863 12865
12865 14475
12867 20530
12867 20532
12867 20537
12868 20545
12868 24141
12869 12880
12869 12892
12869 12903
12870 17616
12870 20573
12871 16585
12871 16594
12871 16842
12872 12873
12872 20478
12873 15927
12873 16978
12874 13187
12874 13188
12875 16139
12876 12877
12876 12878
12877 13138
12878 13138
12879 21191
12879 21202
12880 14772
12881 13073
12882 12883
12882 12884
12885 12886
12885 12887
12885 18267
12887 18265
12888 12889
12888 12890
12889 13767
12889 13768
12890 12893
12890 12894
12891 13002
12891 13113
12891 13224
12891 13336
12892 13302
12892 13313
12894 12895
12894 24452
12895 14760
12895 24454
12896 12897
12896 12898
12896 12899
12897 12902
12898 12900
12898 12901
12898 12902
12899 12901
12899 14859
12900 12904
12900 12905
12900 12906
12901 12905
12902 12906
12903 13313
12904 12907
12904 23987
12905 12907
12907 14414
12908 23984
12908 23985
12908 23988
12909 14117
12909 23988
12910 23985
12911 12912
12911 21172
12912 12913
12912 12915
12913 21179
12914 16190
12914 21501
12915 21172
12917 12918
12917 14916
12918 16126
12918 16128
12918 16129
12919 14916
12919 21234
12920 14764
12920 15769
12920 17199
12921 16260
12922 16259
12922 19674
12923 16262
12923 19675
12923 19682
12924 21230
12925 14968
12925 21501
12925 21524
12926 15430
12926 19715
12927 21161
12928 12929
12928 21100
12929 12930
12929 12931
12930 14626
12932 14457
12932 16074
12932 24578
12933 12934
12933 12935
12934 13967
12934 14766
12935 14766
12936 13236
12936 20935
12937 12938
12937 17562
12938 14472
12939 17485
12940 12941
12940 12942
12941 12943
12945 12946
12945 12948
12946 12949
12946 13899
12947 13069
12947 13213
12947 13236
12947 20935
12948 12949
12948 12950
12950 12951
12950 13584
12950 16741
12951 18163
12951 18166
12952 12953
12952 18373
12952 24060
12952 24063
12953 15051
12954 13893
12954 13895
12955 12956
12955 13896
12955 16984
12956 12957
12956 21110
12956 21112
12957 21109
12958 12969
12958 12980
12958 16171
12958 17290
12959 21109
12960 12961
12960 13053
12960 16875
12960 24829
12961 12962
12961 13833
12962 12963
12964 12965
12964 13897
12964 14000
12965 13573
12965 14001
12966 12967
12966 12968
12966 14119
12967 12970
12968 13902
12969 13025
12969 15216
12969 16376
12970 12971
12971 12975
12971 16243
12972 12973
12972 12974
12972 12975
12972 12976
12973 21515
12974 13583
12974 13904
12976 24810
12977 21515
12977 21669
12979 22834
12980 16168
12980 16170
12980 16171
12980 20958
12981 12982
12981 14160
12982 17388
12983 16958
12984 12985
12984 12986
12984 14579
12985 14676
12985 22337
12985 22340
12986 12987
12986 12988
12986 22340
12987 12989
12987 12990
12987 14146
12988 14146
12988 14579
12988 14582
12989 21626
12989 22339
12989 22340
12990 21619
12990 21620
12990 21626
12991 13003
12991 15364
12991 15365
12991 16172
12992 12993
12992 12994
12992 21622
12992 22350
12993 12995
12993 14583
12993 14677
12994 14583
12996 12999
12996 21449
12996 21452
12997 12998
12997 12999
12997 21452
12997 22356
12998 13000
12998 13001
12998 22360
12999 13001
12999 14506
13000 13004
13000 13005
13000 13006
13001 13005
13003 16172
13004 13267
13004 22365
13005 13007
13006 13007
13006 22365
13007 13282
13009 13010
13009 21768
13009 21790
13013 23902
13014 15187
13014 15216
13016 13017
13017 13018
13018 13019
13019 14881
13020 13021
13020 13022
13020 13023
13022 13848
13022 13849
13023 15996
13024 14111
13025 13036
13025 13047
13026 14238
13026 14255
13027 13666
13027 16783
13028 13205
13028 23227
13029 13030
13029 13031
13029 14241
13030 14722
13031 14723
13031 15412
13032 14155
13032 14156
13032 14722
13033 21037
13033 21039
13034 22701
13034 22723
13035 13037
13035 13038
13036 13058
13036 16376
13039 13040
13040 13150
13040 13152
13041 25024
13041 25026
13046 14075
13047 13058
13048 14073
13048 14075
13049 13050
13050 13689
13051 15778
13051 15779
13052 13521
13052 13522
13054 13055
13054 18539
13055 13754
13057 13059
13057 24313
13059 24279
13060 18578
13064 13065
13064 13066
13065 13067
13065 21542
13065 21543
13066 13067
13066 13068
13067 21543
13068 22914
13069 13080
13069 13225
13070 14168
13071 24598
13071 24599
13072 14441
13072 20356
13073 24618
13073 24621
13073 24629
13075 13076
13075 16999
13075 24533
13075 24683
13076 14020
13077 13561
13078 14221
13079 18783
13079 18784
13079 18787
13080 13191
13080 13202
13081 14452
13081 18783
13081 24592
13082 14183
13082 14453
13082 24592
13083 17096
13083 24585
13084 14715
13085 14927
13085 24569
13086 16681
13087 13088
13087 16424
13088 16380
13089 13090
13089 16380
13090 16358
13091 13102
13091 13114
13091 16520
13092 16269
13093 16269
13094 13095
13095 13490
13096 13097
13097 13099
13098 13099
13100 13101
13100 24553
13101 24092
13102 15244
13102 18246
13103 14926
13103 16959
13104 14052
13104 16959
13104 21158
13105 16961
13105 16962
13107 20652
13107 20654
13108 13111
13108 13597
13109 13110
13109 13111
13110 13112
13110 13115
13111 13117
13111 23896
13112 13116
13112 13117
13113 15891
13114 16054
13116 13118
13116 13119
13117 13119
13117 13598
13119 15285
13120 13505
13120 15646
13120 17445
13121 17726
13121 17727
13121 20594
13123 13124
13125 16901
13125 17957
13126 13128
13127 13130
13129 13131
13133 23116
13133 23117
13133 23121
13134 23116
13136 13147
13137 13690
13138 15030
13140 13142
13140 24184
13142 24183
13143 18857
13144 13888
13145 14116
13145 14728
13145 23851
13146 13148
13146 13149
13146 25093
13147 16895
13149 25094
13150 13151
13151 14866
13152 13154
13155 13318
13155 20099
13156 17700
13157 13159
13157 13160
13157 23439
13158 16890
13159 13161
13159 23440
13161 14899
13161 18289
13161 23943
13162 14009
13162 24456
13163 13164
13164 13471
13165 14410
13166 13168
13167 13170
13167 13922
13168 13170
13168 14548
13169 13180
13169 21168
13169 21180
13170 13920
13171 24040
13172 13173
13172 17891
13172 17902
13173 15125
13173 15136
13174 15046
13174 22429
13175 15005
13175 15006
13176 21243
13176 22438
13177 15067
13179 15574
13180 13202
13180 21213
13181 23463
13184 13185
13185 13919
13187 14734
13187 15037
13187 15039
13188 14734
13189 20014
13189 20083
13190 20083
13191 13236
13191 13258
13194 13196
13196 13197
13197 18315
13199 16695
13200 20244
13200 24616
13200 24617
13200 24620
13201 14820
13201 22559
13203 18652
13204 16954
13204 18651
13205 13678
13205 23228
13206 18638
13206 18639
13207 15117
13207 22376
13208 15401
13208 18665
13209 15321
13210 23310
13211 15014
13211 18662
13212 13214
13213 13225
13213 18268
13213 18368
13214 15509
13214 23315
13215 15582
13215 18690
13215 18695
13216 13217
13216 23723
13217 15443
13218 13219
13218 13220
13218 13221
13219 13222
13220 14422
13220 19579
13222 13223
13222 13226
13222 16777
13223 20990
13223 20992
13224 14034
13224 15669
13224 15891
13225 15941
13225 21213
13227 13228
13227 13229
13227 13230
13228 14420
13228 17585
13229 13231
13229 17275
13230 15997
13230 18849
13231 24184
13232 13233
13232 24154
13233 24158
13234 17579
13234 21711
13234 24159
13235 16467
13236 13247
13237 15995
13238 13552
13238 13553
13239 13240
13239 13248
13239 14154
13240 13621
13240 21593
13240 21595
13241 16082
13242 13243
13242 13629
13242 21313
13243 13276
13244 16323
13244 16325
13244 23731
13245 14842
13246 24657
13246 24690
13247 13258
13247 15279
13248 13620
13248 24690
13249 21061
13249 21063
13250 14842
13250 15107
13251 15508
13251 23803
13252 25205
13254 13255
13254 15547
13256 13257
13256 13259
13256 22269
13257 13643
13257 22266
13258 16007
13258 16046
13259 13644
13260 13261
13260 13946
13261 13262
13261 13263
13262 13510
13262 13949
13263 13946
13263 13949
13264 13265
13264 13266
13265 13511
13265 22159
13266 13268
13266 14342
13267 22360
13267 22378
13268 13292
13269 13280
13270 13271
13270 13272
13271 13529
13272 13512
13274 13275
13274 13276
13274 13631
13275 13627
13275 13629
13276 13629
13277 13278
13277 13279
13279 13281
13279 16329
13280 16254
13280 21702
13281 13527
13282 13527
13284 15834
13284 19648
13285 13288
13285 21814
13285 21818
13286 13288
13286 15832
13286 18765
13287 14851
13287 15829
13287 18853
13288 18921
13289 13290
13289 13292
13290 14342
13291 15027
13291 16377
13292 22359
13293 13294
13293 15783
13293 17248
13294 13296
13294 13298
13294 15782
13294 15783
13294 17248
13295 17249
13295 23139
13296 13297
13296 13298
13297 15782
13297 23462
13298 23138
13299 23138
13300 20120
13301 13303
13301 17026
13302 16851
13302 17318
13302 17319
13303 15709
13303 15744
13304 17025
13305 13306
13305 13307
13305 14893
13305 20201
13306 13308
13306 15869
13306 20204
13308 13309
13308 13310
13308 20208
13309 13314
13309 14227
13309 15858
13310 13311
13310 13314
13311 13312
13311 13314
13311 13315
13311 13316
13312 20208
13312 20209
13312 20212
13315 14067
13316 14092
13316 14227
13316 14228
13317 20263
13318 20101
13319 15695
13319 15733
13319 20103
13319 20104
13320 15704
13320 20108
13321 15741
13321 15744
13322 17072
13322 20225
13323 20278
13323 20280
13324 13337
13325 13326
13325 15812
13326 15812
13328 20149
13328 22869
13328 24631
13328 24634
13329 20166
13330 14092
13330 20216
13331 13341
13332 13333
13332 17133
13332 17328
13333 14301
13334 13338
13335 15676
13335 16668
13338 14439
13340 17085
13342 14853
13343 13344
13343 22580
13344 22580
13345 13346
13346 15767
13347 13349
13347 22508
13348 13359
13348 15256
13348 16284
13348 16344
13348 21046
13349 22472
13350 22464
13350 22469
13351 15294
13352 13739
13353 13354
13354 13740
13355 24145
13358 14363
13359 16298
13359 16915
13360 14363
13360 15326
13360 15327
13361 13362
13361 13363
13361 13364
13362 15331
13364 13365
13365 13807
13365 13808
13366 13367
13366 24156
13367 24134
13368 15386
13369 17373
13369 17885
13370 13381
13370 16362
13371 13372
13371 18001
13372 14712
13372 14746
13373 18009
13373 22965
13374 13375
13374 18016
13374 18018
13375 14524
13376 13377
13376 13378
13376 20303
13377 20300
13378 16738
13379 13380
13379 20301
13379 20304
13381 16675
13381 16829
13382 15652
13382 15653
13382 23897
13383 15115
13383 18500
13384 15116
13384 18499
13385 19544
13386 13387
13387 14290
13388 13389
13388 13390
13389 13469
13389 22074
13390 13468
13390 13469
13391 13393
13391 13539
13392 13403
13392 13414
13392 13425
13394 13395
13394 13396
13396 14274
13397 13398
13397 18283
13398 13761
13398 18280
13400 14286
13400 24487
13401 14012
13401 24488
13402 13482
13404 13478
13404 13482
13407 23030
13410 15829
13410 18764
13410 18770
13411 13413
13411 21254
13411 21255
13412 16085
13412 21255
13413 21259
13413 21261
13414 13592
13415 13834
13415 13835
13415 14814
13415 21955
13416 13417
13418 19075
13419 19074
13419 19075
13420 19290
13422 25056
13423 21569
13424 13695
13425 13436
13425 13592
13425 13603
13426 13695
13427 14733
13428 15114
13428 22490
13429 22490
13430 13431
13430 13432
13430 14729
13431 15660
13431 15661
13432 14697
13433 13434
13433 14697
13434 21576
13434 21578
13434 21582
13435 18577
13435 18581
13435 18582
13436 13448
13436 13459
13436 13581
13438 14501
13440 13441
13440 13950
13441 13951
13442 13950
13444 13445
13444 14190
13447 13558
13447 13669
13447 13780
13447 15224
13448 13592
13449 13852
13450 13451
13450 13452
13451 13453
13452 13453
13452 13853
13452 14686
13453 14884
13454 13457
13454 17462
13454 18215
13455 18469
13455 18470
13455 18474
13456 13604
13456 13606
13456 18474
13457 15609
13457 18207
13457 18395
13458 13460
13458 13461
13458 22045
13458 22049
13459 13470
13459 13481
13461 22052
13462 13463
13462 13464
13462 22059
13463 13465
13464 13682
13464 13683
13465 13466
13465 13467
13465 22063
13466 13468
13466 13469
13466 22066
13467 13468
13467 13682
13469 22071
13470 13492
13470 13503
13470 13514
13471 13472
13472 14866
13474 23972
13474 23973
13474 23976
13475 23976
13477 23656
13478 13479
13478 13480
13478 14289
13480 16334
13480 16337
13481 13514
13481 13581
13481 15377
13482 14289
13485 13486
13485 20883
13485 20884
13485 20887
13486 13487
13486 13488
13487 13490
13488 13489
13488 13490
13489 13491
13489 13493
13490 13493
13491 13494
13491 13495
13492 13525
13492 13536
13493 13495
13494 13496
13495 13496
13497 13519
13500 19063
13500 19066
13501 13502
13501 17936
13501 17937
13502 17940
13505 15491
13505 20672
13507 14767
13508 13509
13508 16067
13509 17724
13510 14678
13511 14343
13511 22155
13512 13546
13513 13515
13513 13516
13514 13536
13514 14970
13516 15217
13517 14727
13517 15545
13518 15545
13518 15547
13521 20615
13522 14480
13522 14707
13523 23156
13525 14934
13526 13983
13529 13548
13530 13531
13532 16988
13533 13534
13533 13535
13533 13687
13533 16666
13535 13537
13536 14968
13537 13538
13538 13539
13540 13700
13541 13699
13541 13700
13542 13543
13542 13701
13542 13702
13543 13544
13545 13546
13546 14297
13547 13559
13547 13658
13547 15361
13551 23878
13551 23880
13552 15995
13552 16972
13553 24161
13554 14196
13554 14861
13554 24162
13555 14196
13555 24162
13556 13871
13556 14389
13557 13560
13557 17641
13558 15780
13558 18406
13559 13570
13559 15379
13561 14862
13562 18749
13562 18750
13562 21751
13563 18752
13563 19634
13564 18748
13564 18752
13564 19634
13564 19636
13565 19627
13565 19628
13565 19631
13566 19627
13567 17577
13567 19615
13568 17577
13569 13939
13570 13581
13570 15377
13570 15378
13571 13572
13571 21017
13572 21016
13573 13897
13573 21018
13574 13575
13574 13576
13574 13902
13577 13578
13578 13579
13578 13580
13579 13904
13580 13582
13580 13583
13580 13904
13581 13603
13584 16253
13584 16741
13585 13993
13585 21251
13586 20489
13586 20493
13586 22008
13587 20496
13587 22008
13588 16018
13588 23057
13588 23061
13589 23144
13589 23147
13590 14931
13590 23036
13591 23031
13591 23036
13593 13594
13593 23005
13593 23008
13594 22997
13594 23000
13595 13596
13595 22992
13595 22995
13596 22991
13598 15287
13599 15284
13600 16322
13601 16361
13603 15378
13604 13605
13604 17813
13605 13606
13605 17824
13606 14842
13607 15527
13608 13609
13608 13610
13611 15790
13611 15793
13612 13613
13613 14830
13613 14843
13614 13625
13614 13636
13614 13647
13615 15564
13616 13617
13616 13618
13616 13619
13617 15659
13617 24668
13618 13620
13618 24668
13618 24690
13619 13620
13619 13622
13620 14154
13621 14154
13621 21589
13621 21591
13622 14154
13622 21589
13623 18580
13624 16081
13626 16081
13627 13628
13627 14504
13628 14502
13629 14504
13630 16321
13631 16326
13632 13633
13635 13713
13635 20949
13637 14354
13637 24313
13638 13639
13638 13654
13639 18620
13640 13641
13640 14207
13641 14507
13642 14507
13642 14754
13643 14754
13644 13645
13644 22273
13645 22274
13645 22277
13646 13649
13648 16086
13649 21918
13651 17244
13651 17345
13652 13653
13654 18621
13655 13656
13655 13657
13657 17133
13658 21513
13659 13661
13660 13969
13660 22643
13660 24066
13661 22666
13661 24066
13662 13663
13662 14443
13662 24089
13663 13664
13664 24091
13666 15425
13667 23788
13668 23520
13669 13891
13669 14002
13670 13681
13670 13692
13671 13672
13671 23509
13671 23510
13671 23815
13672 14628
13672 23511
13673 13675
13673 23818
13673 24513
13674 23816
13674 23817
13674 23818
13675 15484
13676 15320
13676 23539
13676 23540
13676 23838
13677 22300
13677 23844
13678 14171
13678 14172
13681 13703
13684 22059
13684 22063
13687 16666
13688 14556
13689 19765
13691 15623
13692 13703
13692 15958
13692 16264
13693 14732
13693 16577
13694 13695
13697 18573
13698 14486
13698 14788
13699 13702
13703 13714
13706 14179
13706 17317
13706 20087
13707 15449
13708 22132
13709 15449
13710 15453
13711 15220
13711 15221
13711 21091
13711 24575
13712 15617
13713 13715
13713 13716
13714 15600
13714 19092
13715 16100
13716 21790
13718 14395
13720 23478
13720 24210
13721 13722
13721 14586
13723 14586
13724 13726
13724 14587
13725 13736
13725 19191
13725 19869
13727 13918
13727 14587
13728 21219
13729 21219
13730 24902
13731 21169
13731 24047
13732 19526
13732 20385
13733 22331
13733 22334
13734 13735
13734 13737
13735 16373
13736 19813
13736 19858
13736 20057
13742 21086
13742 21087
13746 21336
13746 21337
13747 15253
13747 19213
13747 20057
13748 18550
13749 18549
13749 18550
13749 18554
13750 18518
13750 24813
13751 18528
13752 18528
13752 18530
13753 18539
13755 22518
13757 16210
13757 22523
13757 23441
13758 13769
13758 13781
13758 19235
13758 20024
13759 18359
13759 23940
13760 18272
13760 18273
13760 18276
13761 14284
13761 18276
13763 13764
13763 14890
13763 18258
13763 20859
13764 13765
13764 18260
13765 13766
13766 13768
13767 13772
13769 19046
13770 13771
13770 13772
13770 19039
13773 17905
13773 18338
13774 22532
13774 22536
13777 14863
13778 14863
13778 18296
13778 18299
13779 13782
13779 14509
13779 14863
13779 18299
13780 18404
13780 18405
13781 13792
13782 18303
13783 14485
13783 18321
13784 18343
13786 15294
13787 20078
13787 20081
13789 14949
13789 15572
13792 13803
13792 18902
13792 18924
13798 15323
13799 13800
13801 16758
13801 24922
13802 20724
13803 15264
13803 16351
13804 24970
13804 24974
13805 13806
13805 24425
13805 24426
13806 24977
13806 24982
13807 18506
13808 15330
13809 13811
13809 14992
13809 24105
13809 24106
13810 13811
13810 24105
13811 14997
13811 16652
13812 13813
13814 13825
13814 16899
13814 18424
13816 18201
13816 20465
13817 18211
13817 18216
13818 13819
13818 18175
13818 18178
13819 14005
13821 18628
13823 14176
13823 20045
13825 18636
13825 18669
13826 20029
13827 14181
13827 22128
13828 13829
13828 14032
13828 15470
13829 13830
13829 20063
13830 20061
13831 14182
13832 14182
13832 22364
13833 24829
13834 16071
13834 16072
13834 16073
13835 14910
13835 21959
13837 13838
13837 13839
13837 13967
13838 14658
13838 21915
13839 13840
13840 13841
13841 14471
13842 18556
13843 18556
13843 18559
13844 18605
13844 18608
13844 18610
13845 14646
13845 18841
13845 18845
13847 16900
13848 13851
13854 14687
13855 14643
13857 13859
13858 15110
13859 14454
13859 15673
13860 14634
13860 21961
13860 21963
13861 14454
13861 14909
13861 21963
13862 23626
13863 19330
13864 22038
13865 15402
13865 18455
13867 17219
13868 18745
13869 13880
13869 23513
13870 18741
13870 18742
13870 18745
13872 14392
13873 15745
13873 15746
13873 20121
13874 14444
13874 22013
13875 13876
13875 13877
13875 13878
13877 14922
13877 17798
13878 15816
13878 17798
13879 14095
13880 14072
13880 15110
13881 15770
13881 17623
13883 13885
13884 15130
13887 14212
13889 22608
13890 22631
13891 14113
13891 14224
13892 23479
13892 23513
13893 13894
13894 16670
13895 13896
13896 21112
13897 21017
13898 13900
13898 14007
13898 16009
13898 16010
13899 13900
13899 13901
13901 16008
13903 13914
13903 18424
13903 23501
13905 14157
13905 23996
13905 23997
13906 13907
13907 13908
13908 24566
13909 21507
13909 21508
13909 23357
13912 13913
13913 14795
13914 15175
13915 13916
13916 13917
13918 13919
13918 14206
13919 14587
13920 14548
13921 24026
13921 24027
13921 24031
13922 24027
13923 13924
13923 24022
13923 24025
13923 24029
13924 16037
13928 13929
13928 20938
13929 17261
13930 13931
13930 23489
13930 23492
13931 23492
13931 23493
13931 23496
13934 14941
13935 13937
13935 14752
13936 18179
13937 14246
13940 13941
13941 14659
13943 13944
13943 13945
13944 14353
13945 14044
13945 14353
13946 13948
13947 13958
13947 13969
13947 13980
13947 13991
13948 15664
13948 23957
13949 15664
13950 13951
13954 13955
13954 13956
13958 18176
13958 18177
13958 18381
13959 13960
13960 13961
13963 13964
13963 22106
13963 23556
13964 22110
13964 23562
13965 14495
13968 17061
13971 15785
13971 17311
13972 13974
13973 13974
13974 14656
13974 18188
13975 14121
13976 14694
13977 14694
13978 14694
13979 24842
13980 18381
13980 18382
13981 24049
13982 24049
13984 24914
13984 25000
13985 13986
13985 13987
13985 13988
13985 21624
13986 13989
13987 14575
13987 22446
13988 13989
13988 13990
13988 14575
13989 13990
13990 13992
13990 22979
13991 14273
13991 18380
13992 14575
13992 22757
13993 22968
13993 22979
13994 24564
13994 24566
13995 13996
13995 13997
13996 14972
13998 17153
13999 22368
13999 24565
14000 14001
14000 14211
14001 14004
14001 24818
14002 14224
14002 15002
14003 15048
14003 21590
14004 24818
14005 18173
14006 14273
14006 18376
14009 24458
14010 23959
14010 24465
14012 24486
14013 14015
14013 16096
14013 24366
14014 14981
14014 21590
14015 24370
14016 14017
14017 14018
14018 24376
14019 16506
14019 18621
14021 14442
14022 14023
14023 14024
14023 14348
14024 14377
14024 14378
14025 19257
14025 19268
14028 16722
14029 14030
14029 14031
14029 14350
14030 16722
14031 15467
14031 15473
14031 15475
14032 15468
14032 20063
14034 15780
14034 18408
14035 14133
14035 15842
14037 14038
14037 14039
14037 21641
14038 14040
14038 14135
14038 14137
14039 14135
14040 21637
14040 21638
14040 21641
14041 14042
14041 14340
14042 14043
14042 14383
14043 14340
14044 14045
14044 14046
14045 15477
14046 14353
14046 17210
14047 19257
14048 16102
14048 21023
14048 21025
14049 14050
14051 21148
14051 21151
14052 16959
14052 16960
14052 21159
14053 20414
14053 21134
14053 21139
14054 14186
14054 14187
14055 14057
14055 14186
14056 14057
14056 16724
14057 14188
14058 14069
14059 14602
14059 16723
14059 16724
14060 14350
14060 16722
14060 16723
14061 14062
14061 14189
14061 22176
14062 15466
14063 14189
14063 22176
14063 22181
14064 15440
14064 22186
14064 22187
14064 22192
14065 15398
14065 15399
14066 15748
14067 20212
14067 20216
14068 14071
14068 14210
14069 14966
14069 20191
14070 14210
14071 14072
14072 14210
14073 14074
14073 16602
14078 17018
14078 17020
14080 14091
14080 14102
14081 14085
14082 15732
14082 15738
14082 20112
14086 14857
14087 14900
14088 23083
14088 23084
14088 23086
14089 16938
14090 14230
14092 14229
14093 14094
14094 14645
14097 15784
14099 23144
14100 16850
14101 14793
14103 14205
14105 14716
14106 14816
14106 14882
14107 14694
14107 24826
14107 24838
14108 14867
14109 20921
14110 20888
14111 18460
14112 14115
14113 14335
14113 14447
14113 14669
14114 16862
14116 14414
14116 20734
14116 23853
14117 23861
14117 23989
14118 14119
14118 14120
14118 24821
14120 14219
14120 24824
14122 14314
14122 20405
14122 20406
14122 20409
14123 15127
14123 23368
14124 14126
14127 21149
14127 21150
14129 14130
14129 14131
14130 14894
14131 14894
14131 15616
14131 16123
14132 24395
14133 14134
14133 14135
14134 14338
14136 15132
14137 14148
14137 14149
14137 14339
14138 15389
14139 15389
14139 18609
14140 24810
14140 24840
14140 24841
14141 14142
14142 14144
14142 14316
14144 20409
14145 15393
14146 21620
14147 14158
14147 14169
14147 14180
14147 21969
14150 14827
14150 15461
14151 14156
14153 14697
14155 14156
14155 14244
14156 14245
14157 14159
14157 25088
14158 22674
14158 22676
14159 14710
14161 15585
14161 17443
14162 15589
14162 17443
14163 24716
14163 25132
14164 23381
14164 24326
14165 15092
14165 17253
14166 17405
14167 15142
14167 15143
14168 23912
14169 21980
14169 22676
14169 23822
14170 23912
14171 23228
14174 16109
14177 14178
14179 15445
14179 15450
14180 23216
14180 23218
14182 20052
14182 20058
14183 15920
14184 14194
14184 25147
14185 15440
14185 22192
14186 14188
14186 14675
14187 14675
14188 15492
14189 15466
14189 16721
14191 14202
14191 14213
14191 14225
14191 14236
14192 14193
14193 14540
14193 17274
14194 14540
14195 14387
14195 16971
14196 16971
14197 24157
14199 24102
14201 18912
14201 18927
14201 22715
14202 17462
14202 18214
14203 24030
14203 24031
14203 24036
14207 15991
14207 22260
14208 14209
14211 24818
14213 18233
14213 18234
14215 14217
14215 14218
14217 14218
14219 14220
14219 14268
14219 16243
14220 24837
14220 24840
14221 17492
14222 24653
14223 14226
14223 15887
14223 15888
14224 14669
14224 14891
14225 18217
14226 15750
14226 15880
14227 15858
14227 17212
14228 14229
14228 17212
14229 14230
14229 15898
14230 14450
14230 16831
14231 14232
14231 14233
14231 16626
14232 15922
14232 24596
14233 15924
14233 15928
14233 20477
14234 24596
14235 15813
14237 15743
14239 17029
14240 14241
14240 14242
14241 14917
14242 14243
14242 14917
14243 15415
14246 16727
14247 14258
14247 14269
14249 16728
14250 14251
14250 22446
14250 22457
14251 14252
14251 14253
14252 22757
14252 22779
14253 14575
14253 22446
14253 22757
14255 18454
14255 18455
14255 18460
14256 14763
14257 16622
14258 14336
14259 19927
14260 14261
14260 19943
14261 14262
14261 14263
14261 19947
14263 14264
14263 19950
14264 14265
14264 19953
14266 18365
14266 18366
14266 19794
14267 18366
14267 19793
14267 19794
14268 24824
14268 24825
14269 14280
14269 14291
14269 14369
14270 21601
14274 16105
14275 14876
14275 16104
14275 21877
14280 14391
14282 14283
14285 14286
14286 14287
14286 24483
14287 14756
14288 24482
14290 14292
14291 14302
14291 14391
14291 14413
14295 15108
14296 24302
14298 14993
14299 15327
14300 24123
14301 22566
14302 14313
14302 14448
14302 20601
14305 20434
14306 14307
14306 14308
14307 17837
14307 20452
14308 14309
14308 17837
14309 17839
14310 14311
14311 14312
14311 20442
14313 14402
14313 14413
14313 14503
14314 14315
14315 14316
14315 20409
14317 14318
14317 14319
14317 17838
14319 14717
14320 17389
14321 14322
14321 14323
14322 14323
14322 14500
14324 14424
14324 14448
14324 20601
14325 14885
14325 14886
14325 19889
14326 14327
14326 19893
14326 19961
14326 19963
14327 14328
14328 14508
14328 15316
14328 19963
14329 19944
14330 22918
14332 14562
14335 14558
14335 14780
14335 17102
14336 14347
14338 15842
14339 21638
14341 14343
14341 14383
14341 22151
14342 14343
14343 22154
14344 16114
14344 21007
14344 21009
14345 16350
14346 15481
14346 15482
14346 18407
14346 18408
14347 14358
14347 14492
14348 14376
14349 14376
14349 14889
14350 14602
14351 16607
14351 16720
14353 14751
14355 22191
14355 22213
14356 15543
14358 14369
14358 14380
14359 15416
14360 16270
14361 14362
14361 14363
14366 14367
14366 14624
14367 14368
14367 14370
14368 14624
14368 14680
14368 14682
14369 14413
14370 14682
14371 14612
14372 14830
14372 17107
14373 14830
14373 17107
14374 14671
14375 14671
14376 14671
14377 14379
14379 22166
14380 14402
14380 14413
14380 17291
14381 14382
14382 24834
14382 24846
14383 22149
14386 16731
14388 15223
14389 14390
14389 14392
14390 15229
14391 14435
14393 16599
14399 16015
14399 16016
14399 24002
14401 14403
14401 14404
14401 14405
14401 14406
14402 17268
14403 18926
14404 16644
14405 16644
14406 14873
14406 14874
14407 15146
14407 15841
14409 14755
14410 14755
14411 24016
14411 24017
14411 24020
14415 20546
14415 20568
14416 23585
14416 23587
14420 17273
14420 17275
14421 24154
14421 24181
14422 14423
14423 19557
14424 18624
14424 20579
14425 22362
14426 21663
14427 14428
14427 14429
14428 15775
14428 15776
14429 14434
14431 19993
14432 14433
14434 16786
14435 14448
14435 18624
14436 16561
14437 14438
14437 14595
14440 15938
14441 15813
14441 15937
14441 15938
14441 17042
14442 20303
14443 18396
14444 18393
14444 18396
14445 14695
14445 25012
14446 15557
14446 15637
14446 16668
14447 14558
14447 17046
14449 14862
14449 17515
14450 15902
14450 17492
14451 15910
14451 21766
14452 15917
14452 24589
14453 15920
14453 24591
14454 15032
14456 14737
14457 14469
14457 14910
14458 14905
14458 16088
14459 14470
14460 16088
14461 14463
14461 14906
14462 14464
14463 14771
14463 16084
14464 14907
14464 16084
14465 14483
14466 14876
14466 16104
14467 14468
14467 14469
14468 14469
14468 16071
14468 16072
14471 14736
14472 14766
14473 18811
14473 18815
14474 14475
14474 18815
14475 18811
14480 14707
14481 17335
14482 20611
14483 14908
14483 21864
14484 14908
14484 21864
14486 18316
14487 16585
14488 16766
14488 16799
14488 16801
14488 23180
14489 14490
14489 17553
14490 14491
14491 14865
14491 17555
14492 17279
14493 15876
14493 20229
14494 16178
14496 14497
14496 14498
14499 21629
14499 21633
14499 22343
14500 15165
14500 15166
14503 14514
14504 21313
14504 21324
14507 22260
14514 20601
14514 20612
14515 16149
14516 21850
14517 14518
14518 14855
14519 14585
14519 14586
14519 23484
14520 14521
14521 17234
14522 16035
14522 24018
14524 14749
14525 17268
14525 20635
14527 14528
14527 23444
14528 16253
14528 23445
14529 14530
14529 22028
14529 22031
14531 19864
14531 21854
14532 21880
14533 18794
14533 18797
14534 19882
14534 19883
14535 19885
14535 19886
14536 14559
14536 20612
14537 14557
14537 15989
14537 19861
14537 19886
14538 16648
14538 24347
14539 20871
14539 24437
14539 24514
14540 24183
14541 18718
14541 21719
14541 24160
14542 14905
14542 16088
14542 21921
14546 16027
14546 23071
14546 23074
14547 19846
14547 20612
14553 16752
14556 14565
14559 20657
14561 15282
14563 14564
14566 14706
14566 20613
14567 16101
14567 16108
14567 17554
14568 21694
14569 19095
14569 19096
14570 15017
14570 15169
14571 14572
14573 14832
14573 21756
14579 14580
14581 14592
14583 14822
14584 14984
14584 17780
14585 23483
14588 20900
14589 14590
14590 14593
14591 14593
14594 15837
14596 14865
14597 14598
14597 14599
14598 15124
14599 22402
14600 14601
14601 14674
14602 14674
14603 14614
14603 14625
14604 15475
14604 22181
14605 15473
14605 15474
14605 15475
14606 22193
14606 22194
14606 22196
14607 22196
14610 14612
14610 14615
14611 14612
14613 15850
14614 14747
14616 16986
14617 14618
14617 17823
14618 14619
14620 14621
14620 19559
14621 19560
14622 18425
14622 18429
14622 19565
14623 14629
14623 14802
14623 18423
14623 19567
14625 14636
14628 23814
14628 23815
14628 23817
14629 18428
14629 23832
14630 15556
14630 15560
14630 23516
14630 23832
14632 14757
14633 24999
14634 16497
14635 14637
14635 20825
14636 14647
14637 14638
14638 14639
14639 14790
14640 14739
14640 14741
14640 14742
14640 17323
14644 15624
14644 15626
14646 15999
14647 14703
14648 17654
14648 21761
14649 17273
14649 17589
14650 14651
14652 14653
14653 23486
14654 23486
14654 23489
14655 21929
14655 21931
14656 14657
14657 18188
14658 14670
14658 14681
14658 14692
14660 14661
14660 14662
14660 14794
14660 16242
14661 16241
14661 16242
14662 16303
14663 14865
14664 22567
14664 22634
14665 15521
14666 20053
14666 20056
14666 20058
14667 14668
14668 14888
14669 14780
14669 15446
14670 14725
14670 21915
14671 14889
14674 15492
14675 15492
14676 15798
14676 24723
14676 24757
14677 22349
14677 22350
14679 14823
14679 23934
14681 14703
14681 14714
14681 14725
14682 14834
14688 23034
14688 23056
14689 14948
14689 15439
14692 14703
14693 21043
14693 21047
14695 14696
14696 25012
14696 25023
14697 14729
14698 14699
14698 21610
14699 15393
14700 14701
14702 15312
14704 15169
14704 17368
14705 14875
14707 15778
14708 15982
14710 24010
14712 14744
14712 16580
14713 14804
14714 14747
14716 15052
14717 17839
14718 14912
14718 16786
14719 14720
14719 14721
14720 16917
14721 15776
14722 14723
14725 14792
14726 15545
14728 14859
14729 15419
14730 14731
14730 14732
14731 16090
14732 15077
14733 20014
14734 24577
14735 14737
14738 14740
14738 17529
14739 14741
14739 17529
14740 16626
14740 17529
14741 14742
14742 16097
14743 17917
14743 24527
14745 17941
14748 16733
14749 17944
14751 17210
14753 16107
14753 21910
14754 22263
14756 24480
14756 24481
14756 24483
14757 20864
14757 24515
14758 14792
14758 21910
14759 24515
14759 24516
14761 18443
14762 14827
14762 15460
14762 21659
14765 16124
14765 17198
14767 15655
14767 15656
14769 14781
14769 14803
14771 14906
14771 16083
14771 21926
14773 16220
14775 16785
14776 16665
14777 23685
14778 14779
14778 14782
14778 17028
14779 14783
14779 14784
14780 15558
14781 14814
14781 16107
14781 21910
14782 14815
14783 14812
14784 14812
14784 17028
14785 25253
14785 25257
14786 18480
14786 18481
14786 18486
14787 16550
14788 16667
14789 20540
14789 20541
14791 17066
14792 21911
14792 21913
14794 16233
14794 16242
14795 16234
14795 16238
14796 16762
14796 23881
14797 23881
14798 17945
14798 17947
14799 14913
14799 21317
14800 18230
14800 21317
14800 22102
14801 14870
14801 23166
14802 23505
14803 14814
14803 14825
14803 16073
14805 14806
14805 14893
14805 20820
14806 20821
14807 20900
14808 16077
14808 16079
14809 14810
14809 14811
14809 16956
14810 14815
14810 17841
14811 14828
14812 14829
14813 17841
14814 21913
14816 14817
14817 15381
14818 16041
14818 16042
14819 16039
14820 22918
14821 14840
14821 22141
14821 24694
14823 19921
14824 22857
14825 14836
14825 14847
14828 16955
14828 16956
14831 16199
14832 21807
14833 14897
14833 23923
14836 16536
14836 16548
14837 18451
14840 22140
14840 24693
14841 14904
14841 16731
14842 17824
14845 15393
14845 21609
14845 21610
14846 21859
14846 21860
14847 16072
14847 16073
14848 14849
14848 23039
14849 16339
14852 14853
14852 14854
14854 16503
14856 16177
14856 20847
14857 17470
14858 14984
14858 18957
14858 19735
14859 15663
14861 16971
14861 16972
14862 15141
14862 20821
14864 16345
14864 17263
14864 18937
14868 15311
14868 24235
14869 14980
14869 16980
14870 14887
14870 23164
14871 16813
14871 23589
14873 14874
14874 16230
14876 21874
14877 14878
14877 14879
14877 24558
14878 15090
14879 15089
14879 16289
14880 15517
14880 23339
14881 16066
14881 24213
14882 15381
14883 22304
14883 23848
14883 25278
14884 14932
14884 16604
14885 16552
14891 15002
14891 15335
14891 15446
14892 14903
14892 14914
14892 16769
14893 15869
14893 16645
14895 21502
14895 22252
14897 19911
14898 18737
14898 18738
14898 18741
14898 24329
14899 23941
14900 15883
14900 15884
14903 14991
14903 16252
14904 15476
14905 21920
14906 21925
14907 16083
14907 21855
14909 15672
14910 16071
14910 16074
14912 16964
14913 21353
14915 18978
14918 25234
14918 25245
14919 14920
14920 16334
14920 16337
14921 15652
14921 23898
14922 17793
14923 14924
14923 15087
14924 15088
14925 15811
14925 16251
14925 24512
14927 15407
14927 15408
14928 15659
14929 25245
14931 16135
14931 16339
14931 23039
14932 16604
14933 16341
14933 18711
14935 16817
14936 21346
14936 21379
14936 24512
14938 16346
14938 18937
14939 17118
14940 22322
14945 15305
14945 15306
14946 24902
14947 14958
14947 21357
14947 21368
14947 21424
14949 14950
14949 14957
14950 14951
14950 14952
14951 14957
14951 14959
14951 14960
14952 14953
14952 14954
14952 14959
14953 14955
14954 14955
14954 14956
14956 14959
14956 14962
14956 14963
14957 15572
14957 16773
14958 14969
14958 21346
14958 21357
14959 14961
14960 15334
14961 15337
14962 14988
14963 15339
14964 14965
14965 18813
14965 20157
14966 14967
14966 18802
14967 14975
14967 14976
14967 20191
14968 14970
14969 16250
14970 15377
14970 21524
14971 17802
14972 14973
14972 16664
14975 18802
14975 18824
14975 20302
14976 14978
14976 20302
14976 20313
14977 14978
14977 20313
14977 20324
14977 20457
14978 20424
14978 20435
14979 20249
14980 14991
14980 15003
14981 14982
14981 21557
14982 15048
14983 14984
14983 19290
14983 19735
14985 14986
14987 15000
14989 16465
14990 15191
14990 22118
14991 15003
14991 16250
14991 16251
14991 16252
14992 14996
14993 14995
14993 14996
14994 14999
14994 15123
14994 15180
14994 18439
14996 14997
15002 15113
15002 15224
15004 22557
15006 15007
15006 15041
15006 15044
15007 15040
15007 15042
15008 15009
15009 22546
15010 15011
15010 15012
15011 15016
15011 15021
15013 15016
15013 15018
15013 15169
15014 15025
15014 18660
15015 15018
15015 15505
15016 15017
15017 15019
15018 17368
15019 15020
15019 15021
15020 16162
15022 22546
15022 22579
15023 15024
15024 15181
15024 21035
15025 15036
15027 15028
15028 16377
15028 16450
15029 18013
15029 18069
15032 15666
15033 15034
15033 15035
15033 20679
15034 15037
15034 15220
15034 24577
15035 15037
15035 15038
15035 24896
15036 15047
15036 24290
15037 21246
15038 20779
15038 20880
15038 21246
15039 21235
15039 21246
15040 15041
15042 21842
15043 22557
15045 15046
15045 21248
15046 22431
15046 22432
15047 17232
15047 24067
15048 20476
15049 16444
15050 16038
15050 16119
15050 16383
15050 24522
15055 15056
15055 15057
15056 15059
15057 15060
15058 15069
15058 15080
15058 15091
15058 15102
15059 15060
15061 15575
15061 15576
15061 21355
15062 15574
15062 21355
15063 17535
15064 22923
15065 15066
15066 21646
15067 15068
15067 17702
15068 17669
15069 15128
15070 15083
15070 16067
15070 17724
15071 15072
15072 15526
15073 15074
15073 16676
15073 22735
15074 15075
15074 22657
15075 24956
15076 15079
15076 16800
15076 22146
15076 22168
15077 23213
15077 23279
15078 15079
15078 22146
15079 23168
15080 15125
15080 15136
15081 17625
15082 15083
15082 22439
15084 15085
15084 16827
15086 15087
15086 15088
15088 25217
15089 16289
15089 21701
15089 24559
15090 24558
15091 17313
15092 15093
15093 15578
15093 24845
15094 15095
15094 15096
15094 16778
15095 16706
15095 16707
15096 15097
15097 15098
15097 16501
15098 15099
15098 16501
15100 15101
15100 15103
15100 16363
15102 15514
15102 22428
15103 16047
15103 16744
15104 15105
15104 18484
15104 18485
15105 17536
15105 18487
15105 19810
15107 18476
15108 15109
15108 15122
15109 15122
15111 23413
15112 15423
15112 15873
15112 21868
15112 21945
15113 15335
15114 15158
15114 17257
15115 21468
15116 22157
15117 15501
15117 17208
15118 23275
15118 23327
15119 23818
15119 23819
15119 24513
15121 15444
15122 15444
15123 19827
15128 17257
15129 21241
15129 22438
15131 21557
15131 21568
15133 15352
15134 19439
15135 16185
15135 16186
15136 15511
15136 15514
15137 17578
15137 18849
15139 15995
15139 17489
15140 15141
15140 15144
15141 15885
15142 24584
15143 16179
15144 15711
15144 15892
15145 24413
15145 24435
15146 15148
15146 22401
15147 17235
15147 20624
15149 15150
15151 15307
15151 16506
15152 15310
15153 21845
15153 21957
15154 22141
15155 15369
15156 15157
15156 15380
15156 16500
15157 17269
15157 21401
15158 17268
15158 22501
15159 15980
15159 21623
15159 21734
15160 15161
15161 15217
15161 24034
15164 16065
15164 24023
15167 15168
15167 15171
15167 16559
15168 15301
15168 15442
15170 15171
15170 16949
15171 15174
15172 16949
15172 17414
15172 24191
15173 17414
15173 24191
15174 16559
15174 17412
15175 18413
15175 18424
15176 19257
15177 15178
15177 15179
15177 15181
15178 15182
15178 21069
15179 15182
15182 16159
15183 21046
15183 21069
15184 19413
15185 15186
15185 15187
15185 15188
15186 15187
15188 15199
15189 15198
15189 15199
15189 16931
15189 19413
15190 15192
15190 15193
15190 15194
15190 19413
15191 22165
15191 24923
15192 16879
15192 19457
15193 15196
15194 15196
15194 19390
15195 16879
15195 19390
15196 15197
15197 15370
15197 15371
15198 15200
15198 16931
15200 16881
15200 19368
15201 15204
15201 15207
15201 19513
15202 15213
15202 15225
15202 15236
15203 15204
15203 15205
15203 19468
15205 16884
15206 15207
15206 15208
15206 16883
15207 19479
15208 19501
15209 15210
15209 15211
15209 15658
15210 16883
15211 15658
15211 16882
15212 15214
15212 15215
15212 19590
15212 19624
15212 20985
15213 22169
15214 16474
15214 20985
15215 16973
15216 15232
15216 16353
15217 24034
15218 15219
15218 15220
15218 20712
15219 15221
15219 20902
15220 20679
15222 15249
15222 15251
15222 15252
15223 19612
15224 15669
15225 22162
15226 15228
15226 15230
15227 15228
15227 15229
15227 19612
15228 15230
15230 15231
15231 16468
15231 16470
15233 24612
15234 15235
15235 15237
15236 22166
15236 22167
15238 15239
15238 15240
15238 16278
15239 15262
15239 16272
15239 16279
15240 16274
15241 15242
15241 15243
15241 16156
15242 15243
15243 16277
15244 15245
15244 15246
15245 16680
15245 18235
15246 18224
15247 15258
15247 15269
15247 15280
15248 15249
15248 15250
15248 16698
15248 20102
15249 16680
15250 16698
15250 17946
15251 15253
15251 15254
15252 16160
15252 19969
15254 15255
15254 15259
15255 15256
15256 15257
15256 15259
15257 15260
15257 16161
15257 16344
15257 18935
15260 16297
15260 16352
15261 16300
15261 16301
15262 16272
15262 16282
15262 21002
15263 15264
15263 16301
15263 21002
15264 18902
15265 15266
15265 15267
15267 16715
15268 15270
15268 15271
15268 16239
15269 17153
15270 15662
15271 15272
15271 16524
15272 16232
15272 16235
15273 15274
15273 15275
15273 15651
15274 16235
15274 16238
15275 15276
15275 16237
15276 17361
15276 17481
15277 15278
15277 16257
15278 16281
15279 16046
15279 21257
15281 16897
15281 18413
15281 18669
15282 18153
15286 15287
15286 23896
15286 23897
15288 23896
15288 23898
15289 15656
15290 16658
15290 20994
15291 15302
15291 15313
15291 21966
15292 16804
15293 24879
15294 16368
15295 15336
15295 15391
15295 16500
15296 15391
15296 16928
15297 15560
15298 15299
15298 15300
15298 17387
15299 17173
15300 15596
15300 15598
15301 15303
15301 22908
15302 17094
15302 17095
15303 15384
15304 15305
15304 15306
15305 15306
15307 15308
15307 15309
15307 24257
15308 15463
15308 15464
15309 15310
15309 15311
15309 24257
15312 15461
15313 17143
15313 17660
15313 17661
15313 17662
15314 15455
15314 24457
15318 15319
15318 22684
15318 23837
15319 24912
15319 24923
15320 23837
15320 23840
15321 18667
15321 18668
15322 18675
15322 18676
15328 19977
15328 22649
15328 22651
15329 18504
15329 18506
15330 16373
15333 16773
15333 23812
15334 21838
15336 15347
15336 15358
15336 15369
15338 15339
15338 21828
15338 21831
15340 15341
15340 22179
15341 15342
15341 23623
15342 15343
15342 15344
15342 24179
15344 15345
15344 16677
15345 15346
15345 21956
15346 15348
15347 15380
15347 15391
15348 16194
15348 20845
15349 15350
15349 15351
15350 15354
15351 16527
15351 16877
15353 15354
15353 16510
15353 16516
15354 15356
15355 15356
15355 15357
15355 16192
15356 15359
15358 24113
15358 24114
15360 15361
15360 16195
15362 15363
15363 16877
15364 15366
15365 15366
15365 15368
15366 15367
15367 15368
15367 16848
15368 16478
15369 24116
15370 15371
15370 15372
15371 15373
15372 15373
15372 16478
15373 16848
15374 15375
15375 16217
15376 15842
15376 24801
15377 15379
15379 21513
15379 21524
15380 16674
15382 21404
15382 21405
15385 16835
15385 19994
15386 15388
15388 24134
15389 18606
15389 18610
15390 15392
15391 22219
15391 22220
15392 21609
15394 15395
15399 25216
15400 15688
15402 21479
15403 17763
15403 17764
15403 25267
15404 15582
15404 17539
15404 24912
15405 16184
15405 16790
15406 15407
15408 15409
15410 15412
15413 15424
15413 15435
15413 15447
15416 15417
15416 15418
15419 15661
15420 15421
15420 22639
15420 23259
15421 22636
15421 23795
15422 23254
15422 23791
15422 23795
15423 23254
15423 23794
15424 17344
15425 15873
15425 16783
15425 23794
15426 22257
15426 23784
15428 19332
15428 19334
15429 15430
15429 15431
15429 15432
15431 15824
15433 15434
15434 15662
15436 15437
15442 24379
15442 25223
15443 23712
15445 15448
15445 20087
15446 15558
15449 15476
15449 22132
15453 22132
15453 22137
15454 15455
15456 21078
15458 15469
15458 15480
15458 17117
15460 21654
15460 21660
15462 17369
15463 15464
15463 17369
15466 15467
15467 16721
15468 20062
15471 15472
15475 16721
15477 25105
15477 25107
15479 18400
15479 18407
15480 17116
15480 17119
15481 15484
15482 15483
15482 15484
15483 18407
15485 22692
15485 23267
15485 23274
15486 15487
15486 22688
15486 23247
15486 23250
15487 23245
15488 22375
15488 22376
15488 22710
15488 23245
15490 20056
15491 15502
15491 15513
15491 15524
15492 16724
15493 21344
15493 21348
15493 21349
15494 17402
15494 19783
15494 19785
15495 15496
15495 18492
15495 18494
15496 16765
15497 16839
15497 22705
15498 22708
15498 23243
15499 25206
15501 15503
15501 15504
15502 15524
15502 16173
15503 16640
15504 16640
15505 22430
15506 17802
15507 15508
15507 23315
15507 23317
15507 23318
15507 23319
15507 23804
15507 23806
15507 25090
15508 23802
15508 23805
15510 17858
15510 17891
15511 15512
15512 21245
15513 17448
15514 21245
15514 22429
15516 17813
15517 23338
15517 23339
15518 23234
15518 23266
15519 16642
15519 21358
15520 17236
15520 18623
15520 19734
15523 15986
15523 15987
15524 20672
15526 15527
15528 15529
15528 15794
15529 15530
15529 20039
15531 15532
15533 22202
15533 22213
15534 21439
15534 21440
15535 15546
15535 15559
15535 15570
15539 21048
15542 15543
15549 21556
15549 21560
15550 24746
15551 15798
15552 15553
15552 15554
15553 15561
15554 25240
15556 23833
15556 23835
15557 15676
15558 16335
15558 16375
15559 15592
15560 23515
15561 25238
15562 15563
15562 24657
15562 25239
15563 25240
15563 25242
15565 15566
15567 16584
15568 20696
15568 24919
15569 15877
15569 17997
15570 15592
15571 22427
15572 15573
15573 23823
15575 20458
15577 15578
15577 16549
15577 17534
15578 17534
15579 15580
15579 15602
15580 16699
15581 15592
15581 15603
15581 16153
15583 15584
15583 16184
15584 15585
15584 17442
15585 20068
15586 15587
15586 15588
15586 15589
15588 23458
15588 23459
15589 16385
15590 15591
15590 17352
15590 17355
15591 17477
15591 20759
15592 15603
15592 16152
15593 15594
15593 15595
15593 19114
15594 15597
15595 19090
15595 19715
15596 19685
15596 21671
15597 19112
15597 19714
15597 21671
15598 15599
15598 19688
15599 15601
15599 21675
15600 19714
15601 15969
15602 16699
15602 23379
15603 16152
15603 17506
15605 15633
15607 15608
15607 16805
15609 18208
15609 18215
15610 17541
15611 15612
15611 15613
15611 17318
15612 16431
15613 16526
15613 16529
15614 15625
15614 15636
15615 15616
15616 15618
15617 15618
15618 16406
15619 16533
15620 15621
15620 15622
15621 15622
15627 15628
15627 15629
15627 16218
15628 15631
15629 17318
15630 15633
15634 16668
15635 15637
15635 15638
15635 16672
15636 24800
15636 24803
15637 15638
15639 15640
15639 16785
15640 16785
15641 15642
15643 15644
15643 16174
15644 20672
15645 15646
15645 15648
15645 15649
15647 15658
15647 15670
15647 16144
15647 19535
15648 16174
15648 16175
15649 17068
15649 17481
15650 16524
15650 16546
15651 15663
15652 23895
15653 15654
15662 15663
15667 15672
15667 16214
15668 21964
15669 15780
15671 15994
15671 21961
15671 21964
15673 16103
15674 16826
15675 15676
15675 15686
15675 15724
15677 15678
15678 15726
15678 16826
15679 17186
15680 15682
15680 15683
15680 15689
15680 17730
15682 15687
15683 16538
15683 16539
15684 15685
15684 15686
15684 15687
15687 19346
15688 17008
15688 19302
15689 16138
15689 19335
15689 19346
15690 15694
15690 19313
15691 15693
15691 15698
15691 19324
15694 15697
15694 17188
15695 15696
15695 15704
15695 16318
15696 17036
15697 15729
15697 20103
15698 15875
15698 17270
15699 16567
15699 17271
15700 16566
15700 16567
15700 17271
15701 15715
15701 15724
15701 19291
15702 15875
15702 17036
15702 19291
15703 15714
15703 15725
15703 15736
15704 15734
15705 20130
15705 20131
15705 20136
15706 15746
15706 15748
15706 20136
15707 15708
15707 15711
15707 17515
15708 15709
15708 15712
15709 15718
15710 15711
15710 15712
15710 15894
15712 15713
15713 15715
15713 15718
15714 15736
15714 17556
15715 19279
15716 15717
15716 15718
15716 15753
15717 24583
15717 24585
15719 15720
15719 15721
15719 15746
15720 24585
15721 15722
15721 15749
15722 15723
15722 15728
15723 15750
15723 15751
15725 17557
15726 15727
15726 15729
15727 15728
15727 15730
15728 15745
15729 15730
15730 15731
15731 15732
15731 15733
15732 15737
15733 20105
15734 15735
15734 19279
15735 15739
15735 15744
15737 15742
15737 15745
15738 15740
15738 20114
15740 15741
15740 15742
15740 20115
15742 20117
15747 17253
15747 17254
15747 21812
15748 17026
15748 20137
15749 15750
15751 15899
15751 17211
15752 15755
15752 17225
15753 15756
15754 15756
15754 17225
15754 17650
15756 15761
15758 15769
15760 17497
15761 15762
15761 15766
15762 16004
15762 16748
15762 17578
15763 15764
15763 17596
15765 16992
15765 20570
15766 16981
15766 16992
15767 15768
15767 16865
15768 15774
15769 17198
15770 15771
15770 15772
15771 16981
15772 16205
15774 16204
15774 16205
15777 23368
15777 23379
15778 15779
15781 21220
15783 16987
15785 15786
15786 17310
15786 17378
15787 16802
15788 21834
15789 16802
15789 20458
15790 20084
15791 20084
15792 15803
15792 15814
15792 16227
15793 15794
15795 15796
15799 15800
15799 15801
15799 21290
15800 21176
15801 15806
15802 15804
15802 15805
15802 21188
15802 22302
15803 16150
15803 16151
15804 16364
15805 20124
15805 22302
15807 16659
15807 21068
15808 15809
15808 18635
15809 18633
15810 18633
15811 16251
15813 15938
15814 15825
15814 16150
15821 15822
15821 15823
15822 17296
15823 15827
15824 15826
15826 15827
15830 15831
15830 16750
15831 16587
15831 16594
15831 16750
15831 16842
15831 16843
15831 16844
15832 18763
15832 21815
15835 15837
15835 16591
15836 15847
15836 15858
15836 15869
15836 15880
15839 17704
15839 20114
15840 16337
15842 15843
15843 24790
15844 15845
15846 24712
15847 15887
15847 16645
15848 24735
15848 24757
15850 16975
15850 16986
15851 15852
15851 15853
15852 15853
15852 16319
15854 15855
15855 22224
15856 16836
15856 17016
15859 16555
15860 21318
15860 21320
15860 25178
15861 18629
15862 15863
15862 15865
15863 15864
15863 18958
15864 15865
15865 21046
15866 16719
15868 17456
15871 24165
15873 16691
15874 16857
15875 17034
15876 17008
15876 17730
15877 15878
15878 17996
15879 23430
15879 23433
15880 15892
15880 15903
15881 18289
15881 18292
15881 23946
15885 15886
15885 15888
15885 20821
15886 15888
15886 16645
15887 15888
15889 15897
15889 15898
15889 17211
15890 15893
15890 15894
15890 15896
15892 17215
15893 15896
15893 17215
15894 15901
15895 15896
15895 15901
15895 15902
15897 15898
15897 15899
15899 15900
15900 15907
15900 17298
15901 15905
15902 24588
15903 17211
15903 17212
15904 15905
15904 15909
15904 17491
15905 15913
15906 15907
15906 17298
15907 15908
15908 15911
15908 16747
15909 15913
15909 16133
15910 16133
15910 16564
15910 18781
15911 15918
15911 16758
15912 15913
15912 15915
15912 15919
15914 15925
15915 15916
15915 18781
15916 15917
15916 15919
15917 24591
15918 15921
15918 15922
15919 15926
15921 15923
15922 15931
15924 15926
15925 23905
15926 15929
15927 15928
15927 16852
15928 20478
15929 15930
15929 15935
15930 16852
15931 22335
15932 15933
15932 15934
15935 15937
15936 15947
15936 23907
15937 17308
15939 16853
15940 18902
15940 19035
15940 19046
15941 15942
15941 18302
15941 18313
15942 18268
15943 16052
15943 16160
15943 18246
15944 16461
15944 16462
15945 17024
15946 15948
15947 23906
15948 15950
15949 15950
15950 15951
15951 24274
15952 16079
15952 22357
15953 15968
15953 15971
15954 15959
15954 15960
15955 15956
15955 15961
15955 16756
15956 15960
15956 15970
15957 15959
15957 15961
15957 17391
15958 15969
15958 20804
15958 21675
15959 15961
15960 15971
15961 15963
15961 16756
15962 15963
15962 15964
15962 15968
15963 15964
15963 16647
15964 15965
15966 15967
15966 16647
15967 15968
15967 15972
15970 15972
15974 15976
15975 15976
15975 16627
15977 21104
15977 21108
15978 15979
15978 15981
15980 15991
15980 16003
15983 17561
15984 21010
15986 16713
15988 16634
15990 15992
15990 19875
15990 19877
15990 22898
15991 22256
15991 22258
15992 16789
15992 19871
15993 19866
15993 21915
15996 17177
15997 18849
15998 17578
15998 17659
15999 17578
16000 16001
16000 17578
16001 18844
16001 18848
16002 16113
16002 16224
16002 16335
16002 16446
16003 22258
16003 22262
16004 17582
16005 21735
16005 21746
16006 16411
16006 21735
16007 16045
16011 16020
16011 19230
16012 16019
16012 19230
16012 19425
16013 23057
16014 16025
16015 16016
16016 24007
16020 19422
16020 19425
16022 16023
16024 23066
16024 23073
16026 23065
16026 23066
16026 23071
16031 16032
16032 16033
16035 24014
16035 24015
16039 16042
16039 16397
16040 16397
16040 16399
16041 16043
16042 16409
16043 16409
16044 16409
16047 16058
16047 16069
16047 22252
16048 16049
16048 16408
16049 16401
16049 16406
16050 16763
16050 17913
16050 18379
16051 16052
16051 18379
16052 16565
16053 16057
16054 16056
16054 16057
16055 16057
16055 16059
16059 16450
16059 21723
16060 16061
16061 16945
16062 16063
16062 25045
16063 16945
16064 16330
16065 16066
16065 24056
16065 24213
16068 19682
16069 16744
16069 16757
16070 16072
16070 16536
16070 16537
16070 16538
16075 16111
16075 17675
16078 16079
16078 16759
16078 17523
16080 16091
16083 16084
16085 21253
16086 16087
16086 16566
16086 16567
16087 16134
16088 16089
16090 16092
16090 16661
16090 16662
16091 17685
16091 17686
16092 16093
16093 16575
16094 16106
16094 21259
16094 21260
16095 23472
16097 16099
16097 17875
16098 16637
16098 17876
16099 16637
16099 17876
16100 21779
16102 21023
16106 21254
16106 21256
16108 16774
16108 17555
16110 16209
16112 16115
16112 22116
16113 17057
16113 19902
16114 21010
16115 22114
16117 16660
16117 21068
16117 21179
16118 21165
16119 16121
16119 16422
16120 16389
16121 16122
16122 16422
16123 16433
16123 16616
16124 17199
16124 24919
16125 16136
16125 16147
16126 16127
16127 16132
16128 16131
16128 16694
16128 16834
16128 16856
16129 16694
16130 22291
16130 22302
16131 16137
16132 16137
16132 22324
16133 21763
16134 16566
16135 23036
16135 23037
16137 22324
16138 16140
16140 16539
16140 16540
16141 16142
16141 16700
16142 16143
16144 16885
16144 19535
16145 16150
16145 16656
16146 16227
16146 16656
16147 20308
16148 16149
16149 16656
16151 16304
16151 16305
16152 16154
16153 16154
16153 17522
16155 16738
16155 16739
16156 16286
16156 16288
16157 16159
16157 16286
16158 16169
16160 18390
16161 16344
16161 21002
16163 16165
16164 16165
16164 16343
16165 16343
16166 16167
16166 17513
16166 20946
16167 17513
16167 20958
16168 16170
16168 20958
16169 16180
16169 18089
16170 19080
16171 16353
16172 19080
16173 16805
16173 21497
16174 16175
16174 16176
16174 16743
16174 17359
16176 16743
16176 17068
16177 20249
16177 20847
16178 20228
16179 17026
16180 24600
16180 24605
16181 22528
16182 16849
16182 21557
16186 16873
16187 16849
16188 16189
16189 16517
16189 16861
16190 16356
16191 16202
16191 16213
16191 24476
16192 16861
16193 16194
16194 16196
16195 16196
16195 16768
16197 17513
16197 19069
16197 20958
16199 17646
16200 16201
16200 16203
16201 17632
16203 18884
16204 16205
16205 16206
16207 16914
16210 22522
16210 22523
16212 19894
16212 19896
16212 21326
16213 16225
16213 16236
16214 16639
16214 21962
16217 16751
16218 17179
16219 17186
16219 20259
16221 24661
16221 24663
16223 16226
16224 19891
16225 24472
16225 24473
16225 24476
16226 17100
16227 16228
16227 16229
16228 16304
16228 16312
16228 16315
16229 16822
16229 16823
16230 16231
16230 16824
16231 16823
16231 16824
16232 16233
16232 16235
16233 16240
16234 16235
16234 16237
16235 16237
16235 16238
16235 16239
16235 16240
16236 24472
16239 16240
16241 16303
16244 16549
16245 18432
16246 16248
16246 16249
16247 16258
16247 16269
16247 16280
16248 19439
16249 19442
16250 16251
16251 16252
16254 16255
16255 16377
16255 21702
16256 16841
16258 16291
16258 16302
16259 16260
16259 19670
16260 19669
16261 16820
16261 19669
16262 19677
16265 16266
16266 16267
16269 16324
16270 16622
16271 16287
16271 18669
16271 18702
16272 16273
16273 16283
16273 21024
16274 16275
16274 16284
16274 16285
16274 16915
16275 16276
16276 16277
16276 16281
16277 18669
16278 16279
16278 16927
16279 16281
16280 16302
16280 21118
16282 16283
16282 16287
16283 16285
16284 16296
16285 16915
16286 16288
16287 16288
16289 21679
16290 16292
16290 16293
16290 20924
16290 20969
16291 16313
16291 16324
16291 16336
16292 18291
16292 20969
16293 18357
16293 20924
16294 20046
16295 16296
16295 16298
16295 16715
16296 16297
16297 16298
16297 16299
16299 16352
16299 20113
16300 16846
16301 16351
16302 16336
16304 16312
16305 16311
16305 17507
16307 16308
16307 16309
16307 17521
16308 16309
16309 17147
16310 16311
16310 16316
16310 17521
16312 17506
16313 16347
16313 16358
16314 16315
16314 16316
16314 16317
16315 17147
16316 16317
16317 17507
16319 16975
16319 16986
16320 21393
16320 21395
16322 16323
16324 16358
16324 21119
16325 23730
16327 25269
16327 25273
16328 25268
16328 25273
16330 25056
16331 16332
16331 25288
16332 25219
16333 25221
16333 25222
16335 19891
16335 19902
16336 21117
16341 23230
16343 21146
16345 16346
16347 16369
16347 16380
16347 16391
16348 16349
16349 22553
16350 16605
16351 16352
16354 16355
16355 16761
16356 16357
16356 16877
16357 16812
16359 16611
16359 16614
16362 16363
16362 16929
16363 16675
16364 21188
16365 16859
16366 16757
16366 16829
16366 17383
16367 16370
16367 16372
16368 16534
16369 16402
16370 16372
16375 19891
16377 16399
16377 21702
16377 21706
16378 16379
16378 16381
16378 16382
16379 16384
16381 16439
16381 16440
16382 16383
16382 16425
16382 24517
16383 16423
16383 24520
16384 16445
16384 21702
16385 16386
16385 21695
16385 23461
16386 16387
16386 16388
16386 23461
16387 16388
16387 16389
16387 16429
16388 16441
16389 16427
16390 16392
16391 21116
16391 21117
16392 16393
16392 23472
16393 16482
16394 16395
16394 19105
16394 19125
16394 21684
16395 19103
16395 20741
16396 19104
16397 16398
16398 16574
16399 21706
16400 16430
16400 16532
16401 16430
16402 16413
16402 16424
16403 16407
16403 16532
16404 16405
16404 16406
16405 16408
16406 16408
16407 16415
16407 16432
16407 16433
16409 16417
16410 16870
16410 23461
16411 16412
16411 16414
16411 16531
16412 16415
16412 16416
16412 16523
16413 16435
16413 16447
16414 16526
16414 16528
16415 16530
16416 16419
16416 16432
16416 16451
16417 16418
16418 16420
16418 16421
16419 16434
16419 16437
16420 16421
16422 16423
16422 16440
16423 16425
16424 16435
16424 17165
16425 16440
16426 16429
16426 16440
16426 16442
16427 16429
16428 16441
16430 16431
16434 16436
16436 16872
16437 16438
16438 16616
16439 16442
16439 16445
16442 16870
16442 23460
16443 16444
16443 24517
16446 16557
16447 16657
16448 16484
16448 23129
16448 23474
16449 16845
16450 16451
16451 16508
16454 19986
16455 16782
16457 16459
16457 16619
16458 16469
16458 16480
16459 16618
16460 16891
16461 16462
16461 16463
16462 16465
16463 16464
16466 20810
16468 16470
16469 21494
16469 21495
16471 16472
16471 16924
16472 16882
16473 19402
16473 19446
16474 16475
16475 16967
16476 16967
16476 17307
16476 19624
16478 16848
16480 21495
16481 16751
16482 23471
16482 23472
16483 23462
16483 23466
16484 23129
16485 23127
16485 23473
16486 19351
16486 23476
16487 19351
16487 19352
16488 23478
16488 23480
16488 23481
16488 24208
16489 23478
16489 23481
16489 24215
16490 23481
16490 23482
16491 16502
16491 16535
16491 16787
16492 23486
16492 23489
16493 19966
16493 23516
16494 16797
16494 22712
16495 16607
16495 20056
16496 16497
16498 16499
16501 16749
16502 16535
16502 20626
16504 24706
16506 21845
16507 19557
16508 16509
16510 16517
16511 16520
16511 16688
16512 16523
16512 16527
16513 16524
16513 16535
16513 16546
16514 16515
16514 16516
16514 16565
16515 16790
16515 16812
16516 16528
16517 16528
16518 16519
16518 16565
16518 16688
16519 16523
16519 16525
16520 16521
16521 16522
16521 16529
16522 16790
16525 16527
16525 16533
16526 16527
16529 16531
16530 16532
16530 16533
16536 20592
16537 16542
16537 16543
16538 16547
16539 16545
16540 16544
16540 16545
16541 16542
16541 16543
16541 16544
16542 16547
16545 16547
16546 17517
16551 16916
16553 22723
16553 22735
16554 16555
16557 16669
16557 16780
16558 16569
16558 16580
16559 22916
16561 16742
16563 21321
16564 16636
16564 16832
16569 20684
16570 16572
16571 16572
16576 16577
16576 23224
16578 16579
16579 16581
16582 17142
16582 21883
16585 16586
16585 16588
16586 16592
16587 16843
16588 16596
16589 16590
16589 16597
16589 18776
16589 18778
16590 16655
16591 16602
16593 17639
16594 16750
16595 17634
16598 23760
16603 16604
16603 21840
16604 23834
16609 16671
16609 24757
16610 24057
16610 24060
16611 16612
16611 16614
16612 16717
16613 16624
16613 16635
16613 16646
16613 21623
16614 16717
16617 16950
16618 16619
16623 16625
16624 21512
16624 22275
16627 16657
16628 16630
16629 16630
16629 16632
16630 16631
16632 18626
16633 16710
16636 16747
16639 21962
16639 21964
16641 23314
16641 23322
16642 21358
16642 22146
16644 16857
16646 22270
16646 22275
16649 16650
16653 19051
16653 19053
16654 16663
16657 16670
16657 16681
16659 21068
16659 22302
16660 21068
16669 16780
16669 16891
16672 16673
16672 17179
16673 16826
16674 17383
16679 16726
16682 20651
16682 20654
16682 20659
16683 16774
16685 21552
16686 16687
16688 16812
16689 16690
16689 23055
16690 23055
16691 21857
16692 16703
16692 16714
16694 16834
16696 16796
16697 16968
16697 16970
16701 16702
16701 16704
16701 22469
16702 16824
16703 17725
16703 17730
16704 16821
16704 16822
16705 16706
16705 16707
16705 16776
16706 16859
16707 16744
16708 19946
16711 16843
16711 16844
16711 21509
16712 16713
16718 16849
16719 24612
16720 20060
16721 22181
16725 16736
16725 24402
16725 24435
16728 21040
16728 21043
16733 22963
16733 22964
16734 23756
16734 23759
16735 22369
16735 22372
16735 22373
16737 23756
16737 23758
16739 16830
16740 19637
16740 19639
16740 19640
16740 21747
16744 16745
16744 16746
16744 16757
16745 16746
16745 16829
16746 16778
16747 16758
16749 16775
16749 16776
16754 16755
16754 16922
16755 16860
16756 17416
16759 17252
16760 18970
16760 21359
16761 23881
16764 21238
16764 21239
16764 22434
16765 17558
16765 18491
16768 23067
16769 16781
16769 23234
16772 20809
16772 21097
16775 16776
16775 16778
16781 22279
16781 23234
16782 16974
16782 16985
16783 21857
16787 16788
16787 23098
16787 23100
16788 17361
16788 23100
16789 19870
16789 19871
16792 16803
16792 16814
16792 16825
16793 19864
16794 17516
16794 17517
16794 20617
16797 16798
16797 22712
16798 16799
16800 16801
16802 20459
16806 22519
16806 22520
16808 23887
16808 24449
16808 24451
16809 17923
16811 17145
16811 17391
16811 17416
16815 16816
16815 21666
16816 21664
16817 16818
16818 16819
16819 16820
16819 19667
16821 16822
16821 16997
16822 16824
16822 16997
16823 16824
16827 23068
16831 17297
16831 17492
16833 23050
16833 23055
16834 16856
16836 22191
16838 16841
16839 22700
16842 16844
16845 16951
16846 18902
16846 21002
16847 16858
16847 16869
16847 16892
16850 19162
16853 16854
16855 23906
16856 16982
16858 16880
16858 16892
16863 23790
16864 16865
16864 16979
16865 16871
16868 25223
16869 23616
16871 16979
16873 19439
16874 16875
16881 19424
16884 19513
16885 19524
16888 16889
16889 16893
16890 16895
16892 17131
16893 16894
16894 16896
16896 17735
16897 16898
16901 16902
16902 16907
16903 16914
16903 16925
16904 16905
16904 16909
16905 16906
16906 16923
16908 16909
16908 16911
16910 16912
16914 20323
16916 19961
16917 16918
16919 16942
16919 22518
16920 16921
16924 16973
16925 17577
16926 16932
16927 16946
16927 21024
16930 16946
16930 17624
16930 20946
16931 19413
16934 17734
16936 16947
16936 16958
16936 17395
16937 20794
16937 21232
16942 16943
16944 24901
16946 20980
16947 17348
16947 20290
16948 23590
16952 16953
16954 23212
16954 23215
16954 23218
16956 17841
16958 16969
16960 21159
16961 21159
16966 17846
16966 19957
16968 16970
16969 20754
16972 24161
16978 24595
16980 21413
16982 23870
16982 23871
16983 19732
16983 19737
16983 23870
16989 21331
16989 21337
16990 16992
16990 16993
16990 16994
16990 16995
16991 17002
16991 17013
16991 17024
16993 20566
16993 20567
16996 16997
16998 16999
16998 17000
16999 24681
17000 24675
17000 24676
17001 17003
17001 17004
17002 17013
17003 17004
17005 17006
17005 17007
17006 17154
17006 17155
17006 17156
17007 17155
17008 17009
17009 19302
17009 20229
17010 17011
17011 21697
17015 17016
17017 17018
17017 17019
17017 17020
17019 18272
17020 18364
17021 17022
17021 17023
17021 17027
17021 17029
17022 17023
17022 17027
17025 17026
17027 17028
17027 17029
17030 17031
17030 17032
17033 17034
17033 17036
17034 17190
17037 17038
17037 17039
17037 17321
17037 21687
17038 17040
17039 17120
17039 17121
17040 20623
17040 24236
17041 17042
17041 17043
17042 24600
17043 17044
17043 17048
17044 17045
17045 17047
17045 17048
17045 17049
17047 24604
17047 24606
17049 17050
17050 17051
17051 17052
17051 17053
17052 21952
17053 17054
17053 21952
17054 17055
17054 17056
17055 17059
17055 21949
17055 21952
17056 17058
17056 17059
17056 17060
17057 17069
17058 17061
17060 21884
17060 21887
17061 17062
17063 17064
17063 17247
17063 23401
17065 17066
17065 17067
17065 17070
17068 17179
17069 17080
17070 17071
17070 17072
17071 17203
17071 20221
17072 20225
17073 17074
17073 17075
17074 17076
17074 20278
17075 17200
17075 17201
17076 17077
17076 17078
17077 20278
17077 20280
17077 20281
17078 20281
17079 17081
17079 17082
17079 17083
17080 17091
17080 17102
17081 17084
17081 17085
17082 17084
17082 22784
17083 22782
17083 22783
17086 17087
17086 17088
17086 17089
17086 17090
17087 17093
17087 18270
17088 17092
17088 18269
17089 18269
17089 18270
17090 17092
17090 17093
17094 17095
17094 17096
17095 17097
17098 17099
17098 17100
17098 17101
17103 17439
17103 21298
17104 17105
17104 17106
17104 17107
17104 23845
17108 17109
17108 17110
17111 17112
17111 17114
17111 17115
17113 17124
17113 17135
17113 17146
17116 17117
17116 17118
17118 17119
17120 17477
17121 20769
17121 20771
17122 17123
17122 17125
17122 17126
17123 17127
17124 21842
17124 21844
17125 17127
17125 18626
17126 18314
17127 18627
17128 21126
17128 21129
17129 17130
17129 17131
17129 17132
17130 17132
17130 17133
17131 23611
17132 17134
17132 17136
17134 17136
17134 17137
17135 21237
17136 17138
17137 23614
17138 17326
17138 17327
17139 20943
17139 20945
17139 20947
17140 17141
17140 17142
17140 17143
17141 17245
17143 17245
17144 17145
17144 17147
17144 17148
17145 17391
17149 17150
17149 17151
17149 17152
17150 19160
17150 19161
17151 19156
17151 21686
17152 21686
17152 21687
17154 17225
17154 17227
17155 17227
17156 17159
17157 17168
17157 17180
17157 19401
17158 17159
17158 17160
17159 17640
17159 17641
17159 17642
17159 17643
17160 17644
17161 17162
17161 17163
17161 17164
17162 17164
17163 20516
17165 17166
17165 17167
17169 17170
17169 17171
17169 17172
17172 21236
17173 17174
17173 17175
17173 17176
17174 20785
17174 20786
17175 20786
17175 20791
17175 21231
17176 21231
17177 17178
17177 17181
17177 17182
17178 17489
17180 17191
17180 17202
17182 17183
17182 17489
17183 17305
17184 17185
17184 17186
17186 20259
17187 17188
17187 17189
17187 17190
17188 17192
17189 17696
17189 20096
17189 20220
17190 17270
17190 17271
17191 17235
17192 17193
17192 20096
17194 17195
17194 17196
17195 17303
17195 22753
17197 17198
17197 17199
17200 17201
17200 17203
17200 17204
17202 17213
17205 17206
17205 17207
17207 17208
17209 17210
17213 17224
17213 17235
17214 17215
17214 17216
17214 24586
17216 24587
17217 17218
17217 23401
17219 17220
17219 17221
17219 17222
17220 25116
17222 19651
17222 25116
17223 17225
17223 17226
17223 17227
17224 20624
17224 20635
17224 20646
17224 20657
17226 17228
17227 17230
17228 17229
17228 17230
17228 17231
17232 17233
17232 24067
17236 17237
17236 17377
17238 17239
17240 17241
17241 17266
17242 17243
17242 17244
17242 18139
17243 17244
17243 18136
17243 18137
17245 17660
17246 17257
17246 17268
17246 17279
17246 17291
17248 17249
17249 23138
17252 18121
17254 17255
17254 23535
17255 19438
17256 17258
17256 17259
17256 17260
17257 17302
17259 17261
17262 17263
17262 17264
17262 17265
17263 18939
17263 24353
17264 24349
17266 17267
17266 17269
17267 22212
17267 22237
17267 23664
17269 23665
17272 17273
17272 17274
17272 17275
17272 24182
17273 17274
17275 24184
17276 17277
17276 17278
17276 24255
17277 17280
17279 17302
17280 24204
17280 24255
17281 17282
17281 17283
17281 17284
17282 19320
17282 19326
17283 22986
17284 19320
17285 17286
17285 17287
17285 17288
17285 17289
17287 22868
17288 22868
17290 17401
17290 17513
17292 17293
17292 17294
17293 22193
17293 22195
17294 22193
17294 22196
17295 17296
17296 21673
17297 17298
17297 17299
17299 19074
17299 19075
17300 17301
17300 17303
17300 17304
17301 17303
17301 22753
17302 17313
17302 17324
17302 17335
17304 22749
17304 22752
17305 17306
17305 17307
17306 17487
17306 17488
17307 19624
17308 17309
17309 24597
17309 24599
17310 17311
17312 17314
17313 22428
17315 17316
17315 17317
17317 20086
17319 20948
17319 20950
17320 17321
17320 20773
17321 20772
17322 17323
17322 17325
17324 17346
17325 17527
17325 17528
17325 20286
17326 17327
17326 17328
17330 17331
17330 17332
17330 17333
17330 17334
17331 19400
17331 20703
17332 17334
17332 25064
17333 19397
17334 25065
17335 17379
17336 17337
17336 17338
17337 18337
17337 18339
17337 18340
17338 18339
17339 17340
17339 17341
17339 17342
17339 18342
17340 18341
17342 18341
17342 18343
17343 17344
17343 17345
17344 17345
17344 18321
17345 18320
17346 17357
17346 17368
17346 17379
17347 17348
17347 17349
17348 20401
17350 17351
17350 17352
17350 20754
17351 20748
17351 20749
17352 17353
17353 17354
17353 17355
17354 17356
17354 20740
17356 17504
17356 20741
17358 17359
17358 17360
17361 17362
17362 17480
17362 17481
17363 17364
17363 17366
17363 18973
17364 19073
17364 23885
17365 17366
17365 23885
17367 17369
17367 17370
17367 17371
17370 17742
17370 17746
17371 17742
17371 17744
17372 17373
17372 17422
17372 17423
17374 17375
17374 17376
17377 17378
17378 19438
17380 17381
17380 17382
17380 17383
17380 24102
17382 24099
17382 24100
17384 17385
17385 23572
17385 23575
17386 17387
17386 17388
17387 20623
17388 20777
17390 17402
17390 17413
17390 17424
17393 17394
17393 17395
17393 17504
17395 20290
17396 17397
17396 17398
17396 17572
17397 19009
17397 19088
17397 19089
17398 17399
17399 17572
17400 17403
17400 17404
17400 17405
17401 17513
17401 17624
17402 18397
17402 18497
17405 17406
17407 17408
17407 17409
17407 17410
17408 24670
17409 24674
17411 17412
17411 17414
17411 24468
17412 24167
17413 18497
17415 17416
17415 17417
17418 17419
17418 20801
17418 20858
17419 20245
17419 20250
17420 17421
17421 19542
17421 19550
17422 17423
17422 17425
17424 17435
17424 17446
17426 17427
17426 17428
17426 17429
17428 19760
17428 19761
17429 19761
17430 17431
17430 17432
17433 17434
17433 17436
17433 20463
17434 18205
17434 18392
17435 17457
17435 18397
17436 18200
17436 18203
17436 18204
17437 17438
17437 25092
17438 25092
17439 17440
17439 17441
17440 22022
17441 22022
17442 17443
17442 23455
17444 17445
17444 17447
17444 17448
17446 17457
17449 17450
17449 17451
17449 17452
17449 17453
17450 17454
17450 17455
17450 17456
17454 24781
17454 24784
17455 24713
17455 24715
17457 18398
17458 17459
17458 17460
17458 17461
17461 20311
17461 20314
17462 18394
17463 17464
17463 17465
17463 17466
17464 19021
17465 19018
17465 19021
17467 18022
17468 17479
17468 17490
17468 17501
17468 17514
17469 17470
17469 17471
17471 23560
17471 23561
17472 17473
17472 17474
17472 17475
17476 17477
17476 17478
17476 19414
17478 20763
17478 20766
17480 17482
17480 17483
17482 17483
17482 17516
17484 17485
17484 17486
17487 17488
17487 17489
17488 19612
17491 17492
17491 21764
17493 17494
17495 17496
17495 17497
17495 17498
17496 17654
17496 17655
17497 17502
17497 17653
17498 17499
17498 17500
17498 17502
17499 24725
17502 24725
17503 17504
17503 17505
17506 17507
17508 17509
17509 17729
17510 17511
17512 18623
17512 24734
17512 24845
17513 19069
17515 24585
17516 17517
17516 20617
17518 17519
17518 17520
17518 17521
17519 17520
17519 17522
17523 17524
17523 17526
17524 18114
17524 18115
17525 17536
17525 17547
17525 17558
17525 17569
17526 18114
17527 17528
17527 17529
17528 17530
17530 17531
17531 20286
17532 17533
17532 17534
17532 17535
17533 20473
17534 17535
17536 18489
17537 17538
17537 17539
17537 18695
17538 17762
17539 22684
17539 22687
17540 17541
17540 17542
17540 17543
17541 24087
17542 20419
17542 20425
17542 24086
17543 20425
17543 23201
17545 17546
17545 17548
17547 19810
17547 19814
17549 17550
17549 17551
17549 17552
17550 17552
17553 17554
17553 17555
17556 17557
17557 20017
17557 24827
17558 18489
17558 18492
17559 17560
17559 17561
17559 17562
17563 17564
17563 17565
17563 17566
17567 17568
17567 17570
17569 18492
17569 19815
17570 17571
17570 17572
17571 19086
17572 19089
17573 17574
17573 17575
17573 17576
17575 19533
17575 19534
17576 19534
17577 20320
17578 17579
17578 17581
17578 17582
17578 17657
17579 21710
17580 17591
17580 18179
17580 19068
17581 17583
17581 24159
17582 21710
17583 17584
17583 17585
17584 17586
17584 17587
17586 18718
17586 18719
17587 17588
17587 17592
17588 17589
17588 17590
17590 17592
17590 17593
17592 18720
17592 18723
17594 17595
17594 17596
17594 23408
17595 17597
17595 17598
17597 23406
17597 24331
17598 17599
17598 17600
17600 17601
17600 24331
17601 17603
17601 17604
17602 17613
17602 17625
17602 17636
17602 17647
17603 17605
17603 17606
17604 24332
17606 17607
17607 17608
17607 17609
17609 20570
17610 17611
17610 17612
17610 17614
17610 19619
17611 19616
17611 19617
17612 19621
17612 20570
17614 17615
17614 17616
17615 19619
17615 19620
17615 20573
17616 17617
17617 17618
17617 17619
17618 19600
17618 19616
17619 17620
17620 17627
17620 22493
17621 17622
17621 17623
17621 17626
17621 17627
17622 17626
17622 17630
17622 18876
17624 20946
17626 17628
17626 17629
17627 22493
17629 17630
17629 17631
17629 17632
17630 18874
17630 18878
17631 17633
17631 17634
17633 18878
17635 17637
17635 17638
17635 17639
17636 21242
17637 17639
17638 20305
17641 17642
17642 17667
17643 17644
17643 17645
17644 17648
17645 17646
17645 17648
17645 17649
17645 17650
17646 17652
17647 21242
17647 21835
17651 17652
17651 17653
17652 24726
17653 24724
17655 17656
17655 17657
17656 17659
17657 17659
17658 17669
17658 17680
17658 17691
17658 17702
17658 17713
17658 17724
17660 17663
17661 17663
17661 17664
17662 21965
17662 21968
17664 17665
17664 17666
17664 17667
17665 17668
17667 17668
17667 17670
17667 17671
17672 17673
17672 17674
17673 17676
17673 20100
17674 17675
17674 17676
17675 17677
17675 20104
17676 20103
17676 20104
17677 17678
17677 17679
17678 17681
17678 20104
17678 20105
17679 17681
17679 17682
17680 17736
17681 17683
17681 20106
17682 17683
17682 17684
17683 20107
17683 20108
17685 20115
17686 17687
17686 17688
17688 20115
17688 20116
17688 20117
17689 17690
17689 17692
17690 20116
17690 20119
17690 20120
17692 20125
17693 17694
17693 17695
17693 17696
17694 17697
17694 17698
17696 17698
17696 20095
17697 17699
17697 17700
17697 17701
17698 17701
17698 20096
17699 17700
17699 17703
17701 17703
17703 20097
17703 20098
17704 17705
17705 20110
17705 20112
17705 20114
17706 17707
17706 17708
17706 17709
17707 17711
17707 20260
17707 20263
17708 17710
17708 17711
17708 17712
17709 20261
17711 17715
17711 20264
17712 17714
17712 17715
17712 17716
17713 22900
17715 17719
17715 20265
17716 17717
17717 17718
17717 17719
17717 17720
17718 17721
17719 20266
17719 20267
17720 17721
17720 17722
17721 20594
17722 17726
17722 20267
17722 20594
17723 17725
17723 17726
17723 17727
17723 17728
17725 17729
17726 20269
17728 17729
17728 20269
17729 20270
17731 17732
17731 17733
17731 17734
17732 25223
17735 17846
17735 17957
17736 17747
17736 17758
17737 17738
17737 17739
17737 17740
17737 17741
17738 17742
17738 17743
17738 17744
17739 17741
17740 17743
17741 17744
17742 17745
17743 17745
17743 21659
17745 17746
17745 21656
17746 21658
17748 17749
17748 17750
17748 17762
17749 17764
17750 17751
17750 17752
17751 18694
17752 17753
17752 17754
17755 17756
17755 17757
17755 23542
17756 23841
17757 17759
17757 17760
17757 23841
17758 17791
17759 22685
17759 22686
17760 17761
17760 17763
17761 23842
17761 25267
17762 17763
17762 17764
17763 22687
17765 17766
17765 17767
17765 17768
17766 17770
17768 17770
17769 19179
17771 17772
17771 17773
17771 17774
17772 17773
17772 17775
17774 17810
17774 19973
17776 17777
17776 17778
17776 17779
17777 17781
17779 17781
17780 18957
17780 19179
17781 17801
17782 17783
17782 17784
17782 17785
17783 17786
17783 17787
17783 17788
17784 17787
17785 17788
17786 17789
17786 17790
17786 17792
17787 17790
17787 25180
17788 17792
17788 25176
17789 17793
17789 17794
17790 17793
17790 25181
17791 19179
17792 25177
17794 17795
17794 17796
17796 17797
17796 17798
17799 17800
17799 17801
17800 17803
17800 17804
17801 17807
17802 17813
17802 17824
17803 17805
17803 17806
17803 17807
17805 17808
17805 17809
17808 17810
17808 17811
17810 17812
17811 17812
17812 19971
17814 17815
17814 17816
17815 17817
17816 17817
17816 23917
17817 22927
17818 17819
17818 17820
17818 17821
17819 22928
17819 22930
17820 22925
17820 22926
17821 17822
17821 17823
17821 17825
17822 17826
17826 17827
17826 17828
17827 17829
17827 19922
17827 19926
17828 19922
17828 19923
17829 17830
17829 17831
17829 17832
17830 17834
17830 19922
17830 19925
17831 19927
17832 17833
17832 17834
17835 17847
17835 17858
17835 17869
17835 17880
17835 17891
17835 17902
17836 17837
17836 17838
17836 17839
17836 17840
17837 20453
17838 20412
17840 17841
17840 17842
17842 20455
17843 17844
17843 17845
17843 17848
17844 17849
17844 17850
17847 17858
17847 21848
17848 17850
17848 18523
17849 17851
17849 17852
17849 17853
17850 17851
17850 18526
17851 18527
17851 18532
17852 17854
17852 17855
17852 18532
17853 17854
17854 17856
17855 17856
17855 17857
17855 17859
17856 17861
17857 18531
17857 18532
17857 18537
17859 17860
17859 17861
17859 18537
17860 17862
17860 17863
17862 17864
17862 17865
17862 18541
17863 18536
17863 18537
17863 18541
17865 17866
17865 17867
17868 17870
17868 17871
17868 17872
17870 17872
17870 17873
17871 17873
17872 18006
17874 17875
17874 17876
17874 17877
17877 17878
17877 17879
17879 17881
17879 17882
17880 21848
17882 17883
17884 17885
17884 17886
17884 17887
17887 17888
17887 17889
17889 17890
17890 17892
17890 17893
17892 17894
17892 17895
17892 17896
17893 17896
17894 17897
17894 17898
17895 17898
17897 17899
17897 17900
17900 17901
17900 17903
17901 17904
17901 17905
17901 17906
17903 18338
17904 17907
17904 17908
17904 18337
17906 17907
17907 18334
17908 17909
17908 17910
17909 17911
17909 17912
17910 18337
17910 18339
17911 17916
17912 17914
17912 17915
17912 17916
17913 17924
17913 17935
17914 17917
17914 17918
17914 24523
17915 17917
17916 24523
17917 17919
17918 17919
17918 17920
17918 17921
17919 17922
17919 24525
17920 17922
17920 17923
17921 24523
17922 24526
17923 17925
17924 17946
17924 17958
17924 18235
17925 17926
17925 17927
17927 17928
17927 17929
17928 17930
17928 17931
17930 17932
17930 17933
17930 17934
17931 17933
17932 17936
17934 17936
17934 17937
17935 17946
17937 17938
17938 17939
17938 17940
17939 17941
17939 18020
17939 18021
17942 17943
17942 17944
17942 17945
17943 17944
17943 17947
17945 22416
17946 19102
17947 22419
17948 17949
17948 17950
17948 17951
17949 17952
17949 17953
17949 17954
17950 17953
17951 17954
17951 22419
17952 17955
17952 17956
17952 17959
17953 17959
17954 17955
17955 17961
17956 17960
17956 17961
17956 17962
17957 19957
17958 17969
17958 17980
17958 18224
17959 17960
17960 24574
17961 17964
17962 17963
17962 17964
17962 17965
17963 17966
17963 24574
17964 17967
17965 17966
17965 17967
17965 17968
17966 17970
17967 17971
17968 17970
17968 17971
17968 17972
17969 17991
17969 18002
17969 19113
17970 17973
17971 17974
17972 17973
17972 17974
17972 17975
17974 17976
17975 17976
17975 17977
17976 17979
17977 17978
17977 17979
17977 17981
17978 17982
17979 17983
17980 19102
17980 19113
17981 17982
17981 17983
17981 17984
17982 17985
17983 17986
17984 17985
17984 17986
17984 17987
17986 17989
17986 21212
17987 17988
17987 17989
17987 17990
17988 17992
17989 17993
17990 17992
17990 17993
17990 17994
17991 18013
17991 18024
17992 17996
17993 17995
17994 17995
17994 17996
17994 17997
17998 17999
17998 18000
17998 18001
17999 18003
17999 18004
17999 18005
18000 18005
18001 18004
18002 18224
18002 18246
18002 18257
18003 18004
18003 18006
18005 18006
18007 18008
18007 18009
18007 18010
18008 18011
18008 18012
18008 18014
18009 18012
18010 18014
18010 22408
18011 18015
18011 18016
18011 18017
18012 18016
18013 18257
18014 18017
18014 22408
18015 18018
18015 18019
18017 18019
18020 18022
18021 18022
18023 18025
18023 18026
18023 18027
18024 18035
18024 18046
18025 18074
18025 18077
18026 18028
18026 18029
18027 18076
18028 18030
18028 18031
18028 18032
18030 18033
18030 18034
18032 18033
18033 18037
18034 18036
18034 18037
18035 18057
18035 18069
18035 19736
18036 18038
18036 18039
18037 18039
18038 18040
18039 18041
18040 18041
18040 18042
18041 18045
18042 18043
18042 18044
18043 18045
18043 18047
18044 18048
18045 18049
18046 19723
18046 19736
18047 18048
18047 18049
18047 18050
18048 18054
18049 18052
18050 18051
18050 18052
18051 18053
18051 18054
18052 18056
18053 18055
18053 18056
18054 18058
18055 18058
18055 18059
18056 18060
18057 18202
18057 18335
18058 18063
18059 18060
18059 18061
18060 18062
18061 18062
18061 18063
18061 18064
18062 18066
18063 18065
18064 18065
18064 18066
18064 18067
18066 18071
18067 18070
18067 18071
18068 18179
18068 18290
18068 18401
18069 18335
18070 18072
18070 18073
18074 18075
18074 18076
18075 18077
18078 18079
18078 18081
18079 18081
18080 18091
18080 18102
18080 18113
18080 18124
18082 18083
18082 18084
18082 18085
18083 18086
18083 18087
18083 24605
18084 24607
18084 24608
18085 24604
18085 24606
18086 18088
18086 18089
18087 24608
18087 24614
18088 18090
18088 18092
18089 24605
18090 18093
18090 18094
18090 18095
18091 20969
18091 20980
18091 20991
18092 18094
18093 18096
18093 18097
18093 20236
18094 18097
18095 20236
18096 18098
18096 18099
18096 20237
18097 20238
18098 18100
18098 18101
18099 20234
18101 18103
18101 18104
18102 18346
18102 18835
18104 18105
18104 18106
18104 18107
18105 18108
18107 18108
18107 18109
18109 18110
18109 18111
18110 18114
18111 18112
18111 18114
18111 18115
18112 18116
18113 18135
18113 18279
18113 18291
18115 18116
18115 18117
18116 18118
18117 18118
18117 18119
18118 18120
18119 18120
18119 18121
18119 18122
18120 18123
18121 18125
18122 18123
18122 18125
18122 18126
18123 18127
18124 18135
18124 18146
18124 18346
18125 18128
18126 18127
18126 18128
18126 18129
18128 18130
18129 18130
18129 18131
18130 18133
18131 18132
18131 18133
18131 18134
18133 18136
18134 18136
18134 18137
18135 18157
18135 18268
18137 18138
18137 18139
18140 18141
18140 18142
18140 18143
18141 18144
18141 18145
18141 18147
18144 18148
18144 18149
18145 18148
18146 18157
18146 18168
18146 18180
18147 18149
18149 20292
18150 18151
18150 18152
18150 18153
18150 18154
18151 23445
18151 23450
18152 18155
18152 18156
18152 18370
18154 23450
18156 18158
18156 18159
18157 18191
18157 18302
18158 18370
18158 18371
18158 18372
18159 18160
18159 18371
18160 18161
18160 18162
18160 18163
18161 18164
18161 18165
18161 18166
18162 18371
18162 18373
18164 18167
18164 18169
18164 18170
18165 18169
18165 18374
18166 18170
18167 18171
18167 18172
18167 18173
18168 18213
18168 18346
18168 18969
18169 18172
18169 18375
18170 18173
18171 18175
18172 18376
18172 18377
18174 18175
18174 18176
18174 18177
18174 18178
18175 18378
18176 18181
18177 18378
18177 18380
18179 18512
18180 18191
18180 18202
18181 18182
18181 18381
18182 18183
18182 18184
18182 18185
18183 18187
18183 18381
18183 18382
18185 18186
18185 18187
18185 18188
18186 18189
18186 18190
18187 18189
18187 18383
18189 18384
18189 18385
18190 18192
18190 18193
18190 18385
18191 18313
18191 18324
18193 18194
18193 18195
18193 18196
18195 18198
18195 18385
18195 18386
18196 18197
18196 18198
18197 18199
18198 18387
18199 18200
18199 18388
18200 18201
18201 18204
18202 18213
18202 18324
18203 18388
18203 18389
18203 18392
18204 20463
18204 20465
18205 18206
18205 18207
18205 18208
18206 20463
18206 20464
18207 18392
18208 18209
18209 18210
18209 18211
18210 18211
18210 18212
18212 18214
18212 18215
18212 18216
18213 19701
18213 19712
18218 18219
18218 18220
18218 22668
18218 22679
18219 18458
18220 18221
18221 18222
18221 18223
18221 18225
18222 18226
18222 18227
18222 18228
18223 18226
18223 18463
18224 18235
18225 18227
18226 18232
18226 18461
18228 18229
18229 18230
18229 18231
18231 18232
18231 18233
18232 18461
18235 18379
18235 18390
18236 18237
18236 18238
18236 18239
18237 18240
18241 18242
18241 18243
18241 18244
18242 18245
18242 18247
18243 19882
18244 19881
18246 18402
18248 18249
18248 18250
18248 18251
18249 18252
18249 20861
18250 20857
18251 18252
18251 18253
18251 20857
18252 18254
18252 20860
18253 18254
18253 18255
18253 18256
18255 18258
18255 20857
18255 20859
18256 18258
18256 18259
18257 18402
18258 18260
18259 18260
18259 18261
18262 18263
18262 18264
18262 18265
18263 18266
18263 18267
18264 18266
18265 18267
18268 18279
18270 18287
18271 18272
18271 18273
18273 18274
18273 18275
18275 18276
18275 18277
18276 18280
18277 18278
18277 18280
18278 18282
18279 18291
18279 18357
18279 18368
18280 18283
18281 18282
18281 18283
18281 18284
18282 18285
18284 18285
18284 18286
18286 18287
18288 18289
18288 18292
18288 18293
18288 23942
18290 19957
18291 18357
18292 18294
18292 23944
18293 18294
18293 18295
18295 23939
18295 23942
18296 18297
18296 18298
18298 18299
18298 18300
18299 18303
18300 18301
18300 18303
18300 18304
18301 18305
18303 18306
18304 18305
18304 18306
18304 18307
18305 18308
18306 18309
18307 18308
18307 18309
18307 18310
18308 18311
18309 18310
18310 18311
18311 22545
18312 18314
18312 18315
18312 18316
18312 18317
18313 21191
18313 21213
18316 18318
18317 18318
18317 18319
18319 18320
18320 18321
18322 18323
18322 18325
18322 18326
18324 18335
18324 21191
18325 18327
18326 18327
18326 18328
18327 24967
18328 18329
18328 18333
18328 24967
18329 24970
18330 18331
18330 18332
18330 18333
18330 18334
18331 18336
18332 24969
18333 24969
18334 18336
18337 18338
18338 18340
18342 18343
18343 18347
18344 18345
18344 18347
18344 18348
18345 18349
18346 18991
18347 18350
18348 18349
18348 18350
18348 18351
18349 18352
18350 18353
18351 18352
18351 18353
18351 18354
18352 18355
18354 18355
18356 18358
18356 18359
18356 18360
18357 18368
18358 18361
18359 18362
18360 18361
18360 18362
18360 18363
18362 18364
18363 18364
18365 18366
18365 18367
18366 18437
18367 18369
18368 20935
18373 18374
18374 18375
18375 18376
18377 18378
18378 18380
18382 18383
18383 18384
18387 18388
18387 18389
18389 18391
18389 22069
18391 18392
18391 18395
18391 22024
18393 18394
18393 18395
18394 18396
18397 18398
18397 19785
18399 18400
18399 18403
18400 18404
18400 18405
18401 18512
18401 18624
18403 18405
18404 18406
18404 18407
18406 18408
18409 18410
18409 18411
18409 18412
18410 18414
18410 18415
18410 18416
18411 18414
18411 19795
18412 18416
18413 18424
18413 18457
18413 18568
18414 19566
18414 19796
18415 18417
18415 18418
18415 18419
18416 18418
18417 19566
18417 19567
18418 18421
18418 19564
18419 18420
18419 18421
18419 18422
18420 18423
18420 18425
18420 18426
18421 19565
18422 18423
18422 19567
18423 18428
18426 18427
18426 18428
18426 18429
18427 18430
18427 18431
18427 18432
18428 18431
18430 18433
18430 18434
18433 18436
18434 18436
18434 18437
18435 18446
18435 18457
18435 18468
18438 18439
18438 18440
18438 18441
18440 18442
18441 18442
18441 18445
18443 18444
18443 18445
18443 18449
18446 18546
18446 18579
18446 18601
18447 18448
18447 18449
18448 18450
18448 18451
18449 22298
18450 18452
18451 18452
18453 18454
18453 18455
18453 18456
18454 18458
18456 22668
18457 18546
18458 18459
18458 18460
18459 18463
18461 18462
18461 18463
18462 24547
18464 23257
18464 23279
18465 18466
18465 18467
18466 18470
18467 18469
18467 18470
18467 19817
18468 18479
18468 18601
18469 18471
18469 18472
18471 18473
18471 19817
18472 18473
18472 18474
18472 18475
18474 18476
18475 18476
18477 18478
18478 18480
18478 18481
18478 19809
18479 18490
18479 18501
18480 18482
18480 18483
18482 18484
18482 18485
18482 18486
18483 18485
18483 19809
18484 18487
18484 18488
18485 19808
18486 18488
18487 18489
18489 18491
18490 18513
18490 18601
18490 18612
18492 18493
18493 18494
18493 18495
18493 19815
18494 18497
18495 18496
18495 18497
18496 19783
18496 19815
18497 19783
18498 18499
18498 18500
18499 21402
18501 18513
18501 18524
18502 18503
18502 18504
18502 18505
18502 18506
18503 18507
18503 18508
18503 19974
18504 19975
18504 19977
18505 19801
18505 19974
18505 19975
18506 18508
18507 18509
18507 18510
18508 18510
18509 19974
18511 18514
18511 18515
18511 18516
18512 18735
18513 18625
18514 18551
18515 18517
18515 18518
18515 18519
18516 18518
18516 18554
18516 24814
18518 18520
18519 18520
18519 18521
18521 18522
18521 18523
18523 18525
18523 18526
18524 18535
18526 18527
18526 18528
18527 18529
18527 18530
18529 18531
18529 18532
18529 20472
18530 20470
18530 20471
18531 18533
18531 18534
18533 18536
18533 18537
18536 18538
18536 18539
18538 18540
18538 18541
18540 18542
18540 18543
18542 18614
18542 18615
18543 18616
18544 18545
18544 18547
18544 18548
18545 18549
18545 18550
18546 18557
18548 18550
18548 23592
18549 18551
18549 18552
18551 18553
18551 18554
18555 18556
18555 18558
18557 18568
18557 18579
18558 18559
18558 18560
18558 18561
18559 18563
18560 18562
18561 18562
18561 18563
18561 18564
18562 18566
18563 18565
18564 18565
18564 18566
18564 18569
18567 18569
18567 18570
18567 18571
18567 18573
18568 18590
18572 18573
18572 18574
18572 18575
18572 18576
18574 18577
18576 18577
18576 18578
18576 18581
18579 18590
18579 18658
18580 18581
18580 18582
18580 18583
18584 18585
18584 18586
18584 24357
18585 24695
18586 24335
18586 24693
18587 18588
18587 18589
18587 18591
18587 18611
18588 18592
18588 18593
18588 18594
18589 18594
18590 18636
18591 22332
18592 18596
18592 22332
18592 22333
18593 18595
18593 18596
18593 18597
18594 18595
18595 18598
18596 18599
18597 18598
18597 18599
18597 18600
18598 18602
18599 18603
18600 18602
18600 18603
18601 18658
18604 18605
18604 18606
18604 18610
18607 18608
18607 18609
18607 18610
18609 24346
18611 18613
18611 24235
18612 18647
18612 18658
18615 18616
18615 18617
18618 18619
18618 18620
18618 18621
18619 18620
18622 18626
18622 18627
18622 18628
18623 21812
18625 18669
18628 22778
18629 18630
18630 18631
18630 18632
18631 18633
18633 18634
18634 18635
18634 18637
18635 18639
18636 18647
18636 18658
18637 18638
18637 18639
18638 18640
18640 18641
18640 18642
18641 18643
18642 18643
18644 18645
18644 18646
18644 18648
18645 18649
18646 23178
18646 23187
18647 18669
18648 18649
18648 23187
18650 18651
18650 18652
18650 18653
18654 18655
18654 18656
18655 18659
18656 18657
18656 18659
18657 23221
18657 23222
18657 23227
18660 18661
18660 18662
18660 18663
18661 18664
18662 23341
18662 23342
18663 18664
18663 23342
18665 18666
18665 18667
18668 18670
18668 18671
18669 18680
18670 18673
18671 18672
18671 18673
18671 18674
18672 18675
18672 18676
18674 18676
18674 23292
18675 18677
18677 18678
18677 18679
18678 18681
18678 18682
18680 18691
18682 18683
18682 18684
18683 18685
18684 18685
18684 18686
18685 19583
18686 19580
18686 23305
18687 18688
18687 18689
18688 22121
18689 18690
18690 18692
18690 18693
18691 18702
18691 18713
18692 18694
18692 18695
18696 18697
18696 18698
18696 18699
18697 18714
18697 18717
18698 18700
18699 18700
18699 18701
18701 18717
18701 23175
18702 18724
18703 18704
18703 18705
18703 18706
18704 18707
18704 18708
18705 18707
18705 19936
18705 19937
18706 18708
18706 19931
18707 19939
18708 23237
18709 18710
18709 18711
18709 18712
18710 18714
18710 18715
18710 23229
18712 23229
18712 23230
18712 23231
18714 18716
18716 23229
18716 23232
18717 23176
18718 18720
18719 21715
18719 24160
18720 18721
18720 18722
18721 18723
18721 18725
18721 21724
18722 21719
18722 21720
18722 21724
18723 18726
18724 18736
18725 18726
18725 18727
18725 18728
18727 18729
18727 21724
18727 21725
18728 18729
18728 18730
18729 21727
18729 21730
18730 18731
18730 18732
18730 21730
18731 23403
18732 18733
18732 18734
18732 23403
18733 21730
18733 21731
18733 21736
18734 18737
18734 18738
18734 21736
18735 20579
18735 20590
18737 23403
18737 23405
18738 18739
18738 18740
18739 21736
18739 21737
18739 21740
18740 18741
18740 18742
18740 21740
18742 18743
18742 18744
18743 18746
18743 21740
18743 21741
18744 18745
18744 18746
18746 21743
18746 21747
18747 18758
18747 18769
18747 18780
18747 18791
18748 18749
18748 18750
18749 18751
18749 18752
18750 19640
18750 21749
18751 18753
18751 18754
18753 18755
18753 18756
18754 21751
18755 18757
18755 18759
18755 22447
18756 22447
18757 18760
18757 18761
18757 22444
18758 18813
18759 21810
18759 22444
18760 18762
18760 18763
18761 22445
18761 22447
18762 18764
18762 18765
18762 18766
18763 18765
18763 22444
18766 18767
18766 18768
18767 18770
18767 18771
18768 18772
18768 18920
18769 18802
18771 18772
18771 18773
18773 18774
18773 18775
18773 18776
18774 18777
18774 18778
18775 18777
18776 18778
18779 18781
18779 18782
18779 24589
18780 18802
18780 18813
18780 18824
18782 18783
18782 18784
18782 21766
18783 24589
18784 18785
18784 18786
18785 21766
18785 21767
18785 21772
18786 18787
18786 18788
18786 21772
18788 18789
18788 18790
18789 21771
18789 21772
18789 21776
18790 18792
18790 18793
18790 21776
18792 18794
18792 21995
18793 18794
18793 18795
18793 18796
18794 21996
18795 21775
18795 21776
18795 21781
18796 18797
18796 18798
18796 21781
18798 18799
18798 18800
18798 18801
18799 18803
18799 18804
18799 21785
18801 21780
18801 21781
18801 21785
18804 18805
18804 18806
18805 18807
18805 18808
18805 21789
18806 21784
18806 21785
18806 21789
18808 18809
18808 18810
18809 21788
18809 21789
18809 21794
18810 18811
18810 18812
18810 21794
18812 18814
18812 18815
18812 18816
18814 18817
18814 18818
18816 18818
18816 21793
18816 21794
18817 18819
18817 18820
18817 21799
18818 21796
18818 21799
18819 18821
18819 18822
18821 18823
18821 18825
18821 21804
18822 21799
18822 21800
18822 21804
18823 18826
18823 21807
18824 20146
18824 20157
18826 21803
18826 21804
18826 21807
18827 18828
18827 18829
18827 18830
18828 18831
18828 18832
18828 24728
18829 18830
18830 24728
18831 18833
18831 18834
18831 21762
18832 21755
18832 21756
18832 21762
18833 18836
18833 18837
18833 24727
18834 24727
18834 24728
18834 24729
18835 18847
18835 18858
18835 18869
18835 18991
18836 18838
18836 18839
18837 21760
18837 21762
18838 18840
18838 18841
18839 24727
18840 18842
18840 18843
18840 18845
18842 18844
18844 18845
18844 18848
18846 18957
18846 19068
18846 19179
18847 18869
18847 18891
18848 18849
18848 18850
18851 18852
18851 18853
18851 18854
18851 18855
18853 18857
18854 18856
18854 18857
18855 22448
18855 22449
18856 18859
18856 18860
18856 18862
18858 21013
18859 22495
18860 18861
18860 18862
18861 18863
18863 18864
18863 18865
18863 18866
18864 18867
18864 18868
18864 18870
18865 18870
18865 20584
18866 18867
18866 20587
18867 18871
18868 18871
18868 18872
18869 18880
18869 18913
18870 20585
18871 18873
18872 18873
18872 18874
18872 18875
18873 18877
18874 18876
18874 18877
18876 22494
18877 18878
18879 18881
18879 18882
18879 18883
18879 18884
18880 18991
18880 19002
18880 19024
18881 18886
18881 22471
18882 18885
18882 20337
18883 18885
18883 18886
18883 18887
18885 18890
18886 18888
18886 20332
18887 18888
18887 18889
18887 18890
18888 18893
18888 20334
18889 18892
18889 18893
18889 18894
18890 18892
18890 20336
18891 18902
18891 18913
18893 18895
18893 22476
18894 18895
18894 18896
18895 18898
18895 22480
18896 18897
18896 18898
18896 18899
18898 18900
18899 18900
18899 18901
18900 18901
18900 22484
18901 18903
18901 18904
18902 18913
18903 18905
18903 22482
18903 22484
18904 18905
18904 18906
18905 22483
18906 18907
18906 18908
18906 18909
18907 18908
18908 22483
18909 22485
18909 22486
18910 18911
18910 18912
18910 18914
18911 18915
18911 18916
18911 18917
18912 18916
18912 22713
18913 19035
18914 18917
18914 22466
18914 22711
18915 18918
18915 18919
18916 24865
18916 24867
18917 18919
18918 24864
18918 24865
18919 22470
18920 18921
18920 18922
18923 18925
18923 18926
18924 18935
18924 18946
18924 20024
18925 18927
18925 18928
18926 18927
18928 22461
18928 22711
18929 18930
18929 18931
18932 18933
18932 18934
18932 18936
18933 18944
18934 18937
18934 18938
18936 18938
18936 21285
18939 18940
18939 18941
18940 18942
18940 18943
18942 18944
18942 21286
18943 21286
18944 21284
18945 18947
18945 18948
18945 18949
18945 18950
18946 18958
18946 20035
18946 20113
18947 18949
18950 18951
18951 18952
18951 18953
18952 18953
18954 18955
18954 18956
18954 18959
18955 18960
18955 18961
18955 18962
18958 19246
18959 18962
18960 18963
18960 18964
18960 18965
18961 18964
18962 18965
18963 18966
18963 18967
18963 18968
18964 18968
18965 18967
18966 18970
18966 18971
18969 18980
18969 18991
18969 19701
18970 21359
18972 18973
18972 18974
18975 18976
18975 18977
18975 18978
18976 18977
18976 18979
18977 18982
18979 18981
18979 18982
18980 19002
18980 19013
18980 19747
18981 18983
18981 18984
18982 18984
18983 18985
18983 18986
18984 22988
18985 18987
18985 18988
18985 18989
18986 22988
18987 22991
18988 18990
18988 22989
18989 22987
18989 22989
18990 18992
18990 18993
18990 18994
18992 18995
18992 22989
18993 19299
18994 18995
18994 18996
18995 18998
18996 18997
18996 18998
18996 18999
18997 19307
18998 19000
18999 19000
18999 19001
19000 19308
19001 19003
19001 19004
19001 19005
19003 19006
19003 19308
19004 19007
19004 19307
19005 19006
19005 19007
19006 19310
19007 19306
19008 19009
19008 19010
19008 19011
19009 19012
19011 19012
19011 19014
19013 19635
19013 19646
19013 19701
19014 19015
19014 19016
19016 19017
19016 19018
19017 19019
19018 19019
19018 19020
19020 19021
19020 19022
19022 19023
19022 19025
19024 19035
19024 19046
19024 19747
19025 19026
19025 19027
19026 19029
19027 19028
19027 19029
19027 19030
19028 19031
19030 19031
19030 19032
19032 19033
19032 19034
19034 19036
19034 19037
19036 19038
19037 19038
19037 19039
19037 19040
19039 19045
19040 19041
19041 19042
19041 19043
19042 19044
19043 19044
19043 19045
19043 19047
19045 19048
19046 19057
19047 19048
19047 19049
19048 24431
19049 19050
19049 19051
19049 24431
19050 24419
19050 24432
19051 19052
19051 24432
19052 19055
19052 23886
19052 24431
19053 19054
19053 19055
19054 19056
19054 23892
19055 23888
19055 23892
19056 19058
19056 19059
19057 19747
19057 19758
19057 19769
19058 19060
19058 23894
19059 23891
19059 23892
19059 23894
19060 19061
19061 19062
19061 19063
19063 19064
19064 19065
19065 19066
19065 19067
19065 19070
19066 19071
19067 23884
19069 19080
19070 19071
19070 19072
19070 23884
19072 19073
19073 23884
19074 19076
19076 19077
19076 19078
19077 19079
19077 19081
19079 19082
19079 19083
19079 19084
19084 19085
19084 19086
19085 19087
19086 19087
19086 19088
19088 19089
19090 19092
19090 19093
19090 19094
19091 19102
19091 19113
19091 19124
19091 19723
19092 19094
19092 21673
19093 19715
19094 19714
19095 19096
19096 19097
19097 19098
19098 19099
19098 19100
19098 19101
19099 19104
19100 19103
19100 21682
19101 19103
19101 19104
19101 19105
19105 19123
19106 19107
19106 19108
19106 19109
19107 21161
19107 21162
19108 19112
19108 21160
19109 19111
19110 19111
19110 19112
19110 19114
19110 19115
19115 19715
19116 19117
19116 19118
19116 19119
19117 19120
19118 19161
19118 19163
19119 21689
19119 21692
19120 21692
19121 19122
19122 21673
19122 22117
19123 19125
19123 19126
19123 19127
19124 19135
19124 19146
19125 19128
19125 21683
19127 19128
19127 19129
19128 20745
19129 19130
19129 19131
19130 19134
19130 20750
19131 19132
19131 19133
19131 19134
19132 19136
19132 19137
19132 19138
19133 19137
19134 19138
19134 20752
19135 19657
19135 19690
19135 19723
19136 19139
19136 19140
19136 19141
19137 19140
19138 19141
19138 20755
19139 19142
19139 19143
19139 19144
19140 19143
19141 19144
19141 20760
19142 19145
19142 19147
19142 19148
19143 19147
19144 19145
19144 20762
19145 20765
19145 21685
19146 19157
19146 19168
19146 19679
19147 19149
19147 23149
19148 19149
19148 19150
19148 21685
19149 19153
19150 19151
19150 19152
19150 19153
19151 19155
19151 19415
19151 21685
19152 19154
19152 19155
19152 19156
19153 19154
19154 19159
19155 19158
19155 19412
19156 19158
19156 19159
19158 20770
19158 21686
19160 19162
19161 19162
19164 19165
19164 19166
19164 19167
19165 19169
19166 24188
19166 24189
19166 24190
19168 19180
19168 19191
19169 19170
19169 19171
19171 19172
19171 19173
19172 23638
19173 19174
19173 23638
19174 19175
19174 19176
19175 23638
19176 19177
19176 24201
19177 19178
19177 19181
19178 19182
19180 19679
19180 19813
19180 19824
19181 19182
19181 19183
19182 19187
19183 19184
19183 19185
19184 19186
19185 19186
19185 19187
19185 19188
19186 19189
19188 19189
19188 19190
19190 19192
19191 19202
19191 19813
19192 19193
19192 19194
19193 19196
19194 19195
19194 19196
19195 19197
19195 19198
19197 19200
19198 19199
19198 19200
19199 19201
19199 19203
19201 19204
19202 19969
19202 20069
19202 20080
19203 19204
19203 19205
19203 23621
19204 23622
19204 23626
19205 19206
19205 23620
19205 23622
19206 19207
19206 19208
19206 19209
19207 19210
19207 19211
19208 19211
19208 23622
19209 23620
19210 19212
19210 19214
19212 19215
19212 19216
19213 19224
19213 19235
19213 19769
19214 19216
19215 19217
19215 19218
19217 19219
19217 19220
19218 19220
19219 19221
19219 19222
19221 19223
19221 19225
19221 24307
19222 24307
19223 19226
19223 19227
19224 19835
19224 19847
19224 20046
19225 19227
19226 22998
19226 24307
19228 19229
19228 19230
19228 19231
19229 19232
19231 19232
19231 23058
19232 23053
19233 19234
19233 19236
19233 19237
19234 19431
19234 19437
19235 19758
19235 20046
19237 19238
19237 19239
19238 19240
19238 20767
19239 19240
19239 19437
19240 20769
19240 24236
19241 19242
19241 19243
19242 19244
19242 19245
19243 19244
19243 23094
19244 19247
19244 23090
19245 19247
19246 19257
19246 19268
19247 23088
19248 19249
19248 19250
19249 19272
19250 19251
19250 19252
19251 19254
19252 19253
19252 19254
19252 19255
19253 19256
19253 24222
19254 19258
19255 19256
19255 19258
19255 19259
19256 24227
19258 19260
19259 19260
19259 19261
19261 19262
19261 19263
19263 19264
19263 19265
19264 19266
19264 20631
19265 19266
19265 19267
19266 20629
19267 20632
19269 19270
19269 19271
19269 19351
19270 19272
19270 19273
19271 19273
19271 23476
19272 19352
19272 24214
19274 19275
19274 19276
19274 19277
19275 19278
19275 19280
19275 19281
19276 19281
19277 19280
19277 24274
19278 19282
19278 19283
19278 19284
19279 19291
19280 19283
19281 19284
19282 19285
19282 19286
19282 19287
19283 19286
19284 19287
19285 19288
19285 19289
19285 19292
19286 19289
19287 19292
19288 19293
19288 19294
19288 19295
19289 19294
19290 19401
19290 19623
19292 19295
19293 19296
19293 19297
19294 19296
19295 19297
19298 19299
19298 19300
19298 19301
19299 19305
19300 19301
19300 19303
19301 19306
19302 19313
19303 19304
19303 19305
19304 19306
19304 19307
19308 19309
19308 19310
19309 19311
19309 19312
19310 19311
19311 19314
19312 19314
19314 19316
19314 19318
19315 19316
19315 19317
19315 19318
19316 19319
19317 19319
19317 19320
19317 19321
19319 19322
19321 19322
19321 19323
19322 19325
19323 19325
19323 19326
19324 19335
19324 19346
19325 24903
19326 19327
19326 24903
19327 24903
19328 19329
19328 19330
19328 19331
19329 19332
19329 19333
19331 19333
19333 23145
19334 19336
19334 19337
19337 19338
19337 19339
19338 19340
19338 24253
19339 19340
19339 19341
19340 24205
19340 24254
19341 19342
19341 19343
19342 19345
19343 19344
19343 19345
19344 19347
19344 19348
19344 19349
19345 19348
19347 19350
19347 24210
19349 19350
19349 19351
19350 19352
19351 19352
19351 23477
19352 23478
19353 19354
19353 19355
19353 19356
19354 19359
19355 19358
19355 24267
19356 19358
19356 19359
19356 19360
19358 19361
19359 19362
19360 19361
19360 19362
19360 19363
19361 19364
19361 24271
19362 19365
19363 19364
19363 19365
19363 19366
19364 19367
19364 22839
19365 19369
19365 22835
19366 19367
19366 19369
19366 19370
19367 19371
19367 22836
19368 19379
19369 19372
19369 22832
19370 19371
19370 19372
19370 19373
19371 19375
19371 22838
19372 19374
19372 22833
19373 19374
19373 19375
19373 19376
19374 19378
19375 19377
19375 24249
19376 19377
19376 19378
19376 19380
19377 24241
19380 19381
19380 19382
19381 19383
19381 19384
19383 19385
19384 19385
19384 19386
19384 19387
19385 19391
19385 22933
19386 19389
19386 24247
19387 19388
19387 19389
19387 19391
19388 19392
19388 19393
19388 19394
19389 19392
19391 19393
19392 19395
19394 19395
19394 19396
19395 24265
19397 19398
19397 20703
19398 19399
19398 19400
19399 19403
19399 19404
19399 19405
19400 19405
19402 19413
19402 19424
19403 19406
19403 19407
19405 19406
19405 22970
19406 19409
19406 22406
19407 19408
19407 19409
19408 19410
19409 19410
19409 22404
19410 22405
19411 19412
19411 19414
19411 20769
19412 19415
19412 20770
19414 19415
19414 20767
19415 20766
19416 19417
19416 19418
19417 19420
19418 19419
19418 19420
19418 19421
19419 19422
19420 19423
19421 19422
19421 19423
19421 19425
19426 19427
19426 19428
19426 19429
19426 19430
19427 19431
19427 19432
19427 19433
19428 21101
19429 19433
19430 19432
19430 21101
19431 19434
19431 19436
19432 19436
19433 19434
19434 19437
19435 19446
19435 19490
19437 24237
19438 23557
19439 19442
19440 19441
19440 19442
19440 19443
19441 19443
19441 23535
19442 23568
19444 19445
19444 19447
19444 19448
19445 19449
19445 19450
19445 19451
19448 19451
19449 19452
19449 19453
19449 19454
19450 19453
19451 19454
19451 23705
19452 19455
19452 19456
19452 19458
19453 19456
19454 19458
19454 23707
19455 19459
19455 19460
19455 19461
19456 19460
19457 19468
19458 23710
19459 19462
19459 19463
19460 19463
19464 19465
19464 19466
19465 19467
19465 19469
19467 19470
19467 19471
19470 19472
19470 19473
19470 19474
19471 19474
19472 19475
19472 19476
19473 19476
19475 19477
19475 19478
19477 19480
19477 19481
19477 19482
19478 19482
19479 19490
19479 19501
19480 19483
19480 19484
19480 19485
19481 19483
19482 19484
19483 19486
19485 19486
19487 19488
19487 19489
19489 19491
19489 19492
19492 19493
19494 19495
19494 19496
19494 19497
19494 19498
19495 19499
19495 19500
19496 22866
19497 22869
19497 24631
19498 24628
19499 19502
19499 19503
19499 19504
19500 19503
19500 24631
19502 19505
19502 19506
19504 19506
19505 19507
19505 19508
19507 19509
19507 19510
19509 19511
19509 21909
19510 21909
19511 19514
19511 19515
19512 19623
19512 19735
19512 19846
19513 19524
19514 19516
19514 19517
19514 19518
19515 19517
19515 21906
19515 21909
19516 19519
19517 21907
19518 19519
19518 19520
19520 19521
19520 19522
19522 19523
19522 19525
19523 19526
19523 19527
19526 20387
19526 20392
19528 19529
19528 19530
19529 19531
19533 19536
19533 19537
19534 19537
19535 19546
19536 19538
19536 19539
19537 19538
19540 19541
19542 19543
19542 19544
19543 19545
19543 19547
19544 19545
19545 19548
19546 19557
19546 19568
19547 19548
19547 19549
19549 19550
19549 19551
19551 19552
19551 19553
19553 19554
19553 19555
19554 19556
19554 19558
19554 19559
19555 19559
19556 19560
19556 19561
19558 19563
19558 21334
19559 19560
19560 19562
19561 19562
19561 19563
19561 19564
19562 19565
19564 19565
19566 19593
19567 19595
19568 19579
19568 19590
19569 19570
19569 19571
19569 19572
19570 23307
19570 23827
19571 19597
19572 19573
19573 19574
19573 19575
19573 19576
19574 19577
19574 19578
19574 19580
19575 19578
19575 23308
19575 23309
19576 19580
19576 23304
19576 23307
19577 19581
19577 19582
19577 19583
19578 19582
19578 23310
19579 20986
19580 19583
19581 19584
19581 19585
19581 19586
19582 19585
19583 19586
19584 19587
19584 19588
19584 19589
19585 19588
19587 19591
19587 19592
19588 19591
19589 19592
19590 20985
19593 19594
19593 19595
19593 19596
19594 19597
19594 19598
19594 23506
19595 23505
19595 23506
19596 19598
19596 19796
19596 19797
19597 19599
19597 23827
19598 23504
19598 23827
19599 23311
19599 23506
19599 23829
19600 19602
19600 19603
19601 19612
19601 19624
19602 19606
19602 19616
19603 19604
19603 19605
19603 19606
19604 19607
19604 19608
19604 19609
19605 19608
19606 19609
19607 19610
19607 19611
19607 19613
19608 19611
19609 19613
19610 19614
19610 19615
19611 19615
19613 19614
19618 19619
19618 19620
19618 19621
19618 19622
19620 20571
19620 20572
19621 19625
19621 20569
19622 19625
19622 19626
19622 20571
19626 19627
19626 19628
19627 20571
19628 19629
19628 19630
19629 19632
19630 19631
19630 19632
19630 19633
19631 19634
19633 19634
19633 19636
19635 19769
19635 19791
19635 19802
19636 19637
19636 19640
19638 19639
19638 19640
19638 19641
19638 21749
19639 21745
19639 21748
19641 19642
19641 19643
19641 21748
19642 19644
19642 21749
19643 19644
19643 19645
19643 19647
19644 19648
19645 19658
19645 21748
19646 19657
19646 19668
19646 19802
19647 19648
19647 19649
19648 19654
19649 19656
19649 19658
19650 19651
19650 19652
19650 19653
19651 25115
19652 19655
19653 19654
19653 19655
19653 19656
19657 19701
19657 19712
19659 19660
19659 19661
19659 19662
19660 19661
19663 19664
19663 19665
19663 19666
19664 19666
19667 19669
19667 19670
19668 19679
19670 19671
19670 19672
19671 19673
19671 19674
19673 19675
19673 19676
19673 19677
19674 19677
19675 19678
19675 19680
19676 19680
19678 19681
19678 19682
19679 19690
19681 19683
19681 19684
19683 19685
19683 19686
19683 19687
19684 19686
19684 20799
19685 19688
19686 20796
19687 20792
19687 21672
19688 20798
19689 19691
19689 19692
19689 19693
19691 19696
19692 19694
19693 19694
19693 19695
19694 19697
19695 19696
19695 19697
19695 19698
19696 19699
19696 25093
19697 19700
19697 23850
19698 19699
19698 19700
19698 19702
19699 19704
19699 25094
19700 23852
19702 19703
19702 19704
19702 19705
19703 19707
19703 23854
19704 19706
19704 23992
19705 19706
19705 19707
19705 19708
19706 19709
19706 23991
19707 19710
19707 23855
19708 19709
19708 19710
19709 25095
19710 19718
19710 23858
19711 19713
19711 19732
19712 19723
19712 19736
19713 25104
19716 19717
19716 19718
19716 19719
19717 19720
19717 25096
19718 19721
19718 23860
19719 19720
19719 19721
19719 19722
19720 19725
19720 25097
19721 19727
19721 23862
19722 19724
19722 19725
19724 19726
19724 19727
19725 19726
19725 25098
19726 25099
19727 23864
19728 19729
19728 19730
19728 19731
19729 25100
19729 25102
19730 19732
19730 19733
19730 19737
19731 19737
19731 23866
19733 25100
19733 25104
19734 20845
19734 21956
19737 23869
19738 19739
19738 19740
19738 19741
19740 19743
19741 19742
19741 19743
19741 19744
19743 19745
19744 19745
19744 19746
19745 19749
19746 19748
19746 19749
19746 19750
19747 19791
19749 19752
19750 19751
19750 19752
19750 19753
19752 19754
19753 19754
19753 19755
19753 19756
19754 19759
19755 19757
19756 19757
19756 19759
19759 23500
19760 19777
19760 19778
19761 19777
19763 19764
19763 19765
19763 19766
19766 19767
19768 19770
19768 19771
19768 19772
19768 19773
19769 19780
19770 19774
19771 20288
19773 19774
19773 19775
19773 20288
19775 19776
19776 20287
19778 20272
19779 19781
19779 19782
19779 19783
19780 19802
19780 19813
19780 20057
19781 19784
19781 19785
19781 23514
19782 23508
19782 23514
19786 19787
19786 19788
19786 19789
19787 19790
19787 19792
19787 19793
19788 19792
19788 19955
19789 19793
19789 19954
19790 19794
19792 19959
19795 19796
19795 19797
19797 23504
19798 19799
19798 19800
19798 19801
19799 19803
19800 19803
19800 19978
19801 19976
19801 19977
19802 19824
19803 19978
19803 23519
19804 19805
19804 19806
19804 23527
19807 19808
19807 19809
19807 23530
19808 19810
19808 19811
19810 19812
19811 19812
19811 23529
19811 23530
19812 23531
19814 19815
19814 23537
19816 19817
19816 23545
19818 19819
19818 25179
19819 19820
19820 23541
19820 25179
19821 19822
19821 19823
19822 19825
19822 19826
19822 19827
19823 19826
19823 22163
19823 22164
19825 23554
19825 25201
19826 22165
19826 23554
19828 19829
19828 19875
19828 21262
19829 19830
19829 19831
19829 19832
19830 19833
19830 19876
19830 19877
19831 19834
19831 21258
19831 21262
19832 19833
19832 19834
19832 19836
19833 19837
19833 19878
19834 19838
19834 21261
19835 20257
19835 20368
19836 19837
19836 19838
19836 19839
19837 19840
19837 19879
19838 21917
19839 19840
19839 19841
19839 19842
19840 19843
19840 19881
19841 19845
19841 21918
19842 19843
19842 19844
19842 19845
19843 19849
19843 19882
19844 19848
19844 19849
19844 19850
19845 19850
19845 21919
19846 20590
19847 19858
19847 20057
19847 20368
19848 19851
19848 19852
19848 19853
19849 19851
19849 19883
19850 19852
19850 21920
19851 19854
19851 19884
19852 19855
19852 21921
19853 19854
19853 19855
19853 19856
19854 19857
19854 19885
19855 19859
19855 21922
19856 19857
19856 19859
19856 19860
19857 19861
19857 19886
19858 19869
19858 19880
19859 19862
19859 21924
19860 19861
19860 19862
19860 19863
19862 19865
19862 21925
19863 19864
19863 19865
19865 21852
19865 21926
19866 19872
19866 19873
19867 19870
19868 19870
19868 19871
19868 19872
19869 19935
19872 19874
19872 19875
19873 19874
19873 21933
19874 21935
19875 21936
19876 21263
19876 21264
19877 22896
19879 19881
19880 20390
19881 19882
19884 19885
19887 22039
19887 22040
19888 19889
19888 19890
19888 19892
19889 19893
19890 19894
19892 19893
19892 19894
19894 19895
19895 19896
19895 19897
19895 19898
19897 19962
19898 19961
19899 19900
19899 19901
19899 23879
19900 19903
19900 19904
19900 19905
19901 19904
19903 19906
19903 19907
19903 19908
19904 19907
19905 19908
19905 23879
19905 23890
19906 19909
19906 19910
19906 19911
19907 19910
19908 19911
19909 19912
19909 19914
19909 19915
19910 19915
19911 19914
19912 19916
19912 19917
19912 19918
19913 19924
19914 19918
19914 23923
19915 19917
19916 19919
19916 19920
19916 19921
19917 19920
19918 19921
19918 23934
19919 19922
19919 19923
19919 19925
19920 19925
19921 19923
19926 19927
19926 19928
19929 19930
19929 19931
19929 19932
19930 19964
19930 19967
19931 19933
19931 19934
19932 23238
19933 23236
19933 23237
19933 23238
19935 19946
19935 19958
19935 20069
19936 19938
19936 19939
19937 19941
19938 19940
19938 19941
19938 19942
19939 19940
19940 19943
19941 19944
19942 19943
19942 19944
19942 19945
19943 19947
19944 19948
19945 19947
19945 19948
19945 19949
19947 19950
19948 19952
19949 19950
19949 19951
19949 19952
19950 19953
19951 19953
19954 19956
19955 19956
19955 19959
19956 23515
19958 19969
19958 20069
19960 19961
19960 19962
19960 19963
19964 19965
19964 19966
19964 23821
19965 19967
19965 22671
19965 23835
19966 23820
19966 23835
19968 19970
19969 19980
19969 19991
19969 20091
19970 19971
19970 19972
19974 19976
19975 19977
19978 23517
19979 19981
19979 19982
19981 21831
19982 19984
19985 19986
19985 19987
19985 19988
19986 20810
19988 19989
19988 19990
19989 20809
19989 20811
19989 20813
19991 20002
19991 20080
19991 20091
19992 19993
19992 19994
19994 21086
19994 21088
19995 19996
19995 19997
19995 19998
19996 19999
19996 20000
19997 20047
19998 19999
20001 20003
20001 20004
20002 20102
20003 20005
20005 20006
20005 20007
20006 20008
20006 20009
20006 20010
20007 20010
20008 20014
20011 20012
20011 20014
20012 20082
20012 20083
20013 20024
20013 20035
20013 20046
20015 20016
20015 20017
20015 20018
20016 20019
20016 24828
20016 24829
20017 20020
20018 20019
20018 20020
20018 20021
20019 20022
20020 20023
20021 20022
20021 20023
20021 20025
20022 20027
20023 20028
20024 20035
20025 20026
20025 20027
20025 20028
20026 20029
20026 20030
20027 20029
20029 20032
20030 20031
20030 20032
20030 20033
20031 20034
20031 20036
20033 20036
20034 20037
20034 20038
20035 20046
20039 20040
20039 20041
20040 20042
20040 20043
20042 20044
20045 20047
20047 24561
20048 20049
20048 20050
20048 20051
20049 20052
20051 20052
20051 20053
20051 20058
20054 20055
20054 20056
20054 20058
20054 20060
20055 20060
20056 20058
20059 20060
20059 20061
20059 20062
20061 20063
20062 20063
20062 20064
20065 20066
20065 20067
20066 20070
20066 20071
20068 20179
20068 20290
20070 20072
20070 20073
20072 24562
20074 20075
20074 20076
20074 20077
20075 20078
20075 20079
20075 20081
20076 20079
20077 20081
20082 20084
20082 20085
20086 20087
20086 20088
20086 20089
20090 20092
20090 20093
20090 20094
20092 20217
20092 20220
20093 20095
20097 20099
20098 20099
20098 20100
20099 20101
20100 20101
20105 20106
20106 20108
20107 20109
20108 20111
20109 20110
20109 20111
20111 20112
20114 20115
20116 20118
20117 20118
20118 20120
20119 20121
20119 20122
20120 20121
20121 20126
20122 20123
20122 20125
20122 20126
20123 20127
20123 20128
20123 20129
20124 20135
20124 22302
20125 20128
20126 20129
20127 20130
20127 20131
20127 20132
20128 20132
20129 20131
20130 20133
20133 20134
20134 20136
20134 20137
20135 21068
20135 21290
20138 20139
20138 20140
20139 20141
20141 20142
20141 20143
20142 20144
20142 20145
20142 22867
20143 22867
20144 20147
20144 22870
20145 22871
20145 22872
20146 20291
20146 20302
20147 20148
20147 20149
20148 20150
20149 22870
20150 20151
20150 23618
20151 20152
20151 20153
20152 20154
20152 20155
20153 20154
20153 20395
20153 23618
20154 20156
20154 23617
20155 20156
20155 20158
20158 20159
20160 20161
20160 20162
20160 20163
20161 20164
20162 20163
20162 20166
20163 20164
20163 20165
20165 20166
20165 20167
20167 20169
20167 20170
20168 20180
20168 20191
20168 20213
20169 22604
20169 22606
20170 20171
20170 20172
20170 22604
20171 20174
20171 22600
20172 20173
20172 20174
20172 20175
20173 20176
20173 22604
20174 20177
20174 22602
20175 20176
20175 20177
20175 20178
20176 20182
20177 20183
20178 20181
20178 20182
20178 20183
20180 20313
20180 20324
20180 20335
20181 20184
20181 20185
20181 20186
20182 20185
20183 20186
20184 20187
20184 20188
20184 20189
20186 20188
20187 20190
20188 20192
20189 20190
20189 20192
20189 20193
20190 20194
20191 20313
20192 20195
20193 20194
20193 20195
20193 20196
20194 20198
20194 20962
20195 20197
20195 20959
20196 20197
20196 20198
20197 20954
20198 20961
20199 20200
20199 20201
20201 20204
20202 20213
20202 20224
20202 20235
20203 20204
20203 20205
20203 20206
20204 20208
20205 20207
20206 20207
20206 20208
20206 20209
20207 20210
20209 20210
20209 20211
20211 20212
20211 20214
20213 20335
20214 20215
20214 20216
20217 20218
20217 20219
20218 20220
20219 20227
20219 20231
20222 20223
20222 20225
20224 20335
20224 20346
20224 20357
20226 20227
20226 20228
20226 20229
20227 20230
20232 20233
20232 20234
20233 20236
20234 20236
20235 20246
20235 20257
20235 20357
20237 20238
20238 20239
20239 20242
20240 20241
20240 20242
20241 20243
20241 20244
20245 20247
20245 20858
20246 20268
20247 20248
20247 20249
20247 20250
20248 20251
20248 20252
20248 20253
20249 20252
20250 20253
20251 20254
20251 20255
20251 20256
20252 20255
20253 20256
20254 20258
20254 20259
20255 20258
20257 20268
20257 20279
20258 20272
20260 20261
20260 20262
20261 20271
20262 20263
20263 20264
20264 20265
20265 20266
20266 20593
20267 20269
20267 20593
20269 20270
20270 20593
20271 20272
20273 20274
20273 20275
20273 24928
20274 20276
20274 20277
20275 20276
20276 24929
20277 24926
20277 24928
20279 20357
20279 20368
20279 20379
20280 20282
20281 20282
20281 20283
20282 20284
20283 20284
20283 20285
20287 20288
20289 20292
20291 20413
20291 20435
20293 20294
20293 20295
20294 20296
20294 20297
20296 20298
20296 20299
20298 20300
20298 20301
20298 20303
20299 20303
20300 20304
20302 20435
20305 20306
20305 20307
20306 20308
20306 20309
20307 20308
20308 20310
20309 20310
20309 20311
20309 20312
20310 20315
20311 20314
20312 20314
20312 20315
20312 20316
20315 20316
20317 20318
20317 20319
20317 20320
20318 20321
20319 20382
20320 20383
20321 20322
20322 20323
20322 20325
20323 20326
20324 20468
20324 20501
20325 20326
20327 20328
20327 20329
20328 20330
20328 20331
20328 22472
20329 22472
20330 20332
20330 20333
20330 22473
20331 22474
20332 20334
20332 22471
20333 22471
20333 22472
20334 22473
20334 22476
20335 20501
20336 20337
20338 20339
20338 20340
20338 20341
20339 20344
20340 20342
20341 20342
20341 20343
20343 20344
20343 20345
20344 20347
20345 20347
20345 20348
20345 20349
20346 20501
20346 20513
20346 20557
20348 24318
20349 20350
20349 20351
20349 20352
20350 23420
20351 20352
20351 24318
20352 20353
20353 20373
20353 23410
20353 23420
20354 20355
20354 20356
20354 20358
20355 20360
20357 20557
20358 20359
20358 20360
20359 20361
20359 20362
20361 20363
20361 20364
20361 21946
20362 21946
20363 21947
20363 21951
20364 20365
20365 20366
20365 20367
20365 21947
20366 20370
20366 21942
20366 21946
20367 20369
20367 20370
20368 20390
20369 21948
20370 21943
20371 20372
20371 20373
20371 20374
20372 20375
20372 20376
20374 20383
20374 24317
20375 20377
20375 20378
20376 20378
20377 20380
20377 20381
20378 20381
20379 20390
20379 20557
20379 20568
20380 20382
20380 20383
20384 20385
20384 20386
20387 20388
20387 20389
20388 21489
20391 20392
20391 20393
20391 21489
20394 20395
20394 20396
20394 20397
20394 20398
20395 23617
20396 24633
20396 24636
20396 24637
20397 20399
20397 23617
20397 24638
20398 20399
20398 20400
20399 24639
20400 24636
20401 20512
20401 20623
20402 20413
20402 20424
20402 20435
20403 20404
20403 20405
20406 20407
20406 20408
20408 20409
20410 20411
20410 20412
20410 20414
20412 21134
20413 23679
20414 20415
20415 21143
20415 21144
20416 20417
20416 20418
20416 22035
20416 22080
20417 20419
20417 20420
20417 24086
20418 22002
20418 24086
20419 20421
20419 20422
20420 20422
20420 22080
20421 20423
20421 20425
20421 20426
20422 20426
20422 24084
20423 20427
20423 20428
20423 23200
20424 20446
20424 20457
20425 23200
20426 20427
20426 24085
20427 23197
20427 23199
20428 20429
20428 20430
20428 23199
20429 20431
20430 23200
20430 23203
20431 23199
20432 20433
20432 20434
20433 20448
20433 20449
20434 20451
20436 20437
20436 20438
20437 20439
20437 20440
20439 20441
20439 20442
20439 20443
20440 20443
20441 20444
20441 20445
20443 20444
20445 20447
20448 20450
20448 20451
20450 20452
20452 20453
20452 20454
20453 20455
20454 20455
20456 20458
20456 21823
20456 21834
20457 20468
20459 20460
20459 20461
20459 20462
20460 20463
20460 20464
20460 20465
20461 20464
20462 20465
20466 20467
20466 20469
20468 20479
20468 20490
20469 20470
20469 20471
20471 20472
20474 20475
20474 20476
20474 21546
20477 20478
20477 20480
20479 20501
20479 20513
20480 20481
20480 20482
20481 20483
20482 20483
20482 20484
20482 20485
20483 20487
20484 20486
20484 20487
20486 20488
20486 20489
20486 22006
20487 22006
20488 20491
20488 20492
20488 20493
20489 22007
20491 20494
20491 20495
20492 20494
20492 22005
20492 22006
20493 20496
20495 20496
20495 20497
20497 20498
20498 20499
20498 20500
20500 20502
20502 20503
20502 20504
20503 20505
20504 20505
20504 20506
20504 20507
20506 20509
20507 20508
20507 20509
20508 20510
20510 20511
20510 20514
20511 20517
20512 20767
20512 23151
20513 20524
20513 20535
20515 20516
20515 20517
20516 20518
20518 20522
20519 20520
20519 20521
20519 20522
20520 25149
20521 20523
20521 20525
20523 20526
20523 20527
20524 20546
20524 20557
20524 20568
20525 24789
20526 20528
20526 24791
20527 20528
20527 24787
20528 20529
20529 20530
20529 20531
20530 24791
20531 20532
20532 20533
20533 20534
20533 20536
20534 25139
20535 20546
20536 20537
20536 20538
20538 20539
20539 20540
20540 20541
20540 20542
20541 20543
20541 20544
20543 20545
20543 20547
20545 24137
20545 24141
20547 20548
20547 20549
20547 20550
20549 24137
20549 24140
20550 20551
20550 20552
20551 20554
20551 24140
20552 20553
20552 20554
20552 20555
20554 20556
20555 20556
20555 20558
20556 20560
20558 20559
20558 20560
20558 20561
20559 20562
20559 20563
20561 20562
20563 20564
20563 23349
20564 20565
20564 20566
20565 23347
20565 23348
20565 23349
20566 23348
20567 23348
20567 24310
20569 20570
20572 20573
20572 20574
20574 20575
20574 20576
20575 20577
20577 20578
20578 20582
20578 22488
20579 20590
20579 20601
20579 20612
20580 20581
20580 20582
20580 22487
20581 20583
20581 22500
20582 22502
20583 20584
20583 20585
20584 20586
20585 22487
20585 22491
20586 22499
20586 22500
20587 20588
20588 20589
20589 20591
20594 20595
20595 20596
20596 20597
20596 20598
20596 20599
20597 20600
20598 20603
20599 20600
20599 20602
20599 20603
20600 20606
20602 20604
20602 20605
20602 20606
20603 20604
20609 20610
20609 20611
20609 20613
20610 20614
20610 20615
20614 20616
20616 20617
20616 20618
20616 20619
20619 20620
20619 20621
20620 20622
20620 20625
20622 20625
20622 20627
20622 23105
20624 20635
20624 22501
20625 20626
20626 20627
20626 20628
20627 23101
20627 23103
20628 20629
20628 20630
20629 20631
20630 23103
20632 20633
20632 20634
20632 20636
20633 20636
20633 20639
20634 24231
20636 20637
20636 24231
20637 20638
20637 20639
20637 20640
20638 24230
20638 24231
20640 20641
20641 20642
20641 20643
20642 20644
20642 20645
20644 20647
20644 20648
20647 20649
20647 20650
20649 20651
20649 20652
20649 20653
20650 20653
20651 20654
20651 20659
20655 20656
20655 20658
20655 20659
20656 20662
20658 20660
20658 20661
20658 20662
20660 20664
20661 20663
20661 20664
20663 20665
20663 20666
20666 20667
20667 20669
20668 20679
20668 20690
20668 20701
20668 20712
20669 20670
20669 20671
20670 24098
20671 24093
20671 24094
20673 20674
20673 20675
20674 20676
20675 22915
20676 20677
20677 20816
20677 22915
20678 20680
20678 20681
20678 20682
20683 20684
20683 20685
20684 20685
20686 20687
20686 20688
20686 20689
20687 24929
20689 24930
20690 20735
20690 21268
20690 21279
20691 20692
20691 20693
20691 20694
20691 20695
20692 21204
20692 24898
20692 24902
20693 20696
20693 20697
20693 20698
20694 20697
20694 20729
20694 21211
20695 21204
20695 21206
20695 21207
20696 20697
20696 22425
20697 22426
20698 21206
20698 24916
20698 24917
20699 20700
20699 20702
20700 20702
20700 25029
20700 25032
20701 20723
20701 20735
20701 20746
20702 25038
20704 20705
20704 20706
20704 20707
20705 20708
20706 20709
20706 24908
20707 20708
20707 20709
20707 20710
20708 20711
20709 20713
20709 24910
20710 20711
20710 20713
20710 20714
20711 20715
20712 21279
20713 20716
20713 24914
20714 20715
20714 20716
20716 25000
20717 20718
20717 20719
20718 20720
20718 20721
20719 24998
20720 20722
20720 20724
20722 20725
20722 20726
20723 20746
20725 20727
20725 20728
20726 25003
20727 20729
20727 20730
20728 25004
20728 25006
20730 25013
20731 20732
20731 20733
20731 20736
20732 20737
20732 20738
20734 20846
20734 20957
20735 21224
20736 20738
20736 24994
20736 24995
20739 20740
20739 20741
20739 20742
20740 20743
20741 21684
20742 20743
20742 20744
20743 20748
20744 20745
20744 20747
20747 20748
20747 20749
20749 20750
20749 20751
20750 20752
20751 20752
20751 20753
20751 20754
20752 20755
20753 20755
20753 20756
20753 20758
20754 20756
20755 20760
20756 20759
20757 20768
20757 20779
20757 20869
20758 20759
20758 20760
20758 20761
20760 20762
20761 20762
20761 20763
20762 20765
20763 20764
20763 20765
20764 23150
20764 23151
20765 20766
20766 21685
20768 21235
20768 21246
20769 20770
20770 20771
20771 21686
20771 21687
20772 21688
20773 20774
20774 20775
20774 20776
20775 20776
20775 21691
20776 20777
20776 20778
20778 20780
20780 20781
20781 20782
20781 20783
20782 20784
20783 20784
20783 21677
20785 21680
20786 20787
20787 20788
20788 20789
20788 20791
20789 20795
20790 20801
20790 20812
20790 20823
20790 20834
20790 20847
20790 20858
20791 21229
20791 21232
20792 20793
20792 20794
20792 20795
20793 21670
20796 20797
20796 20798
20796 20799
20797 20800
20797 20802
20798 20802
20798 21673
20800 20803
20800 20804
20801 20823
20802 21674
20803 20805
20803 23600
20804 20805
20805 23599
20806 20807
20806 21135
20806 21157
20807 20808
20808 21135
20809 20810
20811 20814
20811 20815
20813 21097
20813 21098
20813 21099
20814 21099
20816 20817
20816 20818
20817 22914
20818 22914
20818 24023
20819 20820
20819 20821
20820 20822
20824 20825
20824 20826
20824 20827
20825 20828
20826 22075
20826 22077
20827 20828
20827 20829
20827 24293
20828 20831
20829 20830
20829 20831
20830 20832
20830 20833
20832 20835
20832 20836
20833 24284
20835 20837
20835 20838
20835 20839
20836 20838
20837 20840
20837 20841
20839 20841
20839 24283
20840 20842
20840 20843
20842 20848
20843 20844
20843 20848
20843 20849
20844 20850
20846 23853
20846 23854
20846 23856
20848 20852
20849 20850
20849 20851
20849 20852
20851 20853
20851 20854
20852 20853
20854 20855
20854 20856
20855 20857
20855 20859
20860 20861
20860 20862
20861 20865
20862 20863
20862 20864
20862 20865
20863 20866
20863 20867
20863 24509
20864 20866
20865 24509
20866 24511
20866 24515
20867 20868
20867 20870
20867 24511
20868 24507
20868 24509
20868 24510
20869 20880
20870 20871
20870 20872
20871 20873
20871 24511
20872 20873
20872 20874
20874 20875
20874 20876
20875 20877
20877 20878
20877 20879
20878 20881
20879 20881
20879 20882
20880 24896
20882 20883
20882 20884
20883 20885
20883 20886
20885 20888
20886 20887
20886 20888
20886 20889
20889 20890
20889 20892
20890 20896
20891 20902
20891 21279
20892 20894
20893 20894
20893 20895
20893 20896
20895 20897
20895 20898
20896 20897
20898 20899
20899 20900
20899 20901
20901 20903
20901 20904
20903 20906
20904 20905
20904 20906
20905 20907
20905 20908
20905 20909
20906 20908
20907 20911
20908 20912
20909 20910
20909 20911
20909 20912
20910 20914
20913 20924
20913 20935
20913 20946
20913 20958
20914 20915
20914 20916
20915 20917
20915 20918
20917 20919
20917 20920
20919 20921
20919 20922
20919 20923
20920 20922
20923 20925
20923 20926
20927 20928
20927 20929
20927 20930
20928 20931
20929 20932
20929 24296
20930 20931
20930 20932
20930 20933
20931 20934
20932 20936
20932 24299
20933 20934
20933 20936
20933 20937
20934 20940
20936 20939
20936 24303
20937 20938
20937 20939
20937 20940
20939 24306
20941 20942
20941 20943
20941 20944
20945 21233
20946 20980
20947 21233
20947 24308
20948 20949
20948 20950
20951 20952
20951 20953
20951 20954
20952 24684
20953 24534
20953 24684
20954 20956
20955 20960
20956 20959
20956 20960
20957 23856
20957 23986
20957 23989
20958 21224
20960 24534
20961 20962
20961 20963
20962 24539
20963 20964
20963 20965
20964 20966
20964 20967
20965 20966
20965 24539
20967 20968
20968 20970
20968 20971
20971 20972
20971 20975
20972 20973
20972 20974
20972 20975
20973 20976
20973 20977
20974 20977
20974 24543
20976 20978
20976 20979
20978 20981
20979 20981
20980 21024
20982 20983
20982 20984
20982 20985
20983 20987
20983 20989
20984 20992
20986 20987
20986 20988
20987 20990
20989 20990
20989 20992
20991 21002
20991 21013
20991 21024
20993 20994
20993 20995
20993 20996
20995 20996
20997 20998
20997 20999
20997 21000
20998 21004
20998 22592
20998 24656
20999 21003
20999 22589
20999 22591
21000 21001
21000 21003
21000 21004
21001 21005
21003 21005
21004 24658
21006 21007
21006 21008
21006 21009
21007 21010
21008 21019
21008 21021
21010 21011
21012 21014
21012 21015
21012 21016
21014 21017
21014 21018
21015 21018
21016 21017
21019 21020
21020 21021
21021 22382
21022 21023
21022 21025
21022 21026
21025 21028
21026 21027
21026 21028
21026 21029
21027 21030
21028 21031
21029 21030
21029 21031
21029 21032
21032 21033
21032 21072
21032 21073
21034 21036
21034 21037
21034 21038
21035 21046
21035 21057
21035 21069
21036 21040
21038 21039
21038 21040
21038 21041
21039 21042
21041 21042
21041 21043
21041 21044
21042 21045
21044 21045
21044 21047
21044 21048
21047 21049
21048 21049
21050 21051
21050 21052
21050 21053
21051 21054
21051 21055
21051 21056
21052 21055
21053 21056
21054 21058
21054 21059
21054 21060
21055 21059
21056 21060
21058 21061
21058 21062
21058 21063
21059 21062
21060 21063
21061 21064
21064 21065
21064 21066
21064 21067
21065 25228
21065 25230
21066 21070
21067 21070
21067 25228
21068 21179
21068 21290
21070 25226
21071 21072
21071 21073
21071 21074
21074 21075
21074 21076
21076 21077
21076 21078
21077 21079
21078 21079
21078 21081
21080 21091
21080 21102
21080 21113
21082 21083
21082 21084
21082 21085
21083 21088
21083 21095
21084 21090
21084 21096
21085 21086
21085 21087
21085 21088
21087 21096
21089 21090
21089 21092
21089 21093
21090 21094
21090 21095
21091 24576
21092 21095
21093 21094
21094 21096
21099 21100
21101 21103
21101 21104
21102 24576
21103 23160
21104 21105
21104 21106
21105 23160
21106 21107
21106 21108
21107 21109
21107 21110
21109 21111
21111 21112
21111 21114
21112 21116
21114 21115
21114 21116
21114 21117
21115 21118
21117 21118
21119 21120
21120 21121
21120 21122
21120 21123
21121 21125
21123 21125
21123 21126
21124 21135
21124 21146
21124 21157
21124 21168
21125 21128
21126 21127
21126 21128
21128 21130
21129 21130
21129 21131
21130 21133
21131 21132
21132 21133
21132 21134
21132 21136
21133 21138
21136 21137
21136 21138
21137 21139
21137 21140
21139 21143
21140 21141
21140 21142
21140 21143
21141 21144
21141 21145
21145 21147
21145 21148
21147 21149
21148 21149
21148 21150
21150 21151
21150 21152
21151 21153
21152 21153
21152 21154
21154 21155
21154 21156
21156 21158
21156 21159
21157 21202
21160 21162
21163 21164
21163 21165
21163 21166
21164 21166
21167 21169
21167 21170
21168 21202
21169 21173
21170 21171
21170 21172
21170 21173
21171 21174
21171 21175
21173 21175
21174 21175
21176 21177
21176 21178
21177 21182
21178 21181
21178 21182
21178 21183
21180 21191
21180 21202
21180 21213
21182 21185
21183 21184
21183 21185
21183 21186
21185 21189
21186 21187
21186 21188
21186 21189
21187 21190
21187 21192
21189 21192
21190 21193
21190 21194
21192 21194
21193 21195
21193 21196
21194 21196
21195 21197
21195 21198
21196 21198
21199 21200
21199 21201
21199 21203
21200 21204
21201 21205
21203 24902
21204 21205
21208 21209
21208 21210
21208 21211
21209 21211
21209 21212
21210 21214
21211 21212
21212 21214
21214 22421
21215 21216
21215 21217
21216 23983
21216 23987
21217 24044
21217 24046
21218 21219
21220 21221
21220 21222
21221 21223
21224 21268
21225 21226
21225 21227
21225 21228
21226 21229
21229 21230
21229 21231
21233 21234
21237 21238
21237 21239
21239 22433
21239 22436
21240 21241
21240 22438
21242 21243
21243 22439
21244 21245
21244 21247
21244 22429
21248 21249
21248 22431
21250 21251
21250 22968
21250 23023
21250 23034
21251 22968
21252 21253
21252 21254
21252 21255
21252 21256
21254 21259
21257 21268
21257 21279
21258 21259
21258 21260
21258 21261
21260 21262
21261 21917
21262 21916
21263 21265
21263 21266
21263 21267
21264 22896
21265 21269
21265 21270
21266 21270
21267 21272
21267 22897
21269 21271
21269 21272
21270 21274
21271 21273
21271 21274
21273 21275
21275 21276
21277 21278
21277 21280
21278 21281
21278 21282
21281 21283
21284 21285
21284 21286
21287 21288
21287 21289
21287 21292
21288 21293
21288 21294
21291 21302
21291 21313
21291 21324
21291 21335
21292 21294
21293 24185
21293 24186
21295 21296
21297 21298
21297 21299
21299 21300
21299 21301
21301 21303
21301 21304
21302 21393
21302 21394
21305 21306
21305 21307
21305 24314
21306 21308
21306 21309
21307 23363
21307 24315
21309 21310
21311 21312
21311 21314
21312 24805
21312 24806
21312 24807
21314 24807
21315 21316
21315 21317
21315 21318
21315 21319
21316 21353
21316 21354
21316 21355
21318 21354
21319 21320
21319 21321
21319 22091
21320 25067
21321 22091
21322 21323
21322 21325
21322 21326
21323 21327
21323 21328
21325 23170
21326 21328
21326 23165
21327 23166
21327 23167
21328 23163
21329 21330
21329 21331
21331 21332
21333 21334
21333 21336
21333 21337
21335 21433
21338 21339
21338 21340
21341 21342
21341 21343
21342 21344
21343 21344
21343 21345
21343 21348
21346 21357
21346 21368
21346 21379
21347 21348
21347 21349
21347 21350
21347 21351
21351 21352
21356 21358
21360 21361
21360 21362
21363 21364
21363 21365
21363 21366
21364 21369
21365 21367
21366 21367
21366 21369
21366 21370
21367 21372
21368 24623
21369 21371
21370 21371
21370 21372
21370 21373
21373 21374
21374 21375
21374 21376
21374 21377
21375 21378
21375 21380
21377 21380
21378 21381
21378 21382
21378 21383
21379 22246
21380 21383
21381 21384
21381 21385
21381 21386
21382 21384
21383 21385
21385 21388
21386 21387
21386 21388
21387 21389
21387 21391
21387 21392
21388 21392
21389 21393
21389 21394
21389 21395
21390 21402
21390 21413
21390 21424
21390 21435
21391 21394
21392 21395
21396 21397
21396 21398
21396 21399
21396 21400
21397 21400
21397 21403
21399 21406
21401 21512
21401 21623
21403 21404
21403 21405
21403 21406
21405 21407
21407 21408
21407 21409
21407 21410
21410 21411
21410 21412
21413 22157
21413 23235
21414 21415
21415 21416
21415 21417
21416 21418
21416 21419
21416 21420
21418 21421
21418 21422
21418 21423
21419 21422
21420 21423
21421 21425
21421 21426
21421 21427
21422 21425
21423 21426
21427 21428
21428 21429
21428 21430
21429 22256
21431 21432
21431 21433
21432 21434
21432 21436
21432 25258
21433 21436
21434 21437
21434 21438
21434 25262
21436 25260
21436 25262
21437 21439
21437 21440
21437 21441
21438 21441
21438 25254
21438 25258
21439 21442
21440 25262
21441 25255
21442 21443
21443 21444
21446 21457
21446 21468
21446 21479
21448 21449
21449 21450
21449 21451
21451 21452
21451 21453
21452 22353
21453 21454
21453 21455
21453 22353
21454 22352
21455 21456
21455 21458
21455 22352
21456 22353
21456 22354
21456 22355
21457 23523
21458 21459
21458 21460
21458 21461
21459 21462
21459 21463
21459 21464
21460 21462
21460 22354
21461 21463
21462 21466
21463 21467
21464 21465
21464 21466
21464 21467
21465 21469
21467 21469
21469 21470
21470 21473
21471 21472
21471 21473
21471 21474
21472 21475
21473 21476
21473 24697
21474 21475
21474 21476
21474 21477
21476 22143
21477 21478
21478 22138
21478 22142
21478 22143
21480 21481
21481 22142
21482 21483
21482 21484
21482 21485
21483 21486
21483 21487
21488 21489
21488 21491
21488 21492
21490 21501
21490 21513
21490 21524
21491 21493
21491 21495
21492 21493
21493 21494
21496 21497
21496 21498
21499 21500
21499 21502
21499 21503
21500 21504
21502 21505
21503 21504
21503 21505
21506 21507
21506 21508
21506 23335
21507 23324
21508 23928
21510 21511
21510 21514
21510 21515
21510 24810
21511 24811
21511 24814
21514 21516
21514 21517
21514 24811
21515 21665
21516 24809
21516 24810
21517 21518
21517 21519
21517 24843
21518 24811
21519 21520
21519 21521
21522 21523
21522 21525
21522 21526
21523 21527
21523 21528
21527 21529
21527 21530
21529 21531
21529 21532
21531 21534
21532 21533
21532 21534
21533 21536
21533 21537
21533 21538
21534 21538
21535 21546
21535 21557
21535 21568
21535 21579
21535 21590
21535 21601
21536 21539
21536 21540
21538 21548
21539 21548
21541 21542
21541 21543
21544 21545
21544 21547
21546 21590
21546 21601
21547 21552
21547 21553
21549 21550
21549 21551
21553 21554
21554 21555
21554 21556
21555 21559
21556 21558
21556 21559
21560 21561
21560 21562
21561 21563
21561 21564
21563 21565
21563 21566
21566 21567
21566 21569
21567 21570
21567 21571
21568 21579
21571 21572
21571 21573
21572 21574
21572 21575
21574 21577
21575 21576
21575 21577
21575 21578
21576 21580
21576 21581
21577 21581
21580 21582
21580 21583
21583 21584
21583 21585
21585 21586
21586 21587
21586 21588
21587 21589
21588 21589
21588 21591
21591 21592
21591 21593
21593 21594
21594 21595
21594 21596
21595 21598
21596 21597
21596 21598
21596 21599
21597 21600
21598 25248
21599 21600
21599 21602
21599 25248
21600 25249
21600 25253
21602 21603
21602 21604
21602 25249
21603 21605
21603 21606
21603 25250
21604 21606
21604 25246
21604 25248
21605 21607
21605 21608
21607 25250
21608 21609
21608 21610
21609 21611
21611 21613
21611 21614
21612 21624
21612 21635
21612 21646
21612 21657
21613 21615
21613 21616
21616 21617
21616 21618
21617 21619
21617 21620
21619 21621
21619 21622
21621 21625
21621 21626
21621 22345
21622 22345
21624 22435
21624 22624
21625 21627
21625 21628
21625 22341
21626 22341
21627 22344
21627 22345
21627 22347
21628 21629
21628 22343
21628 22347
21629 21630
21629 21631
21630 22347
21631 21632
21631 21633
21632 21634
21632 21636
21635 21657
21635 22945
21636 21637
21636 21638
21637 21639
21637 21640
21639 21641
21639 21642
21642 21643
21644 21645
21645 21647
21645 21648
21645 21649
21647 21650
21648 24704
21649 21650
21649 24687
21650 24691
21650 24692
21651 21652
21651 21653
21651 21654
21652 21654
21652 21655
21654 21662
21656 21658
21656 21659
21656 21660
21660 21661
21661 21662
21661 21663
21664 21665
21664 21666
21664 21667
21665 21669
21668 21679
21668 21690
21668 21701
21668 21712
21670 21671
21670 21672
21671 21672
21674 21675
21676 21677
21676 21678
21676 21680
21680 21681
21682 21697
21683 21684
21688 21689
21690 24555
21690 24556
21691 21692
21693 21694
21693 21695
21693 21696
21694 21696
21695 21697
21696 21697
21698 21699
21698 21700
21698 21702
21699 21703
21700 21705
21700 21709
21701 24555
21703 21709
21703 24517
21704 21705
21704 21706
21704 21707
21705 21708
21707 21708
21710 21711
21711 21713
21711 21714
21712 24556
21713 24155
21713 24158
21714 21715
21714 21716
21714 24155
21715 24159
21716 21717
21716 21718
21716 24160
21717 24155
21717 24157
21718 21719
21718 21720
21720 21721
21720 21722
21722 21724
21722 21725
21723 21735
21723 21746
21725 21726
21725 21727
21726 21728
21727 21728
21727 21729
21729 21730
21729 21731
21731 21732
21731 21733
21732 23397
21732 23400
21733 21736
21733 23400
21734 21845
21737 21738
21737 21739
21738 23400
21738 24328
21739 21740
21739 21741
21741 21742
21741 21743
21742 21744
21743 21744
21743 21745
21745 21747
21749 21750
21750 21751
21750 21752
21752 21753
21752 21809
21754 21755
21754 21756
21755 21758
21755 21759
21757 21768
21757 21779
21757 21790
21757 21801
21758 21760
21758 21761
21758 21762
21760 21761
21763 21764
21763 21765
21765 21766
21765 21767
21767 21769
21767 21770
21769 21771
21769 21772
21771 21773
21771 21774
21773 21775
21773 21776
21773 21994
21774 21992
21774 21994
21775 21777
21775 21778
21777 21780
21777 21781
21778 21993
21778 21994
21780 21782
21780 21783
21782 21784
21782 21785
21784 21786
21784 21787
21786 21788
21786 21789
21788 21791
21788 21792
21791 21793
21791 21794
21793 21795
21793 21796
21795 21797
21796 21797
21796 21798
21798 21799
21798 21800
21800 21802
21802 21803
21802 21804
21803 21805
21803 21806
21805 21808
21806 21807
21806 21808
21809 21810
21809 21811
21811 21813
21811 21815
21811 22444
21812 21823
21812 21834
21813 21815
21814 21815
21814 21816
21814 21817
21816 21819
21817 21818
21817 21819
21817 21820
21820 21821
21820 21822
21824 21825
21825 21826
21825 21827
21826 21828
21828 21829
21828 21830
21830 21831
21832 21833
21832 23069
21836 21837
21836 21838
21837 21839
21837 23812
21837 23846
21838 23812
21840 21841
21840 23846
21842 21843
21843 21844
21846 21857
21846 21868
21846 21879
21846 21890
21847 21848
21847 21849
21847 21850
21848 21851
21849 21851
21852 21853
21852 21854
21852 21855
21853 21856
21853 21858
21853 21859
21854 21858
21855 21859
21855 21926
21856 21860
21856 21861
21858 21861
21862 21863
21862 21864
21862 21865
21863 21866
21864 21867
21865 21866
21865 21867
21865 21869
21866 21870
21867 21871
21868 21945
21868 23223
21868 23225
21869 21870
21869 21871
21869 21872
21870 21873
21871 21874
21872 21873
21872 21874
21872 21875
21873 21876
21874 21877
21875 21876
21875 21877
21875 21878
21876 21880
21877 21881
21878 21880
21878 21881
21878 21882
21879 21901
21879 23225
21882 21883
21884 21885
21884 21886
21885 21888
21886 21887
21886 21888
21886 21889
21887 21891
21888 21892
21889 21891
21889 21892
21889 21893
21891 21894
21892 21895
21893 21894
21893 21895
21893 21896
21894 21897
21895 21898
21896 21897
21896 21898
21896 21899
21897 21902
21898 21900
21899 21900
21899 21902
21899 21903
21900 21905
21901 21912
21901 23219
21901 23225
21902 21904
21903 21904
21903 21905
21903 21906
21904 21907
21905 21908
21906 21907
21906 21908
21908 21909
21910 21913
21911 21914
21911 21915
21913 21955
21914 21933
21914 21955
21916 21936
21917 21918
21918 21919
21919 21920
21920 21921
21921 21922
21922 21924
21923 21934
21923 21945
21923 23253
21924 21925
21925 21926
21927 21928
21927 21929
21928 21930
21930 21931
21930 21932
21931 21932
21933 21959
21934 23256
21935 21936
21935 21937
21937 21959
21938 21939
21938 21940
21938 21941
21938 21942
21939 21943
21940 21944
21942 21943
21942 21944
21944 21946
21945 23226
21947 21948
21947 21949
21949 21950
21949 21951
21951 21952
21953 21954
21953 24897
21955 21959
21956 23067
21957 22068
21958 21969
21958 21980
21958 21991
21960 21961
21960 21962
21960 21963
21960 21964
21965 21966
21965 21967
21966 21970
21967 21968
21967 21970
21967 21971
21969 23216
21971 21972
21972 21973
21972 21974
21973 21977
21974 21975
21974 21976
21975 21978
21976 21977
21976 21978
21976 21979
21978 21981
21979 21981
21979 21982
21980 22678
21981 21983
21982 21983
21982 21984
21982 21985
21984 21986
21985 21986
21985 21987
21986 21989
21987 21988
21987 21989
21987 21990
21988 21993
21989 21992
21990 21992
21990 21993
21990 21994
21995 21996
21995 21997
21995 21998
21996 21999
21997 22000
21998 21999
21998 22000
21998 22001
22000 22003
22001 22003
22001 22004
22002 22013
22002 22024
22002 22035
22004 22005
22004 22006
22007 22008
22007 22009
22009 22010
22010 22011
22010 22012
22010 22014
22012 22015
22012 22016
22014 22016
22015 22017
22015 22018
22015 22019
22016 22018
22018 22020
22019 22020
22019 22021
22020 22021
22021 22022
22023 22025
22024 22069
22025 24849
22026 22027
22026 22028
22026 22029
22027 22030
22027 22031
22027 22032
22029 22032
22030 22033
22030 22034
22031 22033
22032 22034
22035 22046
22036 22037
22036 22038
22039 22041
22039 22042
22040 24850
22041 24852
22042 24850
22042 24851
22043 22044
22043 22045
22043 22047
22044 22048
22046 22057
22046 22069
22046 22080
22047 22048
22047 22049
22047 22050
22048 22051
22049 22052
22050 22051
22050 22052
22050 22053
22051 22054
22052 22055
22053 22054
22053 22055
22053 22060
22054 22058
22055 22059
22056 22058
22056 22059
22056 22060
22056 22061
22058 22062
22061 22062
22061 22063
22061 22064
22062 22065
22063 22066
22064 22065
22064 22066
22064 22067
22065 22070
22066 22071
22067 22070
22067 22071
22067 22072
22068 22179
22068 22290
22070 22073
22071 22074
22072 22073
22072 22074
22075 22076
22076 22077
22076 24286
22077 24288
22077 24293
22079 22081
22079 22082
22079 22083
22081 22084
22081 22085
22083 22528
22086 22087
22086 22088
22086 22089
22087 22090
22087 22092
22089 22092
22091 22102
22091 22113
22093 22094
22093 22095
22093 22096
22094 22097
22094 22098
22095 22098
22095 23577
22096 22100
22097 22099
22097 22100
22097 22101
22098 22101
22098 23580
22099 22103
22099 23586
22101 23582
22101 23586
22103 22104
22104 23584
22104 23586
22105 22106
22105 22107
22105 22108
22106 22110
22107 22111
22108 22109
22108 22110
22108 22111
22109 22112
22109 22114
22111 22112
22111 23652
22112 23650
22114 22115
22114 22116
22116 23651
22118 22119
22118 22681
22119 22120
22119 22683
22119 24901
22120 22121
22120 22122
22120 22123
22121 22125
22121 22126
22122 23331
22122 23332
22123 23325
22123 23329
22123 23330
22124 22135
22124 22146
22124 22157
22124 22168
22125 22127
22125 23330
22125 24705
22126 22127
22127 22162
22128 22129
22130 22131
22130 22132
22131 22133
22131 22134
22131 22137
22133 22136
22133 22137
22135 23202
22138 22139
22138 22140
22138 22141
22139 22142
22140 22143
22140 24695
22143 24696
22144 22145
22144 22147
22145 22148
22145 22149
22147 22149
22148 22150
22148 22151
22149 22151
22150 22152
22150 22153
22150 22154
22151 22154
22152 22155
22152 22156
22154 22155
22155 22159
22156 22158
22156 22159
22158 22160
22158 22161
22159 22161
22162 22166
22162 24685
22163 22165
22164 23551
22165 23838
22167 22169
22167 22170
22170 22171
22170 22172
22172 22173
22172 22174
22172 22175
22175 22176
22175 22177
22177 22178
22177 22181
22179 24413
22180 22191
22180 22202
22180 22213
22180 22224
22182 22183
22182 22184
22182 22185
22183 22186
22183 22187
22184 22187
22186 22188
22186 22189
22188 22190
22188 22192
22190 22193
22190 22194
22190 22195
22192 22194
22197 22198
22197 22199
22197 22200
22198 22203
22199 22204
22200 22201
22200 22203
22200 22204
22201 22205
22201 22206
22201 22207
22203 22206
22204 22207
22205 22208
22205 22209
22206 22248
22208 22248
22210 22211
22210 22212
22210 22214
22211 22215
22214 22237
22214 22239
22215 22216
22215 22217
22215 22218
22216 22219
22216 22220
22216 22225
22217 22219
22218 22225
22220 22221
22221 22222
22221 22254
22222 22223
22222 22225
22222 22226
22223 22226
22226 22227
22227 22253
22228 22229
22228 22230
22228 22231
22229 22232
22229 22233
22229 22234
22230 22233
22231 22234
22232 22236
22232 22237
22232 22238
22233 22238
22233 23666
22234 23740
22234 23743
22235 22246
22235 22257
22235 22268
22235 22279
22236 22239
22236 23743
22238 23664
22239 23744
22240 22241
22240 22242
22240 22243
22242 22244
22242 22245
22243 22253
22243 22255
22244 22247
22245 22247
22246 23780
22246 23784
22249 22250
22249 22251
22249 22252
22253 22254
22257 23784
22258 22259
22258 22260
22259 22261
22259 22262
22259 22263
22260 22263
22261 22264
22261 22265
22261 22266
22263 22266
22264 22267
22264 22269
22265 22271
22266 22269
22267 22270
22267 22271
22268 23265
22268 23780
22268 23782
22269 22273
22270 22272
22270 22273
22272 22274
22272 22275
22272 22276
22273 22274
22276 22277
22276 22278
22277 22281
22278 22280
22278 22281
22278 22282
22279 23266
22280 22284
22281 22285
22282 22283
22282 22284
22282 22285
22283 22286
22283 22287
22285 22287
22288 22289
22288 22292
22288 22293
22289 22294
22289 22295
22290 22401
22290 24424
22291 22302
22292 22908
22292 25234
22293 22907
22294 22296
22294 22297
22295 22296
22299 22300
22299 22301
22300 23849
22303 22304
22303 22305
22303 22306
22305 23276
22305 23280
22306 22307
22306 22312
22306 23276
22307 23333
22307 24535
22308 22309
22308 22310
22308 22311
22308 22312
22309 22314
22310 22315
22311 22314
22311 22315
22311 22316
22312 23277
22313 22324
22314 22318
22315 22319
22316 22317
22316 22318
22316 22319
22317 22320
22317 22321
22317 22322
22318 22321
22319 22322
22320 22323
22321 22323
22325 22326
22325 22327
22325 22328
22326 22329
22326 22330
22326 22331
22327 22330
22328 22331
22329 22332
22329 22333
22329 22334
22330 22333
22335 22346
22335 22357
22337 22338
22337 24723
22337 24746
22338 22339
22338 22340
22339 22341
22339 22342
22341 22343
22344 22348
22344 22349
22344 22350
22345 22350
22347 22348
22349 22351
22351 22352
22353 22356
22355 22356
22355 22358
22356 22360
22358 22359
22358 22360
22359 22381
22361 22362
22363 22364
22366 22367
22367 22369
22367 22373
22368 22379
22368 22390
22368 24565
22370 22371
22370 22372
22370 22373
22374 22375
22374 22376
22374 22377
22375 23243
22376 23244
22377 23241
22377 23243
22378 22380
22378 22381
22380 22381
22383 22384
22383 22385
22383 22389
22383 22393
22384 22386
22385 22391
22387 22388
22387 22389
22387 22391
22388 22392
22389 22391
22389 22392
22390 24563
22390 24566
22392 22393
22394 22395
22394 22396
22395 22397
22396 22397
22396 22398
22396 22399
22397 22403
22398 22400
22398 22971
22399 22400
22399 22403
22399 22404
22400 22406
22400 22969
22401 22512
22402 22413
22402 22424
22403 22405
22403 22966
22404 22405
22404 22406
22406 22970
22407 22408
22407 22409
22410 22411
22410 22412
22411 22414
22411 22415
22412 22414
22414 22417
22415 22416
22415 22417
22415 22418
22416 22419
22417 22420
22418 22419
22418 22420
22421 22422
22421 22423
22422 22425
22422 22426
22425 22427
22428 22429
22430 22431
22430 22432
22433 22434
22435 22446
22435 22457
22435 22468
22437 22438
22437 22768
22437 22779
22440 22441
22440 22442
22440 22443
22440 22990
22441 22443
22441 22768
22443 22790
22445 22448
22445 22449
22448 22450
22450 22495
22451 22452
22451 22453
22451 22454
22452 22454
22452 22458
22453 22455
22454 22455
22454 22456
22456 22458
22456 22459
22458 22461
22459 22460
22459 22461
22459 22462
22460 22464
22461 22463
22462 22463
22462 22464
22462 22465
22463 22466
22463 22711
22465 22466
22465 22467
22466 22470
22467 22469
22467 22470
22468 22590
22468 22624
22473 22474
22473 22475
22474 22477
22475 22476
22475 22477
22475 22478
22476 22480
22477 22481
22478 22480
22478 22481
22479 22490
22479 22501
22479 22513
22479 22524
22482 22483
22482 22484
22487 22488
22487 22489
22489 22491
22489 22492
22492 22493
22493 22494
22495 22496
22496 22497
22496 22498
22498 22499
22498 22500
22500 22502
22503 22504
22503 22505
22503 22506
22504 22507
22504 22508
22505 22507
22506 22508
22509 22510
22509 22511
22512 22623
22512 22734
22514 22515
22514 22516
22514 22517
22514 22518
22515 22519
22515 22520
22516 22517
22519 22520
22519 22525
22521 22522
22521 22523
22521 22525
22526 22527
22526 22528
22526 22529
22527 22530
22527 22531
22527 22532
22530 22533
22530 22534
22530 22536
22533 22537
22533 22538
22533 22539
22535 22546
22535 22557
22535 22568
22535 22579
22537 22540
22537 22541
22538 22541
22538 24417
22542 22543
22542 22544
22545 22547
22545 22548
22547 22549
22547 22550
22547 24389
22548 24389
22549 22551
22549 22552
22549 24391
22550 24391
22551 22553
22551 22554
22551 24388
22552 24385
22552 24388
22552 24389
22553 22555
22554 24391
22555 24388
22556 22558
22556 22559
22556 22560
22558 22561
22558 22562
22558 22563
22559 22562
22560 22563
22562 22567
22564 22565
22564 22566
22564 22567
22565 22569
22565 22573
22565 22634
22569 22633
22570 22571
22570 22572
22570 22573
22571 22574
22571 22575
22572 22634
22573 22575
22574 22576
22574 22577
22575 22633
22576 22578
22576 22580
22578 22581
22581 22582
22581 22583
22582 22584
22583 22584
22583 22585
22583 22586
22585 22587
22585 22588
22589 24652
22589 24655
22590 22601
22590 22612
22591 22592
22591 22593
22591 22594
22592 22595
22592 24661
22593 24652
22594 22595
22594 22596
22594 22597
22595 22598
22596 22599
22597 22598
22597 22599
22597 22600
22598 22602
22599 22603
22600 22602
22600 22603
22601 22635
22601 22801
22604 22605
22605 22606
22605 22607
22607 22608
22607 22609
22609 22610
22609 22611
22611 22613
22611 22614
22612 22624
22612 22635
22614 22615
22614 22617
22616 22617
22616 22618
22616 22619
22619 22620
22619 22621
22621 22622
22622 22625
22622 22626
22626 22627
22626 22628
22628 22629
22628 22630
22629 22631
22629 22632
22630 22631
22636 22637
22636 22638
22637 22639
22637 22640
22638 22640
22638 23785
22639 23262
22640 23777
22641 22642
22641 22643
22641 22644
22642 22645
22642 22669
22642 23182
22643 22670
22643 24069
22644 22645
22644 22647
22645 23185
22646 22657
22646 22668
22646 22679
22647 24069
22647 24070
22647 24071
22648 22649
22648 22650
22648 22651
22648 22652
22650 22654
22651 22653
22652 22653
22652 22654
22652 22655
22653 22656
22653 23771
22654 23293
22655 22656
22655 22660
22656 23772
22656 23773
22658 22659
22658 22660
22659 23772
22659 23774
22660 23772
22661 22662
22661 22663
22662 23177
22662 24062
22663 24059
22663 24064
22663 24065
22664 22665
22664 22666
22664 22667
22665 22669
22666 22670
22666 24064
22667 22669
22667 22670
22669 23181
22670 24066
22671 23833
22672 22673
22672 22674
22672 22675
22672 22676
22673 22674
22674 23210
22675 22677
22675 24088
22675 24091
22676 22677
22677 23822
22677 24092
22678 23822
22678 23825
22680 22681
22680 22682
22680 25134
22681 22683
22682 24479
22683 23329
22683 25134
22684 22685
22684 22686
22685 22687
22686 23839
22686 23840
22688 22689
22688 22691
22689 22692
22689 23816
22690 22701
22690 22712
22690 22723
22690 22735
22691 23814
22691 23816
22691 23817
22692 23250
22692 23251
22693 22694
22693 22695
22693 23274
22693 25156
22694 22695
22694 23816
22695 23818
22695 23819
22696 22698
22696 23805
22696 23807
22696 25101
22697 22698
22697 22699
22697 25090
22697 25101
22698 23808
22698 23809
22699 22700
22699 22705
22699 23808
22700 25090
22702 22703
22702 22704
22702 22705
22703 22706
22703 23810
22703 23811
22704 22706
22704 22707
22704 22708
22705 23810
22706 22709
22706 23813
22707 23241
22707 23242
22708 22709
22708 22710
22709 23814
22709 23815
22710 23814
22712 22735
22713 22714
22713 22715
22713 24867
22714 22716
22714 22717
22714 22718
22715 22716
22716 22721
22717 22720
22717 24867
22717 24869
22718 22719
22719 22720
22719 22721
22719 22722
22720 24871
22720 24874
22721 22725
22722 22724
22722 22725
22722 24874
22724 22726
22724 22727
22724 22728
22725 22728
22726 22730
22726 24874
22726 24875
22727 22729
22729 22730
22730 22733
22730 24877
22731 22732
22731 22733
22731 22736
22732 22736
22733 24880
22733 24883
22734 22845
22736 24883
22737 22738
22737 22739
22737 22740
22738 22741
22738 22742
22738 22743
22740 22743
22741 22744
22743 22744
22744 22748
22745 22747
22745 22748
22745 22749
22746 22757
22746 22768
22746 22779
22746 22790
22747 22750
22749 22750
22749 22751
22751 22752
22754 22755
22754 22756
22754 22758
22755 24888
22756 24887
22756 24888
22756 24893
22759 22760
22759 22761
22759 22762
22760 22762
22761 22762
22763 22764
22763 22765
22763 22766
22764 22767
22764 22769
22764 22770
22765 22769
22767 22771
22767 22772
22769 22772
22771 22773
22771 22774
22773 22774
22775 22776
22775 22777
22775 22778
22776 22780
22776 22781
22782 22785
22783 22784
22783 22785
22783 22786
22784 22787
22785 22788
22786 22787
22786 22788
22786 22789
22787 22791
22788 22792
22789 22791
22789 22792
22789 22793
22790 22979
22793 22794
22793 22795
22793 22796
22794 22797
22794 22798
22794 22799
22796 22799
22797 22800
22797 22802
22798 22803
22799 22802
22800 22803
22800 22804
22801 22812
22801 22823
22801 22834
22804 22805
22804 22806
22805 22806
22805 22810
22806 22807
22806 22808
22807 22811
22808 22809
22808 22810
22808 22811
22809 22813
22809 22814
22809 22815
22810 22814
22811 22813
22816 22817
22816 22818
22817 22820
22818 22819
22818 22820
22818 22821
22820 22824
22821 22822
22821 22824
22821 22825
22822 22826
22822 22827
22822 22948
22824 22948
22826 22828
22826 22829
22826 22830
22827 22943
22828 22831
22828 22832
22829 22943
22829 22946
22830 22947
22831 22835
22831 22947
22832 22833
22832 22835
22836 22837
22836 22838
22836 22839
22837 22840
22837 22841
22838 22841
22838 24249
22839 24271
22840 22842
22840 22843
22840 22844
22841 22843
22841 24248
22842 22847
22842 22848
22842 22849
22843 22848
22845 22956
22846 22857
22846 22868
22846 22879
22847 22850
22847 22851
22847 22852
22849 22850
22851 22853
22852 22853
22852 22854
22854 22855
22854 22856
22855 22858
22856 22858
22856 22859
22858 22859
22860 22861
22860 22862
22860 22863
22861 22864
22862 22864
22862 22865
22863 22865
22863 22894
22866 22867
22866 22869
22867 22870
22869 22870
22871 22872
22871 22873
22871 22874
22872 22875
22873 22875
22873 22876
22876 22877
22876 22878
22877 22880
22877 22881
22879 22912
22880 22883
22881 22882
22881 22883
22882 22884
22882 22885
22885 22886
22885 22887
22886 22889
22887 22888
22887 22889
22888 22891
22888 22892
22888 22893
22889 22891
22890 22901
22890 22912
22890 22923
22890 22934
22893 22894
22893 22895
22896 22897
22896 22898
22902 22903
22902 22904
22905 22906
22905 22907
22905 22908
22909 22910
22910 24090
22911 22913
22913 22916
22913 22917
22916 24090
22919 22920
22919 22921
22919 22922
22920 22924
22923 22945
22924 22925
22924 22926
22924 22927
22926 22928
22927 23917
22928 22929
22929 22930
22931 22932
22931 22933
22932 22935
22935 22936
22936 22937
22936 22938
22937 22939
22939 22940
22939 22941
22940 22944
22941 22942
22941 22943
22943 22944
22947 22948
22947 22949
22948 22952
22949 22950
22949 22951
22949 22952
22951 22953
22953 22954
22953 22955
22955 22958
22956 23068
22956 23179
22957 22968
22957 22979
22957 22990
22958 22959
22958 22960
22958 22961
22960 22962
22961 22962
22963 22964
22963 22965
22964 22965
22964 22966
22966 22967
22969 22970
22969 22971
22969 22972
22972 22973
22972 22974
22972 22975
22973 22978
22974 22977
22975 22976
22975 22977
22975 22978
22976 22980
22976 22981
22976 22982
22977 22980
22977 25065
22978 22981
22978 25062
22980 22985
22980 25064
22981 22983
22981 25059
22982 22983
22982 22984
22982 22985
22983 25063
22984 22986
22984 22987
22985 25064
22986 22987
22987 22988
22990 23023
22991 22992
22992 22993
22993 22994
22993 22995
22993 22996
22994 22997
22994 22998
22994 22999
22998 23002
22999 23000
22999 23002
23000 23003
23001 23012
23001 23023
23001 23034
23001 23045
23002 24307
23003 23004
23003 23005
23005 23006
23006 23007
23007 23008
23007 23009
23008 23015
23009 23010
23009 23011
23011 23013
23011 23014
23011 23015
23012 23056
23012 23069
23012 23080
23013 23619
23014 23016
23014 23619
23016 23017
23016 23018
23017 23019
23017 23619
23017 23621
23018 23019
23018 23020
23020 23021
23020 23022
23021 23024
23021 23025
23024 23026
23024 23027
23024 23028
23025 23028
23026 23029
23026 23030
23026 23031
23027 23030
23028 23029
23029 23032
23031 23032
23031 23033
23032 23035
23033 23035
23033 23036
23033 23037
23037 23038
23038 23039
23038 23040
23040 23041
23040 23042
23041 23043
23041 23044
23043 23046
23043 23662
23044 23046
23044 23047
23047 23048
23047 23049
23048 23052
23049 23050
23049 23051
23049 23052
23053 23054
23053 23055
23054 23057
23054 23058
23056 23124
23057 23059
23059 23060
23059 23061
23060 23062
23060 23063
23060 23064
23061 23064
23062 23065
23062 23066
23064 23065
23066 23070
23069 23135
23070 23071
23070 23072
23070 23073
23072 23074
23072 23075
23075 23076
23076 23077
23076 23078
23077 23079
23078 23079
23078 23081
23081 23082
23082 23083
23082 23084
23084 23085
23085 23086
23085 23087
23085 23088
23087 23089
23087 23090
23088 23090
23089 23092
23089 23093
23089 23094
23090 23094
23091 23102
23091 23113
23091 23124
23091 23135
23091 23146
23092 23095
23093 23095
23093 23096
23096 23097
23096 23098
23097 23099
23098 23099
23098 23100
23101 23104
23101 23105
23101 23106
23102 23180
23103 23104
23105 23107
23106 23107
23106 23108
23107 23111
23108 23109
23108 23110
23108 23111
23109 23114
23110 23112
23110 23114
23110 23115
23111 23115
23112 23116
23112 23117
23113 23157
23115 23116
23117 23118
23117 23119
23118 23120
23118 23121
23118 23122
23119 23122
23120 23123
23120 23125
23120 23126
23123 23128
23126 23127
23126 23128
23127 23129
23127 23130
23127 23473
23129 23133
23130 23131
23130 23132
23130 23133
23131 23134
23132 23463
23134 23136
23136 23137
23137 23138
23137 23139
23139 23140
23139 23141
23140 23142
23142 23143
23142 23144
23142 23145
23145 23147
23146 23157
23146 23168
23146 23180
23147 23148
23148 23149
23150 23152
23152 23153
23152 23154
23152 23155
23153 23156
23153 23158
23153 23159
23154 23156
23159 23160
23159 23161
23160 23162
23163 23164
23163 23165
23166 23169
23167 23169
23167 23170
23167 23171
23169 23174
23170 23172
23171 23172
23171 23173
23171 23174
23173 23174
23175 23176
23175 23177
23176 23232
23177 23233
23178 23181
23178 23182
23178 23183
23179 23290
23181 23182
23183 23184
23184 23185
23184 23186
23185 24070
23185 24074
23186 23187
23186 23188
23186 24074
23188 23189
23188 23190
23189 23193
23189 24074
23189 24075
23190 23192
23190 23193
23190 23194
23191 23202
23191 23213
23191 23224
23193 24076
23193 24081
23194 23195
23194 24081
23195 23196
23195 23197
23196 24081
23196 24082
23196 24085
23197 23198
23197 24085
23198 23199
23200 23201
23201 23203
23201 23204
23204 23205
23204 23206
23204 23207
23207 23208
23207 23209
23209 23210
23209 23211
23211 23212
23211 23218
23213 23235
23214 23215
23214 23216
23214 23217
23214 23218
23215 23220
23217 23219
23217 23220
23219 23221
23219 23222
23222 23223
23222 23225
23223 23226
23223 23227
23226 23228
23229 24055
23230 24051
23231 24050
23231 24051
23231 24055
23232 23233
23233 24061
23235 23246
23235 23257
23235 23268
23235 23279
23236 23239
23236 23240
23237 23239
23238 23240
23241 23242
23242 23243
23244 23245
23244 23247
23246 23545
23246 23798
23247 23248
23247 23249
23248 23269
23249 23250
23249 23251
23251 23252
23252 23267
23252 23269
23253 23254
23253 23255
23255 23256
23255 23258
23255 23795
23258 23259
23259 23260
23259 23261
23261 23262
23261 23263
23262 23777
23262 23782
23263 23264
23263 23265
23263 23782
23265 23266
23267 23270
23267 23271
23270 23272
23270 23273
23270 23274
23272 23275
23272 25123
23274 25123
23275 23326
23276 23277
23276 23278
23277 24557
23277 24579
23278 23280
23278 23281
23278 24568
23281 23282
23281 23285
23282 24568
23283 23284
23283 23285
23283 23288
23286 23287
23286 23288
23286 23289
23287 23292
23289 23292
23289 23293
23289 23294
23290 23401
23290 23512
23291 23302
23291 23313
23291 23324
23291 23335
23293 23295
23294 23295
23294 23297
23296 23297
23296 23298
23296 23299
23299 23300
23299 23301
23301 23303
23301 23304
23302 23324
23303 23305
23304 23305
23304 23306
23306 23828
23307 23828
23308 23311
23309 23310
23309 23311
23312 23314
23312 23315
23312 25090
23313 23928
23314 23321
23315 23317
23316 23317
23316 23318
23316 23319
23318 23319
23318 23800
23318 23804
23320 23321
23320 23322
23320 23323
23321 25206
23324 23346
23325 23326
23325 23327
23325 23328
23326 25145
23327 23330
23327 24707
23328 23329
23328 25134
23328 25145
23331 24890
23334 23336
23335 23928
23336 23337
23337 23338
23337 23339
23337 23340
23337 23341
23337 23342
23338 23800
23340 23341
23340 23342
23343 23344
23343 23345
23344 23993
23345 23993
23345 25095
23346 23357
23346 23368
23346 23379
23347 23350
23347 23351
23347 23352
23348 23351
23349 23352
23350 23353
23350 23354
23350 23355
23351 23354
23351 24310
23352 23355
23353 23356
23353 23358
23353 23359
23354 23356
23354 24311
23355 23358
23356 23360
23356 24312
23358 23361
23359 23360
23359 23361
23359 23362
23360 23363
23360 24314
23361 23364
23362 23363
23362 23364
23362 23365
23363 23366
23364 23367
23365 23366
23365 23367
23366 24315
23366 24316
23369 23370
23369 23371
23369 23372
23370 24319
23370 24320
23371 23373
23372 23373
23372 23374
23372 24320
23374 23375
23374 23376
23375 23377
23375 24320
23375 24321
23376 23377
23376 23378
23376 23380
23377 24322
23377 24323
23380 23381
23381 23383
23381 24323
23382 23383
23382 23384
23382 23385
23383 23388
23383 24326
23384 23386
23385 23386
23385 23387
23386 25127
23386 25129
23387 23388
23387 23389
23387 23391
23388 23392
23389 23393
23390 23402
23390 23413
23391 23392
23391 23393
23391 23394
23392 23395
23393 23396
23394 23395
23394 23396
23394 23397
23395 23398
23395 24327
23396 23399
23397 23398
23397 23399
23398 23400
23398 24328
23401 23512
23403 23404
23404 23405
23404 23406
23405 23407
23405 24329
23406 23407
23406 23408
23407 24330
23407 24331
23409 23410
23409 23411
23409 23412
23410 23421
23411 23414
23411 23415
23411 23416
23412 23415
23412 24333
23412 24334
23414 23417
23414 23418
23414 23419
23415 23417
23415 24336
23416 23419
23416 23421
23417 23418
23417 24337
23418 24338
23422 23423
23422 23425
23422 23426
23424 23435
23424 23446
23424 23457
23424 23468
23427 23428
23427 23429
23427 23430
23430 23433
23431 23432
23431 23433
23431 23436
23432 23434
23432 23436
23434 23437
23434 23441
23436 23437
23437 23438
23437 23439
23438 23440
23438 23441
23439 23440
23442 23443
23442 23444
23442 23445
23442 23447
23443 23445
23443 23448
23443 23451
23446 23479
23447 24529
23448 23449
23448 23450
23448 23451
23449 23450
23449 23452
23449 23454
23449 24531
23451 24529
23451 24531
23452 23453
23452 23454
23452 23456
23453 23455
23453 23456
23455 23458
23458 23459
23458 23460
23459 23461
23462 23463
23462 23464
23462 23466
23463 23473
23464 23465
23464 23466
23465 23467
23467 23469
23468 23501
23469 23470
23470 23471
23471 23472
23474 23475
23475 23476
23476 23477
23478 23480
23478 24214
23479 23490
23480 23481
23481 23482
23481 24212
23481 24215
23482 23483
23483 23484
23483 23485
23484 23485
23485 23486
23486 23487
23487 23488
23487 23489
23487 23491
23490 23501
23490 23513
23491 23492
23491 23493
23493 23494
23493 23495
23494 23496
23494 23497
23497 23498
23498 23499
23498 23500
23499 23503
23500 23502
23500 23503
23504 23826
23505 23507
23506 23507
23507 23829
23507 23832
23508 23509
23508 23510
23509 23511
23509 23514
23510 23813
23512 23623
23515 23516
23516 23835
23517 23518
23517 23519
23518 23771
23520 23521
23520 23522
23520 23523
23521 23523
23522 23778
23522 23781
23524 23535
23524 23546
23524 23557
23524 23568
23525 23526
23525 23527
23528 23529
23528 23530
23529 23531
23529 23532
23531 23533
23531 23534
23532 23534
23532 23809
23533 23536
23536 23537
23538 23539
23538 23540
23538 23541
23538 25179
23539 25190
23540 23542
23540 23840
23541 23542
23543 23544
23543 23545
23543 23798
23544 23547
23546 23568
23547 23798
23547 23803
23547 23804
23548 23549
23548 23550
23548 23552
23549 24513
23550 24490
23551 23552
23551 23553
23552 24490
23553 24490
23554 23838
23554 25190
23555 23556
23555 23558
23555 23559
23558 23560
23558 23561
23559 23560
23561 23562
23561 23563
23563 23564
23563 23565
23565 23566
23566 23567
23566 23569
23567 23570
23569 23570
23569 23571
23571 23572
23572 23573
23573 23574
23573 23575
23574 23576
23574 23577
23575 23576
23576 23578
23577 23578
23577 23580
23579 23590
23579 23601
23579 23612
23579 23624
23580 23581
23580 23582
23582 23583
23583 23584
23583 23585
23583 23586
23584 23587
23588 23589
23588 23591
23588 23592
23591 23593
23593 23594
23593 23595
23594 23597
23595 23596
23595 23597
23595 23598
23596 23599
23599 23600
23602 23603
23602 23604
23603 23605
23603 23606
23603 23607
23604 23607
23605 23608
23605 23609
23606 23608
23609 23610
23611 23613
23611 23614
23613 23615
23613 23616
23614 23615
23619 23620
23620 23621
23623 23734
23625 23626
23625 23627
23626 23629
23627 23628
23627 23629
23627 23630
23629 23631
23630 23631
23630 23632
23631 23634
23632 23633
23632 23634
23635 23646
23635 23657
23635 23668
23635 23679
23639 23640
23639 23641
23639 23642
23640 23643
23640 23644
23642 23643
23645 23647
23645 23648
23645 23649
23647 23650
23650 23651
23650 23652
23653 23654
23653 23655
23653 23656
23654 23658
23658 23659
23658 23660
23658 23661
23662 23663
23664 23665
23665 23666
23667 23669
23667 23670
23667 23671
23669 23672
23669 23673
23670 23672
23671 23673
23674 23675
23676 23677
23676 23678
23676 23680
23677 23681
23677 23682
23677 23683
23678 23681
23680 23682
23681 23685
23682 23686
23683 23684
23683 23685
23683 23686
23684 23687
23684 23688
23684 23689
23685 23687
23686 23688
23687 23693
23688 23691
23689 23691
23689 23692
23689 23693
23690 23701
23690 23712
23690 23723
23690 23735
23691 23694
23692 23694
23692 23695
23693 23695
23696 23697
23696 23698
23697 23700
23698 23699
23698 23700
23698 23702
23701 23735
23703 23704
23703 23705
23703 23706
23704 23707
23704 23708
23704 23709
23705 23707
23706 23708
23707 23710
23708 23711
23709 23710
23709 23711
23709 23713
23710 23714
23711 23717
23713 23714
23713 23715
23714 23716
23715 23716
23715 23717
23715 23718
23716 23719
23717 23722
23718 23719
23718 23720
23719 23721
23720 23721
23720 23722
23720 23724
23721 23725
23722 23728
23724 23725
23724 23726
23725 23727
23726 23727
23726 23728
23726 23729
23729 23730
23729 23731
23731 23732
23732 23733
23732 23736
23732 23737
23733 23738
23734 23845
23736 25153
23737 23738
23738 25286
23739 23740
23739 23741
23739 23764
23739 23770
23740 23769
23741 23742
23741 23743
23742 23744
23742 23922
23743 23744
23745 23747
23745 23748
23745 23749
23746 23757
23746 23768
23746 23779
23746 23790
23747 23750
23747 23751
23747 23752
23748 23752
23749 23751
23750 23753
23750 23754
23750 23755
23751 23754
23752 23755
23753 23756
23753 23758
23753 23759
23754 23758
23755 23759
23760 23761
23760 23762
23760 23763
23761 23764
23761 23765
23761 23766
23762 23765
23764 23767
23764 23769
23765 23767
23767 23770
23768 23779
23775 23776
23775 23777
23775 23778
23776 23780
23776 23781
23776 23782
23778 23787
23780 23783
23781 23783
23785 23786
23785 23793
23786 23787
23786 23788
23787 23789
23788 23789
23791 23792
23791 23793
23791 23794
23793 23795
23796 23797
23797 23798
23797 23799
23798 23804
23799 23800
23799 23804
23801 23812
23801 23823
23801 23834
23801 23846
23802 23803
23802 23804
23805 23806
23806 25079
23807 23809
23808 23810
23811 23813
23813 23815
23819 25156
23820 23821
23822 23824
23823 23834
23824 24092
23824 24553
23825 24552
23826 23827
23826 23828
23829 23830
23829 23831
23831 23832
23831 23833
23836 23837
23836 23838
23837 23839
23841 23842
23842 23847
23843 23844
23843 23847
23843 25278
23844 23848
23844 23849
23845 23956
23848 23849
23850 23851
23850 23852
23851 23853
23852 23853
23852 23854
23854 23855
23855 23856
23855 23858
23856 23859
23857 23868
23857 23879
23857 23890
23858 23859
23858 23860
23859 23861
23859 23989
23860 23861
23860 23862
23861 23863
23862 23863
23862 23864
23863 23865
23864 23865
23866 23867
23866 23869
23869 23870
23869 23871
23872 23873
23872 23874
23872 23875
23873 23876
23873 23877
23874 23875
23875 23877
23876 23878
23876 23880
23877 23880
23878 23881
23882 23883
23883 23884
23883 23885
23886 23887
23886 23888
23887 24453
23888 23889
23889 23891
23889 23892
23891 23893
23893 23894
23895 23896
23895 23897
23895 23898
23899 23900
23899 23902
23899 23903
23899 23904
23901 23912
23901 23923
23901 23934
23902 24001
23905 23908
23907 23908
23909 23910
23909 23911
23909 23913
23910 23914
23910 23915
23910 23916
23913 23916
23914 23917
23915 23917
23918 23919
23918 23920
23918 23921
23918 23922
23918 23924
23919 23925
23919 23926
23920 23925
23924 23926
23925 23927
23929 23930
23929 23931
23930 23932
23931 23932
23931 23933
23935 23936
23935 23937
23935 23938
23936 23939
23936 23940
23936 23941
23937 25075
23938 23941
23939 23942
23941 23943
23942 23943
23944 23946
23944 23947
23945 23957
23945 23968
23946 23949
23947 23948
23947 23949
23947 23950
23948 23951
23949 24461
23950 23951
23950 23952
23950 24461
23951 24462
23952 23953
23952 23954
23952 24462
23953 23955
23953 23958
23954 24455
23954 24460
23954 24461
23955 23959
23955 23960
23956 24067
23956 24179
23958 23959
23958 24462
23958 24465
23959 23962
23960 23961
23961 23962
23961 23963
23962 23964
23963 23964
23963 23965
23965 23966
23965 23967
23966 23969
23966 23970
23966 23971
23967 23970
23968 23979
23969 23972
23971 23972
23971 23973
23973 23974
23973 23975
23975 23976
23975 23977
23976 23981
23977 23978
23977 23980
23977 23981
23979 23990
23979 24001
23983 23984
23983 23985
23984 23986
23984 23987
23986 23988
23988 23989
23991 23992
23991 23993
23991 25095
23992 25094
23994 23995
23994 23996
23995 23997
23995 23998
23996 23997
23997 24010
23999 24000
23999 24002
23999 24003
24004 24005
24004 24006
24004 24007
24006 24008
24006 24009
24008 24011
24009 24010
24009 24011
24012 24023
24012 24034
24012 24045
24012 24056
24013 24014
24013 24015
24015 24016
24015 24017
24017 24018
24017 24019
24019 24020
24019 24021
24020 24024
24021 24022
24021 24024
24021 24025
24022 24026
24022 24027
24024 24027
24026 24028
24026 24029
24028 24030
24028 24031
24030 24032
24030 24033
24032 24035
24032 24036
24034 24045
24035 24037
24035 24038
24037 24039
24037 24040
24039 24041
24039 24042
24039 24043
24040 24043
24041 24044
24041 24046
24043 24046
24044 24047
24045 24202
24045 24213
24048 24049
24048 24050
24048 24051
24048 24052
24050 24053
24050 24054
24052 24054
24053 24055
24053 24057
24057 24058
24058 24059
24058 24060
24058 24061
24059 24062
24059 24063
24061 24062
24068 24079
24068 24090
24068 24101
24070 24072
24070 24073
24071 24073
24072 24074
24072 24075
24075 24076
24075 24077
24076 24078
24076 24080
24077 24080
24078 24081
24078 24082
24082 24083
24082 24084
24084 24085
24087 24088
24087 24089
24089 24091
24091 24092
24093 24095
24093 24096
24094 24096
24095 24097
24095 24098
24096 24097
24099 24102
24099 24103
24100 24103
24104 24105
24104 24106
24107 24108
24107 24109
24107 24110
24108 24111
24110 24111
24112 24123
24112 24134
24112 24145
24112 24156
24114 24115
24114 24116
24117 24118
24117 24119
24119 24120
24119 24121
24119 24122
24120 24124
24120 24125
24120 24126
24121 24125
24122 24126
24124 24127
24124 24128
24124 24129
24125 24128
24126 24129
24127 24130
24127 24131
24127 24132
24128 24131
24129 24132
24130 24133
24130 24135
24130 24136
24134 24156
24137 24138
24138 24139
24138 24140
24138 24141
24139 24142
24139 24143
24139 24144
24140 24144
24141 24143
24142 24146
24142 24147
24142 24148
24143 24148
24144 24147
24146 24149
24146 24150
24147 24150
24148 24149
24151 24152
24151 24153
24151 24154
24152 24155
24152 24157
24152 24158
24153 24157
24154 24158
24161 24162
24163 24164
24163 24165
24164 24166
24164 24168
24166 24169
24166 24170
24166 24171
24167 24180
24167 24191
24168 24170
24169 24172
24169 25118
24170 25117
24171 24175
24172 24173
24172 24174
24172 24175
24173 24176
24174 24177
24174 25117
24175 24181
24176 24177
24176 24181
24179 24290
24182 24183
24182 24184
24185 24186
24185 24187
24186 24187
24188 24193
24188 25091
24189 24192
24189 24193
24192 24194
24193 24195
24194 24195
24194 24196
24195 24197
24196 24197
24196 24198
24197 24203
24198 24199
24199 24200
24200 24201
24200 24203
24204 24205
24204 24206
24205 24207
24206 24207
24206 24208
24207 24210
24208 24209
24208 24210
24211 24212
24211 24214
24211 24215
24211 24216
24212 24217
24216 24217
24216 24218
24218 24219
24218 24220
24219 24222
24220 24221
24220 24222
24220 24223
24221 24226
24222 24227
24223 24225
24223 24226
24223 24227
24224 24235
24224 24246
24224 24257
24225 24228
24225 24229
24227 24228
24229 24230
24229 24231
24232 24233
24232 24234
24233 24266
24233 24270
24233 24271
24236 24237
24238 24239
24238 24240
24238 24241
24239 24242
24239 24243
24240 24243
24241 24247
24241 24249
24242 24244
24242 24245
24244 24245
24244 24247
24246 24257
24248 24249
24248 24250
24251 24252
24251 24253
24251 24254
24254 24255
24256 24258
24256 24259
24256 24260
24258 24294
24258 24297
24259 24295
24259 24296
24259 24297
24260 24294
24261 24262
24261 24263
24262 24269
24263 24267
24264 24265
24266 24267
24266 24269
24268 24279
24268 24291
24268 24302
24268 24313
24269 24270
24272 24273
24272 24274
24272 24275
24273 24276
24273 24277
24273 24278
24274 24278
24275 24277
24276 24280
24276 24281
24277 24280
24278 24281
24282 24283
24282 24284
24282 24285
24286 24287
24286 24288
24287 24289
24288 24289
24288 24292
24290 24401
24292 24293
24295 24298
24295 24299
24295 24300
24296 24299
24297 24300
24298 24301
24298 24303
24298 24304
24299 24303
24300 24304
24301 24305
24301 24306
24303 24306
24304 24305
24308 24309
24310 24311
24311 24312
24312 24314
24316 24317
24317 24318
24321 24322
24322 24325
24323 24325
24324 24335
24324 24346
24324 24357
24324 24368
24327 24328
24329 24330
24330 24332
24331 24332
24334 24336
24336 24337
24339 24340
24339 24341
24339 24342
24340 24343
24340 24344
24340 24345
24341 24344
24342 24345
24343 24345
24343 24347
24348 24349
24348 24350
24348 24351
24348 24353
24350 24352
24350 24353
24350 24354
24351 24354
24352 24355
24352 24356
24355 24358
24355 24359
24358 24360
24358 24361
24359 24384
24360 24386
24361 24384
24361 24385
24362 24363
24362 24364
24362 24365
24363 24367
24364 24525
24364 24528
24365 24366
24365 24367
24365 24369
24366 24370
24367 24371
24369 24370
24369 24371
24369 24372
24370 24373
24371 24374
24372 24373
24372 24374
24372 24375
24373 24376
24374 24377
24375 24376
24375 24377
24375 24378
24376 24380
24377 24381
24378 24380
24378 24381
24378 24382
24379 24390
24379 24402
24382 24383
24385 24386
24385 24387
24386 24388
24387 24389
24390 24413
24390 24424
24392 24393
24392 24394
24392 24395
24392 24396
24393 24397
24395 24400
24397 24398
24397 24399
24397 24400
24398 24403
24398 24404
24400 24404
24401 24512
24401 24623
24402 24424
24403 24405
24403 24406
24403 24407
24404 24406
24405 24408
24406 24409
24407 24412
24408 24409
24408 24410
24409 24411
24410 24411
24410 24412
24414 24415
24414 24416
24415 24416
24416 24417
24418 24419
24418 24420
24418 24421
24419 24433
24421 24422
24421 24423
24421 24976
24422 24973
24422 24975
24423 24425
24423 24426
24423 24973
24425 24976
24425 24977
24426 24427
24426 24428
24427 24430
24427 24973
24427 24974
24428 24429
24428 24430
24433 24976
24434 24436
24434 24437
24434 24438
24435 24446
24436 24514
24436 24516
24438 24439
24438 24440
24438 24441
24439 24442
24440 24443
24440 24516
24441 24442
24441 24443
24441 24444
24442 24445
24443 24447
24444 24445
24444 24447
24444 24448
24445 24449
24446 24457
24446 24468
24447 24450
24448 24449
24448 24450
24448 24451
24450 24452
24451 24452
24451 24453
24452 24454
24453 24454
24455 24456
24455 24458
24455 24459
24456 24458
24457 24468
24457 25212
24459 24461
24462 24463
24463 24464
24464 24465
24464 24466
24464 24467
24465 24469
24466 24470
24467 24469
24467 24470
24467 24471
24470 24472
24471 24472
24471 24473
24473 24474
24473 24475
24475 24476
24475 24477
24477 24478
24479 24490
24479 24501
24479 24513
24481 24482
24482 24483
24482 24484
24483 24487
24484 24485
24484 24486
24484 24487
24485 24488
24485 24489
24485 24491
24486 24488
24487 24489
24488 24492
24491 24492
24491 24493
24493 24494
24493 24495
24494 24497
24495 24496
24495 24497
24495 24498
24496 24499
24498 24499
24498 24500
24498 24502
24502 24503
24502 24504
24502 24505
24503 24506
24505 24506
24505 24507
24507 24508
24508 24509
24511 24514
24514 24515
24517 24520
24518 24519
24518 24520
24524 24535
24524 24546
24525 24526
24525 24527
24526 24528
24529 24530
24532 24533
24532 24534
24532 24536
24533 24681
24534 24683
24536 24678
24536 24682
24537 24538
24537 24539
24537 24540
24541 24542
24541 24543
24541 24544
24542 24544
24545 24547
24545 24548
24545 24549
24546 25256
24547 24551
24547 24560
24548 24550
24548 24551
24549 24552
24550 24552
24550 24553
24551 24553
24554 24555
24554 24556
24554 24558
24555 24559
24557 24568
24557 24579
24558 24559
24561 24562
24563 24564
24563 24565
24567 24569
24567 24570
24567 24571
24569 24572
24571 24572
24571 24573
24575 24576
24575 24577
24578 24580
24581 24582
24581 24583
24581 24584
24586 24587
24586 24588
24590 24601
24591 24592
24593 24594
24593 24595
24593 24596
24593 24597
24597 24598
24600 24602
24602 24603
24602 24604
24604 24605
24608 24609
24609 24610
24609 24611
24611 24613
24611 24614
24611 24615
24612 24624
24615 24616
24615 24617
24617 24618
24617 24619
24619 24620
24619 24621
24621 24622
24622 24625
24622 24626
24624 24635
24625 24627
24626 24627
24626 24628
24626 24629
24627 24630
24628 24630
24631 24632
24632 24633
24633 24634
24638 24639
24638 24640
24639 24643
24640 24641
24640 24642
24640 24643
24641 24644
24641 24645
24643 24644
24645 24647
24645 24648
24646 24657
24646 24668
24646 24679
24646 24690
24647 24649
24648 24649
24648 24650
24648 24651
24650 24652
24650 24653
24650 24654
24651 24654
24656 24658
24656 24659
24658 24660
24659 24660
24659 24661
24659 24662
24660 24664
24662 24663
24662 24664
24663 24665
24663 24666
24663 24667
24664 24665
24666 24672
24667 24669
24669 24670
24669 24671
24669 24672
24670 24674
24671 24673
24671 24674
24672 24677
24673 24675
24673 24676
24673 24677
24674 24675
24676 24678
24676 24680
24677 24680
24678 24681
24683 24684
24685 24686
24687 24688
24687 24689
24688 24702
24688 24704
24691 24693
24691 24694
24692 24694
24693 24695
24695 24696
24696 24697
24698 24699
24698 24700
24698 24702
24700 24704
24701 24712
24701 24723
24701 24735
24701 24746
24701 24757
24701 24768
24702 24703
24705 24706
24705 24707
24706 24708
24707 24708
24709 24710
24709 24711
24713 24714
24713 24715
24713 24716
24714 24717
24714 24718
24715 24717
24715 25122
24717 25119
24717 25120
24718 24719
24718 24720
24718 24721
24719 24722
24719 25120
24721 24722
24721 24724
24722 24725
24724 24725
24724 24726
24727 24730
24728 24731
24729 24730
24729 24731
24729 24732
24730 24733
24731 24736
24732 24733
24732 24736
24733 24785
24734 24845
24734 25178
24737 24738
24737 24739
24737 24740
24738 24741
24738 24742
24739 24742
24740 24794
24741 24743
24741 24744
24741 24745
24742 24744
24743 24747
24743 24748
24743 24749
24744 24748
24747 24750
24747 24751
24748 24752
24749 24751
24750 24752
24750 24753
24750 24754
24751 24754
24752 24755
24753 24755
24753 24756
24754 24756
24758 24759
24758 24760
24758 24761
24759 24762
24761 24762
24761 24804
24762 24765
24763 24764
24763 24765
24763 24766
24766 24767
24767 24769
24767 24770
24770 24771
24770 24772
24772 24773
24772 24774
24772 24775
24773 24776
24773 24777
24774 24777
24776 24778
24777 24778
24779 24790
24779 24801
24779 24812
24779 24823
24780 24781
24780 24782
24781 24783
24785 24786
24786 24787
24786 24788
24787 25148
24789 24791
24792 24793
24792 24794
24795 24796
24795 24797
24795 24798
24796 24799
24796 24800
24796 24802
24797 24800
24798 24802
24799 24803
24799 24804
24802 24804
24805 24806
24805 24808
24807 24808
24809 24841
24809 24843
24811 24813
24813 24814
24815 24816
24815 24817
24815 24818
24816 24817
24819 24820
24819 24821
24819 24822
24821 24824
24822 24824
24822 24825
24823 24834
24825 24826
24825 24837
24828 24830
24830 24831
24830 24832
24831 24833
24833 24835
24833 24836
24834 24846
24837 24838
24837 24839
24839 24840
24839 24841
24841 24842
24844 24847
24844 24848
24847 24848
24848 24849
24848 24850
24852 24853
24853 24854
24853 24855
24854 24856
24854 24858
24854 24859
24856 24860
24856 24861
24857 24868
24857 24879
24858 24862
24860 24862
24860 24863
24862 24863
24864 24865
24865 24866
24866 24867
24866 24869
24869 24870
24869 24871
24870 24872
24871 24872
24871 24873
24873 24874
24873 24875
24875 24876
24875 24877
24876 24878
24877 24878
24877 24880
24878 24881
24880 24881
24880 24882
24881 24884
24882 24883
24882 24884
24882 24885
24883 24888
24884 24886
24885 24886
24885 24887
24885 24888
24886 24889
24887 24889
24887 24891
24889 24892
24890 24901
24890 24912
24890 24923
24891 24892
24891 24893
24891 24894
24892 24895
24894 24895
24898 24899
24898 24900
24900 24904
24900 24905
24904 25009
24904 25013
24905 25011
24906 24907
24906 24908
24906 24909
24907 24910
24907 24911
24907 24913
24908 24910
24909 24911
24910 24914
24911 24915
24913 24914
24913 24915
24916 24917
24916 24918
24917 24919
24920 24921
24920 24922
24921 24924
24921 24925
24924 24926
24924 24927
24929 24930
24930 24931
24930 24932
24932 24933
24932 24935
24934 24945
24934 24957
24934 24968
24934 24979
24935 24936
24935 24937
24937 24938
24937 24939
24937 24940
24940 24942
24941 24942
24941 24943
24941 24944
24943 24946
24943 24947
24946 24948
24946 24949
24946 24950
24949 24952
24950 24951
24950 24952
24951 24953
24951 24954
24953 24955
24953 24958
24955 24959
24955 24960
24955 24961
24956 25067
24958 24960
24959 24963
24961 24962
24961 24963
24962 24964
24962 24965
24964 24966
24964 24967
24966 24969
24967 24969
24968 25227
24970 24971
24970 24972
24971 24975
24972 24973
24972 24974
24972 24975
24977 24978
24978 24980
24978 24981
24978 24982
24979 25222
24981 24983
24981 24984
24982 24984
24983 24985
24983 24986
24986 24987
24986 24988
24987 24989
24988 24989
24988 24991
24990 25001
24990 25012
24990 25023
24991 24992
24991 24993
24993 24994
24993 24995
24994 24996
24997 24998
24997 24999
24997 25000
24998 25002
25002 25003
25002 25004
25004 25005
25005 25008
25006 25007
25006 25008
25007 25009
25007 25010
25008 25010
25009 25011
25014 25015
25014 25016
25015 25016
25015 25019
25016 25017
25016 25018
25017 25022
25018 25019
25018 25020
25019 25024
25020 25021
25020 25022
25020 25024
25021 25025
25021 25026
25021 25027
25025 25028
25025 25029
25025 25030
25026 25029
25027 25030
25028 25031
25028 25032
25028 25033
25031 25035
25031 25036
25033 25036
25034 25045
25034 25056
25034 25068
25035 25037
25035 25038
25035 25039
25037 25040
25037 25041
25037 25042
25038 25041
25039 25042
25040 25043
25040 25044
25040 25046
25041 25044
25042 25046
25043 25047
25043 25048
25046 25048
25047 25049
25047 25050
25047 25051
25048 25051
25049 25052
25049 25053
25049 25054
25050 25053
25051 25054
25052 25055
25052 25057
25052 25058
25053 25057
25054 25058
25055 25059
25055 25060
25055 25061
25057 25060
25058 25061
25059 25062
25059 25063
25060 25062
25061 25063
25064 25065
25066 25069
25066 25070
25067 25178
25069 25071
25072 25073
25073 25074
25073 25075
25076 25077
25076 25078
25076 25080
25077 25081
25077 25082
25078 25082
25079 25090
25079 25101
25080 25081
25083 25084
25083 25085
25083 25086
25084 25087
25085 25088
25086 25087
25086 25088
25089 25091
25093 25094
25095 25096
25096 25097
25097 25098
25098 25099
25100 25103
25105 25106
25105 25107
25106 25108
25106 25109
25108 25110
25111 25113
25111 25114
25112 25123
25112 25134
25112 25145
25112 25156
25115 25116
25117 25118
25119 25121
25119 25122
25119 25124
25121 25125
25121 25126
25127 25128
25130 25131
25130 25132
25133 25135
25133 25136
25137 25138
25137 25139
25138 25140
25138 25141
25139 25141
25140 25142
25142 25143
25142 25144
25142 25146
25144 25147
25146 25147
25148 25149
25150 25151
25150 25152
25150 25153
25151 25154
25151 25155
25152 25155
25154 25157
25154 25158
25158 25159
25158 25160
25159 25162
25160 25161
25160 25162
25160 25163
25161 25164
25163 25164
25163 25165
25165 25166
25165 25168
25166 25169
25166 25170
25167 25179
25167 25190
25167 25201
25168 25170
25169 25171
25169 25172
25172 25173
25172 25174
25174 25175
25174 25176
25176 25177
25180 25181
25180 25182
25182 25183
25182 25184
25184 25185
25184 25186
25186 25187
25186 25188
25188 25189
25188 25191
25189 25192
25191 25192
25191 25193
25191 25194
25193 25195
25194 25195
25194 25196
25196 25197
25196 25198
25198 25199
25198 25200
25200 25202
25203 25204
25203 25205
25203 25206
25204 25207
25204 25208
25204 25209
25207 25210
25210 25211
25210 25213
25211 25214
25211 25215
25212 25223
25212 25234
25212 25245
25214 25216
25214 25217
25218 25219
25218 25221
25220 25221
25220 25222
25220 25224
25224 25225
25224 25226
25226 25227
25228 25229
25228 25230
25229 25231
25230 25231
25230 25232
25231 25233
25232 25233
25232 25235
25235 25236
25235 25237
25237 25238
25238 25239
25238 25240
25240 25241
25241 25242
25241 25243
25242 25244
25243 25244
25243 25246
25244 25247
25246 25247
25247 25248
25249 25250
25249 25251
25251 25252
25251 25253
25251 25257
25254 25255
25254 25257
25256 25267
25256 25278
25259 25260
25259 25261
25259 25262
25259 25263
25260 25265
25261 25264
25263 25264
25263 25265
25263 25266
25264 25268
25265 25269
25266 25268
25266 25269
25266 25273
25270 25271
25270 25272
25270 25273
25272 25274
25272 25275
25275 25276
25275 25277
25277 25279
25277 25280
25279 25281
25281 25282
25281 25283
25282 25285
25283 25284
25283 25285
25283 25286
25284 25287
25286 25287
