# Nodes
0 1819.4 4420
1 1791.1 4345.3
2 1833.8 4175.9
3 988.6 1501.6
4 -856.6 5300.5
5 -1353.3 5485.8
6 -1458.7 -3122.4
7 -1848.3 -2866.9
8 -1296.2 -2642.8
9 -3909 -4559.1
10 -2171.7 -2745.3
11 -1798.6 -2685.1
12 905.9 3033.9
13 855.6 3049.6
14 786.9 1567.1
15 877.1 2942.3
16 799.4 3067.1
17 826.8 2958
18 890.1 3159.6
19 728.6 3089.1
20 770.6 2975.5
21 834 3177.1
22 691.5 3100.7
23 763.2 3199.1
24 600.9 3128.9
25 865.8 1465
26 662.7 3009.1
27 726.1 3210.7
28 503.8 3157.1
29 572.1 3037.3
30 636.3 3238.6
31 425.5 3182.2
32 539.2 3268.9
33 420.2 2895.8
34 448.7 3255.9
35 208.5 3247
36 967.2 1432.5
37 88.8 3289.9
38 -675.6 3508.1
39 -752.7 3378.8
40 -852.7 3563.1
41 -149.8 3339.4
42 -646.3 3543.4
43 -829.6 3638.7
44 -880 3571.3
45 -921.8 3448.5
46 -948.7 3598.6
47 843.5 1396.9
48 -989.9 3471.4
49 -964.9 3613.5
50 -946.5 3670.6
51 -988.9 3629.1
52 -1044.1 3457
53 -1058.9 3651.5
54 -1114.5 3479.3
55 -1131.4 3676.2
56 -1044.1 3705.8
57 -1204 3699
58 946.2 1364.9
59 -1188.3 3501.9
60 -1225.5 3705.8
61 -1259.1 3526.9
62 -1173.1 3842.2
63 -1274.5 3721.2
64 -1295.4 3728.4
65 -1334.4 3551
66 -1253.8 3867.1
67 -1357.2 3748.7
68 -1405.7 3573.8
69 735.6 1431.4
70 -1325 3888.5
71 -1423.1 3768.8
72 -1478.2 3598.2
73 -1833.4 3516.8
74 -2147.6 3878
75 -2995.4 4689
76 -3009.5 4714.6
77 -2988.5 4726.9
78 1790.7 -740.4
79 1784.5 -792.2
80 821.6 1326.1
81 1910.1 -770.9
82 1755.3 -884.1
83 1941.9 -839.6
84 1491.6 -803
85 1703 -938.2
86 -1110 4758.2
87 -830 4522.5
88 -3631.7 -5031.4
89 -3632.9 -4926.7
90 -3624.5 -5129.4
91 923.7 1292.4
92 4666.7 3198.2
93 4646.2 3123.1
94 4878.1 3133.5
95 4854 3057.9
96 4622 3047.4
97 4432.7 3189.6
98 4831.2 2979
99 4601.7 2976.5
100 4391.3 3139.8
101 4808.7 2905.4
102 714.1 1361.1
103 4578.6 2901.7
104 4362.4 2972.5
105 4790.7 2838.7
106 4554.4 2830.4
107 4765.6 2764.6
108 4532.6 2757.5
109 4739.8 2692.9
110 4511.3 2686.2
111 4333.2 2813.3
112 4489.2 2612.9
113 1637.6 4236.8
114 807.9 1283.6
115 4432.1 2709.8
116 4461.4 2621.7
117 4466.2 2540.4
118 4255.4 2603.4
119 4589.1 2425.5
120 4344.2 2152.6
121 4394.7 2139.3
122 4303.2 2176.3
123 4280.4 1951
124 4345.1 1933.8
125 911 1251.2
126 4255.4 1867.6
127 4198.9 1973.1
128 4247.5 1841.3
129 4421 1813.5
130 4230.7 1780.7
131 4105.5 1815.8
132 4212.3 1713.6
133 4397.2 1732.8
134 4198.1 1663.8
135 4254.6 1699.3
136 3172.6 -3497.9
137 4191.5 1640.6
138 4181.5 1616
139 4323.1 1602.2
140 4175.8 1593.8
141 4132.5 1658.5
142 4169.8 1570.4
143 4162.5 1549.2
144 4334.1 1521.3
145 4148.7 1500.7
146 3970.7 1598.4
147 3473.4 -3586.2
148 4131 1434.6
149 4311.4 1449.5
150 3938.7 1501.2
151 4103.9 1343
152 4289.6 1376.4
153 4266.4 1303.7
154 4084.8 1278.5
155 3912.3 1134.7
156 4245.2 1229.8
157 4224 1160.1
158 3190.6 -3448.6
159 4024.8 1064.1
160 4001 990.7
161 4180.6 1015.3
162 4157.9 945.6
163 3981.6 968.2
164 2406.9 -1485.9
165 2445.2 -1388.5
166 2571.9 -1536.8
167 2708 -1573.3
168 2600.8 -1432.9
169 3148.4 -3570.2
170 2923.4 -1487.2
171 2776.3 -1490.8
172 2946.2 -1402.3
173 3007.4 -1510.9
174 2837.7 -1443.4
175 2974.1 -1309.3
176 3274.4 -1414.9
177 2816.7 -1233.2
178 3224.8 346
179 3008.5 257.1
180 3444.6 -3665.1
181 3268.1 494.9
182 464.8 1369.6
183 451.8 1331.3
184 481.5 1417.3
185 515.7 1364.1
186 427.5 1368.1
187 601.8 1347.1
188 703.8 1316.6
189 675.4 1223.5
190 882.4 1159.2
191 -3170 1864.2
192 1004 1223.8
193 1098.7 1195.8
194 1009.5 1119.1
195 1187 1166.7
196 1070.5 1100.8
197 1286.5 1136.5
198 1447.5 1080.2
199 1257.2 1044.7
200 1420.1 992.2
201 1488 1066.3
202 -3329 1558.3
203 1681.6 1016.1
204 1824.2 970.9
205 1651.1 920.5
206 1794.9 875.8
207 1939.4 935
208 1874.9 851
209 2219.8 843.7
210 2372.1 787.3
211 2566.9 728.6
212 2702.8 683.8
213 -2886.1 2737.7
214 2837.3 632.5
215 2868.3 629.1
216 2943.8 596.9
217 2854.3 588.3
218 3020.6 571.8
219 2850.9 305.6
220 3098.9 552.7
221 3064.1 572
222 2928.7 281.8
223 2967.8 603.5
224 1712.8 4096.1
225 -2883.7 2960.6
226 3130.7 789.5
227 3423.1 433.1
228 4044.1 115.1
229 4304.9 -78.2
230 3988.5 -5.8
231 4392.8 -130.8
232 4558.5 -250.1
233 4506.7 -204.5
234 4657.9 0.5
235 1535.6 3919.1
236 -2771.3 3103.8
237 1525.4 3886.4
238 1493.3 3932.2
239 1563.8 4009.4
240 1483 3899.6
241 1428.6 3952.8
242 1377.7 3968.2
243 1456.8 4042.4
244 1325.4 3984.5
245 1353.8 4075
246 1267.5 4002.5
247 -2627.9 3552.6
248 1257.3 3969.9
249 1219.7 4018.4
250 1147.5 4040.4
251 1209.3 3986
252 1113.3 4051
253 1077.6 4062.1
254 1007.6 4083.6
255 1036.2 4173.1
256 4413.8 1195.6
257 4561.8 1168.1
258 -2519.6 3889.9
259 4399.3 1122.9
260 4429.4 1271.3
261 4712.8 1135.3
262 4548 1094.4
263 4577.1 1238.9
264 4867.7 1104.6
265 4698 1064
266 4727.3 1211.1
267 5018 1076.5
268 4857.2 1030.9
269 -2742.5 3686.2
270 4880.7 1179.8
271 5030.6 1149.4
272 5163.2 1123.6
273 1271.2 3689.8
274 1337.5 3669.2
275 1282.4 3725.4
276 1404.7 3648.3
277 1348.7 3704.8
278 1395 3617.6
279 1667.1 3571.6
280 -2449.7 4097.5
281 1733.2 3551.2
282 1676.9 3602.6
283 1917 3494.5
284 1905.8 3458.6
285 1926.7 3524.9
286 -2793.6 1305.1
287 -2814.1 1230.1
288 -2859.5 1078.2
289 -2881.3 1001.6
290 -2837 1154.6
291 -2049 5170.4
292 -3487.2 -4939.8
293 -3462 -4848.2
294 -3441.1 -4786
295 -3240.2 -4867.1
296 -3415.3 -4689.4
297 -3380.9 -4595.9
298 -3247.4 -4419.1
299 -3315.9 -4360.3
300 -599.6 5190.7
301 -2183.6 1270.1
302 -3432.1 -66
303 -2243.8 1045.2
304 -2765.7 1403
305 -1458.7 1107.1
306 -2679.6 1698.6
307 -3281.2 1289.3
308 -2498.7 5871.7
309 -2661.8 5732.8
310 -2440.6 5824.4
311 -2608.1 5674.8
312 -2596.8 5311.6
313 -3540.9 835.6
314 -2949.6 5322.9
315 -2619 5219
316 -3038.5 5352.8
317 -1883.1 3364.4
318 -1864.4 3433
319 -2036.6 3487.5
320 -1948.3 -5871.1
321 -1863.4 -5911.8
322 -2007.4 -5788.6
323 -2746.7 -7663.6
324 -3351.5 1248.4
325 -2836.1 -7621.4
326 -2635.4 -7365.7
327 -2885.3 -7602.8
328 -2724.7 -7335.2
329 -2905.1 -7504.4
330 -3417.1 -7625.3
331 -3519.6 -8176.4
332 -3722.1 -7684.2
333 866.7 2562.1
334 764.5 2595.8
335 1651.3 4148.9
336 -3112.1 1971.3
337 837.8 2475.7
338 895.4 2651.5
339 972.8 2530.4
340 1001.4 2618.3
341 1079.5 2496.8
342 1054.3 2409.3
343 1367.8 2406.8
344 1340.9 2319.5
345 1278.4 2434.2
346 1477.3 2373.1
347 -2865.8 2743.3
348 1505.7 2463.9
349 1551.4 2351.5
350 1579.9 2441.6
351 1699 2304.9
352 1864 2351.8
353 1832 2259.4
354 1802.8 2166.7
355 2041.4 2194.4
356 2069.7 2286.6
357 2013.7 2097.6
358 -2755 3086.8
359 2186.7 2141.5
360 2158 2050.4
361 2217 2239.9
362 2297.2 2108.1
363 2269.3 2015.3
364 2326.9 2205
365 2404.2 2073.7
366 2376.7 1983.9
367 2435.4 2170.6
368 2578.3 2022.6
369 -2531.9 3258.7
370 2550.5 1934
371 2609.4 2115.4
372 2755.9 1972.1
373 2768.9 2013.4
374 2726.8 1879
375 2928.8 1915.9
376 2943.8 1962.8
377 2899.5 1823.2
378 3451.2 1755.8
379 3424.6 1670.5
380 -2593.4 3595.4
381 3465 1801.4
382 3295.9 1804.1
383 3676.2 1682.8
384 3639.9 1760.7
385 3825.5 1634.1
386 3828.1 1666.2
387 3986 1651.3
388 3072.6 2386.9
389 3112.2 2508.8
390 3141.4 2368.8
391 -2473.5 3967.1
392 3000.9 2404.6
393 3059.2 2343.5
394 3045.5 2531.2
395 3182.2 2484.4
396 -515.2 3774.1
397 -585 3652.7
398 1555.9 2997.4
399 1679.8 3025.1
400 1761.1 2999.8
401 1577.9 3066.3
402 -2414.7 4143.9
403 -2931.1 1675.2
404 -2941.5 1632.9
405 -2787.2 2150.6
406 -2891.4 2179.6
407 -2763.2 2232.1
408 -2992.7 2210.3
409 -2867.5 2263.1
410 -2967 2292.7
411 -1843.2 3495.4
412 -3000.4 600
413 -2287.7 4378.4
414 -2978 676.5
415 -4973 -5533
416 -5019 -5503.4
417 -4927.9 -5560.7
418 3124.2 -3652.7
419 3075.8 -3639.7
420 3348.9 -3723.1
421 3069.9 -3545.1
422 3197.9 -3420.5
423 3108.8 -3421.7
424 -2033.8 5144.7
425 3234.5 -3317.5
426 3252.4 -3258.7
427 3488.3 -3301.4
428 3300.6 -3147.3
429 3172.4 -3232.7
430 3325.7 -3106.2
431 3420.1 -3112.4
432 3244.8 -3101.5
433 3412.9 -2778.3
434 3502.4 -2801.8
435 -1897.8 5348.2
436 3368.2 -2627.9
437 3422.7 -2434
438 -668.6 4804.5
439 -761.1 4498.2
440 -742.6 4821.2
441 -482.5 4762.5
442 -695.6 4477.4
443 -62 -213.6
444 -135.4 -436.6
445 -150.4 -185.7
446 1701.3 4059.6
447 -1913 5450.3
448 -279.8 -639.7
449 -399.7 -986.7
450 3772.2 -2453.8
451 3792.4 -2518.8
452 -448.9 -143.1
453 -433.6 -93.4
454 -545.2 -110.6
455 -479.2 -229.3
456 -519.2 -450.4
457 -545.8 -441.4
458 4097.6 2325.1
459 -663.9 -901.3
460 -691.6 -888.4
461 -617.7 -729.9
462 -749.4 -1054.9
463 -1181.6 -933.9
464 -839.3 -1215
465 -859.8 -1203.1
466 -937.5 -1290.2
467 -950 -1271.4
468 -1237.8 -1369
469 4127.8 2396.1
470 1044.7 4577.7
471 1034.5 4545
472 968.3 4601.7
473 1032.1 4507.7
474 957.5 4569
475 1109.6 4714.6
476 1012.2 4744.6
477 1088.1 4645.9
478 1064.4 4571.6
479 993.7 4678.6
480 4064.7 2247
481 1017 4429.6
482 1064.3 4497.7
483 922.8 4458.9
484 1108.2 4401.3
485 992.8 4353.1
486 971.7 4286
487 1062.8 4257.9
488 945 4201
489 916.8 4111.1
490 895.7 4043.9
491 -1207.9 5555.7
492 884.2 4007.4
493 792.1 4044.9
494 861.3 3937
495 837.8 3860
496 796.6 3735.7
497 817.9 3797.5
498 774.9 3668.4
499 882.9 3710
500 861.2 3640.6
501 760.5 3623.7
502 -1193.9 5591.6
503 745.1 3575.7
504 832.4 3547.7
505 723.4 3504.6
506 623.6 3536.4
507 809.6 3476.7
508 707.9 3460.6
509 796 3433.1
510 672.8 3351.7
511 761.7 3324
512 627.2 3366.1
513 -1217.3 5522.9
514 591.6 3252.8
515 481.2 3066.8
516 545.6 2953
517 636.2 2924.8
518 453.6 2981.6
519 518.2 2865.8
520 608.8 2837.6
521 490.5 2777.8
522 581.1 2749.6
523 398.3 2807.5
524 -1278.1 5614.2
525 461 2688.1
526 364.4 2717
527 435.1 2600.5
528 522.4 2574.9
529 408.7 2517.6
530 380.1 2426.6
531 310.3 2548.2
532 496.6 2490.4
533 364.8 2377.9
534 470.7 2398.4
535 -1398.4 5706.4
536 345.4 2317
537 454.5 2346.9
538 272.6 2408.2
539 336.9 2289.3
540 253.2 2345.1
541 427.5 2261.1
542 325.3 2252.2
543 233.1 2281.3
544 306.7 2193.1
545 213.9 2220.3
546 -1240.8 5677.8
547 397.5 2165.6
548 278 2103.3
549 185.5 2132.9
550 369.1 2075.3
551 249.5 2008.9
552 339.4 1981.4
553 218.6 1913
554 123.4 1942.1
555 309.2 1884.7
556 204.5 1868.1
557 1641.6 4118.2
558 -1316.3 5548.9
559 190.2 1822.7
560 93.9 1851.1
561 280.8 1794.5
562 161.9 1732.7
563 133.3 1641.8
564 67.8 1762.3
565 252.5 1704.5
566 40.3 1671.4
567 223.9 1613.6
568 112.8 1576.6
569 -1651.9 5905.1
570 102.7 1537.5
571 19.9 1605.5
572 203.4 1548.4
573 95.2 1510.6
574 191.1 1509.1
575 0.3 1526.8
576 81.5 1471.3
577 60.5 1405.3
578 171.3 1443.3
579 49.1 1368.8
580 -1351.5 5766.9
581 -31 1437.3
582 37.2 1329.9
583 -37 1395.1
584 28.1 1300.1
585 -56.9 1357.3
586 225.3 1238.9
587 9.1 1241.5
588 -82.4 1275.6
589 -25.3 1137.4
590 -116.1 1167.3
591 -1445.7 5645.1
592 -40.9 1087.8
593 -135.7 1112.6
594 -50.8 1061
595 -71 1002.1
596 -172.3 985.8
597 -100.1 915.8
598 132.6 934.6
599 -127 830.4
600 109 850.5
601 80.1 766.1
602 -1606.2 5965.1
603 -153.5 753.9
604 -337.5 809
605 -180.6 673.3
606 14.6 703.9
607 -47.1 631
608 -208 592.7
609 -97.7 558.2
610 -237.6 501.3
611 -258.5 439.4
612 -271.3 398.4
613 -1699.8 5840.9
614 -335.8 467.2
615 -148.5 359.1
616 -304.4 300.1
617 -191.7 264.2
618 -337 200.1
619 -221.8 163
620 -364.7 117.5
621 -250.3 81.9
622 -386.7 50.7
623 -466.2 148
624 -974.1 4641.7
625 -273.4 12.6
626 -408.7 -16.7
627 -485.5 81.1
628 -294.1 -52.8
629 -506.6 13.8
630 -426.9 -71.4
631 -524 -41.3
632 -396.8 -104.6
633 -505.6 -315.7
634 -533 -398.9
635 -953.4 4624.9
636 -740.4 -326
637 -571.5 -519.6
638 -593.4 -586.1
639 -782.2 -451.7
640 -615.1 -654.2
641 -804.3 -520.5
642 -826.7 -588.6
643 -637.8 -723.1
644 -848.3 -657.4
645 -1160.7 -965.5
646 -1067.6 4669.9
647 -1265.6 -1182.4
648 -1421 -1317.3
649 874.8 4050.4
650 1085.4 4565
651 1131.6 4476.8
652 897 4117.4
653 886 4084.1
654 827.4 4140.7
655 815.4 4105.3
656 3493.8 2261.3
657 -1054.8 4710.8
658 3514.4 2206.3
659 3532 2232.5
660 3410.3 2308.2
661 3528.4 2154.7
662 3522.7 2180.1
663 3548.8 2072.2
664 3559.3 2027.2
665 3588.4 1913.9
666 3624.2 1798.2
667 3658.3 1899.8
668 1782.3 4074.4
669 -1221.9 4716.9
670 3732.1 1809
671 3767.9 1465.8
672 3785.3 1407.9
673 3863.1 1506.2
674 3816.8 1354.5
675 3859.5 1256.5
676 3892.7 1341.2
677 4000 879.8
678 3957.8 945.1
679 4129.6 836.3
680 -1091.3 4594.1
681 3942.1 894.5
682 4025 768.1
683 4108.6 746.6
684 3913.8 807.8
685 4048.5 666.2
686 4089.9 653
687 4232.4 532.8
688 4090 477.8
689 4211.3 447.3
690 4171.7 295.1
691 -1373.7 4764.1
692 4099.7 221.2
693 4148.2 207.3
694 3930.2 -131
695 4040.2 -192.9
696 3902.4 -190.8
697 4009.5 -251.8
698 3813.9 -386.3
699 3893.4 -429.9
700 3796.2 -424.3
701 3605.8 -367.3
702 -1245.2 4641.6
703 3763.3 -499.7
704 3580.1 -447.7
705 3729.7 -577.1
706 3558.8 -528.5
707 3692 -665.7
708 3820.3 -719.7
709 3655.1 -788.1
710 3346.3 -649.1
711 3577.5 -1076.7
712 3434.8 -1388.8
713 -1195.7 4795.9
714 3495.9 -1575.4
715 3406.7 -1452.3
716 3283.2 -1713.3
717 3202.6 -1689.2
718 3238.5 -1810.6
719 3212.4 -1868.7
720 2919.5 -1800.9
721 3378.1 -1931.6
722 2941.8 -1810.3
723 3150.4 -2005.1
724 -1526.7 4810.6
725 3318.8 -2072.8
726 3127.2 -2054.6
727 3116.5 -2075.9
728 3034.7 -1985.8
729 3107.2 -2097.2
730 2932.5 -2106.3
731 3079.8 -2157
732 3565.7 -2290.1
733 3064.3 -2190.3
734 3043 -2234.6
735 -1394.4 4698.4
736 3008.7 -2306.1
737 2959.6 -2291.4
738 2994.3 -2338.5
739 3284.4 -2391.5
740 2960.3 -2414.8
741 2632.2 -2321.2
742 2915.5 -2524.6
743 2598.5 -2428.2
744 2873.9 -2634.5
745 2563.2 -2540.6
746 -1348.7 4843.4
747 3047.3 -2732.2
748 2521.9 -2672
749 2611.4 -2840.9
750 2697.4 -3065.4
751 2646.2 -3262.8
752 2832 -3946.7
753 2837.8 -3997.9
754 2924.4 -3823.8
755 2900.2 -3989.7
756 2818.8 -4198.5
757 -1677.9 4858
758 2802.6 -4293.8
759 2983.8 -4273.8
760 2790.1 -4381.8
761 2783.2 -4430.9
762 2753.3 -4411.8
763 2776.8 -4467.5
764 2822.2 -4443.3
765 2731.1 -4735.3
766 2812.5 -4750
767 2697 -5034.8
768 -1547.2 4744.1
769 2810.9 -5377.4
770 2875.5 -5517
771 2907.2 -5581.9
772 2946.8 -5586.5
773 2869.4 -5579.2
774 2887.6 -5543
775 1031.9 4807.2
776 809.6 4972.4
777 4024.7 1892
778 4041.3 1746.6
779 1674.8 3974.8
780 -1502 4890.5
781 3999.3 1697.7
782 4072.1 1779.9
783 3966.4 1816
784 3886.9 1734
785 3915 1417.1
786 -5073.8 -5465.2
787 -2386.9 -5613.1
788 -2444.7 -5589.7
789 -2329.8 -5636.5
790 -2590 -5530.4
791 -1828.6 4904.2
792 -163.8 4247.1
793 1979.4 -537.4
794 2103.3 -824.5
795 2404 -662.5
796 -329.1 -590.2
797 -235.5 -158.3
798 -489.9 -955.3
799 -390.4 -522.8
800 -574.2 -927.5
801 -1376.1 -876.1
802 -1698.2 4791
803 -1157.9 -864.8
804 -1353.5 -808.8
805 -1561.4 -757.8
806 -5291.7 -5420.9
807 -5251.8 -5448.6
808 -5250.7 -5357.7
809 -5324.8 -5473
810 4443.4 1346.8
811 4593 1317.8
812 4459.6 1419.9
813 -1656.6 4936.2
814 4743 1286.6
815 4607.4 1391.4
816 4895.3 1253.7
817 4759.4 1362.1
818 5044.3 1226.3
819 4911.3 1329.2
820 5058.2 1302
821 5179.1 1196.8
822 5193.4 1275.2
823 -4597.3 -8877.7
824 -3528.3 -6846.5
825 -4586.8 -8706.8
826 -4698.7 -8780.2
827 1553.4 -5046.6
828 1005.1 -3848.1
829 -291.1 -2621.6
830 -201.7 -2647.2
831 -262.9 -2518.1
832 -342.6 -2801
833 -129.6 -2672.3
834 -191.1 -2618
835 -3567.1 -6930.8
836 99 -2743.4
837 -119.9 -2642.5
838 221.1 -2784.1
839 70.7 -2838
840 -3341.3 -8572.4
841 -3379.3 -8666.9
842 -3310.7 -8497.2
843 2405.9 3152.8
844 2482.6 3197.3
845 2486.2 3012.9
846 -3612.4 -6815.1
847 2215 3507
848 2543.7 3081
849 -4187.3 -11124.1
850 -4286.8 -11065.9
851 -4119.3 -11034.8
852 -4834.9 -5619.7
853 -4882.7 -5591.9
854 -4781.4 -5653
855 -3184 -7372.8
856 -3438 -7535.1
857 -3460.7 -6649.9
858 -3107.3 -7484.3
859 -3111.8 -7558
860 -3570.9 -8420.3
861 -3768.5 -8544.3
862 -3716.6 -8616.2
863 -4024.2 -8639.7
864 -3992.3 -8766.7
865 -4095.9 -8639.4
866 -4169.5 -8657.3
867 -4244.1 -8673.8
868 -3596.8 -7018.3
869 -4131.6 -8648.7
870 -4350.9 -8700.3
871 -4187.5 -8913.7
872 -4362.5 -8392.8
873 -4484.1 -8711
874 -4320.9 -8834.4
875 -4479.7 -8809.9
876 -4473.1 -8508.5
877 -4669.5 -8665.3
878 -4679.3 -8647
879 -3654.1 -6901.7
880 -4700 -8661
881 -4727.3 -8556.1
882 -4994.4 -8103.4
883 -4615.4 -8278.5
884 -5073.1 -8026.3
885 -4904.6 -8062.4
886 -5230.4 -7876
887 -5476.8 -7937.9
888 -5303.7 -7813.6
889 -5380.4 -7887.5
890 1779.5 4035.3
891 -3359.3 -7005.8
892 -5360.6 -7743.6
893 -5383.5 -7708.6
894 -5410.5 -7676
895 -5402.8 -7524.4
896 -5485.7 -7495.1
897 -5305.4 -7521.4
898 1356.6 3901.1
899 1246.4 3935.4
900 1198.1 3950.6
901 1126.4 3972.7
902 -3390.6 -7088.5
903 1137 4008.8
904 804.8 4071.3
905 -1306.8 292.9
906 -1363.7 255.9
907 -1418.8 430.9
908 -1435.3 211.4
909 -1483.5 390.6
910 -1529.5 359.6
911 3724.9 -2940.5
912 3699.6 -2978.2
913 -3697.7 -7110.9
914 -4196.4 -5754.3
915 -4121.1 -5806.1
916 -4343.6 -5712.9
917 -4371 -5912.1
918 -4601 -5891.9
919 -4406.6 -5725.8
920 -4627.2 -5931.3
921 -3849.7 -8835.1
922 -3808.5 -9027.6
923 -3969.6 -8864.3
924 -3733.5 -7192.8
925 -3943.5 -9220.9
926 -3995.7 -9218.3
927 -3938.7 -9167.6
928 4353.8 1592.4
929 4374.6 1663.6
930 4488.3 1565.6
931 4474.1 1494.1
932 4580 1547
933 4636.5 1534.9
934 4598.4 1621.6
935 -3997.7 -7001
936 4621.5 1463.8
937 4788.7 1504.6
938 4773.2 1434.8
939 4815.8 1603.7
940 4937.9 1474.4
941 5085 1447
942 4923.9 1403.1
943 5219.4 1420.1
944 5074.2 1372.8
945 5208 1346.9
946 -3771.7 -7284
947 -523.9 -3382.3
948 -726.5 -3409.2
949 -295.6 -3457.4
950 -560.9 -3370.1
951 -710.3 -3357.1
952 -2554.5 -985.1
953 -2644 -1026
954 -2813.6 -1548.2
955 -2468.8 -1658.8
956 -744.3 -3463.6
957 -4026.5 -7090.7
958 -720.5 -3472.7
959 61.6 -1767.8
960 154.3 -1804.1
961 -24.8 -1611.6
962 29.3 -1861.8
963 79.4 -1529
964 -3.8 -1533.6
965 -138.6 -1437.6
966 232.7 -1563.6
967 87.9 -1404.6
968 -3795 -7348.7
969 378 -1638.2
970 428.9 -1626.9
971 248 -1852.5
972 1734.2 3860.4
973 1745.9 3897.8
974 1723.4 3826.3
975 1823.2 3832.8
976 1812.2 3798.6
977 1892.3 3811.2
978 1881.5 3777.1
979 -3861.3 -7251.3
980 1913.1 3804.8
981 1940.5 3892.1
982 1933.9 3798.3
983 2005.8 3775.9
984 2017.9 3812.9
985 1995.8 3744.1
986 647.8 -5122.1
987 1027 -5233.5
988 985.9 -5326.9
989 739.9 -4990.1
990 -3844.9 -7509.2
991 1130.1 -5264.3
992 1235.1 -5294.9
993 1159.4 -5084.7
994 1455 -5361.6
995 1485.6 -5142.9
996 1415.8 -5450.6
997 1484.6 -5242.4
998 2533.1 2496.8
999 2545.9 2538.4
1000 2712.1 2444.8
1001 1761.6 3947.8
1002 -3480.2 -7336.9
1003 2516.5 2440.5
1004 2886.3 2395.7
1005 2692.1 2386.8
1006 2725.8 2509.2
1007 2867.3 2334.4
1008 2898.9 2434.1
1009 3042.3 2283
1010 -3763.6 -10239.1
1011 -3671.3 -9776.1
1012 -3796 -10324.5
1013 -3841.8 -7530.3
1014 -3738.8 -10142.5
1015 1217.1 -2153.5
1016 1229.7 -2306.8
1017 1196.7 -2074.8
1018 -3162.2 -6764.8
1019 -1034.1 1376.7
1020 -1059.5 1302.8
1021 -851.6 1326.2
1022 -1240.9 1362.8
1023 -1081.5 1226.9
1024 -4246.5 -7534.8
1025 -877.2 1243.5
1026 -1106.7 1150.9
1027 -901.3 1168
1028 -925.3 1083.4
1029 -1684.3 -556.9
1030 -1659.7 -479.7
1031 -1711.5 -633.7
1032 -1872.4 -499.9
1033 -2054.9 -440.6
1034 -1847.4 -421.7
1035 -3837.9 -7626.8
1036 -1896.8 -576.1
1037 -2080.4 -517.8
1038 -2029.4 -364.8
1039 -172.1 259.3
1040 -37.6 325.9
1041 -66.4 223.3
1042 -92.7 122
1043 -117.8 38.2
1044 -137.7 -29.7
1045 -164.2 -91.4
1046 -3459.3 -7433.9
1047 -125.3 466.1
1048 -38 539.1
1049 2.5 422.9
1050 -2782.2 -7913.2
1051 -2757.2 -7751.5
1052 -2905.3 -7928.1
1053 2863.8 -1890.2
1054 2904 -1902.4
1055 2624.2 -1818.8
1056 2541.4 -1945.3
1057 -3813.7 -7966.7
1058 2459.4 -1909.8
1059 2732.2 -2033.8
1060 2720.9 -2121.1
1061 2998.8 -1952.6
1062 3019.1 -1969.5
1063 -704.9 -4620.8
1064 -909.6 -4647.2
1065 -2293.7 3026.2
1066 -2240.2 2917.8
1067 -2059.2 2956.1
1068 -3724.4 -7596.7
1069 -2355.7 3162.1
1070 -2084.9 2873.9
1071 -2213.4 2792.8
1072 -1652.6 2744.2
1073 -2088.7 2766.1
1074 -1627.6 2831.2
1075 -1495.6 2691.4
1076 -1678.4 2656.4
1077 -1512.6 2608.3
1078 -1538.6 2520
1079 -3721 -7779.3
1080 -1705.1 2567.7
1081 -1473 2493.7
1082 -1501 -5296.2
1083 -1459.9 -5398.4
1084 -1634.2 -5236
1085 922.1 3830.9
1086 902.2 3771
1087 939.4 3759.4
1088 920.4 3699.2
1089 896.4 3625.7
1090 -5719.8 -6037.8
1091 847.2 3595.9
1092 871.3 3543.3
1093 846.5 3463.9
1094 833.2 3421.6
1095 798.9 3312.4
1096 744.1 2891.2
1097 716.7 2804
1098 689.1 2716
1099 550 2660
1100 629.8 2539.8
1101 -5761.6 -6023.3
1102 603.3 2457.2
1103 575.1 2365.7
1104 559.2 2315.3
1105 531.5 2226.5
1106 502.5 2132.1
1107 475.3 2045.4
1108 446.2 1948.4
1109 295.1 1839.8
1110 418.6 1859.6
1111 387.3 1762
1112 1774.3 4434
1113 1840.8 4502.8
1114 -5750.3 -6145.2
1115 360.2 1671.1
1116 331.9 1580
1117 311.4 1514.7
1118 299.4 1477
1119 278.8 1410.5
1120 1152.8 4544.1
1121 1198.5 4456.1
1122 1083.9 4325
1123 1214.5 4368.3
1124 1072.8 4289.5
1125 -5660 -5840
1126 1142 4267.9
1127 1132.2 4236.6
1128 1142.4 4140.6
1129 3689.2 -1078.3
1130 3957.8 -1190
1131 3661.1 -1148.8
1132 3708.4 -990.4
1133 3916.8 -1261.2
1134 4017.2 -1117.9
1135 4071.2 -1047.4
1136 3784.8 415.9
1137 3111.4 2192.5
1138 3077.1 1967.1
1139 3115.7 1954.8
1140 2957.8 2005.2
1141 3050.8 1880.3
1142 3106.1 2060.3
1143 97.3 -2952.1
1144 43.9 -2933.3
1145 1470.6 -932.3
1146 1435.7 -922.2
1147 3745.6 308.5
1148 1433.4 -1057.7
1149 1553.8 -898
1150 1529.1 -1096.4
1151 1395.4 -1047.5
1152 -3111.4 -4877.7
1153 -3154.4 -4566.4
1154 -3001.3 -4776.4
1155 -3095.4 -4679.3
1156 -3123.5 -4951.9
1157 -2980.6 -4711
1158 3809.9 490.4
1159 -2928.6 -4617.3
1160 1195.7 3582.5
1161 1300 3550
1162 1088.8 3615.7
1163 1168.4 3495.9
1164 1223.5 3671
1165 1327.8 3638.5
1166 1380.1 3430
1167 1435.2 3605.1
1168 1693.6 3427.5
1169 4122.9 304.2
1170 1577.1 3368.7
1171 1877.9 3370.1
1172 1850.6 3283.6
1173 500.8 1187.9
1174 567.3 1167.4
1175 477.1 1102.3
1176 410.1 1211
1177 542.7 1081.8
1178 382.9 1120.6
1179 -1522.5 5185.1
1180 -2582.8 3544.6
1181 -1485.9 5249
1182 -1557 5125
1183 -1657.2 5292
1184 -1613.8 5346.7
1185 -1700.2 5234.8
1186 -4860.7 -5778.8
1187 -1558.7 -5432.3
1188 -1554.6 -5454.5
1189 -1585.5 -5579.1
1190 946.2 -2405.2
1191 -2106.7 3322
1192 848.3 -2374.8
1193 973.3 -2327.4
1194 893.4 -2593.5
1195 787.6 -2558.9
1196 864.7 -2686.4
1197 763.1 -2650.2
1198 737.8 -2751.6
1199 912.7 -2824.8
1200 710.1 -2839.7
1201 786.9 -2969
1202 -903.9 2976.2
1203 680.3 -2941.1
1204 755.3 -3064.8
1205 654.9 -3030.5
1206 728.9 -3152.1
1207 703 -3244.1
1208 679.1 -3333.7
1209 604.6 -3213.1
1210 287 -3203.7
1211 602.4 -3607.7
1212 568.1 -3718
1213 -2292 1745.5
1214 808 -3789.1
1215 327 -3638.7
1216 525.6 -3862.5
1217 256.5 -3771.5
1218 460 -4076.5
1219 430.5 -4170.3
1220 393 -4282.8
1221 250.1 -4243.3
1222 317.9 -4513.6
1223 309.2 -4547.6
1224 1782.8 4463.2
1225 -2297.1 1771.2
1226 270.3 -4527.7
1227 276.1 -4655.8
1228 244.2 -4754.1
1229 208.7 -4862.8
1230 182.2 -4947.1
1231 173.1 -4975.8
1232 66.4 -4911.5
1233 134.2 -5104.8
1234 105.6 -5215.5
1235 332.7 -5161
1236 -2397.2 1754.5
1237 2579.1 2649
1238 2571.3 2622.8
1239 2613.4 2636.8
1240 2625.4 2695.4
1241 2464.4 2657.4
1242 2438.1 2571.1
1243 2675.9 2524.1
1244 2409.5 2476.8
1245 2497.2 2376.4
1246 2381.7 2387.8
1247 -1941.9 1822.6
1248 2354 2294.3
1249 2290.4 1688.1
1250 2284 1667.3
1251 2460.2 1633.9
1252 2174.6 1703.3
1253 2266.2 1607.8
1254 2437.7 1558.7
1255 2245.7 1539.5
1256 2152.7 1632.1
1257 2236.3 1507.5
1258 490.1 4565.5
1259 2414.6 1483.4
1260 2128 1551
1261 2222.9 1463.4
1262 2403.2 1444.9
1263 2392.8 1410.4
1264 2200.7 1397
1265 2372.8 1345.3
1266 2090.9 1428.7
1267 2184.9 1336.8
1268 2353.7 1282.1
1269 452.8 4451.9
1270 2073.9 1372.7
1271 2164.2 1268.2
1272 2333.1 1217
1273 2052.6 1302.9
1274 2146.1 1207.9
1275 2314.8 1154.2
1276 2034.5 1243.4
1277 2125.8 1140.4
1278 2297.1 1095.6
1279 2012.1 1169.7
1280 633.3 4521
1281 2103.3 1065.4
1282 1992.7 1105.6
1283 2269.9 1006.4
1284 2085.1 1004.8
1285 1972.8 1040.2
1286 2078.9 984.3
1287 2245.2 930.1
1288 2024.9 804.4
1289 2000.5 723.3
1290 1832 770
1291 572.3 4823
1292 1975.4 637
1293 1785.4 697.5
1294 1949 554.8
1295 2105.8 475.5
1296 1923.5 467.2
1297 2089 416
1298 1735.2 529
1299 1899.3 387
1300 2062.8 333.5
1301 1709.1 447.5
1302 628.6 4995
1303 1874.1 302.8
1304 2037.6 247.6
1305 1723.1 353.7
1306 1846.9 222.5
1307 2011 165.1
1308 1657.1 280.5
1309 1812.8 141.7
1310 1984.9 83.5
1311 1631 196.5
1312 1775.4 63.6
1313 564.1 5041.1
1314 1956.1 1.2
1315 1603.5 107.9
1316 1738 -18
1317 1701.5 -99.2
1318 1929.4 -87.8
1319 1580.3 30.7
1320 1553.4 -53.3
1321 1903 -164.2
1322 1660.7 -197.8
1323 1787.1 -231.8
1324 3925.6 1094
1325 1639.3 -269.2
1326 1766.9 -307.9
1327 1630.4 -297.7
1328 1616 -343.9
1329 1490.9 -254.6
1330 1746.1 -381.6
1331 1599.5 -395.6
1332 1590.3 -423.5
1333 1460.6 -353.2
1334 1723.9 -460.6
1335 2203.9 4377.5
1336 4037.5 1111.3
1337 1568 -497.8
1338 1429.3 -453.1
1339 1700.4 -544
1340 1539.8 -587.7
1341 1678.4 -622.3
1342 1514.9 -661.3
1343 1656 -701.8
1344 1499.5 -707.5
1345 1469 -796.5
1346 1640.9 -748.8
1347 3962.7 1013.2
1348 1450.8 -865.1
1349 1117.6 -823.7
1350 1330.8 -1239.6
1351 1513 -1305.6
1352 1307.7 -1309.7
1353 1207.7 -1265.2
1354 1284.4 -1379.9
1355 1184.3 -1334.7
1356 1261 -1450.7
1357 1160.8 -1404.6
1358 4043.7 1134.9
1359 1238.1 -1519.9
1360 1137.2 -1474.3
1361 1215.1 -1589.4
1362 1114.3 -1542.3
1363 1194.9 -1650.6
1364 1188.2 -1670.8
1365 1090.8 -1611.9
1366 1165 -1741
1367 1061.8 -2038
1368 1060.5 -1701.8
1369 4064.6 1206.9
1370 2620.5 2768.9
1371 2717.8 2841.3
1372 2640.8 2731
1373 2517 2957.2
1374 -8262.3 7961.7
1375 -8241.9 8005.4
1376 -8365.6 7171.1
1377 -8343 7969.9
1378 -8102 8315
1379 -7911.8 8611.3
1380 4204.1 1086.9
1381 4837.9 1691.8
1382 4945.8 1660.9
1383 4639.5 1755.9
1384 4614.1 1668.5
1385 4689.1 1017.9
1386 4640.7 777.6
1387 4507.4 770.4
1388 4716.7 752.5
1389 2378 -2484.2
1390 2195.1 -2573
1391 334.4 4455.1
1392 2118.6 -2096.9
1393 2412.9 -2373.4
1394 3072.6 -2659
1395 3167.3 -2694.3
1396 -3542.9 4407.7
1397 -3693.4 4320.7
1398 -3035.3 4699.9
1399 -2004.3 3130.8
1400 -2255.9 3107.3
1401 -2032.7 3042.7
1402 435 4378.3
1403 -1979.1 3211.2
1404 -3256.6 -6006.6
1405 -3220.4 -5914.4
1406 -2995.2 -6106.5
1407 -3462.8 -5926.9
1408 -3186.6 -5827.2
1409 -2905.2 -6032.3
1410 -3623.8 -5758.1
1411 -3157 -5737.2
1412 -3595.2 -5668.2
1413 -2225.7 -1514
1414 -2872.7 -5937.8
1415 -2837.8 -5853.3
1416 -3435.7 -5564.5
1417 -3120.5 -5641.2
1418 -3084.8 -5552.9
1419 -3322.1 -5510.4
1420 -2850.2 -5715.5
1421 -2973.2 -5597.3
1422 1994.2 4365.7
1423 1904.1 4393.7
1424 -2402 -1456.1
1425 1969.6 4288.9
1426 2081.3 4338.6
1427 1958.9 4255.6
1428 1900 4311.4
1429 2022 4235.2
1430 1889.5 4277.9
1431 1948 4221.6
1432 2011.4 4202.2
1433 1924.6 4147.9
1434 2009.9 4121.2
1435 -2055.3 -1669.7
1436 1900.3 4071.5
1437 1879.5 4005.8
1438 1957.1 3982.6
1439 1852.3 3920.1
1440 1835.7 3870.2
1441 1774 3679.3
1442 1744.2 3585.5
1443 1863.7 3651.5
1444 1666 3341.3
1445 1655.3 3308
1446 1714.6 4452.5
1447 -2227.7 -1616.3
1448 1597.2 3362.4
1449 1643.8 3272.1
1450 1620.3 3198.7
1451 1827.9 3211.7
1452 1613.9 3178.7
1453 1598.1 3129.2
1454 1480.5 2761.9
1455 1663.3 2706.1
1456 1452.7 2674.3
1457 1634.9 2616
1458 -2292 -1731.6
1459 1424.5 2584.4
1460 1396.6 2496.3
1461 1606.9 2527.3
1462 1314.4 2236.2
1463 1522.6 2260.2
1464 1497.1 2178.7
1465 1245.9 2006.7
1466 1345.8 1975.2
1467 1223.3 1931.3
1468 1197.8 1847.4
1469 4218.1 -1853
1470 1094.7 1763.9
1471 1186.2 1784.3
1472 1164.9 1739.7
1473 1144.7 1675.5
1474 1344.6 1678.6
1475 1133.8 1749.1
1476 1325.2 1615.5
1477 1051.4 1704.2
1478 1125 1609.9
1479 1103.7 1540.4
1480 -2710.4 -6688.8
1481 1305 1549.9
1482 1083 1471.5
1483 1284.2 1482.4
1484 1041 1335.2
1485 1221.5 1278.8
1486 1018.2 1265.1
1487 -167.6 2453.4
1488 -186.4 2436.9
1489 -129.4 2483.3
1490 -226 2523.5
1491 -2719.9 -6669.9
1492 -277.8 2481.7
1493 609.1 3491.3
1494 827.2 3827.2
1495 590.1 3430.8
1496 904 3399.5
1497 959.8 3385.9
1498 869.6 3290.4
1499 932.5 3490.4
1500 925.8 3272.9
1501 1011.8 3370.7
1502 -2682.5 -6669.6
1503 976.1 3257.2
1504 1117.1 3338.1
1505 -802.1 3724.5
1506 -919 3763.5
1507 -814.4 3681.1
1508 -898.8 3816
1509 -931.1 3719.2
1510 -2346.9 -4819.9
1511 -2415.6 -4799.5
1512 2142.1 3822.3
1513 -6424.3 -4353.2
1514 2205.7 3803.8
1515 143.6 2399.8
1516 152.3 2428.4
1517 64.3 2421.9
1518 137.1 2376.6
1519 -38.9 2452.1
1520 -58.7 2396.6
1521 -7.7 2570.3
1522 180 3574.2
1523 183.3 3609.4
1524 -6671.2 -4500.3
1525 -631.2 4646.1
1526 -658.2 4512.7
1527 -489.8 4617.7
1528 3441.7 -3030.9
1529 3591.5 -2485.9
1530 3603.5 -3151.9
1531 3950.2 -1277.3
1532 -2556.3 5612.7
1533 -2732.8 5354.5
1534 -2452.5 5707.3
1535 -6117.6 -4364
1536 3322.4 691.6
1537 3195.9 661.9
1538 3493.2 720.5
1539 4693.4 585
1540 4741.7 745.2
1541 4463.3 657.1
1542 4659.7 508.3
1543 4640.8 428
1544 4440.8 563.6
1545 4422.3 483.1
1546 -3066.4 -12664.3
1547 4618.9 342.4
1548 4397.7 399.5
1549 4560.6 105.6
1550 4340.3 159.3
1551 4792.8 732.1
1552 -130 2417.7
1553 -67.7 2369.7
1554 -143.6 2375.2
1555 -227.2 2404
1556 -1171.3 -5380.1
1557 1610.4 3784.2
1558 -2779.4 -12388.8
1559 -1099.1 -5402.5
1560 -1157.2 -5353.6
1561 -1230.7 -5434.6
1562 2770.9 330.3
1563 2748.9 259.9
1564 -4462 -6659
1565 4976.1 2698.6
1566 4952.6 2628
1567 4998.6 2772.9
1568 274.1 3896.9
1569 1600.9 4488.1
1570 250.9 3823.6
1571 -1486 5588.2
1572 -1745.9 5786.3
1573 -1840.2 5951.7
1574 -1896.3 5904
1575 -1194.9 4919.9
1576 -1158.9 4982.9
1577 -1230.3 4861.6
1578 1053 -2869.5
1579 3647 -2324.2
1580 1665.6 4467.9
1581 3675.4 -2511.7
1582 -4553.9 -6964.7
1583 -3156.9 -5291.8
1584 -3176.4 -5335.1
1585 -3327.3 -5219.9
1586 -3001.6 -5357.7
1587 -3196.8 -5380.1
1588 4044.7 -1315.3
1589 56.2 -742.9
1590 -434.5 -477.8
1591 1671.5 4487.7
1592 -322.8 -130.5
1593 -3117.3 196.6
1594 -3093.8 285
1595 -4141.7 -10738.1
1596 -4142 -10845.3
1597 -3975.5 -10768.6
1598 -4495 -10758.6
1599 -4322.3 -10934.5
1600 -4374.8 -11009.3
1601 -1190.8 -4877.5
1602 -2315.1 -1188.1
1603 -1214.2 -4950.4
1604 -1167.1 -4803.8
1605 2958.4 -3982.4
1606 3124.1 -3963.1
1607 343.8 991.2
1608 168 1052.9
1609 362 1050.8
1610 148.8 989.5
1611 186.9 1114.4
1612 -369.4 -4778.5
1613 -2332.4 -1241.9
1614 -353.2 -4702.6
1615 -283.8 -4804.6
1616 -450.2 -4753.8
1617 -128.6 -4771.9
1618 -161.6 -4844.4
1619 -33.2 -4881.1
1620 -3078 -7349.3
1621 398.6 -4923.1
1622 317.1 -4896.5
1623 -191.2 -5007.3
1624 -2352.6 -1304.1
1625 1070.6 3791.3
1626 1036 3802.1
1627 1048.9 3726.2
1628 1116.7 3704.2
1629 997.7 3814.1
1630 960.2 3825.7
1631 984.7 3773
1632 976.8 3747.8
1633 947.3 3784.6
1634 1010.9 3737.2
1635 2531.9 3501.1
1636 364.4 499.7
1637 445.3 473.9
1638 337.8 416.3
1639 192 554.5
1640 418.2 391.1
1641 165.9 469.6
1642 1227.5 4280.8
1643 1190.6 4292.2
1644 1216.5 4245.8
1645 1285.7 4224.2
1646 -5444.2 2684.8
1647 1206.4 4213.7
1648 1275.5 4192.3
1649 919.7 3573.4
1650 909.7 3538.7
1651 884.3 3584.4
1652 897.6 3501.3
1653 1220.9 4522.9
1654 1238.3 4443.8
1655 1522.3 4597.5
1656 1260.4 4510.6
1657 -4984.4 2552.6
1658 1153.3 4303.7
1659 1169.1 4225.2
1660 1277 4431.8
1661 1321.3 4335.1
1662 1298.1 4498.9
1663 1287.2 4463.2
1664 1355.7 4442.3
1665 1345.5 4410.6
1666 983.1 3648.6
1667 911.6 3670.9
1668 1701 3755
1669 -5259.3 2978
1670 955.9 3562.1
1671 -23.4 580
1672 29.3 607.7
1673 1248.3 4107.6
1674 4102.9 -1010.1
1675 4165.4 -862.6
1676 4110.5 -1061.3
1677 4005.4 -970.4
1678 4149.2 -1078.4
1679 995.1 3549.9
1680 -2730.7 -4877.5
1681 983.5 3513.5
1682 1050.2 3492.7
1683 971 3478.4
1684 1039 3457.2
1685 800.3 2873.7
1686 772.9 2786.5
1687 792.9 2683.7
1688 657.6 2627.2
1689 736.5 2508.8
1690 709.4 2425
1691 -2626.2 -4940.8
1692 662.7 2284
1693 516.5 2178.7
1694 634.7 2196.1
1695 618.7 2144.2
1696 556.3 2115.4
1697 526.4 2030
1698 545.9 1917.1
1699 470.3 1851.8
1700 402.4 1808
1701 437.5 1747.5
1702 -2705.6 -4941.8
1703 406.1 1656.6
1704 428.9 1551.2
1705 408.6 1484.8
1706 396.8 1447.4
1707 375 1380.4
1708 206.1 1176.4
1709 325 933.7
1710 283.3 796.2
1711 249.6 712.4
1712 55.6 691
1713 3833.8 565.4
1714 220 634.7
1715 3257.5 -983.5
1716 946.1 4534.5
1717 1404.9 4427.3
1718 1394.7 4395.4
1719 -4062 -9861.1
1720 -4093.5 -10029.8
1721 -4142.6 -9857.7
1722 -3982 -9865.5
1723 -3724.4 -10066.6
1724 4106.7 391.2
1725 3125.2 -3094.4
1726 3090.8 -3206.2
1727 3216.2 -3099.5
1728 3026.8 -3395.4
1729 -2401.6 1089
1730 -2439.9 958.4
1731 -4528 -10914
1732 -4615.4 -10860.9
1733 -4609.3 -11102.8
1734 -4803.1 -10829.1
1735 -4731.9 -6186
1736 -4968.6 -10739
1737 -4934.5 -10825.1
1738 -4861.1 -10918.1
1739 -5069.5 -10763.1
1740 -4896.9 -10618
1741 -4793.8 -10623.8
1742 -5032.7 -10554.4
1743 -4550.3 -10685.5
1744 -1024.8 4992.1
1745 -173.8 -3053.6
1746 -4702.1 -6197.5
1747 -285.8 -3431.2
1748 -396 -2981.6
1749 -101.1 -3076.7
1750 -218.6 -3478.7
1751 4011.5 2118.2
1752 4140.3 2064.1
1753 -7634.2 -7302
1754 -4447.9 -8454.8
1755 3261.5 -302.7
1756 3203.9 -490.3
1757 -4719.5 -6216.4
1758 3421.6 -357.3
1759 3174.1 -272.6
1760 3296.6 -600.2
1761 3127.9 -425.5
1762 -4700.2 -10330.2
1763 -4541.4 -10337.9
1764 -4779.1 -10332.4
1765 2206.1 -2713.6
1766 2351.4 -2759.4
1767 2474.2 -3045.8
1768 -5040.8 -5981.6
1769 2473.8 -2797.2
1770 2479 -2963
1771 1022 -2343.6
1772 1068.5 -2357.8
1773 999 -2428.6
1774 1201.5 -2400.1
1775 1174.3 -2484.9
1776 1367.4 -2453.7
1777 1458.1 -2481.4
1778 1374 -2311.6
1779 1503.5 3817.4
1780 -882 -1491.6
1781 1480.2 -2487.7
1782 -4030.8 -8879.1
1783 -1803.5 -8185.7
1784 -1784.9 -8099.4
1785 855.7 4248.3
1786 886 4343.1
1787 745 4295.1
1788 2584.4 315
1789 2704.4 115.3
1790 -1060.2 -591.1
1791 -843.4 -1377.1
1792 -1139.3 -828.6
1793 -1140.6 -564.3
1794 -995.2 -611.8
1795 -1075.4 -846.8
1796 -1217.7 -805.9
1797 -1047.7 -754
1798 -781.4 1310.8
1799 -798.6 1254.9
1800 -716 1288.6
1801 -818 1198.7
1802 -630 -1562.7
1803 -867.8 1278.5
1804 -732.4 1232.4
1805 -751.7 1175
1806 -883 1221.7
1807 -919 3100.8
1808 -1029.4 3135.5
1809 -935.9 3071.1
1810 -874.5 3172.8
1811 -1005.3 3205.3
1812 3944.7 -770
1813 -1233.7 -1390
1814 3881.1 -919.8
1815 4067.4 -820.6
1816 -907.6 5261.5
1817 -1130.5 5036.8
1818 -404.8 5334.9
1819 -536.7 5377.1
1820 -633.6 -7.3
1821 -616.8 48.8
1822 -657.1 -75.5
1823 375.8 -2007.2
1824 703.8 1033.8
1825 445 -1833.6
1826 461.2 -1522.6
1827 582.7 -1673
1828 820.7 -1745
1829 840.4 -1978.6
1830 857.2 -1634.2
1831 947.1 -2008
1832 122.3 2699.4
1833 45.1 2725.4
1834 49.6 2629.5
1835 830.6 991.8
1836 226.5 2665.4
1837 201.5 2582.2
1838 -277.3 2364.1
1839 -321.5 2448.4
1840 -226.9 2349.3
1841 -322.6 2327.8
1842 -336.1 2196.6
1843 -385.9 2278.5
1844 -471.6 2389.6
1845 -448.8 2226.8
1846 679.6 956.8
1847 -531.1 2342.6
1848 -503.5 2183
1849 -548.8 2145.3
1850 -591.6 2295.6
1851 -313 2077.7
1852 -643.9 2254.7
1853 -608 2097.2
1854 -623.7 2077.9
1855 -700.6 2214.4
1856 -734.9 2012.8
1857 623.9 1056
1858 -781 2003
1859 -648.7 1984
1860 -803.9 1932.4
1861 -941.9 1977.8
1862 -990 1970.2
1863 -1064.3 1960.2
1864 -1258.5 1928.1
1865 -823.2 1868.1
1866 -1301.3 1921.5
1867 -1353.8 1912.7
1868 1914.9 -999
1869 -849 1783.3
1870 -1681.2 1863.7
1871 -1812.2 1843.6
1872 -1811.2 1763.6
1873 -1909.8 1828.1
1874 -1908.9 1762.9
1875 -2006 1844.1
1876 -2493.1 1737.9
1877 -2721.8 1686.6
1878 -2777.9 1670.7
1879 1976.3 -915.7
1880 -2695.1 1801.5
1881 -2870.3 1645.2
1882 -2974.5 1607.9
1883 -5520.3 920.9
1884 -5477.8 932.8
1885 -5563.6 1058.9
1886 -3569.7 -5577.6
1887 -2108.7 2014.5
1888 -2175.7 1976.4
1889 -2179.9 2127.6
1890 1596.5 3734.1
1891 2078.4 -1790.8
1892 -2117.9 2168.7
1893 -2913.6 -8651.1
1894 -3301.4 -8416.4
1895 -3260.9 -8307.7
1896 861.7 3512.4
1897 1117.5 3471.8
1898 1106.3 3436.3
1899 -2818.5 2425.6
1900 -2918.4 2455.7
1901 -2746.9 2408.2
1902 1735.3 -947.5
1903 -2843.1 2347.6
1904 -2907.2 2493.8
1905 -2942.6 2378
1906 -1409.3 -1903.3
1907 -1416.5 -1873.1
1908 -1447.3 -1879.6
1909 -1559.6 -1803
1910 -1441.8 -1909.9
1911 -1572.6 -1819.2
1912 -1498 -1711
1913 2037.2 -907.8
1914 -618.7 -4741.4
1915 -459.2 -4786.2
1916 -657.8 -4878.5
1917 -420.7 -4642.3
1918 -473.6 -4838.3
1919 -2725 -6898.2
1920 -2736.2 -6933.6
1921 -2962.1 -6811
1922 -2585.2 -6989.6
1923 -2739 -6981.9
1924 1911.8 -1325.7
1925 -2540.5 -7058.1
1926 -2508.4 -7018.1
1927 -249.6 937.1
1928 -326.2 891.6
1929 2557.4 -976.4
1930 2530.3 -1121.2
1931 2814.7 -1059
1932 2490.3 -1254.5
1933 2672.4 -1339.8
1934 2623.1 -728.5
1935 2093.8 -570.9
1936 2598.4 -811.4
1937 2494.5 -690.4
1938 2646.7 -647.4
1939 2889.3 -808.4
1940 2587.2 -852
1941 2866.5 -891.6
1942 2471.3 -772.4
1943 2576.4 -891.3
1944 2565.2 -928.6
1945 2841.9 -970.8
1946 -932.3 4953.5
1947 2444.7 -851.3
1948 2468.6 -939
1949 4488.7 758.5
1950 4472.9 852.7
1951 4493.3 923.3
1952 4399.8 873.4
1953 4515.5 994.4
1954 4352.8 965.6
1955 4380.2 1037.4
1956 38.5 78.6
1957 -855.4 4921
1958 10.4 -13.3
1959 69.3 173
1960 -532 316.1
1961 -637.6 346.6
1962 -499.6 396.1
1963 -557.4 235.7
1964 -664 268.3
1965 -610.2 433.6
1966 -1402.9 -4886.8
1967 -1424.8 -4961.5
1968 -956.5 4963.2
1969 -1236.3 -5019
1970 2668.4 -2204.4
1971 2694.8 -2212
1972 2638.7 -2300.4
1973 2519.5 -2160
1974 2453.7 -2243.6
1975 2615.9 -2372.9
1976 -1604.7 -2540.1
1977 -1750.2 -2087
1978 -1989.2 -2412.8
1979 -912.7 5016.6
1980 -5297.2 -7997.3
1981 2844.5 -1778.7
1982 493.4 -2104
1983 517.9 -1915.5
1984 454 -2243.3
1985 440.4 -2290.3
1986 652.2 -2309.6
1987 379.7 -2220.9
1988 427.3 -2335.6
1989 624 -2400.3
1990 -715 4953.1
1991 401.4 -2425.4
1992 349.6 -2309.3
1993 378.6 -2523.6
1994 600.3 -2492.6
1995 533.8 -2674.1
1996 569.3 -2588.8
1997 2127.6 2760.2
1998 2234.7 2728.5
1999 2120.4 2736.1
2000 2260.4 2812.4
2001 1685.7 3706.5
2002 -686.1 5028.7
2003 2121.8 2667.1
2004 2206 2638.7
2005 1975.9 2709.6
2006 -2234.6 -7533
2007 -2123.4 -7823.4
2008 3189 1735.2
2009 3212 1729.5
2010 3173.5 1676
2011 3013 1696.8
2012 3102.7 1416.9
2013 -728.6 4889.8
2014 2942.4 1469.4
2015 3078 1341.2
2016 3057.6 1263.9
2017 3040.3 1206.7
2018 2896.5 1315.3
2019 3021.5 1144.1
2020 2877.6 1254.9
2021 2858.7 1194.6
2022 2989.2 1033.2
2023 2826.4 1085.6
2024 -771.2 4971.1
2025 3091.1 1001.3
2026 2965.3 952
2027 2664.3 1044.9
2028 2943.1 874.3
2029 2641.8 969.1
2030 2935 850.1
2031 2919 796
2032 3033 820.6
2033 2896.6 718
2034 2619.4 893.1
2035 -832.3 4990.7
2036 2595.2 816.2
2037 2878 659.5
2038 2542.8 170.7
2039 2685.8 56
2040 2842.7 5.9
2041 2676.4 32.1
2042 2518.4 85.4
2043 2651.2 -48
2044 2492.5 2.8
2045 2805.6 -92.4
2046 -816.2 5070
2047 2623.8 -134.9
2048 2467.3 -80.7
2049 3039.1 -384.5
2050 395.1 -1092.2
2051 577.1 -1146.9
2052 428 -983.9
2053 202.6 -1033.8
2054 507.3 -410.1
2055 444 -615
2056 543.4 -439
2057 -789.6 5157.8
2058 412.1 -358.1
2059 487.6 -628.5
2060 342.2 -583.5
2061 -952.8 -4787.3
2062 -922.8 -5202.1
2063 -643.5 -5255.9
2064 -934.1 -5244.1
2065 -688.4 -5320.8
2066 -960.3 -5314.1
2067 -1078.2 -5558.4
2068 -746 5047.7
2069 -1220.7 -5272.3
2070 -842.7 -5349.6
2071 -1103.3 -5644.1
2072 -1129.6 -5734.9
2073 -1200.4 -5731.2
2074 -1005.5 -5775.2
2075 -3600.9 -5358.1
2076 -3514 -5388.5
2077 -3765.2 -5348.9
2078 -3774.6 -5194
2079 -651.4 5115.6
2080 117.7 2315.4
2081 242.2 2342.6
2082 729 2165.5
2083 711.7 2115.9
2084 847.7 2129.2
2085 -2917.5 -5393.4
2086 -2722.4 -5472.3
2087 103.6 277.7
2088 42.8 299
2089 139.4 378.8
2090 -858.6 5168.3
2091 361 203.2
2092 565.7 137.6
2093 392 302.7
2094 753.3 80.1
2095 596.6 237.2
2096 535.7 40.7
2097 941.2 23.3
2098 723.9 -17.5
2099 783.3 179
2100 1124.9 -33.9
2101 -630.1 5174.3
2102 911.7 -74.8
2103 972 122
2104 1336.8 -100.1
2105 1233.4 39.7
2106 1094.5 -132.1
2107 1520.1 -155
2108 1306.2 -198
2109 1369.4 1.1
2110 1917.5 -271.2
2111 2046.9 -311.7
2112 1565.7 3637.2
2113 -905.7 5038.9
2114 1896.2 -346.3
2115 2024.3 -385.7
2116 2073.5 -224.6
2117 2174.5 -349.3
2118 2156.1 -424
2119 2688.2 -501.8
2120 2960.3 -581.3
2121 2665.7 -575
2122 3099.8 -622.5
2123 2982.7 -493.9
2124 -1060.3 5088.1
2125 2936.2 -654.8
2126 3079.5 -697.5
2127 3331.7 -692.5
2128 3310.3 -766.6
2129 -435.3 5091.6
2130 -574.3 180.8
2131 -582.8 156.5
2132 -690.5 191.2
2133 4155.1 -594.2
2134 4190.8 -514
2135 -876.3 5082.2
2136 1009 -5329
2137 3033.6 -851.9
2138 3301.8 -802.7
2139 3056.9 -772.6
2140 -3009.7 5441.3
2141 -3177 5493.1
2142 -3067.5 5266.3
2143 -3107 5129.6
2144 -3038.7 5108.8
2145 -660.1 -5113.6
2146 -1090.8 5019.7
2147 -3351.9 -5274
2148 -1600.3 5508.7
2149 -1661.8 5452.6
2150 -1518.6 5482.1
2151 -1760 5367.8
2152 -1797.4 5496.9
2153 -1762.8 5288.2
2154 -1823.2 5418.5
2155 -1810.1 5323.1
2156 -1844 5346.5
2157 -1037.9 5140.6
2158 -495.1 -4923.5
2159 -508.9 -5723.3
2160 -87.9 2305.3
2161 -158.5 2328.8
2162 -184.5 2247.7
2163 -251.1 2268.5
2164 698.4 2072.5
2165 818.4 2035
2166 667.7 1983
2167 604.7 2101.1
2168 -1023.5 5177.4
2169 576.9 2013.7
2170 205.9 2223.4
2171 98.7 2250.9
2172 178 2135.7
2173 73.4 2169.4
2174 -112.3 2225.2
2175 1874.6 -421.4
2176 2002.5 -459.6
2177 2538.8 -536.6
2178 2527.2 -577.3
2179 -2979.1 1552.5
2180 2655.3 -614.8
2181 2925.2 -692.6
2182 3068 -735.5
2183 1276.2 -296.5
2184 1064.6 -228.9
2185 880.9 -174.3
2186 694.3 -115.4
2187 329.7 104.9
2188 505.3 -57.5
2189 -2156.4 -1995.7
2190 -2994.2 1573.8
2191 1159.7 -5038.9
2192 1551.2 -5144
2193 148.8 3071.5
2194 402.3 2860.1
2195 2521.2 -1818.1
2196 2409.5 -2126.9
2197 -286.8 2176.4
2198 -213.6 2151.7
2199 -323.4 2048.4
2200 -255.1 2027.6
2201 -2896.3 1432.4
2202 -342.6 1988.6
2203 -373.5 1899.4
2204 -489.7 2028.1
2205 -274.4 1967.4
2206 -395.5 1906.3
2207 -303.2 1877.6
2208 -403.9 1809.2
2209 -415.7 1774.8
2210 -542 1852.2
2211 -332.3 1786.8
2212 -3078.1 1577
2213 -426.1 1744.4
2214 -563.6 1787.3
2215 -353.2 1721.7
2216 -450.4 1662.4
2217 -309.8 1620.7
2218 -475.3 1577.6
2219 -615.6 1620.8
2220 -336.5 1537.8
2221 -501 1496.5
2222 -641.7 1537.9
2223 1719.8 4367.5
2224 1491.4 3660.3
2225 -3015.2 1604.9
2226 -525.4 1410.1
2227 -364.4 1452
2228 -667 1454.2
2229 -552 1327.8
2230 -390.2 1367.2
2231 -574.5 1242.1
2232 -418.7 1280
2233 -593.5 1184.6
2234 -642.7 1264
2235 -502.1 1220.4
2236 -1802.8 -1260.9
2237 -612.7 1125.9
2238 -661.6 1208
2239 -523 1160.5
2240 -629.6 1078.4
2241 -542.8 1101.1
2242 -679.4 1148.4
2243 -769.4 1122.2
2244 -654.9 994.4
2245 -795.8 1037.9
2246 -517 951.6
2247 -1798.5 -1238.3
2248 -682.1 912.1
2249 -821.1 953.2
2250 -542.8 869.5
2251 -694.6 870.6
2252 -832.8 913.6
2253 -707.7 834.1
2254 -845 872.4
2255 -1007.3 802.4
2256 -3657.4 -5855.5
2257 1044.2 -5100.9
2258 -1510.9 -1321.4
2259 -3003.7 5098.9
2260 -2581.1 4972.9
2261 -5606.7 -7709.7
2262 -2870.3 -7302.5
2263 -115.4 1558.7
2264 -142.1 1476.5
2265 -589 1702.9
2266 -721.3 1744
2267 -746 1662.2
2268 694.3 4182
2269 -1902.9 -1716.8
2270 728.1 4281.6
2271 538.7 4230.1
2272 815.7 4144.9
2273 573.6 4338.6
2274 394.1 4274.1
2275 332.5 4291.4
2276 350.2 4148.5
2277 417.8 4344.4
2278 -1538.2 -689
2279 -1487.8 -535.9
2280 -1323.9 -1360.2
2281 -1438.1 -740.1
2282 -1366.4 -759.2
2283 -1360.5 -496
2284 -1342.6 -768.7
2285 -1292.4 -517.4
2286 -1298.9 -780.8
2287 -1226.7 -536.9
2288 -943.4 -658
2289 -4504 -9075
2290 4622.6 2415.8
2291 -1304 -1364.2
2292 4455.3 2121.6
2293 4403.7 1918.2
2294 310.6 -5229.6
2295 252.7 -5337.3
2296 2694.4 4120.7
2297 2673.6 4058.8
2298 2763.3 4098.1
2299 2623.5 4145.6
2300 4585.1 2149.8
2301 4769.2 2092.9
2302 -1317.3 -1338.8
2303 4560.7 2063.4
2304 4612 2237.4
2305 620.7 1999
2306 637.2 1888.1
2307 497.5 1939.1
2308 44 2072.8
2309 -142.6 2129.6
2310 -2965.8 -7324.4
2311 -2995.6 -7532.4
2312 -4348.3 -7515.5
2313 -7987.6 8199.6
2314 -4324.4 -7420.4
2315 -4843.9 -7386.5
2316 -4351.1 -7858
2317 -5205.3 -7609.8
2318 -8465.9 3980.3
2319 -8505.7 3913
2320 -8386.4 4199.9
2321 -3186.9 -9042.5
2322 -3133.3 -9018.4
2323 -3224.2 -9058.2
2324 -7900.6 8110.2
2325 -3483.4 -8924.3
2326 -3081.4 -8995.1
2327 -3452.3 -8847.4
2328 -3419 -8765.1
2329 297.6 6.6
2330 474 -155.7
2331 664.2 -214.9
2332 848.9 -272
2333 1033.4 -330
2334 1247.4 -397
2335 1555.6 3605.7
2336 -8066 8277.8
2337 1852 -498.8
2338 2517 -613.1
2339 2913.9 -731.1
2340 -401.5 5385
2341 -521 5421.6
2342 -732.1 5690.1
2343 -1168.9 5677.6
2344 -2715.5 -6151.8
2345 -2804.3 -6116.8
2346 -2597.2 -6091.7
2347 -866.3 -3767.2
2348 -2438 -6259.5
2349 -7817.2 8019.7
2350 1986.2 3972.9
2351 2033.9 3861.7
2352 1871 3743.5
2353 1890.7 3737.3
2354 2032.7 4269.5
2355 2035.6 4194.3
2356 2057.2 4261.9
2357 2102.9 4338.7
2358 -883.5 -3755.9
2359 2059.2 4187
2360 1977.3 4049
2361 2108.3 4090.6
2362 1878.8 3699.6
2363 1912.6 3730.5
2364 1789.3 3727.5
2365 1972.6 3670.5
2366 1957.3 3621.8
2367 1923.9 3766.4
2368 1984.5 3708.2
2369 -489.5 -4131.1
2370 2080.4 4254.5
2371 2069.9 4221.1
2372 2142.4 4198.1
2373 2127.3 4165.2
2374 1958.5 4018.7
2375 1890.5 4040.5
2376 2006.7 4040.2
2377 1996.5 4006.9
2378 2073.4 3983.7
2379 2056.5 3951.4
2380 -775.8 -3568.5
2381 2704.9 2987.6
2382 2762 2783.5
2383 -2284.5 913.9
2384 -2168.7 1024.1
2385 -2206.2 890
2386 -2015.1 978.4
2387 -2053.9 845.7
2388 3979.3 -309.2
2389 3996.8 -321.5
2390 3933.1 -454.4
2391 -1195.5 -979.5
2392 4229.1 -443
2393 760.3 3951.8
2394 -205.1 4260.4
2395 -242.7 4271.6
2396 -281.5 4282.4
2397 -337.8 4299.8
2398 -475.2 4342.4
2399 -442.2 3906.7
2400 -515.2 4355.4
2401 -806.2 4442.9
2402 -898.4 -1075.5
2403 -499.2 4413.5
2404 3701 1369.2
2405 3793.3 1093
2406 3617.2 1331.8
2407 2254.2 -2078.3
2408 2247.9 -2133.8
2409 2267.7 -2215.9
2410 2280.2 -2258.5
2411 2432.7 -2306.9
2412 136.3 -520.4
2413 -1235.4 -1094.8
2414 -93 -326.5
2415 943.7 2444.1
2416 335.1 2632.3
2417 -4645.8 -7092.3
2418 -4601.3 -7028.5
2419 -1117.3 5295.3
2420 -1221.8 5107.8
2421 -1145.7 5349.9
2422 -1321.3 4931
2423 -1281.8 5156.9
2424 -8316.7 8884.7
2425 -1377.8 4983.4
2426 -1298.4 4918.5
2427 -1477.7 4969.6
2428 -2391.1 -5966
2429 -5359.5 -5448.7
2430 -5379.5 -5493.8
2431 -5554.9 -5479.1
2432 -5397.7 -5556.4
2433 -2883.7 1834.4
2434 873.9 2215.4
2435 -8134 8940.4
2436 1279.6 1912.9
2437 1382.2 1965.3
2438 1430.3 1950.3
2439 1317.7 1900.6
2440 1453.7 2024.5
2441 1441.9 1987.1
2442 1535.4 1917.6
2443 1509.2 1838.7
2444 1605.9 1892.4
2445 1709.2 1856.4
2446 1481.5 3628.7
2447 -8318.8 8789.5
2448 1579.8 1815.8
2449 1817.1 1821.5
2450 1685.8 1781.6
2451 1889.1 1796.6
2452 1916.9 1787.3
2453 2062.3 1739.7
2454 1894 1713
2455 2038.5 1663.3
2456 2635.5 1580.8
2457 2807.4 1519
2458 -2460.5 -1057.4
2459 2613.8 1502.1
2460 2786.4 1441.7
2461 2919.7 1391.2
2462 3188.2 1304
2463 -869.6 -2684.9
2464 -853 -2618
2465 -799.8 -2706.3
2466 -1048.6 -2561.3
2467 -832.5 -2199.8
2468 761.6 1851.5
2469 -2635.5 -999.4
2470 607.2 1808.7
2471 590 1904
2472 520.2 1837.1
2473 153.6 2038.3
2474 12.5 1977.1
2475 -158.8 2081.9
2476 -317.5 2175.5
2477 833.2 -1361.4
2478 935.3 -1399.3
2479 589.5 -1106.9
2480 -2497.7 -1177.6
2481 752.5 -1588.2
2482 1037.9 -1437.4
2483 912.5 -1467.5
2484 958.6 -1329.9
2485 1015 -1505.5
2486 1061.2 -1367.8
2487 -1937.1 955.1
2488 -2362.9 935.4
2489 -2322.6 1065.3
2490 -3304.7 1212.1
2491 -2286.8 -1112.1
2492 -3542.9 348.1
2493 -227.3 1201.7
2494 -241.4 1152.4
2495 -217 1233.7
2496 -448.3 1211.3
2497 2340.4 -731.9
2498 2456.9 -815.1
2499 3008.9 -933.1
2500 2854.9 -928.9
2501 2982.9 -1013.2
2502 -2552.5 -1163.8
2503 3189.8 -986
2504 1827.7 -581.3
2505 1953.2 -617.8
2506 1804.9 -659
2507 1930.1 -698.4
2508 1851.1 -2251.7
2509 3465.5 -1967.9
2510 3406.2 -2109.1
2511 3548.4 -2002.4
2512 -1263 4888.2
2513 -1569.6 1252.5
2514 -1187.6 4823.2
2515 -1579.7 613.1
2516 4670.4 1838.2
2517 4974.5 1745.5
2518 -1358.9 2372.5
2519 -1489.3 2411.9
2520 -1729.6 2480.4
2521 -1403.9 2387.4
2522 583.6 -471
2523 531.7 -642.2
2524 1866 -2204.7
2525 627.1 -509.2
2526 574.3 -655.4
2527 497.4 -755.1
2528 680.6 -811.8
2529 460.3 -868.3
2530 307.2 -696.3
2531 647.9 -925.5
2532 272.7 -807.5
2533 610.3 -1039.5
2534 236.7 -923.2
2535 1995.8 -2321.3
2536 1027.2 979.9
2537 1018 933.3
2538 1063.3 983.1
2539 1098.4 909.5
2540 994.7 855.4
2541 1183.7 808.7
2542 968.6 767.1
2543 1152.7 710.8
2544 941.1 683.1
2545 779.1 825.8
2546 2139.9 -2424.4
2547 926.3 639.4
2548 1126.3 625.1
2549 753.3 742.5
2550 876.4 613.9
2551 899.8 564.3
2552 886 518.7
2553 952.5 589.2
2554 1076.2 459.6
2555 701.5 575.6
2556 860.8 435.4
2557 1628.2 3583.1
2558 2223.5 -2438.1
2559 1050.4 376.6
2560 675.7 492.3
2561 835.9 353
2562 1024.9 294.4
2563 650.9 412.2
2564 810.4 268.7
2565 999.3 210.1
2566 624.7 327.9
2567 634.7 -312.5
2568 444.5 -253.5
2569 2028.4 -2453.9
2570 817.2 -369.2
2571 1082.6 1008.7
2572 1230 961.1
2573 1037.3 1054.6
2574 1005.9 1032.7
2575 857.4 1078.3
2576 -2761.6 2437.5
2577 -2724 2361.7
2578 -2710 2415.6
2579 -2740.7 2314.6
2580 2175.1 -2567.8
2581 -655.5 -1647.3
2582 -8540 3273.9
2583 698.4 3766.5
2584 18.5 3343.8
2585 -1798 -278.9
2586 -1660 -317.8
2587 -1824 -349.4
2588 -1681.9 -392.8
2589 -428.5 436.6
2590 564.6 1824.3
2591 -4699.8 3471.7
2592 598.9 1781.2
2593 486.8 1732.1
2594 -184.9 2005
2595 -203.7 1945.4
2596 -174.7 2035.5
2597 -15.8 1886.9
2598 2762.2 1364.1
2599 2590.1 1427
2600 1109.3 1883.1
2601 1405.6 1872.2
2602 -3089.5 3533.7
2603 1245.9 1837.7
2604 1483 1763.1
2605 1661.7 1704.5
2606 1870.3 1635.9
2607 2015.3 1588.1
2608 1030 2707.4
2609 1058.3 2795.7
2610 924.8 2739.5
2611 1891.1 2438.4
2612 2096.6 2374.5
2613 -5089.2 3246.8
2614 1919.2 2528.5
2615 2123.5 2366.1
2616 2151.2 2456.3
2617 2244.4 2328.5
2618 2272.2 2418.6
2619 2783.6 2060.2
2620 2653.3 2709.5
2621 2766.6 2526.1
2622 215 -299.2
2623 377 -471.1
2624 -5054.8 3063.4
2625 665 -542.2
2626 617.1 -668.6
2627 698.2 -567.2
2628 785.1 -473.2
2629 743.7 -584.1
2630 658.9 -681.6
2631 707.7 -696.7
2632 936.6 -643.3
2633 639.2 -2354.6
2634 819 -2463.6
2635 -5575.1 3218.2
2636 -1636.8 -884.9
2637 -1718.4 -864.2
2638 -1765.9 -909.7
2639 -703.2 -3325.5
2640 5295.8 3059.1
2641 5281.5 3013.4
2642 5480.3 3004.4
2643 5104.2 3120
2644 5268.8 2972.4
2645 5256.9 2930.7
2646 -5565.3 3241.9
2647 5076.3 3029.9
2648 5245.2 2890
2649 5232.5 2848.9
2650 5396 2836
2651 5052.3 2949
2652 5220.3 2809.5
2653 5359.9 2766
2654 5024.3 2868.9
2655 -841 -397.3
2656 -910.3 -375.6
2657 -8453.5 3291.3
2658 -772.7 -419.2
2659 726.3 1739.7
2660 574.4 1708.2
2661 867 1816.8
2662 1404.2 1516.8
2663 1584.2 1456.4
2664 1383.8 1449.4
2665 1425 1584.1
2666 1794.2 1387.6
2667 1564.4 1393.2
2668 1544.5 3571
2669 -8182.3 9060.7
2670 1605.5 1524.6
2671 1938.4 1339.6
2672 1775.3 1326
2673 1815.4 1456.5
2674 1920 1279.9
2675 1960.1 1409.6
2676 2509.7 1163.2
2677 2489.1 1098.7
2678 2529.6 1225.1
2679 2690.2 1128.5
2680 -8186.5 9244
2681 2702.8 1168.9
2682 3249.5 891.5
2683 4254.3 611.4
2684 4277.9 704.7
2685 3079.6 -246.9
2686 3005 -499.3
2687 940.5 3143.9
2688 574.8 3382.2
2689 3132 -3786.6
2690 3035 -3763.1
2691 -8144 8961.1
2692 3321.7 -3803.7
2693 1921.8 -2022.5
2694 1893.5 -2111.4
2695 1934.2 -1979.9
2696 -3949.8 -10689
2697 -3984.8 -10809.1
2698 -4389.8 -6593.6
2699 1401.7 4226.3
2700 1426.2 4302.5
2701 1364.1 4238.7
2702 -8107 8934.3
2703 1343 4171.6
2704 1297 4259.3
2705 530.6 1718.3
2706 554 1639.1
2707 457.5 1642.3
2708 -42.6 1796.6
2709 -231.7 1855.3
2710 790.8 1946.5
2711 2569.5 1355.9
2712 1213.1 1811.3
2713 -2783 2543.4
2714 1381.8 1796.7
2715 1470.8 1723.1
2716 1648.7 1662.9
2717 1855.2 1586.7
2718 1998.3 1532.9
2719 2111.1 1495.3
2720 4137.5 877.4
2721 4218.5 814
2722 520 722
2723 -1268.4 1290.1
2724 -2820.5 2545.9
2725 -1289.7 1212.9
2726 3608.5 -1551.9
2727 4366.5 -1684.7
2728 4267.9 -1407.6
2729 125.5 -3851.2
2730 1223.1 3305.2
2731 1250.2 3391.5
2732 1352.6 3359.6
2733 1550.5 3298
2734 1752.2 3159.4
2735 -2841.7 2957.9
2736 1729.6 3087.6
2737 1806.2 3142.6
2738 1783.5 3070.8
2739 -1030.6 3748.8
2740 -1015.8 3795.9
2741 -1200.9 5745.8
2742 -1305.2 5828.8
2743 -1228.9 5698.1
2744 -1162.6 5811.2
2745 -1562.1 6026
2746 3572.1 387.8
2747 -1258.4 5887.9
2748 -1510.9 6081.1
2749 705 1670.2
2750 1366 1379.2
2751 1542.2 1322.1
2752 1753.2 1253.7
2753 1897.4 1206.9
2754 2472.7 1042.2
2755 3218.5 766.2
2756 1694.4 400.5
2757 3492.6 416.9
2758 2209.5 189.5
2759 2382.5 130.2
2760 2183.5 107
2761 2236.2 274.2
2762 2408.1 215.5
2763 2356.1 47.9
2764 1101 542.5
2765 1285.6 485
2766 1497.8 420.3
2767 1310.5 569.7
2768 3583.1 415.4
2769 1260.5 403.6
2770 1648.4 377.2
2771 1472.9 339
2772 1523.7 504.5
2773 1671.6 325.7
2774 598.9 698.8
2775 727.5 659.4
2776 574.9 616.4
2777 173.1 -436.1
2778 901.5 -756.7
2779 1624.7 3546.1
2780 1800.3 -1944.5
2781 866.7 -869.4
2782 1193.2 -573.5
2783 205.3 3680.1
2784 627.3 3706.9
2785 136.1 3489.6
2786 544.6 4736.7
2787 2827.6 -5576.2
2788 -3513.5 -8998.9
2789 -4175.9 -8959.8
2790 -4286.9 -8975.5
2791 1723.1 -1924.4
2792 -4114.8 -8897.4
2793 -606 80.6
2794 -712.7 115.1
2795 -594.6 117.1
2796 -29.5 -139.5
2797 -19.7 -111.7
2798 4297.5 785.5
2799 1359.3 1725.4
2800 1443.7 1646.2
2801 1624.3 1582.3
2802 1815.6 -1908.8
2803 1835.1 1514.8
2804 1977.6 1464.7
2805 2549.3 1291.1
2806 2723.1 1237.9
2807 2741.3 1298.5
2808 -368.7 -4251.3
2809 -283.4 -4050.2
2810 -169.3 -4323.7
2811 3215.1 2351.8
2812 -4371.8 -5619.3
2813 1878.5 -1965.2
2814 -4481.6 -5583
2815 -4643.8 -5645.8
2816 5578.9 2788.1
2817 5554.3 2651.2
2818 5841.9 2755.5
2819 5623.4 2622
2820 5325 2682.7
2821 -1687.6 -5165.4
2822 -1602.1 -5597.6
2823 -1664.7 -5764.4
2824 -2595.7 -878.9
2825 -1585.5 -5709.1
2826 -1728.1 -6033.2
2827 -1777.9 -5949.1
2828 -1661.5 -6097.4
2829 -1734.6 -712.9
2830 -1921.8 -651.9
2831 -2106.3 -592.6
2832 -3667.7 -8611.6
2833 -4896.8 -7535.3
2834 -5094.2 -7541.5
2835 -2250.8 -992.3
2836 -4989.5 -7661.7
2837 -1610.2 6153
2838 -1577.7 6183.1
2839 -1548.9 6205.8
2840 -1295.7 5969.9
2841 3347.4 -2410.9
2842 3512.1 -2461.5
2843 1301.2 -1808.7
2844 1313.1 -2007.2
2845 3552.9 1634
2846 -2626.9 -970.5
2847 3410.2 -399.1
2848 1261.5 3659.1
2849 1188.2 3682.2
2850 719.1 3829.2
2851 739.6 3890.6
2852 579.1 3873.4
2853 544.2 3814.3
2854 -3777.7 -5976.3
2855 -3935.9 -5882
2856 -3835.2 -6113.2
2857 -2564.9 -789.5
2858 -3730.7 -5950.3
2859 -3974.9 -5884.1
2860 -3975 -5944.4
2861 -4722.5 -5592.8
2862 629.1 -3121.3
2863 -1963.2 -2376.1
2864 -1665.2 -1959.8
2865 -4787.7 -10968.8
2866 -4973.7 -11075.4
2867 3748 2147.2
2868 -2168.2 -741.9
2869 3895.1 2167.2
2870 3829.8 2111.6
2871 3971.5 2134.2
2872 3903.7 2079.9
2873 4117.5 1993.7
2874 5089.2 3071.5
2875 5064.6 2990.5
2876 4866.6 3093.9
2877 5039.7 2907.6
2878 4841.9 3013.9
2879 4823.2 -75.7
2880 4817.8 2933.5
2881 1326.1 -2167.1
2882 1332.2 -2188.7
2883 1302.8 -2065.9
2884 41.3 -4342.7
2885 36.4 -4208
2886 -1260.6 -5094.6
2887 -1284.4 -5168.7
2888 -1307.9 -5241.9
2889 -1473.7 -5108.5
2890 1516.2 3482.7
2891 4831.4 -40.8
2892 1730 4533.7
2893 1720.5 4502.2
2894 2193.5 4352.5
2895 2303 4267
2896 501.1 1377.3
2897 639.1 1462.1
2898 662 1532.2
2899 -1635.3 -408.9
2900 -1462.3 -463.1
2901 -277.2 505.6
2902 4732.7 -366.3
2903 4263.4 -900.9
2904 -1330.9 -4664.6
2905 -1267 2535.1
2906 -1226.9 2602.9
2907 -1315.4 2452.9
2908 2994.7 -3615.5
2909 2953.8 -3737.8
2910 -5566.6 3165.5
2911 -5078.3 2328.9
2912 -5048.5 2312.6
2913 4856 37.4
2914 -5058.8 2290.7
2915 -1562.2 -6205.4
2916 -1596.6 -6158.7
2917 -1677.8 -6257
2918 -1236.1 -6024
2919 -1691.2 -6220.7
2920 -493.3 4537.2
2921 -488.4 4649
2922 -486.2 4690.2
2923 4099.9 -299.3
2924 5046.9 654.9
2925 714.7 5043.2
2926 758.3 4900.8
2927 516.4 1522.3
2928 510 1503.4
2929 473.1 1536
2930 533.8 1571.2
2931 452.6 1470.7
2932 502.4 1627.9
2933 -71.2 1705.5
2934 -264.1 1765.6
2935 4706.8 68.1
2936 -82.2 1669.4
2937 -274.5 1733
2938 -674 1893.3
2939 -553.8 1816.8
2940 -513.8 1943.1
2941 -685.5 1855.8
2942 -6897.7 -6518.1
2943 -6962.2 -6481
2944 -7493.5 -7169.9
2945 4898 861.9
2946 -845.5 -5029.7
2947 4867.6 708.8
2948 4985.8 919.7
2949 4825.9 879.7
2950 5691.1 2594
2951 5856.2 2520.4
2952 5839.9 2318.6
2953 -692.3 465.6
2954 605.3 5124.7
2955 -6710.4 -6405.6
2956 -3554.3 -4644.1
2957 -896.7 -5172.9
2958 -3108.4 -4386.9
2959 -1173.1 3302.4
2960 -1224 3141.8
2961 -1101.8 3278.1
2962 -1245.7 3325.2
2963 -1297.4 3163.4
2964 -1151.7 3120.5
2965 -1490.4 -5796.9
2966 -1458.7 -5421
2967 -1401.8 -5806.9
2968 -775.9 -4844.6
2969 -1546.6 -5970.4
2970 -1305.9 -5818.8
2971 -1390.1 -6054.6
2972 -1212 -5828.6
2973 -1322.1 -6026.8
2974 -1224.9 -5916.8
2975 970.7 -532.8
2976 1003.4 -427
2977 196 -292.5
2978 238.3 -189.4
2979 -2888.7 2992.4
2980 2142.1 3654.4
2981 2198.6 3634.9
2982 2169.9 3559.5
2983 -1455 5301.6
2984 -1569 5405.1
2985 4255.7 2851.7
2986 520.8 3739.1
2987 650.5 3781.5
2988 1407.2 3886.1
2989 1367.4 3935.5
2990 -4906.3 -8384.1
2991 1472.2 3865.1
2992 1418.2 3920
2993 1513.4 3852.3
2994 1447.6 3788.1
2995 -944.7 4006.9
2996 -1131.8 4065.7
2997 -474.8 3846.5
2998 -999.6 3848.3
2999 1183.8 149.7
3000 1077.9 87.2
3001 1604.3 3455.3
3002 -4782.6 -8368.1
3003 1394.3 82.6
3004 1208.8 234
3005 1420 166.5
3006 2104.4 -143.6
3007 2130.7 -57.9
3008 2285.8 -201.4
3009 2416.1 -246.8
3010 2311.7 -120.4
3011 2265.1 -286.9
3012 2392.7 -333.2
3013 -8999.3 3375.6
3014 2440.7 -165.6
3015 -682.5 447.1
3016 -6460.8 -5689.7
3017 -6327.4 -5538.4
3018 -6406.8 -5521.7
3019 4464.9 3228.4
3020 4181.3 2895.3
3021 4070.9 2769.9
3022 4153.7 2734.1
3023 3738 2129.7
3024 -8935.6 3418.5
3025 3651.5 2190.1
3026 3704.6 2059.3
3027 3865.3 2040.6
3028 3800.5 1972
3029 -3609.7 -4712.8
3030 -3886.5 -5008.7
3031 -3444.4 -5171
3032 2002 2777.9
3033 -4061.1 -11641.1
3034 -1001.8 3442
3035 -802.7 -1253.9
3036 -1062.4 3265.7
3037 -1074.3 3229.7
3038 -7656 10549
3039 -7671.1 10583.8
3040 -5082.1 -10644.3
3041 -3929.6 -5092.4
3042 -3991.2 -5190.2
3043 -3848.6 -5147.5
3044 -4025.1 -5245
3045 -4080.3 -5133.6
3046 -444.6 -1488.5
3047 -3839.1 -5294.6
3048 -1390.5 3373.4
3049 -1443.1 3206.3
3050 -1319.5 3349.8
3051 -1463.1 3397.5
3052 -1513.7 3227.1
3053 -1369.2 3184.5
3054 3223.6 -3951.1
3055 3296.8 -3942.1
3056 3081.9 -4360.5
3057 3858.5 643.2
3058 2950.9 -4484.3
3059 3165.1 -4435.6
3060 3084.1 -4213.1
3061 3126.3 -4545.1
3062 763.6 4352.4
3063 594.2 4404.7
3064 4151 2556.5
3065 4231.4 2700.2
3066 -2183.3 -5374.9
3067 -2612.4 -5519.9
3068 4069.6 571.8
3069 -2859 -5174.8
3070 -3393 -5192.2
3071 -395.5 5476
3072 -398.5 5425.3
3073 -500.7 5458
3074 1005 4721.7
3075 -1534.1 3421.1
3076 -1591.5 3250.1
3077 3206.6 -2592.7
3078 3196 -2620.1
3079 3885.1 724.3
3080 -1639.9 570.1
3081 -1744.7 680.5
3082 -1698.5 516.2
3083 -3714.4 -6044.6
3084 -3885.3 -6306.6
3085 -3916.6 -6430.3
3086 -3745.8 -6535.6
3087 -3932.5 -6491.7
3088 -4022 -6781.8
3089 -4057.1 -6872.9
3090 3926.2 -279.3
3091 -4062.3 -6769.3
3092 -4100.6 -6859.6
3093 -4097.3 -6975.1
3094 -4114.5 -7019
3095 -4150.4 -7164.1
3096 -4182.1 -7287
3097 -4323.4 -8171
3098 -4434.1 -8188
3099 -4259.5 -8317.7
3100 -4288 -8337.2
3101 3875.1 -249.9
3102 -4063.2 -8969
3103 -4016.7 3623.7
3104 -4629.1 3413.4
3105 -3894.5 3399.6
3106 -4713.2 3134.3
3107 -4654.1 3142.8
3108 -4763.8 2922.2
3109 2446.2 949.3
3110 2422.3 872.5
3111 1542 1177.8
3112 1407.4 3516.6
3113 3952.7 -296.3
3114 1712.8 1121.9
3115 1514.2 1229.5
3116 1857.1 1076.5
3117 1733.2 1188.3
3118 1877.4 1142.4
3119 494.3 1457.2
3120 1323 1247
3121 1241.9 1345
3122 1465 1202.5
3123 1344.3 1312.3
3124 3849.9 -307.4
3125 1473.8 1163.7
3126 4195 375.1
3127 3197.6 526.9
3128 3288.6 -3888
3129 -2641.5 424
3130 -2683.3 285
3131 -2440.3 362.8
3132 -2481.8 226.3
3133 -2897.6 -37.1
3134 -2808.6 -69
3135 3829.7 -353.7
3136 -3603.8 -8872.6
3137 -3554.3 -8709.5
3138 -4254.7 -6911.6
3139 -4195.4 -6727.5
3140 -4383.3 -6687.8
3141 494.9 639.5
3142 713.8 4768.3
3143 661.3 4971.3
3144 -2906 -6116.9
3145 -2926.4 -6234.7
3146 -2171.5 -6425.9
3147 3871.4 1903.2
3148 3937.1 1973.8
3149 3821.3 1849.3
3150 -5940.5 -6756
3151 -5868.1 -6552.1
3152 -6511.8 -6665.3
3153 -5979.1 -6940.9
3154 -8347.9 4607.8
3155 -4829.2 -8717.2
3156 -4739.3 -9017.1
3157 -6551.6 -5912.8
3158 -4553.2 -11285.7
3159 -4387.6 -11405.7
3160 2402.6 2860.8
3161 3287.5 2334.9
3162 -1746.4 365.4
3163 -1719.7 440.1
3164 3386.9 -480
3165 -8115.1 9279.8
3166 -7971.2 9225.9
3167 -7943.6 8879.2
3168 -6604.8 -5901.1
3169 -3406.5 -10868.2
3170 -3899.2 -10548.8
3171 163.9 -395.9
3172 4266.5 2230.6
3173 4253.9 2272.2
3174 -8361.1 4707.5
3175 3790.9 1673.9
3176 3787.8 1630.4
3177 -4902.9 -5232.3
3178 -4969.9 -5200
3179 -6529.1 -5923.5
3180 -4833 -5266.7
3181 -4056.9 -7188
3182 4254.5 918.7
3183 4006.6 941.4
3184 -1405.5 5254.6
3185 -1341.8 5203.3
3186 -1503.2 5081.3
3187 -1453.3 5044
3188 -4997.5 -5944.1
3189 -5129.4 -5938.4
3190 -6552.9 -5882.7
3191 -5629.2 -5741.8
3192 -5984.2 -5639.5
3193 -5179.9 -5913.8
3194 -1495.8 -5177.2
3195 2177.2 4308.8
3196 4312.4 2744.6
3197 4291.2 2675.6
3198 -3956 -6910.5
3199 2468.4 -2197.6
3200 1450.5 4378.1
3201 4462.5 305.3
3202 1500.9 4361.9
3203 929.6 4480.8
3204 -836.3 3240.3
3205 -978.6 3279.2
3206 4802.5 2178.4
3207 4835.3 2262.5
3208 4735 2007.9
3209 4530.8 1972.9
3210 4702.3 1922
3211 4507.9 1890.8
3212 4443.3 225.7
3213 1116.2 2973.7
3214 1948 2620.5
3215 2179.4 2548.4
3216 2325.9 2602.5
3217 2300.7 2510.7
3218 2351.5 2692
3219 4686.4 1880.4
3220 1586.9 3329.8
3221 1193.8 3448.8
3222 1261.6 3427.7
3223 1488.5 3396.3
3224 4524.7 290.8
3225 1205 3484.5
3226 1272.8 3463.4
3227 1333.4 3405.4
3228 1322 3369.2
3229 1144.2 3423.7
3230 1182.4 3412.6
3231 1392.7 3347.1
3232 1574.6 3290.5
3233 -3714.5 -6406.3
3234 -3695.1 -6342.8
3235 4381.3 327.2
3236 1518.7 4558.6
3237 1378.8 3800.1
3238 1488.1 3767.6
3239 1646.7 3612
3240 850.6 2858
3241 821.2 2771.5
3242 1577.8 4411.8
3243 1522 4429.1
3244 1566.8 4379.1
3245 1634.9 4357.9
3246 4361.2 244.5
3247 1511.7 4396.3
3248 1555.8 4345.3
3249 1624.1 4323.6
3250 1532 4269.6
3251 1508.6 4194.2
3252 1437.8 4215.2
3253 1498.4 4164.3
3254 1564 4143.8
3255 1428.6 4185.8
3256 1484.6 4126.3
3257 4505.6 209.5
3258 1552.1 4106.1
3259 1519.3 4015.1
3260 1086.3 2883
3261 683.5 1600.5
3262 616.4 1392.4
3263 -1247.6 5387.4
3264 773 4379.6
3265 915.7 4436.7
3266 688.8 4690.9
3267 -3578.7 -4354.8
3268 3279.8 2141.2
3269 -3121 -4176.9
3270 2830.6 -1007.5
3271 181.1 -410.8
3272 -1313.3 1075.5
3273 1918.8 2128.7
3274 1989.1 2106.1
3275 2491.8 -2151.8
3276 1809.8 2661.7
3277 980.2 4638
3278 -28.5 -1937.5
3279 3265.1 2075.7
3280 -8425.3 6295.7
3281 -8422.9 6327.2
3282 -8428.4 6255.8
3283 223.9 2284
3284 3151.9 1943.4
3285 3191 1931
3286 3138.7 1895
3287 -3689 -9879.7
3288 -3626.2 -9545.2
3289 -4982.1 -5909.5
3290 3191.2 2166.9
3291 -732.2 -5392.1
3292 -5429.1 -6548.9
3293 -5469.1 -6561.4
3294 -5449.4 -6478
3295 -5138.2 -6377.9
3296 -1111.8 4128.5
3297 -1093.8 4185.6
3298 -4495.3 -8915.7
3299 -4606.6 -9069.1
3300 202.9 -2885
3301 2071.1 -2022.5
3302 -63.9 -2795.1
3303 1366.2 -5236.7
3304 -3928.9 -6814.7
3305 -8116.9 8593.3
3306 -8326.6 8529.9
3307 -932 -4727.1
3308 1471.9 4444.8
3309 1416 4462.2
3310 1496.3 4520.8
3311 1367 4477.4
3312 2051.6 -2016.4
3313 858.4 4636.3
3314 817.4 4512.3
3315 888.2 4712.9
3316 4331.3 893
3317 4368.7 761.4
3318 -1387 5424.9
3319 -1640.4 5188.4
3320 -1792.4 5067.2
3321 -1885.5 5125.4
3322 -1630.2 5017.5
3323 2129.5 -2040.7
3324 -1813.8 4986.8
3325 -2448.6 -1597.2
3326 -91.7 1638.8
3327 -284.7 1700.4
3328 -694.1 1827.9
3329 2484.6 -1674.8
3330 2650.4 -1722.7
3331 2450.9 -1715.5
3332 545.6 1612.8
3333 -1251 -5508.5
3334 1780.2 4308.9
3335 1415.4 3419.1
3336 -6828.1 -6417.9
3337 -1284.8 -5626.4
3338 -2332.4 5732.7
3339 -2200.4 5628.6
3340 -2378.4 5774.8
3341 -3033.8 -4996.1
3342 -2943.9 -5035.5
3343 2395 792
3344 5379 2802.1
3345 -7230.9 -5793.4
3346 2376.6 2776.6
3347 -6805.5 -6437.4
3348 2489.8 2741.1
3349 2876.8 1739.6
3350 -1228.7 3860.8
3351 4844.1 950.4
3352 -1554 3086.7
3353 -1575.8 3007.8
3354 -1894.5 3188
3355 -1151.7 2884.5
3356 -1602.2 2922.6
3357 -1975.9 2930.7
3358 -6658.9 -6332.9
3359 -1195.3 2808.5
3360 -1251.3 2723
3361 -125.9 -2053.2
3362 -155.1 -2141.5
3363 256.6 -2179.3
3364 -274.3 -2003.7
3365 305.4 -2197
3366 -384 855.1
3367 -362.6 868.6
3368 -367.4 814.3
3369 -6632.8 -6348.9
3370 -463.9 845.2
3371 -366.9 844.2
3372 -1292.7 -5372.6
3373 -1381.7 -5600.5
3374 -4655.4 -8028.6
3375 -4652.1 -8058.1
3376 -4752.8 -8086
3377 -1589.5 5148.5
3378 -1606.8 5093.6
3379 2858.3 2303.2
3380 -1879.7 5376.7
3381 -2147.6 5681.1
3382 -8564.8 3830.2
3383 -8591.5 3801.7
3384 -181.2 -2233.4
3385 -208.2 -2330.5
3386 -1848.5 5172.8
3387 -1890.1 5203.9
3388 -1805.8 5229.7
3389 -1911.4 5143.5
3390 -1867 5277.9
3391 -1964.9 5444.7
3392 803.2 4470.2
3393 -8338.2 8163.8
3394 -8932.2 8214
3395 2152.8 4231.6
3396 2078.4 4018.5
3397 1640.4 2220.3
3398 1368.8 1755.3
3399 1262.8 1412.7
3400 1061.7 1402.4
3401 1573.2 4173.2
3402 -1861.3 5361.5
3403 1613.7 4160.6
3404 1801.1 4102.3
3405 1832.3 4092.6
3406 -3669.6 -11960.9
3407 -8366.2 7131.7
3408 -8367.9 7095.5
3409 -8412.9 6460.4
3410 -8394.8 6660.9
3411 -8462.8 5839.1
3412 -8502.4 5030.9
3413 -4048.5 -9213.6
3414 -4665.4 -6982.1
3415 2599.8 4153.9
3416 2560.6 4036.2
3417 3080.6 4075.9
3418 2960.7 4084.1
3419 2975.9 4007.9
3420 2963.3 4122.9
3421 1683.4 4378.9
3422 1879.5 4317.7
3423 2394.2 4099
3424 -4682.5 -6204.9
3425 -2237.8 302.1
3426 2240 3931.3
3427 2287.5 3916.5
3428 2247.3 3790.5
3429 2322.7 4023.4
3430 -2779.8 -76.2
3431 1553.4 3376.1
3432 649.5 1138.5
3433 806.4 914.3
3434 470 556.5
3435 -4654.6 -6216.6
3436 269.4 -92.6
3437 101.8 -632.7
3438 76.8 -749.6
3439 -75.3 -1203.5
3440 168.3 -1142.9
3441 501.2 -1391.6
3442 94.2 -1384.7
3443 224.9 -1425.2
3444 -27.2 -1348.4
3445 -238 -2429
3446 1477.5 3362
3447 -4686.6 -6251.5
3448 249.2 -2687.5
3449 -553.5 -2936
3450 1878.9 4244.2
3451 1858.2 4250.5
3452 1656.1 3536.3
3453 1822.4 4061.1
3454 1811.2 4025.4
3455 1721.9 3515.8
3456 1858.8 4324.2
3457 5920.5 2923.3
3458 -4627 -6264.7
3459 2450 -1772
3460 -1132.1 4775.8
3461 -4669.9 -8190.6
3462 1661.2 4312
3463 2368.2 4086.4
3464 1506.3 3973.6
3465 -9.3 -77
3466 3829.2 -2641.7
3467 3775.8 -2542.6
3468 3856.4 -2714.2
3469 -4666 -6070.4
3470 3801.7 -2550.5
3471 1827.6 810.4
3472 1118.7 903.5
3473 1202.2 875.7
3474 1251.1 775
3475 1508.7 691.3
3476 1574.2 671.2
3477 1586.3 709.1
3478 1599.4 751.7
3479 1664.4 733.2
3480 -4333.8 -6359.1
3481 1686.2 726.8
3482 1767.4 763.7
3483 -953.5 994.4
3484 -558.4 -2832.8
3485 -1785.9 -4273.9
3486 -1307.2 -4041
3487 2396.1 -5336.2
3488 3351 -3936.2
3489 -6020.2 -6987.8
3490 -5351.3 -6261.6
3491 -3373.8 3142.8
3492 3400.3 2206.3
3493 -952.3 -920.3
3494 -932.2 -629
3495 -869 -650.3
3496 3112 -4038.7
3497 -1111.7 5898.2
3498 -469 5131.6
3499 -233.5 1068.1
3500 -171.2 1019.5
3501 -262.9 1077.8
3502 -3289.9 3318.4
3503 -270.2 1055
3504 2714 1833
3505 2280.6 416.7
3506 2262 356
3507 2449.9 360
3508 2435.1 299.2
3509 2157.5 24.7
3510 2334.6 -37.4
3511 -1623.3 -1897.1
3512 -1747.4 -1766.2
3513 -353 2303.9
3514 -1823.3 -1742.5
3515 -2034.5 -1940.1
3516 -195.4 -5662.1
3517 -430.1 -5583.8
3518 2286 2896
3519 4754 896.3
3520 -278.5 -3680.1
3521 -50.8 -3532.8
3522 -334.1 -3868
3523 99.9 -3573.8
3524 -446 3039.6
3525 287.4 3373.6
3526 465.9 3315.2
3527 485.4 3376.3
3528 267.5 3314
3529 -790.5 3312.3
3530 3035.1 1782.1
3531 -2079.5 2728.7
3532 -3763.2 5674.3
3533 -3166.8 5524.9
3534 -1292.8 3880.5
3535 -1015.3 5196.2
3536 -407.5 -1360.6
3537 -3668.4 -11876.5
3538 -2185.2 2814.5
3539 -1180.6 2682.7
3540 -964 -544.5
3541 3996.6 958.8
3542 -4632.2 -5447
3543 -3125.2 -4346
3544 2567.4 255.8
3545 -1564.1 -5994.5
3546 -898.8 5159
3547 -6438.9 -6403.1
3548 467.7 -1500.2
3549 -111.7 -1321
3550 311.2 -1452
3551 962.1 -1663.5
3552 889.2 -1537
3553 991.7 -1575.1
3554 1416.7 4148.1
3555 1128.9 3508.2
3556 1380.6 4160
3557 1542.6 3341.7
3558 -977.6 5287.4
3559 1208.5 3748.2
3560 1137.5 3770.5
3561 1244.6 3737.2
3562 441.3 1297.1
3563 401.2 1183.2
3564 598.4 973.2
3565 346.5 685.3
3566 321.4 603.2
3567 -5.3 -975.6
3568 1061.6 3529.2
3569 -2695.8 3393.5
3570 -5346.2 -6295.5
3571 -6643.6 -6286
3572 -823.1 5262.4
3573 1709.7 2197.2
3574 -2020 -5619.1
3575 -3742.5 -5319.2
3576 -2114.1 -5116.1
3577 -2389.7 -5033.7
3578 -2492.9 -4925.1
3579 -2472.5 -4857
3580 -3067.5 3614.2
3581 -1231.9 5921.7
3582 -1126.7 6057.1
3583 1462.1 794.5
3584 1409.1 811.1
3585 1469.1 703.4
3586 1445.9 623.9
3587 1549.8 589.8
3588 1417 536.4
3589 756.7 -1140.3
3590 801 -1153.7
3591 -5109.7 3375.5
3592 772.2 -1086.7
3593 820.2 -1103.5
3594 813.4 -1038.3
3595 1217.8 -493.5
3596 830 -982.4
3597 1522.4 1255.6
3598 1234.8 319.1
3599 1447.2 255.2
3600 1204.4 602.4
3601 1514.7 1152
3602 3276.7 -890.8
3603 1461.2 980.4
3604 1435.2 895.8
3605 1625 835.5
3606 1395.8 908.4
3607 1370.8 823.1
3608 1451 1091.3
3609 1318.4 839.4
3610 1231 685.9
3611 3678.6 1131.7
3612 366 -5036.6
3613 3290.4 -838.2
3614 243.1 -4997.2
3615 -4714.7 -7216.4
3616 -4778.2 -7299.6
3617 -4841.1 -7364.4
3618 -5705.6 -7175.2
3619 -596.2 -2924.2
3620 -106.7 1199.7
3621 -194.4 1309.4
3622 -168.9 1393.7
3623 -796.3 1494.9
3624 3242.2 -948.3
3625 -692.8 1371.3
3626 -771.9 1577.9
3627 -822.7 1412
3628 982 -1260
3629 1004.4 -1191.5
3630 1084.3 -1299.1
3631 1107.8 -1228.9
3632 5899.1 2245.2
3633 476.6 -1897.4
3634 453.6 -1855.8
3635 3481.3 -1047.2
3636 469.6 -1940.8
3637 -3335.2 -11243.7
3638 -5040.5 2841.2
3639 -3460.2 -9270.4
3640 -3617 -9516.9
3641 -3714.3 -9506.1
3642 -3827.3 -10391.2
3643 1760.7 613.8
3644 -2822.8 -5083.4
3645 1780.1 821
3646 1399.2 -549.8
3647 3166.4 2245.2
3648 2888 1781
3649 1027.6 -1120.9
3650 -4015.5 -10892.1
3651 -3931.1 -11015.6
3652 -4688 -9066.3
3653 2392.1 3540.4
3654 2296.4 3574
3655 2498.7 3505.7
3656 2350.4 3734.7
3657 -1316.4 -4214.9
3658 -485.9 1080.9
3659 -385.5 -4016.8
3660 1645.2 4390.7
3661 -4988.3 -5189.2
3662 -5140.8 -5125.8
3663 3578.3 1634.9
3664 3648.2 1658
3665 1759.2 792.8
3666 1470.6 3594.1
3667 -311.2 1175.3
3668 1404.6 3384.7
3669 -1272.1 -4069.5
3670 -472.6 1148
3671 -400.9 1123
3672 3532.9 -1566.8
3673 2256.2 1972.4
3674 -2380.1 -5315.9
3675 1798.8 748.3
3676 -1381.2 5438
3677 1590.4 4094.2
3678 1630.2 4081.8
3679 1457.3 3670.9
3680 -1378.5 -4412
3681 1415.9 3683.9
3682 -2811.5 -6739.6
3683 -2746.3 -6708.2
3684 -2106.7 -5178.3
3685 -183.3 -1549.3
3686 67.3 -781.5
3687 1697.2 4301.7
3688 1344.6 3441.1
3689 -4992.4 2848.9
3690 -5038.9 2372.9
3691 405.4 3513.6
3692 -5628.5 1270.7
3693 -5350.4 1935.7
3694 2445.2 4078.2
3695 2422.8 3919.9
3696 2427.5 4004.4
3697 2447.7 3874.3
3698 2404.7 3877.8
3699 2656.6 4006.2
3700 2758.8 4031.4
3701 -976.9 915.3
3702 -291.6 3105.7
3703 -965.1 955.2
3704 -4079.1 -7287.7
3705 -4087.9 -7312.9
3706 -4543.6 -5297.6
3707 3337.6 1695.9
3708 -3576.6 276.4
3709 598.6 3935.5
3710 -32.7 -593.1
3711 -2393.8 -5361.7
3712 -2548.4 -5315.5
3713 64.3 3297.4
3714 178.9 2512.2
3715 259.4 2394.6
3716 -3137.4 -4233
3717 -2728.4 -4283.2
3718 4.1 659
3719 -4730.9 -6934.7
3720 409.7 666.8
3721 386.1 584.1
3722 2223.5 3714.8
3723 -2923.6 -4989.7
3724 87.2 3318.4
3725 -3987.2 -9945.8
3726 -1225 -5641.6
3727 3856.8 -2748.3
3728 -856.7 -5395.8
3729 -863.6 5275.3
3730 -871.4 5249.9
3731 -887.3 5283.1
3732 -1773 5572.4
3733 -2293.5 5734.8
3734 4719.2 1966.5
3735 -56.2 3330.5
3736 99.5 2536.9
3737 284.2 2479.6
3738 -1711.4 5758.8
3739 2194 3606.6
3740 2329.3 3674.5
3741 -2057.6 -1180
3742 2276.7 3887.7
3743 1697.1 -959.8
3744 2723.8 3770.1
3745 -7354.7 9609
3746 -441.3 3095.4
3747 -7972 9063.4
3748 -7753.5 8800.2
3749 -7725.7 8833.2
3750 -7784.7 8825
3751 -7781.3 8767.1
3752 -7291.9 9319.3
3753 -6952.1 9522.5
3754 -7308.1 9372
3755 -6821.9 9550.4
3756 171 3475.1
3757 -862.6 3031.7
3758 -4548.7 -6269.2
3759 -1216.3 -3991.2
3760 -1561.2 -4091
3761 -1658.6 -4140.3
3762 -1722.3 -4186.2
3763 -1806.5 -4273.2
3764 -2090.9 -5070.4
3765 -2812.5 -6717.9
3766 -3004.5 -6693.1
3767 -2894.4 -6746.5
3768 -73.1 3318.2
3769 -2928.6 -6752.8
3770 -2996.2 -6760.2
3771 -4760.8 -6256.2
3772 -5995.1 -6512.9
3773 -1970 5621.2
3774 -1923.1 5831.7
3775 3304 1705.7
3776 3214.8 1822.1
3777 3298.8 1861
3778 3286.9 2473.5
3779 1465.5 3324.5
3780 -106.5 3291.2
3781 3285.2 2210
3782 3250.9 2015.3
3783 3229.1 1918.9
3784 3128.1 1856.3
3785 3215.7 1675.6
3786 3515 1293.1
3787 3312.4 1660.9
3788 3617.6 992.2
3789 3223.8 -56.2
3790 2170.8 -673.5
3791 44 3283.9
3792 2798.6 -339.1
3793 1819.6 -2404
3794 2072.9 -1317.3
3795 2405.9 -4871.8
3796 2651.7 -4386.4
3797 2683.6 -3788.5
3798 2663.5 -4348.1
3799 2293.1 -5527.7
3800 2307.1 -5064.1
3801 2464.2 -5528
3802 -628.4 3497.7
3803 2575.9 -4480
3804 1847.5 -2478.5
3805 3553.8 1176.2
3806 -9691.1 9491.9
3807 -9294.8 8731.4
3808 -9524.9 9223
3809 -9228.8 8602.4
3810 151.1 3852
3811 227.5 4625.7
3812 -7289.1 9699.5
3813 -4535.2 -5225.9
3814 -7270.8 9657.4
3815 -8187.9 9340
3816 -8312.1 9351.5
3817 3307 2402.5
3818 3611.2 918.8
3819 3503.1 457
3820 3002.2 -186.3
3821 2280.4 -5085.1
3822 2166.9 -5536.3
3823 2595.8 -411.9
3824 -4498.4 -5244.1
3825 2381.5 -3356.4
3826 1990.8 -1459
3827 -6062.2 -6493.8
3828 -6014.5 -6476.9
3829 -6213.1 -6450.9
3830 -6022.3 -6472.8
3831 -6237.2 -6413.5
3832 -6302.1 -6425.4
3833 -6623.4 -6334
3834 -6251.2 -6400.4
3835 -4604 -5189.7
3836 -6725.9 -6304.7
3837 2730.2 3793.1
3838 3597.4 384.5
3839 307.7 4310.5
3840 217.3 4264.2
3841 233.6 4329.2
3842 140.2 4253.7
3843 161.6 4349.4
3844 -5716.3 -6880.2
3845 -360.7 2374
3846 -4672.5 -5156.7
3847 -107.7 3327.3
3848 -3380.6 1486.5
3849 -3337.3 1449.6
3850 -3329.9 1512.2
3851 -3382.6 1507.1
3852 -5388.3 -6451.6
3853 -4869.2 -6991.7
3854 -4793.2 -6889.7
3855 -4745.2 -6825.5
3856 -4366.1 -4574.4
3857 -4741.1 -5103.8
3858 -4341.7 -4598.3
3859 -4642.4 -4238.6
3860 -4675.7 -4235.3
3861 -4497.4 -4185.3
3862 -4652.6 -4129.9
3863 -4717.9 -4193.2
3864 -5432.4 -6419.4
3865 -4679.2 -4261.1
3866 -4793.6 -4393.1
3867 -4641.9 -4261.3
3868 -4809.7 -5057.7
3869 -4175.7 -4526.6
3870 -4321.4 -4576.8
3871 -4132.2 -4543.1
3872 -4157 -4485.8
3873 -4943.4 -5888.8
3874 -4565.1 -4514
3875 -4806.4 -4236.9
3876 -4341.5 -4554
3877 -2486.1 -4347.8
3878 -2364.9 -4387
3879 -4879.3 -5024.1
3880 -2327.6 -6908.2
3881 -2371.8 -6885.1
3882 -720.4 460.5
3883 249.7 -3551
3884 181.1 -3541.5
3885 116.5 -3529.1
3886 308.4 -3122.4
3887 264.2 -2154.4
3888 3123.5 2119.5
3889 3614 2068.6
3890 1530.8 3304.1
3891 3474.4 433.2
3892 3171.7 2104.3
3893 3146.4 2181.5
3894 2.2 2440
3895 38.9 2555.8
3896 -1491.4 -1985.7
3897 -1233.8 -1888.6
3898 -1645.8 -1930.8
3899 -1172.4 -1796.9
3900 -1367.7 -1798.3
3901 -1317.7 -1725.8
3902 3478.5 385.7
3903 -1113.4 -1708.7
3904 -1288.3 -1720.1
3905 -1295.8 -1690.5
3906 -1436.1 -1620.3
3907 -1170.5 -1547.7
3908 -1245.3 -1616.9
3909 -1322.9 -1697
3910 -1387.6 -1525.8
3911 -1199.9 -1554.4
3912 -1506.6 -1299.2
3913 -5363.8 -6056.4
3914 -4587.4 2441.8
3915 -4859.9 2525.1
3916 -4940.7 2701.1
3917 -5593 2178.5
3918 -5059.3 2270
3919 -3740.5 -9496.2
3920 -3838.7 -9426.9
3921 -3927 -9481
3922 -4018.3 -9480.2
3923 -3923.2 -9359
3924 -5269.1 -5999.8
3925 -4012.7 -9329.4
3926 -4108.3 -9476.6
3927 -4201.6 -9470.5
3928 -4104 -9322.9
3929 -4265.9 -9468.6
3930 -4194.6 -9316.5
3931 -4257.6 -9312
3932 -4356.8 -9465.8
3933 -4447 -9463.2
3934 -4351.2 -9305.4
3935 -5208.1 -6009.7
3936 -4440.1 -9299.1
3937 -4622.7 -9286.6
3938 -4531.8 -9294.9
3939 -4629.4 -9457.3
3940 -4608 -9108.4
3941 -3226.5 -9274.2
3942 -3279.6 -9273
3943 -3153.6 -9245.9
3944 -3298.8 -9264.1
3945 -3283.2 -9249.6
3946 -5120.1 -6055.5
3947 -3169.9 -9203.9
3948 -3059.9 -9223
3949 -3275.2 -9154.1
3950 -3185.4 -9177
3951 -2353.8 -1052.6
3952 -2500.1 -1003.4
3953 -1903.6 -818.9
3954 -1773.5 -849.6
3955 2629.6 3923.6
3956 2747.6 3884.8
3957 -5322.4 -6277.1
3958 2464.2 4071.8
3959 -7308.2 9663.1
3960 -7753.6 10442.5
3961 -6990.2 9549.4
3962 -9558.7 9291.6
3963 -9226.5 9328.5
3964 -1841.9 -7109.5
3965 -2343.2 -6943.4
3966 -2279.8 -6722.3
3967 -3005 -6778.5
3968 185.3 3817.7
3969 -2890.2 -6763
3970 -2865.8 -6757
3971 -2699.8 -6720.2
3972 -650.5 -2916.2
3973 328.3 4378.8
3974 -4319.4 -7862.7
3975 2755.2 3973
3976 2972.1 3954.1
3977 2929 3957
3978 2932.5 4009.4
3979 95 4168.6
3980 2585.8 4028.3
3981 2955.7 4008.9
3982 -3171.3 1569.4
3983 -6571.3 -6793.5
3984 -6559.1 -6761.7
3985 -6575.6 -6817.3
3986 -6518 -6777.7
3987 -20.4 -5502.9
3988 -6575 -6582.3
3989 -6676.4 -6374.5
3990 383.7 4820.3
3991 -8953.7 3382.9
3992 -8912.9 3432.2
3993 -2974 -6708
3994 -3433.2 -6569.4
3995 2059.3 3922.5
3996 -9437.3 9522.8
3997 -1840.9 -7087.7
3998 -2814.7 -6791.3
3999 -2518.5 -6840.9
4000 -2681.7 -6714.4
4001 1437.1 3235.6
4002 328.7 4098.5
4003 -2359.6 -6905.8
4004 -3452.2 -6608.3
4005 -3496.6 -6631
4006 -3412.3 -6660.9
4007 -3441.2 -6611.8
4008 -2325.7 -6862.6
4009 -9068.9 3297.4
4010 -4392.7 -5134.4
4011 -4432 -5100.9
4012 -4531.8 -5000.2
4013 -118.6 4234.1
4014 -4555.6 -5055.8
4015 -4631.1 -5069.3
4016 -4684 -5042.5
4017 -4596.5 -4979.3
4018 -4656.1 -4960.2
4019 -2086.9 -1195.4
4020 -593.1 -2954.4
4021 -5320.5 -5072.1
4022 -5276.4 -5035.6
4023 -5377.1 -4997.2
4024 2088.8 -4204
4025 -5191.1 -4965.3
4026 -5336.3 -4964.7
4027 -5433.7 -4928.6
4028 -5158.4 -4901.8
4029 -5391.9 -4894.1
4030 -5241.4 -4889.7
4031 -5180.6 -4840.3
4032 -5237.1 -4805.5
4033 -5307.6 -4824.5
4034 -619.6 -2907.7
4035 2259.1 -4258.8
4036 -590.7 -2889.6
4037 64.6 -717.3
4038 -2024.7 5641.2
4039 -2075.2 5618.5
4040 -2029.1 5656
4041 -1870.2 5606.7
4042 -2094.2 5663.9
4043 -419.7 5161.7
4044 -427.4 5125.6
4045 -459.5 5143.3
4046 1543.7 -4024.2
4047 1492.1 1078.3
4048 2891.1 628.5
4049 2684.8 -4389.6
4050 -4075.4 -8889.4
4051 -4287 -7741.8
4052 -2518.9 -7634.9
4053 -1781.8 -1877.3
4054 -7248.8 9356.6
4055 -6979.4 9517.7
4056 -6755.4 9556.8
4057 1292.3 4583
4058 324.9 -4010.6
4059 305.1 -3953.4
4060 -4539.1 -9460.5
4061 -6020 -3582.2
4062 -6210.3 -3772.6
4063 -5844.1 -3632.2
4064 -6282.4 -3856.3
4065 -6263.6 -3866.7
4066 -5798.3 -4303.7
4067 -4990.3 -4541.5
4068 1391.2 4553.5
4069 -5998.6 -4266.8
4070 -4956.8 -4552.4
4071 -6375.5 -3970.2
4072 -6033.3 -4332.7
4073 -1757.6 -888.1
4074 -2078.9 -1173.5
4075 -2065.3 -1202.1
4076 -1985.5 -5615.6
4077 -1917.6 -5598.1
4078 -1843.9 -5656.4
4079 1234.9 4601.7
4080 -1815.3 -5646.5
4081 -1842.2 -5696.4
4082 863.3 -2980.3
4083 -2257.6 -6728.7
4084 -2231.2 -6738.5
4085 -2209.1 -6428.9
4086 -1968.5 -6776.5
4087 2263.3 3821.8
4088 -2431.8 -4369.4
4089 -2204.7 -6407.2
4090 1183.7 4617.8
4091 612.3 4797.5
4092 -276.5 5075.4
4093 2750.4 -4422.4
4094 136.3 4283.5
4095 145.9 4318.7
4096 2705.3 -4438.7
4097 2857.7 -4194.2
4098 -4274.8 -7696.5
4099 -2494.5 -4528.3
4100 -2546.9 -4539.1
4101 1245.5 4633.7
4102 -2583.1 -4601.3
4103 -8823.7 3562.2
4104 -8908.3 3480.3
4105 4681.1 -347.5
4106 -846.5 5241.7
4107 -2406.1 -1494.9
4108 3771 -2873.5
4109 2290.4 -5549.4
4110 2430.1 -5559
4111 2323.1 -5551.5
4112 1522.6 3207.4
4113 1313.8 4676.4
4114 -396.6 5108.5
4115 -5569.8 -5922.1
4116 -6701.9 -6329.5
4117 -1206.3 -951.7
4118 1801.3 3764.9
4119 3666 -3028
4120 -6594.4 -6626
4121 -6608.6 -6708.1
4122 -5506.1 889.8
4123 -4965.6 2625.2
4124 1204.5 4659.3
4125 -4962.9 2718.6
4126 -6165 -3886.3
4127 -5919.5 -4052.2
4128 -5752 -4106.1
4129 -6117.3 -4339.7
4130 -9023.9 3306.2
4131 1729 -968.5
4132 4311 -1823.7
4133 3950 -1614.9
4134 -3284.4 90.1
4135 -3160 50
4136 -3589.2 221.3
4137 -2168.3 -2408.2
4138 -2141.3 -2307.3
4139 -2056 -2413.7
4140 1324.7 3272.7
4141 -2222.1 -2626.3
4142 4579.5 192
4143 4599.6 271.5
4144 -8895.7 3387.8
4145 4391 2484.8
4146 4448.4 2467.8
4147 4280.4 2518.1
4148 4237.3 2347.3
4149 -2657.7 3559.3
4150 2237.4 4120.2
4151 1402.6 3127.2
4152 2218.3 4055.9
4153 2270.3 4039.8
4154 2179.1 4068.1
4155 2183.7 3948.6
4156 -2798.3 2502
4157 -2777 2467.3
4158 3330.6 1043.5
4159 3297.5 936.2
4160 3342.7 1281.8
4161 -1259.4 -1344.9
4162 1770.5 4278.9
4163 1489.1 3101.6
4164 -1243.2 -1261
4165 -1286.2 -1248.7
4166 -1228 -1346
4167 478.9 862.5
4168 470.4 831.8
4169 493.4 914.2
4170 -2697.6 -1193.6
4171 -2678.4 -1129.6
4172 -2581.3 -1156.6
4173 -2746.7 -1344.9
4174 1290.4 3160.2
4175 -1991.1 5464.1
4176 -1984.3 5418.2
4177 -2086.2 5560.6
4178 -4837.6 -4903.6
4179 -3201.1 1595.1
4180 -3206.5 1549
4181 -3169.1 1550.1
4182 -349.7 1032.6
4183 -330.3 1098.6
4184 -285.6 1007.9
4185 1366.1 3014.2
4186 -420.8 1057.8
4187 -4063.7 -6451.4
4188 -4411.3 -6586
4189 3649.6 -824.7
4190 3625.9 -911.6
4191 3758 -867.8
4192 3546.3 -1159.6
4193 3699.4 -939.2
4194 3607.6 -1177.1
4195 -928.6 -2142.8
4196 1452.9 2987.3
4197 -1109 -2114.9
4198 -920.3 -2223.6
4199 -735.2 -2215.5
4200 -1116.3 -2091.8
4201 -1295 -1979.8
4202 -2403.5 3489.2
4203 -2090.6 -5124.5
4204 -1916.4 -4518.3
4205 -4253.6 -5022.4
4206 -4295 -4970.4
4207 1254.8 3048.6
4208 -4301 -5060.6
4209 -4381.4 -4868.3
4210 -4242.2 -4926.4
4211 -4436.6 -4898.5
4212 -4319.3 -4836.2
4213 2555.6 -4740.5
4214 2430.5 -5123.4
4215 2673.9 -4464.3
4216 2721.7 -4786.1
4217 -2403.7 4420.4
4218 1331.8 2907
4219 -2061.6 4140.2
4220 -2639.9 -1140.3
4221 3341.8 1941.2
4222 3493 1892.3
4223 3348.8 1974.2
4224 3478.8 1846.8
4225 3363.6 2026.5
4226 3507.7 1939.5
4227 -2957.5 -7613.7
4228 -2952.6 -7650.3
4229 1220.9 2940.7
4230 -3399.4 -7718.3
4231 -2914.8 -7609.3
4232 -879.2 5226.1
4233 -2512.2 -617.5
4234 -2550.8 4381.6
4235 -3215.2 1490.1
4236 661.8 3652.5
4237 521.8 3604.5
4238 647.2 3608.1
4239 678.2 3702.7
4240 1419.3 2880.5
4241 389.5 3779.7
4242 412.8 3854
4243 358.2 3789.8
4244 469.2 3754.1
4245 382.2 3863.5
4246 492.8 3830.2
4247 -4585.1 -4673.3
4248 -4535.9 -4523.5
4249 -4092.3 -4656.5
4250 -4898.4 -4571.4
4251 1302.3 2816.8
4252 820.7 -2844.6
4253 835.6 -2792.3
4254 813.5 -2870.9
4255 802.7 -2910.8
4256 -2280.8 161.9
4257 -3713.5 -8758.4
4258 -3715.1 -8803.7
4259 -3701.5 -8712.3
4260 -3090.8 -11619.4
4261 -4078.9 -4887.3
4262 1390.5 2790.3
4263 -4137 -4838.7
4264 -4185.5 -4760.3
4265 -2585.5 -5047.6
4266 -2557.5 -4979
4267 -2514.4 -4997.2
4268 -2669.6 -5037.4
4269 -2881.3 3441.2
4270 -4043.6 -9025.8
4271 -4090.7 -9035.7
4272 -4393.3 -9086
4273 1707.4 4331.8
4274 1192.6 2850.4
4275 -5567.9 -7169.8
4276 -5117.7 -6444.3
4277 -4078.4 -11336.7
4278 -4250 -11213
4279 -4217.3 -11528.2
4280 -231.6 -782.8
4281 31.3 -862.4
4282 -264.6 -894.8
4283 -203.4 -661.5
4284 1255.4 -1125.9
4285 1274.7 2729.1
4286 1231 -1196.2
4287 1357.4 -1163.5
4288 1154.9 -1087.9
4289 1131.2 -1159.2
4290 1051.2 -1046.2
4291 -3008.7 1784
4292 -3074.9 1804.2
4293 -3033 1708.7
4294 -2985.3 1866.2
4295 -2907.3 1754.4
4296 1363 2701.6
4297 -3038.1 1683.3
4298 -3086.6 1894.7
4299 -2661.9 2250.3
4300 -2691 2300.4
4301 -8514.8 5094.8
4302 -8507.3 5052
4303 -8494.6 5446.3
4304 1224.7 2263.5
4305 1291.8 2158.6
4306 1268.5 2083
4307 1165.1 2763.2
4308 1461.1 2105.9
4309 1482.9 2130.7
4310 1405.8 2039.8
4311 1585.8 2066.3
4312 1560.7 1990.4
4313 1614 2141.2
4314 1656.9 2042.3
4315 1757.3 2010.3
4316 1631.4 1967.3
4317 1682.5 2117.5
4318 1245.9 2639.2
4319 1731.5 1932.3
4320 1780.5 2084.5
4321 1868.7 1973
4322 1938.6 1949.7
4323 1842.1 1894.7
4324 1893.7 2047.4
4325 1964.1 1941.9
4326 1912 1872.5
4327 1962.6 2024.3
4328 2109.1 1891.3
4329 1136.8 2673.2
4330 1941.5 1863.4
4331 1987.3 2015.8
4332 2220.2 1854.1
4333 2086.1 1815.3
4334 2132.7 1967.5
4335 2330.2 1820.4
4336 2197.5 1778.1
4337 2243.7 1931.6
4338 2500.5 1766.2
4339 2306.3 1742.4
4340 1334.7 2611.6
4341 2353.3 1897.5
4342 2677 1712.3
4343 2479.2 1694.8
4344 2525.1 1847.3
4345 2851.6 1660.4
4346 2655.6 1638.1
4347 2702.7 1792.5
4348 2989.2 1619
4349 2863.6 1698.2
4350 2826.2 1583.2
4351 1217.8 2551.3
4352 3145.3 1570.2
4353 3000.9 1659.6
4354 2962.5 1539.4
4355 3121.7 1488.3
4356 3166.2 1649
4357 777.5 2301.8
4358 759 2251.4
4359 890.7 2269.1
4360 677.4 2330.2
4361 810 2394
4362 1307.1 2523.6
4363 918.8 2360.1
4364 3610.8 1540.8
4365 3648.7 1450.9
4366 3592.9 1582.6
4367 3720.3 1577.1
4368 3689.3 1654.3
4369 -3149.9 -6150.9
4370 -3498.8 -6016.3
4371 -3028.5 -6193.5
4372 4256.1 2445.9
4373 1109.1 2585.2
4374 4244.3 2405.3
4375 -366.2 -1243.8
4376 -767.5 -1109.5
4377 -307.1 -1016.7
4378 -396.7 -1364.7
4379 -154.8 -1432.6
4380 -469.6 -1606
4381 -524.4 -1787.6
4382 -289.5 -1862
4383 -560.1 -1914.9
4384 1746.4 4203.1
4385 1162.2 2375.2
4386 -334.3 -1988.7
4387 -637.7 -2192.3
4388 -405.3 -2265
4389 -685.7 -2384.6
4390 -466.6 -2452.8
4391 -718.2 -2475.8
4392 -487.1 -2551.4
4393 -764.7 -2666
4394 -547.3 -2737
4395 -790.6 -2755.3
4396 1249.5 2349.5
4397 -572.8 -2826.7
4398 -829.6 -2849.3
4399 -949.8 -3245.1
4400 -817.8 -3285.8
4401 -981.8 -3332.5
4402 -745.5 -3403.6
4403 -1018.1 -3407.5
4404 -770.2 -3480.8
4405 -1057.9 -3478.6
4406 -793.4 -3562.3
4407 1189.3 2462.4
4408 -1250 -3984.9
4409 -1261.4 -4030.4
4410 -880.4 -4562.7
4411 -1398.6 -4493.4
4412 -1142 -4572
4413 -1422.2 -4569.7
4414 -1221.2 -4632.4
4415 -1449.1 -4628.3
4416 -1558.9 -4606.2
4417 -1870.4 -5091.3
4418 1134.5 2291.6
4419 -1470.2 -4707.2
4420 -1356.8 -4743.4
4421 -1536.3 -4767.2
4422 -1380.5 -4817.1
4423 -1712.5 -5154.1
4424 -1918.6 -5287.1
4425 -1987.2 -5457.6
4426 -2058.1 -5748.7
4427 -2261 -5664.5
4428 -2141.9 -6064.2
4429 1027.4 2325
4430 -2354.3 -5981
4431 -2199.9 -6348.1
4432 -2139.5 -6120.9
4433 -1920.1 -6101.5
4434 -2175.9 -6270.3
4435 -2184.2 -6310
4436 -2370.4 -7097.4
4437 -2493.4 -6977.1
4438 -2405.8 -7234.5
4439 -2461 -7425.3
4440 1105.4 2200.7
4441 -2467.3 -7452
4442 -2333.9 -7493.5
4443 -2534.6 -7689.1
4444 -2551.6 -7797.5
4445 -2579 -7913.4
4446 -2110.8 -7973.5
4447 -2536.9 -7722.9
4448 -2676.2 -7891.7
4449 -2140.4 -8052.3
4450 -2592.2 -7968.1
4451 1198.6 2179.3
4452 -2899.4 -8030.4
4453 -2646.2 -8186.9
4454 -2706.1 -8409.8
4455 -3062.4 -8278.2
4456 -2724.9 -8491.3
4457 -3098.5 -8370.3
4458 -2777.3 -8690
4459 -2841.4 -8855.6
4460 -2808.6 -8682.8
4461 -3001 -8959.9
4462 996 2234.7
4463 -2994.7 -8819.3
4464 -3209.1 -9084.4
4465 -2925.9 849.2
4466 -2931.4 829.2
4467 -2905.5 925.8
4468 -2955 753.8
4469 -2152.9 586.9
4470 -2197.5 441.9
4471 -2283.9 626.4
4472 -1974.2 822.2
4473 1088.8 2148.9
4474 -2358.4 648.2
4475 -2325.2 780.4
4476 -2438.8 673.6
4477 -2397.1 503.3
4478 -2516.8 695.5
4479 -2402.7 804.2
4480 -2481.1 825.8
4481 -2597.5 564.6
4482 -2557.4 848.3
4483 2479.8 2317
4484 1177.4 2109.8
4485 2651.7 2262.3
4486 2490.4 2353.9
4487 2462.4 2260.6
4488 2828.8 2208.5
4489 2636.2 2206.5
4490 2673.3 2325.4
4491 2849.5 2272.6
4492 3005.7 2154.2
4493 2812.4 2151.7
4494 3025 2219.3
4495 1837.7 4257.1
4496 978.8 2182.5
4497 3092.6 2128.5
4498 2986.3 2097.4
4499 -2060.4 5659.6
4500 -2048.1 5697.3
4501 -1568.3 3818.6
4502 -1624.8 3642.6
4503 -1640 3840.8
4504 -1495.8 3793
4505 -1679.3 3469.4
4506 -1694.7 3666.7
4507 1061.5 2063.7
4508 -1549.5 3621
4509 -1736.8 3292.9
4510 -1605.9 3445
4511 -1751.1 3493.3
4512 -1813.1 3315.4
4513 -1665.1 3271.7
4514 1638.9 -1423.2
4515 1630.1 -1450.2
4516 1490 -1375.1
4517 1661.3 -1354.4
4518 1153.9 2034.9
4519 1614.5 -1495.3
4520 1605.5 -1521.2
4521 1466.4 -1446.7
4522 1590.7 -1566.3
4523 1581.2 -1593.7
4524 1442.6 -1518.9
4525 1567.1 -1637
4526 1558 -1664.3
4527 1419.5 -1588.7
4528 1542.7 -1710
4529 955.6 2096.7
4530 1534.1 -1739
4531 1395.8 -1660.3
4532 1520.2 -1779.5
4533 1493.4 -1857.7
4534 1372.3 -1731.6
4535 1348.1 -1804.8
4536 572.2 889.7
4537 333.6 962.4
4538 546.6 806.7
4539 306.9 876.7
4540 1038.2 1990.9
4541 2053.1 898.6
4542 2038.1 848.4
4543 2136.1 865.5
4544 -3044.4 449.4
4545 -3066.7 373.6
4546 -3023.7 526
4547 -3045.1 -4492.4
4548 -2952.5 -4515.7
4549 -3125.8 -4477.9
4550 3022.2 -1151.8
4551 1131 1960.9
4552 3105.8 -1175.6
4553 3004.6 -1211.8
4554 2959.9 -1100.1
4555 3081.1 -1263.2
4556 3222.7 -1205.6
4557 3368.4 -1228.9
4558 3286.9 -1050.9
4559 3320.7 -1120.6
4560 3403.2 -1311
4561 3451.9 -1133.7
4562 1031.4 1969.8
4563 -4515.5 -6808.6
4564 -4503.4 -6732.8
4565 -4505.5 -6896.9
4566 3665.1 -2112.9
4567 3702.2 -2232.3
4568 3639.9 -2040.5
4569 3575 -2179.3
4570 3489.1 -2143.6
4571 -2836.1 1989.8
4572 -2939.1 2021.8
4573 925.7 2002.2
4574 -2860.3 1911.9
4575 -2811.1 2071.5
4576 -3039 2054
4577 -2961.5 1944.2
4578 -2914.2 2100.8
4579 -3065.1 1971.2
4580 -3014.7 2132.3
4581 -3955.7 -8323.5
4582 -4004.8 -8332.1
4583 -3534.9 -8262.8
4584 1003.7 1883.4
4585 -4202.1 -8406.2
4586 2800.4 -2808.1
4587 2818.8 -2762.7
4588 3196.3 -2922.1
4589 2768 -2890
4590 3150.6 -3010
4591 3234.9 -2810.6
4592 3741.8 -2363.9
4593 -880.9 4852.4
4594 -908 4768.6
4595 1100.7 1854.2
4596 -982.2 4907.8
4597 -812 4836.2
4598 -932.4 4699.5
4599 -1018.7 4867.1
4600 -1061.4 4812.2
4601 -893.8 4576.7
4602 -4690.1 -10192.6
4603 -4504.4 -10201.9
4604 3837.8 2349.4
4605 3915.5 2315.5
4606 1722.4 4126.8
4607 898.2 1915.4
4608 3782.7 2215.4
4609 3899.7 2497.9
4610 3979.7 2462.1
4611 3951.4 2300.2
4612 3859.1 2182.9
4613 3990.8 2281.8
4614 4026.8 2264.8
4615 3938.4 2147.3
4616 4054.1 2427.3
4617 4180.8 2202.5
4618 974.6 1784.8
4619 4035.4 2183.8
4620 4264.9 2177.4
4621 4162.2 2134.6
4622 4219.2 2039.2
4623 4283.8 2194.4
4624 3963.4 2635.4
4625 4038.1 2602.3
4626 4089.7 2412.3
4627 4117.6 2569.9
4628 4195.3 2535.8
4629 1069.7 1759.5
4630 -1136.3 -4659.9
4631 -1241.9 -4693.9
4632 -1142.1 -4726.6
4633 1536.2 2935.8
4634 1509.7 2853.3
4635 1641.2 2902.4
4636 1660.7 2964.3
4637 1720.6 2880.6
4638 1742 2939
4639 1692.2 2797.8
4640 940.4 1667.7
4641 1152.4 3080.4
4642 1202.8 3064.7
4643 1187.4 3191.7
4644 1237.3 3175.8
4645 1543.6 2959.1
4646 1274.6 3831.7
4647 1170.1 3863.9
4648 1301.5 3918.3
4649 1065.3 3896.1
4650 990 3919.5
4651 1030.8 1638
4652 1093 3983.2
4653 959.3 3929.2
4654 -470.2 4936.4
4655 -463.4 4966.9
4656 -550.9 4970.3
4657 -479.6 4836.9
4658 -616 4997.1
4659 -587.1 4859.1
4660 -493.3 5139.3
4661 -654.4 4872.3
4662 828.7 1705.9
4663 -558.5 5157.2
4664 -1079.7 5201.2
4665 -1058.1 5250.6
4666 -1162.2 5061.9
4667 -187.1 -5143
4668 -100 -5172.5
4669 -302 -5350.2
4670 -121.7 -5031.4
4671 -210.1 -5368
4672 -393.8 -5333.9
4673 920.5 1599.3
4674 -433.4 -5314.8
4675 -212.1 -5000
4676 -300.1 -4977
4677 -736.7 -5753.4
4678 -3950.7 -6178.4
4679 -3977 -6275.9
4680 -3922.4 -6084
4681 -4121 -6118.7
4682 -4309.7 -6205
4683 -4045.9 -6038.8
4684 1009.7 1569.8
4685 -3096 5575.8
4686 -2980.1 5537.6
4687 -2715.2 6041.7
4688 -2641 5984.2
4689 -2565.9 5923.2
4690 3201.2 964.9
4691 3266.6 944
4692 3182 970.8
4693 3238.5 1073.2
4694 3271.2 1191.7
4695 810.3 1636.3
4696 3129.8 1108
4697 3167.4 1228.2
4698 3211.8 1377.9
4699 -2556.9 1135.2
4700 -2595.6 1003.6
4701 -2479.5 1112.6
4702 -2627.6 1163.9
4703 -2667 1023.3
4704 -2518.1 981.6
4705 -2635.2 871
4706 899.3 1530.8
4707 -409.5 5262.2
4708 -559.2 5307.6
4709 -407.7 5295.9
4710 -548.1 5341.3
4711 -573.3 5264.4
4712 -668.6 5345.9
4713 -646.7 5411.7
4714 -827.9 5394.5
4715 -707.7 5225.5
4716 -805.4 5464.7

# Edges
0 1
0 1112
0 1423
0 2357
1 2223
1 3334
1 3456
2 1433
2 3404
2 3451
2 4384
3 36
3 1482
3 4684
3 4706
4 3572
4 3729
4 3731
4 4714
5 558
5 1571
5 3676
6 7
6 8
6 9
7 10
7 11
8 1976
8 4197
8 4398
9 4249
10 4141
11 1976
11 4139
12 13
12 15
12 2687
13 16
13 17
13 18
14 69
14 3261
14 4695
14 4706
15 17
15 3240
16 19
16 20
16 21
17 20
17 1685
18 21
18 1500
18 2687
19 22
19 23
20 26
20 1096
21 23
21 1498
22 24
22 26
22 27
23 27
23 1095
24 28
24 29
24 30
25 36
25 47
25 4706
26 29
26 517
27 30
27 511
28 31
28 32
28 33
28 515
29 515
29 516
30 510
30 514
31 34
31 35
32 514
32 2688
33 518
33 519
33 523
33 2194
34 3526
34 3528
35 37
35 2193
35 3791
36 58
36 3400
37 3713
37 3724
38 39
38 40
38 41
38 42
38 397
38 3802
39 3529
40 43
40 44
41 3847
42 397
42 3802
43 50
43 1507
44 45
44 46
45 48
45 3205
46 48
46 49
47 58
47 69
47 80
48 3034
49 50
49 51
50 56
50 1509
51 52
51 53
52 54
52 2961
52 3034
53 54
53 55
53 56
54 59
54 2959
55 57
55 59
56 2739
57 60
57 61
58 91
58 1484
59 61
59 2962
60 62
60 63
61 65
61 3050
62 2740
62 3350
63 64
63 65
64 66
64 67
65 68
65 3048
66 3350
66 3534
67 68
67 70
67 71
68 72
68 3051
69 102
69 2897
70 3534
71 72
71 4504
72 3075
72 4508
73 411
73 4503
73 4511
74 4219
75 76
75 77
75 1398
75 4234
76 77
76 1398
77 2260
78 79
78 81
78 1343
78 2506
79 82
79 83
79 1346
80 91
80 102
80 114
81 2507
82 84
82 1902
83 1879
84 1345
85 1149
85 1902
85 3743
86 657
86 3460
86 4600
87 439
87 440
87 680
87 4601
88 89
88 90
89 293
89 3029
90 3030
90 3031
91 125
91 1486
92 93
92 94
93 95
93 96
93 97
94 2643
94 2874
94 2876
95 2876
95 2878
96 98
96 99
96 100
97 100
97 3019
98 2877
98 2878
98 2880
99 101
99 103
99 104
100 3020
101 105
101 2880
102 188
102 3262
103 104
103 105
103 106
104 2985
105 107
105 1567
106 107
106 108
107 109
107 1565
108 109
108 110
108 111
109 1566
110 112
110 115
111 2985
111 3065
111 3196
112 116
112 117
113 3250
113 3403
113 3462
113 4384
114 125
114 188
115 116
115 3196
116 3197
117 118
117 4146
118 3197
118 4628
119 2290
119 4146
120 121
120 122
120 123
120 4146
121 124
121 2292
122 3172
122 4623
123 124
123 126
123 127
124 2293
125 190
125 192
126 128
126 129
127 2873
127 4622
128 130
128 131
129 133
129 1383
130 132
130 133
131 132
131 777
131 782
132 134
132 135
133 929
133 1384
134 137
134 782
135 139
135 929
136 147
136 158
136 169
137 138
137 139
138 140
138 141
139 928
140 142
140 387
141 778
141 781
142 143
142 144
143 145
143 146
144 149
144 928
144 931
145 148
145 149
146 150
146 385
146 387
147 180
148 150
148 151
148 152
149 152
149 812
150 673
150 785
151 153
151 154
151 155
152 153
152 810
153 156
153 260
154 156
154 1369
155 675
155 1324
156 157
156 256
157 259
157 1369
157 1380
158 422
158 423
159 160
159 161
159 1336
160 162
160 163
160 3541
161 162
161 1380
161 1954
162 2720
162 3182
163 677
163 678
163 1347
164 165
164 166
165 168
165 1932
166 167
166 168
167 170
167 171
168 175
168 1933
169 418
169 421
170 172
170 173
171 174
172 174
172 175
172 176
173 717
175 4553
176 715
176 4555
177 1930
177 1933
177 4553
178 179
178 181
179 220
179 222
181 220
181 227
181 1536
181 3127
181 3891
182 183
182 184
182 185
182 186
182 2896
183 185
183 186
183 3562
184 1706
184 2896
184 3119
185 187
186 1707
187 188
187 2896
187 3262
188 189
189 190
189 3432
189 3562
190 194
190 2575
191 202
191 213
192 193
192 194
192 1486
193 195
193 196
194 196
194 2573
195 197
195 1485
196 199
196 2573
197 198
197 199
197 3120
197 3608
198 200
198 201
199 200
199 2572
200 3603
200 3606
201 203
201 3603
202 3850
202 3851
203 204
203 205
203 3114
203 4047
204 206
204 207
204 3116
205 206
205 3603
205 3605
206 208
206 3645
207 208
207 1285
207 4541
208 1288
208 3471
209 210
209 1287
209 3343
209 4541
209 4543
210 211
210 3343
211 212
211 2036
211 3343
212 214
212 215
213 225
213 236
214 215
214 217
215 216
215 217
215 2037
215 4048
216 218
216 219
217 1562
218 220
218 222
219 222
219 1562
220 221
220 3127
221 223
221 226
223 2032
223 4048
224 446
224 557
224 668
224 4606
225 2735
225 2979
226 2032
226 2755
226 4692
227 2757
227 3902
228 229
228 230
228 231
228 692
228 1147
229 231
230 694
231 232
231 233
232 233
232 2902
232 4105
233 234
234 2891
234 2935
235 237
235 238
235 239
236 247
236 4269
237 240
237 2993
238 240
238 241
238 3464
239 243
239 779
239 3259
239 3677
240 2991
240 2992
241 242
241 243
241 2992
242 244
242 2989
243 245
243 3256
243 3259
244 245
244 246
245 1673
245 3556
246 248
246 249
247 258
247 4149
248 251
248 899
249 250
249 251
249 1673
250 252
250 903
251 900
251 903
252 253
252 1128
253 254
253 4652
254 255
255 487
255 488
255 1128
256 257
256 259
256 260
257 261
257 262
257 263
258 269
258 280
259 262
259 1955
260 263
260 810
261 264
261 265
261 266
262 265
263 266
263 811
264 267
264 268
264 270
265 268
265 1385
266 270
266 814
267 271
267 272
268 2948
268 3351
269 3569
269 3580
270 271
270 816
271 272
271 818
272 821
273 274
273 275
273 2848
274 276
274 277
274 1165
275 277
275 3561
276 278
276 3681
277 3237
277 3681
278 1165
278 1167
279 281
279 282
279 3452
280 291
280 4217
281 283
281 1442
281 3455
282 1442
282 3239
283 284
283 285
284 1171
284 3455
285 1442
285 2366
286 287
286 304
286 4702
287 290
287 4702
288 289
288 290
288 2490
288 4703
289 4467
289 4703
290 307
290 4703
291 3773
291 4176
292 293
293 294
294 295
294 296
295 1152
295 1153
296 297
297 298
298 299
298 4549
299 2956
300 4045
300 4711
300 4715
301 303
301 304
301 305
302 313
302 4117
303 2383
303 2384
303 2489
304 306
304 2201
305 2513
305 3272
306 1876
306 1877
307 2201
307 2490
308 309
308 310
308 4689
309 311
310 311
310 3340
311 1532
312 315
312 1533
313 324
314 315
314 316
316 2140
316 2142
317 318
317 319
317 4512
318 319
318 411
319 411
320 321
320 322
320 4433
321 322
321 2827
321 4433
322 4426
323 325
323 326
323 4443
324 336
324 4235
325 327
325 328
326 328
326 2262
326 4439
327 329
327 4231
328 2262
329 2262
329 2311
330 332
330 856
330 859
330 4230
331 4230
331 4455
331 4583
332 1068
332 1079
333 334
333 337
333 338
333 339
334 1687
334 1688
334 1689
335 557
335 3403
335 4606
336 347
336 4179
337 1689
337 2415
337 4361
338 340
338 1687
338 2610
339 340
339 341
339 2415
340 2608
340 4373
341 342
341 4373
341 4407
342 2415
342 4385
342 4429
343 344
343 345
343 346
343 1460
344 1462
344 1463
344 4396
345 4362
345 4396
345 4407
346 348
346 349
347 358
347 2724
348 350
348 1460
349 350
349 351
349 1463
350 1461
351 352
351 353
352 353
352 356
352 2611
353 354
353 355
354 3273
354 3573
354 4320
355 356
355 357
355 359
356 361
356 2612
357 360
357 3274
357 4331
358 369
358 380
359 360
359 361
359 362
360 363
360 4334
361 364
361 2617
362 363
362 364
362 365
363 366
363 3673
364 367
364 1248
365 366
365 367
365 368
366 370
366 4341
367 371
367 4487
368 370
368 371
368 372
369 1180
369 1191
370 374
370 4344
371 2619
371 4489
372 373
372 374
372 375
373 376
373 2619
374 377
374 3504
375 376
375 377
375 1141
376 1140
377 3530
377 3648
378 379
378 381
378 382
378 383
379 2845
379 3707
380 391
380 4269
381 384
381 3777
381 4224
382 3775
382 3776
382 3777
383 384
383 3664
383 4368
384 666
384 670
385 386
385 673
385 3176
386 784
386 3175
387 781
388 389
388 390
388 392
388 393
389 394
389 395
390 395
390 2811
391 402
391 4202
392 394
392 1008
393 1009
395 2811
396 397
396 2997
397 1505
398 401
398 4636
398 4645
399 400
399 401
399 4636
400 2738
400 4638
401 1453
401 4163
402 413
402 424
403 404
403 4293
403 4295
404 1881
404 2225
405 406
405 407
405 4575
406 408
406 409
406 4578
407 409
407 2579
408 410
408 4580
409 410
409 1903
410 1905
412 414
412 4546
413 4217
413 4219
414 4468
414 4481
415 416
415 417
416 786
417 853
418 419
418 420
419 2690
419 2908
420 2692
421 423
421 1728
422 425
423 429
423 1728
424 435
424 447
425 426
425 427
426 428
426 429
427 428
428 430
429 1726
429 1727
430 431
430 432
430 433
431 1528
431 1530
432 436
432 1727
433 434
433 436
434 1528
434 1529
435 3380
435 3402
436 437
437 2841
437 2842
438 439
438 440
438 441
438 4661
439 442
440 2013
440 4597
441 2922
441 4657
442 1526
442 2403
443 444
443 445
443 2414
443 2796
443 2977
444 2412
444 2414
444 4283
445 796
445 797
446 779
446 890
446 3678
447 3774
448 449
448 796
448 4283
449 798
449 4377
450 451
450 4592
451 3467
451 3470
452 453
452 454
452 455
452 456
453 630
453 632
454 631
454 1822
455 633
456 457
456 459
456 461
456 632
456 1590
457 634
457 637
458 469
458 480
459 460
459 461
459 800
459 4376
460 462
460 643
461 643
462 463
462 4376
463 645
463 801
463 803
463 4117
464 465
464 466
464 4376
465 467
465 2413
465 4376
466 467
466 468
467 647
467 4166
468 1813
468 2291
468 4166
469 4626
469 4628
470 471
470 472
470 478
471 473
471 474
472 474
472 3277
472 3313
473 481
473 482
473 1716
474 1716
475 476
475 477
475 4124
476 775
476 3074
477 478
477 479
477 4090
478 650
479 3074
479 3277
479 3315
480 4614
480 4617
480 4619
481 483
481 484
481 485
482 650
482 651
483 3203
483 3265
484 651
484 1122
484 1123
485 486
485 1122
486 487
486 488
487 1124
487 1127
488 489
488 1785
489 490
489 652
490 492
490 649
491 502
491 513
491 524
492 493
492 494
493 904
493 2272
493 2393
494 495
494 2393
494 4653
495 1085
495 1494
496 497
496 498
496 499
497 1086
497 1494
498 500
498 501
499 500
499 1086
499 1088
500 1089
500 1091
501 503
501 1091
501 4236
502 2343
502 4716
503 504
503 505
503 4238
504 507
504 1091
504 1092
505 506
505 507
505 508
506 1493
506 4238
507 509
507 1093
508 509
508 510
508 1493
509 511
509 1094
510 511
510 512
511 1095
512 514
512 2688
513 558
513 4714
515 518
516 517
516 518
516 519
517 520
517 1096
519 520
519 521
520 522
520 1097
521 522
521 523
521 525
522 1098
522 1099
523 526
524 535
524 546
524 558
525 526
525 527
525 1099
526 2194
526 2416
527 528
527 529
527 2416
528 532
528 1099
528 1100
529 530
529 531
529 532
530 533
530 534
531 538
531 1837
531 2416
531 3737
532 534
532 1102
533 536
533 537
533 538
534 537
534 1103
535 569
535 580
535 591
536 539
536 540
537 541
537 1104
538 540
539 541
539 542
540 543
541 547
541 1105
542 543
542 544
543 545
544 545
544 547
544 548
545 549
546 580
546 2743
547 550
547 1106
548 549
548 550
548 551
549 2473
550 552
550 1107
551 552
551 553
551 2473
552 555
552 1108
553 554
553 555
553 556
554 560
554 2473
554 2474
555 1109
555 1110
556 559
556 1109
557 3678
558 591
559 560
559 561
559 562
560 564
560 2597
561 565
561 1109
561 1111
562 563
562 564
562 565
563 566
563 567
563 568
564 566
564 2708
565 567
565 1115
566 571
566 2933
567 572
567 1116
568 570
568 571
568 572
569 602
569 613
570 573
570 574
571 575
571 3326
572 574
572 1117
573 575
573 576
574 578
574 1118
575 576
575 581
575 2263
576 577
576 578
577 579
577 581
578 1119
579 582
579 583
580 602
580 2742
581 583
581 585
581 2264
582 584
582 585
583 585
584 586
584 587
585 588
585 3622
586 1119
586 1708
587 588
587 589
588 3620
588 3621
589 590
589 592
590 593
590 2493
590 3620
591 613
591 1571
592 593
592 594
593 596
593 2494
593 3499
593 3500
594 595
594 596
595 597
595 598
596 1927
596 3500
597 599
597 600
598 600
598 1610
598 4539
599 601
599 603
600 601
600 1710
601 1711
601 1712
602 2745
603 604
603 605
603 606
604 3368
604 3371
605 607
605 608
606 1712
606 3718
607 1671
607 3718
608 609
608 610
609 1047
609 1048
610 611
610 1047
610 2901
611 612
611 614
612 615
612 616
613 1572
613 1573
614 2589
614 2901
615 1039
615 1040
615 1047
616 617
616 618
617 619
617 1039
618 619
618 620
619 621
619 1042
620 621
620 622
620 623
621 625
621 1043
622 625
622 626
622 627
623 627
623 2130
624 635
624 646
624 657
625 628
625 1044
626 628
626 629
626 630
627 629
627 2795
628 1045
629 631
629 1821
630 631
631 1820
632 1592
633 634
634 636
635 4598
635 4601
636 1822
636 2655
636 2658
637 638
637 639
638 640
638 641
639 641
639 2658
640 642
640 643
641 642
642 644
642 3540
643 644
644 3495
645 4117
645 4376
646 657
646 669
646 680
647 2413
647 4165
648 2302
648 3912
649 653
649 904
650 1120
651 1120
651 1121
652 653
652 654
653 655
654 655
654 1785
655 904
656 658
656 659
656 660
658 659
658 662
659 662
659 3025
660 3161
660 3492
661 662
661 663
661 4225
663 664
663 4225
664 665
664 4226
665 666
665 4226
666 667
666 4224
667 670
667 3026
668 890
668 3404
669 691
669 702
669 713
670 3149
670 3175
671 672
671 673
671 4367
672 674
672 1324
672 2404
673 785
674 675
674 676
675 676
676 785
677 679
677 681
677 682
677 3183
678 681
678 1347
679 683
679 2720
679 2721
680 702
681 684
682 683
682 684
682 685
683 686
683 2684
684 3079
685 686
685 3068
685 3079
686 2683
687 689
687 1545
687 2683
687 3068
688 689
688 1713
688 1724
688 3068
689 1548
689 3126
690 693
690 1169
690 3126
690 3246
691 724
691 735
691 746
692 693
692 1169
693 1550
694 695
694 696
695 697
695 2923
696 697
696 3101
697 2388
697 2923
698 699
698 700
698 3135
699 2390
699 3113
700 701
700 703
701 704
701 1758
702 735
703 704
703 705
704 706
704 2847
705 706
705 707
706 3164
707 708
707 709
708 1812
708 2390
708 4191
709 710
709 4189
710 1760
710 2127
711 3635
711 4190
711 4192
712 714
712 715
712 4192
712 4560
713 746
713 2514
713 3460
714 3672
714 4568
715 716
716 717
716 718
718 719
718 720
719 721
719 722
719 723
720 722
720 1981
721 725
721 2509
722 1054
723 725
723 726
724 757
724 768
724 780
725 2510
726 727
726 728
727 729
727 730
728 1062
729 731
729 732
730 1060
731 733
732 1579
732 2842
733 734
734 736
734 737
735 768
736 737
736 738
736 739
737 738
737 1971
738 740
739 2841
739 3077
740 741
740 742
741 1972
741 1975
742 743
742 744
743 745
743 1393
743 1975
744 745
744 747
744 4587
745 748
745 1389
746 780
746 2422
747 1394
747 4591
748 1390
748 1769
748 4587
749 1769
749 1770
749 4589
750 751
750 1725
750 1767
750 4589
751 752
752 753
752 754
753 755
753 756
754 2909
754 3128
755 1605
756 758
756 4097
757 791
757 802
757 813
758 759
758 760
759 3060
760 761
760 762
761 762
761 763
761 764
761 4093
762 4049
763 764
763 765
763 4093
764 3058
765 766
765 4216
767 769
767 4214
767 4216
768 802
769 770
770 774
771 772
771 773
771 774
773 774
773 2787
775 776
775 4113
776 2925
776 2926
777 783
777 2873
777 3148
778 781
778 782
778 783
779 1001
780 813
780 2427
781 784
783 784
783 3147
784 3149
786 808
787 788
787 789
788 790
789 2428
789 4427
790 3067
791 802
791 3324
792 2394
792 4013
793 1935
793 2176
793 2337
793 2505
794 1935
794 3823
794 3826
795 1935
795 1937
795 3790
795 3792
796 798
796 799
797 799
797 1592
798 800
799 800
799 1590
801 804
801 805
803 804
803 1792
803 3493
804 805
804 2284
805 2278
805 2829
806 807
806 808
806 809
809 1186
809 2429
810 811
810 812
811 814
811 815
812 815
812 931
813 3322
813 3324
814 816
814 817
815 817
815 936
816 818
816 819
817 819
817 938
818 820
818 821
819 820
819 942
820 822
820 944
821 822
822 945
823 825
823 826
824 835
824 846
824 857
825 873
825 877
827 2191
827 2192
827 4046
828 1206
828 1214
828 4046
829 830
829 831
829 832
830 833
830 834
831 3445
831 3448
832 1748
833 836
833 837
835 868
835 879
835 891
836 838
836 839
839 1144
839 3300
839 3302
840 841
840 842
840 4463
841 2328
841 4463
842 1893
842 1894
843 844
843 845
843 847
844 848
845 848
845 1373
845 3160
847 2982
849 850
849 851
849 4278
850 1596
850 1600
851 3650
852 853
852 854
854 1186
854 3542
855 1002
855 1046
855 1620
856 858
856 1046
856 1068
857 1018
857 3087
857 4004
857 4005
857 4006
857 4007
858 859
858 1620
859 2311
860 861
860 4583
861 862
861 863
862 2832
862 4259
863 864
863 865
864 923
865 869
866 867
866 869
867 870
867 871
867 872
868 902
868 913
869 4050
869 4585
870 873
870 874
871 2789
871 2790
871 2792
872 876
872 1754
872 3100
873 875
873 876
875 3298
876 1754
877 878
877 880
878 880
878 881
879 3198
879 3304
880 3155
881 3002
882 884
882 885
882 3002
883 3002
883 3098
883 3461
884 886
884 887
885 3376
886 888
887 889
887 2261
888 889
888 892
889 1980
890 1001
890 3454
891 902
892 893
893 894
894 895
894 2261
895 896
895 897
897 2315
897 2317
898 2988
898 2989
898 4648
899 900
899 4648
900 901
900 4647
901 903
901 4652
905 906
905 907
906 908
906 909
907 909
907 2515
908 910
909 910
911 912
911 4108
912 4119
913 924
913 935
914 915
914 916
915 2859
916 919
916 2812
917 918
917 919
917 4682
918 920
920 1186
920 3469
921 922
921 923
921 4258
922 925
923 1782
924 946
924 957
925 926
925 927
926 3413
928 929
928 930
930 931
930 932
931 936
932 933
932 934
933 936
933 937
934 1384
935 957
935 3198
936 938
937 938
937 939
937 940
938 942
939 1381
939 1384
940 941
940 942
941 943
941 944
942 944
943 945
944 945
946 968
946 979
947 948
947 949
947 950
948 951
948 956
949 1747
949 1750
950 2639
951 2639
952 2846
952 3952
953 2469
953 4171
954 955
954 4173
955 1458
955 3325
956 958
956 2380
957 3181
959 960
959 961
959 962
959 963
960 966
960 971
961 964
962 3278
963 964
963 966
963 967
964 965
965 3549
965 3685
966 969
967 1826
967 3442
968 990
968 1002
969 970
969 971
970 1825
970 1826
970 1827
971 1823
972 973
972 974
972 975
973 1001
973 1440
974 976
974 1668
975 976
975 977
975 1440
976 978
976 4118
977 978
977 980
978 2352
979 3181
979 3705
980 981
980 982
981 1438
981 1439
981 2351
982 983
982 2367
983 984
983 985
984 2351
985 2367
985 2368
986 987
986 988
986 989
987 988
987 991
987 2136
987 2257
989 2191
989 2257
990 1013
990 1024
990 1046
991 992
991 993
992 994
992 995
993 2191
993 2257
994 996
994 997
995 997
995 2192
996 2136
997 3303
998 999
998 1000
998 1003
999 1238
999 1242
999 1243
1000 1004
1000 1005
1000 1006
1001 1439
1002 1046
1003 1005
1003 1244
1003 1245
1004 1007
1004 1008
1005 1007
1005 4490
1006 1239
1006 1243
1006 2621
1007 1009
1007 3379
1008 2621
1009 3647
1009 4494
1010 1012
1010 1014
1010 4603
1011 3287
1011 3288
1011 4603
1012 3642
1013 1024
1013 1035
1013 1046
1014 1723
1015 1016
1015 1017
1016 1772
1016 1778
1017 1367
1017 2843
1017 2883
1018 3967
1019 1020
1019 1021
1019 1022
1020 1023
1020 1025
1021 1798
1021 1803
1021 3627
1022 2723
1023 1026
1023 1027
1024 2312
1024 2316
1024 3096
1024 4098
1025 1803
1025 1806
1026 1028
1027 1028
1027 1806
1027 2243
1028 2245
1028 3483
1029 1030
1029 1031
1029 1032
1030 1034
1030 2279
1030 2899
1031 1036
1031 2829
1032 1033
1032 1034
1032 1036
1033 1037
1033 1038
1034 1038
1034 2587
1035 1057
1035 1068
1036 1037
1036 2830
1037 2831
1039 1041
1040 1041
1040 1049
1040 2088
1041 1042
1041 1959
1042 1043
1042 1956
1043 1044
1043 1958
1044 1045
1044 3465
1045 2796
1047 1049
1048 1641
1048 1671
1049 2089
1050 1051
1050 1052
1050 4448
1051 1052
1051 4448
1052 4452
1053 1054
1053 1055
1053 1056
1054 1061
1055 2195
1055 3330
1056 1058
1056 1059
1057 1079
1058 2195
1058 2196
1059 1060
1059 1061
1060 1971
1061 1062
1063 2369
1063 2968
1063 4410
1064 3307
1064 4410
1064 4412
1065 1066
1065 1067
1065 1069
1066 1070
1066 1071
1067 1070
1067 1401
1067 3357
1069 1400
1069 1403
1070 1072
1070 1073
1071 3531
1071 3538
1072 1074
1072 1075
1072 1076
1073 3531
1074 3356
1074 3357
1074 3360
1075 1077
1076 1077
1076 1080
1077 1078
1078 1080
1078 1081
1079 4230
1080 2520
1081 2519
1082 1083
1082 1084
1083 2966
1084 1187
1084 2821
1085 1086
1085 1630
1085 4653
1086 1087
1087 1088
1087 1632
1087 1633
1088 1667
1089 1651
1089 1667
1090 1101
1090 1114
1090 1125
1091 1651
1092 1650
1092 1651
1092 1896
1093 1094
1093 1896
1094 1095
1094 1496
1095 1498
1096 1097
1096 1685
1097 1098
1097 1686
1098 1687
1098 1688
1099 1688
1100 1102
1100 1688
1100 1689
1102 1103
1102 1690
1103 1104
1103 4360
1104 1105
1104 1692
1105 1693
1105 1694
1106 1107
1106 1693
1106 1696
1107 1108
1107 1697
1108 1110
1108 1698
1108 2307
1109 1700
1110 1699
1110 1700
1111 1115
1111 1700
1111 1701
1112 1224
1112 1446
1113 1224
1113 1335
1113 2892
1114 3151
1114 3179
1114 3490
1115 1116
1115 1703
1116 1117
1116 1704
1117 1118
1117 1705
1118 1119
1118 1706
1119 1707
1120 1653
1120 4090
1121 1653
1121 1654
1122 1124
1122 1658
1123 1643
1123 1654
1123 1661
1124 1126
1125 3191
1125 4115
1126 1127
1126 1658
1127 1659
1128 1659
1128 1673
1129 1130
1129 1131
1129 1132
1130 1133
1130 1134
1131 1133
1131 4194
1132 1134
1132 4193
1133 1531
1134 1135
1135 1676
1135 4193
1136 1147
1136 1158
1136 1169
1137 3893
1137 4494
1137 4497
1138 1139
1138 1140
1138 1141
1138 1142
1139 3284
1139 3285
1139 3286
1140 2619
1140 4498
1141 3784
1142 3782
1142 3888
1142 4498
1143 1144
1145 1146
1145 1148
1145 1149
1146 1151
1146 1348
1146 1349
1147 2746
1147 3838
1148 1150
1148 1151
1149 1348
1150 1924
1151 4287
1152 1154
1152 1155
1152 1156
1153 4549
1154 1157
1155 1157
1155 4548
1156 3069
1156 3341
1157 1159
1158 1713
1158 1724
1159 4548
1160 1161
1160 1162
1160 1163
1160 1164
1161 1165
1161 3112
1161 3226
1162 1628
1162 1666
1162 3568
1163 3225
1163 3555
1164 2848
1164 2849
1165 2848
1166 3112
1166 3335
1166 3688
1167 3112
1167 3666
1168 1171
1168 1444
1168 3001
1168 3455
1169 1724
1170 1448
1170 3001
1170 3431
1171 1172
1172 1444
1172 1451
1173 1174
1173 1175
1173 1176
1174 1177
1174 3432
1175 1177
1175 1178
1176 3562
1176 3563
1177 1857
1178 1609
1178 1708
1178 3563
1179 1181
1179 1182
1179 1183
1180 4149
1180 4202
1181 1184
1181 2983
1182 3186
1182 3377
1183 1184
1183 1185
1184 2984
1185 2153
1185 3319
1186 2861
1186 3289
1186 3873
1187 1188
1188 1189
1189 2822
1190 1192
1190 1193
1190 1194
1191 1202
1191 3569
1192 1986
1192 2634
1193 1367
1193 1771
1194 1195
1194 1196
1195 1197
1195 1994
1195 2634
1196 1197
1196 4253
1197 1996
1198 1200
1198 4253
1199 1578
1199 4253
1200 1203
1200 4254
1201 1203
1201 1204
1201 4082
1201 4255
1202 3513
1202 3524
1203 1205
1204 1205
1204 1206
1205 2862
1206 1207
1206 2862
1207 1208
1207 1209
1208 1210
1208 1211
1209 2862
1210 1749
1210 3886
1211 1212
1212 1214
1212 1215
1212 1216
1213 1225
1215 3523
1215 3883
1216 1217
1216 1218
1217 2729
1218 1219
1218 4058
1219 1220
1220 1221
1220 1222
1222 1223
1222 1226
1223 1226
1223 1227
1224 1446
1225 1236
1225 1247
1226 2884
1227 1228
1228 1229
1229 1230
1229 1622
1230 1231
1230 1232
1231 1233
1231 3614
1232 1619
1232 1623
1233 1234
1233 1235
1233 4670
1234 3987
1235 2294
1235 3612
1236 1876
1236 4299
1237 1238
1237 1239
1237 1240
1238 1241
1239 1243
1240 1372
1240 2620
1241 1242
1241 3348
1242 1244
1242 3216
1244 1246
1244 3217
1245 4486
1245 4490
1246 1248
1246 2618
1246 4486
1247 1873
1247 1875
1248 2617
1248 4487
1249 1250
1249 1251
1249 4339
1250 1252
1250 1253
1251 1254
1251 2456
1251 4343
1252 1256
1252 2453
1252 4336
1253 1254
1253 1255
1253 1256
1254 1259
1254 2459
1255 1257
1255 1259
1256 1260
1256 2455
1257 1260
1257 1261
1257 1262
1258 1269
1258 1280
1258 2786
1259 1262
1259 2599
1260 2607
1260 2719
1261 1263
1261 1264
1262 1263
1263 1265
1263 2711
1264 1265
1264 1266
1264 1267
1265 1268
1265 2805
1266 1270
1266 2719
1266 2804
1267 1268
1267 1270
1267 1271
1268 1272
1268 2678
1270 1273
1270 2675
1271 1272
1271 1273
1271 1274
1272 1275
1272 2676
1273 1276
1273 2671
1274 1275
1274 1276
1274 1277
1275 1278
1275 2677
1276 1279
1276 2674
1277 1278
1277 1279
1277 1281
1278 1283
1278 2754
1279 1282
1279 2753
1280 3063
1280 3266
1280 3392
1281 1282
1281 1283
1281 1284
1282 1285
1282 3118
1283 1287
1283 3109
1284 1285
1284 1286
1285 3116
1286 1287
1286 4541
1287 3110
1288 1289
1288 4542
1289 1290
1289 1292
1290 3471
1290 3675
1291 1302
1291 1313
1291 4091
1292 1293
1292 1294
1293 3481
1293 3643
1293 3675
1294 1295
1294 1296
1294 3643
1295 1297
1295 3505
1296 1297
1296 1298
1296 1299
1297 1300
1297 3506
1298 1301
1298 3587
1298 3643
1299 1300
1299 1301
1299 1303
1300 1304
1300 2761
1301 2756
1301 2772
1302 1313
1302 3143
1303 1304
1303 1305
1303 1306
1304 1307
1304 2758
1305 2756
1305 2773
1306 1307
1306 1308
1306 1309
1307 1310
1307 2760
1308 1311
1308 2771
1308 2773
1309 1310
1309 1311
1309 1312
1310 1314
1310 3509
1311 1315
1311 3599
1312 1314
1312 1315
1312 1316
1313 2954
1314 1318
1314 3007
1315 1319
1315 3005
1316 1317
1316 1318
1316 1319
1317 1320
1317 1321
1317 1322
1318 1321
1318 3006
1319 1320
1319 3003
1320 2107
1320 2109
1321 2116
1322 1323
1322 1325
1322 2107
1323 1326
1323 2110
1324 1336
1324 1347
1324 2405
1325 1326
1325 1327
1326 1330
1326 2114
1327 1328
1327 1329
1328 1330
1328 1331
1329 1333
1329 2107
1329 2108
1330 1334
1330 2175
1331 1332
1331 1333
1332 1334
1332 1337
1333 1338
1333 2183
1334 1339
1334 2337
1335 2894
1335 2895
1336 1358
1337 1338
1337 1339
1337 1340
1338 2334
1338 3646
1339 1341
1339 2504
1340 1341
1340 1342
1340 3646
1341 1343
1341 2506
1342 1343
1342 1344
1344 1345
1344 1346
1345 1348
1349 2778
1349 2782
1349 4290
1350 1351
1350 1352
1350 4286
1350 4287
1351 4516
1351 4517
1352 1353
1352 1354
1352 4516
1353 1355
1353 3631
1353 4286
1354 1355
1354 1356
1354 4521
1355 1357
1355 3630
1356 1357
1356 1359
1356 4524
1357 1360
1357 2486
1358 1369
1358 1380
1359 1360
1359 1361
1359 4527
1360 1362
1360 2482
1361 1362
1361 1363
1361 4531
1362 1365
1362 2485
1363 1364
1363 1365
1364 1366
1364 4534
1365 1368
1365 3553
1366 1367
1366 1368
1366 4535
1367 1830
1367 1831
1367 2843
1368 3551
1370 1371
1370 1372
1370 1373
1371 2381
1371 2382
1372 2620
1373 2381
1374 1375
1374 1376
1374 1377
1375 1378
1376 3407
1377 3393
1377 3394
1378 1379
1378 2336
1379 3305
1379 3751
1380 1955
1381 1382
1381 1383
1382 2517
1383 1384
1383 2516
1385 1386
1386 1387
1386 1388
1387 1949
1387 1950
1388 1540
1388 3519
1389 1393
1389 2558
1390 2558
1390 2580
1391 1402
1391 3811
1391 3990
1392 2408
1392 2558
1392 3323
1393 2410
1393 2411
1394 1395
1394 3077
1395 3078
1395 4591
1396 1397
1396 1398
1397 3502
1399 1400
1399 1401
1399 1403
1400 1401
1402 2273
1402 2277
1403 3354
1404 1405
1404 1406
1404 1407
1405 1408
1405 1409
1405 1410
1406 3144
1406 4371
1407 2256
1407 4370
1408 1411
1408 1412
1408 1414
1409 1414
1409 3144
1410 1412
1410 2256
1411 1415
1411 1416
1411 1417
1412 1886
1413 1424
1413 1435
1413 1447
1414 1415
1415 1420
1416 1419
1416 1886
1417 1418
1417 1419
1417 1420
1418 1419
1418 1421
1419 2076
1420 1421
1421 2085
1422 1423
1422 1425
1422 1426
1423 3422
1424 1624
1424 3325
1424 4107
1425 1427
1425 1428
1425 2354
1426 2356
1426 2357
1427 1429
1427 1430
1427 1431
1428 1430
1428 3422
1429 1432
1429 2354
1430 3450
1431 1432
1431 1433
1431 3450
1432 2355
1433 1434
1433 1436
1434 2355
1434 2360
1434 2361
1435 1447
1435 2269
1436 2360
1436 2375
1436 3405
1437 1438
1437 1439
1437 2375
1437 3454
1438 2350
1438 2374
1439 1440
1441 1442
1441 1443
1441 2001
1441 2364
1443 2362
1443 2366
1444 1445
1444 1448
1445 1449
1445 3220
1446 1580
1446 3421
1447 1458
1448 3220
1449 1450
1449 1451
1449 3232
1450 1452
1450 2734
1451 2737
1452 1453
1452 4112
1453 2736
1454 1455
1454 1456
1454 4262
1454 4634
1455 1457
1455 3276
1455 4639
1456 1457
1456 1459
1456 4296
1457 1461
1457 2614
1458 2189
1459 1460
1459 1461
1459 4340
1460 4362
1461 2611
1462 1464
1462 4304
1462 4305
1463 1464
1463 3397
1464 4309
1465 1466
1465 1467
1465 4306
1465 4518
1466 2436
1466 4310
1467 1468
1467 2436
1467 4551
1468 1470
1468 1471
1468 2436
1468 2600
1469 4132
1469 4133
1470 1475
1470 4629
1471 1472
1471 2712
1471 2799
1472 1473
1472 1474
1472 1475
1473 1476
1473 1477
1473 1478
1474 1476
1474 2799
1474 2800
1475 4629
1476 1481
1476 2665
1477 4629
1477 4651
1478 1479
1478 1481
1478 4651
1479 1482
1479 1483
1479 4684
1480 1491
1480 1502
1480 3683
1480 3971
1480 4000
1481 1483
1481 2662
1482 3399
1482 3400
1483 2664
1483 3399
1484 1485
1484 1486
1484 3400
1485 3120
1485 3121
1487 1488
1487 1489
1487 1490
1488 1552
1488 1555
1489 1490
1489 1519
1489 1521
1490 1492
1491 2348
1491 3765
1492 1839
1493 1495
1493 3691
1494 3691
1495 2688
1495 3527
1496 1497
1496 1498
1496 1499
1497 1500
1497 1501
1498 1500
1499 1652
1499 1683
1500 1503
1501 1503
1501 1504
1501 1684
1502 2348
1502 4000
1503 2687
1504 2730
1504 3229
1505 1506
1505 1507
1505 1508
1506 1508
1506 1509
1506 2740
1507 1509
1508 2998
1509 2739
1510 1511
1511 3579
1512 1514
1512 2351
1512 2980
1512 3995
1513 1524
1513 1535
1514 2980
1514 3426
1514 3428
1515 1516
1515 1517
1515 1518
1516 3714
1516 3715
1517 3736
1517 3894
1518 2080
1518 2081
1519 1520
1519 1521
1519 3894
1520 1552
1520 1553
1521 1834
1521 3895
1522 1523
1522 2785
1522 3756
1523 2783
1525 1526
1525 1527
1526 1527
1527 2920
1527 2921
1529 1579
1529 1581
1529 2842
1530 4119
1531 1588
1531 4194
1532 1533
1532 1534
1533 2140
1534 3338
1534 3340
1535 4072
1535 4129
1536 1537
1536 1538
1537 2755
1537 3127
1538 2682
1538 2755
1539 1540
1539 1541
1539 1542
1540 1551
1541 1544
1541 1949
1541 2684
1542 1543
1542 1544
1543 1545
1543 1547
1544 1545
1544 2683
1545 1548
1546 1558
1547 1548
1547 4143
1548 3235
1549 1550
1549 2935
1549 4142
1550 3246
1551 2947
1551 2949
1552 1554
1553 2080
1553 2160
1554 1555
1554 2161
1555 1838
1556 1559
1556 1560
1556 1561
1557 1668
1557 1779
1557 1890
1558 4260
1561 3333
1561 3372
1562 1563
1563 1788
1563 1789
1564 3140
1564 4188
1564 4564
1565 1566
1565 1567
1566 2820
1567 2654
1568 1570
1568 4002
1568 4245
1569 1580
1569 1591
1569 3236
1569 3242
1569 3310
1570 2783
1570 4243
1571 2150
1571 3738
1572 1574
1572 3738
1573 1574
1575 1576
1575 1577
1575 4600
1576 1817
1576 4599
1577 2512
1577 2514
1579 4592
1580 1591
1581 3466
1581 3467
1582 2418
1582 4565
1583 1584
1583 1585
1583 1586
1584 1587
1585 2147
1585 3070
1586 2085
1588 2728
1589 3686
1589 4037
1589 4281
1589 4283
1590 1592
1591 2893
1593 1594
1593 4135
1594 4545
1595 1596
1595 1597
1595 1598
1596 1599
1597 2696
1597 2697
1598 1731
1598 1743
1599 1600
1600 1731
1601 1603
1601 1604
1601 4422
1602 1613
1602 2491
1603 1966
1603 1969
1604 4420
1604 4632
1605 1606
1606 3054
1606 3496
1607 1608
1607 1609
1607 4537
1608 1610
1608 1611
1609 1611
1609 3564
1610 1709
1611 1708
1612 1614
1612 1615
1612 1616
1613 1624
1614 1617
1615 1618
1615 1918
1616 1915
1616 1917
1617 1618
1618 1619
1620 2310
1621 1622
1621 3612
1623 4670
1623 4675
1625 1626
1625 1627
1625 3560
1626 1629
1626 4649
1627 1628
1627 1634
1628 2849
1628 3560
1629 1630
1629 1631
1630 1633
1630 4650
1631 1632
1631 1633
1632 1634
1634 1666
1635 3655
1636 1637
1636 1638
1636 1639
1637 1640
1637 2563
1637 3434
1638 1640
1638 1641
1639 1641
1639 1672
1639 1714
1640 2093
1640 2566
1641 2089
1642 1643
1642 1644
1642 2704
1643 1658
1644 1645
1644 1647
1645 1648
1645 2704
1646 1657
1646 1669
1647 1648
1647 1659
1648 1673
1648 2703
1649 1650
1649 1651
1649 1670
1650 1652
1652 1896
1653 1656
1654 1660
1655 2892
1655 3236
1655 4113
1656 1662
1656 4057
1657 2912
1657 3689
1657 3690
1657 3915
1657 4123
1660 1663
1660 1665
1661 1665
1661 2700
1661 2704
1662 1663
1662 3311
1663 1664
1664 1665
1664 1717
1664 3311
1665 1718
1666 1667
1666 1670
1668 2001
1668 2364
1669 2624
1669 3638
1670 1679
1671 1672
1672 3718
1674 1675
1674 1676
1674 1677
1675 1815
1675 2903
1676 1678
1677 1814
1677 1815
1679 1681
1679 3568
1680 1691
1680 1702
1681 1682
1681 1683
1682 1684
1682 1897
1682 3568
1683 1684
1684 1898
1685 1686
1685 3240
1686 3241
1687 3241
1689 1690
1690 4360
1690 4361
1691 4266
1691 4268
1692 1694
1692 4358
1692 4360
1693 1695
1694 1695
1694 2082
1695 2083
1695 2167
1696 1697
1696 2167
1697 2169
1697 2307
1698 2169
1698 2307
1698 2471
1698 2472
1699 1701
1699 2472
1701 1703
1701 2593
1703 2707
1704 1705
1704 2707
1704 2929
1705 1706
1705 2931
1706 1707
1709 4537
1709 4539
1710 1711
1710 2722
1710 4539
1711 1714
1711 3565
1712 1714
1713 3057
1714 3566
1715 3624
1715 3635
1715 4558
1716 3203
1717 1718
1717 3309
1718 3200
1719 1720
1719 1721
1719 1722
1720 1721
1720 1723
1722 3287
1722 3725
1723 3287
1725 1726
1725 1727
1725 4590
1726 1728
1729 1730
1729 2489
1729 4701
1730 2488
1730 4480
1730 4704
1731 1732
1731 1733
1732 1734
1732 1736
1733 2865
1734 1737
1734 1738
1735 1746
1735 1757
1735 1768
1736 1737
1736 1739
1736 1740
1738 2865
1738 2866
1739 3040
1740 1741
1740 1742
1741 1743
1742 3040
1744 1968
1744 2146
1745 1747
1745 1748
1745 1749
1746 1757
1746 3424
1748 3449
1749 1750
1750 3520
1750 3521
1751 1752
1751 2871
1751 4619
1752 2873
1752 4621
1752 4622
1753 2944
1755 1756
1755 1758
1755 1759
1756 1760
1756 1761
1757 3771
1758 2847
1759 1761
1759 2685
1761 2049
1761 2686
1762 1763
1762 1764
1763 3642
1765 1766
1765 1767
1765 2580
1766 1769
1766 1770
1767 1770
1768 3188
1768 3189
1768 3289
1768 3946
1768 3957
1769 1770
1771 1772
1771 1773
1772 1774
1773 1775
1774 1775
1774 1776
1776 1777
1776 1778
1777 1781
1778 2844
1778 2882
1779 2993
1779 3238
1780 1791
1780 1802
1780 1813
1782 4050
1783 1784
1783 4449
1784 2007
1784 4446
1785 1786
1785 1787
1785 2270
1785 2272
1786 3264
1786 3265
1787 2270
1787 2273
1787 3062
1788 3507
1788 3544
1789 2038
1789 2039
1790 1792
1790 1793
1790 1794
1791 3035
1791 3046
1792 1795
1792 1796
1792 1797
1793 1796
1793 2287
1794 1797
1794 3494
1794 3540
1795 1797
1795 2288
1796 2286
1797 2288
1798 1799
1798 1800
1799 1801
1799 1803
1799 1804
1800 1804
1800 2234
1800 3625
1801 1805
1801 1806
1802 2581
1802 4380
1804 1805
1804 2238
1805 2242
1805 2243
1807 1808
1807 1809
1807 1810
1808 1809
1808 1811
1809 3539
1810 1811
1810 3204
1811 3037
1811 3205
1812 1814
1812 1815
1813 2291
1814 4191
1815 2133
1816 3558
1816 3730
1816 4232
1817 2146
1817 4666
1818 1819
1818 2340
1818 4709
1819 2341
1819 4710
1819 4713
1820 1821
1820 1822
1821 2793
1823 1982
1823 3636
1824 1835
1824 1846
1824 1857
1825 3634
1826 1830
1826 3548
1827 1828
1827 1829
1828 1830
1828 1831
1829 1831
1829 1982
1829 1983
1830 2481
1830 3551
1830 3552
1831 1982
1832 1833
1832 1834
1832 1836
1833 2193
1834 1837
1835 2537
1835 2575
1835 3433
1836 1837
1836 2416
1837 3714
1838 1839
1838 1840
1838 1841
1840 2161
1840 2163
1841 3513
1841 3845
1842 1845
1842 2197
1842 2476
1842 3513
1843 1844
1843 1845
1843 3513
1844 1847
1845 1847
1845 1848
1845 2476
1846 3433
1846 3564
1847 1850
1848 1849
1848 1850
1849 1851
1849 1852
1849 1853
1850 1852
1851 2197
1851 2199
1852 1855
1853 1854
1853 1855
1854 1856
1854 1859
1854 2204
1855 1862
1856 1858
1856 1859
1857 3432
1857 3564
1858 1860
1858 1861
1859 2938
1859 2940
1860 1861
1860 1865
1860 2938
1861 1862
1862 1863
1863 1864
1863 1865
1864 1866
1864 1869
1865 1869
1865 3328
1866 1867
1866 1869
1867 1870
1867 2513
1868 1879
1868 1891
1868 1902
1869 2266
1870 1871
1870 2518
1871 1872
1871 1873
1872 1874
1873 1874
1875 1887
1875 1888
1877 1878
1877 1880
1878 1880
1878 1881
1879 1913
1881 1882
1882 2190
1882 2225
1883 1884
1883 1885
1883 4122
1884 4122
1885 3692
1886 2076
1887 1888
1887 1889
1887 1892
1888 1889
1889 1892
1890 2001
1890 2112
1890 3238
1891 3301
1891 3312
1893 1894
1893 4460
1894 1895
1895 4457
1897 1898
1897 3555
1898 3229
1899 1900
1899 1901
1899 1903
1899 1904
1900 1904
1900 1905
1901 2576
1901 2577
1901 2578
1902 4131
1903 1905
1903 2579
1906 1907
1906 1910
1906 4201
1907 1908
1907 3900
1908 1909
1908 1910
1909 1911
1909 1912
1910 3896
1911 3511
1911 3512
1912 3900
1912 3906
1913 1924
1913 1935
1914 1915
1914 1916
1914 1917
1915 1918
1916 2158
1916 2968
1918 2158
1919 1920
1919 1921
1919 4437
1920 1922
1920 1923
1922 1926
1923 1925
1924 4517
1925 1926
1926 4437
1927 1928
1928 2246
1928 3367
1929 1930
1929 1931
1929 1944
1929 1948
1930 1932
1931 3270
1931 4554
1932 1933
1934 1936
1934 1937
1934 1938
1934 1939
1935 3823
1936 1940
1936 1941
1936 1942
1937 1942
1937 2338
1938 2180
1938 2338
1938 2339
1939 1941
1939 2137
1939 2339
1940 1943
1940 2498
1940 2500
1941 2499
1941 2500
1942 2497
1942 2498
1943 1944
1943 1945
1943 1947
1944 3270
1945 2500
1945 2501
1945 3270
1946 1957
1946 1968
1946 1979
1947 1948
1947 2497
1947 2498
1949 3317
1950 1951
1950 1952
1950 1953
1951 1953
1951 1954
1952 3316
1952 3317
1953 1955
1954 1955
1954 3316
1956 1958
1956 1959
1957 2013
1957 2035
1957 4593
1958 3436
1958 3465
1959 2087
1960 1961
1960 1962
1960 1963
1961 1964
1961 1965
1962 1965
1962 2589
1963 1964
1963 2130
1964 2132
1965 2953
1965 3015
1966 1967
1966 4422
1968 4596
1969 2886
1970 1971
1970 1972
1970 1973
1972 1974
1973 3275
1974 2409
1974 2411
1974 3199
1975 2411
1976 1977
1976 1978
1977 2863
1977 2864
1978 2863
1978 4138
1978 4139
1979 2035
1979 2113
1981 3329
1981 3330
1982 1984
1983 3633
1983 3636
1984 1985
1984 1986
1984 1987
1985 1988
1985 2633
1986 2633
1988 1989
1988 1991
1988 1992
1989 1994
1989 2633
1989 2634
1990 2002
1990 2013
1990 2024
1991 1993
1991 1994
1993 1995
1993 1996
1994 1996
1997 1998
1997 1999
1997 2000
1998 2000
1998 2004
1998 3218
1999 2003
1999 3032
2000 3346
2000 3518
2001 3239
2002 2068
2002 2079
2002 4658
2003 2004
2003 2005
2004 3215
2004 3216
2005 3032
2005 3214
2005 4639
2006 2007
2006 4442
2008 2009
2008 2010
2008 3530
2008 3776
2009 3775
2009 3776
2009 3785
2010 3785
2010 4356
2011 3349
2011 3530
2011 4353
2011 4356
2012 2014
2012 2015
2012 4355
2012 4698
2013 4661
2014 2457
2014 2461
2014 4354
2015 2016
2015 2461
2015 2462
2016 2017
2016 2018
2016 4697
2017 2019
2017 2020
2018 2020
2018 2461
2018 2598
2019 2021
2019 2022
2019 4696
2020 2021
2020 2807
2021 2023
2021 2806
2022 2023
2022 2025
2022 2026
2023 2679
2024 2035
2024 2068
2025 2032
2025 4692
2025 4696
2026 2027
2026 2028
2027 2029
2027 2677
2027 2679
2028 2029
2028 2030
2029 2034
2029 2754
2030 2031
2030 2032
2031 2033
2031 2034
2033 2036
2033 2037
2034 2036
2034 3109
2035 2046
2036 3110
2037 4048
2038 2042
2038 2762
2038 3544
2039 2040
2039 2041
2040 2045
2041 2042
2041 2043
2042 2044
2042 2759
2043 2044
2043 2045
2043 2047
2044 2048
2044 2763
2046 2057
2046 2068
2047 2048
2047 2049
2048 3014
2048 3510
2049 2685
2049 2686
2050 2051
2050 2052
2050 2053
2051 2479
2051 3441
2052 2529
2052 2533
2052 2534
2053 2534
2053 3439
2053 3440
2054 2055
2054 2056
2054 2058
2055 2059
2055 2060
2056 2059
2056 2522
2057 2079
2057 2090
2058 2568
2058 2622
2058 2623
2059 2523
2060 2412
2060 2530
2060 2623
2061 2968
2061 3307
2061 4632
2062 2064
2062 2886
2062 2957
2063 2065
2063 2145
2063 2957
2064 2065
2064 2066
2065 3291
2066 2067
2066 2069
2066 2070
2067 2071
2069 2888
2069 3372
2070 3291
2070 3728
2071 2072
2072 2073
2072 2074
2073 2972
2073 3373
2075 2076
2075 2077
2075 2078
2076 3031
2077 3047
2077 3575
2078 3043
2078 3047
2079 2101
2080 2171
2080 3283
2081 3283
2081 3715
2082 2083
2082 2084
2082 4358
2083 2164
2084 2165
2084 2434
2084 4529
2085 2086
2086 3067
2086 3069
2087 2088
2087 2089
2087 2091
2089 2093
2090 2135
2090 3546
2090 4232
2091 2092
2091 2093
2091 2187
2092 2094
2092 2095
2092 2096
2093 2095
2094 2097
2094 2098
2094 2099
2095 2099
2095 2566
2096 2098
2096 2187
2096 2188
2097 2100
2097 2102
2097 2103
2098 2102
2098 2186
2099 2103
2099 2564
2100 2104
2100 2105
2100 2106
2100 3000
2101 4106
2101 4663
2102 2106
2102 2185
2103 2565
2103 3000
2104 2107
2104 2108
2104 2109
2105 2109
2105 2999
2106 2108
2106 2184
2108 2183
2109 3003
2110 2111
2110 2114
2111 2115
2111 2116
2111 2117
2112 2224
2112 2335
2112 3239
2113 2124
2113 2135
2114 2115
2114 2175
2115 2118
2115 2176
2116 3006
2116 3011
2117 2118
2119 2120
2119 2121
2120 2122
2120 2123
2120 2125
2121 2125
2121 2177
2121 2180
2122 2126
2122 2127
2123 2686
2124 2146
2124 2157
2125 2126
2125 2181
2126 2128
2126 2182
2127 2128
2128 2138
2129 3498
2129 4044
2129 4114
2129 4655
2130 2131
2131 2132
2131 2795
2132 2794
2133 2134
2134 2392
2135 2157
2137 2139
2137 2499
2137 3624
2138 2182
2138 3613
2139 2182
2139 2339
2139 3613
2140 2141
2140 4686
2141 3532
2141 3533
2142 2143
2143 2144
2144 2259
2148 2149
2148 2150
2148 3732
2149 2151
2149 2152
2149 2153
2150 2984
2150 3318
2150 3676
2150 3732
2151 2154
2151 2155
2152 2154
2152 3732
2153 2155
2153 3388
2154 3402
2155 2156
2156 3390
2156 3402
2157 2168
2158 4676
2159 3516
2159 3517
2159 4677
2160 2161
2160 2171
2160 2174
2161 2162
2162 2163
2162 2174
2162 2198
2163 2197
2164 2165
2164 2166
2164 2167
2165 2710
2165 4573
2166 2305
2166 2306
2167 2169
2168 3535
2168 4664
2169 2305
2170 2171
2170 2172
2170 3283
2171 2173
2172 2173
2172 2473
2173 2174
2173 2308
2174 2309
2175 2176
2175 2337
2177 2178
2178 2180
2178 2338
2179 2190
2179 2201
2179 2212
2180 2181
2181 2182
2181 2339
2183 2184
2183 2334
2184 2185
2184 2333
2185 2186
2185 2332
2186 2188
2186 2331
2187 2329
2188 2329
2188 2330
2189 3515
2189 4138
2190 2225
2193 2194
2195 3459
2196 2407
2196 3275
2197 2198
2197 2476
2197 3513
2198 2200
2198 2309
2199 2200
2199 2202
2200 2205
2200 2594
2202 2203
2202 2204
2202 2205
2203 2206
2203 2207
2203 2208
2204 2206
2204 2940
2205 2207
2205 2595
2206 2940
2207 2211
2207 2709
2208 2209
2208 2210
2208 2211
2209 2213
2209 2939
2210 2938
2210 2939
2210 2940
2211 2215
2211 2934
2212 2225
2212 4181
2213 2214
2213 2215
2213 2216
2214 2265
2214 2939
2214 3328
2215 3327
2216 2217
2216 2218
2216 2265
2217 2220
2217 2263
2217 3327
2218 2219
2218 2220
2218 2221
2219 2222
2219 2265
2219 2267
2220 2227
2220 2264
2221 2222
2221 2226
2221 2227
2222 2228
2222 3626
2223 3421
2223 4273
2224 2446
2224 3679
2225 3982
2225 4297
2226 2228
2226 2229
2226 2230
2227 2230
2227 3622
2228 3623
2228 3625
2229 2231
2229 2232
2229 3625
2230 2232
2230 3621
2231 2233
2231 2234
2231 2235
2232 2493
2232 2495
2232 2496
2233 2237
2233 2238
2233 2239
2234 2238
2235 2239
2235 2496
2236 2247
2236 2258
2236 2269
2236 4075
2237 2240
2237 2241
2237 2242
2238 2242
2239 2241
2240 2243
2240 2244
2241 3658
2243 2245
2244 2245
2244 2246
2244 2248
2245 2249
2246 2250
2246 3658
2247 3741
2247 3912
2248 2249
2248 2250
2248 2251
2249 2252
2249 3483
2250 3370
2251 2252
2251 2253
2252 2254
2252 3703
2253 2254
2253 2255
2254 3701
2255 2515
2255 3701
2256 2858
2258 2280
2258 3912
2259 2260
2260 2401
2262 2310
2263 2264
2263 3326
2264 3622
2265 2266
2266 2267
2266 3328
2267 3626
2268 2270
2268 2271
2268 2272
2269 3514
2269 3515
2270 2273
2271 2273
2271 2274
2273 3063
2274 2275
2274 2276
2274 2277
2275 3839
2276 4002
2277 3973
2278 2279
2279 2900
2280 2291
2280 2302
2281 2282
2281 2283
2282 2284
2282 2285
2283 2285
2283 2900
2284 2286
2285 2287
2286 2287
2288 3494
2289 3298
2289 3299
2289 4272
2290 2292
2292 2293
2293 3211
2294 2295
2296 2297
2296 2298
2296 2299
2297 3699
2297 3700
2298 3418
2298 3700
2299 3415
2299 3980
2300 2301
2300 2303
2300 2304
2301 3206
2301 3208
2302 4161
2302 4165
2303 3208
2303 3209
2304 3206
2304 3207
2305 2471
2306 2468
2306 2470
2306 2471
2308 2309
2308 2473
2308 2474
2309 2475
2310 2311
2312 2314
2312 2315
2313 2324
2313 2336
2314 3615
2314 3616
2315 2833
2315 3617
2316 3097
2316 3974
2317 2834
2317 2836
2318 2319
2318 2320
2319 3382
2320 3154
2321 2322
2321 2323
2321 2325
2322 2326
2323 3639
2323 3950
2323 4464
2324 2349
2325 2327
2325 2788
2325 3136
2326 2327
2326 4461
2327 2328
2328 3137
2328 4461
2329 3436
2330 2331
2330 2568
2330 3436
2331 2332
2331 2567
2332 2333
2332 2570
2333 2334
2333 2976
2334 3595
2335 2446
2335 2557
2335 2668
2337 2504
2340 2341
2340 3072
2341 3073
2342 3497
2342 4716
2343 2743
2344 2345
2344 2346
2344 2348
2345 2346
2345 3144
2347 2358
2347 2369
2347 2380
2347 4409
2348 4430
2348 4431
2350 2377
2350 2379
2351 2379
2351 3995
2352 2353
2352 4118
2353 2362
2353 2363
2354 2356
2355 2359
2356 2370
2357 2894
2357 3195
2358 3759
2358 4406
2359 2371
2359 2373
2360 2374
2360 2376
2361 2372
2361 2373
2361 2378
2361 3396
2361 4154
2362 2364
2362 2365
2363 2367
2363 2368
2364 4118
2365 2366
2365 2368
2366 2982
2369 2808
2369 3659
2370 2371
2370 3395
2371 2372
2372 2373
2372 3395
2374 2375
2375 3453
2376 2377
2376 3396
2377 2378
2378 2379
2378 3396
2378 3995
2378 4155
2382 2620
2383 2385
2383 2488
2383 4475
2384 2385
2384 2386
2385 2387
2386 2487
2387 4472
2388 2389
2388 3113
2389 2390
2389 2392
2391 2402
2391 2413
2393 2851
2393 4002
2394 2395
2395 2396
2396 2397
2397 2398
2397 2399
2398 2400
2399 2997
2400 2401
2400 2403
2401 2995
2402 4376
2403 2920
2404 2405
2404 2406
2405 3611
2406 3611
2407 2408
2407 3323
2408 2409
2408 3199
2409 2410
2410 2411
2412 2777
2412 3171
2412 3437
2414 3171
2415 4363
2417 2418
2418 3414
2419 2420
2419 2421
2419 4665
2420 2422
2420 2423
2420 4666
2421 3263
2421 3558
2422 2425
2422 2426
2422 2427
2423 2425
2423 3185
2424 2435
2424 2447
2425 3187
2426 2512
2427 3187
2427 3322
2428 4430
2429 2430
2429 2431
2430 2432
2431 2432
2431 3191
2433 4294
2433 4295
2433 4574
2434 4358
2434 4359
2434 4496
2435 2691
2435 2702
2436 2439
2437 2438
2437 2439
2437 2440
2438 2441
2438 2442
2438 2601
2439 2601
2439 2603
2440 2441
2440 4309
2440 4312
2442 2443
2442 2444
2442 4312
2443 2448
2443 2601
2443 2604
2444 2445
2444 2448
2444 4316
2445 2449
2445 2450
2445 4319
2446 3666
2447 3305
2447 3306
2448 2450
2449 2451
2449 4323
2450 2454
2450 2605
2451 2452
2451 4326
2452 2453
2452 2454
2452 4330
2453 2455
2453 4333
2454 2455
2454 2606
2455 2607
2456 2457
2456 2459
2456 4346
2457 2460
2457 4350
2458 2469
2458 2480
2458 2491
2459 2460
2459 2599
2460 2461
2460 2598
2462 4697
2462 4698
2463 2464
2463 2465
2463 2466
2464 2467
2464 4199
2465 4199
2466 4198
2467 4198
2467 4199
2468 2659
2468 2661
2468 2710
2469 2846
2470 2590
2470 2592
2471 2590
2472 2590
2472 2593
2474 2596
2474 2597
2475 2596
2477 2478
2477 2479
2477 2481
2478 2482
2478 2483
2478 2484
2479 2533
2480 2502
2481 3548
2482 2485
2482 2486
2483 2485
2483 3552
2484 2486
2484 3628
2485 3553
2486 3630
2487 4472
2488 2489
2488 4479
2490 2492
2491 2835
2491 3951
2491 4019
2491 4074
2492 3708
2493 2494
2493 2495
2494 3501
2494 3667
2495 3620
2495 3621
2496 3667
2496 3670
2499 2501
2499 2503
2501 4554
2502 4172
2502 4220
2503 3624
2504 2505
2504 2506
2505 2507
2506 2507
2508 2524
2508 2535
2509 2510
2509 2511
2510 4570
2511 4568
2511 4570
2512 4666
2514 3460
2515 3080
2515 3081
2516 2517
2516 3211
2516 3219
2518 2521
2518 2907
2519 2520
2519 2521
2522 2523
2522 2525
2523 2526
2523 2527
2524 2694
2525 2526
2525 2625
2526 2626
2527 2528
2527 2529
2527 2530
2528 2531
2528 2631
2528 2781
2529 2531
2529 2532
2530 2532
2530 3437
2531 2533
2531 3596
2532 2534
2532 3438
2533 3592
2534 4281
2535 2569
2536 2537
2536 2538
2536 2574
2537 2539
2537 2540
2538 2539
2538 2571
2538 3472
2539 2541
2539 3472
2540 2541
2540 2542
2540 3433
2541 2543
2541 3472
2541 3473
2541 3474
2542 2543
2542 2544
2542 2545
2543 2548
2543 3610
2544 2547
2544 2548
2544 2549
2545 2549
2545 3433
2545 4536
2546 2558
2546 2569
2546 2580
2547 2550
2547 2553
2548 2764
2548 3600
2549 2775
2549 4538
2550 2551
2550 2775
2551 2552
2551 2553
2552 2554
2552 2555
2552 2556
2553 2764
2554 2559
2554 2764
2554 2769
2555 2560
2555 2775
2555 2776
2556 2559
2556 2560
2556 2561
2557 2779
2557 3239
2559 2562
2559 3598
2560 2563
2560 3434
2561 2562
2561 2563
2561 2564
2562 2565
2562 3004
2563 2566
2564 2565
2564 2566
2565 2999
2567 2568
2567 2570
2568 2978
2569 2580
2570 2628
2570 2976
2571 2572
2571 2573
2572 3473
2572 3606
2573 2574
2574 2575
2575 3432
2576 4156
2576 4157
2577 2578
2577 4300
2579 4300
2582 2635
2583 2850
2583 2987
2583 4239
2584 3746
2584 3810
2584 4237
2585 2586
2585 2587
2586 2588
2587 2588
2587 3430
2588 2899
2590 2705
2591 2602
2591 2613
2591 2635
2592 2659
2592 2660
2593 2705
2593 2707
2594 2595
2594 2596
2595 2597
2595 2709
2597 2708
2598 2599
2598 2807
2599 2711
2600 4551
2600 4595
2601 2714
2602 3569
2602 4269
2603 2712
2603 2714
2604 2605
2604 2714
2604 2715
2605 2606
2605 2716
2606 2607
2606 2717
2607 2718
2608 2609
2608 2610
2608 4329
2609 3260
2609 4307
2610 3241
2611 2612
2611 2614
2612 2615
2613 2624
2613 2635
2614 2616
2614 3214
2615 2616
2615 2617
2616 2618
2616 3215
2617 2618
2618 3217
2619 4493
2620 2621
2622 2977
2622 2978
2622 3271
2623 3271
2624 3689
2625 2626
2625 2627
2625 2628
2626 2630
2627 2629
2627 2630
2628 2629
2628 2975
2629 2631
2629 2632
2630 2631
2631 2778
2632 2778
2632 2975
2636 2637
2636 2638
2637 3954
2637 4073
2638 3953
2638 4073
2639 3619
2639 4020
2639 4400
2639 4402
2640 2641
2640 2642
2640 2643
2641 2644
2641 2874
2642 2650
2643 2874
2644 2645
2644 2647
2645 2648
2645 2875
2646 2657
2646 3591
2647 2874
2647 2875
2647 2876
2648 2649
2648 2650
2648 2651
2649 2652
2649 2877
2649 3344
2650 2816
2650 3344
2651 2875
2651 2877
2651 2878
2652 2653
2652 2654
2653 2820
2653 3344
2654 2877
2654 2880
2655 2656
2655 2658
2656 3540
2657 4144
2659 2749
2659 4662
2660 2705
2660 2706
2660 2749
2661 4607
2661 4618
2661 4662
2662 2663
2662 2664
2662 2665
2663 2666
2663 2667
2663 2670
2664 2667
2664 2750
2665 2670
2665 2800
2666 2671
2666 2672
2666 2673
2667 2672
2667 2751
2668 2779
2668 2890
2668 3666
2669 2680
2669 2691
2670 2673
2670 2801
2671 2674
2671 2675
2672 2674
2672 2752
2673 2675
2673 2803
2674 2753
2675 2804
2676 2677
2676 2678
2676 2679
2677 2754
2678 2681
2678 2805
2679 2681
2680 3815
2680 3816
2681 2806
2682 2755
2682 4691
2683 2684
2684 2798
2689 2690
2689 2692
2690 2909
2691 2702
2692 3128
2693 2694
2693 2695
2695 2813
2695 3312
2696 3169
2696 3170
2697 3650
2698 4188
2699 2700
2699 2701
2699 3252
2700 3200
2700 3250
2701 2703
2701 2704
2702 3167
2703 3556
2705 2932
2706 3261
2706 3332
2707 2932
2708 2709
2708 2933
2709 2934
2710 4607
2711 2805
2711 2807
2712 3398
2713 2724
2713 2735
2713 4156
2713 4157
2714 3398
2715 2716
2715 2800
2716 2717
2716 2801
2717 2718
2717 2803
2718 2719
2718 2804
2720 2721
2720 3183
2721 2798
2721 3182
2722 2774
2722 3141
2722 4538
2723 2725
2724 4156
2725 3272
2726 3672
2726 4133
2727 4132
2727 4133
2730 2731
2730 4140
2730 4643
2731 3222
2731 3228
2731 3230
2732 3228
2732 3231
2732 4140
2733 3232
2733 3890
2733 4112
2734 2736
2734 2737
2735 2979
2736 2738
2737 2738
2739 2740
2740 2998
2741 2742
2741 2743
2741 2744
2742 2745
2742 2747
2744 2747
2744 3497
2745 2748
2746 2757
2746 2768
2746 3789
2746 3838
2747 2748
2747 3581
2748 2837
2749 3261
2749 4695
2750 2751
2750 3123
2750 3399
2751 2752
2751 3597
2752 2753
2752 3117
2753 3118
2754 3109
2756 2770
2757 3819
2757 3891
2757 3902
2758 2759
2758 2760
2758 2761
2759 2762
2759 2763
2760 2763
2760 3509
2761 2762
2761 3506
2762 3508
2763 3510
2764 2765
2765 2766
2765 2767
2765 2769
2766 2770
2766 2771
2766 2772
2767 3588
2767 3600
2768 3788
2768 3838
2769 2771
2769 3598
2770 2773
2771 3599
2772 3587
2772 3588
2774 2775
2774 2776
2776 3141
2777 3171
2777 3271
2778 2781
2779 3001
2779 3452
2780 2791
2780 2802
2780 2813
2780 3793
2781 3596
2782 3595
2783 2784
2784 2986
2784 2987
2785 3735
2785 3756
2786 3266
2788 4258
2791 3804
2791 3826
2791 4533
2792 4050
2793 2794
2793 2795
2796 2797
2797 2978
2797 3465
2798 3316
2798 3317
2799 3398
2800 2801
2801 2803
2802 2813
2802 3794
2803 2804
2805 2806
2806 2807
2808 2809
2808 2810
2809 2810
2809 3659
2810 2884
2811 3161
2812 2814
2814 2815
2815 2861
2816 2817
2816 2818
2817 2819
2817 2820
2818 2951
2818 3457
2819 2950
2821 4423
2822 2823
2823 2825
2823 2826
2823 2827
2824 2835
2824 2846
2824 2857
2825 2965
2825 2966
2826 2827
2826 2828
2828 2916
2828 2919
2828 3545
2829 2830
2830 2831
2833 2834
2833 2836
2834 2836
2835 2868
2837 2838
2838 2839
2838 2840
2840 3581
2840 3582
2843 2844
2844 2883
2845 3663
2847 3164
2849 3559
2850 2851
2850 2852
2851 3709
2852 2853
2852 3709
2853 2986
2853 2987
2853 4246
2854 2855
2854 2856
2854 2858
2855 2859
2855 2860
2856 3084
2856 4680
2857 4233
2858 3083
2860 4683
2861 3542
2864 3898
2864 4053
2867 2870
2867 3023
2867 3025
2867 4608
2868 3953
2868 4233
2869 4611
2869 4612
2869 4615
2870 2872
2870 4612
2871 4614
2871 4615
2872 2873
2872 3027
2872 4615
2879 2891
2879 2902
2881 2882
2881 2883
2884 2885
2886 2887
2887 2888
2887 2889
2888 3194
2889 3194
2890 3001
2890 3112
2890 3223
2891 2913
2892 2893
2893 3236
2895 3195
2895 3423
2897 2898
2897 2928
2897 3262
2898 2930
2898 3261
2899 2900
2902 4105
2904 4415
2904 4420
2904 4631
2905 2906
2905 2907
2906 3360
2906 3539
2908 2909
2910 2911
2911 2912
2911 2914
2911 3690
2912 2914
2912 3690
2912 3918
2913 2924
2913 2935
2914 3918
2915 2916
2915 2917
2915 2918
2916 2971
2917 2919
2918 2973
2918 2974
2921 2922
2924 2947
2925 2954
2925 3143
2926 3074
2926 3142
2926 3143
2927 2928
2927 2929
2927 2930
2928 3119
2929 2931
2929 2932
2930 3332
2931 3119
2932 3332
2933 2934
2933 2936
2934 2937
2936 2937
2936 3326
2937 3327
2938 2941
2939 2941
2941 3328
2942 2943
2942 2944
2942 3347
2945 2947
2945 2948
2945 2949
2946 2957
2946 2968
2948 3351
2949 3351
2949 3519
2950 2951
2951 2952
2952 3632
2953 3015
2953 3882
2955 3347
2955 3988
2955 3989
2956 3029
2958 3543
2958 4549
2959 2960
2959 2961
2959 2962
2960 2963
2960 2964
2961 2964
2961 3036
2962 2963
2962 3050
2963 3053
2964 3037
2965 2967
2965 2969
2967 2970
2967 2971
2969 3545
2970 2972
2970 2973
2971 2973
2972 2974
2975 2976
2976 3595
2977 2978
2977 3171
2978 3436
2979 3491
2980 2981
2981 2982
2981 3722
2981 3739
2982 3739
2983 2984
2983 3184
2983 3318
2985 3020
2985 3022
2986 4244
2988 2991
2988 2992
2988 3237
2989 2992
2990 3002
2991 2993
2991 2994
2994 3237
2994 3238
2995 2996
2995 2997
2995 2998
2996 3296
2999 3000
2999 3003
2999 3004
3003 3005
3004 3005
3004 3598
3005 3599
3006 3007
3006 3008
3007 3010
3007 3509
3008 3009
3008 3010
3008 3011
3009 3012
3009 3014
3010 3014
3010 3510
3011 3012
3013 3024
3013 4009
3015 3882
3016 3017
3016 3018
3016 3179
3017 3018
3017 3192
3020 3021
3021 3022
3021 4624
3022 3065
3022 4625
3023 3026
3023 3027
3024 3991
3024 3992
3024 4104
3025 3889
3026 3028
3027 3028
3027 3148
3028 3147
3030 3041
3030 4261
3031 3070
3033 4279
3034 3036
3035 3536
3036 3037
3038 3039
3038 3812
3038 3960
3041 3042
3041 3043
3042 3044
3042 3045
3044 3047
3046 3536
3046 4380
3048 3049
3048 3050
3048 3051
3049 3052
3049 3053
3050 3053
3051 3052
3051 3075
3052 3076
3054 3055
3054 3056
3055 3128
3055 3488
3056 3058
3056 3059
3056 3060
3057 3068
3057 3079
3058 3061
3059 3061
3059 3488
3060 3496
3062 3063
3062 3264
3064 4626
3064 4627
3064 4628
3065 3197
3065 4627
3066 3576
3066 3674
3066 3684
3066 4425
3066 4427
3069 3644
3071 3072
3071 3073
3072 3073
3075 3076
3075 4510
3076 4513
3077 3078
3080 3081
3080 3082
3082 3163
3083 3233
3083 3234
3084 3085
3084 4679
3085 3086
3085 3087
3086 3087
3086 3233
3086 4005
3087 3088
3087 3480
3087 4187
3088 3089
3088 3091
3088 3093
3088 3304
3089 3092
3089 3093
3090 3101
3090 3113
3090 3124
3091 3092
3091 3139
3092 3138
3093 3094
3094 3095
3095 3096
3095 3181
3097 3098
3097 3099
3097 3974
3098 3374
3099 3100
3099 4585
3101 3124
3102 4050
3102 4270
3102 4271
3103 3104
3103 3105
3104 3106
3106 3107
3106 3108
3108 3689
3109 3110
3110 3343
3111 3114
3111 3115
3111 3601
3114 3116
3114 3117
3115 3122
3115 3597
3116 3118
3117 3118
3117 3597
3120 3122
3120 3123
3121 3123
3121 3399
3121 3400
3122 3125
3123 3597
3124 3135
3125 3601
3125 3608
3126 3235
3129 3130
3129 3131
3129 4481
3129 4546
3130 3132
3130 4545
3131 3132
3131 3425
3131 4477
3132 4256
3133 3134
3133 4135
3134 3430
3138 3139
3138 3140
3139 3140
3141 3434
3141 3720
3142 3266
3142 3315
3142 4091
3145 4371
3146 4085
3146 4089
3147 3148
3147 3149
3150 3151
3150 3152
3150 3153
3151 3294
3151 3547
3151 3772
3152 3547
3152 3984
3152 3988
3153 3489
3153 3618
3154 3174
3155 3156
3157 3168
3157 3179
3157 3190
3158 3159
3158 4278
3159 4278
3159 4279
3160 3346
3160 3348
3160 3518
3161 3781
3162 3163
3165 3166
3166 3745
3166 3747
3167 3750
3168 3190
3168 3345
3169 3537
3169 3637
3170 3642
3171 3271
3172 3173
3172 4623
3173 4148
3174 3412
3175 3176
3176 4367
3177 3178
3177 3180
3178 3661
3179 3571
3180 3542
3181 3704
3182 3316
3183 3541
3184 3185
3184 3186
3185 3187
3185 3263
3186 3187
3187 3378
3188 3873
3189 3193
3189 3289
3190 4066
3191 3192
3191 3193
3193 3935
3195 3395
3196 3197
3198 3304
3199 3275
3200 3202
3201 3212
3201 3224
3201 3235
3202 3247
3202 3248
3203 3314
3204 3205
3204 3529
3206 3207
3208 3734
3209 3210
3209 3211
3210 3219
3210 3734
3212 3246
3212 3257
3213 3260
3213 4229
3213 4641
3214 3215
3214 3276
3215 3217
3216 3217
3216 3218
3218 3346
3220 3232
3221 3222
3221 3225
3221 3230
3222 3226
3222 3227
3223 3335
3223 3431
3223 3446
3224 3257
3224 4143
3225 3226
3226 3688
3227 3228
3227 3688
3229 3230
3231 3668
3231 3779
3233 3234
3235 3246
3237 3238
3237 4646
3238 3679
3240 3241
3242 3243
3242 3244
3242 3660
3243 3247
3243 3308
3244 3245
3244 3247
3244 3248
3245 3249
3245 3660
3248 3249
3248 3250
3249 3462
3250 3251
3251 3252
3251 3253
3251 3401
3252 3255
3253 3254
3253 3255
3253 3256
3254 3258
3254 3401
3255 3554
3256 3258
3256 3554
3257 4142
3258 3677
3259 3464
3260 4274
3263 3318
3263 3676
3263 3731
3264 3392
3265 3392
3266 3313
3267 3269
3267 4261
3268 3279
3268 3290
3268 3781
3269 3716
3269 3717
3272 3483
3273 3274
3273 4324
3274 4327
3278 3361
3279 3782
3279 3892
3280 3281
3280 3282
3281 3409
3282 3411
3284 3285
3284 3286
3285 3783
3286 3784
3288 3640
3288 3641
3290 3892
3290 3893
3292 3293
3292 3294
3292 4276
3293 3844
3294 3295
3294 3570
3294 3852
3294 3864
3295 3447
3295 3771
3295 3852
3295 4276
3296 3297
3299 3652
3299 3940
3301 3312
3301 3323
3305 3306
3308 3309
3308 3310
3309 3311
3310 4068
3311 4068
3313 3314
3313 3315
3314 3392
3319 3377
3320 3321
3320 3322
3320 3324
3321 3386
3321 3389
3322 3378
3325 4107
3326 3327
3329 3330
3329 3331
3331 3459
3333 3337
3334 4162
3334 4273
3335 3668
3336 3347
3337 3373
3337 3726
3338 3339
3339 3381
3339 4177
3341 3342
3342 3644
3342 3723
3346 3348
3349 3648
3349 4347
3349 4349
3352 3353
3352 3354
3352 3355
3353 3354
3353 3355
3353 3356
3355 3359
3356 3357
3356 3359
3358 3369
3358 3571
3358 3833
3358 3836
3358 3989
3358 4116
3359 3360
3360 3539
3361 3362
3361 3363
3361 3364
3362 3384
3363 3365
3363 3887
3366 3367
3366 3368
3366 3370
3366 3371
3367 3371
3368 3370
3369 3547
3369 3989
3372 3373
3374 3375
3374 3376
3376 3461
3377 3378
3379 4491
3380 3391
3380 3402
3381 3733
3381 4042
3382 3383
3383 4103
3384 3385
3385 3445
3386 3387
3386 3388
3387 3389
3387 3390
3388 3390
3391 4175
3391 4176
3394 3809
3397 3573
3397 4313
3401 3403
3404 3405
3404 4606
3405 3453
3406 3537
3407 3408
3408 3410
3409 3410
3411 4303
3412 4302
3413 4270
3414 3719
3415 3416
3416 3958
3416 3980
3417 3418
3417 3419
3417 3420
3418 3420
3418 3981
3419 3976
3419 3981
3421 3660
3422 3456
3423 3463
3423 3694
3423 3696
3423 3698
3424 3435
3424 3447
3425 4256
3425 4470
3426 3427
3426 4153
3426 4155
3427 3429
3427 3698
3427 3742
3428 3722
3428 3742
3428 4087
3429 3463
3429 4153
3431 3557
3433 3564
3434 3721
3435 3447
3435 3458
3435 3469
3435 3758
3437 3438
3437 3710
3437 4037
3438 3686
3438 4037
3439 3549
3439 3567
3440 3441
3440 3442
3441 3548
3442 3443
3442 3444
3443 3550
3444 3549
3446 3557
3446 3668
3446 3779
3447 3458
3447 3771
3449 3619
3449 4020
3450 3451
3451 4495
3452 3455
3453 3454
3456 4495
3458 3480
3458 3758
3462 3687
3466 3468
3466 3470
3467 3470
3468 3727
3471 3645
3472 3473
3473 3609
3474 3585
3474 3609
3474 3610
3475 3476
3475 3477
3475 3585
3476 3477
3476 3587
3476 3643
3477 3478
3477 3479
3477 3481
3478 3479
3478 3583
3478 3605
3479 3481
3479 3482
3480 3758
3480 4187
3480 4188
3480 4682
3481 3482
3482 3665
3482 3675
3483 3703
3484 3619
3484 4392
3485 3486
3485 3680
3485 4204
3486 3669
3486 4409
3487 3801
3487 4214
3490 3570
3490 3957
3491 3502
3492 3777
3493 3495
3494 3495
3498 4044
3498 4660
3499 3501
3499 3503
3500 4184
3501 3503
3501 4183
3503 4184
3504 3648
3504 4347
3505 3506
3505 3507
3506 3508
3507 3508
3508 3544
3509 3510
3511 3896
3511 3898
3512 3514
3512 4053
3513 3845
3514 4053
3516 3517
3517 4669
3520 3522
3521 3522
3521 3523
3522 3659
3523 3885
3524 3691
3524 3702
3525 3526
3525 3527
3525 3528
3526 3527
3535 3546
3535 3558
3536 4375
3542 3706
3542 3824
3543 3716
3548 3550
3549 4375
3549 4379
3551 3553
3552 3553
3554 3556
3555 3568
3557 3890
3559 3560
3559 3561
3560 4647
3561 4646
3564 4536
3565 3566
3565 3720
3566 3721
3567 4281
3567 4282
3570 3957
3571 3833
3571 3836
3572 3729
3572 4715
3573 4317
3574 4076
3574 4425
3574 4426
3576 3577
3576 3684
3576 3764
3577 4267
3578 3579
3578 4267
3580 3591
3580 4149
3581 3582
3583 3584
3583 3585
3584 3604
3584 3607
3585 3586
3586 3587
3586 3588
3589 3590
3589 3592
3590 3593
3592 3594
3593 3594
3594 3596
3595 3646
3596 4290
3598 3599
3600 3610
3601 4047
3602 3613
3602 3624
3602 3635
3603 3604
3604 3605
3604 3606
3605 3665
3606 3607
3607 3609
3608 4047
3612 3614
3615 3616
3616 3617
3617 3618
3618 4275
3619 3972
3619 4020
3619 4034
3619 4036
3621 3622
3623 3626
3623 3627
3625 3627
3628 3629
3628 3630
3629 3631
3629 3649
3630 3631
3631 4289
3633 3634
3633 3636
3637 4260
3638 3689
3639 3640
3640 3641
3641 3919
3645 3665
3647 3781
3647 3893
3649 4289
3649 4290
3650 3651
3653 3654
3653 3655
3653 3656
3654 3739
3654 3740
3656 3740
3656 4087
3657 3669
3657 3680
3658 3670
3658 4186
3661 3662
3663 3664
3663 4366
3664 4368
3667 4183
3669 4409
3670 3671
3671 4183
3671 4186
3673 4337
3674 3711
3674 3712
3677 3678
3679 3681
3680 4410
3680 4411
3680 4415
3682 3683
3682 3970
3682 3998
3683 3971
3684 4203
3685 4379
3685 4382
3686 4281
3687 4162
3687 4273
3689 4125
3692 3693
3693 3917
3693 3918
3694 3696
3694 3958
3695 3696
3695 3697
3695 3698
3697 3698
3697 3837
3698 3744
3699 3955
3699 3975
3699 3980
3700 3975
3700 3978
3701 3703
3702 3791
3702 3968
3704 3705
3706 3824
3707 3775
3707 3787
3708 4136
3711 3712
3713 3724
3713 3735
3713 3791
3714 3736
3714 3737
3715 3737
3717 3877
3719 3853
3719 3854
3720 3721
3722 3740
3724 3756
3727 4108
3729 3730
3729 3731
3730 4106
3730 4232
3732 3738
3732 3773
3732 4041
3735 3768
3735 3802
3736 3895
3741 4074
3741 4075
3742 4087
3743 4131
3744 3837
3745 3812
3745 3959
3745 3960
3746 3757
3746 3780
3748 3749
3748 3750
3748 3751
3749 3750
3749 3752
3750 3751
3752 3753
3752 3754
3752 4054
3753 3755
3753 3961
3753 4055
3754 3814
3754 4054
3755 4056
3757 3845
3757 4202
3759 4408
3760 3761
3760 4408
3761 3762
3762 3763
3763 4204
3764 4203
3764 4204
3765 3766
3765 3767
3766 3993
3766 3994
3767 3769
3767 3970
3767 3993
3768 3780
3768 3791
3768 3847
3769 3770
3769 3969
3770 3993
3770 4006
3772 3827
3772 3828
3773 4038
3775 3787
3776 3783
3776 3784
3777 3778
3778 3786
3779 3890
3779 4001
3780 3847
3782 3783
3783 3817
3785 3805
3786 3787
3786 3788
3788 3789
3789 3792
3790 3792
3790 3794
3793 3794
3793 3797
3795 3796
3795 3797
3795 3800
3796 3798
3796 4035
3796 4049
3796 4093
3797 3798
3798 4049
3799 3800
3799 4109
3799 4111
3801 4110
3803 3821
3803 3825
3803 4035
3804 3825
3804 3826
3805 3817
3805 3818
3806 3962
3806 3996
3807 3808
3807 3809
3808 3962
3810 3811
3812 3814
3812 3959
3813 3824
3813 3835
3814 3959
3815 3816
3818 3819
3818 3820
3819 3891
3820 3823
3820 3902
3821 3822
3822 4109
3824 4010
3824 4261
3825 4035
3827 3829
3827 3830
3829 3831
3829 3832
3832 3833
3832 3834
3835 3846
3837 3956
3839 3841
3839 3973
3840 3841
3840 3842
3841 3843
3842 3843
3842 4094
3843 4095
3844 4275
3846 3857
3848 3849
3848 3850
3849 3850
3850 3851
3850 4180
3852 3864
3853 3854
3853 3855
3854 3855
3856 3858
3856 3876
3856 4248
3857 3868
3858 3870
3859 3860
3859 3861
3859 3867
3860 3863
3860 3865
3862 3863
3863 3875
3864 3957
3865 3866
3865 3867
3867 4248
3868 3879
3869 3870
3869 3871
3869 3872
3870 3876
3871 3872
3871 4249
3874 4248
3877 4088
3877 4204
3878 4088
3878 4204
3879 4178
3880 3881
3880 3965
3880 3966
3880 3997
3880 4003
3880 4008
3880 4436
3881 3999
3881 4008
3883 3884
3884 3885
3888 3892
3888 4497
3894 3895
3896 4201
3897 3899
3897 3900
3897 4201
3899 3903
3899 3904
3900 3901
3901 3904
3901 3909
3903 3907
3903 3908
3904 3905
3905 3908
3905 3909
3906 3909
3906 3910
3907 3911
3908 3910
3908 3911
3913 3924
3914 3915
3915 3916
3916 4123
3916 4125
3919 3920
3920 3921
3920 3923
3921 3922
3921 3923
3922 3925
3922 3926
3923 3925
3924 3935
3925 3928
3926 3927
3926 3928
3927 3929
3927 3930
3928 3930
3929 3931
3929 3932
3930 3931
3931 3934
3932 3933
3932 3934
3933 3936
3933 4060
3934 3936
3935 3946
3936 3938
3937 3938
3937 3939
3938 4060
3939 4060
3941 3942
3941 3943
3942 3944
3942 3945
3943 3947
3943 3948
3944 3945
3946 3957
3947 3950
3947 4464
3949 3950
3951 3952
3953 3954
3954 4073
3955 3956
3955 3958
3956 3975
3961 4055
3962 3963
3964 3967
3964 4436
3965 4003
3965 4436
3966 4083
3966 4085
3967 3969
3968 3979
3968 3990
3969 3970
3969 3998
3971 3999
3972 4398
3974 4051
3975 3977
3976 3977
3977 3978
3978 3981
3979 4002
3979 4013
3982 4179
3982 4180
3983 3984
3983 3985
3984 4121
3985 3986
3988 4120
3989 4116
3991 4130
3991 4144
3992 4103
3992 4144
3994 4004
3994 4007
3997 3998
3999 4000
3999 4003
4001 4112
4001 4140
4001 4151
4004 4005
4006 4007
4008 4431
4010 4011
4010 4208
4011 4012
4011 4014
4012 4014
4012 4017
4014 4015
4015 4016
4015 4017
4016 4018
4017 4018
4019 4074
4019 4075
4021 4022
4021 4023
4022 4025
4023 4026
4023 4027
4024 4035
4024 4046
4025 4028
4026 4030
4027 4029
4028 4030
4028 4031
4029 4033
4030 4032
4031 4032
4031 4250
4032 4033
4034 4036
4034 4398
4036 4397
4038 4039
4038 4499
4039 4042
4039 4177
4039 4499
4040 4041
4040 4499
4040 4500
4042 4499
4043 4044
4043 4045
4044 4045
4044 4114
4050 4270
4051 4098
4052 4441
4052 4443
4054 4055
4057 4068
4057 4079
4058 4059
4061 4062
4061 4063
4061 4233
4062 4064
4062 4065
4063 4126
4064 4065
4064 4071
4065 4126
4066 4067
4066 4069
4067 4070
4069 4071
4069 4072
4070 4250
4076 4077
4077 4078
4078 4080
4078 4081
4079 4090
4079 4101
4083 4084
4084 4086
4085 4089
4088 4099
4089 4431
4090 4124
4091 4092
4092 4114
4094 4095
4096 4215
4099 4100
4099 4102
4100 4102
4101 4113
4101 4124
4103 4104
4106 4232
4109 4111
4110 4111
4112 4163
4120 4121
4123 4125
4126 4127
4127 4128
4134 4135
4134 4136
4137 4138
4137 4139
4137 4141
4140 4174
4142 4143
4145 4146
4145 4147
4145 4148
4147 4372
4147 4628
4148 4374
4150 4152
4151 4163
4151 4174
4151 4185
4152 4153
4152 4154
4152 4155
4156 4157
4158 4159
4158 4160
4159 4691
4160 4694
4160 4698
4161 4164
4161 4166
4162 4384
4162 4495
4163 4196
4164 4165
4164 4166
4167 4168
4167 4169
4168 4538
4168 4539
4169 4536
4169 4537
4170 4171
4170 4172
4170 4173
4171 4220
4172 4220
4174 4207
4174 4644
4175 4176
4175 4177
4179 4180
4180 4181
4180 4235
4181 4235
4182 4183
4182 4184
4182 4186
4185 4196
4185 4207
4185 4218
4189 4190
4189 4191
4190 4192
4190 4193
4192 4194
4192 4561
4195 4197
4195 4198
4195 4199
4196 4240
4196 4645
4197 4200
4200 4201
4203 4204
4204 4416
4205 4206
4205 4208
4205 4261
4206 4209
4206 4210
4207 4229
4207 4642
4208 4211
4209 4211
4209 4212
4210 4212
4210 4263
4212 4264
4213 4214
4213 4215
4213 4216
4217 4234
4218 4229
4218 4240
4218 4251
4219 4503
4221 4222
4221 4223
4221 4224
4222 4224
4222 4226
4223 4225
4223 4226
4227 4228
4227 4230
4227 4231
4228 4231
4229 4274
4236 4237
4236 4238
4236 4239
4237 4239
4240 4262
4240 4634
4241 4242
4241 4243
4241 4244
4242 4245
4242 4246
4243 4245
4244 4246
4247 4248
4247 4249
4247 4250
4251 4262
4251 4274
4251 4285
4252 4253
4252 4254
4252 4255
4254 4255
4257 4258
4257 4259
4261 4263
4262 4296
4263 4264
4265 4266
4266 4267
4270 4271
4271 4272
4274 4307
4277 4278
4277 4279
4280 4281
4280 4282
4280 4283
4282 4377
4283 4377
4284 4286
4284 4287
4284 4288
4285 4296
4285 4307
4285 4318
4286 4289
4288 4289
4288 4290
4291 4292
4291 4293
4291 4294
4291 4295
4292 4297
4292 4298
4293 4297
4294 4298
4294 4577
4296 4340
4298 4579
4299 4300
4301 4302
4301 4303
4304 4396
4304 4418
4304 4451
4305 4306
4305 4308
4305 4451
4306 4310
4306 4484
4307 4329
4308 4309
4308 4310
4311 4312
4311 4313
4311 4314
4312 4316
4313 4317
4314 4315
4314 4316
4314 4317
4315 4319
4315 4320
4315 4321
4316 4319
4317 4320
4318 4329
4318 4340
4318 4351
4319 4323
4321 4322
4321 4323
4321 4324
4322 4325
4322 4326
4322 4327
4323 4326
4324 4327
4325 4328
4325 4330
4325 4331
4326 4330
4327 4331
4328 4332
4328 4333
4328 4334
4329 4373
4330 4333
4331 4334
4332 4335
4332 4336
4332 4337
4333 4336
4334 4337
4335 4338
4335 4339
4335 4341
4336 4339
4337 4341
4338 4342
4338 4343
4338 4344
4339 4343
4340 4362
4341 4344
4342 4345
4342 4346
4342 4347
4343 4346
4344 4347
4345 4348
4345 4349
4345 4350
4346 4350
4348 4352
4348 4353
4348 4354
4349 4353
4350 4354
4351 4362
4351 4373
4351 4407
4352 4355
4352 4356
4354 4355
4357 4358
4357 4359
4357 4360
4357 4361
4359 4363
4359 4462
4361 4363
4363 4429
4364 4365
4364 4366
4364 4367
4367 4368
4369 4370
4369 4371
4372 4374
4375 4376
4375 4377
4375 4378
4378 4379
4378 4380
4380 4381
4381 4382
4381 4383
4382 4386
4382 4388
4383 4386
4383 4387
4384 4606
4385 4396
4385 4407
4385 4418
4386 4388
4387 4388
4387 4389
4387 4391
4388 4390
4388 4392
4389 4390
4389 4391
4390 4392
4391 4392
4391 4393
4391 4398
4392 4394
4393 4394
4393 4395
4394 4397
4395 4397
4395 4398
4398 4399
4399 4400
4399 4401
4399 4408
4401 4402
4401 4403
4402 4404
4403 4404
4403 4405
4404 4406
4405 4406
4405 4408
4408 4409
4411 4412
4411 4413
4412 4630
4413 4414
4413 4415
4414 4630
4414 4631
4415 4416
4415 4417
4415 4419
4417 4421
4417 4423
4417 4424
4417 4425
4418 4429
4418 4440
4419 4420
4419 4421
4420 4422
4421 4422
4424 4425
4425 4426
4426 4427
4426 4428
4426 4432
4427 4430
4428 4430
4428 4431
4429 4462
4431 4435
4432 4433
4432 4434
4434 4435
4436 4437
4436 4438
4438 4439
4439 4441
4440 4451
4440 4462
4440 4473
4441 4442
4441 4443
4443 4447
4444 4445
4444 4446
4444 4447
4445 4448
4445 4449
4445 4450
4446 4449
4450 4452
4450 4453
4451 4484
4453 4454
4454 4455
4454 4456
4455 4457
4456 4457
4456 4458
4458 4459
4458 4460
4459 4461
4459 4463
4459 4464
4462 4496
4465 4466
4465 4467
4466 4468
4467 4705
4469 4470
4469 4471
4469 4472
4470 4477
4471 4474
4471 4475
4473 4484
4473 4496
4473 4507
4474 4475
4474 4476
4474 4477
4475 4479
4476 4478
4476 4479
4477 4481
4478 4480
4478 4481
4479 4480
4480 4482
4482 4704
4482 4705
4483 4485
4483 4486
4483 4487
4484 4518
4485 4488
4485 4489
4485 4490
4487 4489
4488 4491
4488 4492
4488 4493
4489 4493
4490 4491
4491 4494
4492 4494
4492 4497
4492 4498
4493 4498
4496 4529
4499 4500
4501 4502
4501 4503
4501 4504
4502 4505
4502 4506
4502 4508
4503 4506
4504 4508
4505 4509
4505 4510
4505 4511
4506 4511
4507 4518
4507 4529
4507 4540
4508 4510
4509 4512
4509 4513
4510 4513
4511 4512
4514 4515
4514 4516
4514 4517
4515 4519
4516 4521
4518 4551
4519 4520
4519 4521
4520 4522
4521 4524
4522 4523
4522 4524
4523 4525
4524 4527
4525 4526
4525 4527
4526 4528
4527 4531
4528 4530
4528 4531
4529 4573
4530 4532
4531 4534
4532 4533
4532 4534
4533 4535
4534 4535
4536 4538
4540 4551
4540 4562
4541 4542
4541 4543
4542 4543
4544 4545
4544 4546
4547 4548
4547 4549
4550 4552
4550 4553
4550 4554
4552 4555
4552 4556
4555 4560
4556 4557
4556 4558
4557 4559
4557 4560
4557 4561
4558 4559
4559 4561
4562 4573
4562 4584
4563 4564
4563 4565
4566 4567
4566 4568
4566 4569
4567 4569
4567 4592
4569 4570
4571 4572
4571 4574
4571 4575
4572 4576
4572 4577
4572 4578
4573 4607
4574 4577
4575 4578
4576 4579
4576 4580
4577 4579
4578 4580
4581 4582
4581 4583
4582 4585
4584 4595
4584 4607
4584 4618
4586 4587
4586 4588
4586 4589
4588 4590
4588 4591
4589 4590
4593 4594
4593 4596
4593 4597
4594 4598
4594 4599
4595 4629
4596 4599
4597 4601
4598 4600
4599 4600
4602 4603
4604 4605
4604 4608
4604 4609
4605 4610
4605 4611
4605 4612
4608 4612
4609 4610
4609 4624
4610 4616
4610 4625
4611 4613
4613 4614
4613 4615
4613 4616
4614 4626
4616 4626
4616 4627
4617 4620
4617 4621
4618 4629
4618 4640
4619 4621
4620 4622
4620 4623
4624 4625
4625 4627
4630 4632
4631 4632
4633 4634
4633 4635
4633 4645
4634 4639
4635 4636
4635 4637
4636 4638
4637 4638
4637 4639
4640 4651
4640 4662
4640 4673
4641 4642
4641 4643
4642 4644
4643 4644
4646 4647
4646 4648
4647 4649
4649 4650
4649 4652
4650 4653
4651 4684
4654 4655
4654 4656
4654 4657
4656 4658
4656 4659
4656 4660
4657 4659
4658 4661
4658 4663
4659 4661
4660 4663
4662 4695
4664 4665
4664 4666
4667 4668
4667 4669
4667 4670
4668 4671
4669 4671
4669 4672
4672 4674
4672 4675
4673 4684
4673 4695
4673 4706
4674 4676
4674 4677
4675 4676
4678 4679
4678 4680
4678 4681
4680 4683
4681 4682
4681 4683
4685 4686
4685 4687
4686 4689
4687 4688
4688 4689
4690 4691
4690 4692
4690 4693
4693 4694
4693 4696
4694 4697
4696 4697
4699 4700
4699 4701
4699 4702
4700 4703
4700 4704
4700 4705
4701 4704
4707 4708
4707 4709
4708 4710
4708 4711
4708 4712
4709 4710
4712 4713
4712 4714
4712 4715
4713 4716
4714 4716
