# Nodes
0 42.2 -1346
1 87.3 -1340.8
2 163.6 -1559.4
3 1451.6 3781.3
4 11879.3 5039.9
5 10415.9 4210.5
6 10741.9 4660.8
7 9493.2 5028.3
8 10650.8 4447.2
9 9826.9 4873.2
10 10034.8 4155.2
11 9701.4 5119
12 10336.8 4065.2
13 9654.1 5021.1
14 9701.1 5052.1
15 11258.5 2776.3
16 9893.2 4406.7
17 10694.3 4685.5
18 9129.5 4853.4
19 9888.3 3396.5
20 9754.6 5162.2
21 10164.7 548.2
22 10140.2 574.1
23 10219.4 566.5
24 10708.6 3994.2
25 10464.1 769.9
26 11330.1 2774.5
27 10259.3 576.3
28 10280 595.5
29 10296.6 535.9
30 880.4 -1163.7
31 10759.3 4302.7
32 10017.2 3097.4
33 860.9 -1195
34 979.6 -1200.2
35 10759.5 4052.5
36 10454.2 533.4
37 11169.3 2778.5
38 11343.9 4330.1
39 10852.3 4366.5
40 10803.4 4327.4
41 10866.3 4341.6
42 10641.1 3991.9
43 10516.7 3940.7
44 10507.8 3893.8
45 10746.1 4253.7
46 10019 599
47 9870.3 2800
48 11238 2841.8
49 10369.7 597.8
50 10331 646.7
51 10765.1 4399.3
52 10950.4 2913.4
53 10672.1 4211.5
54 10312.6 672.4
55 10288.1 663.5
56 10920.1 4339.6
57 10893.5 4357.9
58 11081.3 5090.2
59 11255.5 2741.7
60 11546.1 4149.7
61 10902.2 4538.6
62 10784.5 4360.9
63 10817.1 4429.1
64 11105.8 5068.3
65 11052.8 5108.5
66 11064.1 5055.8
67 11540.4 4337.4
68 10923.6 4553
69 10849 4499.2
70 10631.6 3036.9
71 10883.1 4569.1
72 10219.6 622.4
73 10259 652.8
74 10180.1 606.5
75 9982.8 3050.2
76 10651.9 171.5
77 10712.5 169
78 11058.6 5112.7
79 10666.8 5332.3
80 9583.6 951.5
81 10652.8 3047.9
82 9812.2 784.5
83 11569.4 4511.4
84 10978.3 4475.1
85 10416.7 364.2
86 6190.7 4413.3
87 7066.7 4788.5
88 7048.6 4819.4
89 6994.6 4833.1
90 6843.6 4867
91 7158 4699.7
92 10592.5 3017.6
93 6844.4 4167.8
94 6739.9 4209.4
95 6696.3 4188.9
96 6672.2 4235.8
97 6633.8 4162.5
98 7210.2 4594.2
99 7243.3 4631.3
100 6759.6 5130.4
101 6902.8 5647.3
102 6773 5105.4
103 10659.7 3002
104 6742.5 5258.6
105 6681.5 4964.6
106 6570.3 4449.7
107 6369.1 5307.6
108 6390.6 4956.2
109 6442.5 4744.7
110 6201.8 4288.2
111 5496.8 5536.1
112 5431.3 5529.6
113 5549.2 5541.9
114 1593.3 3482.7
115 11483.2 3504.4
116 6965.7 5133
117 7148 5371.1
118 7001.2 5196.8
119 7018.3 5159.1
120 7160.6 5342.4
121 7218 5447.4
122 7425.3 5604.9
123 7085.9 5499.2
124 6975.5 5644.5
125 6095.8 5586.3
126 11538.5 3551.9
127 5703.9 5107.7
128 5761 5138
129 5667.6 5187.5
130 5813 4980.2
131 5943.7 5343.1
132 5917.9 5064.2
133 6252.5 4795.5
134 6202.3 4878.1
135 9837.5 7288.1
136 9776 7252.6
137 11446.9 3571.2
138 9858.3 7236.6
139 9818.1 7175
140 9886.3 7206.4
141 9256.6 7456.9
142 9616 6964.2
143 9629.4 6940.4
144 9670.9 6994.5
145 9553.5 6946.4
146 9655.3 7020.2
147 9006.4 6652.3
148 10527.5 2990.1
149 8941.1 6680.7
150 9842.9 6725.5
151 9862.1 6733.6
152 9823.3 6717.3
153 8781.2 6470.1
154 8828.2 6524
155 8678 6552.8
156 8978.7 6635.2
157 8918.5 6649.1
158 8841 6692.5
159 10558.6 2977
160 9525.8 7128.5
161 9489.9 7107.7
162 9752.1 6712.3
163 9284.5 6668.6
164 8505.8 7141.7
165 10467.3 6456.4
166 10485.9 6422.8
167 10453.9 6480.7
168 653.3 -1379.7
169 579 -1392.9
170 11626.1 3610.5
171 595.8 -1466.8
172 631.3 -1275.3
173 556.8 -1286
174 10430.1 6525.1
175 10439.6 6506.4
176 10418.1 6547.5
177 10537.6 6583.8
178 10501.4 6394.9
179 712.2 -1222.1
180 778.3 -1220.2
181 11576.1 3585
182 10574.3 6272.4
183 10560.6 6542.3
184 470.6 -1254.3
185 317.8 -1088.4
186 447.3 -1498.2
187 520.3 -1482.9
188 504.2 -1409.6
189 8660 3542.4
190 8717.5 3634.8
191 10031.9 5642
192 12437.7 5136.9
193 10086 5649.8
194 10061.4 5560
195 9398.9 5476.9
196 10286.6 5349
197 10307.2 5373.3
198 10386.3 5263.9
199 10681.9 4932.8
200 10746.7 4858.6
201 9538.4 5518.8
202 9516 5557.3
203 12474.1 5126.2
204 9592 5432.6
205 9570.3 5576.7
206 7975.6 4143.9
207 10150.4 5658.4
208 10427.6 5590.5
209 10183 5531.4
210 10629 5003
211 10634.3 4851.6
212 8189.8 3391
213 8358.4 3548
214 12394.6 5021.5
215 10098.4 5615
216 10131.7 5424.6
217 7666.8 3516.5
218 7685.9 3497
219 7720.4 3596.8
220 8739.4 3618.8
221 8861.3 3835.5
222 10697.8 4856.1
223 10650.5 4706.4
224 9834 5359.5
225 1821.6 3595.3
226 12474.5 5171.4
227 9816.7 5388.5
228 9690.8 5270.6
229 9910.7 5427.5
230 11200.7 5234.2
231 11105.5 5112.8
232 9770.8 5456.6
233 9799 5419.2
234 9808 5491.7
235 8422.3 3554.2
236 9652.2 5471.1
237 12599.8 5065.2
238 9546.2 5402.3
239 9645.1 5340.3
240 8458.6 3342.5
241 11189.7 5364.6
242 11164 5358.2
243 10455.2 5567.4
244 9697.7 5388.4
245 9737 5424.6
246 9883.2 5478.3
247 9658.6 5319.2
248 12669 5029.3
249 8721.8 3807.9
250 10083.5 5422.6
251 7763.9 3510
252 10785.8 5076.1
253 10836.2 5106
254 10671.3 5163
255 10863.9 4883.5
256 9453.9 5340.5
257 9854.2 5534.1
258 9835.8 5584.7
259 12443.6 4926.7
260 9958 5500.3
261 9565.5 5109.3
262 9444.1 5061.7
263 10658.5 5305.6
264 9920 5465.8
265 9423.8 5482.4
266 9469.6 5517.6
267 9693.6 4695.2
268 9527.4 4810.5
269 10655.3 5172.7
270 12718.4 4999.8
271 10426.5 5170.9
272 10901.7 5147.7
273 10668.5 5223.9
274 10914.1 4930.1
275 8690.4 3358.7
276 10381.5 5445
277 10458.3 5368.6
278 10354.2 5466.9
279 10414.7 5168.2
280 10184.6 5413.4
281 12762.3 4975.3
282 8639.3 4409.2
283 8680.1 4391.3
284 10330.4 5483.2
285 10222.1 5523.5
286 10610.7 5308.8
287 10491.5 5304.7
288 10413.4 5219.1
289 9302.8 5007.5
290 9370 4897.2
291 9402.1 4838.5
292 12702.7 4928.8
293 9694.7 5498.3
294 9760.8 5538.7
295 9644.6 5585.2
296 8756.6 4099.6
297 8749.9 4155.4
298 8908 4104.3
299 8693.5 4162.6
300 9825.1 5623
301 9894.1 5639.9
302 9247.6 4869.6
303 12629.6 4746.8
304 9309.5 4935.9
305 10271.9 5364.6
306 9390.7 5099.3
307 10357 5314.5
308 8166.9 4176.5
309 8025.3 4104.1
310 8693.7 4350.6
311 8745.8 4176.9
312 7749.7 3577.6
313 10284.7 5384.2
314 13363 5929.4
315 9808.7 5568.2
316 9348 4869.1
317 8676.8 3459.8
318 8860.7 4224
319 9000.2 4102.9
320 9265.3 4970.8
321 8804.1 3750.5
322 8766 3692.8
323 11219.6 5258.5
324 11097.4 5288.7
325 13320.2 5938.4
326 10703 5286.5
327 9675.4 5293.3
328 10219.4 5408.2
329 7804.4 3662.9
330 8131.1 4124.4
331 8583 3900.9
332 9495.9 4776.2
333 10653.8 5231.4
334 7961.5 4119.4
335 8791.7 4442.4
336 1922.9 3369.2
337 13279.7 5950.1
338 8770 4482.8
339 8865.9 4512.9
340 9116.2 4933
341 9213.4 5213.7
342 8693 4659.5
343 8511.7 4918.1
344 8495.8 4407
345 8558.2 4390.1
346 8829.5 4499.6
347 9040.9 4966.2
348 14162.2 6442.7
349 9327.1 4633.3
350 9367.9 4589.6
351 9311.5 4664.2
352 8601.5 4406.1
353 8559.4 4596.5
354 9044.1 5326.7
355 9168.8 5227
356 9163 4820.6
357 9954.6 5737.9
358 8605.2 4371.4
359 14073.9 6583.9
360 8519.4 4571.7
361 9997.7 5666.6
362 10053.4 5732.1
363 9277.7 4686.4
364 11066 5343.3
365 10018 5483.3
366 9170.5 4883
367 8427.8 4722
368 8468.9 4694.3
369 8451.9 4796.1
370 14068.7 6400
371 8484 4722.2
372 8512.3 4735.6
373 8937.1 5267.7
374 8506.3 4525
375 9176.5 5415.4
376 8501.7 4494.7
377 8477.7 4474.2
378 9267.5 4602.9
379 9244.1 4637.8
380 8491.4 4853.5
381 13975.4 6540.6
382 10178.6 5756.2
383 8416.2 4257.1
384 8441.8 4219.7
385 9113.4 5363.8
386 9180.9 5400.6
387 9172.4 5271.6
388 9096.1 5286.5
389 9239.7 5315.1
390 8796.4 5505
391 8891.1 5540.2
392 13924.3 6504.7
393 8831.8 5413.8
394 9231.8 5979.8
395 9331.5 5968.7
396 9014 6106.9
397 9056.7 6136.3
398 9082.6 5966.5
399 8967.5 6074.5
400 9327.2 5913.9
401 9233.3 5918.8
402 9407.8 5899.8
403 14487.9 6707.9
404 9321 5787.6
405 9188.3 5646.7
406 9118 5620.1
407 9238.3 5664.8
408 9172.1 5700.8
409 9208 5596.8
410 8428.7 5716.7
411 8419 5736.4
412 8470.1 5641.3
413 8571.5 5716.5
414 14565 6706.1
415 8727.6 5362.9
416 8666 5330.9
417 8780.8 5273.9
418 8469.2 5367.3
419 8434.2 5349.4
420 8413.2 5449.8
421 9087.9 5910
422 9155.8 5915.5
423 9088.6 5841.1
424 8965.5 5900.3
425 -1883.8 -1804.1
426 9278.2 5629.1
427 9352.3 5668.5
428 9252.4 5749.7
429 8673.6 5459.8
430 8861.9 5725.1
431 8889.5 6073.6
432 8911.3 6038.6
433 9206.5 5789.5
434 8974.7 5770.4
435 8356.7 5301.9
436 -2021.8 -1758.4
437 8396.6 5234.8
438 9156.6 5777.7
439 9210.2 5748
440 9092.6 5773.8
441 9155.7 5843.3
442 9134.7 5966.1
443 8907.3 5895.3
444 8961.4 5853.9
445 8607.5 5301.6
446 8658.6 5200.1
447 1846 3044.2
448 -2145.6 -1364.3
449 8577.7 5354
450 8560.3 5277.6
451 8385.1 5609.8
452 9163.6 5749.7
453 9105 5684.2
454 9098.2 5744.8
455 8616.4 5153.8
456 9005.3 5581.9
457 9022.5 5507.1
458 8857.5 5751.5
459 -2007 -1660.4
460 8963.2 5732.9
461 8963.7 5385.3
462 8876.1 5331.6
463 9065.5 5449.7
464 8923 5457.7
465 8701.1 5175.7
466 8634.8 5635.5
467 8451.1 5542.3
468 8634 5556.9
469 8331.3 5360.6
470 -2276.3 -1370.8
471 8960.8 5955.9
472 9023.3 5962
473 8510.5 5388.8
474 8534.5 5329.4
475 8034 4830.1
476 9132 5487.8
477 9398.8 5791.6
478 9476.3 5802.5
479 8846.5 5891.5
480 8864.5 6002.9
481 -2184.2 -1344.7
482 8733.5 5583.8
483 8777.7 5574.2
484 8764.4 5647.9
485 8648.3 5543.3
486 8405.7 5602.4
487 8281.6 5567.3
488 8333.2 5694.9
489 9387.7 5640.3
490 9327.7 5760.8
491 9418.4 5711.3
492 -2418.9 -1487.1
493 8547.7 5406.6
494 9257.8 5785
495 8486.1 5490.6
496 9404.1 5764.2
497 9483.2 5769.5
498 8515.6 5449.4
499 8651.1 5511.1
500 9137.3 5564.5
501 9231.4 5541.6
502 8829 5934.6
503 -2861.2 -1343.3
504 8850.9 5848.1
505 8747.3 5853.2
506 8647.2 5728.7
507 9241.5 5798.9
508 9283.9 5569.6
509 9477.3 5713.4
510 8469.3 5104.8
511 9064.3 5337.5
512 8991.9 5735.4
513 8760.3 5714.2
514 -2911.9 -1315.1
515 8664.8 5758.6
516 8719.9 5833.2
517 8616.3 5717.8
518 8807.3 5967.7
519 8403.2 5393.2
520 8720.7 5235.7
521 8456.3 5473.2
522 8379.5 5430.6
523 8640.3 5701.3
524 8612.8 5427.7
525 -3033.6 -1245
526 8307 5396.1
527 8510.9 5799.3
528 8537.8 5816.9
529 8548.3 5747.3
530 7267.1 4686.1
531 7383.5 4457.7
532 7294.5 4640.8
533 6863.9 4183.5
534 7339 4799.6
535 7322 4829.8
536 -2503.6 -1498.3
537 7369.6 4748.2
538 6491 4604.3
539 6397.8 4554.6
540 6999.3 4251
541 7267.4 4726.2
542 7289.4 5365.5
543 7412 5253.7
544 6681.6 5534.3
545 6639.7 5511.6
546 7606.9 4845.3
547 -2539.6 -1490.7
548 7581.5 4809
549 5697.9 4282.1
550 5675.2 4323.2
551 7722 4950
552 7530.4 4797.1
553 7514.7 4838.2
554 7556.5 4802.8
555 7501.6 4797.5
556 7653.4 4913.3
557 7550.2 4883.3
558 1402.7 2641.6
559 -3979.9 -766.6
560 7582.7 4899.5
561 7548.3 4919.8
562 7375.4 4855
563 7460 4884.2
564 7355.5 4902.7
565 7390.9 4815.5
566 7505.1 4863.6
567 7538 4849.3
568 8005.4 5103.7
569 7948.9 5074.2
570 -3949.8 -698.5
571 7982.9 5146.7
572 8056.3 4905.4
573 8170.8 5640.2
574 8024.1 5708.4
575 7496.7 4891.5
576 7476.8 4852.2
577 7582.5 4984.8
578 7549 4981.6
579 7588.8 4952.2
580 7266 4931.1
581 -4088.2 -710
582 7491.8 4973.5
583 7519.9 4976.9
584 7459.3 4970.1
585 7506.6 4942.6
586 7411.5 4768
587 6868.1 5138.3
588 7208.7 5471.7
589 7241.7 5385
590 5652.8 4364.5
591 5760.9 4424.8
592 -4333.6 -536
593 5627.8 4410.9
594 8177.4 5709.9
595 7521 4760
596 8005.3 4872.5
597 7961.8 4941.6
598 7592.8 4875.7
599 5784.3 4382.1
600 7759.5 4968.7
601 7896.5 5045.4
602 7901.4 4755.4
603 -4358.7 -556.5
604 7741.6 4694.3
605 7834.1 4830
606 7577.2 4832.5
607 7523.6 4908.3
608 7561.6 4861.2
609 7478.8 4928.8
610 7420.2 4970.1
611 7435.6 4937.8
612 7445.7 4915.5
613 7549 4710.3
614 -4553.9 -516.1
615 6253.1 5522.4
616 6071.9 5556.3
617 7226.8 4873
618 7617.7 5047.3
619 7650 5061.5
620 7627.6 5028.2
621 7596.4 5077.1
622 7459.7 5516.9
623 7319.4 5471.3
624 7530.2 5327.5
625 -4353.2 -381.1
626 6325 3872.3
627 8320.8 5715.5
628 8263.6 5713.8
629 7431.4 4644.7
630 6532.6 5453.7
631 7979.2 4800.7
632 7493.7 4679.9
633 7468.5 4730.1
634 7523.9 4629.2
635 7681.8 5074.2
636 -4314.8 -582.5
637 7660.3 5118.4
638 7572.6 4926.6
639 7577.9 4659.2
640 7615.2 4595.3
641 7640.9 4694.4
642 7176.5 5132
643 7264 5456.2
644 7607.1 4910.8
645 7865.2 5371
646 7632 5100.1
647 -4886.8 -342.1
648 7640.2 4989.9
649 7667.8 4748.3
650 7539.4 5148.9
651 6269 4949.4
652 9686.2 7203.2
653 255.6 -1164.5
654 285.9 -715
655 271.4 -598.3
656 213.2 -195
657 326.7 158.4
658 -4836.8 -195.6
659 259.1 -903.5
660 258 -924.6
661 252 -873.6
662 183.4 -349.8
663 287.3 -897
664 183.7 -1179.4
665 261.9 -1229.3
666 413.7 -1745.3
667 363.5 -1516.2
668 254.4 154.6
669 1561.8 2726.2
670 -5366.4 -251.7
671 332.8 -1797.1
672 310.4 -1905.4
673 -224.2 -286.4
674 -280.8 -294.4
675 298.1 -1106
676 295.3 -1074.2
677 -179.4 -179.5
678 348.2 -1445.7
679 320.8 -1307.8
680 -99 -2357.9
681 -5332.5 -263.1
682 315.5 -1269.1
683 495.7 -2168.3
684 -316.6 -299.4
685 -66.7 -2303.4
686 301.3 -1451.5
687 311.8 -1498.4
688 114.5 488.8
689 106.6 581.7
690 194.9 456.3
691 -43.4 -2451.2
692 -5228.7 -273.4
693 155.1 -1519.1
694 395.7 -1887
695 136.3 -2412.5
696 265.7 -1277.8
697 199 -1289.5
698 -19.4 -2244
699 -289.3 -239.9
700 172.9 378.2
701 474.8 172.6
702 234.3 -324.2
703 -5237.3 -337.5
704 668 -547
705 356.7 -1485.1
706 -116 -53.3
707 5924.5 5574.9
708 7.8 407.6
709 11353.6 6363.9
710 10988.8 6960.8
711 -1514.2 -3899.5
712 -2141.5 -2696.2
713 -1349 -3995
714 -5122.9 -284.7
715 9262.2 7511.7
716 9213.4 7490.2
717 9161.7 7683.4
718 723.9 -7941.8
719 707.5 -7957
720 381.4 -5590.7
721 312.8 -5629.1
722 395.8 -5619
723 755.1 -7928.6
724 246.6 -6913.7
725 -5129.2 -351
726 320.4 -7017.1
727 277.1 -6895
728 760.1 -7938.8
729 775.5 -7923.1
730 -516 -4414.3
731 -391.4 -4475.2
732 217.6 -4402.6
733 242.9 -4438.4
734 158.8 -4467.8
735 846.9 -4906.4
736 -4932 -333.3
737 905.1 -4920.6
738 420.5 -6168
739 275.7 -6238.3
740 668.4 -4935
741 1133.3 -5554.3
742 -416.9 -3157.9
743 396.6 -4617.6
744 373 -4582.5
745 418.3 -4600.5
746 529.4 -7505.2
747 -4730.8 -408.1
748 1117.9 -5758.6
749 1091.6 -5810.2
750 109.8 -6310.4
751 -292.7 -3754.2
752 350 -4595.6
753 417.5 -4695.3
754 223.5 -6253.2
755 247.8 -6886.2
756 -433 -1669.5
757 180 -6330.4
758 -5455.4 -245
759 228.9 -6338.3
760 1218.3 -5679.5
761 1810.9 -8022.3
762 2004.8 -7760.7
763 1985.1 -7793.9
764 1424.7 -8334
765 669.1 -5070
766 192.6 -6345.4
767 270.9 -6758.1
768 836.7 -7835.8
769 -5548.8 -230.5
770 1975.9 -5271.4
771 1977.5 -5238.4
772 811.4 4231.7
773 687.8 4169.7
774 -197.7 497.6
775 -355 579.3
776 -501.1 -394
777 -497.1 -423.5
778 1410.6 4196.7
779 -506.8 298.1
780 1813.5 2410.5
781 -5819.9 -231.8
782 -331.7 783.3
783 -465.4 729.1
784 -292.3 728
785 -419.1 -353.2
786 -479.6 2397.7
787 -1341.5 -39.5
788 -1312.3 -69.4
789 -1304 12.5
790 -3805.9 1764
791 -3599.2 1633.4
792 -5491.4 -256.6
793 -3715.6 1657.7
794 -1202.1 -187.3
795 -1177.9 -152.5
796 -1253.4 -131.1
797 -1168.6 -5.8
798 -6073.9 2444.8
799 -6078.5 2473.8
800 -5996.2 2506.1
801 -6069.1 2401
802 -5164.1 2011.4
803 -5975.8 -144.1
804 854.6 -7996.7
805 875.8 -8017.7
806 827.1 -7973
807 913.8 -7924.1
808 1230.6 -8329.3
809 1309.6 -8377.6
810 1260.5 -8283.3
811 924.9 -7722.4
812 1165.7 -8205.9
813 1136.6 -8178.2
814 -5869.1 -248
815 1198.4 -8167.7
816 1145.1 -8228.4
817 992.7 -7892.6
818 962.7 -7923.9
819 1025.9 -7949.6
820 972.9 -7860.2
821 915.3 -8210.8
822 888.8 -8239.9
823 940.2 -8234.3
824 896.5 -8184.1
825 -5991.9 -120.2
826 844.5 -8123.9
827 868 -8098.9
828 823.9 -8144.6
829 776.9 -7320.3
830 782.2 -7391.9
831 772.5 -7272.6
832 804.6 -7997.9
833 947.4 -8129.7
834 798.4 -7945.5
835 888.7 -8345
836 -6009.7 -155.1
837 917.9 -8362.7
838 865.6 -8191
839 857.1 -7327
840 872.7 -7305
841 840.2 -7347.2
842 927.7 -7381.5
843 789.4 -7251.8
844 969.3 -8107.7
845 1044.6 -8178.9
846 899.2 -8040
847 -6075.2 -95.3
848 993 -8083.1
849 836.1 -8162.4
850 833.1 -8194
851 1028.9 -8592.8
852 952.4 -8496.7
853 1082 -8552
854 911.7 -8537.8
855 1166.9 -8003.1
856 1212.3 -7943.3
857 1050.6 -8094.1
858 -6116.1 -73.8
859 1133.4 -7958.8
860 1204.1 -8038.7
861 1005.4 -7966.7
862 984.3 -7988.3
863 1370.3 -8221
864 1428.4 -8217.2
865 1374.4 -8167
866 1347.4 -8203.8
867 888.1 -7279
868 943.7 -7359.5
869 -5698.1 -211.5
870 809.6 -7228.7
871 1003.6 -8445.5
872 981.7 -8468.5
873 951.3 -7824.4
874 935.8 -7899.3
875 1328.4 -8062
876 1334 -8025.4
877 1313.7 -8118.3
878 1437.4 -8101
879 906.3 -7456.7
880 -4793.9 -383.8
881 945.9 -7486.4
882 887.8 -7479.6
883 918.3 -7440.6
884 1163.1 -8416.6
885 1215.8 -8450.4
886 1200.7 -8373.4
887 938.7 -7946.5
888 961.8 -7967.4
889 934.9 -7694
890 964.7 -8312.2
891 1820.6 2874.4
892 -4947.4 -377.1
893 1000.7 -8345.2
894 942 -8288.7
895 937.6 -8341.4
896 819.7 -8052.1
897 937.2 -7419.1
898 1339.7 -7945
899 1355.3 -8341.4
900 1405.2 -8304.7
901 1039.5 -7895.1
902 1023.2 -7823.8
903 -5805 77.8
904 1090.6 -7877.3
905 1262.3 -8413.6
906 875.4 -8303
907 968.6 -8261.3
908 941.8 -7991.9
909 922.5 -8016.1
910 1015.8 -8061.4
911 837.9 -8276.2
912 1169 -8123.2
913 1196.9 -8104.1
914 -5724.2 288
915 924.2 -8153.6
916 1272.8 -8159.3
917 1321.5 -8186.9
918 1224.8 -8198.4
919 1432.8 -8155.1
920 1578.3 -8177.1
921 1027.1 -8316.7
922 1047.5 -8335.3
923 1075.8 -8362.1
924 1070.7 -8306.7
925 -5921 -1079.5
926 994.7 -8393.7
927 899.1 -7887.2
928 792.6 -8195
929 790.9 -8168
930 799.1 -8277
931 957 -7562.5
932 994.6 -7525
933 938.8 -7585.9
934 912.7 -7525.6
935 1250.7 -7974.3
936 -5926.8 -1041.7
937 1335.4 -8000.5
938 1032.2 -7491.4
939 1038.7 -7565.1
940 1242.2 -7772.9
941 1255.9 -7717.9
942 1104 -7742.4
943 1652.3 -8075.8
944 1601 -8046.3
945 870.2 -7863.7
946 1138 -8509
947 -5956.6 -786.2
948 888.1 -8501.5
949 820.3 -8403.3
950 786.5 -8115.9
951 1470.4 -7983.1
952 1488.4 -7933.9
953 1563.4 -8027.5
954 1185.7 -8235.6
955 1170.4 -8251.6
956 1070.6 -7444.3
957 1127.1 -7465.7
958 -5376.6 -2683
959 957.3 -7342.3
960 1118.3 -8314.7
961 1148.5 -8278.4
962 1091.1 -8225.5
963 1289.3 -8235.7
964 1085.2 -7782.7
965 1202.6 -7772.7
966 824 -7367.5
967 1095.8 -8454.3
968 1200.3 -7865.3
969 -5341 -2634.7
970 1135.2 -7487.4
971 1065.2 -8253.9
972 1093.2 -8280.5
973 1041.1 -8278.9
974 837.4 -8235.3
975 973.6 -8374.4
976 1088 -8131.4
977 1024.1 -8420.7
978 1164 -7916.7
979 1078.3 -7825
980 -5328.3 -2728.1
981 877.1 -7567.8
982 1033.5 -7771.7
983 1537.7 -8118.4
984 1060.5 -7581.3
985 989.6 -7627.1
986 1067.6 -8153.9
987 1114.1 -8200.5
988 1049.1 -8393.7
989 1124.8 -7705.5
990 1120.4 -7636.3
991 -5248.4 -2507.5
992 1009.4 -7643
993 1082.1 -7600.4
994 949.9 -7675
995 963.9 -7765.3
996 974.3 -7793.1
997 1346.1 -8270.6
998 1115.4 -7513
999 789.4 -8021.5
1000 1037.5 -8037.9
1001 922.1 -7233.5
1002 1395.7 2818.1
1003 -5306.2 -2584.3
1004 1248.7 -7891.4
1005 1182.5 -7831.5
1006 1376.4 -8145.5
1007 1136.9 -8081.9
1008 1113.1 -8155.4
1009 1161.6 -7546.4
1010 1107.1 -7575.4
1011 1139.3 -7530.9
1012 800.3 -7418.2
1013 856.6 -7517.1
1014 -5278.2 -2472.5
1015 902.7 -7628.8
1016 847.8 -8382.5
1017 804.5 -8329
1018 954.8 -8396.6
1019 800 -7305.2
1020 1019 -8258.5
1021 955.1 -8443.6
1022 993.1 -8234.7
1023 1043.1 -7979.7
1024 930.9 -8420.9
1025 -5139.7 -2363.9
1026 1237.8 -8067.1
1027 1009.8 -8012.8
1028 1070.1 -8203.4
1029 -313.4 -789.9
1030 -356.5 -796
1031 -446.5 -140.6
1032 -343.8 -421.7
1033 -309.4 -354.7
1034 -324.1 -549.4
1035 -432.8 -255.9
1036 -5168.9 -2402
1037 -436.6 -214.9
1038 -426.6 -303.6
1039 -436.4 634.5
1040 -683.2 1017.8
1041 -670.7 875.4
1042 191.4 -1238.9
1043 -435.3 -870.2
1044 -397.4 -864.2
1045 -444.5 -806.7
1046 -587.7 250.2
1047 -5108.7 -2414.8
1048 -574.7 157.2
1049 -318.1 -17.1
1050 -592.8 288.7
1051 -637.1 261.2
1052 -302.7 -701.1
1053 -911.8 278.3
1054 -828.1 281.6
1055 -610.7 -1186.5
1056 -524.7 -1197.7
1057 160.4 396.5
1058 -2702.6 -1511.1
1059 -313 -326.9
1060 -853.4 244.9
1061 -740.4 221
1062 -406 -802
1063 -450.5 -745.5
1064 -348.3 -857.1
1065 -803.8 319.1
1066 -690.3 297.2
1067 -139.9 -1335.1
1068 418.9 280.9
1069 -2763.2 -1446.8
1070 -274.2 742.7
1071 -196.4 694.7
1072 -283.1 -549.2
1073 -460.1 -1298.3
1074 -512.7 -306.3
1075 -504.7 -367
1076 -461.6 -299.4
1077 439.3 397.3
1078 -755.6 190.4
1079 -934.6 206.9
1080 -345.8 -1532.3
1081 -493.5 562.7
1082 78.8 456.2
1083 -253.8 -485.5
1084 -4335.7 855.9
1085 -4307.6 821.3
1086 -4363.8 896.6
1087 -4216.9 792.6
1088 -4434.7 759
1089 -4237.9 667.5
1090 -4261.3 758.3
1091 -338.9 -1583.3
1092 -4174 826
1093 -4155.1 723.1
1094 -4206.5 693.6
1095 -4458 747.3
1096 -4547.9 505.5
1097 -4366.6 630.1
1098 -4461.4 557.9
1099 -4488.7 541.6
1100 -4448.9 537
1101 -4406.1 587.8
1102 -428.4 -1543.9
1103 -4450.2 684.3
1104 -4407.2 687.8
1105 -4549.7 729
1106 -4260.9 936.5
1107 -4502.6 843.7
1108 -5072.2 379.7
1109 -5153.9 321.9
1110 -4941.8 329.9
1111 -4976.3 366.9
1112 -3736.7 325
1113 107.5 -1624.5
1114 1498.2 2883.1
1115 -199.7 -2465.8
1116 -3692.9 277.6
1117 -3693.1 220.4
1118 -4960 629.1
1119 -5016 609.4
1120 -4252.7 955.6
1121 -5040 438
1122 -5009.3 403.4
1123 -4944.9 494.9
1124 -5167.4 505.2
1125 -5144.1 462.5
1126 -212.6 -2492.5
1127 -5155.5 483.9
1128 -5241.5 434.4
1129 -5270.7 483.7
1130 -5176.2 536.4
1131 -4971.5 537.3
1132 -4946.9 552
1133 -5014.7 508.7
1134 -4061.1 549.8
1135 -4077.1 529.9
1136 -3987.3 522.6
1137 -122.9 -2375.4
1138 -4046.1 367.4
1139 -4066.5 391.1
1140 -4012.3 492.5
1141 -4112.9 491.8
1142 -4618.1 308.5
1143 -4537.6 326.6
1144 -4316.9 404.2
1145 -4276.5 439.9
1146 -4190.2 512.1
1147 -4148.3 538.5
1148 -174.7 -2478.2
1149 -4642.5 4.6
1150 -4685.2 -49.9
1151 -4576.2 4.7
1152 -4651.7 -53
1153 -4368.3 416.5
1154 -4805.7 60.1
1155 -4843 118.8
1156 -4877.5 224.7
1157 -4846.3 278.8
1158 -4843.6 42.7
1159 234.1 -1919.7
1160 -4602.8 -56.9
1161 -4891.1 415.5
1162 -4065.7 702.7
1163 -4921.4 460.3
1164 -4838.9 445.3
1165 -4921.8 510.2
1166 -4878.6 141.6
1167 -4779.2 -216.2
1168 -4751.9 -226
1169 -4777.7 -16.9
1170 244.5 -2001.2
1171 -4742.2 -51.9
1172 -4818.5 11.7
1173 -5024.7 -471.7
1174 -4872 -437.5
1175 10103.8 4045.4
1176 10212.5 4112.6
1177 9654.8 4483.5
1178 9911.3 4078.8
1179 9977 3970.3
1180 9449.3 3140.1
1181 367.2 -1713.7
1182 9425.2 3161.1
1183 9657.9 4354
1184 9725.5 4232.5
1185 9775.4 4147.3
1186 9789.3 4271.7
1187 9705.7 4220.6
1188 9603.2 4260.5
1189 9614.6 4277.7
1190 9679.4 4221
1191 9559.8 4204.9
1192 254.9 -1886.1
1193 10146.1 4221.2
1194 9613.8 3392.1
1195 9959.1 3558.6
1196 9550.5 3392.5
1197 9407.9 3140.6
1198 10044.1 3859.5
1199 10282.3 3922.9
1200 9572.2 4411.4
1201 10143.4 3964.7
1202 9262.7 3270.3
1203 487.5 -2229.6
1204 9590.5 4527.3
1205 9260 3241
1206 9596.2 4399.3
1207 9471.5 4268.4
1208 9500 4489.1
1209 10151.7 3983.3
1210 9237.3 3255
1211 9500.9 4117.5
1212 -5055.4 -2012.4
1213 -5067.8 -1949.9
1214 6244.7 13624.5
1215 -5006.1 -2003.7
1216 -5076.6 -2035.9
1217 -5268.5 -1859.6
1218 -5290.1 -1826.6
1219 -5247.7 -1892.4
1220 -5214.2 -1859.2
1221 -5110.1 -1957.1
1222 -5246.6 -1786.5
1223 -5347 -1852.4
1224 -5073.9 -2064.5
1225 1434.8 2790.6
1226 6265.2 13623.8
1227 -5047.3 -2109.8
1228 -4999.6 -2092.4
1229 -5100.9 -2176.5
1230 -5180.5 -1828.1
1231 -5184.4 -1911.3
1232 -5215.6 -1766.2
1233 -5198.6 -1793.7
1234 -5153.6 -1725.4
1235 -5304.1 -1929.4
1236 -5137.1 -1894.1
1237 5904.6 13716.1
1238 -5029 -1944.1
1239 -4978.6 -1934.3
1240 -5454.4 -1119
1241 -5485.9 -1130.6
1242 -5476.8 -1063.9
1243 -5510.3 -1067.7
1244 -5456.7 -1039.8
1245 -5574.3 -1080.1
1246 -5521.8 -1039.6
1247 -5466.5 -1016.3
1248 6241.2 13456.1
1249 -5492.3 -1026.6
1250 -5559.5 -1254.2
1251 -5590.7 -1269.7
1252 -5592.4 -1188
1253 -5625.4 -1285.6
1254 -5686.3 -1252.7
1255 -5755.8 -1250.8
1256 -5666.1 -1205.4
1257 -4993.3 -1869.7
1258 -4977 -1781.1
1259 6642 13469.9
1260 -5239.1 -1831.2
1261 -5022.8 -1678.2
1262 -5007 -1713.5
1263 -5035.4 -1651.9
1264 -4972.8 -1656.8
1265 -5047.6 -1880.2
1266 -5089 -1784
1267 -5048 -1732.4
1268 -5100.7 -1763.2
1269 -5096.8 -1688.6
1270 6584.9 13521.7
1271 -5125.7 -1773.4
1272 -5112 -1795.3
1273 -5137 -1754
1274 -5023.2 -1785.3
1275 -1531.5 -1621.1
1276 -1386 -1196.3
1277 -1415.9 -1241.3
1278 -1616.1 -1574
1279 -1686.1 -1417.7
1280 -1499.1 -1532.1
1281 6685.7 13426.9
1282 -1544.8 -1567.7
1283 -1569.8 -1528.7
1284 -1575.7 -1277.6
1285 -552.6 -1908.9
1286 -553.4 -1971.9
1287 -497.6 -1902
1288 -1422.1 -1219.3
1289 -1503.5 -1268.4
1290 -1653.7 -1398.6
1291 -507.3 -1827.5
1292 6657.8 13445.1
1293 -1516.5 -1206.4
1294 -1685 -1051.6
1295 -1724 -959.2
1296 -1662 -913.5
1297 -764.6 -241.6
1298 -1108.8 -1007.3
1299 -823.1 -629.7
1300 -844 -635.2
1301 -833.3 -554.6
1302 -1292.2 87.3
1303 8048.9 12146.4
1304 -1332.7 33.7
1305 -1163.1 -756.6
1306 -810.7 -722.9
1307 -1600.1 -652.3
1308 -1647.1 -752.9
1309 -805.1 -352.1
1310 -790.3 -220.4
1311 -1065.5 -898.5
1312 -1081.8 -968.6
1313 -794.9 -490.1
1314 8076.1 12120.1
1315 -630.3 -1356.1
1316 -850.4 -583.6
1317 -758.2 -172.9
1318 -1751 -402.6
1319 -860.2 -340
1320 -900.3 -331.2
1321 -806.5 -208.1
1322 -723.4 -1321.8
1323 -748.1 -1369.6
1324 -790.1 -146.9
1325 7965 12234.7
1326 -824.4 -197
1327 -905.3 -681.8
1328 -1107.6 -791.4
1329 -989.9 -100.5
1330 -963.6 -114.2
1331 -588.6 -1016.3
1332 -920.8 -132.2
1333 -866.2 -170.5
1334 -893.7 -94.5
1335 -940.7 -126.7
1336 1371.1 2939.3
1337 8060.7 12101.9
1338 -1684.9 -471.4
1339 -873.4 -679.7
1340 -994.6 -55.7
1341 -1042.8 -64.8
1342 -1260.3 136
1343 -1175.5 119.3
1344 -1367 -10.6
1345 336.1 973.7
1346 469 775.3
1347 498.3 796.3
1348 7775.5 12426.4
1349 394.5 890.9
1350 -2509.8 -1679.2
1351 -977.9 -1108
1352 -1313.8 -1026.6
1353 -1291.1 -1008.2
1354 -1384.6 -977.5
1355 -1456 -912.4
1356 -1513.8 -1050.5
1357 -1389.3 -1106.3
1358 -1434.4 -1138.3
1359 7999.4 12302.5
1360 -1427.6 -1050.6
1361 -1793 -1027.2
1362 -1299.6 -928.9
1363 -1396.7 -825.3
1364 -1268.7 -1011.4
1365 -1235.1 -916.6
1366 -1363 -2060.8
1367 -1475.3 -411.3
1368 -1438.2 -403
1369 -1457.1 -575.6
1370 7617.2 12587.8
1371 -514 -2303.3
1372 -553.9 -2381.9
1373 -579.1 -2234
1374 -1978.6 -729.3
1375 -1998.2 -900.1
1376 -1117 -642.2
1377 -1100.2 -605
1378 -1141.5 -547.7
1379 -1093.7 -579.2
1380 -1109.5 -523.9
1381 6949.4 13250.7
1382 -1043.2 -597.1
1383 -675.9 -2179
1384 -637.4 -2167.9
1385 -737.3 -2137.5
1386 -1192.8 -811.7
1387 -539.6 -2240.5
1388 -519.1 -2268.7
1389 -556.8 -2220.9
1390 -449.3 -2176
1391 -7774.6 -2005.3
1392 8356.1 11947.4
1393 -7687.7 -1962.7
1394 -7732.5 -2073.1
1395 -577.9 -2200.5
1396 -1216.4 -833.4
1397 -1149.7 -853.7
1398 -469.4 -2233.1
1399 -1329.9 -717.3
1400 -1161.9 -936.5
1401 -8629.8 -2619.1
1402 -8512.5 -2582.9
1403 8105.8 12094.7
1404 -8660 -2684.9
1405 -8214.9 -2350.5
1406 -8105.5 -2260.9
1407 -467.2 -2421.8
1408 -1487.4 -1960.4
1409 -1529.8 -2010.2
1410 -1352.2 -2147.3
1411 -844.5 -2902
1412 -688.9 -2804.9
1413 -958.9 -2983
1414 8413.9 11906.4
1415 -567.4 -2889.3
1416 -532.5 -2883.6
1417 -1060.5 -3011.7
1418 -997.4 -4307.7
1419 -1108.1 -4211.7
1420 12483.6 6762.4
1421 269.7 -4052.5
1422 394.6 -4100.5
1423 2787.6 -4833.1
1424 2598.8 -4734.6
1425 -627.8 -1247.2
1426 -2622.4 -441.1
1427 -2672.9 -462
1428 -2475.1 -420.8
1429 -2551.3 -510.4
1430 -6693.4 -2280.3
1431 -6681.4 -2384
1432 -6737 -2277.1
1433 -6668.3 -2281
1434 -6387.6 -2037.7
1435 -6406.8 -2000
1436 -656.3 -1244.6
1437 -6365.7 -2075.1
1438 -6573.3 -2192.4
1439 -6546.2 -2206.1
1440 -6570.6 -2161.1
1441 -6133.7 -2118.6
1442 -6099.4 -2171.4
1443 -6102.6 -2097.3
1444 -6155.1 -2132.1
1445 -6309.4 -2448.4
1446 -6313.5 -2477.1
1447 1270.1 3058.1
1448 -635.9 -1308.8
1449 -6199.2 -2395.6
1450 -6663.4 -2214
1451 -6621.7 -2216
1452 -6665.7 -2250.4
1453 -6636.5 -2291.9
1454 -6612.8 -2286.5
1455 -6622 -2345.8
1456 -6404.1 -2095.8
1457 -6343 -2103.9
1458 -6441.7 -2392.7
1459 -482.4 -756.1
1460 -6418.4 -2432.1
1461 -6563.3 -2464.5
1462 -6720.6 -2201
1463 -6740.2 -2165.4
1464 -6541.4 -2634.7
1465 -6511.6 -2619.2
1466 -6567.5 -2649.2
1467 -6574.5 -2574.8
1468 -6381.2 -2143.3
1469 -6356.5 -2187
1470 -513.9 -867.7
1471 -6428.1 -2162.7
1472 -5989.2 -2264
1473 -6859.6 -2384.8
1474 -6838.5 -2403.8
1475 -6881.7 -2336
1476 -6788.3 -2345
1477 -6168.4 -2374.2
1478 -6142.2 -2420.9
1479 -6072.6 -2321.8
1480 -6362.7 -2524.3
1481 11666.5 10884.7
1482 -6379.6 -2500.5
1483 -6346.5 -2510.4
1484 -6403.6 -2555.5
1485 -6627.7 -2603.5
1486 -6596.3 -2660
1487 -6470.9 -2177
1488 -6482.3 -2155.6
1489 -6500.9 -2190.6
1490 -6414.7 -2281.6
1491 -6028.8 -2292.6
1492 11688.9 10966.3
1493 -6304.4 -2040.8
1494 -6279.2 -2052.2
1495 -6209.3 -2121.3
1496 -6225.8 -2092.8
1497 -6091.8 -2042.3
1498 -6243.3 -2141
1499 -6379.7 -2264.3
1500 -6483.1 -2317.8
1501 -6768.6 -2268.9
1502 -6729.6 -2366.8
1503 11526.6 10317
1504 -6675.5 -2528.7
1505 -6644.2 -2578.3
1506 -6740.8 -2560.4
1507 -6653.1 -2514
1508 -6611 -2411.2
1509 -6574.6 -2430.6
1510 -6529.3 -2234.1
1511 -6320.6 -2251.1
1512 -6279.1 -2205.9
1513 -6504.3 -2280.5
1514 11501.3 10162.6
1515 -6108.4 -2211.8
1516 -6470.5 -2597.8
1517 -6458.3 -2623.4
1518 -6508 -2527.5
1519 -6294.6 -2306.4
1520 -6346 -2333.2
1521 -6520.5 -2503
1522 -6678.9 -2409.8
1523 -6795.4 -2304.8
1524 -6297.3 -2170.9
1525 11996.6 8790.6
1526 -6019.6 -2346.4
1527 -6690.9 -2638.7
1528 -6441.9 -2126.3
1529 -6123.4 -2023.4
1530 -6017 -2001.9
1531 -6532 -2060.4
1532 -6517.9 -2086.1
1533 -6597.6 -2111.6
1534 -6487.7 -2037.7
1535 -6454.2 -2458.3
1536 11958.3 8819
1537 -6932.9 -2208.3
1538 -6898 -2183.9
1539 -6929.2 -2040.6
1540 -6328.6 -2125
1541 -6589.6 -2402.7
1542 -6710.8 -2608.4
1543 -6591.1 -2274.8
1544 -6673.8 -2434.2
1545 -6618.9 -2493.2
1546 -6661.9 -2481
1547 11949.8 8839.6
1548 -6786.3 -2279
1549 -6793.7 -2247.3
1550 -6396.2 -2470.6
1551 -6710 -2509.4
1552 -6809 -2451.1
1553 -6763.9 -2424.8
1554 -6769.6 -2111.7
1555 -6807 -2035.5
1556 -6799.8 -2129.4
1557 -6750.8 -2146.1
1558 1237.6 3131.5
1559 12060.6 8696.3
1560 -6546.4 -2244.9
1561 -6790.3 -1789.3
1562 -6792.4 -1835
1563 -6756.3 -2535.6
1564 -6782.6 -2493.4
1565 -6738.3 -2466.9
1566 -6798 -1923.4
1567 -6808.2 -1965
1568 -6795.2 -1883.2
1569 -6822.6 -1919.7
1570 12020.9 8676.3
1571 -6765.9 -1932.6
1572 -6752.4 -2225.1
1573 -6698.3 -2209.8
1574 -6370.2 -1799.1
1575 -6129.4 -1867.8
1576 -6149.4 -1829.4
1577 -6191.6 -1969.7
1578 -6869.4 -1643.5
1579 -6954.5 -1627.5
1580 -6841.2 -1690.5
1581 12181.9 8607.7
1582 -5923.4 -1805.1
1583 -6935.5 -1709.9
1584 -6665.5 -1675
1585 -6420.5 -1840.7
1586 -5913.5 -2206.6
1587 -6179 -1845.4
1588 -7262.9 -1882.2
1589 -7207.6 -1969.6
1590 -7205.3 -1857.7
1591 -7300.9 -1824.9
1592 12081.1 8639.8
1593 -7088.4 -2107.2
1594 -7056.7 -2167
1595 -7066.4 -2095
1596 -7112.3 -2119.8
1597 -6980 -1972.1
1598 -7375.7 -1360.9
1599 -7427.7 -1332.3
1600 -7361.5 -1481.7
1601 -7115.7 -1644.5
1602 -7089.5 -1688.2
1603 12093.7 8558
1604 -7137.1 -1567.1
1605 -7071.7 -1620.1
1606 -7166 -1673.3
1607 -7173.4 -2108.7
1608 -7209.1 -2123.8
1609 -7225.7 -2009.9
1610 -7149.8 -2139.5
1611 -6960.2 -2038.2
1612 -6958.4 -1963.5
1613 -6961.9 -2118.4
1614 12130.2 8569.2
1615 -6965.5 -2230.9
1616 -6910.4 -2290.5
1617 -7134.5 -2166.5
1618 -7177 -2190.7
1619 -7117.7 -2199.8
1620 -7243.8 -1653.9
1621 -7217.8 -1699.1
1622 -7194.9 -1620.8
1623 -7023.9 -1801.8
1624 -6981.6 -1773.7
1625 11593.2 9867.3
1626 -7071.5 -1836.6
1627 -7001.8 -2213.4
1628 -7024.4 -2227.3
1629 -6985.5 -2243.3
1630 -7033.5 -2155.2
1631 -7136 -1721.2
1632 -7240.2 -1986.1
1633 -7266.5 -2421.4
1634 -7325.8 -2318.1
1635 -7301.9 -2458.4
1636 11584.2 9509
1637 -7167.2 -2364
1638 -7007.5 -2258.9
1639 -7195.5 -2322.8
1640 -7063 -2298.1
1641 -7123.4 -2337.7
1642 -7249.2 -2230
1643 -6925.5 -1949.9
1644 -7143.4 -1830.4
1645 -7050.4 -1654.1
1646 -7200.1 -2204.1
1647 11735.2 9724.2
1648 -7190.4 -1746
1649 -7099.4 -1857.7
1650 -7227.7 -2266.8
1651 -7364.3 -2248.9
1652 -7338.6 -2295.2
1653 -7258.2 -2029.2
1654 -7356.6 -2048
1655 -7534.2 -1263.9
1656 -7500.2 -1289.7
1657 -6039.4 -1943.2
1658 11770.7 9654.8
1659 -5976.9 -1917.7
1660 -6028.2 -1976.1
1661 -6048.1 -1920.8
1662 -6721 -1661.7
1663 -6656 -1693.8
1664 -6260.9 -2237.1
1665 -6755.2 -1849.2
1666 -6705.6 -1954.6
1667 -6711.3 -1825.2
1668 -6009.9 -2023.6
1669 1357.5 3045.3
1670 12104.5 8488.5
1671 -5928.2 -1985.1
1672 -6631.2 -1738.5
1673 -6725.7 -1727.2
1674 -6230.4 -2341.6
1675 -6243.9 -2319.1
1676 -6215.1 -2366.9
1677 -6328.7 -2363.8
1678 -6082.4 -2526.8
1679 -6043.3 -2514.1
1680 -6117.5 -2538.6
1681 12076.4 8470.5
1682 -6185.2 -2347.4
1683 -6614.5 -1772.5
1684 -6598.8 -1800.3
1685 -6752.9 -1661.1
1686 -6693.5 -1853.1
1687 -6657.3 -1918.3
1688 -6676.3 -1885.5
1689 -6563.9 -1866.1
1690 -6137.9 -2162.9
1691 -6192.8 -2195.5
1692 12114.5 8434.6
1693 -6122 -2188.1
1694 -6815.4 -1737.6
1695 -5928.3 -1764
1696 -6068 -1881.7
1697 -6769 -2644.1
1698 -7354.7 -2444.4
1699 -5872.7 -2746.6
1700 -7089.7 -2826.9
1701 -7033.6 -2797.9
1702 -7073 -2844.1
1703 12146.5 8372.6
1704 -7102.2 -2802.7
1705 -7418.8 -2335.4
1706 -7138.6 -2401.1
1707 -7080.7 -2364.5
1708 -7167.2 -2421.8
1709 -7036.5 -2449
1710 -6868.4 -2705.4
1711 -6916.3 -2735.3
1712 -6826.4 -2779.4
1713 -6942.4 -2437.2
1714 12032.9 8311
1715 -6889.8 -2351.5
1716 -6765.5 -2553
1717 -7017.5 -2481.8
1718 -7069.2 -2467.8
1719 -6938.7 -2273.6
1720 -6977 -2298.9
1721 -6779 -2750.4
1722 -6846.3 -2791.8
1723 -6972.5 -2402.2
1724 -6826.4 -2679.2
1725 12170.6 8386.1
1726 -6748.9 -2790.5
1727 -6996.8 -2867.2
1728 -6948 -2842.3
1729 -6967.9 -2804.6
1730 -6877.9 -2806.9
1731 -6897.6 -2769.3
1732 -7209.5 -2601
1733 -7172.8 -2579.5
1734 -7165.8 -2673.5
1735 -7250.6 -2538.7
1736 12163.2 8343.2
1737 -6951.5 -2753.7
1738 -6965 -2659.1
1739 -6237.1 -2073.9
1740 -6984.1 -2772.8
1741 -7015.2 -2788.7
1742 -7101.8 -2534.1
1743 -7023.6 -2726.5
1744 -6877.7 -2274.2
1745 -6840.6 -2261.1
1746 -6862.3 -2224
1747 12151.5 8322.3
1748 -6796.8 -2193.1
1749 -6189.8 -3045.1
1750 -6145.6 -3016.9
1751 -6202.6 -3022.1
1752 -6156.8 -3105
1753 -6261.8 -2779.9
1754 -6281.7 -2743.4
1755 -6245.5 -2814.4
1756 -6191.6 -2741
1757 -6316 -2800.6
1758 12244.3 8065.9
1759 -6296.1 -2838
1760 -6379.5 -2837.3
1761 -5931.8 -2737
1762 -5957.1 -2693.9
1763 -6029.9 -2774.5
1764 -6086.3 -2927.6
1765 -6123.9 -2949.6
1766 -6097.4 -2904.4
1767 -6069.9 -2955.3
1768 -5977.7 -2866.5
1769 12241.7 8141.3
1770 -6087 -2602.9
1771 -6097.1 -2571.3
1772 -6078.3 -2630.9
1773 -5958.1 -2556.8
1774 -6710.6 -2971
1775 -6694 -2994.6
1776 -6722.6 -2949.6
1777 -6561.8 -2886.9
1778 -6351.1 -3148
1779 -6376.7 -3161.7
1780 1350.9 2884.1
1781 12283.3 8087
1782 -6398.5 -3056.7
1783 -6317 -3128.6
1784 -6050 -2744
1785 -6062.8 -2711.2
1786 -5900.6 -2995.5
1787 -5919.1 -2963.2
1788 -6019.9 -3046.6
1789 -6002.9 -3080.4
1790 -5888 -2939.1
1791 -6168.6 -2977.7
1792 12169.1 8015.8
1793 -6104.8 -2982.8
1794 -6136.9 -2926.7
1795 -6249.2 -2935.8
1796 -6211.4 -3003.5
1797 -6676.8 -3082.9
1798 -6691.7 -3065.9
1799 -6707.5 -3098.9
1800 -5979.6 -2654.9
1801 -5999 -2825.7
1802 -5907.7 -2779.6
1803 12270.1 7970.9
1804 -6043.8 -3002.9
1805 -6061.3 -3066.4
1806 -6412.2 -3030.1
1807 -6377.3 -3012.4
1808 -6449.1 -2957.7
1809 -6577.2 -2860.8
1810 -6546.3 -2914.4
1811 -6103.3 -2736
1812 -6505.1 -2988.8
1813 -6474.7 -2974.5
1814 11518.2 9000.9
1815 -6535.9 -3004.3
1816 -6456.2 -3086
1817 -6266.9 -2586.6
1818 -6232.4 -2669.1
1819 -5998.5 -2619.6
1820 -5949.6 -2576.4
1821 -6545.9 -3131.9
1822 -6514 -3115
1823 -6574.1 -3146
1824 -6504.8 -3220.2
1825 11520.4 9054.3
1826 -6594.8 -3037.8
1827 -5879.3 -2813.1
1828 -6076.2 -3131.2
1829 -6105.7 -3082.2
1830 -6045.6 -3098.1
1831 -6513.9 -2899
1832 -6524.4 -2879
1833 -6613.4 -3167.8
1834 -6598.8 -3195.8
1835 -6170.4 -2773.5
1836 11551.5 9026.6
1837 -6122.9 -2703.7
1838 -6212.7 -2702.9
1839 -6278.9 -2872
1840 -6141.8 -2822.9
1841 -6125.3 -2853.8
1842 -6422.9 -3072.3
1843 -6484.4 -3100.8
1844 -6070.7 -2671.1
1845 -6573.5 -2930.1
1846 -5971.5 -2526.6
1847 11746.7 8991.7
1848 -6207.8 -2912.4
1849 -5960.8 -2897.2
1850 -6569.2 -2801
1851 -6534.2 -2712.4
1852 -6117.3 -3061.6
1853 -6416 -3239
1854 -6408.7 -3100.9
1855 -6406.2 -3177.2
1856 -6631.9 -2962.4
1857 -6564.1 -3019.6
1858 11663.3 9012.1
1859 -6149.6 -2904.5
1860 -5982.8 -2494.3
1861 -5933.4 -2478.3
1862 -6622.6 -3055
1863 -6660.8 -2977.8
1864 -6650.4 -3069.1
1865 -6095.3 -2687.1
1866 -6172 -2706
1867 -6791.1 -3143.4
1868 -6800.2 -3124.4
1869 11719.6 9063.1
1870 -6741.4 -3118.2
1871 -6601.7 -2946.1
1872 -7790.5 -6866.1
1873 -7667.7 -6798.4
1874 -10455.1 -5692.9
1875 -10474.6 -5712.9
1876 -8527 -6340.2
1877 -8508 -6353.4
1878 -8400.1 -6102.4
1879 -8439.8 -6258.4
1880 9621 11037.2
1881 -9372.9 -4759.2
1882 -9406.4 -4780.7
1883 -8866 -4342.3
1884 -7272.3 -6260.2
1885 -7249.5 -6233.5
1886 -7277.9 -6328.8
1887 -7353 -6176.1
1888 -7426.1 -6607.2
1889 -7414.7 -6579.2
1890 -7440.4 -6639.2
1891 1206.9 3111.3
1892 9695.5 11058.8
1893 -7390.6 -6628.7
1894 -6649.8 -5327
1895 -6667.8 -5311.5
1896 -6632.1 -5274.6
1897 -8740.7 -5194.1
1898 -8727.2 -5229.7
1899 -8668.8 -5138.7
1900 -8811.7 -5235.4
1901 -8613 -4912.8
1902 -8648.2 -4150.5
1903 9633.8 10994.8
1904 -8046.6 -6681.4
1905 -7999 -6715
1906 -8145 -6613.2
1907 -8002.4 -6610.2
1908 -7318.6 -6357.4
1909 -7354.6 -6440.1
1910 -7498.7 -6169.7
1911 -6550.8 -5024.6
1912 -6611.4 -4941.6
1913 -6533 -4966.4
1914 9639.8 10909.1
1915 -6562.8 -5061.6
1916 -6475.2 -5047.8
1917 -8589.7 -4892.1
1918 -8660.3 -4831.4
1919 -6452.4 -4709.7
1920 -6469.7 -4765.1
1921 -9096.9 -5563
1922 -9004.7 -5454.6
1923 -9118.3 -5540.7
1924 -8838 -5440.4
1925 9639.3 10887.2
1926 -9404.2 -4808.6
1927 -9450.9 -4974.1
1928 -8908.9 -5145
1929 -9138.4 -5519.6
1930 -8846.4 -5250.7
1931 -7766.8 -2706.4
1932 -7713.6 -2674.9
1933 -7644.3 -2910.2
1934 -7795.1 -2647.2
1935 -8993.1 -1892.5
1936 9758.8 11049.5
1937 -9050.6 -1890.7
1938 -5497.9 -2207.2
1939 -5458.3 -2319.1
1940 -5451.7 -2186.6
1941 -5264.1 -2107.6
1942 -5496.1 -2090.2
1943 -5559.1 -2063.4
1944 -5351.6 -2050.8
1945 -5300.7 -2035
1946 -5366.8 -2031.7
1947 9642.4 10833.7
1948 -5333.8 -2078.8
1949 -5524.7 -2002
1950 -5495.1 -1983
1951 -5573.3 -2031.4
1952 -5509.6 -2044.4
1953 -5376.1 -2097
1954 -5307.3 -2125.9
1955 -5410.3 -2043.5
1956 -5457.8 -2070.7
1957 -5430.2 -2009.7
1958 9639.5 10864.8
1959 -5471.1 -2024.6
1960 -5393 -1987.3
1961 -5351.8 -1958.5
1962 -5414.6 -1951.2
1963 -5457.5 -1967.9
1964 -5476.4 -1932.2
1965 -5438 -2126.4
1966 -5374.2 -1923.5
1967 -5328.7 -1995.2
1968 -5376 -2011.4
1969 9575.4 10813.2
1970 -5434.8 -1906.4
1971 -5517.6 -1956.1
1972 -5398.1 -1884.3
1973 -5418.3 -2171.7
1974 -5235.8 -2174
1975 -5297.7 -2163.6
1976 -5435 -2222.5
1977 -5422.5 -2250
1978 -5421.3 -2302.5
1979 -5403 -2294.2
1980 9741.5 10597
1981 -5374 -2281.8
1982 -5195.9 -2254
1983 -5170.5 -2324.1
1984 -5184.5 -2285.2
1985 -5195.7 -2340.4
1986 -5322.6 -2386.1
1987 -5285.3 -2384.3
1988 -5112.2 -2248.4
1989 -5187.7 -2426.3
1990 -5205.1 -2449.7
1991 9628 10514
1992 -5211 -2391.3
1993 -5225.2 -2354.1
1994 -5249.2 -2432.8
1995 -5260.8 -2372
1996 -5222 -2472
1997 -5348.3 -2335.7
1998 -5280 -2342.6
1999 -5343.9 -2269.7
2000 -5277.3 -2304
2001 -5305.1 -2317.5
2002 1291.9 3012
2003 9768.9 10566.5
2004 -5211.9 -2295.1
2005 -5402.7 -2351.6
2006 -5378.9 -2408.7
2007 -5353 -2464.2
2008 -5020.1 -2369.9
2009 -4994.5 -2414.9
2010 -4914.8 -2327.5
2011 -4851.5 -2431.9
2012 -4891.8 -2364.6
2013 -4837.2 -2456.4
2014 9701.4 10688.5
2015 -4944.3 -2501.7
2016 -4864.8 -2297.7
2017 -4966.7 -2462.5
2018 -4996.9 -2524.7
2019 -4980.3 -2572.6
2020 -4912.3 -2380.9
2021 -4938.4 -2385.1
2022 -4979.3 -2441.3
2023 -4960.2 -2248.2
2024 -4942.5 -2280
2025 9706.9 10514.8
2026 -4829.4 -2516.1
2027 -4807.7 -2567.9
2028 -4807.6 -2505.6
2029 -4859.4 -2528.1
2030 -4828.2 -2577.9
2031 -4786.3 -2544.6
2032 -4877.6 -2510.1
2033 -4825.1 -2477.5
2034 -5033.1 -2677.9
2035 -5057.6 -2691.8
2036 9877.6 10670.7
2037 -5049.3 -2647.9
2038 -4667.2 -2481
2039 -5047.9 -2488.4
2040 -5020.8 -2469
2041 -5059.2 -2462
2042 -5076.2 -2503.9
2043 -5098.3 -2518.5
2044 -5047.2 -2551.5
2045 -5090.1 -2482.4
2046 -5034.9 -2444.2
2047 9848.9 10550.7
2048 -5007 -2493.5
2049 -5189.4 -2617.9
2050 -5222.5 -2639.3
2051 -5195 -2591.5
2052 -5164.4 -2656.4
2053 -5140.5 -2608.6
2054 -5090.8 -2578.4
2055 -5162.9 -2570.6
2056 -5124.4 -2633.5
2057 -5198.3 -2676.1
2058 9985.7 10426.2
2059 -5111.9 -2446.5
2060 -5076.4 -2427.5
2061 -5061.5 -2401.5
2062 -5154.2 -2748.7
2063 -5122 -2729.7
2064 -5170.8 -2721.6
2065 -5213.7 -2750.1
2066 -5182.8 -2702.1
2067 -5216.7 -2555.5
2068 -5231 -2531.5
2069 10215.9 10299.4
2070 -5087 -2359.8
2071 -5183.7 -2535
2072 -5196.6 -2514
2073 -5003.3 -2624.3
2074 -5075.3 -2604.1
2075 -5146 -2493.6
2076 -5033.3 -2574.9
2077 -4995 -2549.5
2078 -5020.1 -2596.6
2079 -4976.1 -2611.5
2080 11464 9383.3
2081 -5230.1 -2733.6
2082 -5254 -2708.6
2083 -5024.9 -2536.7
2084 -5037.4 -2513.9
2085 -5083 -2706.4
2086 -5101.8 -2717.6
2087 -5112.5 -2655.5
2088 -5151.4 -2679.3
2089 -5071.4 -2565.9
2090 -5120.5 -2484
2091 11501.5 9316.1
2092 -5124.3 -2525.9
2093 -5109.9 -2550.1
2094 -5149.6 -2538.2
2095 -5171.8 -2501.6
2096 -5133.8 -2565.5
2097 -5100.3 -2620.1
2098 -5132.2 -2667.8
2099 -5250.3 -2725.7
2100 -5379.1 -2782.7
2101 -5297.6 -2765.3
2102 11383.9 9561
2103 5894.5 13690.2
2104 6234.9 13233.5
2105 6787.7 13345.7
2106 6694 13231.8
2107 6260.4 13227.6
2108 -4789.5 -2154.9
2109 -4769.6 -2132.2
2110 -4822.2 -2065.4
2111 -4704.2 -2304.5
2112 -4725 -2265
2113 1305.3 2994.1
2114 10123.1 10492.1
2115 -4686 -2269
2116 -4717.8 -2108.4
2117 -4738.6 -2118.8
2118 -4706.7 -2128.1
2119 -4751.4 -2041.3
2120 -4736.8 -2220.2
2121 -4693.2 -2436.4
2122 -4648.3 -2410.6
2123 -4745.2 -2422.9
2124 -4698.3 -2198.8
2125 10152.1 10447.8
2126 -4664.2 -2378.7
2127 -4616.3 -2397.8
2128 -4572.9 -2348.1
2129 -4592.7 -2307.3
2130 -4529.8 -2325.3
2131 -4814.5 -2175.7
2132 -4651.1 -2332.3
2133 -4834.8 -2184.7
2134 -4688.9 -2153.5
2135 -4593.3 -2441.3
2136 10061.6 10464
2137 -4570.6 -2378.5
2138 -4679.5 -2350.8
2139 -4552.2 -2421.7
2140 -4760.8 -2397.6
2141 -4667 -2184.1
2142 -4778.8 -2355.7
2143 -4862.4 -2237.4
2144 -4828.1 -2216.3
2145 -4886.2 -2256.1
2146 -4904.5 -2167.4
2147 2609 2329.4
2148 -4422 -2265.9
2149 -4406.8 -2298.5
2150 -4437.1 -2236.1
2151 -4469.4 -2292.4
2152 -4546.5 -2291.2
2153 -4766.4 -2306.5
2154 -4389.1 -2339.3
2155 -4501.3 -2398.5
2156 -4035.4 -2159.8
2157 -4521.5 -2355.6
2158 2383.2 2208.8
2159 -4638.7 -2092.4
2160 -4595.7 -2079.3
2161 -4665.4 -2015.3
2162 -4616.8 -2140.3
2163 -4517.1 -2069.8
2164 -4591.1 -2196.7
2165 -4641.4 -2222.9
2166 -4576.4 -2224.9
2167 -4908.5 -2055.4
2168 -4497.8 -2107.8
2169 1096.4 3304.4
2170 -4553.7 -1982.2
2171 -4631.8 -2005
2172 -4553.4 -2135.2
2173 -4607.1 -2160
2174 -4587.4 -2151.2
2175 -4748.7 -2015.3
2176 -4844.7 -2165.7
2177 -4454.2 -2320.9
2178 -4920.3 -2139.5
2179 -4934 -2112.4
2180 1119.5 3265.6
2181 -4928.2 -2182.3
2182 -4958.3 -2198.9
2183 -4829.8 -2271.3
2184 -4563.1 -2258.2
2185 -4486.3 -2262.7
2186 -4800 -2255.2
2187 -4502.2 -2227.6
2188 -4452.8 -2204
2189 -4627.4 -2251
2190 -4608 -2281.9
2191 1147.5 3282.5
2192 -4537.9 -2163.8
2193 -4518.1 -2197.5
2194 -4485.2 -2135.8
2195 -4467.9 -2173.3
2196 -3549.8 -1871
2197 -3588.6 -1902.3
2198 -3532.2 -1900.4
2199 -3629 -1899.2
2200 -3568.4 -1839.5
2201 -3569.9 -1921.8
2202 1146.2 3307.2
2203 -3606.2 -1942.5
2204 -3505.7 -1885.1
2205 -3546.1 -1810.7
2206 -3487.1 -1907.6
2207 -3545.4 -1941.5
2208 -3604.9 -1830.3
2209 -3615.7 -1810.6
2210 -3592.5 -1853.8
2211 -3562.8 -1779.3
2212 -3627.2 -1847.6
2213 1203.4 3337.6
2214 -3692.5 -1885.7
2215 -3640.1 -1824.5
2216 -3616.8 -1866
2217 -3643.3 -1761
2218 -3701.6 -1861.1
2219 -3685.5 -1904.8
2220 -3672.9 -1921.1
2221 -3731.2 -1836.9
2222 -3618.8 -1973.2
2223 -3675 -1961.4
2224 114.5 -1672.2
2225 1435.9 2932.7
2226 1124.5 3320.8
2227 -3645.2 -1950.7
2228 -3707.2 -1974.4
2229 -3720.8 -1941.7
2230 -3697.8 -2002.9
2231 -3788.5 -1780.2
2232 -3819.9 -1708.9
2233 -3855.4 -1797.1
2234 -3763.8 -1838.9
2235 -3777 -1787.6
2236 -3845.2 -1836.9
2237 914.8 3704.4
2238 -3784.4 -1888.7
2239 -3744.8 -1875.6
2240 -3825.9 -1899.4
2241 -3893.5 -1840.8
2242 -3871.3 -1922.6
2243 -3913.9 -1851.5
2244 -3894.4 -1916.3
2245 -3947.7 -2001.7
2246 -3551.2 -2074.4
2247 -3528.1 -2067.1
2248 -6428.7 -11162.8
2249 -3573.8 -2082.8
2250 -3504.3 -2057.8
2251 -3478.5 -2043.2
2252 -3603.2 -2092.2
2253 -3658.1 -2105
2254 -3638.3 -2101.4
2255 -3679.9 -2108.6
2256 -3730.2 -2014.3
2257 -3776.7 -2031
2258 -3757 -2024.1
2259 -6446.7 -11196.4
2260 -3831.7 -2052.5
2261 -3702.6 -2112.7
2262 -3301.3 -1631
2263 -3548.2 -1725.4
2264 -3429.3 -1778.1
2265 -3434.3 -1742.2
2266 -3477.7 -1840.9
2267 -3492.8 -1806.1
2268 -3450.8 -1882.8
2269 -3501.8 -1784.3
2270 -6469.5 -11151.5
2271 -3509.2 -1763.7
2272 -3515.6 -1924.2
2273 -3460.4 -2025.7
2274 -3003.3 -1679.2
2275 -2987 -1662.6
2276 -2979.3 -1727.8
2277 -3036.9 -1694.7
2278 -3133.8 -1726
2279 -3103.3 -1814.5
2280 -3109.3 -1719.2
2281 -6867.4 -10687.5
2282 -3163.7 -1734.6
2283 -4042.3 -2039.1
2284 -4059.8 -1998.1
2285 -4081.8 -2055
2286 -3998.7 -2138.2
2287 -4023.8 -2084.4
2288 -3932 -2098.5
2289 -3998.4 -1958.5
2290 -4000.1 -2032.4
2291 -3888.3 -2073.5
2292 -6888.7 -10658.5
2293 -3942.7 -2074.2
2294 -4115.8 -1980.9
2295 -4076 -1962.4
2296 -4090.7 -1926.9
2297 -4149.4 -1905.2
2298 -3426.3 -1987.8
2299 -3404.6 -1966.2
2300 -3442 -2006.6
2301 -3388.5 -1949.4
2302 -3985.2 -2066.5
2303 -6839.5 -10735.6
2304 -3958.3 -2055.5
2305 -3963.4 -1944.7
2306 -3904.4 -1971.7
2307 -3943.3 -1936.7
2308 -3922.9 -1927.6
2309 -3898.2 -2052.4
2310 -3923.8 -2065.7
2311 -3857.2 -2060.5
2312 -4041.4 -1904.5
2313 -4018.2 -1926.9
2314 -6144.5 -11169.1
2315 -3969.8 -1874.9
2316 -4055.1 -1838.9
2317 -3944.9 -1864.5
2318 -4020.3 -1973.6
2319 -3958.1 -1899.4
2320 -3946.5 -1924.3
2321 -3922.7 -1913.7
2322 -3963 -1820.9
2323 -5492.7 -2283.3
2324 -5504.7 -2343.2
2325 -6183 -10639.1
2326 -5435.6 -2395.3
2327 -3882 -1307.3
2328 -3894.7 -1225.5
2329 -3898.3 -1195.5
2330 -3898.2 -1134
2331 -4049.6 -1338.1
2332 -4082.2 -1287.6
2333 -4029.3 -1369.5
2334 -4092.6 -1270.2
2335 -4056.9 -1249.6
2336 1415.1 2750.1
2337 -12244.4 -4729.1
2338 -3981.8 -1454
2339 -3988 -1407.7
2340 -3816.1 -1455
2341 -3753 -1569.9
2342 -3779.4 -1437.3
2343 -3860.9 -1479.1
2344 -3798.7 -1591.8
2345 -3941.5 -1519.3
2346 -3726.1 -1556.9
2347 -3905.4 -1502.4
2348 -12462.4 -4902.1
2349 -3880.2 -1623.2
2350 -3850 -1616.8
2351 -3717.3 -1466.7
2352 -3904.9 -1581.7
2353 -4060.4 -1508.9
2354 -4083.8 -1469.5
2355 -4105.7 -1536.2
2356 -4034.8 -1554.5
2357 -4078.9 -1430
2358 -4099.6 -1441.9
2359 -12021.1 -4602.7
2360 -3944.3 -1666.7
2361 -3927.3 -1706.9
2362 -3834.8 -1664.8
2363 -3910.5 -1746.5
2364 -3983.6 -1688.6
2365 -3952.2 -1764.9
2366 -4062.9 -1632.2
2367 -4011.9 -1608.1
2368 -3959.9 -1745.1
2369 -3935 -1805.2
2370 -11820.1 -4475.5
2371 -3689.8 -1515.6
2372 -4125.7 -1315.6
2373 -4145.6 -1328.4
2374 -4151.9 -1276.8
2375 -4116.2 -1376.9
2376 -4448.7 -1739.9
2377 -4431.7 -1775.1
2378 -4482.6 -1797.4
2379 -4347.5 -1840.2
2380 -4459.5 -1868.6
2381 -13588 -5572
2382 -4492.2 -1903.3
2383 -4551.7 -1922.1
2384 -4543.6 -1952.4
2385 -4646.9 -1949.5
2386 -4638.5 -1980.4
2387 -4608 -1971.5
2388 -4675.3 -1844.2
2389 -4837.7 -1758.5
2390 -4922.1 -2028.5
2391 -4948.3 -1979.5
2392 -13546.6 -5538
2393 -5001.6 -2028.9
2394 -4118.6 -1510.1
2395 -3566.2 -1508
2396 -3580 -1653.8
2397 -4307.4 -1336.8
2398 -4253.3 -1338.4
2399 -4158.2 -1577.5
2400 -4128.5 -1262.5
2401 -3326.6 -1480.1
2402 -3305.5 -1463.8
2403 -13884.1 -5733.5
2404 -3297.1 -1540
2405 -4220.9 -1318.1
2406 -4174.6 -1290.2
2407 -4233.5 -1291.9
2408 -4165.9 -1253.9
2409 -4248.7 -1270
2410 -4268 -1313.3
2411 -4188.4 -1266
2412 -3413.1 -1453.2
2413 -3322.3 -1436.4
2414 -13569.5 -5462.3
2415 -4294.3 -1298.1
2416 -3834.9 -1360
2417 -4273.2 -1285
2418 -4268.5 -1238
2419 -4202.7 -1242.4
2420 -4198.4 -1200.8
2421 -3691 -1700.1
2422 -3307.2 -1575.8
2423 -3510.2 -1400.8
2424 -3627.2 -1415.6
2425 -13400.3 -5416.9
2426 -4241.7 -1735.2
2427 -4264.2 -1691.1
2428 -4281.6 -1653.8
2429 -4254.8 -1709.9
2430 -4182.4 -1641.2
2431 -3691.4 -1209.6
2432 -4134.3 -1612.2
2433 -4088.4 -1585.7
2434 -4203.8 -1606
2435 -3598.7 -1457.4
2436 -13477.3 -5480.9
2437 -4229.5 -1565
2438 -4167.7 -1406.6
2439 -4653.6 -1515.7
2440 -4699.9 -1544.5
2441 -4647.3 -1570.5
2442 -4305.1 -1732.7
2443 -4366.6 -1629.9
2444 -4576.3 -1788.8
2445 -3773.7 -930.4
2446 -3060.5 -1555.6
2447 1745.5 2209.7
2448 -13254.4 -5629.2
2449 -3157.4 -1566.5
2450 -3277.2 -1629.6
2451 -3005.4 -1544.8
2452 -2978.6 -1569.2
2453 -2816.6 -1767.6
2454 -2795.5 -1732
2455 -2838.3 -1748.2
2456 -2775.5 -1709.5
2457 -2815.9 -1679.7
2458 -2730.8 -1747.1
2459 -13340.9 -5373.1
2460 -2838 -1706.4
2461 -2861.7 -1724.6
2462 -2904 -1672.9
2463 -2755.5 -1775.1
2464 -3039.7 -1919.9
2465 -3014.2 -1913.3
2466 -3012.7 -1982.8
2467 -2992.6 -1951.1
2468 -3067.5 -1924.5
2469 -3074.7 -1828.9
2470 -9659.8 -4935.2
2471 -3045 -1982.6
2472 -3130.4 -1896.4
2473 -3105.9 -1887.4
2474 -3108.5 -1977.9
2475 -3152.8 -1824
2476 -3077.9 -1981.4
2477 -3128.6 -1820.8
2478 -3028.8 -1889.1
2479 -2991.6 -1865.6
2480 -3050.1 -1822.2
2481 -9921.1 -5114.9
2482 -2966.5 -1839.1
2483 -2980.5 -1891.9
2484 -2945.8 -1877
2485 -2926.5 -1915.8
2486 -2908.4 -1862.9
2487 -2926.8 -1829
2488 -2961.6 -1934.5
2489 -2977 -1979.2
2490 -2878.9 -1917.3
2491 -2933.2 -1983.1
2492 -9558.7 -4861.1
2493 -2829.5 -1930
2494 -2849.2 -1983.5
2495 -3232.2 -1855.3
2496 -3200.7 -1928.6
2497 -3201 -1827
2498 -3277.8 -1835.2
2499 -2786.1 -1863.2
2500 -2718.7 -1854.5
2501 -2813.7 -1870.7
2502 -2706.1 -1769.2
2503 -9586 -5000.6
2504 -2666.9 -1838.2
2505 -2734.4 -1944.5
2506 -2669.8 -1799.3
2507 -3175.2 -1826.1
2508 -3201.4 -1743.8
2509 -3230.6 -1749.9
2510 -2726 -1972.2
2511 -2770 -1959.3
2512 -3155.9 -1921.5
2513 -2790.2 -1900.9
2514 -9988 -5183.7
2515 -2808.6 -1971.7
2516 -3145.5 -1970.1
2517 -3081.6 -1808.8
2518 -2851.1 -1891.1
2519 -2854.3 -1861.5
2520 -3304.9 -1824.9
2521 -3305 -1846.4
2522 -2850 -1813.4
2523 -2834 -1846.4
2524 -2873.9 -1838
2525 -9889.7 -5263.4
2526 -3025.4 -1819.2
2527 -3060.9 -1704
2528 -2984.9 -1802
2529 -2947.1 -1777.9
2530 -2950.5 -1701.8
2531 -2923.5 -1730.5
2532 -2973.2 -1679.2
2533 -2953.9 -1632.1
2534 -2781.1 -1803.3
2535 -2937.6 -1647.8
2536 -10109.4 -5310.4
2537 -2876.1 -1644.4
2538 -2889.3 -1696
2539 -2873.6 -1780.8
2540 -2905.8 -1810.8
2541 -2896.8 -1755.6
2542 -2219.1 -1978.9
2543 -2195.7 -2030.2
2544 -2183.9 -2057.6
2545 -2207.5 -2004.4
2546 -2257.9 -2057.3
2547 -10143.2 -5342
2548 -2274.5 -2035.9
2549 -2290.4 -2010.2
2550 -2242.8 -2082.1
2551 -2329.6 -1959.4
2552 -2223.6 -2107.5
2553 -2120.1 -2060.9
2554 -2171.9 -2084.6
2555 -2108.9 -2085.5
2556 -2161.3 -2108
2557 -2097 -2110.5
2558 2223.5 2270.4
2559 -10070.1 -5269.6
2560 -2150.6 -2133.5
2561 -2210.3 -2130.3
2562 -2193.8 -2156
2563 -2136.9 -2160.3
2564 -2518.7 -2197.8
2565 -2427.6 -1962.4
2566 -2459.3 -2014.2
2567 -2360.4 -2012.7
2568 -2336.5 -2030.1
2569 -2376.8 -2059.5
2570 -10169.7 -5242.7
2571 -2307.6 -2075.5
2572 -2454.5 -2078.9
2573 -2429.9 -2107.1
2574 -2414.8 -2043.7
2575 -2506.7 -2096.8
2576 -2535.5 -2076.9
2577 -2545.2 -1887
2578 -2536.6 -1965.6
2579 -2604.8 -2161.1
2580 -2583.6 -2215.6
2581 -10416.8 -5647.6
2582 -2623 -2176
2583 -2609.5 -2211.2
2584 -2591 -2042.3
2585 -2642.1 -2140
2586 -2618.3 -2096.9
2587 -2265.4 -2123.6
2588 -2371.7 -2115.1
2589 -2359 -2133.7
2590 -2402.8 -2083.3
2591 -2636.5 -2080.2
2592 -10437.1 -5671.6
2593 -2608.6 -1992.5
2594 -2618.7 -1951.6
2595 -2627.3 -2013.2
2596 -2504 -1913.4
2597 -2593.3 -1927.2
2598 -2627.8 -1904.3
2599 -2632.7 -1827.9
2600 -2659 -1739.9
2601 -2731 -1697.9
2602 -2628.6 -1704.3
2603 -10390 -5613
2604 -2594.6 -1767.2
2605 -2584 -1708.5
2606 -2529.3 -1698.3
2607 -2550.8 -1722
2608 -2580.3 -1611.2
2609 -2663.8 -1659.9
2610 -2632.2 -1637
2611 -2657.7 -1611.2
2612 -2689.2 -1646.4
2613 -2753.4 -1640.6
2614 -10510.2 -5632.2
2615 -2776.3 -1622.2
2616 -2716 -1672.2
2617 -2620.6 -1573.2
2618 -2643.2 -1552.7
2619 -2491.9 -1838.2
2620 -2364.1 -1925.1
2621 -3092.1 -1369.4
2622 -3106.8 -1396.4
2623 -3045 -1345.6
2624 -3089.5 -1267.8
2625 -11884.1 -7022.7
2626 -3144.7 -1363.4
2627 -3077.4 -1422
2628 -3037 -1294.4
2629 -3044.9 -1448.1
2630 -2926.4 -1321
2631 -2992.9 -1491.7
2632 -3024.1 -1428.5
2633 -2869.7 -1597.6
2634 -5062.9 -1668.5
2635 -5131.1 -1710.7
2636 -11731.9 -6741.6
2637 -3231.6 -1827.9
2638 5756.2 5238.3
2639 5797.5 5157.3
2640 5806.3 5266.1
2641 6051.2 5579
2642 6030.7 5384.1
2643 5897.7 5424.9
2644 5384.6 5524.1
2645 6017.9 5582.1
2646 5977.1 5470.3
2647 -11903 -7070
2648 6077.4 5508.6
2649 6123 5426
2650 9138.5 10573.7
2651 9102 10550.5
2652 -2165.5 -1659.3
2653 -2085.9 -1706.4
2654 -2278 -1697.7
2655 -2313 -1614
2656 -2122.3 -1736.2
2657 -2195.4 -1816.5
2658 -10149.7 -9026.2
2659 -2222.3 -1768.5
2660 -2253.5 -1799.1
2661 -2235.5 -1814.2
2662 -2168.6 -1915.7
2663 -2497.9 -1602.2
2664 -2486.7 -1568.8
2665 -2466.1 -1513.6
2666 -2554.2 -1497.9
2667 -2569.6 -1555.8
2668 -2212.4 -1481.8
2669 2265.3 2235
2670 -10049.4 -8937.3
2671 -2607.6 -1499
2672 -2534.6 -1563.8
2673 -2211.5 -1405
2674 12514.6 6234.3
2675 12376.2 6158.6
2676 12345.7 6212.2
2677 12309.9 6289.3
2678 12365.1 6397.4
2679 12420.3 6306.6
2680 12418.4 6423.1
2681 -10382.5 -9200.2
2682 12324 6359.8
2683 12716.7 6532.8
2684 12446.9 6377.2
2685 12591.2 6406.9
2686 12471.9 6336.6
2687 -1908.3 -1473.3
2688 -1910.8 -1555.2
2689 -1977.4 -1638.8
2690 -2132.5 -1295
2691 -1965 -1103
2692 -10164.4 -8980.7
2693 -2990 -1212.8
2694 -1931.4 -1111.9
2695 152 -4625.3
2696 -71.7 -4614.5
2697 31.3 -6203.8
2698 -163.4 -4689
2699 -215.7 -4724.4
2700 -63.3 -4958.2
2701 -13.9 -4928.7
2702 -87.1 -4919.8
2703 -9871.7 -8815.7
2704 -63.8 -4311.5
2705 -374.4 -4478.4
2706 -67.3 -6000.5
2707 -84.2 -6042.6
2708 1357.9 -4711.4
2709 1287.4 -4814.7
2710 -2720.8 -482.4
2711 -2627.9 -597.8
2712 -3111.7 -979.4
2713 -2782.7 -508.5
2714 -9915.5 -8766.7
2715 -2651.8 -625.1
2716 -2955.9 -385.5
2717 -2957.2 -455.7
2718 -2841.2 -530.6
2719 -2782.4 -611.6
2720 -2933.7 -514.3
2721 -2945.2 -595.1
2722 -2993.1 -603.3
2723 -2810.8 -628.8
2724 -3087.6 -346.9
2725 -9113.4 -8475.8
2726 -2700.7 -604.9
2727 -2728.7 -580.1
2728 -2847.1 -667
2729 -2854.6 -708
2730 -2809.1 -730.4
2731 -2427.4 -388.5
2732 -2458.7 -382.9
2733 -3313.6 -358.8
2734 -3252.5 -287.9
2735 -3573.1 -688.8
2736 -9966.5 -8864.7
2737 -3582.8 -645.1
2738 -3581.5 -739.7
2739 -3704 -707.1
2740 -1917.4 -1773.9
2741 -1853.5 -1785.2
2742 -1766.6 -1744.8
2743 -1905.9 -1723.8
2744 -3461.5 -111.7
2745 -3382.4 -71
2746 -3335 -97.3
2747 -7652.4 -7049.9
2748 -5090.3 2629
2749 -5068.7 2587.6
2750 -5580.6 2470.9
2751 -5607.4 2455
2752 -5581.6 2994.2
2753 -5609.7 3045.3
2754 -5744 3030.8
2755 -5496.3 3634.9
2756 -5470.7 3595.7
2757 -5562.5 3588.2
2758 -7683 -6951.3
2759 -4965.2 2619.3
2760 -5029 2583.7
2761 -5017.4 2564.9
2762 -5527.8 2940.7
2763 -4621.1 2587.6
2764 -5505.9 2854.1
2765 -5770.3 3208.6
2766 -5743.2 3160.1
2767 -5746 3219.2
2768 -5791.4 3043
2769 -7609.1 -6998.1
2770 -5672.7 3205
2771 -5632.8 3549.6
2772 -4959.8 2680.3
2773 -4936.6 2667
2774 -5074.6 2609.8
2775 -5039.2 2603.2
2776 -5567.6 2968
2777 -5779.4 3154.8
2778 -5090.2 2657.3
2779 -5808.8 3113.4
2780 2243.8 2199.1
2781 -7948 -7415.1
2782 -5595.3 3020.6
2783 -4546 2577.6
2784 -5548.3 2977
2785 -4561 2483.6
2786 -5546 2930.5
2787 -5886.6 3190.9
2788 -5821.3 3157.7
2789 -5649.6 2465.5
2790 7714.9 12007
2791 7891.4 11266.3
2792 -6869.3 -5715.7
2793 7871.8 11346.1
2794 7843.2 11451
2795 7811.1 11522.1
2796 7825.4 11412.1
2797 8047.4 12081.3
2798 8347.6 11476.5
2799 7702 11530.9
2800 7809 11567.4
2801 7780.2 11401.2
2802 -3282.1 -535.3
2803 -6839 -5754.5
2804 -3341.5 -398.5
2805 -3590.2 -616.3
2806 -3589.7 -446.1
2807 -3483.6 -515.8
2808 -3503.3 -429.4
2809 -3134.7 173.4
2810 -3040.9 176.5
2811 -809.3 -1514.1
2812 -682.7 -1316.4
2813 -690.8 -1250.7
2814 -6836 -5669.6
2815 -754.7 -1256.2
2816 -354.6 -1471.3
2817 -881 -1582.8
2818 -821.3 -1551.3
2819 -700.6 -1466.6
2820 -189.8 -1369.4
2821 -29.4 -1320.5
2822 -5067.8 663.5
2823 -4057.9 1477.1
2824 -4011.7 1518.4
2825 -6971.6 -5846.7
2826 -4062.9 1511.4
2827 -4119 1584.2
2828 -4118.4 1562.2
2829 -4070.3 1564.7
2830 -4168.2 1582.8
2831 -4183.1 1608
2832 -4076.1 1611.7
2833 -4117.7 1532.4
2834 -4143.1 1523.1
2835 -4158.6 1562.1
2836 -7031.5 -11054.9
2837 -4156.3 1542
2838 -4045.6 1554.4
2839 -4073.1 1640.8
2840 -4070 1670.5
2841 -3915.7 1766.2
2842 -3950.5 1741
2843 -3985.4 1819.3
2844 -3813.2 1608.9
2845 -3910 1681.3
2846 -3978.7 1521
2847 -6996 -10957.7
2848 -3949.8 1520
2849 -3843.7 1598.6
2850 -3902.7 1538.2
2851 -4105.8 1463.5
2852 -4104.7 1499.7
2853 -4086.6 1444.7
2854 -4138.2 1408
2855 -4153.4 1502.4
2856 -4198.1 1489.3
2857 -4122.7 1381.8
2858 -7162.1 -11337.1
2859 -4122 1249.2
2860 -4217.2 1251.8
2861 -4184.7 1221.6
2862 -4165 1233.6
2863 -4156.5 1207.9
2864 -4209.7 1182.9
2865 -4168.6 1144.8
2866 -4194 1169.1
2867 -4243.5 1323.9
2868 -4241.8 1272.9
2869 -7485.4 -10716.7
2870 -4230.7 1161.6
2871 -4269.9 1198.5
2872 -4277 1260.4
2873 -4291.9 1311
2874 -4250.9 1218.8
2875 -4220.7 1274.9
2876 -4007.1 1367.3
2877 -3953.3 1370.8
2878 -3932.4 1450
2879 -4055.8 1263.7
2880 -6679.2 -10161.1
2881 -4218.5 1549.4
2882 -4177.2 1423.3
2883 -4349.9 1658.2
2884 -4314.1 1645.2
2885 -4412.2 1608.9
2886 -4353.3 1689.9
2887 -4070.6 1691
2888 -4063.5 1712.3
2889 -4069.9 1733
2890 -4042.4 1693.9
2891 2293.7 2260.1
2892 -6910.1 -10632.7
2893 -4099.2 1731.9
2894 -4452.9 1358.1
2895 -4430.3 1359.9
2896 -4419.2 1298.2
2897 -4385.2 1325.5
2898 -4349 1369.1
2899 8867.9 6388.8
2900 7552.3 5679.9
2901 7845.9 5698.8
2902 900.5 3750.5
2903 1539.1 2935.8
2904 -4245.5 1405.1
2905 -4246.4 1372.8
2906 -4288.6 1634.3
2907 -4269.8 1626.7
2908 -4318.4 1582.2
2909 -4284.7 1556.1
2910 -4211.5 1411.8
2911 -4298.9 1531.4
2912 -4254.6 1537.5
2913 -4282.6 1501.5
2914 1483.5 2927.6
2915 -4236.1 1479
2916 -4324.6 1413
2917 -4341.9 1544.8
2918 -4271.3 1467.2
2919 -4382.8 1576.8
2920 -4406.4 1563.5
2921 -4448.4 1526.9
2922 -4365.4 1521.2
2923 -4385.5 1540.5
2924 -4342.4 1500.1
2925 1625 3040.4
2926 -4305.8 1397.9
2927 -4360.1 1469.8
2928 -4336.9 1447.5
2929 -4374.6 1435.9
2930 -4409.7 1515.7
2931 -4300.5 1330.9
2932 -4496.7 1462.9
2933 -4480.7 1489.9
2934 -4553.5 1490
2935 -4478 1517.4
2936 1814.5 3097.3
2937 -4441.7 1486.9
2938 -4501 1572.9
2939 -4561.5 1514.3
2940 -4601.2 1599.6
2941 -4582.6 1622.8
2942 -4562.3 1651.8
2943 -4380.6 1692.9
2944 4100.4 2068.9
2945 -4467.5 1720.5
2946 -4447.4 1748.8
2947 2515.5 3330
2948 -4495.1 1711.3
2949 -4412.4 1786.8
2950 -4392.8 1764.5
2951 -4438.7 1807.5
2952 -4530.5 1770.2
2953 -4471.9 1773.6
2954 -4534.1 1795
2955 -4595.6 1750.6
2956 -4460.2 1806.3
2957 -4537.6 1824.7
2958 2476.9 3320.1
2959 -4510.7 1615.8
2960 -4426.2 1692.5
2961 -4403.2 1691
2962 -4427.9 1725.2
2963 -4446.3 1705.1
2964 -4528.9 1628.8
2965 -4542.8 1662.8
2966 -4523.5 1690.1
2967 -4561.3 1758.7
2968 -4605.5 1816.2
2969 2508.6 3298.7
2970 -4567.6 1821.4
2971 -4526.8 1969.9
2972 -4489.2 1973.4
2973 -4721.9 1802.2
2974 -4780.1 1899.2
2975 -4525.7 1869.7
2976 -4572.6 1861.9
2977 -4529 1898.8
2978 -4542.8 1928.5
2979 -4488.2 1906
2980 2478.4 3825.5
2981 -4494.1 1932.8
2982 -4466.6 2065
2983 -4432.1 2052.7
2984 -4421 2026.5
2985 -4356.2 1867
2986 -4353 2057.4
2987 -4410.6 2002.3
2988 -4336.6 2039.9
2989 -4299.5 2112.3
2990 -4332.7 2009.4
2991 2515.5 3807.7
2992 -4386.5 2013.6
2993 -4383.4 1901
2994 -4335.2 1884.5
2995 -4376.8 1937.1
2996 -4316.9 1899.9
2997 -4398.7 1921.8
2998 -4299.7 1913.5
2999 -4317.8 1961.4
3000 -4346.9 1942.1
3001 -4362.4 1967.9
3002 2332 2556.6
3003 2462.7 4120.1
3004 -4389.5 1955.2
3005 -4323.5 1986
3006 -4445 1953.2
3007 -4424.5 1963.5
3008 -4412.3 1942.7
3009 -4454.9 2036.8
3010 -4400 1978.9
3011 -4316.6 2028.3
3012 -4376.9 1993.7
3013 -4477.9 2027.2
3014 2525 4233
3015 -4179.9 1813.2
3016 -4203.7 1779.3
3017 -4287.4 1813.1
3018 -4245.9 1842.6
3019 -4229 1743.5
3020 -4205.5 1697.4
3021 -4242.5 1703.9
3022 -4280 1727.3
3023 -4270 1761.5
3024 -4253.8 1799.8
3025 2442.6 4098.7
3026 -4300.2 1748.1
3027 -4304.8 1665.9
3028 -4321.2 1729.5
3029 -4281.1 1987.1
3030 -4246.4 2030.9
3031 -4302.6 2012
3032 -4228.6 2005.9
3033 -4262.8 2061.5
3034 -4245.8 1948.5
3035 -4207.8 1976.9
3036 2471.2 4094.5
3037 -4370.5 2216.1
3038 -4353.9 2182.6
3039 -4139.8 2014.1
3040 -4107.7 2054.7
3041 -4337.8 2096.2
3042 -4279 2088.8
3043 -4317.3 2140.8
3044 -4340.9 2394.6
3045 -4360.9 2407.8
3046 -4322.6 2382.2
3047 2487 4056.7
3048 -4387 2334.7
3049 -4442.5 2327.8
3050 -4400.9 2356.6
3051 -4476 2361.8
3052 -4428 2307.4
3053 -4426 2391.6
3054 -4360.8 2304.7
3055 -4349 2328.8
3056 -4347.5 2259.8
3057 -4297.5 2368
3058 3858.4 2711
3059 -4270.9 2351
3060 -4320.2 2319.2
3061 -4290.6 2304.8
3062 -4238.5 2329
3063 -4277.3 2281.6
3064 -4213.3 2115.2
3065 -4229.4 2132.1
3066 -4195.8 2147.1
3067 -4450 2377.1
3068 -4465.4 2403.7
3069 4559.7 2667.6
3070 -4486.1 2438.3
3071 -4414.4 2441
3072 -4529.2 2453
3073 -4394 2429.2
3074 -4295 2195.8
3075 -4163.4 2178.1
3076 -4126.9 2218.3
3077 -4147.7 2247.1
3078 -4093 2162.2
3079 -4068.8 2111.3
3080 4082.7 2118.6
3081 -4234.9 2253.8
3082 -4218.9 2313.9
3083 -4200.7 2299.1
3084 -4211.4 2221.3
3085 -4217.1 2279.8
3086 -4166 2265.2
3087 -4186.3 2246.4
3088 -4194.4 2203.1
3089 -4106.6 1990.7
3090 -4644.6 1772.8
3091 3945.4 2312.7
3092 -4683.3 1763.6
3093 -4684.2 1718.8
3094 -4706.9 1761.2
3095 -4725 1860.7
3096 -4728.8 1964.2
3097 -4736.6 1901.8
3098 -4764.5 1960.9
3099 -4804.4 1952.3
3100 -4767.6 1990.7
3101 -4841 1992.1
3102 4931.7 2499
3103 -4805.1 1888.9
3104 -4850.8 2052.5
3105 -4958.3 2211.3
3106 -4958.6 2189.7
3107 -4932.2 2212.4
3108 -4911 2173.9
3109 -4914 2136.2
3110 -4890.4 2134.8
3111 -4931.7 2237
3112 -4863.2 2079.3
3113 2368.5 2575.9
3114 5422.3 2684.4
3115 -4882.2 2239
3116 -4834 2070.9
3117 -3073.2 2725.9
3118 -3003.5 2702.1
3119 -2952 2649
3120 -2956.4 2494.5
3121 -1706.6 -3105.3
3122 -1692.4 -3145.6
3123 -1803.1 -3149.4
3124 -1802.3 -3330.5
3125 5535.1 2726.7
3126 -1784.8 -3379.2
3127 -1734.2 -3320.9
3128 -2148.7 -2530.5
3129 -2124.7 -2515.5
3130 -2125.5 -2573.2
3131 -2169.7 -2441.8
3132 -1994.6 -2554.1
3133 -2008.2 -2528.5
3134 -1981.5 -2576.3
3135 -2094.2 -2621.5
3136 5041.4 2541.9
3137 -1608.5 -3659.2
3138 -1593.6 -3637.6
3139 -1625.3 -3670.9
3140 -1645.4 -3607.1
3141 -1693.1 -3584.9
3142 -1662.5 -3566.3
3143 -1666.6 -3622.8
3144 -1716.4 -3553.4
3145 -2029.2 -2737.4
3146 -1921 -2673.7
3147 5498.8 2650.9
3148 -2047.1 -2704.9
3149 -1271.2 -3891.1
3150 -1838.9 -3221.9
3151 -1565.8 -3674.2
3152 -1588.6 -3696.3
3153 -1516.9 -3626.2
3154 -1758.9 -2983.5
3155 -1817.5 -3049.5
3156 -1958 -2864.8
3157 -1837.5 -2800.3
3158 5470.9 2889.9
3159 -1949.4 -2902.2
3160 -1963.1 -2843.7
3161 -1955.6 -2620.2
3162 -1941.5 -2642.8
3163 -2060.4 -2681.4
3164 -1968 -2599.1
3165 -1868.2 -3125.6
3166 -1824.4 -3110.8
3167 -1861.9 -3145.6
3168 -1886.8 -3059.7
3169 5514.8 2604.2
3170 -1810.6 -2859
3171 -1794.6 -2901
3172 -1933 -2937.5
3173 -1628.1 -3319.1
3174 -1702.9 -3380.2
3175 -1774.5 -3407.3
3176 -1766.6 -3429.2
3177 -2082.4 -2639.7
3178 -2107.7 -2604.4
3179 -2027.7 -2498.1
3180 5642.3 2769.5
3181 -1921.2 -2964.2
3182 -1906.6 -2999.8
3183 -1815.4 -3292
3184 -1656 -3242.3
3185 -1676.5 -3529.7
3186 -1731.9 -3509.8
3187 -1436 -3846.8
3188 -1361.2 -3917.6
3189 -1467.2 -3815.7
3190 -1409.5 -3814.2
3191 5580.7 2931
3192 -1850.2 -2779.4
3193 -1977.3 -2829.5
3194 -2209.4 -2624.1
3195 -2139.5 -2629.5
3196 -1896.3 -3028.2
3197 -1864.1 -2757.2
3198 -1992.9 -2804.5
3199 -1639.2 -3555
3200 -1829.5 -3251.9
3201 -2072.3 -2659.7
3202 5537.7 3039.2
3203 -1514.9 -3774.4
3204 -1551.4 -3749.2
3205 -1625.2 -3584.8
3206 -2014.2 -2766.1
3207 -2147 -2424.4
3208 -1825.5 -2823.3
3209 -1850.9 -3182.1
3210 -2071.7 -2534.3
3211 -1720.1 -3352.5
3212 -2095.3 -2497.2
3213 5517.1 3241.6
3214 -1331.7 -3949.6
3215 -1299.1 -3932.4
3216 -1278.8 -3980.5
3217 -1691.8 -3400
3218 -2099.1 -2554.7
3219 -1569.4 -3489.9
3220 -1580.5 -3455.8
3221 -2750.2 1004.9
3222 -2783.3 986.4
3223 -2732.7 949.5
3224 1127.1 3058.3
3225 4774.3 2749.3
3226 -2793.4 1450.4
3227 -3104.1 1216.4
3228 -3089 1179.7
3229 -2500.2 1467.9
3230 -2973.9 1227.4
3231 -3009.5 1210.5
3232 -2959.6 1197.3
3233 -2415.8 1560.7
3234 -2436.5 1527.1
3235 -2379.7 1534.3
3236 4865 2676.2
3237 -2508.5 1449.4
3238 -2656.7 1503.3
3239 -3073.2 1133
3240 -3035.2 1155.6
3241 -3033.9 1198.9
3242 -3022.3 1180.6
3243 -2709.9 1479.7
3244 -2953.2 1257.8
3245 -2642.2 1383
3246 -2314.3 1479
3247 4919 2864.2
3248 -2917.4 1216.1
3249 -2988.7 1125.6
3250 -2764.6 1467.8
3251 -2977.8 1174.9
3252 -2924.2 1264.6
3253 -2472.5 1604.6
3254 -2820.1 1274.2
3255 -3991.2 2405.4
3256 -4031.6 2295
3257 -3729.5 524.4
3258 4949.3 2783.1
3259 -3643.2 475
3260 -3680.9 324.9
3261 -3660.9 333.2
3262 -3610 450.3
3263 -3577 491.6
3264 -3650.4 390.5
3265 -3569.8 423.9
3266 -3550.3 274.5
3267 -3807.7 696.8
3268 -3768.3 750.2
3269 4879.6 2969.9
3270 -3756.8 611.4
3271 -3454.5 374.6
3272 -3476.8 324.8
3273 -3940.8 793.3
3274 -3502.2 722
3275 -3630.8 335.1
3276 -3607.1 328.9
3277 -3297.8 1069.1
3278 -3258.2 1096.4
3279 -3437.2 238
3280 4988.4 3011.8
3281 -3698.3 415.4
3282 -3717 802.1
3283 -3726.2 726.8
3284 -3762.4 591.3
3285 -3528.7 802.1
3286 -3592.2 369.7
3287 -3689.2 846.1
3288 -3592.8 851.1
3289 -3524.1 467
3290 -3545.5 450.4
3291 4837.9 3079.6
3292 -3486.5 663.3
3293 -3416 232.2
3294 -3603.5 529.1
3295 -3624.4 575.9
3296 -3629.8 497.9
3297 -3430.2 213.8
3298 -3516.2 651.5
3299 -3597.6 604.6
3300 -3126 882.7
3301 -3262.3 1130.2
3302 5437 3175.6
3303 -3665.5 553.9
3304 -3556.6 846
3305 -3693.2 732.9
3306 -3620.1 886.9
3307 -4142.9 3153.8
3308 -3904.1 3290.5
3309 -3805.1 3356.9
3310 -3760.4 3285.3
3311 -3810.5 3146.4
3312 -3718.8 3319.4
3313 5314.2 3137.2
3314 -3648 3203.6
3315 -3876.7 3146.6
3316 -3925.3 3211.8
3317 -3940.3 3266.2
3318 -3934.2 3023.7
3319 -3964.5 3183.3
3320 -3886.5 3073
3321 -3674.9 3187.2
3322 -4996.8 1262.7
3323 -5474.2 1232.5
3324 5385.3 3288.8
3325 -5439.5 1331.2
3326 -5169.9 1226.5
3327 -5194.5 1236
3328 -5249.4 1208.5
3329 -5455 833.4
3330 -5126.9 1217.8
3331 -5133.8 1320.6
3332 -5489.5 1029.8
3333 -5470.7 1079.2
3334 -5464.5 1021.3
3335 9.9 -1638.3
3336 1241.4 3034.1
3337 5162.5 3204.3
3338 -5480.6 978.2
3339 -5549.9 1364.8
3340 -5528.8 1303.3
3341 -5653.9 1326.2
3342 -5513.6 891.9
3343 -5541 950.2
3344 -5509.9 1355.9
3345 -5478.6 1344.8
3346 -5432.2 1104.1
3347 -5418.4 1141.3
3348 5244.8 2989.2
3349 -5444.9 1069.7
3350 -5396.3 1091.5
3351 -5457.1 1114.4
3352 -5014.2 1041.9
3353 -5065.2 993
3354 -5636.9 1370.8
3355 -5092.6 1007
3356 -5032.7 983.5
3357 -5745.9 1457.7
3358 -5704.7 1572.4
3359 5276 3248.4
3360 -5340.9 1084.1
3361 -5357.3 1039.3
3362 -5290.3 1069.7
3363 -5395.3 944.2
3364 -5341 920.9
3365 -5163.5 1324.2
3366 -5233.7 1252.6
3367 -5025.2 903.5
3368 -4982.3 880.8
3369 -5408.6 1057.8
3370 5204.4 3095
3371 -5382.6 1129.7
3372 -5521.1 1459.4
3373 -5539.7 1407.6
3374 -5481.3 1445.1
3375 -5555.3 1471.6
3376 -5712.2 1440.4
3377 -5465.3 1486.7
3378 -5422.8 1378.5
3379 -5403.5 1214.4
3380 -5549 1140.6
3381 5274.9 2907.7
3382 -5488.7 798.3
3383 -5500.9 1393
3384 -5444.7 1150.1
3385 -5156.8 967.6
3386 -4931.1 945.4
3387 -5051.5 930.5
3388 -5192.2 1031.7
3389 -5511.7 1127.8
3390 -5603.2 1159.7
3391 -5689.1 1388.7
3392 5095.3 3053
3393 -5623.4 1411.2
3394 -5666.4 1178.9
3395 -5095 1154.3
3396 -5005.1 975.3
3397 -5725.6 1401.3
3398 -5205.9 1330.4
3399 -2820.4 1008.7
3400 -3006.8 462.8
3401 -3031.9 506.1
3402 -3012.2 577
3403 4975.7 2717
3404 -3072.5 416.6
3405 -3327.5 178.9
3406 -3267.1 592
3407 -3319.2 550.8
3408 -3252.4 537.6
3409 -3320.9 737.2
3410 -3337.1 453.9
3411 -3418.8 474.1
3412 -3146.2 306.6
3413 -3177.1 367.3
3414 3723.3 2762.3
3415 -3206.8 350.2
3416 -3131.8 272.4
3417 -3201.9 425.6
3418 -3235.3 489.6
3419 -3059.9 560.6
3420 -3394.8 697.6
3421 -3301.3 439.1
3422 -3328.6 479.8
3423 -3496.9 595.7
3424 -3375.8 507.9
3425 7641.3 4823.5
3426 -3445.4 613.1
3427 -3071.9 310
3428 -2682.9 1285.3
3429 -3538.1 1601.2
3430 -1540.5 -423.5
3431 -1552.2 -349
3432 604.2 1047
3433 565.1 1109.3
3434 596.1 1010.8
3435 127.1 1001.9
3436 7647.6 4862.7
3437 80.9 967.9
3438 786.7 1133.4
3439 703.7 1079.4
3440 -111 754.7
3441 -147.7 729.2
3442 -115.7 1031.4
3443 -84.7 988.3
3444 -28.4 1107.4
3445 640.9 1038.5
3446 -194 798.9
3447 928.2 3055.9
3448 7615.2 4818.8
3449 -61.4 866
3450 -17 898.2
3451 -238.7 965.9
3452 -216.5 988.7
3453 100.1 1139.5
3454 50.3 1101
3455 18.5 1153
3456 -125.2 492.6
3457 -124.8 952.5
3458 -359.8 857.7
3459 7639.1 4777.7
3460 -400.1 903.1
3461 -277.1 943.7
3462 -35.1 1201.9
3463 113.2 1424.1
3464 70.7 632.5
3465 -234.9 854.2
3466 -281.4 819.1
3467 167.7 1193.5
3468 -30.2 1036.3
3469 5.8 1065.4
3470 6456.9 4697.8
3471 -147.3 1071.4
3472 -70.3 1160.1
3473 -85.5 898.7
3474 531.8 974.5
3475 -246.5 976.8
3476 348.3 572.3
3477 302.7 537.6
3478 378.1 527.7
3479 -153.6 835
3480 121.8 1245.1
3481 11136.7 7421.1
3482 -556.2 1210
3483 -325.4 603.4
3484 260.1 435.4
3485 333.5 494
3486 -361.1 1027.8
3487 270.6 514.3
3488 -162.4 915.5
3489 -190.8 890.8
3490 -126.5 861.6
3491 -318.7 984.3
3492 11130.9 7384.8
3493 465.7 1804.8
3494 -503.3 1305.3
3495 68.1 552.5
3496 -189 1020.1
3497 -244.5 763.5
3498 -311.9 797.4
3499 -650.5 2842.4
3500 -704.6 2879.3
3501 -607.3 2851.3
3502 -401.9 3148.8
3503 11185.6 7369.8
3504 -364.5 3164
3505 -547.4 2771.1
3506 -563.2 2880.4
3507 -586.1 2743
3508 -847.7 2955.7
3509 -516 3034.3
3510 -738.3 2769.7
3511 -526.7 2912.3
3512 -669.8 2574.6
3513 -501.9 2632.7
3514 11227.1 7276.2
3515 -999.5 2627.7
3516 -1019.1 2649.3
3517 -1098.9 2717.4
3518 -1089 2720.9
3519 -1404.4 3031.4
3520 -608.1 3184.7
3521 -641.6 3237
3522 -641.2 3154
3523 -501 2288.5
3524 -513.9 2330.3
3525 11212.4 7419.1
3526 1042.5 3477.2
3527 1035.1 1781.7
3528 1036.2 1814.7
3529 1064.5 1794.2
3530 630.4 2120.4
3531 646.7 2547
3532 677.5 2247.8
3533 753.8 2224.3
3534 896.3 1814.3
3535 845.2 1851
3536 11166.7 7417.4
3537 888.1 1786.4
3538 983.4 2870.7
3539 1144.8 2378.5
3540 1144.8 2345.8
3541 1111.2 2383.9
3542 1066.7 2240.4
3543 1041.4 2241.4
3544 1047.1 2191.8
3545 860.8 1865.4
3546 824.6 1830.7
3547 11109.2 7359.8
3548 602.5 1806.2
3549 897.2 2076.4
3550 874.9 2100.2
3551 873.7 2054.4
3552 938.5 2120.4
3553 902.2 4302.6
3554 927.7 4300.5
3555 875.9 4311.5
3556 981 1626.8
3557 957.2 1659.5
3558 1364.1 3225.6
3559 11080.6 7342.6
3560 1003.6 1641.3
3561 879.3 1630
3562 983.1 2110.8
3563 998.1 2125.7
3564 966.4 2093.1
3565 956 2137.8
3566 1028.4 2065.6
3567 603.4 2491.9
3568 1308.9 3960
3569 1352 4001.7
3570 11157.3 7361.3
3571 1286.6 3982.7
3572 1069.6 2131.6
3573 735.3 2201.5
3574 999.8 2000.3
3575 1136.6 2247.5
3576 1137.9 2279.3
3577 1134.1 2187.5
3578 1096.4 2249.2
3579 791.5 1999.4
3580 879.5 1914
3581 11309.6 7395.9
3582 907.3 2019.9
3583 814.9 3901.5
3584 881.8 4034.4
3585 801.4 3925
3586 1175.4 4126.4
3587 1242.3 4174.3
3588 1028.3 4185.9
3589 1020.2 2207.9
3590 995.5 2233.8
3591 892.1 2035.5
3592 11463 7557
3593 1215.8 3939
3594 1163.2 4010.4
3595 1105 3882
3596 956.1 4290.9
3597 961.6 1696.7
3598 1049.8 1671.8
3599 1095.1 2209.2
3600 1065.2 2172.7
3601 947.1 3996
3602 974.5 3816.5
3603 11497.3 7491.5
3604 1070.3 3887
3605 762.7 2140.2
3606 700.6 2151.8
3607 1144.9 2701.2
3608 984.5 3797.1
3609 1027.9 3711.8
3610 1131.8 3763.8
3611 1123.4 3525.5
3612 1102 2275.4
3613 1025.2 2543.1
3614 11401.6 7521.1
3615 1106.7 2307.4
3616 1144.7 2305
3617 1358.3 3748.1
3618 1278.6 3748.9
3619 1355 3581.7
3620 1366 3955.7
3621 1046.7 3942.1
3622 977.8 2252.4
3623 998.8 2270
3624 941.7 2215.6
3625 11431.8 7605.2
3626 1124 2023.9
3627 1044.6 4275.9
3628 943.7 4200.2
3629 1062.3 2867.6
3630 1113.1 2892.5
3631 1103.2 2783
3632 1000 2886.7
3633 833.3 1693.4
3634 800.9 2188.4
3635 993.2 2463
3636 11528.5 7591
3637 1025.8 2484.2
3638 917.7 2572.5
3639 1051 3855.8
3640 1163.5 1995.7
3641 1204.6 1964.4
3642 1262.9 3962.7
3643 1181.2 2307
3644 1179.2 2277.2
3645 1078.9 2473.6
3646 1048.4 2449.2
3647 12078.6 7904.3
3648 1049.3 2499.8
3649 1228.1 1992.8
3650 1218.3 3582.6
3651 1347.3 3434.1
3652 1111.1 4084.2
3653 891.7 1751.3
3654 1060.5 3834.9
3655 978.9 1979.3
3656 1023 1949.3
3657 721.6 1721.3
3658 12013.1 8018.9
3659 1203.4 3800.1
3660 1096.9 3828.6
3661 1115.3 3864.6
3662 964.8 1784.7
3663 965.9 2192.7
3664 1282 3941.1
3665 854.5 1710.9
3666 933.5 2159.7
3667 948.6 2174.8
3668 1014.2 4127.9
3669 756.5 3054.2
3670 12027.9 7850.7
3671 781.9 2164
3672 991.3 2068.7
3673 1161.8 3885.9
3674 890.2 1893
3675 1177.5 2251.9
3676 1220.7 3540
3677 1183.8 2346.2
3678 1186.5 2373.3
3679 1242.9 2342.9
3680 1095.4 2141.1
3681 12113.7 7858.2
3682 1124.8 2145.6
3683 966.6 1820
3684 989.6 4289.2
3685 1166.8 2656.3
3686 1190 2670.9
3687 1125.5 2623.8
3688 1074.8 1950.4
3689 1347.4 3327.3
3690 1238 3267.5
3691 895.2 3715.5
3692 12128.6 7979.8
3693 1192.4 2524.2
3694 1235.7 2464.9
3695 1239.4 2563.8
3696 941.5 1943
3697 1174.4 2184.6
3698 981.3 2528.6
3699 863.5 1795.9
3700 1037.5 2268.2
3701 845.9 1880.9
3702 1192.6 2735
3703 12052.8 8106
3704 1002.4 2583.5
3705 836.8 4316.9
3706 962.4 2556.9
3707 1244.2 2370.5
3708 1241.4 2309.3
3709 1156.2 2810.5
3710 1175.9 2213.6
3711 -4330.5 2920.3
3712 -4303.2 2960.4
3713 -4369.8 2881.5
3714 12190.2 7881.5
3715 -4385.7 3005.3
3716 -4434.6 2979.9
3717 -4411.4 2819.2
3718 -4080.7 3211.7
3719 -4417.3 3081.3
3720 -4367.1 3098.1
3721 -1125.3 2746.8
3722 -2465.4 1993.1
3723 -4248.6 3091.3
3724 -4211.4 3112.4
3725 13230.9 6441.2
3726 -4301.3 3073.9
3727 -3953.6 3588.4
3728 -3917.8 3482.1
3729 -4864.4 39.5
3730 424.8 4308.2
3731 632.2 4342
3732 -217 3596.4
3733 -284.1 3582.7
3734 -250.3 3580
3735 -1100.5 2609.5
3736 13268.8 6474.8
3737 -404.9 1577.6
3738 -376.6 1588.4
3739 -382.8 1531.5
3740 -322.7 1635
3741 -363.5 1561.5
3742 -273.7 1598
3743 -1132.3 2357.3
3744 -449.7 1622.5
3745 -870.8 2281.6
3746 114.7 2053.8
3747 13636.7 7666
3748 -431.4 1602.1
3749 -551.7 1332.7
3750 -1060.7 2605.3
3751 -1083.9 2383.5
3752 -409.3 1485.3
3753 -3981.7 4109.6
3754 -4057.6 4052.8
3755 -4344.7 3193.6
3756 -4174.6 3136.7
3757 -2635 690.1
3758 13652.5 7803.3
3759 -2502.5 811.4
3760 -2187.1 771.8
3761 -2007.5 827.5
3762 -1967.7 832.9
3763 -2257.7 1268.5
3764 -2528.3 944
3765 -2703.2 1310.7
3766 -2675.5 1324.9
3767 -2681.8 905.2
3768 -2730.8 882.6
3769 13772.4 7646.1
3770 -2830.5 844.9
3771 -2500 1080.2
3772 -2486.1 1064.1
3773 -2533.7 1129.1
3774 -2766.3 938.7
3775 -2785.8 956.1
3776 -2751.8 874.3
3777 -2565.4 924.2
3778 -2514.2 918
3779 -2837.2 815.3
3780 783.8 3054.4
3781 12670.1 7428.2
3782 -2555.6 1105.1
3783 -2579.1 1132.3
3784 -2609.6 899.6
3785 -2513.7 1178.7
3786 -2850.5 1138.1
3787 -2814.2 800.2
3788 -2917.3 1074.1
3789 -2862.2 1088.5
3790 -4282.1 4305
3791 -4133.7 4208.5
3792 12690.8 7392.8
3793 -4039.9 4266
3794 -4363.7 4317.7
3795 -4251.2 4087.2
3796 -4195.6 4279.3
3797 -4275.6 4156.2
3798 -4315.8 4035.1
3799 -4036.5 4361.8
3800 -4130.7 3941.3
3801 -1370.4 -3112.1
3802 -1337.3 -3138.1
3803 12701.1 7373.5
3804 -1346.9 -3086.2
3805 -130.1 -3518.5
3806 -24.1 -3431
3807 -301.7 -3177.5
3808 -1295.5 -3249.9
3809 -1254.9 -3355.2
3810 -1333.8 -3172.4
3811 -1342.5 -3280.5
3812 -889.9 -3097
3813 -1159.2 -3401.6
3814 12832.8 7449.6
3815 -1142.3 -3417.7
3816 -1220 -3470.6
3817 -1209.3 -3354.4
3818 -961.6 -3487.2
3819 -1041.6 -3411.1
3820 -895.2 -3553.9
3821 -919.4 -3580.5
3822 -1154.5 -3844
3823 -1133.3 -3818.5
3824 -877.7 -3573.1
3825 12728.5 7324.6
3826 -1271.3 -3566.7
3827 -1215.9 -3535.4
3828 -1303.6 -3552.6
3829 -1161.6 -3584
3830 -1149 -3798.5
3831 -1128.1 -3772.3
3832 -1190.5 -3499.8
3833 -1251.2 -3448.8
3834 -967.4 -3624.2
3835 -985.6 -3606.7
3836 12585 7577.2
3837 -1005.5 -3663.8
3838 -875.2 -3178.5
3839 -968.1 -3154.7
3840 -1251.1 -3515.8
3841 -1509.4 131.1
3842 -1130.4 -3902.6
3843 -967.6 -3697.6
3844 -946.1 -3690.7
3845 -1093 -3616.1
3846 -1080.5 -3704.4
3847 12555.1 7613.2
3848 -1671.8 154.2
3849 -1740 107.4
3850 -1531.4 -3442.2
3851 -716.1 -3357.4
3852 -778.6 -3351.6
3853 -1442.8 -3282.9
3854 -1407.8 -3283
3855 -1507.8 -3273.9
3856 -1488.9 -3201.3
3857 -1020.9 -3639.6
3858 12610.5 7536
3859 -1397.1 -3231.7
3860 -1366.6 -3194.8
3861 -1459.2 -3176.9
3862 -1358.6 -3489.6
3863 -1297 -3523.1
3864 -1328.5 -3458.3
3865 -1516.1 -3325
3866 -1513 -3298.5
3867 -873 -3673.7
3868 -449.5 -3068.3
3869 12652.2 7463.9
3870 -843.6 -3347.3
3871 -1105.1 -3575
3872 -1694.7 -1718.4
3873 -1129.4 -3624.6
3874 -1157.2 -3746.6
3875 -1139.4 -3726.3
3876 -969.8 -3590.1
3877 -1276.3 -3486.2
3878 -978.2 -3384.9
3879 -920.7 -3358.4
3880 12709.5 7450.6
3881 -1015.3 -3400.1
3882 -1121.7 -3436.8
3883 -1069 -3382.8
3884 -1042.4 -3581.5
3885 -486.7 -2886.5
3886 -1145.9 -3600.6
3887 -712.5 -3834.8
3888 -650.1 -3797.7
3889 839 2316.7
3890 -869.9 -3636.8
3891 1098.4 3277.8
3892 12799 7504.6
3893 -947.4 -3610.1
3894 -826.6 -3545.7
3895 -1107.8 -3775.2
3896 -1092.2 -3730
3897 -1425.1 -3140.7
3898 -970.1 -3856.2
3899 -1075.4 -3548.8
3900 -1375.2 -3067.7
3901 -1130.9 -3068.5
3902 -1063.9 -3596.8
3903 12921 7570.2
3904 -1184.6 -3603.8
3905 -940.9 -3314.6
3906 -1115.4 -3709.9
3907 1899.7 -3782.4
3908 2014.9 -3823.1
3909 1873.1 -3806.1
3910 1951.8 -3994.6
3911 2018.8 -4144.7
3912 -5830.8 668.9
3913 -5780 681.9
3914 12985.8 7604.2
3915 -5911.5 642.1
3916 -5714.2 442.4
3917 -5642.7 472.1
3918 -5749.2 430.2
3919 -5837.6 299
3920 -5710.8 836.5
3921 -5649.5 798.5
3922 -5732.6 861.5
3923 -6121.1 113
3924 -6121.6 151
3925 13046.5 7499.3
3926 -6120.5 61.5
3927 -6054.6 96.6
3928 -5986.4 -8.1
3929 -5960 -113.5
3930 -6083.1 2336.2
3931 -5180 195.6
3932 -5948.5 761.3
3933 -5954.3 801.1
3934 -6120.6 212
3935 -6099.9 397.6
3936 13046.2 7655.9
3937 -5963.5 190.9
3938 -5795.4 413.7
3939 -5943.5 346.2
3940 -5905.8 329.2
3941 -6005.6 363.2
3942 -5924.9 393.7
3943 -5478.7 522.2
3944 -5491.8 550.1
3945 -5525.9 506.4
3946 -5419.6 535.6
3947 12824.6 7860.4
3948 -5854.1 816
3949 -5752.5 689.8
3950 -6107.4 682.9
3951 -6140.4 910.5
3952 -6095.6 596.1
3953 -6039 2210.4
3954 -5900.2 495.7
3955 -5853.5 522.4
3956 -5915.9 543.2
3957 -5893.3 475.8
3958 14438.1 6822.1
3959 -5715 660.8
3960 -5682.3 673
3961 -5703.2 614.3
3962 -5683.7 368.4
3963 -6049.7 2257.5
3964 -5527 624.8
3965 -5507.9 584.2
3966 -5473.2 647.8
3967 -5551.1 562.5
3968 -6232.4 1545.3
3969 14448.8 6761.6
3970 -5884.6 444.7
3971 -5986.3 538.7
3972 -5932.6 601.9
3973 -5876.2 383
3974 -5953.3 218.9
3975 -6045.6 961.1
3976 -6006.4 981.4
3977 -6064.8 952
3978 -5982.2 915.8
3979 -5674.8 541.3
3980 13597.2 6884.5
3981 -5685.4 566.5
3982 -5695.3 590.1
3983 -5982.4 129.7
3984 -5663.3 922.4
3985 -5611.2 814.8
3986 -5564 835.9
3987 -5706.2 935.1
3988 -5462 624.6
3989 -6087.6 543.2
3990 -5954.2 1006.9
3991 13521.6 6827.4
3992 -6017.5 1022.4
3993 -5995.2 955.1
3994 -6087.6 436.3
3995 -5939.2 632.5
3996 -5497 700.3
3997 -6038.5 2185.9
3998 -5765.7 564.3
3999 -5820.2 541.6
4000 -5972.1 871.2
4001 -5659.7 1147.8
4002 630.4 3052
4003 13537.1 6808.7
4004 -5698.7 1163.7
4005 -5606.8 682.9
4006 -5604.6 483.4
4007 -6039.1 8.4
4008 -5990.2 81.4
4009 -5510.9 728.4
4010 -5828.3 1100.3
4011 -5786.6 1120.9
4012 -5937 1099.2
4013 -5994.2 1112.8
4014 13488.7 6805.4
4015 -5989.1 410.4
4016 -6151 962.4
4017 -5417.5 644.8
4018 -5868.6 1616.7
4019 -5966.8 847.3
4020 -5961.3 823.5
4021 -5866.9 879.9
4022 -6023.3 2176
4023 -6131.3 971.3
4024 -6255.4 1325.9
4025 13416.6 6704.1
4026 -6153.7 1023.2
4027 -6046.4 1075.8
4028 -6164.6 1053.8
4029 -5941.1 1467.1
4030 -5887 1351.2
4031 -5744.4 926
4032 -5885.3 908.6
4033 -6088.4 1127.2
4034 -6059.5 1103.8
4035 -6089.1 1089.5
4036 13445.5 6720.5
4037 -6025.5 1221.9
4038 -6201 1201.1
4039 -5912 997.9
4040 -5943.6 881.9
4041 -5846 891.7
4042 -5857.7 924.6
4043 -5942.4 981.9
4044 -5893.5 955.6
4045 -5807.1 1303.8
4046 -5851.7 1329.4
4047 13496.7 6711.9
4048 -5785.1 1289.4
4049 -6257.7 1351.4
4050 -5816 1183.4
4051 -6222.2 1588.8
4052 -6240.9 1690.8
4053 -6185 1596.7
4054 -6168.9 1442
4055 -5069 44.4
4056 -5212 40.2
4057 -5219.9 7.5
4058 13570.4 6769.6
4059 -5151.7 19.6
4060 -5202.5 88.8
4061 -6126.5 1719.2
4062 -6168.2 2022.3
4063 -6079.3 2005.5
4064 -5275.9 233.9
4065 -6203.4 1530.6
4066 -6214.8 1472.7
4067 -6252 1760.6
4068 -6259.5 1793.7
4069 13630.7 6696.9
4070 -6243.1 1729.5
4071 -6317 1747.4
4072 -5329.8 71.8
4073 -6310.2 1712.6
4074 -6301.2 1674.5
4075 -5190.5 146.6
4076 -5114.3 102.8
4077 -6057.4 2008.9
4078 -6107.9 2000.3
4079 -6107.4 1971.7
4080 13656.5 6708.2
4081 -5866.3 1591.3
4082 -5926.5 1551.2
4083 -6263.6 1933.4
4084 -6241.4 1937.9
4085 -6308.9 1893.2
4086 -5226 -17.3
4087 -5095.8 -38.8
4088 -5086.8 -0.2
4089 -6197 1394.7
4090 -6157.7 1416
4091 13504.2 6656.5
4092 -6189.8 1364.5
4093 -6324.2 1779.8
4094 -6333.4 1816.9
4095 -6277.4 1460.2
4096 -6111.2 1664.6
4097 -6101.9 1625.1
4098 -5985.4 1720.4
4099 -6105.2 1934.6
4100 -5135.3 65
4101 -6162.9 1991.7
4102 13676.2 6663.8
4103 -6188 1989.3
4104 -6131.8 1609.6
4105 -5282.6 0.5
4106 -5266.9 69
4107 -5412.3 71.3
4108 -6210.7 1698.6
4109 -6151.1 1604.1
4110 -6114.9 1558.6
4111 -6175.4 1707.7
4112 -5973.6 1631.9
4113 3925.7 2474.8
4114 13505.5 6783.6
4115 -5965.8 1526.4
4116 -5642.6 -223
4117 -5580.5 -233.1
4118 -5092.7 144.8
4119 -6015.5 1607.2
4120 -5903.3 1668.7
4121 -5032.2 878.4
4122 -5014.5 845.8
4123 -5169.3 928.3
4124 -5403.1 776
4125 13325.9 6604.6
4126 -5000.3 749.7
4127 -5019.9 791.6
4128 -4972.6 768.5
4129 -5384.6 750.6
4130 -5345.4 653
4131 -5311.4 798.9
4132 -5299.6 715.2
4133 -5135.2 749.2
4134 -5159.7 741.9
4135 -5150.3 791.7
4136 13407.1 6539.8
4137 -5267.9 826.7
4138 -5261.5 721.7
4139 -5150.2 696.6
4140 -5323.5 670.7
4141 -5272.7 643.6
4142 -5304.6 624.1
4143 -5139.6 658.7
4144 -5167.8 829.9
4145 -5091.2 816.4
4146 -5206.7 732.7
4147 13305.8 6545.2
4148 -5239.2 620.8
4149 -5042.7 833.5
4150 -5193.4 874.2
4151 -5240.8 784.9
4152 -5296.6 602
4153 -5337 1550.1
4154 -5295.1 1532.1
4155 -5291.6 1503.3
4156 -5268.1 1736.7
4157 -5398.9 1621.6
4158 13363.1 6653
4159 -5413.8 1580.4
4160 -5472 1640.7
4161 -4751.2 1630.1
4162 -5513.9 1655.5
4163 -5303.9 1465.2
4164 -5591.2 1642.5
4165 -5583 1686.3
4166 -5019.9 1477.9
4167 -5064.1 1456.9
4168 -5130.2 1480.3
4169 13368.6 6498.9
4170 -5051.8 1492.1
4171 -5214.1 1506.5
4172 -5254.6 1517.5
4173 -4924.4 1500.4
4174 -5116.5 1520.3
4175 -5225.2 1603.9
4176 -5212.5 1650.4
4177 -5191.6 1709.5
4178 -5263.4 1618.2
4179 -5377.4 1748.2
4180 13411.7 6612.4
4181 -5731.6 1702.7
4182 -5484.8 1605.9
4183 -5383.4 1790.2
4184 -5051.1 1545
4185 -3799.1 1640
4186 -3357.2 -1661.9
4187 -2806.8 -1597.8
4188 -5666.8 -219.9
4189 -5680.6 -237.1
4190 -5925.2 -631.1
4191 13446.9 6578.9
4192 -5938.5 -692.8
4193 -5964.6 -507.9
4194 -5835 -1020.9
4195 -5846.7 -934.1
4196 -3131 -355.1
4197 -3691.9 -1770.8
4198 -2658.9 -1499.7
4199 2367.8 -4618.3
4200 1794 -4330.1
4201 2203.1 -4715.1
4202 13500.1 6505.7
4203 -1468.6 2544.2
4204 -465.5 2418.7
4205 -664.8 1452.5
4206 -1336.6 1996.8
4207 -554 1856.5
4208 -631.4 1839.1
4209 -707.5 2126
4210 -1115.3 2229.7
4211 -648.1 1827.9
4212 -782.4 1969.9
4213 13471.1 6487.7
4214 -751.3 1970.1
4215 -751.6 1913.6
4216 -568.6 1876.8
4217 -594.8 1860.1
4218 -610.1 2052.9
4219 -577.7 1972.8
4220 -1072.7 2015.5
4221 -619.5 1898.3
4222 -1441.8 3084.8
4223 -184 2245.1
4224 3936 2493.7
4225 13519 6483
4226 335.2 4021.7
4227 463.8 4086.5
4228 624 4230.2
4229 819 4353.4
4230 850.9 4360.4
4231 139.8 3967.6
4232 -197.5 3769.3
4233 -147.5 3791.1
4234 -189.3 3869.3
4235 441.6 4189.6
4236 13415.4 6452.1
4237 132.2 2393.5
4238 8125.9 7292
4239 7780.1 7067.7
4240 8103.8 7167.8
4241 -2460.1 639.1
4242 -2642.5 -317.5
4243 -2908.5 969.6
4244 -2412.1 668.6
4245 -2388.8 630.3
4246 -2412.1 560.9
4247 13366.1 6422
4248 -2541.6 903
4249 -2364.7 590.8
4250 -2436.4 599.4
4251 -1779.9 3349
4252 -1826.7 3300.9
4253 1181 1297.1
4254 -3024 4250.2
4255 -3648.4 2646.9
4256 -3308.8 2929.8
4257 -3061.8 2570.3
4258 13453.4 6378.8
4259 -2162.7 3041.9
4260 -4720.6 3073.9
4261 -4615.9 2756
4262 -4288 2166.3
4263 637.8 -4736.3
4264 614.9 -4721.3
4265 624.3 -4663.7
4266 542.6 -3158.6
4267 479 -3170.3
4268 581.4 -3144
4269 13468.7 6789
4270 590.1 -3233.9
4271 443.5 -3342.9
4272 407.7 -3320.2
4273 389.1 -3425.5
4274 471.9 -3290.9
4275 419.4 -4473.4
4276 405.6 -4453.6
4277 356.9 -4513.4
4278 -204.2 -3680.1
4279 -367 -3345.2
4280 13449.4 6820.6
4281 589 -3755.2
4282 633.7 -3695.4
4283 527.6 -3708.6
4284 645.1 -3797.4
4285 149 -3772.1
4286 260.3 -3863.7
4287 407.1 -4272.1
4288 534.9 -3100.5
4289 333.9 -3345.5
4290 319.9 -4503.3
4291 13376.6 6823.4
4292 280.4 -4445.8
4293 18.4 -3780.2
4294 237.9 -3938.6
4295 287.9 -3838.8
4296 234.4 -4379.5
4297 527.5 -4698.2
4298 548.9 -4677.8
4299 499.8 -4727.8
4300 448.8 -4633.1
4301 557.8 -4725
4302 13624.8 6862.9
4303 707.3 -3750.3
4304 54.7 -3753.7
4305 368.5 -4356.5
4306 572.3 -3649.7
4307 604.4 -3604.4
4308 441.9 -3630.3
4309 354.1 -3294.9
4310 -69.3 -3788.7
4311 -118.3 -3789.7
4312 468.5 -4615.4
4313 13632.2 6809.9
4314 436.1 -4583.4
4315 589.3 -4704.8
4316 335.6 -4526.1
4317 389.5 -3370.2
4318 369.1 -3414.9
4319 469.8 -3575
4320 -35.9 -3744.3
4321 431.4 -3174.8
4322 -6.7 -3753.6
4323 -27 -3793.6
4324 13606 6726.3
4325 423.9 -4654.8
4326 1177.4 -3769.5
4327 495.7 -3522.4
4328 579.8 -4781
4329 398.7 -3203.9
4330 384 -3233.5
4331 281.7 -3890.9
4332 642.1 -3947.4
4333 546.8 -3244.3
4334 428.5 -3262.4
4335 3915.5 2450
4336 13702.1 6639.8
4337 499.2 -3252.4
4338 430 -3912.3
4339 -78.2 -3712.5
4340 950.2 -4929.7
4341 949.1 -5013.3
4342 535.9 -4752
4343 393.3 -4567.3
4344 340.6 -3545.6
4345 464.5 -3193.9
4346 -276.8 -3381.5
4347 13761.4 6605.1
4348 770.2 -2882.6
4349 1697.9 -4117.1
4350 1193.4 -2664.8
4351 1208 -2220.6
4352 1154.9 -1963.9
4353 1138.6 -1884.9
4354 1202.9 -2196
4355 1347.6 -1919.7
4356 1432.3 -1819.6
4357 1329.9 -1843
4358 13779.5 6648.2
4359 -3711.6 1454.4
4360 -3412.7 1676.4
4361 416.2 1791.3
4362 397.2 1768.8
4363 377.2 1828.4
4364 356.8 1807.2
4365 353.9 1850.9
4366 370.9 1868.5
4367 430.9 1826
4368 -2161.6 2940.5
4369 13669.6 6498.8
4370 -1475.4 -2528.3
4371 -1892.8 -1054.8
4372 -680.3 -1178.6
4373 -1622.4 -2676.7
4374 -688.9 3222.4
4375 -506.2 -1687
4376 -266.2 -2176.4
4377 -309.3 -2119.8
4378 -300.6 -2189.8
4379 -774.8 -2108.7
4380 13637.2 6466.9
4381 -788.2 -1809.2
4382 -338.3 -2130.7
4383 -370.9 -2143.8
4384 -380.2 -2175.5
4385 -370.5 -2217.7
4386 -328 -2201.4
4387 -460.3 -1655.8
4388 -469.2 -1585.6
4389 -752 -1802.4
4390 -345 -2278.9
4391 13597 6428.8
4392 -515.4 -1555.9
4393 -315.2 -2353.3
4394 -224.4 -2420.8
4395 -510.6 -1590.4
4396 -219.8 -2444
4397 -1176.4 -1014.5
4398 -1138.8 -1006.7
4399 -1220.5 -896.1
4400 -471.9 -2113.9
4401 -459 -2300.9
4402 13687.3 6515
4403 -571.2 -2368
4404 -441 -2212.7
4405 -478.2 -2322.5
4406 -632.7 -2266.1
4407 -429.4 -2264.9
4408 -607.1 -2251
4409 -652.9 -2041.8
4410 -614 -2169.3
4411 -624 -2021.5
4412 1056.3 -884.3
4413 13707 6449.1
4414 725.7 -543.6
4415 1030.6 -916
4416 1964.7 1638.3
4417 1944.5 1633.2
4418 705.3 -563.2
4419 2577.9 2062.8
4420 2631.2 1990
4421 2415 1998.3
4422 2384.9 1979.1
4423 2340.2 2240
4424 13726 6538.3
4425 888.7 -1083.6
4426 1066.2 -950.2
4427 739.3 135.6
4428 454.8 189.8
4429 765.9 155.6
4430 1110.8 805.6
4431 1083.8 778.7
4432 1991.7 1609.7
4433 2399.6 1943.4
4434 671.2 -514.5
4435 13387.3 6344.1
4436 702.1 -256.1
4437 1107.4 757.2
4438 659.5 -266
4439 751.2 95.1
4440 707.6 -307.2
4441 1132.5 783
4442 1327.6 997.5
4443 715.1 -508.6
4444 1961.3 1577.6
4445 1984.3 1588.8
4446 172 -1616.2
4447 3776.1 2540.7
4448 13516.1 6409.8
4449 662.2 -306.3
4450 1930.5 1607.4
4451 1832.4 1506.9
4452 -685 -2445.9
4453 -654.6 -2437.8
4454 -1347.5 -2602.8
4455 -1080.6 -2583.8
4456 -1023.4 -2669.1
4457 -1753.2 -2514.9
4458 -1755.4 -2547
4459 13304.5 6301.9
4460 -1726.9 -2436
4461 -1354.8 -2917.2
4462 -1318.7 -2737.6
4463 -1277.7 -2802.6
4464 -1266.3 -2703.8
4465 -595.7 -2450.7
4466 -1767 -2361.3
4467 -1802.2 -2382.9
4468 -1400.3 -2371.8
4469 -1170.5 -2842.1
4470 13267.2 6383.4
4471 -774.2 -2694.1
4472 -1468.1 -2821.5
4473 -922.1 -2534.7
4474 -1228.1 -2676.4
4475 -1178.7 -2643.5
4476 -1033.3 -2424.5
4477 -1333.6 -2640.6
4478 -1123.6 -2730.1
4479 -1508.1 -107.5
4480 -1524.4 -90.3
4481 13358.2 6329.2
4482 -929.4 -435.7
4483 -967.4 -391.5
4484 -856 -452.1
4485 -930.9 -67.4
4486 -940.7 -0.7
4487 -1264.8 67.5
4488 -1269.5 -11.1
4489 -1082.3 -503.6
4490 -2136.2 -467.6
4491 -2092.5 -344
4492 13408.6 6300.7
4493 -881.1 -246.9
4494 -888.5 -279.6
4495 -907.3 -240.9
4496 -877.8 -732.1
4497 -899.4 -735.9
4498 -1507 -341.6
4499 -1592.1 -201.5
4500 -1935.2 -290.4
4501 -1889.5 -270.4
4502 -953.5 -457.4
4503 13442.1 6239.3
4504 -924.1 -458
4505 -1700.4 -19.4
4506 -1684.8 -1.6
4507 -1679.1 -36.2
4508 -1049.4 -18.4
4509 -1034 59.1
4510 -926.6 -325.4
4511 -1558.2 -131.7
4512 -1687.8 -114
4513 -1275.4 -168.6
4514 13413.2 6223.8
4515 -1294.4 -192.1
4516 -1814.8 -622.3
4517 -2176.3 -392.8
4518 -861.5 -118.6
4519 -840 -134
4520 -833.1 -79.2
4521 -1225.4 -307.2
4522 -914.8 -273.6
4523 -954.8 -264.6
4524 -954.7 -577.6
4525 13380.8 6285.6
4526 -973 -517.9
4527 -1607.1 -630.1
4528 -1639.4 -501
4529 -682.6 -379
4530 -529.8 -688
4531 -561.5 -691.8
4532 -542.9 -585.3
4533 -1326.5 -204.1
4534 -1702.1 -67.9
4535 -1205.9 -583.9
4536 13326.1 6256
4537 -485 -515.1
4538 -1245.1 -694.5
4539 -1440.8 -333.4
4540 -1920.5 -378.9
4541 -1232.1 44
4542 -1375.4 -156.6
4543 -1399.5 -175
4544 -1849.9 -178
4545 -1785.3 -112.8
4546 -1832.1 -195
4547 12485.4 7754
4548 -1283.7 -813.2
4549 -1332.1 -828.8
4550 -1300.4 -711.8
4551 -1380.1 -326.9
4552 -1017.9 -548.9
4553 -1771.2 -162.5
4554 -1738.7 -227
4555 -1764.7 -134.9
4556 -936.9 -152.4
4557 -466.9 -636.1
4558 3683.6 2571
4559 12448.4 7790.4
4560 -641.3 -388.1
4561 -1380.4 -205.5
4562 -1146.1 -26.9
4563 -1997.7 -273.6
4564 -1849.4 -524.1
4565 -1808.3 -495.1
4566 -1870 -500.2
4567 -979.2 -741.1
4568 -1016.9 -741
4569 -1589.2 -433.6
4570 12293.2 7933.6
4571 -1592.1 -357.1
4572 -826.8 -469.2
4573 -1072.4 -70
4574 -1333 -376.8
4575 -715.4 -536.5
4576 -975.7 -608.6
4577 -1111.7 -58
4578 -1097 89.4
4579 -1840.9 -316.4
4580 -1008.5 -317.8
4581 12524.5 7667.3
4582 -951.6 -345.3
4583 -1613.9 -233.8
4584 -1016.9 -677.4
4585 -1810.7 -451.1
4586 -1066.3 75.1
4587 -479.1 -558.5
4588 -1831.8 -468.4
4589 -966.6 -316.6
4590 -597 -321.9
4591 -880.5 -483
4592 12473.3 7636.7
4593 -1540.3 -1181.4
4594 -1610.2 -869.1
4595 -800.4 -30.1
4596 -606.8 -218.8
4597 -834.3 -12
4598 -640.6 24.2
4599 -683.1 42.3
4600 -816.1 13.1
4601 -951.1 155.9
4602 -792.5 44.8
4603 12547.9 7778.7
4604 -721.1 38.5
4605 -198.4 -478.2
4606 -148.8 -426.1
4607 -517.4 -271.9
4608 -195.6 -500.3
4609 -140.4 -493
4610 -190.6 -539.2
4611 -443.3 945
4612 -455.5 1510.8
4613 -469.3 1600.9
4614 12227.7 8210.9
4615 -503 1535
4616 -3010.8 1120.3
4617 -2850.2 1258
4618 -2864.2 1036.6
4619 -2961.1 954.4
4620 -2827.5 1028.2
4621 -2832.8 1060.3
4622 -3029.2 1111.1
4623 -2897.5 1182.1
4624 -2814.2 779.3
4625 12279.5 8243.3
4626 -3140.6 1153.3
4627 -1997.1 924.9
4628 -1972.8 935.7
4629 -1911.6 982.5
4630 -1968.3 1003.4
4631 -1887.7 1018.1
4632 -1906.4 949.6
4633 -2024.9 1024.5
4634 -1924.2 1043.8
4635 -2035.8 1103
4636 12218.9 8182.1
4637 -1931.2 1104
4638 -1955.8 1222.1
4639 -2000.9 888.1
4640 -2028 856.9
4641 -1984.2 863.8
4642 -2060.6 1000.8
4643 -1998.5 981.6
4644 -2077.2 1062.8
4645 -2187.8 940.6
4646 -1997.1 952.3
4647 12198.3 8282.7
4648 -2221.9 968
4649 -2169.5 897.2
4650 -1873.4 1209.1
4651 -1864.4 1183.7
4652 -2238.1 937.2
4653 -2298.3 921.9
4654 -1864.2 1111.1
4655 -2030.4 956.2
4656 -1874.5 950.1
4657 -2148.5 1092.9
4658 11378.1 9978.3
4659 -1950.3 962.7
4660 -2249.5 953.7
4661 -1901.8 583.4
4662 708.6 2415.7
4663 510.7 2275.1
4664 442.4 2459.2
4665 512.6 2492.6
4666 1115 1871.2
4667 1208.9 2251.2
4668 1210.6 2310.2
4669 3748.9 2670
4670 11055.8 9739.3
4671 1238.7 2250.4
4672 154 -4839.9
4673 120.4 -4504.7
4674 153 -4540.1
4675 192.5 -4497
4676 -36.6 -4846.6
4677 -0.2 -4851.4
4678 -23.4 -4811
4679 245 -4627.8
4680 302.8 -4678.9
4681 11142.1 10341.8
4682 313.2 -5147.2
4683 284.9 -5128.7
4684 363.3 -5161.7
4685 250.6 -5220.3
4686 192.7 -4580.3
4687 6.3 -4776.7
4688 53.3 -4784.6
4689 45.9 -4747.5
4690 285.4 -4581.8
4691 93.2 -4521.1
4692 11005.5 10425.5
4693 232.5 -5043.9
4694 26.4 -4819.1
4695 198.2 -4801.3
4696 104.9 -4793.2
4697 265.4 -5120.3
4698 255.6 -5064.6
4699 221 -5244.9
4700 -76.7 -4880.4
4701 -104.4 -4895.2
4702 -40.5 -4952.1
4703 11235.6 10541.8
4704 21.8 -4854.4
4705 203.9 -5082.2
4706 47.4 -4822.5
4707 5.1 -5023.3
4708 109.5 -4758.4
4709 -5875.3 -2303.9
4710 -8712.5 -4206.7
4711 -8517.1 -4193.9
4712 10188.1 2938.9
4713 10012 2865.6
4714 11107.1 10295.7
4715 9923.9 2847.1
4716 9849.9 2876.3
4717 9974.4 2634.1
4718 2368.5 2604.1
4719 11238 6599.9
4720 11170.3 6682.8
4721 7644.3 4611.8
4722 11426.8 6711
4723 11327.9 6637.9
4724 6442.3 3937.4
4725 10950.6 10518.4
4726 2355.3 2470.1
4727 2367.6 2045.8
4728 2271.1 2172.8
4729 1975.5 4124.7
4730 1694.9 3541.1
4731 -4332.2 3165
4732 -4747.3 3144.5
4733 -4823.6 3336.6
4734 -4717.1 3124.7
4735 -4853.4 3828.4
4736 10941.7 10480.1
4737 -4125.7 3471.5
4738 -4651.4 3811.3
4739 -4831.2 3938.1
4740 -4555 3977.2
4741 -4564.8 4017
4742 -4586.4 3964.8
4743 -4518.9 3927.1
4744 -4906.9 3945.6
4745 -4494.9 3875.5
4746 -4390.5 3932.5
4747 10948.5 10563.3
4748 -4559.2 3858
4749 -4530.4 4230
4750 -4564.9 4198.9
4751 -4477.5 4263.8
4752 -4598.5 4035.8
4753 -4662.5 3390.6
4754 -4781.7 3893.2
4755 -4774.6 3925.7
4756 -4562.3 4106.3
4757 -4667 3943
4758 10941.8 10742.2
4759 -4696.2 3890.8
4760 -4669.5 3891.2
4761 -4420.1 3997.5
4762 -4673.9 3997.8
4763 -4661.9 3900.9
4764 -4774.9 3596
4765 -4585.4 4016.7
4766 -4477.4 4302.2
4767 -4383.6 4291.9
4768 -4808.7 3844.5
4769 10921.6 10648.2
4770 -4481.6 3596.3
4771 -4746.7 3768.9
4772 -4776.2 3770.2
4773 -4775.9 3699.5
4774 -4787.7 3898.7
4775 -4435.6 4021
4776 -4375.9 3950.5
4777 -4830.2 3456.2
4778 -4651.2 3848.4
4779 -4485.1 4119
4780 3680.5 2543.3
4781 10921.3 10741.3
4782 -4518.8 4084.8
4783 -4520 4154
4784 -4447.1 4044
4785 -4540.2 4030.4
4786 -4541.2 4056.3
4787 -4537.8 4091.9
4788 -4582 4093.7
4789 -4477.8 4214
4790 7595.6 4559.4
4791 7041.1 4249.3
4792 10980.2 10970.6
4793 7730.7 4659.7
4794 7687.4 4613.2
4795 8364.8 4957.7
4796 7640.7 4716.3
4797 7657.5 4671.7
4798 12554.6 7356.1
4799 10313.8 629.1
4800 10657.5 11837.7
4801 10666.9 11791.8
4802 10546.8 11851.7
4803 11206 11462.3
4804 10755.2 11843.7
4805 10402 11843.5
4806 10429.3 11966.8
4807 10497.3 11700.1
4808 10631.7 11742.1
4809 10564.2 11915.7
4810 10534.1 11976
4811 10806.1 12003.8
4812 10659.9 11938.8
4813 10664.6 11958.8
4814 11310.3 10970.4
4815 10705.5 11948.2
4816 10598.7 11957.1
4817 10750 11958.9
4818 10711.4 11980.1
4819 10523.5 12066.7
4820 10476.9 11963.1
4821 10718.7 12001
4822 10517.9 12129.5
4823 10446.3 12034.4
4824 10775.8 11975.3
4825 11194.2 11552.8
4826 10536 12155.7
4827 10916.1 12089.6
4828 10556.9 12169.5
4829 10725.5 12060
4830 10843.4 12130.8
4831 10665.8 12280.6
4832 10880.9 12205.1
4833 10879.2 12104.9
4834 10571.3 6249.2
4835 10429.1 6172.5
4836 12217 7934.5
4837 10597.2 6262.5
4838 9975 11010.4
4839 9955.5 11040.7
4840 9856.2 10976.2
4841 9928.5 11092.4
4842 9959.5 11113.4
4843 9517.6 11528.9
4844 11075.4 6498.5
4845 2440.2 1972.9
4846 2496.6 2015.8
4847 12412.6 8098.5
4848 2303.3 1901.8
4849 2041.8 2006.9
4850 9222.5 5439.4
4851 10893.9 6426.8
4852 11126.3 7217.7
4853 11126.8 7093.5
4854 10993.3 7139.6
4855 11005.1 7119.4
4856 10759.1 7158.5
4857 10848.1 8692.6
4858 11586.7 11361.1
4859 10878.5 8710.1
4860 9959.4 8805.3
4861 10239.4 8826
4862 10072.4 8868.8
4863 9945.5 8824.4
4864 10291.5 8854.3
4865 10453.6 8890.8
4866 9971.1 8837.7
4867 10038.5 8923.2
4868 10389.1 8904.4
4869 11632.3 10966.2
4870 10122.3 8894.5
4871 10061.9 8993.7
4872 10476.7 8953.9
4873 10161.8 9088.6
4874 10078 9038.3
4875 9713.7 9317.3
4876 11251.5 10159
4877 11061.4 10255.4
4878 10922.7 10549.4
4879 10796.3 10643.8
4880 11384.2 10970.7
4881 10794.8 10738.1
4882 5027.1 2418.2
4883 5008.4 2466.7
4884 4985.6 2691.5
4885 -4145.3 863.6
4886 -4519 862.5
4887 -4282.7 944
4888 -4140.8 940.4
4889 -4086.6 998.4
4890 -4330.3 1077.5
4891 3406.3 2476.3
4892 11364.3 11060.9
4893 -4045.7 1135.7
4894 -3749.8 1396.4
4895 -3138.2 1115.7
4896 -3173 1111.1
4897 -3337.5 1356.6
4898 -204.8 -5646.3
4899 -297.6 -5590.3
4900 -178.5 -5792.9
4901 -219.8 -5767
4902 -204.9 -5828.2
4903 11375.9 11484
4904 -114.6 -5701.3
4905 -151.6 -5682.1
4906 -265.9 -5738.2
4907 -305.9 -5710
4908 -304.2 -5798.4
4909 -408.2 -5961.3
4910 -336.5 -5960
4911 -327.2 -5635.8
4912 -355.2 -5678.4
4913 -247 -5620.8
4914 11457.1 11430.7
4915 -263.6 -5813.3
4916 -511 -5795.8
4917 -374.5 -5924.5
4918 -347.6 -5774.5
4919 -396.4 -5746.8
4920 -392.2 -5645.9
4921 -5314.9 399.1
4922 -5287.4 545.9
4923 -5359.5 439.3
4924 -5362.6 477.7
4925 11509 11400.6
4926 -5352.8 607
4927 -5371.2 573.2
4928 -5377.1 599.2
4929 11288.5 6516.3
4930 12964.9 8117
4931 -6860.5 -13330.2
4932 -7221.3 -13029
4933 -7073.4 -12455.1
4934 -7156.5 -12779.5
4935 -7764 -12607.5
4936 11466 11385
4937 -7040.2 -12327.2
4938 -7912.7 -12491
4939 -7791.1 -12341.6
4940 -7845.7 -12542.2
4941 -8019 -12621.9
4942 -6154.4 -4636.1
4943 -6190.6 -4606
4944 -6132 -4605.9
4945 -6335.5 -4636.6
4946 -6343.8 -4678.2
4947 11533 11393
4948 -6325.7 -4573
4949 -6183.9 -4720.9
4950 -6133.1 -4539
4951 -6095.7 -4566.6
4952 -6062.2 -4796.2
4953 -6090.3 -4779.3
4954 -6037.1 -4811
4955 -6150.7 -4937.6
4956 -6008.3 -4716.5
4957 -6004.7 -4646.4
4958 11177.1 11527.7
4959 -6074.2 -4582.6
4960 -6348.1 -4742.1
4961 -6349.3 -4778.9
4962 -6191.2 -4750.1
4963 -6312.9 -4534.2
4964 -6194.1 -4801
4965 -6087.2 -4608.1
4966 -6054.2 -4723.2
4967 -6074.3 -4752.1
4968 -6033.7 -4696.2
4969 11225.1 11581.9
4970 -6169.5 -4679.8
4971 -6363 -4873.3
4972 -6395.7 -4773.4
4973 -5989.1 -4839.4
4974 -6012.3 -4825.6
4975 -5968.2 -4851.8
4976 -5945.4 -4771.5
4977 -5979.6 -4670.2
4978 -6305.6 -4467.8
4979 -6098.1 -4640.5
4980 10655.6 11554.9
4981 -6129.2 -4757
4982 -6108.7 -4812.5
4983 -5752.4 -6419
4984 -5728.7 -6406.2
4985 -5776.3 -6431.3
4986 -5772.4 -6377.7
4987 -5984.9 -4734
4988 -6130.3 -4956.4
4989 -5705.4 -6394.3
4990 -5750.1 -6366
4991 10624.6 11576.3
4992 -6130.6 -5193.3
4993 -6134.9 -5166.4
4994 -6091.1 -5179.3
4995 -6174.5 -5207.5
4996 -6037.9 -4615.6
4997 -6144.5 -5106.6
4998 -6117.8 -5097.3
4999 -6262.9 -5152.4
5000 -5947.6 -6464.4
5001 -5953.5 -6521.7
5002 3206.9 2383.3
5003 9227.8 12083.5
5004 -5683.2 -6382.7
5005 -5726.9 -6353.6
5006 -5702.1 -6342.2
5007 -5673.1 -6328.7
5008 -6244.8 -5229.3
5009 -6236.8 -5266.8
5010 -6201.1 -4841.6
5011 -6172.1 -4915.7
5012 -6235.7 -4852
5013 -6252.6 -5187.8
5014 10754.5 11822.7
5015 -6295.1 -5167.6
5016 -5796.6 -6389.8
5017 -5862.8 -6259.6
5018 -5837 -6408.6
5019 -6125.5 -4844.4
5020 -5814.4 -6450.4
5021 -5992.1 -5146.7
5022 -5784 -6244.5
5023 -5945.8 -6215
5024 -5992.8 -6309.8
5025 11037.3 11688.1
5026 -5908.8 -6274.3
5027 -5719.8 -5926.8
5028 -6027.3 -5157.9
5029 -6060.4 -5158.8
5030 -6052.3 -5075.8
5031 -5922 -6450.5
5032 -5844.5 -6466.5
5033 -5930.7 -6567.5
5034 -5884.5 -6430.7
5035 -5835.3 -6251.1
5036 9056.8 12119.5
5037 -5757.8 -6233.9
5038 -6098.2 -5159
5039 -5811.8 -6251.4
5040 -5865.3 -6422.1
5041 -5963.9 -4753.1
5042 -5384.5 -10037.3
5043 -5135.6 -10200.5
5044 -5433.6 -10094.6
5045 -5711.4 -11080.6
5046 -5685.7 -10636
5047 9245.1 12061.6
5048 -5698.6 -10485.5
5049 -5691.5 -10753.3
5050 -5718.7 -10104.8
5051 -5700.9 -10413
5052 -4528.3 -11344.9
5053 -4424.1 -11277
5054 -4541.3 -11361.6
5055 -4685.4 -11232.8
5056 -4198.2 -11661.6
5057 -4814.7 -10949.6
5058 9687 11917.4
5059 -4847.2 -10818.2
5060 -4739.9 -11175.3
5061 -4642.7 -10844.3
5062 -5071.3 -11129
5063 -4917.2 -11382.3
5064 13710.4 7570
5065 -8660.6 -8036.7
5066 -7774.2 -7604.5
5067 -8453.4 -7856
5068 -7296.2 -8136.9
5069 8749.8 12178.8
5070 -8010.8 -8188.7
5071 -6993.4 -8513.8
5072 -7532.7 -6845.4
5073 -7502 -6896.2
5074 -7569.3 -6926.1
5075 -7219.3 -6730.2
5076 -7267.4 -6700.5
5077 -7310.5 -6828.9
5078 -7171 -6748.7
5079 -7435.2 -6989.4
5080 8723.6 12168.2
5081 -7362.5 -6900.5
5082 -7358.3 -6803.9
5083 -6451.2 -8734
5084 -6376.2 -8320.6
5085 -5682.4 -8037.6
5086 -6599.3 -8986.9
5087 -8052.3 -8296.9
5088 -9027.1 -8411.2
5089 -8846.5 -8634
5090 -9618.2 -5389.2
5091 8730.9 12202.7
5092 -11521.3 -7181.6
5093 -11860 -7082.8
5094 -11425.5 -7159.1
5095 -11311.5 -7142.7
5096 -9970.4 -8703.2
5097 -13252.7 -6347.4
5098 -13418.6 -6677.4
5099 -13366.3 -5638.1
5100 -12011.2 -7162.1
5101 -12828.1 -7560.6
5102 8424.3 11930
5103 -11937.7 -7111
5104 -13747.5 -6191.2
5105 -7374.5 -9640.1
5106 -7552.1 -9677.3
5107 -7143.3 -9428.2
5108 -6675 -9161.1
5109 -7187.7 -9238.2
5110 -6777.3 -8816.6
5111 -6653.5 -9162
5112 -7267.7 -9213.3
5113 3218.6 2361.7
5114 8444.6 11909.8
5115 -7551.1 -8732.3
5116 -7944 -8316.9
5117 -7541 -8665.7
5118 -7542.6 -8636.8
5119 -7491.2 -8681.6
5120 -7567.1 -8569.3
5121 -7736.2 -8359.6
5122 -7170.4 -10129.8
5123 -7072.6 -10168.2
5124 -7216.6 -10115.1
5125 8686.1 12158.2
5126 -7044.1 -10260.2
5127 -7124 -10189.4
5128 -7009.1 -10447.4
5129 -7160.9 -10359.1
5130 -7765.1 -8329.3
5131 -7782.1 -8397.1
5132 -7861.1 -8300.1
5133 -7908.8 -8236.3
5134 -7448.9 -9839.7
5135 -7798.4 -9360.4
5136 8514.2 12041.4
5137 -7803.7 -8373.2
5138 -7410.9 -8555.7
5139 -7229.9 -10001.1
5140 -7318.2 -9896.7
5141 -7330.7 -9997.1
5142 11687.1 6427.8
5143 -8249.3 -10213.2
5144 -8440.9 -10146.7
5145 -8409 -10459.9
5146 -8161.8 -10269.6
5147 11195.2 6576.9
5148 -8637.8 -10094.9
5149 -8520.7 -10117.3
5150 -9762.5 -9878.9
5151 -8778.2 -9371.8
5152 -8464.8 -10137.8
5153 -8590.9 -10256.8
5154 -8046.6 -10318.5
5155 -8073.4 -10304.4
5156 -7935.9 -10373.6
5157 -8096.7 -10399
5158 11052 6512.4
5159 -9384.9 -8721.8
5160 12629.7 6697.9
5161 11407.1 5682.4
5162 11444.9 5706.1
5163 11369 5740.3
5164 11485 5822.8
5165 10914.5 6308.1
5166 13951.9 6697.7
5167 13949.1 6875.5
5168 10497.1 5644.5
5169 10863.4 7153.5
5170 -10186.6 -4472.5
5171 -10071.7 -3368.1
5172 -5912.6 -1574.8
5173 -5919.6 -1352.8
5174 -5967.7 -626.5
5175 -5890.4 -2511
5176 -5832.5 -2442.7
5177 -5831.2 -2482.6
5178 -5869.7 -2454.1
5179 -5869.5 -2412.1
5180 10959.9 6963.4
5181 -5896.3 -2415.1
5182 -5897.2 -2447.1
5183 -5909.3 -2450.6
5184 475 4324.4
5185 6682.9 4053.7
5186 6610.1 4055
5187 8456.5 4669.4
5188 9031.1 4765.7
5189 9111.8 4828.8
5190 9218.5 4941.5
5191 10980 6952.2
5192 9150.4 5054.5
5193 9257.4 4978.4
5194 9187.3 5083.5
5195 9233.8 5119.4
5196 9228.1 5424.5
5197 8992 10817.7
5198 9026.7 10768.8
5199 9520.4 10948.2
5200 9598.1 11095.6
5201 9302.1 11090
5202 8644.6 10714.6
5203 9581.1 11137.6
5204 9184.3 11219.7
5205 7645.9 4961.8
5206 7547.5 5015.5
5207 6660.5 5006.7
5208 7525.9 5165.9
5209 7490.8 5221
5210 7240.5 5165
5211 7198.4 5219.6
5212 7431.5 5267
5213 8608.7 10760.8
5214 7383.1 5235
5215 7033.2 5644.9
5216 7378.1 5659.4
5217 8121.2 5050
5218 8008 5225.7
5219 8286.6 5384.4
5220 8248.6 5443
5221 7826.9 5363
5222 7772.2 5463.8
5223 8250.8 5478.3
5224 2960.2 2270.3
5225 9391.1 9776.5
5226 7843.3 5450.6
5227 7821.5 5491
5228 8232.6 5466
5229 8179.3 5519.8
5230 7959.3 5563.3
5231 7896.5 5532
5232 7926.3 5547.4
5233 7977.5 5572.3
5234 8618.9 5886.2
5235 11648.8 4454.7
5236 9412.2 9736.1
5237 11594.1 4520.5
5238 12455.1 5160
5239 6263.1 13454.3
5240 6496.6 13407
5241 12694.4 8289
5242 10980.1 6994.8
5243 10956.4 7038
5244 10999.2 7025.6
5245 10932.5 7078.7
5246 10908.4 7116.4
5247 12433.5 7302.1
5248 6606.7 -84.9
5249 11416.2 4736
5250 791.4 -5705.5
5251 806.6 -5672.1
5252 811.4 -5741.4
5253 1351.9 -5334.7
5254 1240.7 -5262.8
5255 1278.7 -5355
5256 1184.7 -5223.7
5257 1210.8 -5193.8
5258 12431.5 7258.7
5259 1165.8 -5211
5260 1006.8 -5125.1
5261 1024 -5108.8
5262 1187.8 -5189.2
5263 1231.4 -5131.2
5264 1104.6 -5134
5265 1242.5 -5156.5
5266 1228.1 -5173.8
5267 1310.7 -5001.4
5268 1628.8 -5143.7
5269 12503.2 7320.5
5270 1580.4 -5125
5271 1400.5 -5314.5
5272 1043.4 -5076.2
5273 1118.2 -5116.3
5274 1482.9 -5083.4
5275 1606.8 -5067.5
5276 1223.5 -5093.9
5277 1009.6 -5065.2
5278 1136.4 -5096
5279 1164.4 -5069.6
5280 12468.7 7349.2
5281 1205.7 -5059.6
5282 1250.6 -4987.5
5283 1457.3 -5070.9
5284 1533.2 -5026.9
5285 1433.9 -5058.9
5286 1517.9 -5003.7
5287 1089 -5036.8
5288 1194 -5034.5
5289 1017.1 -5046.3
5290 1502.7 -4981.1
5291 12483.4 7366.9
5292 1065.5 -5027.9
5293 1485.1 -4959.2
5294 1415 -4936.1
5295 1396 -4910.3
5296 1382.6 -4887.2
5297 1349.6 -4868.5
5298 1203.2 -4978.4
5299 1336.5 -4849.5
5300 1221.1 -4902.6
5301 1697.3 -4995.5
5302 12494.9 7331
5303 1139.2 -4930.1
5304 1129.9 -4899.7
5305 1242.1 -4890.3
5306 1101.3 -4881.1
5307 1172.5 -4879
5308 1120.9 -4873.1
5309 1216.1 -4855.9
5310 1323.5 -4830
5311 1369.2 -4857.4
5312 1160.9 -4852.8
5313 11954.8 5408.3
5314 1015 -4819.5
5315 1465.5 -4781.9
5316 1553.6 -4781.6
5317 1383 -4761.7
5318 1025.3 -4786.5
5319 1141.9 -4790.1
5320 1538.1 -4768.9
5321 1488.9 -4763
5322 1424.5 -4748.8
5323 1094.6 -4757.3
5324 12258.4 6318.8
5325 1034.5 -4754.5
5326 1465.4 -4715.2
5327 1414.7 -4729.9
5328 1523.2 -4675.7
5329 1394.4 -4690.6
5330 1364.4 -4633
5331 1434.7 -4661.7
5332 1452 -4647.5
5333 1487.8 -4618.8
5334 1214.8 -4238.8
5335 2523.2 2258.8
5336 11947.7 5457.4
5337 1273 -4323.7
5338 1295.2 -4231.7
5339 1261.6 -4235.8
5340 1213 -4197.3
5341 1273.6 -4201.4
5342 1267.4 -4107.2
5343 1211.7 -4125.7
5344 1212.5 -4157.1
5345 1194.1 -4097
5346 1245.6 -4059.8
5347 12251.5 6367.1
5348 1231.8 -4034.3
5349 -4668.4 -10782.3
5350 -4693.5 -10722.3
5351 -4503.9 -10619.7
5352 -4297.3 -10410.4
5353 -4434.5 -10550.2
5354 -4247.9 -10360.3
5355 -4474.1 -10589
5356 -4524.9 -10534.3
5357 -4194 -10312
5358 12304 6365.9
5359 -3851.8 -11439.9
5360 -4498.3 -10484.5
5361 -4835.4 -10187.7
5362 -4759.4 -10536.5
5363 -4784.1 -10458.3
5364 -3811.3 -11409.3
5365 -5132.2 -9369.6
5366 -4759.6 -9103.1
5367 -5166.8 -9331
5368 -4936.1 -9868.4
5369 12288 6417.8
5370 -5013.9 -9663.8
5371 -4886.7 -10025.2
5372 -5344.1 -9516.8
5373 -5506.8 -9673.2
5374 -5297.7 -9462.3
5375 -5383.9 -9470.2
5376 -5093.9 -8954.1
5377 -5348.8 -9426.3
5378 -5313.8 -9448.2
5379 -5217 -9256.1
5380 12361.3 6525.6
5381 -5162 -8791.9
5382 -5160 -8851.8
5383 -5054.5 -8813.6
5384 -5228.7 -8810.4
5385 -5192.1 -8755.3
5386 -4945.2 -8930.3
5387 -4965.9 -9070.5
5388 -5196.9 -8905.9
5389 -5131.8 -8917.4
5390 -5206.5 -8838.6
5391 12278.7 6569.3
5392 -5319.1 -8884.4
5393 -4982.4 -8969.8
5394 -5186.8 -9302.8
5395 -5065.2 -8875.8
5396 -5037.7 -8908.2
5397 -5253.2 -8780.4
5398 -5471.6 -9684.5
5399 -4898.9 -8992
5400 -5026.8 -8792.9
5401 -5505.9 -9413
5402 12375.7 6650.5
5403 -5472.1 -9442.9
5404 -5000.2 -8871.9
5405 -5186.9 -8861.9
5406 -5404.5 -9640
5407 -5206.4 -9772
5408 -5269.9 -9522.5
5409 -5220.9 -9553.8
5410 -5109 -9432.7
5411 -5096.2 -9465.5
5412 -5131.3 -8700.4
5413 12464.4 6690.6
5414 -711 -4933
5415 -806.2 -4974.2
5416 -699.4 -4956.4
5417 -730.5 -4892.1
5418 -522.5 -4508.8
5419 -562.3 -4439.2
5420 -474.1 -4480.4
5421 -581.9 -4261.5
5422 -619.4 -4283.3
5423 -643 -4164
5424 12360 6702
5425 -797.1 -4659.5
5426 -723.5 -4708.1
5427 -836 -4714.3
5428 -758.9 -4606
5429 -916.9 -4371
5430 -967.2 -4351.3
5431 -905.3 -4353.2
5432 -940 -4406.5
5433 -822.9 -4925.4
5434 -782.3 -4830.1
5435 12229.7 6774.1
5436 -1008.7 -4513.9
5437 -966.8 -4541.6
5438 -979.5 -4467.3
5439 -1051.8 -4578.3
5440 -680.7 -4998.1
5441 -673.6 -5017.3
5442 -778.4 -5045.8
5443 -600 -4613.7
5444 -621 -4582.4
5445 -640 -4653.4
5446 2707.3 2199.6
5447 12307.3 6800.3
5448 -530.7 -4691.2
5449 -699.4 -4460.4
5450 -725.8 -4420.6
5451 -672.2 -4503.6
5452 -805.6 -4578.7
5453 -693.4 -4648.9
5454 -721.3 -4563.2
5455 -749.4 -4762.1
5456 -1021.9 -4440.9
5457 -899.1 -4518.4
5458 12302 6853.7
5459 -701.1 -4784.1
5460 -853.5 -4550.9
5461 -852.4 -4464.3
5462 -641.2 -4942.8
5463 -690.7 -4914
5464 -611.1 -4962.7
5465 -626.5 -4989.9
5466 -582.8 -4809.8
5467 -1008.9 -4605.9
5468 -978.4 -4623.8
5469 12318.4 6937.8
5470 -878 -4308.5
5471 -789.5 -4408.7
5472 -846.8 -4258.8
5473 -933.4 -4562.9
5474 -450.7 -4516.6
5475 -562.5 -4738.6
5476 -491.5 -4803.4
5477 -586.9 -4710.4
5478 -752.3 -4383.5
5479 -676.4 -4623.1
5480 12335.6 6994.5
5481 -696.3 -4727.4
5482 -228.1 -4861.5
5483 -250.7 -4825.3
5484 -163.4 -4828.3
5485 -654 -4309.3
5486 -792 -4133.4
5487 -689.3 -4337.6
5488 -931.1 -4651.9
5489 -882.2 -4214.6
5490 -833.6 -4275.6
5491 12283.5 7011.3
5492 -350.2 -4826.6
5493 -387.8 -4858.5
5494 -407.2 -4751.3
5495 -323.8 -4851.3
5496 -282.6 -4778.5
5497 -325.9 -4924.8
5498 -447 -4909.3
5499 -299.5 -4877
5500 -695.1 -5100.6
5501 -738.4 -5120.2
5502 12375.7 7116.5
5503 -653.4 -5079.8
5504 -625.8 -5137.6
5505 -531.9 -4853.7
5506 -420.7 -4886.9
5507 -619.8 -4472.1
5508 -796 -5003.7
5509 -221.2 -4737.1
5510 -272.8 -4660
5511 -189.8 -4785.6
5512 -571.7 -4545.7
5513 12410.4 7185.9
5514 -493.6 -4636.8
5515 -821.1 -4436.2
5516 -886 -4680.9
5517 -866.8 -4179.7
5518 -670.9 -4858.2
5519 -631.4 -4776.6
5520 -713.5 -4835.9
5521 -751 -5094.3
5522 -690.3 -5227.4
5523 -455.5 -4778.6
5524 12278.5 7151.1
5525 -718.8 -4300.9
5526 -777.7 -4348.9
5527 -728.6 -4146.3
5528 -333.5 -4699.9
5529 -946.5 -4319.9
5530 -709.4 -4069.5
5531 -517.4 -4666.7
5532 -444.4 -4699.6
5533 -688.8 -4153.6
5534 -604.3 -4172.9
5535 12428.5 7223.3
5536 -667.2 -5036.8
5537 -367.7 -4647.5
5538 -398.7 -4669.4
5539 -196.6 -5047.1
5540 -643.7 -4034.5
5541 -76.1 -4966.3
5542 -159 -5026
5543 -65.6 -5075.1
5544 -805.9 -4252.1
5545 -656.6 -4070.3
5546 12457.4 7142.1
5547 -611.5 -4682.6
5548 -23.5 -5228.7
5549 -802.5 -4315.5
5550 -663.1 -4752.6
5551 10577.7 8957.5
5552 10620.3 8979.6
5553 10540.8 9029.3
5554 9611 9466.8
5555 -4937.6 -8307.2
5556 -4645.5 -8616.8
5557 119.2 -1702.4
5558 2689.1 2350.7
5559 12451.9 7258.7
5560 -5237.4 -8518.5
5561 -4157.4 -9149
5562 -4471.8 -8805
5563 -4363.5 -9426.7
5564 -5501.5 -8565.9
5565 -5475.3 -8595.5
5566 -5437.9 -8533.9
5567 -4405.6 -9449.4
5568 -4432.9 -9449.4
5569 -4810.4 -9876.8
5570 12512.4 7299.3
5571 -4784.2 -9900.8
5572 -4845.7 -9911.5
5573 -4752.7 -9867.4
5574 -4752.4 -9986.4
5575 -4904.4 -9968.8
5576 -4836.4 -9973.6
5577 -4869.6 -9936.6
5578 -4720.5 -9828.3
5579 -4766.8 -9674.8
5580 -4803.6 -9639.3
5581 12632.8 7658.7
5582 -4964.1 -11322.8
5583 -4819 -11535.5
5584 -4936.5 -10554.3
5585 -5249.9 -10860.9
5586 -5368.3 -10672.7
5587 -5156.1 -11007
5588 -5134.4 -11043.2
5589 -5443.5 -10561.4
5590 -5595.3 -10756.1
5591 -4734.4 -9590.1
5592 12578.7 7735.4
5593 -5245.4 -10337
5594 -5198.5 -10286.1
5595 -3188.6 1082.3
5596 -3565.7 1516.1
5597 -3872.5 1760.2
5598 -3841.5 1781.9
5599 -3907.6 1839.5
5600 274.4 -6444.9
5601 263.7 -6315.4
5602 310.5 -6431
5603 12611.8 7825.4
5604 722.7 -6986.1
5605 764.6 -6946.3
5606 781 -6978.3
5607 664.4 -6968.7
5608 1375.3 -6965.2
5609 1415.2 -6885.5
5610 1326.6 -6953.9
5611 1416.3 -6965.3
5612 1353.1 -6394.5
5613 1324.5 -6362.8
5614 12899.8 8032
5615 1429.1 -6319.1
5616 1230.8 -6149.5
5617 1208.1 -6183.9
5618 1078.2 -5918
5619 1338.7 -6239.6
5620 900.2 -6865.6
5621 508.3 -6662.7
5622 516.1 -6634.5
5623 543.5 -6681
5624 499.9 -6704.3
5625 12831.7 7978.9
5626 455.7 -6643.8
5627 693.6 -6449.8
5628 663.7 -6448.8
5629 727.4 -6417.6
5630 1454 -6341.5
5631 775.4 -6371.1
5632 840.8 -6452.8
5633 749.3 -6347.9
5634 404.7 -6232.7
5635 371 -6249.4
5636 12945.4 7958.5
5637 443.2 -6217.1
5638 423.8 -6263.5
5639 1674.5 -6583.5
5640 1728.8 -6657.2
5641 1585.8 -6473.4
5642 985.9 -6400.1
5643 963.7 -6375
5644 908.6 -6487.7
5645 504.1 -6326.1
5646 475.4 -6275.6
5647 12771.2 7933.7
5648 534.8 -6384.9
5649 1113.8 -6280.2
5650 1079.7 -6313.6
5651 1144.3 -6248.2
5652 1145.2 -6315.2
5653 1181.1 -6207.6
5654 1205.9 -6235.7
5655 1237.3 -6884.5
5656 808.6 -6662.3
5657 786.7 -6624.2
5658 12658 7856.4
5659 842.6 -6642.6
5660 326.5 -6776.8
5661 285.5 -6699.8
5662 1901 -6892.1
5663 1859 -6928.1
5664 1927.2 -6939.9
5665 1886.6 -6863.5
5666 564.4 -6436.8
5667 547.6 -6496.3
5668 599.2 -6441.1
5669 2720.7 2162
5670 12693.4 7883.2
5671 397.6 -6811.5
5672 336.9 -6745.8
5673 1027.9 -6127.3
5674 1014.4 -6148.4
5675 1014.2 -6080.6
5676 1082.3 -6106.1
5677 1730.3 -7013.9
5678 1680.6 -7010.8
5679 1798.5 -6929.2
5680 935.4 -5935.6
5681 12615.6 7918.5
5682 957.5 -5977.3
5683 960.1 -5887.4
5684 891.2 -5960.5
5685 889.2 -6498.1
5686 974 -6504.6
5687 964.4 -6536.9
5688 891.6 -6835.9
5689 860.1 -6861.2
5690 839.1 -6721.3
5691 914.4 -6786
5692 12646.2 7780.3
5693 1220.9 -6403.4
5694 1243.6 -6386.6
5695 1478.6 -6737
5696 1496.7 -6763.5
5697 1458 -6708.5
5698 1525.5 -6703.7
5699 835.2 -6881
5700 824.2 -6906.6
5701 486.3 -6196
5702 824.2 -6691.7
5703 12735.2 7990.3
5704 691.5 -6724.8
5705 569.7 -6921.5
5706 576.5 -6902
5707 624.2 -6947.5
5708 496 -6871.8
5709 381.8 -6405.9
5710 351.7 -6416.1
5711 396.2 -6453.1
5712 722.7 -7259.9
5713 696.9 -7270.7
5714 12518.9 7692.1
5715 732.6 -7355.1
5716 711.3 -7199.5
5717 499.4 -7354.8
5718 527.1 -7342.1
5719 487.5 -7327.5
5720 535.8 -7438
5721 558.3 -7491.9
5722 602.6 -7504.8
5723 660.2 -6733
5724 662.3 -6790.7
5725 12592.2 7851.2
5726 672.7 -7214.7
5727 680.4 -7143.5
5728 -5544.4 -8441.8
5729 -5213 -8619.6
5730 -5284.1 -8675.7
5731 -5649 -8049.4
5732 -5343.1 -8712.1
5733 -5306.5 -8797.4
5734 -5377.9 -8728.7
5735 -5315.8 -8697.2
5736 13019.3 7708.8
5737 -6994.4 -6411.3
5738 -6938.9 -6339.7
5739 -6967.9 -6429.6
5740 -7031.2 -6387.1
5741 -6883.5 -6273.5
5742 -6912 -6245.9
5743 -6856.2 -6299.2
5744 -6822.6 -6208.4
5745 -6612.9 -6049.3
5746 -6670.4 -6013.4
5747 13190.6 7786.5
5748 -6576.1 -5968.6
5749 -6623.2 -6066.8
5750 -6565.4 -5939.1
5751 -6527.6 -5980.6
5752 -7043.9 -6192.3
5753 -7024.2 -6168.7
5754 -7068.8 -6212.3
5755 -6985.3 -6258.9
5756 -7131.7 -6146.2
5757 -6999.6 -5882.5
5758 13148.6 7829.5
5759 -5531 -9177
5760 -5586.4 -9281.2
5761 -5869.4 -9354.4
5762 -6973.5 -6674.7
5763 -7055.3 -6713.8
5764 -6958.7 -6708.3
5765 -6879.3 -6595.9
5766 -6931.7 -6609.5
5767 -7033.6 -6438.5
5768 -7122.4 -6396.7
5769 13069.9 7909.6
5770 -6988.7 -6457.5
5771 -7063.2 -6479.8
5772 -7045.1 -6791.3
5773 -7084.7 -6764.5
5774 -6993 -6827.2
5775 -7007.1 -6771.3
5776 -6891.2 -6476.5
5777 -6929.2 -6451.9
5778 -6918.7 -6512.7
5779 -6828.7 -6512.7
5780 3059.1 2036.5
5781 13113.2 7951.7
5782 -6859.5 -6428.5
5783 -7107.8 -6793.8
5784 -7080.9 -6818.2
5785 -5715 -9586
5786 -5656.9 -9532.2
5787 -6968 -6582.8
5788 -6804.7 -6486.8
5789 -6831.7 -6536.6
5790 -5677.3 -9630.6
5791 -7021.3 -6735.2
5792 13031.1 7960
5793 -6999.7 -6558.5
5794 -6942.8 -6548.5
5795 -6842.1 -6566.2
5796 -6853.8 -6592.8
5797 -7017.1 -6859.5
5798 -7007.5 -6280.8
5799 -7056.4 -6330.2
5800 -7039.1 -6245.5
5801 -7087.3 -6361.5
5802 -7127.5 -6667.3
5803 13042.3 8036.2
5804 -7093.8 -6687.3
5805 -7091.6 -6617.5
5806 -5630.4 -9503.7
5807 -6905.8 -6716.7
5808 -7157.3 -6433.5
5809 -7075.3 -6510.7
5810 -6962.6 -6236.2
5811 -6918.6 -6092
5812 -7033.3 -6536.9
5813 -6838.8 -6314.6
5814 13006.2 8009
5815 -6794 -6236.6
5816 -6915 -6366.8
5817 -6945.1 -6220.2
5818 -6898 -6115.9
5819 -7077.2 -6745.7
5820 -7156.5 -6698.5
5821 -6899.4 -6687.2
5822 -6874.2 -6639.6
5823 -7004.7 -6354
5824 -6933.9 -6269.7
5825 13010.4 7738.2
5826 -6555.2 -5608.3
5827 -6497.8 -5592.4
5828 -6573.6 -5636.1
5829 -6563 -5581.7
5830 -6550 -5641.9
5831 -6711.3 -5468
5832 -6633.5 -5367.1
5833 -6775.6 -6217.7
5834 -6765.1 -6264.2
5835 -7041.1 -6745.2
5836 13016.7 7783.7
5837 -6739.1 -6181
5838 -6768.6 -6153.2
5839 -6672.4 -6116.2
5840 -6865.1 -6618.8
5841 -5635.8 -9541.9
5842 -5873.9 -9166.3
5843 -6610.6 -5436.7
5844 -6570.3 -5345.8
5845 -6671.2 -6226.3
5846 -6611 -6276.3
5847 13108.9 7791.9
5848 -6691 -6247.5
5849 -6660.8 -6891.8
5850 -6613.9 -6919.2
5851 -6733.9 -7029.2
5852 -6490.9 -6766.4
5853 -6553.6 -6944.7
5854 -6449.8 -6779.7
5855 -6532.8 -6752.7
5856 -6783.2 -6465.1
5857 -6860.5 -6933.6
5858 12935 7268.7
5859 -6882.8 -6871.3
5860 -6610.9 -6724.3
5861 -6684.8 -6681.2
5862 -6844.6 -6811.3
5863 -6715.2 -7224.2
5864 -6701.5 -7181.6
5865 -6584.8 -7258.6
5866 -6782.1 -6839.4
5867 -6817.3 -6879.8
5868 -6756.6 -6861
5869 12905.6 7318
5870 -6798.8 -6822.8
5871 -6512.6 -5934.9
5872 -6488.7 -6068.5
5873 -6793.1 -6642.8
5874 -6808.4 -6663.4
5875 -6769.8 -6615
5876 -6729.6 -6726.2
5877 -6750.2 -6747.7
5878 -6573.6 -7222.9
5879 -6561.6 -7186.9
5880 13066.8 7338.8
5881 -6573.4 -6936.5
5882 -6681.3 -7048.5
5883 -6747.6 -7177.7
5884 -6764.5 -7216.3
5885 -6783.8 -7142.5
5886 -6730.6 -6584.6
5887 -6496.8 -5899.1
5888 -6487.9 -5879.8
5889 -6539.9 -5880.1
5890 -6461.5 -5924.6
5891 3361.3 2100.2
5892 12821.4 7207.2
5893 -6725.8 -6282.7
5894 -6662.5 -6331.4
5895 -6849.4 -6852.5
5896 -6838.8 -6905.5
5897 -6815.6 -6794.8
5898 -6627.2 -7089.7
5899 -6609.5 -6377.7
5900 -6645.4 -6410.3
5901 -6575.1 -6348.1
5902 -6637.7 -6353
5903 13231.3 7450.6
5904 -6586.5 -6735.1
5905 -6822.3 -6692.5
5906 -6631.6 -6297.6
5907 -6531.5 -6200.4
5908 -6675.8 -6440.5
5909 -6694.4 -6367.2
5910 -6560.3 -6487.3
5911 -6604.7 -7096.7
5912 -6512.1 -6954.5
5913 -6550.9 -7152.9
5914 13283 7500.2
5915 -6511.1 -7200.9
5916 -6690.5 -7150.6
5917 -6677.9 -7113.3
5918 -6792.1 -6353.1
5919 -6724.6 -6398.4
5920 -6753.6 -6312.5
5921 -6816.1 -6377
5922 -6749.3 -6425.8
5923 -6800.6 -6551.9
5924 -6539.6 -7117.9
5925 13034.7 7389.6
5926 -6745.3 -6479.4
5927 -6706.3 -6465.9
5928 -6783.7 -7011.4
5929 -6747.6 -7065.5
5930 -6474.7 -5949.2
5931 -6419.5 -5967.6
5932 -6536.4 -7274
5933 -6489.5 -7152.6
5934 -6650.9 -6515.6
5935 -6686.8 -6484.9
5936 12953 7517.7
5937 -6344.2 -6161.6
5938 -6330.3 -6123.1
5939 -6383.8 -6270.8
5940 -6442.3 -6109.5
5941 -6704.7 -6809.1
5942 -6774.1 -6770.8
5943 -6677.5 -6796.9
5944 -6678.7 -6821.4
5945 -6344.7 -7006.9
5946 -6327 -6953.9
5947 12986 7464.7
5948 -6302.2 -7012.4
5949 -6363.7 -7062
5950 -6386.4 -6994
5951 -6422.6 -6983.2
5952 -6450.9 -6973.9
5953 -6458.9 -7092.3
5954 -6471.9 -6138.6
5955 -6562.5 -7324.3
5956 -6600.1 -7305.6
5957 -6511.6 -7322.2
5958 12861.3 7399.4
5959 -6395.5 -6303.8
5960 -6764.9 -6553.1
5961 -6434.9 -6733.5
5962 -6291.3 -6016.8
5963 -6302.4 -6045.4
5964 -6387.5 -5979.9
5965 -6796.6 -6740.6
5966 -6867.7 -7010.4
5967 -6551.5 -7067.9
5968 -6562.5 -7110.1
5969 12772.1 7244.4
5970 -6213.7 -7069.1
5971 -6391.7 -6795
5972 -6993.7 -5110.1
5973 -6954.5 -5064.2
5974 -7013.3 -5090.2
5975 -7040.9 -5195.1
5976 -6974.3 -5129.3
5977 -7115.9 -4665
5978 -7159.2 -4686.4
5979 -7085.9 -4652.1
5980 12799.6 7197.2
5981 -7141.4 -4624.3
5982 -7957.9 -4855.5
5983 -7911.5 -4904.9
5984 -8023.5 -4778.7
5985 -6465 -4352.1
5986 -6495.1 -4368.2
5987 -6406.3 -4315.6
5988 -6478.5 -4392.8
5989 -6449 -4431.8
5990 -6481.4 -4419.1
5991 13153 7564.8
5992 -6331.9 -4252.3
5993 -6409.5 -4223.3
5994 -7300.2 -4727
5995 -7274.7 -4754.4
5996 -7223.3 -4707.9
5997 -6783.1 -4787.6
5998 -6767 -4816.5
5999 -6797.2 -4815.7
6000 -6732.4 -4767.3
6001 -6751.7 -4735.7
6002 3590 2071.3
6003 13110.2 7537.1
6004 -6717.9 -4788.5
6005 -6698.5 -4746.9
6006 -6868.5 -4972
6007 -6833.5 -5017.7
6008 -6900.3 -5005
6009 -6900.4 -4574.8
6010 -6925.1 -4584.4
6011 -6878.9 -4564.3
6012 -6884.2 -4603.6
6013 -7472.1 -4820.3
6014 13213.7 7604
6015 -7412 -4784.3
6016 -6244.8 -4066.1
6017 -6295.8 -4091.7
6018 -7048.7 -4637
6019 -7078.5 -4696.8
6020 -6504.4 -4524.6
6021 -6477.9 -4537.3
6022 -6495.1 -4484.6
6023 -6580.5 -4833.5
6024 -6566.9 -4777.2
6025 13277.2 7645.1
6026 -6629.8 -4750.3
6027 -6599.6 -4902
6028 -6568.8 -4938.3
6029 -6703.1 -4810
6030 -7535.6 -4864.5
6031 -7507.4 -4839
6032 -7447.9 -4907
6033 -7371.8 -4764.7
6034 -7390.7 -4806.1
6035 -7670 -4982.7
6036 13348.3 7539.7
6037 -7694.7 -5005.5
6038 -7633.6 -4951
6039 -7698.8 -4949.8
6040 -6225.8 -4021.3
6041 -6924.8 -5032.3
6042 -6995 -4961.4
6043 -6554.7 -4732.9
6044 -6542.4 -4682.9
6045 -6582.3 -4692.7
6046 -6793.9 -4667.1
6047 13311.5 7595.6
6048 -6836.5 -4692.7
6049 -6775.2 -4697.5
6050 -6766.4 -4650.3
6051 -8716.1 -5524.8
6052 -8717.2 -5502.7
6053 -8659.9 -5768.8
6054 -8607.8 -5590.3
6055 -8631.5 -5820.2
6056 -8645.9 -5793.6
6057 -8503.9 -5985.9
6058 10517.3 486.2
6059 -8511.8 -5702.5
6060 -7952.3 -6530.2
6061 -8010 -6488
6062 -7886.4 -6583.4
6063 -7983.2 -6576.3
6064 -6509.4 -5564
6065 -6575.9 -5544.4
6066 -6350.8 -5372.4
6067 -6354.6 -5345.1
6068 -6280.4 -5359.5
6069 10409.4 632.8
6070 -6461.6 -5293.4
6071 -6467.5 -5692.1
6072 -6479.3 -5673.3
6073 -6443.4 -5662.8
6074 -6521.8 -5750.5
6075 -6474.1 -5553.5
6076 -6275.6 -5425.8
6077 -6270.2 -5502
6078 -6347 -5465.2
6079 -6240.4 -5627.5
6080 10392.9 617.4
6081 -6314.2 -5683.9
6082 -6257.8 -5583.2
6083 -6588.7 -5504.8
6084 -6531.7 -5498.3
6085 -6593 -5158.3
6086 -6542.4 -5189.5
6087 -6614.8 -5161.3
6088 -6371.5 -5138.9
6089 -6477.9 -5160.2
6090 -6549.2 -5418.7
6091 10453.6 591.3
6092 -6513.1 -5410.2
6093 -6490 -5623.2
6094 -6458.5 -5611.4
6095 -6370.5 -5472.3
6096 -6408 -5475.4
6097 -6382.8 -5437.7
6098 -6519.5 -5634.9
6099 -6378.3 -5779.2
6100 -6371.7 -5755.8
6101 -6384.3 -5799.3
6102 10339.7 740.2
6103 -6285.9 -5289.8
6104 -6410.2 -5541
6105 -6415.9 -5515.1
6106 -6445.7 -5528.4
6107 -6484.8 -5517.8
6108 -6393.1 -5593.1
6109 -6265 -5558.5
6110 -6320.2 -5545.8
6111 -6213.8 -5553.1
6112 -6568.4 -5762
6113 3194.7 2078.5
6114 10459 689.3
6115 -6513.8 -5780.4
6116 -6485.7 -5279.2
6117 -6340.5 -5495.4
6118 -6491.8 -5494.3
6119 -6457.9 -5503
6120 -6478.8 -5239.9
6121 -6469.6 -5268.6
6122 -6360.3 -5167.9
6123 -6502.7 -5382.6
6124 -6351 -5722.7
6125 10505.4 650.7
6126 -6375.6 -5642.1
6127 -6361.6 -5682.7
6128 -6232.3 -5688.1
6129 -6233.2 -5757.9
6130 -6392.1 -5222.9
6131 -6292.3 -5206.1
6132 -6289.5 -5243
6133 -6554.8 -5266
6134 -6544.2 -5293.7
6135 -6519.4 -5292.3
6136 10486.4 563.8
6137 -6375.4 -5249.3
6138 -6537.2 -5478.3
6139 -6544.4 -5443.9
6140 -6522.8 -5529
6141 -6603 -5459.9
6142 -6492.4 -5835.2
6143 -6533.8 -5318
6144 -6403 -5565.4
6145 -6435.4 -5571.5
6146 -6363.7 -5281
6147 10730.7 624.8
6148 -6411.7 -5944.5
6149 -6403 -5859.9
6150 -6403.9 -5917.2
6151 -6485.7 -5086
6152 -6501.4 -4860.6
6153 -6511.3 -4892.7
6154 -6149.8 -5544.9
6155 -6178.1 -5417.7
6156 -6151 -5414.7
6157 -6219.6 -5423.7
6158 10502.2 739.1
6159 -6132.1 -5594.4
6160 -6096.3 -5579.4
6161 -6183.3 -5614.5
6162 -6111.2 -5542.1
6163 -6050.7 -5557.8
6164 -6061.1 -5524.7
6165 -6111.1 -5518.7
6166 11837.7 6976.9
6167 11619.5 7539.3
6168 -5723.9 -2574.3
6169 10538.8 624.1
6170 -5721.7 -2627.7
6171 -5698.2 -2561.7
6172 -5537.6 -2405.8
6173 -5694.9 -2626.3
6174 -5751.9 -2627.5
6175 -5505.8 -2487.7
6176 -5526.7 -2435.5
6177 -5472.2 -2472.3
6178 -5528.1 -2512.2
6179 -5494.2 -2510.6
6180 10548.2 701.2
6181 -5671.6 -2626
6182 -5444.8 -2725.1
6183 -5486 -2806.2
6184 -5497.3 -2700.7
6185 -5542.6 -2481.2
6186 -5636 -2504.7
6187 -5664 -2873.7
6188 -5699 -2928
6189 -5691.2 -2874.8
6190 -5757.1 -2523
6191 10644.6 807.1
6192 -5755.9 -2548.9
6193 -5703.1 -2518.4
6194 -5591.3 -2802.7
6195 -5556.9 -2752.7
6196 -5506.8 -2847.6
6197 -5636.1 -2880.3
6198 -5639.6 -2804.1
6199 -5483.5 -2447.3
6200 -5460.1 -2497.3
6201 -5650.8 -2571.9
6202 10584.5 744.5
6203 -5626.9 -2570.5
6204 -5673.9 -2573.1
6205 -5650.3 -2592
6206 -5475.9 -2411.8
6207 -5496.2 -2421.5
6208 -5528.2 -2354.2
6209 -5626.4 -2546.8
6210 -5626 -2592.1
6211 -5601 -2556.6
6212 -5753 -2605.4
6213 10590.6 843.6
6214 -5750.9 -2653.5
6215 -5451.6 -2604.9
6216 -5484.6 -2615.6
6217 -5469.4 -2644.4
6218 -5648 -2626.4
6219 -5646.8 -2649
6220 -5625 -2627.7
6221 -5624.3 -2648
6222 -5457.4 -2435.3
6223 -5434.2 -2486.4
6224 2745.8 2140.9
6225 10498.8 816.2
6226 -5436.9 -2424.7
6227 -5413.8 -2476.2
6228 -5570.5 -2577.8
6229 -5516.4 -2722.4
6230 -5484.6 -2675
6231 -5754.6 -2856.3
6232 -5755.4 -2957.2
6233 -5713.7 -2956
6234 -5750.8 -2922.7
6235 -5821.9 -2898.2
6236 10539.9 781.3
6237 -5825.9 -2934.8
6238 -5796 -3005.3
6239 -5761.1 -2983.3
6240 -5866.5 -2951.1
6241 -5813.3 -2970.8
6242 -5800.4 -2871.1
6243 -5714.7 -2876.4
6244 -5863.3 -2735.7
6245 -5859 -2606.8
6246 -5871.8 -3003
6247 10612.3 716.4
6248 -5676.9 -2762.1
6249 -5718.6 -2769.3
6250 -5683.1 -2801.5
6251 -5546.5 -2623.7
6252 -5602.9 -2644.2
6253 -5549 -2657.8
6254 -5794.5 -2925.4
6255 -5600 -2677.9
6256 -5672.6 -2674.2
6257 -5679.1 -2701.8
6258 10580.5 674.1
6259 -5635.9 -2707
6260 -5670.3 -2733.3
6261 -5719.3 -2700.3
6262 -5556.7 -2726.5
6263 -5559.3 -2704.8
6264 -5534.6 -2703.9
6265 -5579.7 -2705.6
6266 -5598.2 -2729.2
6267 -5604.6 -2611.9
6268 -5607.8 -2706.3
6269 10636.6 897.9
6270 -5672.8 -2593.3
6271 -5721.4 -2652
6272 -5673.5 -2651.3
6273 -5693.8 -2651.9
6274 -5641.1 -2754.5
6275 -5587.2 -2753.1
6276 -5754.6 -2577.5
6277 -5801.1 -2605.5
6278 -5605.6 -2591.8
6279 -5554.9 -2525.2
6280 10726.3 850.2
6281 -5536.1 -2675.7
6282 -5839.7 -1909.8
6283 -5803.5 -1891.7
6284 -5847.9 -1862.5
6285 -5754.6 -2361.7
6286 -5785 -2357.4
6287 -5734.1 -2365.1
6288 -5592.1 -2191.4
6289 -5642.7 -2208.1
6290 -5567.9 -2237.1
6291 10687.9 958.5
6292 -5698.6 -2180.1
6293 -5723.6 -2241.5
6294 -5736.5 -1855.6
6295 -5774.9 -1825.8
6296 -5771.3 -1874.7
6297 -5659.8 -2164.2
6298 -5711.7 -2417.6
6299 -5814.2 -2399.1
6300 -5862 -1779.3
6301 -5839 -1767.9
6302 10710.4 946.5
6303 -5889.7 -1791.8
6304 -5904.5 -1703
6305 -5824.8 -1850.8
6306 -5682.8 -2224.7
6307 -5694.4 -2286
6308 -5813.1 -1754.4
6309 -5879.5 -1687.4
6310 -5820.3 -2381.6
6311 -5871.9 -2376.7
6312 -5789.5 -2386.1
6313 10830.8 858.2
6314 -5815.8 -2352.1
6315 -5829.2 -2577.3
6316 -5827.7 -2606.7
6317 -5803.4 -2577.1
6318 -5793.5 -2538.3
6319 -5621.8 -2259.7
6320 -5726.9 -1802.1
6321 -5757.6 -2388.6
6322 -5737.1 -2389.7
6323 -5874.1 -2344.6
6324 10620.1 995.5
6325 -5800.1 -2054.5
6326 -5830.3 -2534.1
6327 -5866.6 -2534.7
6328 -5626.8 -2085
6329 -5577.7 -2321.8
6330 -5708.7 -2368.6
6331 -5663.1 -2275.2
6332 -5782.5 -1937
6333 -5808.6 -2508.6
6334 -5810.1 -2481.8
6335 3417.4 2453
6336 10731.3 934.4
6337 -5834.4 -1939.4
6338 -5898.7 -1973.3
6339 -5896.4 -1883
6340 -5535.6 -2303.8
6341 -5890.6 -2184.6
6342 -6624 -3840.4
6343 -6768.9 -3937.5
6344 -7164.3 -4316.6
6345 -7208.5 -4338.4
6346 -7155.3 -4337.1
6347 10757.4 991.7
6348 -7047.8 -4261.9
6349 -6855.9 -3780.7
6350 -6834.7 -3822.7
6351 -6897.9 -3800.4
6352 -6808.3 -3755.4
6353 -7280.5 -3854.7
6354 -7244.6 -3916.3
6355 -7364.8 -3907.4
6356 -7213.8 -3813
6357 -7312.7 -3791.7
6358 10678.8 875.8
6359 -6896.9 -4365.1
6360 -6879.7 -4394.3
6361 -6851.5 -4332.2
6362 -6924.1 -4379.9
6363 -6686.5 -3698.1
6364 -6714.4 -3705.6
6365 -6895.8 -4537.8
6366 -6823.4 -4537.6
6367 -6812 -4308.7
6368 -6831.2 -4320
6369 10763.2 915
6370 -6839.1 -4262.9
6371 -7424.2 -4454.8
6372 -7406.6 -4478.4
6373 -7446.4 -4425
6374 -7373.5 -4418.8
6375 -7284.2 -4373
6376 -7309.3 -4383.6
6377 -7262.8 -4364.2
6378 -7223.7 -4485.9
6379 -6726.4 -4252
6380 10795.6 977.6
6381 -6799.2 -4125.5
6382 -6771.1 -4283.3
6383 -6747 -4096.9
6384 -7829.7 -4605.2
6385 -7794 -4644.4
6386 -7849.3 -4583.1
6387 -7858.3 -4633
6388 -7750.4 -4542.4
6389 -7581.6 -4589.7
6390 -7616.9 -4607.8
6391 10788.1 894
6392 -7542.4 -4569.5
6393 -7648 -4512.8
6394 -6545.2 -3970.2
6395 -6591.2 -3996.2
6396 -7568.2 -4895
6397 -7597.2 -4919.3
6398 -7699 -4749.3
6399 -7533.5 -4983.8
6400 -6658.7 -4040.1
6401 -6693.9 -4063.6
6402 11891 3374.4
6403 -7729.5 -4700.4
6404 -7765.6 -4675.4
6405 -7240.2 -4354.4
6406 -7173.7 -4460.1
6407 -6842.3 -4150.9
6408 -7358.2 -4446.1
6409 -7334 -4478.3
6410 -7830.2 -4993.2
6411 -7872.8 -4946.6
6412 -7793.5 -5035.1
6413 11918.8 3360.5
6414 -7757 -4890.1
6415 -7990 -4424.4
6416 -7917.7 -4353.7
6417 -7196.2 -4534.2
6418 -7168 -4509.9
6419 -6970 -4405
6420 -6987.1 -4373.9
6421 -6743.6 -4329.8
6422 -6617.1 -4013.2
6423 -6604 -4047.2
6424 11799.2 3175.1
6425 -7035.1 -4289.2
6426 -7144.6 -4089.5
6427 -6792.8 -3965.7
6428 -6830.3 -3987.5
6429 -6791.5 -4046.6
6430 -6997.3 -4355.5
6431 -7009.7 -4333.8
6432 -7147.2 -4383.8
6433 -7658.2 -4641.8
6434 -7682.9 -4537.1
6435 12013.3 3335.3
6436 -6920.5 -4026.1
6437 -6893.2 -4022.8
6438 -6891.3 -4069.1
6439 -7682.8 -4829.5
6440 -7711.3 -4856
6441 -7729.5 -4776.9
6442 -6953.7 -4432.6
6443 -7010.5 -4430.4
6444 -7366.9 -3670.9
6445 -7349.3 -3699.2
6446 3903.3 2423.2
6447 12177.3 3223.8
6448 -7284.4 -3643.6
6449 -7599.2 -4064.8
6450 -7544.3 -4124.1
6451 -7657.4 -4121
6452 -7472.7 -1824.8
6453 -7429.4 -1781.1
6454 -7391.2 -1750.6
6455 -7361.9 -1794.5
6456 -7572.5 -1234
6457 -6486 -1976.9
6458 12080.4 3309.3
6459 -6454.4 -1968.8
6460 -6498.8 -1889.3
6461 -9417.3 -3891.4
6462 -9449.2 -3913.5
6463 -9393.5 -3917.6
6464 -9492.2 -3833
6465 -9371 -3942.9
6466 -9423.3 -3977.7
6467 -9346.8 -3968.9
6468 -9440.4 -3948.6
6469 12271.7 3376.9
6470 -9483.7 -3974.4
6471 -9897.9 -3915.9
6472 -9903 -3949.7
6473 -9675.1 -4007.4
6474 -9714 -4015.4
6475 -9702.8 -3970.4
6476 -9665 -4042.1
6477 -9597.7 -3985.3
6478 -9738 -3735.6
6479 -9779 -3595.9
6480 12157.9 3159.3
6481 -9759.1 -3739.2
6482 -9709.8 -4050.8
6483 -9707.2 -4084.4
6484 -9790.8 -4058.1
6485 -9751.5 -2432.1
6486 -9767.3 -2462.4
6487 -9941.7 -2275.1
6488 -9705.7 -4120.2
6489 -9785.9 -4127.4
6490 -9640.8 -4107.2
6491 12271.9 3187
6492 -9629.9 -3846.3
6493 -9563.5 -3972
6494 -9591.2 -3841.5
6495 -9668.3 -3853.9
6496 -9825.1 -3328.8
6497 -9776.3 -3771
6498 -9766.1 -3791.6
6499 -9779.8 -3877.8
6500 -9714.1 -3781.4
6501 -9790.7 -4022.2
6502 12475 3038.9
6503 -9529.6 -3955.5
6504 -9487.1 -4053
6505 -9500.4 -3943.1
6506 -9572.5 -3875
6507 -9522.4 -4067.8
6508 -9562.6 -4082.7
6509 -9860 -3308.3
6510 -9904.2 -4057
6511 -9903.5 -4018.9
6512 -9904 -4091.3
6513 12381.3 3099.9
6514 -9708.8 -3934.2
6515 -9517.8 -2244.6
6516 -9619 -2346.3
6517 -9789.1 -4093.2
6518 -9811.6 -3509.2
6519 -9776.7 -3505.2
6520 -9634 -3919.6
6521 -9785.7 -3948.5
6522 -9965.5 -2249.7
6523 -9933.7 -2231.2
6524 12330.8 3131.4
6525 -9711.8 -3761.2
6526 -9453.6 -4037.5
6527 -9470.3 -4001.8
6528 -9226.4 -3230.6
6529 -9296.2 -3298.4
6530 -9181.7 -3253.7
6531 -9782.1 -3912.3
6532 -9788.7 -3986.3
6533 -9586 -4019.9
6534 -9616.5 -3951.8
6535 12334.2 3022.4
6536 -9478.5 -3791.5
6537 -9509.6 -2212.7
6538 -9651.3 -3887.3
6539 -9751.1 -2485.9
6540 -9967.7 -2662.5
6541 -9707.7 -2453.5
6542 -9724.8 -2431.5
6543 -9727.7 -2487.5
6544 -9864.8 -2909.9
6545 -9903.1 -3984.2
6546 12141.4 2886.4
6547 -9832.1 -3300.3
6548 -9925.7 -3091.1
6549 -9574.3 -4052
6550 -9654.5 -4073.5
6551 -9987.9 -2254.1
6552 -10000.3 -2273.4
6553 -10177 -2119.5
6554 -9989.9 -2303.9
6555 -10152 -2511.4
6556 -9961 -2309.1
6557 4063.3 2386.3
6558 11920.5 3131.4
6559 -9202.6 -4070.1
6560 -9109.9 -3178.1
6561 -9135.1 -3134.5
6562 -9613.6 -3744.8
6563 -9852.6 -3333.9
6564 -9813.9 -3434.3
6565 -9683.9 -3473.4
6566 -9934.5 -3506.5
6567 -9827 -3781.1
6568 -9240.7 -3150.4
6569 11961.1 3089.6
6570 -9461.3 -3293.7
6571 -9419.4 -3254.5
6572 -9536.6 -3363.6
6573 -9497.9 -3257.2
6574 -9416.6 -3333.8
6575 -9639 -3443.9
6576 -9695.6 -3334.4
6577 -9220.7 -3127.3
6578 -9274 -3091.5
6579 -9313.3 -3153.5
6580 11906.3 3057.6
6581 -9585.5 -3402.6
6582 -9564.2 -3337.2
6583 -9497.8 -3400.7
6584 -9873.1 -2148.8
6585 -9775.6 -2022.8
6586 -10109.4 -1970.6
6587 -10001.8 -1861.8
6588 -9610.1 -2148.4
6589 -9491.2 -3615.6
6590 -9473.9 -3577.3
6591 12006.1 3230.6
6592 -9509.7 -3667
6593 -9380.3 -3642.7
6594 -9580.7 -3546.3
6595 -9621.9 -3360.5
6596 -9671.6 -3380.5
6597 -9457.2 -3143.2
6598 -9418 -3180.6
6599 -9525.8 -3231.8
6600 -9379.2 -3094.5
6601 -9380 -3218.4
6602 11956.4 3179.6
6603 -9340.4 -3256
6604 -9064.6 -3213.2
6605 -9068.6 -3135
6606 -9114 -3396.1
6607 -9154.8 -3357.3
6608 -9133.7 -3452.3
6609 -9090.7 -3341
6610 -9387.4 -3854.8
6611 -9458.3 -3219.3
6612 -9231.6 -3434.5
6613 11999.3 3126.1
6614 -9152.7 -3508.8
6615 -9193.2 -3396.7
6616 -9294 -3372.4
6617 -9273.2 -3473.4
6618 -9382.9 -3694.6
6619 -9379.7 -3598.3
6620 -9264.4 -3621.6
6621 -9601.3 -3298.4
6622 -9356.7 -3117.8
6623 -9384.4 -3795.8
6624 12054.6 3323.4
6625 -9289.3 -3841.4
6626 -9137.6 -3299.6
6627 -9022.4 -3248.2
6628 -9514 -3720.6
6629 -9383.9 -3745.6
6630 -8985.2 -2878.4
6631 -9017.8 -2829.6
6632 -9073.1 -2964.8
6633 -8957.1 -2923.7
6634 -9613.1 -3491.3
6635 12155.3 3488.4
6636 -9453.9 -3442.8
6637 -9457.8 -3538.7
6638 -9379.3 -3558.3
6639 -9519.6 -3496.5
6640 -9070 -3056.5
6641 -9109.6 -3101.1
6642 -9025.1 -3084.5
6643 -9129.9 -3022.6
6644 -8993 -3026.4
6645 -8936.2 -3068.4
6646 12204.1 3436
6647 -9260.4 -3781.1
6648 -9237.6 -3720.1
6649 -9119.3 -2930.8
6650 -9255.2 -3337.4
6651 -9374 -3372.1
6652 -9174.6 -2996.6
6653 -8951.1 -3099.7
6654 -8903.7 -2745
6655 -9244.4 -3502.2
6656 -9034.5 -2995.6
6657 12119.4 3073.9
6658 -9101.5 -2992.7
6659 -9218 -3296.5
6660 -9213.7 -3376.2
6661 -9305.2 -3443.8
6662 -9333.9 -3411.5
6663 -9379.5 -3475.6
6664 -8987.7 -3110.2
6665 -9241.3 -3666.8
6666 -8963.3 -3126
6667 -9285.2 -3581.2
6668 181 -1667
6669 4057.3 2354.6
6670 12142.6 3124.4
6671 -9182.2 -3563
6672 -9174.4 -3338.4
6673 -8930.5 -2966.1
6674 -9545.9 -3518
6675 -9665.5 -3586
6676 -9485.7 -3468.8
6677 -9215 -3531
6678 -9304.6 -3543
6679 -9060.7 -3019.5
6680 -9379.4 -3515.6
6681 12091.8 3111.8
6682 -10720.2 -4133.8
6683 -10691.2 -4137.2
6684 -10752.5 -4131.4
6685 -10777 -4225.2
6686 -10583.6 -4165.6
6687 -5814.5 -3383.7
6688 -5665.3 -3200.4
6689 769.3 -8755.5
6690 779.9 -8785.3
6691 -8206.1 -1293
6692 12177.5 3017.6
6693 -8257.2 -1296.7
6694 -8294 -1357.1
6695 -8127.4 -1282
6696 -8096.1 -1277.6
6697 -8076.2 -1275.3
6698 -11738.9 -4480.2
6699 -11644.7 -4417.5
6700 -10942.2 -4433
6701 -11748.6 -4409.6
6702 -11677.5 -4406
6703 11892.5 2994.7
6704 -11701.4 -4373.8
6705 -11599.3 -4293.5
6706 -11702.4 -4359.7
6707 -11481.2 -4276
6708 -11457.7 -4189.2
6709 -11434.6 -4179.7
6710 -11152.7 -3925.7
6711 -10636.1 -3619.2
6712 -11290.2 -4065.9
6713 -11186.7 -3900.6
6714 11881.3 2909.8
6715 -10602.6 -3608.3
6716 -10103.3 -3373.9
6717 -10305.8 -3457.1
6718 -10331.1 -3408.9
6719 -10080.2 -3336.9
6720 -9315.2 -3051.3
6721 -9273.8 -3042.4
6722 -9343.9 -3035.1
6723 -9347.9 -3056.9
6724 -9953.7 -3012.8
6725 11962.7 2742.6
6726 -8788.7 -2670.9
6727 -8830.6 -2521.7
6728 -8816.3 -2683.5
6729 -8740 -2652.6
6730 -8765.6 -2561.9
6731 -8626 -2446.8
6732 -8262.9 -2387.1
6733 -8115.4 -2259.2
6734 -8146.9 -2287.8
6735 -7926.7 -1783.9
6736 11932.4 2707.3
6737 -7593.7 -1904.3
6738 -7614.3 -1870.7
6739 -7498.6 -1805.1
6740 -7446.1 -1793.8
6741 -7566.4 -1626.1
6742 -7406.3 -1752.7
6743 -7457.1 -1694.3
6744 -7367 -1720.4
6745 -7409.3 -1660.1
6746 -7261 -1764.1
6747 11984.5 2769.2
6748 -7080 -1588.9
6749 -7226.5 -1500.4
6750 -7272.3 -1459
6751 -7290.1 -1439
6752 -3034.8 -216.6
6753 -2400.9 67.8
6754 -2365.2 20.9
6755 -1894.9 273.1
6756 -1954.7 352.8
6757 -1803.1 338.7
6758 11846.7 2770.7
6759 -1904.9 388.1
6760 -2126 334.7
6761 -2155.7 389.8
6762 -2064.2 362.2
6763 -1986.1 397.9
6764 -2086.8 416
6765 -1884.8 402.5
6766 -1965.8 474.9
6767 -2005.2 449.9
6768 -1861.1 420.3
6769 11713.4 2822.9
6770 -1838.4 436
6771 -1920.3 502.2
6772 -1685.3 714.4
6773 -1614.1 759
6774 -573.2 -1765
6775 -562.3 -1834.8
6776 -585.6 -1681
6777 614 -4997.5
6778 627.4 -5104.3
6779 884.5 -5679.4
6780 4441.8 2487.5
6781 11713 2992.8
6782 925.5 -5618.4
6783 962.8 -5687
6784 786.3 -5631.9
6785 787.3 -5658.8
6786 769.4 -5617.8
6787 8892.6 3844
6788 8833.6 3796.2
6789 8424.2 4095.5
6790 8395.5 4105.9
6791 -173.7 -7570.3
6792 11975.9 2902.5
6793 -106.9 -7531.4
6794 -199.1 -7545.4
6795 -138 -7507.1
6796 104.1 -7460.2
6797 63.7 -7468.6
6798 34.2 -7540.6
6799 -219.9 -7526
6800 -161 -7491.9
6801 -53.1 -7512.5
6802 11.7 -7530
6803 11925 2961.8
6804 36.8 -7479.6
6805 -55.3 -7460.2
6806 -235.9 -7509.2
6807 -181.7 -7477.2
6808 -254.6 -7488.3
6809 464.5 -7359
6810 -204.4 -7461.9
6811 -93.7 -7446
6812 267.5 -7487.4
6813 253.4 -7456.6
6814 12009.6 2866.8
6815 345.9 -7416.8
6816 -225.3 -7447.3
6817 200.7 -7378.9
6818 5.6 -7482.3
6819 -18.3 -7473.6
6820 89.9 -7409.6
6821 35.9 -7394.2
6822 11 -7386.5
6823 240.6 -7430.8
6824 -13.9 -7378.2
6825 11933.8 2869.2
6826 -40.2 -7369.9
6827 292.2 -7385.6
6828 -97.8 -7392.9
6829 348.5 -7389.5
6830 -348 -7406.3
6831 -134 -7391.3
6832 -272.4 -7338.3
6833 -366.1 -7385.9
6834 -297.5 -7360.5
6835 -213.1 -7359.4
6836 11856.4 2806.7
6837 349.2 -7351.1
6838 270.4 -7383.4
6839 -119.4 -7371.6
6840 -72.5 -7356.9
6841 271.1 -7348.1
6842 -385 -7363.9
6843 -324.1 -7329.8
6844 200.8 -7341.8
6845 -186.7 -7337.4
6846 458 -7326.1
6847 11832.4 2788.7
6848 -403.9 -7342.8
6849 -229.5 -7337.8
6850 316.2 -7349.6
6851 352.9 -7283.4
6852 316.4 -7319.7
6853 56.2 -7256.5
6854 273.4 -7315.9
6855 202.1 -7307.8
6856 -432.2 -7308.8
6857 -349.3 -7297.4
6858 11898.1 2840
6859 -248.7 -7315.5
6860 -203.6 -7315.2
6861 -22.2 -7287.5
6862 -298.5 -7305
6863 318 -7283
6864 -47.7 -7273.1
6865 240.7 -7310.7
6866 275.8 -7281
6867 -270.2 -7289.5
6868 -220.2 -7292.7
6869 11811.5 2772
6870 242.6 -7241.7
6871 -73.7 -7258.6
6872 203.1 -7272.7
6873 88.6 -7264.8
6874 -453.9 -7286.4
6875 -376.2 -7263.6
6876 -73.8 -7202.4
6877 -0.6 -7243.7
6878 353.8 -7247.4
6879 -125.4 -7234.9
6880 11782.2 2772.4
6881 276.4 -7244.9
6882 -473.2 -7265.1
6883 -402.1 -7231.6
6884 205.5 -7239.1
6885 -154.9 -7220.9
6886 -274.1 -7198.1
6887 66.9 -7219
6888 -32.5 -7208.9
6889 -492.2 -7244.5
6890 421.2 -7251.6
6891 4499.5 2335.8
6892 11900.3 3030.1
6893 22.2 -7248.8
6894 -171.1 -7185.8
6895 -29.8 -7237.3
6896 -513.9 -7220
6897 -106.9 -7195.5
6898 26.4 -7218.4
6899 44.7 -7173.1
6900 -139.2 -7191.2
6901 -565.3 -7162.2
6902 30.7 -7142.2
6903 11838.5 2939.7
6904 16.6 -7112.5
6905 -345.5 -7201.4
6906 -243.4 -7179.3
6907 -85.9 -7151.5
6908 -376.7 -7155.6
6909 -111.5 -7137.9
6910 -150.8 -7150.2
6911 -209.9 -7133.9
6912 -284 -7114.8
6913 -409 -7143.3
6914 11972.5 2831.1
6915 -467.4 -7113.6
6916 -390.5 -7126.3
6917 -64.1 -7116.1
6918 -134.6 -7120.4
6919 -445.2 -7088.9
6920 -94.5 -7096.4
6921 -254.1 -7093.2
6922 -591.9 -7131.3
6923 -628.1 -7092.8
6924 -146.2 -7073.7
6925 11752.3 2859.2
6926 -419.1 -7063
6927 -211 -7077.6
6928 1.6 -7082.6
6929 -392 -7047.3
6930 -258.3 -7070
6931 -59.4 -7073.2
6932 -110.7 -7058
6933 -648.4 -7071.3
6934 -14.6 -7049.1
6935 -470.5 -7054.1
6936 11805.3 2907.9
6937 -76.8 -7039
6938 -260.8 -7030.4
6939 -527.3 -6930.9
6940 -669.4 -7049.7
6941 -121.5 -7027.1
6942 -498.7 -6930.1
6943 -448 -7041.9
6944 -690.2 -7027.6
6945 -422.7 -7027.7
6946 -471 -6929.8
6947 11734.8 2773.3
6948 -135 -6988.7
6949 -443.3 -6929.9
6950 -707.9 -7006.2
6951 -611 -6991.6
6952 -415 -6930
6953 -620.3 -6965.2
6954 -722.1 -6979.3
6955 -129.2 -6969.5
6956 -585 -6982.4
6957 -267.8 -6943.8
6958 11722.3 2711.8
6959 -634.3 -6929.1
6960 -731.6 -6944
6961 -122.4 -6944.8
6962 -46.1 -6948.5
6963 -179.2 -6944.5
6964 -184.7 -6889.1
6965 -125.2 -6837.3
6966 -271.1 -6894.1
6967 -628.4 -6883.5
6968 -736.6 -6916.7
6969 11699.8 3152.6
6970 -322.9 -6896.9
6971 -670.9 -6875.5
6972 -557 -6836.6
6973 -525.3 -6817.3
6974 -454.4 -6823.4
6975 173.5 -6889.9
6976 153.6 -6881.1
6977 3.7 -6873.5
6978 -324.8 -6869.9
6979 -274.4 -6844.1
6980 11747 3418.8
6981 -192.3 -6836.2
6982 -644.1 -6859.1
6983 -399.7 -6854.5
6984 -23.5 -6840.6
6985 -277.6 -6795.6
6986 -137.3 -6785.9
6987 -38 -6823
6988 -17.1 -6816.2
6989 -200.1 -6788.8
6990 -581.2 -6798.6
6991 11744.1 3519
6992 -498.4 -6797.4
6993 -461.7 -6758.5
6994 -547.7 -6777.8
6995 -515 -6754
6996 -613.7 -6777
6997 -174.4 -6787.7
6998 -173.9 -6752.3
6999 -96.9 -6738.1
7000 -144.4 -6722.8
7001 -288.7 -6692.6
7002 4550.8 2529.1
7003 11746.5 3397.7
7004 -223.7 -6741.3
7005 -232.9 -6686.2
7006 -125.9 -6677.8
7007 249.7 -6725.4
7008 157 -6622.5
7009 -174.7 -6717.4
7010 -156.5 -6691.9
7011 -553.5 -6699.1
7012 -196.5 -6667.1
7013 260.4 -6705.5
7014 11702.5 3537.1
7015 -641.9 -6688.7
7016 -706.3 -6655.1
7017 19.8 -6685.7
7018 -10.8 -6667.4
7019 58.3 -6672.4
7020 -187 -6622.5
7021 -322.1 -6664.5
7022 -329.2 -6689.5
7023 18.7 -6657
7024 -658.8 -6632.1
7025 11746.2 3639.9
7026 -151.4 -6616.9
7027 73.6 -6636.8
7028 -762.1 -6647.3
7029 -59.4 -6626.1
7030 -298.5 -6642.2
7031 -14.4 -6638.2
7032 -212.7 -6627.2
7033 -239.9 -6633
7034 9.7 -6629.2
7035 -311.2 -6621.9
7036 11775 3807
7037 -695.3 -6634.3
7038 -329.1 -6596.8
7039 -797 -6608.1
7040 -707.5 -6598.5
7041 -23.9 -6612.5
7042 113.8 -6566.1
7043 -246.6 -6598
7044 -77.1 -6602.7
7045 -284.6 -6603.1
7046 -163.4 -6587.5
7047 11850.5 3728.1
7048 -650 -6569
7049 235.7 -6601.6
7050 226.2 -6557.8
7051 -8.9 -6579.2
7052 -299.6 -6579.9
7053 256.5 -6543.7
7054 -93.9 -6582.6
7055 -39.4 -6588.9
7056 -754 -6536.9
7057 -720.1 -6579.9
7058 12258.2 3495.7
7059 -252.1 -6563
7060 -48.6 -6564.2
7061 163.1 -6583.8
7062 167.8 -6559.6
7063 29.3 -6521.6
7064 -528.1 -6534.6
7065 -273.6 -6563.8
7066 -672.2 -6539.4
7067 165.3 -6534.2
7068 -620.7 -6543.6
7069 12230.8 3582.9
7070 72.9 -6502.5
7071 -283.6 -6530.7
7072 -109.9 -6559
7073 248.4 -6506.6
7074 214.8 -6514.3
7075 -316.4 -6544.8
7076 -344.9 -6505.8
7077 -643.1 -6515.7
7078 -557.7 -6494.3
7079 186.1 -6410.3
7080 12334 3675.6
7081 -700.4 -6503.6
7082 -319.8 -6487
7083 -243.7 -6527.8
7084 -275.1 -6483.7
7085 -504.1 -6512.2
7086 -249.5 -6464.4
7087 -226.3 -6446.9
7088 -35.8 -6465.1
7089 -199.8 -6436.3
7090 -728.5 -6481.3
7091 12137.4 3842
7092 -692.1 -6458.8
7093 -616.8 -6494.9
7094 -552.8 -6448.5
7095 101.9 -6486.3
7096 36.6 -6452.5
7097 88.2 -6467.2
7098 128.6 -6473.9
7099 -578.1 -6468
7100 -638 -6468.7
7101 -756.2 -6456.5
7102 12179.5 3893
7103 -518.1 -6435.8
7104 170.6 -6465.9
7105 127.1 -6444.1
7106 -308.8 -6437.1
7107 69.5 -6437.3
7108 -370.7 -6443.9
7109 -285.4 -6423.5
7110 -659.3 -6442.4
7111 -575.1 -6418.6
7112 10 -6419.5
7113 4432.3 2513.2
7114 12098 3871.6
7115 -9.9 -6401.4
7116 -79.8 -6365.3
7117 96 -6423.6
7118 -387.3 -6421.1
7119 -312.1 -6398.3
7120 -597.2 -6390
7121 -236 -6386.3
7122 -159.4 -6426.5
7123 75.1 -6380.5
7124 114.2 -6412.7
7125 12389.6 3631.6
7126 -564.7 -6372.5
7127 151.5 -6401.6
7128 -329.3 -6377.8
7129 -422.2 -6386.7
7130 -497.2 -6371.8
7131 -127.1 -6342.8
7132 -155.6 -6328.2
7133 -145.4 -6377.2
7134 -457.5 -6354.4
7135 -250 -6367
7136 12252 3754.5
7137 -215.6 -6372.3
7138 -350.9 -6352.1
7139 -522.4 -6338.2
7140 -206.7 -6350.6
7141 -166.4 -6396.6
7142 -118.3 -6413.1
7143 -277.4 -6329.1
7144 -412.3 -6344
7145 -198.4 -6317
7146 -377.2 -6324.3
7147 12187 3528.4
7148 -493.5 -6306.6
7149 -465.2 -6284.8
7150 -177.4 -6316.3
7151 -296.5 -6302.7
7152 -560.1 -6289.4
7153 -431 -6259.9
7154 -222.4 -6272.2
7155 -313.6 -6279
7156 -624.6 -6224.4
7157 -517.7 -6254.2
7158 12143.3 3599.6
7159 -357 -6219
7160 -280 -6264.4
7161 -246.1 -6249.7
7162 -600.3 -6202.1
7163 -375.2 -6193.9
7164 -575.8 -6181.1
7165 -491.6 -6226.7
7166 -537.1 -6170.6
7167 -656.7 -6174.2
7168 -635.9 -6154.3
7169 12023.5 3365.2
7170 -614.8 -6129.3
7171 -683.1 -6198.8
7172 -574.6 -6124.9
7173 -469.1 -6113.1
7174 -590.4 -6104.6
7175 -678 -6145.3
7176 -504.6 -6068.5
7177 -580.3 -6054.8
7178 -299 -6122.5
7179 -237.2 -6025.2
7180 11923.5 3444.6
7181 -540.1 -6023.3
7182 -640.3 -5962.9
7183 -615.2 -5938.3
7184 -170.3 -5993.3
7185 -144.6 -5979.9
7186 -73.8 -5946.7
7187 -680.6 -5932.8
7188 -745.1 -5883.6
7189 33.6 -5908.3
7190 16.6 -5952.5
7191 12099.2 3642.1
7192 67.6 -5896.9
7193 74.5 -5930.9
7194 122 -5886.8
7195 -650.8 -5848
7196 -123.6 -6311.7
7197 927.2 -8468.4
7198 861.2 -8407.3
7199 564.1 -7424.6
7200 622.2 -7486.9
7201 589.1 -7414.4
7202 12208.2 3786.3
7203 642.4 -7467.6
7204 613.3 -7405.2
7205 639 -7394.3
7206 549.3 -7332.4
7207 574 -7321.9
7208 599.1 -7312.2
7209 661.8 -7384.6
7210 685.6 -7374.5
7211 625.2 -7301.1
7212 708.8 -7364.5
7213 12178.4 3981.1
7214 648.8 -7291.1
7215 672.5 -7281.3
7216 503.5 -7287.5
7217 526.9 -7277.8
7218 550.5 -7267.9
7219 588.7 -7251.2
7220 624.8 -7235.2
7221 649.2 -7224.6
7222 562.7 -7195.1
7223 590.7 -7182.1
7224 4722.9 2560.4
7225 12033.9 3910.2
7226 546 -7155
7227 573.1 -7142.5
7228 644.1 -7159.5
7229 420 -7177.4
7230 407 -7150.5
7231 469.2 -7183.4
7232 459.6 -7158.3
7233 514.1 -7164.1
7234 490.9 -7143.2
7235 466.6 -7124.7
7236 11981.3 3930.1
7237 395.6 -7124.2
7238 626.9 -7108.3
7239 471.2 -7060.7
7240 437.1 -7104.9
7241 426.4 -7026
7242 562.3 -7047.4
7243 341.3 -6959.4
7244 341.5 -6987.4
7245 3118.3 -5937.4
7246 3164 -5887.4
7247 12098.8 4002
7248 3016.5 -6044.6
7249 -5242.9 2118.9
7250 -5539.2 2068.9
7251 -4173.7 3992.3
7252 178 1937
7253 -836.6 2473.4
7254 -1384.9 3012.4
7255 -5685.3 1201.4
7256 -6094.5 2562.9
7257 2121.4 -7320.7
7258 11930.5 3842.7
7259 -249.9 3957
7260 -3860.9 -484.6
7261 -1205.7 -4135.8
7262 -1057.9 -4143.4
7263 -1038.2 -4116.6
7264 -1106.1 -4116.4
7265 -1160.9 -4126.4
7266 -1169 -4090.1
7267 -1020.5 -4092.6
7268 -1097.8 -4077
7269 11939.2 3943.5
7270 -1091.2 -4047.4
7271 -1083 -4013.3
7272 -1175.2 -4063.3
7273 -1124.2 -4053.5
7274 -1182.2 -4033.4
7275 -1075.6 -3986.9
7276 -1131.7 -4022.6
7277 -1141 -3986.2
7278 906.8 -6431.3
7279 872.2 -6424.1
7280 11897.4 3962.6
7281 877.5 -6336.3
7282 950 -6336.4
7283 1026.3 -6314
7284 799.9 -6348.8
7285 852.5 -6358.9
7286 825.5 -6324
7287 830.3 -6379.4
7288 911.8 -6304.5
7289 844.1 -6286.8
7290 786.6 -6306.7
7291 11825.3 3858.9
7292 972.5 -6315.4
7293 1072.1 -6223.5
7294 953.7 -6264.5
7295 870 -6282.5
7296 892.3 -6260.9
7297 767.4 -6269.2
7298 998.1 -6224.5
7299 926.6 -6230.3
7300 756.5 -6247.9
7301 822 -6242.4
7302 11851.9 3984.9
7303 1094 -6202.9
7304 811.6 -6220.8
7305 745.6 -6226.4
7306 1029.7 -6194
7307 967.9 -6191.8
7308 884.7 -6130.4
7309 800.8 -6198.9
7310 734.4 -6203.7
7311 845.2 -6199.9
7312 1044.3 -6179.4
7313 11818.7 4006.1
7314 1121.3 -6177.7
7315 791.1 -6177.8
7316 722.8 -6181.2
7317 826.4 -6160.1
7318 946.2 -6165.8
7319 996.1 -6164.4
7320 1109.5 -6091.6
7321 671.5 -6207.8
7322 764.8 -6156.1
7323 747.3 -6121.1
7324 11784.8 3904.6
7325 926.2 -6143.6
7326 969.6 -6114
7327 805.4 -6125
7328 950.7 -6084.2
7329 855 -6104.7
7330 932.9 -6067.2
7331 877.4 -6095.1
7332 1061.9 -6068.4
7333 1001.6 -6056.7
7334 843.3 -6086.8
7335 4747.7 2584.1
7336 11785 4019
7337 861.6 -6069.3
7338 1052.2 -6050.5
7339 900.1 -6034.3
7340 873.4 -6050.5
7341 988.9 -6033.7
7342 912.6 -6001.9
7343 1089 -6017.5
7344 863.9 -6031.3
7345 1024.1 -6003.5
7346 890 -6016
7347 11862.9 4093.3
7348 841.5 -5988.4
7349 1077.2 -5995.2
7350 867 -5973.2
7351 1001.5 -5963.5
7352 820.2 -6000.7
7353 1032 -5945.7
7354 1009.7 -5905.3
7355 1094.2 -6422.8
7356 1054.9 -6455.6
7357 1032.1 -6429.6
7358 11777.1 4049.8
7359 1194.7 -6427.5
7360 1184.4 -6403.9
7361 1062.7 -6401.3
7362 1235.7 -6441.7
7363 1105.7 -6363.5
7364 1131.1 -6396.2
7365 1025.3 -6361.6
7366 1159.5 -6382.1
7367 1191.1 -6365.3
7368 1212.9 -6347.1
7369 11761.9 4132.2
7370 1268.5 -6357.8
7371 1305.1 -6380.4
7372 1060.3 -6330.2
7373 1172.5 -6345.2
7374 1299.7 -6336.4
7375 1363.5 -6284.1
7376 1236.6 -6333.8
7377 1542.7 -6432.6
7378 1191.7 -6326.5
7379 1272.2 -6316.3
7380 11756.5 4059
7381 1208.4 -6305.5
7382 1158.6 -6290
7383 1234.3 -6279.1
7384 1343.6 -6266.1
7385 1258.9 -6292.6
7386 1180 -6275.3
7387 1317.4 -6243
7388 1224 -6254.5
7389 1267.3 -6252.4
7390 1249.7 -6232.9
7391 12267.2 3822.3
7392 1298.5 -6226.3
7393 1278.3 -6208.2
7394 1233.1 -6214
7395 1258.5 -6190.6
7396 815.2 -6924.5
7397 720.3 -6902
7398 742.1 -6886.3
7399 664.5 -6893.9
7400 770.2 -6871.8
7401 704.1 -6851.3
7402 12334.1 3948.1
7403 545.2 -6846.9
7404 631.1 -6854.8
7405 672.3 -6872.8
7406 812.1 -6833.4
7407 654.5 -6860.2
7408 807.5 -6734.5
7409 683.7 -6816.9
7410 524.5 -6804
7411 580.3 -6830.3
7412 779.8 -6746.3
7413 12359.3 4004.3
7414 566.1 -6779.1
7415 602.3 -6821.4
7416 628.6 -6800.4
7417 424.3 -6795.4
7418 604.2 -6784.5
7419 508.1 -6765.4
7420 891.5 -6697.7
7421 619 -6749.8
7422 544.6 -6737.6
7423 497.8 -6739.1
7424 12416.4 3976.7
7425 630.3 -6720.8
7426 407 -6745.6
7427 434.6 -6738.2
7428 431.5 -6700.4
7429 525.8 -6718.2
7430 866.5 -6710.7
7431 607.5 -6710.8
7432 568.7 -6692.4
7433 855.8 -6680.6
7434 456.5 -6708.9
7435 12225 3950.4
7436 293 -6652.4
7437 431.5 -6655.5
7438 297.7 -6610.7
7439 822.1 -6605.8
7440 859.7 -6617.9
7441 442.5 -6611.1
7442 486.8 -6621.6
7443 529.8 -6575.7
7444 433.9 -6584.8
7445 775.2 -6603
7446 4771.5 2438.3
7447 12477.9 3986.8
7448 844.7 -6593.5
7449 872.1 -6535.6
7450 474.8 -6562.3
7451 473.5 -6603.5
7452 349.4 -6549
7453 360 -6576.9
7454 754.3 -6564.4
7455 832.2 -6572.1
7456 645 -6542.6
7457 424.9 -6552
7458 12626.2 4023.5
7459 810 -6543.9
7460 538.8 -6534.4
7461 782.1 -6559.6
7462 484.8 -6544.1
7463 758.6 -6519
7464 735.9 -6531.5
7465 778.1 -6508.1
7466 490.2 -6519.8
7467 651.1 -6510.5
7468 794.9 -6496.5
7469 12471.1 4133.2
7470 844.4 -6529
7471 819.7 -6473.6
7472 723.8 -6508.3
7473 417 -6520.3
7474 405.9 -6484.9
7475 506.9 -6486.5
7476 338.7 -6518.6
7477 752 -6446.4
7478 479.9 -6474.7
7479 504 -6408.4
7480 12299.2 4036.1
7481 461.9 -6436
7482 432.9 -6439.1
7483 666.5 -6398.8
7484 635 -6445.9
7485 639.4 -6398.4
7486 591.1 -6398.6
7487 305.6 -6346.3
7488 708.2 -6376.5
7489 487 -6383.1
7490 645.1 -6373.5
7491 12417.3 4180.1
7492 575.7 -6369.6
7493 688.8 -6341.1
7494 602 -6354.3
7495 628 -6346.6
7496 540 -6301.7
7497 576.1 -6308.1
7498 596.6 -6296.7
7499 733.3 -6317.2
7500 656.5 -6334.5
7501 445.1 -6291.5
7502 12689.9 4139.8
7503 710.7 -6327.3
7504 631.8 -6288.1
7505 657.1 -6281.1
7506 685.9 -6278.3
7507 706.2 -6266.9
7508 327.3 -6271.2
7509 387.7 -6282.4
7510 564 -6284.9
7511 344.5 -6304.6
7512 515 -6252.8
7513 12659 4175.9
7514 610.9 -6250.5
7515 695.3 -6246.3
7516 633.2 -6235.6
7517 579.8 -6233.6
7518 593.3 -6262.3
7519 568.6 -6210.5
7520 502.3 -6216.4
7521 621.7 -6209.6
7522 652.6 -6220.9
7523 624 -6166.8
7524 12521.8 4093.1
7525 600.3 -6181.6
7526 640.4 -6122.2
7527 579.7 -6149.6
7528 656.2 -6150.6
7529 -5875.3 -1041.6
7530 -5881.1 -976
7531 -5857.1 -898.8
7532 -5870.6 -852.7
7533 -5885.5 -801.6
7534 -3293.2 20.5
7535 12570.6 4053.7
7536 -3436.3 24.9
7537 -4603.4 -485.1
7538 -4655.6 -453.5
7539 3051.9 -4969.6
7540 2178.1 -3892.5
7541 -5798.1 -2897.2
7542 -5056.7 3840.7
7543 9919.5 7814
7544 9849.5 7936.6
7545 9891.2 7954.9
7546 12683.9 4207.2
7547 9836.4 7959.3
7548 9823.7 7982.1
7549 9901.7 7986.3
7550 9919.8 7966.5
7551 9937.1 7929.3
7552 9952.1 7980.8
7553 9898.7 8014.5
7554 9809.6 8007
7555 9887.9 8040.7
7556 9930.1 8028.1
7557 4723.3 2638.8
7558 12546.4 4225.4
7559 9918.1 8053.7
7560 9972.3 8047.1
7561 10138.5 8110.3
7562 10117 8149.8
7563 10061.6 8124.9
7564 9762.4 8145.7
7565 9836 8186.2
7566 -5129.8 3841.3
7567 -5112.7 3813
7568 -1728.5 -2811.8
7569 12606 4196.8
7570 -1689.4 -2783.6
7571 -1743 -2695.5
7572 -1654.3 -2895.9
7573 -1617.8 -2888.5
7574 -1655.5 -2761.4
7575 -1584.9 -2864
7576 -237.4 -6179
7577 -213.5 -6073.4
7578 -204.1 -6009.4
7579 2064.1 -5350.7
7580 12512.2 4182.4
7581 2100.1 -5337.9
7582 2030.8 -5325.6
7583 1931.3 -5462.4
7584 173.4 -5108.6
7585 226.6 -5100.2
7586 10435.6 313
7587 9974.1 5749.7
7588 10718.9 6233
7589 8548.3 10851
7590 8531.2 10885.3
7591 12483.3 4264.4
7592 8556.9 10881
7593 8644.6 10970.6
7594 8630.7 11018.7
7595 8617.6 11075.3
7596 10245.4 630.3
7597 10758 1294.5
7598 10518.8 7413.5
7599 10568.7 7447.3
7600 10486.7 7422.5
7601 10559.7 7349.6
7602 12559.7 4142
7603 10652.6 7504
7604 10749.9 7335.6
7605 8908.1 6348.5
7606 11796.4 2495
7607 12090.1 2894.8
7608 12115.3 2863.2
7609 11261.9 3674
7610 11225.5 3717.4
7611 11161.7 3679.4
7612 11102.8 3765.4
7613 12605.6 4102.9
7614 11137.6 3788.8
7615 11072.8 3810.7
7616 11054.8 3736.9
7617 11100.5 3699.4
7618 11124 3712.3
7619 11147.6 3728.5
7620 10849.3 3478.7
7621 10869 3487.7
7622 11251.5 3734.4
7623 11211.7 3741.4
7624 12822.4 4400.2
7625 10936.3 3448.1
7626 11169 3741.3
7627 10933.4 3518.1
7628 10997.6 3405.3
7629 11232.8 3852
7630 10952.6 3392.6
7631 10726.7 3387.9
7632 10306.5 9369.4
7633 10839.3 3231.3
7634 10599.6 3291.3
7635 12863.7 4470.6
7636 10389.6 3345
7637 10426.8 3254.8
7638 10531.1 3321.1
7639 10474.4 3345.6
7640 10390.9 3376.9
7641 10437 3359.5
7642 10944.2 3420.2
7643 11199.6 3759.3
7644 11036.4 3773
7645 11248.3 3812.6
7646 12923.8 4574.1
7647 11213.1 3789.3
7648 11024.9 3789.5
7649 11121.1 3808.5
7650 11191.7 3823.9
7651 11102.7 3825
7652 11185.1 3850.6
7653 10835.4 4396.6
7654 10859 4415
7655 10989.9 4501.2
7656 11007.6 4541.3
7657 12784.5 4516.1
7658 10949.1 4570.3
7659 10981.5 4588.1
7660 11012.5 4605
7661 10999.9 4639.8
7662 10703.6 3375.8
7663 10664.1 3391.7
7664 10706 3417.6
7665 10692 3436.2
7666 10438.1 3286.9
7667 10446.8 3313.2
7668 4876 2649.2
7669 12367 4360.1
7670 10423.9 3328.5
7671 10613.7 3327.7
7672 10683.7 3302.2
7673 10623.6 3353.3
7674 10509 3442.9
7675 10827.9 9147.7
7676 -8740.9 -5416.8
7677 -8746.2 -5395.2
7678 -8681.4 -5374.5
7679 -8235.1 -5374.9
7680 12432.1 4444.3
7681 -8075.1 -5392.7
7682 -8263.8 -5425.2
7683 -8284.2 -5401.5
7684 -8036.5 -5301
7685 -8072 -5198.4
7686 -1533.2 -3001.3
7687 -1515.9 -2975
7688 -1634 -2946.6
7689 -1502.5 -2954.7
7690 -1605.1 -2914.8
7691 12312.7 4401.5
7692 -1483.8 -2921.3
7693 -1518.1 -2913.4
7694 -1561.9 -2890.4
7695 -1473.1 -2892.4
7696 5760.4 5347.5
7697 -6474.1 -2065.8
7698 -6457.5 -2097
7699 -6499 -2123.3
7700 -6626.3 -2129.5
7701 -6651.5 -2139.1
7702 12310.6 4280.1
7703 -6621.8 -2188.6
7704 -6601.9 -2175.7
7705 -6672.8 -2093.7
7706 -6705.1 -2110.6
7707 -6711.4 -2148
7708 -6684.1 -2134.7
7709 -6726.6 -2054.8
7710 -6736.2 -2035.4
7711 -6751 -2015.4
7712 -6703.5 -2042.5
7713 12412.1 4460.4
7714 -6680.2 -2030.4
7715 -6707.5 -1995.2
7716 -6748.4 -1983.3
7717 -6814.1 -1988.3
7718 -6774.8 -1976.1
7719 -6775.7 -2029.3
7720 -6836.9 -2063.7
7721 -6582 -1832.8
7722 -6521.2 -1863.4
7723 -6865.6 -1879.7
7724 12186.8 4312.7
7725 -6898.7 -1879.2
7726 -6865 -1858.9
7727 -6864.3 -1830.2
7728 -6857.8 -1809.6
7729 -6899.3 -1858.3
7730 -6906.8 -1807.9
7731 -6895.8 -2148.6
7732 -6789.4 -2609.7
7733 -6849.9 -2586.9
7734 -6831.2 -2532.6
7735 12301.7 4442.3
7736 -6882.4 -2604.3
7737 -6919.8 -2627.8
7738 -7000.9 -2669.9
7739 -7092.8 -2626.1
7740 -7127.5 -2649.9
7741 -7139.8 -2557.7
7742 -7169.3 -2510
7743 -7149.5 -2707.2
7744 -7110.9 -2672.1
7745 -7047.7 -2700.1
7746 12239 4432.2
7747 -6953.8 -2582.3
7748 -6984.5 -2602.5
7749 -6895.4 -2556.3
7750 -6905.9 -2504.8
7751 -6871.6 -2518.2
7752 -6958 -2330.4
7753 -6933.9 -2369.3
7754 -7454 -2490.9
7755 -7404 -2360.6
7756 -7626.4 -2595.4
7757 12172.3 4450.9
7758 -7673.9 -2564.7
7759 -7629.5 -2623.3
7760 -7465.4 -2668.8
7761 -7694.5 -2480.7
7762 -7721 -2497.3
7763 -7682.7 -2518.7
7764 -7706.4 -2529.8
7765 -7740.6 -2456.8
7766 -7657.5 -2640.3
7767 -7675.9 -2598.8
7768 12107.5 4478.6
7769 -7736.2 -2624.1
7770 -7824.2 -2578.9
7771 -7766.9 -2635.2
7772 -7459.6 -2405
7773 -7624.9 -2950.5
7774 -7438.6 -2709.3
7775 -7337.6 -2590.9
7776 -7420.6 -2640.4
7777 -7408.6 -2657.3
7778 -7389.1 -2623
7779 158.3 -2014.4
7780 4647.8 2761.6
7781 11723.6 3182.8
7782 -7486.8 -2589.9
7783 -7450.8 -2691.3
7784 -7319.4 -2701.5
7785 -7292.3 -2678.1
7786 -7394.1 -2677.1
7787 -7471.4 -2527.4
7788 -7447.7 -2561.4
7789 -7452.1 -2356.9
7790 -7664.3 -2507.2
7791 -7666.3 -2463.9
7792 11730.4 3251.1
7793 -7641.7 -2448.2
7794 -7615.8 -2431.6
7795 -7591.8 -2415.4
7796 -7481.3 -2375.8
7797 -6926.8 -2013.9
7798 -6897.2 -2043.1
7799 -6887.8 -2069.4
7800 -6852.9 -2158.3
7801 -6908.3 -2122.1
7802 -6887.6 -2108.3
7803 11695.4 3194.5
7804 -6909.7 -2096.4
7805 -6909.3 -2071.7
7806 -6865.6 -2068.7
7807 -6822 -2089.8
7808 -6904.8 -2015.5
7809 -6867.4 -2010.2
7810 -6897.8 -1906.1
7811 -6837.1 -1955.8
7812 -6870.1 -1704.2
7813 -6905.3 -1722.7
7814 11739.8 3350.4
7815 -6890.6 -1746.6
7816 -6871.5 -1784.7
7817 -6925.7 -1733.4
7818 -5984.8 -2326.8
7819 -5971.1 -2355.7
7820 -6003.8 -2372.4
7821 -5980.6 -2410.5
7822 -6071.2 -2403
7823 -6082.5 -2379.8
7824 -6074.5 -2452.9
7825 11703.6 3408.2
7826 -6670.8 -2817.4
7827 -6710.8 -2843.9
7828 -6694.4 -2866.9
7829 -6757.4 -2874
7830 -6679.7 -2893
7831 -6789.3 -2819.6
7832 -6800.9 -2893.6
7833 -6872.1 -2970.6
7834 -6975 -2985.9
7835 -6789.4 -2940.6
7836 12412.1 4855.7
7837 -6857.1 -3004.3
7838 -6780.5 -2979.7
7839 -6795.8 -3033.9
7840 -6754.8 -3015.8
7841 -6723.6 -3083.4
7842 -6782.9 -3290.5
7843 -6829.2 -3324.9
7844 -6873.9 -3237.9
7845 -6787.3 -3434.7
7846 -6801.7 -3391.4
7847 12436.5 4863.2
7848 -6816.4 -3444.5
7849 -6813.5 -3357.4
7850 -6855.2 -3354.5
7851 -6920.2 -3377.7
7852 -6881.5 -3466.6
7853 -6907.6 -3475.4
7854 -6908.3 -3250.6
7855 -6929.3 -3204.4
7856 -6966.4 -3280.7
7857 -6990.5 -3232
7858 12598.6 4763
7859 -7005.3 -3203.9
7860 -6995.6 -3295.2
7861 -7040.3 -3320.3
7862 -7072.6 -3336.8
7863 -7008.8 -3376.1
7864 -6953.8 -3387.7
7865 -7011.4 -3263.3
7866 -6992.7 -3406.9
7867 -7016.6 -3418.4
7868 -7066.3 -3442.8
7869 12289.3 4906.7
7870 -6993 -3476.9
7871 -7004.6 -3074.8
7872 -7057.5 -3105.3
7873 -7027.6 -3159
7874 -7087.8 -3079
7875 -6997.3 -2952.1
7876 -7032.4 -3020.9
7877 -7020.7 -3040.8
7878 -7051.8 -2987.3
7879 -7110.6 -3023.3
7880 11869.3 4880
7881 -7133.5 -2986.4
7882 -7128.1 -3093.7
7883 -7143.2 -3052.8
7884 -7237.7 -3164.9
7885 -7259 -3127.6
7886 -7202.7 -3143.2
7887 -7197.8 -3244.3
7888 -7280.7 -3085.7
7889 -7306.1 -3106.4
7890 -7152.4 -3373.8
7891 4678.2 2629.2
7892 11767.1 4302.1
7893 -7152.5 -3337
7894 -7168.9 -3121.7
7895 -7124.2 -3210.6
7896 -7160 -3231.3
7897 -7085.5 -3188.1
7898 -7016.6 -3180.4
7899 -7185.1 -3270.5
7900 -7047.2 -3197
7901 -7174.5 -3291.8
7902 -7033.7 -3219
7903 11780.1 4340
7904 -7101.1 -3253.1
7905 -7128.1 -3267.2
7906 -7066.3 -3235.9
7907 -7092.3 -3304.5
7908 -7152.2 -3279.5
7909 -7043.9 -3278.8
7910 -7128.1 -3323.5
7911 -7058.1 -3367.1
7912 -5928.6 -1932.9
7913 -6792 -2544.3
7914 11835.3 4258.6
7915 -6812.9 -2594.9
7916 -6554.9 -2671.9
7917 -6392.5 -2586.9
7918 -6503.4 -2645
7919 -6422.2 -2712.7
7920 -6544.5 -2550.9
7921 -6510.6 -2400.5
7922 -6528.1 -2368.1
7923 -6560.5 -2310.8
7924 -6567.7 -2389.6
7925 11793.1 4372.9
7926 -6600.4 -2331.1
7927 -6602.6 -2241.2
7928 -6562.6 -2219
7929 -6412.6 -2371.4
7930 -6389.4 -2412.3
7931 -6347.8 -2388.7
7932 -6586.3 -5321.8
7933 -8398.2 -4003.7
7934 -7043.1 -3395
7935 -6753.4 -3335.4
7936 11725.6 4423.5
7937 -6396.2 -3283.9
7938 -6554.6 -3347.7
7939 -6366 -3269.8
7940 -6272 -3202.3
7941 -6566.5 -3258.9
7942 -6528.8 -3230.7
7943 -6647.3 -3205.7
7944 -6420.8 -3149.5
7945 -6254.5 -3154.2
7946 -6286.2 -3174.3
7947 11863.3 4326.6
7948 -6285.7 -3108.7
7949 -6440.4 -3119.1
7950 -6467.3 -3132.4
7951 -6074 -3037.4
7952 -7312.7 -3034.1
7953 -7400.8 -3026
7954 -6090.5 -3007.4
7955 -6416.2 -2934.9
7956 -6023.7 -2986
7957 -6385.3 -2917
7958 11812.7 4481.7
7959 -5961.4 -2952.7
7960 -5936.9 -2934
7961 -5987.6 -2911.5
7962 -6010.9 -2926.5
7963 -5882.6 -2899.4
7964 -6445.5 -2834.6
7965 -6347.1 -2902.4
7966 -6109.6 -2882.5
7967 -5878.5 -2856.1
7968 -6362.4 -2871.7
7969 11865.7 4835.4
7970 -6546.6 -2840.8
7971 -6054.2 -2822
7972 -6463.9 -2794.8
7973 -6362.2 -2818.5
7974 -6397.7 -2805.5
7975 -6376.6 -2794.9
7976 -6486.3 -2753.4
7977 -6332 -2769.1
7978 -6388.6 -2772.5
7979 -6350.1 -2735.7
7980 11819.6 4658.9
7981 -6406.5 -2740.8
7982 -6239.5 -2577.6
7983 -6111.7 -2637.3
7984 -6146.8 -2649.1
7985 -7032.1 -2654.2
7986 -6156.2 -2619.7
7987 -6166.8 -2588
7988 -6178.2 -2556.9
7989 -6220.4 -2471.7
7990 -5927.1 -2014.2
7991 11560.6 4988
7992 -5928.7 -1960.8
7993 -6724.2 -2243.4
7994 -6885.9 -2237.8
7995 -6702.2 -2245.4
7996 -6891.4 -2216.5
7997 -6872.2 -2205.9
7998 -6807.7 -2169.7
7999 -6770.6 -2156.6
8000 -6822.6 -2141.7
8001 -6794 -1993.4
8002 4405.4 2581.7
8003 11696.3 3618.1
8004 -6739.4 -1940.3
8005 -6477.1 -1877.3
8006 -6490.5 -1843.7
8007 -6549.8 -1816
8008 -6517.8 -1797
8009 -6820.9 -1796.9
8010 -6838.6 -1763.6
8011 -6857 -1728.9
8012 -6783.4 -1694.2
8013 -6957.5 -1657.8
8014 11641.9 3534.4
8015 -6889.5 -1676.3
8016 -7663.6 -6756.7
8017 -7756.7 -6675.2
8018 -7546.6 -6237.2
8019 -7528.1 -6210.1
8020 -7582 -6285.2
8021 -7569.4 -6215.3
8022 -7503.5 -6280.9
8023 952 -5861.1
8024 846.6 -5913.1
8025 11702.3 3628.4
8026 901.6 -5813.4
8027 -5715.3 -1486.5
8028 -5608.6 -1548.6
8029 -5675 -1652.7
8030 -5679.1 -1339.3
8031 -5661.4 -1475.6
8032 -5623.4 -1453.2
8033 -5747.6 -1325.1
8034 -5744.5 -1354.5
8035 -5751.3 -1286.8
8036 11610.8 3721
8037 -5818.5 -1128
8038 -5828.1 -1076.5
8039 -5821.5 -1154.7
8040 -5900.8 -1228.2
8041 -5774.1 -1173.8
8042 -5796.2 -1243.3
8043 -5819.1 -1184.5
8044 -5804.3 -1281.9
8045 -5899.8 -1272.6
8046 -5819.8 -1361.7
8047 12952.7 4558.3
8048 -5898.6 -1348.4
8049 -5812.5 -1323.5
8050 -5899.2 -1310.1
8051 -5739.2 -1394
8052 -5774.2 -1398.8
8053 -5728.9 -1434
8054 -5804.9 -1399.5
8055 -5711.3 -1516.5
8056 -5722.6 -1461
8057 -5740.9 -1532.7
8058 12999.9 4700.7
8059 -5793.5 -1631.4
8060 -5790.1 -1559.6
8061 -5755.1 -1445
8062 -5778.9 -1455.7
8063 -5763.6 -1485.3
8064 -5770.2 -1548.5
8065 -5813.8 -1518.1
8066 819.9 -8769.2
8067 872.5 -8747.9
8068 858.1 -8805.4
8069 12641.3 4603.9
8070 930.5 -8705.7
8071 -6018 2583
8072 -6114.6 3123.6
8073 -6069.6 3135.8
8074 -6121.8 3145.8
8075 -6137.4 3219.2
8076 -6100.6 3222.6
8077 -5815.8 2611.2
8078 -5852.8 2592.1
8079 -5886.5 2584.4
8080 13130.7 4763.8
8081 -5847 2553.8
8082 -6055.4 2631.7
8083 -6028.7 2637.3
8084 -5981 2410.5
8085 -5880.3 2207.5
8086 -6032.3 2406
8087 -6038.8 2276.8
8088 -5710.8 2400
8089 -5684.2 2324
8090 -5647.6 2128.9
8091 12984.4 4850.7
8092 -5698.2 2164.9
8093 -5827.4 2260.4
8094 -5855.2 2137
8095 -5962 2208.4
8096 -5814.3 2116.1
8097 -5939.4 2229.1
8098 -5837.3 2192.5
8099 -5815.8 2161.7
8100 -5848 2230.1
8101 -5807.5 2197.1
8102 13061.7 4804.2
8103 -5820.8 2137.3
8104 534.8 -5840.7
8105 483 -5780.4
8106 490.4 -5855
8107 421.3 -5895.6
8108 442.7 -5882.4
8109 398.2 -5854
8110 437.1 -5940.6
8111 378 -5976.1
8112 376.5 -6084.3
8113 4070.9 2412.2
8114 13069.1 4660.9
8115 496.1 -5958.6
8116 504.8 -6006
8117 494.3 -5933.2
8118 529.8 -6003
8119 546.3 -6034
8120 551.6 -5992.3
8121 583.1 -5965.9
8122 411.1 -6062.4
8123 517.1 -6048.4
8124 475.4 -6028.9
8125 13029.4 4683.7
8126 412.9 -6087.1
8127 502.2 -6084.8
8128 238.9 -5936.9
8129 466.2 -5868.7
8130 425.1 -5839.7
8131 373.8 -5870.8
8132 303.1 -5875.7
8133 291.7 -5805.7
8134 267 -5880.9
8135 333.1 -5871.8
8136 12922.2 4747.5
8137 233 -5884.9
8138 228.2 -5815.4
8139 224.6 -5787
8140 288.1 -5776
8141 201.9 -5707.4
8142 289.9 -5641.1
8143 272.2 -5690.9
8144 208.7 -5627.2
8145 197.6 -5597.4
8146 227.1 -5700.7
8147 12896.3 4882.1
8148 255.6 -5811.8
8149 322.2 -5800.2
8150 450.6 -5719.8
8151 436.5 -5695
8152 409.3 -5742.7
8153 345.6 -5796
8154 349.5 -5818.4
8155 363.2 -5765.6
8156 417.9 -5814.9
8157 405.8 -5794.5
8158 12871.8 4664.5
8159 433.9 -5779.6
8160 444.3 -5800.7
8161 388.4 -5722.6
8162 364.9 -5679
8163 379.3 -5660.1
8164 328.5 -5655.4
8165 408.5 -5642.8
8166 309.8 -5718.5
8167 332 -5708.4
8168 277 -5723.8
8169 11575.8 5100
8170 316.8 -5762.6
8171 351.4 -5743.8
8172 350.7 -5898.8
8173 535.1 -5908.8
8174 511.2 -5896
8175 501.5 -5876
8176 366.3 -5932.5
8177 272.5 -5911.8
8178 215.5 -5998
8179 92.3 -6003.3
8180 11525.7 4959.3
8181 82.6 -5970
8182 167.8 -5997
8183 17.9 -6002.3
8184 -37.4 -5934.3
8185 -27.5 -5971.3
8186 -61.6 -5981.2
8187 60.5 -5982
8188 786.8 -5856.5
8189 592.7 -5954
8190 612.1 -5943.2
8191 11567.1 4917.9
8192 573.2 -5917.5
8193 612 -5990.4
8194 830.8 -5778.5
8195 509.1 -5781.6
8196 551.2 -5759.5
8197 585.4 -5720.6
8198 595 -5761.6
8199 622.9 -5697.8
8200 633.9 -5740.3
8201 735.2 -5636.4
8202 11355.3 4845.9
8203 755.7 -5591.2
8204 577.4 -5820.4
8205 575.1 -5771.6
8206 755.1 -5676
8207 841.4 -5748
8208 555.6 -5881
8209 577.6 -5869.2
8210 659.8 -5871.5
8211 632.4 -5979.5
8212 632.8 -6028.1
8213 11311.9 4821.9
8214 652.9 -6017.3
8215 680.5 -6001.8
8216 664.4 -6038.9
8217 725.7 -6009.9
8218 859.6 -5943.5
8219 667.2 -5672
8220 688.7 -5711
8221 651.8 -5643.6
8222 702.9 -5654.3
8223 786.4 -5981.4
8224 4754.6 2802.6
8225 11250.6 4785.5
8226 757 -5818.9
8227 728.9 -5786.6
8228 710 -5749.1
8229 750 -5727.9
8230 674.4 -5768.9
8231 695.4 -5805.4
8232 769.8 -5763.8
8233 788.5 -5892.7
8234 766.6 -5905.7
8235 746.9 -5871.1
8236 11212.5 4740.3
8237 767.4 -5954.4
8238 723.7 -5693.2
8239 652.4 -5730.2
8240 882.9 -5583.7
8241 831.4 -5609
8242 860.8 -5545
8243 902 -5619
8244 675.2 -5815.3
8245 613.9 -5751
8246 655.4 -5778.8
8247 11289.5 4805.4
8248 656 -5825.8
8249 635 -5789.5
8250 616.2 -5799.3
8251 718.6 -5981.2
8252 708.3 -5936.3
8253 688.5 -5901.6
8254 708.2 -5890.6
8255 669.7 -5911.9
8256 689.2 -5947.6
8257 727.8 -5926.6
8258 11161.9 4691.6
8259 635.7 -5837.2
8260 597.6 -5809.3
8261 609.4 -5669.1
8262 689.5 -5615.5
8263 612.7 -5574.5
8264 674.6 -5575
8265 670.6 -5957.9
8266 650.9 -5922
8267 651.2 -5969.2
8268 631.3 -5932.1
8269 11127.7 4668.8
8270 745.9 -5916.7
8271 728.2 -5880.2
8272 554.4 -5681.9
8273 617.5 -5847.5
8274 598.2 -5857.9
8275 723.2 -5597.7
8276 741.5 -5564.6
8277 817.8 -5834.8
8278 791.1 -5800.1
8279 996.8 -5764.7
8280 11167.9 4651.6
8281 900.9 -5745.4
8282 867.8 -5729.7
8283 852.3 -5647.3
8284 684.1 -5527.5
8285 652.1 -5579.2
8286 600.2 -5546.1
8287 586.9 -5573.2
8288 572.4 -5602.7
8289 581.3 -5633.8
8290 507.5 -5576.3
8291 11013.6 4357.4
8292 371.4 -5523.9
8293 435.5 -5452.4
8294 464.2 -5650.8
8295 510.4 -5647.6
8296 445 -5627.4
8297 476.9 -5673.5
8298 539.6 -5648.9
8299 519.2 -5602.2
8300 417.7 -5597.3
8301 385.6 -5553.4
8302 10995 4385.8
8303 471.1 -5571.4
8304 473.2 -5721.2
8305 510.9 -5691.3
8306 526.7 -5719
8307 486.3 -5743.8
8308 710.4 -5556.5
8309 795.8 -5580
8310 735.1 -5472.6
8311 776.1 -5546.9
8312 768.1 -5455.5
8313 10898.6 4292.1
8314 801.2 -5438.9
8315 734.2 -5422.8
8316 842 -5510.9
8317 800.8 -5531.7
8318 834.9 -5559.9
8319 525.5 -5118.4
8320 578.9 -5155.4
8321 544.2 -5099.1
8322 510 -5176.8
8323 475.6 -5072.9
8324 11025.7 4335.9
8325 467.1 -5049.8
8326 444.7 -5021.8
8327 499.9 -5016.1
8328 473 -4994.7
8329 495.8 -4972.8
8330 436.3 -5103
8331 552.9 -4967.4
8332 596.6 -4972.1
8333 576.3 -5045
8334 399.6 -5131.6
8335 4585.3 3075.1
8336 11061.2 4391.7
8337 601.4 -5126.2
8338 682.7 -5165.4
8339 662.7 -5140.3
8340 734.1 -5292.3
8341 635.7 -5164.2
8342 554.3 -5075
8343 507.9 -5057.7
8344 605.5 -5190.1
8345 578.9 -5203.2
8346 1703.7 -5332.6
8347 11374.6 3680.9
8348 1704.2 -5286.3
8349 1647.9 -5330.1
8350 1683 -5359.6
8351 1777.2 -5337.2
8352 1484.6 -5414.9
8353 1512.9 -5365.9
8354 1459.2 -5407.4
8355 1540.5 -5353.8
8356 1704.5 -5260.3
8357 1676.8 -5262.1
8358 11327.7 3655.6
8359 1595.6 -5448.8
8360 1567.7 -5354.3
8361 1630.3 -5264.2
8362 1618.2 -5329.6
8363 1530.7 -5390.7
8364 1570.3 -5474.9
8365 1524.2 -5524.3
8366 1602.8 -5507.3
8367 1546.1 -5414.6
8368 1591 -5690.3
8369 11347 3733.8
8370 1607.2 -5713.3
8371 1736 -5840.3
8372 1720 -5865.3
8373 1785 -5808.8
8374 1827.9 -5797
8375 1484.4 -6025.8
8376 1554.1 -6001
8377 1557.6 -6027.8
8378 1523.4 -5791.1
8379 1546.3 -5731.8
8380 11431.3 5111.8
8381 1485.1 -5715.9
8382 1541.4 -5842
8383 1574.8 -6093.8
8384 1571.5 -6152.7
8385 1576.1 -6115.9
8386 1682.9 -5785.5
8387 1647.6 -5753
8388 1660.1 -5809.2
8389 1684.6 -5730.2
8390 1687.3 -5760.8
8391 11269.7 5012.7
8392 1747.4 -5745.5
8393 1691.1 -5683.4
8394 1685 -5707.3
8395 1646.3 -5677.1
8396 1806.1 -5702.8
8397 1800.9 -5728
8398 1746.2 -5691.1
8399 1751.1 -5662.9
8400 1900.8 -5489.5
8401 1885.4 -5464.7
8402 11121.8 5300.6
8403 1991.8 -5288.1
8404 2011.1 -5306.6
8405 1878.6 -5374.7
8406 1841.2 -5403.8
8407 1856.9 -5425
8408 1723.5 -5492.8
8409 1860.8 -5388.5
8410 1802.5 -5350
8411 1628 -5550.9
8412 1667.9 -5595.9
8413 11137.5 5315.9
8414 1897.7 -5398.6
8415 1864.7 -5350.4
8416 1920.8 -5427.6
8417 1618.6 -5661.2
8418 1738.5 -5512.9
8419 1784.4 -5574.5
8420 1805.7 -5558.4
8421 1768.6 -5553
8422 1678.4 -5649.1
8423 -5410.5 2530.4
8424 11193.4 5258
8425 -5303 2673.2
8426 370.1 -1765.6
8427 379 -1808.5
8428 233.3 -4803.8
8429 10050.4 10949
8430 10023.3 10931.5
8431 -4321.5 4393.1
8432 -5796.3 2582.9
8433 -7720.4 -1284.6
8434 -7669.9 -1343.9
8435 10835.8 952.5
8436 -7760.7 -1310.4
8437 -7642.5 -1371.8
8438 -7694.3 -1385.6
8439 -7616.3 -1397.8
8440 -7601.2 -1421.3
8441 -7656 -1427.9
8442 -7590.9 -1438.5
8443 -7539.7 -1338.2
8444 -7565.5 -1476.6
8445 -7731.8 -1530.7
8446 6345.8 3851
8447 11075.4 1324.9
8448 -2666.2 -1525.9
8449 -7591.5 -1290.7
8450 -7625.1 -1221.6
8451 -7574.1 -1314.6
8452 -7800.3 -1334.4
8453 -7869.6 -1291.2
8454 -7729.3 -1416.1
8455 -7760.2 -1498.1
8456 -7844 -1359
8457 -7770.2 -1371.3
8458 11179.5 1375.7
8459 -7825.1 -1406.8
8460 -7786.4 -1461.8
8461 -7958.6 -1261.7
8462 -8051.3 -1272.5
8463 -7874.9 -1250.9
8464 -8060.7 -1320.3
8465 -8047.8 -1350.2
8466 -8007.9 -1306.4
8467 -8035 -1379.1
8468 -8022.2 -1407.5
8469 11049.7 1219.5
8470 -7981.8 -1360.4
8471 -8009.5 -1435.9
8472 -7998.1 -1465.1
8473 -7965.6 -1416.1
8474 -7971.2 -1526.7
8475 -7985.8 -1493.3
8476 -7900.6 -1484
8477 -8058 -1573.2
8478 -7885.4 -1382.3
8479 -7901.3 -1352.8
8480 10861.4 983.9
8481 -7844.1 -1500.8
8482 -7931.5 -1296.4
8483 -7949.5 -1750.2
8484 -7728.3 -1680
8485 -7976.6 -1702.2
8486 -8003.7 -1660.8
8487 -7862.3 -1643.5
8488 -8195.4 -1334.7
8489 -8690 -1597.2
8490 -8587.8 -1603.3
8491 10834.9 1050.6
8492 -8761.1 -1734
8493 -7779.6 -1598.9
8494 -7798.9 -1566.8
8495 -7731.2 -1565.2
8496 -7819.9 -1533.9
8497 -7879 -1520.7
8498 -7711.6 -1707.2
8499 -7673.2 -1772.9
8500 -7659.8 -1679.5
8501 -7518.9 -1600.6
8502 10927.9 1068.4
8503 -7470.3 -1676.8
8504 -7530.4 -1579
8505 -7618.8 -1655.2
8506 -7590.2 -1640
8507 -7613 -1555.6
8508 -7423.3 -1641.2
8509 -7485 -1555.3
8510 -7426.4 -1520.7
8511 -7373.1 -1632.7
8512 -7713.6 -1554
8513 10799.8 1078.2
8514 -7677.5 -1651.1
8515 -7558.7 -1698.9
8516 -7654.2 -1803.7
8517 -7642.7 -1822.6
8518 -7247.3 -1533.2
8519 -7308.2 -1583.5
8520 -8037.7 -1606.5
8521 -8078.6 -1540.1
8522 -7920.6 -1453.8
8523 -7951.7 -1442.9
8524 10828.7 1137.6
8525 -7753.6 -1641.1
8526 -8114.1 -1491.1
8527 -8097.4 -1515.8
8528 -8136.7 -1456.1
8529 -8162.7 -1409.9
8530 -8233 -1359.6
8531 -8314.6 -1426
8532 -8266.2 -1386.5
8533 -8343 -1401.7
8534 -8293.1 -1465.5
8535 10871.3 1113.4
8536 -8409.7 -1442.7
8537 -8368.6 -1360.8
8538 -8360.8 -1516.7
8539 -8184.2 -1493
8540 -8315.1 -1588.7
8541 -8400 -1542.2
8542 -8539.7 -1603.3
8543 -8500.2 -1519.8
8544 -8299.4 -1301
8545 -8433.3 -1385.1
8546 10818.1 1019.3
8547 -8449.8 -1319.9
8548 -8510.8 -1482.5
8549 -8476.5 -1334.8
8550 -8536.3 -1428.8
8551 -8543.3 -1499.5
8552 -8571.6 -1445.4
8553 -8558.6 -1383.9
8554 -8656.7 -1438.6
8555 -8576.7 -1583.1
8556 -8560.7 -1570.3
8557 5336.2 2866.3
8558 11038.2 1110.5
8559 -8590.6 -1559.5
8560 -8631.4 -1483.6
8561 -8609.4 -1523.3
8562 -8675.6 -1557.7
8563 -8730.2 -1522.3
8564 -8713.2 -1553
8565 -8781.9 -1551.6
8566 -8855.1 -1593
8567 -8833.7 -1621.2
8568 -8700.6 -1577.9
8569 10893.8 1095.7
8570 -8764.2 -1581.8
8571 -8724.3 -2128.7
8572 -8672 -2121.5
8573 -8630.9 -2117.1
8574 -8824.9 -2251.5
8575 -8793.6 -2359.7
8576 -8765.9 -2240
8577 -8820.5 -2368.3
8578 -8765.8 -2352.9
8579 -8869.6 -2378.7
8580 10921 1204.3
8581 -8739.1 -2339.4
8582 -8689.9 -2436.9
8583 -8691.4 -2490.1
8584 -8692.1 -2544.5
8585 -8725.9 -2496.9
8586 -8780.6 -2511.8
8587 -8892.7 -2380.9
8588 -8591.2 -2102
8589 -8489.7 -2064.8
8590 -8289.1 -1984.2
8591 10873.8 1230.3
8592 -8338.6 -2003.5
8593 -8347.5 -1894.9
8594 -8275 -2032.9
8595 -8477.1 -2114.8
8596 -8298.8 -2111.9
8597 -8249.1 -2100.3
8598 -8359 -2127.1
8599 -8323 -2051.7
8600 -8254.8 -2131.2
8601 -8390.4 -2024.4
8602 10920.2 1315.1
8603 -8429.7 -2039.9
8604 -8381.4 -2072.5
8605 -8522.8 -1990.7
8606 -8476.1 -1967.3
8607 -8388.8 -1918.5
8608 -8432.2 -1943.3
8609 -8524.4 -1689.6
8610 -8602.8 -1630.3
8611 -8548.7 -1703.3
8612 -8469.3 -1657.4
8613 10991.6 1147.5
8614 -8478.4 -1638
8615 -8524.2 -1628.5
8616 -8486.2 -1554
8617 -7125.7 -2757.2
8618 -7112.4 -2784
8619 -7237.6 -2813.1
8620 -7227.2 -2830.7
8621 -7263.7 -2767.7
8622 -7286.9 -2938.1
8623 -7251.4 -2917.5
8624 10955.1 1178.2
8625 -7252.7 -3007
8626 -7416.3 -2995
8627 -7210.7 -2856.9
8628 -7191.9 -2890.9
8629 -7216.1 -2990.8
8630 -7283 -2732.5
8631 -7425.9 -2811.3
8632 -7260.8 -2885.1
8633 -7285.2 -2857.2
8634 -5683.5 -5928.3
8635 11013.2 1250.4
8636 -5685.7 -5905.9
8637 -5876.3 -3653.4
8638 309 -4932.8
8639 -2324.8 -2451.5
8640 -6608.1 -9783.4
8641 -8990.3 -2791.7
8642 -9018.9 -2814.7
8643 -9031.5 -2669.6
8644 -9091.8 -2669.2
8645 -9022 -2396.8
8646 10992 1268.9
8647 -9211 -2452.3
8648 -9247.7 -2488.5
8649 -9183.9 -2497.2
8650 -9017.6 -2326.7
8651 -9127.8 -2608.8
8652 -9041 -2779.2
8653 -9053.6 -2757.9
8654 -9117.1 -2800.8
8655 -9269.8 -3031.4
8656 -9132.2 -2698.2
8657 11141.8 1406.3
8658 -9074.2 -2718.8
8659 -9168.9 -2723.9
8660 -9141 -2766
8661 -9205.7 -2591.2
8662 -9160.3 -2541.7
8663 -9122.6 -2504.1
8664 -9073.8 -2454.6
8665 -9291.6 -2607.9
8666 -9318.8 -2566.3
8667 -9459.4 -2611.6
8668 5359.9 2848.3
8669 11017.2 1494.8
8670 -9389.7 -2530.6
8671 -9355 -2525.1
8672 -9359.5 -2490.6
8673 -9308.8 -2429.3
8674 -9392.1 -2492.2
8675 -9445.5 -2441.8
8676 -9424.6 -2565
8677 -9377.9 -2360
8678 -9496.5 -2505.7
8679 -8900.6 -2562.6
8680 10922.5 1448.8
8681 -525.9 2306.4
8682 -487.7 2319.2
8683 -459.3 2288.9
8684 -178.4 2255.7
8685 -131.3 2223.5
8686 -132.9 2238.9
8687 705.6 1622
8688 86.7 2039.6
8689 446.4 1853.4
8690 820.7 1495.8
8691 11095.5 1181.8
8692 712.9 1631.3
8693 -8721.8 -1718.8
8694 -8696 -1698.2
8695 -9074.6 -1699.9
8696 -9041.7 -1738.6
8697 -9127.3 -1813.8
8698 -9010.4 -1773.5
8699 -9100.9 -1840
8700 -8961.5 -1730.4
8701 -9059.1 -1816
8702 11224.5 1338.2
8703 -8927 -1833.5
8704 -8961.6 -1864
8705 -9180.2 -1915.6
8706 -9125.1 -1951.9
8707 -9433.2 -2965.3
8708 -9400.6 -2924.6
8709 -9638.2 -3668.7
8710 -9738.4 -3596.8
8711 -9766.3 -3673.7
8712 172.8 -6041.3
8713 11104.9 1436.3
8714 -5608 -3068.4
8715 -5817.5 -3180.7
8716 -6096 -3236.8
8717 -5822 -3202.3
8718 -5908.7 -3423.5
8719 -5891.9 -3269.6
8720 -5896.9 -3623.9
8721 -5883.8 -3165.3
8722 950 -8670.5
8723 -6692.4 -5299.3
8724 11119.5 1570.3
8725 -6733.9 -5269.9
8726 -6671 -5239.9
8727 -6808.8 -5206.8
8728 -6746.3 -5122.5
8729 -6916.6 -5102
8730 -7023.9 -4986.1
8731 -6959.2 -5283
8732 -7119.2 -5517.5
8733 -6880.6 -5138.2
8734 -6930.3 -5171.5
8735 10892 1473.1
8736 -6800.2 -5061.2
8737 -7151.4 -4940
8738 -7170.4 -4908.2
8739 -7073.7 -5029.3
8740 -7096 -5007.2
8741 -7053 -5049.7
8742 -5882.7 -3937.6
8743 10654.1 11700.1
8744 -8799.7 -2931.8
8745 -8732.4 -2817.2
8746 10729.6 1136.1
8747 -8445.8 -2773.8
8748 2495.1 4005.5
8749 -3303 -1898.4
8750 7953 5705.4
8751 7930.6 5704.1
8752 11047.6 7047.3
8753 9427.7 10454.1
8754 9400.3 10491.7
8755 10016.9 8957.6
8756 -514.2 -1754
8757 10751.1 1181.9
8758 -11150.7 -2029.6
8759 -5885.4 -3007.3
8760 -6181.8 -3236.2
8761 -5904.1 -3194.2
8762 -6392.4 -3314.7
8763 -3852.4 984.9
8764 -11141.3 -1991
8765 -11138.4 -2123.7
8766 -11174.8 -1997.7
8767 6871.2 4153.7
8768 10588.9 1012.3
8769 153.8 -5918
8770 147.4 -5882.4
8771 124.8 -5922.5
8772 -6061.7 2907.6
8773 -6043.2 2943.4
8774 -6053.1 2981
8775 -5993.5 2835.5
8776 1588.9 -7007.7
8777 1343.9 -6847.7
8778 1360.6 -6862.8
8779 5404.8 3010
8780 10836.1 1358.4
8781 1388 -6815.9
8782 1254.2 -6918.5
8783 1753.2 -6690.5
8784 1682.3 -6690.8
8785 1580.4 -6661.1
8786 1593.3 -6687.1
8787 1959.7 -6984
8788 1230.7 -6818.5
8789 1238.2 -6840
8790 1214.1 -6780.2
8791 10797.9 1272.3
8792 1278.4 -6765.7
8793 1382.7 -6871.5
8794 1490.7 -6877.4
8795 1528.7 -6802.9
8796 1512.2 -6782.2
8797 1563.1 -6830.6
8798 1580.9 -6764
8799 1620.5 -6735.4
8800 1501.4 -6558.6
8801 1371.3 -6792
8802 11333.7 1402.6
8803 1460.2 -6599.6
8804 1476.8 -6584
8805 1350.6 -6727.6
8806 1156.7 -6690
8807 1182.1 -6730.2
8808 1127.8 -6713.3
8809 1240.3 -6616.3
8810 1709.4 -6725.8
8811 -10108.9 -3346.7
8812 -1260.2 -869.2
8813 11452 1492.2
8814 -1386.1 -801.6
8815 -7515.6 -1780.3
8816 -7627.2 -1846.8
8817 -7707.1 -1797.6
8818 -7656.3 -1885.5
8819 -11099.7 -2331.9
8820 -11081.5 -2354
8821 -10924.3 -2192
8822 -10895.9 -2149
8823 -10911.8 -2257.7
8824 11250.6 1465.7
8825 -11450.5 -2281.9
8826 -11418.6 -2313.1
8827 -11397 -2178.3
8828 -11490.4 -2341.3
8829 -11238.6 -2492.2
8830 -11287.6 -2443
8831 -11337.4 -2584.3
8832 -10961.6 -1985.7
8833 -10964.1 -1958.9
8834 -10885.8 -1970
8835 11058.8 1611.1
8836 -10937.2 -2124
8837 -10945.4 -2083.7
8838 -10965.8 -2163.6
8839 -11004.6 -2175.6
8840 -11187.5 -2209
8841 -11124.1 -2196
8842 -11172.9 -2276.4
8843 -11202.5 -2136.5
8844 -11238.1 -2232.8
8845 -6839.6 -6338.9
8846 11108.2 1693.6
8847 -6888.4 -6396.9
8848 -6813.9 -6339.4
8849 -6814.1 -6314.6
8850 -6594.8 -5850.8
8851 -6578.7 -5731.5
8852 -6635.6 -5967.8
8853 -6595 -5929.7
8854 -6618.6 -5928.3
8855 -6727.6 -5989.6
8856 -6828 -6097.5
8857 11072.3 1713.8
8858 -6743.4 -5965.7
8859 -6799 -6124.3
8860 -6724.6 -5930.5
8861 -6722.2 -5877.3
8862 -6597.9 -5674.8
8863 -6676.8 -5808.2
8864 -6639 -5829.2
8865 -6608.8 -5892.1
8866 -6700.5 -5844.5
8867 -6756.4 -5836.3
8868 11169.5 1658.6
8869 -6745.3 -5532.1
8870 -6781.6 -5674.8
8871 9853.1 7108.5
8872 9921 7145.1
8873 9867.6 7083.3
8874 9879.9 6847.7
8875 9799.8 6830.7
8876 9892.4 6884.4
8877 9813.9 6808.3
8878 9768.2 6810.7
8879 11162 1532.7
8880 9829.8 6939.6
8881 9893.9 6821.9
8882 9828.6 6785
8883 9781.6 6787.4
8884 9911.1 6790.3
8885 9844.4 6760.9
8886 9793.9 6765.2
8887 9924.8 6765.2
8888 9809.1 6739.1
8889 1584.6 -6901.4
8890 271.2 -1313.4
8891 5376.8 3020.3
8892 11240.3 1785.1
8893 1535.5 -6860.6
8894 1600.6 -6803.7
8895 1645 -6853.5
8896 1737.2 -6762.2
8897 1831.8 -6788.4
8898 1623.1 -6878.5
8899 1674.2 -6821.5
8900 1743.5 -6944.7
8901 1714.4 -6973.8
8902 1733.4 -6892.2
8903 11217.5 1630.3
8904 1642.7 -6960.5
8905 1546.4 -6725.1
8906 1438.9 -6804.4
8907 1835.8 -6895.1
8908 1789.8 -6830.2
8909 1607.2 -6922.4
8910 1753.5 -6876.9
8911 1762.3 -6850.8
8912 1277.3 -6937.8
8913 1411.5 -6775.1
8914 11186.3 1513.9
8915 1525.9 -6887.7
8916 1459.1 -6829.4
8917 1474.8 -6970.5
8918 1439.7 -6966
8919 1505.8 -6979.9
8920 1307.1 -6785.2
8921 1170.8 -6598.3
8922 1204.4 -6608.1
8923 1126.1 -6642.4
8924 1083.7 -6620.8
8925 11388.5 1698.9
8926 1138.6 -6588
8927 1081.5 -6571.6
8928 1112.1 -6579.6
8929 1028.3 -6556.8
8930 1252.5 -6549.1
8931 1221.4 -6547.5
8932 1177.4 -6536.5
8933 1152.5 -6533.1
8934 1120 -6540.2
8935 1285 -6551
8936 11315.7 1741.1
8937 1256.6 -6516.4
8938 1233 -6947.1
8939 1201.2 -6926.3
8940 1096.1 -6997
8941 1056.9 -6815.5
8942 1056.3 -6765.4
8943 1137.4 -6884.2
8944 1020.9 -6764.9
8945 1079.3 -6750.9
8946 999.6 -6652.9
8947 11451.8 1813.2
8948 989.3 -6544.8
8949 957.2 -6570.7
8950 1016.7 -6598.3
8951 970.1 -6669.8
8952 1030.5 -6643.2
8953 1039.1 -6600.2
8954 1103.8 -6733.1
8955 1572.9 -6925
8956 1593.5 -6943.3
8957 1527.1 -6987.6
8958 11178 1818.3
8959 1555.2 -6998.2
8960 1548.4 -6896.1
8961 1114.2 -6803.7
8962 1130.3 -6780.2
8963 1773 -7035.2
8964 1796.6 -7048.3
8965 1768.4 -7067.5
8966 1973.4 -7093.2
8967 1957.1 -7110.8
8968 1935.9 -7069.8
8969 11244.7 1614.3
8970 1925.7 -7141
8971 1163.4 -6820.5
8972 1155.2 -6756.8
8973 1909.9 -7044.9
8974 1831.2 -7146.6
8975 1169.1 -6910.3
8976 1107.7 -6899.5
8977 1066.6 -6906.1
8978 1054.3 -6993.3
8979 1035 -6918
8980 11277.4 1763.1
8981 1014.6 -6878.9
8982 998.4 -6928.2
8983 964.1 -6941
8984 1281.8 -6671.1
8985 1307.1 -6679.5
8986 1234.8 -6720.4
8987 1195.6 -6753.1
8988 1252.3 -6743.6
8989 1331.3 -6693.8
8990 1271.2 -6623.2
8991 11304 1897.6
8992 997.9 -6847
8993 977.7 -6803
8994 1025.4 -6835.6
8995 944 -6867.2
8996 964.5 -6765.8
8997 989.4 -6766
8998 935.2 -6832.2
8999 953.7 -6904.3
9000 974.2 -6979.4
9001 537 -5434
9002 5431.2 2997.7
9003 11354 1806.4
9004 455.1 -5525.6
9005 442 -5495.1
9006 1973.6 -7003
9007 1245.5 -6478.4
9008 1213.1 -6487.4
9009 1202.1 -6462.2
9010 1347.7 -6773.4
9011 1332.2 -6756.1
9012 1276.6 -6594.9
9013 1307.3 -6556.4
9014 11380 1854.2
9015 1338.2 -6634.4
9016 1340.3 -6673.1
9017 1360.8 -6593
9018 1348.2 -6491.8
9019 1332.1 -6440.6
9020 1308.7 -6447.7
9021 1380.5 -6421.2
9022 1278 -6456.4
9023 1408.8 -6441.5
9024 1510.7 -6445.6
9025 11432.2 1946.1
9026 1450.2 -6484.1
9027 -110.7 -6058.3
9028 487.9 -6051.7
9029 448.7 -6043
9030 271.1 -6123.6
9031 311.1 -6114.6
9032 317.9 -6136
9033 1297.9 -6531.3
9034 1283.5 -6479
9035 1321.7 -6495.2
9036 11336.9 1878.8
9037 1291.1 -6503.9
9038 1302.1 -6416.9
9039 1026.2 -6510.1
9040 960.6 -7204.8
9041 1108.6 -7395
9042 -471.9 -5651.1
9043 -442.4 -5722.8
9044 -266.3 -6153.7
9045 -8460 -4276.9
9046 -8465 -4232.7
9047 11247.2 1930.3
9048 -8414.1 -4316.2
9049 -8342.4 -4382.3
9050 -8307.3 -4350.1
9051 -8380.8 -4420.5
9052 -8235 -4369.4
9053 -8513.9 -4331.3
9054 -8585.8 -4350.1
9055 -8446 -4413.8
9056 -8306.5 -4492.3
9057 -8271.4 -4543.5
9058 11475.3 1646.6
9059 -8342.4 -4520.3
9060 560.2 -5968.6
9061 406.9 -5711.4
9062 -7803.9 -2229.6
9063 -7846.4 -2254
9064 -7859.9 -2231.1
9065 -7808.8 -2319.8
9066 -7590 -2181.6
9067 -7629.8 -2214.3
9068 -7592 -2269.2
9069 11567.7 1807
9070 -7659 -2177.2
9071 -7690.2 -2132.3
9072 -7651.6 -2265.6
9073 -7691.1 -2046.3
9074 -7766.4 -2094.7
9075 -7739.9 -2134
9076 -7891.8 -2182.9
9077 -7871.9 -2211.9
9078 -7957.7 -2284.7
9079 -7940.6 -2322.2
9080 11541.4 1762
9081 -8000.4 -2308
9082 -8042.6 -2327.9
9083 -7985.8 -2342.3
9084 -8014.8 -2275.4
9085 -8064.5 -2338.4
9086 -8080.1 -2304.5
9087 -8035.9 -2396.7
9088 -7916.3 -2374.9
9089 -7971.9 -2374.7
9090 -7948.4 -2402.7
9091 11647.1 1823.4
9092 -8057.6 -2294.4
9093 -8023.1 -2256.8
9094 -8046.5 -2204.7
9095 -7975.6 -2415
9096 -8054.6 -2503.5
9097 -7989.1 -2484.3
9098 -8077.7 -2528.2
9099 -8040.1 -2540.4
9100 -7956.9 -2466
9101 -7914.5 -2453.7
9102 11209.3 1950.9
9103 -7921.8 -2213.3
9104 -7895.5 -2248.9
9105 -7849.7 -2339.5
9106 -7771.8 -2558.2
9107 -7855.8 -2508.5
9108 -7797.2 -2568.2
9109 -7786.9 -2528.5
9110 -7794.3 -2480.5
9111 -7830 -2496.8
9112 -7774.6 -2386.6
9113 5471.7 3163.2
9114 11247 2054.4
9115 -7764.2 -2408.1
9116 -7785.4 -2365.5
9117 -7827.2 -2412.1
9118 -7752.5 -2432.3
9119 -7866.6 -2484.6
9120 -7805.6 -2457.6
9121 -7815.1 -2436.1
9122 -7847.3 -2365.8
9123 -7838.7 -2389
9124 -7886.6 -2440.4
9125 11297.9 2024
9126 -7876.6 -2462.3
9127 -7897.4 -2416.3
9128 -7797 -2342.8
9129 -2384.3 1634.9
9130 -2346.4 1577.8
9131 -12958 -7369
9132 -8397.8 -2496.9
9133 -8416.4 -2512.1
9134 -8439.8 -2530.8
9135 -8548.2 -2586
9136 11295.3 2140.2
9137 -8364.9 -2470.2
9138 -8489.7 -2336.9
9139 -8380.7 -2184.8
9140 -8301.6 -2418.6
9141 -8358.5 -2220.5
9142 -8403.4 -2302.1
9143 -7588.3 -2098.6
9144 -7608.3 -1920.2
9145 -8533.1 -2361.1
9146 -8336.2 -2457.1
9147 11348.3 2107.5
9148 -8331.6 -2567.8
9149 -8398.5 -2243.5
9150 -8419.6 -2204
9151 -8619.5 -2364.2
9152 -8066 -2552.3
9153 -8071.9 -2471.5
9154 -8099.3 -2483.8
9155 -8088.7 -2505.7
9156 -8005 -3635.1
9157 -9183.8 -4024.7
9158 11325 2205.1
9159 -9044.9 -4089.3
9160 -8849.7 -4139.2
9161 -9035.9 -4195.9
9162 -8975.5 -4138.8
9163 -9142.6 -4053.6
9164 -5062.3 -9424.8
9165 -6175.2 -11890.5
9166 -6429.3 -12027.9
9167 -6142.6 -11488.4
9168 -6150.6 -11419
9169 11379.5 2148.4
9170 -6200.3 -11505.4
9171 -6068.2 -11557
9172 -6214.5 -11327.3
9173 -6451.5 -11478.8
9174 -6300.9 -11559.5
9175 -6521.5 -11609.1
9176 -6449.8 -11456.4
9177 -6562.1 -11790.7
9178 -6565.2 -11688.4
9179 -6556.1 -11832.4
9180 11552.7 1990.6
9181 -5999.5 -11919.2
9182 -6032 -11905.4
9183 -5927.2 -11839.3
9184 -6050.4 -12389.4
9185 -5996.9 -11788.9
9186 -5852.5 -11589.1
9187 -5749.2 -11282.4
9188 -5687.9 -11325
9189 -5778 -11374.4
9190 -5643.4 -11661.3
9191 11482.5 2031.5
9192 -5419.9 -11805.2
9193 -5320.1 -11873.4
9194 -5461.8 -11723.4
9195 -5388.1 -12192.9
9196 -5154 -12063.2
9197 -5618.5 -11420.1
9198 -5633.8 -11399.2
9199 -5528.7 -11590.6
9200 -10670.4 -5865.5
9201 -5342.7 -11465.2
9202 11643.9 1937.6
9203 -5359.6 -11477.2
9204 -5385.2 -11494.2
9205 -5432.8 -11524.3
9206 -5651 -11375.8
9207 -6046.7 -12473.2
9208 -6151.4 -12163.2
9209 -5729.4 -12970.9
9210 -6579.1 -12372.6
9211 -6913.7 -12227.4
9212 -6930.5 -11894.4
9213 11392.2 2200.5
9214 -6512.7 -11369.4
9215 -8849.4 -4101
9216 -8941.6 -4054.5
9217 -8973.3 -4067.8
9218 -8992.9 -4076
9219 -8944.2 -4122.2
9220 -8877.9 -4048.5
9221 -8566.4 -4817.6
9222 -8589.8 -4840.8
9223 -8633.9 -4807.2
9224 5354.7 3030.3
9225 11420.4 2269.2
9226 -8690.2 -4677.7
9227 -8618.5 -4660.1
9228 -8663.2 -4708.1
9229 -8647.2 -4629.1
9230 -8644.1 -4729.6
9231 -8645 -4589.1
9232 -8625.4 -4566.2
9233 -8483 -4701.5
9234 -8447.1 -4811.9
9235 -8523.4 -4654.5
9236 11375 2163.4
9237 -8424 -4839.1
9238 -8587.4 -4591.2
9239 -8419.1 -4537.2
9240 -8627.1 -4027.1
9241 -8787.5 -4118.3
9242 -9164.1 -4108.4
9243 -9183 -4162.1
9244 -9096 -4238.4
9245 -4534.9 -12186
9246 -9993.3 -8834.1
9247 11477.5 2400.8
9248 -10011.6 -8813.4
9249 -10076.4 -8905
9250 -10030.3 -8790.8
9251 -9933.2 -8746.1
9252 -10094.1 -8884.1
9253 -10054.3 -8762.9
9254 -9952.2 -8723.2
9255 -10113.3 -8861.6
9256 -10172 -8951.1
9257 -10180.9 -8921.2
9258 11515.4 2387.1
9259 -10142.4 -8827.2
9260 -6811 -5635.4
9261 -6733.3 -5618.2
9262 -7497.5 -4788.9
9263 -7020 -5494.1
9264 -8517.7 -4976.9
9265 -8752.5 -5322.5
9266 -10438.9 -5931
9267 -10356.3 -5808.2
9268 -10467.9 -5959.5
9269 11381.2 2286.2
9270 -10510.5 -5861.7
9271 -10531.5 -5832.1
9272 -10562.1 -5789.9
9273 -10620.9 -5833.6
9274 -8535.6 -5268.5
9275 -8549.1 -5237.2
9276 -8478.8 -5226.2
9277 -8588.1 -5307.5
9278 -8582.6 -5156.6
9279 -8637.2 -5211.4
9280 11621.6 2338.6
9281 -8537.6 -5099.5
9282 -8708.7 -5259.9
9283 -8608.3 -5322.7
9284 -8629.3 -5338.2
9285 -8666.3 -5250.4
9286 -8657.8 -5358.1
9287 -8468 -5439
9288 -8603.8 -5275.9
9289 -8582.8 -5626.3
9290 -8530.8 -5682.7
9291 11679.7 2312.3
9292 -8546 -5666.2
9293 -8568.5 -5641.9
9294 -8635.1 -5746.5
9295 -8463.5 -5607.8
9296 -8488.9 -5634
9297 -8447.8 -5550.3
9298 -8384.3 -5475.2
9299 -8466.6 -5528.4
9300 -8444.8 -5498.7
9301 -8474 -5649.6
9302 11725.7 2292.8
9303 -8355.3 -5517.2
9304 -8280.1 -5440.1
9305 -8335 -5494
9306 -8774.9 -5303.6
9307 -8788.8 -5284.3
9308 -8848.4 -5372
9309 -8751.3 -5364.1
9310 -8831.9 -5265.5
9311 -8874 -5437.6
9312 -8892.6 -5404.6
9313 11785.9 2300.4
9314 -8850.7 -5421.9
9315 -8806.6 -5420.6
9316 -8821.2 -5399.6
9317 -8869.5 -5311.5
9318 -8797.6 -5390.7
9319 -8611 -4862
9320 -8443.1 -4860.5
9321 -8420.1 -4885.8
9322 -8483.5 -4901.8
9323 -8460.3 -4923.7
9324 11803.6 2349.7
9325 -8483.2 -4944.9
9326 -8495.1 -5067.5
9327 -8393.4 -5147.9
9328 -8415 -5089.9
9329 -8376 -5132.5
9330 -8442.4 -5069.1
9331 -8512 -5158.3
9332 -8494 -5197.5
9333 -8522.2 -5135.1
9334 -8343.5 -5101.4
9335 5313.7 2881.3
9336 11814 2395.8
9337 -8481.5 -5102.9
9338 -7478.7 -6724.5
9339 -10363.7 -5575.9
9340 -10260.1 -5452.1
9341 -10236.8 -5428.9
9342 -10203.7 -5398.3
9343 -10202 -5842.3
9344 -10280.1 -5742.7
9345 -10254.5 -5720.7
9346 -10228.4 -5809.1
9347 11771.2 2380.3
9348 -10173.1 -5821.7
9349 -10170.3 -5368.1
9350 -10235.1 -5303.4
9351 -10267.2 -5328.2
9352 -10374.7 -5790.8
9353 -10590.9 -5907.5
9354 -4505.4 -12404.3
9355 -3499.3 -11405.9
9356 -3428.8 -11355.2
9357 -3520.1 -11379.7
9358 11529.4 2442
9359 -3536.6 -11437.1
9360 -3482.3 -11430.1
9361 -3409.9 -11376.6
9362 -3377.1 -11351.7
9363 -3388 -11401.1
9364 -3449 -11330.4
9365 -3356 -11376.3
9366 -3416 -11305.2
9367 -3470.2 -11304.9
9368 -3546.8 -11398.1
9369 11548.8 2499.8
9370 -3567.3 -11375
9371 -3634.1 -11464.5
9372 -3692.6 -11398.4
9373 -3599.5 -11333.1
9374 -3671.3 -11420.6
9375 -3583.6 -11353.9
9376 -3617.7 -11311.9
9377 -3570.3 -11310.8
9378 -3339 -11395.8
9379 -3438.4 -11279.7
9380 11560.8 2536
9381 -3472.4 -11237.4
9382 -3455.4 -11259.1
9383 -3489.4 -11215.6
9384 -3638.8 -11285.2
9385 -3507.2 -11191.3
9386 -4626.8 -12248.4
9387 -4590.2 -12224.6
9388 -4568.7 -12210.1
9389 -4496.5 -12326.7
9390 -4460.5 -12305.3
9391 11602.1 2486.1
9392 -4436.7 -12344.5
9393 -3538.8 -11355.8
9394 -3554.4 -11332.6
9395 -3654 -11441.9
9396 -3616 -11486.5
9397 -6768.5 -5573.3
9398 -7198.5 -5105
9399 -7613.3 -5092.2
9400 -7003.1 -5230.1
9401 -6751.5 -5003.8
9402 11823.4 2440.5
9403 -6700.2 -5059.1
9404 -6804.9 -4947.4
9405 -6839.2 -4944.1
9406 -6901.1 -4931.8
9407 -6873.2 -4908.1
9408 -6811.3 -4917.6
9409 -6947 -4957.9
9410 -6973.2 -4939.8
9411 -6955.5 -4919.6
9412 -7065.6 -4845.5
9413 11786.1 2448.2
9414 -7076.8 -4920.4
9415 -6794.8 -4904.7
9416 -6770 -4883.1
9417 -6832.1 -4845.2
9418 -6727.7 -5090.2
9419 -6656.3 -5196.3
9420 -6640.4 -5146.5
9421 -7106.9 -5763.5
9422 -7079.6 -5792.8
9423 -7149.9 -5813.9
9424 11833.8 2488.5
9425 -7046.6 -5829.1
9426 -7002.8 -5393.8
9427 -7058.5 -5454.9
9428 -6901.9 -5347.2
9429 -7088.8 -5486.2
9430 -7047.1 -5531.5
9431 -13124.1 -5259.2
9432 -6802.9 -4752.6
9433 -6872.3 -4788.3
9434 -6820.9 -4720.6
9435 11650.8 2385.9
9436 -6987.1 -4886.5
9437 -6849.3 -4669
9438 -6812.7 -4829.7
9439 -6971.8 -4769.3
9440 -7161 -4739.3
9441 -7092.9 -4901.6
9442 -7113.3 -4874.8
9443 -7131.3 -4848.9
9444 -7145.7 -4828
9445 -7161.2 -4805.3
9446 4538.6 2721.8
9447 11672.4 2470.9
9448 -7200.3 -4863.7
9449 -7175.9 -4783.8
9450 -7215.5 -4842.8
9451 -7189.5 -4760.7
9452 -7203.2 -4738.9
9453 -7245.4 -4799
9454 -7183.8 -4699
9455 -7260.7 -4776.2
9456 -7374.8 -4827.8
9457 -7359.3 -4848.8
9458 11614.7 2377.6
9459 -7230.8 -4820.8
9460 -7343.9 -4869.6
9461 -7328.4 -4890.7
9462 -7469.9 -4881.2
9463 -7609.7 -4991.2
9464 -7581.8 -5024
9465 -7448.3 -4848.5
9466 -7296.7 -4932.8
9467 -7312.7 -4911.6
9468 -7186.3 -4883.9
9469 11695.7 2397.1
9470 -6781.2 -5811.8
9471 -6804.4 -5788.8
9472 -6957.7 -5145.7
9473 -7024.5 -5211.8
9474 -6952 -4752.3
9475 -6931.9 -4736.2
9476 -7009.9 -4657.1
9477 -7132.5 -4725.6
9478 -7098.8 -4709
9479 -7073.1 -4812.5
9480 11611.1 2523.2
9481 -7048.2 -4792.3
9482 -6988.2 -4745.3
9483 -7008.4 -4760
9484 -7033 -4668.5
9485 -7028.5 -4777.5
9486 -7534.1 -4739
9487 -7556.2 -4710
9488 -7516 -4763.5
9489 -7465.5 -4708.3
9490 -6754.3 -4839.4
9491 11636.6 2479
9492 -13393.1 -5594.3
9493 -13525.8 -5520.8
9494 -13296 -5344.2
9495 -13290.6 -5457.4
9496 -6827.9 -11476.3
9497 -6914.9 -11834.4
9498 -6751 -10932
9499 -7239.2 -11463.8
9500 -7003.4 -12187.9
9501 -7344 -11636.1
9502 11859.7 2610.8
9503 -7318.2 -11593.6
9504 -7571.8 -12022.3
9505 -7493.3 -11549.8
9506 -7298.9 -11561.6
9507 -7622.7 -11472.4
9508 -7722.4 -5193.4
9509 -13813 -5524.6
9510 -7448.3 -4737.4
9511 -7712.1 -12242.5
9512 -7745.2 -12283.7
9513 11850.8 2570.8
9514 -7685.3 -12209.3
9515 -7775.9 -12321.6
9516 -7719.8 -11919.7
9517 -7667.7 -12184
9518 -7626.1 -12114.2
9519 -7714.8 -12473.3
9520 -7663.4 -12401.3
9521 -7753.7 -12522.6
9522 -7776.7 -12458
9523 -7798.9 -12579.7
9524 11877.4 2642.3
9525 -7647.8 -12386.5
9526 -7711.9 -12369.1
9527 -7732.5 -12398.5
9528 -7818.8 -12513.4
9529 -8169.7 -12068
9530 -8349.3 -11933.6
9531 -13237.9 -5421.9
9532 -8216.8 -6300.7
9533 -8459.9 -6381.6
9534 -8441.5 -6392.9
9535 11824.8 2627.8
9536 -8485.6 -6366.7
9537 -8400.6 -6286.8
9538 -8421.2 -6273.3
9539 -8381.2 -6301.8
9540 -8363.1 -6317.1
9541 -8408.2 -6419.1
9542 -7602.8 -10629.2
9543 -7825.7 -10455.6
9544 -7672.4 -10578.9
9545 -7849.9 -10434.9
9546 11765.5 2548.9
9547 -7683.7 -10420.5
9548 -7454.9 -10363.8
9549 -7491.6 -10372.7
9550 -7353.8 -10338.9
9551 -7470.5 -10232.5
9552 -7198.2 -10341.7
9553 -7243.6 -10329.3
9554 -7097.2 -10230.3
9555 -7538.1 -10384
9556 -7383.2 -10216
9557 4470.4 3031
9558 11747.8 2456
9559 -7398.7 -10178.3
9560 -7421.3 -10222.6
9561 -7341.4 -10210.7
9562 -7311.7 -10328.7
9563 -7315.1 -10207.7
9564 -7279.1 -10324.9
9565 -7295.4 -10274.8
9566 -7081.7 -10264.2
9567 -6604 -9874.4
9568 -6616.2 -10003.3
9569 11774.8 2587
9570 -6526.1 -10222.1
9571 -6715.8 -10992.7
9572 -6666.1 -11087.1
9573 -7546.7 -10670.7
9574 -10517.1 -3162.6
9575 -10651.7 -3115.5
9576 -7774.8 -10333.5
9577 -7843.4 -10250.6
9578 -7771.6 -10359.1
9579 -7808.3 -10190.4
9580 11786.7 2636.6
9581 -7701.8 -10346.5
9582 -7710.8 -10283.2
9583 -7827.5 -10218.4
9584 -7762.5 -10127.3
9585 -7674.6 -10263.8
9586 -7630.9 -10407
9587 -7603.7 -10400
9588 -7729.8 -10669.3
9589 -7853 -10834.3
9590 -7779.2 -10741.5
9591 11749.3 2643.9
9592 -7874.9 -10827.1
9593 -7712.4 -10772.9
9594 -7654.7 -10071.8
9595 -7448.9 -9999.7
9596 -7693.2 -10786
9597 -7648.4 -10794.1
9598 -8063.5 -10763
9599 -8165.7 -10729.5
9600 -8007.2 -10486.1
9601 -7989.8 -10458.7
9602 11642.5 2665.7
9603 -8110 -10420.1
9604 -8034 -10526.7
9605 -8346.3 -10558.2
9606 -8438.3 -10501.5
9607 -8374.2 -10597.5
9608 -8425.4 -10483.1
9609 -8482.7 -10554
9610 -8316.9 -10514.5
9611 -8351.5 -10482.9
9612 -8292.1 -10476
9613 11625 2585.1
9614 -8279.4 -10651.1
9615 -8295.2 -10680.7
9616 -8307.6 -10659.6
9617 -8296.6 -10640.8
9618 -8661.7 -9204.2
9619 -8605.9 -9014.8
9620 -8338.6 -9097.4
9621 -8156.7 -8958.5
9622 -8038.3 -9048.1
9623 -8651.1 -8855.5
9624 11677.5 2658.5
9625 -5659.6 -12975.4
9626 -9655.1 -5266.9
9627 -10034.9 -5279.2
9628 -10006.8 -5217.5
9629 -10011.8 -5307.3
9630 -10050.4 -5249.7
9631 -9973.2 -5266.6
9632 -9989.3 -5283.9
9633 -9897.7 -5400.7
9634 -9898 -5350.7
9635 11656.4 2569.2
9636 -8501.8 -10301.4
9637 -8537.5 -10373.6
9638 -8534.5 -10287.8
9639 -8557 -10332.7
9640 -10201.4 -5787.5
9641 -9426.6 -4782.4
9642 -9522.5 -4921.4
9643 -9503.9 -4936.9
9644 -9516.6 -5044.5
9645 -9481.7 -4955.6
9646 11690.2 2564
9647 -9535.3 -5019.4
9648 -9559.1 -5009
9649 -9562.6 -5179.7
9650 -9591 -5283.4
9651 -9625 -5274
9652 -9599 -5170.3
9653 -9680.6 -5372.5
9654 -9651.1 -5380.4
9655 -10151.5 -5184.3
9656 -10130.9 -5205.1
9657 11729.2 2554.4
9658 -10205.5 -5279.9
9659 -5692.3 -11369.5
9660 -5668.3 -11351.5
9661 -7725.1 -10110.9
9662 -7625 -10058.7
9663 -7450.8 -9968.7
9664 -7894.4 -10108.8
9665 -7991.3 -9085.8
9666 -3571.9 -11453
9667 -3553 -11476.2
9668 4521.7 3036.5
9669 11842.8 2530.8
9670 -3596.2 -11510.7
9671 -3579.2 -11531.3
9672 -3557.4 -11558.1
9673 -3522.4 -11511.1
9674 -3454.6 -11452.3
9675 -3520.7 -11456.6
9676 -3497.3 -11484
9677 -3482.4 -11503.6
9678 -3460.8 -11536
9679 -3486.6 -11554.6
9680 11805.9 2538.1
9681 -3409.7 -11498
9682 -3446.7 -11561.4
9683 -3370.7 -11421.3
9684 -3432.5 -11467.7
9685 -3344.6 -11452
9686 -3314.2 -11492.1
9687 -3585.1 -11652.4
9688 -6730 -3922.1
9689 -6713.8 -4080.9
9690 -6826.9 -3710.3
9691 11709 2463.8
9692 -6756.4 -3727.9
9693 -6841.8 -3662.8
9694 -6911.1 -3699.3
9695 -6900.6 -3723.5
9696 -6940.5 -3626.7
9697 -6791.8 -3641.7
9698 -6814.7 -3583
9699 -6774.6 -3681.9
9700 -6891.3 -3742.2
9701 -6930.7 -3761.7
9702 11708.9 2651.7
9703 -6972 -3538.1
9704 -6950.9 -3593.1
9705 -6919 -3520
9706 -7063.1 -3569.9
9707 -7041 -3627.2
9708 -7016.4 -3553.6
9709 -7104.9 -3583.1
9710 -7080.2 -3643
9711 -7065.7 -3677.8
9712 -6994.1 -3793.3
9713 11904.9 2674.6
9714 -7028.8 -3662.8
9715 -6997.4 -3609.7
9716 -6944.3 -3744.8
9717 -6896.7 -3886
9718 -6853.8 -3499.4
9719 -6804 -3481.3
9720 -6773.6 -3562.6
9721 -6735.3 -3456.7
9722 -6748.4 -3625
9723 -6804.2 -4102.5
9724 11761.3 2704
9725 -6863.9 -4006.8
9726 -6769 -4081.2
9727 -6833.7 -4119.2
9728 -6851.4 -4129.2
9729 -6867.1 -4106
9730 -7187.5 -3610.8
9731 -7144 -3596.2
9732 -7161.7 -3671.8
9733 -6707 -4378.9
9734 -6682.5 -4407.7
9735 11691.7 2718.5
9736 -7050.3 -3817.7
9737 -7038.6 -3838.7
9738 -7114.6 -3655.1
9739 -6944.1 -3991.6
9740 -6966.8 -3956
9741 -6908.5 -3964.6
9742 -6889.8 -4177.7
9743 -7081.8 -4469
9744 -7047.1 -4449.4
9745 -7061 -4506.1
9746 11814.7 2578.4
9747 -7095.4 -4446.3
9748 -7144.8 -4498.6
9749 -7107.2 -4426.3
9750 -7140.8 -4441.7
9751 -7204.7 -4476.4
9752 -6611 -4712.4
9753 -6744.8 -4498.7
9754 -6692.1 -4597.9
9755 -6804.6 -4528.4
9756 -6774.9 -4514
9757 11769 2743.3
9758 -6793.5 -4555.7
9759 -6821.8 -4497.6
9760 -6784.3 -4450.4
9761 -6653.6 -4452
9762 -6623.1 -4436.5
9763 -6667.5 -4425.5
9764 -6835.7 -4360.2
9765 -6877.8 -4286.1
9766 -6927.8 -4197.3
9767 -6912.6 -4305.6
9768 12042.4 2897.7
9769 -6975.4 -4167.1
9770 -6951.8 -4326.4
9771 -7002.5 -4132.4
9772 -7034.8 -4091.3
9773 -7063.2 -4056.8
9774 -7078.9 -4040.3
9775 -7191.4 -3799.1
9776 -7139.8 -3941.9
9777 -11082.2 -4168.5
9778 -11169 -4189.2
9779 4546.1 3070.6
9780 12088.8 2940.9
9781 -11037.6 -4206.5
9782 -11129.1 -4225.6
9783 -11169.7 -4093.7
9784 -11158.8 -4231.2
9785 -11096.2 -4219.1
9786 -11241 -4032.6
9787 -10880.5 -4160.2
9788 -10965.9 -4271.3
9789 -11178 -3965.2
9790 -10754 -4239.2
9791 12112.3 2916.9
9792 -10802.9 -4263.5
9793 -10796.1 -4205.2
9794 -10952.1 -4299.8
9795 -11029.1 -4318.5
9796 -10964.1 -4364.3
9797 -11073.2 -4402.5
9798 -11126.5 -4292.7
9799 -10861.4 -4174.4
9800 -10775.3 -4175.9
9801 -10819.8 -4136.2
9802 12123.3 2974.2
9803 -10842.3 -4143.1
9804 -10314.8 -4477.9
9805 -10240.4 -4559.1
9806 -10459 -4447.3
9807 -11089.7 -4443.3
9808 -11198.1 -4237
9809 -11220.1 -4240
9810 -11342.6 -4387.5
9811 -11149.2 -4327.7
9812 -11262.6 -4245.7
9813 12010.5 3036.8
9814 -11296.6 -4256
9815 -11236 -4266.3
9816 -7349.2 -4318.5
9817 -7328 -4354.8
9818 -7425.7 -4370.9
9819 -7363.7 -4297.9
9820 -7405.8 -4399
9821 -7469.6 -4394.2
9822 -7419.8 -4340.1
9823 -7439.3 -4313.5
9824 11783.6 3145.6
9825 -7437.6 -4353.2
9826 -7458.4 -4288.6
9827 -7482.4 -4256
9828 -7382.3 -4271.7
9829 -7233 -4568.7
9830 -7202.9 -4616.6
9831 -7260.8 -4581.2
9832 -7178.7 -4564.8
9833 -7312.2 -4510.1
9834 -7293.9 -4538.9
9835 11962.1 2994.6
9836 -7504.6 -4641.1
9837 -7242.8 -4605.3
9838 -7230.7 -4636.4
9839 -7022.3 -4309.9
9840 -7157.5 -4407.2
9841 -7486.8 -4672.1
9842 -7493.5 -4426.6
9843 -7517.6 -4443.9
9844 -7434.1 -4497.4
9845 -7538.2 -4369.1
9846 12064 2874.4
9847 -7459.3 -4513.9
9848 -7563.9 -4390.9
9849 -7501.3 -4352.6
9850 -7525.6 -4319.5
9851 -7589.2 -4413.9
9852 -7583.8 -4368.3
9853 -7334.7 -3736.1
9854 -7402.9 -3851.6
9855 -6871.4 -3601.5
9856 -6890.6 -3568.7
9857 12046.5 3070.4
9858 -7558.7 -4287.7
9859 -7608.2 -4341
9860 -7577.7 -4245.8
9861 -7635.8 -4309.6
9862 -7637 -4153
9863 -7497.7 -4181.3
9864 -7553.1 -4225.4
9865 -7597.4 -4215.4
9866 -7618.5 -4181.5
9867 -6852.1 -4446.8
9868 12223 2980.6
9869 -6838.4 -4470.4
9870 -6865.9 -4419.9
9871 -6925.9 -4483.8
9872 -6938.4 -4461.7
9873 -6911.3 -4510.4
9874 -6822.6 -3844.2
9875 -6810.5 -3866.9
9876 -6852.3 -3891.5
9877 -7458.2 -4649.5
9878 -6792.5 -4335
9879 12185.5 3082
9880 -6814.2 -4347.7
9881 -6822.8 -4381.6
9882 -6810.4 -4404.1
9883 -7524.9 -4605.8
9884 -7629.3 -4369.6
9885 -7484 -4533
9886 -7677.4 -4137.5
9887 -6956.6 -3920.4
9888 -6869.3 -3941.7
9889 -6840.5 -3925.2
9890 4609.2 2378.3
9891 12269.3 3002.3
9892 -6795.5 -3895.3
9893 -6869.7 -3841.5
9894 -7313.6 -4551.5
9895 -7345.7 -4751.6
9896 -7258.7 -4656.8
9897 -7010.9 -3885.5
9898 -6992.1 -3915.2
9899 -6980.1 -3933.1
9900 -7116 -3982.1
9901 -7093.1 -4019.8
9902 12225.2 3044.8
9903 -7147.4 -3883.1
9904 -7403.6 -4716
9905 -7268.2 -4622
9906 -7286.6 -4593.5
9907 -7431.7 -4691.5
9908 -7583.9 -4264.3
9909 -7025.6 -4627.1
9910 -6913.8 -4718.4
9911 -6965.3 -4637.5
9912 -6889.7 -4699.9
9913 12308.2 3013.4
9914 -6979.7 -4607.8
9915 -6998.3 -4615.5
9916 -6948.7 -4595.1
9917 -7008.2 -4502.1
9918 -7609.4 -4483.7
9919 -6649.5 -4717
9920 -6675.3 -4733.8
9921 -6630.4 -4683.9
9922 -6655.7 -4580.2
9923 -6988.2 -4648.5
9924 12214.9 3105
9925 -6609.5 -3854.7
9926 -6633.4 -3870.5
9927 -6708.6 -3910.7
9928 -6679.7 -3895.2
9929 -7539.7 -4465.9
9930 -7205.6 -3685.6
9931 -7130.8 -3743.4
9932 -7231.2 -3625.4
9933 -7175 -3760.9
9934 -6753 -4583.9
9935 12250 3070.3
9936 -6830.5 -4627.6
9937 -6818 -4648.7
9938 -6690 -4717.7
9939 -6720.1 -4734.2
9940 -6799.1 -4423
9941 -6699 -4475.9
9942 -6731 -4418.9
9943 -6713.3 -4408.4
9944 -6766.7 -4440.1
9945 -4814.4 -9951.8
9946 12233.7 3087.4
9947 -7328.9 -10112.9
9948 -7327.3 -10142.5
9949 -7323.7 -10172.6
9950 -7417.8 -10094
9951 -7405.2 -10143.2
9952 -6663.3 -10034.5
9953 -6965.8 -8549
9954 -6894.4 -8640.6
9955 -7078.5 -8706.9
9956 -7337.3 -8794.3
9957 11297.3 2490.9
9958 -7310.1 -8784
9959 -7315.8 -8831.2
9960 -7433.5 -8713.5
9961 -7387.4 -8819.7
9962 -7468.2 -8738.8
9963 -7480.7 -8796.8
9964 -7498.3 -8736.7
9965 -7378 -8611.3
9966 -7428.7 -8805
9967 -6979.5 -4486.7
9968 11353.9 2456
9969 -7050.2 -4524.3
9970 -7025.3 -4568.1
9971 -7101.7 -4526.4
9972 -7141.5 -4546.2
9973 -6630.1 -4566.3
9974 -7300.8 -8857.1
9975 -7244.9 -8839.3
9976 -6936.4 -8856.5
9977 -7257.4 -8765.6
9978 -6668.5 -3741.9
9979 11303.2 2528.7
9980 -6624.2 -3718.5
9981 -6651.8 -3774.2
9982 -6645.2 -3678.1
9983 -7402.8 -4672.6
9984 -7380.7 -4657.9
9985 -7431.4 -4630.6
9986 -7404.1 -4611.7
9987 -7604.1 -4235.7
9988 -7611.8 -4435.7
9989 -7195.9 -3999.9
9990 11288.5 2432.3
9991 -7100.3 -3772.1
9992 -7163.4 -3798
9993 -7142.8 -3830.5
9994 -7087.9 -3807.1
9995 -7154.7 -3859.5
9996 -7634 -4455.9
9997 -7687.6 -4350
9998 -7832.8 -6621.8
9999 -7984.3 -6689.3
10000 -7960.5 -6742.2
10001 213.8 -1458.9
10002 4678.5 2570.1
10003 11273.2 2243.7
10004 -8111.6 -6498.5
10005 -8165.5 -6599
10006 -8097.6 -6524.1
10007 -8201.3 -6574.2
10008 -8233.3 -6551.9
10009 -7780.2 -6717.3
10010 -7801.8 -6757.3
10011 -7860.2 -6659.8
10012 -7847.1 -6825.7
10013 -7902.9 -6784.1
10014 11324.7 2309.6
10015 -7822.2 -6788.1
10016 -7935.1 -6760.1
10017 -7807.1 -6584.3
10018 -7371.9 -6506.2
10019 -7564.6 -6421.1
10020 -7629.2 -6348.7
10021 -7664.8 -6366.2
10022 -7685.9 -6096.2
10023 -7733.9 -6341.9
10024 -7701.3 -6269.9
10025 11273.8 2342
10026 -7686.8 -6428.3
10027 -7750.4 -6359.6
10028 -7818.7 -6253
10029 -8138.7 -5920.1
10030 -8158.2 -5945.2
10031 -7957.6 -6106.3
10032 -8102.5 -5874.5
10033 -7767.2 -6142.8
10034 -7993.3 -5912.8
10035 -7799.8 -6174.3
10036 11371.2 2331.5
10037 -7632.6 -6151.1
10038 -7474.2 -6314.5
10039 -7769.9 -6826
10040 9413.3 7064.3
10041 9476.3 7129.5
10042 9504.3 7038.7
10043 -7904.9 -6203
10044 -8166.2 -5813.6
10045 -8035.4 -5949.3
10046 -7919.2 -6071
10047 11344.8 2344.7
10048 -7625.9 -5884.4
10049 -7597.1 -5916.6
10050 -7643.4 -5866.3
10051 -7661.7 -5925.8
10052 -7679.6 -5943.6
10053 -7633.7 -5953.1
10054 -7683 -5902.6
10055 -7658.2 -5966.8
10056 -7567.4 -5942.5
10057 -7547.5 -5968.6
10058 11280.1 2381.4
10059 -7622.6 -6005.7
10060 -7595.1 -6035.2
10061 -7883 -6184.5
10062 -7718 -5791.2
10063 -7532.1 -5984.3
10064 -7618 -6067.1
10065 -7539.6 -6133.8
10066 -7435.5 -6083.2
10067 -7836.5 -6270.5
10068 -8102.3 -5745
10069 11367.9 2384.3
10070 -7545.2 -6598.5
10071 -7460.2 -6683.3
10072 -7450.1 -6661
10073 9493.6 6908.4
10074 9919 6837.5
10075 9935.6 6910.2
10076 9963.1 6862.7
10077 9546.6 7223.5
10078 9563.5 7193.1
10079 9508.8 7160.8
10080 11398.4 2437.8
10081 9575.9 7167.8
10082 9586.3 7149.3
10083 9450 7000.8
10084 9406.9 6976.8
10085 9460.4 6982.1
10086 9433.4 7029.6
10087 9473.8 6957.7
10088 9399.5 7086.9
10089 9492.1 7061.5
10090 9733.2 6746.8
10091 11511.3 2648.3
10092 9715.7 6778.9
10093 9698.3 6811.9
10094 9695.1 6944.8
10095 9641.4 6916.3
10096 9683 6970.7
10097 9545.8 7090.6
10098 9600.8 7121
10099 9734.2 6870.6
10100 9752.4 6838.5
10101 -6486.5 -8271.4
10102 11469.7 2573
10103 -6350.7 -8199.6
10104 -5775.3 -9099.9
10105 -5850.1 -9007.6
10106 -5820.2 -9130.3
10107 -5811.9 -8988.7
10108 -5713.8 -8839.4
10109 -5687.1 -8824.6
10110 -5778.6 -8847.4
10111 -5753.2 -8874.2
10112 -5681.4 -8903.2
10113 4575.5 2303.1
10114 11448.1 2685.7
10115 -5788.9 -9181
10116 -5810.5 -9193.6
10117 -5839.8 -9142.7
10118 -5800.3 -8962
10119 -5728.9 -9070.9
10120 -5775.3 -8931
10121 -5693.7 -9049
10122 -5513.4 -8933.9
10123 -5571.3 -8828.5
10124 -5553.9 -8961
10125 11535.2 2689
10126 -5590.7 -8790
10127 -5660.8 -8873.8
10128 -5792.9 -8905.4
10129 -5752 -8965.4
10130 -5639.3 -9015.2
10131 -5596.2 -8987.2
10132 -5641 -8908.3
10133 -6357.9 -7631.2
10134 -7151.7 -7387
10135 -7107.5 -7259.2
10136 11415.3 2469.7
10137 -7314.9 -7152.1
10138 -7050.1 -7134
10139 -6881.5 -7048.2
10140 -7075.7 -7176.5
10141 -7183.7 -7082.9
10142 -7177.6 -6947
10143 -7152.8 -6915.1
10144 -7219.1 -6999
10145 -7138.6 -6978.9
10146 -7217.9 -6914.8
10147 11372.7 2523.2
10148 -7179.1 -7027.7
10149 -7337.7 -6870
10150 -7279.9 -6867.1
10151 -7270.9 -7114.2
10152 -7214.1 -7066.1
10153 -6793.6 -7038.3
10154 -6807.9 -7077.2
10155 -7472.7 -6945.9
10156 -7096.8 -7232.7
10157 -7110.6 -7162.7
10158 11074 2430.8
10159 -7131.5 -7213.9
10160 -7200.5 -7127.3
10161 -7220.6 -7173.4
10162 -7230.9 -7196.9
10163 -5513.9 -9501.6
10164 -5570.1 -9535.4
10165 -5595.1 -9573.5
10166 -5525.1 -9567.8
10167 -5156.7 -9792.7
10168 -5504.1 -9732.7
10169 11113.5 2531
10170 -5536.8 -9716.8
10171 9672.8 6723.9
10172 10111.3 7657.2
10173 10058.5 7751.1
10174 10062 7630.8
10175 10012.4 6520.6
10176 9958.1 6517.1
10177 -6139 -7163.7
10178 -6133.6 -7122.3
10179 -6145.5 -7208.3
10180 11183 2469.9
10181 -6055.5 -7176.9
10182 -6225.5 -7151.5
10183 -6128.2 -7074.6
10184 -6042 -7085.4
10185 -6059.5 -7218.4
10186 -6011.4 -7225.2
10187 -6048.1 -7130.8
10188 -5994.1 -7092.6
10189 -6232.6 -7191.9
10190 -5774.9 -7122.9
10191 11145.7 2566.7
10192 -5858.6 -7109.9
10193 -5781.7 -7173.8
10194 -5864.9 -7164.3
10195 -5944.9 -7099.6
10196 -6209.3 -7039.4
10197 -6406.7 -7181.6
10198 -6385.2 -7124.7
10199 -6304.3 -7214.3
10200 -6219.7 -7112.5
10201 -6251 -6860.5
10202 11086.3 2501.9
10203 -6262.6 -6896.1
10204 -6176.6 -6887.1
10205 -6187 -6922.8
10206 -6166.1 -6851.2
10207 -6375.2 -7095.6
10208 -6425.2 -7105.5
10209 -6473.2 -7133.7
10210 -6313.5 -7347.1
10211 -5914.3 -7239.3
10212 -5903.7 -7157.9
10213 10999.1 2622.4
10214 -5874.3 -7245.3
10215 -5960.9 -7232.3
10216 -5951.2 -7151.9
10217 -5778.3 -7224.2
10218 -5822.1 -7217.9
10219 -5870.3 -7210.9
10220 -5838.5 -7341.5
10221 -5886.7 -7333.6
10222 -5787.2 -7349.4
10223 -5762.9 -7353.1
10224 4589.5 2255.6
10225 11058.8 2646.1
10226 -5715.9 -7231.5
10227 -5718.4 -6988.6
10228 -6018.7 -7590.2
10229 -6010.2 -7483
10230 -6043.8 -7586.8
10231 -5999.4 -7410.3
10232 -5933 -7491
10233 -6063.5 -7478.1
10234 -5910.2 -7330.3
10235 -5980.7 -7320.7
10236 11192.7 2524.6
10237 -5916.5 -7380.2
10238 -5841.4 -7388.3
10239 -5847.1 -7432
10240 -5994 -7368.2
10241 -6047.9 -7361.6
10242 -5767.1 -7445.4
10243 -5923 -7421.2
10244 -5857.4 -7504.9
10245 -6011.8 -7317.2
10246 -6041 -7313.7
10247 10945.2 2561
10248 -6127 -7301.1
10249 -6196.4 -7456.8
10250 -6158.6 -7572.7
10251 -6233.5 -7448.2
10252 -6218.3 -7565.2
10253 -6161.1 -7296.6
10254 -5864.5 -7557.1
10255 -6321.8 -7514.1
10256 -6122.1 -7256.9
10257 -6006.9 -7273.5
10258 10978.9 2598.2
10259 -5967.5 -7278.7
10260 -5881.5 -7291.7
10261 -6427.6 -7351.1
10262 -6416.1 -7311.5
10263 -6314 -7389.6
10264 -5871.2 -7700.5
10265 -5900.1 -7696.3
10266 -5726.3 -7719.1
10267 -5688 -7919.2
10268 -5664.5 -7998.6
10269 10824.8 2661.5
10270 -5993.1 -7683.5
10271 -5934.7 -7691.6
10272 -5962.4 -7688.1
10273 -6223.8 -7649.1
10274 -6172.7 -7657.5
10275 -6308.2 -7637.1
10276 -6038.6 -7677.8
10277 -6205 -6997.9
10278 -6285.4 -6967.3
10279 -5920.3 -7604.5
10280 11142.4 2393.3
10281 -5881.5 -7609.6
10282 -5950.1 -7600.6
10283 -5981.5 -7596.1
10284 -6087.3 -7670.5
10285 -6075 -7582.7
10286 -6119.6 -7666.3
10287 -6106.2 -7578.7
10288 -6260.3 -7643.7
10289 -6263.7 -7558.6
10290 -6302.5 -7554.7
10291 11170.5 2424.1
10292 -5826.3 -7560.8
10293 -5771.5 -7523.7
10294 -5700.1 -7455
10295 -5710.5 -7533.9
10296 -5737.3 -6951.6
10297 -5738.4 -7356.8
10298 -5656.6 -8024.2
10299 -7044.6 -2742.7
10300 -7321.1 -3521.4
10301 -7341.9 -3534.4
10302 11232.4 2526.9
10303 -7359.7 -3407.4
10304 -7285.2 -3506.9
10305 -7244.3 -3492.9
10306 -7211.5 -3480.7
10307 -7214.4 -3579
10308 -7156.1 -3560.6
10309 -7415.4 -3353.9
10310 -7418.8 -3320.3
10311 -7392.6 -3393.3
10312 -7302 -3313.2
10313 11239.7 2665.7
10314 -7287.4 -3346.1
10315 -7314.5 -3285.2
10316 -7350.5 -3329
10317 -7337.3 -3366.9
10318 -7357 -3300.5
10319 -7384.7 -3414.5
10320 -7376.7 -3437.5
10321 -7325 -3397.7
10322 -7394.4 -3312.4
10323 -7269.7 -3407.4
10324 11199.9 2666.5
10325 -7315.3 -3423.5
10326 -7157.4 -3460.6
10327 -7186.1 -3471.2
10328 -7121.8 -3549.7
10329 -7194.3 -3386.4
10330 -7235.9 -3397.7
10331 -7076.7 -3534.8
10332 -7285.1 -3143.2
10333 -7345.6 -3137.6
10334 -7260.4 -3265
10335 4117.4 2192.8
10336 11162.3 2668
10337 -7230.1 -3253.3
10338 -7289 -3275.7
10339 -7245.5 -3222.2
10340 -7330.8 -3185.5
10341 -7303.6 -3244.5
10342 -7365.7 -3268.6
10343 -7376 -3240.5
10344 -7461.6 -3476.6
10345 -7360.3 -3483.4
10346 -7437.1 -3547
10347 11017.6 2653.5
10348 -7446.9 -3517.7
10349 -7504.3 -3563.5
10350 -7585.1 -3578.7
10351 -7579.7 -3602.8
10352 -7608.5 -3547
10353 -7632.8 -3506.2
10354 -7654.5 -3468.4
10355 -7683.9 -3416.8
10356 -7641.1 -3381.5
10357 -7736.8 -3458.5
10358 11160.7 2613.4
10359 -7604.8 -3352.9
10360 -7567.6 -3323.4
10361 -7490.5 -3420.8
10362 -7456.2 -3389.8
10363 -7261.2 -3190.5
10364 -7317.9 -3213
10365 -7611.5 -3609.2
10366 -7437 -3577.4
10367 -7326.4 -2876
10368 -7562.4 -3053.6
10369 11161.8 2698.8
10370 -7578.6 -3026.9
10371 -7433.3 -2961.6
10372 -7353.8 -2888.6
10373 -7384.5 -2902.7
10374 -7370.2 -2852.7
10375 -7343.5 -2840.6
10376 -7399.8 -2866.9
10377 -7289.1 -3023.7
10378 -7447.5 -2933.7
10379 -7593.7 -3002.1
10380 11138.4 2680.8
10381 -7607.6 -2979.3
10382 -7415.8 -2834.4
10383 -7465.2 -2899.6
10384 -7530.4 -2895.6
10385 -7322.9 -2832.4
10386 -7602.8 -3431.9
10387 -7080.9 -2576.7
10388 -7063.9 -2588.6
10389 -7037.9 -2597.5
10390 -7057 -2643.9
10391 11574.8 2773.2
10392 -7013.4 -2604.2
10393 -6704.7 -3526.6
10394 -6737.1 -3543.1
10395 -6678.8 -3589.1
10396 -6712.6 -3606.5
10397 -6526.7 -3625.8
10398 -6385.3 -6016.7
10399 -6356.6 -6026.6
10400 -6366 -6060.9
10401 -6316.3 -6083
10402 11556 2731.9
10403 -6435.9 -5877.9
10404 6750.2 13363.3
10405 -5772.3 -6882.1
10406 -6349.6 -6737.3
10407 -6266.9 -6771.7
10408 -6278.2 -6808.8
10409 -6155.1 -6812.4
10410 -6291.3 -6845.7
10411 -6238.8 -6823.2
10412 -6305.1 -6881.4
10413 11507 2773
10414 -6317.7 -6918.5
10415 -6274.6 -6931.4
10416 -6144.1 -6776.8
10417 -6196.2 -6957.8
10418 11505.4 4126.4
10419 -6610.1 -6788.9
10420 -12980.5 -7334.7
10421 -13010.1 -7289.8
10422 -12984.3 -7229.3
10423 -6520 -6133.7
10424 10879.1 2783.4
10425 -5672 -6830
10426 -11882.7 -3947.8
10427 -11906 -3921.7
10428 -11866.4 -3983.1
10429 -11946.9 -3982.2
10430 -11802.3 -3966.3
10431 -11842.1 -3925.6
10432 -11861.4 -3900.5
10433 -11836.7 -3977.6
10434 -11817.9 -3993.8
10435 10903.5 2783.2
10436 -11869.7 -3865.1
10437 -11915.1 -3863.5
10438 -11888.8 -3852.3
10439 -11934.2 -3794.2
10440 -11915.2 -3787.4
10441 -11880.6 -3776
10442 -11912 -3691.1
10443 -11844.6 -3846.7
10444 -11727.4 -3727.6
10445 -11806 -3888.6
10446 4336.7 2765.9
10447 10792 2783.9
10448 -11762.7 -3947.5
10449 -11775.4 -3929.4
10450 -11746.5 -3935
10451 -11737.5 -4250.7
10452 -11778.1 -4279.7
10453 -11711.9 -4290.1
10454 -11768.7 -4205.8
10455 -11833 -4037
10456 -11849.1 -4010.8
10457 -11804.6 -4085
10458 10840.6 2741.3
10459 -11801.9 -4020.6
10460 -11868.7 -4055.3
10461 -11842.5 -4098.2
10462 -11774.2 -4064.8
10463 -11775.3 -4005.8
10464 -11747.7 -4044.1
10465 -11728.5 -4070.4
10466 -11816.7 -4139.1
10467 -11707.3 -4099.1
10468 -11795.2 -4169.8
10469 10871.4 2713.2
10470 -11685.1 -4129.7
10471 -11661.3 -4162.5
10472 -11637 -4195.3
10473 -11585.2 -4270.2
10474 -11678.7 -4340.9
10475 -11906 -4043.4
10476 -11890.6 -4066.6
10477 8164.6 7310.3
10478 -8065.9 -4736.8
10479 -8022.3 -4750.7
10480 10900.1 2679.9
10481 -7979.4 -4562.5
10482 -7997.8 -4546.4
10483 -8012.6 -4619.9
10484 -8280.6 -5042.7
10485 -8313.4 -5072.3
10486 -8256.2 -5027.3
10487 -8436.8 -4901.5
10488 -8200.4 -5032.8
10489 -7718.8 -5025.9
10490 -7768.2 -5071.1
10491 10840.8 2679.9
10492 -7830.3 -5464.5
10493 -7925.4 -5511.5
10494 -8155.1 -5106.5
10495 -8107.8 -5158.2
10496 -8104.9 -5051.9
10497 8188.3 7321.5
10498 8243 7514.8
10499 8084.6 7565.7
10500 8209.3 7565
10501 8387.8 7606.4
10502 10964.9 2782.9
10503 8362.1 7590.1
10504 -8043.8 -5136.4
10505 -8089.9 -5178.2
10506 -8022.3 -5117.3
10507 -8053.2 -5083.6
10508 -8051.7 -5027
10509 -8118.2 -4949.3
10510 -8162.7 -4995.8
10511 -8071.8 -4855.5
10512 -7990.4 -5084.9
10513 11019.2 2782.9
10514 -7886.7 -5186.3
10515 -8189.2 -4719.6
10516 -8140.7 -5192.9
10517 -8102.9 -5233.8
10518 -8096.1 -5367.7
10519 -7974.5 -5411.8
10520 -8122.4 -5346.1
10521 -8301 -5291.2
10522 -8335.5 -5343.2
10523 -8457.3 -5478.4
10524 10953.8 2850.9
10525 -8421.8 -5442.9
10526 -8405.5 -5456.4
10527 -8347.7 -5393.1
10528 -8361.2 -5374.5
10529 -8018.4 -4669.4
10530 -8061.1 -4707.5
10531 -8148.1 -4651.8
10532 -8203.9 -4584
10533 -8170.1 -4670.5
10534 -7901.7 -5535.6
10535 11061.3 2781.6
10536 -8076.7 -5522.3
10537 -8022.1 -5463.8
10538 -7927.9 -5561.5
10539 -7848.1 -5483.3
10540 -7960.6 -5476.8
10541 -7601.7 -5702.5
10542 -7650.3 -5743.4
10543 -7404.3 -6039.5
10544 -8009.6 -5645.1
10545 -7648.4 -5191
10546 11056 2801.4
10547 -7679 -5153.5
10548 -7630 -5214.7
10549 -7649.7 -5239.8
10550 -7607.1 -5237
10551 -7695.8 -5169.2
10552 -7637.3 -5114.6
10553 -7655.4 -5132.4
10554 -7737 -5042.3
10555 -8083.7 -5253.3
10556 -8062.5 -5275.5
10557 4297 2875.9
10558 11135.4 2779.1
10559 -7757.3 -4806.2
10560 -7790.2 -4853.3
10561 -7858 -4775.6
10562 -7723 -4924.4
10563 -7683.3 -4888.2
10564 -7820.7 -4737.9
10565 -7844.4 -4713
10566 -7891.9 -4752
10567 -7813.9 -4893.7
10568 -8097.4 -5507.7
10569 11167.5 2747.5
10570 -7978.8 -4491.3
10571 -7906 -4580.8
10572 -7829.3 -4673.6
10573 -7862.4 -4692.2
10574 -7934.1 -4609.3
10575 -7846.2 -4289.6
10576 -7878.6 -4318.7
10577 -7819.2 -4264.8
10578 -7746.2 -4402.4
10579 -7664.1 -4331.3
10580 11145.2 2737.5
10581 -7725 -4570.4
10582 -7825.2 -4459
10583 -7886 -4403.4
10584 -7798.9 -4407.5
10585 -7838.3 -4363.5
10586 -7792.9 -4240.6
10587 -7761.6 -4314.7
10588 -7738.3 -4293.5
10589 -7765.2 -4216.3
10590 -7740 -4194.5
10591 10943.4 2733.1
10592 -7656.9 -4286.2
10593 -7683.9 -4256.4
10594 -7626.3 -4206.2
10595 -7710.2 -4227.3
10596 -7650.7 -4173.3
10597 -7948.8 -4046.3
10598 -7930.8 -4031.9
10599 -7881.9 -3996.6
10600 -7873.4 -4101.4
10601 -8012.4 -3926.4
10602 11422.8 2772.8
10603 -8023.2 -4387.1
10604 -7946.4 -4349.8
10605 -7980.9 -4655.1
10606 -7889.1 -4661.3
10607 -7871.2 -4558.1
10608 -7898.9 -4526.5
10609 -7937.6 -4706
10610 -7956.9 -4683.2
10611 -7923.6 -4731.6
10612 -7907.7 -4639.8
10613 11433.1 2729.6
10614 -7711.4 -4370.5
10615 -7695.3 -4459.8
10616 -7670.6 -4487.5
10617 -7703 -4514.8
10618 -7727 -4488.1
10619 11236.7 3757.8
10620 -7779.1 -4429.8
10621 -7803.9 -4483
10622 -7788 -4500.8
10623 -7763.9 -4446.7
10624 11448.2 2772.1
10625 -7749 -4463.5
10626 -7823 -4521.5
10627 -7803.9 -4542.7
10628 -7853.6 -4487.4
10629 -7928.3 -4492.9
10630 -7884.5 -4452.2
10631 -7911.3 -4421.7
10632 -7955.3 -4462.1
10633 -7774.2 -4516.2
10634 -8040.1 -4369.3
10635 11399.5 2774.7
10636 -7976.1 -4312.3
10637 -8070.3 -4336.4
10638 -8005.5 -4275.1
10639 -8035.9 -4236.9
10640 -7996.5 -4204.1
10641 -7908.5 -4316
10642 -8101.3 -4085.7
10643 -7922.3 -4142.1
10644 -7893.2 -4117.9
10645 -7835 -3703.4
10646 11192.6 2954.5
10647 -7850.6 -3676.2
10648 -7824.3 -3798.2
10649 -7781.6 -3663.2
10650 -7808.3 -3637.4
10651 -7833.2 -3606.8
10652 -7908.6 -3583.9
10653 -7718.1 -3624.6
10654 -7974.7 -3679
10655 -7914.9 -3648.6
10656 -7951.7 -3717
10657 11181.7 2980.7
10658 -7940.4 -3598.2
10659 -8375.9 -4551
10660 -8501 -4633.9
10661 -7932.8 -3748.3
10662 -7994 -3780.1
10663 -7908.5 -3788.5
10664 -8021.2 -3745.3
10665 -8413.5 -4376.6
10666 -8250.1 -4528.1
10667 -8226 -4601
10668 4224.3 2722.9
10669 11229.4 2972.9
10670 -8242 -4221.6
10671 -8197.3 -4321.9
10672 -8266.8 -4241.7
10673 -8289.8 -4260.3
10674 -8215.7 -4345.1
10675 -8315.9 -4281.3
10676 -8229.4 -4513.8
10677 -8224 -4559.7
10678 -8134.7 -4436.8
10679 -8109.6 -4415.5
10680 11098 3161.3
10681 -8158.7 -4457.1
10682 -8085.4 -4442.5
10683 -8204.7 -4542.9
10684 -8183.3 -4567.8
10685 -8020.8 -4519.3
10686 -8037.9 -4592.7
10687 -8066.8 -4560.1
10688 -8044.6 -4491.3
10689 -8092.3 -4531.2
10690 -8083.5 -4682.4
10691 11078.3 3204
10692 -8103 -4660.6
10693 -8059.6 -4621.9
10694 -8125.2 -4635.2
10695 -8145.5 -4611.7
10696 -8164.7 -4589.4
10697 -8082.5 -4594.8
10698 -216.8 -1345.3
10699 -450.1 -1376.2
10700 -365.3 -1393
10701 -7746.2 -3584.7
10702 11115.6 3125.8
10703 8843.8 6773.2
10704 8858.7 6714
10705 8962.4 6763.9
10706 8951.2 6723.6
10707 8994.4 6578.1
10708 -11369.1 -4137.3
10709 -11331.8 -4254.2
10710 -11276.6 -3891.2
10711 -11254.3 -3874.7
10712 -11219.8 -3928
10713 11158 3190.8
10714 -11306.1 -3806
10715 -11219.6 -3849.5
10716 -11306.5 -3913.2
10717 -11327.7 -3883.8
10718 -11393.5 -3914.4
10719 -11352.9 -3846.3
10720 -11365.4 -3808.1
10721 -11398.8 -3862
10722 -11408.7 -3831.5
10723 -11432.3 -3874.8
10724 11036.6 3132.8
10725 -11419.7 -3807.6
10726 -11454.8 -3848.4
10727 -11380 -3942.1
10728 -11428.4 -4112
10729 -11477.8 -4160.4
10730 -11402.9 -4148.3
10731 -11554.8 -4055.5
10732 -11454.4 -4075.7
10733 -11332 -4100.5
10734 -11395.3 -4077.7
10735 11055 3267.4
10736 -11363.5 -4121.8
10737 -11354.4 -3977.7
10738 -11491.3 -4023.6
10739 -11466.7 -4057.9
10740 -11516.7 -3988.2
10741 -11543.8 -3950.7
10742 -11570.7 -3914
10743 -11594.2 -3877.5
10744 -11625.5 -3833
10745 -11430.1 -4033
10746 10988.4 3232.1
10747 -11507 -3814.2
10748 -11737.9 -3652.1
10749 -11477.5 -3801.8
10750 -11588.1 -4010.8
10751 -11662.3 -3850.5
10752 -11692.1 -3871.2
10753 -11713.9 -3886
10754 -11767.5 -3771.6
10755 -11778.5 -3835.3
10756 -11793.3 -3861.5
10757 11584.4 3448.6
10758 -11753.6 -3912.6
10759 -11731.4 -3898.7
10760 -11664.7 -4039.1
10761 -11538.6 -4237.7
10762 -11503.1 -4213.7
10763 -11253.2 -4287.5
10764 -11422.3 -4327.7
10765 -11222.3 -4309.4
10766 -11235.5 -4327.3
10767 -11186.6 -4334.1
10768 11659.3 3421.6
10769 -11404.6 -4340.5
10770 -11377.3 -4358.5
10771 -7769.9 -3554.5
10772 -8332.7 -2622.1
10773 -8396.1 -2758.2
10774 -8491.3 -2629.9
10775 -7646.1 -3564.4
10776 -7703.8 -3498.8
10777 -7677.1 -3528.8
10778 -5656.7 -8991.4
10779 4499.1 2827.6
10780 11666.2 3333.3
10781 -5664.9 -8930
10782 -5427.9 -8711.7
10783 -5550.7 -8671.8
10784 -5445.3 -8729.5
10785 -5474.4 -8743
10786 -5507.6 -8756.1
10787 -5563.1 -8777.9
10788 -5715.6 -8931.4
10789 -5734.3 -8949.2
10790 -6809.4 -6722.2
10791 11333.9 3019.3
10792 -6887.5 -6744.3
10793 -6875.2 -6763.2
10794 -7396.1 -6127.4
10795 -7412.6 -6471.9
10796 -7213.3 -6806.6
10797 -7187.1 -6827.3
10798 -7123.4 -6876.4
10799 -7215.7 -6863.9
10800 -7242.9 -6895.6
10801 -6873 -6048.4
10802 11365 3034.1
10803 -6956.8 -6800.9
10804 -6895.9 -6773.7
10805 -6883.8 -6794.2
10806 -6863.6 -6781.2
10807 9142.7 7715.6
10808 9107.5 7655.7
10809 9054.6 7625.2
10810 8442.1 7850
10811 8868.8 7490.8
10812 8839 7451.9
10813 11296.7 3003.5
10814 8876.3 7385.7
10815 -5923.6 -4789.6
10816 -6265 -4863.7
10817 -6550.3 -4867.4
10818 -6497.9 -4682.7
10819 -6590.6 -4871.1
10820 -6655 -4767.7
10821 -6085.6 -5086.3
10822 -8622.9 -2404.8
10823 -8546.3 -2338.3
10824 11306.5 3080.9
10825 8540.1 7519
10826 9963.3 7900.4
10827 9997.3 7917.3
10828 9997.3 7850.8
10829 10025.6 7933.1
10830 10001 7987.3
10831 10018 8634.9
10832 9912.4 7907.2
10833 9903.7 7926.7
10834 9971.6 7961.2
10835 11522.3 3113
10836 10025 7865.5
10837 10061.7 7885.6
10838 10044.9 7915.6
10839 9950.7 7827.1
10840 9794.1 7791.4
10841 9811.6 7761.9
10842 10163.8 8072.3
10843 10063.1 8023.1
10844 -7102.8 -6176.8
10845 -7191.8 -6214.5
10846 11471.3 3088.6
10847 -7112.3 -6318.2
10848 -7125.6 -6590.4
10849 -7154.2 -6579
10850 -7171.7 -6539.4
10851 -7212.8 -6606.4
10852 -7192.9 -6496.2
10853 -7245.7 -6583.3
10854 -7177.4 -6630.5
10855 -7280.9 -6562.4
10856 -7212.2 -6455.9
10857 11495.4 3170.3
10858 -7312.7 -6542.3
10859 -7234 -6412.3
10860 -7334.3 -6528.8
10861 -7188 -6360.9
10862 -7270.7 -6621.7
10863 -7292.3 -6648.7
10864 -7350.2 -6609
10865 -7364.6 -6643.4
10866 -7340.2 -6657.7
10867 -7302.6 -6679.8
10868 11634.8 3136.6
10869 -7446.3 -6770.3
10870 -7401 -6788.7
10871 -7554.6 -6193.1
10872 -6067.4 -5503.8
10873 -6400.4 -4918.8
10874 1389.3 -2168.5
10875 1223.6 -2203
10876 -4929.7 -1634.4
10877 -6354.4 -5315.6
10878 -6417.7 -5343.9
10879 11545.5 3215.6
10880 -6433 -4775.9
10881 9012.6 7683.3
10882 9163.8 7968.3
10883 11770.1 6935.8
10884 11786.7 6988.6
10885 -6415.1 -4722.3
10886 8469.2 7796.8
10887 -5897.3 -1929.9
10888 -5904.5 -1676.3
10889 7567.8 5273.1
10890 4375.7 2661.2
10891 11447.8 3145.5
10892 7587 5288
10893 7556.5 5342
10894 7611.3 5372.8
10895 7474.3 5253.7
10896 -762.7 -5072.2
10897 -6494.7 -4646.9
10898 -6536.8 -4625.3
10899 -8873.1 -2725.5
10900 -577.7 -5121.1
10901 -8689.3 -2643
10902 11464.7 3236.9
10903 -9859.3 -3062.7
10904 -9833 -2944.1
10905 -9750.5 -2978.2
10906 -9931.4 -3442.8
10907 -9376.5 -3294
10908 -7269.6 -3669
10909 -9573.7 -2176.7
10910 -5412.5 3688.5
10911 -5080.4 3828.6
10912 -5753.7 3417.6
10913 11559.8 3259.1
10914 10525.8 11692.3
10915 -5164.3 3677.2
10916 -5239.4 3639.7
10917 -5408.5 3649.3
10918 -5392.3 3594.2
10919 -5439.5 3536.8
10920 -5243.2 3678.7
10921 -5148.8 3644.2
10922 -5136.9 3610.1
10923 -5231.6 3606.7
10924 11519.3 3295.3
10925 -5220.6 3572.8
10926 -5067.9 3634.4
10927 -5239.4 3711.7
10928 -5333.2 3638.9
10929 -5284.1 3559.3
10930 -5367.8 3543
10931 -5395.4 3642
10932 -6193.2 3515.9
10933 -5980.3 3520.8
10934 10914.8 7541.7
10935 11622.2 3306.6
10936 10277.9 7696.7
10937 10312.6 7514.5
10938 10118.7 6792.4
10939 10142.7 6745.4
10940 10237.8 6573
10941 10306 7010
10942 10322 6985
10943 10282.3 6997.4
10944 10301.1 7125.9
10945 -1276.7 -3789.2
10946 11490.9 3262.8
10947 -1286.3 -3858.8
10948 10468.7 7452.6
10949 10428.3 7426.3
10950 10380.3 7512.9
10951 10359.4 7550.1
10952 10351.9 7444.6
10953 10964.8 7626.7
10954 -1433.6 -3774.1
10955 -1437.1 -3740
10956 -1446 -3790.1
10957 11598.1 3347.3
10958 -1453.5 -3757.2
10959 -1325.2 -3886.3
10960 -1481 -3750.2
10961 -1398.1 -3731
10962 -1401.4 -3642.3
10963 10055.8 9081.6
10964 10113.6 9131.8
10965 1795 -5754.8
10966 1790.9 -5780
10967 1743.8 -5772
10968 11680.4 3089.9
10969 1580 -5886.7
10970 1662.7 -5922.3
10971 1604.6 -5864.7
10972 1602.3 -6087.8
10973 -133.2 -5103.3
10974 -1318 -3715
10975 -1341.6 -3700.5
10976 -1288.5 -3711.8
10977 -1341.8 -3752.6
10978 228.4 -5194
10979 11500.7 3031.2
10980 -5885.1 2952
10981 -5923.1 3127.9
10982 1547.5 -5767.9
10983 1584.1 -5804.9
10984 1564.8 -5751.2
10985 1747.1 -5719.5
10986 1739.1 -5796
10987 1585.4 -5731.4
10988 1620.9 -5768.4
10989 1601.9 -5787.8
10990 11439.2 3004.4
10991 1562.5 -5678.3
10992 1700.6 -5884.6
10993 1642 -5827.3
10994 1681.9 -5903.2
10995 1624 -5845.3
10996 1563.6 -5824.9
10997 -1601.3 -1685.4
10998 -1646.7 -1700.1
10999 332.3 -4903.6
11000 396.4 -4897.3
11001 3768.4 2516.4
11002 11533.3 3046.1
11003 362 -4868.5
11004 402.8 -4798.7
11005 458.2 -4757.8
11006 386.8 -4719.6
11007 360.2 -4743.2
11008 10875.3 4387.5
11009 -5.4 -5251.5
11010 -4990.3 2503.5
11011 -4967.5 2463.9
11012 -5047.4 2507.8
11013 11527.6 2975.4
11014 -4955.8 2442.7
11015 -5010.4 2440.8
11016 -5119.3 2148.2
11017 -5094.3 2212.9
11018 -5027.2 2098.5
11019 -4985.9 2191.2
11020 -5009.2 2192.5
11021 -5049.5 2103.1
11022 -5031.4 2196.4
11023 -5054.5 2202.3
11024 11677.7 3043.4
11025 -5102.1 2261.6
11026 -5123.3 2266.2
11027 -5323.6 2173.7
11028 -5312.8 2220.2
11029 -5302.8 2238.1
11030 -5291.8 2209.6
11031 -5293.3 2257.7
11032 -5302.1 2186.7
11033 -5764 2175.3
11034 -5785.1 2146.9
11035 11567.2 3062.5
11036 -5738.6 2160.4
11037 -5713.2 2139.6
11038 -5758.4 2129.5
11039 -5733.2 2111.9
11040 -5823.6 2232.7
11041 -5382.8 2210.5
11042 -5085.7 2459.3
11043 -5137.2 2443.6
11044 -5130.7 2418.2
11045 -5121.5 2309.4
11046 11413.3 3057.6
11047 744.7 -5320.6
11048 640.2 -5256.3
11049 -5627.2 2241.1
11050 -5707.7 2482.3
11051 -5735.1 2467.1
11052 -5683.7 2443.2
11053 -5156.8 2207.7
11054 -5158.3 2161.7
11055 -4117.5 827.2
11056 -5444.3 -2975.7
11057 11384.7 3117.9
11058 -3495.9 -2138
11059 -199.7 -2501.4
11060 -206.2 -2537.1
11061 -6395 -4495.3
11062 -6089.2 -3733.5
11063 -6103 -3757.4
11064 -6058.2 -3716.8
11065 -6186.1 -3956.4
11066 -6510.6 -3658
11067 -6487.5 -3704.5
11068 11208 3036.3
11069 -6459.3 -3747.9
11070 -6452.3 -3775.8
11071 -6581.8 -4414.9
11072 -6541.5 -4393.1
11073 -6469.1 -4500.3
11074 -6409.9 -4540.6
11075 -6521 -4591.1
11076 -6559.1 -4459.2
11077 -6431.6 -4569.3
11078 -6378.6 -4473.2
11079 11281.5 3140.6
11080 -6528.4 -4440.5
11081 -6597.6 -4548.7
11082 -6601.9 -4664.9
11083 -6576.6 -4647.4
11084 -6061.7 -4017.2
11085 -6167.5 -3911.2
11086 -6091.7 -4052.2
11087 -6031.5 -3987
11088 -6078.6 -3753.3
11089 -5995.6 -3842.7
11090 11411.8 3207.6
11091 -6101.3 -3793
11092 -6010.8 -3886.3
11093 -6124.3 -3833.2
11094 -6026.6 -3930.8
11095 -6146.3 -3871.6
11096 -5974.7 -4154.4
11097 -6642.2 -3792.3
11098 -6607.7 -3749.5
11099 -6536.8 -3605.9
11100 -6359.7 -4412.7
11101 11571.9 3387.9
11102 -6414.2 -4389.6
11103 -6433.4 -4361.1
11104 -6349.7 -4226.5
11105 -6413.9 -3854.4
11106 -6393.2 -3896.8
11107 -6426.6 -3828.5
11108 -6561.8 -3941.8
11109 -6577.8 -3911.1
11110 -6334.5 -4107.9
11111 -6383.3 -4134.2
11112 77.5 -1391.7
11113 1575.3 1731.4
11114 3817.2 2154.9
11115 11306.9 3277.6
11116 -6389.6 -3999.8
11117 -6442.6 -4024.5
11118 -6351.8 -3981.9
11119 -6504.3 -4028.8
11120 -6491.6 -4048.4
11121 -6532.4 -4005.1
11122 -6486 -4240.6
11123 -6449.6 -4306.5
11124 -6458.3 -4224.9
11125 -6419.2 -4288.9
11126 11334.2 3226.2
11127 -6655.7 -3882.4
11128 -6440.4 -3801
11129 -6591.3 -3887.1
11130 -6565.9 -3827.5
11131 -6409.4 -3760.5
11132 -6628.7 -3818.1
11133 -6395.3 -3790.5
11134 -6302.9 -3713
11135 -6289.9 -3736.5
11136 -6325.1 -3689.1
11137 11340.6 3295.9
11138 -6291.5 -3674.3
11139 -6257.9 -3742.3
11140 -6270.1 -3662.9
11141 -6251.4 -3809.6
11142 -6266.3 -3780.6
11143 -6231.4 -3797.5
11144 -6249.2 -3653.6
11145 -6221 -3642.6
11146 -6312.6 -3397.7
11147 -6290.9 -3449.2
11148 11238.8 3239.3
11149 -6402.9 -3375.8
11150 -6180.7 -3626.9
11151 -6269.5 -3505.5
11152 -6515.2 -3620.8
11153 -6509.5 -3483
11154 -6071.9 -3693.1
11155 -6317.9 -3311.1
11156 -6235.7 -3730.7
11157 -6390.8 -3719.8
11158 -4437.6 -1141.5
11159 11357.1 3178.1
11160 6952.6 5614.2
11161 -4433.6 -1064.3
11162 2288.3 -5537.8
11163 2358.2 -5636.2
11164 2316.7 -5663.7
11165 2448 -5757.7
11166 2399.5 -5608.3
11167 10391.7 7760
11168 10361.1 7955.7
11169 -6084.9 3155.8
11170 11464.1 2946.4
11171 -5981.1 3164
11172 -5932.5 3169.7
11173 -5970.6 3232.1
11174 -5998.6 3259.7
11175 -7328.6 -1849.5
11176 -7243.9 -1790.6
11177 -6062.8 3111.4
11178 -6125.6 3312.5
11179 -6019.9 3249.6
11180 -6060.9 3296.4
11181 11539.1 3425.2
11182 -5973.1 3269.4
11183 -5950.8 3277.6
11184 -7380.6 -2321.9
11185 -6039.2 3144.8
11186 -6148.5 3308
11187 -6173.1 3303
11188 -6130.8 3336
11189 -6077 3322.5
11190 -6176.6 3326.6
11191 -5869.9 3142.5
11192 11216.6 3284
11193 -5820.3 3136.3
11194 -1463.5 3138.6
11195 -320.8 -3788.2
11196 -4823.9 2257.7
11197 -4821.6 2172.7
11198 -4772.4 2287
11199 -4897.5 2059.1
11200 -4315.2 3115.5
11201 -7352.5 -1983.9
11202 -7380.2 -2000.3
11203 11263 3181.7
11204 -7322.8 -2027
11205 -7370.9 -1968.9
11206 -7350.9 -1871.4
11207 -7269.4 -1941.1
11208 -7124 -2490.1
11209 -7152.7 -2441.8
11210 -7262.5 -2287.7
11211 -4884.7 2259.9
11212 -4844.6 2200.7
11213 -4872.7 2200
11214 11190.9 3094.8
11215 -4843.8 2143.7
11216 -4868 2299.5
11217 -4869.3 2140.8
11218 -4818.4 2115
11219 -4882 2320.9
11220 -4822.6 2147.7
11221 -4835.7 2550.1
11222 -4869.4 2564.5
11223 -4886.8 2554.5
11224 -4862.6 2511.9
11225 4520.8 2686.8
11226 11447.3 3305.9
11227 -4914.1 2538.7
11228 -4880.3 2502.5
11229 -1842.1 -3086.2
11230 -7053.1 -1952.3
11231 -7004.2 -1924.7
11232 -7611.9 -1990.9
11233 -7579.3 -1968.7
11234 -7081.2 -2180.2
11235 -4755.3 2346.7
11236 -4743.8 2312.4
11237 11384.5 3261.7
11238 -4709.2 2495.3
11239 -4739.7 2518.9
11240 41.8 -6343.4
11241 -1574.9 -3035.1
11242 -1522.9 -3420
11243 -1453.8 -3380.9
11244 -1669.6 -3453.1
11245 -1385.9 -3387.6
11246 -1421.9 -3376
11247 -1365.1 -3373.2
11248 11362.2 3308.7
11249 -1514.6 -3374.2
11250 -1606.1 -3020.2
11251 -1634.3 -3004.9
11252 -1590.3 -3158.5
11253 -1599.2 -3134.4
11254 -1581.5 -3179.2
11255 -1655.9 -2988.9
11256 1302 -6599.5
11257 2293.8 -5059.8
11258 2223.3 -5268.4
11259 11523.8 3357.7
11260 2202.2 -5280.2
11261 2259.9 -5251
11262 1000.4 -6507
11263 -6047.8 -1761.5
11264 -6204.4 -1859.1
11265 -5961.7 -1847
11266 -5925.4 -1839.6
11267 -5927 -1894.9
11268 -6025.3 -1749.4
11269 -5993 -1732.1
11270 11498.6 3400.4
11271 -3277.8 2909.6
11272 7518.2 5677.2
11273 8038.2 5654.3
11274 8383 5716.6
11275 8211.6 5654.2
11276 8588.8 5855.8
11277 7459.7 5281.7
11278 8633.5 5901.2
11279 7487.1 5302.6
11280 7657.5 5398.3
11281 11473.4 3383.8
11282 -6209.5 -2166.4
11283 -6171.2 -2445
11284 -6442.2 -2016.5
11285 -6463.9 -2025.9
11286 -6426.1 -2105.4
11287 1092.6 -5829.3
11288 1282 -5798.9
11289 1312.4 -5691.3
11290 -6295.7 -2515.4
11291 -5641.5 -2732
11292 11525.7 3476
11293 1618.4 -5009.2
11294 1871.4 -5444.9
11295 1753.2 -5532.5
11296 1830.5 -5324.2
11297 1495.4 -5542.8
11298 1500.2 -5597.2
11299 1877.2 -5506.8
11300 1834.2 -5596.7
11301 1564 -5328.8
11302 1592.4 -5264.8
11303 11166.4 3015.8
11304 1682.1 -5229.5
11305 -5864.9 -2581
11306 -1999.4 2955.5
11307 -1934.1 2880.9
11308 2043.9 -5180.5
11309 2070.2 -5217.8
11310 2084.6 -5119.5
11311 2080.6 -5078.3
11312 2131.1 -5041.8
11313 2160.6 -5303.7
11314 11143 3069
11315 2164.5 -5218.5
11316 2115.5 -5250.3
11317 2069.3 -5286.5
11318 2131.2 -5320.4
11319 1580.2 -5660.6
11320 1562.7 -5642.5
11321 1614.6 -5622.6
11322 1544.1 -5623.5
11323 1598.8 -5607.5
11324 1636.6 -5642.1
11325 11176.1 3133.4
11326 1653 -5624.7
11327 1580.2 -5586.6
11328 1598.1 -5568.2
11329 1543.3 -5659.1
11330 1895.2 -5552
11331 1618.8 -5292.3
11332 1864 -5019.8
11333 2113 -5171.3
11334 11427.9 2426.7
11335 10517.3 3834.4
11336 4790.7 2787.9
11337 11167.1 3151.5
11338 10530.8 3887.8
11339 10567.3 3814.7
11340 1479.5 -5637.7
11341 1465.6 -5618.8
11342 1431.4 -5408.7
11343 1482.6 -5677.4
11344 1510.9 -5692.1
11345 1627.8 -5480.6
11346 -6080.2 2973.3
11347 -6104.1 2957.1
11348 11257.2 2985.8
11349 -6026.6 2979.3
11350 10496.7 3371.3
11351 934.4 -7030
11352 907.9 -7148.5
11353 -6235.2 -3039.7
11354 -2838.5 -1619.9
11355 -5937.8 -2624.6
11356 -229.4 -6133.5
11357 -2675.4 -1526.8
11358 -6361 -3482.2
11359 11354.1 2773.7
11360 -6334.6 -3536
11361 -6430.7 -3515
11362 -6458.5 -3594.2
11363 -6402.2 -3567.8
11364 -6442.2 -3485.2
11365 -6552.5 -3574.2
11366 -6645.3 -3583
11367 -7968.3 -1388.3
11368 -7996.4 -1330.1
11369 -7739.8 -1236.4
11370 11187.4 3337
11371 -7803.7 -1243.3
11372 10677 7.2
11373 10295.4 6529
11374 10318 6491.5
11375 -4324.7 3985.6
11376 10856.8 6282.3
11377 -3933 3630.6
11378 10776.3 6253
11379 -5790.2 -3339.8
11380 -5768.1 -3313
11381 11288.2 3391.6
11382 687.1 -5396.9
11383 678.5 -5421.5
11384 704 -5430
11385 -5091.2 3774.7
11386 950.2 -5067
11387 888 -4999.8
11388 -1485.9 150.8
11389 11031.8 5418.5
11390 11627.4 4560.8
11391 -3516.6 868
11392 11117.2 3297.8
11393 838.2 -1165.1
11394 773 -1206.2
11395 9970.6 6494.5
11396 9219.1 6475
11397 -5968.9 -3208.1
11398 -6049 -3696.9
11399 -5994.7 -3616.2
11400 -5996.7 -3711.3
11401 264.1 -1087.6
11402 1391.8 3631.6
11403 11353.3 3426.8
11404 -3436.9 -2096.3
11405 -5355.5 -2908.6
11406 -3300 -1971.5
11407 -3307.2 -1975.8
11408 1781.6 -4352.4
11409 2072.4 -4475
11410 1766.4 -4382.7
11411 -5930.3 -1363.9
11412 908.1 1396.5
11413 880.1 1334.6
11414 11448.7 3424.2
11415 2261.6 4050.7
11416 2501.8 3838.5
11417 2464.6 4004.5
11418 11393.6 7372.3
11419 -6904.5 -3613.7
11420 -6984.7 -3644
11421 1513.5 1163.2
11422 1557.9 1218.8
11423 1481.6 1195.2
11424 1461.8 1170
11425 11422.6 3466.8
11426 1490.8 1144
11427 949 1353.2
11428 -7066.2 -4587.9
11429 -7106.3 -4607.3
11430 -6843.6 -5252.1
11431 -6876.3 -5300.8
11432 -6890 -5208.8
11433 -6928.1 -5249
11434 -6825.4 -5399.9
11435 -6795.6 -5357.6
11436 11507.4 3461.5
11437 -6865.6 -5371.8
11438 -6761.2 -5450.4
11439 -6279.7 -3755.1
11440 -6355.5 -3793.4
11441 -6528.6 -3776
11442 9145.3 7998.6
11443 9116.5 8045.7
11444 9478.3 4414.5
11445 1615.8 842.9
11446 1563.7 742.6
11447 4714 2909
11448 11602.6 3764.9
11449 1579 882.5
11450 1671.9 939.7
11451 1646.6 1299.8
11452 1648.1 1122.7
11453 2062 1506.2
11454 2098.4 1466.7
11455 1979.8 1430.1
11456 1570.4 1048.2
11457 1736.3 1204.4
11458 1717.8 1012.6
11459 11686.6 3735.3
11460 1412.6 903.9
11461 1491.5 976.6
11462 1500.2 809.7
11463 1453.5 767.2
11464 1656.6 955.2
11465 1403.4 1071.8
11466 1734.4 1380.6
11467 1823.8 1285.5
11468 1901.6 1357.6
11469 1946 1310.7
11470 11901.3 3803.3
11471 2018.7 1388.8
11472 2558.1 1934.2
11473 2519.3 1904.7
11474 1892.1 1524.9
11475 1812.4 1453.9
11476 1357.6 1066.2
11477 1417.9 1122.7
11478 1541.4 1236.1
11479 1649.5 1473.8
11480 1762.1 1585.4
11481 11808.3 3750.8
11482 1880.2 1702.8
11483 2050.7 1870.7
11484 1974.5 1795.6
11485 2136.9 1765.8
11486 2130.7 1941.6
11487 2220 1833.5
11488 2055.4 1698.7
11489 1716 1399.1
11490 -11628 -2891.3
11491 -11539.2 -2780
11492 11976.3 3749.9
11493 -11684.8 -2846.8
11494 -11764.5 -3115.9
11495 -11491 -2727
11496 -11307.6 -2869.2
11497 -11545.3 -2683.2
11498 -11137.8 -2389.1
11499 -11080.9 -2325.2
11500 -11103.3 -2262.3
11501 -10844.2 -2425.2
11502 -10988.6 -2526.3
11503 11862.1 3830.8
11504 -10893.5 -2394.6
11505 -10654.8 -2140.5
11506 -10704.9 -2106.5
11507 -10851.8 -2140.3
11508 -10782.5 -2126.7
11509 -10866.2 -2068.1
11510 -10836.1 -2218.6
11511 -11038.6 -1914.3
11512 -11538.9 -2412.2
11513 -11472.2 -2469.3
11514 12130.1 4045.3
11515 -11625 -2519.6
11516 -11366.4 -2118.4
11517 -11297.9 -2155.2
11518 -11255.1 -2146.9
11519 -11390.6 -2539
11520 -11367.6 -2362.8
11521 -11672.8 -2572
11522 -11715.8 -2625.7
11523 -11799.7 -2744.5
11524 -11880.8 -2882.8
11525 12257 4209.6
11526 -11048.2 -2540.6
11527 -11000.2 -2457
11528 -10957.5 -2365.4
11529 -10984.5 -2418.1
11530 -10930.4 -2313.4
11531 -10997 -2346.3
11532 -11190.2 -2539.1
11533 -11326.6 -2060.9
11534 9458.7 7119.7
11535 10335.8 7594
11536 11881 4121.2
11537 8000.1 5639.5
11538 -10613 -2089.1
11539 -10510.5 -2054.7
11540 -10561.8 -2061.1
11541 -10585.4 -2018.6
11542 -11186 -2701.1
11543 -10806.4 -2375.1
11544 11919 8271.3
11545 2033.2 4104
11546 2185.8 4069.5
11547 12012.1 4141.5
11548 2225.2 4051
11549 -6336.1 -3202.7
11550 2025 4127.2
11551 1991.4 4133.5
11552 9640.1 6782.3
11553 9623 6815.4
11554 9654.1 6757.1
11555 10231.1 7089.9
11556 -11734.6 -2649.6
11557 -11765.1 -2691.7
11558 3794.3 2378.8
11559 11922.8 4195.8
11560 -11563.4 -2572.3
11561 -11493.2 -2633
11562 -9849.1 -3759.9
11563 -9802.5 -3679.1
11564 -5363.7 -8641.8
11565 -5407.5 -8591.4
11566 -5326.8 -8623.6
11567 -5442.1 -8582.6
11568 -5441.7 -8677.9
11569 -5337.8 -8671.3
11570 11830.4 4162.4
11571 -5430.9 -8559.4
11572 2501 4035.3
11573 -5891.1 -2470
11574 1241.5 1288.5
11575 -11108.2 -2597.1
11576 -11154.6 -2573.2
11577 -11178.9 -1850.1
11578 -10902.5 -2128.2
11579 -10955 -2036.5
11580 -10906.7 -2076.1
11581 11877.8 4226.3
11582 -10841 -2294.5
11583 -11112 -1880.7
11584 -10732.5 -1984.9
11585 -10721.7 -2039.6
11586 -10700.9 -2209.9
11587 -10709.3 -2083.3
11588 -11307.6 -2106.9
11589 -11291 -2188.5
11590 -11343.1 -2237.3
11591 -11259.1 -2253.4
11592 12090.8 4192.9
11593 -11293.1 -2286.6
11594 -11307.9 -2204.1
11595 -11250 -2180.4
11596 -11371.3 -2265.6
11597 -11320.6 -2314.8
11598 -11238.9 -2397.6
11599 -11209 -2369.6
11600 -11422.1 -2412.2
11601 -11242.6 -2336.5
11602 -11179.4 -2342
11603 12136.6 4228
11604 -11199.5 -1804.2
11605 -11243 -2015.6
11606 -10997.5 -2286.7
11607 -11033.9 -2247.9
11608 -11110 -2191.6
11609 -11051.6 -2180.2
11610 -11125.2 -2114.1
11611 -11026.6 -2092.5
11612 -11034.6 -2059.5
11613 -11018.8 -2102.4
11614 12161.3 4265.4
11615 -11065.6 -2111.5
11616 -10754.9 -2284.4
11617 -10781.9 -2325.1
11618 -10737.7 -2258.5
11619 -10916.1 -2028.9
11620 -10797 -2054.5
11621 -10689.1 -2307.5
11622 -10665.1 -2381.7
11623 -10774.8 -2327.5
11624 -10742.5 -2279.1
11625 12131.2 4374.1
11626 -11115.3 -2469.4
11627 -11284.1 -2624.9
11628 -11081.3 -2437.7
11629 -11083.9 -2500.9
11630 -11044.6 -2460.7
11631 -11239.8 -2659.4
11632 -12071.2 -3101.4
11633 -11826.4 -3300.3
11634 -11681.8 -3632.9
11635 -11662.6 -3615.4
11636 11894.8 4303.3
11637 -11653.1 -3644.2
11638 -11781.4 -3193.7
11639 -11496.8 -3775.7
11640 -12313.4 -3750.1
11641 -12271.3 -3737.7
11642 -12282.8 -3763.3
11643 -12248.1 -3686.1
11644 -12259.6 -3773.8
11645 -12037.1 -3691.3
11646 -11775.9 -3163.4
11647 12197.7 4343.4
11648 -11803.6 -3331.5
11649 -11837.1 -3346.7
11650 -11795.2 -3121.8
11651 -9616.8 -3662.1
11652 -6001 3009
11653 -6032.2 3000.8
11654 -4761.6 2172.9
11655 -3903.9 1467.2
11656 -5045.6 -1919.3
11657 -972.4 -3923
11658 12472.5 4499.6
11659 -979.8 -3885.5
11660 -1003.3 -3857.9
11661 1937.4 -4556.9
11662 2126.9 -4757.2
11663 2685.5 3781.6
11664 2614.2 3532
11665 -9816.7 -3593.5
11666 10072.5 7152.4
11667 -7452.2 -3779.5
11668 -7248.4 -3705.3
11669 3896.7 2109.6
11670 12385.3 4495.2
11671 -7476.3 -3744.2
11672 -7325.3 -3963.1
11673 -7494.8 -3716.4
11674 -5354 3686.7
11675 1840.4 -7992.2
11676 1731.4 -4393.7
11677 -7267.1 -4045.2
11678 7242.4 4836
11679 -1406.1 -792.6
11680 8821.5 7784.8
11681 12831.2 4936.2
11682 -1885.3 -1140.8
11683 -3912.2 3609.9
11684 -3127.5 2806.7
11685 -3295.8 2950
11686 -7887.8 -12723
11687 -8051.5 -12662.4
11688 -6901.8 -5412.8
11689 -6844.3 -5590.5
11690 -6815.2 -5543.6
11691 -6822.4 -5611
11692 12860 4921.3
11693 -6930.5 -5445.4
11694 -6785.8 -5490.9
11695 -6735.3 -5463.1
11696 1608.4 -6298.6
11697 1652 -6236.2
11698 1624.6 -6155.1
11699 9989.3 3792.4
11700 10054 3807
11701 9836.7 3986.2
11702 9903.3 3695.1
11703 12438.7 4898.9
11704 9657.6 4052.8
11705 9847.8 3658.7
11706 9797.7 3738.4
11707 9811.6 4137.7
11708 9852 4130.4
11709 9702.6 4079.8
11710 9905.8 4044.2
11711 9765.1 3765.1
11712 9838.9 3627.6
11713 9711.6 4049.8
11714 12154.2 5243.5
11715 9687.3 4060.5
11716 -7576.5 -5209.6
11717 -3710.7 3389.3
11718 -3706.4 3397.5
11719 -4380.4 4260.9
11720 -2910.6 2784.9
11721 -4295.7 4009.1
11722 -6448.3 -5900.4
11723 -6378.3 -5954.9
11724 -6936.9 -5905.4
11725 12181.7 5295.9
11726 -6480.1 -3537.1
11727 -7108 -4944
11728 -7334.9 -4565
11729 -7306.2 -4607.7
11730 -7360.8 -4581.6
11731 -7331.5 -4625
11732 -7380.8 -4595.6
11733 -7350.9 -4637.7
11734 -7330.6 -4665.4
11735 -7312.9 -4651.9
11736 12200.4 5208
11737 -7378.3 -4698.7
11738 -7354.6 -4780.7
11739 -7524.8 -5198.1
11740 -7559.7 -5228.8
11741 -6687 -4438.1
11742 -6233.5 -3272.4
11743 -6411.8 -3347.8
11744 -7171.7 -6248.1
11745 -7155.1 -6279.4
11746 -7866.9 -8323.4
11747 12177.8 5168.5
11748 -7824.5 -8434.6
11749 8898.6 7346.2
11750 9020.5 7379.5
11751 9056.9 7400.2
11752 10378.7 7618.9
11753 10400.4 7580.9
11754 10424.6 7537.6
11755 2548.9 3287.7
11756 2557.9 3321.8
11757 2589.1 3365
11758 12503.6 5299.2
11759 2600.4 3457.3
11760 2539.7 3197.6
11761 2547.7 3223.1
11762 -6389.9 -3324.2
11763 -6868.2 -3486.6
11764 -6441.7 -3458
11765 -6456.2 -3354.9
11766 2559 3246.6
11767 -4343.7 4011.4
11768 -4563.6 4301.3
11769 12807.1 5049
11770 -4401.4 4318.1
11771 -4555.7 4309.7
11772 -4388.3 4260.5
11773 -6872.6 -6145.6
11774 -6852.3 -6071.6
11775 2090 -7539.7
11776 -13263.7 -5439.3
11777 -13220.8 -5410.4
11778 -13219 -5497.5
11779 -13180.3 -5464.4
11780 3834.3 2270.7
11781 12845.9 5047.9
11782 -13425.9 -5669.9
11783 -13484.8 -5583.2
11784 -13460.5 -5618.9
11785 -13447.5 -5638.1
11786 -13413.6 -5610.8
11787 -13387.4 -5647.9
11788 -7425.7 -8828.1
11789 -7890.5 -8404.8
11790 -7875.6 -8360.7
11791 -7828.7 -8061.7
11792 12993.1 5042
11793 -7793.6 -7985.2
11794 1912.5 -7191.1
11795 1866.9 -7180.1
11796 10305.1 7416.2
11797 2159.7 -7354.9
11798 10200.1 7306
11799 10164.2 7370.1
11800 10234.8 7244.1
11801 10143.2 7407.5
11802 10510.7 7322.7
11803 13010.7 5072.9
11804 2137.4 -7410.2
11805 -618.8 -5233
11806 -7731.3 -2314.8
11807 -1266.9 -3750.8
11808 897.2 -7061.1
11809 -3307.5 -1218.4
11810 1190.6 -5623.9
11811 1088.7 -5392.8
11812 -10511.2 -5970.1
11813 -10595.9 -5879
11814 12917.9 4917.9
11815 -10546.3 -5972.5
11816 9637.4 6879.9
11817 9502.8 6881
11818 9546.1 6809
11819 9530.7 6834.5
11820 9517.8 6856
11821 13274 5602.5
11822 13405.3 5484.7
11823 13537.6 5347.5
11824 13285.9 5647.8
11825 13321.9 5776.9
11826 13299.9 5698
11827 3843.1 2088.3
11828 13350.5 5882.9
11829 13401 5843.5
11830 13392.5 6037.1
11831 13829.8 6348.5
11832 14487.6 6773.7
11833 13931.2 6669.4
11834 13811.3 6940.7
11835 13846.8 6868.4
11836 13892.7 6939.3
11837 -1563.2 -1680.7
11838 4006.1 2150.4
11839 -1516.9 -1840.3
11840 -1493.5 -1875.7
11841 -1372.4 -2073.9
11842 -1526.7 -1900.7
11843 -1284.7 -2211.7
11844 -1202.8 -2233.8
11845 -1303 -2266.1
11846 -1043.6 -2262.6
11847 -1334.4 -2059.9
11848 -1751.6 -1246.1
11849 3719.1 2039
11850 -1789.8 -1152.5
11851 -1257.8 149.1
11852 -2191 -328.7
11853 -2273.2 -360.4
11854 -2387.6 -428.7
11855 -3107.7 -316.8
11856 -3164.7 -327.6
11857 -3161.8 -307.5
11858 -3388 -374.4
11859 -3409.1 -282.5
11860 1326.3 1832.2
11861 3629.5 2077.5
11862 -3511.4 -399.8
11863 -4243.5 -549.9
11864 -4293 -477.4
11865 -5220.7 279.1
11866 -5235.9 210.6
11867 -5196.4 254.5
11868 -5244 313.1
11869 -5266 345.5
11870 -5205.2 384.1
11871 11507.7 6010.2
11872 3785.8 2560.5
11873 11528.7 5963.3
11874 11251.2 5328.4
11875 10722.4 4559.1
11876 10701.3 4509.5
11877 10654.6 4534.4
11878 9808.6 3181.8
11879 -865.5 -55.2
11880 -904.3 -27
11881 -853.6 -38.8
11882 -884 371.9
11883 3899.6 2600
11884 -896.8 328.4
11885 -666.8 219.8
11886 -656.9 146.1
11887 -706.5 165.3
11888 -649.9 243
11889 -717.6 259.8
11890 -364.5 -425.1
11891 -407.7 -426.3
11892 -378.8 -465.2
11893 -137.8 -2381.2
11894 4010.4 2641.4
11895 -160.6 -2221.8
11896 -243.5 -1617.2
11897 -158.1 -1605.6
11898 614.3 4168.7
11899 583.3 4213
11900 459.9 4155.3
11901 409.1 4254.9
11902 288 4112
11903 64 4117.9
11904 161.8 3717.9
11905 4118.5 2683.1
11906 111.7 3808.1
11907 -52.3 3791.8
11908 20.9 3831.1
11909 -80.9 3844.5
11910 75 3862.8
11911 37.3 3933.7
11912 -401.4 3415.4
11913 -417.8 3467.3
11914 -800.5 3346.5
11915 -863.7 3392.4
11916 4049.6 2536.6
11917 -864.7 3345.5
11918 -636.4 3400.6
11919 -813.8 3461.3
11920 -637.8 3471.4
11921 -489.2 3445
11922 -435 3525.2
11923 -509.5 3507.4
11924 -574.1 3486.9
11925 -474.1 3637.7
11926 -602.1 3569.8
11927 3969.2 2752.9
11928 -1103.4 3338.1
11929 -544.5 3609.7
11930 -491.7 3686.8
11931 -439.5 3720.6
11932 -931.5 2951.6
11933 -982.7 2993
11934 -881.6 2910.6
11935 -959.9 2931.4
11936 -993.6 2929.5
11937 -885.7 2839.7
11938 4079 2456.7
11939 -1226.9 3179.6
11940 -1198.5 3093.2
11941 -1290.6 3157.8
11942 -1155 3241
11943 -1085.3 3204.4
11944 -852.7 3510.8
11945 -1023.7 3021.5
11946 -967.5 3018.1
11947 -1088.3 3107.2
11948 -1008.2 3155.5
11949 4666.8 2609.3
11950 -1096.5 3080.7
11951 782.6 2914.1
11952 934.5 2829.4
11953 671.5 2912.1
11954 740.4 2721.4
11955 665.2 2941.9
11956 1044.5 2646
11957 965.2 2775.2
11958 1096.8 2674.6
11959 993.3 2614.3
11960 4539.3 2553.8
11961 1067.1 2592.2
11962 737.5 2453.7
11963 801 2497.3
11964 720.7 2475.5
11965 698.2 2503
11966 669.8 2527
11967 650.3 2442.5
11968 743.7 2533.1
11969 537.5 2303.4
11970 560.4 2328.5
11971 1251.7 1645.7
11972 2364.1 2427
11973 563.9 2282.8
11974 709.4 2589.2
11975 791.4 2551.3
11976 848.6 2586.2
11977 879.6 2548.9
11978 932.5 2639.6
11979 881.6 2725.2
11980 951.3 2590.7
11981 890.9 2614.2
11982 -1587.2 2989.9
11983 2488.2 3081.4
11984 -1543.2 2931.5
11985 -1836.1 2823.8
11986 -1475.8 2988
11987 -1378.3 2889.2
11988 -1404.8 2826.2
11989 -1324.7 2836.2
11990 -1154.8 2666.1
11991 -1199.2 2708.9
11992 -1079.3 2688.1
11993 -1256.7 2632.5
11994 2577.5 3631.9
11995 -846.2 2876.8
11996 -808 2845.8
11997 -1390.4 2591.3
11998 -1354.8 2602
11999 -1424.3 2580
12000 -1036.3 2702.7
12001 -973.3 2739.2
12002 -949.2 2766.4
12003 -838.4 2632.8
12004 -1755.2 2583.5
12005 2568.5 3698.4
12006 -1686.3 2618.7
12007 -1731.5 2518.1
12008 -1777.6 2645.4
12009 -1554.5 2683.9
12010 -1510.2 2705.8
12011 -1622.4 2649.9
12012 -1587.4 2736.3
12013 -1428.5 2779.6
12014 -1464.1 2826.3
12015 -1483.4 2719.1
12016 2554.8 3822.7
12017 -1712.6 2669.9
12018 -1738.5 2720.5
12019 -1675 2753.9
12020 -1490.5 2807.3
12021 -1528.6 2779.2
12022 -1528.8 2859.4
12023 -1327.4 2977.6
12024 -1344.2 3035.1
12025 -1362.8 3014.2
12026 -1305.3 3238.7
12027 2498.9 3952.1
12028 -1795 2694.9
12029 -1970.1 2950.6
12030 -1824.9 2793.5
12031 -2344.4 3251
12032 -2398.5 3212.4
12033 -2398.2 3337.3
12034 -2293.2 3173.9
12035 -2216.2 3085.3
12036 -2193.3 3065.1
12037 -2243.3 3055
12038 2581.8 3790.7
12039 -2069.5 3237.8
12040 -2042.1 2978.2
12041 -1830.6 2501.7
12042 -1719 2044.6
12043 -1647.8 2097
12044 -1742.3 2100.7
12045 -1706.7 1997.5
12046 -1962.2 2217.9
12047 -2098.9 2283.1
12048 -1923.6 2035.7
12049 -5855.4 -2899
12050 -1903.2 2244.7
12051 -2162.1 2303.9
12052 -2182.6 2361.3
12053 -2398.7 2252.2
12054 -1882.2 2283.1
12055 -1700.8 1857.6
12056 -1942.2 2015.2
12057 -1881.7 1973.1
12058 -2065.6 2103.7
12059 -1905.3 1943.5
12060 -5860.1 -2870.5
12061 -1817.9 1889.8
12062 -1726.2 1796
12063 -1718.7 1767
12064 -1688.7 1779.1
12065 -1685.3 1717.4
12066 -1695.1 1806.1
12067 -1623.2 1800.8
12068 -1642.9 1635
12069 -1304.7 1410.5
12070 -1505.2 1384.4
12071 -5673.1 356.6
12072 -1630.9 1026.4
12073 -1652.5 1805.2
12074 -1479.9 1742.8
12075 -910.2 1332.7
12076 -824.6 1231.5
12077 -990.9 1412.2
12078 -1064.9 1476.6
12079 -1013.1 1432.3
12080 -1241.7 1980.9
12081 -1204.3 1933.7
12082 1333.5 2074.3
12083 -5095.7 639.1
12084 -1176.9 2036.1
12085 -1359.8 1897
12086 -1166.8 1888
12087 -1125.3 1837.4
12088 -1050.2 1770.1
12089 -976.7 1829.8
12090 -929 1515.9
12091 -976.5 1440.2
12092 -1217.5 1709.9
12093 -1704 2252.3
12094 -5384.7 447.5
12095 -1798.1 2190.7
12096 -1557.4 2164.9
12097 -1530.3 2125.9
12098 -1593.1 2215.1
12099 -1500.8 2208.2
12100 -911.9 1759.6
12101 -1122.5 1975.5
12102 -926.4 1870.2
12103 -830.4 1810
12104 -1546.3 1193.8
12105 -1769.2 2920.7
12106 -1275.8 2191.9
12107 -1359.1 2136
12108 -1482.7 2054.1
12109 -1449.3 2015.1
12110 -1625.5 1919.1
12111 -1595.3 1985.2
12112 -1425.8 729.1
12113 -1320 758.6
12114 -1318.3 602
12115 -1464.8 1123.4
12116 -1671.4 2986.9
12117 -739.5 984.5
12118 -1381.9 1041.4
12119 -1312.2 1121.4
12120 -1555.6 1124
12121 -1085.3 1104.5
12122 -931.9 1253.9
12123 -956.3 1088.1
12124 -934.3 1178.2
12125 -964.5 1380.6
12126 -1035.6 875.5
12127 -533.1 3761.2
12128 -209.1 1616.8
12129 -239.7 1572.6
12130 -154.1 1569.7
12131 -298.1 1683.7
12132 -161.5 1684.1
12133 -160.2 1078.1
12134 -126.5 1113.9
12135 -422.5 1314.4
12136 -340.4 1238.7
12137 -449.6 1276
12138 -251.9 3867.5
12139 -387.6 1363.5
12140 -92.8 1150.8
12141 -228 1212.1
12142 -347.9 1421.3
12143 -454 1402.1
12144 -210.7 1019.1
12145 -308.1 1126.1
12146 -382.8 1179.6
12147 -349.7 1084
12148 -265.7 1174
12149 -322.8 3914.3
12150 -141.7 1298.9
12151 -472.6 1243.4
12152 -518.2 1178.5
12153 -317.7 1463.9
12154 -259.9 1324.9
12155 -265.9 1536.3
12156 -932.5 745.1
12157 -831.7 811.3
12158 -847.2 683.4
12159 -835.8 601.5
12160 61.3 4152.5
12161 -750.2 958.9
12162 -914.9 499.3
12163 -876.6 534.2
12164 -708.9 1476.8
12165 -769.8 1231
12166 -887.9 1900.8
12167 -827.7 1948.8
12168 -786 1717.4
12169 -761.9 1849.7
12170 -743.4 1634.8
12171 176.4 4204.9
12172 -647.9 1540.4
12173 -707.6 1661.8
12174 -617 1571.3
12175 -695.8 1763.1
12176 -869.1 2007.9
12177 -302.2 1282.3
12178 -191.2 1250.9
12179 -216.6 1370.5
12180 -155.3 1430.6
12181 -82.9 1362.3
12182 239.8 4202.1
12183 242.6 1693
12184 201 1648.3
12185 290.1 1641.6
12186 59.8 1886.9
12187 305.4 2246.8
12188 142 2082.8
12189 352.1 2290
12190 207.5 2331.2
12191 -381.4 1050.5
12192 -436.9 1102.3
12193 1088.4 1107.4
12194 313.9 4259
12195 -473.4 1051.5
12196 -31.8 1869
12197 -45.5 1849.2
12198 14.5 1931.6
12199 -18.5 1783.3
12200 82.7 1533.3
12201 100.1 1549.5
12202 31 1478.7
12203 -2.7 1803.5
12204 142.3 1595.2
12205 440.3 4291.9
12206 72.3 1748.1
12207 31.2 1849
12208 53.4 1792.9
12209 -91.3 1624.1
12210 -125 1535.3
12211 -20.6 1426
12212 41.4 1367.2
12213 -69.9 1474.9
12214 -45 1675.6
12215 10.1 1625.3
12216 654.9 4159.5
12217 -59.6 1581.2
12218 253.4 1596.7
12219 88.9 1761.5
12220 208.3 1544.4
12221 654.7 2219.3
12222 631.7 2190.3
12223 429.6 2389
12224 446.4 2374.9
12225 468.2 2439.2
12226 413.8 2366.6
12227 780.4 4335.2
12228 -622.1 1807.8
12229 -646.5 1712.8
12230 -1098.5 2309.7
12231 -1066.1 2264.9
12232 -1016 2299.2
12233 -1213 2479.3
12234 -1222.5 2371.5
12235 -1310.6 2411.5
12236 -1162.7 2407.9
12237 -1153.6 2531.2
12238 1108.5 4297.2
12239 -1250.9 2544.5
12240 -1394.4 2352
12241 -1334.8 2447.5
12242 -1272.1 2361.8
12243 -1643.8 2286
12244 -1482.2 2294.9
12245 -1457.5 2434.5
12246 -1364.9 2493
12247 -1425.1 2390.2
12248 -1474.3 2506.6
12249 1459.9 4224.9
12250 -1500.1 2403.9
12251 -1359.3 2304.4
12252 -1318.7 2249.9
12253 -1752.4 2357.3
12254 -1851.6 2307.2
12255 -1661.6 2156.9
12256 -3470.1 1510.7
12257 -3744.8 1746.4
12258 -2812.1 327.6
12259 -2573.5 -55.4
12260 1203.3 4262.6
12261 -2476.5 -272.3
12262 -3124.7 242.9
12263 -3087.5 219.4
12264 -2862.8 344.2
12265 -2547 -300.9
12266 -2589.9 -260.7
12267 -2606.1 -311
12268 -2924.1 -28.4
12269 -2784.2 -147.1
12270 -2877.4 21.3
12271 1723.5 4168.9
12272 -2700.9 -290.4
12273 -2832.7 -204.3
12274 -2751.2 -279.8
12275 -2981.9 -88.8
12276 -2753.7 -102.9
12277 -3265.5 154.5
12278 -3287.1 141.1
12279 -3205.8 103.9
12280 -2445.4 -349.8
12281 -2350.2 92.6
12282 1463.2 4240.8
12283 -2328.1 252.9
12284 -2828.4 358.2
12285 -2358.8 366.5
12286 -2580.1 722.1
12287 -2359.9 440.8
12288 -2223.8 489.4
12289 -2108.1 6.7
12290 -2366.3 486.2
12291 -2386.2 520.3
12292 -2329.4 454.2
12293 1074.3 4319.3
12294 -2742.2 1231.6
12295 -2786.9 1210.2
12296 -2716.8 1245.8
12297 -2675.3 1053.9
12298 -2768.3 1268.8
12299 -2707.6 1029.1
12300 -2628.6 933
12301 -2635.3 1095.6
12302 -2549.7 1352.1
12303 -2542.7 1320.7
12304 1282.4 1353.2
12305 54.2 4164.4
12306 -2454 1356.8
12307 -2695.1 1359.5
12308 -2578.4 1411.2
12309 -3039.7 1274.6
12310 -3000.3 1280.6
12311 -3085.1 1271.5
12312 -3028 1241.8
12313 -3456.3 1023.7
12314 -3565.4 1069.4
12315 -3534.8 983.5
12316 -178.9 4027.5
12317 -3389.4 1024.6
12318 -3723.1 869.3
12319 -3751.8 921.3
12320 -3615.9 1090.9
12321 -3688.3 1103.7
12322 -3586.8 1006.2
12323 -3568.9 965.6
12324 -3622.8 939.1
12325 -3746.3 1089.2
12326 -3649.3 925.3
12327 -561.5 3759.1
12328 -3814.3 1071.2
12329 -3676.7 910.9
12330 -3707.5 894.4
12331 -4296.5 621.1
12332 -4267.7 640.3
12333 -4125.9 571.9
12334 -3665.5 1325.7
12335 -3733.6 1270.5
12336 -3600.4 1405.8
12337 -3973.4 1080
12338 -1312.9 3248.6
12339 -4006.1 1068.7
12340 -3937.9 1093.4
12341 -3962.2 1030.7
12342 -3905.5 804.9
12343 -3924.1 861.8
12344 -3956.2 998.9
12345 -3850.9 1153.4
12346 -3807 1198.4
12347 -3797.1 1096.5
12348 -3749.8 1109.3
12349 -1743.5 2957.1
12350 -3759.9 1244.6
12351 -3632.9 1140.6
12352 -3569.6 1160
12353 -3550.2 1168
12354 -3525.8 1296.3
12355 -3508.1 1382.5
12356 -3440.5 1279.4
12357 -3286.2 1120.5
12358 -3592.8 1205.2
12359 -3574.3 1306.5
12360 -1892.3 2852.4
12361 -3796.6 1032.2
12362 -3601.2 715.8
12363 -3665.8 674.1
12364 -3518.5 769.9
12365 -3618.9 760.6
12366 -3578.3 661.6
12367 -3452.1 812.3
12368 -3285.3 911.1
12369 -3426.7 765.5
12370 -3476.2 863.1
12371 -1969 2802.3
12372 -3298.7 961.6
12373 -3349.4 813.6
12374 -3421.6 890.9
12375 -3355.4 991.6
12376 -3456.4 992.8
12377 -3376.9 1000.9
12378 -3501.2 912.4
12379 -3434.4 944.4
12380 -3488.4 887.6
12381 -3539.7 822
12382 -2235.6 2625.1
12383 -3802.2 839.2
12384 -3821 896.3
12385 -3777 846.7
12386 -3995.4 894.4
12387 -3935.4 908.1
12388 -4043.8 876.3
12389 -3966.9 784.6
12390 -4368.3 1146.2
12391 -4388.3 1172.2
12392 -4180.9 1030.3
12393 -5961.8 -455.5
12394 -4009.7 1149.6
12395 -4193.6 988.8
12396 -4770.2 1105.6
12397 -4751.8 1075
12398 -4762.3 1172.6
12399 -4903.9 1033.7
12400 -4530.6 1193
12401 -4633.2 1264.6
12402 -4657.3 1248.3
12403 -4664.9 1337.5
12404 -5977.8 -540.1
12405 -4586.1 1356.3
12406 -4526.6 1347.5
12407 -4386.1 1148.6
12408 -4059.2 758.2
12409 -4101.2 743
12410 -3802.1 492.9
12411 -4675.7 1590
12412 -4652.4 1571.4
12413 -4648.2 1614.8
12414 -4698.6 1614.3
12415 1271.5 1430.4
12416 -869.9 2480.8
12417 -5063.9 1779.2
12418 -4419.6 1437.7
12419 -4388.5 1407
12420 -4445 1448.8
12421 -4472.5 1584.1
12422 -4438.8 1584.1
12423 -4151.2 1346.3
12424 -4139.4 1299
12425 -4019.2 1437.8
12426 -4014 1479.6
12427 -785.3 2385.7
12428 -4109.1 1367.1
12429 -4047.8 1438.1
12430 -4013.1 1639.9
12431 -4042.3 1641
12432 -4004.5 1585.5
12433 -4046.7 1791.5
12434 -4138.2 1857.8
12435 -4141.1 1827.1
12436 -4229.9 1893.8
12437 -4276.2 1859.8
12438 -838.8 2461.2
12439 -4260.8 1921.8
12440 -4189 1880
12441 -4187.8 1950
12442 -4240.5 1617.2
12443 -4233.1 1594.7
12444 -4119.4 1638.5
12445 -4119.4 1610.1
12446 -4098 1639.7
12447 -4191.6 1630.1
12448 -4434 1842.7
12449 863 1338.1
12450 -4463.3 1834.2
12451 -4458.3 1906.6
12452 -4418.5 1873.5
12453 -4366.8 1786.9
12454 -4398.5 2163.4
12455 -4401.5 2213.7
12456 -4372.8 2101.7
12457 -4372.3 2171.7
12458 -4405.8 2264.8
12459 -4371.2 2259.3
12460 544.6 1144.4
12461 -4477.5 2258.8
12462 -4521.1 2334.5
12463 -4510.4 2201.6
12464 -4286.4 2241
12465 -4265.6 2220.1
12466 -4316.4 2218.1
12467 -4309.6 2256.6
12468 -5274.8 1863.9
12469 -5300.4 1795.5
12470 -5088.6 1720.8
12471 -2053.6 3254.3
12472 -4934 1711.2
12473 -5611.9 2003.1
12474 -5261.6 1888.1
12475 -5561.9 1887.2
12476 -5578.8 1845.3
12477 -5519.6 1871.2
12478 -5552.2 1962.7
12479 -5121 1618.6
12480 -4951.7 1657.2
12481 -5252.7 1779.4
12482 -1977.8 3333.3
12483 -4817.9 1467.7
12484 -4832.1 1444.4
12485 -4845.6 1513.4
12486 -4952 1333.3
12487 -5071.3 1377
12488 -4904.7 1376.6
12489 -4582.3 1365.8
12490 -4925.4 1323.4
12491 -5192 1420.5
12492 -5182.4 1447.4
12493 -2013.6 3228
12494 -5217 1429.4
12495 -4582.5 1426.8
12496 -4540.2 1376
12497 -5228.5 1397.8
12498 -5615.3 1745.1
12499 -5568.4 1728.4
12500 -5601.9 1597
12501 -5397.8 1525.6
12502 -5500.4 1562.2
12503 -5383.3 1569.8
12504 -3146.5 4040.9
12505 -5407.3 1498.1
12506 -5529.5 1541.8
12507 -5315.4 1753.5
12508 -5467.8 1854.7
12509 -5352 1651.3
12510 -5337 1695.8
12511 -5304.7 1633.7
12512 -5382.9 1662.8
12513 -4929.9 1577
12514 -4905.4 1636.9
12515 -3174.9 4071
12516 -5007.8 1540.3
12517 -4886.1 1490
12518 -5081 1411.4
12519 -5166.1 1493
12520 -4872.3 1455.7
12521 -5041.5 1397.8
12522 -5036 1588.4
12523 -5137.5 1573.7
12524 -5103.6 1562
12525 -5185.5 1589
12526 936.4 1380.6
12527 -3035 4100.2
12528 -5167.7 1634.4
12529 -5419.9 869.7
12530 -5401.9 921
12531 -5435.9 851.9
12532 -5444 961.5
12533 -4935.5 1297.5
12534 -5081.9 1346.8
12535 -4951.5 1246.2
12536 -5246.9 1346.9
12537 -5186 1384.1
12538 -3043 3903.7
12539 -4961.4 1218.3
12540 -5029.4 1187.8
12541 -5048.5 1051.6
12542 -5159.7 1129.5
12543 -5175.7 1078.4
12544 -5307.5 1179.4
12545 -5292.3 1221.7
12546 -5324.6 1130
12547 -5361.4 1199.9
12548 -5537.8 1262.8
12549 -3252.8 3914.4
12550 -5584.7 1281.2
12551 -5512.7 1242.6
12552 -5619.7 1294.9
12553 -5594.1 1365.3
12554 -5649.4 1187.3
12555 -5758.2 1415.3
12556 -5457 1511
12557 -5540.1 1513.4
12558 -5520.3 1569.1
12559 -5760.3 1605.3
12560 -2963.8 4137
12561 -5561.3 994
12562 -5522.9 1096.9
12563 -5383.6 1489.2
12564 -5394.1 1460.9
12565 -5237.4 913.2
12566 -5221.7 956.9
12567 -5416.3 826.6
12568 -5188.7 941.2
12569 -5148.4 1371.4
12570 -5095.1 1308.4
12571 -3073.2 4192.7
12572 -4817.9 1296.1
12573 -5080.9 1027.7
12574 -4949.5 1021
12575 -4967.8 962.5
12576 -4982.4 1030.3
12577 -3389.1 83.4
12578 -3482.2 130.4
12579 -3424.8 193.7
12580 -3597 234.1
12581 -3507.4 114.5
12582 -2934.8 4152.1
12583 3157.7 -5681.3
12584 3156.5 -5645
12585 3162.6 -5815.7
12586 -726.7 -369.4
12587 -769.2 -360
12588 -679.7 -291.7
12589 -5845.7 1557.4
12590 -5831.7 1528.3
12591 -5821.2 1490.5
12592 -5871.2 1506.7
12593 -2813 4028.7
12594 -5991.8 2199.4
12595 -5448.8 1915
12596 -6249.4 -7284.8
12597 -6241.3 -7237.6
12598 -6196.1 -7292.1
12599 -6282.5 -7435.7
12600 -6129.8 -7390.1
12601 -6053.8 -7401.9
12602 -6145.7 -7468.3
12603 -6172 -7348.1
12604 -2845 4198.6
12605 -6973.9 -6882.6
12606 -6948.9 -6907.4
12607 -6901.6 -6845.9
12608 -6913.7 -6890.7
12609 -6879.7 -6955.4
12610 -6854.2 -6979.5
12611 -6809.8 -6926.8
12612 -6648 -6773.6
12613 -6625.7 -6745.5
12614 -6713.7 -6709.4
12615 1675.8 2008.7
12616 -6523.1 -6593.8
12617 -6498.9 -6542.2
12618 -6594.1 -6525
12619 -6551.3 -6642
12620 -6727.2 -3276.8
12621 -6681.6 -3225.3
12622 -6912.9 -2885.1
12623 -6886.4 -2933
12624 -6823.4 -2835.4
12625 -6624.4 -2750.2
12626 2101.3 2083.7
12627 -6656.9 -2695.4
12628 -6598.2 -2740.8
12629 -6690.9 -2771.7
12630 -5265.6 -2240.7
12631 -5283.6 -2196.2
12632 -5243.7 -2297.2
12633 -5298.6 -2252.3
12634 -5212.5 -2219.1
12635 -6396.6 -2642.8
12636 -6371.8 -2630
12637 1311.5 1631.3
12638 1376.5 2109.3
12639 -6442.1 -2665.2
12640 -6421.9 -2605.4
12641 -6371.9 -2693.4
12642 -6310.7 -2973.3
12643 -6331.7 -2933.2
12644 -6280.1 -2956.2
12645 -6346 -2995
12646 -6267.5 -3057.9
12647 -6207.9 -2885.3
12648 -6226.9 -2850.8
12649 -304.8 3447.9
12650 -6158.5 -2860.8
12651 -6263.9 -2905.6
12652 -6343.6 -2617.4
12653 -6317.8 -2606.6
12654 -6300.9 -2705.2
12655 -7045.5 -1609
12656 -6977.9 -1623.2
12657 -6957.9 -1756.4
12658 -6926.8 -1828.3
12659 -6899.4 -1829.4
12660 -316 3401.3
12661 -6924.4 -1882.6
12662 -6938.2 -1792.8
12663 -7344.3 -1708.9
12664 -7303.2 -1688.7
12665 -5886.9 2445.5
12666 -5884.6 2414.9
12667 -5892.1 2505.9
12668 -5930.2 2418.2
12669 -5578.1 2087.3
12670 -5612.1 2104.4
12671 -285.7 3535
12672 -5593.9 2049.4
12673 -5509.9 2227.9
12674 -5436.6 2189.2
12675 -5533.6 2174.5
12676 -5200.8 2130.6
12677 -5131.7 2120.2
12678 -5191.3 2170.7
12679 -4959.3 2085.8
12680 -4985.6 2090.7
12681 -4958.9 2136.6
12682 -530.2 2179.2
12683 -4935.1 2042.4
12684 -5756 2643.2
12685 -5741.6 2616.6
12686 -5696.1 2675
12687 -5703.5 2550.6
12688 -5674.5 2504.7
12689 -5727.5 2592
12690 -5757.9 2525.9
12691 -5650 2581.1
12692 -5570.2 2331.2
12693 -658.4 2215.5
12694 -5526.8 2259.2
12695 -5586.6 2359.6
12696 -5541.9 2347.3
12697 -5628.5 2298.9
12698 -5357.7 2747.6
12699 -5382.7 2774.1
12700 -5428.7 2720.1
12701 -5779.9 2557.4
12702 -5835 2509.5
12703 -5870.3 2508.3
12704 -531.3 2057.1
12705 -5906.6 2579.8
12706 -5916.1 2504.4
12707 -5948.6 2733.9
12708 -5986.6 2724.7
12709 -5898.6 2744.7
12710 -5925 2650.2
12711 -5956.9 2802.6
12712 -5994.9 2210.1
12713 -5663.2 1907.6
12714 11653.2 9164.9
12715 -520.7 2257
12716 11518.6 9159.1
12717 11674.8 8978
12718 11609.4 9023.6
12719 11691.8 8850.3
12720 11592.3 8809.7
12721 11547.8 8828.9
12722 11562.4 8795.2
12723 11529.3 8878.5
12724 11501.3 8892
12725 11515.8 8929.8
12726 -532 1750.4
12727 11481.9 8947.5
12728 11118.5 8169.1
12729 10960 8079
12730 11145.1 8112
12731 11723.6 8519.1
12732 11689 8581.6
12733 11737.5 8501.2
12734 11828.5 8573.4
12735 11676.7 8495.6
12736 11884.6 8606.5
12737 -481.9 1736
12738 11917.6 8629.1
12739 11776.5 8730
12740 11999.4 8667.6
12741 11970.6 8656.3
12742 8322.9 7394.3
12743 8238.8 7346
12744 8367.8 7332.4
12745 8287.3 7446.2
12746 8472.6 7482.2
12747 11363.1 7721.7
12748 1339.5 2174.5
12749 -535.7 1719.6
12750 11318 7690.7
12751 10858.1 8609.4
12752 10829.8 8654.4
12753 10874.2 8583.4
12754 10887.8 8632
12755 10743.4 8773.4
12756 10771.5 8742.3
12757 10729.9 8818.9
12758 10793.3 8799
12759 11067.7 7550.9
12760 -543.1 1927.5
12761 11109 7575.4
12762 11053.5 7575.2
12763 11560.6 7835.6
12764 11496.5 7800.8
12765 11576.1 7809
12766 11542.2 7876
12767 11427.9 7763.6
12768 11319.8 7800
12769 11573.1 7615.1
12770 10980.8 7699.8
12771 -540.7 1689
12772 10937.7 7678
12773 10954.7 7746.6
12774 10741.2 7623.7
12775 10839.2 7680.2
12776 10922.5 7804.8
12777 10811.7 7995.3
12778 10871.5 7894.7
12779 10845.3 8014.3
12780 10773.3 7973.6
12781 10692.3 8102.8
12782 -480.9 1685.6
12783 10726 8047.2
12784 10665.2 8150.5
12785 10598.1 8048
12786 10722 7944.6
12787 10643.5 8191.1
12788 10563.9 8101.2
12789 10827.2 8045.1
12790 10897.2 8043.7
12791 10456.5 8604
12792 10485.6 8564.4
12793 -558.9 1627.8
12794 10487.8 8622.4
12795 10519.7 8496
12796 10502.9 8529.8
12797 10488.8 8479.9
12798 10544.9 8509.2
12799 10570.8 8522.8
12800 10641.5 8559.7
12801 10595.2 8474.8
12802 10680.5 8580.1
12803 10705.5 8536
12804 -606.6 1484
12805 10664.3 8608.7
12806 10620.6 8702.1
12807 10645 8642.8
12808 10538.7 8651.8
12809 11119.7 8749.8
12810 11146.6 8704.7
12811 11088.4 8739.8
12812 10961.9 8688.6
12813 10979.4 8659.3
12814 11022.9 8718.5
12815 -623.8 1436.7
12816 10914 8651.9
12817 10943.1 8675
12818 10952.2 8587.8
12819 11580.4 9233
12820 11496.6 8961.2
12821 11445.4 8926
12822 11379 8891.7
12823 11275.8 8833.2
12824 11394.8 8846.1
12825 11344.3 8945.2
12826 -585.7 1541
12827 11222.7 8803.5
12828 11155.6 8767.2
12829 11065.9 8842.6
12830 12066.5 8922.5
12831 12109.8 8900
12832 12019.9 8942.4
12833 12298.1 8750
12834 12343.9 8778.1
12835 12207.6 8840.3
12836 12360.1 8666
12837 -553.7 1455.8
12838 12149.5 8860.3
12839 12099.6 8874.5
12840 12182.6 8848.9
12841 12092.4 8853.9
12842 12076.4 8786.4
12843 11421.9 10158.8
12844 11238.1 10820.3
12845 11468.7 10812.4
12846 11184.6 10712.4
12847 11514 10888.5
12848 -643 1380.1
12849 11607.3 10862.8
12850 11324.7 10575.9
12851 11321.6 11185.7
12852 11162.3 11587.9
12853 8270.4 12426.2
12854 8134.2 12138.5
12855 8173 12220.2
12856 8114.7 12248.4
12857 8198.6 12276
12858 8059.2 12274.9
12859 81.5 -1286.8
12860 1361.3 2718.2
12861 -603.9 1360.3
12862 8098.2 12507.7
12863 8213 12452.7
12864 8156.9 12480.2
12865 -4728.9 -1188.8
12866 -4786.8 -1189.7
12867 -4699.2 -1104
12868 -4788.6 -1286
12869 -4616.3 -918.1
12870 -4536.1 -934.5
12871 -4702.9 -917.4
12872 -664.2 1167.3
12873 -4598.5 -873.9
12874 -4665.4 -1033.2
12875 -4549.2 -653.8
12876 -4549.3 -678.5
12877 -4452.2 -625.8
12878 -4572.6 -1059.4
12879 -4480.2 -1082.7
12880 -4558.6 -1008.2
12881 -4466.2 -674.2
12882 -4361 -645.3
12883 -261 3968.4
12884 -4525.5 -663
12885 -4503.4 -808.1
12886 -4980.4 -747.7
12887 -4963.9 -795.1
12888 -4502.3 -547.5
12889 -4806 -1153
12890 -4826.2 -1181.9
12891 -3582.3 -1742.2
12892 -3613.1 -1667.2
12893 -3665.6 -1757.4
12894 -236.1 3827.4
12895 -4176.2 -1856.6
12896 -4221.7 -1775.5
12897 -4237.4 -1872
12898 -4844.8 -2068
12899 -4871.7 -2010
12900 -4884.6 -2085.2
12901 -4919 -1898
12902 -4908.7 -1923.6
12903 -4920.4 -1855.3
12904 -4952.9 -1864.6
12905 -160.1 3926.6
12906 -4909.9 -1799.1
12907 -4862.4 -1852.7
12908 -4866.7 -1544.8
12909 -4782.2 -1507.2
12910 -4884.6 -1650.8
12911 -4949.1 -1602
12912 -3306.8 -1693.4
12913 -3314.5 -1765.2
12914 -3288.8 -1656.7
12915 -3037.6 -1603.7
12916 -350.8 3916.8
12917 -3151.9 -1625
12918 -3400.8 -1844.1
12919 -3423.2 -1862.3
12920 -3416.8 -1805.5
12921 -3352.1 -1912.9
12922 -3278.3 -1753.8
12923 -3661.9 -1567
12924 -3596.3 -1527.5
12925 -3638.3 -1614
12926 -3679.2 -1534.3
12927 -251.9 3782.7
12928 -3412.4 -1223.1
12929 -3379.2 -1291.4
12930 -3471.5 -1216.8
12931 -3176.3 -1341.6
12932 -3354.5 -1341.4
12933 -3375.6 -1386.1
12934 -3328.5 -1342.6
12935 -3526 -1279.4
12936 -3521.1 -1203.1
12937 -3509.9 -1128.8
12938 -2545.9 2868.7
12939 -3778 -1259.8
12940 -3726.5 -1263.3
12941 -3725.1 -1352.2
12942 -3538.4 -1325.9
12943 -3766.6 -1380.6
12944 -3807.2 -1403.7
12945 -3745.5 -1418.8
12946 -3842.3 -1200.4
12947 -3686.6 -1329.9
12948 -3646.5 -1322.8
12949 -2604.7 2937.2
12950 -3642 -1380.7
12951 -3434 -1430.3
12952 -3341.6 -1414
12953 -3381.7 -1511.3
12954 -3352.6 -1496
12955 -3398.6 -1478.9
12956 -3340.3 -1601.7
12957 -3742.5 -947.1
12958 -3758.4 -974.4
12959 -3643.3 -1012.8
12960 -2485.3 2924.4
12961 -3776.3 -999.1
12962 -3760.2 -1031
12963 -3855.9 -1047.8
12964 -3845.9 -1126.4
12965 -3924.3 -985.9
12966 -3843.6 -1166.2
12967 -3689.1 -1179.9
12968 -3610 -1041.3
12969 -3578.6 -1070
12970 -3543.1 -1101.2
12971 1308.9 1830
12972 -2640.2 2907.4
12973 -3787.5 -1072.1
12974 -3313.7 -1151.8
12975 -3244.2 -1188.2
12976 -3281.5 -1231.6
12977 -3227.6 -1161.4
12978 -3283.6 -375.8
12979 -2949.2 -317.5
12980 -3916.6 -1462.2
12981 -3885.2 -1445.7
12982 -3954.5 -1482
12983 -2682.3 3051.6
12984 -3956.3 -1391.2
12985 -4842.2 -1072.6
12986 -4859.7 -1033.4
12987 -4769.7 -1053.5
12988 -4757.3 -922.1
12989 -4767.1 -1019.6
12990 -4448.8 -963.5
12991 -4512 -836.8
12992 -4391.6 -989.3
12993 -4425.4 -877.3
12994 -2753.1 3216.9
12995 -4456.5 -1002.8
12996 -4295.5 -1035.6
12997 -4256.5 -958.4
12998 -4308.5 -1061.6
12999 -4205.2 -1078.6
13000 -4016.4 -1171.3
13001 -3992.4 -1127.5
13002 -4023.6 -1194
13003 -4038.4 -1155.9
13004 -3967.7 -1166.4
13005 -2631.2 3257.6
13006 -4076.9 -1228.7
13007 -4006.9 -1222.6
13008 -3859.7 -1431.3
13009 -3887.4 -1390.9
13010 -4505.3 -1175.7
13011 -4432.7 -1164.9
13012 -4603.9 -1182.6
13013 -4496.5 -1144
13014 -4490.4 -1232.6
13015 -4379 -708.2
13016 -2851.9 3184.5
13017 -4284 -752.1
13018 -4407.3 -809.4
13019 -4248.8 -676.4
13020 -4179.9 -799.6
13021 -4136.6 -718.5
13022 -4220.3 -879.1
13023 -4320.1 -831.2
13024 -4325.4 -1229.8
13025 -4341.2 -1204.5
13026 -4305.3 -1256.2
13027 -2781.7 3289.7
13028 -4477.9 -1259.6
13029 -4352.9 -1153
13030 -4324.2 -1092.6
13031 -4235.4 -1137.5
13032 -4056.5 -765.4
13033 -4227.7 -677
13034 -3970.3 -804.8
13035 -4005 -884.3
13036 -3992.9 -793.1
13037 -3863.4 -857.9
13038 -2826.9 3414.5
13039 -4118.3 -1118.3
13040 -4080.2 -1040.2
13041 -4080 -1137.7
13042 -3974 -1087.9
13043 -3937 -1010.3
13044 -4043 -962.4
13045 -4167.1 -999.7
13046 -4355.4 -911.1
13047 -4164.2 -907.2
13048 -4144.1 -951.9
13049 -2743.1 3484.8
13050 -4102.5 -933.2
13051 -4441.9 -1564.1
13052 -4470.3 -1514.5
13053 -4420.9 -1606.3
13054 -4489.8 -1589.6
13055 -4347.9 -1518.2
13056 -4544.2 -1375.9
13057 -4520.5 -1425
13058 -4589.6 -1400.1
13059 -4573.7 -1281.1
13060 -2805.2 3354.1
13061 -4447.9 -1328.1
13062 -4644.4 -1185.5
13063 -4582.3 -1252.6
13064 -4426.3 -1372.1
13065 -4369.5 -1286.4
13066 -4366.6 -1701.4
13067 -4395.6 -1655.4
13068 -4342.5 -1750.5
13069 -4412 -1721.5
13070 -4282.7 -1886.4
13071 -2895.4 3585.8
13072 -4313.4 -1815.6
13073 -4479.4 -1945.8
13074 -4719.6 -1471.1
13075 -4749.4 -1561.4
13076 -4728.3 -1314.6
13077 -4801.7 -1323.1
13078 -4826.5 -1386.7
13079 -4990.9 -1314.6
13080 -5113 -1293.4
13081 -5154.3 -1315.8
13082 1115.7 1537.4
13083 -2887.3 3360.3
13084 -5146.1 -1276.3
13085 -5389.5 -1217.2
13086 -5415.6 -1232.5
13087 -5287 -1242.8
13088 -5349.6 -1236.3
13089 -5635.7 -1350.1
13090 -5660.5 -1303.4
13091 -5589.2 -1433.8
13092 -5589.5 -1323.6
13093 -5362.4 -1830
13094 -2933.5 3689.2
13095 -5604.5 -1987.9
13096 -5390.1 -1783.4
13097 -4896.7 -1551.2
13098 -4941.2 -1576.6
13099 -4930.6 -1499.2
13100 -4938.4 -1117.1
13101 -4830 -1205
13102 -5164.5 -1208.5
13103 -5203.6 -1080.7
13104 -5088.4 -1225.5
13105 -2847.1 3644.6
13106 -5231.3 -1192.9
13107 -5120.8 -1119.3
13108 -5032.5 -1233.4
13109 -5013.4 -1081.7
13110 -5105.4 -780.8
13111 -5087.4 -834.7
13112 -4974.5 -1098.2
13113 -5030.7 -1021.8
13114 -5364.6 -991.4
13115 -5301.8 -971.6
13116 -2948.2 3724.2
13117 -5356.2 -1023.9
13118 -5390 -913.8
13119 -5068.6 -897.6
13120 -5049.4 -960.5
13121 -5027.6 -884.7
13122 -5180.1 -934.2
13123 -4938.4 -855.7
13124 -4912.8 -917.3
13125 -4989.4 -871.9
13126 -5327 -1115.2
13127 -2960.5 3753.1
13128 -5261.1 -1095
13129 -5311 -1173.5
13130 -5140.6 -1058.6
13131 -5160.3 -997.1
13132 -4988.5 -1008.2
13133 -4888.8 -976.2
13134 -4951.1 -996.2
13135 -5244.3 -954.2
13136 -5198.9 -872.4
13137 -5212 -811.9
13138 -2996.5 3664.6
13139 -5218.7 -792.3
13140 -4947.3 -1184.7
13141 -5283.7 -832
13142 -4969.5 -935
13143 -4568.2 -786
13144 -5017.7 -2154.4
13145 -5080.2 -2168.4
13146 -4883.5 -2605
13147 -4922.5 -2537.6
13148 -4847.8 -2587.9
13149 -2895.7 3792
13150 -4929.2 -2626.4
13151 -5077 -2275.1
13152 -5049.3 -2319.3
13153 -5027.8 -2198
13154 -4947.8 -2594.5
13155 -4985.7 -2654.5
13156 -5113.1 -2326.9
13157 -5098 -2341.8
13158 -5176.1 -2203.8
13159 -5133.2 -2188.8
13160 -3100.1 3826
13161 -5138.1 -2287.7
13162 -5224.1 -2091
13163 -5259.6 -2009.1
13164 -5284.1 -1964.2
13165 -5167.3 -1966.5
13166 -4751.5 -1820.7
13167 -4727.7 -1897.9
13168 -4711.9 -1795.2
13169 -4803.5 -1836.2
13170 -4556.4 -1577.3
13171 -2936.2 3965.2
13172 -4534.9 -1615
13173 -4613.2 -1477.1
13174 -4623.9 -1615.1
13175 -4745.8 -1680.2
13176 -4822.3 -1685.7
13177 -4694.1 -1656.8
13178 -4730.6 -1740.8
13179 -4802 -1584.9
13180 -4892.1 -1689.8
13181 -4903.3 -1763.3
13182 -763.9 2349.9
13183 -4958.1 -1692.1
13184 -4345.7 -1275
13185 -4320.7 -1315
13186 -4080.6 -1729.7
13187 -4068.1 -1779.6
13188 -4113.3 -1658.6
13189 -4029.4 -1709.9
13190 -4058.8 -1826.9
13191 -5761.1 -2428.5
13192 -5758.4 -2485.7
13193 1291.6 1617.6
13194 -838.3 2271.8
13195 -5739.2 -2423.7
13196 -5804 -2439.3
13197 -5781.2 -1003
13198 -5631.6 -937.5
13199 -5738.4 -1146.4
13200 -5572.8 -917
13201 -5597.3 -1024.5
13202 -4975.4 -730.9
13203 -5029.2 -745.7
13204 -5030.2 -581.9
13205 -701.4 2228.4
13206 -5123.8 -770.4
13207 -5142.5 -729.1
13208 -5485.6 -875.6
13209 -5687.9 -942.4
13210 -5512.1 -793.2
13211 -5682.2 -442.3
13212 -5660.4 -488.8
13213 -5701.5 -405.2
13214 -5769.8 -488.1
13215 -5597.5 -391
13216 -745.6 2237.6
13217 -5693.8 -601.4
13218 -5624.4 -560.1
13219 -5753.7 -637.8
13220 -5770.2 -597
13221 -5815.3 -524.7
13222 -5791.9 -560.6
13223 -5888.6 -567.9
13224 -5567.8 -670.1
13225 -5710.8 -736.4
13226 -5538.5 -734.8
13227 -710.4 2253.2
13228 -5594.8 -616.2
13229 -5720.2 -858.1
13230 -5874.8 -712.6
13231 -5816 -676.7
13232 -5904.5 -664.4
13233 -5732.2 -961
13234 -5636.6 -535.2
13235 -5731.5 -691
13236 -5804.6 -1002.2
13237 -5941 -604
13238 -674.7 2152.5
13239 -5959.4 -568.8
13240 -5760.1 -762.5
13241 -5742.6 -805.8
13242 -4820.9 -686.8
13243 -4844.8 -610.8
13244 -5040.7 -548.7
13245 -4977.7 -564.1
13246 -5153.5 -483.8
13247 -5130 -528.6
13248 -5248.9 -529.3
13249 -563.5 1949.2
13250 -5055.4 -689.8
13251 -5217 -570.1
13252 -5173.2 -549.2
13253 -5099.2 -709.7
13254 -5112.2 -564.3
13255 -4840.7 -555.9
13256 -4073.7 -252.2
13257 -4089.1 -191.8
13258 -4140.1 -302.1
13259 -3993.1 -213.9
13260 -690.1 1903.9
13261 -4149.2 -321.9
13262 -4190.7 -290.5
13263 -4185.5 -352.5
13264 -3983.7 -316.3
13265 -4073.8 -319.8
13266 -3978.5 -380.1
13267 -3885.3 -304.1
13268 -3989.2 -247.4
13269 -3821.9 -297.1
13270 -3803.1 -361.9
13271 -502.4 3153.1
13272 -3838.7 -234.9
13273 -3634.2 -308.7
13274 -3643 -356.6
13275 -3703.2 -347.8
13276 -3647.1 -392.5
13277 -3778.2 -453.7
13278 -3874.5 -372.7
13279 -3857 -469.2
13280 -3927.2 -376.5
13281 -3973.8 -449
13282 -507.9 3054.2
13283 -4068.7 -387.9
13284 -4066.1 -457.6
13285 -4131 -394.9
13286 -4228.8 -402.3
13287 -4160.9 -397.3
13288 -3555.2 85.1
13289 -3582.1 66.1
13290 -3496.2 10.6
13291 -3820.4 -117.8
13292 -3878.9 -155.3
13293 -524.7 3237
13294 -3770.5 -85
13295 -3900.8 17.9
13296 -3912.2 -177.3
13297 -4027.5 -1.7
13298 -3859.1 -500.5
13299 -3903.8 -598
13300 -3821.4 -494
13301 -3775.2 -640.7
13302 -3792.5 -584.1
13303 -3931.7 -657.5
13304 1226.9 1360.6
13305 -467.2 3167.3
13306 -3757 -692.6
13307 -3728.9 -699.3
13308 -3795.6 -778
13309 -3827.9 -840.8
13310 -3945.6 -778.5
13311 -3992.7 -629.4
13312 -4103.8 -578.8
13313 -4041.4 -606.7
13314 -4150.2 -678.7
13315 -4102.1 -549.3
13316 -510.3 2957.1
13317 -3726.3 -474.5
13318 -4353.8 -258.2
13319 -4346.5 -125.6
13320 -4311.1 -266.9
13321 -4341.4 -50.5
13322 -4313.2 -35
13323 -4358.5 -34.9
13324 -3777.4 246
13325 -3735 166
13326 -3811.1 300.6
13327 -392.7 2862.4
13328 -3917.1 205
13329 -3653.2 7.6
13330 -3631.4 25.1
13331 -3618.9 -61.3
13332 -3733.2 -57
13333 -3706.8 111.7
13334 -3522 -240.1
13335 -3594.6 -216.1
13336 -3586 -123.9
13337 -4404.9 23.1
13338 -395.7 2830.4
13339 -4393.8 5.5
13340 -4436.8 80.6
13341 -4347.7 47.2
13342 -4102.4 139.5
13343 -4143.6 210.5
13344 -4215.8 100.4
13345 -4064.1 75.4
13346 -4006.4 170.4
13347 -3865.1 431.4
13348 -3856.4 461
13349 -424.7 2852.9
13350 -3876.7 393.9
13351 -3905.4 270.9
13352 -4356.2 576
13353 -4324 605.4
13354 -4310.6 496.9
13355 -4225.3 353.5
13356 -4171.9 384.5
13357 -4295.8 311
13358 -4202.4 313.5
13359 -4264.6 421.6
13360 -382.8 3016.2
13361 -3975.9 5.8
13362 -3680 -200.8
13363 -3426.9 -260.1
13364 -3386.6 -267.4
13365 -3467.3 -203.4
13366 -3361.8 -244.9
13367 -3333.9 -274.8
13368 -2744 -303.4
13369 -2675.4 -317.5
13370 -2382.9 -64.9
13371 -491.7 3246.6
13372 -2425.5 -93.2
13373 -2512.7 -152.3
13374 -5623.3 217.2
13375 -5567 201.2
13376 -5585 143
13377 -5534.3 125.7
13378 -5601.2 87.6
13379 -5617.9 34.9
13380 -5528.5 67.6
13381 -5647.2 101.4
13382 -552.9 3231.2
13383 -5617.6 271
13384 -5593 -148.6
13385 -5586.6 -91.1
13386 -5666.3 -124.5
13387 -5712.6 -110.6
13388 -5650.4 -72.1
13389 -5699.1 -58.8
13390 -5664.2 48.8
13391 -5681.1 -5.8
13392 -5631.3 157
13393 -598.3 2928.7
13394 -2134 515.7
13395 -2489.7 960
13396 -2469.8 942.4
13397 -2414.9 1097.7
13398 -2566.9 1028.1
13399 -2533.9 1036.6
13400 -2593.5 1061.8
13401 -2618.1 1130.5
13402 -2742.4 1290.8
13403 -2689.5 1250.5
13404 -465.5 2828.4
13405 -2767.3 1333.7
13406 -2803.1 1318.3
13407 -2822.3 1427.5
13408 -2856.9 1476.7
13409 -2884.4 1450.5
13410 -2827.3 1515
13411 -2812.1 1491.2
13412 -2737.4 1543
13413 -2720.7 1559.6
13414 -2688.2 1490.4
13415 1122.4 1182.3
13416 -777.8 2417.3
13417 -2698.5 1579.7
13418 -2633 1566.7
13419 -2624.8 1515.2
13420 -2676.2 1594.9
13421 -2607.8 1398.9
13422 -2546.1 1431.9
13423 -2596.3 1468.6
13424 -2478.5 1274.3
13425 -2498.3 1248.8
13426 -2413.9 1134.7
13427 -679.8 2274
13428 -2240.9 826
13429 -2217.7 837
13430 -2285.3 726.9
13431 -2333.8 924.8
13432 -2041.2 896.9
13433 -2048 939
13434 -2172.4 858.8
13435 -2227 1567
13436 -2288.9 1448.8
13437 -2147 1459.5
13438 504.7 1814.2
13439 -2276.5 1683.5
13440 -2424.6 1365.2
13441 -2466.5 1389.1
13442 -2504.8 1303.4
13443 -4605.3 663.6
13444 -4603.5 613.3
13445 -4671.4 691.4
13446 -4611.4 798.4
13447 -4550.3 650
13448 -4806.3 718.3
13449 482.3 1845.3
13450 -4876.2 595.2
13451 -4924.7 567
13452 -4853.8 557.3
13453 -4906.1 650.4
13454 -4816.4 490.5
13455 -4893.2 529.1
13456 -4661.1 223.2
13457 -4591.4 263.9
13458 -4685.1 260.8
13459 -4633.3 168.4
13460 546.6 1887.7
13461 -4543.9 85.5
13462 -4599.1 144.9
13463 -4600.9 55.5
13464 -4474 158.7
13465 -4510.9 232.1
13466 -4406.2 185.4
13467 -4517.4 120.4
13468 -4586.4 383.9
13469 -4597.7 432.9
13470 -4718.1 316.5
13471 666 1968.3
13472 -4567.9 339.8
13473 -4482.5 379.3
13474 -4556.9 819.7
13475 -4922.1 680
13476 -5101.6 542.2
13477 -5066.1 474
13478 -5121 438.1
13479 -5080.5 501.9
13480 -8652.2 -1659.7
13481 -8675.6 -1681.9
13482 686.8 1988.1
13483 -8611.3 -2255.8
13484 -8612.3 -2303.1
13485 -8662.3 -2237.2
13486 -8777.8 -2193.1
13487 -8688.7 -2351.8
13488 -8836.7 -2204.8
13489 -8798.5 -2141.5
13490 -8890.9 -2215.1
13491 -8846.7 -2373.8
13492 -8907.7 -2155.8
13493 711 1910.5
13494 -8980.5 -1976.2
13495 -8967.2 -1994.9
13496 -9016.4 -1920.9
13497 -8924.4 -1970.7
13498 -8882.3 -1947.8
13499 -8873.8 -2109.1
13500 -8863.4 -1990.9
13501 -8812 -1843.9
13502 -8773.9 -1915
13503 -8818 -2100.7
13504 829.2 1757.5
13505 -8867.7 -2151.3
13506 -8846.4 -2033.2
13507 -8780.1 -1977.6
13508 -8777.9 -2030.8
13509 -8713.4 -1971.3
13510 -8774.7 -2093.5
13511 -8734.2 -2090.3
13512 -8645.4 -1955.1
13513 -8650.8 -1872.1
13514 -8579.9 -1940
13515 860.7 1757.4
13516 -8575.4 -1887.8
13517 -8456.9 -1888
13518 -8584.6 -2013.9
13519 -8375.4 -1841.1
13520 -8482.5 -1840.3
13521 -8578 -1765.1
13522 -8535.6 -1742.8
13523 -8591.5 -1745
13524 -8718.9 -1892.3
13525 -8504.6 -1724.6
13526 1012.7 1401.6
13527 802.4 1788.8
13528 -8508.1 -1791.3
13529 -8495.2 -1816.1
13530 -8416.4 -1741.5
13531 -8403.9 -1765.6
13532 -8449 -1695.4
13533 -8392.4 -1787.7
13534 -8009.2 -2166.6
13535 -7974.7 -2246.3
13536 -7940.9 -2106.7
13537 -7454.8 -3230.1
13538 800.4 1720.9
13539 -7519.5 -3124.3
13540 -7397.4 -3180.5
13541 -7533.3 -3294.6
13542 -7431.9 -3280
13543 -7045.6 -2910.2
13544 -7018.9 -2915.8
13545 -7074.9 -2950
13546 -7149.4 -2957.9
13547 -7387.3 -3065.5
13548 -7545.7 -3081
13549 1002.8 1750.2
13550 -7836.4 -3538.9
13551 -7801.7 -3513
13552 -7805.6 -3583.7
13553 -7869 -3562.2
13554 -8475.9 -3988.5
13555 -8628.1 -3969.9
13556 -8707.8 -3806.2
13557 -8616.1 -3995.9
13558 -8703.3 -3972.9
13559 -8861.3 -3979.1
13560 1011.8 1728.9
13561 -8888.1 -3979.8
13562 -8832.5 -3978.3
13563 -8870.1 -4024.5
13564 -9115.8 -3984
13565 -9091.3 -3983.6
13566 -9170.9 -3997.2
13567 -8967.3 -3846.5
13568 -8949.2 -4192.5
13569 -9013.8 -4213.5
13570 -8954.8 -4169.3
13571 1087.9 1769
13572 -8583.7 -3936.3
13573 -8607.2 -3893.9
13574 -8514.8 -3897.2
13575 -8713.5 -3722
13576 -8688.3 -3761.5
13577 -8562.4 -3693.2
13578 -8466.4 -3870.6
13579 -8489 -3829.5
13580 -8421 -3955.4
13581 -8540.3 -3735.4
13582 932.3 1753.3
13583 -8581 -3758.8
13584 -8667.1 -3794.8
13585 -8630.4 -3850.6
13586 -8617.7 -3778.6
13587 -8530.5 -3851.6
13588 -8754.2 -3831.2
13589 -8944.7 -3936.1
13590 -8966.4 -3981.3
13591 -8916.2 -3921
13592 -8902.2 -3822.6
13593 999 1782.8
13594 -8799.7 -3856.5
13595 -8849.9 -3782.4
13596 -8761.2 -3975.6
13597 -9010.9 -3982.4
13598 -9031.9 -3982.7
13599 -8992 -3923.6
13600 -8848.7 -3884.1
13601 -8808 -3977.4
13602 -8053.1 -3953.3
13603 -7972 -4064.4
13604 800.2 2130.1
13605 -8083.4 -4029
13606 -8026.6 -3899.7
13607 -7957.9 -4171.9
13608 -8109.9 -3988.8
13609 -8155.2 -4242.5
13610 -8116.7 -4134.9
13611 -8106.8 -4296.1
13612 -8203.2 -4190.2
13613 -8176.7 -4293.9
13614 -8290.1 -4442.5
13615 734.6 2048.8
13616 -8252.2 -4487
13617 -8300.7 -4465.4
13618 -8263.4 -4405.4
13619 -8440.3 -4626.3
13620 -8462.3 -4666.1
13621 -8399.8 -4570.1
13622 -8302.2 -4772.5
13623 -8526.8 -4776.6
13624 -8529.8 -4812.1
13625 -8510.6 -4739.8
13626 835.6 2161.6
13627 -8603.2 -4778.2
13628 -8534 -4890
13629 -8543.6 -4941.9
13630 -8530.4 -4847.7
13631 -8508.5 -4874
13632 -8574.4 -5013
13633 -8619.7 -5068.4
13634 -8549.7 -5014
13635 -8377.2 -4845.2
13636 -8340.4 -4811.9
13637 1046.8 1416.2
13638 856.9 2071.7
13639 -8405.3 -4871.9
13640 -7993.3 -5287.6
13641 -7931.5 -5230.4
13642 -8008.8 -5271.4
13643 -7930.8 -5360.4
13644 -7825.3 -5136.3
13645 -7854.1 -5157.9
13646 -7807.6 -5111.9
13647 -7885 -5404.7
13648 -7805.8 -5328.1
13649 945 1981.1
13650 -7900.6 -5348.9
13651 -7854.3 -5440.1
13652 -7905.8 -5202.9
13653 -7914.8 -5293
13654 -7871.1 -5255.5
13655 -7785.1 -5177.6
13656 -7752.7 -5215.8
13657 -7838.6 -5291.7
13658 -7718.5 -5253.1
13659 -7194.9 -5511.7
13660 981.3 2019.4
13661 -7068.8 -5391.5
13662 -7093.2 -5362.8
13663 -7092.1 -5411.9
13664 -7036.6 -5358.6
13665 -7472.1 -4963.8
13666 -7444.1 -4992.3
13667 -7502.1 -4990.8
13668 -7415.1 -4889.5
13669 -7568.2 -5106.6
13670 -7519.5 -5158.2
13671 923 2003.8
13672 -7595.7 -5075.1
13673 -7538.1 -5076.6
13674 -7419.6 -5017.9
13675 -7475.5 -5019.6
13676 -7382.6 -4932.8
13677 -7394.8 -5045.7
13678 -7360.4 -5085.5
13679 -7336 -4989.3
13680 -7427.3 -5072.9
13681 -7282 -4952
13682 782.4 1818.6
13683 -7318.6 -5010.2
13684 -7359.9 -4962.4
13685 -7484.6 -5129.5
13686 -7564.6 -5046.9
13687 -7507 -5047.6
13688 -7456.1 -5104.2
13689 -7445.8 -5164.9
13690 -7335.1 -5362.8
13691 -7273.9 -5427.9
13692 -7295.1 -5326.4
13693 806.8 1842.5
13694 -7449.4 -5235.4
13695 -7262.7 -5360.9
13696 -7332.3 -5287.5
13697 -7209.9 -5244.6
13698 -7244.5 -5209.3
13699 -7177.9 -5278.8
13700 -7134.9 -5171.8
13701 -7167.6 -5137.6
13702 -7110.5 -5184
13703 -7030.9 -5072.2
13704 751.9 1859.1
13705 -7360.9 -5257.2
13706 -7380.3 -5236.9
13707 -7276.5 -5176.2
13708 -7412.6 -5200.6
13709 -7292.7 -5159.3
13710 -7326.7 -5123.4
13711 -7502.7 -5176.7
13712 -7270 -5069.3
13713 -7298.9 -5033.9
13714 -7131.8 -4966.8
13715 1009.3 1915
13716 -7234.6 -5391.1
13717 -7207.8 -5420
13718 -7146.8 -5308
13719 -7120.1 -5335.5
13720 -7069 -5239.1
13721 -7102.8 -5206.1
13722 -7037 -5261
13723 -7183.1 -5447.4
13724 -7012.2 -5285.4
13725 -7157.6 -5474.9
13726 1000.4 1888
13727 -6992.3 -5309.6
13728 -6196.1 -4364.8
13729 -6180 -4347.3
13730 -6281.6 -4430.1
13731 -6149.5 -4398.8
13732 -5897.4 -4172.4
13733 -5864.4 -4176.7
13734 -5955.1 -4215.8
13735 -5954.6 -4183.8
13736 -6134.7 -4379.8
13737 962.3 1963.3
13738 -6014 -4493.3
13739 -5989.2 -4457.6
13740 -6141 -4304.8
13741 -6096.1 -4339.7
13742 -6098 -4275.5
13743 -5968 -4427.7
13744 -6071.5 -4309.7
13745 -6038 -4235.6
13746 -6048.5 -4285.3
13747 -5948.5 -4398.1
13748 1001.7 1333.7
13749 1034.1 1913.8
13750 -6118.1 -4368.6
13751 -5938.7 -4363.2
13752 -6022.6 -4259.2
13753 -5930.6 -4332
13754 -5921.4 -4297.8
13755 -5989.2 -4237
13756 -5916.2 -4258.4
13757 -5326.7 -2846.6
13758 -5286.2 -2683.5
13759 -5411 -2523.6
13760 842.6 1955.1
13761 -5446.4 -2530.3
13762 -5386.3 -2515.2
13763 -5392.7 -2568.7
13764 -5505.2 -2562.4
13765 -5476.3 -2551.7
13766 -5601.5 -2384.9
13767 -5556.6 -2449.2
13768 -5555.7 -2366.2
13769 -5674.9 -2372.9
13770 -5775 -2312.4
13771 907.9 2248.6
13772 -5827.3 -2304.7
13773 -5752 -2202.1
13774 -5566.7 -2128.3
13775 -5591.4 -2068.5
13776 -5605.6 -2144.2
13777 -5538.9 -2113
13778 -5524 -2218.9
13779 -5656.8 -2016.2
13780 -5645 -1943.9
13781 -5817.9 -1649.8
13782 848.6 2177.6
13783 -5781.6 -1731.9
13784 -5852.9 -1667.7
13785 -237.7 -1673.8
13786 -150.7 -1661.4
13787 -233.5 -1702.9
13788 -2767.2 2424.1
13789 -2768.8 2282.7
13790 -2743.3 2369.4
13791 -2485.4 2025.3
13792 -2196.2 1906.3
13793 971.5 2302.9
13794 -2901.8 2166.6
13795 -2993.9 2081.4
13796 -2440.6 2347.5
13797 -2409.8 2278.6
13798 -2295.7 2417.6
13799 -2537.2 2235.8
13800 -2482.8 2178.5
13801 -2518.6 2084.7
13802 -3235.3 2479.1
13803 -3392.2 2477.6
13804 873.7 2272.2
13805 -3388.4 2371.2
13806 -3629.7 2663.1
13807 -3651 2655
13808 -3681.6 2893.8
13809 -3753.3 2996.9
13810 -3719.6 2830.8
13811 -3359.8 2956
13812 -2716.9 2806.9
13813 -2705.3 2841.2
13814 -2648.1 2745
13815 1168.8 2091.1
13816 -2305.3 2622.7
13817 -2343.2 2596.5
13818 -2578.9 2837.3
13819 -2144.4 2731.5
13820 -2507.5 2483.2
13821 -2557.9 2522.5
13822 -2607.3 2464.7
13823 -2376.3 2574.7
13824 -4541.4 2146.9
13825 -4556.5 2121.6
13826 1167.6 2057.9
13827 -4618.2 2489.7
13828 -4678.6 2519.1
13829 -4589.3 2444.6
13830 -4583.2 2529
13831 -4436.6 2608.4
13832 -4469.2 2595.2
13833 -4371.3 2589.1
13834 -4519.2 2671.8
13835 -4125.5 2548.9
13836 -4134.2 2524.3
13837 1170.9 2143.3
13838 -4063.1 2700.2
13839 -4110.1 2519
13840 -4073.6 2794.2
13841 -4001.5 2707.8
13842 -3896.8 2662.7
13843 -3988.1 2625.8
13844 -3832.5 2666.1
13845 -3831.1 2709.3
13846 -3734.2 2658.3
13847 -3679.8 2652.9
13848 1124.9 2093.3
13849 -4778.2 2578.5
13850 -4724.1 2549.6
13851 -4782.6 2545.5
13852 -4755.7 2650.2
13853 -4994.1 2699.1
13854 -4953.3 2746.9
13855 -5036.3 2719.5
13856 -5090.2 2719.5
13857 -5090.3 2689.6
13858 -5247.9 2720.3
13859 1287.5 1403.2
13860 1123.3 1799
13861 -5281 2721.4
13862 -5219.5 2720.1
13863 -5281.3 2644.9
13864 -5334.1 2725.7
13865 -5372.6 2702.4
13866 -5426.3 2828.6
13867 -5461.7 2874.3
13868 -5406.4 2801.1
13869 -5375.8 2854.8
13870 -5474.8 2802.9
13871 1156.7 1872
13872 -5546 3046.8
13873 -5492.2 3057.8
13874 -4798.9 3192.6
13875 -4843.5 3140.5
13876 -4779.4 3145
13877 -4929.9 3423.7
13878 -4879.1 3096.3
13879 -4862.9 3056.9
13880 -4966.3 3036.5
13881 -4970.3 3310.6
13882 1233.1 1802.8
13883 -4992.1 3013.8
13884 -5008.2 3099.2
13885 -4925.7 2980.7
13886 -4952 2964.1
13887 -5026.6 2985.2
13888 -5064.2 2973.3
13889 -5028.3 2928.3
13890 -5103.9 2972.7
13891 -5144.5 2970.5
13892 -5099.8 2896
13893 1060.2 2096.6
13894 -5106.2 3016
13895 -5191.3 2968.5
13896 -5216.6 2959.7
13897 -5220.9 3048.9
13898 -5268 2931.2
13899 -5246 3001.5
13900 -5198.1 2935.5
13901 -5301.2 2903.4
13902 -5248.4 2904.5
13903 -5285.9 2964.7
13904 1043.5 2080.4
13905 -5332.9 2878.1
13906 -5372.3 2941.8
13907 -5403.1 2903.9
13908 -5577.7 2743.3
13909 -5547.5 2702.6
13910 -5551.5 2758.4
13911 -5391.7 3132.3
13912 -5419.7 3112.5
13913 -5342 3167.2
13914 -5374 3103.6
13915 1093.1 2095
13916 -5430.8 3174.3
13917 -5177.1 2837.3
13918 -5227.5 2877.5
13919 -5052.7 2826.5
13920 -5059.5 2895.5
13921 -5011.7 2840.3
13922 -5095.6 2817.6
13923 -4974.6 2856.2
13924 -4990.3 2941.5
13925 -4936.6 2876
13926 1010.6 2147.4
13927 -4909.3 2894.8
13928 -4902.8 2856.1
13929 -4835.8 2991.9
13930 -4788.3 3010.7
13931 -4848.5 3022
13932 -4817.7 2948.4
13933 -4882.7 2926.1
13934 -5659.6 3241.8
13935 -5627.7 3257.7
13936 -5645.4 3221.2
13937 1147.5 2464.6
13938 -5697.1 3288.9
13939 -5753.6 3270.4
13940 -5653.9 3308.3
13941 -5710.2 3322.3
13942 -5845.6 3255.6
13943 -5832.1 3213.1
13944 -5911.1 3235
13945 -5822 3251.9
13946 -5945.5 3232
13947 -5926 3283.6
13948 1114.6 2436.6
13949 -5906 3175.5
13950 -6011.9 3230.4
13951 -6061.8 3226.3
13952 -6012 3152.9
13953 -5264.5 3427.5
13954 -5354.4 3388.8
13955 -5247.1 3378.8
13956 -5230.9 3432.2
13957 -5276.3 3550.4
13958 -5514.1 3315.2
13959 1175.5 2424.2
13960 -5478.7 3332.2
13961 -5578.7 3438.2
13962 -2284.9 1821.3
13963 -2761.4 2428.5
13964 -2778.3 2449.7
13965 -2754.7 2449.6
13966 -2613.5 2274.7
13967 -832.8 -6567.7
13968 -818.6 -6583.7
13969 -795.6 -6491.9
13970 185.5 -1320.8
13971 1539.5 1626.9
13972 1166.6 2493.3
13973 -720.7 -6421.8
13974 3.7 -5915.3
13975 186 -5739.8
13976 42.5 -6587
13977 20.7 -6567
13978 82.1 -6596.8
13979 0.1 -6603.3
13980 -37.5 -6528.5
13981 -65.3 -6529.8
13982 0.7 -6550.3
13983 1080.1 2571.1
13984 -15.1 -6501
13985 -99.6 -6520.8
13986 -137.8 -6523.5
13987 -49.1 -6438.1
13988 -389.7 -6640.3
13989 -397.8 -6671
13990 -359 -6650.4
13991 -349 -6565.9
13992 -394.7 -6895.9
13993 -447.5 -6898.2
13994 1049.1 2381.6
13995 -374.9 -7003
13996 -388.5 -6934.9
13997 -318.5 -6961.9
13998 -360.4 -7028.5
13999 -397.9 -7014.9
14000 -307 -7130.8
14001 -292.5 -7163.4
14002 -319.8 -7102.8
14003 -361.4 -7177.9
14004 -233.7 -7232.7
14005 1022.1 2349.5
14006 -207.6 -7250
14007 -209 -7180
14008 -116.2 -7301.9
14009 -159.4 -7367.6
14010 68.3 -7357.3
14011 91.3 -7348.5
14012 13.8 -7353.2
14013 71.9 -7392.7
14014 123.5 -7336.2
14015 107.6 -7304.4
14016 1085.9 2412.3
14017 -28.8 -7013.2
14018 7.5 -6921.8
14019 -86.4 -6773.3
14020 -63.1 -6784.9
14021 -134.3 -6758.9
14022 -54.6 -6904.4
14023 -188 -6525
14024 -176.5 -6556.3
14025 -331.1 -6776.3
14026 -403.9 -6818.5
14027 1017.2 2426.8
14028 -282.6 -6754.2
14029 -326.6 -6843.2
14030 -344.2 -6713.5
14031 -321.2 -6928.9
14032 -265.3 -6989.8
14033 -525.4 -7086.5
14034 -501.8 -7126.7
14035 -498.1 -7070.4
14036 -567.5 -7107.9
14037 -537.7 -7062.6
14038 1071.8 2351.2
14039 -553.8 -7089.3
14040 -544.1 -7025.3
14041 -555.7 -6972.3
14042 -602.9 -7014.6
14043 -577.6 -6901.6
14044 -631.2 -6819.7
14045 -514.6 -6900.8
14046 -610.8 -6914.4
14047 -687.6 -6731.6
14048 -659.6 -6704.5
14049 1109.2 2347.2
14050 -659.2 -6776.6
14051 -732.7 -6681.2
14052 -561.8 -6617.1
14053 -592.4 -6580.7
14054 -600.4 -6651.8
14055 -503.2 -6566.4
14056 -405.4 -6696.9
14057 -409.6 -6771.5
14058 -600 -6322.9
14059 -451.4 -6522.5
14060 1069.3 2268.9
14061 -475.2 -6491.1
14062 -405.2 -6495.4
14063 -377.1 -6529.8
14064 -468.2 -6412.8
14065 -347.5 -6462.6
14066 -76.6 -5768
14067 -51.3 -5807.5
14068 -50.3 -5745.8
14069 -121.8 -5801.5
14070 -21.2 -5856.5
14071 985.7 2171.3
14072 170.8 -5696.4
14073 617.1 -6031.6
14074 627.3 -6055.2
14075 604.6 -6007.3
14076 530.3 -6071.8
14077 430.6 -6376.5
14078 445.5 -6403.9
14079 409.2 -6392.5
14080 402.9 -6321.4
14081 474.5 -6346.2
14082 1659.1 1764.2
14083 1028.1 2175.1
14084 249.9 -6450.3
14085 267.1 -6597.5
14086 -412.1 -1646.9
14087 -422.3 -1579.5
14088 -389.7 -1655.5
14089 10985.1 1812
14090 10968.7 1787.9
14091 10735.4 1950.8
14092 9857.2 3277.3
14093 10689.9 4491.2
14094 1156.9 1908
14095 10115.8 3372.5
14096 11229.1 5241
14097 11299.1 5301.3
14098 11349.3 5267.2
14099 9531.3 976.4
14100 9601.3 1023.9
14101 9525 1007.2
14102 9506.2 997.3
14103 7320.8 -60.6
14104 9843.6 3200.1
14105 1160.1 1967.8
14106 9815.4 3206.5
14107 9839.7 3174.9
14108 9988.7 3088.7
14109 11507.5 5635.8
14110 11542.9 5886.5
14111 11525.9 5550.6
14112 11330.1 5367.1
14113 11180.4 5382.8
14114 10600 5695.8
14115 12890.5 7043.5
14116 1201.6 1905.9
14117 12852.5 7107.1
14118 -53.7 -386.3
14119 -30.6 -613.9
14120 -53.6 -6326.8
14121 -1398.8 -4445.1
14122 -1399.7 -4348.2
14123 -1322.4 -4375.6
14124 -1389 -4268.7
14125 -1390.6 -4227.8
14126 9436.3 9790.9
14127 1124.5 1909.5
14128 9481.2 9945.3
14129 -5446.2 -8893.8
14130 -5491.2 -9099.6
14131 -5482 -8912
14132 -5663 -9606.5
14133 -5671.2 -9655.4
14134 -5553.5 -9658.4
14135 -5755.2 -9959.9
14136 -5869.8 -10135.7
14137 -5718.3 -9831.6
14138 1396.7 3917
14139 -5746.7 -9984.5
14140 -5972 -10278.9
14141 -5701.6 -10372.9
14142 -5744.1 -11248.8
14143 -6159 -11389.9
14144 -6168.4 -11937.8
14145 -6171.4 -11914.3
14146 -6119.8 -12145
14147 -5906.6 -12003.3
14148 -4152.9 -1173.3
14149 1421.1 3968.7
14150 -4229.1 -1187.5
14151 -4470.7 -1051.8
14152 -4174.6 -1187.2
14153 -4115.3 -1166
14154 -4107.5 -1249.1
14155 -4090.9 -1162.5
14156 -4643.6 -1255.1
14157 -4642.8 -1428.2
14158 -4613.8 -1346.6
14159 -4805.8 -1446.8
14160 1491.4 4132.7
14161 -4845.7 -1435.3
14162 -4220.7 -1212.5
14163 -3898.1 -930.7
14164 -3760.7 -911.8
14165 -4929.6 -552.6
14166 -1586.6 3101.8
14167 -2494.6 -625.8
14168 -2583.3 -546.9
14169 -2457 -1339.1
14170 -2426.7 -493.3
14171 1173.1 4307.1
14172 -2433.4 -1359.6
14173 -2159.6 -1323.2
14174 -1920.5 -1060.6
14175 -1943.7 -1080.5
14176 -2054.7 -821.7
14177 -2109.6 -744
14178 -2147.8 -697.5
14179 -2346.3 -433.2
14180 -2165.1 -330.9
14181 50.4 1971.4
14182 10305.3 318.2
14183 106.3 2024.5
14184 809.4 1527
14185 890.1 3774.3
14186 -1524 3144.2
14187 -3391.6 1398.6
14188 -3312.6 1299.6
14189 -1913.5 3407.3
14190 -2545.3 3654.2
14191 -2462.7 3725.2
14192 -2594.9 3613.5
14193 2310.8 2139.1
14194 10331.2 346.5
14195 -2675.6 3897.7
14196 -2460.9 3491.4
14197 -2425.1 3387.7
14198 -2338 3422.4
14199 -2450.8 3438.3
14200 -1961.6 2845
14201 -4280.3 982.5
14202 -4193.2 952.8
14203 -4522.5 876.1
14204 -4352.6 1083.3
14205 10378.7 327.1
14206 -4392.5 1015.5
14207 -3672.4 -102.3
14208 -3781.7 -186.4
14209 -3854.6 -177.9
14210 -3834.9 477.2
14211 -3882.6 485.1
14212 -3712.6 348
14213 -3999.4 2089.6
14214 -4027 2102.4
14215 -4399.4 2454.4
14216 10127.1 450.5
14217 -4868.7 3691.4
14218 -4876.2 3778.2
14219 -4803.8 3697.1
14220 -4884.1 3811.5
14221 -4883.7 3849.9
14222 -3575.8 -55.1
14223 -3315.2 -207.2
14224 -3378.6 -131.6
14225 -3271.5 -172.3
14226 -3237.2 2559.6
14227 10121.4 419
14228 -3068 2494.3
14229 -3240.6 2720.6
14230 -3134.8 2716.7
14231 -3312.8 2966.6
14232 -3345.8 2998.2
14233 -3334.7 2957.5
14234 -3394 3134.1
14235 -3405 3329
14236 -3326.3 3408.3
14237 -3531.6 3471.1
14238 10323.9 396.2
14239 -3405.6 3271.6
14240 -3552.6 3575.8
14241 -3593.9 3602
14242 -3431.7 3678.5
14243 -3169.8 1925.5
14244 -3188.7 2064.8
14245 -3143.3 1895.9
14246 -2979.7 2069.9
14247 -3361.7 2342.3
14248 -3500.6 2477.4
14249 10193.7 491.9
14250 -3196 2144.5
14251 -4518.3 2580.7
14252 -4538.9 2555.2
14253 -3686.7 2769.4
14254 -3607.2 2618.1
14255 -3236.7 2622.7
14256 -3236.7 2675.6
14257 -3389.1 2326
14258 -1895.7 2878.9
14259 -1884.1 2903.8
14260 10076.8 582.4
14261 -1823.1 2944
14262 -1699.7 3030.8
14263 -1728.8 3069.4
14264 -1645.3 3181.9
14265 -1902.7 3408.3
14266 -1901.7 3289.9
14267 -2034.6 3385.3
14268 -4185.7 -189.9
14269 -4250.9 -279.6
14270 -4269.5 -450.5
14271 10119 594.6
14272 -3947.6 -193.1
14273 -3958.9 -174.2
14274 -4016.6 -171.1
14275 -4093.4 -171.4
14276 -4126.5 -15.7
14277 -4183.5 -112.1
14278 -4182.8 23
14279 -4241.4 -71
14280 -4242.3 -4.5
14281 -4245 -129
14282 9846.7 764.3
14283 -4138.2 43.5
14284 -4007 60.8
14285 -4277.3 75.6
14286 -4246.9 -186.8
14287 -3914.5 -481.7
14288 -3895.5 -237.8
14289 -3970 -491.7
14290 -4065.6 -511.1
14291 -4150.4 -529.6
14292 -4158.6 -462.1
14293 10049.9 575.1
14294 -3627.6 -254
14295 -3651.6 -428.4
14296 -3743.2 -446.6
14297 -3511.2 -354.4
14298 -3408.2 -94.6
14299 -3422.6 -168
14300 -3522.3 -128.8
14301 -3483.3 -181.1
14302 -3478.6 -93.4
14303 -3438.2 -59.9
14304 1050.9 1463
14305 10005.5 568.7
14306 -3536.6 -22.8
14307 -3721.6 140.4
14308 -3665 183.3
14309 -3793.2 38.6
14310 -3839.6 29.7
14311 -3850.8 124.1
14312 -3864.5 25.4
14313 -3970.3 75.4
14314 -3765.8 154.7
14315 -3940.3 87.9
14316 10094.3 541.4
14317 -3916 98
14318 -4091 242.8
14319 -4180 271.5
14320 -4239.9 160.4
14321 -3885.2 363.6
14322 -4001.1 302.2
14323 -4042.4 276.3
14324 -3891.3 108.6
14325 -3948 189.7
14326 -3966.3 245.9
14327 10148.6 484.5
14328 -4017.3 325.6
14329 -4300.7 137.9
14330 -4268 237.8
14331 -4379 107.8
14332 -4121 302.8
14333 -4223.7 469.1
14334 -4434.6 260.7
14335 -4357.6 290
14336 -4316 332.6
14337 -4561.5 208.3
14338 10802.3 -96
14339 -4557.2 318.1
14340 -4331.2 215.1
14341 -4355.8 379.2
14342 -4305.1 -126.4
14343 -3230.8 -139.6
14344 -3453.9 45.6
14345 -3148.2 -244.4
14346 -3189.1 -189.2
14347 -3131.7 -230.8
14348 -3248.9 -345.8
14349 10708.4 -254.4
14350 -3043.4 -140.6
14351 -3115.7 -96.1
14352 -3179.7 -168.7
14353 -3215.5 -121.7
14354 -3174 -58.5
14355 -3105.1 16
14356 -3121.6 900.4
14357 -2855.6 385.2
14358 -2490.2 2.5
14359 -2664.8 171.2
14360 10430.6 385.2
14361 -2880.8 500.1
14362 -2287.2 465.8
14363 -841.9 2037.7
14364 -691.4 1000.4
14365 -703.9 944.4
14366 -602.8 1123.5
14367 -1654.8 2304.7
14368 -1674 2359.2
14369 -1627.8 2321.2
14370 -1684.3 2386.7
14371 10395.5 348.4
14372 -1772.7 2403.6
14373 -1850.2 2368.5
14374 -1705 2442.8
14375 -1426.4 2856.6
14376 -1424.5 2937.4
14377 -1438.4 2952.6
14378 -1477 2921.8
14379 -1516.5 2896
14380 -1507.3 2963.4
14381 -1355.4 2773.6
14382 10544.3 525
14383 -1335.4 2718.9
14384 -1277.5 2790.1
14385 -1179.5 2185.1
14386 -1245.9 2135.2
14387 -1408.4 2199.3
14388 -1241.8 2294.6
14389 -1147.1 2275.4
14390 -1218.6 2082.5
14391 -1280.6 2031.4
14392 -1202.5 2095.1
14393 10588.5 582.4
14394 -1579.3 2576.6
14395 -1553.6 2532.3
14396 -1569.7 2513.1
14397 -1494.5 2582.7
14398 -1302.5 2617.7
14399 -1318.7 2670.6
14400 -1239.9 2750.3
14401 -1327 2693.6
14402 -2464.8 2956.4
14403 -2282.7 3012.5
14404 10607.8 639.8
14405 -1916.1 3140.7
14406 -1845 3228.2
14407 -1967.7 3211.5
14408 -1901.9 3097.4
14409 -1810.2 3270.2
14410 -1813 3183.9
14411 -1689.1 3217.5
14412 -1759.9 3113.7
14413 -1859.8 2997
14414 -1847.8 3139.5
14415 1007.4 1037.9
14416 10639.5 696.2
14417 -1881.2 3050.2
14418 -1728.2 3166.4
14419 -1804.6 3086.5
14420 -1184.4 2328.8
14421 129.8 -1779.6
14422 20.6 -1716.2
14423 -378.7 -1720.7
14424 -329 -1713
14425 -305.3 -1838
14426 -314.6 -1762.5
14427 11429 2123.4
14428 -226.4 -1754
14429 -230.2 -1729.2
14430 -74.3 -1592.4
14431 2.3 -1583.5
14432 -60.8 -1688.7
14433 -55.3 -1726.8
14434 15.9 -1681.5
14435 -65.9 -1650.5
14436 -83.1 -1731.4
14437 -44.3 -1802.9
14438 11459.5 2172
14439 75 -2110.5
14440 63.2 -2030.7
14441 61.8 -2147.4
14442 -165.1 -1559.5
14443 -62.2 -2286.1
14444 -145.8 -1696.6
14445 -140.4 -1740.7
14446 -129.6 -1814.4
14447 140.2 -1846
14448 31 -1792.7
14449 11666.9 2777
14450 212.4 -1836
14451 151 -1930.7
14452 40.1 -1858.9
14453 -295.9 -1906.3
14454 -205.6 -1893.3
14455 -283.9 -1992.7
14456 -120.3 -1881.4
14457 -214.8 -1825.9
14458 -34.7 -1869.4
14459 -24.1 -1955.5
14460 11655.7 2726.4
14461 -108.6 -1966.8
14462 51.6 -1945.6
14463 -272.4 -2069.9
14464 -193.3 -1980.4
14465 -96.9 -2053.5
14466 -267.7 -2105.2
14467 -183.6 -2065.8
14468 -12.4 -2041.4
14469 -38.6 -2045.2
14470 14.6 -2179.2
14471 11702.6 2773.7
14472 -74.4 -2195.1
14473 -248.8 -2248.5
14474 -311.4 -2268.4
14475 -239.2 -2320.6
14476 87.7 -1473
14477 -10 -1487.4
14478 -275.5 -1384.3
14479 -265.5 -1459.2
14480 -104.5 -1357.7
14481 -28.4 -1347.2
14482 11613.8 2774.7
14483 -93.9 -1436.3
14484 -172.8 -1508.7
14485 -257.3 -1520.4
14486 -180.2 -1447.5
14487 -86.3 -1497.1
14488 -3.1 -1539.2
14489 -79.8 -1548.6
14490 -249.2 -1570.9
14491 -333.5 -1616.5
14492 -780.9 -1595.3
14493 11744.4 3062.2
14494 -754.4 -1592.8
14495 -446.4 -1405.3
14496 -474 -1550
14497 -76 -1215.8
14498 -127.8 -1187.6
14499 -160.7 -1192.6
14500 -161.4 -1157.4
14501 -218 -1084
14502 -173.5 -1077.6
14503 -260.6 -982.6
14504 11726.3 3023.7
14505 -275.4 -927.4
14506 -252.3 -1021.5
14507 -348.4 -659.7
14508 -478.9 -726.7
14509 138.4 -1426.5
14510 97.8 -1405.7
14511 182.6 -2135.1
14512 -530.4 -412.8
14513 -579.4 -401.5
14514 -574.9 -371.6
14515 11874.2 2972.8
14516 -993.2 -125
14517 -1078.5 -296.3
14518 -1074.4 -332.4
14519 -1035.7 -317
14520 -1158.4 -328.6
14521 -1033.9 -471.6
14522 -1056.9 -729.5
14523 -1187.4 -732
14524 -1236.8 -733.4
14525 -1260.5 -736.2
14526 1378.9 3085.8
14527 11770.1 3116.1
14528 -1405.4 -754.5
14529 -4897.4 3840.2
14530 -3998.4 2029.5
14531 -279.6 -1353.6
14532 -369.1 -1365.6
14533 -386.7 -1222.1
14534 -395.6 -1162.8
14535 -470.1 -1232.2
14536 -103.4 -1184.1
14537 -297.6 -1211
14538 11720.3 3063.9
14539 -518.9 -1245
14540 -530.5 -1304.2
14541 -234.6 -1202.8
14542 -247.7 -1088.4
14543 -305.9 -1153.2
14544 -302.8 -1175.7
14545 -274.4 -1148.8
14546 -403.1 -1109
14547 -412.6 -1041.4
14548 29.1 -1053.4
14549 12058.7 3738.8
14550 45.8 -1164.8
14551 -63 -1064.2
14552 -313.5 -1097.2
14553 -282.1 -1093
14554 39.8 -2337.7
14555 60.3 -2429.2
14556 -55.8 -2358.5
14557 116.6 -2320
14558 94.5 -2221.6
14559 20.4 -2236.8
14560 12028.1 3679.4
14561 -2734.6 3955.3
14562 -668.7 1875.1
14563 -4806 166.8
14564 -4762.3 164.8
14565 -4805.8 119.6
14566 -4807.3 223.9
14567 -664.1 1143.4
14568 -716.8 1197.8
14569 -2228.4 3402.6
14570 -2105.8 3301.6
14571 12111.9 3808.5
14572 -2253 3422.4
14573 -2291.4 3380.6
14574 -2450.1 3319.9
14575 -2184.3 3506.9
14576 -2372.6 3586.7
14577 -2238.4 3547.4
14578 -2127.6 3460.8
14579 -2458.1 3165.8
14580 -2477.3 3188.8
14581 -2506.4 3423
14582 12664.5 4497.5
14583 -2491.8 3305.1
14584 -2550 3410
14585 -2546.1 3499.8
14586 -2540.8 3288
14587 -2596.2 3392
14588 -2590 3271.4
14589 -2641.6 3371.2
14590 -2607.3 3207.8
14591 -2251 3212.9
14592 -716.4 -1366.5
14593 12738.7 4450.3
14594 -643 -1884.3
14595 -656.3 -1784.5
14596 -557.8 -1871.5
14597 -824.1 -1347.8
14598 -844.5 -1396
14599 -824.5 -1271.1
14600 -790.7 -1261.3
14601 -851.3 -1183
14602 -727.9 -1137.6
14603 -930.9 -1113.7
14604 12511.2 4301.5
14605 -923.3 -1044.7
14606 -579.6 -1079.7
14607 -604.1 -1163.8
14608 -701.3 -1126.1
14609 -943 -739.8
14610 -938.7 -673.5
14611 -628.3 -701.9
14612 -724.2 -710.2
14613 -629 -659.6
14614 -727.4 -672.4
14615 12706.1 4564.3
14616 -605 -547.4
14617 -598.2 -512.8
14618 -570.2 -569.5
14619 -620.3 -392.8
14620 -772.9 -451.8
14621 -642.1 -527.6
14622 -817.1 -676.1
14623 -721.8 -651.4
14624 -766.9 -716.5
14625 -702.3 -609.1
14626 12768.9 4668
14627 -797.8 -585.9
14628 -810.7 -520.1
14629 -790.9 -620.5
14630 -743.2 -584.6
14631 -615.7 -594.6
14632 -1981.6 -606.9
14633 -2171.6 -512.2
14634 -1420.4 52.6
14635 -1400.1 28.1
14636 -1488.8 -40.8
14637 1408.7 3650
14638 12714.7 4701.6
14639 -1677.6 -379.7
14640 -1688.3 -347.9
14641 -1659.3 -471.7
14642 -1249.8 -308.6
14643 -1339.7 -321.4
14644 -1269.8 -244.2
14645 -1196.7 -319.2
14646 -1267.9 -446
14647 -1363.9 -389.7
14648 -1956.6 -615
14649 12843.2 4793.8
14650 -1975.6 -678.4
14651 -2293.4 -457.3
14652 -1746.6 -711.6
14653 -1680.1 -579.7
14654 -1848.9 -654.2
14655 -1315.4 -1219.6
14656 -1349 -1169.2
14657 -1198.3 -1095.3
14658 -1360.9 -1232.4
14659 -668.8 -1697.1
14660 12845.6 4621.3
14661 -712.2 -1794.9
14662 -853.2 -1822.2
14663 -829.5 -1911.5
14664 -883.4 -1828.5
14665 -806.6 -1995.8
14666 -869.2 -1917
14667 -40.5 -1231.5
14668 -46.8 -1175.7
14669 -33.6 -1286.3
14670 -119.2 -1071.1
14671 13635 6332
14672 -73.3 -997.1
14673 -122.5 -627.2
14674 -135.2 -532.5
14675 -152 -398.5
14676 -182.2 -402.3
14677 -176.2 -199.4
14678 -467.9 11.8
14679 -553.7 0.1
14680 -475.1 62.6
14681 -547.3 -47.5
14682 13597.4 6329.5
14683 -636 -10.5
14684 -715 -14
14685 -675.3 -15.7
14686 -745.5 -65.8
14687 -784.4 -114.5
14688 -810.3 -95.6
14689 -539.2 -108.4
14690 -621.4 -119
14691 -526.8 -201.1
14692 -248.6 -119.2
14693 13729.7 6400.2
14694 -324.4 30.6
14695 -269.6 37.6
14696 -355.9 26.2
14697 -332.6 81.8
14698 -362.9 281.4
14699 -307.1 288.1
14700 -388 468.4
14701 -382 416.1
14702 -404.4 66.9
14703 -412.2 133.6
14704 11403.6 2072.2
14705 -361.5 73
14706 -452.6 -95.7
14707 -489 -101.2
14708 -461.1 -35.8
14709 56.5 -1248.6
14710 -338.2 -697.8
14711 -309.2 -654.1
14712 -182.2 -1010.8
14713 -196.5 -896.8
14714 -126.4 -1004.3
14715 11356.9 1989.5
14716 -234 -643.4
14717 -177.6 -634.9
14718 -245.9 -549.1
14719 -263.8 -413.2
14720 -272.6 -349.6
14721 -302.3 -417.7
14722 -349.8 -21.5
14723 -102.4 -143.9
14724 -96.2 -187.7
14725 -183.5 -156.5
14726 14005.9 6567.1
14727 -378.7 -86.3
14728 -386.4 -26.1
14729 -372.7 -131.4
14730 -223.4 101.8
14731 -232 158.5
14732 -251.5 295.6
14733 -262.1 371.3
14734 -143.5 176.4
14735 -374.9 355.7
14736 -326.8 362.2
14737 14102 6413.5
14738 -441.2 346.3
14739 -448.7 406.9
14740 -433 272.2
14741 -511.3 336.4
14742 -423.9 204.4
14743 -295.5 220.9
14744 -277.9 93.8
14745 -261.2 -36.6
14746 -215.8 55.6
14747 -241.2 -165.8
14748 11810.3 6952.9
14749 14042.1 6604.3
14750 -237.6 -189.1
14751 -300 -164
14752 -208.3 -405.7
14753 -204 -433.4
14754 -166.8 -711.7
14755 -215.5 -781.3
14756 -141.1 -882.4
14757 -90.3 -867.5
14758 -103 -764.6
14759 -1.9 -840
14760 14109.2 6627.2
14761 -323.7 -1030.3
14762 -418.5 -999.4
14763 -297.5 -848.9
14764 -337.5 -935.5
14765 -425.1 -947.3
14766 -432.1 -892.1
14767 -554.9 -1001.8
14768 -532.8 -990.7
14769 -585 -904.1
14770 -528.2 -1015
14771 14143.9 6622.9
14772 -221.2 -748.3
14773 -226.5 -709.6
14774 -190.2 -728.8
14775 -158.1 -772.9
14776 -115 -674.7
14777 -1050.3 -816.2
14778 -961.4 -628.3
14779 -895.3 -623.9
14780 -981 -675.1
14781 -1408 -729.2
14782 13503.4 6236.7
14783 -1437.8 -769
14784 -1326.3 -559.9
14785 -1308.9 -527.9
14786 -1360.7 -611.3
14787 -1184.6 -697.6
14788 -1096.7 -1078.1
14789 -1103.5 -1047.2
14790 -850.6 -1516.7
14791 -879.1 -1548.8
14792 -813.9 -1597.4
14793 13660.7 6241.1
14794 -809.7 -1619.2
14795 -793 -1719.2
14796 -803.3 -1663.4
14797 -843.4 -1626.8
14798 -884.5 -1625.4
14799 -888.8 -1671.2
14800 -836 -1669.7
14801 145.7 -1467.4
14802 231.5 -1546.8
14803 318.1 -1527.9
14804 13804.3 6345.7
14805 223.3 -1508.5
14806 291.5 -1827.5
14807 278.2 -1759
14808 200.9 -1770
14809 343.4 -1640.5
14810 362.9 -1744.6
14811 256.1 -1658.3
14812 245.5 -1606
14813 66.9 -1119.4
14814 245.2 -1092.7
14815 13659.3 6207.4
14816 220.6 -587.4
14817 -104.7 58.7
14818 -170.2 548.7
14819 -3215.3 3334.6
14820 -3351.4 3491.1
14821 -3299 3562
14822 -3470.9 3520.8
14823 -3088.5 3323.7
14824 -3204.7 3687.9
14825 -3115.3 3677.6
14826 14059.3 6078.2
14827 -3248.6 3628.5
14828 -3262.8 3705
14829 -2417.6 3689.6
14830 -2359.9 3811.2
14831 -2568 3816.2
14832 -2744.4 2348.3
14833 -2605.7 2303.5
14834 -2337.9 2541
14835 -2682.2 2399.5
14836 -2708.5 2400.5
14837 14053.7 6038.2
14838 -2668.8 2261
14839 -2615.2 2194.1
14840 -2894.5 2145.8
14841 -2743.5 2253.9
14842 -3970 2837.9
14843 -3929.7 2858.5
14844 -3947.9 2886.6
14845 -3893.4 2850.7
14846 -1933.9 2811
14847 -1893.9 2816.1
14848 13629.1 6150.1
14849 -3302.8 1790.4
14850 -3287.6 1779.4
14851 -3419.5 1692.6
14852 -4482.8 2488.4
14853 -4405.2 2446.9
14854 -4070.2 2177.9
14855 -4489.8 2538.1
14856 -4606.5 2759.1
14857 -4595.1 2680
14858 -4664.4 2649.3
14859 11925.6 7013.2
14860 13425.6 6153
14861 -4582.9 2649.9
14862 -4642.3 2618.5
14863 -4570.1 2620.8
14864 -2750.9 4065.5
14865 -2550.2 3895.1
14866 -3034.7 3276.4
14867 -3105.1 3261.2
14868 -2999.1 3244.6
14869 -2913.9 3426.8
14870 -2776.5 3637.8
14871 13633.8 6189.3
14872 -2699.7 3528
14873 -2645.8 3568.8
14874 -2728.1 3632.4
14875 -2734.2 3421.8
14876 -3012.5 2844.3
14877 -3055.8 2932.2
14878 -2993.6 2810.2
14879 -3179.6 3239.6
14880 -3248.1 3255.4
14881 -3117.5 3075.9
14882 14553 6371.6
14883 -2654.4 3622.2
14884 -2916.8 3700.4
14885 -2777.4 3710.2
14886 -2084.7 3425.1
14887 -2042.8 3551.7
14888 -2285.8 3586.6
14889 -2197.1 3596.9
14890 -2335.7 3628.9
14891 -2295 3679.2
14892 -2159 3642.6
14893 14479.5 6298.3
14894 -3329.9 3740.7
14895 -3367.8 3660.5
14896 -3412.7 3553.2
14897 -3366.2 3804.3
14898 -3503.7 3663.6
14899 -3089.6 3583.8
14900 -2114.4 2752.3
14901 -3214.8 4250.8
14902 -3290.8 4199.7
14903 -3377 4297.1
14904 14634.5 6689.7
14905 -3436.2 4475.3
14906 -3468.4 4327.6
14907 -3536.8 4343.3
14908 -3501.2 4502.8
14909 -3543.1 4277.4
14910 -3599 4360.3
14911 -3587.6 4424.7
14912 -3650.3 4371.8
14913 -3734.9 4395.3
14914 -3751.7 4471.4
14915 12973.8 7018.1
14916 -3712.7 4310.1
14917 -3826.1 4447.5
14918 -3961.5 4594.9
14919 -4084.5 4529.2
14920 -4014.8 4407.1
14921 -3922.6 4474
14922 -4126.1 4580.2
14923 -3334.2 3974.3
14924 -3400.5 4232.7
14925 -2895.7 3898
14926 12943.5 7017.4
14927 -2820.6 3783.6
14928 -2939.3 3865.7
14929 -2781 3827.9
14930 -2984.6 4037.8
14931 -3108 3428.5
14932 -3056.6 3468.7
14933 -2961.6 3389.1
14934 -2489.1 2990.1
14935 -2509.4 2976.1
14936 -3734.8 2709.5
14937 13393.7 7325
14938 -4026.8 2536.2
14939 -4007.5 2473
14940 -4022.5 2415.1
14941 -4045.8 2417.7
14942 -4078.6 2393.6
14943 -3733.4 2765.6
14944 -3828.7 2768.7
14945 -3780.6 2822.4
14946 -4113.6 2369.9
14947 -4132.2 2358
14948 12937 6974.1
14949 -4466.7 2836.3
14950 -4462.7 2786.9
14951 -4463.8 2748.5
14952 -4362.6 2672.9
14953 -4568.7 2720.3
14954 -4323.5 2647.9
14955 -4190 2637.8
14956 -4311.3 2718.7
14957 -4116.6 2766.4
14958 -4081.2 2870.1
14959 12976 6969.2
14960 -3565.5 2537.5
14961 -3489.3 2538.3
14962 -3461.6 2552.6
14963 -3375.6 2580.5
14964 -3349.6 2592.5
14965 -3352.3 2758.3
14966 -3292.9 2759.2
14967 -3352.8 2823.7
14968 -3260.6 2753
14969 -3299.5 2897.9
14970 199.1 -2
14971 13017.2 6809.6
14972 -3597.7 2669.3
14973 -3531 2672
14974 -3475 2672.8
14975 -3516.6 2637.3
14976 -3442 2673.3
14977 -3474.5 2638.2
14978 -3037 2522.2
14979 -2884.9 2711.8
14980 -2919.9 2615
14981 -2918.1 2623.1
14982 12987.3 7000.9
14983 -2896.9 2764.8
14984 -3122.6 2815.2
14985 -3011.8 2951.3
14986 -2863.8 2835
14987 -2874 2862.4
14988 -2934.4 2970.9
14989 -2917.7 2939.2
14990 -2892.2 2893.4
14991 -2994.1 3137.5
14992 -2593.3 3469.6
14993 13573.4 6941.1
14994 -2621.3 3521.6
14995 -2838.5 2818
14996 -2745.5 3871.4
14997 -2661.7 3746.6
14998 -2717.6 3726
14999 -2440.1 2882.8
15000 -2615.7 2723.2
15001 -2588.6 2546.2
15002 -2664.7 2612.4
15003 -2691.1 2637.7
15004 13339.5 6186.5
15005 -2425.8 2608.3
15006 250.2 613.5
15007 274.3 579.2
15008 273.3 631.1
15009 219.1 586.5
15010 845.3 1056.3
15011 187.4 559.7
15012 231.7 482.6
15013 148.8 522
15014 148.1 613
15015 11600.7 5109.4
15016 299.4 651.5
15017 229.4 756.7
15018 320 668
15019 323.6 616.1
15020 195.6 804.3
15021 -4052.7 3070.4
15022 -4027.5 3020.6
15023 -4110.5 3042.3
15024 -4087.7 3139.1
15025 -4127.7 3124.8
15026 11825.4 5073.2
15027 -4176.8 2994.7
15028 -4098.9 2978.6
15029 -4089.9 2925.7
15030 -3978.4 2930.2
15031 -3964 2911.5
15032 -4003.6 2974.2
15033 -4094 2950
15034 -3516.9 2894.9
15035 -3561.8 2902.1
15036 -3564 3004.7
15037 11619.8 2180.1
15038 -3405.1 3224.7
15039 -3359 3231.9
15040 -3308.1 3272.8
15041 -3218.1 3175.2
15042 -3239.2 3027.2
15043 -3022.7 3128.3
15044 -3133.7 3878.1
15045 -2680.9 2878.7
15046 -2696 2899.3
15047 -2748.8 2905.2
15048 11569.1 2319.5
15049 -2728.5 2875.7
15050 -2789.3 2960
15051 -2230.1 2403.9
15052 -1941.2 2309.8
15053 -1993.6 2337.5
15054 -2005.5 2354.6
15055 -2016.8 2488.4
15056 -1999.3 2452.1
15057 -2058.9 2584.3
15058 -2075.9 2491.1
15059 11466.4 2120.5
15060 -2111.5 2446.6
15061 -2093.9 2409.4
15062 -2171.7 2510.7
15063 -2062.6 2425
15064 -2138.9 2389.5
15065 -2289.2 2545.8
15066 -2223.7 2476.9
15067 -2570.4 2354
15068 -2056.9 2701.3
15069 -2195.9 2454.5
15070 11496.2 2235.4
15071 -2123.1 2349.2
15072 -2006.2 2735.9
15073 -2031.8 2649.2
15074 -2014.9 2612.8
15075 -2001.5 2582.8
15076 -1889.7 2618.4
15077 -1965.3 2594.6
15078 -1901.7 2647.3
15079 -1997.7 2667
15080 -1932.2 2433.4
15081 33.2 -1309.7
15082 154.2 -130.1
15083 13883 6700.8
15084 -1952.4 2473.3
15085 -1933.1 2701.4
15086 -1955 2767.9
15087 -1980 2676.8
15088 -4056.5 2080.8
15089 -3769 1480.8
15090 -3798 1538.9
15091 -3754.5 1496.3
15092 -3811.8 1441.9
15093 -3913 1592.1
15094 13820.8 6750.1
15095 -3944 1591.6
15096 -3872.5 1593.6
15097 -3878.1 1520.7
15098 -2029.7 2438.4
15099 -2061.7 2461.1
15100 -2010.9 2394.3
15101 -1864.8 2824.3
15102 -1857.9 2711.4
15103 -1720.1 2730
15104 -1559.9 2901.1
15105 13863 6835.7
15106 -1563.3 2828.4
15107 -1438.9 2663.5
15108 -1462 2635.7
15109 -1268 2531
15110 -1442.5 2606.1
15111 -1595.8 2440.6
15112 -1544.2 2374
15113 -1222.3 2732.1
15114 -1254.6 2581.8
15115 -1234.7 2557.2
15116 13792.5 6683.1
15117 -1106.5 2574.7
15118 -1512.4 2331.9
15119 -1445.8 2245.6
15120 -3469 4261.3
15121 -3363.8 4111.9
15122 -3418.5 4157.6
15123 -3478.2 4212.2
15124 -3626.2 4249.6
15125 -3694.6 4228.6
15126 -3704.6 4272.4
15127 13783.1 6787.9
15128 -3678.4 4152.8
15129 -3634.4 4290.9
15130 -3642.9 4334.3
15131 -3894.3 4621.5
15132 -3749.9 4536.9
15133 -3703.7 4576
15134 -3579.7 4480.9
15135 -3854 4657.7
15136 -3646.6 4622.9
15137 -3569.2 4541.1
15138 13650.6 6911.1
15139 -3781.5 4660.4
15140 -3477.9 4521.1
15141 -3506.6 4004.4
15142 -3400.5 4037.6
15143 -3497.5 4069.1
15144 -3491.1 4134.4
15145 -3611.4 4033.9
15146 -3424.2 4089.4
15147 -3647.4 4083.4
15148 -3659.3 4103
15149 13696.7 6871.5
15150 -3507.3 3882.6
15151 -3870 4188.9
15152 -3899 4170.2
15153 -3966.3 4441.9
15154 -3835.4 4237.8
15155 -1528.7 2027.1
15156 -1521.3 2058.7
15157 -1431.1 2002.3
15158 -1564.4 1924.4
15159 -1302.2 1381
15160 13612 6916.8
15161 -2889.3 658.2
15162 -2780.3 730.8
15163 -2897.5 814.7
15164 -2853.4 837
15165 -2938.8 885.2
15166 -2899.6 916.6
15167 -2951.9 928.7
15168 -2983.6 1007.2
15169 -2995.4 1030.2
15170 -2970.9 981.6
15171 284.3 3045.6
15172 -2901.9 1048.6
15173 -3030.2 1080.5
15174 -3011.7 1053.6
15175 -3043.1 1096.2
15176 -2930.4 1131.4
15177 -3588 3660.4
15178 -3157 4143.8
15179 -4668.4 1628.4
15180 -4638.8 1698.9
15181 -4705.8 1659.7
15182 242.9 3047.3
15183 -4642.2 1817.4
15184 -4657.9 2179.4
15185 -4647.3 1639.6
15186 -4615.6 1626.5
15187 -4625.4 1696.9
15188 -4628.1 1741.9
15189 -4593.3 1683.8
15190 -4330.1 2733.5
15191 -4594.9 2768.1
15192 -4521.2 2047.3
15193 187.7 -62.5
15194 49.8 2979.5
15195 -4713.1 2330.7
15196 -4778.5 2050.7
15197 -4797.1 2480.4
15198 -4815.8 2412.6
15199 -4756.1 2402.4
15200 -4805.8 2092.4
15201 -4808.2 2023.6
15202 -4760.9 2028.4
15203 -4866.8 2346.3
15204 -4911 2420.2
15205 87.2 2984.1
15206 -4902.3 2332.7
15207 -4850.6 2363.7
15208 -4841.4 2459.9
15209 -3885.8 1378.3
15210 -3948.5 1311
15211 -3950.6 1340.3
15212 -4008.4 1257.9
15213 -4004.4 1311.8
15214 -4089.9 1198.2
15215 -4108.1 1226.4
15216 -380.1 2499.4
15217 -4121.9 1175.9
15218 -4037.1 1236.9
15219 -4192.5 1124.1
15220 -3953.1 1466.9
15221 -3977.6 1448.8
15222 -3956 1400.9
15223 -4008.8 1395.9
15224 -4005.3 1337.7
15225 -4050.6 1306.5
15226 -4131.2 1271.9
15227 -406 2487.8
15228 -4078.5 1295.9
15229 -4349.6 1225.7
15230 -4332 1252.2
15231 -4394.9 1270
15232 -4318 1281.7
15233 -4362.2 1304.6
15234 -4089.1 1760.3
15235 -4152.1 1801.1
15236 -4171.6 1759.1
15237 -4148.8 1738.8
15238 -445.9 2499.8
15239 -4160.8 1713.1
15240 -4170.7 1680.5
15241 -4098.5 1680.2
15242 -4196 1729
15243 -4099.8 1711.6
15244 -5070.6 1938.7
15245 -4986.5 2014.2
15246 -5036.7 1900.8
15247 -4954.8 1973.9
15248 -4961.7 1818.5
15249 223.9 3017
15250 -4997.3 1858.7
15251 -4932.9 1844.4
15252 -4925 1777.2
15253 -4971.1 1882.4
15254 -4858.7 1912.7
15255 -4876.1 1754.4
15256 -4831.2 1870.6
15257 -4827.9 1734
15258 -4798.9 1814.3
15259 -4925.3 1928.4
15260 -148.5 3616.1
15261 -4887 1960.2
15262 -4858.8 1978
15263 -4777.5 1778.6
15264 -4721.1 1685.2
15265 -5330.6 1906.7
15266 -5440.4 1946.7
15267 -5580.8 2009.6
15268 -5561.3 2039
15269 -2846.7 1310.6
15270 -2919.5 1422.9
15271 223.4 3080.1
15272 -2959.2 1403.5
15273 -3036.7 1368.1
15274 -2910.1 1298.9
15275 -2879.4 1305.4
15276 -2902.2 1271.6
15277 -2966 1287
15278 -2987.6 1251.2
15279 -3125.4 1268.6
15280 -2840.8 960.3
15281 -2811.6 973
15282 -187.5 3603.5
15283 -2877.7 981.1
15284 -2855.5 988.9
15285 -2780.1 857.3
15286 -2542.7 1204.7
15287 -2668.9 1251.3
15288 -2592.6 1280.4
15289 -2805.7 1247.3
15290 -2862.9 1164.8
15291 -2873.8 1223.4
15292 -2829.8 1148.7
15293 -26.4 3655
15294 -2895.3 1137.8
15295 -2927.7 1103.6
15296 -2959.7 1145.5
15297 -2515.7 1232
15298 -2668 755.1
15299 -2623.6 731.9
15300 -2633.8 753
15301 -2705.3 893.1
15302 -2590.8 758.7
15303 -2562.4 775.9
15304 858 -3063.7
15305 -352.8 3222.3
15306 -2539.5 776
15307 -2558.7 813.3
15308 -2732.7 759.3
15309 -2703 761.1
15310 -2656 675.9
15311 -2807.3 834.3
15312 -1036.4 -2320.5
15313 -1158.4 -3074.3
15314 -895.7 -2505.1
15315 -870.2 -2485
15316 -273.3 3610.5
15317 -1092.1 -2391.9
15318 -1255.5 -2285.2
15319 -1185.7 -2530.6
15320 -1233.5 -2561.6
15321 -1238.1 -2479.4
15322 -1129.7 -2613.8
15323 -1131.8 -2476.9
15324 -1030.3 -2768.1
15325 -1059.8 -2721.1
15326 -995.2 -2763.9
15327 -268.1 3675.6
15328 -1153.9 -2787.2
15329 -1515.7 -2287.7
15330 -1427.1 -2362.9
15331 -1368.5 -2251.5
15332 -1497.6 -2473.5
15333 -1381.5 -2813.7
15334 -1362.4 -2866.8
15335 -793 -3107.4
15336 -761.4 -3074.1
15337 -726.1 -3208.6
15338 735.7 4000.5
15339 -722.4 -3115.4
15340 -861.5 -3100.2
15341 -819.2 -3160
15342 -848.5 -3016.5
15343 -974.8 -3249.9
15344 -955.5 -3288.5
15345 -1085.8 -3126.7
15346 -776.3 -3674.8
15347 -734.5 -3778.6
15348 -792.2 -3614.6
15349 1737.1 4182.3
15350 -816.1 -3633.4
15351 -641 -3123.9
15352 -562.5 -3540.6
15353 -642.4 -3488.9
15354 -587.9 -3370.1
15355 -620.9 -3438.3
15356 -671.9 -3362.4
15357 -602.9 -3289.9
15358 -714.1 -3066.5
15359 -630.4 -3171.4
15360 717.1 4050.5
15361 -683.5 -3470
15362 -766.2 -3428.7
15363 -886.7 -3327.2
15364 -922.5 -3297.8
15365 -863.9 -3346.6
15366 -873.2 -3261.8
15367 -949.5 -3273.3
15368 -1257.3 -3119.8
15369 -1294.5 -3038.3
15370 -1313.7 -3133.9
15371 700.1 4011.4
15372 -1308.7 -3009.3
15373 -1438.5 -3072.3
15374 -1438 -2692.1
15375 -1367.9 -2639.8
15376 -1444.4 -2652.4
15377 -1418.8 -2743.1
15378 -2329.1 -1847.4
15379 -2338.9 -1797.1
15380 -2306.5 -1883.1
15381 -2427.4 -1753.5
15382 442.2 3820.1
15383 -1974.9 -1658.8
15384 -2067.8 -1663.9
15385 -1399.8 -2170.3
15386 -1426.5 -2085.5
15387 -1437.1 -2057.8
15388 -1844.4 -1285.6
15389 -1855 -1564.3
15390 -1838.4 -1525.2
15391 -2390.5 -1585.7
15392 -2446.8 -1520.9
15393 849 3801.3
15394 -2249.4 -1638.8
15395 -2205.9 -1651.5
15396 -2205.7 -1523.8
15397 -2366.2 -1691.3
15398 641.9 -3556.9
15399 618.4 -3585.2
15400 671.9 -3535.2
15401 569.6 -3468.3
15402 442.3 -3820.4
15403 332.4 -3968.9
15404 750.1 4039.5
15405 511 -3730.5
15406 410.3 -3781.2
15407 469.4 -3851.1
15408 667.1 -3216.8
15409 628.8 -3283.5
15410 682.1 -3387
15411 750.8 -3296.8
15412 545.5 -3417.3
15413 536.5 -3436.4
15414 576.3 -3368.9
15415 1020.9 -5293.1
15416 827.9 4247.3
15417 506.4 -3333.4
15418 381 -3747.7
15419 335.2 -3796.5
15420 412.4 -3685.9
15421 247.2 -3680.6
15422 121.9 -3904.1
15423 197.4 -3981.2
15424 220.8 -3883.2
15425 -103.3 -3918
15426 24.1 -3964.7
15427 -668 1104.1
15428 579.2 -4600
15429 545.9 -4571.7
15430 484.8 -4531.6
15431 431.4 -4350.4
15432 342.7 -4280.8
15433 384 -4202.7
15434 -124.4 -3735.3
15435 -100.1 -3759.4
15436 -146.4 -3634.3
15437 -178.5 -3721.6
15438 -681.6 1042.6
15439 270 -2112.7
15440 350.4 -2094.1
15441 411.7 -1966.1
15442 446.1 -2118.7
15443 796.2 -3339.8
15444 703.3 -3431
15445 614.9 -3445.9
15446 537.5 -3311.4
15447 603.1 -3322.7
15448 -670.6 -3197.3
15449 -721.7 852.4
15450 -609.9 -3261
15451 -703.2 -3218.4
15452 -831.6 -3185.4
15453 -1001 -2715.3
15454 -670.1 -2704.5
15455 -964.6 -2949.6
15456 -901.5 -3003
15457 -1231 -3900.5
15458 -1260.9 -3838.1
15459 -1265.8 -3916.9
15460 -709.1 894.1
15461 -1177.7 -3876
15462 -1292.5 -3818.7
15463 -1226.4 -3848.9
15464 -1393.3 -3783.2
15465 -1419.5 -3759.1
15466 -1364.8 -3790.5
15467 -1486.2 -3693.4
15468 -1496 -3646.1
15469 -1459.5 -3712.2
15470 -1544.2 -3571.6
15471 -757.2 721.6
15472 -1554.9 -3526.1
15473 -1536.5 -3601.6
15474 -1595.6 -3412
15475 -1615.7 -3354.3
15476 -1745.2 -3469.3
15477 -1738.1 -3026
15478 -1718.9 -3070.9
15479 -1818.9 -3077.4
15480 -1889.8 -2717.8
15481 -1904.4 -2697.7
15482 -978.7 80.4
15483 -1877.9 -2735.4
15484 -2003 -2786.4
15485 -1188.3 -2737.5
15486 -1199.5 -2793.6
15487 -1282.2 -2592.5
15488 -2181.1 -2254.1
15489 -2234.3 -2292.3
15490 -2248.8 -2149.3
15491 -2089.9 -2384.9
15492 -2407.4 -2165.5
15493 -966.5 115
15494 -2344 -2204.7
15495 -2348.7 -2159.7
15496 -2306.3 -2184.4
15497 -2474.2 -2236.4
15498 -2671.9 -2138.2
15499 -2647.8 -2190.6
15500 -2668.6 -1994.7
15501 -2555.2 -2221.3
15502 -2480.9 -2179.3
15503 -2487.8 -2152.9
15504 -1034.9 66.1
15505 -2588.1 -2152.2
15506 -4573 -1969.5
15507 -4696.1 -2006.6
15508 -4818.8 -2052.2
15509 -4895.9 -1953.8
15510 -4936.4 -2002.8
15511 -4882.3 -1982.4
15512 -4840 -1937.6
15513 -4891.3 -1369.6
15514 -3374.1 -1934.7
15515 -855.4 488.6
15516 -3306.7 -1934.8
15517 -4206.6 -1498.8
15518 -4253.8 -1525.2
15519 -4140.5 -1463
15520 -4180.6 -1541.9
15521 -4238.6 -1448.3
15522 -4323.4 -1564.1
15523 -4298.6 -1618.1
15524 -4396.3 -1607.6
15525 -3802.4 -1977.3
15526 1139.2 -3427.1
15527 -867.8 426
15528 -3875.2 -1990.7
15529 -3761.9 -1960.1
15530 -3814.2 -1940.5
15531 -4667.3 -1702.1
15532 -4814.9 -1755.1
15533 -4014.8 -1394.8
15534 -4049.8 -1413.7
15535 -4500.8 -1679.3
15536 -4491.7 -1704.9
15537 -4509.2 -1657.2
15538 -743.2 409.3
15539 -4558.4 -1710.6
15540 -4531.3 -1778.1
15541 -4635.3 -1754.1
15542 -4673.9 -1773.6
15543 -4621.7 -1803.8
15544 -4836.6 -1840.8
15545 -4779.4 -1920.2
15546 -4677 -1447.2
15547 -5634.8 -1839.5
15548 -5276.1 -1776.1
15549 -750.7 517
15550 -5132.7 -1685.5
15551 -5301.2 -1733.2
15552 -5075 -1651.2
15553 -5104.2 -1667.6
15554 -5106.3 -1604
15555 -4975 -1522.8
15556 -4518.4 -1819.1
15557 -4499.9 -1877.6
15558 -4606.9 -1853.9
15559 -4560.9 -1892.9
15560 -990.5 42.3
15561 -4668.5 -1870.7
15562 -4716.2 -1937.7
15563 -4707.6 -1968.4
15564 -4656.4 -1919.6
15565 -4592.3 -1901.7
15566 -4624.8 -1910.1
15567 -4997.4 -1348.4
15568 -5320.1 -1299.9
15569 -5562.5 -1371.3
15570 -5471.5 -1256.2
15571 -997.9 -10.5
15572 -5382.3 -1157.8
15573 -5416.5 -1044.2
15574 -5425.3 -1119.8
15575 -5274.9 -1182.4
15576 -5404.4 -865.3
15577 -5338.3 -845.7
15578 -5465.6 -1651
15579 -5343.3 -1758
15580 -5490.8 -1605.1
15581 -5653 -1759.3
15582 -685.9 948.9
15583 -5518.7 -1558.6
15584 -5551.4 -1498.6
15585 -5579.6 -1593.2
15586 -5451.7 -933.8
15587 -5669.5 -1903
15588 -5695 -1859.4
15589 -5707.5 -1931.3
15590 -5732.7 -2069.6
15591 -5771.9 -2098.3
15592 -5763.1 -2029.6
15593 -682.8 892.9
15594 -5806.5 -2126.5
15595 -5837.2 -2149.3
15596 -5779.3 -2165.1
15597 -5846.6 -1982
15598 -5472.1 -1531.2
15599 -5518.2 -1348.8
15600 -5430.2 -1504.4
15601 -5388.8 -1478.3
15602 -5402.2 -1554
15603 -5346.1 -1453
15604 -663.6 976.9
15605 -5475.6 -1326.5
15606 -5306.7 -1421.8
15607 -5433.5 -1303.1
15608 -5289.5 -1485.3
15609 -5266.6 -1385.3
15610 -5159.5 -1644.2
15611 -5199 -1667.8
15612 -5192.7 -1539.3
15613 -5221.5 -1626.9
15614 -5324.3 -1690.4
15615 -624.9 978.7
15616 -5189.5 -1334.8
15617 -5226.9 -1496.5
15618 -5046.9 -1341.7
15619 -4985.6 -1410.5
15620 -5365.2 -1530.8
15621 -5345.8 -1653.9
15622 -5297.2 -1621.6
15623 -5329.7 -1510.2
15624 -5232.8 -1581.6
15625 -5259.3 -1598
15626 -591.3 1073.5
15627 -5028 -1437.3
15628 -5160 -1520.3
15629 -5134.6 -1557.3
15630 -5003.8 -1477.8
15631 -5663.9 -1708.3
15632 -5693.5 -1571.3
15633 -5670.5 -1557.3
15634 -5726.1 -1901.7
15635 -5750.9 -1917.3
15636 -5726 -1878.8
15637 1121.2 -3343.5
15638 -575.5 1105.4
15639 -5789.4 -1990.8
15640 -5821.5 -1965.2
15641 -6258.7 -1881.5
15642 -6226.2 -1919.4
15643 -6229.7 -1872.2
15644 -6022.8 -2087.2
15645 -5990.9 -2073.6
15646 -6065.3 -2059.1
15647 -5949.8 -2236.6
15648 -5924.7 -2171.2
15649 -555.2 1124.5
15650 -6000.1 -2048.9
15651 -6114 -1812.9
15652 -6086.9 -1847.7
15653 -5924.1 -1728.1
15654 -6640.6 -2040
15655 -6622.4 -2068
15656 -6682.6 -1973
15657 -6514 -1984
15658 -6727.1 -2087.3
15659 -6299.8 -1980.4
15660 -533.2 979.2
15661 -6317.8 -2010.1
15662 -6155.5 -2002.4
15663 -6428.8 -1959.4
15664 -5455 -1222.1
15665 -4824.9 -440
15666 -5717.6 -1188.3
15667 -5701.9 -1224.5
15668 -5763.7 -1219.1
15669 -5678.3 -1169.3
15670 -5896.9 -1443.9
15671 -505.9 1003.4
15672 -5832.6 -1424.4
15673 -5897.9 -1388.2
15674 -5866.3 -1548.2
15675 -5828.1 -1396.3
15676 -5791.5 -1505.3
15677 -5628.5 -1185.4
15678 -4864.4 -418.9
15679 -4954.9 -426.7
15680 -5128.3 -405.2
15681 -5015.2 -419.5
15682 -260.7 696.2
15683 -5244.2 -386.1
15684 -4725.2 -297.8
15685 -4726.5 -232.9
15686 -5043.3 151.9
15687 -5006.5 225
15688 -5019.5 134.7
15689 -5077.3 173
15690 -5125.1 202.7
15691 -5122 262.6
15692 -5168.6 231.4
15693 -884.4 1341.3
15694 -4600.6 497.6
15695 -4545.7 442.3
15696 -4601.3 547.3
15697 -4678.4 547.3
15698 -4679.4 651.2
15699 -4771.9 510.5
15700 -4802.9 465.5
15701 -4765 394.6
15702 -4716.8 404.8
15703 -4720 165.6
15704 -809.4 1470
15705 -4807.5 379.3
15706 -4846.8 363.6
15707 -4806.9 278.1
15708 -4762.9 60.1
15709 -4681.8 167.8
15710 -4721.1 61.5
15711 -5023.3 297.5
15712 -4879.7 275.1
15713 -4372.3 481.7
15714 -4287.6 458.3
15715 -948.9 1412.3
15716 -4741.7 458.3
15717 -4655.2 487.8
15718 -4716.4 532.9
15719 -4680.6 611.1
15720 -4512.3 449.1
15721 -4437.7 468
15722 -4765.2 -0.9
15723 -4805 21.2
15724 -4722.6 -0.2
15725 -4679.9 10.8
15726 -830.8 1283.8
15727 -3888.1 1013.2
15728 -4870.1 2630.7
15729 -4914.1 2654.5
15730 -5000.5 2551
15731 -4839.4 2613.5
15732 -5145.6 2719.8
15733 -5532.9 1830.9
15734 -5324.1 1729.2
15735 -5458.8 1738.5
15736 -5753.6 2206.2
15737 -443.6 -720.5
15738 -5803.8 2243
15739 -5737.1 2231.4
15740 -5657.5 2697.3
15741 -5627.3 2657.6
15742 -5633.1 2711.3
15743 -5524.1 2654.8
15744 -5503.4 2611.3
15745 -5563.2 2632.1
15746 -5598 2610.9
15747 -5527.1 2498.7
15748 1361.2 -3424.3
15749 -373.6 -663.4
15750 -5089.8 2518.4
15751 -5069 2484.2
15752 -5090.8 2587.4
15753 -5150.6 2485.6
15754 -4958.1 2299
15755 -4958.3 2235.3
15756 -4980.4 2336.6
15757 -4982.5 2285.5
15758 -5187.8 2280.3
15759 -5187.6 2356.6
15760 -367.3 -704.9
15761 -5190.2 2204.8
15762 -5162.5 2274.8
15763 -5227 2288.8
15764 -5177.9 2434
15765 -5178.2 2403.7
15766 -4970.2 2518.6
15767 -5465.7 2393.1
15768 -5485.9 2381.1
15769 -5485.6 2427.6
15770 -5420.5 2423.8
15771 895.4 -5135.2
15772 -5399.4 2344.4
15773 -5295.5 2302.1
15774 -5314 2274.9
15775 -5317.9 2314.9
15776 -4928.9 2450.8
15777 -4941 2523.2
15778 -5381.6 2565.9
15779 -5342.8 2599.4
15780 -5375.6 2530.5
15781 -5412 2566
15782 820.2 -4925.8
15783 -613 417.3
15784 -700.3 481.3
15785 -715.8 615.4
15786 -696.3 671.1
15787 -540 556.9
15788 -551.6 642.7
15789 -630.8 545.5
15790 -621.8 490.1
15791 -560.7 714.6
15792 -570.1 804.2
15793 520.1 -4773.5
15794 -650.9 701.2
15795 -641.8 638.6
15796 -776.3 359.2
15797 -126.1 62.3
15798 -242.3 228.3
15799 -493.8 195.8
15800 -502.1 262.3
15801 -1803.8 864.9
15802 -1826 1197.3
15803 -1751 848.9
15804 1581.2 -6344.2
15805 -1853.7 872.3
15806 -1815.7 1238
15807 -1777.9 1233.4
15808 -1888.9 1245
15809 -1751 899.1
15810 -1721.8 704.7
15811 -1591.7 789.6
15812 -1633.3 654.4
15813 -1543.5 690.3
15814 -1674.1 642.6
15815 1572.6 -6317.8
15816 -1611.9 564.3
15817 -1628.8 728.6
15818 -1698.4 885.9
15819 -1693.1 809.8
15820 -1781.6 1206
15821 -1737.5 1428
15822 -1916.7 856.7
15823 -1930.5 894.5
15824 -1839.7 -1853.2
15825 -1780.6 -2049.4
15826 1471.5 -6141
15827 -1548.5 -1911.5
15828 -1569.9 -790.3
15829 -1591.5 -683.4
15830 -1748.7 -918
15831 -1847.1 -1045.3
15832 -1814.8 -1038
15833 -1850.2 -995.7
15834 -635.5 -1946.3
15835 -712.5 -1967.9
15836 -754.7 -1980.5
15837 1385.6 -5973.7
15838 -693 -2040.3
15839 -786.9 -2065.4
15840 -683.5 -2063.3
15841 -762.5 -2132.4
15842 -734.1 -2051.5
15843 -1250.9 3059.4
15844 -1173.1 2985.4
15845 -1135.7 2954.7
15846 -1111.3 3000.8
15847 -1130.2 2920.7
15848 1293 -5776.1
15849 -1164.6 3053
15850 -766.4 3272.8
15851 -694.2 3118.3
15852 -938.1 3106.2
15853 -924.9 3252
15854 -1014.8 3212.1
15855 -9.1 3917.6
15856 -52.6 3907.8
15857 -107 3891.1
15858 -471.3 3769.5
15859 871.4 -3061.3
15860 1394.9 -5781.4
15861 -413.6 3679.9
15862 -350.3 3674.3
15863 -282.7 3610.3
15864 -2107.5 472.7
15865 -2075.7 536.9
15866 -1816.6 567.4
15867 -1762.3 486.8
15868 -1869.8 535.3
15869 -1765.7 598.2
15870 -1773.4 151.5
15871 1536.4 -6190.8
15872 -1793.5 213.5
15873 -1703.9 199.8
15874 -1739.4 249.5
15875 -1846.9 306.8
15876 -1690.4 282.3
15877 -1639.1 316.6
15878 -1599 154.8
15879 -1754.1 375.3
15880 -1543.9 181.6
15881 -1602.6 351.6
15882 2126.1 -7123.4
15883 -2026.1 559.8
15884 -1976.4 584.4
15885 -2000.1 521.6
15886 -1954.9 549.2
15887 -1921 610.2
15888 -1705.1 408.8
15889 -1706.2 523.2
15890 -1811.2 453.9
15891 -1532.9 398.3
15892 -1572 480.4
15893 2208.9 -7226.6
15894 -1450 442.8
15895 -1575 375.7
15896 -1485.9 520.7
15897 -1614.4 460.5
15898 -1521.6 601.6
15899 -1653.8 548.2
15900 -1656 441.7
15901 -1728.3 629.7
15902 -1569.1 110.2
15903 -1630.4 88.1
15904 2155.1 -7320.1
15905 -1376.8 571.8
15906 -1561.5 749.6
15907 -1517.3 238.3
15908 -1427.1 159.7
15909 4.8 502.2
15910 -35.7 470.8
15911 53.5 416.3
15912 -85.5 431.2
15913 -128.1 394.1
15914 -73.5 615.2
15915 2100.1 -7286.8
15916 -31.9 558.6
15917 -8.3 662.2
15918 -86.5 708.3
15919 72.8 718.4
15920 31.4 689.6
15921 31.3 604.7
15922 -455.1 840.2
15923 -508.1 879.5
15924 -509.5 768.8
15925 -574.9 975.3
15926 2131.3 -7360.6
15927 -384.4 666.1
15928 -395.3 737.6
15929 -443.8 657.9
15930 -454 656.8
15931 -288.2 561.9
15932 -209.6 568.9
15933 -2045.6 -99.2
15934 -1866.4 -18.6
15935 -2007.5 -152.3
15936 -1977.4 -193.4
15937 1654.7 -7938
15938 -1851.9 -55.3
15939 -1938.5 -246.5
15940 -1704.9 54.2
15941 -1654.8 128.1
15942 -2278.9 692.7
15943 -2174 728.2
15944 -2284.3 615
15945 -2116.5 1243.2
15946 -2091.9 1113.1
15947 -1762.1 1336.2
15948 1674.4 -7887.5
15949 679.2 930.4
15950 632.5 1002.7
15951 757.8 993.2
15952 -309.6 -77.2
15953 -302.2 -127.6
15954 -314.2 -43.9
15955 -197.9 -63.1
15956 -190.3 -110.4
15957 -2656.8 918.9
15958 -2566.7 749.7
15959 1682.6 -7951
15960 -2503.4 611.8
15961 -1495 865.9
15962 866.7 3758.5
15963 856.9 3808.4
15964 877.3 3741.5
15965 -4533.8 -539
15966 -4704 -644.8
15967 -5595.3 -267.4
15968 -2441.1 1964.8
15969 -764.3 -1507.1
15970 752.8 -2898.1
15971 1628.7 -7993.9
15972 -684.1 -1579.8
15973 -769.3 -1475.6
15974 -352.8 213.8
15975 -342.6 143.3
15976 -483.1 123.6
15977 -286.7 151.2
15978 -568.8 113.1
15979 -561.1 55.2
15980 40 1632.6
15981 -15.3 1535.8
15982 1695.1 -7821.1
15983 -5844.4 -642.3
15984 -5868.2 -602.3
15985 -5828.1 -476.7
15986 -5797.2 -338.6
15987 -5776.8 -326.8
15988 -5820 -351.1
15989 -5744.3 -432
15990 -5723.1 -418.7
15991 -5766.5 -447.3
15992 -5866.2 -426.1
15993 1529.9 -7834.1
15994 -5489.2 -62.2
15995 -5482.1 8.8
15996 -5568.9 -40.8
15997 -5427 -63.5
15998 -5481.2 -122.1
15999 -5445.9 -174.4
16000 -5427.6 -183.9
16001 -5300.5 -73.6
16002 -5363.7 -68
16003 -5352.9 -182.7
16004 1701.4 -7761.4
16005 -5418.3 11.4
16006 -5344.1 12.3
16007 -5789 -463.4
16008 -5739.1 -332.4
16009 -5642.5 -368.7
16010 -5661.9 -361.2
16011 -5551.5 14.9
16012 -5528.8 7.8
16013 -5634.8 -21.5
16014 -5236.9 -81.7
16015 1706.6 -7703.4
16016 -5231.2 -48.7
16017 -5102.7 -70.7
16018 -4565.8 -1451.6
16019 -4373.8 -1389.9
16020 -4407.4 -1408.6
16021 -4374 -1468.2
16022 -4499.7 -1462.4
16023 -4300.9 -1430.7
16024 -4265.1 -1406.7
16025 -4291.8 -1362.5
16026 1579.6 -7665.6
16027 -4194 -1362.4
16028 -3006.1 -161.5
16029 -3248.9 247.3
16030 -3337.3 277.3
16031 -3351.4 398.7
16032 -3033.1 -303.6
16033 -3042.8 -263.1
16034 -2920.3 -211.2
16035 2682.1 2142.1
16036 2744.2 2173
16037 1832.8 -7720.5
16038 2971 2245.6
16039 3616 2055.9
16040 -745.5 -143.4
16041 -698.7 -129.3
16042 -659.9 -124.1
16043 -612.1 -180.3
16044 -613.3 -284.9
16045 -656.1 -289.6
16046 -642.8 -237
16047 -557.7 -276.3
16048 1872.7 -7765.3
16049 -682.9 -244.1
16050 -724.8 -273.5
16051 -728 91.7
16052 -690.2 97.3
16053 -733.3 127.6
16054 -651.1 102.5
16055 -643.7 47.4
16056 -688.9 -190.4
16057 -764.8 84.1
16058 -474.7 -1179.4
16059 1912 -7809.3
16060 -536.9 -1387.2
16061 -540 -1339.5
16062 -842.4 3156.6
16063 -834.2 3041.6
16064 -777.3 3142.8
16065 -875.7 3199.7
16066 -811.9 3194.6
16067 -735.5 3208.3
16068 -752.3 3243.7
16069 -897.9 3263.2
16070 1929.2 -7670.2
16071 -836.8 3270.4
16072 -716.4 3165.8
16073 -691.5 2983.6
16074 -338.7 3291.9
16075 -386 3276.1
16076 -1103.2 2174.3
16077 -1033.1 2218.9
16078 -1085.6 2188.3
16079 -1315.3 2082.5
16080 -704.3 2160.1
16081 215.8 -3.4
16082 1752.2 -7820.5
16083 -752.2 2131
16084 -791.2 2257.7
16085 -646.4 2124.4
16086 -404.2 3343.5
16087 -508.7 3302.2
16088 -566.7 3286.9
16089 -571.3 3218.7
16090 -5732 2820.8
16091 -5747.8 2848.5
16092 -5805.1 2802.9
16093 1979.9 -7701
16094 -5799.5 2779.2
16095 -5817.5 2851.7
16096 -5896.8 2770.7
16097 -5893.2 2821.4
16098 -5890.8 2719.6
16099 -6117.8 2690.3
16100 -6067.7 2703.9
16101 -6122.3 2734.7
16102 -6104.9 2618.6
16103 -5793.5 2754.2
16104 1943.7 -7616.6
16105 -5865.7 2677.4
16106 -5785.9 2712.1
16107 -5769.7 2667.8
16108 -5779 2687.8
16109 -4062.1 929.7
16110 -3381.8 300.3
16111 -3840.2 950.4
16112 -3543.5 572
16113 -3524.9 584.9
16114 -3562.9 630.8
16115 1888.6 -7600.4
16116 -3651.6 799.8
16117 -3667.4 741.2
16118 -5113.1 3246.8
16119 -5055.3 3166.7
16120 -5183.3 3189.7
16121 -5040.3 3298.8
16122 -5014.1 3401.2
16123 -5168.7 3165.2
16124 -5224.5 3261
16125 -4681.9 2619.2
16126 1958.4 -7577.5
16127 -4654.1 2591.7
16128 -4993.7 3406.7
16129 -4850.5 2857.8
16130 -4905.2 2831.1
16131 -4933.8 2778.5
16132 -4891.5 2717.6
16133 -4621.4 2298.2
16134 -4633 2321.2
16135 -4584.1 2236.4
16136 -4648.8 2361.4
16137 1583.9 -7772.4
16138 -4657.5 2407.3
16139 -4601.7 2390.1
16140 -4730.7 2745.1
16141 -4802.4 2674.7
16142 -5955.6 2891.4
16143 -6006.3 2881.1
16144 -5885.4 2919.7
16145 -5955.6 2849.6
16146 -5959.4 2942.8
16147 -5250.7 3231.5
16148 1563.3 -7751.2
16149 -5301.3 3195.6
16150 -5321.4 3207.9
16151 -5113.2 3067.1
16152 -5107.6 3040.9
16153 -5055.3 3094.6
16154 -5127.3 2821.6
16155 -5393.9 3371.9
16156 -5427.4 3356.7
16157 -5356.6 3278.3
16158 661 2013.7
16159 1572.4 -7724.4
16160 363.1 2033.3
16161 387.4 2067.8
16162 401.8 2004.6
16163 334.3 2054.2
16164 471.4 2168.4
16165 490.4 2192
16166 445.8 2189.5
16167 417.5 2103.6
16168 516.1 2133.2
16169 540.1 2255.4
16170 1550.1 -7732.6
16171 -2338.1 547.4
16172 -2516.5 726.6
16173 -2487 682
16174 -2438.8 714
16175 -4576.6 1891.5
16176 -4490 2055
16177 -4504 2008.8
16178 -4443.3 2075.1
16179 -4363.8 2081.8
16180 -3863.7 3771.7
16181 1489.5 -7654.3
16182 -3860.8 3709.1
16183 -3865.5 3838
16184 -3723.7 3753.7
16185 -3649.4 3765.2
16186 -3520 3842.7
16187 -3614.2 3881.6
16188 -3691.8 3833.3
16189 -3872.6 3935.1
16190 -3713.6 3945.1
16191 -3873.9 4002.7
16192 399.6 -1289.9
16193 638.8 597
16194 1793.8 -7677
16195 -3873.5 3964.1
16196 -3894.7 3701.7
16197 -3795.6 3437.1
16198 -3830.1 3469.8
16199 -3892.8 3426.2
16200 -3760.5 3387.6
16201 -4091.8 3343.7
16202 -4109.8 3412
16203 -4080.6 3284.1
16204 -4001.2 3373.3
16205 1833.6 -7581.1
16206 -10045.4 -4460.2
16207 -10031.4 -4442.9
16208 -10101.2 -4448.9
16209 -8698.2 -4128.2
16210 -10040.7 -4402.1
16211 -10085.7 -4396.7
16212 -10946 -4409.3
16213 -7925.7 -3857.9
16214 -1448.2 -4081.5
16215 -1406.6 -4072.2
16216 1876.4 -7438.8
16217 -6668.8 -3364.9
16218 -6708.5 -3306.8
16219 -6642.2 -3386.8
16220 -3334.6 -2094.1
16221 -2419.6 -2361
16222 -2345.8 -2384
16223 -3155.1 -2035.6
16224 1359.3 -5551.5
16225 1507.6 -5772.1
16226 1379.9 -5419.4
16227 1781.3 -7518.2
16228 1212.6 -5717.6
16229 -8383.5 -4016.7
16230 -1405 -4051.3
16231 -1426.9 -4032.7
16232 -1377.9 -4000.6
16233 -1453.8 -4044.1
16234 -5912.2 -1301.1
16235 -5919 -1155.5
16236 3598.5 2091.4
16237 -3163.5 2709.1
16238 1818.7 -7864.5
16239 -3074.9 2654.8
16240 -3039.6 2655.5
16241 -3245.2 2649.1
16242 -3327.8 2690.8
16243 2492 3193.2
16244 2470.2 3044
16245 2497.6 3219.9
16246 2464.7 3213
16247 5497.7 3259.3
16248 6519.1 3827.8
16249 1939.3 -7774.9
16250 6503.8 3859.3
16251 6401.8 3875.4
16252 6838.7 4110
16253 6540.8 3856.2
16254 6742.2 3691.2
16255 6879.4 4014.9
16256 6572.4 3955.5
16257 6790.6 3759
16258 180.8 -3741.6
16259 -131.4 -3539.8
16260 2012.8 -7596.2
16261 383.7 -4005.2
16262 448.5 -4052.7
16263 403.9 -3961
16264 302.8 -4007.6
16265 514.4 -4099.2
16266 480.1 -4022.8
16267 402.1 -4186.5
16268 498.1 -3885
16269 590.8 -3909.9
16270 590.1 -3838.3
16271 1751.3 -7479.9
16272 -914.4 -1521.3
16273 -909.6 -1575.1
16274 -902.5 -1771.6
16275 7802.2 4379.9
16276 7735.8 4474.4
16277 7945.2 4734.7
16278 7702.7 4599.8
16279 7566.6 4520.3
16280 7766.7 4399.8
16281 6868.9 3606.2
16282 1831.8 -7402.9
16283 6989.6 4001.3
16284 6977.2 4048.8
16285 7138.5 4030.2
16286 6866.5 3869.7
16287 6996.2 3970.9
16288 7991.5 3477.5
16289 8136.5 3503.9
16290 7424.3 4084.3
16291 7571.5 4115.7
16292 7430.1 4048.4
16293 1964.4 -7509.9
16294 7276.4 4056.9
16295 7416.8 4124.5
16296 7538.5 3463.1
16297 7554.4 3393.5
16298 7605.3 3557.3
16299 7448.7 3525.4
16300 7192.5 3703.6
16301 7045.7 3677.3
16302 7256.2 3795.4
16303 7282.8 3642.4
16304 398.4 1072
16305 1928.1 -7469.1
16306 7367.2 3962.5
16307 7521.3 3986.9
16308 7717.8 3723.2
16309 7675.5 3661.6
16310 7779.8 3681.1
16311 7778 3813.9
16312 7856.9 4283.8
16313 7884.8 4285
16314 7898.2 4311.3
16315 8382 4083.7
16316 2038.2 -7435.9
16317 7921.3 4248.4
16318 7934.4 4180.3
16319 8087.6 4200.5
16320 7777.2 3436.1
16321 7330.7 3351.3
16322 7318.2 3426.6
16323 7132.5 3428.3
16324 7060.6 3601.4
16325 7032.7 3747.7
16326 7976.8 3553.2
16327 2011.1 -7353.7
16328 7922.9 3843.4
16329 7692.2 3871.8
16330 7936.6 3772.6
16331 7910.4 3912.5
16332 8038.6 3866
16333 6832.1 3732.3
16334 6910.7 3839.5
16335 6968 3736.1
16336 6804.8 3779.7
16337 7110.1 3763.7
16338 1940.4 -7359.7
16339 7094.7 3832.2
16340 7192.2 3837.2
16341 6953 3902.5
16342 6954.8 3807.5
16343 7129.4 3879
16344 7027.5 3821.7
16345 7022 3859.9
16346 7065.1 3922.3
16347 7090.1 3906.4
16348 7169.8 3853
16349 1878.1 -7350.7
16350 7146 3989.7
16351 7225.8 3936
16352 7297.3 3858.7
16353 7308.8 3880
16354 7357.8 3846.6
16355 7285.1 4015.8
16356 7627.6 3913.1
16357 7603.1 3930.6
16358 7574 3883.5
16359 6700.9 7.8
16360 1786 -7361.4
16361 6864.2 -99.2
16362 7332.2 -74.4
16363 6591.3 -180.3
16364 8258 71.9
16365 9823.5 738.3
16366 8406.5 247.3
16367 7407.4 3467.9
16368 7390.2 3439.6
16369 7324.1 3523.2
16370 7304.9 3492.5
16371 1745.7 -7450.3
16372 7237.9 3479.8
16373 7222.4 3549.5
16374 7243 3579.2
16375 6961.6 3550.1
16376 7365.4 3585.7
16377 7338.5 3606.3
16378 7397.7 3631.6
16379 7613.1 3676.1
16380 7447.9 3639.3
16381 7661.1 3639.4
16382 1549.4 -7503.1
16383 7662.1 4017.1
16384 7579.9 4073
16385 7707.3 4083.9
16386 8111.8 3716.4
16387 8172.7 3678.7
16388 7964.6 3619.1
16389 8050.3 3794.2
16390 7951.7 3691.9
16391 7819.6 3592.2
16392 7734.5 3935.4
16393 1983.7 -7310.1
16394 7795.2 4025.2
16395 8025.5 3934.2
16396 7750.6 4055.1
16397 7837.8 4087.3
16398 7830.1 4125.3
16399 7959.7 4005.8
16400 7735.3 4226.1
16401 8020.4 3963.7
16402 8081.9 4053.1
16403 8259.8 3932.5
16404 1941.8 -7161.7
16405 8014.2 4087.8
16406 8224.5 3641.8
16407 8337.4 3663.6
16408 8247.4 3527.6
16409 8317.4 3892.8
16410 8496.1 3772.8
16411 8545 3845.4
16412 8435.1 3682
16413 8713.8 3607.5
16414 8459.3 3567.2
16415 303.2 1022.2
16416 2043.2 -7416.3
16417 8345.4 4057
16418 8308.5 4003.3
16419 8402.6 4021.6
16420 8617.7 3953.6
16421 8413.6 4064.8
16422 8365.9 3965.7
16423 7907.8 4141.6
16424 7808.2 4240.4
16425 306.3 -4881.4
16426 253.7 -4878.4
16427 1630.3 -7521.1
16428 298.7 -4816.9
16429 404.5 -4961.9
16430 361.5 -4928.5
16431 385.8 -5021.1
16432 1105.9 -4957.6
16433 1151.5 -4967.8
16434 1104.7 -4908.3
16435 1038.6 -4945.2
16436 746 -5048.8
16437 710.2 -4918.2
16438 1605 -7554.8
16439 702 -5074.6
16440 699 -4872.7
16441 772.2 -5243.1
16442 779.5 -5297.2
16443 700.1 -5113.6
16444 616.9 -5403.2
16445 665.8 -5483.2
16446 690.4 -5366.5
16447 329.9 -5492.4
16448 349.6 -5529.2
16449 1569.9 -7585.8
16450 353.3 -5482.3
16451 -61.2 -5659.6
16452 185 -5565.7
16453 154.2 -5640.8
16454 799.9 -5322.6
16455 703.4 -5489.5
16456 731.2 -5545.2
16457 493.1 -4815.7
16458 505.7 -4835.1
16459 548.9 -4840
16460 1586.2 -7531.5
16461 526.7 -4872.8
16462 466.6 -4862
16463 576.4 -4945.8
16464 685.3 -5091.4
16465 712 -5084.6
16466 108.7 -4916.4
16467 79.9 -4869.2
16468 153.8 -4917.5
16469 58.1 -4986.4
16470 193.8 -4944.5
16471 1532.1 -7619.4
16472 133.8 -4955.1
16473 165.9 -4861.2
16474 138.4 -4852.6
16475 207.2 -4881.1
16476 260.4 -4935.5
16477 289.2 -4958.7
16478 427.4 -5040.9
16479 313.2 -4978.1
16480 534.7 -4945.8
16481 422 -4785
16482 1388.1 -7564.5
16483 428.5 -4914.7
16484 114.8 -5087.3
16485 140 -5129.8
16486 60.1 -5102.2
16487 105.2 -5039.5
16488 99.8 -5169.9
16489 40.8 -5078.8
16490 54.2 -5058.8
16491 70.7 -4698.2
16492 112 -4663.5
16493 1359.2 -7462.2
16494 -36.6 -4583.3
16495 161 -4714.7
16496 -56.9 -4696.1
16497 -95 -4718.1
16498 -105.6 -4643.8
16499 -8.9 -4754.1
16500 5.7 -4696.5
16501 -140 -4742.7
16502 -139.3 -4670.7
16503 -185.1 -4769.4
16504 1367.7 -7512.8
16505 -92.9 -4811.3
16506 -144.8 -4846.4
16507 -45.6 -4779.1
16508 -54.1 -4864.3
16509 204.8 -4671.9
16510 208.4 -4739.2
16511 208 -4775.2
16512 245 -4761.6
16513 37 -4897.8
16514 -24.9 -5048.5
16515 1187.9 -7486.5
16516 -240.9 -4450.8
16517 -139.9 -4580.9
16518 -273.4 -4410.8
16519 -274.7 -4517.3
16520 -204.3 -4625.9
16521 -325.5 -4446.6
16522 -326.5 -4552.1
16523 -303.2 -4372.7
16524 -76.4 -4540.4
16525 276.5 -4487.2
16526 489.2 1122.2
16527 1224 -7535.8
16528 235.4 -4534
16529 317.2 -4547.8
16530 -317.7 -4241.5
16531 -264.6 -4200.8
16532 -378.8 -4277.3
16533 -248.6 -4328.8
16534 -394.2 -4140.6
16535 -459.7 -4333.5
16536 -190.2 -4282.2
16537 -11.9 -4367.1
16538 1400.7 -7617.6
16539 94.1 -4476.9
16540 30.5 -4328.4
16541 126.6 -4440
16542 -13 -4272.8
16543 -437.8 -4172.9
16544 1152.6 -4529.6
16545 1192.2 -4514.1
16546 1175.7 -4582.8
16547 1108 -4615.4
16548 1184 -4428.9
16549 1439.1 -7720.5
16550 1206.2 -4649.1
16551 1097.6 -4697.4
16552 1265 -4621.3
16553 1224.6 -4691.9
16554 1092.7 -4816
16555 1006.3 -4851.4
16556 1069.5 -4856.1
16557 1092.1 -4785.8
16558 1215.1 -4505.2
16559 1236.4 -4555.8
16560 1409.3 -7771.1
16561 1354.9 -4421.5
16562 1378.2 -4501.8
16563 1318.3 -4299.9
16564 1402.5 -4572.1
16565 1441.4 -4563.2
16566 1415.5 -4601.1
16567 1557.3 -4819.2
16568 1536 -4836.9
16569 1575.3 -4839.3
16570 1631.9 -4899.1
16571 1267.5 -7628.6
16572 1629.7 -4808.2
16573 1658.7 -4938.4
16574 1840.1 -5158.4
16575 1768.1 -5081.9
16576 1858.4 -5045
16577 1973.9 -5146.3
16578 1704.2 -5160
16579 1957.5 -5252.2
16580 998.2 -4938.1
16581 1060.6 -4880.1
16582 1332.2 -7618.1
16583 1026.8 -5017.3
16584 1314.6 -4734.7
16585 1094.8 -4728.3
16586 998.1 -4884.6
16587 1484.3 -4477.7
16588 2239.6 -5253.3
16589 2359.9 -5177.8
16590 1677.9 -5158.5
16591 1704.4 -5229.1
16592 1379.6 -5031.9
16593 1250.4 -7579.8
16594 1343.1 -5014.2
16595 1409.2 -5047.5
16596 1439 -4966.4
16597 1468.7 -4933.1
16598 1492.6 -4893.3
16599 1394.9 -4840.1
16600 1417.5 -4824.6
16601 -950.1 -3089.1
16602 -1030.5 -3079.4
16603 -929.2 -3121.8
16604 1159.8 -7671.5
16605 -1563.6 -2089.1
16606 -1695.5 -2155.2
16607 -1719.3 -2133.6
16608 -1588.1 -1992.4
16609 -1555.3 -2035.3
16610 -1520 -1933.9
16611 -3879.9 3014.3
16612 -3915.2 2980.1
16613 -3852.9 3041.6
16614 -3834.8 2933.5
16615 1266 -7677.1
16616 -3819.1 3072.7
16617 6892 4200.6
16618 -6310.4 1592.5
16619 -6286.7 1575.3
16620 -6327.4 1620.1
16621 -6022.9 1420.7
16622 -6088.2 1465.9
16623 -5955.7 1246.7
16624 -349.4 -7048.2
16625 -287.2 -7063.6
16626 1779.7 -8004.1
16627 -336.6 -7072.8
16628 227.9 -6306
16629 251.2 -6253.1
16630 -431 -6174.1
16631 -470.9 -6212.9
16632 -411.3 -6152.8
16633 -1698.3 1829.3
16634 -2185.3 443.7
16635 -3278.7 -11479
16636 -3314.1 -11424.3
16637 567.5 846.9
16638 1195.4 -7597.7
16639 -4070.7 -11884.7
16640 -4170.4 -11662.7
16641 -4250.2 -11998.8
16642 -4360.7 -12069.6
16643 -4437.4 -12120.4
16644 -4831.4 -12335.9
16645 -5002.5 -12180.7
16646 -7194.8 -6135.2
16647 -7170.6 -6103.4
16648 -7350.9 -5965.9
16649 -5279.9 -9154
16650 -7218.6 -6169.4
16651 -2936.8 2368.8
16652 -3015.1 2378.1
16653 -2825.5 2405.1
16654 -2961.2 2425.6
16655 -2969.9 2467.1
16656 -2888.2 2466.5
16657 -3010.8 2467.8
16658 -2956.9 2532.4
16659 -2908.6 2466.7
16660 -5413.1 -9306.3
16661 9473.2 5580.7
16662 9619.9 5617.3
16663 9655.6 5699.7
16664 9273.5 6021.7
16665 9525.1 6011.1
16666 9530.9 6094.1
16667 9556.5 6008.3
16668 9642.4 5979.1
16669 9874.1 5843.2
16670 9715.3 5758.9
16671 -5338.3 -9013.3
16672 9648.6 5924.9
16673 9771.9 5926.2
16674 10494.3 5732.4
16675 9995.1 5912
16676 9878.5 5941.4
16677 10087.1 5949.3
16678 10150.1 5982.3
16679 10275.2 5837.7
16680 10188.7 5850.1
16681 10339.6 5881.3
16682 -5235.2 -9224.2
16683 9674.4 6089.3
16684 9691.5 6146.2
16685 9699.1 6168.6
16686 9737.1 6430
16687 9711.2 6215.3
16688 10069 5975.1
16689 10452.7 6160.5
16690 10594.6 6232.8
16691 9752.6 6585.8
16692 9658.5 6532.2
16693 -5392.8 -8864.3
16694 9712.9 6647.4
16695 9742.5 6555
16696 10802.1 3715.1
16697 10903.1 3757.3
16698 10850.2 3663.8
16699 10983.8 3446.7
16700 11067.6 3487.2
16701 11007.7 3382.2
16702 11275 4054.5
16703 11198.3 4011.1
16704 -5428.8 -8881.8
16705 11307.4 3985.3
16706 11228.6 3952.3
16707 10704 3763.7
16708 10671.7 3770
16709 10731.6 3696.1
16710 10748.8 3663.2
16711 10662.4 3665.9
16712 10948.2 3210.3
16713 10929.5 3333.9
16714 10616.3 3620.6
16715 -5376.1 -8907.5
16716 10645.4 3424.6
16717 10621.1 3454.3
16718 10677 3460.4
16719 10636 3386.3
16720 10810.6 3134.6
16721 10783.2 3118.9
16722 10778.5 3188.8
16723 10873.9 3169.7
16724 11048.7 4290.3
16725 11016.8 4271.7
16726 -5426.1 -8772.4
16727 11065.5 4257.5
16728 11038.4 4310.5
16729 10948 4232.2
16730 10972.3 4246.2
16731 10967 4198.5
16732 10921.1 4276.8
16733 10925 4219.9
16734 10884.3 4195.2
16735 10846.3 4061.2
16736 10934.8 4110
16737 -6418.6 -4646.4
16738 10998.2 4142.7
16739 10981.2 4023
16740 10924.9 3995.1
16741 11043.2 4056
16742 11046.1 4170.2
16743 11068.6 4006.2
16744 11144.7 4109.8
16745 11094.8 3955.8
16746 11171.3 4059.5
16747 10949.2 3943.7
16748 234.1 985
16749 -6341.8 -4523.6
16750 11106.7 3932.2
16751 11033.5 3923.4
16752 11127.5 3891.4
16753 11151.2 3905.2
16754 10964.7 3888.9
16755 10970 3868.9
16756 11063.1 3852.3
16757 11570.9 4293.3
16758 11571.4 4317.2
16759 11485.4 4204.6
16760 -6430.8 -4683.7
16761 11571.8 4129.7
16762 11572.9 4068.2
16763 11574.7 4015.9
16764 11610.7 4076.7
16765 11536.3 4057.1
16766 11695.4 4103.8
16767 11739.4 4122.1
16768 10976.9 3796.9
16769 11006.7 3816
16770 11201.7 4171.8
16771 -5355.9 -8962.2
16772 10835.5 4041.8
16773 11090.3 4210.8
16774 11132.5 4132.8
16775 9628 3339.2
16776 11186.3 3927.2
16777 11268.3 3878.2
16778 10257.8 3318.5
16779 10366.7 3386.6
16780 10387.6 3269.4
16781 10506.8 3507.4
16782 -5369.4 -9025.8
16783 10581.1 3583
16784 10483.7 3486.7
16785 10535.1 3471.4
16786 9193.8 6055.5
16787 9226.2 6038.1
16788 9211 5918.2
16789 9182 6081
16790 9231.4 6070.3
16791 9213.2 6095.8
16792 327.8 1980.2
16793 -5681.8 -7365.6
16794 330.5 2015.1
16795 399.6 1960.6
16796 379.4 1938.3
16797 339.2 2109
16798 343.3 2148.7
16799 347.8 2195.8
16800 386.6 2118.5
16801 455.2 2006.4
16802 425.1 2031.1
16803 427.1 1982.3
16804 -5658.7 -7237.8
16805 506 2040.3
16806 436.5 1930.2
16807 440.7 1887.6
16808 476.5 2064.4
16809 448.6 2085.5
16810 427.8 2169.9
16811 409.7 2147.5
16812 406.7 2187.6
16813 558.9 2098.9
16814 590.6 2070.4
16815 -5718.2 -7631
16816 578.1 2123
16817 535.6 2155.5
16818 567.8 2191
16819 606.9 2159.1
16820 523.9 2233.4
16821 489 2241.1
16822 454.2 2243
16823 416.2 2246.7
16824 383 2207
16825 351.4 2241.3
16826 -6023.6 -6377.6
16827 381.7 2390.7
16828 365.1 2317.3
16829 404.3 2412.2
16830 439.3 2554.9
16831 474 2353
16832 534.8 2483.4
16833 510.1 2324.8
16834 495.3 2379.4
16835 572.5 2463.3
16836 536.8 2431.6
16837 -6129.8 -6730.5
16838 514.5 2402.9
16839 578.9 2352
16840 599.9 2378.9
16841 570.9 2402.3
16842 693.7 2302.5
16843 717.4 2330.8
16844 714.8 2285.6
16845 601.1 2440.2
16846 620.7 2465
16847 622 2406.6
16848 -5975 -6479.6
16849 775.7 2401
16850 794.8 2375.1
16851 757 2426.9
16852 756.4 2377.8
16853 732.6 2396.7
16854 736.2 2353.4
16855 685.4 2434
16856 568.7 2568
16857 590.5 2551.2
16858 548.5 2545.2
16859 167.1 945.9
16860 -6235.6 -5853.1
16861 489.8 2520.3
16862 517.1 2506.4
16863 563.7 2518.8
16864 533.7 2527.2
16865 550.8 2612.4
16866 549.9 2766.1
16867 595.2 2790.9
16868 527.4 2810.6
16869 602.4 2649.1
16870 758.3 2609.1
16871 -6279.6 -5980.8
16872 651.3 2503.7
16873 627.4 2522.4
16874 816.2 2636.4
16875 656.5 2677
16876 713.8 2706.7
16877 806.9 2756
16878 791.9 2679.1
16879 686 2629.8
16880 837.5 2701.6
16881 452.2 2889.6
16882 -6179.1 -6010
16883 570.8 2986.9
16884 567.7 2846.4
16885 614.8 2911.9
16886 628.1 3016.5
16887 923.7 2749.2
16888 -4637.4 29.9
16889 -4640.7 62.8
16890 -4681.5 62.1
16891 -4140.6 2155.1
16892 -4170.7 2123.5
16893 -6309.1 -5040.5
16894 -4126.9 2137.1
16895 -4507.7 2474.3
16896 -4447.8 2461.6
16897 10695.7 3070.9
16898 10802.2 3087.3
16899 10895.3 2947.1
16900 10984.6 2997.2
16901 10840.6 2918.6
16902 10910.7 2926.5
16903 10866.3 2985.3
16904 -6434.3 -4924.4
16905 10931.2 2898.1
16906 10986.4 2864.1
16907 10907.7 2839.5
16908 11990.7 5423.9
16909 12517.5 5717.2
16910 11594.8 6384.6
16911 11621.9 6396.9
16912 11613 6346
16913 11564.3 6373.2
16914 11731.7 7272.2
16915 -6354.6 -4898.1
16916 11810.8 7316.1
16917 11654.7 7230.8
16918 11779.7 7353.3
16919 11792.3 7376.3
16920 11934.9 7709.3
16921 11979.9 7746.8
16922 11993.8 7639
16923 11886 7776.8
16924 11895.4 7611.9
16925 12021.1 7779.3
16926 -6299.9 -5110.7
16927 12060.8 7709.7
16928 11999.2 8044.1
16929 11929.8 7973.1
16930 11905.9 8220.1
16931 11886.8 8251.6
16932 11956.4 8256.3
16933 12352.4 8575.3
16934 12386.2 8598.4
16935 12359.6 8547.8
16936 10315.1 8521.7
16937 -6277.9 -4165.8
16938 10287.2 8568
16939 10266.6 8493.2
16940 10344.9 8539.2
16941 10150 8830
16942 10165.5 8786.1
16943 9993.7 8742.8
16944 6656.9 5629.4
16945 6708 5636
16946 8483.1 4271.9
16947 8582.1 4350.9
16948 -6280.1 -4190
16949 9349 5063.2
16950 9242 5171.5
16951 9262.4 5140.4
16952 9223.3 5149.1
16953 11146.5 3528.9
16954 11088.8 3415.4
16955 11175.2 3551.1
16956 11197.8 3499.2
16957 11227.3 3586.5
16958 11297.7 3637.5
16959 -6270.4 -4123.7
16960 11202.1 3629.2
16961 11254.3 3544.8
16962 11071.3 3564.9
16963 11045.3 3586
16964 11109.8 3546.5
16965 11218.2 3485.4
16966 11315.3 3473.3
16967 11289.3 3477.4
16968 11281 3502.2
16969 11262.8 3459
16970 189.2 1045.8
16971 -6618.3 -3451.3
16972 11072 3621.5
16973 11025.8 3714.9
16974 11126.2 3657.8
16975 11413.9 3618.9
16976 11333.9 3555.9
16977 11491.1 3765.6
16978 11533.9 3800
16979 11472.2 3798.9
16980 11506.7 3696.8
16981 10791.9 2806.9
16982 -6563.4 -3538.3
16983 10658.8 2784.7
16984 10752.5 2863.5
16985 10675.4 2982.7
16986 10727 3024.8
16987 10702.6 2940.3
16988 10600.6 2911.7
16989 10540.3 2858.2
16990 10635 2879.9
16991 10768.3 3058.3
16992 10821.3 2958
16993 -6628.5 -3421.7
16994 10861.3 2878.5
16995 10880.5 2841.1
16996 11142.1 2961
16997 11080.4 3049.4
16998 10790.8 3732.3
16999 11180.5 4606.6
17000 11105.9 4426.8
17001 11224.1 4982.9
17002 11241.2 4950.6
17003 11204.9 4970.7
17004 -5490.8 -2897.4
17005 10373.7 5993.7
17006 10411.6 5934.9
17007 10344.5 5973
17008 10447.5 6042.3
17009 10647.6 6142.5
17010 10679.7 6084.8
17011 10623.9 6183.7
17012 10733.8 6171.1
17013 10516.9 6079.9
17014 10825.7 6129.2
17015 -5413.5 -2747
17016 10805.9 6191
17017 10850.8 6058.9
17018 10548.2 6020.3
17019 10719.2 6020
17020 10444.1 5889.4
17021 10468.7 5864.3
17022 10430.5 5789.1
17023 10513.5 5842.4
17024 10556.6 5843.5
17025 10601.9 5854.3
17026 -5507.5 -2929.2
17027 10578.4 5888
17028 10614.6 5768.1
17029 10628 5725.4
17030 10666.4 5763.2
17031 10620 5748
17032 10540.2 5717
17033 10873.8 5983.3
17034 10813.1 5969.7
17035 10935.6 5967.9
17036 10911.1 5874.9
17037 -2072.2 -2275.1
17038 10868.6 6205.9
17039 11024.2 5946.4
17040 11048.3 5949.4
17041 10994.4 5953.7
17042 10901.8 6074.2
17043 10727.7 5991.6
17044 10726.9 5930.7
17045 10601.9 5895.8
17046 10499.9 5922.2
17047 11218.1 5896.9
17048 -2334.5 -2349
17049 11182.5 5879
17050 11145.6 5915.7
17051 11238.2 5896.2
17052 10959.8 5767.4
17053 10942.3 5803.2
17054 10839.4 5707.4
17055 11017.3 5795.6
17056 10965.2 5960.7
17057 10923.1 5844.8
17058 11023.5 5891.7
17059 -2274.6 -2347.9
17060 10948.8 6091.5
17061 11059.8 5817.2
17062 11085.2 5767.6
17063 11042.2 5851.5
17064 11110.7 5843
17065 11315.2 5380.2
17066 10719.9 5820.7
17067 10643.2 5784.6
17068 10802 5694.8
17069 12117.3 6986.3
17070 -2089.7 -2294.2
17071 12284.3 7074.7
17072 12200.1 6829.4
17073 12149.8 6924.9
17074 12244.4 6974.4
17075 12077.9 6887.3
17076 12259.2 7001.4
17077 12203.8 7032.7
17078 12269 7029.6
17079 12128.2 7839.2
17080 12165 7764.1
17081 120.8 915.6
17082 -1823.9 -2480.4
17083 11025.7 7722
17084 11750.2 8121.5
17085 11782.9 8141.4
17086 11660 8069.2
17087 11723 8162.9
17088 11761.6 8102.2
17089 11921.6 8191.9
17090 11869.8 8193.4
17091 11628.8 8310.7
17092 11662.8 8351.2
17093 -1896.9 -2209.4
17094 11647.8 8279
17095 11590 8294
17096 11687.5 8216.4
17097 11646.8 8197.6
17098 11722.5 8242
17099 11821 8010.7
17100 11747.9 7972.6
17101 11894.8 8042.1
17102 11855.9 7960.4
17103 11782.5 8062.7
17104 -2319.4 -2374.6
17105 11869.9 7939
17106 11885 7912.7
17107 -6207.4 1911.8
17108 -6158.4 1922.7
17109 -6259.1 1901.7
17110 -6211.2 1946.4
17111 -6052.2 1945.3
17112 -6055.1 1980.9
17113 -6077.5 1939.2
17114 -6215.9 1982.6
17115 -1193.3 -3992.6
17116 -6160.1 1960.3
17117 -6238.1 2004.6
17118 -6192.3 2014.5
17119 -6006.5 1990.2
17120 -6014.7 2087.4
17121 7854.4 4332.8
17122 7842.1 4310.5
17123 7076.1 4116.6
17124 -6326.5 1977.9
17125 -6312.2 1999.1
17126 -1270.1 -4001.1
17127 -1898.5 -1509.7
17128 -1853.7 -1291.7
17129 -2783 -288
17130 -2828.3 -261.8
17131 -2094.5 -306.5
17132 -2306.7 -390.8
17133 -2228.9 -355.8
17134 -1720.4 -1295.7
17135 -1816.5 -1358.4
17136 -2064 -826.4
17137 -1223 -3920
17138 -1954.2 -1058.8
17139 -1890 -1667.3
17140 -1936.7 -1657.2
17141 -2154.3 -704.5
17142 -3504.9 -412.8
17143 -4003.8 -529.1
17144 -2643.1 -342.9
17145 -2819.4 -301.1
17146 -2935.1 -295
17147 -1500.7 199.3
17148 -1098.5 -3972.2
17149 -1281.3 154.8
17150 -1450.9 153.7
17151 -1469.5 105.9
17152 -503.8 -731.3
17153 -524.3 -900.8
17154 -826.7 -754.8
17155 -832 -725.2
17156 -812.7 -731.7
17157 -626 -746.7
17158 -714 -1071.6
17159 -912.2 -4113.3
17160 -839.1 -677.5
17161 -857.4 -729.4
17162 -760.2 -738.2
17163 -636.6 -1038.3
17164 -630.3 -922.9
17165 -606.7 -975.7
17166 -3667.4 -559.4
17167 -3964.5 -575.5
17168 -3929.3 -503.1
17169 -3946.5 -539.2
17170 -1045.9 -4265.6
17171 -3608.8 -544.4
17172 -3707 -819.5
17173 -3632.4 -855.6
17174 -3736.1 -805.3
17175 -3742.3 -885
17176 -3670.9 -924.5
17177 -3959.4 -520
17178 -4180.5 -553
17179 -3915.4 -716.4
17180 -4197.8 -654.1
17181 -872.7 -4101.9
17182 -3629.2 -454.2
17183 -114 -5971.2
17184 -180.3 -5989.8
17185 -142 -5918.6
17186 -201.4 -5943.9
17187 -259.8 -6028.5
17188 -161.8 -5586.3
17189 -62.7 -6070.1
17190 2.1 -6036.7
17191 -39 -6111
17192 78.6 886.1
17193 -900.9 -4083.4
17194 -124.9 -6109.7
17195 -176.4 -6160.5
17196 -145.7 -6191.1
17197 -196.4 -6115.8
17198 -213.5 -6200.3
17199 -65.9 -6271.5
17200 -24.1 -6244.3
17201 -340.5 -6087.1
17202 -544.7 -5835.1
17203 -7.2 -6256.1
17204 -957.9 -4046.1
17205 -59.5 -6208.5
17206 25.5 -6079.8
17207 30.1 -6027.1
17208 -30.7 -6016.1
17209 120.3 -6077.6
17210 135.2 -6157.1
17211 -106.7 -6155.9
17212 -65.1 -6128.4
17213 -25.9 -6164.2
17214 -140.3 -6072.5
17215 -840.1 -4121.8
17216 47 -6286.8
17217 119.2 -6267.7
17218 86 -6229.1
17219 132.3 -6247.4
17220 157.7 -6211
17221 162.4 -6116.7
17222 148.5 -6101
17223 172.9 -6099.9
17224 321.9 -5976.3
17225 333.6 -5998.1
17226 -580.5 -4177.1
17227 309.2 -5913
17228 399.7 -6134.4
17229 385.8 -6104.7
17230 436.2 -6117
17231 107.1 -6043.2
17232 246.7 -6232
17233 -62 -5936.6
17234 183.6 -7463.4
17235 200.6 -7497.3
17236 142.8 -7460.4
17237 -538.4 -4176.4
17238 144.3 -7377.2
17239 233.3 -7479
17240 -362.5 -7097.7
17241 -442.4 -7169.8
17242 -467.7 -7186.7
17243 -429 -7196.9
17244 -253.1 -7418
17245 -279.6 -7382.9
17246 -166.7 -7419.6
17247 -300 -7471.7
17248 -2001 -2124.5
17249 -712.1 -6810
17250 -689.6 -6846.7
17251 -744.6 -6880
17252 -331.2 -7426.2
17253 -278.8 -7522.9
17254 -192.2 -5866
17255 -212.6 -5888.3
17256 -165 -5836.7
17257 -119 -5897.2
17258 -281.2 -5983.9
17259 -1860 -2397.8
17260 -230.9 -5909.6
17261 -302.9 -5992.8
17262 -74.6 -5883.2
17263 8760.8 4829.2
17264 8784.4 4775.9
17265 8881.9 4824.7
17266 8704.7 4741.9
17267 8810.5 4853.5
17268 8855.1 4875.3
17269 8692.2 4768.5
17270 -1993.6 -2094.1
17271 8737.2 4682.7
17272 8952.4 4691.4
17273 8681.3 4790.4
17274 8596.4 4727.1
17275 8549.4 5048.8
17276 8661.2 5129.3
17277 8599.1 4959.5
17278 8807 5194.7
17279 8690.8 4506.6
17280 8659.8 4582
17281 -1927.5 -2248.7
17282 8704.3 4461.3
17283 8469.6 5010.6
17284 8451 5040
17285 8900.5 4900.4
17286 8921.6 4861.5
17287 9006.8 4945.5
17288 9031.9 4904.6
17289 9060.6 4857.6
17290 8938.7 4829.9
17291 8999.7 4733.5
17292 -2026.6 -2082.3
17293 8818.6 4568.1
17294 8635.7 4880.5
17295 8735.1 4816.7
17296 8945.3 5043.1
17297 8977.4 5063.1
17298 8921.4 5080.8
17299 8964.3 5013.3
17300 9031.6 5096.5
17301 9081.2 5122.4
17302 9082.5 5002.8
17303 476.8 -1284.4
17304 38.8 938.4
17305 -1975.7 -2015.8
17306 9024 5195.6
17307 9125.2 5032.6
17308 9117.7 5134.7
17309 8980.2 5230.8
17310 9060.6 5214.3
17311 8833 5210.9
17312 8898.3 5117
17313 8895 5244.6
17314 9191.7 4909.8
17315 9149.7 4876.9
17316 -2078.7 -2049.5
17317 10716 6357.2
17318 10692.8 6319.5
17319 10850.7 6438.1
17320 10426.8 6080.8
17321 10400.2 6124.2
17322 10319.2 6013.5
17323 10176.8 5916.3
17324 10842 5886.8
17325 8268.2 4927.6
17326 8483.7 5066.9
17327 -1429.3 -2861.8
17328 8400.7 5021.5
17329 8336.8 4987
17330 8339.7 5130.3
17331 8259.7 4948.7
17332 7823.1 4690.1
17333 8077.7 5537.5
17334 8108.2 5486.9
17335 8055 5599.8
17336 8228.9 5543
17337 8749.6 4504.2
17338 -1812.5 -2471.6
17339 8767.2 4630.1
17340 9086.2 4818.5
17341 9066.2 4794.6
17342 8987.6 4975.7
17343 8727.8 4476.1
17344 8667.3 4425.8
17345 9396.6 3467
17346 9417.3 3497.1
17347 10992.2 1766.7
17348 11013.8 1798.3
17349 -1840.7 -2409.4
17350 9798.8 759.5
17351 10726.1 11855.5
17352 10622.5 11926
17353 10709.5 11791.1
17354 -4614.5 2818.9
17355 -4357.7 1762.4
17356 -4337.9 1809.2
17357 -4325.9 1757.8
17358 -4319.4 1823
17359 -4022.9 3442.4
17360 -1945.4 -1873
17361 -4055.1 3431.8
17362 -4075.7 3488.2
17363 -4189.5 2922.9
17364 -4235.7 2858
17365 -4171.6 2904.2
17366 -4223.2 2956.5
17367 -4030.6 3187.7
17368 -4274.7 2827.8
17369 -4304.5 3421.1
17370 -4125.7 2932
17371 -1925.3 -1816.5
17372 -4271.9 2899
17373 -4289 3035.7
17374 -4338.6 3017.4
17375 -4264.8 2999.6
17376 -4111.5 2849.5
17377 -3857.9 3213.6
17378 -3832.9 3178.1
17379 -3882.3 3244.3
17380 -3818 3288.7
17381 -3843.8 3330.3
17382 -1982.9 -1977.4
17383 -3794 3252.7
17384 -3951.3 3393.5
17385 -3928.2 4212.4
17386 -4020.7 4194.4
17387 -3988 4291.5
17388 -4631.8 2891.3
17389 -4577.3 2911.9
17390 -4654.7 2955.8
17391 -4616.9 2855
17392 -4606.7 2973.7
17393 -2245.5 -1924.7
17394 -4551.5 2993.9
17395 -4588 2937
17396 -4625.6 3014.3
17397 -4739.2 3104.1
17398 -4699.8 3127.6
17399 -4559.5 2874.5
17400 -4511.5 2892.9
17401 -4534.1 2954.5
17402 -4492.3 2963.4
17403 -4416.8 3203.9
17404 -1910.4 -2153.6
17405 -4448.8 3208.6
17406 -4397 3507.3
17407 -4579 3028.4
17408 -4642.9 3053.1
17409 -4495.5 3051.6
17410 -4454.8 2971.1
17411 -4527.8 3037.9
17412 -4498.1 3094.1
17413 -4628.2 3185.6
17414 -4628.4 3326.7
17415 20.4 845.8
17416 -1944.5 -2120.6
17417 -4690.6 3092.2
17418 -4672.3 3268.3
17419 -4692.6 3334
17420 -4635.3 3280.3
17421 -4722.5 3253.5
17422 -4738.1 3324.3
17423 -4748.3 3359.1
17424 -4574.2 3076.9
17425 -4663.9 3136
17426 -4598.6 3061.9
17427 -1853.2 -2165
17428 -4640.8 3351.1
17429 -4626.4 3159.5
17430 -4842.1 4007.7
17431 -4874 3973.1
17432 -4776.9 4071.1
17433 -4769 3998.3
17434 -4735 4007.9
17435 -4698.2 3933.8
17436 -4460.1 3107.4
17437 -4431.7 3120.5
17438 -1754.9 -2122.2
17439 -4571.2 3115
17440 -4854.3 3816
17441 -5474.1 1694.5
17442 9886.3 7474
17443 10007 7541.6
17444 9768.5 7402.3
17445 9954.5 7351.9
17446 9846.3 7543.4
17447 9546.4 8090.4
17448 9421.1 8017.4
17449 -1330.7 -2943.1
17450 9731.6 8197.5
17451 9680 7842.3
17452 9368.4 8399.5
17453 8759.5 5994.2
17454 8788 6010.3
17455 8698.3 5957.4
17456 6819.1 4361.6
17457 6798.4 4355.4
17458 6797.2 4406.3
17459 6915.4 4514.3
17460 -1184.1 -3058.5
17461 6939.5 4465.3
17462 6891.8 4564.9
17463 6777 4445.4
17464 6988.9 4550.5
17465 6868.4 4612.7
17466 6728.6 4542.3
17467 6978.9 4667.1
17468 6851.4 4644.7
17469 7012.2 4501.5
17470 6959.9 4424.6
17471 -566.9 -4129
17472 6872 4250.9
17473 6921.8 4276.6
17474 6882.3 4229.4
17475 6842.7 4310.4
17476 6954.4 4714.1
17477 6943.2 4738.7
17478 6861.4 4760.3
17479 7321.3 4485.6
17480 7273.1 4574.5
17481 7347.9 4438.1
17482 -605.3 -4046.7
17483 7280.8 4464.6
17484 7153.8 4521.7
17485 7186.2 4536.7
17486 7198.6 4421
17487 7107.8 4498.6
17488 7135.2 4563.6
17489 6929.1 4408.5
17490 6873 4380.3
17491 6974.8 4304.9
17492 6750.7 4494.7
17493 -498.4 -4178.3
17494 6688.7 4625.3
17495 6965.3 4602.7
17496 6892.8 4778.3
17497 6813.2 4735.8
17498 6919.8 4784.7
17499 6878 4805.2
17500 7172.3 4578
17501 7089.9 4668
17502 7234.6 4556.9
17503 6671.1 4454.2
17504 -412.5 -4111.6
17505 6527.4 4736.6
17506 6588.3 4414.3
17507 7184.9 4713.1
17508 7219.8 4670.6
17509 7254.4 4759.5
17510 6987.4 4370.7
17511 7060.2 4405.7
17512 7008.5 4323.9
17513 7001.5 4622.9
17514 7039.3 4640.6
17515 -526.3 -4209.6
17516 7070.1 4478.9
17517 7082.6 4359.5
17518 7032.1 4460.7
17519 7159.9 4395.4
17520 7099.8 4728.5
17521 6607.7 4783.5
17522 7018.5 4780.5
17523 7121.6 4377.3
17524 7231.5 4443.2
17525 7121.8 4682.8
17526 -4.2 829.3
17527 -450.5 -4378.1
17528 7253.3 4612.1
17529 6855.5 4936.9
17530 6895 4963.4
17531 6818.3 4911.4
17532 6790.7 5071.5
17533 6411.3 4995
17534 6457.2 5007.4
17535 6490.3 5045.9
17536 6377.6 4987.3
17537 6290.6 4945
17538 54 -5167.8
17539 6272.4 5013.9
17540 6501.2 5016
17541 6547.5 5029.3
17542 6248.6 5106.9
17543 6738.1 4864.6
17544 6717.2 4890.8
17545 6642.7 4804.5
17546 6633.7 5056.6
17547 6646.7 5030.5
17548 6589.9 5041.5
17549 16.8 -5099.7
17550 6677.8 5082.7
17551 9588.3 10321
17552 9460.7 10182.9
17553 9422 10232.4
17554 9479.4 10298.3
17555 9533.4 10095.4
17556 9768.5 10305.3
17557 9751.7 10293.7
17558 9828 10342.6
17559 9729.7 10373.4
17560 17.9 -5190.2
17561 9656.6 10470.2
17562 9380.6 10270.3
17563 9649.5 10223.5
17564 9595.2 10176.1
17565 9642.9 10440.4
17566 9551.1 10548.7
17567 9608 10409.5
17568 9567.5 10378
17569 9517.5 10339.9
17570 9781 10408.9
17571 149.7 -5574.6
17572 9810.9 10412.7
17573 9427.7 10299.7
17574 9671.1 10317.5
17575 9639.6 10361.1
17576 9683.1 10395
17577 9848.4 10355.7
17578 9478.6 10391.6
17579 9563.2 10139.5
17580 10307.8 10555.2
17581 10297.4 10581.8
17582 236.6 -5988.1
17583 10311.2 10515.8
17584 10013.6 10532.1
17585 9983.6 10507.2
17586 10030 10509
17587 10072.5 10565.8
17588 9925.3 10466.5
17589 9895.1 10497.6
17590 10092.3 10537.9
17591 10278.5 10600.1
17592 10256.2 10560.5
17593 241.7 -6164.7
17594 10331.3 10605.3
17595 10043.7 10489.8
17596 10020.8 10445.9
17597 10007.2 10473.1
17598 9679.9 10739.7
17599 9727.2 10767.3
17600 9653.8 10799.6
17601 10275 10427
17602 10251.2 10392.4
17603 10358.4 10388.4
17604 206.5 -5870.3
17605 10306.3 10483.8
17606 10383 10573.6
17607 9189.5 11439.6
17608 9172.7 11409.4
17609 9235.4 11336.1
17610 8647.2 11471.5
17611 8603.6 11498.7
17612 8686.1 11439.5
17613 8725.4 11562
17614 9380.9 10940.3
17615 235.9 -6198.5
17616 9294.2 10896.7
17617 9472.8 10772.7
17618 9495.3 10724.2
17619 9535.5 10796.9
17620 9529 11309.8
17621 9452 11273.9
17622 9455.5 11449
17623 8687 11597.2
17624 8726.1 11418.9
17625 8752.7 11405
17626 188.4 -6162.8
17627 8761.1 11457.7
17628 9334 11037.5
17629 9313.8 11072.8
17630 9358 10978.1
17631 9441.4 10837.2
17632 9458.9 10801.4
17633 9421.8 10872.5
17634 9170.2 11165.2
17635 9148.3 11177
17636 9193.1 11152.8
17637 -25.2 814.8
17638 866.5 -8682.5
17639 9139.5 11127.3
17640 9041.5 11218.5
17641 9094.2 11201.5
17642 8536 11433.3
17643 8862.9 11314.1
17644 8941 11092.2
17645 8762.8 11528.1
17646 8813.9 11359.5
17647 9410.7 10890.3
17648 9491.7 10934.2
17649 864.5 -8707.5
17650 9502.8 11511.8
17651 9408.4 11491.6
17652 11223 7637.3
17653 11350.3 7634.4
17654 11189.5 7691.2
17655 12212.6 7397.3
17656 12271.4 7432
17657 12227.3 7370.2
17658 12157.1 7512.1
17659 12128.4 7596.4
17660 881.2 -8657.6
17661 12063.8 7558
17662 12162.6 7616.7
17663 12073.8 7685.2
17664 12046.8 7464.7
17665 11951.8 7615.1
17666 12005.1 7436.1
17667 12204.5 7701.3
17668 12404.4 7379.7
17669 12095.5 7294.8
17670 12139.8 7318.7
17671 746.9 -8010.2
17672 12081.2 7320.5
17673 12136.5 7233.4
17674 12057.5 7272.6
17675 11838.6 7477.4
17676 11818.6 7510.1
17677 11869.2 7558.9
17678 11835 7449.5
17679 12150.4 7544.3
17680 12084.2 7509.2
17681 12199.6 7572
17682 -5857.6 -252.2
17683 11076.1 7751.4
17684 11131.4 7784.8
17685 11161 7740.6
17686 12245 7632.9
17687 11251.4 7581.8
17688 12186.4 7347.3
17689 12265.1 7301.4
17690 11907.9 7591
17691 11733.4 7455.1
17692 11788 7564.9
17693 -5766.6 -194.1
17694 12067.4 7346
17695 11812.4 7584.4
17696 11787.2 7619.2
17697 11700.4 7509.1
17698 12019.6 7652.7
17699 12178.2 7255.1
17700 11734.1 7698.8
17701 11771.3 7718.3
17702 11222.2 7838.2
17703 11078 7631.6
17704 -5791.5 76.9
17705 12226.7 7281.2
17706 12031.2 7295.2
17707 11960.9 7410.6
17708 11970.4 7268.7
17709 12343.2 7476.4
17710 12080.6 7477.1
17711 11910.2 7497.9
17712 11690 7420.8
17713 12103 7436.7
17714 11903.9 7372.2
17715 10280.1 306.2
17716 12656.4 7943.3
17717 12678.4 7956.5
17718 12654.2 7996.7
17719 12218.9 7674.4
17720 12303.2 7616.3
17721 13398.8 7967.4
17722 13256.8 8100.7
17723 13311.1 8082.7
17724 13195.9 8104.7
17725 11840.6 7332.4
17726 10583.6 86.6
17727 13432.1 8025.7
17728 13450.9 8054.5
17729 13488.4 7991
17730 13376.2 8059.9
17731 12485.9 7563.6
17732 12523.8 7552.4
17733 12444.9 7585.4
17734 13507.4 8019
17735 13395.1 8091
17736 12464.1 8032.2
17737 10768.8 -65.9
17738 12311.6 7525.9
17739 13524.7 7968.1
17740 12510.7 7691.7
17741 12412.2 7683.6
17742 13586.2 7928.3
17743 12975.4 7862.4
17744 12667.6 8043.1
17745 12641.6 8051.6
17746 12720.5 8055.8
17747 12335.1 7636
17748 -51.2 796.5
17749 11053.9 -112.6
17750 12268 7598.6
17751 13404.3 7849.8
17752 13339 8126.6
17753 13231.2 8056.9
17754 12290.4 7563.5
17755 11899.3 7224.6
17756 13643.4 7891.5
17757 13673.3 7936.1
17758 13739.1 7828.8
17759 13025.6 7866.5
17760 10755 -177.6
17761 13070.2 7833.3
17762 12581.7 8067.3
17763 12599.2 8129.2
17764 12568.1 8019.1
17765 12540.7 8114.4
17766 12654.2 8105.1
17767 13109.8 7869.3
17768 12741.7 8018.8
17769 13615.6 7974.6
17770 11826 8454.4
17771 10684.8 499.8
17772 11931 8515
17773 11836.3 8437.2
17774 11907.1 8558.1
17775 12008.2 8589.6
17776 12047.9 8522.5
17777 11962.7 8561.3
17778 11871.1 8371.1
17779 11979.8 8421.5
17780 11848.3 8414.1
17781 11898 8332.7
17782 10581.5 297.3
17783 12002.9 8376.4
17784 11954.5 8470.1
17785 11907.3 8757.3
17786 11918.1 8537.6
17787 12002.7 8497.7
17788 11894.6 8297.3
17789 11789.5 8412
17790 13180.2 8157.7
17791 13217 8135
17792 13133.2 8184.8
17793 10605.6 354.2
17794 13204.2 8192.8
17795 13108.1 8247.6
17796 13137.5 8212.7
17797 13076.3 8282.7
17798 13067.1 8212.6
17799 13241 8167.9
17800 13169.3 8213.5
17801 12584.1 6805.1
17802 12567.1 6749.6
17803 12694.1 6865.1
17804 10569.7 367.6
17805 12496.5 6952.7
17806 12642.5 7037.4
17807 12699.8 7056.6
17808 12590.9 7169.3
17809 12793.8 6848.5
17810 12752.6 6924.5
17811 12847.1 6879
17812 12749.4 6824.3
17813 12445.8 6784.5
17814 12470.1 6794
17815 10577.4 194.1
17816 12399.6 6765
17817 12426.7 6828.9
17818 12608.2 7021.3
17819 12545.6 6980.2
17820 12679.6 6890.9
17821 12524.2 7020.8
17822 12887.8 6841.9
17823 12928.5 6755.4
17824 12866.6 6889.5
17825 12741.9 6771.5
17826 10634.2 427.6
17827 12403.8 7115
17828 12740.8 7066.8
17829 12770.8 7016.7
17830 12800.2 7085.1
17831 12708.9 6830.3
17832 12752.6 7173.2
17833 12599.3 6766.6
17834 12547.7 6728.9
17835 12710.1 6996.3
17836 12660.1 6983.2
17837 10605.8 442.8
17838 12413.4 6729.3
17839 12721.2 6806.9
17840 12805.9 6955.7
17841 12706.4 6899.5
17842 12400 6893.7
17843 12488.6 6856.3
17844 12765.5 6724.9
17845 12790.2 6671
17846 12883 6727.6
17847 12356.8 6865
17848 10816.5 658.2
17849 12651.9 6797.2
17850 12179.9 6433.8
17851 12144 6493.7
17852 12216.8 6464.9
17853 12112.6 6392.5
17854 12626.7 7186.8
17855 12650.6 7197
17856 12605.8 7225
17857 12158 6733.9
17858 12107.7 6708.9
17859 -236.2 666.8
17860 10767.3 596.3
17861 11705.9 6244.1
17862 11729 6136.6
17863 11654.6 6244.1
17864 11818.7 6140.4
17865 11681.5 6173.9
17866 11767.3 6478
17867 11735.5 6456.2
17868 11783.8 6450.7
17869 12006.3 6670.5
17870 11307.6 6091.1
17871 10727.7 730.3
17872 11265.3 6068.6
17873 11346.8 6111.8
17874 11360.1 5986.8
17875 11265.1 6191.7
17876 11156.3 6151.4
17877 11177.6 6103.4
17878 11135.3 6206.4
17879 11062 6126.5
17880 12576.2 7274.4
17881 12655.6 7320.7
17882 10879.9 743.4
17883 12549.9 7321.3
17884 12050 6507.8
17885 11957.2 6452.8
17886 12030.3 6544.5
17887 12078.3 6454.1
17888 12706.9 7148.2
17889 12682.9 7134.9
17890 11400.5 6008.2
17891 11387 6132.7
17892 11872.5 6312.4
17893 10719.7 539.1
17894 11838.6 6292.5
17895 11904.1 6330.7
17896 11851.3 6357.9
17897 11765.7 6108.1
17898 11592.7 6160.4
17899 11306.9 5960.2
17900 11330.7 5898.2
17901 11269.3 5941.4
17902 11658 6192.3
17903 11856.4 6161.3
17904 10793.1 811.3
17905 11904.3 6421.7
17906 11986.3 6399.4
17907 12717.1 7222.5
17908 11115.4 5992
17909 10997.3 6106.9
17910 13107.6 8164.8
17911 13059.8 8127.2
17912 13119.8 8097.6
17913 13057.4 8059.7
17914 11651.9 6222.4
17915 10959 949.6
17916 12683.9 7270.9
17917 11208.5 6038.8
17918 11626.1 6191.1
17919 10971.7 6195
17920 12211.4 6606.5
17921 12627.3 7369.3
17922 10752.5 5852.7
17923 11433.4 6155.7
17924 11293.3 5895.8
17925 12614.4 7392.1
17926 10925.6 976.5
17927 12568.2 7333.1
17928 11279.8 5815.4
17929 12181.6 6616.3
17930 11660.6 6097.7
17931 11529.9 6093.8
17932 11689.6 6052.7
17933 12676.5 7207.1
17934 13024.8 7894.4
17935 11455.5 8194.8
17936 11397 8145.5
17937 11002.9 1008.8
17938 11425.4 8242.9
17939 11487.2 8222.4
17940 11502.4 8182.2
17941 11287.3 8001.6
17942 11309.4 8016.5
17943 11257.7 8050.3
17944 11852.9 7893.6
17945 11864.8 7873
17946 11173.9 8060.5
17947 11229.6 8093.2
17948 10972.1 1033.2
17949 11210.8 8000
17950 11164.4 8078.6
17951 11686.5 8014.6
17952 11550.5 8010.6
17953 11965.6 7899.6
17954 11399.3 7932.1
17955 11437.2 7951.8
17956 11361.5 7911
17957 11333 8028.4
17958 11625.1 8111.5
17959 11086 1122.8
17960 11676.9 8139
17961 11540.3 8259.4
17962 10860.7 7760.8
17963 11219.3 8110.4
17964 11319.5 7946.7
17965 11976.5 8085.8
17966 11962.6 8113.6
17967 11169.2 7976.4
17968 11226.5 7973.4
17969 11143.1 7854.7
17970 -165.5 385.9
17971 11062.5 1142.1
17972 11699.3 7988.5
17973 11718.1 7956.2
17974 11649.8 7966.5
17975 11953.5 7812.4
17976 11874.3 8109.3
17977 11312.9 7884.3
17978 11510.1 8083.1
17979 11450.6 8048.7
17980 11518.7 8145.3
17981 11185.5 7950.4
17982 11139.1 1177.5
17983 11254.6 7922.2
17984 11369.5 8061.4
17985 11424.9 8093.3
17986 11397.2 8018.5
17987 11336.9 8110.7
17988 12378.2 6956.4
17989 10902.2 7838.2
17990 10988 7877.6
17991 11889.1 7835
17992 11914.4 7791.7
17993 11111.5 1200.6
17994 11295.9 8088.1
17995 11305 8161.8
17996 11798.4 7732.8
17997 11682.9 7897.5
17998 10833.8 7807.9
17999 10605.2 7878.6
18000 10635 7828.1
18001 10685.9 7924.2
18002 11574.7 7971.1
18003 11509.8 7987.6
18004 11199.6 1250.5
18005 10668 7772.8
18006 10532.2 7837.3
18007 11949.1 8140.3
18008 12250.8 8435.3
18009 12292.3 8336.4
18010 12309.3 8470.6
18011 12183.7 8405.4
18012 12283.2 8566.3
18013 12299.3 8505.9
18014 12341.3 8366
18015 11173.9 1276.7
18016 12361.4 8295
18017 12320.9 8429.6
18018 12156.6 8274.5
18019 12242.4 8307.7
18020 12452.6 8353.8
18021 12494.4 8368.7
18022 12190.1 8462.8
18023 12171.4 8469.3
18024 12399 8692.7
18025 12613.2 8555.2
18026 11286.8 1288.5
18027 12557 8492.7
18028 12454.5 8593.8
18029 12312.5 8263.8
18030 12444.5 8451.9
18031 12315.5 8179.6
18032 11805.3 9440.6
18033 10786.4 8717.3
18034 10821.2 8738.4
18035 10810.4 8683.6
18036 11288.3 8993
18037 10883.7 1011.3
18038 11129.6 9016.7
18039 11213.6 9045.4
18040 11753.5 8473.7
18041 11824.2 8356.4
18042 11762.3 8375.4
18043 12274 7743.7
18044 11001 8959.8
18045 11032.2 8898.4
18046 10961.5 8951.1
18047 11066.6 8987.9
18048 11158.1 1260.1
18049 11724.6 8347
18050 11750.1 8273.8
18051 11397.6 8277.1
18052 11326.4 8252.4
18053 11392.9 8334.1
18054 11346.7 8194.4
18055 11104 8779.5
18056 11195.4 9055.4
18057 11010.4 9149.3
18058 10919.2 8763.3
18059 11112 1295.8
18060 10945.1 8718.4
18061 10903.5 8790.5
18062 10899.3 8751.1
18063 10977.8 8795.4
18064 10999.1 8755.5
18065 11688.7 8387.6
18066 11636 8390.2
18067 11503.8 8298.3
18068 10851.3 8757.8
18069 10870.5 8844.3
18070 11363.6 1543.9
18071 12366.3 7655.5
18072 10960.6 8831.4
18073 10864.6 8730.4
18074 10796.8 8096.5
18075 11480.8 7915.4
18076 11512.7 7931.3
18077 11341.3 7834
18078 11475.1 7851.8
18079 11460.3 7962.8
18080 11597.8 7754.3
18081 -372.8 568.8
18082 11296.3 1432.4
18083 11678 7798.9
18084 11511.5 7773.7
18085 11663.4 7825.7
18086 11488.3 7977.7
18087 10770.9 8140.4
18088 10857.4 8098.5
18089 11539 7724
18090 11539.4 7659.8
18091 10488.5 8057.8
18092 10932.8 8139.2
18093 11314.4 1573.3
18094 10894.2 8118.6
18095 11691.9 7774.3
18096 11000.1 7849.8
18097 11110.7 7908.7
18098 11282.2 7871.6
18099 10964.4 8159.5
18100 11081.3 8225.4
18101 10941.6 8197.9
18102 10927.2 7994.7
18103 10982.4 8025.7
18104 11436.3 1669
18105 11528.1 7950.5
18106 10875 8253.3
18107 11770.9 8257.3
18108 11786.6 8286.3
18109 11839.7 8264.8
18110 11593.5 7942.1
18111 11576.9 7355.6
18112 11556.6 7388.7
18113 11606.4 7308.1
18114 11395.3 7251.2
18115 11402.9 1521.2
18116 11435.5 7461.1
18117 11348.5 7490.7
18118 11769.1 8324.4
18119 10830.8 8228.5
18120 11062.8 8070.9
18121 11802.9 8334.8
18122 11101.1 7939.4
18123 13406.6 6786.3
18124 13368.4 6755.9
18125 11332.9 7086
18126 10629.2 610.9
18127 11362.6 7034.1
18128 11309.9 7127
18129 11264.6 7102.2
18130 11135.4 6869.6
18131 11420.4 6930.8
18132 11493.9 6975.2
18133 11446.7 6891.2
18134 11377.3 7007.3
18135 11619.2 7169.4
18136 11552.8 7131.5
18137 10676.6 669.1
18138 11632.4 7202.6
18139 11589.5 7059.6
18140 11584.8 6982.5
18141 11560.5 7015.3
18142 11616.9 7010.2
18143 11597.7 6944.3
18144 11486.8 7094.3
18145 11509.8 7062.9
18146 11464.1 6863.8
18147 11533.5 6906.7
18148 10683.4 567.4
18149 11500.1 6800.8
18150 11279.4 7180.2
18151 11600.8 7039.6
18152 11638.3 7007.8
18153 11597.7 6859.1
18154 11444.6 6768
18155 11516.3 6771.6
18156 11275.3 6984.8
18157 11211.7 6948.6
18158 11186.2 7126.7
18159 10680.5 769.1
18160 11227.9 6925.3
18161 11355.5 6916.7
18162 11264.7 6862.8
18163 11388.6 6858
18164 11179.5 6999
18165 11644.3 6981.6
18166 11626.8 6874.5
18167 11697.9 6916.8
18168 11235.7 7154.4
18169 11143.4 6794.4
18170 11017.8 1372.8
18171 11170.4 6809.1
18172 11110 6772.7
18173 11214.7 6835
18174 11248.1 6889.3
18175 11295.6 6806.3
18176 11202.4 6754.2
18177 12122.1 7169.1
18178 11112.4 6261.4
18179 11041.1 6179.2
18180 11231.9 6289.1
18181 10968.2 1287.5
18182 11185.6 6386.6
18183 11205.8 6282.9
18184 11298.2 6305.3
18185 11017.4 6239
18186 11136.8 6368.3
18187 11180.5 6277.3
18188 11154.9 6271.2
18189 11242.2 6406.9
18190 11351.5 6318
18191 11146.7 6090.6
18192 -459.4 487.2
18193 10970.5 1411.2
18194 10899.4 5645.9
18195 10962 5614.4
18196 10959.6 5674.8
18197 11215.7 5801.4
18198 11348.6 5772.6
18199 11174.4 5790
18200 11142.8 5859.2
18201 11134.6 5780.5
18202 10924.4 5726.8
18203 10823.6 5684
18204 11038.4 1355.7
18205 10967.3 5737.7
18206 11036.9 5754.5
18207 11466.7 6240.3
18208 11556.4 6262.1
18209 11423.9 6230
18210 11491.2 6194.3
18211 11537.2 6310.9
18212 11398.5 6279.8
18213 11582 6328.8
18214 12681.1 8117.9
18215 11065 1467
18216 12747 8073.1
18217 12509.9 8098.2
18218 12346.5 8199
18219 12787.5 8044.9
18220 12361.5 8099.5
18221 12606.2 8154.3
18222 12627.6 8219.3
18223 11064.7 8504.7
18224 11001.8 8474.1
18225 11129.4 8529.7
18226 11559.2 1877.9
18227 11093.8 8459.6
18228 11041.5 8546.3
18229 11267.7 8413.2
18230 11281.2 8389.7
18231 11226.3 8391.1
18232 11331.8 8446.4
18233 11452.1 8371.7
18234 11376.8 8363.8
18235 11323.3 8291
18236 11269.3 8553.8
18237 11503.2 1905.2
18238 11328 8577.4
18239 11185.1 8509.7
18240 11318.9 8470.5
18241 11233.8 8596.6
18242 11310.4 8329.7
18243 11286.3 8331.8
18244 11227.9 8231.9
18245 11176.2 8201
18246 11211.6 8259.3
18247 11141.9 8269.1
18248 11605.2 1958.8
18249 11116.5 8254.2
18250 11186.3 8288.6
18251 11159.6 8239.3
18252 11115.6 8314.7
18253 10957.4 8450.5
18254 11018.3 8587.9
18255 11101.7 8577.3
18256 11226.1 8297.9
18257 11343.4 8425.2
18258 11149.8 8345.3
18259 11504 1782.8
18260 10679 8737
18261 10595.2 8752.1
18262 10393.9 8568
18263 10462.2 8452.4
18264 10370.8 8554.4
18265 10703.3 8775
18266 10738.5 8646.5
18267 10323.1 8399.4
18268 10299.3 8438.5
18269 10361.3 8421.7
18270 11594.8 1853.6
18271 10249.9 8357.6
18272 13023.8 8170.1
18273 12990.4 8139
18274 12992.9 8212.8
18275 13035.6 8245.9
18276 13015.1 8276.8
18277 10423 8585.1
18278 10370 8674.6
18279 10231.7 8473.2
18280 13049.7 8312.1
18281 11756.8 2235.3
18282 13024.1 8099.2
18283 12928.1 8106.7
18284 12948.5 8137
18285 12885.5 8069
18286 12884.9 8144.5
18287 12490 8398.2
18288 12109.5 8134.4
18289 12196.9 8174.8
18290 12036.4 8212
18291 12869.3 8056.9
18292 11513.5 2078.5
18293 12830.7 8090.2
18294 12866.8 8123.9
18295 11984.5 9008.3
18296 12596 7445.6
18297 12621 7401.5
18298 12513 7415.2
18299 12560.7 7505.7
18300 10906.7 10274.6
18301 10534 10313.2
18302 10575.3 10338
18303 -405.9 574.7
18304 11548.4 2329.7
18305 10498.3 10275.3
18306 10472.9 10401.3
18307 10875.5 10156.9
18308 10830.9 10188.4
18309 10805.2 10080.6
18310 11020.9 9995.6
18311 10586.3 10204.8
18312 10543.4 10147.3
18313 10625 10269.6
18314 10642.6 10075.6
18315 11568.3 2367.3
18316 9593.7 10576.1
18317 10579.8 10461.3
18318 10617.6 10417.9
18319 10549.3 10477.7
18320 9975 10766.3
18321 9937.3 10736.3
18322 9916.5 10862.4
18323 10756.9 10129.7
18324 10755.9 10031.8
18325 10881.2 10300.4
18326 11773.3 2272.3
18327 10856 10272.8
18328 10805.6 10269.5
18329 10727.7 10161.9
18330 10795.9 10211.8
18331 10770.1 10234.8
18332 10886.3 10250.6
18333 10621.4 10034.2
18334 10862.3 10223.7
18335 10834.3 10247.6
18336 10446.5 10529.5
18337 11803.3 2255.8
18338 10515.5 10491.7
18339 10700.2 10196.4
18340 10011.1 10791.3
18341 10036 10805.7
18342 10213.9 10540.7
18343 10191.4 10529.3
18344 9335.2 10333.2
18345 9372.5 10411.4
18346 10792.5 10000.1
18347 10674.2 9996
18348 11640.5 2024.2
18349 10649.4 10379.1
18350 10447.4 10218.7
18351 10436.3 10359.6
18352 10415.1 10186.8
18353 10286.2 10655.7
18354 8311.8 5181
18355 8225.8 5004.6
18356 8263.8 5034.9
18357 8203.6 5043.2
18358 8274.1 5243.6
18359 11661.8 2071.4
18360 8214.7 5123.3
18361 8129.4 5158.1
18362 8168.7 5098.9
18363 8065.8 5125.2
18364 8060.4 5252.9
18365 11554.1 6038.1
18366 11505 6064.7
18367 8321.4 5269.3
18368 8210 5340.2
18369 8180.4 5079.7
18370 11568.1 2055.1
18371 8547.7 4837.7
18372 8529.3 4880.9
18373 8581 4761.3
18374 8638.1 4630.8
18375 8252.9 5365.9
18376 8114.7 5284.1
18377 8177.9 4906
18378 9226.8 6846.2
18379 9311.7 6462.6
18380 9330.4 6428.7
18381 11460.6 2251.3
18382 9382.9 6505.1
18383 8909 6977.1
18384 8877 7043.9
18385 8928.8 6989.3
18386 8856 7001
18387 9147 7067.2
18388 9201.4 7096.4
18389 9108.3 7047.4
18390 9166.4 7034.3
18391 9192.5 6827.4
18392 10898.7 2592
18393 9237.8 6890.9
18394 9328.6 6588.6
18395 9305.6 6628.7
18396 9234.8 6531.8
18397 8872.3 7086.8
18398 8846.9 7120.6
18399 8896.2 7102.4
18400 9134.9 6795.4
18401 9091.4 6773.7
18402 9166.5 6810.9
18403 11051.6 2463.6
18404 9118.4 6821.5
18405 9269.8 7128.4
18406 9322.1 7046.5
18407 9251.3 7155.5
18408 9327.1 7154.3
18409 8985.2 7628.6
18410 9001.1 7602.5
18411 8966.2 7660.2
18412 8869.2 7599
18413 9221.6 7061.7
18414 427.9 -1428.1
18415 -455.5 457.3
18416 10504.2 2866.2
18417 9176.7 7013.5
18418 9421.7 6869.1
18419 9456.6 6888.2
18420 9332 6819.5
18421 9472 6776.7
18422 9373 6958
18423 9439.7 6407.3
18424 8857.3 7168.8
18425 8927.6 7121.9
18426 9223.7 6754.5
18427 10768.3 2437.5
18428 9618.8 6509.2
18429 9364.6 6365.3
18430 9213.5 6936.6
18431 9578.7 6580.5
18432 9336.3 7023.6
18433 9203.9 6955
18434 9377.2 7044.5
18435 9352.6 6995.8
18436 9187.9 6985.7
18437 9129.2 7362.6
18438 14008.8 6622.4
18439 9108.7 7403.4
18440 9058.4 7329.4
18441 8905.4 7021.4
18442 8955.9 6952.2
18443 8978.1 7019.5
18444 8927.6 7735.9
18445 8865.9 7703.8
18446 8970.8 7759.7
18447 9233.2 7042.1
18448 9173.1 6724.2
18449 14215 6684.5
18450 11330.9 4109.3
18451 11348.1 4088.9
18452 11315.6 4133
18453 11289.6 4093.4
18454 11090.8 4342.1
18455 11140.2 4371.7
18456 11154.4 4245
18457 11416 4079.4
18458 11434.5 4023.6
18459 11383.3 4146.6
18460 14182.7 6674.4
18461 11185.6 4197.7
18462 11254.6 4250.7
18463 10890.9 4259.4
18464 11300.4 4157.5
18465 13393.7 6726.3
18466 11188.6 4265.5
18467 11170.4 4221.5
18468 11575.3 3983.6
18469 11577.1 3938.3
18470 11503.4 3984.2
18471 14182.9 6727.5
18472 11026.4 4234
18473 11537.3 3638.3
18474 11478.8 4037.7
18475 11457.5 4096.1
18476 10705.2 8698.4
18477 10746.5 8182.9
18478 10721.5 8224.6
18479 10721.4 8171
18480 10789.4 8205.8
18481 11517.2 3826.8
18482 14119.2 7307.9
18483 11190.9 4320.6
18484 11264.8 4084.1
18485 11256.2 4110
18486 11216.3 4307.6
18487 11273.2 4271.1
18488 11202.5 4285.4
18489 11608.1 3957.2
18490 11591.4 3819.6
18491 11345.2 7344.2
18492 11652 3828.2
18493 13810 7571.9
18494 11620.8 3824.9
18495 11641.9 3910.8
18496 11676.2 3786.9
18497 11955.5 6963.8
18498 11392.1 3650.5
18499 11649.6 3990.6
18500 11094 8203.2
18501 11010.3 7980.4
18502 11090 8024.7
18503 11280.4 4120
18504 14039.4 7320.1
18505 11270.8 4146.9
18506 11416.5 4277.3
18507 11632.4 3963.4
18508 11494.6 3865.9
18509 10866 8326.2
18510 11608 3987.7
18511 11382.9 4007.4
18512 10710.2 8304.5
18513 10726.4 8273.7
18514 10637.6 8454.2
18515 14002.7 6959.5
18516 10760.2 8333.8
18517 11202.9 4242.2
18518 10987.1 4316
18519 11453.2 3844.3
18520 10700 8159.5
18521 11300.8 7318.7
18522 11319 7287.1
18523 10433.3 8025.1
18524 10469.9 8091.6
18525 11389.2 7434.2
18526 -477.1 467.3
18527 13977.2 6986.7
18528 10939.1 4463.2
18529 10871.9 4465.1
18530 10926.1 4503.4
18531 10968.2 4452.1
18532 11432.2 4154.3
18533 10993.9 4214.2
18534 10753.7 8561.6
18535 11264.1 7208.5
18536 10571.3 8461
18537 10654.1 8355.2
18538 13974.7 6949.8
18539 10825.7 4533.4
18540 10625 8228.3
18541 10653.5 8237.7
18542 11510.2 4178.6
18543 11716.5 4017.3
18544 11292.6 3833.7
18545 11323 3777.6
18546 11278 7453.7
18547 10811.6 8592.3
18548 10699.7 8260.5
18549 14188.2 7117.6
18550 10766.3 8292.7
18551 11284.1 3755.8
18552 10676.2 8248.9
18553 11479.9 3917.6
18554 11586.9 3020.8
18555 11608.6 2974.8
18556 11145.7 2849
18557 11143.4 2815.8
18558 11007.8 3119.4
18559 11022.2 3018.4
18560 14102.2 7277.9
18561 10908.3 3188.7
18562 11101.7 2781.2
18563 11118.3 2725.3
18564 11052 3034.3
18565 11056 2902.1
18566 11103 2927.6
18567 11087.4 2857.9
18568 11570.3 2870
18569 11559.5 2905.3
18570 11511.1 2838.1
18571 13974.4 7007
18572 -1373.9 2985.2
18573 -4670.2 4078.6
18574 -4715.2 4027.7
18575 -4645.2 4104.2
18576 -4640.5 4036.3
18577 -4700.7 4111.3
18578 -4685.2 4180.4
18579 -4617.3 4134.2
18580 -4701.6 4156.4
18581 -4666 4208.4
18582 13983.9 6890.2
18583 -3386 3905.6
18584 11543.2 2944.2
18585 11639.2 2986
18586 -4597.6 4159.7
18587 -4634.5 4184.3
18588 -4750.8 4057.9
18589 11009.1 2949.7
18590 -5208.3 3799.8
18591 -5265.4 3772.1
18592 -5160.1 3824.1
18593 13123.5 7995.9
18594 10332.3 525.4
18595 10464.9 424.3
18596 10280.2 446
18597 -4678.6 4134.9
18598 10206.3 500.6
18599 10407.6 406.1
18600 -4556.4 4253.5
18601 10997.6 2969.4
18602 11671.4 3000.1
18603 -5248.6 3741.6
18604 13178.6 7969.7
18605 -5362.4 3714.5
18606 -5451.9 3165.7
18607 -5453.4 3213.9
18608 -5580.8 3113.3
18609 -5545.2 3127.5
18610 -5496.5 3284
18611 -5468 3234.2
18612 -5528 3263.7
18613 -5554.7 3245.3
18614 -5502.6 3217.5
18615 13223.7 7938.9
18616 -5369.6 3188.9
18617 -5409 3275.1
18618 -5493.9 3145.7
18619 -5514.8 3174.4
18620 -5446.6 3347.7
18621 -5695.1 3380.2
18622 -5645.3 3407.8
18623 -5551.9 3297
18624 -5483 3453.7
18625 -5509.8 3475.5
18626 13276 7903.3
18627 -5237 3331.1
18628 -5334.4 3344.6
18629 -5577.2 3282.4
18630 -5592.1 3196.8
18631 -5543.9 3224.6
18632 -5542.5 3458.4
18633 -5617.4 3419.9
18634 -5312.7 3296.1
18635 -5792.3 3296.9
18636 -5737.4 3313.9
18637 -521.1 413.6
18638 13343.1 8007.2
18639 -5833 3284.3
18640 -5728.7 3365
18641 -5529.6 3199.4
18642 -5626 3519.6
18643 -5231.3 3297.2
18644 -5801.1 3199
18645 -5523.7 3499.4
18646 -4969.7 3413.1
18647 -4970.6 3569.9
18648 -5028.1 3631.5
18649 13338.5 7876.3
18650 -5053.7 3623.7
18651 -4964.3 3651.2
18652 -5038.7 3668.4
18653 -4936.1 3580.6
18654 -4868.5 3606.6
18655 -5019.8 3558
18656 -4915 3663.8
18657 -4970.7 3690.8
18658 -5046.7 3702.6
18659 -4905.4 3641.4
18660 13568.4 7779
18661 -5020.7 3604.3
18662 -5069.9 3668.3
18663 -5045.9 3598.8
18664 -5086.7 3717.4
18665 -5057.4 3737.6
18666 -5179 3708.5
18667 -4974.8 3721.1
18668 -4941 3729.4
18669 -5988.7 2787.9
18670 -6016.2 2779.3
18671 13513.5 7893.5
18672 -4723.5 2984.4
18673 -4769.7 2966.8
18674 -4712.2 2952.3
18675 -4740.7 3030.4
18676 -6121.6 2891.3
18677 -6086.7 2900.8
18678 -6130.8 2959.7
18679 -6137.1 2847.9
18680 -5888.8 2870.1
18681 -5828 2887.7
18682 13600.2 7714.4
18683 -4711.4 2717.7
18684 -4802.3 3042
18685 -4919 2804.3
18686 -4880.7 2753.4
18687 -5098.4 3134.2
18688 -6029.6 2824.4
18689 -6038 2771.2
18690 -4752.5 3063.4
18691 -5464.7 3079.4
18692 -5464.8 3011.1
18693 13605.3 7835.9
18694 -5024.3 2906.6
18695 -5033.3 3066.6
18696 -5057.8 3052.8
18697 -5152.8 2908.3
18698 -4820.2 3086
18699 -5332.5 3036.8
18700 -5373.2 3009.7
18701 -5295.1 3061.1
18702 -5300.4 2991.9
18703 -5350.2 3064.4
18704 14388.1 6858.6
18705 -4805.2 2916.8
18706 -4759.5 2935
18707 -4791.4 2888
18708 -4694.3 3438.8
18709 -4840.7 3394.5
18710 -4684.5 3418.1
18711 -4764 3564.1
18712 -5706.8 2998.9
18713 -5734 2993.6
18714 -5720.1 3037.8
18715 14003.6 6673.9
18716 -5325.6 2937
18717 -4788.2 2710.7
18718 -4844.3 2736.7
18719 -4747.8 2782.1
18720 -6085.8 2859.4
18721 -6043.3 2870
18722 -6073.9 2813.7
18723 -5690.8 2966.8
18724 -5748.8 2926.9
18725 -5678.9 2940.3
18726 13981.7 6637.8
18727 -5061.3 2916.8
18728 -6028.3 2713.2
18729 -5282.1 3023.3
18730 -4700.9 2925.5
18731 -4688.3 2688.8
18732 -5759.6 2971.6
18733 -5788.1 3019.7
18734 -5787.4 2961.7
18735 -5255.7 3041
18736 -5158.1 2873.8
18737 12542.5 7927.8
18738 -5148.4 2936.9
18739 -5183.4 2904.2
18740 -6129.2 2800.6
18741 -6067.4 2757.8
18742 -5128.1 2874
18743 -6035.7 2914.7
18744 -4779.1 2858.4
18745 -5840.7 2940.1
18746 -5851.9 2976.7
18747 -4729.7 2821.5
18748 -533.2 501.8
18749 12527.4 7945.3
18750 -4695.5 2894.4
18751 -5162.7 3011.3
18752 -4871.6 2784.6
18753 -5291.4 3105.6
18754 -4853.4 3455.6
18755 -4857.7 2819.7
18756 -5968.6 2984.2
18757 -5894.3 3012.5
18758 -5974.3 2649.4
18759 -5866.4 3022.9
18760 12561 7995.8
18761 -5859.7 3000
18762 -5490.6 2927.6
18763 -5501.7 2953.7
18764 -5435.2 2958.3
18765 -5533.3 2905.1
18766 -5185.9 3054.1
18767 -5157.2 3069.6
18768 -5734 2899.2
18769 -5517.8 2990.3
18770 -4858.2 3533.5
18771 12497.6 7797.4
18772 -4861.3 3572.9
18773 -5448.3 2982.3
18774 -5418.8 2930.2
18775 -4859.2 2702.2
18776 -5081.1 3044.4
18777 -5314.9 3090.1
18778 -5435.8 3137.6
18779 -5335.9 2235.1
18780 -5369.2 2257.9
18781 -4934.5 2364.2
18782 13718 7621.1
18783 -4957.9 2401.2
18784 -5586.8 2681.6
18785 -5695.7 2835.1
18786 -5675.1 2795.1
18787 -5632.4 2838.1
18788 -4726.8 2353.4
18789 -4684.2 2375.5
18790 -5054.9 2407.1
18791 -5035.3 2369.7
18792 -5081.8 2392.1
18793 13718.7 7597.3
18794 -5590.4 2423.3
18795 -5619.5 2416.3
18796 -5550.6 2476.6
18797 -5814.5 2421.2
18798 -5800.1 2336.2
18799 -5850.5 2417.5
18800 -5705.3 2774.2
18801 -5745.8 2767.8
18802 -5082.4 2341.9
18803 -5024 2350.9
18804 13789.5 7581.9
18805 -5716.6 2723.2
18806 -5794 2352.7
18807 -5762.8 2356.1
18808 -5419.7 3017.1
18809 -5878.4 2343.7
18810 -5874 2323.5
18811 -5844.3 2345.8
18812 -5343.8 2963.9
18813 -5012.4 2332.5
18814 -5071.2 2323.2
18815 13749.1 7628.7
18816 -5002.6 2374
18817 -5162.7 2358.5
18818 -5161.4 2306.6
18819 -5123.6 2360.6
18820 -5093 2310.4
18821 -5061.7 2258.1
18822 -5627.1 2540.3
18823 -5677.7 2627.2
18824 -5618.9 2599
18825 -5724.6 2349.8
18826 -8526.6 -4050
18827 -5771.8 2304.2
18828 -5711.1 2310.7
18829 -5786.6 2272.3
18830 -5611.5 2796.7
18831 -5657.8 2761.3
18832 -4999.6 2312.5
18833 -5015.1 2267.1
18834 -5683.2 2730.4
18835 -4934.5 2405.9
18836 -5716.7 2286.8
18837 -8606 -4080.6
18838 -5748.5 2266.1
18839 -5697.9 2255.4
18840 -5105.4 2378.3
18841 -5379.8 2158.7
18842 -5340.5 2138.1
18843 -5358.2 2196.3
18844 -5545.8 2869.2
18845 -5532.1 2843.4
18846 -5571 2918.7
18847 -5566.8 2857.7
18848 -8560.9 -3990.8
18849 -5028.5 2416.6
18850 -5760.9 2285.8
18851 -5512.3 2781.3
18852 -5485.3 3119.2
18853 -5414 2224.7
18854 -5501.6 2455.2
18855 -5505.2 2414.9
18856 -5437.2 2457.3
18857 -5730.9 2075.8
18858 -5715.4 2096.5
18859 -599 322.7
18860 -12078.3 -4537.2
18861 -5783 2101
18862 -5697.3 2058.9
18863 -5648.2 2741.9
18864 -5653.4 2283.3
18865 -5665.5 2218.7
18866 -5059.2 2303.4
18867 -5640.4 2930.3
18868 -5619.9 2891.6
18869 -5615 2944.7
18870 -4934.6 2553.7
18871 -11729.8 -4426.1
18872 -4692.7 2466.7
18873 -5469.2 2515.9
18874 -5451.7 2486.6
18875 -5484 2541.8
18876 -5835 2328.2
18877 -5862.4 2281.4
18878 -5531.9 3102.7
18879 -5506.5 2526.6
18880 -5409.2 2500.1
18881 -5612.6 2208.7
18882 -12452.6 -4708.9
18883 -5594.6 2176.9
18884 -5660 2172.9
18885 -5633.7 2440.3
18886 -5678.5 2389.9
18887 -5564.1 2381.1
18888 -5385.1 3040.6
18889 -4820.4 2525.5
18890 -5468.6 2563.5
18891 -5603 2257.6
18892 -5651 2332.9
18893 -11811.1 -4432.3
18894 -5402.4 3066.9
18895 -5771.9 2424.7
18896 -5740.7 2399.7
18897 -4671.1 2479.4
18898 -4567.3 2410.6
18899 -4521.8 2421.8
18900 -5584.3 2225.1
18901 -5048.4 2285.5
18902 -5030 2293.4
18903 -5684.6 2190.5
18904 -14008.6 -5251.5
18905 -5677.2 2149.4
18906 -5436.5 2293.7
18907 -5583.2 2820.7
18908 -5374.3 2411.4
18909 -5347.9 2407.9
18910 -5366.6 2492.2
18911 -5558.1 2833.7
18912 -5309.8 2371
18913 -5209.9 2351.3
18914 -5289.8 2401.8
18915 -13939.7 -5606.9
18916 -5524 2403.4
18917 -5366.2 2626.2
18918 -5334.8 2650
18919 -5474.1 2627.8
18920 -5405.9 2680.5
18921 -5512.2 2365.2
18922 -5462.1 2736.6
18923 -5452.9 2772.5
18924 -5489.3 2744.7
18925 -5422.7 2312.8
18926 1553 -4262.3
18927 -5339.1 2295
18928 -5543.4 2391.9
18929 -5356.1 2379.4
18930 -5367.1 2338.2
18931 -5305.9 2462.1
18932 -5767.2 2879.1
18933 -5201.5 2380.6
18934 -5286.3 2430.1
18935 -5592.7 2958.7
18936 -5629.1 2970.3
18937 1511 -4191.1
18938 -5593.7 2906.8
18939 -5312.8 2349.7
18940 -5593.9 2842.7
18941 -5216.9 2328.4
18942 -5477.9 2681.6
18943 -5653 2957.4
18944 -5282.1 2342.9
18945 -5353.1 2272.9
18946 -5490.8 2338.8
18947 -5227 3192.4
18948 1593.8 -4323.8
18949 -5277.4 3154.5
18950 -5209.7 3154.9
18951 -5441.9 3249.7
18952 -5608.3 3156.1
18953 -5262.5 3123.7
18954 -5248.4 3096.3
18955 -5195.2 3129.3
18956 -5744.7 3539.1
18957 -5712.5 3439.9
18958 -5788.9 3517.1
18959 1697.8 -4445.2
18960 -5668.3 3463
18961 -5174.3 3098.2
18962 -5622.1 3178.4
18963 -4980.4 3766.4
18964 -5591.2 3537.2
18965 -5551 3560.8
18966 -5707.8 3555.9
18967 -5676.8 3494.1
18968 -4982.2 3800.3
18969 -4724.2 3795.2
18970 -1029.2 -281.5
18971 1723.6 -4467.4
18972 -4719.8 3892.2
18973 -4770 3796.9
18974 -4698.7 3791.4
18975 -4718.6 3917.7
18976 -4695.5 3916.2
18977 -4651.5 3791
18978 -4654.3 3764.8
18979 8564.8 7063.4
18980 8579.9 7042.5
18981 8459 6974.7
18982 1643.8 -4398
18983 8888 7188
18984 8956.3 7139.2
18985 8854.2 6893.4
18986 8894.6 6917.8
18987 8824.6 6875.6
18988 8833.9 6926.8
18989 8428.1 6950.7
18990 8377.5 6909.8
18991 8945.7 6541.2
18992 8930.2 6558.2
18993 1510.3 -4543.6
18994 9030.6 6610.1
18995 8911.2 6580.5
18996 9009.7 6985.4
18997 8347.5 6885.2
18998 8394 6819.7
18999 8280.9 6811.6
19000 8912 7204.9
19001 8976.2 7151.3
19002 8936.5 6106.2
19003 8995.8 6147.4
19004 1754.6 -4406.7
19005 8913 6089.9
19006 10783.5 7778.8
19007 10811.1 7733.7
19008 10730.5 7713.1
19009 -3960.1 -1288.1
19010 -3939.7 -1315.6
19011 -3938.3 -1228.1
19012 10714.7 7740.4
19013 10592.9 7671.7
19014 -3906.9 -1364.1
19015 1778.6 -4515.8
19016 -3925.8 -1375.5
19017 -3926.5 -1334.2
19018 10720.1 7551.6
19019 10676.5 7525.3
19020 10766.9 7579.8
19021 10758.4 7481.6
19022 -4014.2 -1316.4
19023 10754.7 7824.9
19024 -6111 3034.1
19025 -6069.8 3044.2
19026 1882.3 -4590.4
19027 -6109 3098.3
19028 -5676.7 3005.5
19029 -5655.8 3016.6
19030 -5794.4 2991.1
19031 -5872.1 3045.9
19032 -5877.2 3069.2
19033 -5796 3067
19034 -5604.7 2980.7
19035 -5883.7 3092.3
19036 -5800.9 3092.3
19037 1576.1 -4798.8
19038 -5734.6 3069.9
19039 -5748.4 3108
19040 -5634.6 3143.5
19041 -5988.7 3064.8
19042 -5976.2 3015.5
19043 -6045.8 3050.1
19044 1091 1835.6
19045 -678.1 2695.7
19046 -995.2 2804.9
19047 -903.6 2728.9
19048 1973.9 -4705.6
19049 1006.2 2043.8
19050 1101.9 1992.4
19051 -439.5 2562
19052 -459.9 2460.1
19053 -1124.8 2843.2
19054 -1094.7 2880.3
19055 1029.5 1840.8
19056 1004.2 1842.8
19057 1061.6 1839
19058 -1047.1 2845.5
19059 2009.8 -4684.1
19060 -468.4 2746.3
19061 -506 2797.8
19062 -417.6 2687.3
19063 -616.2 2635.3
19064 -1036.4 2750.2
19065 851.4 2242.1
19066 816.5 2206.4
19067 753.6 2324
19068 -732 2538.4
19069 -696 2553.9
19070 2049.8 -4802.1
19071 -772 2562.7
19072 610.9 2096.3
19073 1221.6 1871.3
19074 1222.9 1904.9
19075 -1084.7 2986
19076 -497.6 2498.9
19077 1063.6 1912.4
19078 779.7 2356.4
19079 689.4 2193.3
19080 715.9 2177.8
19081 -1009.7 -252.3
19082 2109.4 -4878.4
19083 1095.2 1910.9
19084 1097.7 1949.5
19085 -748.3 2915.4
19086 -770 2804.9
19087 -844.5 2798.7
19088 1226.4 1963.1
19089 -607.3 2505
19090 -644.2 2546.9
19091 -548 2555
19092 980.6 1844.9
19093 2175.2 -4841
19094 1001.6 1817.3
19095 724 2092.2
19096 744.4 2117.4
19097 676.7 2129.8
19098 1166.1 2023.2
19099 1230 2023.9
19100 1085.8 2028.5
19101 960.5 1856.8
19102 934.8 1831.4
19103 -870.6 2769.9
19104 2132.6 -4908.1
19105 -816.9 2724.2
19106 1092.5 1872.1
19107 651 2145.8
19108 667.5 2166.2
19109 -584.4 2597.1
19110 8130.6 7912
19111 8146 7952.4
19112 8228.9 7996.9
19113 8161.2 7920.8
19114 8075.9 8066
19115 2121.1 -5019.4
19116 8362.3 7829.5
19117 8259.4 7763.6
19118 9941.2 6954.2
19119 9927.9 6975.1
19120 9917.4 6936.3
19121 9959.6 6927.2
19122 11811.1 6403.4
19123 11885.7 6447.7
19124 11784.8 6385.9
19125 11889.2 6359.9
19126 2180.7 -5002
19127 11905.3 6389
19128 10058.7 6586.1
19129 10086.8 6538.5
19130 9985.4 6718.3
19131 10018.9 6736.9
19132 10038.3 6748.3
19133 9977.1 6809.7
19134 9797.8 7627.9
19135 9977.7 7707.4
19136 9952.8 7098.5
19137 2236.3 -4955.9
19138 9935.8 7121.4
19139 10011.9 7115.1
19140 9996.8 7012.2
19141 8218.8 7648
19142 9724 7133.7
19143 9743.1 7098.3
19144 9706.6 7166.1
19145 9681.2 7111.7
19146 9757.8 7150.2
19147 9991.2 6827.2
19148 2195.9 -5036.3
19149 9945.7 6792.7
19150 9958.8 6702.8
19151 7878.3 6979.6
19152 8641 7676.4
19153 9074.8 7818
19154 9122.9 7750.4
19155 9110.6 7838.1
19156 9034.3 7795.3
19157 8629.1 8379.2
19158 10110.4 6496.7
19159 2225.7 -5097.6
19160 10051.2 6451.6
19161 10192.9 6547.6
19162 10026 6855
19163 8432.1 7238.2
19164 11470.1 6138.5
19165 9694.4 7358
19166 9751.2 7295.1
19167 8684.7 7608.6
19168 8659 7651
19169 8736.7 7636.6
19170 2125 -5074.7
19171 8557.7 7529
19172 10076.5 6769.8
19173 11864.4 6249.9
19174 11929.2 6288.4
19175 11947.3 6256.9
19176 8959.7 7176
19177 8988.1 7191.4
19178 8933.7 7220.1
19179 9444.4 7523.3
19180 9378.5 7498.8
19181 2258.9 -5163.5
19182 9476.4 7467.6
19183 9418.1 7569.8
19184 10170.1 6589.1
19185 10262.7 6518.5
19186 9623.2 7318.8
19187 9572.8 7292.4
19188 9653.5 7263.2
19189 8446.1 6740
19190 8512.5 7892
19191 9853.2 6896.2
19192 9404.5 5561.5
19193 2237.5 -5121.1
19194 9867.8 6869.7
19195 9841.9 6917.3
19196 9886.4 6916.7
19197 9785.1 6855.7
19198 12147.6 6637.1
19199 12100.7 6610.6
19200 10105.9 6725.1
19201 10526.5 6349.6
19202 10537.5 6330.4
19203 10513.3 6373.5
19204 2204.7 -5194.9
19205 10579.1 6504.5
19206 10176.9 6826.3
19207 10239.5 6862.3
19208 10118.5 6935.1
19209 9715.9 7791.2
19210 9677.1 7750
19211 9741.1 7733.3
19212 10007.3 7724.1
19213 10001.4 7668.7
19214 9937.1 7779.8
19215 2293.1 -5226.4
19216 9325.8 7379.4
19217 9360.5 7319.8
19218 9351.2 7393.8
19219 9308.7 7410.2
19220 9086 10664.8
19221 9058.7 10713.9
19222 9113.7 10615.5
19223 9246.5 11188.2
19224 9297.1 11217.1
19225 10020.2 9262.4
19226 2437.8 -5422.4
19227 9983.4 9237.8
19228 9997.4 9279.5
19229 10004.5 9219.8
19230 9944.9 9249.2
19231 9967.1 9261.5
19232 9974 9202.4
19233 9757.9 9370.9
19234 9804.1 9399.1
19235 9742.4 9395.8
19236 9769.6 9351
19237 2326.9 -5508.9
19238 9259.9 10878.2
19239 9132.9 10817.3
19240 8511.8 11412.1
19241 8489.2 11391.6
19242 9683.2 9437
19243 9703.3 9400.2
19244 9720 9468.8
19245 9740.5 9450.7
19246 9697.6 9486
19247 9748.6 9338.7
19248 2754.1 -5791.9
19249 9787.6 9361.2
19250 9894.5 9316.4
19251 9923.3 9333.1
19252 9847.9 9305.1
19253 9915.9 9298.3
19254 9335.5 11240.4
19255 9280.2 11249.7
19256 9813.8 9169.3
19257 9836.7 9183.2
19258 9767.7 9141.9
19259 2784.2 -5804
19260 9857 9123.2
19261 9796.3 9197.8
19262 9928.8 9173.9
19263 9392.9 11276
19264 9227.3 10168.2
19265 9761.6 9433.2
19266 9722.5 9383.5
19267 9938.1 9280.6
19268 9948.8 9317.5
19269 9672 9474.7
19270 1325 -3953.4
19271 9647.3 9453
19272 9886.5 9281.1
19273 9900 9258.3
19274 9868.7 9270.7
19275 9761.4 9315.9
19276 9800.9 9338.8
19277 9774.2 9293.1
19278 8782.1 11389.7
19279 9972.1 9300.4
19280 9778.4 9187.3
19281 858.9 -3392.6
19282 9817.1 9209.9
19283 9688.8 9361.9
19284 9042.3 10742.8
19285 9850.3 9259.9
19286 9894.5 9347.3
19287 9785.6 9267.8
19288 9805.8 9279.3
19289 9753.2 9249.9
19290 9802.9 9233.8
19291 9281.3 11109.6
19292 -68.1 -2587.5
19293 9185.2 10138.2
19294 9280.2 10205.4
19295 9820.7 9305.1
19296 9821.9 9251.2
19297 8835.1 10537.2
19298 9782.3 9418.2
19299 9827.3 9385.6
19300 9677.9 9384.8
19301 9871.8 9242
19302 9850.8 9367.6
19303 9303.6 5582
19304 -288.5 -2613.3
19305 11266.1 8320.4
19306 11246.6 8309.5
19307 10471.2 8649.7
19308 10426.5 8725.7
19309 10302.8 8638.2
19310 10343.4 8660.3
19311 11400.2 8459.2
19312 11424.3 8418.9
19313 11368.9 8499.2
19314 9892.2 9149.7
19315 -194.9 -2540.8
19316 11526.7 8417.2
19317 11550.7 8431.7
19318 11493 8398.1
19319 11482.8 8495.1
19320 11447.5 8473.7
19321 11410 8541
19322 11193.6 8568.1
19323 11174.5 8554.5
19324 9953.8 9059.9
19325 11355 8404
19326 -330.7 -2646.9
19327 11292.6 8370
19328 11365.8 8384.3
19329 10420.6 8650.2
19330 10433.6 8627.9
19331 10397.9 8689
19332 10457.3 8672.5
19333 9996.6 9084.6
19334 10924 8574.2
19335 10900.4 8543.2
19336 11185.4 8369.6
19337 -61 -2605.2
19338 11205.9 8380.4
19339 10982.4 8603
19340 11004.1 8614
19341 10045.5 9016.3
19342 11078.9 8618.2
19343 11171.1 8669.7
19344 11050.6 8604.2
19345 9824.9 9100.9
19346 9802.6 9084.3
19347 9875.8 9015
19348 -323 -2617.3
19349 9912.8 9036.3
19350 11151.3 8490.8
19351 11195.6 8409.5
19352 10967.5 8563.1
19353 10259.8 8613.5
19354 11046.9 8434
19355 11381.8 8591.8
19356 11476.3 8578
19357 11453.8 8617.6
19358 11758.7 8189.8
19359 319 -2773.3
19360 11956.8 8285.8
19361 11992.1 8222.8
19362 12491.3 7606.1
19363 12622.7 8290.8
19364 12651.2 8265.4
19365 11730.2 8440.4
19366 11501.5 8642.7
19367 11868.7 8280.9
19368 11629.1 8471.7
19369 11600.4 8457.3
19370 952.8 -3503.8
19371 11674.8 8435.4
19372 11616.7 8703.5
19373 11566.4 8677.4
19374 11660.2 8634.7
19375 11696.7 8458.1
19376 11705.3 8481.9
19377 11546.7 8667.7
19378 12032.8 6426.3
19379 12069 6364.5
19380 12149.6 6327.2
19381 737.6 -3484.9
19382 12007.4 6364.2
19383 12023 6338.3
19384 12034.7 6319.8
19385 12106.4 6299.5
19386 10608.9 3147.8
19387 10551 3170.1
19388 10629.4 3186.7
19389 10592.7 3122.9
19390 10650.5 3147.9
19391 10664 3123.3
19392 -568.6 -3865.3
19393 10887.9 3409.3
19394 10875.4 3431.7
19395 10850.7 3386.2
19396 10914.3 3362.5
19397 10787.1 3592.3
19398 10810.5 3552.7
19399 10763.2 3634.8
19400 10667.3 3534.2
19401 10523.5 3179.7
19402 10540 3144.1
19403 -578.5 -3776.3
19404 10567.4 3206.2
19405 10682.7 3199.4
19406 10476.8 2972.5
19407 10452.4 2963.8
19408 10507.5 2932.7
19409 10751.1 3236.8
19410 10666.9 3224.3
19411 10757.9 3525
19412 10785.2 3471.2
19413 10716.2 3504
19414 9245.2 5474.7
19415 -474.1 -3826.7
19416 10881.2 2888.9
19417 10563.4 3076.2
19418 10608.4 3096.1
19419 10572.7 3047.4
19420 10504.8 3062.8
19421 10483.8 3084.6
19422 10521 3094.2
19423 10510.8 3019.7
19424 10432.1 2992.7
19425 10468.4 3060
19426 155.5 -4294.4
19427 10736.6 3262.3
19428 10816 3272.9
19429 10961.3 3354.1
19430 10891.7 3311.5
19431 10409.6 3006.9
19432 10439.6 3087.5
19433 10376.8 2915.5
19434 10483.3 3196.6
19435 10499.5 3240.6
19436 10534.8 2956.1
19437 -132.6 -3945.2
19438 10860.2 3457.2
19439 10836.2 3413.1
19440 10636.9 3075.9
19441 10650.3 3626
19442 10638.6 3598.7
19443 10693.2 3604.3
19444 10531.1 3120.3
19445 10579.2 3102.6
19446 10724.2 3283.9
19447 10710.7 3310.6
19448 183.5 -4329.6
19449 10792.1 3321.1
19450 10676.5 3260.4
19451 10590.3 2831
19452 10771.2 3374
19453 10754.2 3395
19454 10720.6 3347.1
19455 10423.3 2956
19456 10788.7 3353.6
19457 10697.2 3333.6
19458 10675.8 3370.2
19459 186.9 -4365
19460 10679.4 3097.4
19461 10652.6 3247.5
19462 10876.8 3337.6
19463 10864.2 3362
19464 10814.5 3333.6
19465 10826.2 3254.6
19466 10855.3 3293.4
19467 10663.5 2905.7
19468 10660.8 3484.6
19469 10577.6 2954
19470 261.3 -4223.1
19471 10491.9 2878.7
19472 10853.3 3206.9
19473 10832.2 3512
19474 10592.8 3477.6
19475 10686.8 3491.8
19476 10733 3425.3
19477 11127.6 2877.9
19478 10971.4 2709.2
19479 11657.2 2942.8
19480 10347.7 2727.7
19481 328.6 -4547.8
19482 10314.8 2671.9
19483 10448.6 2658.8
19484 10385.3 2863.2
19485 10883.1 2345.2
19486 10922 2308.3
19487 10729.6 2393.2
19488 10657.9 2287.1
19489 11798.8 6270.1
19490 11917.3 6309.3
19491 9908.1 9201.3
19492 127.7 -4348.1
19493 9771.4 9215.8
19494 9631.7 9481.5
19495 9619.7 9508.2
19496 9674.9 9506.4
19497 9838.3 9222.4
19498 8235.5 12252.2
19499 8283.1 12214.3
19500 8200.7 12177.3
19501 10249.9 10586.1
19502 10229.1 10576.9
19503 83.4 -4393.9
19504 10246.8 10619.9
19505 8332.7 12250.1
19506 9620.6 11268.5
19507 9644.8 11241.8
19508 9546.1 11255.7
19509 8172.4 12117.1
19510 8236.1 12086.1
19511 8268.6 12109
19512 8292.7 12146.9
19513 8429.8 12042.8
19514 -44.5 -4445.4
19515 10132.5 11001.8
19516 10208 10911.4
19517 9704.3 11272.2
19518 9792.9 11203.5
19519 8479 12073.7
19520 8525.9 12121.3
19521 10183 10553.4
19522 10184.7 10579.3
19523 10252 10697.9
19524 10242.6 10716.8
19525 100.1 -1569.4
19526 2261.8 2327.5
19527 42 -4423.9
19528 10268.9 10676.1
19529 10209.2 10658
19530 10226.6 10638.4
19531 9558.4 11196.4
19532 10183.9 10938.2
19533 10142.8 10914.3
19534 9725.9 11156.1
19535 10220.6 10595.7
19536 10005.8 11146.1
19537 10157.7 10859.7
19538 -123.1 -4357.9
19539 9774 11189.8
19540 12061.9 6273.3
19541 12053.4 6690.5
19542 12065.1 6563.8
19543 12086.9 6574.1
19544 11943.6 6325.3
19545 11743.6 6364.1
19546 11968.1 6219.5
19547 11632.9 6013.5
19548 11530.4 5917.7
19549 0.4 -4482.3
19550 11492.1 5901.1
19551 11550.3 5947.4
19552 11526.7 5888.3
19553 11511.2 6035
19554 11370.3 6320.5
19555 11501.6 6030.6
19556 11223.7 6540.2
19557 11033.7 6854
19558 9961.6 8731.3
19559 10532.5 7760.8
19560 -180.3 -4413.3
19561 10840.1 7204.8
19562 10879.7 7150.5
19563 10819.8 7253.9
19564 11057.7 6853.9
19565 11086.2 6755.4
19566 10798.8 6864.4
19567 10667.8 7105.5
19568 11153.6 6649.5
19569 12255.6 6340.2
19570 11560.5 5146.5
19571 186 -4210.6
19572 12538.6 5301.3
19573 12654 5541.2
19574 12620.5 5542.2
19575 12642.6 5505.5
19576 13319.5 6392.4
19577 13323 6153.9
19578 13306.3 6167.7
19579 12486 5329.6
19580 12587.6 6655
19581 12544.2 6625.6
19582 211.7 -4157
19583 12655.8 6540.6
19584 12640.5 6677.9
19585 12615.4 5461.3
19586 12708.7 6573.4
19587 11352.1 5280.1
19588 11530.8 5480.7
19589 12978.5 7899.4
19590 12987.4 7828
19591 13038.7 8006.3
19592 12774.4 8282
19593 -26.3 -3995.3
19594 12810 8204.5
19595 12801.1 8173.5
19596 12839.5 8182
19597 12872.7 8225.2
19598 13151.8 7746.2
19599 13094.7 8027.4
19600 13438.3 7273.8
19601 13408.1 7272.8
19602 13474.2 7279.9
19603 13402.3 7295.4
19604 -61.5 -4016.4
19605 10634.9 7599.9
19606 10045.1 6821
19607 14292.1 6743.2
19608 14329.7 6700.8
19609 10366.6 6641
19610 10397.7 6584.4
19611 10295 6602.8
19612 10513 6639.3
19613 10550.7 5792.6
19614 10584.5 5727.8
19615 314.2 -4193
19616 11027.1 5580.7
19617 11201 5681.1
19618 11299.6 5510.6
19619 10491.3 7813.3
19620 10725.5 7873.4
19621 10807.2 7297.3
19622 10836.1 7313.4
19623 10715.5 7458
19624 9581.3 6226.6
19625 9612.7 6490.7
19626 354.1 -4141.4
19627 9652.1 6190
19628 9548.9 6248.1
19629 9520.4 6437
19630 10473 5763.3
19631 10468.3 7870.2
19632 10432 7953.2
19633 10146.4 8427.7
19634 10510.3 5691
19635 9924.9 6682.8
19636 9888.1 6662.8
19637 2297.9 2312.4
19638 241.7 -4098.3
19639 9984.4 6569.2
19640 9805.4 6616.4
19641 9941.4 6546.1
19642 10519.5 7757.9
19643 10624.6 7553.9
19644 10954.5 6225.3
19645 10840.7 7453.6
19646 10807.9 7509.7
19647 10852.3 7433.8
19648 10357.3 6929.8
19649 288.3 -4295.4
19650 10203.8 6920.6
19651 10573 5691.6
19652 11162.7 5380.4
19653 10827.3 7419.7
19654 10920.5 7466.4
19655 9762.7 6553.4
19656 9791 6424.5
19657 11248.3 5590.7
19658 11088.4 7514.1
19659 11115.8 7465.2
19660 302.3 -4366.6
19661 10945.9 7440.2
19662 10482.7 5650.3
19663 11177.9 5704.7
19664 9693 6536.5
19665 11227.2 5734.2
19666 10803.1 5868.5
19667 10863.6 7639.4
19668 10810.3 7605.9
19669 10890.7 7583.1
19670 10778 7492.4
19671 624.3 -4809.3
19672 9834 6358.6
19673 10443.3 7788.2
19674 13955.8 6653
19675 10850.9 7385.8
19676 9992.1 6876.1
19677 10060.1 6901
19678 10521.3 5681.4
19679 10850.8 7537
19680 9851.8 6300.6
19681 10839 8713.8
19682 602.4 -4796
19683 10629.7 7994.9
19684 10559.5 7951.6
19685 11180 6896.1
19686 10485.2 8181.6
19687 10428 8292.3
19688 10521.7 8202.6
19689 10917.8 8240.2
19690 10995.3 8264.3
19691 10819.4 8400
19692 10831.9 8379.5
19693 723.9 -4861.7
19694 10799.7 8433.4
19695 10750.4 8356.7
19696 10603.2 8269.6
19697 10580.5 8316.9
19698 10564.1 8228
19699 10700.1 8208.9
19700 10628.5 8342.3
19701 10187.6 8744
19702 10288.7 8799.8
19703 10216.4 8690.4
19704 817.3 -4897
19705 10587.7 7905.7
19706 10419.7 8062.8
19707 10382.2 8041.3
19708 10507.7 8701.8
19709 11199.9 6861
19710 10494.3 7917.5
19711 10514.4 8117.1
19712 10461.1 8167.5
19713 10813.3 8166
19714 10349.5 8358.7
19715 699.3 -4851.2
19716 10248.7 8303.2
19717 10376.8 8310.1
19718 10464.2 7970.1
19719 10926.5 8707.2
19720 11329 7480.4
19721 11222.9 7480.2
19722 10439.5 8344.4
19723 10276.5 8254.1
19724 10306.7 8742.8
19725 10313.7 8813.6
19726 -163.2 -3889.4
19727 10915.6 8427.7
19728 10927.8 8370.5
19729 10874.1 8404.8
19730 11195.2 7465.6
19731 11247.2 7437.3
19732 11494.6 7365.4
19733 10774.3 8898
19734 10795.5 8853.4
19735 10709 8864.4
19736 10823 8924
19737 -187.4 -3902.3
19738 10840 8563.5
19739 10823.1 8817.3
19740 10733.2 8393
19741 10950 8853.4
19742 10370.3 8258.7
19743 10434.7 8152
19744 10399.6 8276
19745 10392.3 8126.7
19746 10715.9 8429.2
19747 10338.2 8459
19748 2091.3 2632.6
19749 -390.9 -3269.9
19750 10260.4 8715.2
19751 10282.5 8676.9
19752 10794.5 8240.1
19753 10808.5 8216.5
19754 10782.4 8262
19755 10894.9 8279.2
19756 10826.3 8773.9
19757 10556.5 8141.3
19758 10599.2 8165.8
19759 10899.2 8355.2
19760 -196.9 -3934.4
19761 10540.7 8214.5
19762 11003.8 7377.6
19763 10780.4 8464.9
19764 10768.3 8484.7
19765 11052.6 8283.1
19766 10396.8 8776.7
19767 10257.7 8413.4
19768 10366.2 8842.6
19769 10320.6 8922.6
19770 10343.4 8882.6
19771 -162.7 -3963.6
19772 10358.4 8944
19773 10241.1 8878.6
19774 11297.6 7538
19775 10890.1 8687
19776 10984.5 7285.9
19777 10410.3 8866.9
19778 10604.7 8329.9
19779 10750.8 8513.5
19780 10725.6 8500.3
19781 10473.9 8362.1
19782 -300.1 -4037
19783 10120 8490.5
19784 10065.9 8618.9
19785 9433.5 9693
19786 10577.1 8794
19787 11420.2 7388
19788 10225.3 8342.8
19789 10538.7 8396.3
19790 10675.7 8845.2
19791 10458.6 8310.5
19792 10585.1 8189.3
19793 -129.9 -3911.9
19794 10993.7 8402.5
19795 10926.2 8294.2
19796 10957.7 8310.6
19797 10898.5 8346.4
19798 10499.5 8916.4
19799 10351.8 8103.8
19800 10929.6 8363
19801 10960.7 8379.1
19802 11751.1 7058.4
19803 11692.1 7031.8
19804 62.3 -4209.4
19805 10958 8386.6
19806 10858.8 8671
19807 12096.4 7210.9
19808 12080.2 7144.8
19809 12017.2 7252.6
19810 11978.5 7084.4
19811 11290.3 8186.4
19812 11259.8 8158.9
19813 11157.7 9378.6
19814 11050.4 8727.5
19815 -21.6 -3838.9
19816 11199.7 9298.5
19817 11603.5 7570.2
19818 11091.9 8358.2
19819 11671.3 7448.8
19820 11653.3 7480.3
19821 10425.9 9034.9
19822 10456 8991.3
19823 10863.6 9168.8
19824 11039.6 8776.1
19825 11032.3 8328
19826 -64.8 -3876.2
19827 11091.6 8301.2
19828 10379.3 9217.3
19829 11838.8 8331.7
19830 10824 9239.3
19831 11200.7 8141.7
19832 11788.4 8358.9
19833 11027.1 9240.3
19834 11087.2 8237
19835 11163.6 9214.9
19836 11858.4 7024.9
19837 41.6 -3808
19838 11928.8 7174.2
19839 11101.1 8210.9
19840 11004.9 8803.3
19841 11231 8427
19842 11143.8 8383.8
19843 11182.6 8650.8
19844 11765.4 7031.7
19845 11025.9 8812.9
19846 11376.3 8964.3
19847 11406.6 8981.4
19848 70.1 -3934.8
19849 11767.5 8701.5
19850 11796.8 8635.5
19851 12001.2 8283.4
19852 12036 8234.5
19853 12011.4 8161.3
19854 12513.3 7501.5
19855 12354.3 7679.6
19856 12460.9 8381.9
19857 12394.4 8477.4
19858 12922 8195.7
19859 1964.3 2853.1
19860 -42 -3815.3
19861 9718.7 9228.9
19862 9848.8 8999.4
19863 9691.5 9275.5
19864 9737 9196.2
19865 9750.9 9171.3
19866 9595.7 9424.3
19867 9623.7 9439.2
19868 9581.1 9450.5
19869 9610.8 9397.3
19870 9872.3 8958.3
19871 -287.1 -3668.5
19872 9636.8 9411.5
19873 9677.6 9296.4
19874 9564.7 9479.9
19875 9594.2 9494.7
19876 9528.1 9545.3
19877 9974.7 8333.8
19878 10316.3 8099.6
19879 11280.2 4876.9
19880 11266.8 4902.2
19881 11221 4847.3
19882 -112.5 -3811.8
19883 11131.3 4752.4
19884 11188.4 4714.5
19885 11303.2 4952.4
19886 11191.7 4832.2
19887 11208.5 4868.1
19888 11114.9 4782.1
19889 11093.8 4760.6
19890 11162.9 4815.3
19891 11181.1 4789.8
19892 11148.1 4840.8
19893 -272.6 -3809.3
19894 11102.3 4727.8
19895 11148 4872.5
19896 11110.6 4700.7
19897 11254.9 4924.7
19898 11222.5 4939.9
19899 11050.6 4861.7
19900 11162.9 4944.2
19901 10961.5 4816
19902 11083.1 4824.4
19903 11155.4 4775.2
19904 -403.1 -2669
19905 10949.4 4754.5
19906 10989.4 4659.3
19907 11193.4 4893.2
19908 11218.2 4903.6
19909 10940.4 4833.6
19910 11079.7 5043.1
19911 11029.4 4683.5
19912 11134.4 4899.9
19913 11109.1 4851.4
19914 11074.5 4867.7
19915 -347.6 -2588
19916 11083.4 4685.3
19917 11292.8 4853.3
19918 11329.3 4905.2
19919 11191.4 4922.2
19920 11573.6 5125.9
19921 11236.6 4821.4
19922 10906.8 4783.2
19923 11179.9 4955
19924 11039.8 4660.5
19925 11099.4 4651.5
19926 -433.4 -2726.9
19927 11094.6 4878.5
19928 11236.7 4914.3
19929 11114.3 4889.1
19930 11052.3 4748.3
19931 10790.7 3955.7
19932 10816.6 4008
19933 10734.7 3986
19934 10942.6 4289.6
19935 10965 4303.3
19936 10926.4 3768.6
19937 -377.2 -2676.8
19938 10893.7 3836
19939 11615.8 4762.6
19940 11560.1 4798.2
19941 10994.3 4259.2
19942 11046.8 4200.5
19943 11443.2 4657.1
19944 11465.8 4681.4
19945 11572 4532
19946 11381.4 4704.3
19947 11430.5 4783.8
19948 -461.8 -2893.3
19949 11401.8 4755.6
19950 11456.2 4768.9
19951 10838.7 3810.5
19952 10785.8 3800.7
19953 10814.3 3869.2
19954 11057.9 4623
19955 11025.5 4580.1
19956 10783.7 3855.4
19957 10776.8 3883.1
19958 11532.2 4767.1
19959 -453.1 -3100.6
19960 10939.7 3857.8
19961 10923.7 3899.9
19962 11360.9 4721.4
19963 11017.1 11751.7
19964 11805.1 9336.2
19965 5765.9 14081.2
19966 5741.9 14122.1
19967 5888.1 13733.5
19968 9145.7 6837.5
19969 9120.9 6879.8
19970 1918.2 2927.4
19971 -401.6 -3274.7
19972 9152.5 6899.1
19973 9159.7 6655
19974 9134 6700
19975 9067.4 6624.6
19976 7693.3 7036.4
19977 7753.1 7070.3
19978 7559.1 7077.2
19979 9938.8 8104.7
19980 9959.6 8067.9
19981 9912.9 8151
19982 -482.6 -2448.1
19983 9881.7 8076.5
19984 9277.9 7933.9
19985 9307.8 7951.3
19986 9209.2 7894.1
19987 8181 8131.6
19988 8161.8 8119.1
19989 9050.4 6761.1
19990 9070.7 6723
19991 8991.7 6761.1
19992 9994.6 8084.3
19993 -413.8 -2621.6
19994 9884.4 8283.2
19995 10019.3 8100.4
19996 8820.7 8422.4
19997 8910.6 8477.3
19998 8994.4 8320.7
19999 7887.9 7150.2
20000 9079.8 6923.1
20001 9054.2 6906.6
20002 9031.7 7000.7
20003 9085 6858.6
20004 -512.4 -2553.2
20005 9042.3 6671
20006 7824 7110.6
20007 9850.9 8264.4
20008 9803.7 8237.9
20009 9880.8 8212
20010 7933.1 7180.8
20011 9951.5 8320.8
20012 10017.7 8203.1
20013 9045.5 6265.4
20014 9090.9 6684.8
20015 -700.5 -2321.6
20016 9152.5 6709.7
20017 9079.8 7032.3
20018 8062.6 7251.1
20019 9094.7 7093.9
20020 9058.2 7159
20021 9058.5 7069.8
20022 9135.3 7116.2
20023 9803.9 6987.1
20024 9720.6 6970.7
20025 9817.4 6962.4
20026 -738 -2259.4
20027 9424.3 7209.8
20028 9386.3 7333.6
20029 9172.9 7137.9
20030 9184.6 7120.4
20031 9159 7161.2
20032 9402 7196.5
20033 9367.3 7176
20034 9571.6 7801.7
20035 9534.7 7782.3
20036 9870.8 7024.1
20037 -669.7 -2362.1
20038 9035.3 7051.8
20039 9056.2 7017.4
20040 8994.1 7121
20041 9005.6 7033.7
20042 9895.3 7855.4
20043 9870 7900.2
20044 9924.5 7880.2
20045 8958.3 7052
20046 8937.1 7087.6
20047 9097.3 7182.4
20048 -640.3 -2370.9
20049 9476.6 7681.1
20050 9503.9 7698.6
20051 9386.9 7624.6
20052 9442.9 7732.8
20053 9685 7526.2
20054 9665 7560
20055 9630.3 7497.1
20056 9769.1 7530.9
20057 8841.5 7021.9
20058 8842.8 6969.5
20059 -669.5 -2286.8
20060 9648.3 7588.4
20061 9773.8 7670.7
20062 9639.1 7609.7
20063 8485.1 7169.8
20064 9589.8 7437.2
20065 8966.2 7103.8
20066 10059.2 7571
20067 10137.7 7616
20068 10035.1 7613.4
20069 9602.2 7588.7
20070 -773.8 -2204.3
20071 9580.5 7576.4
20072 9528.1 7712.6
20073 9133.7 7204.6
20074 9109 7245.2
20075 9200.2 7242.5
20076 9672.1 7628.3
20077 9751.1 7715.1
20078 9755.8 7075.7
20079 9824.7 7110.8
20080 9769.3 7050.7
20081 1883.2 2609.8
20082 -726.4 -2189.9
20083 9687.3 7037.7
20084 9619.2 7514.8
20085 9600.1 7545.3
20086 9229.7 7193.5
20087 8796.1 7085.1
20088 8823.8 7103.7
20089 8822.1 7013.1
20090 9779.2 7032.5
20091 9791.7 7009.6
20092 9080 7294.3
20093 -794.2 -2162.6
20094 9071.6 7228.9
20095 9020.4 7136.8
20096 9759.9 6900.4
20097 9562.2 7731.8
20098 9836.3 7006.8
20099 9458.8 7230.5
20100 9516.4 7263.3
20101 9482 7203.2
20102 9937.7 6741.6
20103 9535 7246.6
20104 -817.8 -2183.8
20105 9148.2 7331.1
20106 9177.5 7280
20107 9457.6 7361.9
20108 9096.7 7427.3
20109 9076.5 7412
20110 9878.9 6705
20111 9538.8 7354.8
20112 9516.1 7396.6
20113 9015.6 7229.7
20114 9643.3 7464
20115 -801.1 -2204
20116 8673.9 6922.3
20117 9573.5 7040.8
20118 9557.6 7067.7
20119 9619.6 7085.4
20120 9678.1 7065.2
20121 9545.1 7763
20122 9721.4 6893.1
20123 9014.3 7579.1
20124 8915 7517.4
20125 9536.9 7646
20126 -863.1 -2217.3
20127 9419.6 7433.4
20128 9593.1 6877.6
20129 8683.7 7113.3
20130 9769.5 6680.5
20131 10180.8 7640.8
20132 10223.4 7664.7
20133 10274.1 7490
20134 8758.8 7649
20135 9444.5 7182.1
20136 9401.2 7463.8
20137 -588.7 -2407
20138 10356.6 10289.3
20139 10378 10305.7
20140 10313.8 10247.6
20141 10161.9 10608.1
20142 10403.2 10560.2
20143 10848.8 9946.7
20144 10809.9 9880.9
20145 10687 10348.8
20146 10741.5 10273.2
20147 10717.7 10232.6
20148 -628.1 -2425.8
20149 10816.2 10225.8
20150 10900.1 9808.8
20151 10741.5 9940.2
20152 9078.6 10828
20153 9012.8 10786.5
20154 9100 10794.6
20155 9021.6 10915.6
20156 10931.3 9832.8
20157 9874.6 11144.2
20158 9049.1 10930.8
20159 -622.7 -1418.3
20160 9323.7 11421.3
20161 9348.2 11446.6
20162 10399.8 10133.1
20163 10358.3 10077
20164 10272.1 10139.1
20165 9954.1 11202.1
20166 9442.4 10366.1
20167 8826.1 11017.6
20168 11955.5 9060.8
20169 9369.7 11303.5
20170 -706 -1429.6
20171 10223.5 10074.8
20172 9837.7 10850.6
20173 8441.8 11361.4
20174 9798.7 11144
20175 10980.9 9887.1
20176 10998 9917.7
20177 9467.5 11573.7
20178 9007.3 11001.1
20179 8973.5 11051.4
20180 10787 10251.6
20181 -532.2 -1418.4
20182 9896.2 10898.6
20183 9776.8 10793.6
20184 8990.1 10686.3
20185 8796.9 11497.4
20186 8679.4 10684
20187 8911.8 10606.6
20188 10404.2 10325.8
20189 13941.6 6908.9
20190 13927.8 6879.3
20191 13920.6 6851.3
20192 1759.9 3193.4
20193 -601.9 -1567.8
20194 11497 6741.5
20195 11374.8 6379.3
20196 11440.1 6338.1
20197 11410.7 6402
20198 11650.7 6024.4
20199 6455.4 5103.2
20200 7114.8 4817.1
20201 7153.7 4756.6
20202 7155.7 4851.8
20203 6775.2 4717.9
20204 -867.9 -1451.2
20205 6795.5 4673.6
20206 5931.9 4326.8
20207 5975.3 4349.2
20208 5875.1 4773.4
20209 5917.2 4700.8
20210 5923.4 4786.7
20211 5949.2 4837.5
20212 6297.9 5124.9
20213 6792.1 4176.9
20214 6711.2 4139.2
20215 -775.8 -1438.9
20216 6830 4194.6
20217 6768.2 4223.1
20218 9205.2 6668.5
20219 9184 6657.5
20220 9258.5 6701.9
20221 6615.4 4265.4
20222 6659 4287.1
20223 6594.6 4307.6
20224 6332.6 4631.4
20225 6186.6 4904.4
20226 -875.5 -1493.7
20227 6154.6 4959.9
20228 6090.8 4850.6
20229 6782.9 4794.8
20230 6798.2 4765.8
20231 6766.7 4826.3
20232 6862 4834.8
20233 5999.3 4889.4
20234 6730.9 4645.4
20235 6130.5 4721
20236 6180.1 4691.5
20237 -877.1 -1735.7
20238 6080.8 4752
20239 6148.1 4523.9
20240 6216.6 4854.1
20241 9657.6 7100.5
20242 6925.8 4982.5
20243 5954 4789.9
20244 5954.9 4733.4
20245 6898.5 5281.2
20246 6939.5 5261.6
20247 6887.1 5191
20248 -869.7 -1764.1
20249 6731.2 5304.6
20250 6686.5 5276.8
20251 6685.6 5397.4
20252 6744.5 5393.3
20253 5973.9 4761.6
20254 6009.6 4734.5
20255 9670.8 6863.5
20256 9655.5 6890.8
20257 9682.1 6842.3
20258 6862.3 5361.2
20259 -914.2 -1740.7
20260 6958.4 5365.6
20261 6222.9 4665.4
20262 6207.6 4558.9
20263 6237.5 4777.9
20264 6360.9 4325.1
20265 6328.9 4394
20266 6386.5 4376.6
20267 6314.3 4419.9
20268 5845.3 4429.2
20269 6302.3 4615.3
20270 9625.2 5702.7
20271 6269.5 4595.3
20272 6103.1 4496.1
20273 6068.8 4476.3
20274 6017 4644.4
20275 6112.8 4239
20276 6158.7 4264.6
20277 6061.5 4338.6
20278 6291.3 4337.7
20279 6727.4 5200.3
20280 6738.8 5175.6
20281 9637.3 5952.7
20282 6707.7 5239.9
20283 6763.2 5217.9
20284 6904.2 5155.5
20285 6946.3 5170.6
20286 6922.2 5106.6
20287 5948.9 4887.7
20288 6638.4 5371.5
20289 6730.9 5422.8
20290 6697.5 4928.1
20291 5848.2 4873.7
20292 9663.6 5948.2
20293 5789 4840.5
20294 5996.1 5003.4
20295 6762.1 4337.8
20296 6787 4285.4
20297 6737.5 4326
20298 6829.7 5302.9
20299 6774.4 5406.2
20300 6124.3 5013.7
20301 6092.9 5076.6
20302 6239 5059.3
20303 1851.8 3293.4
20304 9670.7 5969.9
20305 8705.7 6878.1
20306 9272.3 6783.2
20307 6581.7 5632.1
20308 6230.6 5598.5
20309 6104.9 4363.8
20310 6036.3 4382
20311 6369.2 5145.5
20312 6426.5 5162.7
20313 5997.5 4948.5
20314 9216.5 6574.1
20315 12175.6 7168.8
20316 6278.8 5192.9
20317 6398.7 5229.1
20318 6264.4 5249.6
20319 5883.2 4379
20320 5864.7 4409
20321 5810.5 4342.3
20322 6007.6 4437.4
20323 6652.9 5131.4
20324 6679.5 5145.8
20325 -5924.1 2607.3
20326 12161.7 7190
20327 -5976.5 2593.9
20328 6636 5248.5
20329 9587.9 7014.6
20330 9602.4 6990.2
20331 9641.5 7044.9
20332 9525.8 6998.5
20333 7105.2 5255.6
20334 7175.5 5312.1
20335 7085.1 5336.4
20336 7118.4 5206.7
20337 12065.9 7112.9
20338 5930.9 4589.9
20339 9703.6 7238.1
20340 9736.3 7178.4
20341 9674.6 7223.9
20342 6500.7 4274
20343 6708.3 5478.1
20344 6915.6 5596.5
20345 9190.6 6460.2
20346 7080.5 5191
20347 6881.6 5110.7
20348 11795.1 6985.2
20349 5924.4 5230.1
20350 5846.8 5186.4
20351 5993.6 5099
20352 5991.7 5268.7
20353 8542.9 7091.1
20354 7088.4 5376.9
20355 7064.8 5365.2
20356 7092.6 5429.4
20357 6189.4 4548
20358 6237.7 4576.1
20359 12368 7269
20360 6294.7 4459.5
20361 6120.3 4432.4
20362 6222 4487
20363 6102.8 4463.9
20364 6145.8 4388.8
20365 6541.5 5561.4
20366 6584.3 5478.3
20367 6489.9 5537.3
20368 9256.5 6494.4
20369 6054.3 4709.3
20370 12329.4 7334.8
20371 7262.8 4803
20372 -5963 2507.8
20373 5968.8 4613.5
20374 6817.4 5385
20375 6428.6 4396.7
20376 6981.1 4862.1
20377 7142.6 5116.2
20378 7226.6 5539.9
20379 7095.1 5644.4
20380 6313.1 4507.6
20381 7402.3 4164.4
20382 6279.6 4491
20383 6628.9 4365.9
20384 6580.7 4340.2
20385 6699.4 4401.6
20386 6468.8 4821.5
20387 6427.7 4809.6
20388 9794 7169
20389 6611.6 5426.1
20390 7000 5333.7
20391 6062.5 5136.9
20392 7441.7 4180.5
20393 697.1 2272.3
20394 6050.1 4465.5
20395 9803 7204.1
20396 6713.7 4375.4
20397 6693.8 4304.5
20398 6950.5 5470
20399 6980.4 5374.6
20400 7078.6 5523.2
20401 8760.8 7161.1
20402 6460 4350.5
20403 6539.2 4183.3
20404 6434.8 4400.8
20405 6247 4313.6
20406 6242.7 4442.5
20407 6885 5359.8
20408 -4113.9 4515.5
20409 -4286.7 4394.2
20410 11233.3 8152.4
20411 10380.5 2321.5
20412 10454.1 2426.1
20413 10590.4 2180.7
20414 1559.9 3542.2
20415 6582.4 4044.5
20416 10173.5 2464.6
20417 11759.3 4235.1
20418 10961.3 2282.2
20419 10902.7 2196.9
20420 10248.1 2566.5
20421 10113.4 2655.9
20422 10520 2531.6
20423 11748.9 4492
20424 11669.8 4471.9
20425 10555.2 3381.1
20426 6624.7 3980.7
20427 10544.6 3354
20428 10506.1 3398.7
20429 10628.8 3573.5
20430 10619.4 3546.5
20431 10597.5 3601.4
20432 11704 4441
20433 10927 3713.5
20434 10954.7 3677.4
20435 10555.2 3497.8
20436 10599.5 3564.3
20437 6540.2 4216.7
20438 10435.8 3443.8
20439 10458.1 3463.8
20440 10394.5 3410.6
20441 10482.3 3408.1
20442 10850.1 3532.2
20443 10867.3 2145.5
20444 10797 2041.7
20445 10594.6 2330.1
20446 10453.2 3245.3
20447 11233.9 2283.6
20448 6519.6 4206.9
20449 10943.6 3569
20450 10965.1 3509.2
20451 10869.6 3651.5
20452 10911 3560.2
20453 10440.5 2891
20454 10461.4 2883.3
20455 10581.1 3448
20456 10568.9 3414.9
20457 10635.7 2251.5
20458 10617 4191.1
20459 6578.5 4188.9
20460 10602.6 4154.3
20461 10663.7 4174.7
20462 10574.3 4207.7
20463 10672.9 4357.5
20464 10626.7 4047.4
20465 10596.9 4056.5
20466 10656.9 4032.3
20467 10650.3 4108.6
20468 10611.5 4004.3
20469 10511.8 4100.4
20470 6364.3 4642
20471 10537.5 4084
20472 10486.8 4057.9
20473 10720.8 4114.5
20474 10741.3 4081.2
20475 10682.2 4011.9
20476 10548.6 4021.7
20477 10531.9 3976.3
20478 10566.3 4066.9
20479 10733.9 3753.4
20480 10596.2 4129.4
20481 6398.9 4665
20482 10764.6 4221.4
20483 10620.9 3845.3
20484 10602.2 3888.3
20485 10643.1 3790
20486 10670.8 3980.1
20487 10563.8 3890.1
20488 10557.1 4237.4
20489 10710.1 4317.2
20490 10585.6 3929.6
20491 10464.8 4023.4
20492 6318.7 4830.1
20493 10728.8 4285.6
20494 10691 4263.7
20495 10487.7 3986.1
20496 10446.7 3993.6
20497 10642 4376.5
20498 10549.9 3943.5
20499 10425.6 5058.8
20500 10423.9 5100.2
20501 10468.6 5016.6
20502 10416.9 4991.9
20503 6384.7 4541.3
20504 10597.6 4938.3
20505 10561.7 4857.9
20506 10514.4 4899.8
20507 10469.3 4942.7
20508 10470.5 4797.6
20509 10057.9 4834.2
20510 9883.7 4952.5
20511 10042.1 4812.2
20512 10401.8 4829.4
20513 10332.8 4863.8
20514 6213.9 5224.2
20515 10503.2 4684.7
20516 10120.6 4546.1
20517 10234.7 4425.8
20518 10007.9 5399.6
20519 10078.6 5411.5
20520 9450.8 4986.1
20521 9408.8 4939.2
20522 9576.8 4901.7
20523 10183.5 4653.5
20524 10002.3 4753.4
20525 1740.3 3649.7
20526 6159.5 5356.7
20527 9827.6 4496.3
20528 9737.4 4363.7
20529 9316.9 4509.4
20530 9284.7 4574.5
20531 9252.8 4768.3
20532 9177.8 4824.9
20533 9308 4827.3
20534 9644.9 4619.3
20535 9634.4 4601.8
20536 9455.1 4658.9
20537 6178.1 5359.5
20538 10561.2 5103.4
20539 10231.1 5098.4
20540 10270.3 4732.9
20541 10107.4 4900.4
20542 9306 5025
20543 10064.4 5218.3
20544 9949.5 4300.5
20545 10441.1 4530.1
20546 10431.3 4468.5
20547 10313.2 4589.7
20548 6143.1 5430.8
20549 9866.8 4930.5
20550 10184.8 4396
20551 10083.6 4327
20552 10094.2 4492.9
20553 10144.9 4968.2
20554 10284.9 4801.8
20555 9528 5234.2
20556 9448 5164
20557 10572.5 5062.6
20558 10628.2 5058.3
20559 6398.3 5488.7
20560 9972.4 5083.5
20561 10235 4754
20562 10467.6 4630.5
20563 10362 4226.7
20564 9729.9 4545.3
20565 9669.2 5084
20566 10048.5 4449.6
20567 10027.3 4410.4
20568 9965.2 4503.7
20569 10481.9 4586.8
20570 9157.7 6249
20571 10641.4 4515.5
20572 10493.5 4619.7
20573 10408.4 4417.4
20574 10400.8 4364.3
20575 10322.1 4461
20576 9218.5 4728.9
20577 9419 4660.3
20578 10342 4506.2
20579 10287.5 4532.4
20580 9547.1 4483.7
20581 9271.9 6313.8
20582 9191.7 4704.6
20583 9029.4 4687.1
20584 10587.8 5008
20585 10616.9 5007.2
20586 10510.9 4976.1
20587 10206 4706.3
20588 10354.6 3893.6
20589 10383.9 3885.6
20590 9334.8 5473.8
20591 9365.1 5461.2
20592 9110.1 6216.6
20593 9974.9 4260.3
20594 9557.6 5258.7
20595 9577.9 5279
20596 10658.7 5053.3
20597 10301.3 4417
20598 10656 5088
20599 10344.4 4388.8
20600 10577.4 4394.2
20601 10513.5 4429.8
20602 10550.7 4349.8
20603 11901.3 5080.9
20604 10457.8 4522.2
20605 9791.1 5228.9
20606 9746.3 5165.3
20607 9713 5245.7
20608 10301 4313.3
20609 10424.8 4414.6
20610 10469.9 4332.5
20611 9946.8 5626
20612 9995.4 5532.6
20613 9951.5 5379.5
20614 11852.3 5039
20615 10533 4767.1
20616 10595.3 4738.2
20617 10570.5 4847.4
20618 9924 5020.7
20619 10452.4 4599.2
20620 10491.2 4384
20621 9734.6 5093.9
20622 9874.4 4565.3
20623 10773.7 4974.1
20624 10728 4952.3
20625 11866.8 5006.3
20626 10798.8 4862.4
20627 10712.5 5061.3
20628 9474.9 5355.3
20629 9520.3 4823.1
20630 9847.4 4182.5
20631 10194.8 4648.2
20632 10243.4 4686.8
20633 10276.6 4367.9
20634 9606.5 5303.5
20635 10525.2 4307.6

# Edges
0 1
0 11112
0 14481
0 15081
1 12859
1 13970
1 14510
2 693
2 4446
2 14802
2 19525
3 225
3 14637
3 20414
3 20525
4 20603
4 20614
4 20625
5 20563
5 20610
5 20635
6 17
6 20515
6 20626
7 261
7 262
7 20520
8 19
8 14093
8 20571
9 13
9 267
9 20534
9 20549
10 1175
10 1178
10 1193
10 20593
11 20565
11 20594
11 20606
11 20621
12 1176
12 1199
12 20563
13 14
13 261
13 20522
13 20565
14 20549
14 20565
14 20621
15 26
15 37
15 48
15 59
16 20527
16 20544
16 20568
17 200
17 223
18 356
18 366
18 5189
18 17315
18 17340
18 20532
19 14106
20 20605
20 20618
20 20621
21 22
21 23
21 18598
22 74
22 14271
23 27
23 74
24 19933
24 20474
24 20475
24 20485
25 6102
25 6158
25 6225
26 11359
27 28
27 29
27 72
28 4799
28 7596
29 18594
29 18598
30 33
30 4426
30 11393
30 16363
31 40
31 51
31 20493
32 14108
32 19433
33 34
33 180
33 11393
34 180
34 16361
35 19932
35 19933
35 20474
36 6058
36 6080
37 10558
37 10569
38 18487
38 18506
39 40
39 41
39 7653
39 11008
40 62
40 8313
41 57
41 8313
42 20466
42 20468
42 20484
42 20486
43 44
43 20477
43 20495
43 20498
44 11335
44 11338
45 53
45 20482
45 20493
46 14293
46 14305
46 16365
47 4715
47 4716
47 14091
48 10646
48 18556
49 50
49 6080
49 18594
50 54
50 4799
51 62
51 63
52 16905
52 16906
52 18589
52 18601
53 20461
53 20494
54 55
55 73
55 4799
56 57
56 8313
56 18531
57 11008
58 64
58 65
58 66
58 78
58 231
59 10313
59 10369
60 10418
60 16761
60 18542
61 68
61 69
61 71
61 18530
62 7653
63 7653
63 7654
64 14096
64 19910
65 66
65 263
66 11875
67 16758
67 18506
68 84
68 7658
69 18529
69 18539
70 81
70 92
70 103
71 18539
72 73
72 74
72 7596
73 7596
75 4712
75 4713
75 4715
75 14108
76 77
76 17815
77 11372
78 79
78 231
79 243
79 263
80 82
80 14099
80 14100
81 16897
81 19440
82 14282
82 17350
83 5235
83 16758
83 19945
84 7655
84 18531
85 7586
85 14360
85 14371
86 20364
86 20405
86 20406
87 88
87 17520
87 20200
88 89
88 20200
89 17498
89 20376
90 17531
90 20231
90 20232
91 98
91 17507
91 17525
92 148
92 159
92 19419
93 533
93 20214
93 20216
94 95
94 20217
94 20397
95 96
95 97
96 20222
96 20459
97 20214
97 20459
98 17500
98 17528
99 532
99 17508
99 17528
100 102
100 17550
100 20280
101 124
101 16945
101 20344
102 17532
103 16985
103 19469
104 20282
104 20283
105 5207
105 20290
106 538
106 17506
107 20317
107 20318
107 20389
107 20514
108 17536
109 3470
109 20387
110 20276
110 20364
110 20405
111 112
111 113
112 2644
113 707
114 4730
114 20192
114 20414
115 126
115 137
115 11292
115 11425
116 119
116 20285
116 20286
117 120
117 121
117 20335
118 119
118 20285
118 20390
119 20346
120 589
120 20334
121 588
121 589
122 622
122 20378
123 20356
123 20378
123 20400
124 20344
125 616
125 2641
125 20308
126 181
127 128
127 129
127 130
128 2639
129 2638
129 7696
130 132
130 20293
130 20351
131 2640
131 2642
131 2643
131 20352
132 20350
132 20351
133 651
133 20240
133 20263
134 20225
134 20240
135 136
135 138
135 17444
136 19166
136 20395
137 16966
137 16975
137 18473
138 140
138 20395
139 140
139 8871
139 20388
139 20395
140 8872
141 716
141 18439
141 19219
142 143
142 144
142 145
142 20330
143 10095
143 10096
143 20128
144 146
144 10096
145 10073
145 20128
145 20330
145 20332
146 20083
146 20330
146 20331
147 156
147 18994
147 20005
148 159
148 19406
148 19423
148 19436
149 157
149 10704
149 10706
149 20005
150 151
150 152
150 19636
151 8885
151 8887
151 20110
152 8888
152 20130
153 154
153 155
153 2899
154 18995
155 158
155 19189
156 157
156 18995
157 158
158 10704
159 19436
159 19469
160 161
160 10079
160 10081
160 10082
160 10097
161 10040
161 10041
162 10090
162 20130
163 18395
163 20220
164 20063
164 20353
165 166
165 167
166 178
167 175
167 183
168 169
168 171
168 172
169 171
169 173
169 188
170 181
170 8003
170 8014
170 8025
170 8036
171 187
172 173
173 17303
174 175
174 176
174 177
176 19610
177 183
177 19612
178 19203
179 180
179 184
179 185
179 11394
179 17303
181 18473
182 4834
182 4837
182 19202
183 19205
184 682
184 17303
185 675
185 676
186 187
186 667
186 18414
187 188
188 17303
189 317
189 16413
189 16414
190 220
190 322
190 16410
190 16413
191 193
191 194
191 20611
192 203
192 214
192 226
192 5238
192 20603
193 207
193 215
194 215
194 250
194 365
195 265
195 16662
195 20591
195 20628
196 197
196 198
196 305
197 278
197 307
197 313
198 279
198 287
198 288
198 307
199 210
199 222
199 20624
200 222
200 20624
200 20626
201 202
201 204
201 205
202 205
202 266
203 226
203 237
204 236
204 238
204 239
205 295
206 309
206 334
206 16318
207 208
207 209
207 215
207 382
207 20611
208 243
208 278
208 19662
209 280
209 285
210 20504
210 20596
211 222
211 20504
211 20616
211 20617
212 213
212 240
212 16289
213 235
213 16407
213 16408
213 16414
214 11703
215 216
216 250
216 280
217 218
217 219
217 16298
218 251
219 312
219 16310
219 16381
220 221
220 1202
220 16413
221 6787
221 6788
221 6789
221 16421
221 17345
222 223
223 20616
224 227
224 228
224 229
224 20607
225 336
225 20525
226 19572
227 229
227 233
227 327
228 327
228 20607
229 246
229 264
229 20613
230 231
230 323
230 8424
232 233
232 234
232 245
233 246
233 247
234 257
234 294
235 240
235 16414
236 244
236 293
237 248
237 259
238 266
238 20628
238 20634
239 244
239 247
239 20634
240 275
241 242
241 11874
241 19652
242 8413
242 11389
242 19652
243 263
243 278
243 5168
244 245
245 293
246 257
246 264
247 327
248 270
248 292
249 321
249 331
250 20518
251 312
251 16320
251 16326
252 253
252 254
252 255
253 272
253 273
253 274
254 273
254 20598
255 274
255 20626
256 20555
256 20591
257 258
257 260
257 20611
258 300
258 315
259 11703
260 264
260 20612
260 20613
261 262
262 306
263 273
263 286
263 326
263 333
265 266
267 268
267 20534
268 332
268 20522
269 271
269 333
269 20598
270 281
270 292
270 11769
271 288
271 20500
272 274
272 326
275 317
276 277
276 278
277 287
277 307
278 284
278 313
279 20500
279 20519
280 305
280 328
280 20519
281 303
281 11681
281 11781
282 283
282 352
282 353
282 358
282 17344
283 310
283 17344
284 285
285 328
286 287
288 333
289 320
289 16949
289 20521
290 304
290 316
290 20521
291 316
291 332
291 20521
292 7847
293 294
293 295
294 315
295 300
296 297
296 298
296 299
297 299
297 311
298 318
298 319
300 301
301 20611
302 304
302 17314
302 20533
303 7858
303 11658
303 11681
304 320
305 313
306 16949
306 20555
308 330
308 16319
308 16417
309 16319
309 16402
310 311
311 318
312 16391
313 328
314 325
314 11828
314 11829
314 11830
316 20533
320 17314
321 322
321 6788
323 8424
323 11874
324 8402
325 337
329 16310
329 16390
329 16391
330 16402
330 16418
331 16411
331 16420
332 20577
332 20629
334 16405
334 16423
335 338
335 339
336 447
336 20303
337 15004
337 19573
337 19575
337 19577
338 346
338 17337
338 17343
339 346
339 17293
340 17302
340 17315
341 387
341 16950
342 17271
342 17339
342 18374
343 17277
343 17283
343 18372
344 345
344 377
344 383
345 352
345 376
345 16947
347 17287
347 17297
347 17302
348 359
348 14737
349 350
349 351
349 20530
350 20529
350 20577
351 363
351 378
352 374
353 360
353 368
354 373
354 511
354 17310
355 388
355 16952
356 5189
356 20531
357 361
357 7587
358 16947
359 14749
360 374
360 5187
361 362
361 20611
362 382
362 7587
363 379
363 20576
364 5168
364 8402
364 8413
364 11389
365 20518
365 20611
366 17314
366 20532
367 368
367 369
368 371
368 5187
369 372
369 380
370 381
370 14737
371 372
372 18373
373 17309
373 17313
374 376
375 385
375 4850
375 17276
376 377
378 379
378 20530
379 20582
380 18372
381 392
381 14726
382 19662
383 384
383 16946
384 6790
384 16946
385 386
385 387
385 511
386 389
386 5196
387 389
388 511
389 5196
390 391
390 393
390 429
390 483
391 430
391 456
391 464
392 14693
393 462
393 464
394 395
394 401
394 16664
394 16787
395 400
396 397
396 398
396 399
397 442
398 421
398 442
398 472
399 432
399 472
400 401
400 402
400 404
401 507
401 16788
402 477
402 478
403 414
404 477
404 494
405 406
405 407
405 408
405 409
406 453
406 456
406 500
407 439
407 508
408 452
408 453
409 500
409 501
410 411
410 412
410 413
411 527
411 11274
412 451
412 517
413 517
413 529
414 14904
415 416
415 417
415 429
416 445
416 520
416 524
417 462
417 520
418 419
418 420
418 473
419 435
419 519
420 521
420 522
421 422
421 423
421 424
422 441
422 16788
423 440
423 441
424 434
424 443
424 444
424 471
425 2741
425 17371
426 427
426 428
426 19303
427 489
427 490
427 491
428 439
428 490
428 494
429 493
429 499
429 524
430 460
430 513
431 432
431 17454
431 19005
432 471
432 480
433 438
433 439
433 507
433 16788
434 440
434 444
434 458
434 460
434 512
435 437
435 18367
436 459
436 2653
436 17371
437 510
438 440
438 441
439 452
443 479
443 480
444 504
445 446
445 449
445 450
446 455
446 520
447 2936
447 19970
448 459
448 481
448 14173
449 474
449 493
450 455
450 474
451 486
451 487
451 488
452 454
453 454
454 512
455 465
455 17326
456 457
456 460
456 463
456 512
457 463
457 464
458 504
458 506
459 2740
459 15383
459 15384
460 512
461 462
461 463
461 464
463 476
465 17284
465 19414
466 467
466 468
466 485
466 523
467 486
467 495
468 495
468 499
469 519
469 526
469 18367
470 481
470 492
471 472
473 474
473 493
473 521
475 596
475 631
475 18377
476 500
476 501
477 478
478 497
479 502
479 504
479 505
480 518
481 2673
481 14172
481 14173
482 483
482 484
482 485
483 484
484 513
485 499
486 487
486 523
487 5223
487 17336
488 11274
488 11275
489 509
489 19303
490 496
491 496
491 509
492 536
493 498
493 524
494 507
495 498
495 521
496 497
497 509
498 499
501 508
502 505
502 518
503 514
503 536
503 547
503 1069
503 2630
505 516
506 515
506 517
506 523
508 19414
510 17326
513 523
514 525
514 2693
515 516
515 517
518 17454
519 522
522 526
525 2628
525 2630
525 2693
525 2712
525 12977
525 17176
526 5219
526 5223
527 528
527 529
528 11276
529 5234
530 541
530 17508
531 532
531 640
531 17481
533 16617
534 535
534 537
534 17509
535 562
535 580
535 20371
536 547
536 2665
536 2666
536 2672
537 586
537 629
538 539
538 3470
539 20404
539 20470
540 4791
540 16617
540 17481
541 17509
542 543
542 588
542 589
542 20334
543 5212
543 5214
544 545
544 16944
544 20343
545 20366
546 598
546 606
546 3436
546 3448
547 1058
548 554
548 606
548 613
548 3448
549 550
549 20321
550 590
550 599
551 556
551 600
551 605
552 553
552 554
552 555
553 566
553 567
554 567
555 576
555 586
555 595
556 598
556 644
556 3436
556 5205
557 560
557 561
557 566
557 607
557 608
558 669
558 780
558 2336
559 570
559 581
559 12977
559 13036
559 13310
560 598
560 644
561 583
561 607
561 638
562 563
562 564
562 565
563 575
563 576
563 612
564 580
564 611
565 576
565 586
566 576
567 608
568 569
568 571
568 572
568 18363
569 572
569 601
570 13303
570 17179
571 601
572 596
573 11275
573 17335
574 594
574 8750
574 11273
574 17335
575 607
575 609
577 578
577 579
577 648
578 583
578 638
578 5206
579 644
579 5205
580 642
581 13313
581 13314
582 583
582 584
582 585
584 609
584 610
585 607
585 609
586 633
587 20284
587 20347
588 20356
590 591
590 593
591 593
591 599
592 603
592 614
592 625
592 636
592 11863
592 11864
592 17178
594 628
595 613
595 633
596 597
597 601
599 20321
600 601
600 605
602 604
602 605
602 631
603 636
603 12888
604 649
604 17332
606 608
609 612
610 611
611 612
613 639
614 7537
614 15965
615 20548
616 2641
616 20548
617 20202
618 619
618 620
618 621
619 635
619 646
620 637
620 648
621 646
621 650
622 623
622 624
623 643
624 10889
624 10893
624 11279
625 13286
625 13318
626 4724
626 9779
627 628
627 11274
629 632
629 634
630 20366
630 20367
630 20559
632 633
632 634
634 639
635 637
636 17178
636 17180
637 646
639 640
639 641
640 4721
641 4721
641 4796
642 5210
642 20377
643 20378
645 5221
645 17334
647 658
647 670
647 747
648 5205
649 3459
649 4796
649 4797
649 16280
650 5208
651 20225
651 20302
652 10082
652 19144
652 20341
653 664
653 665
653 14814
654 655
654 663
654 676
655 702
655 704
655 14816
656 657
656 702
656 16081
657 701
657 1068
658 1167
658 1169
659 660
659 661
659 14816
660 11401
660 14814
661 14816
662 702
662 14118
662 14816
662 15082
662 15193
663 683
663 16081
664 1042
665 696
665 1042
666 667
666 683
666 8426
666 14810
667 705
668 700
668 1077
668 14970
669 891
669 20081
670 758
670 16003
671 1159
671 8426
671 8427
672 694
672 1159
673 674
673 14750
673 14752
674 684
674 699
674 14720
675 676
675 682
677 14677
677 14725
677 14750
678 679
678 705
678 18414
679 682
679 8890
679 16192
680 685
680 1137
680 14556
681 692
681 703
681 792
682 696
683 15970
684 1059
685 698
685 14556
686 687
686 8890
686 10001
687 705
687 10001
687 14803
688 1082
688 3495
688 15013
689 3464
689 3495
689 15013
689 15014
690 3484
690 15012
690 15013
691 1148
691 14555
691 14556
692 703
692 714
693 14801
693 14805
694 8427
694 15441
695 14511
695 14555
695 14557
696 697
696 8890
697 1042
697 12859
698 14470
698 14559
699 1037
699 14751
700 701
700 15911
701 4439
702 4438
703 725
703 15683
704 4418
704 4434
706 14723
706 15797
706 15955
707 2645
707 2646
708 15910
708 15911
708 15913
709 4929
709 19554
709 20195
710 19554
710 19562
710 19564
711 712
711 713
711 16231
712 3194
712 3195
713 16232
713 17126
714 725
714 736
715 716
715 717
715 19180
716 20108
717 10807
717 10808
718 719
718 723
718 728
718 746
718 17671
719 746
719 17638
720 721
720 722
720 16448
721 8142
721 8164
722 8164
722 8165
723 768
724 726
724 727
724 755
724 14018
725 15680
725 15681
726 727
726 6890
726 7244
727 755
727 767
728 729
728 17671
729 768
729 834
730 5419
730 5420
730 17527
731 5474
731 5510
731 17527
732 733
732 734
732 19459
733 4675
733 16525
734 4673
734 4675
734 16541
735 737
735 15782
735 19704
736 880
736 892
737 4340
737 11387
738 739
738 749
738 14120
739 16629
739 17232
740 741
740 16459
740 19481
741 748
741 11810
742 3807
742 19749
742 19959
743 744
743 745
743 4325
744 4316
744 4343
745 4300
745 4314
745 4343
746 5721
746 6809
747 880
747 7538
747 15684
748 749
748 15415
749 16228
750 754
750 14120
750 17615
751 11195
751 19893
751 19971
752 753
752 16529
752 19481
753 11005
753 11006
754 16628
754 16629
754 17615
755 6975
755 7007
756 4375
756 14088
757 759
757 7196
757 16628
758 769
758 781
759 766
759 14084
759 16628
760 11288
760 11810
760 16228
761 764
761 11675
761 16626
762 763
762 764
762 11775
763 11675
763 16249
764 8722
765 6777
765 6778
765 16439
765 16464
766 7079
766 7127
767 5660
767 5661
767 14084
768 811
768 945
769 4117
770 8403
770 8415
770 16579
771 11308
771 11309
771 16579
772 773
772 3705
772 15360
773 12216
774 14736
774 15932
774 17970
775 3483
775 15927
775 18081
776 777
776 1075
776 14512
777 4537
777 14512
778 12249
778 14138
779 1050
779 14741
779 15800
780 2447
780 2558
780 20081
781 803
781 17693
782 784
782 15925
782 15928
783 15791
783 15924
783 15928
783 15929
783 15930
784 15682
784 15927
785 1038
785 1075
785 11891
786 3524
786 19052
787 788
787 789
787 1344
788 796
788 4488
789 1304
789 4487
789 4488
790 791
790 793
790 5598
791 3429
791 14187
792 869
792 15967
793 4359
793 4360
794 795
794 796
794 14517
795 4577
796 797
797 4541
797 4562
797 4578
798 799
798 800
798 801
799 7256
800 8071
800 20372
801 8086
801 8087
802 12474
802 12680
803 814
803 825
803 836
803 903
803 3929
804 805
804 806
804 807
805 846
805 887
806 832
806 834
806 927
807 887
807 927
808 809
808 810
808 886
808 961
809 899
809 905
810 899
810 954
810 963
811 889
811 942
812 813
812 815
812 816
813 912
813 987
813 1008
814 903
814 12393
815 912
815 918
816 955
816 987
817 818
817 819
817 820
818 861
818 874
818 887
819 861
819 1023
820 873
820 874
821 822
821 823
821 824
822 911
822 974
823 906
823 907
824 826
824 838
824 915
825 836
825 847
825 3929
826 827
826 828
827 896
827 915
828 849
828 896
828 950
829 830
829 831
829 966
829 1019
830 1012
831 843
831 1019
832 833
832 834
832 999
833 844
833 915
834 945
835 837
835 894
835 906
835 911
835 1016
835 1024
836 858
836 15967
837 895
837 1018
838 849
838 850
839 840
839 841
839 842
839 843
840 867
840 868
840 870
841 897
841 966
841 1019
842 868
842 897
843 870
844 845
844 846
844 848
845 986
845 1022
845 1028
846 909
847 858
847 3928
848 909
848 910
848 986
849 929
850 928
850 974
851 852
851 853
851 854
852 854
852 872
853 871
853 946
854 948
854 949
855 856
855 857
855 859
855 860
856 935
856 978
856 1004
857 910
857 976
858 3926
858 4007
859 901
859 904
859 978
860 935
860 1007
860 1026
861 862
862 888
862 1027
863 864
863 865
863 866
863 997
864 900
864 919
864 920
865 866
865 1006
866 917
867 870
867 959
867 1001
868 959
869 4116
869 4188
869 4189
869 13386
869 17693
869 17704
871 872
871 977
871 1018
872 1021
873 927
873 996
874 927
875 876
875 877
875 878
876 935
876 937
877 916
877 1006
877 1026
878 919
878 951
879 881
879 882
879 883
880 15665
881 932
881 934
882 1012
882 1013
883 897
883 966
884 885
884 886
884 923
884 967
885 905
885 946
886 905
886 960
887 888
888 908
889 942
889 994
890 893
890 894
890 895
891 2925
891 19970
892 15678
892 15679
893 921
893 975
894 907
895 975
896 999
897 938
898 937
898 951
898 1004
898 16560
899 900
900 997
901 902
901 904
902 982
902 996
903 3962
904 979
906 911
907 921
907 1022
908 909
908 910
910 1000
911 930
911 974
912 913
912 1007
912 1008
913 916
913 1026
914 12071
914 13383
914 17704
916 917
916 918
917 963
918 954
918 963
919 983
919 1006
920 943
920 983
921 922
922 923
922 924
922 926
923 960
923 988
924 972
924 973
925 936
925 13197
925 16235
926 975
926 977
927 945
928 929
928 930
929 950
930 1017
931 932
931 933
931 934
932 938
932 939
933 985
933 1015
934 981
936 947
936 7529
938 956
939 970
939 984
939 985
940 941
940 942
940 965
940 968
941 16615
942 964
942 965
942 989
943 944
943 15971
944 953
944 983
944 15971
945 995
946 967
947 5173
947 5174
948 7197
948 7198
949 1016
949 1017
950 999
951 952
951 953
952 953
954 955
955 961
956 957
956 959
957 9041
957 16515
958 969
958 980
958 17015
960 961
960 972
961 962
962 971
962 987
962 1028
963 997
964 979
964 982
965 1005
967 988
968 978
968 1004
968 1005
969 1003
969 6215
969 13758
969 13762
969 13763
970 998
970 16515
971 972
971 973
973 1020
976 986
976 1007
976 1008
977 988
978 979
980 2100
980 2101
980 13758
981 1013
981 1015
982 995
984 992
984 993
984 998
985 992
985 994
986 987
989 16604
989 16615
990 992
990 993
990 16604
990 16638
991 1003
991 1014
991 1996
991 2068
993 1010
994 1015
995 996
998 1011
1000 1023
1000 1027
1001 9040
1001 9041
1001 11352
1002 1114
1002 1225
1002 12860
1003 2051
1009 1010
1009 1011
1009 16638
1010 1011
1012 1013
1014 1986
1014 1994
1016 1017
1016 7198
1018 1024
1020 1022
1020 1028
1021 1024
1021 7197
1023 1027
1025 1036
1025 1047
1025 13156
1029 1030
1029 14710
1029 14763
1030 1062
1030 1064
1030 15760
1031 1037
1031 14706
1031 14729
1032 1033
1032 1034
1032 11890
1032 14721
1033 1059
1033 14720
1033 14721
1034 1072
1034 14711
1035 1037
1035 1038
1036 1989
1036 2090
1038 1076
1039 15929
1039 15930
1039 18303
1040 15438
1040 15582
1040 15604
1041 15582
1041 15593
1041 15792
1041 15794
1043 1044
1043 1045
1043 14766
1044 1062
1044 1064
1045 1062
1045 1063
1046 1048
1046 1050
1046 11888
1047 2059
1047 2061
1048 11886
1048 15978
1049 14694
1049 14722
1049 15954
1050 18859
1051 1066
1051 11888
1051 18859
1052 14710
1052 14711
1052 14773
1053 1060
1053 1079
1053 11884
1054 1060
1054 1061
1054 1065
1054 11884
1055 1056
1055 1425
1055 14607
1056 14539
1056 16058
1057 1077
1057 4428
1057 15911
1058 1069
1058 2633
1058 4187
1058 4198
1058 8448
1058 11357
1058 12915
1060 1078
1061 1078
1061 11889
1063 1459
1063 15737
1064 14763
1064 14764
1065 11882
1065 11889
1065 15796
1066 11889
1066 15796
1067 2821
1067 10698
1067 14499
1068 4428
1068 16193
1070 3497
1070 3498
1070 17859
1071 3441
1071 3497
1071 17859
1072 14718
1072 14721
1073 10699
1073 14535
1073 14540
1074 1075
1074 1076
1074 4607
1077 14415
1078 11887
1079 4601
1079 16057
1080 1091
1080 1102
1080 2816
1080 14485
1081 15787
1081 18303
1081 18526
1082 15911
1083 4605
1083 14718
1083 14719
1084 1085
1084 1086
1084 1087
1084 1088
1085 1088
1085 1090
1086 1106
1086 1107
1087 1090
1087 1092
1087 1093
1088 1095
1088 1104
1089 1094
1089 1162
1089 12332
1090 1094
1090 12332
1091 14490
1091 14491
1092 1106
1092 12409
1093 1094
1093 12409
1095 1103
1095 1107
1096 1099
1096 13447
1096 15695
1097 1101
1097 12331
1097 13447
1098 1099
1098 1100
1098 1101
1099 15721
1100 1101
1100 15713
1102 14087
1102 14495
1102 14496
1103 1104
1103 1105
1104 12331
1105 13447
1105 13474
1106 1120
1106 4887
1107 13474
1108 1109
1108 13478
1108 15711
1109 11870
1109 15691
1110 1111
1110 15706
1110 15711
1111 1122
1111 1161
1112 1116
1112 14212
1113 2224
1113 3335
1113 4446
1113 19525
1114 1225
1114 1447
1114 2225
1114 2336
1114 2903
1114 2914
1115 1126
1115 1137
1115 1148
1115 4396
1115 11059
1115 11893
1116 1117
1117 14308
1118 1119
1118 13451
1118 13453
1119 1131
1119 1133
1120 4887
1120 14202
1121 1122
1121 1123
1121 13477
1122 1163
1123 1131
1123 1163
1123 1165
1124 1127
1124 1130
1124 13476
1125 1127
1125 13478
1125 13479
1126 4396
1126 11060
1127 1128
1128 1129
1128 11870
1129 1130
1131 1132
1131 1133
1132 1165
1132 13451
1133 13477
1134 1135
1134 1136
1134 12333
1135 1140
1135 1141
1136 14211
1138 1139
1138 14328
1139 1140
1142 13457
1142 13458
1142 13472
1143 13473
1143 14339
1144 1145
1144 1153
1144 14336
1145 13359
1145 15714
1146 1147
1146 14333
1146 15714
1147 12333
1148 11059
1149 1150
1149 1151
1149 1152
1150 1152
1150 1171
1151 1160
1151 13461
1152 1160
1153 14341
1154 1158
1154 14565
1154 15708
1154 15723
1155 1158
1155 1166
1155 14565
1156 1166
1156 14566
1156 15712
1157 15706
1157 15707
1157 15712
1158 1172
1158 3729
1158 15723
1159 1170
1159 1192
1159 7779
1159 14450
1159 14451
1160 13323
1161 1163
1161 1164
1162 12409
1164 13455
1164 15700
1165 13455
1166 15687
1167 1168
1168 15685
1169 1171
1169 1172
1170 7779
1170 15439
1171 15685
1172 4055
1173 15680
1173 15681
1174 15665
1174 15678
1174 15679
1175 1176
1175 1179
1175 1201
1175 1209
1176 1193
1177 1204
1177 1206
1177 20564
1178 1179
1178 20630
1179 1198
1180 1182
1180 1197
1180 11878
1181 1192
1181 1203
1181 11401
1182 1197
1182 1202
1183 1189
1183 1191
1183 1200
1183 1206
1183 20528
1184 1185
1184 1186
1184 1187
1185 1191
1185 20630
1186 20528
1186 20630
1187 1190
1188 1189
1188 1190
1188 1191
1189 1190
1191 1207
1191 1211
1191 20630
1192 14806
1193 20551
1193 20608
1194 1195
1194 1196
1194 16775
1195 11700
1195 11712
1196 16775
1196 17346
1197 1205
1198 1199
1198 1201
1199 1201
1199 1209
1200 1204
1200 1206
1200 1207
1200 20580
1201 1209
1202 1205
1202 1210
1202 17345
1203 15304
1203 15442
1204 20535
1205 1210
1207 20529
1208 11444
1208 20580
1210 16413
1212 1213
1212 1215
1212 1216
1213 1221
1213 1238
1214 1226
1214 1237
1214 1248
1215 1238
1215 2391
1215 2393
1216 1221
1216 1224
1217 1218
1217 1219
1217 1220
1218 1222
1218 1223
1218 1260
1219 1220
1219 1235
1220 1230
1220 1231
1221 1236
1221 13165
1222 1232
1222 1260
1223 1235
1223 1972
1223 13093
1224 1227
1224 2393
1225 2336
1226 1270
1226 5239
1227 1228
1227 13144
1228 2167
1228 2393
1229 1988
1229 13145
1229 13159
1230 1233
1230 1236
1230 1260
1230 1271
1230 1272
1231 1236
1231 13164
1231 13165
1232 1233
1232 1234
1233 1273
1234 1273
1234 2635
1235 13164
1236 1265
1237 2103
1237 19967
1238 1239
1238 11656
1239 1257
1239 2391
1240 1241
1240 1242
1240 15574
1241 1243
1241 15664
1242 1243
1242 1244
1243 1245
1243 1246
1244 1247
1244 15574
1245 13201
1246 1249
1246 13200
1247 1249
1248 2104
1248 5239
1250 1251
1250 1252
1250 15570
1251 1253
1251 15677
1252 15664
1252 15677
1253 1256
1253 13090
1254 8035
1254 13090
1254 15667
1255 8035
1255 15667
1255 15668
1256 15667
1256 15677
1257 1258
1257 1265
1257 12904
1258 1262
1258 1274
1258 12906
1258 13181
1258 13183
1259 1270
1259 1281
1259 1292
1261 1262
1261 1263
1261 1264
1262 1267
1263 2634
1263 12911
1264 10876
1264 13183
1265 1266
1266 1268
1266 1272
1266 1274
1267 1268
1267 1269
1268 2635
1269 2634
1269 2635
1270 5240
1271 1272
1271 1273
1275 1278
1275 1282
1275 11837
1276 1288
1276 1358
1276 14656
1276 14658
1277 1288
1277 1289
1277 14658
1278 1279
1278 15389
1279 1290
1280 1282
1280 1283
1280 1284
1281 1292
1281 10404
1282 1283
1283 1290
1284 1289
1284 1294
1285 1286
1285 1287
1285 14596
1286 4400
1286 4411
1287 1291
1287 4400
1288 1358
1289 1293
1290 17134
1291 6775
1291 8756
1293 4593
1294 1295
1294 11850
1295 1296
1295 1361
1295 15830
1296 4594
1296 15828
1297 1309
1297 1310
1297 16050
1298 1312
1298 1351
1298 1400
1298 4398
1298 14789
1299 1300
1299 1301
1299 14622
1299 14629
1300 1316
1300 14610
1300 17160
1301 1316
1301 14628
1302 1304
1302 1342
1302 4487
1303 1314
1303 1325
1303 1337
1304 1344
1305 1328
1305 1386
1305 14523
1306 14622
1306 14624
1306 17155
1307 4527
1307 14653
1307 15829
1308 14652
1308 15828
1308 15829
1309 1319
1309 12587
1310 1317
1310 1321
1311 1312
1311 14605
1311 14777
1312 1397
1313 4572
1313 4575
1313 14620
1313 14628
1314 1337
1314 1403
1315 1448
1315 14592
1315 20159
1316 14779
1317 1324
1317 16040
1317 16049
1318 1338
1318 4579
1318 4585
1318 14640
1319 1320
1319 1321
1320 4494
1320 4510
1321 1326
1322 1323
1322 2812
1322 14592
1323 14592
1323 14597
1324 1326
1325 1348
1325 1359
1326 1333
1327 1339
1327 4497
1327 14610
1328 1397
1328 14777
1329 1330
1329 1340
1329 14516
1330 1335
1330 4485
1330 14516
1331 14767
1331 17163
1331 17165
1332 1333
1332 1334
1332 1335
1332 4556
1333 4519
1334 4485
1334 4518
1334 11879
1335 4556
1336 2225
1336 12860
1336 14526
1337 1403
1337 2797
1338 4565
1338 14641
1339 4496
1339 17160
1339 17161
1340 1341
1340 4486
1340 15571
1341 4508
1341 4573
1342 1343
1342 4506
1342 17151
1343 4541
1343 4578
1344 14635
1345 1349
1345 16415
1346 1347
1346 1349
1346 15018
1347 16637
1348 1370
1350 2606
1350 2608
1350 15381
1351 14599
1351 14603
1351 14788
1352 1353
1352 1354
1353 1364
1354 1355
1354 1360
1355 1356
1355 15828
1356 1358
1356 4593
1357 1358
1357 1360
1357 14656
1358 1360
1359 12858
1359 12862
1361 11850
1361 15832
1362 1363
1362 1364
1362 1365
1363 8814
1363 11679
1364 14657
1365 4398
1365 4399
1366 1410
1366 11839
1366 11847
1367 1368
1367 1369
1367 3430
1368 14647
1368 14785
1368 14786
1369 14781
1370 1381
1371 1372
1371 1373
1371 1388
1371 4405
1372 1407
1372 20137
1373 1389
1373 4408
1374 1375
1374 14650
1375 14174
1375 14177
1376 1377
1376 4535
1376 14522
1376 14787
1377 1379
1377 4535
1378 1379
1378 1380
1378 14646
1379 1380
1379 1382
1380 4489
1381 2105
1381 2106
1382 4552
1382 14522
1383 1384
1383 1385
1383 20082
1384 4410
1384 15840
1385 15841
1385 20082
1386 1396
1386 1397
1386 14523
1387 1388
1387 1389
1387 1390
1388 1398
1389 1395
1390 4400
1390 4404
1391 1393
1391 1394
1391 6733
1391 6735
1391 6737
1391 13536
1392 1403
1392 1414
1392 5102
1393 9143
1393 9144
1394 9071
1394 9073
1394 9074
1395 4400
1395 4410
1396 1400
1396 4548
1398 4404
1399 4550
1399 14781
1400 4399
1401 1402
1401 1404
1401 6729
1401 6731
1401 9135
1401 10901
1402 9146
1402 10774
1403 12854
1404 8745
1404 8747
1404 10901
1405 1406
1405 6732
1405 6734
1405 9139
1405 9146
1406 9086
1406 9094
1407 4407
1407 19982
1408 1409
1408 15387
1408 16610
1409 16609
1410 11841
1410 11843
1411 1412
1411 1413
1411 15342
1412 1415
1412 1416
1413 1417
1413 15455
1413 15456
1413 16601
1414 5102
1414 5114
1414 20173
1415 1416
1416 3885
1416 19948
1417 15455
1418 5430
1418 5529
1418 17170
1419 7261
1419 7262
1419 17170
1420 17814
1421 15423
1421 16264
1421 19626
1421 19638
1422 16262
1422 16264
1422 19626
1423 1424
1423 7539
1424 4199
1424 19137
1425 1436
1425 1448
1425 14539
1426 1427
1426 1428
1427 2710
1427 14168
1428 1429
1428 11854
1429 14168
1430 1431
1430 1432
1430 1433
1431 1502
1431 1508
1431 1522
1431 1553
1432 1501
1432 1502
1432 7993
1433 1452
1433 1453
1434 1435
1434 1437
1434 15661
1435 11284
1435 15663
1436 2813
1436 4372
1437 1456
1437 1457
1438 1439
1438 1440
1438 1451
1438 7704
1438 7928
1439 1489
1439 1510
1440 1533
1440 7699
1441 1442
1441 1443
1441 1444
1442 1491
1442 1693
1443 1472
1443 15646
1444 1690
1444 11282
1445 1446
1445 1449
1445 1482
1445 1676
1445 7931
1446 1483
1446 11290
1447 1558
1447 1669
1448 2812
1449 1477
1449 1676
1450 1451
1450 1452
1450 1462
1450 1573
1451 1453
1451 7703
1451 7927
1452 7995
1453 1454
1453 1455
1454 1543
1454 7927
1455 1508
1455 1541
1455 7926
1456 11284
1456 11286
1457 1493
1457 1540
1458 1460
1458 1461
1458 1500
1458 7929
1459 1470
1459 14508
1459 17152
1460 1535
1460 1550
1461 1509
1461 1521
1461 1545
1462 1463
1462 1572
1462 1573
1463 1557
1463 1748
1463 7707
1464 1465
1464 1466
1464 1467
1465 1516
1465 7918
1465 7920
1466 1486
1466 7916
1467 1485
1467 7920
1468 1469
1468 1471
1469 1511
1470 14769
1470 17153
1471 1487
1471 1499
1471 1528
1472 1491
1472 15647
1473 1474
1473 1475
1473 1476
1473 1713
1473 1715
1473 1716
1474 1552
1474 1553
1475 1523
1475 1616
1476 1502
1476 1523
1477 1478
1477 1479
1477 1682
1478 1678
1478 7823
1478 11283
1479 1491
1479 1515
1480 1482
1480 1483
1480 1484
1480 12653
1481 1492
1481 1503
1482 1550
1483 11290
1484 1516
1484 1535
1484 7917
1485 1486
1485 1505
1485 1527
1486 12627
1487 1488
1487 1489
1487 1490
1488 1528
1488 7699
1489 1513
1490 1499
1490 1500
1491 1515
1491 1526
1491 7818
1492 4858
1492 4869
1493 1494
1493 15661
1494 1540
1494 1739
1495 1496
1495 1497
1495 1498
1496 1529
1496 1739
1497 1529
1497 1530
1497 15646
1498 1524
1498 1739
1499 1520
1500 1513
1501 1548
1501 1549
1503 1514
1504 1505
1504 1506
1504 1507
1506 1542
1506 1563
1506 1716
1507 1545
1507 1546
1508 1509
1509 1541
1509 7921
1510 1513
1510 1560
1511 1512
1511 1519
1511 1664
1512 1664
1512 11282
1513 7923
1514 1625
1514 12843
1515 1693
1516 1517
1516 1518
1517 7918
1517 12639
1517 12640
1518 1521
1518 7920
1519 1520
1520 1677
1521 1535
1522 1544
1522 1545
1523 1548
1524 1540
1525 1536
1525 1547
1525 1559
1526 7818
1526 7820
1526 7823
1527 1542
1527 12627
1528 7698
1528 11286
1529 1660
1529 15662
1530 1660
1530 1668
1530 7992
1531 1532
1531 1533
1531 1534
1532 1533
1532 7697
1532 7699
1533 7700
1533 15655
1534 7697
1534 11285
1534 15657
1536 1547
1536 1847
1537 1538
1537 1539
1537 1615
1537 1616
1538 7731
1538 7800
1538 7996
1539 7797
1539 7798
1541 7924
1542 1697
1543 1560
1543 7927
1544 1546
1544 1565
1546 1551
1547 19964
1548 1549
1549 1572
1549 1745
1549 1748
1550 7930
1551 1563
1551 1565
1552 1553
1552 1564
1553 1565
1554 1555
1554 1556
1554 1557
1554 15658
1555 7717
1555 7719
1555 7720
1555 8001
1556 7807
1556 8000
1557 7999
1558 1891
1558 2191
1558 3558
1559 1570
1559 1581
1559 1592
1559 12842
1560 7928
1561 1562
1561 1665
1561 1672
1561 1673
1561 1694
1561 8009
1562 1568
1562 7728
1563 1564
1564 1565
1566 1567
1566 1568
1566 1569
1566 1571
1567 7717
1567 7718
1567 7811
1568 7723
1569 7810
1569 7811
1570 12740
1571 7718
1571 8004
1572 1748
1572 7993
1573 7995
1574 1584
1574 1585
1574 15641
1575 1576
1575 1577
1575 15642
1576 1587
1576 15651
1577 15642
1577 15662
1578 1579
1578 1580
1578 1662
1578 1685
1579 8013
1579 12656
1580 1694
1580 7812
1581 1603
1581 1614
1581 16933
1581 18012
1582 1695
1582 1696
1582 1699
1582 11265
1582 11266
1582 15653
1583 7730
1583 7813
1583 7817
1583 8013
1583 8015
1583 12656
1584 1662
1584 1663
1585 8006
1586 5181
1586 15647
1586 15648
1587 11264
1588 1589
1588 1590
1588 1591
1589 1590
1589 1632
1590 1644
1590 11176
1591 11175
1591 11176
1592 1603
1592 12740
1593 1594
1593 1595
1593 1596
1593 1597
1594 1628
1594 1630
1594 11234
1595 1611
1595 1630
1596 1610
1596 11234
1597 1612
1597 11231
1598 1599
1598 1600
1598 6751
1599 1656
1599 8444
1600 6751
1600 8510
1601 1602
1601 1604
1601 1605
1601 1606
1602 1623
1602 1631
1602 1645
1603 1614
1603 1670
1603 17776
1604 1622
1604 6748
1604 6749
1604 12663
1605 1645
1605 12655
1606 1621
1606 1622
1606 1631
1607 1608
1607 1609
1607 1610
1608 1618
1608 1653
1609 1632
1609 1653
1610 1617
1611 1612
1611 1613
1612 1643
1613 1627
1613 1630
1614 18023
1615 1629
1615 1719
1616 1744
1617 1618
1617 1619
1618 1646
1619 1640
1619 11234
1620 1621
1620 1622
1620 12664
1621 1648
1623 1624
1623 1626
1624 1645
1624 12657
1625 1636
1625 1647
1626 1631
1626 1649
1627 1628
1627 1629
1627 1630
1628 1638
1629 1638
1631 1648
1632 11204
1632 11207
1633 1634
1633 1635
1633 1637
1634 1652
1634 11210
1635 1698
1635 1735
1635 7775
1635 11184
1636 1869
1637 1639
1637 1641
1637 1706
1638 1640
1639 1650
1639 11210
1640 1641
1641 1646
1642 1646
1642 1650
1643 7797
1643 12661
1644 1648
1644 1649
1647 1658
1649 11230
1650 11210
1651 1652
1652 11184
1653 1654
1654 11202
1654 11204
1655 1656
1655 6456
1656 8443
1657 1659
1657 1660
1657 1661
1657 15662
1658 18032
1659 11265
1659 11267
1660 7912
1661 1696
1662 1685
1663 1672
1663 1673
1664 1691
1665 1666
1665 1667
1666 1687
1666 7715
1666 8004
1666 15656
1667 1683
1667 1686
1668 1671
1668 15646
1668 15650
1669 1780
1669 3558
1670 1681
1670 1692
1671 7990
1671 7992
1672 1683
1673 1685
1674 1675
1674 1676
1674 1677
1675 1677
1676 1682
1678 1679
1678 1680
1679 1860
1679 7824
1680 1771
1680 7988
1680 11283
1681 17776
1681 17779
1683 1684
1684 1686
1684 7721
1686 1688
1687 1688
1687 1689
1688 7721
1689 7721
1689 7722
1690 1691
1690 1693
1691 11282
1692 1703
1692 17783
1692 18023
1694 8010
1694 8012
1695 15652
1695 15653
1696 11265
1696 15652
1697 1724
1697 7732
1698 7754
1698 7755
1699 1827
1699 5175
1700 1701
1700 1702
1700 1704
1701 1727
1701 1741
1702 8628
1702 13543
1703 1714
1703 1725
1703 1736
1703 1747
1704 8618
1704 8627
1705 7755
1705 7789
1706 1707
1706 1708
1706 1709
1707 1720
1707 1723
1708 7742
1708 11209
1709 1717
1709 1718
1710 1711
1710 1712
1710 1724
1710 7737
1711 1731
1711 1737
1711 1738
1712 1721
1712 1722
1713 1717
1713 1723
1713 7750
1714 17783
1714 19360
1714 19851
1714 19852
1715 1719
1715 7753
1716 7732
1716 7913
1717 1742
1718 11208
1718 11209
1719 1720
1720 7752
1721 1724
1721 1726
1722 1730
1722 12624
1723 7753
1725 1736
1725 18011
1726 7827
1726 7831
1726 12624
1726 12629
1727 1728
1727 13543
1728 1729
1728 1730
1728 12622
1729 1731
1729 1740
1730 1731
1732 1733
1732 1734
1732 1735
1733 7740
1733 7741
1734 7740
1734 7743
1735 7775
1736 1747
1736 4647
1737 1740
1737 7738
1738 7737
1738 7738
1740 1741
1740 1743
1741 10299
1742 7741
1742 10387
1742 11208
1743 7745
1743 10299
1744 1745
1744 7994
1745 1746
1746 7994
1746 7997
1747 18018
1748 7800
1748 7997
1748 7998
1748 7999
1749 1750
1749 1751
1749 1752
1750 1791
1750 1793
1750 1852
1751 1796
1751 11353
1752 1828
1752 1829
1752 7945
1753 1754
1753 1755
1753 1756
1753 1757
1754 1838
1754 7977
1754 12654
1755 1759
1755 1835
1755 12648
1756 1835
1756 1837
1756 1838
1757 1759
1757 1760
1757 7973
1757 7977
1758 1769
1758 1781
1758 1792
1758 1803
1759 1839
1759 7968
1760 7968
1760 7973
1760 7974
1761 1762
1761 1763
1761 1801
1761 1802
1761 11355
1762 1784
1762 1800
1763 1784
1763 1801
1764 1765
1764 1766
1764 1767
1764 1768
1765 1791
1765 1793
1765 1794
1766 1794
1766 7966
1767 1793
1767 1804
1768 1801
1768 1827
1768 1849
1769 1781
1769 4636
1769 18031
1769 18288
1770 1771
1770 1772
1770 1773
1771 1846
1772 1819
1772 1844
1772 7983
1773 1820
1773 1846
1774 1775
1774 1776
1774 1777
1775 1798
1775 1863
1775 1864
1776 7830
1776 7838
1777 1809
1777 1810
1778 1779
1778 1782
1778 1783
1779 1854
1779 1855
1780 2113
1780 12971
1781 18220
1782 1806
1782 1842
1783 1807
1783 7948
1784 1785
1785 1800
1785 1811
1785 1844
1786 1787
1786 1788
1786 1789
1786 1790
1787 1790
1787 1804
1787 7960
1788 1789
1788 1804
1788 1805
1789 1830
1790 7963
1791 1796
1791 1848
1792 3692
1792 4836
1793 7954
1794 1859
1795 1796
1795 1848
1795 12644
1795 12651
1797 1798
1797 1799
1797 1833
1797 1864
1798 7841
1799 1870
1799 7943
1800 1819
1800 11355
1801 1802
1801 7966
1802 1827
1803 4570
1803 4836
1803 4847
1804 7951
1804 7954
1804 7956
1805 1830
1805 7951
1806 1807
1806 1808
1807 7955
1807 12645
1808 1813
1808 1831
1808 7955
1809 7830
1809 7970
1810 1812
1810 1831
1810 1845
1811 1835
1811 1837
1811 7971
1812 1813
1812 1815
1812 1816
1813 1831
1813 1842
1814 1825
1814 1836
1814 12725
1814 12820
1815 1843
1815 1845
1815 1857
1816 1842
1816 1843
1817 1818
1817 7982
1817 11290
1817 12653
1818 1838
1818 12654
1819 1820
1819 1844
1820 11355
1821 1822
1821 1823
1821 1824
1821 1826
1822 1843
1822 1857
1823 1833
1823 1862
1823 7942
1824 1853
1824 7942
1825 1836
1825 1858
1825 12716
1826 1856
1826 1857
1826 1862
1827 7967
1827 8759
1828 1829
1828 1830
1829 1852
1831 1832
1832 7964
1832 7970
1833 1834
1833 1864
1834 7941
1836 12718
1837 1865
1837 1866
1839 7965
1839 12648
1839 12651
1840 1841
1840 12650
1841 7966
1841 7971
1841 12650
1842 1854
1843 7950
1844 1865
1845 1871
1846 1860
1847 1858
1847 1869
1848 1859
1849 7960
1849 7961
1849 7967
1850 7970
1850 7976
1850 12628
1851 7916
1851 12628
1851 12639
1852 7951
1853 7937
1854 7949
1855 7939
1855 7944
1856 1863
1856 1871
1857 1871
1858 12717
1858 12718
1859 7966
1860 1861
1861 5175
1861 5182
1861 5183
1861 7821
1861 11573
1862 1863
1862 1864
1865 7983
1866 7982
1867 1868
1867 1870
1867 12620
1868 7837
1868 7841
1869 12714
1870 12621
1872 2758
1872 10012
1872 10039
1873 2758
1873 8016
1873 10009
1874 1875
1874 2592
1874 2614
1875 9272
1875 9352
1876 1877
1876 1878
1876 1879
1877 1879
1877 9536
1878 6057
1878 9532
1879 9538
1880 1892
1880 1903
1880 5200
1881 1882
1881 1883
1882 1926
1882 9641
1883 4710
1884 1885
1884 1886
1884 1887
1885 1886
1885 10861
1885 16650
1886 1908
1886 10018
1886 10859
1886 10860
1886 10861
1887 10794
1888 1889
1888 1890
1888 1893
1889 10018
1889 10019
1890 10072
1891 2002
1891 2180
1891 3224
1892 1936
1893 10865
1893 10869
1894 1895
1894 1896
1894 5831
1894 5832
1895 6087
1895 8723
1896 6085
1896 7932
1897 1898
1897 1899
1897 1900
1898 9265
1898 9279
1898 9282
1899 9278
1899 9279
1899 13633
1900 1928
1900 9310
1901 1917
1901 1918
1902 4710
1902 16209
1902 18837
1903 1914
1904 1905
1904 1906
1904 1907
1905 9999
1905 10000
1906 10005
1906 10006
1907 6063
1908 1909
1908 1910
1909 10018
1909 10038
1910 8019
1910 10065
1910 10066
1911 1912
1911 1913
1911 1915
1911 1916
1912 6027
1912 6029
1913 6028
1913 6153
1914 1925
1914 1936
1915 6085
1915 6151
1916 6151
1916 16904
1917 9319
1917 13629
1917 13630
1918 9223
1919 1920
1919 10818
1919 10885
1919 16760
1920 6152
1920 10880
1921 1922
1921 1923
1921 1924
1922 1923
1922 9312
1923 1929
1924 9314
1924 9315
1925 1958
1926 1927
1926 9641
1927 9644
1927 9645
1928 1929
1928 1930
1930 9310
1930 9317
1931 1932
1931 1933
1931 1934
1932 7766
1932 7769
1933 7773
1933 7774
1934 7770
1934 7771
1935 8701
1935 8704
1935 13496
1936 20157
1937 8699
1937 8706
1937 13496
1938 1939
1938 1940
1938 13777
1938 13778
1939 1978
1939 2323
1939 2324
1939 2326
1940 1973
1940 1976
1941 1945
1941 1954
1941 1974
1941 13162
1942 1952
1942 1956
1942 13777
1943 1951
1943 1952
1943 13775
1943 13777
1944 1945
1944 1946
1944 1948
1945 1967
1945 13163
1946 1955
1946 1968
1947 1958
1947 1969
1947 17600
1948 1953
1948 1954
1949 1950
1949 1951
1949 1952
1950 1959
1950 1963
1950 1971
1951 13095
1952 1959
1953 1955
1953 1965
1954 1973
1954 1975
1955 1956
1955 1957
1956 1959
1956 1965
1957 1959
1957 1960
1957 1963
1960 1961
1960 1962
1960 1968
1961 1966
1961 1967
1962 1963
1962 1966
1962 1970
1963 1964
1964 1970
1964 1971
1965 1973
1966 1972
1967 1968
1969 17619
1970 1972
1971 13095
1974 12631
1974 12634
1975 1976
1975 12631
1976 1977
1977 1979
1977 12631
1978 1979
1978 2005
1979 1981
1980 1991
1980 2003
1980 2014
1981 1997
1981 1999
1982 1984
1982 12632
1982 12634
1983 1984
1983 1985
1983 13161
1984 2004
1985 1993
1985 2004
1986 1987
1986 1997
1986 1998
1986 2006
1987 1994
1987 1995
1988 13151
1988 13159
1988 13161
1989 1990
1989 1992
1989 2075
1990 1994
1990 1996
1990 2095
1991 17561
1991 18316
1992 1993
1992 1994
1993 1995
1993 12632
1995 1998
1996 2072
1997 2001
1997 2005
1998 2001
1998 12632
1999 2001
1999 12633
2000 2001
2000 12632
2000 12633
2002 2113
2002 2225
2002 3336
2003 2025
2003 2036
2003 2047
2004 12632
2005 2006
2006 2007
2008 2009
2008 2010
2008 2061
2008 13152
2009 2021
2009 2022
2009 2046
2010 2012
2010 2016
2010 2021
2010 2024
2011 2012
2011 2013
2011 2015
2012 2020
2013 2033
2014 17598
2015 2017
2015 2018
2015 13147
2016 2145
2016 2183
2017 2022
2018 2019
2018 2048
2018 2077
2018 2083
2019 2077
2019 2078
2019 2079
2019 13154
2020 2021
2021 2022
2023 2024
2023 13144
2023 13152
2025 17561
2025 17570
2026 2027
2026 2028
2026 2029
2027 2030
2027 2031
2028 2031
2028 2033
2029 2030
2029 2032
2029 13148
2030 13148
2031 2038
2032 2033
2032 13147
2034 2035
2034 2037
2034 13155
2035 2085
2035 2097
2036 17585
2036 18321
2037 2073
2037 2074
2038 2121
2038 2135
2039 2040
2039 2041
2039 2042
2039 2084
2040 2046
2040 2048
2041 2045
2041 2046
2041 2060
2042 2043
2042 2044
2042 2045
2043 2089
2043 2090
2043 2092
2044 2076
2044 2083
2044 2089
2045 2059
2046 2061
2047 17589
2048 2084
2049 2050
2049 2051
2049 2052
2050 2057
2051 2055
2051 2067
2052 2056
2052 2088
2053 2054
2053 2055
2053 2056
2054 2074
2054 2089
2054 2093
2055 2071
2055 2094
2055 2096
2056 2087
2056 2097
2057 2066
2057 2082
2058 2069
2058 17577
2058 17588
2058 17596
2059 2060
2060 2061
2061 2070
2062 2063
2062 2064
2062 2065
2063 2086
2063 2088
2064 2065
2064 2066
2065 2081
2066 2081
2067 2068
2067 2071
2068 2072
2069 20138
2069 20140
2070 13152
2070 13157
2071 2072
2072 2095
2073 2078
2073 2079
2073 13155
2074 2097
2075 2090
2075 2092
2075 2095
2076 2077
2076 2078
2079 13154
2080 2091
2080 2102
2081 2082
2082 13758
2083 2084
2085 2086
2085 2087
2086 2098
2087 2098
2088 2098
2091 12716
2091 12819
2092 2093
2092 2094
2093 2096
2094 2095
2094 2096
2099 2101
2099 13757
2099 13758
2100 13757
2100 17015
2102 4658
2102 4670
2103 2104
2103 19967
2104 2107
2105 10404
2106 2107
2106 5240
2107 5239
2108 2109
2108 2110
2108 2120
2108 2131
2109 2117
2109 2120
2110 2119
2110 12898
2111 2112
2111 2115
2111 2138
2111 2142
2112 2115
2112 2120
2112 2153
2113 3336
2114 2125
2114 2136
2114 17590
2114 18343
2115 2120
2115 2132
2115 2165
2115 2189
2116 2117
2116 2118
2116 2119
2117 2124
2118 2134
2119 2161
2120 2124
2120 2186
2121 2122
2121 2123
2122 2126
2122 2127
2123 2126
2123 2140
2124 2141
2125 17602
2126 2138
2127 2132
2127 2135
2127 2137
2128 2129
2128 2130
2129 2132
2129 2152
2129 2190
2130 2151
2130 2152
2130 2157
2131 2133
2133 2144
2133 2176
2134 2141
2134 2162
2135 2139
2136 17595
2136 17596
2137 2139
2137 2157
2138 2140
2139 2155
2140 2142
2141 2165
2141 2173
2142 2153
2143 2144
2143 2145
2143 2146
2144 2186
2145 2181
2146 2178
2146 2181
2147 2158
2147 3414
2147 11972
2148 2149
2148 2150
2148 2151
2149 2154
2149 2177
2150 2185
2150 2188
2151 2177
2151 2185
2152 2184
2152 2185
2153 2186
2154 2155
2154 2156
2155 2157
2156 2285
2156 2286
2157 2177
2158 4423
2158 4849
2159 2160
2159 2161
2159 2162
2160 2171
2160 2172
2161 2171
2162 2173
2163 2168
2163 2170
2164 2165
2164 2166
2164 2173
2164 2192
2165 2189
2166 2184
2166 2189
2166 2193
2167 2390
2167 12899
2167 12900
2168 2172
2168 2194
2169 2226
2169 3691
2169 3891
2170 2171
2170 13073
2172 2174
2172 2192
2173 2174
2175 15507
2175 15508
2175 15545
2176 12900
2178 2179
2179 12900
2179 13144
2180 2191
2180 3224
2180 3891
2181 2182
2183 2186
2184 2187
2184 2190
2185 2187
2187 2188
2187 2193
2188 2195
2189 2190
2191 2202
2192 2193
2192 2194
2193 2195
2194 2195
2196 2197
2196 2198
2196 2199
2196 2200
2197 2199
2197 2201
2198 2201
2198 2204
2199 2203
2199 2216
2199 2219
2199 2220
2200 2205
2200 2210
2201 2203
2201 2207
2202 2213
2202 2226
2203 2222
2204 2205
2204 2206
2205 2208
2205 2211
2205 2269
2206 2268
2206 2272
2206 2298
2206 2300
2207 2222
2207 2250
2207 2251
2207 2272
2208 2209
2208 2210
2209 2215
2209 2217
2210 2216
2211 2271
2211 12891
2212 2214
2212 2215
2212 2216
2213 3651
2213 3676
2213 3690
2214 2218
2214 2219
2215 2218
2217 4197
2217 12891
2218 2221
2219 2220
2220 2221
2220 2222
2220 2223
2220 2227
2220 2229
2221 2234
2222 2227
2222 2230
2222 2246
2222 2247
2222 2249
2222 2252
2223 2227
2223 2228
2224 5557
2224 6668
2224 14434
2226 2237
2226 3526
2228 2229
2228 2230
2229 2239
2229 15529
2230 2253
2230 2254
2230 2256
2231 2232
2231 2233
2231 12893
2232 2362
2232 2363
2233 2235
2233 2236
2233 2322
2233 2369
2234 2235
2234 2236
2234 2239
2235 4197
2236 2240
2236 2241
2237 2902
2237 3526
2238 2239
2238 2240
2238 15529
2240 2242
2240 15530
2241 2242
2241 2243
2242 2244
2243 2244
2243 2317
2244 2308
2244 2321
2244 15528
2245 2289
2245 2290
2245 2304
2245 2305
2245 2306
2245 2307
2245 2309
2245 2310
2245 15528
2246 2247
2246 2249
2247 2250
2248 2259
2248 2270
2248 2314
2249 2252
2250 2251
2251 2273
2252 2254
2253 2254
2253 2255
2255 2256
2255 2261
2256 2258
2257 2258
2257 2260
2257 2261
2258 2261
2259 9172
2259 9214
2260 2311
2262 2263
2262 2450
2262 12914
2262 12956
2263 2396
2263 12891
2264 2265
2264 2267
2264 12920
2265 2271
2265 12913
2266 2267
2266 2268
2266 12920
2267 2269
2268 2299
2268 2301
2268 12919
2269 2271
2270 9572
2272 2273
2273 2300
2274 2275
2274 2276
2274 2277
2274 12915
2275 2532
2275 2533
2276 2529
2276 2530
2277 2527
2278 2279
2278 2280
2278 2282
2279 2468
2279 2477
2279 2517
2280 2517
2280 2527
2281 2292
2281 2303
2282 2475
2282 2477
2282 2508
2283 2284
2283 2285
2283 2287
2283 2290
2284 2295
2284 2318
2285 2294
2286 2287
2286 2288
2287 2302
2288 2291
2288 2293
2289 2305
2289 2313
2289 2318
2289 2320
2290 2302
2291 2309
2291 2311
2292 2847
2292 2880
2292 2892
2292 9542
2293 2304
2293 2310
2294 2295
2294 2297
2295 2296
2296 2297
2296 2312
2297 12895
2298 2299
2298 2300
2299 2301
2301 15514
2302 2304
2303 9498
2305 2307
2306 2308
2306 15528
2307 2308
2309 2310
2311 15528
2312 2313
2312 2315
2312 2316
2312 2318
2313 2319
2314 2325
2314 14142
2314 14143
2315 2317
2315 2319
2316 2322
2316 12895
2317 2321
2317 2322
2319 2320
2320 2321
2323 6340
2323 13778
2324 6206
2324 6208
2325 9570
2325 14140
2326 6206
2326 6226
2326 13762
2327 2328
2327 19017
2328 2329
2328 19011
2329 2330
2329 12946
2329 13004
2330 12964
2330 13004
2331 2332
2331 2333
2331 19022
2332 2334
2332 2372
2333 15533
2333 19010
2334 2335
2334 14154
2335 13007
2335 19022
2337 2348
2337 2359
2337 18882
2338 2352
2338 12982
2338 15533
2339 12982
2339 12984
2339 15533
2340 2341
2340 2342
2340 2343
2341 2344
2341 2346
2341 2421
2342 2346
2342 12945
2343 2344
2343 2347
2344 2350
2345 2347
2345 2352
2345 12982
2346 12926
2347 2349
2348 2359
2348 9431
2349 2350
2349 2352
2349 2360
2350 2362
2351 2371
2351 2424
2351 12945
2353 2354
2353 2355
2353 2356
2354 2358
2354 15534
2355 2394
2355 2433
2356 2367
2356 2433
2357 2358
2357 2375
2357 15534
2358 15519
2359 2370
2360 2361
2360 2364
2361 2362
2361 2363
2363 2365
2364 2367
2364 2368
2364 13189
2365 2368
2365 2369
2366 2367
2366 13188
2366 13189
2368 13187
2369 13190
2370 6698
2370 18871
2371 12926
2372 2373
2372 2374
2372 2375
2373 2375
2373 16027
2374 2400
2374 2406
2374 2408
2376 2377
2376 13069
2376 15536
2377 2378
2377 2379
2378 2380
2378 15556
2379 13069
2379 13072
2380 15557
2381 2392
2381 2403
2381 2414
2382 2383
2382 13073
2382 15557
2383 2384
2383 15559
2384 13073
2384 15506
2385 2386
2385 15563
2385 15564
2386 2387
2386 15507
2387 15506
2387 15566
2388 13168
2388 15542
2388 15561
2389 15532
2390 15510
2390 15511
2391 12902
2391 15510
2392 2414
2392 9493
2393 15510
2394 15519
2394 15520
2395 2435
2395 12924
2395 12951
2396 12892
2396 12924
2397 2410
2397 13185
2397 16025
2398 2405
2398 2410
2398 16025
2399 2432
2399 2434
2399 15520
2400 14152
2400 14154
2401 2402
2401 2404
2401 12954
2402 2404
2402 2413
2403 9509
2403 18915
2404 2422
2405 2406
2405 2407
2405 16027
2406 2411
2407 2409
2407 2410
2407 2411
2408 2411
2408 2420
2409 2417
2409 2418
2409 2419
2411 2419
2412 12951
2412 12952
2412 12955
2413 12952
2413 12955
2415 2417
2415 13026
2415 13185
2416 12944
2416 13009
2417 13026
2418 13026
2418 14162
2419 14162
2420 14152
2420 14162
2421 12892
2421 12893
2422 12954
2422 12956
2423 2435
2423 12950
2423 12951
2424 2435
2424 12950
2425 2436
2425 2448
2425 2459
2426 2429
2426 12896
2426 13188
2427 2428
2427 2429
2427 2430
2428 2434
2428 15523
2429 2442
2430 2432
2430 2434
2431 12936
2431 12946
2431 12967
2432 2433
2432 13188
2434 2437
2436 9492
2436 9493
2437 15518
2437 15520
2437 15523
2438 15519
2438 15521
2438 16027
2439 2440
2439 2441
2439 15546
2440 2441
2440 13074
2440 13075
2441 13174
2442 13068
2443 13067
2443 15523
2443 15524
2444 15540
2444 15543
2445 12957
2445 14163
2445 14164
2446 2449
2446 2451
2446 12915
2447 12615
2447 12626
2449 12917
2450 12914
2450 12917
2451 2452
2452 12915
2453 2454
2453 2455
2453 2522
2453 2534
2454 2456
2454 2460
2454 2463
2455 2461
2455 2539
2456 2457
2456 2458
2457 2460
2457 2537
2458 2463
2458 2502
2459 9494
2459 9495
2460 2461
2460 2462
2461 2538
2461 2541
2462 2530
2462 2535
2462 2537
2462 2538
2463 2534
2464 2465
2464 2466
2464 2468
2464 2469
2465 2467
2465 2478
2465 2483
2466 2471
2466 2489
2467 2488
2467 2489
2468 2471
2469 2480
2469 2517
2470 2481
2470 2492
2470 2503
2471 2476
2472 2473
2472 2474
2472 2475
2473 2476
2473 2477
2474 2476
2474 2516
2475 2477
2475 2507
2478 2479
2478 2480
2479 2482
2480 2526
2481 2514
2481 2525
2482 2487
2482 2528
2483 2484
2483 2488
2484 2485
2484 2486
2484 2487
2485 2488
2485 2490
2486 2487
2486 2490
2486 2524
2487 2529
2489 2490
2489 2491
2490 2491
2490 2493
2490 2494
2490 2513
2490 2518
2490 2519
2491 2494
2492 9641
2492 9642
2493 2513
2493 2515
2494 2510
2494 2515
2495 2496
2495 2497
2495 2498
2496 2512
2496 2516
2497 2507
2497 2508
2497 2637
2498 2520
2498 2521
2498 2637
2498 12922
2499 2500
2499 2501
2499 2502
2499 2506
2500 2504
2500 2505
2501 2513
2501 2518
2502 2506
2503 9642
2503 9648
2504 2599
2505 2510
2505 2511
2506 2599
2507 2512
2508 2509
2509 2637
2509 12922
2510 15500
2511 2513
2511 2515
2512 2516
2514 2525
2514 9628
2518 2519
2519 2523
2519 2524
2520 2521
2520 12913
2521 8749
2522 2523
2522 2524
2522 2539
2523 2534
2524 2540
2525 9634
2526 2527
2526 2528
2528 2529
2529 2531
2529 2540
2529 2541
2530 2531
2530 2532
2531 2538
2531 2541
2532 2535
2533 2535
2533 2537
2536 2547
2536 2559
2536 2570
2539 2540
2539 2541
2542 2545
2542 2549
2542 17393
2543 2544
2543 2545
2543 2546
2544 2550
2544 2553
2544 2554
2545 2548
2546 2548
2546 2550
2547 9349
2547 9658
2548 2549
2549 2551
2550 2552
2551 2620
2551 15380
2552 2554
2552 2561
2553 2554
2553 2555
2554 2556
2555 2556
2555 2557
2556 2560
2556 2561
2557 2560
2557 2563
2558 2669
2559 9630
2559 9656
2560 2562
2560 2563
2561 2562
2562 2563
2564 15501
2564 15502
2564 15503
2565 2566
2565 2567
2565 2596
2566 2574
2566 2575
2566 2578
2567 2568
2567 2574
2567 2577
2568 2569
2568 2571
2569 2590
2570 9655
2570 9656
2570 9658
2571 2587
2571 2588
2571 2589
2572 2573
2572 2574
2572 2575
2573 2590
2573 15492
2575 2576
2575 15505
2576 2584
2576 15505
2577 2596
2577 2597
2577 2599
2578 2584
2578 2596
2578 2597
2579 2580
2579 2582
2579 15505
2580 2583
2580 15501
2581 2592
2581 2603
2581 2614
2582 2583
2582 2585
2582 15499
2583 15499
2584 2586
2584 2591
2584 2593
2584 2595
2584 15505
2585 2586
2585 15498
2585 15505
2586 2591
2587 15490
2587 15495
2588 2589
2588 2590
2588 15492
2589 15495
2591 2595
2591 15498
2592 9352
2593 2594
2593 2595
2594 2597
2594 2598
2594 15500
2596 15380
2597 2598
2598 2599
2600 2601
2600 2602
2600 2604
2601 2609
2601 2616
2601 11354
2602 2605
2602 2609
2602 2610
2603 9339
2603 9344
2604 2607
2604 2619
2605 2606
2606 2607
2607 15380
2608 2610
2608 2617
2608 2663
2609 2610
2609 2612
2610 2611
2611 2612
2611 2617
2612 2613
2612 2616
2613 2615
2613 2616
2615 4187
2617 2618
2618 8448
2618 11357
2619 2620
2620 15380
2621 2622
2621 2623
2621 2624
2622 2626
2622 2627
2623 2624
2623 2628
2624 2628
2625 2636
2625 2647
2626 12931
2627 2629
2627 2630
2629 2631
2629 2632
2630 2632
2631 2632
2631 2633
2633 11354
2634 15552
2636 5092
2636 9200
2638 2639
2638 2640
2639 20350
2640 7696
2641 2645
2641 2648
2642 2646
2642 2649
2643 2646
2643 7696
2646 2648
2647 5093
2647 5103
2648 2649
2649 20526
2650 2651
2650 17617
2650 19222
2652 2653
2652 15384
2652 15395
2653 2656
2654 2659
2654 15379
2654 15394
2655 15391
2655 15394
2656 2657
2656 2659
2657 2659
2657 2662
2658 2670
2658 2681
2658 2692
2659 2660
2659 2661
2660 2661
2660 15380
2662 15380
2663 2664
2663 15391
2664 2665
2664 2672
2664 15392
2665 15392
2666 2667
2666 2671
2667 2671
2667 2672
2668 2673
2668 15396
2669 2780
2669 2891
2669 4728
2670 2736
2670 9249
2671 4198
2674 2675
2674 2676
2675 2676
2676 2677
2677 2679
2677 2682
2678 2679
2678 2680
2678 2682
2679 2686
2680 2684
2682 5358
2683 2684
2683 2685
2683 19586
2684 2686
2685 2686
2687 17127
2688 2689
2688 17127
2688 17140
2689 2690
2689 15383
2690 2691
2690 14173
2691 2694
2691 14175
2692 9249
2692 9256
2694 14175
2694 17128
2695 4686
2695 16492
2695 16509
2695 19549
2696 16494
2696 16498
2696 16500
2697 17203
2697 17213
2697 17218
2698 2699
2698 16502
2698 16520
2699 16503
2699 16522
2700 2701
2700 2702
2700 17549
2701 2702
2701 16513
2702 4701
2703 2714
2703 2725
2703 2736
2704 16537
2704 16542
2704 19538
2705 16521
2705 16522
2705 16535
2706 8186
2706 17183
2706 17208
2707 9027
2707 17183
2707 17208
2708 5317
2708 5329
2708 5330
2708 16584
2709 5309
2709 5310
2709 16584
2710 2711
2710 2713
2711 2715
2711 14168
2712 12978
2713 2718
2713 2727
2714 9246
2714 9251
2715 2726
2716 2717
2716 12979
2717 2720
2718 2719
2718 2720
2719 2723
2719 2727
2720 2722
2721 2722
2721 2723
2721 2729
2723 2728
2724 4196
2724 12979
2725 5088
2725 5159
2726 2727
2728 2729
2728 2730
2729 2730
2731 2732
2731 11854
2731 12280
2732 12280
2732 17144
2733 11858
2733 13367
2733 14348
2734 11857
2734 13367
2734 14348
2735 2737
2735 2738
2735 13307
2736 9246
2737 2805
2738 2739
2739 13307
2740 2741
2740 2743
2740 17139
2740 17371
2741 2742
2741 17371
2742 3872
2743 17139
2744 14301
2744 14302
2745 2746
2745 14298
2746 14225
2747 2758
2747 2769
2747 2781
2748 2774
2748 2778
2748 13853
2748 15752
2749 2774
2749 2775
2749 15752
2750 2751
2750 18796
2750 18822
2751 18822
2751 18885
2752 2776
2752 2782
2752 13872
2752 19034
2753 2782
2753 13872
2753 19034
2754 18713
2754 18714
2754 18733
2755 2756
2755 2757
2755 10910
2756 10917
2756 10918
2756 10919
2756 18645
2756 18965
2757 2771
2757 18965
2758 2769
2759 2760
2759 2761
2759 15729
2760 2761
2760 2775
2761 15730
2762 2784
2762 2786
2762 18763
2763 13830
2763 14862
2763 14863
2763 16127
2764 13867
2764 13870
2764 18765
2764 18845
2765 2766
2765 2767
2765 18644
2766 2767
2766 2770
2766 2777
2767 13934
2767 13939
2768 18733
2768 18759
2768 19033
2768 19038
2769 5074
2770 13936
2770 19040
2771 18642
2772 2773
2772 2774
2772 13853
2773 2775
2773 15729
2776 2784
2776 18935
2777 2779
2777 2788
2777 11193
2777 18644
2778 13853
2778 13857
2779 11193
2779 19035
2779 19036
2780 12626
2781 5066
2781 5067
2782 13872
2783 13830
2783 14251
2783 14252
2783 14863
2784 18769
2785 3072
2785 13830
2785 18899
2786 18765
2786 18846
2787 11191
2787 13943
2787 13944
2788 11191
2788 11193
2788 13943
2789 11052
2789 12688
2789 18885
2790 2797
2790 2799
2791 2793
2792 2803
2792 2814
2792 2825
2793 2794
2793 2796
2794 2795
2794 2796
2795 2797
2795 2799
2795 2800
2796 2801
2797 2798
2802 2804
2803 8870
2803 9471
2804 2808
2804 12978
2805 17171
2806 2808
2806 17182
2807 2808
2809 2810
2809 12263
2809 12279
2810 12263
2810 12270
2811 14790
2811 15969
2812 2813
2813 2815
2814 9260
2814 9263
2815 14600
2816 10700
2816 14479
2817 14791
2817 14792
2817 14798
2818 14492
2818 14790
2818 14791
2819 15972
2819 15973
2819 20170
2820 14478
2820 14480
2820 14486
2821 14669
2821 15081
2822 3962
2822 4926
2822 14203
2823 2826
2823 2853
2823 12426
2823 12429
2824 2826
2824 2846
2824 12426
2824 12432
2825 5757
2825 11724
2826 2829
2826 2833
2826 2852
2827 2828
2827 2829
2827 2830
2827 12445
2828 2829
2828 2833
2828 2835
2829 2832
2829 2833
2829 2838
2830 2831
2830 2835
2831 12443
2831 12445
2831 12447
2832 2839
2832 12445
2833 2834
2833 2837
2834 2837
2834 2855
2835 2837
2836 2847
2836 2858
2836 2869
2838 12432
2839 2840
2839 12431
2839 12446
2840 2887
2840 15241
2841 2842
2841 2843
2841 2844
2842 2843
2842 2845
2843 12433
2844 2849
2844 4185
2844 15090
2845 15096
2846 2848
2846 15221
2847 9498
2848 2850
2848 15095
2848 15220
2849 15096
2850 15095
2850 15097
2851 2852
2851 2853
2851 2854
2852 2855
2853 2854
2854 2857
2855 2856
2856 2881
2856 2882
2857 12428
2857 12429
2858 9496
2858 9499
2859 2862
2859 15215
2859 15226
2859 15228
2860 2861
2860 2874
2860 2875
2860 15226
2861 2862
2861 2863
2861 2864
2862 2863
2863 2866
2863 15217
2864 2866
2864 2870
2865 2866
2865 15217
2865 15219
2867 2868
2867 2873
2867 2875
2867 2905
2867 2931
2867 12423
2868 2872
2868 2875
2869 9573
2870 2871
2870 15219
2871 2874
2871 15230
2872 15232
2873 2931
2873 15232
2876 2877
2876 15223
2876 15224
2877 15211
2877 15222
2878 11655
2878 15209
2878 15220
2879 15215
2879 15218
2879 15228
2880 5126
2880 9568
2881 2912
2881 12443
2882 2910
2882 12423
2883 2884
2883 2885
2883 2886
2884 2906
2884 3027
2885 2919
2885 12422
2886 2943
2886 3027
2886 17355
2887 2888
2887 2890
2887 15241
2888 2889
2888 2890
2888 15243
2889 2893
2889 15234
2890 12431
2891 19637
2892 5128
2893 15237
2893 15243
2894 2895
2894 2896
2895 2897
2895 12419
2896 2897
2896 15231
2897 2898
2897 15233
2898 2916
2898 2926
2898 2931
2898 12419
2899 7605
2900 2901
2900 11272
2900 11280
2901 8751
2902 3608
2902 14185
2902 15964
2903 2914
2903 2925
2904 2905
2904 2910
2904 2918
2904 2926
2905 2926
2906 2907
2906 2908
2907 3021
2907 12442
2908 2909
2908 2917
2908 2919
2909 2911
2909 12442
2910 2915
2911 2912
2911 2913
2911 2917
2911 2924
2912 2915
2913 2918
2913 2928
2914 14526
2915 2918
2916 2918
2916 2926
2916 2928
2916 2929
2917 2919
2917 2922
2919 2920
2920 2921
2920 2923
2921 2935
2921 2937
2921 12421
2922 2923
2922 2924
2923 2930
2924 2927
2925 20192
2927 2928
2927 2929
2927 2930
2929 2930
2929 12419
2932 2933
2932 2934
2932 12420
2933 2934
2933 2935
2934 2939
2935 2938
2936 20192
2936 20303
2937 12420
2938 2939
2938 2941
2938 12421
2939 2940
2940 2941
2940 15186
2941 2942
2942 2964
2942 2965
2942 15189
2943 2950
2943 2961
2943 12421
2944 3080
2945 2946
2945 2948
2945 2963
2946 2949
2946 2953
2946 2962
2947 2958
2947 2969
2947 2991
2947 11756
2948 2952
2948 2953
2948 2964
2948 2966
2949 2950
2949 2951
2950 2962
2951 2953
2951 2956
2952 2953
2952 2954
2954 2956
2954 2957
2955 2967
2955 2968
2955 15188
2955 15189
2956 12450
2957 2970
2957 12450
2958 2969
2958 2980
2958 16246
2959 2963
2959 2964
2959 12421
2960 2961
2960 2963
2960 12421
2961 2962
2962 2963
2965 2966
2965 15189
2966 2967
2967 2970
2968 2970
2968 15183
2969 11755
2969 16245
2970 2976
2971 2972
2971 2978
2971 16177
2972 12451
2972 16177
2973 2974
2973 3094
2973 3095
2973 15183
2973 15258
2974 3097
2974 3099
2974 3103
2975 2976
2975 2977
2975 12451
2976 16175
2977 2978
2977 2979
2977 16175
2978 2981
2979 2981
2979 12451
2980 2991
2980 11416
2981 12451
2982 3009
2982 16176
2982 16178
2983 2984
2983 16178
2983 16179
2984 2986
2984 2987
2985 2993
2985 2994
2985 12452
2986 2988
2986 2989
2986 16179
2987 2992
2987 3010
2988 2990
2988 2992
2988 3011
2988 3042
2989 3041
2989 3042
2989 3043
2990 3005
2990 3011
2990 3012
2991 11416
2992 3010
2992 3012
2993 2997
2993 12452
2994 2995
2994 2996
2995 2997
2995 3004
2996 2998
2996 3000
2997 3008
2997 12451
2998 2999
2998 12437
2999 3000
2999 3005
2999 3029
2999 12439
3000 3001
3001 3004
3001 3005
3001 3012
3002 3113
3002 4718
3002 19637
3003 3014
3003 3025
3003 3036
3004 3008
3006 3007
3006 3013
3006 12451
3007 3008
3007 3009
3007 3010
3008 12451
3009 3013
3010 3012
3011 3031
3011 3033
3013 16176
3015 3016
3015 3018
3015 15235
3016 3019
3016 3024
3016 15236
3017 3018
3017 3024
3017 3026
3017 17357
3017 17358
3019 3023
3019 15242
3020 3021
3020 3022
3020 12442
3020 15240
3020 15242
3021 3022
3022 3023
3022 3026
3022 3027
3022 3028
3023 3024
3025 3036
3026 17357
3028 17357
3029 3030
3029 3031
3029 3032
3029 3034
3030 3032
3030 3033
3031 3033
3032 3034
3032 3035
3033 3042
3033 3064
3034 3035
3034 12439
3035 12441
3036 3047
3037 3038
3037 3043
3037 12455
3037 12459
3037 12466
3038 3043
3038 12457
3039 3040
3039 3089
3039 12441
3040 15088
3040 16892
3041 12457
3041 16179
3043 4262
3044 3045
3044 3046
3044 3048
3045 3050
3045 3073
3046 3055
3046 3057
3047 11417
3047 11572
3047 11663
3048 3050
3048 3052
3048 3054
3049 3050
3049 3051
3049 3052
3050 3053
3051 3067
3051 12462
3051 18899
3052 12458
3053 3067
3053 3073
3054 3055
3054 3056
3054 12458
3055 3060
3056 12459
3056 12467
3057 3059
3057 3060
3058 4669
3058 11883
3058 11927
3059 3061
3059 3062
3060 3061
3061 3063
3062 3063
3062 3082
3063 3081
3063 3082
3063 12467
3064 3065
3064 3066
3065 3066
3065 4262
3066 3075
3066 12465
3066 16892
3067 3068
3068 3070
3068 3071
3069 11225
3070 16895
3070 16896
3070 18899
3071 3073
3071 16896
3072 16895
3072 18899
3074 4262
3074 12465
3074 12466
3075 3076
3075 3088
3075 16891
3076 3077
3076 3078
3077 3086
3077 3088
3078 3079
3078 16894
3079 15088
3079 16894
3080 10335
3080 11838
3081 3084
3081 3085
3081 12465
3082 3083
3083 3085
3083 3086
3084 3087
3084 3088
3085 3087
3086 3087
3089 12440
3090 3092
3090 15180
3090 15183
3091 6446
3091 6669
3091 11780
3091 11838
3092 3093
3092 3094
3093 3094
3093 15264
3095 3096
3095 3097
3096 3098
3096 15202
3097 3098
3098 3099
3098 3100
3099 3101
3099 15201
3100 15201
3100 15202
3101 3104
3101 15201
3101 15262
3102 3136
3102 4883
3102 7446
3102 7668
3103 15256
3103 15262
3104 3112
3104 3116
3104 15201
3105 3106
3105 3107
3105 15755
3106 11019
3106 12681
3107 3108
3107 3111
3108 3109
3108 3110
3109 3110
3109 11199
3109 12681
3110 3112
3110 3115
3111 3115
3111 11219
3111 15755
3112 11199
3113 4718
3113 4726
3114 3125
3114 3136
3114 3147
3114 8668
3115 11211
3115 11213
3116 11217
3116 15200
3117 14230
3118 3119
3118 11684
3118 14256
3119 4257
3119 14980
3120 16655
3120 16658
3120 16659
3121 3122
3121 3123
3121 11250
3121 15478
3122 3150
3122 3184
3122 3209
3122 11241
3122 11253
3123 3166
3123 3209
3124 3126
3124 3127
3124 3183
3124 3184
3125 3147
3125 3158
3125 3180
3126 3175
3126 3211
3127 3184
3127 3211
3128 3129
3128 3130
3128 3131
3129 3131
3129 3212
3129 3218
3130 3178
3130 3218
3131 3207
3132 3133
3132 3134
3132 3135
3133 3178
3133 3179
3134 3164
3134 3177
3135 3177
3135 3178
3136 4883
3136 4884
3137 3138
3137 3139
3137 3140
3138 3151
3138 3205
3138 15473
3139 3143
3139 3152
3140 3143
3140 3205
3141 3142
3141 3143
3141 3144
3142 3185
3142 3199
3144 3185
3144 3186
3145 3146
3145 3148
3145 3206
3146 3162
3146 15481
3147 3169
3148 3162
3148 3163
3149 10947
3149 10959
3149 15459
3150 3200
3150 3209
3151 3152
3151 3153
3152 3204
3153 15468
3153 15473
3154 3171
3154 3182
3154 15477
3155 3168
3155 3196
3155 15477
3155 15479
3156 3157
3156 3159
3156 3160
3157 3192
3157 3208
3158 3191
3158 8668
3158 9002
3159 3170
3159 3172
3159 3208
3160 3192
3160 3193
3161 3162
3161 3163
3161 3164
3163 3201
3164 3201
3165 3166
3165 3167
3165 3168
3166 11229
3166 15478
3166 15479
3167 3209
3168 3196
3170 3171
3170 3172
3170 3208
3171 3181
3172 3181
3173 3184
3173 3211
3173 3865
3173 15475
3174 3175
3174 3211
3174 3217
3174 15475
3175 3176
3176 3217
3176 15476
3177 3201
3178 3195
3179 3210
3179 15491
3180 3191
3180 3213
3181 3182
3182 3196
3183 3184
3183 3200
3184 3200
3184 3855
3184 3866
3184 11252
3184 11254
3185 3219
3186 3220
3186 15476
3187 3188
3187 3189
3187 3190
3188 3214
3188 10959
3189 3203
3189 10956
3190 10956
3190 15464
3191 3202
3192 3197
3193 3197
3193 3198
3194 3195
3194 17104
3197 15483
3198 15483
3198 15484
3199 3205
3199 15472
3202 9002
3202 9113
3203 3204
3203 10960
3203 15467
3205 15472
3206 15481
3206 15484
3207 3212
3207 15491
3210 3212
3210 3218
3213 9113
3213 16247
3213 16248
3214 3215
3214 3216
3215 3216
3215 10959
3215 15459
3216 17126
3217 15475
3219 3220
3219 15472
3220 15474
3221 3222
3221 3223
3221 3767
3221 12299
3221 15292
3222 4621
3222 15281
3223 3774
3223 15301
3224 3336
3224 3447
3225 11336
3226 3250
3226 13407
3226 13411
3227 3228
3227 12312
3227 15279
3228 3239
3228 3241
3229 3234
3229 3237
3230 3231
3230 3232
3230 15278
3231 3241
3231 3251
3232 3248
3232 3251
3233 3234
3233 3235
3233 3253
3233 9129
3234 3253
3235 3246
3235 9130
3236 3403
3236 7557
3236 11336
3237 13422
3238 13414
3238 13417
3238 13419
3238 13421
3239 3240
3239 15175
3240 3242
3240 4616
3240 4622
3241 3242
3242 3249
3243 12307
3243 13412
3243 13414
3244 3248
3244 3252
3244 15277
3244 15278
3245 12307
3245 13414
3245 13421
3246 9130
3246 13441
3247 3258
3247 3269
3247 11336
3248 3252
3248 4623
3248 15291
3249 4616
3249 15296
3251 15296
3252 15276
3253 9129
3253 13420
3254 4617
3254 15269
3254 15289
3255 14940
3256 14940
3256 14942
3256 14947
3257 3259
3257 3284
3257 3303
3257 12410
3258 3280
3258 3403
3259 3262
3259 3296
3260 3261
3260 12410
3260 12580
3261 3275
3262 3263
3262 3264
3262 3265
3263 3290
3263 3294
3264 3281
3264 3286
3265 3271
3265 3286
3265 3290
3266 3272
3266 3276
3266 3279
3266 12580
3267 3268
3267 3270
3268 12385
3269 3280
3269 3291
3269 11447
3270 3283
3270 3284
3271 3272
3271 3289
3271 16110
3272 3286
3272 16110
3273 12342
3273 12389
3274 3292
3274 12364
3274 12366
3274 12369
3275 3276
3277 3278
3277 12317
3278 3300
3278 3301
3278 4896
3278 12357
3279 3293
3279 3297
3280 3392
3281 12410
3282 3283
3282 12318
3282 16117
3283 3305
3284 12410
3285 12364
3285 12381
3287 3306
3287 12318
3287 16116
3288 3304
3288 3306
3288 16116
3289 3290
3289 16112
3289 16113
3291 3337
3291 11447
3292 3298
3292 3420
3292 3426
3293 3297
3293 16110
3294 3295
3294 3296
3295 3299
3295 3303
3295 12363
3296 3303
3297 12579
3298 3423
3298 16114
3299 16112
3299 16114
3300 14188
3300 14357
3301 12357
3301 14188
3302 3313
3302 3324
3302 8891
3302 16247
3304 11391
3304 12365
3304 12381
3305 12363
3305 16117
3306 12326
3307 3756
3307 15025
3308 3317
3308 17379
3308 17381
3308 17384
3309 3310
3309 16200
3309 17381
3310 3312
3310 17383
3311 16616
3311 17378
3311 17383
3312 3314
3312 16200
3313 3359
3313 3370
3313 9224
3314 3321
3314 15036
3315 3316
3315 16616
3315 17378
3316 3319
3316 17379
3317 17367
3318 3319
3318 3320
3318 16612
3319 3320
3320 16613
3322 3330
3322 12535
3323 3325
3323 3379
3323 3384
3323 3389
3323 12548
3323 12551
3324 3359
3324 16247
3325 3345
3325 3378
3326 3327
3326 3328
3326 3330
3326 3331
3327 3365
3327 3366
3328 3366
3328 12545
3329 3342
3329 3382
3329 12531
3330 12542
3330 12570
3331 3365
3331 12570
3332 3333
3332 3334
3332 3338
3333 3349
3333 3351
3333 12562
3334 3338
3334 3349
3335 14434
3335 14435
3337 3359
3337 3370
3338 3342
3339 3340
3339 3344
3339 3373
3339 12553
3340 3344
3340 3345
3341 3354
3341 3391
3342 3343
3343 12561
3344 3345
3346 3347
3346 3349
3346 3350
3346 3351
3347 3371
3347 3384
3348 3370
3348 3381
3348 9224
3349 3369
3350 3369
3350 3371
3351 3384
3352 3356
3352 12541
3352 12576
3353 3355
3353 3356
3353 12541
3354 3391
3354 3393
3354 12553
3355 3385
3355 3387
3355 12573
3356 3396
3357 3358
3357 3376
3357 12555
3358 12555
3358 12557
3360 3361
3360 3362
3360 12546
3361 3363
3361 3369
3362 3364
3362 3388
3363 12530
3363 12532
3364 12530
3364 12566
3365 3398
3365 12569
3366 3398
3367 3368
3367 3387
3367 4121
3367 12575
3368 3386
3369 12532
3370 3392
3371 12547
3372 3373
3372 3374
3372 3375
3373 3383
3374 3383
3375 12553
3375 12557
3376 3393
3376 3397
3377 12556
3377 12557
3377 12564
3378 3379
3378 12564
3379 12547
3380 3389
3380 3390
3380 12551
3381 3392
3381 9335
3382 3394
3382 4001
3382 4017
3382 4926
3382 12567
3385 3395
3385 12568
3386 12399
3386 12575
3387 3396
3388 12543
3388 12566
3389 12562
3390 12554
3391 3397
3394 4001
3394 4004
3394 7255
3394 12590
3395 12540
3395 12542
3396 12575
3396 12576
3397 12555
3398 12536
3398 12537
3399 4620
3399 15281
3399 15284
3400 3401
3400 3402
3400 3404
3401 3417
3401 3419
3402 3408
3402 3419
3403 4884
3403 9335
3404 3412
3404 3413
3405 12278
3406 3407
3406 3408
3406 3409
3407 3420
3407 3422
3407 3424
3408 3418
3408 3422
3409 3420
3409 12373
3410 3421
3410 3422
3410 3424
3410 16031
3411 3424
3411 16031
3412 3413
3412 3415
3412 3416
3413 3415
3413 3417
3414 5558
3414 9557
3414 9779
3415 3421
3416 3427
3416 12262
3417 3418
3418 3419
3418 3421
3420 12369
3423 16113
3424 3426
3425 3436
3425 3448
3425 3459
3428 3765
3428 3766
3428 13403
3428 15288
3429 4359
3429 14851
3430 3431
3430 4569
3431 4498
3431 4571
3431 4583
3432 3433
3432 3434
3432 3445
3433 12460
3434 3474
3434 15950
3435 3437
3435 3454
3435 16859
3435 16970
3437 3469
3437 17304
3438 3439
3438 12460
3438 15010
3439 3445
3439 15951
3440 3441
3440 3479
3440 15918
3440 17748
3441 3446
3442 3443
3442 3444
3442 3471
3443 3450
3443 3457
3443 3468
3444 3455
3444 3469
3444 3472
3445 15950
3446 3465
3446 3479
3446 3497
3447 3632
3447 3780
3449 3450
3449 3473
3449 17637
3449 17748
3450 17304
3450 17415
3451 3452
3451 3465
3451 3489
3452 3488
3452 3496
3453 3454
3453 3455
3453 3467
3453 16970
3454 3455
3454 3469
3455 3462
3455 3480
3456 14818
3456 15912
3456 15916
3457 3473
3457 3488
3457 3496
3458 3460
3458 3461
3458 3498
3458 15671
3458 17859
3459 4796
3460 3491
3460 4611
3461 3475
3461 3491
3462 3463
3462 3472
3463 3480
3463 3493
3464 15920
3464 15921
3465 3466
3465 3489
3466 3497
3466 3498
3467 3480
3468 3469
3468 17304
3470 17505
3470 20481
3471 3472
3471 3496
3473 3490
3475 12144
3475 12147
3476 3477
3476 3478
3476 15019
3477 3485
3477 3487
3477 15007
3478 3485
3479 3489
3479 3490
3481 3492
3481 3536
3481 19659
3481 19730
3482 3494
3482 12152
3482 14366
3483 15931
3483 17859
3484 3485
3484 15012
3486 3491
3486 4611
3486 12191
3487 15009
3487 15012
3488 3489
3488 3490
3492 3547
3492 3570
3493 4367
3493 8687
3493 13449
3494 3749
3494 12137
3494 12143
3495 15921
3499 3500
3499 3501
3499 3507
3499 3510
3499 13393
3500 16073
3500 19085
3500 19086
3501 3505
3501 3506
3502 3504
3502 13305
3503 3514
3503 3525
3503 3536
3503 3570
3504 13360
3504 15305
3505 3507
3505 19061
3506 3511
3506 19061
3507 19045
3508 11934
3509 13282
3509 13316
3510 19045
3510 19086
3511 13316
3511 13404
3512 19045
3512 19069
3512 19090
3513 19051
3513 19062
3514 18521
3514 18535
3515 3516
3515 7253
3515 11992
3516 11992
3516 12000
3517 3721
3517 11992
3518 11992
3518 12000
3518 12023
3519 7254
3519 12025
3519 14186
3520 3521
3520 3522
3520 16089
3521 4374
3522 4374
3522 15851
3523 8681
3523 8682
3523 8683
3523 12715
3524 7253
3524 8681
3524 8682
3525 3536
3525 3581
3525 19730
3525 19731
3526 3611
3527 3528
3527 3529
3527 13593
3528 3529
3528 19094
3529 13571
3530 16819
3530 19072
3530 19107
3531 11966
3531 11974
3531 16865
3532 3573
3532 12221
3532 20393
3533 3573
3533 3634
3533 20393
3534 3535
3534 3537
3534 3545
3534 19102
3535 3545
3535 3546
3537 3653
3537 3662
3538 3632
3538 11952
3538 11958
3539 3540
3539 3541
3540 3616
3540 3677
3540 14049
3541 14016
3542 3543
3542 3544
3542 14060
3543 3589
3543 3590
3544 3600
3544 14083
3545 3674
3545 3701
3546 3699
3546 13693
3547 3559
3547 3570
3548 3657
3548 13460
3549 3550
3549 3551
3549 3552
3550 3666
3550 13626
3551 3591
3551 13638
3552 3564
3552 3565
3553 3554
3553 3555
3553 15416
3554 3596
3555 3705
3556 3557
3556 3560
3556 3561
3557 3653
3557 3665
3558 11402
3559 4852
3559 19762
3559 19776
3560 3597
3560 3598
3561 3633
3561 13538
3562 3563
3562 3564
3562 3565
3562 3566
3563 3667
3563 13904
3563 13926
3564 3582
3564 3591
3564 3672
3565 3666
3566 13904
3566 19049
3567 16835
3567 16863
3567 16873
3568 3569
3568 3571
3568 3664
3569 3571
3569 3587
3569 3620
3571 3586
3571 3642
3572 3680
3572 14083
3573 3671
3573 19080
3574 3655
3574 3656
3574 13660
3575 3576
3575 3577
3575 3578
3576 3612
3576 3644
3577 3599
3577 3697
3578 3599
3578 3612
3579 13493
3579 13615
3579 13638
3579 13760
3580 3674
3580 3701
3580 13649
3580 13760
3581 18491
3581 18525
3581 18546
3582 3591
3582 13671
3582 13760
3583 3584
3583 3585
3583 15963
3584 3585
3584 3601
3584 3628
3585 15338
3586 3587
3586 3588
3586 3652
3587 3627
3588 3627
3588 3628
3588 3668
3589 3590
3589 14071
3590 3622
3592 3603
3592 3614
3592 3625
3592 3636
3593 3594
3593 3595
3593 3642
3594 3621
3594 3652
3595 3604
3595 3661
3596 3628
3596 3684
3597 13560
3597 13582
3598 13560
3599 3600
3600 3680
3601 3602
3601 3604
3601 3621
3601 3668
3602 3608
3602 3639
3602 14185
3603 18112
3603 18116
3604 3621
3604 3639
3605 3671
3605 19080
3605 19096
3606 19080
3606 19096
3606 19097
3607 3631
3607 3685
3607 11958
3608 3609
3608 3654
3609 3610
3609 3611
3610 3650
3610 3659
3610 3660
3611 3650
3612 3615
3612 14060
3613 3648
3613 3698
3613 3704
3613 11961
3613 13983
3614 18116
3614 18117
3615 3616
3615 14049
3616 3643
3617 3618
3617 3619
3617 3620
3618 3650
3618 3659
3618 3664
3619 3650
3619 3651
3622 3623
3622 3624
3623 3700
3623 13793
3624 3663
3624 13771
3624 13782
3625 12747
3626 13848
3626 19050
3626 19098
3626 19100
3627 3684
3629 3630
3629 3631
3629 3632
3630 3709
3631 3709
3633 3665
3633 13538
3634 3671
3634 13626
3634 19066
3635 3637
3635 3638
3635 14027
3636 12767
3636 12769
3637 3646
3637 3648
3638 11977
3638 11980
3639 3654
3640 3649
3640 14105
3640 19098
3641 14105
3641 14116
3641 19088
3642 3664
3643 3644
3643 3677
3643 4668
3644 3675
3645 3646
3645 3648
3645 13948
3646 14027
3647 3658
3647 3670
3647 3681
3647 3692
3649 19088
3649 19099
3650 3676
3651 3689
3652 3668
3653 3665
3653 13515
3653 13582
3654 3660
3655 3656
3655 13737
3656 3688
3657 13538
3658 16928
3658 16929
3659 3673
3660 3661
3661 3673
3662 3683
3662 13593
3663 3667
3663 14071
3664 3673
3666 3667
3669 3780
3669 3891
3669 4002
3670 16925
3670 17975
3672 13671
3672 19049
3674 3696
3674 19102
3675 3710
3675 4667
3677 3678
3677 3679
3678 3707
3678 13959
3679 3707
3679 3708
3680 3682
3680 13915
3681 17079
3682 13837
3682 13848
3683 19094
3683 19102
3685 3686
3685 3687
3686 3695
3686 3702
3687 3693
3687 11958
3687 11961
3688 19050
3688 19084
3689 3690
3691 15964
3692 3703
3692 3714
3693 3694
3693 3695
3693 13972
3694 3707
3694 13959
3696 13726
3696 13737
3697 3710
3697 13837
3698 3706
3699 13515
3700 14005
3700 14060
3701 13693
3702 3709
3703 16928
3703 18288
3704 3706
3704 11959
3705 4228
3705 4229
3705 4230
3705 15416
3706 11980
3708 4668
3708 4671
3710 4671
3711 3712
3711 3713
3711 3715
3712 17374
3712 17375
3713 3716
3713 3717
3713 17410
3714 4570
3714 4836
3714 17079
3714 18043
3715 3716
3715 3719
3715 17374
3716 17410
3717 14950
3717 15190
3718 16203
3718 17367
3719 3720
3719 17437
3720 11200
3720 17374
3721 7254
3721 11992
3722 13791
3722 15968
3723 3724
3723 3726
3724 3756
3725 3736
3725 4470
3725 14959
3726 11200
3726 17373
3727 3728
3727 11375
3727 11377
3727 11683
3727 11717
3728 16198
3728 16199
3729 15688
3730 3731
3730 5184
3730 12305
3731 12293
3732 3733
3732 15282
3732 15316
3733 3734
3733 12649
3733 12671
3733 15316
3733 15863
3734 12671
3734 15282
3735 3750
3735 11990
3735 15117
3736 4147
3736 4169
3737 3738
3737 3739
3737 3748
3737 4612
3738 3741
3738 12737
3739 3741
3739 3752
3740 3741
3740 3742
3740 12131
3742 12129
3743 3751
3743 12230
3743 12236
3743 14420
3744 3748
3744 4613
3744 12782
3745 12232
3745 13194
3746 8686
3746 8688
3746 8689
3746 12188
3746 14183
3747 18682
3747 18782
3748 4613
3749 12837
3749 12861
3750 15117
3751 12230
3751 12232
3752 4612
3752 12143
3753 3754
3753 15152
3753 16195
3754 7251
3754 16189
3755 4731
3755 17403
3756 4731
3757 15298
3757 15299
3757 15310
3758 18682
3758 18693
3758 18782
3759 3777
3759 4248
3759 15306
3760 13429
3760 13430
3760 15943
3761 3762
3761 4640
3761 4641
3762 4641
3762 15822
3763 13397
3763 13436
3764 3777
3764 3778
3764 13395
3764 13398
3765 3766
3765 13402
3766 12303
3767 15301
3767 15302
3767 15957
3768 3774
3768 3776
3768 15301
3769 18782
3769 18815
3770 15164
3770 15283
3770 15311
3771 3772
3771 3773
3771 13399
3772 13399
3773 3782
3773 3785
3774 3775
3774 3776
3775 15281
3776 15285
3777 3784
3777 4248
3777 13398
3778 4248
3778 13396
3779 3787
3779 15164
3779 15311
3780 11951
3781 3792
3781 3869
3781 3880
3781 17925
3781 18297
3782 3783
3782 13399
3782 13400
3783 3785
3783 12301
3784 12300
3784 15307
3785 13425
3785 15286
3786 4621
3786 15290
3786 15292
3787 4624
3787 15311
3788 3789
3788 15169
3788 15172
3788 15295
3789 4621
3789 15294
3790 3794
3790 3797
3790 4767
3790 20408
3790 20409
3791 3793
3791 3795
3791 3796
3791 17386
3791 17387
3792 3803
3793 17386
3793 17387
3794 4767
3794 11770
3795 3797
3795 3798
3795 3800
3795 7251
3795 11721
3796 3799
3798 11719
3798 11721
3798 11767
3799 17387
3799 20408
3800 7251
3800 11377
3800 16196
3801 3802
3801 3804
3802 3804
3802 3810
3803 3814
3803 3825
3804 3900
3805 3806
3805 3807
3805 16259
3806 3807
3808 3809
3808 3810
3808 3811
3809 3817
3809 3865
3810 3860
3810 15370
3811 3854
3811 3859
3812 15340
3812 15456
3812 16601
3813 3815
3813 3816
3813 3817
3814 3892
3814 5936
3814 5958
3815 3832
3815 3882
3816 3832
3816 3833
3817 3833
3818 3819
3818 3820
3818 3821
3819 3881
3819 3883
3820 3821
3820 3824
3821 3893
3822 3823
3822 15461
3823 3830
3823 3895
3824 3894
3824 15350
3825 5958
3825 5969
3826 3827
3826 3828
3827 3829
3827 3832
3827 3840
3827 3877
3827 3904
3828 3840
3828 3862
3828 3863
3829 3886
3829 3904
3830 3831
3831 3875
3831 3895
3832 3871
3833 3864
3833 3877
3834 3835
3834 3837
3835 3857
3835 3876
3836 3847
3836 3858
3837 3844
3837 3857
3838 3839
3838 15452
3838 16603
3839 16602
3839 16603
3840 3877
3841 11388
3841 15880
3841 15902
3841 17151
3842 11660
3842 15461
3842 17137
3842 17148
3843 3844
3843 3845
3843 3846
3844 3867
3845 3871
3845 3873
3845 3902
3846 3896
3846 3906
3847 4581
3847 5291
3847 5581
3847 5714
3847 17732
3847 19362
3848 3849
3848 15873
3848 15941
3849 15870
3849 15940
3850 11242
3850 11243
3850 15472
3851 3852
3851 15355
3851 15356
3852 3870
3852 15356
3852 15362
3853 3854
3853 3855
3853 3856
3854 3859
3855 3856
3855 3866
3856 3861
3856 15373
3857 3902
3858 3869
3858 18299
3859 3860
3859 3861
3860 3897
3861 3897
3862 3863
3862 3864
3863 3877
3864 3877
3864 11245
3865 3866
3865 11249
3867 3890
3867 3898
3868 19948
3868 19959
3870 15365
3871 3899
3872 10998
3873 3874
3873 3875
3873 3886
3873 3906
3874 3875
3876 3882
3876 3893
3878 3879
3878 3881
3879 3894
3879 3905
3880 3892
3882 3883
3882 3899
3883 15368
3884 3899
3884 3902
3885 19948
3887 3888
3887 15347
3887 17215
3887 17482
3888 19403
3889 11963
3889 13804
3889 16850
3889 19078
3890 3893
3890 15350
3892 3903
3894 15348
3895 3896
3896 3906
3897 3900
3898 11659
3898 11660
3900 15369
3901 15313
3901 16602
3901 17460
3903 3914
3903 5936
3905 15344
3905 15364
3907 3908
3907 3909
3907 15748
3908 7540
3909 4349
3910 3911
3910 7540
3912 3913
3912 3915
3913 3949
3913 3998
3914 3925
3914 3936
3914 3947
3915 3995
3916 3917
3916 3918
3916 3919
3917 3979
3917 4006
3918 3938
3920 3921
3920 3922
3921 3985
3921 3987
3921 4005
3922 3948
3922 4031
3923 3924
3923 3926
3923 3927
3924 3934
3924 3983
3925 5947
3925 6003
3926 3927
3927 4008
3928 3929
3928 4007
3928 4008
3930 3953
3930 3963
3931 4075
3931 4118
3931 15692
3932 3933
3932 3948
3932 3995
3933 4020
3934 3935
3934 3937
3935 3941
3935 3994
3936 5736
3936 6003
3936 19598
3937 3974
3937 3983
3938 3973
3939 3940
3939 3941
3939 3942
3940 3973
3940 3974
3942 3973
3942 4015
3943 3944
3943 3945
3943 3946
3944 3965
3944 3988
3945 3967
3945 4006
3946 3962
3946 4017
3946 4927
3947 5636
3947 5647
3948 3949
3948 4021
3949 3959
3950 3951
3950 3952
3951 3977
3951 4016
3952 3972
3952 3989
3953 3963
3953 3997
3953 4022
3953 12594
3953 12712
3954 3955
3954 3956
3954 3957
3955 3999
3956 3971
3956 3972
3957 3970
3957 3971
3958 3969
3958 18704
3959 3960
3959 3961
3960 3961
3960 4005
3961 3982
3963 12712
3964 3965
3964 3966
3964 3967
3965 3967
3966 3988
3966 3996
3968 4065
3968 4066
3968 16619
3969 11832
3970 3973
3970 4015
3971 3989
3972 3995
3975 3976
3975 3977
3975 3978
3976 3990
3976 3992
3976 3993
3978 3993
3978 4000
3979 3981
3980 3991
3980 4302
3980 15160
3981 3982
3982 3998
3983 4008
3984 3985
3984 3986
3984 3987
3985 3986
3986 4009
3987 4010
3987 4031
3988 4017
3989 3994
3990 4043
3991 4003
3991 4014
3992 4013
3992 4023
3992 4027
3993 4043
3994 4015
3996 4005
3996 4009
3997 17120
3998 3999
4000 4019
4000 4040
4001 4004
4002 15171
4002 16886
4003 4058
4003 4114
4004 4011
4004 7255
4005 4009
4007 4008
4010 4011
4010 4012
4011 4050
4012 4013
4012 4039
4013 16623
4014 4114
4014 4269
4014 4280
4016 4023
4016 4024
4017 4928
4018 4022
4018 4181
4018 12589
4019 4020
4019 4021
4021 4041
4022 12594
4023 4026
4024 4038
4024 4049
4025 4036
4025 4158
4025 18465
4026 4027
4026 4028
4027 4034
4028 4035
4028 4038
4029 4030
4029 12592
4029 16621
4030 4046
4030 16621
4031 4041
4032 4040
4032 4042
4033 4034
4033 4035
4033 4037
4034 4035
4036 4047
4036 4114
4037 16623
4039 4043
4039 4044
4041 4042
4042 4044
4043 4044
4045 4046
4045 4048
4047 4058
4047 4069
4048 12592
4049 4092
4049 4095
4051 4052
4051 4053
4051 16619
4052 4070
4052 4074
4052 4108
4053 4108
4053 4109
4054 4090
4055 4088
4055 4100
4055 15688
4056 4057
4056 4059
4056 4060
4057 4086
4057 4087
4058 4313
4058 4324
4059 4088
4059 4100
4060 4075
4060 4100
4061 4096
4061 4098
4061 4111
4061 17108
4062 4063
4062 4101
4062 17117
4062 17118
4063 4077
4063 4078
4064 4072
4064 11866
4064 11868
4065 4110
4065 16622
4066 4089
4066 4095
4067 4068
4067 4070
4067 4071
4068 4093
4068 4094
4069 4080
4069 4091
4069 4324
4070 4073
4071 4073
4071 4093
4072 4106
4072 4107
4072 16006
4073 4074
4074 16619
4075 4076
4076 4100
4076 4118
4077 17112
4078 4079
4078 4101
4079 4099
4079 17112
4079 17116
4080 4102
4080 15127
4081 4082
4081 4120
4081 12589
4082 4112
4082 4115
4083 4084
4083 4085
4083 17109
4084 17110
4084 17117
4085 17109
4086 4087
4086 16016
4087 4088
4087 16017
4089 4090
4089 4092
4090 4092
4091 4180
4093 4094
4095 16619
4096 4097
4096 4098
4097 4098
4097 4104
4099 17108
4099 17113
4101 4103
4101 17116
4102 4336
4103 17114
4103 17118
4104 4109
4104 4110
4105 4106
4105 16001
4105 16006
4106 11866
4107 13380
4107 16005
4108 4111
4109 4111
4112 4119
4112 4120
4113 4224
4113 4335
4113 4447
4113 8113
4115 4119
4116 4117
4116 4188
4118 15689
4120 17120
4121 4122
4121 4123
4122 4128
4122 4149
4123 4124
4123 12568
4124 4129
4124 4130
4125 4136
4125 4147
4125 4158
4126 4127
4126 4128
4126 4139
4126 4143
4127 4133
4127 4149
4129 4131
4129 4132
4130 4140
4130 4152
4131 4137
4131 4138
4132 4138
4132 4139
4133 4134
4133 4135
4134 4139
4134 4146
4135 4144
4135 4145
4136 4169
4136 4191
4137 4150
4137 4151
4138 4146
4139 4143
4140 4141
4140 4142
4141 4142
4141 4148
4142 4152
4143 4148
4144 4145
4144 4150
4144 4151
4145 4149
4146 4151
4147 4169
4148 4152
4149 4150
4153 4154
4153 4155
4153 12503
4153 12511
4154 4172
4154 4178
4155 4163
4155 4171
4156 4176
4156 4177
4156 12481
4156 12507
4157 4159
4157 4160
4157 12512
4158 4180
4159 4182
4159 12503
4160 4162
4160 4182
4161 12411
4161 12472
4161 12483
4162 4164
4162 4165
4163 12494
4163 12563
4164 4165
4164 12500
4165 12499
4166 4170
4166 4173
4166 12516
4166 12521
4167 4168
4167 4170
4167 12518
4168 4174
4168 12519
4169 4236
4170 4174
4171 4172
4171 12519
4171 12525
4172 4175
4173 12517
4174 12524
4175 4178
4175 12525
4176 4177
4176 12528
4177 12528
4178 12511
4179 4183
4179 15734
4180 4191
4181 12559
4181 12713
4182 12502
4184 12516
4184 12522
4184 12524
4185 5597
4186 12891
4186 12912
4186 12914
4187 11354
4188 4189
4189 15967
4190 4192
4190 13232
4190 13237
4191 4202
4192 7533
4192 13232
4193 5174
4193 13239
4193 17682
4194 7529
4194 7530
4194 13236
4195 7531
4195 13236
4196 12978
4198 8448
4199 4200
4199 4201
4199 11409
4200 11408
4200 11409
4200 18937
4201 19093
4202 4213
4202 4225
4203 12248
4203 14397
4204 8682
4204 15227
4204 19052
4205 12164
4205 12165
4205 12815
4206 12080
4206 12085
4206 15157
4206 16079
4207 4216
4207 12228
4208 4211
4208 4217
4208 12228
4208 14562
4209 13238
4209 14363
4209 16085
4210 12231
4210 14385
4210 14389
4210 16078
4211 12228
4211 14562
4212 4214
4212 4215
4212 14363
4213 4236
4214 4215
4215 13260
4216 4217
4217 4221
4218 4219
4218 12704
4218 16085
4219 13249
4220 12101
4221 12760
4221 14562
4222 11194
4222 12025
4223 8683
4223 8685
4223 12438
4224 11883
4224 11916
4225 4391
4226 4227
4226 11902
4226 15382
4227 11898
4227 11900
4228 12216
4228 12227
4231 11903
4231 11911
4232 4233
4232 12894
4233 4234
4234 12894
4235 11900
4235 11901
4235 11902
4236 4247
4236 4258
4237 12190
4238 10477
4238 20018
4239 19151
4239 19977
4239 20018
4240 10497
4240 19151
4240 20018
4241 4244
4241 4250
4241 15960
4241 16173
4242 12267
4242 13369
4242 17144
4243 4619
4243 15166
4243 15283
4244 4245
4244 16174
4245 4249
4245 4250
4246 4249
4246 4250
4246 12291
4247 19576
4249 16171
4251 4252
4252 14409
4253 11574
4253 13415
4253 13637
4253 13748
4254 12571
4254 12582
4255 13806
4255 13847
4255 14254
4256 11271
4256 11685
4256 14233
4256 14969
4257 14226
4258 4435
4258 4448
4259 4368
4259 11306
4259 12036
4259 12040
4260 14856
4260 17397
4260 17398
4261 14853
4261 14857
4261 17397
4263 4264
4263 4265
4263 19682
4264 4315
4264 4328
4265 4298
4265 15428
4266 4267
4266 4268
4266 4270
4267 4321
4268 4288
4268 15408
4269 4280
4269 18465
4270 4333
4270 15408
4270 15409
4271 4272
4271 4273
4271 4274
4272 4309
4272 4317
4272 4334
4273 4318
4274 4334
4274 4337
4274 15417
4275 4276
4275 4277
4275 15430
4276 4290
4276 4305
4277 4316
4277 4343
4278 4346
4278 15437
4278 19871
4279 4346
4279 19749
4279 19871
4280 4291
4280 18123
4281 4282
4281 4283
4281 4284
4282 4303
4282 4306
4283 4306
4283 15405
4284 4303
4284 16270
4285 15424
4285 16258
4285 19837
4286 4295
4286 4331
4286 15424
4287 15431
4287 15432
4287 15433
4288 19359
4289 4309
4289 4317
4289 4318
4290 4292
4290 4316
4291 18123
4291 18124
4292 4296
4292 19660
4293 4304
4293 4322
4293 4323
4293 19837
4294 4331
4294 15423
4294 16264
4295 15419
4296 19448
4296 19660
4297 4298
4297 4299
4297 4300
4297 4301
4298 4312
4299 4325
4299 4342
4300 4312
4300 4325
4301 4315
4301 4342
4302 4313
4305 15431
4305 15432
4305 19660
4306 4307
4307 15399
4308 4319
4308 4344
4308 15420
4309 4330
4310 4320
4310 15435
4310 19860
4311 15435
4311 15437
4311 19882
4312 4314
4313 4324
4314 15430
4317 4318
4319 4327
4320 4322
4320 4339
4321 4329
4321 4345
4322 4323
4323 19860
4326 19270
4326 19370
4327 15399
4327 15413
4328 4342
4328 19682
4329 4330
4330 4334
4331 15406
4332 16265
4332 16269
4333 4337
4333 15447
4334 4345
4335 6446
4335 6557
4335 11001
4336 4347
4337 4345
4337 15446
4338 15407
4338 16263
4338 16266
4339 15436
4340 4341
4340 16580
4341 11386
4341 11387
4344 15421
4347 4358
4347 4424
4348 4350
4348 15970
4350 4351
4351 4354
4351 10875
4352 4353
4352 4354
4352 4355
4353 4356
4353 4357
4354 10875
4355 4356
4355 4357
4355 10874
4356 4357
4358 15116
4359 4893
4360 4894
4360 4897
4360 14850
4361 4362
4361 4363
4361 4367
4362 4364
4362 12185
4363 4364
4363 4365
4364 4365
4365 4366
4366 4367
4366 14183
4367 8689
4369 4380
4369 4391
4369 4402
4369 4413
4370 4373
4370 15332
4370 15376
4371 14174
4371 15831
4371 15833
4372 14602
4372 14607
4372 14608
4373 4458
4373 4472
4374 16067
4375 8756
4376 4377
4376 4378
4376 14466
4376 14473
4376 14474
4377 4382
4377 14466
4378 4382
4378 4386
4379 15839
4379 15841
4380 4391
4381 4389
4381 14662
4382 4383
4383 4384
4383 4386
4383 14463
4384 4385
4385 4386
4385 4390
4387 4388
4387 4395
4387 14086
4388 4395
4388 14087
4388 14496
4389 14661
4390 4393
4390 14474
4392 4395
4392 14496
4392 20181
4392 20193
4393 4394
4393 14475
4394 4396
4394 14475
4397 4398
4399 8812
4401 4405
4401 4407
4402 4424
4403 20059
4403 20137
4404 4407
4406 4408
4406 20059
4409 4410
4409 4411
4409 15840
4411 15834
4412 4414
4412 4415
4412 4426
4413 14693
4414 4418
4414 4443
4415 4418
4415 4425
4415 4426
4416 4417
4416 4432
4416 11488
4417 4450
4417 11482
4419 4420
4419 4846
4419 6224
4420 11454
4420 11472
4421 4422
4421 4423
4421 4845
4421 16035
4422 4433
4422 4727
4422 4848
4423 11972
4425 11393
4425 11394
4427 4428
4427 4429
4427 4439
4429 4431
4429 4439
4430 4431
4430 4441
4430 11476
4431 4437
4432 4433
4432 4445
4433 4845
4434 4443
4434 4449
4435 4481
4435 4492
4436 4437
4436 4438
4436 4440
4437 4441
4438 4439
4438 4449
4440 4443
4440 4449
4441 4442
4442 11460
4442 11465
4444 4445
4444 4450
4444 11474
4445 11453
4446 6668
4446 14812
4447 4558
4447 11872
4450 4451
4451 11480
4451 11489
4452 4453
4452 15315
4453 4465
4453 20148
4454 15375
4455 4456
4455 15322
4456 15453
4457 4458
4457 4460
4458 17338
4459 4470
4459 4481
4459 4536
4460 4466
4461 15334
4461 17327
4461 17449
4462 4463
4462 4464
4462 15377
4463 15333
4463 15486
4464 4474
4464 4477
4464 15485
4465 20004
4465 20137
4466 4467
4467 17349
4468 15321
4468 15330
4469 15334
4469 15486
4470 19576
4471 15453
4471 15454
4472 15333
4472 17327
4473 4476
4473 15314
4474 4475
4474 15485
4474 15487
4475 4478
4475 15320
4475 15322
4476 15314
4476 15317
4477 15375
4478 15325
4478 15485
4479 4480
4480 4511
4480 14636
4481 4525
4482 4483
4482 4484
4482 4502
4482 4504
4483 4580
4483 4582
4484 4572
4484 4591
4485 11880
4486 11880
4486 15560
4487 4541
4488 4541
4489 14521
4490 4491
4490 14633
4491 17131
4492 4503
4492 4525
4493 4494
4493 4495
4494 4522
4495 4522
4495 4523
4496 4497
4496 17161
4497 14609
4498 4499
4498 4539
4499 4511
4499 4583
4500 4540
4500 15939
4501 4546
4501 4579
4501 15939
4502 4526
4503 4514
4505 4506
4505 4507
4505 4545
4506 17151
4507 4511
4507 4534
4508 4509
4508 15571
4509 4586
4509 15560
4510 4522
4510 4589
4511 4512
4511 4539
4512 4534
4512 4553
4513 4515
4513 14636
4514 4525
4514 15004
4515 4533
4515 14644
4516 14654
4517 14633
4517 17131
4517 17133
4518 4519
4518 4520
4519 14688
4520 11879
4520 14688
4521 14642
4521 14645
4522 4523
4523 4589
4523 19081
4524 4576
4525 4536
4526 4552
4526 4591
4527 4528
4528 4569
4528 14641
4528 14653
4529 4560
4529 12586
4529 16045
4530 4531
4530 4532
4530 4557
4531 14611
4531 14618
4532 4557
4532 14618
4533 4561
4533 14643
4533 14644
4534 4555
4535 14785
4536 15004
4537 4587
4537 14617
4538 4550
4538 14787
4539 4551
4540 4563
4542 4543
4543 4561
4544 4545
4544 4546
4544 15939
4545 4555
4547 4559
4547 4603
4547 5714
4547 17740
4547 17741
4547 18771
4548 4549
4548 14525
4549 8812
4549 8814
4551 14643
4552 4576
4552 14521
4553 4554
4553 4555
4554 4579
4554 14640
4556 19081
4557 4587
4557 14508
4558 4669
4558 4780
4558 4891
4559 4570
4559 18771
4560 14619
4560 16044
4562 4577
4562 4586
4563 15939
4563 17131
4564 4565
4564 4566
4564 14648
4565 4588
4566 4588
4566 14632
4567 4568
4567 14609
4567 14780
4568 4584
4568 14522
4569 4571
4569 14641
4570 17736
4571 14639
4573 4577
4574 14643
4574 14645
4574 14647
4575 14630
4575 14631
4576 14778
4578 4586
4580 4582
4580 14519
4581 4592
4581 17740
4582 14620
4583 14640
4584 14522
4584 14780
4585 4588
4589 18970
4590 14514
4590 16044
4590 16047
4592 17741
4592 19362
4594 8812
4595 4597
4595 14686
4596 14691
4596 16043
4596 16046
4597 4600
4597 11881
4597 15482
4598 14683
4598 16055
4599 4604
4599 14685
4599 16052
4599 16055
4600 4602
4600 15493
4601 15493
4602 14684
4602 16057
4603 5592
4603 5603
4604 14684
4604 16051
4605 4608
4605 14753
4606 4609
4606 14675
4606 14753
4607 14691
4607 16047
4608 4609
4608 4610
4609 14674
4610 14674
4610 14717
4611 15671
4612 4615
4613 4615
4613 12837
4614 4625
4614 4636
4614 4647
4615 12837
4616 4622
4617 15275
4618 4620
4618 4621
4618 15283
4619 15167
4619 15170
4620 4621
4622 15175
4623 15291
4623 15296
4624 15162
4625 18019
4625 18029
4625 18031
4626 4895
4626 15279
4627 4628
4627 4646
4627 4655
4627 13433
4628 4646
4628 4659
4628 15823
4629 4630
4629 4631
4629 4632
4630 4643
4631 4634
4631 4656
4632 4656
4632 4659
4632 15823
4633 4634
4633 4635
4634 4637
4635 4637
4636 18018
4636 18289
4637 4638
4637 4654
4638 15808
4639 4640
4639 4641
4639 13432
4639 15823
4640 13432
4641 15823
4642 4643
4642 4644
4642 4645
4642 13433
4643 4646
4643 4655
4643 4659
4644 4657
4644 15946
4645 4648
4645 4649
4645 4652
4647 18018
4647 18019
4648 4657
4648 4660
4649 13433
4649 13434
4650 4651
4650 15802
4650 15808
4651 4654
4651 15802
4652 4653
4652 4660
4653 4660
4653 13431
4655 13433
4656 15805
4657 15946
4658 4681
4659 15823
4661 15866
4661 15868
4661 15886
4661 15887
4662 11962
4662 16853
4662 16855
4663 11969
4663 16169
4663 16833
4664 12225
4664 16829
4664 16861
4665 12225
4665 16832
4665 16861
4666 13871
4666 19044
4666 19106
4667 4668
4667 4671
4669 11872
4670 20150
4672 4695
4672 4706
4672 16474
4673 4674
4673 4691
4673 16539
4674 4675
4674 4686
4675 16528
4676 4677
4676 4678
4676 16508
4677 4704
4678 4687
4678 4694
4678 16507
4679 4680
4679 4686
4679 4690
4679 16509
4680 16509
4681 4692
4681 4703
4681 4714
4682 4683
4682 4684
4682 4685
4683 4697
4683 4698
4684 4699
4684 8322
4684 8334
4685 4699
4685 10978
4686 16528
4687 4688
4687 4689
4688 4696
4688 4706
4689 4708
4689 16510
4690 16528
4690 16529
4691 19549
4692 4725
4692 4736
4693 4698
4693 4705
4693 16472
4694 4704
4694 4706
4695 4696
4695 8428
4695 16511
4696 4708
4697 7585
4697 10978
4698 7585
4699 16485
4700 4701
4700 16508
4700 16513
4701 16506
4702 4707
4702 16469
4703 12846
4703 12850
4704 16467
4705 7585
4705 16487
4707 16469
4708 16511
4709 6323
4709 6341
4709 13772
4710 9054
4711 9045
4711 9046
4711 18837
4712 4713
4712 19484
4713 4715
4714 4876
4714 4877
4715 4716
4715 4717
4716 14107
4718 16244
4719 4720
4719 4722
4719 4723
4719 4929
4719 5147
4720 4722
4720 18172
4721 4790
4721 4793
4722 18155
4723 4929
4723 20194
4724 5185
4724 20415
4725 4736
4725 4747
4725 4878
4726 4727
4726 4728
4727 14193
4728 4849
4729 11545
4729 12271
4729 16244
4731 11200
4731 17437
4732 4733
4732 4734
4732 17397
4733 17423
4733 18709
4734 17397
4734 17413
4735 4774
4735 14220
4735 14221
4737 17362
4737 17406
4738 4770
4738 4778
4738 18977
4739 4774
4739 17431
4740 4741
4740 4742
4740 4743
4741 4765
4741 4785
4742 4748
4742 4757
4743 4745
4743 4761
4744 14221
4744 17431
4745 4746
4745 4748
4746 4776
4747 4758
4747 4769
4748 4778
4749 4750
4749 4751
4749 18600
4750 4783
4750 18586
4751 4766
4751 4789
4752 4765
4752 4786
4752 18576
4753 17423
4753 17428
4753 18710
4754 4755
4754 4768
4754 18972
4754 18973
4755 4774
4755 17433
4755 17435
4755 18975
4756 4783
4756 4788
4756 18586
4757 4762
4757 4763
4757 17435
4758 4781
4758 4792
4759 4760
4759 18972
4759 18974
4759 18976
4760 4778
4760 18976
4761 4775
4761 4776
4762 4765
4762 17434
4763 4778
4763 17435
4764 18654
4764 18711
4764 18772
4766 4767
4766 11768
4767 11719
4767 11770
4767 11772
4768 17440
4768 18973
4769 4781
4769 4879
4771 4772
4771 4773
4771 18978
4772 4773
4772 14219
4773 14219
4775 4784
4775 4789
4776 11375
4776 11767
4777 18754
4779 4782
4779 4783
4779 4784
4780 6335
4780 11001
4780 11114
4781 4881
4782 4785
4782 4787
4783 4789
4784 4785
4785 4786
4786 4787
4787 4788
4788 18576
4790 4791
4790 4794
4791 8767
4792 4803
4792 4814
4793 4794
4793 4797
4794 17332
4795 16277
4795 17283
4797 16276
4798 5269
4798 17925
4798 17927
4800 4801
4800 4802
4800 17353
4801 4808
4801 17353
4802 4808
4803 4825
4803 4958
4804 5014
4804 17351
4805 4806
4805 4807
4806 4823
4807 10914
4808 8743
4809 4810
4809 4820
4809 17352
4810 4820
4811 4824
4811 4827
4811 4833
4811 17352
4812 4813
4812 4815
4812 17352
4813 4815
4814 4880
4814 4892
4815 4817
4815 4818
4815 4822
4816 4819
4816 17352
4817 4818
4817 4821
4817 4824
4818 4821
4818 4826
4819 4822
4819 4823
4821 4824
4821 4828
4822 4826
4825 4903
4825 4958
4825 4969
4825 4980
4825 12852
4826 4828
4827 4832
4827 4833
4828 4831
4829 4830
4829 4831
4830 4833
4834 4835
4834 4837
4835 16688
4837 17318
4838 4839
4838 4840
4838 4842
4838 8430
4839 4840
4839 4841
4840 4841
4841 4842
4842 19536
4843 17650
4843 20177
4844 5147
4844 16690
4844 19556
4845 4846
4846 11472
4847 17736
4847 18218
4847 18220
4847 18222
4848 11486
4848 11487
4849 11113
4850 16661
4850 20590
4851 5158
4851 17318
4851 17319
4852 4854
4852 18158
4853 8752
4853 18158
4854 4855
4855 5245
4856 19561
4856 19567
4857 4859
4857 18035
4857 19681
4857 19806
4858 4947
4859 18073
4859 19775
4860 4862
4860 4863
4860 16943
4861 4864
4861 16942
4861 19773
4862 4867
4862 4870
4863 4866
4863 19870
4864 19725
4864 19770
4865 19777
4865 19798
4866 4867
4867 8755
4868 4872
4868 19772
4868 19777
4869 4880
4869 12849
4870 4871
4870 16941
4871 4874
4871 8755
4871 19341
4872 19798
4872 19822
4873 4874
4873 10964
4873 19772
4874 10963
4874 19341
4875 19283
4875 19863
4875 19873
4876 4877
4879 4881
4880 4892
4882 4883
4884 7668
4884 8557
4885 4888
4885 12408
4885 14202
4886 4887
4886 12083
4886 12392
4888 4889
4888 4890
4888 11055
4888 12395
4889 11055
4889 12394
4890 12390
4890 12395
4890 14204
4891 5002
4891 6335
4892 12851
4893 12390
4893 14201
4894 5596
4894 12394
4895 4896
4895 5595
4895 14356
4897 5595
4897 12256
4898 4905
4898 4906
4898 4913
4898 17188
4899 4911
4899 4913
4899 17188
4900 4901
4900 4902
4900 4904
4901 4905
4901 4906
4901 4915
4902 4910
4902 4915
4902 17256
4903 4914
4903 4947
4904 4905
4904 16451
4906 4907
4906 4908
4907 4912
4907 4913
4907 4918
4908 4915
4908 4918
4909 4917
4909 17202
4909 17261
4910 4917
4910 17261
4911 4912
4912 4919
4912 4920
4914 4925
4914 4936
4915 4917
4916 4917
4916 17202
4918 4919
4919 9043
4920 9042
4920 9043
4921 4923
4921 11869
4922 4924
4922 11869
4922 12083
4923 4924
4923 12094
4924 4926
4925 4936
4925 4947
4926 4928
4927 4928
4927 12094
4930 18273
4930 18284
4931 4932
4931 4933
4932 4934
4932 4935
4933 4934
4933 4937
4935 9523
4935 11686
4937 9210
4937 9500
4938 4939
4938 4940
4938 4941
4939 9515
4939 9529
4940 9523
4940 9528
4941 11686
4941 11687
4942 4943
4942 4944
4942 4966
4942 4970
4943 4950
4943 4963
4944 4951
4944 4979
4945 4946
4945 4948
4945 4949
4946 4960
4946 4962
4948 4963
4948 4970
4949 4962
4949 4970
4949 4981
4950 4951
4950 13730
4951 4959
4952 4953
4952 4954
4952 4955
4952 4956
4953 4967
4953 4981
4953 4982
4954 4974
4954 4987
4954 4988
4955 4988
4955 5011
4956 4968
4956 4987
4957 4968
4957 4977
4957 4996
4958 4980
4959 4965
4959 4996
4960 4961
4960 4962
4961 4964
4961 4971
4962 4964
4962 4981
4963 16749
4964 5010
4964 5019
4965 4979
4966 4967
4966 4968
4967 4970
4968 4979
4969 5025
4971 4972
4971 16915
4972 10880
4972 10885
4973 4974
4973 4975
4973 4976
4974 4988
4974 5041
4975 10815
4976 5041
4976 10815
4977 4987
4978 11078
4978 13730
4978 16749
4980 4991
4982 5019
4983 4984
4983 4985
4983 4986
4984 4989
4984 4990
4985 5016
4985 5020
4986 4990
4986 5016
4986 5035
4987 5041
4989 5004
4989 5005
4990 5005
4990 5039
4991 5003
4991 5014
4991 5047
4991 5058
4992 4993
4992 4994
4992 4995
4993 4997
4993 5013
4993 5038
4994 5029
4994 5038
4995 5008
4995 5009
4997 4998
4997 4999
4998 5038
4998 10821
4999 5013
4999 5015
5000 5031
5000 16848
5001 5032
5001 5033
5001 16848
5002 5113
5002 5224
5003 5036
5003 5047
5003 5069
5004 5006
5004 5007
5005 5006
5005 5022
5006 5007
5006 5037
5007 5037
5008 5009
5008 5013
5008 6132
5009 6103
5010 5011
5010 5012
5011 5019
5012 10816
5014 5025
5014 17351
5014 17353
5015 6122
5015 6131
5015 16926
5016 5017
5016 5018
5017 5026
5017 5035
5018 5020
5018 5026
5018 5040
5020 5032
5021 5028
5021 5030
5022 5037
5022 5039
5023 5024
5023 5026
5023 5027
5024 5031
5024 16826
5025 12852
5025 19963
5026 5034
5027 8634
5027 8636
5027 13733
5028 5029
5028 5030
5029 5038
5029 10821
5030 10821
5031 5034
5032 5040
5033 10405
5034 5040
5035 5039
5036 5069
5036 5091
5042 5043
5042 5044
5042 14137
5043 5368
5043 5584
5043 5594
5044 5593
5044 5594
5045 5049
5045 14142
5046 5048
5046 5049
5047 5058
5048 5051
5049 5590
5050 14136
5050 14139
5050 14141
5051 14141
5052 5053
5052 5054
5052 5055
5052 5056
5053 5061
5053 16640
5054 5056
5054 5583
5055 5060
5056 16640
5057 5059
5057 5060
5057 5061
5057 5062
5058 20177
5059 5350
5059 5584
5059 5587
5060 5063
5061 5349
5062 5582
5062 5588
5063 5582
5063 5583
5064 14937
5064 18782
5064 18804
5065 5067
5065 5088
5065 5089
5066 5068
5066 5070
5067 5087
5068 5071
5069 5080
5069 5091
5070 5087
5070 5133
5071 9953
5072 5073
5072 5074
5072 8016
5072 9338
5073 10155
5073 10869
5075 5076
5075 5077
5075 5078
5076 5077
5076 10867
5077 5082
5077 10149
5077 10150
5078 5783
5078 10796
5079 5081
5079 5082
5079 10151
5079 10155
5080 5091
5080 5125
5080 5136
5081 10144
5081 10149
5082 10867
5082 10870
5083 5084
5083 5085
5083 5086
5084 10103
5085 5731
5085 10268
5085 10298
5086 5111
5087 5116
5088 5089
5089 9623
5090 9650
5090 9654
5092 5093
5092 5094
5094 5095
5095 5096
5096 9253
5096 9254
5097 5098
5097 5099
5098 5104
5099 9492
5099 11787
5100 5101
5100 5103
5101 9131
5102 5114
5102 5136
5105 5106
5105 5107
5106 5134
5106 5135
5107 5109
5108 5109
5108 5110
5108 5111
5109 5112
5110 9954
5110 9976
5111 8640
5112 5115
5113 6335
5113 16038
5114 5125
5114 20173
5115 5117
5115 9964
5116 5132
5116 5133
5117 5118
5117 5119
5118 5120
5118 5138
5119 9960
5119 9964
5119 9965
5120 5121
5121 5130
5121 5131
5122 5123
5122 5124
5122 5127
5122 9553
5123 5126
5123 5127
5124 5139
5124 9565
5124 9947
5126 5128
5126 9566
5127 9552
5127 9554
5128 5129
5129 9552
5129 9566
5130 5132
5130 5137
5131 5137
5131 11748
5132 11746
5133 11791
5134 5140
5134 9663
5135 9665
5136 19519
5137 11746
5138 9965
5139 5140
5139 5141
5140 9663
5141 9595
5141 9947
5142 16911
5142 17867
5143 5144
5143 5145
5143 5146
5144 5152
5145 9608
5145 9611
5146 5155
5146 9612
5147 5158
5147 19556
5147 19568
5148 5149
5148 5150
5148 5151
5149 5152
5149 5153
5150 5159
5151 5159
5151 9618
5153 9638
5153 9639
5154 5155
5154 5156
5154 5157
5155 9664
5156 9545
5156 9577
5156 9601
5157 9601
5157 9603
5158 19568
5160 19584
5161 5162
5161 5163
5161 19657
5162 5164
5163 5164
5163 18198
5164 19550
5165 11376
5165 19644
5166 11833
5167 20191
5168 19678
5169 5180
5169 5191
5169 19561
5170 9805
5170 16208
5171 6563
5171 6716
5171 6719
5171 16210
5172 5173
5172 6304
5172 10888
5172 13784
5172 16234
5173 16234
5174 13237
5175 11573
5176 5177
5176 5178
5176 5179
5176 13196
5177 6326
5177 6334
5178 5179
5178 5182
5178 6327
5178 11573
5179 6299
5179 6311
5180 5191
5180 19565
5180 19566
5181 5182
5181 5183
5182 11573
5183 7819
5185 5186
5185 8767
5186 20403
5186 20415
5188 17291
5188 17341
5189 17341
5190 5192
5190 5193
5190 17314
5191 19557
5192 5194
5192 17307
5193 5194
5193 20542
5194 5195
5195 16951
5195 20542
5196 20590
5197 5198
5197 20153
5198 19284
5198 20153
5199 17648
5200 5203
5201 17629
5201 19291
5202 5213
5202 5225
5202 20186
5203 19531
5204 17635
5207 17547
5208 5209
5209 10889
5209 10895
5210 5211
5210 5214
5212 11277
5213 7589
5213 20178
5215 11160
5215 20379
5215 20400
5216 20379
5217 18369
5218 18363
5218 18364
5219 5220
5219 18375
5220 5228
5220 18375
5221 5222
5222 5227
5222 11280
5223 5228
5224 16036
5224 16038
5225 5236
5225 14126
5225 19293
5225 20173
5226 5227
5227 5231
5228 5229
5229 17334
5229 17336
5230 5232
5230 5233
5231 5232
5233 8751
5233 17335
5234 11276
5234 11278
5235 20424
5236 14126
5236 19558
5236 19785
5237 11390
5237 19945
5237 20424
5238 19572
5239 5240
5241 19363
5241 19364
5241 19592
5242 5243
5242 5244
5242 19564
5243 5244
5243 5245
5244 8752
5245 5246
5246 19562
5247 5258
5247 5269
5247 5280
5247 5302
5247 14859
5247 17668
5247 20359
5248 16362
5248 16363
5249 19944
5249 19946
5249 19949
5249 19950
5250 5251
5250 5252
5250 8206
5250 8229
5251 6779
5251 6784
5251 6785
5251 8283
5252 8194
5252 8207
5252 8232
5253 5254
5253 5255
5253 5271
5253 16226
5254 5255
5254 5256
5256 5257
5256 5259
5257 5266
5257 5271
5258 5535
5258 5559
5259 5260
5259 5261
5259 5262
5260 5261
5260 5277
5261 5272
5262 5263
5262 5264
5263 5265
5263 5267
5263 5276
5264 5272
5264 5273
5265 5266
5265 5267
5266 5271
5267 5282
5267 5295
5267 16594
5268 5270
5268 5271
5268 16590
5269 5559
5269 5570
5270 5274
5270 5275
5271 11342
5272 5273
5272 5277
5272 5287
5272 5289
5272 5292
5273 5278
5274 5283
5274 5284
5275 5284
5275 11293
5276 5281
5276 5282
5277 5289
5278 5279
5279 5288
5280 5291
5280 5302
5280 19854
5281 5282
5281 5288
5282 5288
5282 5296
5282 5297
5282 5298
5283 5285
5283 5286
5284 5286
5285 5290
5285 16595
5286 5290
5287 5292
5288 16433
5289 16583
5290 5293
5291 18298
5292 16583
5293 16595
5293 16597
5294 5295
5294 16594
5294 16596
5295 5296
5296 5311
5297 5299
5297 5311
5298 5299
5298 16433
5299 5310
5300 5303
5300 5305
5300 5309
5300 16433
5301 11293
5301 16573
5301 16575
5302 18297
5303 5304
5303 16433
5304 5307
5304 5308
5304 16434
5305 5309
5305 5310
5306 5308
5306 16434
5306 16554
5307 5309
5307 5312
5308 5312
5311 16599
5313 5336
5313 11725
5313 15026
5313 16908
5313 20603
5314 5318
5314 16555
5314 16557
5315 5321
5315 16600
5316 5320
5316 16568
5316 19037
5317 5322
5317 5327
5317 16600
5318 5323
5318 5325
5319 16553
5319 16554
5320 5321
5321 5326
5322 5326
5322 5327
5323 16557
5323 16585
5324 5336
5324 5347
5324 19569
5325 16585
5326 5327
5326 5328
5326 5331
5327 5329
5329 5330
5329 5331
5330 16566
5331 5332
5332 5333
5332 16566
5333 18993
5334 5339
5334 5340
5334 16548
5335 5446
5335 5558
5335 14193
5337 5338
5337 5339
5337 16563
5338 5341
5338 5342
5338 16563
5339 5341
5340 5341
5340 5344
5341 5343
5342 5343
5342 5346
5343 5344
5343 5345
5345 5346
5345 5348
5346 5348
5347 5358
5347 5369
5347 17852
5347 17932
5347 19380
5347 19569
5348 19270
5349 5350
5349 5351
5350 5362
5351 5355
5352 5353
5352 5354
5353 5355
5353 5360
5354 5357
5355 5356
5356 5360
5359 5364
5359 16640
5361 5363
5361 5371
5362 5363
5363 5584
5364 9372
5364 9384
5365 5366
5365 5367
5365 5408
5365 5410
5365 9164
5366 5562
5366 5563
5367 5394
5368 5370
5368 5569
5368 5575
5369 5380
5370 5411
5370 10167
5371 5575
5371 5576
5372 5373
5372 5374
5372 5375
5373 5398
5373 10170
5373 14134
5374 5378
5375 5377
5375 14134
5376 5387
5376 5389
5376 5396
5376 16671
5377 5378
5377 5379
5378 5394
5379 5394
5379 16682
5380 5391
5380 5402
5381 5382
5381 5383
5381 5384
5381 5385
5382 5389
5382 5405
5383 5400
5383 5404
5384 5390
5384 5392
5384 5397
5385 5397
5385 5412
5385 5730
5386 5393
5386 5399
5386 5404
5387 5399
5388 5389
5388 5405
5388 16771
5390 5392
5390 5405
5391 17852
5391 17920
5392 16715
5395 5396
5396 5404
5397 5733
5397 5735
5398 5406
5398 5407
5398 10168
5399 5400
5400 5412
5401 5403
5401 10164
5401 16660
5402 5413
5402 5424
5403 10163
5403 16660
5406 5408
5406 5409
5407 10167
5408 5409
5409 5410
5410 5411
5411 9164
5412 5729
5413 17834
5413 19581
5414 5415
5414 5416
5414 5417
5415 5433
5415 5508
5416 5440
5416 5508
5417 5433
5417 5434
5417 5463
5418 5419
5418 5420
5418 5512
5419 5507
5420 5474
5421 5422
5421 5423
5421 17226
5422 5485
5422 5527
5423 5533
5423 5534
5424 5435
5424 5447
5424 5458
5424 17838
5425 5426
5425 5427
5425 5428
5426 5453
5426 5455
5426 5481
5427 5434
5427 5455
5427 5516
5428 5452
5428 5453
5428 5454
5429 5430
5429 5431
5429 5432
5430 5456
5430 5529
5431 5470
5431 5515
5432 5438
5432 5461
5433 5434
5434 5455
5435 5447
5435 17072
5435 17857
5436 5437
5436 5438
5436 5439
5437 5467
5437 5473
5438 5456
5438 5457
5439 5456
5439 5467
5440 5441
5440 5442
5441 5465
5441 5536
5442 5508
5442 10896
5443 5444
5443 5445
5443 5448
5444 5451
5444 5479
5444 5512
5445 5479
5445 5481
5445 5547
5446 5669
5446 16035
5447 5458
5448 5475
5448 5523
5448 5531
5449 5450
5449 5451
5449 5452
5450 5460
5450 5478
5451 5454
5451 5507
5452 5460
5452 5516
5453 5479
5454 5479
5455 5459
5457 5460
5457 5461
5457 5473
5458 5469
5458 17847
5459 5520
5460 5488
5461 5515
5462 5463
5462 5464
5462 5465
5462 5466
5463 5518
5464 5505
5466 5505
5466 5519
5467 5468
5468 5473
5468 5488
5469 5480
5469 17988
5470 5471
5470 5472
5471 5478
5471 5515
5472 5489
5472 5490
5474 5537
5475 5476
5475 5477
5476 5506
5476 5523
5477 5519
5477 5547
5478 5487
5478 5526
5480 5491
5480 5502
5481 5550
5482 5483
5482 5484
5483 5496
5483 5511
5484 5511
5484 5542
5484 16506
5485 5486
5485 5487
5486 5525
5486 5527
5486 5530
5486 17215
5487 5525
5488 5516
5489 5517
5489 5529
5490 5544
5490 5549
5491 17076
5491 17078
5492 5493
5492 5494
5492 5495
5492 5496
5493 5497
5493 5506
5493 5523
5494 5523
5494 5528
5494 5532
5495 5499
5496 5509
5496 5528
5497 5498
5497 5499
5498 5505
5498 5506
5500 5501
5500 5503
5500 5504
5501 5521
5501 5522
5502 5513
5502 17827
5503 5504
5503 5536
5504 10900
5507 5512
5509 5510
5509 5511
5510 5528
5512 5514
5513 5524
5513 5535
5513 5546
5514 5531
5514 5532
5517 5544
5517 17215
5518 5519
5518 5520
5519 5550
5521 10896
5522 11805
5524 17069
5524 17071
5525 5526
5526 5549
5527 5530
5527 5533
5528 5537
5530 5540
5532 5538
5533 5545
5534 5545
5534 17226
5535 5546
5535 5559
5536 10896
5537 5538
5539 5542
5540 5545
5540 17482
5541 5542
5541 16506
5541 16514
5542 5543
5542 10973
5543 16514
5543 17560
5544 5549
5546 17821
5546 17827
5547 5550
5548 10973
5548 11009
5551 5552
5551 19798
5552 5553
5553 19822
5554 19494
5554 19867
5554 19868
5554 19875
5555 5556
5555 5560
5556 5562
5557 14421
5557 14422
5558 16036
5560 5566
5560 5729
5561 5562
5561 5563
5563 5567
5564 5565
5564 5566
5564 5728
5564 10783
5564 10784
5565 11567
5565 11568
5566 11571
5567 5568
5569 5571
5569 5572
5570 17808
5570 17883
5571 5573
5571 5574
5572 5577
5572 9945
5573 5578
5575 5577
5576 5577
5576 9945
5579 5580
5580 5591
5580 9164
5581 5592
5581 5692
5582 9194
5583 16643
5584 5585
5585 5586
5585 5587
5586 5589
5586 5590
5587 5588
5589 5590
5589 5593
5592 5692
5592 5714
5593 5594
5595 14356
5596 12256
5596 14187
5597 5598
5597 5599
5598 5599
5599 14530
5600 5601
5600 5602
5600 14084
5601 7487
5601 7508
5602 5710
5602 7487
5603 5658
5603 5692
5603 5725
5604 5605
5604 5606
5604 5607
5605 5606
5605 7398
5606 7396
5607 5707
5607 7397
5608 5609
5608 5610
5608 5611
5609 8793
5609 8794
5610 8793
5610 8912
5611 8794
5611 8918
5612 5613
5612 5615
5612 9021
5612 9038
5613 7371
5613 7374
5613 7375
5614 5625
5614 5636
5614 18285
5614 18291
5615 5619
5615 5630
5616 5617
5616 5618
5616 5619
5617 5653
5617 7394
5617 7395
5618 7353
5618 7354
5618 8279
5620 5688
5620 5699
5621 5622
5621 5623
5621 5624
5621 5626
5622 7442
5622 7443
5623 7429
5623 7432
5624 7423
5624 7429
5624 7434
5625 5647
5625 18219
5626 7434
5626 7437
5626 7441
5627 5628
5627 5629
5627 7467
5627 7472
5628 7483
5628 7484
5629 5631
5629 7477
5629 7488
5630 7377
5631 5632
5631 5633
5631 7279
5631 7284
5632 5685
5632 7471
5633 7488
5633 7499
5634 5635
5634 5637
5634 5638
5635 7508
5635 7509
5636 5814
5636 17743
5637 5646
5637 5701
5638 7501
5638 7509
5639 5640
5639 5641
5639 8785
5640 8783
5640 8784
5641 7377
5641 8800
5642 5643
5642 5644
5642 7357
5642 7365
5643 7278
5643 7282
5643 7283
5644 5685
5644 5686
5645 5646
5645 5648
5645 7496
5645 14081
5646 7501
5646 7512
5647 5670
5647 5703
5648 5666
5648 7479
5648 7492
5649 5650
5649 5651
5649 5652
5650 7363
5650 7372
5651 5653
5651 7303
5651 7386
5652 7363
5652 7373
5652 7382
5653 5654
5654 7386
5654 7388
5654 7394
5655 8782
5655 8789
5655 8801
5655 8939
5656 5657
5656 5659
5656 5702
5656 5704
5657 7439
5657 7445
5658 5670
5658 5681
5658 5692
5659 7433
5659 7439
5659 7440
5660 5671
5660 5672
5661 7436
5662 5663
5662 5664
5662 5665
5663 5677
5663 8907
5664 8787
5665 8897
5665 8907
5666 5667
5666 5668
5667 7460
5667 7475
5668 7484
5668 7486
5669 6224
5669 16035
5669 16036
5670 17716
5671 5708
5671 7417
5672 7426
5673 5674
5673 5675
5673 5676
5674 7312
5674 7319
5675 7326
5675 7333
5675 7338
5676 7314
5676 7320
5676 7332
5677 5678
5677 5679
5677 8963
5678 8776
5678 8901
5678 8904
5679 8907
5679 8910
5680 5682
5680 5683
5680 5684
5681 17716
5681 18737
5682 7341
5682 7342
5683 8023
5683 8218
5684 7342
5684 7350
5685 5687
5685 7449
5686 5687
5686 11262
5687 8948
5687 8949
5688 5689
5688 5690
5688 5691
5689 5699
5689 7408
5690 5702
5690 7408
5690 7430
5691 7420
5691 8996
5691 8998
5693 5694
5693 7359
5693 7360
5693 7362
5693 7367
5694 7368
5694 7370
5695 5696
5695 5697
5695 5698
5695 8913
5696 8796
5696 8905
5696 8906
5697 8803
5697 9010
5698 8785
5698 8905
5699 5700
5699 7400
5699 7406
5700 7396
5700 11351
5701 7520
5701 7526
5701 7527
5702 7433
5703 17717
5703 17768
5704 5723
5704 5724
5705 5706
5705 5707
5705 5708
5706 7403
5707 7399
5708 7403
5709 5710
5709 5711
5709 14079
5710 14080
5711 7474
5711 7482
5712 5713
5712 5715
5712 5716
5713 5715
5713 5726
5713 7215
5715 7212
5716 5726
5716 5727
5717 5718
5717 5719
5717 5720
5718 7199
5718 7206
5718 7216
5719 6846
5719 7216
5720 5721
5720 7199
5721 5722
5722 7199
5722 7200
5723 7416
5723 7425
5724 7409
5724 7416
5725 18737
5725 18771
5726 7221
5727 7228
5727 7238
5728 5731
5729 5730
5730 5735
5731 10298
5732 5733
5732 5734
5732 5735
5733 5734
5734 10782
5735 11569
5736 5825
5736 5847
5737 5738
5737 5739
5737 5740
5738 5741
5738 5816
5739 5770
5739 5777
5739 5816
5740 5801
5740 5823
5741 5742
5741 5743
5741 5744
5742 5817
5742 5824
5743 5813
5743 5815
5743 5816
5744 5815
5744 5838
5745 5746
5745 5748
5745 5749
5746 8852
5746 8855
5747 5758
5747 19598
5748 5750
5748 5751
5749 5839
5750 5889
5750 8853
5751 5871
5751 5872
5752 5753
5752 5754
5752 5755
5753 5810
5753 5811
5754 5800
5754 10844
5754 11745
5755 5798
5755 5810
5756 10844
5756 10845
5756 16647
5757 9425
5757 16647
5758 5847
5758 17767
5759 5760
5759 5761
5759 14130
5760 5806
5761 5842
5762 5763
5762 5764
5762 5765
5762 5766
5763 5787
5763 5804
5763 5819
5763 5835
5764 5791
5764 5821
5765 5766
5765 5794
5765 5796
5766 5787
5767 5768
5767 5770
5767 5771
5768 5801
5768 5808
5769 5781
5769 17759
5769 17767
5770 5778
5771 5808
5771 5809
5772 5773
5772 5774
5772 5775
5773 5783
5773 5819
5773 5835
5774 5797
5774 5807
5775 5791
5776 5777
5776 5778
5776 5779
5776 5782
5777 8847
5778 5794
5778 5795
5779 5788
5779 5789
5780 5891
5780 6113
5780 6224
5781 5792
5781 5803
5782 5788
5782 5856
5782 5921
5782 8847
5783 5784
5784 5797
5784 10798
5785 5790
5785 14132
5786 5806
5786 14132
5787 5793
5787 5794
5788 5856
5789 5795
5789 5923
5790 14132
5790 14133
5791 5835
5792 17934
5792 19589
5792 19591
5793 5804
5793 5812
5794 5812
5795 5796
5796 5840
5796 5873
5797 10145
5797 10803
5797 12605
5798 5799
5798 5800
5799 5801
5799 5823
5800 10847
5802 5804
5802 5805
5802 5820
5802 10854
5803 5814
5803 17913
5803 19591
5805 5812
5805 10848
5806 5841
5807 5821
5807 5905
5807 10792
5808 5809
5809 5812
5809 10848
5810 5817
5810 5824
5811 5818
5811 10801
5813 8845
5813 8849
5814 19591
5815 5833
5815 5834
5816 8847
5817 5818
5818 11773
5818 11774
5819 5820
5820 10862
5820 10863
5821 5822
5822 5840
5822 5905
5823 5824
5825 5836
5825 19590
5826 5827
5826 5828
5826 5829
5826 5830
5827 6064
5827 6093
5828 5830
5828 8862
5829 6064
5829 6065
5830 6074
5830 6098
5831 8869
5832 5843
5832 5844
5833 5837
5833 5893
5834 5893
5834 8849
5836 17759
5836 17761
5837 5838
5837 5839
5838 8859
5839 5845
5840 5874
5841 10165
5841 14132
5842 10116
5842 10117
5843 6090
5843 6141
5844 6143
5844 7932
5845 5846
5845 5848
5846 5906
5846 5907
5847 17761
5847 19598
5848 5893
5848 5906
5849 5850
5849 5851
5849 5944
5849 10419
5850 5855
5850 5881
5850 5882
5851 5882
5851 5928
5851 5929
5852 5853
5852 5854
5852 5855
5853 5881
5853 5911
5853 5912
5854 5912
5854 5961
5854 5971
5855 5904
5856 5922
5856 5926
5857 5896
5857 12608
5857 12609
5858 5869
5858 5880
5858 5892
5859 5895
5859 5896
5859 12607
5859 12608
5860 5861
5860 12613
5860 12619
5861 5875
5861 5886
5861 12613
5861 12614
5862 5897
5862 10806
5862 12607
5863 5864
5863 5865
5863 5884
5863 5956
5864 5878
5864 5916
5865 5878
5865 5932
5865 5956
5866 5867
5866 5868
5866 5870
5867 5895
5867 5896
5868 5941
5868 12611
5869 5925
5869 5958
5869 5969
5870 5895
5870 5897
5871 5887
5871 5930
5872 5940
5873 5874
5873 5875
5873 12614
5874 5876
5874 5905
5875 5886
5875 5923
5876 5877
5876 12612
5876 12614
5877 5905
5877 5942
5877 5943
5878 5879
5879 5913
5879 5915
5879 5916
5880 5903
5880 5925
5881 5898
5882 5883
5883 5884
5883 5885
5885 5929
5885 10154
5886 5934
5886 5960
5887 5888
5887 5889
5887 5890
5888 6142
5888 11722
5889 6115
5889 6142
5890 5930
5890 6148
5890 11722
5891 6002
5891 6113
5891 16236
5892 5980
5893 5894
5893 5920
5894 5902
5894 5906
5894 5909
5896 12611
5897 5942
5898 5911
5898 5917
5899 5900
5899 5901
5899 5902
5900 5908
5900 5909
5900 5910
5901 5902
5901 5959
5903 5914
5903 5991
5904 10419
5904 12619
5905 10790
5905 10792
5907 5954
5907 10423
5908 5919
5908 5927
5908 12618
5909 5919
5909 5920
5910 12617
5910 12618
5911 5968
5912 5952
5912 5967
5913 5917
5913 5924
5914 6014
5914 6036
5915 5932
5915 5933
5916 5917
5918 5919
5918 5920
5918 5921
5918 8848
5919 5922
5921 5922
5922 5927
5923 5960
5924 5933
5924 5968
5925 5947
5926 5927
5927 5935
5928 10153
5928 12610
5929 10153
5930 5931
5931 5964
5931 6148
5932 5955
5933 10197
5933 10209
5934 5935
5934 12618
5935 5960
5936 5947
5937 5938
5937 5939
5937 5940
5938 10401
5939 5954
5939 5959
5940 5954
5941 5942
5941 5943
5941 5944
5942 5965
5943 12612
5944 12612
5945 5946
5945 5948
5945 5949
5945 5950
5946 10278
5946 10414
5947 5958
5948 5970
5948 10196
5948 10278
5949 10200
5949 10207
5950 5951
5950 10208
5951 5952
5951 5953
5952 5967
5952 5971
5953 10208
5953 10209
5954 10423
5955 5956
5955 5957
5957 10261
5957 10262
5959 12617
5961 16882
5962 5963
5962 5964
5962 16871
5963 10399
5963 10401
5964 11723
5965 10790
5965 10806
5966 10139
5966 10153
5966 12606
5966 12610
5967 5968
5969 5980
5969 17907
5970 10183
5970 10196
5970 10200
5971 10406
5972 5973
5972 5974
5972 5975
5972 5976
5973 6041
5973 8729
5973 8730
5974 13702
5974 13703
5975 5976
5975 9473
5976 9472
5977 5978
5977 5979
5977 5981
5978 9454
5978 9830
5979 6018
5979 6019
5980 14117
5981 9832
5981 11429
5982 5983
5982 5984
5983 6411
5983 10567
5984 10478
5984 10479
5985 5986
5985 5987
5985 5988
5986 5988
5986 11072
5987 5992
5987 5993
5987 11100
5987 11103
5987 11123
5987 11125
5988 5989
5988 5990
5989 11061
5989 11073
5990 6022
5990 11080
5991 6003
5991 6014
5992 11104
5992 16948
5993 11121
5994 5995
5994 5996
5994 9895
5994 9896
5995 9455
5995 9456
5996 9452
5996 9454
5997 5998
5997 5999
5997 6000
5997 9411
5997 9432
5998 6004
5998 9490
5999 9416
5999 9438
6000 6001
6000 6004
6000 6005
6001 6049
6001 9939
6002 16039
6002 16236
6004 6029
6005 6027
6005 9920
6006 6007
6006 6008
6006 9405
6006 9406
6007 8729
6007 8736
6008 6041
6008 9409
6009 6010
6009 6011
6009 6012
6010 9912
6010 9916
6011 6365
6011 6366
6012 9437
6012 9936
6013 6015
6013 6031
6013 9262
6013 9465
6014 6025
6015 6033
6015 6034
6015 9510
6016 6017
6016 6040
6016 16959
6017 11110
6017 11118
6017 16959
6018 9484
6018 9909
6019 9478
6019 9485
6020 6021
6020 6022
6020 11075
6020 11076
6021 10897
6021 11077
6022 11073
6022 11080
6023 6024
6023 6026
6023 10817
6023 10819
6024 6043
6024 9752
6025 6047
6026 9919
6026 10820
6027 6028
6027 10819
6028 10817
6029 9490
6030 6031
6030 6032
6030 6396
6031 6433
6031 9462
6032 9462
6032 13668
6033 9895
6033 9904
6033 11738
6034 9456
6034 9465
6034 11738
6035 6037
6035 6038
6035 6039
6036 6047
6037 9399
6037 10489
6038 6397
6038 9463
6038 10563
6039 6412
6039 10562
6040 11063
6040 11065
6041 6042
6042 8730
6042 9410
6042 9441
6043 6044
6043 6045
6044 10818
6044 10898
6044 11083
6045 9752
6045 11082
6046 6048
6046 6049
6046 6050
6048 9434
6048 9436
6048 9437
6050 9938
6050 9939
6051 6052
6051 6053
6051 6054
6052 7676
6053 6056
6053 9294
6054 9289
6055 6056
6055 6057
6055 6059
6056 9290
6058 14382
6058 17837
6058 18595
6059 9290
6059 9301
6060 6061
6060 6062
6060 6063
6061 6063
6061 9532
6062 9998
6062 9999
6064 6075
6064 6140
6065 6083
6065 6140
6066 6067
6066 6068
6066 6070
6067 10877
6067 10878
6068 6076
6068 6103
6069 6080
6069 6091
6069 6102
6069 6114
6070 6121
6070 6137
6071 6072
6071 6073
6071 6074
6072 6093
6072 6098
6073 6094
6073 6108
6074 6112
6074 6115
6075 6094
6075 6107
6076 6077
6076 6078
6076 6097
6076 6157
6077 6109
6077 6117
6078 6095
6078 6117
6079 6081
6079 6082
6079 6128
6079 6161
6081 6124
6082 6109
6082 6126
6083 6084
6083 6138
6083 6141
6084 6118
6084 6138
6084 6140
6085 6086
6085 6087
6086 6089
6086 6116
6086 6133
6087 9420
6088 6089
6088 6120
6088 6122
6088 16926
6089 6151
6090 6092
6090 6139
6091 6125
6091 6136
6092 6118
6092 6123
6093 6094
6093 6098
6094 6144
6094 6145
6095 6096
6095 6097
6096 6097
6096 6117
6099 6100
6099 6101
6100 6124
6101 6149
6101 16860
6102 14271
6103 6132
6104 6105
6104 6106
6104 6144
6104 6145
6105 6110
6105 6116
6105 6119
6106 6107
6106 6145
6107 6118
6108 6110
6108 6126
6108 6144
6109 6110
6109 6111
6111 6154
6111 6157
6112 8850
6112 8851
6114 6125
6114 6158
6115 6126
6115 6142
6116 6135
6118 6119
6119 6123
6120 6121
6120 6122
6121 6130
6122 6130
6123 6135
6123 6143
6124 6127
6125 6169
6125 6180
6126 6127
6127 6142
6128 6129
6129 16860
6130 6137
6131 6132
6133 6134
6133 6135
6134 6143
6134 7932
6136 6169
6136 14382
6137 6146
6138 6139
6139 6141
6146 10877
6146 10878
6147 17860
6147 18137
6147 18148
6148 6150
6148 11723
6149 6150
6149 10403
6150 11723
6152 6153
6152 16904
6153 10817
6154 6155
6154 6156
6154 6159
6154 6161
6154 6162
6154 6165
6155 6156
6155 6157
6156 6165
6158 6236
6159 6160
6159 6161
6160 6162
6160 6163
6162 6164
6162 6165
6163 6164
6164 10872
6165 10872
6166 14748
6166 20337
6166 20348
6167 19817
6167 19820
6168 6170
6168 6171
6169 6258
6169 14393
6170 6173
6170 6174
6171 6173
6171 6193
6171 6204
6171 6209
6172 6176
6172 6208
6172 13768
6173 6181
6174 6212
6174 6214
6175 6176
6175 6177
6175 6178
6175 6179
6176 6207
6176 13767
6177 6199
6177 6200
6178 6179
6178 6185
6178 6279
6178 13764
6179 6200
6180 6202
6180 6258
6181 6218
6181 6270
6182 6183
6182 6184
6182 17015
6183 6195
6183 6196
6184 6229
6184 6230
6185 6186
6185 13767
6186 6193
6186 6209
6186 6211
6186 13192
6186 13767
6187 6188
6187 6189
6187 6197
6187 6198
6188 6233
6188 6234
6189 6243
6189 6250
6190 6192
6190 6193
6190 13192
6191 6202
6191 6213
6191 6247
6191 6358
6191 18159
6192 6276
6192 6318
6194 6195
6194 6196
6194 6197
6194 6198
6195 6229
6195 6262
6195 6275
6196 6197
6198 6250
6198 6274
6199 6207
6199 6222
6200 6223
6200 13761
6201 6203
6201 6204
6201 6205
6202 6236
6202 6247
6203 6209
6203 6210
6203 6211
6204 6270
6205 6218
6205 6270
6206 6207
6208 13768
6210 6220
6210 6278
6211 6228
6211 6279
6212 6276
6212 6277
6213 6225
6213 6236
6213 6269
6214 6231
6214 6271
6215 6216
6215 6217
6215 13763
6215 13765
6216 6251
6216 13764
6217 6230
6217 6281
6218 6219
6218 6220
6219 6221
6219 6272
6220 6221
6221 6252
6222 6223
6222 6226
6223 6227
6224 16036
6224 16038
6225 6236
6226 6227
6227 13762
6228 6278
6228 13764
6229 6264
6231 6234
6231 6242
6231 6243
6232 6233
6232 6234
6232 6239
6232 6241
6233 6239
6234 6254
6235 6237
6235 7541
6235 12049
6237 6240
6237 6241
6237 6254
6237 12049
6238 6241
6239 6241
6240 6246
6240 12049
6241 6246
6242 7541
6242 12060
6243 6249
6244 6304
6244 11305
6244 12060
6245 6316
6245 11305
6245 12060
6246 8714
6246 8721
6247 6258
6247 14416
6248 6249
6248 6250
6248 6260
6248 6274
6249 6261
6251 6252
6251 6253
6251 6267
6251 13764
6252 6255
6252 6267
6253 6263
6253 6281
6254 7541
6255 6256
6255 6259
6255 6265
6256 6257
6256 6272
6257 6259
6257 6260
6257 6261
6257 6273
6259 6268
6260 11291
6261 6271
6262 6263
6262 6266
6263 6264
6263 6265
6264 6281
6265 6268
6266 6268
6266 6275
6266 11291
6267 6278
6269 6291
6269 6358
6271 6273
6272 6273
6274 6275
6274 11291
6276 6317
6277 6316
6277 6317
6280 6358
6280 6369
6280 18159
6282 6283
6282 6284
6282 6337
6282 10887
6283 6296
6283 6305
6283 6332
6284 6303
6284 6305
6284 6339
6285 6286
6285 6287
6285 13770
6286 6312
6286 6314
6287 6322
6287 6330
6288 6289
6288 6290
6288 13776
6289 6297
6289 6306
6290 6319
6290 6340
6290 13778
6291 6302
6292 6297
6292 6306
6292 13773
6293 6306
6293 6307
6293 13773
6294 6295
6294 6296
6294 15636
6295 6296
6295 6305
6295 6308
6295 6320
6296 15635
6297 13776
6298 6330
6298 13195
6298 13766
6299 6321
6299 13196
6300 6301
6300 6303
6300 6304
6300 6305
6301 6308
6301 6309
6302 6336
6302 6347
6302 6358
6303 6304
6303 6339
6304 6309
6304 10888
6307 6331
6307 13770
6308 13783
6308 13784
6309 10888
6309 13784
6310 6311
6310 6312
6310 6314
6311 6323
6312 6321
6313 6391
6313 17904
6313 17926
6314 6323
6315 6316
6315 6317
6315 6318
6318 6326
6318 6333
6319 6329
6319 6331
6320 13783
6320 15588
6321 6322
6322 13195
6324 8746
6324 8768
6325 15591
6325 15592
6325 15597
6326 6327
6327 11305
6328 13775
6328 13776
6328 13779
6329 6340
6329 13768
6330 13769
6331 13769
6332 15635
6332 15640
6333 6334
6334 13192
6336 6347
6336 6369
6337 6338
6337 15640
6338 6341
6338 10887
6339 10887
6341 15595
6342 6343
6343 6401
6343 6427
6343 6436
6343 9688
6343 9892
6344 6345
6344 6346
6344 6348
6345 6405
6345 6432
6346 6425
6346 6432
6347 6380
6347 8513
6348 6425
6348 6426
6349 6350
6349 6351
6349 6352
6350 9874
6350 9893
6351 9701
6351 9893
6352 9690
6352 9692
6353 6354
6353 6355
6353 6356
6353 6357
6354 9989
6354 11672
6355 6449
6355 9854
6355 11672
6356 9775
6356 9776
6357 9853
6357 9854
6359 6360
6359 6361
6359 6362
6360 6442
6360 9870
6361 6368
6361 9764
6362 6419
6362 9770
6363 6364
6363 9978
6363 9982
6363 10396
6364 9692
6364 9722
6365 9759
6365 9873
6366 9755
6367 6368
6367 6370
6367 6382
6367 9878
6368 9880
6369 6380
6369 6391
6370 9742
6370 9765
6371 6372
6371 6373
6371 6374
6372 6408
6372 9844
6373 9820
6373 9821
6374 6376
6374 6408
6375 6376
6375 6377
6375 6378
6376 9817
6377 6405
6377 9751
6378 6417
6378 9751
6379 6381
6379 6382
6379 6383
6380 8435
6380 8546
6381 6383
6381 6407
6382 6407
6382 6421
6383 9689
6383 9726
6384 6385
6384 6386
6384 6387
6384 6388
6385 6404
6385 10572
6386 10607
6386 10627
6387 10571
6387 10572
6387 10606
6388 10581
6388 10617
6388 10618
6388 10633
6389 6390
6389 6392
6389 6393
6390 6433
6390 6434
6390 9487
6391 8435
6392 9883
6392 9885
6392 9918
6393 6434
6393 10616
6394 6395
6394 11106
6394 11108
6394 11121
6395 6422
6395 11127
6396 6397
6396 6398
6396 6399
6397 6399
6397 6439
6398 6403
6398 6441
6399 9464
6400 6401
6400 6422
6400 9688
6400 9927
6401 9689
6402 6413
6402 6424
6402 7180
6403 6404
6403 6433
6404 6441
6405 6406
6406 6432
6406 9748
6406 9750
6406 9751
6407 9728
6407 9742
6408 6409
6409 9833
6409 9883
6410 6411
6410 6412
6410 6414
6411 10567
6412 10490
6413 6435
6414 6440
6414 10560
6414 10562
6414 10567
6415 6416
6415 10570
6415 10583
6415 10603
6415 10604
6415 10632
6415 10684
6415 10688
6416 10576
6416 10583
6417 6418
6417 9829
6417 9832
6418 9748
6419 6420
6419 6442
6419 6443
6420 6430
6420 9749
6421 9733
6421 9878
6421 9881
6421 9882
6422 6423
6422 9928
6423 11121
6424 9824
6425 9839
6426 9774
6426 9989
6426 11677
6427 6428
6427 6429
6428 6429
6428 9725
6429 9726
6430 6431
6430 6432
6431 6432
6431 9839
6432 9749
6432 9839
6432 9840
6433 10581
6434 10581
6434 10617
6435 6624
6435 7169
6436 6437
6436 6438
6436 9739
6436 9772
6437 9725
6437 9727
6438 9729
6438 9771
6439 6440
6439 6441
6440 10559
6440 10563
6441 10559
6442 9872
6443 9744
6443 9967
6444 6445
6444 6448
6444 11673
6445 9853
6445 10908
6445 11671
6446 11558
6447 6458
6447 6469
6447 6480
6447 6491
6448 9932
6448 10908
6449 6450
6449 6451
6450 9862
6450 9863
6450 9865
6450 9866
6451 9862
6451 9886
6452 6453
6452 6737
6452 6739
6452 6740
6452 9144
6453 6454
6453 6740
6453 6742
6454 6455
6454 12663
6455 6746
6455 11175
6456 8450
6457 6459
6457 6460
6457 11285
6457 15657
6458 6591
6458 6624
6458 6646
6459 6460
6459 15663
6460 8005
6461 6462
6461 6463
6461 6464
6462 6505
6462 6506
6463 6465
6463 6468
6464 6494
6464 6536
6465 6466
6465 6467
6466 6468
6466 6527
6467 6526
6467 6559
6468 6470
6469 6491
6469 7058
6470 6505
6470 6527
6471 6472
6471 6499
6471 6531
6472 6521
6472 6545
6473 6474
6473 6475
6473 6476
6473 6477
6474 6475
6474 6482
6474 6501
6475 6514
6475 6532
6475 6534
6476 6533
6476 6550
6477 6493
6477 6533
6477 6534
6478 6479
6478 6481
6478 6525
6479 6518
6479 6519
6479 8710
6479 8711
6479 11665
6480 6670
6480 9924
6481 6497
6481 8711
6482 6483
6482 6484
6483 6488
6483 6517
6483 6550
6484 6501
6484 6510
6484 6517
6485 6486
6485 6487
6485 6542
6486 6539
6486 6540
6486 6556
6487 6522
6487 6523
6487 6556
6488 6489
6488 6490
6489 6512
6489 6517
6490 6508
6490 6550
6491 6524
6491 9946
6492 6493
6492 6494
6492 6495
6493 6503
6493 6507
6494 6506
6494 6562
6495 6499
6495 6500
6495 6538
6496 6519
6496 6547
6496 6563
6496 6720
6497 6498
6497 6567
6498 6499
6498 6500
6499 6531
6500 6525
6501 6511
6501 6532
6502 6513
6503 6504
6503 6505
6503 6506
6504 6507
6504 6526
6507 6508
6508 6549
6509 6547
6509 6548
6509 6563
6509 6719
6510 6511
6510 6512
6511 6545
6512 6517
6513 6524
6513 6535
6514 6520
6514 6521
6515 6516
6515 6537
6515 10909
6516 6541
6516 6542
6516 6584
6518 6519
6518 6564
6518 6566
6519 6565
6520 6534
6520 6538
6521 6531
6521 6532
6522 6523
6522 6551
6523 6584
6525 6562
6526 6527
6528 6529
6528 6530
6528 6568
6529 6603
6529 6650
6529 6651
6530 6560
6530 6626
6530 6659
6531 6538
6532 6545
6533 6549
6535 9913
6536 6610
6536 6623
6536 6628
6537 10909
6539 6540
6539 6543
6540 6555
6540 6724
6541 6542
6541 6543
6543 6544
6544 6724
6544 10904
6546 7608
6546 9791
6547 6548
6547 6723
6548 6724
6548 10903
6549 6550
6551 6552
6551 6553
6552 6553
6552 6554
6553 6555
6553 6586
6554 6555
6554 6556
6557 6669
6557 6780
6558 6569
6558 6580
6558 6591
6558 6602
6559 9157
6559 9243
6560 6561
6560 6604
6560 6605
6561 6577
6561 6641
6562 8709
6563 6564
6564 10906
6565 6575
6565 6576
6566 10906
6568 6577
6568 6578
6569 6613
6569 9813
6570 6571
6570 6572
6570 6573
6570 6574
6571 6601
6571 6611
6571 10907
6572 6581
6572 6582
6572 6583
6573 6599
6573 6611
6574 6651
6574 10907
6575 6581
6575 6596
6575 6634
6576 6596
6576 6621
6577 6578
6578 6579
6578 6600
6578 6652
6578 6720
6578 6721
6579 6601
6579 6622
6580 6892
6580 9824
6580 9835
6581 6595
6582 6595
6582 6621
6583 6634
6583 6636
6584 6585
6584 6586
6585 6587
6585 6588
6586 6587
6588 10909
6589 6590
6589 6592
6589 6593
6589 6594
6590 6619
6590 6637
6590 6674
6591 6602
6591 6681
6592 6618
6592 6628
6593 6618
6593 6619
6593 6620
6594 6634
6594 6674
6594 6675
6595 6596
6597 6598
6597 6599
6597 6600
6598 6601
6598 6611
6598 6622
6599 6621
6600 6622
6601 6603
6602 6613
6603 10907
6604 6626
6604 6627
6604 6664
6605 6641
6605 6642
6606 6607
6606 6608
6606 6609
6607 6615
6607 6672
6608 6614
6608 6615
6609 6626
6609 6627
6610 6623
6610 6625
6612 6614
6612 6615
6612 6616
6612 6617
6613 9857
6614 6671
6615 6660
6616 6650
6616 6662
6617 6655
6617 6661
6617 6680
6618 6629
6618 6665
6619 6638
6619 6667
6620 6665
6620 6667
6620 6671
6623 6629
6623 6647
6624 6635
6625 6647
6627 6666
6628 6629
6629 6648
6630 6631
6630 6632
6630 6633
6631 6649
6631 6654
6632 6649
6632 6656
6632 6658
6633 6656
6633 6673
6635 6646
6635 7147
6636 6651
6636 6663
6636 6676
6637 6638
6637 6639
6638 6678
6638 6680
6639 6674
6639 6676
6640 6641
6640 6642
6640 6643
6642 6664
6643 6652
6643 6658
6644 6645
6644 6656
6644 6673
6645 6653
6645 6673
6646 7058
6647 6648
6648 6665
6649 6652
6649 6721
6650 6659
6650 6660
6651 6662
6653 6666
6653 6679
6654 10899
6655 6677
6655 6678
6656 6679
6657 6670
6657 6681
6657 6692
6658 6679
6659 6672
6660 6672
6661 6662
6661 6663
6663 6680
6664 6666
6667 6677
6667 6678
6668 14808
6668 14811
6669 10335
6670 9879
6671 6677
6675 8709
6675 8710
6676 6680
6681 9857
6682 6683
6682 6684
6682 6685
6683 6686
6683 9790
6684 9800
6684 9801
6685 9790
6685 9792
6685 9793
6687 6688
6687 8637
6687 11399
6688 11056
6688 17026
6689 6690
6689 17649
6690 8066
6691 6693
6691 6694
6691 6695
6691 8488
6692 9802
6692 9868
6692 9879
6692 9902
6693 8544
6694 8533
6694 8537
6694 8544
6695 6696
6696 6697
6697 8462
6697 8464
6698 6699
6698 18871
6699 6700
6699 18871
6700 9806
6700 9807
6701 6706
6701 18871
6701 18893
6702 6704
6702 9810
6702 18871
6703 6714
6703 6803
6703 6892
6703 14515
6704 6705
6704 18871
6705 6707
6705 6708
6706 10474
6706 18893
6707 6708
6707 10709
6707 10764
6708 6709
6708 10729
6708 10730
6708 10762
6709 10708
6709 10709
6710 6711
6710 6712
6710 6713
6710 9789
6711 6715
6712 10733
6712 10737
6713 10712
6713 10715
6713 10725
6714 6825
6714 6836
6715 6716
6715 6717
6716 8811
6716 16211
6717 6718
6717 8811
6718 9574
6719 8811
6720 6721
6720 6722
6720 6723
6720 8655
6722 6723
6722 8707
6725 6736
6725 6747
6725 6758
6726 6727
6726 6728
6726 6729
6727 8579
6727 8586
6728 8641
6728 8679
6729 6730
6730 8584
6730 8586
6731 8582
6731 10822
6732 9140
6732 9141
6733 6734
6734 8600
6735 8483
6735 8484
6736 6758
6736 9713
6737 6738
6738 6739
6738 8816
6738 8818
6739 8815
6740 6741
6741 8501
6741 8506
6741 8507
6742 6743
6742 6744
6743 6745
6743 8503
6744 6745
6744 12663
6745 8508
6745 8511
6746 11176
6746 12664
6747 6858
6748 12655
6749 6750
6749 8518
6750 6751
6752 16028
6752 16033
6753 6754
6753 12281
6753 14358
6754 12281
6754 13370
6755 6756
6755 15875
6756 6759
6756 6760
6756 6763
6757 6768
6757 15874
6757 15875
6757 15879
6758 6847
6758 6869
6759 6765
6759 6766
6759 15875
6760 6761
6760 6762
6761 6764
6761 16634
6762 6763
6762 6764
6763 6767
6764 6767
6764 15864
6765 6768
6766 6767
6766 6771
6766 15885
6768 6770
6768 6771
6769 6925
6769 14449
6769 14471
6770 15890
6771 15868
6771 15886
6772 15810
6772 15817
6772 15819
6773 15811
6773 15817
6773 15819
6774 6775
6774 6776
6774 8756
6774 14595
6775 14596
6776 8756
6776 14659
6776 20193
6777 8332
6777 8333
6778 8333
6778 8337
6778 8339
6779 6782
6779 6783
6779 8207
6779 8243
6779 8281
6779 8282
6779 8283
6780 6891
6780 7002
6780 7113
6781 6936
6781 14449
6781 14504
6782 16454
6783 8279
6784 6785
6784 6786
6784 8241
6785 8206
6786 8201
6786 8203
6787 17346
6788 16420
6789 6790
6789 16421
6789 16946
6790 16314
6790 16315
6791 6793
6791 6794
6791 6795
6791 17253
6792 6803
6792 6814
6792 6825
6793 6795
6793 6801
6793 6805
6794 6799
6794 6800
6795 6800
6795 6811
6796 6797
6796 6798
6796 6820
6796 17236
6797 6798
6797 6804
6798 6802
6799 6806
6799 6807
6800 6807
6800 17246
6801 6802
6801 6805
6802 6804
6803 9835
6804 6818
6804 6820
6805 6811
6805 6819
6805 6822
6805 6824
6806 6808
6806 6810
6807 6810
6807 17246
6808 6816
6808 17253
6809 6846
6809 6890
6809 17235
6810 6816
6810 17246
6811 6826
6811 17246
6812 6813
6812 6815
6812 17239
6813 6815
6813 6823
6814 6914
6814 9768
6815 6829
6816 17246
6817 6823
6817 6838
6817 6844
6817 17238
6817 17239
6818 6819
6818 14013
6819 6821
6820 14013
6821 6822
6821 14013
6822 6824
6823 6827
6824 6826
6825 6858
6825 6914
6826 6840
6827 6829
6827 6838
6828 6839
6828 6840
6828 17246
6829 6837
6830 6833
6830 6834
6830 17252
6831 6839
6831 14009
6831 17246
6832 6834
6832 6859
6832 6862
6832 17246
6833 6842
6833 6843
6834 6843
6834 17245
6835 6845
6835 6849
6835 17246
6836 6847
6836 6858
6837 6850
6837 6851
6838 6841
6839 14008
6840 14008
6841 6844
6841 6850
6841 6854
6842 6843
6842 6848
6843 6857
6843 6862
6844 6855
6844 14014
6845 6860
6845 14008
6845 14009
6846 6890
6847 6869
6848 6856
6848 6857
6849 6859
6849 6860
6850 6852
6851 6863
6851 6878
6852 6854
6852 6863
6853 6873
6853 6893
6853 14012
6854 6865
6854 6866
6855 6865
6855 6872
6855 14015
6856 6874
6856 6875
6857 6875
6859 6867
6859 6868
6860 6868
6860 14008
6861 6864
6861 6877
6861 14008
6862 6867
6863 6866
6864 6871
6864 6895
6864 14008
6865 6870
6866 6881
6867 14004
6867 14006
6868 14008
6869 6880
6870 6881
6870 6884
6871 6888
6871 14008
6872 6873
6872 6884
6873 6884
6873 6887
6873 14015
6874 6882
6874 6883
6875 6883
6875 6886
6876 6888
6876 6897
6876 6904
6876 14008
6877 6893
6877 6895
6878 6881
6878 6890
6879 6885
6879 6897
6879 14008
6880 6903
6880 6947
6880 9757
6882 6883
6882 6889
6883 6905
6883 14003
6883 17243
6885 6900
6885 14008
6886 6906
6886 14001
6886 14004
6887 6898
6887 6899
6888 6895
6888 6898
6888 6899
6888 6902
6889 6896
6889 17243
6891 9890
6891 10113
6891 10335
6892 14527
6893 6898
6894 6900
6894 6910
6894 14006
6894 14007
6896 6901
6896 17242
6897 6900
6897 6907
6899 6902
6900 6909
6901 6922
6901 14034
6902 6904
6903 6936
6903 14504
6903 14515
6904 6928
6905 14001
6905 14003
6906 6912
6906 14007
6907 6909
6907 6917
6908 6916
6908 14002
6908 14003
6908 17243
6909 6920
6910 6911
6910 6918
6911 6918
6911 6921
6911 6927
6911 14007
6912 6921
6912 16625
6913 6916
6913 6919
6913 17241
6915 6919
6915 14035
6915 17241
6916 6926
6916 17240
6917 6920
6917 6928
6918 6924
6919 6926
6919 6935
6920 6931
6920 6932
6921 6930
6922 6923
6922 14036
6923 6933
6923 14039
6924 6927
6924 6932
6925 6936
6925 6947
6926 6929
6927 6930
6928 6934
6929 13998
6929 17240
6930 6938
6930 16625
6931 6934
6931 6937
6932 6937
6932 6941
6933 6940
6933 14037
6934 14017
6935 6942
6935 6943
6935 14035
6937 14017
6938 6941
6938 14032
6939 6942
6939 14035
6939 14045
6940 6944
6940 14042
6941 6948
6942 6946
6942 14045
6943 6945
6943 6946
6944 6950
6944 6951
6945 6949
6945 13999
6946 6949
6947 6958
6947 14471
6948 6955
6948 14032
6949 6952
6950 6953
6950 6954
6951 6953
6951 6956
6951 14042
6952 13996
6952 13999
6953 6959
6954 6959
6954 6960
6955 6961
6955 6962
6956 14041
6956 14046
6957 6963
6957 6966
6957 14032
6958 9702
6958 9724
6958 9735
6959 14046
6960 6967
6960 6968
6961 6963
6961 6965
6962 14017
6962 14022
6963 6964
6964 6966
6964 6981
6965 6981
6965 6986
6966 6970
6966 6979
6967 6982
6967 14046
6968 6971
6968 17251
6969 7781
6969 7803
6969 10868
6969 10913
6969 10968
6969 14538
6970 6978
6970 13992
6970 14031
6971 6982
6971 17250
6972 6973
6972 6990
6972 14045
6973 6992
6973 6994
6973 14045
6974 6992
6974 6993
6974 13993
6974 14026
6975 6976
6976 6977
6977 6984
6977 14018
6977 14022
6978 13992
6978 14029
6979 6981
6979 6985
6980 6991
6980 7003
6981 6989
6982 14044
6983 13992
6983 14026
6983 14029
6984 6987
6984 6988
6985 6989
6985 14028
6986 6997
6986 14021
6987 6988
6987 14020
6989 6997
6990 6994
6990 14044
6991 7025
6992 6995
6993 6995
6993 14057
6994 6995
6994 6996
6995 7011
6996 14044
6996 14048
6997 6998
6998 7004
6998 14021
6999 7006
6999 14019
6999 14020
7000 7009
7000 7010
7000 14021
7001 7005
7001 7021
7001 14028
7002 9890
7002 10002
7003 7814
7003 7825
7004 7005
7004 14028
7005 7009
7005 7012
7005 7033
7005 14028
7006 7010
7006 7026
7007 7008
7007 7013
7008 7042
7008 7049
7008 7061
7008 13978
7009 7012
7010 7020
7011 14054
7012 7032
7013 14085
7014 7825
7014 8003
7014 8014
7015 7024
7015 14048
7015 14054
7016 7037
7016 14048
7016 14051
7017 7018
7017 7019
7017 7023
7018 7023
7018 7029
7018 7031
7019 7027
7020 7026
7020 7032
7021 7022
7021 7030
7021 7035
7021 13990
7022 13989
7022 14030
7023 7027
7023 7034
7024 7037
7024 7048
7024 14053
7025 7036
7025 7047
7025 8003
7025 8025
7026 7046
7027 13978
7028 7039
7028 7040
7028 14051
7029 7041
7029 7044
7030 7033
7030 7035
7031 7034
7031 7041
7032 7033
7033 7043
7034 13978
7034 13979
7035 7038
7035 7045
7036 7291
7036 7324
7036 11481
7037 7040
7038 7052
7038 13990
7038 13991
7039 7056
7039 13968
7040 7057
7041 13979
7042 7063
7042 7067
7042 7070
7042 13978
7043 7045
7043 7046
7043 7059
7044 7054
7044 7055
7045 7052
7046 14024
7047 11470
7047 11481
7047 11492
7048 7068
7048 14053
7049 7050
7049 14085
7050 7053
7050 7061
7050 7062
7050 7074
7051 7055
7051 13977
7051 13979
7052 7065
7053 7073
7053 14085
7054 7060
7054 7072
7055 7060
7056 7057
7056 7081
7056 7090
7056 13968
7056 13969
7057 7066
7058 7069
7058 7080
7059 7065
7059 14024
7060 13981
7060 13982
7061 7062
7062 7067
7063 13978
7063 13982
7064 7078
7064 7085
7064 14053
7064 14055
7065 7071
7066 7077
7066 7081
7067 7074
7067 7079
7067 7098
7067 7104
7068 7077
7068 7078
7068 14053
7069 7136
7069 7147
7070 7095
7070 7096
7071 7075
7071 7082
7071 7083
7072 13981
7072 13986
7073 7074
7073 7079
7074 7079
7075 7076
7075 13991
7076 7082
7076 14063
7077 7092
7077 7093
7078 7099
7079 7104
7079 7127
7080 7125
7080 7136
7081 7090
7082 14065
7083 7084
7083 14023
7084 7086
7084 7106
7085 7094
7085 14061
7086 7087
7086 7109
7086 14023
7087 7109
7087 14023
7088 7112
7088 13981
7088 13984
7088 13987
7089 7121
7089 7122
7089 13986
7090 7092
7090 7101
7091 7102
7091 7114
7091 7202
7091 14571
7092 7110
7092 13973
7093 7099
7093 7100
7094 7099
7094 7103
7094 7111
7095 7097
7095 7098
7096 7107
7096 7112
7096 13984
7097 7105
7097 7107
7098 7104
7098 7105
7100 7110
7100 7111
7101 13969
7101 13973
7102 7391
7102 7435
7103 7126
7103 14061
7103 14064
7105 7124
7106 7109
7106 14065
7107 7117
7108 7118
7108 7119
7108 14065
7109 7119
7110 7120
7111 7120
7112 7115
7112 7123
7113 8002
7113 8113
7113 11960
7114 7213
7114 7225
7115 7116
7115 13987
7116 7131
7116 7142
7117 7123
7117 7124
7118 7128
7118 7129
7119 7128
7120 7126
7121 7135
7121 7137
7122 7141
7122 7142
7123 7127
7124 7127
7126 7139
7126 14058
7128 7138
7129 7134
7129 7138
7129 14064
7130 7134
7130 7139
7130 14064
7131 7132
7131 7133
7132 7140
7132 7150
7133 7141
7133 7142
7134 7144
7134 7148
7135 7140
7135 7143
7136 7202
7136 7391
7137 7140
7137 7141
7138 7146
7138 16630
7139 7148
7139 7152
7140 7145
7143 7145
7143 7151
7144 7146
7144 7149
7145 7150
7146 7153
7147 7158
7148 7149
7149 7153
7149 7157
7150 7154
7151 7154
7151 7155
7152 7156
7152 7157
7152 7162
7152 14058
7153 16631
7154 7161
7155 7159
7155 7160
7156 7162
7156 7167
7157 7164
7157 7165
7157 16631
7158 7191
7158 7202
7159 7160
7159 7163
7160 7161
7161 7163
7162 7164
7162 7168
7163 16632
7164 7170
7165 7166
7165 16631
7166 7172
7166 7173
7167 7168
7167 7171
7167 7175
7168 7170
7169 7180
7170 7174
7170 7175
7171 7175
7171 14058
7172 7174
7172 7176
7173 7176
7173 16632
7174 7177
7176 7181
7177 7181
7177 7182
7178 7577
7178 9044
7178 17201
7179 7577
7179 7578
7179 17201
7180 14560
7181 7183
7182 7183
7182 7187
7183 7188
7184 7185
7184 7578
7184 17214
7185 9027
7185 17183
7186 8184
7186 8186
7186 17183
7187 7188
7189 7192
7189 8187
7189 13974
7190 8183
7190 8185
7190 13974
7191 14560
7192 7193
7192 7194
7193 8181
7193 8771
7194 8770
7194 8771
7195 7196
7195 14122
7195 16632
7196 11240
7197 7198
7199 7201
7200 7201
7200 7203
7201 7204
7201 7206
7203 7204
7203 7205
7204 7205
7204 7207
7205 7208
7205 7209
7206 7207
7206 7217
7207 7208
7207 7218
7208 7211
7208 7219
7209 7210
7209 7211
7210 7212
7210 7214
7211 7214
7211 7219
7212 7215
7213 7435
7214 7215
7214 7220
7215 7221
7216 7217
7217 7218
7218 7219
7219 7220
7219 7222
7220 7221
7222 7223
7222 7226
7223 7227
7223 7228
7224 7335
7224 7446
7224 10002
7225 7236
7225 7247
7226 7227
7226 7233
7227 7238
7227 7239
7228 7238
7229 7230
7229 7231
7229 7232
7230 7235
7230 7237
7231 7232
7231 7233
7232 7234
7233 7234
7234 7235
7235 7240
7236 7258
7236 7269
7237 7240
7237 7241
7238 7242
7239 7240
7239 7241
7241 7243
7242 7243
7243 7244
7245 7246
7245 7248
7246 12585
7247 11514
7248 19259
7249 7250
7249 11027
7249 12676
7249 18842
7250 12669
7250 15268
7252 14181
7253 8684
7254 12116
7255 12591
7256 8071
7256 16102
7257 15904
7257 15926
7258 11470
7258 11492
7259 12149
7259 12894
7260 17142
7260 17168
7261 7265
7262 7263
7262 7264
7263 7267
7263 7268
7264 7265
7264 7268
7265 7266
7266 7268
7266 7272
7267 7270
7267 7271
7268 7270
7269 7280
7269 11503
7270 7271
7270 7273
7271 7275
7271 7276
7272 7273
7272 7274
7273 7276
7274 7276
7274 17115
7275 7277
7275 17204
7276 7277
7277 17115
7278 7279
7279 7287
7280 7291
7280 7302
7281 7285
7281 7288
7281 7289
7282 7288
7282 7292
7283 7293
7284 7286
7284 7287
7285 7286
7285 7287
7286 7289
7288 7294
7288 7295
7288 7296
7289 7290
7289 7295
7289 7301
7290 7297
7291 7324
7291 11503
7292 7294
7293 7303
7293 7306
7293 7312
7294 7298
7294 7299
7295 7296
7296 7299
7296 7311
7297 7300
7297 7301
7298 7306
7298 7307
7299 7307
7299 7308
7300 7304
7300 7305
7301 7304
7302 7313
7302 7324
7303 7314
7304 7309
7304 7311
7305 7309
7305 7310
7306 7312
7307 7318
7307 7319
7308 7317
7308 7325
7308 7329
7308 7330
7308 7331
7309 7315
7310 7315
7310 7316
7311 7317
7313 7336
7313 7347
7314 7320
7315 7317
7316 7321
7316 7322
7316 7323
7317 7327
7318 7325
7318 7326
7319 7326
7321 7515
7321 7522
7321 7528
7322 7323
7322 7327
7323 7327
7324 7336
7325 7328
7326 7328
7326 7333
7327 7334
7327 7352
7328 7330
7329 7331
7329 7334
7330 7331
7330 7339
7330 7341
7330 7342
7331 7337
7332 7338
7333 7341
7334 7337
7335 7557
7335 7668
7336 7358
7337 7340
7337 7352
7338 7343
7339 7340
7339 7346
7340 7344
7341 7345
7343 7349
7344 7346
7344 7348
7345 7349
7345 7351
7346 7350
7347 11536
7347 11547
7348 7350
7348 7352
7351 7353
7351 7354
7353 7354
7355 7356
7355 7361
7355 7363
7355 7364
7356 7357
7357 7361
7358 7369
7358 7380
7359 7360
7361 7363
7361 7365
7362 9007
7362 9009
7362 9038
7363 7364
7363 7366
7363 7372
7364 7366
7365 7372
7366 7367
7367 7368
7367 7373
7368 7376
7369 16767
7369 20417
7370 7371
7370 7374
7370 7376
7373 7378
7374 7375
7374 7379
7375 7384
7376 7379
7376 7381
7377 9024
7378 7381
7378 7382
7379 7383
7379 7384
7379 7385
7380 16766
7380 18543
7381 7383
7381 7386
7382 7386
7383 7385
7383 7388
7383 7389
7384 7387
7385 7387
7386 7388
7387 7392
7388 7390
7389 7390
7389 7392
7390 7393
7391 7402
7392 7393
7393 7395
7394 7395
7396 7400
7397 7398
7397 7401
7398 7400
7398 7401
7399 7404
7399 7405
7401 7405
7401 7409
7402 7413
7402 7424
7403 7410
7403 7411
7404 7407
7404 7411
7404 7415
7405 7407
7406 7412
7407 7409
7408 7412
7410 7414
7410 7417
7410 7419
7411 7414
7411 7415
7413 7424
7413 7469
7413 7480
7414 7418
7414 7422
7415 7416
7416 7418
7417 7419
7418 7421
7418 7422
7419 7423
7420 7430
7420 7440
7421 7422
7421 7425
7422 7423
7422 7429
7422 7432
7423 7427
7424 7447
7424 7458
7425 7431
7426 7427
7426 7428
7427 7428
7428 7434
7428 7437
7430 7433
7431 7432
7431 7460
7435 7480
7436 7438
7438 7452
7438 7453
7439 7448
7440 7448
7440 7449
7441 7444
7441 7451
7442 7450
7442 7451
7443 7450
7443 7460
7444 7457
7445 7454
7445 7455
7446 9890
7447 7524
7447 7535
7448 7455
7449 7470
7450 7451
7450 7457
7450 7462
7452 7453
7452 7476
7453 7457
7454 7456
7454 7461
7454 7464
7455 7459
7456 7467
7457 7473
7458 7502
7458 7535
7459 7461
7459 7465
7459 7468
7459 7470
7460 7466
7461 7463
7462 7466
7463 7464
7463 7465
7464 7472
7465 7468
7466 7473
7466 7475
7467 7472
7468 7471
7468 7477
7469 7491
7469 7524
7469 7580
7470 7471
7472 7477
7473 7474
7474 7476
7474 7478
7474 7481
7475 7478
7475 7479
7478 7481
7479 7481
7479 7489
7480 7491
7481 7482
7481 14078
7482 14079
7483 7485
7483 7488
7484 7485
7485 7490
7486 7490
7486 7492
7487 7511
7488 7493
7489 14078
7489 14081
7490 7493
7490 7495
7491 7591
7492 7494
7492 7496
7493 7500
7493 7503
7493 7505
7494 7495
7494 7497
7495 7498
7495 7500
7496 7510
7496 7512
7497 7498
7497 7510
7498 7504
7499 7503
7499 7507
7500 7504
7501 14080
7501 14081
7502 7513
7503 7506
7504 7505
7504 7514
7505 7506
7505 7515
7505 7516
7506 7507
7507 7515
7508 7511
7509 7511
7509 14080
7510 7518
7512 7517
7512 7519
7512 7520
7513 7546
7513 7569
7513 7613
7514 7516
7514 7518
7516 7521
7516 7522
7517 7518
7517 7519
7517 7521
7519 7525
7520 7525
7521 7525
7522 7523
7523 7525
7523 7528
7524 7535
7524 7602
7525 7527
7526 7527
7526 7528
7528 14074
7529 7530
7531 7532
7532 7533
7534 12577
7534 14354
7535 7613
7536 14344
7537 7538
7542 10911
7542 18968
7543 10841
7543 19214
7543 20042
7544 7545
7544 7547
7544 17451
7544 20043
7545 7550
7545 10833
7546 7624
7546 14604
7547 7548
7547 7549
7548 7553
7548 7554
7549 7550
7549 7553
7550 7551
7550 7552
7550 7553
7551 10826
7551 10832
7551 10833
7551 10834
7552 7556
7552 10834
7553 7555
7553 7556
7554 7555
7554 19983
7555 7559
7555 19983
7556 7559
7556 7560
7557 7780
7557 7891
7558 7569
7558 7580
7558 7591
7559 19980
7560 10830
7560 19980
7561 7562
7561 7563
7561 10842
7562 7563
7563 19995
7563 20012
7564 7565
7564 17450
7565 20008
7565 20009
7566 7567
7566 18592
7567 10911
7567 11385
7568 7570
7568 7571
7568 7572
7569 7602
7570 7571
7570 7573
7570 7574
7571 7574
7572 7573
7572 7688
7573 7575
7573 7690
7574 7575
7575 7694
7576 9044
7576 11356
7576 17198
7577 17197
7578 17214
7579 7581
7579 7582
7579 7583
7580 7602
7581 11317
7581 11318
7582 8404
7582 8416
7583 8400
7583 8409
7583 8416
7584 16485
7586 14371
7586 17815
7588 11378
7588 17011
7588 17012
7589 7590
7589 7592
7590 7592
7590 20173
7591 14604
7592 7593
7593 7594
7593 20167
7594 7595
7597 8757
7597 8791
7598 7599
7598 7600
7598 7601
7599 7603
7600 10948
7600 10949
7601 11802
7602 7613
7603 7604
7603 19643
7604 19561
7605 20013
7606 9413
7606 9424
7606 9680
7607 7608
7607 9791
7607 9846
7608 9846
7609 7610
7609 8369
7609 16958
7609 16960
7610 7611
7610 7622
7610 7623
7611 7618
7611 7619
7611 16960
7611 16974
7612 7614
7612 7615
7612 7616
7614 7626
7614 7649
7614 7650
7615 7644
7615 7648
7615 7651
7615 16756
7616 7617
7616 7644
7616 16973
7617 7618
7617 16974
7618 7619
7619 7626
7620 7621
7620 19412
7620 19438
7620 19473
7621 7627
7621 20442
7622 10619
7622 18551
7623 7643
7623 10619
7624 7635
7624 14593
7625 7642
7625 16699
7625 20450
7626 7643
7627 20450
7627 20452
7628 7630
7628 16699
7628 16701
7629 7650
7629 16776
7629 16777
7630 7642
7630 19429
7631 7662
7631 7664
7631 19453
7632 19828
7633 16722
7633 19465
7633 19472
7634 7638
7634 7671
7634 19404
7634 19450
7635 7646
7635 7657
7636 7640
7636 7670
7636 16780
7637 7666
7637 16780
7637 20446
7638 7639
7638 19435
7638 20427
7639 7641
7639 7667
7639 20440
7639 20446
7640 7641
7640 16779
7641 7670
7642 16699
7643 7647
7644 7648
7645 7647
7645 18544
7645 18551
7646 8047
7646 8058
7646 14660
7647 7650
7647 10619
7648 16769
7649 7651
7649 7652
7650 7652
7651 16752
7651 16756
7652 16753
7653 7654
7654 11008
7655 7656
7655 7658
7656 7659
7656 19955
7657 14593
7657 14615
7657 14660
7658 7659
7659 7660
7660 7661
7660 19955
7661 19906
7662 19454
7662 19458
7663 7664
7663 16716
7663 19458
7664 7665
7665 16716
7665 16718
7666 7667
7666 7670
7667 7670
7669 7680
7669 7691
7669 7702
7671 7672
7671 7673
7671 20427
7672 16719
7672 19447
7673 16719
7673 20425
7674 16784
7674 16785
7674 20439
7674 20456
7675 19823
7676 7677
7676 7678
7677 9309
7677 9315
7678 9282
7678 9286
7679 7681
7679 7682
7679 7683
7679 10521
7680 7713
7680 11658
7681 10518
7681 10519
7682 7683
7682 9304
7683 10522
7684 10518
7684 10556
7684 13642
7685 10505
7685 10517
7685 13642
7686 7687
7686 7688
7686 15372
7687 7689
7687 7690
7688 7690
7689 7690
7689 7692
7690 7694
7691 7713
7691 7724
7691 7735
7691 7746
7692 7693
7692 7695
7692 15372
7693 7694
7694 7695
7697 7698
7698 7699
7700 7701
7700 7704
7701 7703
7701 7705
7701 7708
7702 11525
7703 7704
7705 7706
7705 15655
7706 7707
7706 7708
7706 15658
7707 7708
7709 7710
7709 7712
7709 15658
7710 7711
7710 7712
7711 7716
7711 7719
7712 7714
7713 11658
7713 11670
7714 7715
7715 7716
7716 7718
7716 8004
7717 8001
7718 8001
7719 15658
7720 7806
7720 7807
7720 7809
7721 8007
7722 8006
7722 8007
7723 7725
7723 7726
7724 11614
7724 11647
7725 7729
7725 7810
7725 12661
7726 7727
7726 7729
7727 7728
7727 12659
7728 7730
7728 7816
7728 8009
7729 12659
7730 12659
7731 7800
7731 7801
7731 7802
7732 7915
7733 7734
7733 7736
7733 7749
7733 7915
7734 7751
7734 7913
7735 11670
7736 7737
7736 7749
7737 7747
7738 7748
7738 7985
7739 7740
7739 7741
7739 10387
7739 10388
7739 10390
7740 7744
7741 7742
7742 11208
7743 8617
7743 8621
7744 7745
7746 7757
7746 11647
7747 7748
7747 7749
7747 7750
7748 10392
7749 7751
7750 7751
7752 7753
7754 7756
7755 7772
7756 7758
7756 7759
7757 7768
7758 7759
7758 7763
7758 7764
7758 7767
7758 7772
7759 7760
7759 7766
7760 7776
7760 7783
7761 7762
7761 7763
7761 7791
7762 7764
7762 7765
7763 7790
7764 9106
7765 9110
7765 9118
7766 7767
7767 7769
7768 7969
7768 11625
7769 7771
7769 9106
7770 9107
7770 9108
7771 9108
7772 7790
7773 10381
7773 10384
7774 7783
7774 7786
7775 7778
7775 7785
7776 7777
7776 7778
7776 7782
7777 7783
7777 7786
7778 7784
7778 7788
7779 14439
7779 14440
7779 14441
7779 14451
7779 14511
7780 7891
7780 8224
7780 8335
7780 9446
7780 9668
7781 7792
7781 7803
7782 7787
7782 7788
7784 7785
7784 7786
7787 7788
7789 7796
7791 7793
7792 7814
7793 7794
7794 7795
7795 7796
7797 7808
7798 7799
7798 7805
7798 7808
7799 7802
7799 7805
7799 7806
7800 8000
7801 7802
7801 7804
7802 7804
7802 7807
7803 10768
7803 10780
7803 10935
7804 7805
7808 7809
7808 7810
7809 7811
7812 7813
7812 8011
7812 8015
7813 7815
7813 7817
7815 7816
7815 8011
7816 8010
7818 7819
7819 7820
7820 7821
7820 7822
7821 7824
7822 7823
7822 7824
7825 10768
7826 7827
7826 12629
7827 7828
7827 7829
7828 7830
7829 7831
7829 7832
7831 12624
7832 7835
7832 12623
7833 7835
7833 7837
7833 7877
7833 12623
7834 7875
7834 7876
7834 12623
7835 7838
7836 7847
7836 7858
7836 7869
7837 7871
7838 7839
7839 7840
7840 7841
7842 7843
7842 7844
7842 12620
7843 7844
7843 7849
7843 7850
7843 12620
7844 7854
7844 7855
7845 7846
7845 7848
7845 16219
7846 7849
7846 7935
7847 11703
7848 7850
7848 7852
7849 7935
7850 7851
7850 7854
7851 7852
7851 7856
7851 7864
7852 7853
7853 7870
7853 10331
7854 7855
7854 7856
7855 7857
7856 7857
7856 7860
7857 7859
7858 11670
7859 7898
7859 7902
7860 7861
7860 7864
7860 7865
7861 7862
7861 7863
7862 7890
7862 7907
7862 7911
7863 7866
7863 7934
7864 7866
7865 7902
7865 7909
7866 7867
7867 7868
7867 7870
7868 7870
7869 20625
7871 7872
7871 7877
7872 7873
7872 7874
7873 7897
7873 7898
7874 7876
7874 7877
7874 7882
7875 7878
7875 13544
7876 7877
7876 7878
7878 7879
7878 13545
7879 7881
7879 7883
7880 7969
7880 7991
7880 20625
7881 7888
7881 13545
7882 7883
7882 7894
7882 7897
7883 7885
7884 7885
7884 7886
7884 7887
7885 7888
7886 7894
7886 7896
7887 7896
7887 7899
7887 10337
7888 7889
7889 10332
7889 10333
7890 7893
7890 10329
7890 10331
7890 10337
7891 11949
7892 7903
7892 7914
7892 20417
7893 7901
7893 7910
7894 7895
7895 7896
7895 7897
7898 7900
7899 7900
7899 7901
7900 7902
7901 7908
7902 7906
7903 7925
7903 7936
7904 7905
7904 7906
7904 7907
7905 7907
7905 7908
7906 7909
7907 7909
7907 7910
7908 7910
7911 7934
7912 7992
7912 11267
7913 7915
7914 11570
7914 11581
7916 7918
7917 12636
7917 12640
7919 7981
7919 12639
7919 12641
7921 7922
7922 7923
7922 7924
7923 7926
7924 7926
7925 7947
7925 7958
7927 7928
7929 7930
7929 7931
7930 7931
7933 10648
7933 11763
7933 13580
7933 18826
7935 16218
7936 20423
7936 20432
7937 7938
7937 7939
7938 7941
7938 16219
7939 7940
7940 7946
7941 7942
7941 7943
7943 12621
7944 7949
7944 7950
7945 7946
7945 7948
7946 11549
7947 11636
7948 12645
7949 7950
7951 7954
7952 10377
7952 13547
7953 8626
7953 13547
7953 13548
7955 7957
7955 7964
7956 7959
7957 7964
7957 12645
7958 7980
7958 20423
7959 7960
7959 7961
7960 7963
7961 7962
7963 7967
7964 7972
7964 7974
7965 7968
7965 12643
7969 7980
7970 7972
7972 7976
7973 7975
7974 7976
7975 7977
7975 7978
7977 7979
7978 7979
7978 7981
7979 7981
7979 12641
7979 12654
7980 19939
7982 7988
7983 7984
7984 7986
7985 10390
7985 10392
7986 7987
7987 7988
7988 7989
7989 11283
7990 15648
7990 15650
7991 8169
7991 8180
7991 8191
7993 7995
7994 7996
7996 7997
7998 7999
7998 8000
8002 10668
8002 10890
8005 8006
8005 15663
8006 8008
8007 8008
8009 8010
8010 8011
8013 8015
8014 10768
8016 8017
8017 9998
8017 10009
8018 8019
8018 8020
8018 8021
8018 8022
8019 10871
8020 10020
8021 10037
8021 10871
8022 10038
8023 8024
8023 8026
8023 8279
8024 8026
8024 8188
8024 8218
8024 8233
8024 8237
8025 11459
8026 8188
8026 8194
8026 8277
8026 8279
8026 8281
8027 8055
8027 8056
8027 15633
8028 15584
8028 15585
8028 15633
8029 15585
8029 15631
8029 15632
8030 8031
8030 8032
8030 13090
8031 8032
8032 13091
8033 8034
8033 8035
8033 8049
8033 13090
8034 8046
8034 8051
8035 8044
8036 11448
8036 11459
8037 8038
8037 8039
8038 8041
8039 8043
8039 16235
8040 8042
8040 8043
8040 8045
8040 16235
8041 8043
8041 15668
8042 8044
8042 15668
8044 8045
8044 8049
8045 8050
8046 8048
8046 8049
8046 15675
8047 8125
8048 8050
8048 15673
8049 8050
8051 8052
8051 8053
8052 8054
8052 8061
8053 8056
8053 8061
8054 8062
8054 15675
8055 8057
8055 15632
8056 8063
8057 8063
8057 8064
8058 8102
8058 8125
8058 8136
8059 8060
8059 13781
8059 15632
8060 8064
8060 8065
8061 8062
8062 8063
8063 15676
8064 15676
8065 15674
8065 15676
8066 8067
8066 8068
8067 8068
8067 8070
8067 17649
8069 14615
8069 14638
8070 8722
8071 8083
8071 20327
8072 8073
8072 8074
8072 19027
8073 11169
8073 11177
8073 11185
8074 8075
8074 11169
8075 8076
8076 11169
8076 11178
8076 13951
8077 8078
8077 8432
8077 12684
8078 8079
8078 8081
8079 12703
8079 12705
8080 8102
8080 8114
8081 8432
8081 12702
8082 8083
8082 16100
8082 16102
8083 18758
8084 8086
8084 8097
8084 12668
8085 8094
8085 8097
8085 12668
8086 8087
8087 8095
8088 11051
8088 18886
8088 18896
8089 18825
8089 18828
8089 18892
8090 12670
8090 18862
8090 18883
8090 18905
8091 8102
8091 8136
8092 11037
8092 15736
8092 18903
8092 18905
8093 15738
8093 18876
8093 18877
8094 8095
8094 8096
8095 8097
8096 8103
8096 18861
8098 8099
8098 8100
8098 8101
8099 8101
8099 8103
8099 11034
8100 11040
8100 18877
8101 11033
8101 11040
8104 8105
8104 8106
8104 8173
8104 8195
8104 8204
8104 8208
8104 8209
8105 8150
8105 8160
8106 8129
8106 8175
8107 8108
8107 8109
8107 8110
8108 8129
8108 8130
8109 8130
8109 8131
8110 8111
8110 8115
8110 8117
8110 8131
8110 8174
8110 8175
8110 9029
8111 8122
8111 8176
8111 9029
8111 17225
8112 8122
8112 9031
8112 17225
8112 17229
8113 11938
8114 8125
8115 8116
8115 8117
8116 8118
8116 8123
8116 8124
8117 8173
8118 8119
8118 8120
8119 8123
8119 14075
8120 8121
8120 9060
8121 8173
8121 9060
8121 14075
8122 8126
8122 9029
8123 14076
8124 9028
8124 9029
8126 9028
8126 17230
8127 9028
8127 14076
8127 17230
8128 8137
8128 8177
8128 17582
8129 8130
8130 8156
8131 8135
8131 8154
8131 8172
8132 8133
8132 8134
8132 8135
8132 17227
8133 8140
8133 8148
8133 8149
8134 8137
8134 8148
8134 8177
8135 8149
8136 8158
8136 14649
8137 8138
8138 8139
8138 8148
8139 8140
8139 8141
8140 8168
8140 8170
8141 8144
8141 8146
8142 8143
8142 8144
8143 8146
8143 8168
8144 8145
8144 8146
8145 16448
8145 16452
8147 11692
8147 11814
8147 14649
8149 8153
8149 8170
8150 8151
8150 8152
8151 8165
8151 9061
8152 8155
8152 8159
8152 8161
8153 8154
8153 8155
8154 8157
8155 8171
8156 8157
8156 8160
8157 8159
8158 14660
8159 8160
8161 8162
8161 9061
8162 8163
8162 8164
8162 8167
8163 8165
8163 9061
8164 8166
8166 8167
8166 8168
8167 8171
8169 8380
8169 15015
8169 19920
8170 8171
8172 8176
8172 17227
8173 8174
8173 9060
8174 8175
8177 17227
8178 8182
8178 17223
8178 17604
8179 8181
8179 8182
8179 17207
8179 17231
8180 8191
8180 8202
8181 8187
8182 8712
8182 8769
8183 8185
8183 8187
8183 17207
8184 8185
8184 13974
8185 8186
8188 8226
8188 8233
8188 8235
8188 8277
8189 8190
8189 8192
8189 8193
8190 8210
8190 8211
8190 8268
8191 19939
8191 19940
8192 8208
8192 8210
8193 8211
8193 8212
8194 8207
8194 8278
8195 8196
8195 8307
8196 8197
8196 8204
8196 8205
8196 8272
8196 8306
8197 8198
8197 8199
8197 8245
8197 8272
8198 8205
8198 8245
8198 8250
8199 8200
8199 8219
8199 8239
8199 8261
8200 8239
8200 8245
8200 8246
8201 8206
8201 8222
8201 8275
8202 8213
8202 19918
8202 19949
8203 8275
8203 8276
8203 8309
8204 8260
8204 8274
8205 8260
8206 8238
8207 8281
8208 8209
8209 8210
8209 8274
8210 8226
8210 8231
8210 8235
8210 8244
8210 8248
8210 8253
8210 8254
8210 8255
8210 8259
8210 8266
8210 8268
8210 8271
8210 8273
8210 8274
8211 8214
8211 8267
8212 8214
8212 8216
8213 8225
8213 8247
8213 19917
8214 8215
8214 8216
8215 8251
8215 8265
8215 8267
8216 8217
8217 8223
8217 8251
8218 8223
8219 8220
8219 8221
8219 8222
8220 8228
8220 8238
8220 8239
8221 8261
8221 8262
8221 8263
8221 8264
8222 8238
8222 8262
8223 8237
8224 11336
8224 11447
8225 8236
8225 8247
8225 19921
8226 8227
8226 8278
8227 8228
8227 8231
8227 8232
8228 8229
8228 8230
8229 8232
8229 8238
8230 8231
8230 8239
8230 8246
8231 8244
8232 8278
8233 8234
8234 8235
8234 8237
8234 8270
8235 8271
8236 19884
8236 19891
8237 8251
8237 8257
8237 8270
8240 8241
8240 8242
8240 8243
8241 8283
8241 8309
8241 8318
8242 8316
8242 8318
8243 8283
8244 8246
8244 8248
8245 8249
8246 8249
8247 19962
8248 8249
8248 8259
8249 8250
8250 8259
8250 8260
8251 8252
8251 8256
8252 8253
8252 8256
8252 8257
8253 8254
8253 8255
8254 8257
8254 8271
8255 8256
8255 8266
8256 8265
8257 8270
8258 8269
8258 8280
8258 19883
8258 19884
8259 8273
8260 8273
8261 8272
8261 8289
8262 8264
8262 8275
8263 8285
8263 8287
8264 8284
8264 8285
8264 8308
8265 8266
8265 8267
8266 8268
8267 8268
8269 19896
8269 19925
8270 8271
8272 8298
8273 8274
8275 8308
8276 8311
8276 16456
8277 8278
8279 8281
8280 8302
8280 16999
8281 8282
8284 16445
8284 16455
8285 8286
8286 8287
8286 9001
8287 8288
8288 8289
8288 8290
8289 8298
8290 8296
8290 8299
8290 8303
8290 9004
8291 8302
8291 8313
8291 8324
8291 8336
8292 8301
8292 9005
8292 16450
8293 9001
8293 9005
8293 16444
8293 16450
8294 8295
8294 8296
8294 8297
8295 8298
8295 8305
8296 8299
8296 8300
8297 8304
8297 8305
8298 8299
8300 8301
8300 8303
8301 9004
8302 16999
8303 9004
8304 8305
8304 8307
8305 8306
8306 8307
8308 16456
8309 8311
8309 8318
8310 8311
8310 8312
8310 16455
8311 8317
8312 8314
8312 8315
8312 8317
8313 18463
8314 8315
8314 8316
8315 11382
8315 11384
8315 16454
8315 16455
8316 8317
8317 8318
8319 8320
8319 8321
8319 8322
8319 8323
8319 8334
8320 8321
8320 8337
8320 8344
8320 8345
8321 8342
8321 8343
8322 8345
8323 8325
8323 8330
8323 8343
8323 16478
8324 16728
8324 18518
8325 8326
8325 8327
8326 8328
8326 16429
8326 16478
8327 8328
8327 8331
8328 8329
8329 16480
8329 16483
8330 8334
8330 16478
8331 16463
8331 16480
8332 8343
8332 16463
8333 8342
8335 8446
8335 9779
8336 17000
8336 18454
8337 8341
8337 8342
8338 8339
8338 8340
8338 8341
8339 8341
8339 16443
8340 11047
8340 11048
8341 8344
8344 8345
8345 11048
8346 8348
8346 8349
8346 8350
8346 8351
8347 8358
8347 8369
8347 18498
8348 8356
8348 11296
8349 8361
8349 8362
8350 8359
8350 8360
8351 8410
8351 11345
8352 8353
8352 8354
8352 8363
8352 11297
8353 8355
8353 8363
8354 11342
8355 8360
8355 8367
8356 8357
8356 16591
8357 8361
8358 16958
8358 18498
8359 8364
8359 11345
8360 8364
8360 11301
8361 11302
8361 11304
8361 11331
8362 11301
8362 11331
8363 8367
8364 8365
8364 8366
8364 8367
8365 11297
8365 11298
8366 8411
8366 11345
8368 8370
8368 8379
8368 8417
8368 10991
8368 11319
8369 16979
8369 18545
8370 8387
8370 8395
8370 10987
8371 8372
8371 8373
8371 8386
8371 10986
8372 8388
8372 10992
8373 8374
8373 10966
8373 10986
8375 8376
8375 15871
8375 16225
8376 8377
8376 8382
8377 8383
8378 8382
8378 10982
8378 10996
8378 16225
8379 10984
8379 10991
8379 16225
8380 8391
8381 11343
8381 11344
8381 16225
8382 10969
8382 10996
8383 8385
8383 10972
8384 8385
8384 11697
8384 11698
8384 15871
8386 8387
8386 8388
8386 8390
8386 10986
8387 8389
8387 10988
8388 10988
8388 10993
8389 8390
8389 8392
8389 8394
8390 10967
8391 17001
8391 19885
8392 10965
8392 10967
8392 10985
8393 8394
8393 8395
8393 8398
8393 8422
8394 10985
8395 8417
8395 8422
8396 8397
8396 8398
8396 8399
8397 10965
8397 10985
8398 8399
8398 10985
8400 8401
8400 11299
8401 8421
8401 11294
8402 8413
8402 8424
8403 8404
8403 8405
8404 8414
8404 11317
8405 8409
8405 8414
8405 8415
8406 8407
8406 8408
8406 8409
8406 8410
8407 8418
8407 11294
8408 8411
8408 8418
8410 11296
8411 8412
8411 11328
8412 11295
8412 11326
8414 8416
8415 11296
8417 11324
8418 11295
8419 8420
8419 8421
8419 8422
8420 11299
8420 11300
8421 11295
8423 15780
8423 15781
8423 18880
8425 13861
8425 13863
8425 18918
8426 8427
8426 14810
8428 16428
8428 16512
8429 8430
8431 20409
8432 12685
8432 12701
8433 8434
8433 8436
8433 11369
8434 8437
8434 8438
8435 8480
8436 8438
8436 8452
8436 8453
8437 8439
8437 8451
8438 8441
8438 8454
8439 8440
8439 8441
8440 8442
8440 8443
8441 8455
8442 8444
8442 8445
8443 8451
8444 8512
8445 8455
8445 8494
8445 8512
8446 16251
8446 16252
8447 8635
8447 8657
8447 18059
8447 18204
8449 8450
8449 8451
8450 11369
8452 8456
8452 8457
8453 8456
8453 8463
8453 8482
8454 8457
8454 8460
8455 8460
8455 8496
8456 8459
8456 8478
8457 8459
8458 8657
8458 8702
8458 18059
8459 8460
8460 8481
8461 8462
8461 8463
8463 11371
8464 8465
8464 8466
8465 8467
8465 11368
8466 8482
8466 11368
8467 8468
8467 8470
8468 8471
8468 11367
8469 8613
8469 8635
8469 8691
8469 18059
8470 11367
8470 11368
8471 8472
8471 8473
8471 8526
8472 8475
8472 8523
8472 8527
8473 8523
8473 11367
8474 8475
8474 8476
8474 8477
8475 8521
8475 8522
8476 8497
8476 8522
8477 8520
8477 8521
8478 8479
8478 8481
8479 8482
8479 11367
8480 8546
8480 18037
8481 8496
8481 8497
8483 8485
8483 8525
8484 8498
8484 8514
8484 8525
8485 8486
8485 8487
8486 8487
8486 8520
8487 8493
8488 8529
8488 8530
8489 8568
8489 13480
8490 8555
8490 8609
8490 8610
8490 13480
8491 8513
8491 8535
8491 8546
8491 18037
8492 8693
8492 13480
8493 8494
8493 8495
8493 8525
8494 8496
8495 8512
8495 8514
8497 8520
8498 8499
8498 8500
8499 8515
8499 8516
8499 8817
8500 8505
8500 8514
8501 8503
8501 8504
8502 8569
8502 8613
8502 17948
8502 18037
8503 8508
8504 8507
8504 8509
8505 8506
8505 8507
8506 8515
8508 8509
8509 8510
8511 8519
8513 8524
8515 8516
8516 8517
8517 8815
8517 8816
8518 8519
8521 8527
8522 8523
8524 8535
8524 8591
8526 8527
8526 8528
8528 8529
8528 8539
8530 8532
8531 8532
8531 8533
8531 8534
8533 8536
8533 8537
8534 8538
8534 8539
8535 8569
8535 8580
8536 8538
8536 8543
8536 8545
8536 8548
8537 8545
8538 8540
8538 8541
8539 8540
8540 8541
8541 8542
8542 8556
8542 8615
8542 8616
8543 8548
8543 8556
8543 8616
8545 8547
8547 8549
8548 8550
8548 8551
8549 8553
8550 8552
8550 8553
8551 8552
8553 8554
8554 8560
8555 8556
8555 8559
8557 8668
8557 8779
8558 8613
8558 17948
8558 17971
8559 8561
8559 8562
8560 8561
8560 8562
8561 8562
8563 8564
8563 8565
8564 8568
8564 8570
8565 8566
8565 8570
8566 8567
8567 8568
8567 8570
8569 8624
8571 8572
8571 13489
8571 13511
8572 8573
8574 8575
8574 8576
8574 13488
8575 8577
8575 8578
8576 8581
8577 8586
8577 13491
8578 8581
8578 8585
8579 8587
8579 13491
8580 8591
8580 8624
8580 18181
8581 13487
8582 8583
8582 13487
8583 8584
8583 8585
8585 8586
8587 8679
8588 8589
8588 13483
8588 13518
8589 8595
8589 8603
8589 8605
8590 8592
8590 8593
8590 8594
8591 8602
8592 8599
8592 8601
8592 8607
8593 8607
8593 13519
8594 8597
8594 8599
8595 8598
8595 8604
8596 8597
8596 8598
8596 8599
8597 8600
8598 8604
8600 13483
8601 8603
8601 8604
8601 8608
8602 18181
8602 18193
8603 8606
8605 8606
8605 13518
8606 8608
8607 8608
8609 8611
8609 8612
8609 13525
8610 8611
8610 13480
8611 13523
8612 8614
8612 13532
8613 8624
8614 8615
8617 8618
8617 8619
8618 10299
8619 8620
8619 8621
8620 8627
8620 8633
8621 8630
8622 8623
8622 8625
8622 8626
8623 8628
8623 8629
8623 8632
8623 8633
8624 8635
8625 8629
8625 10377
8626 10368
8626 10371
8627 8628
8627 8632
8628 13546
8629 13546
8630 8631
8631 10382
8631 10384
8632 8633
8633 10367
8634 8636
8635 8646
8636 8637
8637 8719
8638 10999
8638 16426
8638 16477
8639 16221
8639 16222
8639 16233
8640 9567
8641 8642
8641 8643
8642 8652
8642 8655
8643 8644
8643 8645
8644 8651
8644 8656
8644 8658
8644 8664
8645 8650
8645 8664
8646 18181
8646 18204
8647 8648
8647 8649
8647 8650
8648 8666
8648 8673
8649 8650
8649 8662
8649 8665
8651 8662
8651 8663
8652 8653
8652 8654
8653 8654
8653 8658
8654 8660
8655 8708
8656 8659
8656 8661
8657 8713
8658 8660
8659 8660
8659 8661
8661 8662
8662 8663
8663 8664
8665 8666
8666 8667
8666 8671
8667 8670
8667 8676
8669 18193
8669 18215
8670 8671
8670 8674
8670 8676
8671 8672
8672 8673
8672 8674
8673 8677
8674 8675
8675 8677
8675 8678
8676 8678
8680 8735
8680 18193
8681 12715
8681 13416
8682 8684
8684 8686
8685 8687
8685 8688
8686 8692
8687 8690
8688 14181
8688 14183
8689 13449
8690 11412
8690 12449
8691 17971
8691 17993
8692 13438
8692 14184
8693 8694
8694 13481
8695 8696
8695 8697
8696 8697
8696 8698
8697 8699
8698 8700
8698 8701
8698 8703
8698 8704
8699 8701
8699 8705
8700 8703
8702 18015
8702 18026
8702 18082
8703 8704
8705 8706
8706 13496
8707 8708
8709 11651
8711 11563
8712 17223
8712 17231
8713 18204
8713 18215
8714 8715
8714 11405
8715 8721
8715 11397
8716 8717
8716 8718
8716 11742
8717 11056
8717 11380
8718 8720
8718 8761
8719 8721
8719 11379
8720 8742
8720 11400
8722 17660
8723 8725
8723 8726
8724 8835
8724 8868
8724 8879
8724 18215
8725 8727
8725 11435
8726 9419
8727 8728
8727 8733
8727 11430
8728 8736
8728 9418
8729 8733
8730 9414
8731 9428
8731 11433
8731 13727
8732 9429
8732 9430
8732 13725
8733 8734
8733 8736
8734 9400
8734 9472
8735 8780
8737 8738
8737 13713
8737 13714
8738 9442
8738 9468
8738 13683
8739 8740
8739 8741
8739 13701
8740 9398
8740 13714
8741 13701
8741 13703
8742 11064
8742 13733
8743 10914
8743 17353
8744 8745
8745 10899
8746 8757
8746 8768
8747 10773
8747 10774
8748 11417
8748 11572
8748 12027
8749 11406
8749 15516
8750 8751
8753 8754
8753 17578
8753 18345
8755 19870
8757 8791
8758 8764
8758 8765
8758 8766
8758 8832
8758 11533
8758 11610
8759 8760
8759 8761
8760 8762
8760 11397
8761 11397
8762 11763
8762 16219
8763 15727
8763 16111
8764 8766
8764 8833
8764 11577
8765 8841
8765 8843
8766 11604
8766 11605
8767 16617
8769 8770
8769 8771
8770 17604
8772 11346
8772 18677
8772 18743
8773 8774
8773 16146
8773 18743
8773 18756
8774 11346
8774 11349
8774 19025
8775 16143
8775 16145
8775 18669
8775 18688
8776 8904
8776 8956
8776 8959
8777 8778
8777 8781
8777 8782
8778 8793
8778 8912
8779 8891
8779 9002
8779 9113
8780 8791
8781 8801
8781 8906
8782 8912
8782 8938
8783 8810
8783 8897
8784 8799
8784 8810
8785 8786
8786 8799
8786 8905
8787 9006
8788 8789
8788 8790
8788 8792
8789 8920
8790 8987
8790 8988
8792 8920
8792 8988
8792 8989
8794 8918
8795 8796
8795 8797
8795 8798
8796 8916
8797 8889
8797 8893
8797 8894
8797 8898
8798 8799
8798 8894
8798 8905
8800 8804
8801 8913
8801 9010
8802 18082
8802 18115
8803 8804
8803 8805
8804 9018
8805 9011
8806 8807
8806 8808
8806 8809
8807 8986
8807 8987
8808 8954
8808 8972
8809 8922
8809 8930
8809 8984
8809 8990
8810 8894
8810 8896
8813 9058
8813 18115
8814 11679
8815 8816
8817 8818
8819 8820
8819 11499
8819 11500
8820 8829
8820 11498
8820 11499
8820 11528
8820 11531
8821 8822
8821 8823
8821 8838
8822 11507
8822 11578
8823 11530
8823 11582
8824 8914
8824 18082
8824 18093
8825 8826
8825 8827
8825 8828
8826 11520
8826 11596
8827 11516
8827 11517
8827 11590
8828 11512
8828 11600
8829 8830
8829 8831
8829 11498
8829 11532
8830 11519
8830 11520
8830 11598
8831 11495
8831 11519
8831 11627
8832 8833
8832 8834
8832 11579
8833 11511
8834 11509
8835 8846
8835 8857
8836 8837
8836 8838
8836 11578
8837 11579
8837 11580
8837 11611
8837 11613
8838 8839
8839 11607
8839 11609
8839 11613
8840 8841
8840 8842
8840 8843
8840 8844
8841 11500
8842 11500
8842 11601
8842 11602
8843 11518
8844 11518
8844 11591
8844 11595
8845 8847
8845 8848
8846 8857
8846 8868
8846 8958
8848 8849
8850 8864
8850 8865
8851 8862
8851 8864
8852 8853
8852 8854
8852 8860
8853 8854
8854 8861
8854 8865
8855 8856
8855 8858
8855 8859
8856 8859
8856 11773
8856 11774
8857 8958
8858 8860
8858 10801
8858 11774
8859 11773
8860 8861
8861 8866
8861 8867
8862 8863
8863 8864
8863 8866
8865 8866
8867 9470
8868 8892
8868 8903
8869 9261
8869 9397
8870 9260
8870 9261
8871 8872
8871 8873
8872 19138
8873 19119
8873 19138
8874 8877
8874 8881
8874 19194
8875 8877
8875 8878
8875 19194
8875 19197
8876 10074
8876 10075
8876 19194
8877 8882
8877 8883
8878 8883
8878 10092
8878 10100
8879 8914
8880 19195
8880 20025
8880 20096
8881 8882
8881 8884
8881 10074
8882 8885
8882 8886
8883 8886
8883 10090
8884 8885
8884 8887
8884 19149
8885 8888
8886 8888
8886 10090
8887 20102
8889 8898
8889 8909
8889 8955
8889 8960
8890 13970
8891 9224
8891 9335
8892 8958
8892 8980
8892 8991
8893 8915
8893 8916
8894 8895
8895 8898
8895 8899
8895 8900
8896 8899
8896 8908
8897 8908
8898 8901
8899 8902
8900 8901
8900 8902
8902 8910
8903 8969
8904 8909
8906 8913
8906 8916
8907 8908
8908 8911
8909 8956
8910 8911
8914 8969
8915 8917
8915 8960
8917 8918
8917 8919
8919 8957
8919 8960
8920 9011
8921 8922
8921 8923
8921 8926
8921 8932
8922 8931
8923 8924
8923 8926
8924 8927
8924 8928
8924 8953
8925 8936
8925 8947
8925 18093
8925 18104
8926 8928
8926 8933
8927 8928
8927 8929
8928 8934
8929 8948
8929 8950
8929 9039
8930 8931
8930 8935
8930 8937
8931 8932
8932 8933
8933 8934
8935 9012
8935 9013
8936 8969
8936 8980
8936 9003
8937 9007
8937 9037
8938 8939
8938 8940
8939 8975
8939 8976
8940 8977
8940 8978
8941 8942
8941 8943
8941 8944
8941 8977
8941 8994
8942 8944
8942 8945
8942 8946
8943 8975
8943 8976
8944 8951
8944 8997
8945 8952
8945 8954
8945 8961
8946 8949
8946 8950
8946 8951
8946 8952
8947 9014
8947 18237
8947 18259
8948 11262
8949 8950
8950 8952
8950 8953
8953 8954
8954 8962
8955 8956
8955 8957
8956 8959
8957 8959
8958 9047
8961 8962
8961 8971
8962 8971
8962 8972
8963 8964
8963 8965
8964 8965
8964 8973
8966 8967
8966 8968
8966 15915
8967 8970
8967 16393
8968 8970
8968 8973
8969 18093
8970 16404
8973 8974
8974 11795
8976 8977
8977 8994
8978 8979
8978 8982
8979 8981
8979 8982
8981 8992
8981 8999
8982 8983
8983 8999
8983 9000
8984 8985
8984 8986
8985 8988
8985 8989
8986 8987
8986 8988
8989 9016
8990 9012
8990 9015
8990 9016
8991 9036
8991 9047
8991 14715
8992 8993
8992 8994
8992 8995
8993 8996
8993 8998
8994 8997
8995 8998
8995 8999
8996 8997
9000 9040
9000 11351
9001 16444
9003 9014
9007 9008
9007 9022
9007 9034
9008 9009
9010 9011
9012 11256
9013 9017
9013 9033
9013 11256
9014 9025
9014 9036
9015 9016
9015 9017
9017 9018
9018 9019
9018 9023
9018 9033
9018 9035
9019 9020
9019 9021
9020 9022
9020 9035
9020 9038
9021 9023
9022 9034
9023 9026
9024 9026
9025 9191
9025 14715
9025 18237
9027 17214
9030 9031
9030 9032
9031 9032
9032 17229
9033 9037
9034 9037
9035 9037
9039 11262
9040 9041
9040 11352
9042 9043
9044 11356
9045 9048
9045 9053
9046 9048
9046 9050
9047 9102
9047 9125
9048 9049
9049 9050
9049 9051
9050 13618
9051 9055
9051 9056
9051 10665
9052 10674
9052 10675
9052 10681
9052 13618
9053 9054
9053 9055
9054 9055
9056 9057
9056 9059
9056 13617
9057 10666
9057 10667
9058 9080
9058 18104
9058 18115
9059 9239
9059 10659
9062 9063
9062 11806
9063 9064
9063 9065
9064 9077
9064 9104
9065 9105
9065 9128
9066 9067
9066 9068
9066 9073
9067 9068
9067 9070
9068 9072
9069 9080
9069 9091
9069 18270
9070 9071
9070 9072
9071 9075
9072 11806
9074 9075
9074 9076
9075 9077
9076 9077
9076 9103
9076 13536
9078 9079
9078 9081
9078 9104
9078 13535
9079 9083
9079 9088
9080 18259
9081 9082
9081 9083
9081 9084
9082 9085
9082 9092
9083 9089
9084 9092
9084 9093
9084 13535
9085 9086
9085 9087
9086 9092
9087 9089
9087 9095
9088 9089
9088 9090
9088 9105
9088 9122
9088 9127
9089 9090
9090 9095
9090 9101
9091 18270
9092 9093
9093 9094
9093 13535
9094 13534
9095 9100
9096 9097
9096 9098
9096 9099
9096 9153
9096 9155
9097 9100
9098 9152
9098 9155
9099 9152
9100 9101
9101 9124
9102 9114
9103 9104
9103 13535
9104 9105
9105 9122
9106 9108
9106 9109
9107 9111
9107 9119
9108 9111
9109 9110
9110 9111
9110 9120
9112 9115
9112 9116
9112 9117
9114 9125
9114 9136
9115 9118
9115 9121
9115 11806
9116 9123
9116 9128
9117 9121
9117 9123
9117 9124
9118 9120
9119 9120
9119 9126
9120 9121
9121 9126
9122 9123
9122 9128
9123 9127
9124 9126
9124 9127
9125 9147
9125 14715
9129 9130
9129 13439
9131 10420
9132 9133
9132 9137
9133 9134
9134 9135
9136 9147
9136 9158
9137 9138
9137 9140
9138 9142
9138 9145
9139 9141
9139 9150
9140 9142
9141 9149
9142 9149
9144 11233
9145 10823
9146 9148
9147 9169
9147 14704
9148 10772
9149 9150
9150 13484
9151 10822
9151 10823
9151 13484
9153 9154
9154 9155
9156 10654
9156 10658
9156 13580
9157 9163
9157 13566
9158 9169
9158 9236
9158 9269
9158 10003
9159 9162
9159 9218
9159 13565
9159 13566
9160 9215
9160 9241
9160 13570
9161 9242
9161 13569
9161 13570
9162 9219
9162 13570
9163 9242
9163 13570
9165 9167
9165 9182
9165 14145
9166 9179
9166 9210
9166 9212
9166 14145
9167 9168
9167 9170
9168 9171
9168 14143
9169 14427
9170 9174
9171 9186
9172 14143
9173 9174
9173 9175
9173 9176
9175 9178
9176 9214
9177 9178
9177 9179
9180 9191
9180 18237
9180 18248
9181 9182
9181 9183
9181 14147
9182 9185
9183 9185
9183 9190
9184 9207
9184 14146
9184 14147
9185 9186
9186 9189
9186 9190
9187 9189
9187 9659
9187 14142
9188 9660
9188 14142
9189 9659
9190 9192
9191 14704
9191 18292
9192 9193
9192 9194
9193 9195
9193 9196
9194 9199
9195 9196
9196 16645
9197 9198
9197 9199
9198 9206
9199 9205
9200 9273
9200 9353
9201 9203
9202 18248
9202 18270
9203 9204
9204 9205
9206 9660
9207 9209
9208 14146
9209 9625
9210 9211
9211 9500
9212 9497
9212 9500
9213 9225
9213 9236
9213 14438
9215 9220
9215 13601
9216 9217
9216 13563
9216 13590
9217 9218
9217 9219
9218 13598
9219 9220
9220 13563
9221 9222
9221 13624
9221 13627
9222 9223
9222 9319
9223 9226
9223 9319
9223 13627
9225 9247
9225 9269
9225 18381
9226 9228
9226 9229
9227 9228
9227 9229
9227 9230
9228 9230
9229 9231
9230 13627
9231 9232
9231 13625
9232 9238
9232 9239
9233 9235
9233 9237
9233 13620
9233 13625
9234 9237
9234 13625
9234 13631
9235 9238
9235 10660
9236 14427
9237 9320
9238 13621
9239 13621
9240 13557
9240 13558
9240 18837
9241 13596
9241 18837
9242 9243
9243 9244
9244 13569
9244 16210
9245 9388
9245 9390
9245 16643
9246 9248
9246 9249
9247 9258
9247 9269
9248 9250
9248 9251
9248 9252
9249 9252
9250 9253
9250 9254
9250 9255
9251 9254
9252 9255
9252 9256
9253 9259
9255 9257
9255 9259
9256 9257
9257 9259
9258 9358
9258 18315
9258 18381
9260 9397
9261 9397
9262 9488
9263 9427
9263 9430
9264 9325
9264 9326
9264 13629
9264 13634
9265 9306
9265 9309
9266 9267
9266 9268
9266 9270
9267 9344
9267 9352
9268 9270
9268 11812
9270 9271
9271 9272
9271 11813
9272 9273
9273 11813
9274 9275
9274 9276
9274 9277
9275 9278
9275 9288
9275 9332
9276 9327
9276 9332
9277 9283
9277 9287
9277 9288
9278 9279
9278 9281
9278 9331
9278 13633
9279 9282
9279 9283
9279 9285
9279 9288
9280 9291
9280 9435
9280 9458
9280 15048
9280 18315
9281 9326
9281 9333
9281 13634
9282 9286
9283 9284
9284 9285
9284 9286
9285 9286
9287 10523
9287 10525
9289 9293
9290 9292
9290 9296
9291 9302
9292 9293
9292 9294
9293 9294
9293 9299
9295 9296
9295 9297
9296 9301
9297 9298
9297 9299
9298 9303
9298 10526
9299 9300
9300 10523
9300 10526
9301 9303
9302 18326
9303 9305
9304 9305
9305 10527
9306 9307
9306 9308
9307 9308
9307 9310
9308 9312
9308 9316
9309 9318
9310 9317
9311 9312
9311 9314
9313 9324
9313 18326
9313 18337
9314 9316
9315 9318
9316 9318
9320 9321
9320 9322
9321 10487
9321 13639
9322 9323
9322 13629
9322 13631
9323 9325
9323 9329
9323 10487
9324 9336
9324 9347
9325 9330
9326 9337
9327 9328
9327 9329
9327 10521
9328 9330
9328 9331
9329 9334
9330 9337
9331 9332
9331 9333
9333 9337
9334 10485
9336 9402
9338 10071
9339 9340
9339 9345
9340 9341
9341 9342
9342 9349
9342 9351
9343 9346
9343 9348
9344 9345
9344 9346
9345 9640
9346 9640
9347 9413
9347 9469
9348 9640
9349 9350
9350 9351
9353 11813
9353 11815
9354 9392
9355 9356
9355 9357
9355 9359
9355 9360
9356 9361
9356 9364
9357 9364
9357 9368
9357 9393
9358 9369
9359 9666
9359 9675
9360 9361
9360 9674
9360 9675
9361 9362
9361 9363
9362 9365
9362 9366
9363 9365
9363 9674
9363 9683
9364 9366
9364 9367
9365 9378
9366 9379
9367 9379
9367 9393
9368 9370
9368 9371
9369 9380
9369 9391
9370 9375
9370 9393
9370 9395
9371 9395
9371 9396
9372 9373
9372 9374
9373 9375
9373 9376
9373 9377
9374 9375
9374 9395
9375 9394
9376 9383
9376 9384
9377 9381
9377 9394
9378 9683
9378 16636
9379 9382
9380 9480
9380 9613
9381 9382
9381 9383
9382 9394
9383 9385
9384 9385
9386 9387
9387 9388
9387 9389
9388 9389
9389 9390
9390 9392
9391 9480
9391 9491
9391 18315
9393 9394
9396 9666
9396 9670
9398 13701
9398 13707
9399 10552
9399 13672
9400 9473
9401 9403
9401 9404
9402 9413
9402 9424
9403 9418
9404 9418
9405 9407
9405 9408
9406 9407
9406 9409
9407 9408
9408 9415
9409 9410
9409 9417
9410 9411
9410 9412
9411 9436
9412 9439
9412 9440
9413 9558
9414 9441
9414 11727
9415 9416
9415 9417
9416 9438
9416 9490
9417 9438
9418 9420
9419 9420
9421 9422
9421 9423
9422 9425
9423 9425
9424 9669
9426 9427
9426 9428
9426 13664
9427 9429
9427 13663
9428 11431
9428 11435
9428 11437
9429 9430
9431 9494
9432 9433
9432 9434
9433 9434
9433 9436
9435 9447
9435 9458
9435 9469
9437 9937
9439 9474
9439 9482
9440 9454
9440 9477
9440 9479
9441 9442
9442 9443
9443 9444
9443 9468
9444 9445
9444 9448
9445 9449
9445 9450
9446 10779
9446 11225
9447 9491
9447 9646
9447 9691
9448 9450
9448 9466
9448 9468
9449 9451
9449 9459
9450 9459
9450 9467
9451 9452
9451 9453
9452 9455
9453 9455
9453 9459
9453 9460
9454 9838
9455 9457
9456 9457
9456 13668
9457 9460
9457 13668
9458 9491
9458 18315
9459 9461
9460 9461
9460 13668
9461 9467
9461 13676
9463 9464
9465 13668
9466 9467
9466 13681
9466 13684
9467 13684
9468 13681
9469 9691
9470 9471
9472 9473
9474 9475
9474 9476
9475 9910
9475 9923
9476 9484
9476 9909
9476 9923
9477 9478
9477 9479
9478 9481
9479 9481
9480 9613
9481 9485
9482 9483
9482 9484
9483 9485
9486 9487
9486 9488
9486 9489
9487 9841
9488 9510
9489 9510
9489 9841
9489 9907
9491 9635
9492 11786
9493 11783
9494 9531
9495 11776
9495 11778
9496 9497
9496 9498
9497 9506
9498 9571
9499 9506
9499 9507
9501 9503
9501 9504
9501 9505
9502 9513
9502 9524
9502 9535
9503 9506
9504 9516
9504 9518
9505 9507
9508 10551
9508 13646
9508 13656
9510 9904
9511 9512
9511 9514
9512 9515
9513 9669
9513 9746
9514 9517
9515 9526
9516 9517
9517 9518
9519 9520
9519 9521
9519 9522
9520 9525
9521 9522
9521 9523
9522 9527
9522 9528
9524 9713
9524 9724
9526 9527
9529 9530
9531 11776
9531 11777
9532 9540
9533 9534
9533 9536
9533 9537
9534 9539
9534 9541
9535 9580
9535 9746
9536 9538
9537 9538
9537 9539
9539 9540
9540 9541
9541 10008
9542 9544
9542 9573
9542 9588
9543 9544
9543 9545
9543 9547
9544 9588
9545 9578
9546 9558
9546 9569
9546 9657
9546 9680
9547 9581
9547 9586
9548 9549
9548 9550
9548 9551
9549 9555
9550 9556
9550 9562
9551 9560
9551 9950
9552 9553
9552 9554
9553 9564
9554 9566
9555 9587
9555 9595
9556 9559
9556 9560
9556 9561
9557 9668
9557 9779
9558 9691
9559 9949
9559 9951
9560 9951
9561 9562
9561 9563
9562 9564
9563 9565
9563 9949
9564 9565
9567 9568
9567 9570
9568 9952
9569 9580
9569 9746
9570 9571
9571 9572
9573 9597
9574 9575
9576 9577
9576 9578
9576 9579
9577 9583
9578 9581
9579 9583
9579 9584
9580 9591
9581 9582
9582 9584
9582 9585
9583 9664
9584 9661
9584 9664
9585 9586
9585 9661
9586 9587
9587 9594
9588 9590
9589 9590
9589 9592
9589 9593
9590 9593
9591 9657
9591 9702
9591 9724
9592 9598
9593 9596
9594 9661
9594 9662
9595 9662
9595 9663
9595 9950
9596 9597
9598 9599
9599 9604
9599 9615
9600 9601
9600 9603
9600 9604
9602 9613
9602 9624
9602 14460
9603 9604
9605 9606
9605 9607
9605 9608
9605 9610
9605 9614
9606 9608
9606 9609
9607 9616
9607 9617
9610 9611
9610 9612
9611 9612
9613 9635
9614 9615
9614 9617
9615 9616
9616 9617
9618 9619
9619 9620
9619 9623
9620 9621
9621 9622
9621 9623
9622 9665
9624 9635
9624 9702
9624 9735
9626 9651
9626 9652
9626 9653
9627 9628
9627 9629
9627 9630
9628 9630
9628 9631
9629 9632
9629 9633
9630 9655
9631 9632
9631 9634
9632 9633
9633 9634
9633 9653
9635 9646
9636 9637
9636 9638
9638 9639
9642 9643
9643 9645
9643 9648
9644 9647
9644 9649
9645 9647
9646 9657
9646 9702
9647 9648
9649 9650
9649 9652
9650 9651
9651 9652
9651 9654
9653 9654
9655 9656
9657 9691
9659 9660
9666 9667
9667 9670
9667 9673
9667 9675
9668 9779
9669 9680
9670 9671
9671 9672
9671 9673
9672 9673
9672 9679
9672 9687
9673 9676
9673 9677
9673 9679
9674 9676
9674 9684
9675 9676
9676 9677
9677 9678
9677 9684
9678 9679
9678 9681
9678 9682
9680 9746
9681 9684
9681 9685
9681 9686
9682 9687
9683 9684
9683 9685
9685 9686
9685 16636
9686 16635
9687 16640
9688 9927
9690 9693
9690 9699
9690 9700
9692 9699
9693 9694
9693 9697
9693 9855
9694 9695
9694 9696
9695 9700
9695 9716
9696 9704
9696 11419
9696 11420
9697 9698
9697 9699
9697 9722
9698 9718
9698 9720
9700 9701
9701 9712
9701 9716
9701 9717
9703 9704
9703 9705
9703 9708
9704 9715
9704 9856
9705 9718
9705 9856
9706 9707
9706 9708
9706 9709
9707 9710
9707 9714
9707 9715
9708 9715
9709 9710
9709 9731
9710 9711
9710 9738
9711 9712
9711 9714
9712 9714
9712 9717
9712 9736
9712 9887
9713 9757
9714 11420
9715 11420
9716 11420
9717 9741
9717 9874
9717 9876
9717 9887
9717 9888
9717 9889
9717 9893
9718 9719
9719 9720
9719 9721
9720 9722
9720 10394
9721 10393
9721 16993
9722 10396
9723 9725
9723 9726
9723 9727
9724 9757
9727 9728
9728 9729
9729 9769
9730 9731
9730 9732
9730 9932
9731 9738
9732 9738
9732 9930
9732 9931
9733 9734
9733 9940
9734 9763
9735 14460
9735 14471
9736 9737
9736 9738
9737 9897
9737 9903
9739 9740
9739 9741
9739 9773
9740 9899
9740 9901
9741 9887
9741 9888
9742 9766
9743 9744
9743 9745
9743 9747
9743 9748
9744 9917
9745 9969
9745 9971
9747 9749
9749 9750
9750 9840
9752 9919
9752 9921
9753 9754
9753 9756
9753 9760
9753 9941
9753 9944
9754 9919
9754 9921
9754 9922
9755 9756
9755 9758
9755 9759
9759 9869
9760 9940
9760 9944
9761 9762
9761 9763
9761 9941
9761 11081
9762 11071
9762 11075
9763 11741
9764 9880
9764 9881
9765 9766
9765 9767
9766 9769
9767 9770
9768 9780
9768 9835
9768 9846
9769 9771
9771 9772
9772 9773
9773 9774
9774 9901
9775 9995
9775 11668
9776 9897
9776 9900
9776 9903
9777 9778
9777 9781
9777 9783
9777 9789
9778 9782
9778 9783
9780 9791
9780 9802
9780 9813
9781 9785
9781 9787
9781 9788
9782 9784
9782 9785
9783 9786
9784 9795
9784 9808
9784 10708
9785 9788
9786 9789
9786 10708
9787 9799
9787 9803
9788 9794
9790 9792
9792 9799
9793 9799
9793 9800
9793 9803
9794 9795
9794 9796
9795 9796
9795 9798
9796 16212
9797 9810
9797 9811
9797 16212
9798 9808
9798 9811
9800 9801
9801 9803
9802 9857
9804 9805
9804 9806
9806 16208
9808 9809
9809 9812
9809 9815
9810 10770
9811 9815
9811 10767
9812 9814
9812 9815
9813 9835
9813 9857
9814 10709
9814 10763
9814 10764
9815 10763
9816 9817
9816 9818
9816 9819
9817 9820
9818 9820
9818 9821
9818 9825
9819 9822
9819 9828
9821 9825
9821 9842
9821 9849
9822 9823
9822 9825
9823 9826
9823 9828
9823 9849
9824 14527
9826 9827
9826 9828
9827 9863
9829 9830
9829 9831
9830 9838
9831 9834
9831 9837
9831 9906
9832 9972
9833 9834
9833 9836
9834 9894
9836 9841
9836 9883
9837 9838
9837 9905
9838 9896
9841 9877
9842 9843
9842 9844
9842 9845
9843 9847
9843 9848
9843 9929
9844 9847
9845 9848
9845 9849
9847 9885
9848 9851
9848 9852
9849 9850
9850 9852
9850 9858
9851 9884
9851 9929
9851 9988
9852 9859
9853 11667
9853 11668
9854 11667
9855 9856
9855 11419
9858 9859
9858 9860
9858 9908
9859 9861
9859 9884
9860 9864
9860 9865
9861 9908
9861 10579
9861 10592
9862 9866
9863 9864
9865 9866
9867 9869
9867 9870
9867 9871
9868 9891
9869 9873
9870 9872
9871 9872
9871 9873
9872 9967
9874 9875
9875 9876
9875 9892
9876 9889
9877 9907
9877 9985
9878 9880
9879 9902
9879 9924
9881 9882
9882 9940
9884 10579
9885 9929
9886 10590
9886 10596
9887 9899
9888 9889
9889 9892
9890 10113
9891 9902
9891 9913
9894 9906
9894 11728
9895 11737
9897 9898
9898 9899
9898 9900
9900 9901
9902 9935
9903 9995
9904 11737
9905 9906
9905 11735
9906 11729
9907 9983
9908 9987
9909 9915
9910 9911
9910 9912
9911 9914
9911 9923
9912 9916
9913 9935
9914 9915
9914 9916
9915 9970
9916 9917
9917 9967
9917 9969
9918 9996
9919 9920
9919 9921
9919 9938
9920 10820
9921 11082
9922 9941
9922 9973
9922 11082
9924 9946
9925 9926
9925 11129
9925 11130
9925 11132
9926 11108
9926 11127
9927 9928
9928 11127
9930 9932
9930 9933
9931 9933
9931 9991
9933 9992
9934 9936
9934 9937
9935 9946
9936 9937
9938 9939
9941 9942
9941 9973
9942 9943
9942 9944
9943 11741
9947 9948
9948 9949
9948 9951
9950 9951
9953 9954
9954 9955
9955 9976
9955 9977
9956 9958
9956 9959
9956 9960
9956 9961
9957 9968
9957 9979
9957 9990
9958 9977
9959 9961
9959 9974
9960 9962
9961 11788
9962 9963
9962 9964
9962 9966
9963 9966
9966 11788
9968 10080
9968 10147
9969 9970
9970 11428
9971 9972
9971 11428
9972 11429
9973 11081
9973 11083
9974 9975
9975 9977
9978 9980
9978 9981
9979 10147
9980 9982
9980 11066
9980 11098
9981 11097
9981 11098
9982 10395
9982 10397
9982 11099
9983 9984
9983 9985
9984 9986
9984 11733
9985 9986
9986 11732
9987 10592
9987 10594
9988 9996
9988 9997
9989 11677
9990 10058
9990 10069
9991 9992
9991 9994
9992 9993
9993 9994
9993 9995
9996 10614
9996 10616
9997 10579
9997 10588
9997 10614
9998 10011
9998 10017
10000 10016
10001 13970
10001 14509
10001 14801
10001 14805
10002 11949
10003 10014
10003 10025
10003 10036
10003 14089
10003 17348
10003 20447
10004 10005
10004 10006
10004 10007
10005 10007
10007 10008
10009 10010
10009 10011
10010 10013
10010 10015
10011 10016
10012 10013
10012 10015
10013 10016
10014 10025
10014 10047
10015 10039
10017 10026
10018 10795
10018 10860
10019 10020
10019 10795
10020 10021
10020 10022
10021 10023
10021 10024
10021 10026
10022 10033
10022 10037
10023 10027
10023 10028
10024 10033
10024 10035
10025 10058
10026 10027
10027 10067
10028 10061
10028 10067
10029 10030
10029 10031
10029 10032
10030 10043
10030 10044
10031 10046
10031 10061
10032 10044
10032 10045
10033 10034
10033 10035
10034 10045
10034 10068
10035 10046
10036 10047
10036 11334
10037 10064
10040 10086
10040 10088
10040 18434
10041 11534
10041 20135
10042 10089
10042 20118
10042 20332
10043 10061
10043 10067
10044 10068
10045 10046
10047 10058
10047 10069
10048 10049
10048 10050
10048 10051
10049 10053
10049 10056
10050 10054
10050 10062
10051 10052
10051 10053
10051 10054
10052 10054
10052 10055
10053 10055
10055 10059
10055 10064
10056 10057
10056 10059
10057 10060
10057 10063
10059 10060
10060 10063
10060 10064
10060 10065
10062 10538
10062 10542
10063 10066
10064 10065
10066 10543
10066 10794
10068 10544
10069 10080
10070 10071
10070 10072
10071 10072
10073 10087
10073 11817
10073 18419
10074 10076
10075 10076
10075 19121
10076 19676
10077 10078
10077 20101
10077 20103
10078 10079
10078 10081
10079 20101
10080 10136
10080 11334
10081 10082
10082 10098
10083 10084
10083 10085
10083 10086
10084 18419
10084 18422
10084 18434
10085 10087
10085 20332
10086 10089
10087 20332
10088 11534
10089 10097
10090 10092
10090 10171
10091 10102
10091 10114
10091 10125
10092 10093
10093 10100
10093 11552
10093 20257
10094 10095
10094 10096
10094 20024
10094 20122
10095 20128
10095 20256
10096 20024
10097 10098
10097 20118
10098 20119
10099 10100
10099 20096
10099 20122
10099 20257
10101 10103
10102 10136
10102 11359
10103 10133
10104 10105
10104 10106
10104 10119
10105 10107
10106 10115
10106 10117
10107 10118
10107 10119
10108 10109
10108 10110
10108 10111
10108 10112
10109 10126
10109 10127
10110 10128
10111 10128
10111 10788
10112 10781
10112 10788
10113 10224
10114 10125
10114 10613
10115 10116
10116 10117
10118 10119
10118 10120
10119 10121
10120 10128
10120 10129
10121 10129
10121 10130
10122 10123
10122 10124
10122 14131
10123 10126
10123 10127
10123 16726
10124 10131
10124 10132
10125 10402
10126 10787
10127 10132
10129 10789
10130 10131
10130 10778
10131 10132
10133 10255
10133 10275
10134 10135
10134 10137
10135 10156
10135 10162
10136 10147
10137 10151
10137 10162
10138 10139
10138 10140
10138 10141
10139 10154
10140 10156
10140 10157
10141 10152
10141 10160
10142 10143
10142 10144
10142 10145
10142 10146
10143 10798
10143 10799
10144 10148
10145 10148
10146 10149
10146 10800
10148 10152
10150 10796
10150 10800
10151 10152
10153 10154
10155 10870
10156 10159
10157 10159
10157 10160
10158 18403
10158 20418
10158 20447
10159 10161
10160 10161
10161 10162
10163 10166
10164 10165
10164 10166
10165 10166
10168 10170
10169 10180
10169 10191
10169 10202
10169 10213
10171 11554
10171 16694
10172 10173
10172 10174
10172 20067
10173 10828
10173 19212
10174 19212
10174 20068
10175 11395
10175 19160
10175 19639
10176 11395
10176 19641
10177 10178
10177 10179
10177 10181
10177 10182
10178 10183
10178 10187
10178 10200
10179 10185
10179 10189
10180 10236
10180 10291
10181 10185
10181 10187
10182 10189
10182 10200
10182 10207
10183 10184
10184 10187
10184 10188
10185 10186
10186 10188
10186 10215
10188 10195
10189 10198
10189 12597
10190 10192
10190 10193
10191 10225
10191 10236
10191 10358
10192 10194
10192 10195
10193 10194
10193 10217
10194 10212
10194 10219
10195 10216
10196 10277
10197 10198
10197 10199
10198 10207
10198 10208
10199 10210
10199 12597
10201 10203
10201 10204
10201 10410
10201 10411
10202 10258
10202 10291
10202 18403
10203 10205
10203 10412
10203 10415
10204 10205
10204 10206
10205 10417
10206 10409
10206 10411
10208 10209
10210 10262
10210 10263
10211 10212
10211 10214
10211 10215
10212 10216
10213 10258
10213 10347
10214 10219
10214 10260
10215 10216
10215 10259
10217 10218
10217 10222
10217 10226
10218 10219
10218 10220
10220 10221
10220 10222
10220 10238
10221 10234
10221 10260
10222 10223
10223 10242
10223 10297
10225 10347
10225 10380
10225 10513
10226 10297
10226 16804
10227 10296
10227 16804
10228 10229
10228 10230
10228 10276
10228 10283
10229 10231
10229 10232
10229 10233
10230 10276
10230 10285
10231 10240
10231 10243
10231 12601
10232 10243
10232 10244
10232 10282
10233 12601
10233 12602
10234 10235
10234 10237
10235 10240
10235 10245
10235 10259
10236 10302
10236 10324
10237 10238
10237 10240
10238 10239
10239 10242
10239 10243
10239 10244
10240 10241
10241 10246
10241 12601
10242 10293
10242 10294
10244 10254
10245 10246
10245 10257
10246 10248
10247 10258
10247 10269
10247 18403
10248 10253
10248 10256
10249 10251
10249 10252
10249 12602
10249 12603
10250 10252
10250 10274
10250 10287
10250 12602
10251 10289
10251 12598
10251 12599
10252 10273
10252 10289
10253 12598
10253 12603
10254 10281
10254 10292
10255 10263
10255 12599
10256 10257
10256 12597
10257 10259
10259 10260
10261 10262
10261 10263
10264 10265
10264 10266
10265 10271
10265 10281
10266 10267
10266 16815
10267 10268
10268 10298
10269 10491
10269 16983
10270 10272
10270 10276
10270 10283
10271 10272
10271 10279
10272 10282
10273 10274
10273 10288
10274 10286
10275 10288
10275 10289
10275 10290
10276 10284
10277 10278
10277 10417
10278 10415
10279 10281
10279 10282
10280 10291
10280 10302
10280 18403
10281 16815
10282 10283
10284 10285
10284 10286
10285 10287
10286 10287
10288 10289
10289 10290
10290 12599
10292 10293
10293 10295
10294 10295
10294 16793
10295 16815
10296 10405
10297 16793
10300 10301
10300 10303
10300 10304
10301 10307
10301 10345
10301 10346
10301 10366
10302 10313
10303 10319
10303 10321
10303 10322
10304 10305
10304 10325
10305 10306
10305 10307
10305 10323
10306 10327
10306 10330
10307 10308
10308 10327
10308 10328
10309 10310
10309 10311
10309 10362
10309 13542
10310 10322
10310 13542
10311 10319
10311 10344
10312 10314
10312 10315
10312 10316
10313 10324
10314 10317
10314 10323
10315 10318
10315 10338
10316 10317
10316 10318
10317 10321
10318 10322
10318 10342
10319 10320
10320 10344
10320 10345
10321 10325
10323 10325
10323 10330
10324 10336
10326 10327
10326 10328
10326 10329
10328 10331
10329 10330
10329 10334
10330 10338
10332 10340
10332 10363
10333 10340
10333 13540
10333 13547
10334 10337
10334 10338
10335 11838
10336 10358
10336 10369
10337 10339
10338 10341
10339 10341
10339 10363
10340 10364
10341 10342
10341 10364
10342 10343
10343 10364
10343 13540
10344 10348
10345 10348
10346 10348
10346 10349
10347 10502
10347 19478
10349 10350
10350 10351
10350 10352
10351 10365
10351 10366
10352 10353
10353 10354
10354 10355
10354 10386
10354 10776
10355 10356
10355 10357
10356 10359
10356 10386
10357 10776
10357 13551
10359 10360
10360 10361
10360 13541
10361 10362
10362 13541
10363 10364
10365 10653
10365 10775
10367 10372
10367 10375
10368 10370
10368 13548
10369 10380
10369 10569
10369 10580
10370 10371
10370 10379
10371 10378
10372 10373
10372 10374
10373 10376
10373 10378
10374 10375
10374 10376
10375 10385
10376 10382
10376 10383
10378 10379
10378 10383
10379 10381
10380 18563
10381 10383
10382 10384
10387 10388
10388 10389
10389 10390
10389 10392
10391 10402
10391 10413
10391 14482
10393 10394
10393 10395
10394 10396
10395 10396
10397 11066
10397 11099
10398 10399
10398 10400
10399 10400
10400 10401
10402 10613
10403 11722
10405 10425
10406 10407
10406 16837
10407 10408
10407 10409
10408 10410
10408 10411
10409 10416
10410 10412
10412 10414
10413 10624
10413 18570
10414 10415
10415 10417
10416 16837
10418 16765
10418 18475
10419 12612
10420 10421
10421 10422
10424 10435
10424 10447
10424 10458
10426 10427
10426 10428
10426 10429
10426 10431
10426 10433
10427 10429
10427 10432
10428 10433
10428 10456
10429 10475
10430 10431
10430 10434
10430 10448
10430 10449
10430 10463
10431 10432
10432 10436
10433 10434
10434 10456
10435 10502
10435 16995
10436 10438
10436 10440
10436 10443
10437 10438
10437 10439
10438 10439
10439 10440
10440 10441
10440 10442
10441 10443
10441 10444
10442 10748
10442 11633
10442 11645
10442 11649
10443 10445
10444 10747
10444 10748
10445 10449
10445 10756
10446 10557
10446 10668
10446 10779
10446 10890
10447 16981
10447 16983
10448 10449
10448 10450
10449 10758
10450 10758
10450 10760
10451 10452
10451 10453
10451 10454
10451 10471
10451 10472
10452 10453
10452 10454
10453 10472
10453 10474
10454 10468
10454 10470
10455 10456
10455 10457
10455 10459
10455 10460
10456 10475
10457 10461
10457 10462
10458 10469
10458 10491
10459 10462
10459 10463
10460 10461
10460 10476
10461 10466
10461 10476
10462 10464
10463 10464
10464 10465
10465 10466
10465 10467
10466 10468
10467 10468
10467 10470
10469 10480
10469 10491
10469 10591
10470 10471
10471 10472
10472 10473
10473 10474
10473 10761
10475 10476
10477 10497
10478 10511
10478 10531
10479 10529
10479 10530
10480 10591
10480 19478
10481 10482
10481 10483
10481 10570
10481 10574
10482 10685
10482 10686
10483 10529
10483 10605
10483 10686
10483 10690
10484 10485
10484 10486
10484 13636
10485 13639
10486 10488
10486 13622
10488 10494
10488 10510
10488 10515
10489 10552
10489 10554
10490 10547
10490 10551
10490 10554
10490 13646
10492 10539
10492 10541
10492 13651
10493 10534
10493 10536
10493 10540
10493 13651
10494 10495
10494 10496
10495 10505
10495 10516
10496 10507
10496 10510
10497 12743
10498 10500
10498 10503
10498 12745
10499 10500
10500 19141
10501 10503
10501 12746
10502 10513
10502 10524
10504 10505
10504 10506
10504 13641
10506 10507
10506 10512
10507 10508
10508 10509
10508 10512
10509 10510
10509 10511
10511 10515
10512 10514
10513 10535
10513 10546
10514 13645
10514 13652
10515 10533
10517 10555
10518 10520
10519 10537
10519 13643
10520 10555
10520 10556
10521 10522
10522 10528
10523 10525
10524 16905
10524 16906
10524 16907
10525 10526
10525 10528
10526 10527
10527 10528
10529 10530
10530 10690
10531 10532
10531 10533
10532 10667
10532 10677
10532 10684
10533 10667
10534 10538
10534 10539
10535 10546
10535 18562
10536 10537
10536 10568
10537 10540
10538 10544
10540 13647
10541 10542
10541 16648
10542 10543
10543 16648
10545 10547
10545 10548
10545 13658
10546 18567
10547 10551
10547 10553
10548 10549
10548 10550
10549 10550
10549 13658
10550 11716
10552 10553
10553 10554
10555 10556
10557 10779
10557 11927
10558 10580
10558 18557
10558 18562
10559 10560
10559 10564
10560 10561
10560 10567
10561 10564
10561 10566
10562 10563
10564 10565
10565 10566
10565 10573
10566 10611
10570 10571
10570 10685
10571 10574
10571 10607
10572 10573
10573 10606
10573 10611
10574 10605
10574 10612
10575 10576
10575 10577
10575 10578
10576 10585
10577 10586
10577 10587
10577 10643
10578 10614
10578 10615
10578 10620
10579 10589
10580 18563
10582 10583
10582 10584
10582 10620
10582 10621
10582 10628
10583 10585
10583 10631
10584 10585
10584 10620
10586 10588
10586 10589
10586 10644
10587 10588
10587 10614
10589 10590
10590 10595
10591 19478
10592 10593
10593 10594
10593 10595
10594 10596
10595 10596
10597 10598
10597 10644
10597 13603
10598 10599
10598 10600
10598 10601
10599 10600
10599 10601
10600 10644
10601 13606
10602 10613
10602 10624
10602 10635
10603 10634
10603 10682
10604 10636
10604 10641
10605 10610
10606 10609
10606 10612
10607 10608
10607 10626
10608 10628
10608 10629
10609 10610
10609 10611
10610 10612
10615 10616
10615 10618
10616 10617
10617 10618
10618 10625
10618 10633
10620 10623
10621 10622
10621 10623
10622 10625
10622 10633
10623 10625
10624 10791
10626 10627
10626 10628
10627 10633
10628 10630
10629 10630
10629 10632
10630 10631
10631 10632
10634 10636
10634 10637
10635 10813
10635 11359
10636 10638
10637 10638
10637 13611
10638 10639
10639 10640
10639 13610
10639 13611
10640 10641
10640 10642
10640 13607
10641 13607
10642 13605
10642 13610
10643 10644
10643 13603
10643 13607
10645 10647
10645 10648
10645 10649
10646 10657
10646 10669
10647 10650
10648 10655
10649 10650
10649 10653
10650 10651
10651 10652
10651 13552
10651 13553
10652 10658
10652 13553
10653 10701
10653 10775
10654 10655
10654 10656
10654 10664
10655 10658
10656 10661
10656 10664
10657 11303
10657 16996
10659 13621
10660 13620
10660 13621
10661 10662
10661 10663
10662 10663
10662 10664
10666 10676
10666 10677
10666 13617
10668 11905
10669 11068
10669 11348
10670 10672
10670 13612
10670 13613
10671 10672
10671 10674
10671 10679
10671 13613
10672 10673
10673 10674
10673 10675
10674 10678
10676 10681
10676 10683
10676 13616
10677 10683
10678 10679
10678 10681
10679 10682
10680 10691
10680 10702
10680 10713
10680 10724
10682 10683
10683 10684
10684 10696
10685 10687
10685 10688
10686 10687
10686 10693
10687 10689
10687 10695
10687 10697
10688 10689
10689 10696
10690 10692
10691 10735
10691 11192
10692 10693
10692 10694
10693 10697
10694 10695
10694 10697
10695 10696
10698 14531
10698 14541
10699 14532
10699 16060
10700 14478
10700 14495
10701 10771
10701 10777
10702 11314
10702 11337
10703 10704
10703 10705
10703 10706
10705 10706
10705 19991
10706 19990
10707 18991
10707 18994
10710 10711
10710 10716
10711 10712
10711 10714
10711 10715
10712 10716
10713 11148
10713 11337
10714 10715
10714 10720
10716 10717
10717 10718
10717 10719
10718 10721
10718 10723
10718 10727
10718 10740
10719 10720
10719 10721
10720 10725
10721 10722
10721 10723
10722 10725
10722 10726
10723 10726
10723 10741
10724 16997
10724 18558
10725 10749
10726 10742
10726 10743
10727 10737
10727 10738
10728 10729
10728 10730
10728 10732
10728 10734
10729 10731
10730 10736
10731 10750
10732 10739
10733 10734
10733 10736
10734 10736
10734 10745
10735 10746
10735 11392
10735 16701
10737 10745
10738 10739
10738 10740
10739 10745
10740 10741
10741 10742
10742 10743
10743 10744
10744 10749
10744 10751
10746 16712
10746 16713
10747 10749
10748 11634
10749 11639
10750 10751
10750 10752
10751 10752
10751 10754
10752 10753
10752 10754
10753 10754
10753 10759
10753 10762
10755 10756
10755 10759
10756 10758
10757 10768
10757 10780
10757 11181
10757 11292
10758 10759
10759 10760
10760 10761
10761 10762
10763 10765
10763 10769
10764 10769
10765 10766
10765 10767
10766 10767
10766 10770
10768 10780
10769 10770
10771 10776
10771 13551
10771 13552
10772 10773
10773 10774
10775 10777
10776 10777
10778 10781
10782 11568
10782 11569
10783 10784
10784 10785
10784 16726
10785 10786
10786 10787
10788 10789
10790 10793
10791 10802
10791 10813
10791 10824
10792 10793
10793 10806
10796 10797
10797 10798
10797 10799
10799 10800
10801 11774
10802 11046
10803 10804
10804 10805
10805 10806
10805 12605
10807 10881
10807 19154
10808 10809
10809 18410
10810 10886
10810 19116
10810 19190
10811 10812
10811 20124
10812 10814
10813 11348
10814 11749
10816 16915
10817 10818
10818 10897
10819 10820
10824 11057
10824 11068
10824 11079
10825 12746
10825 19171
10826 10827
10826 10828
10826 20044
10827 10829
10827 10834
10827 10836
10828 10836
10828 10839
10829 10830
10829 10838
10830 10834
10830 10843
10831 19558
10831 19633
10832 10833
10832 20043
10832 20044
10833 20043
10835 10846
10835 10857
10835 10868
10836 10837
10837 10838
10839 19212
10839 20044
10840 10841
10840 20042
10841 20077
10842 10843
10842 19878
10843 19995
10844 11744
10845 11744
10845 16650
10846 10891
10846 10979
10846 11046
10847 11745
10848 10849
10849 10850
10849 10854
10850 10851
10850 10852
10851 10853
10851 10854
10852 10853
10852 10856
10853 10855
10853 10862
10855 10856
10855 10858
10856 10859
10857 10879
10857 10891
10857 10902
10858 10859
10858 10860
10862 10864
10863 10864
10863 10867
10864 10865
10865 10866
10866 10867
10866 10870
10868 10879
10869 10870
10873 10880
10873 16904
10873 16915
10874 10875
10876 12910
10876 12911
10877 10878
10879 10913
10881 18411
10881 19154
10882 11442
10882 19986
10883 10884
10883 14748
10883 18155
10884 14748
10884 19844
10885 16760
10889 10892
10890 11225
10891 11057
10892 10893
10892 10894
10893 10894
10894 11280
10895 11277
10897 11077
10898 11075
10898 11081
10898 11083
10899 10901
10902 10946
10902 11090
10903 10904
10903 10905
10904 10905
10908 11668
10910 10917
10910 10931
10910 18605
10911 11385
10912 18640
10912 18957
10912 18958
10913 10924
10913 10935
10915 10916
10915 18664
10915 18666
10916 10920
10916 10923
10917 10918
10918 10930
10919 10930
10920 10927
10920 10928
10920 18666
10921 10922
10921 10923
10921 18662
10922 10925
10922 10926
10923 10925
10924 10946
10924 10957
10925 10926
10925 10929
10925 13957
10926 18662
10927 11385
10927 18603
10928 10929
10928 10931
10928 11674
10929 10930
10930 10931
10930 13957
10932 10933
10933 18958
10934 10953
10934 19669
10934 19679
10935 10957
10936 11167
10936 11535
10936 20132
10937 10951
10937 10952
10937 20132
10937 20133
10938 10939
10938 19172
10938 19206
10939 10940
10939 19200
10940 19185
10940 19611
10941 10942
10941 10943
10941 10944
10942 19648
10942 19650
10943 11555
10944 11555
10944 11800
10945 10977
10945 11807
10945 15462
10945 15463
10946 11226
10947 10959
10947 15458
10948 10949
10948 19643
10949 10950
10950 10951
10950 11754
10951 11535
10951 11753
10952 11796
10953 12772
10953 19669
10954 10956
10954 10958
10954 15465
10955 10958
10955 15465
10955 15469
10957 11101
10958 10960
10959 15464
10960 15469
10961 15465
10962 15469
10963 10964
10964 19229
10965 10966
10966 10967
10967 10986
10968 11024
10968 11035
10969 10970
10969 10971
10970 10971
10970 10994
10971 10995
10971 10996
10974 10975
10974 10976
10974 10977
10977 15466
10979 10990
10979 11002
10979 11013
10980 16144
10980 16146
10980 18757
10981 11171
10981 11172
10981 18757
10982 10983
10982 10984
10983 10989
10983 10995
10983 10996
10984 10987
10984 10989
10987 10988
10988 10989
10989 10993
10990 11046
10990 11170
10991 11319
10991 11329
10992 10993
10992 10994
10993 10995
10994 10995
10997 10998
10997 11837
10999 11003
10999 16425
10999 16430
11000 11003
11000 16430
11000 16483
11001 11558
11002 11035
11003 16425
11004 11007
11004 16481
11005 16457
11005 16481
11006 11007
11006 16481
11007 16428
11010 11011
11010 11012
11010 15766
11011 11014
11011 11015
11012 11015
11012 15751
11013 11170
11013 18584
11014 15776
11014 18849
11015 18849
11016 11017
11016 11054
11016 12677
11017 11023
11017 11025
11017 18821
11018 11020
11018 11021
11018 12680
11019 11020
11019 12680
11020 11022
11021 11022
11021 12677
11022 11023
11023 18821
11024 18554
11024 18602
11025 11026
11025 18821
11026 11045
11026 15762
11027 11028
11027 11032
11027 18842
11027 18843
11028 11029
11028 11030
11028 18779
11029 11031
11029 12678
11030 11032
11031 15761
11031 15774
11032 12676
11033 11034
11033 11036
11033 15736
11034 11038
11035 18554
11036 11037
11036 11038
11037 11039
11038 11039
11038 18861
11039 18858
11040 15738
11041 18780
11041 18843
11041 18853
11042 11043
11042 15751
11042 18790
11042 18792
11043 11044
11043 15753
11043 15764
11044 15765
11044 18840
11045 18818
11045 18819
11046 11057
11047 16442
11047 16444
11048 16444
11049 18864
11049 18865
11049 18881
11049 18891
11050 11051
11050 11052
11050 12688
11051 18896
11052 18886
11053 11054
11053 15761
11054 12678
11055 12408
11056 11058
11057 11159
11058 11406
11058 16220
11059 19315
11060 19304
11060 19359
11061 11074
11061 11078
11061 16749
11062 11063
11062 11064
11062 11154
11063 11144
11064 11088
11064 11089
11064 11154
11064 11398
11065 11085
11065 11086
11066 11067
11067 11069
11067 11097
11068 11214
11068 11303
11069 11070
11069 11152
11069 11157
11069 11441
11070 11128
11070 11130
11070 11131
11071 11072
11071 11076
11073 11074
11074 11077
11076 11080
11078 16749
11079 11159
11079 11203
11079 11214
11082 11083
11084 11085
11084 11086
11084 11087
11085 11095
11086 11096
11087 11094
11087 11095
11087 11096
11088 11089
11088 11091
11089 11092
11090 11159
11090 11237
11091 11092
11091 11093
11092 11094
11093 11094
11093 11095
11096 13735
11097 11132
11099 11365
11100 11102
11101 11181
11101 11259
11102 11103
11104 16948
11104 16959
11105 11106
11105 11107
11105 11108
11106 11118
11106 11121
11106 11141
11107 11109
11107 11128
11108 11109
11109 11129
11110 11111
11110 11116
11111 11117
11111 11120
11112 14476
11112 14510
11113 11860
11113 11971
11114 11827
11114 11861
11115 11126
11115 11137
11115 11148
11116 11117
11116 11118
11116 11119
11117 11120
11119 11120
11119 11121
11122 11123
11122 11124
11123 11125
11124 11125
11126 11159
11126 11203
11126 11237
11128 11129
11131 11133
11131 11134
11132 11441
11133 11135
11133 11440
11134 11135
11134 11136
11135 11439
11136 11138
11136 11157
11136 11363
11137 11248
11137 11381
11138 11139
11138 11140
11139 11143
11139 11156
11139 11439
11140 11144
11140 11156
11141 11142
11141 11143
11142 11439
11142 11440
11143 11156
11144 11145
11145 11150
11145 11151
11146 11147
11146 11149
11147 11151
11147 11358
11148 11192
11148 11203
11149 11358
11149 11743
11150 11154
11150 11155
11151 11360
11152 11362
11152 16982
11153 11726
11153 16982
11154 11379
11154 11398
11155 11742
11155 11743
11157 11362
11158 13011
11158 13013
11160 20344
11160 20400
11161 14151
11162 11163
11162 11164
11162 19237
11163 11164
11163 11165
11163 11166
11164 11165
11165 11166
11166 19237
11167 11168
11167 19673
11168 19673
11168 19878
11170 18570
11171 11172
11171 13950
11172 13949
11173 11182
11173 13946
11173 13950
11174 11179
11174 11182
11174 13950
11175 11206
11175 11207
11177 19027
11177 19043
11178 11186
11178 11188
11178 11189
11179 11180
11179 13950
11180 11189
11181 11270
11181 11436
11182 11183
11183 13946
11183 13947
11185 13951
11185 13952
11186 11187
11187 11190
11188 11189
11188 11190
11191 11193
11192 11370
11194 12026
11194 12116
11195 19415
11195 19893
11196 11197
11196 11198
11196 15203
11197 11220
11197 11654
11198 11236
11198 11654
11199 12683
11201 11202
11201 11204
11201 11205
11202 11205
11203 11325
11205 11206
11208 11209
11211 11216
11212 11213
11212 11215
11212 11216
11213 11217
11214 11314
11214 11325
11215 11217
11215 11218
11216 11219
11218 11220
11218 15200
11219 15206
11220 11654
11221 11222
11221 13849
11221 18889
11222 11223
11222 15208
11223 11224
11223 11227
11224 11228
11224 15208
11225 11960
11226 11237
11226 11248
11226 11259
11227 11228
11227 15777
11227 18870
11228 15208
11229 15479
11230 11231
11231 12661
11232 11233
11235 11236
11235 15199
11235 15207
11236 15195
11236 15203
11237 11248
11238 11239
11238 13828
11238 18872
11239 13850
11239 15197
11240 11287
11240 16628
11241 11250
11241 11253
11241 15373
11242 11249
11242 15474
11243 11246
11243 11249
11244 15474
11244 15476
11245 11246
11245 11247
11246 11247
11249 15474
11249 15475
11250 11251
11251 11255
11251 15478
11252 11253
11252 11254
11255 15477
11257 16589
11257 19137
11257 19159
11258 11260
11258 11261
11258 16588
11259 11270
11260 11313
11260 11315
11261 19215
11263 11268
11263 15651
11264 15643
11265 11266
11266 11267
11268 11269
11270 11281
11271 11684
11271 14969
11273 11537
11273 17335
11277 11279
11278 17455
11281 11414
11284 11285
11285 11286
11287 11288
11287 11289
11288 15882
11289 11340
11289 15848
11292 11436
11294 11295
11297 11298
11298 11340
11299 11330
11300 11330
11301 11302
11302 11331
11303 11314
11304 16590
11304 16591
11306 11307
11306 12029
11307 14200
11308 11309
11308 11310
11308 16577
11309 11333
11310 11311
11310 11333
11310 19170
11312 19115
11312 19126
11312 19170
11313 11316
11313 11318
11315 11316
11315 19204
11316 11317
11319 11320
11319 11321
11320 11322
11320 11323
11321 11323
11321 11324
11322 11327
11322 11329
11323 11327
11324 11326
11325 11337
11326 11328
11327 11328
11329 11344
11332 16576
11334 14482
11335 11339
11335 20485
11335 20589
11338 11339
11338 20487
11338 20498
11339 20485
11340 11341
11340 11343
11341 11342
11343 11344
11346 11347
11346 18678
11347 18677
11347 18678
11348 11359
11349 11653
11349 18756
11350 20427
11350 20428
11350 20441
11351 11808
11353 12644
11353 12646
11356 17197
11358 11360
11358 11361
11360 11363
11361 11363
11361 11364
11362 11363
11364 11764
11365 16982
11366 16982
11369 11371
11370 11381
11370 11392
11372 17726
11372 17737
11373 11374
11373 19185
11375 11721
11375 11767
11376 11378
11376 17038
11377 11683
11377 11721
11378 17016
11379 11380
11380 17026
11381 11403
11382 11383
11382 16446
11383 11384
11383 16445
11384 16445
11386 11387
11388 17147
11388 17150
11388 17151
11391 12380
11392 16954
11393 11394
11395 19160
11396 20345
11396 20368
11398 11399
11398 11400
11399 11400
11401 15193
11402 14138
11403 11414
11403 11425
11403 16966
11404 11405
11404 11407
11404 16223
11405 17026
11406 16223
11407 15516
11407 16220
11408 11410
11409 11661
11410 19004
11410 19026
11411 15653
11412 11424
11412 11427
11413 11427
11413 12460
11413 13526
11414 11425
11414 11436
11415 11416
11415 11417
11415 11548
11417 12027
11418 19787
11421 11422
11421 11423
11421 11426
11422 11451
11422 11452
11423 11424
11423 11478
11423 11574
11424 11426
11424 11477
11426 11465
11427 14415
11428 11429
11430 11431
11430 11432
11431 11433
11432 11433
11434 11435
11434 11437
11434 11438
11437 11688
11438 11694
11438 11695
11439 11440
11442 11443
11445 11446
11445 11449
11445 11450
11446 11462
11446 11463
11448 16980
11448 18490
11449 11461
11449 11462
11449 11464
11450 11458
11450 11464
11451 11457
11451 11466
11452 11456
11452 11457
11452 11458
11453 11454
11453 11455
11454 11471
11455 11468
11455 11471
11455 11474
11456 11461
11456 11464
11457 11467
11458 11464
11459 18496
11460 11461
11460 11462
11460 11463
11461 11465
11462 11463
11466 11467
11466 11475
11467 11468
11467 11469
11468 11469
11468 11475
11469 11471
11470 11492
11470 11503
11472 11473
11474 11475
11476 11477
11478 11479
11478 11489
11479 11480
11479 11489
11480 11482
11481 11503
11482 11484
11483 11484
11483 11485
11483 11486
11484 11488
11485 11487
11485 11488
11486 11487
11490 11491
11490 11493
11490 11494
11490 11496
11490 11646
11491 11495
11493 11497
11493 11523
11494 11646
11494 11650
11495 11496
11495 11497
11496 11542
11497 11521
11497 11561
11498 11602
11499 11500
11500 11607
11500 11608
11501 11502
11501 11504
11501 11526
11501 11528
11501 11543
11501 11617
11502 11526
11502 11527
11504 11528
11504 11582
11505 11506
11505 11538
11505 11586
11506 11508
11506 11585
11506 11587
11507 11508
11507 11509
11507 11510
11508 11620
11509 11580
11509 11620
11510 11582
11510 11586
11511 11583
11512 11513
11512 11515
11513 11519
11513 11520
11513 11560
11513 11600
11514 11525
11515 11521
11515 11560
11516 11533
11516 11588
11517 11518
11517 11588
11517 11589
11518 11595
11519 11561
11520 11597
11520 11600
11521 11522
11522 11556
11523 11524
11523 11557
11526 11575
11526 11629
11527 11529
11527 11630
11528 11529
11528 11530
11528 11531
11529 11628
11530 11606
11531 11606
11532 11576
11532 11626
11532 11627
11533 11588
11535 11752
11536 11559
11536 11570
11538 11539
11538 11540
11538 11541
11538 11587
11539 11621
11540 11541
11541 11585
11542 11575
11542 11631
11543 11622
11543 11623
11544 16931
11544 16932
11544 17788
11545 11546
11546 11548
11547 11559
11547 11592
11550 11551
11550 12005
11551 15349
11552 11553
11552 11554
11553 20128
11556 11557
11558 11780
11559 11581
11560 11561
11562 11563
11564 11565
11564 11566
11564 11568
11564 11569
11565 11567
11565 11571
11567 11571
11570 11581
11574 12304
11575 11576
11576 11629
11576 11631
11577 11583
11578 11580
11579 11619
11580 11619
11582 11617
11584 11585
11585 11587
11585 11620
11586 11618
11586 11624
11589 11590
11589 11595
11590 11593
11590 11594
11590 11596
11591 11593
11591 11594
11592 11603
11593 11597
11593 11601
11594 11595
11596 11597
11597 11598
11598 11599
11599 11601
11599 11602
11603 11614
11603 11636
11606 11607
11607 11609
11608 11609
11608 11610
11609 11615
11610 11611
11610 11615
11611 11612
11613 11615
11614 11625
11616 11617
11616 11618
11621 11622
11621 11624
11622 11623
11623 11624
11625 11647
11626 11628
11626 11629
11627 11631
11628 11630
11629 11630
11632 11633
11633 11638
11633 11648
11633 11649
11634 11635
11634 11637
11635 11637
11635 11638
11637 11639
11638 11646
11640 11641
11640 11642
11640 11643
11641 11642
11641 11643
11641 11644
11642 11644
11643 11645
11644 11645
11646 11650
11648 11649
11652 11653
11652 19042
11657 11659
11657 17204
11659 11660
11661 19026
11661 19059
11662 19059
11662 19070
11662 19093
11663 11664
11663 12038
11664 11759
11664 12038
11666 11800
11666 17445
11666 19139
11666 19650
11667 11671
11669 11780
11669 11827
11669 11838
11671 11673
11672 11677
11673 16213
11674 18603
11674 18605
11675 16626
11676 19004
11678 20371
11679 14783
11680 18445
11681 11692
11682 11850
11682 14174
11683 11718
11683 16196
11684 11717
11685 14231
11685 14984
11688 11693
11688 11694
11689 11690
11689 11691
11689 11693
11690 11693
11690 11694
11691 11695
11692 11814
11696 11697
11696 15815
11697 11698
11699 11700
11699 11701
11699 11702
11700 11710
11701 11710
11701 11713
11702 11705
11702 11706
11704 11715
11705 11706
11705 11712
11706 11711
11707 11708
11707 11709
11708 11710
11709 11713
11709 11715
11713 11715
11714 11725
11714 11736
11714 11747
11716 11740
11716 13670
11717 11772
11718 11719
11718 14984
11720 14878
11720 14979
11720 14986
11725 11747
11725 11758
11725 19579
11727 13714
11728 11729
11728 11730
11729 11731
11730 11731
11730 11732
11731 11733
11731 11735
11732 11733
11733 11734
11734 11735
11734 11737
11736 11747
11739 11740
11739 13711
11742 11762
11743 11765
11744 11745
11746 11790
11748 11790
11749 11750
11750 11751
11751 20109
11752 11753
11753 11754
11755 11756
11755 11761
11755 11766
11756 11757
11756 11759
11757 11759
11757 11766
11758 19572
11758 19579
11759 11994
11760 11761
11760 11983
11761 11766
11762 11765
11762 16213
11763 16219
11765 16993
11767 11772
11769 11781
11770 11771
11775 15915
11775 15926
11776 11778
11777 11779
11778 11779
11782 11785
11782 11787
11783 11784
11784 11785
11785 11786
11786 11787
11789 11790
11791 11793
11792 11803
11792 11814
11794 11795
11794 16404
11796 20133
11797 11804
11797 15893
11797 15926
11798 11799
11798 11800
11799 11801
11801 17445
11803 11821
11804 15926
11809 12976
11810 15415
11811 15771
11811 15848
11811 15859
11812 11813
11812 11815
11816 20128
11816 20256
11817 11820
11817 20128
11818 11819
11818 18421
11818 20128
11819 11820
11819 20128
11820 20128
11821 11822
11821 11824
11822 11823
11824 11826
11825 11826
11825 11828
11825 11829
11827 11849
11828 11829
11830 14860
11831 14804
11832 14904
11833 15083
11833 19674
11834 11835
11834 11836
11835 11836
11835 15105
11836 20189
11837 11839
11839 11840
11840 11841
11840 11842
11841 15386
11842 15827
11842 16610
11843 11844
11843 11845
11844 11846
11844 11847
11845 15318
11845 15331
11846 15312
11846 20126
11848 11850
11848 17134
11849 11861
11849 16039
11851 15504
11851 15939
11851 17149
11852 11853
11852 11854
11852 15939
11853 17141
11853 17144
11854 12261
11854 12979
11854 14170
11854 14179
11854 17141
11855 11856
11855 11857
11855 16032
11856 11857
11856 14348
11857 14345
11858 11859
11858 11862
11859 13364
11859 14297
11860 12082
11860 12637
11861 16039
11861 16236
11862 14295
11862 14297
11863 11864
11863 14291
11864 14270
11865 11866
11865 11867
11865 11868
11867 15691
11867 15692
11868 11869
11869 11870
11870 13478
11871 11873
11871 19555
11872 11883
11873 17900
11873 19547
11873 19548
11873 19551
11873 19553
11874 14097
11874 14113
11874 17065
11875 11876
11875 11877
11876 11877
11876 14093
11876 19910
11877 20572
11878 14090
11878 14106
11878 14107
11878 17345
11879 11880
11879 11881
11881 15560
11882 11884
11882 15527
11883 11894
11885 11886
11885 11887
11885 11888
11885 11889
11886 16054
11887 16053
11890 11891
11890 11892
11891 11892
11892 14507
11893 11895
11893 14443
11894 11905
11894 11916
11894 11927
11895 14467
11895 14472
11895 14473
11896 11897
11896 14490
11896 14491
11897 14430
11897 14442
11898 11899
11898 12216
11899 11900
11899 11901
11901 12182
11902 12182
11903 11911
11903 12182
11904 11906
11904 15293
11904 15382
11905 11938
11906 11910
11907 11908
11907 11909
11908 11910
11909 15855
11909 15857
11910 11911
11911 15855
11912 11913
11912 11914
11912 12660
11913 11921
11913 11922
11914 11917
11914 15850
11915 11917
11915 11918
11915 11919
11916 11938
11917 11928
11918 11920
11918 11921
11919 11920
11919 11944
11920 11924
11920 11926
11921 11923
11922 11925
11923 11924
11923 11925
11924 11926
11925 11929
11925 11930
11925 15861
11926 11929
11928 11942
11928 11944
11929 11930
11930 11931
11931 15858
11931 15861
11932 11933
11932 11934
11932 11935
11933 11945
11933 11946
11934 11995
11935 11936
11935 11937
11936 19058
11936 19075
11937 11995
11937 12002
11939 11940
11939 11941
11939 11942
11940 15843
11940 15849
11941 15843
11942 11943
11943 11948
11944 15858
11945 11946
11945 11950
11945 19075
11946 16063
11947 11948
11947 11950
11948 15852
11948 15853
11948 15854
11949 11960
11950 15849
11951 11952
11951 11953
11952 11957
11952 16877
11953 11954
11953 11955
11954 16876
11954 16877
11955 16885
11955 16886
11956 11957
11956 11958
11956 11959
11956 11961
11957 16887
11959 11980
11959 16887
11961 13983
11962 11963
11962 11964
11962 16851
11963 11977
11964 11965
11964 16855
11965 11966
11965 11967
11965 11968
11966 16872
11967 16846
11967 16847
11967 16854
11967 16855
11968 11974
11968 11975
11969 11970
11969 11973
11969 16833
11970 16834
11970 16839
11971 13082
11971 13304
11972 11983
11973 12221
11973 16169
11974 16870
11974 16879
11975 11976
11975 16870
11976 11977
11976 11981
11976 16874
11977 14005
11978 11979
11978 11980
11978 11981
11979 16880
11979 16887
11981 16880
11982 11984
11982 11985
11982 11986
11983 11994
11984 14379
11984 14380
11984 15104
11985 12030
11985 12105
11986 14377
11986 14380
11987 11988
11987 11989
11987 14375
11987 14376
11988 12013
11988 14375
11988 14381
11989 14381
11989 14384
11990 11991
11990 11992
11990 11993
11991 14399
11991 15113
11992 12000
11992 12416
11993 14398
11993 15114
11994 12005
11995 11996
11996 19085
11996 19086
11996 19087
11997 11998
11997 11999
11998 14398
11999 12246
11999 15110
12000 12001
12001 12002
12001 12003
12002 19046
12002 19047
12003 19045
12003 19071
12004 12006
12004 12007
12004 12008
12006 12011
12006 12017
12007 14374
12007 14394
12008 12028
12008 12041
12008 15076
12009 12010
12009 12011
12009 12012
12010 12015
12010 15108
12011 14394
12012 12017
12012 12019
12012 12021
12013 12014
12013 12015
12014 12020
12014 14375
12014 14379
12015 12021
12015 15107
12016 12027
12016 12038
12017 12018
12018 12028
12018 15103
12019 12030
12019 15103
12020 12021
12020 12022
12021 15106
12022 15104
12022 15106
12023 12024
12023 12025
12024 12025
12024 12026
12026 12127
12028 12029
12028 12030
12028 15101
12029 12040
12031 12032
12031 12033
12031 12034
12032 14579
12032 14583
12033 14197
12033 14573
12033 14574
12034 12035
12034 14591
12035 12036
12035 12037
12035 12039
12037 14403
12039 12471
12040 14259
12041 14373
12041 15076
12042 12043
12042 12044
12042 12045
12043 12096
12043 12111
12043 12255
12043 15156
12044 12093
12044 12095
12044 12255
12045 12050
12045 12055
12046 12047
12046 12048
12046 12050
12047 12051
12047 15071
12048 12056
12048 12057
12049 12060
12050 12054
12051 12052
12051 12053
12052 13797
12052 15051
12053 13797
12054 12254
12054 15052
12054 15080
12055 12062
12055 16633
12056 12057
12056 12058
12057 12059
12057 12061
12059 12061
12059 13792
12061 12062
12062 12063
12062 12066
12062 13792
12063 12064
12063 12065
12064 12065
12064 12066
12064 12067
12065 12068
12066 12073
12066 16633
12067 12073
12067 12074
12068 12069
12068 12070
12069 12104
12069 12119
12069 15159
12070 12072
12070 12104
12071 12083
12071 12094
12072 12120
12072 15961
12073 16633
12074 12078
12074 12110
12075 12076
12075 12077
12075 12125
12076 12117
12076 12122
12076 12124
12077 12079
12077 12125
12077 15715
12078 12079
12079 12091
12080 12081
12080 12084
12080 12085
12080 14391
12081 12086
12082 12638
12082 12748
12084 12101
12084 14390
12084 16077
12085 12092
12085 15157
12086 12087
12087 12088
12088 12089
12088 12090
12089 12100
12089 12101
12089 12102
12090 12091
12090 15704
12091 12092
12091 15715
12093 12095
12093 12098
12093 12243
12093 12253
12093 12254
12093 12255
12093 14368
12095 12254
12096 12097
12096 12098
12096 12099
12097 12108
12097 14387
12098 12099
12098 12243
12098 12244
12098 12255
12099 14387
12099 15119
12100 12103
12100 15704
12102 12166
12102 12176
12103 12166
12103 12168
12103 12169
12104 12115
12104 12120
12105 12116
12105 14846
12106 12107
12106 12252
12106 14385
12106 14386
12106 14387
12106 14388
12106 14389
12106 16079
12107 12108
12107 14387
12107 16079
12108 12109
12108 15155
12108 15156
12109 15157
12109 15158
12110 12111
12110 15158
12111 15155
12112 12113
12112 12114
12112 15813
12112 15961
12113 12126
12113 15961
12114 12162
12114 15905
12115 12118
12115 12119
12115 12120
12117 12161
12117 14364
12117 14365
12118 12119
12118 12121
12120 15961
12121 12122
12121 12123
12122 12124
12122 12125
12123 12124
12123 12126
12126 12156
12127 12138
12127 12149
12128 12129
12128 12130
12128 12131
12128 12132
12129 12155
12130 12209
12130 12210
12132 12197
12132 12209
12133 12134
12133 12144
12133 12148
12134 12140
12134 12141
12135 12136
12135 12137
12135 12139
12136 12146
12136 12148
12136 12177
12137 12151
12138 12883
12138 12927
12138 15858
12139 12142
12139 12143
12139 12177
12140 12150
12140 12178
12141 12148
12141 12177
12141 12178
12142 12153
12142 12154
12143 12837
12144 12145
12145 12146
12145 12147
12145 12148
12146 12151
12146 12192
12147 12191
12149 12160
12150 12178
12150 12179
12150 12181
12151 12152
12152 12192
12152 15649
12153 12155
12153 12179
12154 12177
12154 12178
12154 12179
12155 12180
12156 12157
12156 12158
12157 12158
12157 12161
12158 12159
12159 12161
12159 12163
12160 12171
12160 12905
12162 12163
12162 15515
12163 15515
12164 12172
12164 15726
12165 14568
12165 15726
12166 12167
12167 12169
12167 12176
12168 12170
12168 12175
12169 12175
12169 13260
12170 12172
12170 12173
12171 12182
12171 12194
12172 12174
12173 12174
12173 12229
12174 12793
12174 12826
12175 12228
12175 12229
12176 14363
12179 12180
12180 12181
12181 12211
12181 12212
12182 12194
12183 12184
12183 12185
12183 12186
12184 12204
12184 12218
12184 12219
12185 12218
12186 12198
12186 12207
12187 12188
12187 12189
12187 12190
12189 16825
12189 16828
12191 12192
12191 12195
12192 12195
12193 12304
12193 12415
12193 16193
12194 12205
12195 15671
12196 12197
12196 12198
12196 12203
12197 12199
12198 14181
12199 12203
12199 12214
12199 15980
12200 12201
12200 12202
12200 15980
12201 12203
12201 12204
12202 12211
12202 15981
12203 12207
12204 12206
12204 12220
12205 12216
12205 12227
12206 12208
12206 12219
12207 12208
12208 12219
12209 12214
12209 12217
12210 12213
12210 12217
12211 12212
12211 12213
12212 12220
12214 12215
12215 12217
12215 15980
12215 15981
12216 15360
12217 15981
12218 12220
12221 12222
12221 19079
12222 16169
12222 16819
12222 19108
12223 12224
12223 12225
12223 12226
12224 16831
12224 16832
12226 16827
12226 16828
12227 12238
12228 12749
12229 12793
12230 12231
12230 12232
12230 14389
12231 12232
12231 16077
12233 12234
12233 12235
12233 12236
12233 12237
12233 12239
12234 12242
12234 14388
12234 14420
12235 12240
12235 12241
12235 12242
12236 12237
12237 15117
12238 12249
12238 12260
12239 15109
12239 15115
12240 12244
12240 12247
12240 12251
12241 12246
12241 12247
12242 12251
12243 14367
12244 15118
12244 15119
12245 12246
12245 12247
12245 12248
12245 12250
12246 15109
12247 15118
12249 12271
12250 14396
12250 15112
12251 12252
12251 15119
12252 14387
12252 14388
12253 12254
12253 14370
12253 14372
12254 14373
12256 12257
12257 14213
12257 14851
12258 12259
12258 12264
12258 12284
12259 12261
12259 12284
12259 13373
12259 14358
12259 14359
12260 14138
12261 12265
12261 12280
12262 12263
12262 12264
12262 12277
12262 16029
12264 12284
12264 14357
12265 12266
12265 12267
12266 12276
12267 12269
12267 12272
12268 12269
12268 12270
12268 12275
12269 12273
12269 12276
12270 12276
12271 14160
12272 12274
12272 13369
12273 12274
12273 12275
12274 13368
12274 17129
12274 17130
12275 14350
12275 14355
12277 12278
12277 12279
12278 12577
12279 14355
12281 12283
12281 12289
12282 12293
12282 15349
12283 12285
12283 12288
12283 12289
12284 14356
12284 14357
12285 12286
12285 12287
12286 15299
12286 15302
12286 15958
12286 15960
12287 12290
12287 12292
12288 13394
12288 14362
12288 15944
12288 16634
12289 15933
12290 12291
12290 12292
12291 15960
12291 16171
12292 14362
12293 14171
12294 12295
12294 12296
12294 12297
12294 12298
12295 12299
12295 15289
12295 15290
12296 12301
12296 13402
12296 13403
12297 12299
12297 12300
12297 12301
12298 13406
12298 15289
12299 15957
12300 15957
12301 13400
12301 13401
12302 12303
12302 12306
12302 12307
12302 12308
12303 13442
12303 15297
12304 13971
12305 12316
12306 13440
12306 13441
12306 13442
12307 13405
12308 13421
12308 13422
12308 13423
12309 12310
12309 12311
12309 12312
12310 15273
12310 15277
12310 15278
12311 15273
12311 15279
12312 15278
12313 12314
12313 12315
12313 12317
12314 12320
12314 12353
12315 12322
12315 12323
12316 12327
12317 12376
12317 12377
12318 12319
12318 12330
12318 12385
12319 12361
12319 12384
12320 12321
12320 12322
12321 12324
12321 12325
12322 12323
12323 12324
12324 12326
12325 12328
12325 12329
12326 12329
12327 12338
12328 12341
12328 12361
12329 12330
12331 12332
12331 12333
12331 13353
12334 12335
12334 12336
12334 12358
12334 12359
12335 12350
12335 12351
12336 12355
12336 12359
12337 12339
12337 12340
12337 12341
12338 12349
12340 12345
12341 12344
12342 12343
12342 12383
12342 12410
12343 12384
12343 12387
12344 12387
12344 15727
12345 12346
12345 12347
12346 12347
12346 12350
12347 12348
12348 12350
12348 12351
12349 12360
12349 14166
12351 12352
12352 12353
12352 12358
12353 12354
12354 12355
12354 12356
12354 12359
12355 12356
12356 12357
12358 12359
12360 12371
12360 14200
12362 12363
12362 12364
12362 12365
12362 12366
12364 12367
12365 16116
12365 16117
12366 16114
12367 12368
12367 12369
12367 12370
12368 12372
12368 12373
12369 12373
12370 12374
12370 12380
12370 12381
12371 12382
12371 14200
12372 12374
12372 12375
12374 12379
12375 12377
12375 12379
12376 12378
12376 12379
12378 12379
12378 12380
12382 13794
12382 14835
12383 12384
12383 12385
12384 16111
12386 12387
12386 12388
12386 12389
12388 16109
12389 12408
12390 12391
12391 12496
12391 15229
12392 12394
12392 12395
12393 12404
12396 12397
12396 12398
12396 12399
12397 12400
12398 12402
12399 12574
12400 12401
12401 12402
12401 12403
12403 12405
12403 12489
12403 12490
12403 12572
12405 12406
12405 12496
12406 12407
12406 12496
12407 14204
12407 14206
12408 12409
12408 12410
12410 14210
12410 14212
12411 12412
12411 12413
12411 12414
12411 12495
12411 15179
12412 12413
12412 12496
12413 15185
12414 12417
12414 15179
12415 12526
12415 12637
12416 12427
12416 12438
12417 12468
12417 12470
12417 12472
12418 12419
12418 12420
12420 12496
12421 12422
12423 12424
12423 12428
12424 15226
12424 15228
12425 12426
12425 12428
12425 12429
12425 15221
12425 15223
12427 13182
12427 13194
12427 13416
12430 12431
12430 12432
12430 12433
12432 15095
12433 12434
12434 12435
12434 12440
12435 15234
12435 15235
12436 12437
12436 12439
12436 12440
12436 12441
12437 17358
12438 13416
12442 12443
12442 12447
12444 12445
12444 12446
12444 12447
12446 15241
12447 15240
12448 12450
12448 12451
12448 12452
12448 12453
12449 12460
12449 12526
12451 12452
12453 17355
12453 17356
12454 12455
12454 12456
12454 12457
12455 12458
12456 16178
12456 16179
12458 12459
12458 12461
12460 16526
12461 12462
12461 12463
12462 18898
12463 13824
12463 16135
12464 12465
12464 12466
12464 12467
12468 12469
12468 12473
12468 12474
12468 12595
12469 12481
12469 12507
12469 12508
12470 12479
12470 12480
12470 12481
12471 12482
12471 12493
12471 14570
12472 12480
12473 12478
12473 12594
12473 12672
12473 12712
12473 12713
12473 15267
12473 18862
12474 15244
12474 15265
12475 12476
12475 12477
12475 12478
12476 12498
12476 15733
12477 12508
12477 15733
12478 12595
12479 12522
12479 12523
12479 12528
12480 12514
12480 12522
12482 14189
12482 14265
12482 14266
12482 14267
12483 12484
12483 12485
12483 12488
12484 12488
12484 12520
12485 12514
12486 12487
12486 12488
12486 12490
12487 12491
12487 12534
12489 12495
12489 12496
12490 12533
12490 12572
12491 12492
12491 12494
12492 12518
12492 12519
12493 14405
12493 14407
12494 12497
12494 12563
12495 12496
12497 12536
12497 12537
12498 12499
12498 12500
12499 17441
12500 12558
12501 12502
12501 12503
12501 12505
12502 12558
12503 12509
12504 12515
12504 12527
12504 12538
12504 12549
12505 12506
12505 12556
12505 12563
12506 12556
12506 12557
12506 12558
12506 12559
12507 15734
12508 12595
12509 12510
12509 12511
12509 12512
12510 15734
12510 15735
12512 17441
12513 12514
12513 12516
12513 12517
12515 14902
12515 14923
12517 12520
12518 12521
12519 12523
12520 12521
12523 12524
12523 12525
12525 12528
12526 14304
12527 12560
12527 15178
12529 12530
12529 12531
12529 12532
12531 12567
12533 12534
12533 12535
12534 12569
12534 12570
12535 12539
12535 12572
12536 12545
12537 12569
12538 13127
12538 13160
12538 13171
12539 12540
12539 12541
12540 12573
12541 12573
12542 12543
12542 12544
12543 12546
12544 12545
12544 12546
12544 12547
12548 12550
12548 12551
12549 14894
12549 14897
12550 12552
12552 12553
12552 12554
12554 12555
12554 12561
12559 12589
12560 12571
12560 12582
12560 12593
12561 12562
12563 12564
12565 12566
12565 12567
12565 12568
12571 14901
12574 12575
12574 12576
12577 12578
12577 12579
12577 14343
12577 14344
12578 12580
12578 12581
12580 14212
12580 14308
12581 13288
12582 12604
12583 12584
12583 12585
12586 12587
12586 12588
12586 14620
12587 16050
12588 16045
12588 16049
12588 16050
12589 12590
12589 12592
12590 12591
12590 12592
12591 12592
12593 13171
12593 14561
12593 14864
12596 12597
12596 12598
12596 12599
12600 12601
12600 12602
12600 12603
12605 12606
12605 12607
12606 12608
12606 12609
12609 12610
12610 12611
12612 12613
12612 12614
12615 12626
12615 12638
12616 12617
12616 12618
12616 12619
12620 12621
12620 16218
12622 12623
12622 12624
12622 13544
12625 12627
12625 12628
12625 12629
12630 12631
12630 12632
12630 12633
12630 12634
12634 13158
12635 12636
12635 12639
12635 12640
12635 12641
12636 12652
12637 13859
12638 12748
12642 12643
12642 12644
12642 12645
12642 12646
12643 12651
12647 12648
12647 12650
12647 12651
12649 12660
12649 12671
12652 12653
12652 12654
12655 12656
12655 12657
12657 12662
12658 12659
12658 12661
12658 12662
12660 16074
12663 12664
12665 12666
12665 12667
12665 12668
12666 18799
12666 18809
12667 12703
12667 12705
12667 12706
12669 12670
12669 12672
12669 12675
12670 12672
12670 12675
12672 15268
12673 12674
12673 12675
12673 12694
12673 18883
12674 18841
12674 18853
12676 12677
12676 12678
12678 15761
12679 12680
12679 12681
12679 12683
12682 12693
12682 12704
12682 12715
12683 15245
12683 15261
12684 12685
12684 12686
12684 16107
12685 12689
12686 15740
12686 18805
12686 18823
12687 12688
12687 12689
12687 12690
12687 12691
12689 12701
12689 18823
12690 12701
12690 12702
12691 18822
12691 18823
12691 18824
12692 12694
12692 12695
12692 12696
12692 12697
12693 13205
12694 18900
12695 18795
12695 18892
12696 18853
12696 18887
12696 18921
12697 18864
12697 18891
12697 18892
12698 12699
12698 12700
12698 13864
12698 13918
12699 12700
12699 13868
12699 13918
12700 18920
12700 18922
12700 18942
12702 12703
12702 18797
12704 12760
12705 20325
12706 20325
12706 20372
12707 12708
12707 12709
12707 12710
12707 12711
12708 18669
12708 18728
12708 18758
12709 16096
12709 16098
12710 16105
12710 18758
12710 20325
12711 16097
12711 16145
12711 18669
12714 12819
12717 12719
12719 12720
12720 12721
12721 12722
12721 12723
12722 19372
12722 19377
12723 12724
12723 12725
12724 12821
12724 12824
12725 12727
12726 12737
12726 12749
12726 12760
12727 12820
12727 12821
12728 12729
12728 12730
12728 18245
12728 18500
12728 19839
12729 12790
12729 18092
12730 17950
12730 18120
12730 19831
12731 12732
12731 12733
12731 12734
12731 12735
12732 19374
12732 19850
12733 18040
12733 19376
12734 12736
12734 19850
12735 19368
12735 19376
12736 12738
12736 12739
12736 17774
12737 12782
12738 12741
12738 17777
12738 17785
12739 19849
12740 12741
12741 17785
12742 12743
12742 12744
12742 12745
12742 12746
12744 19163
12747 12750
12747 12767
12747 12768
12748 12860
12749 12771
12750 17652
12750 17653
12750 17654
12751 12752
12751 12753
12751 12754
12752 18035
12752 19806
12753 19335
12753 19738
12754 12816
12754 19334
12754 19806
12755 12756
12755 12757
12755 12758
12755 18260
12755 18265
12756 18033
12756 19756
12757 19734
12757 19735
12758 19739
12758 19756
12759 12761
12759 12762
12759 19654
12759 19658
12760 13249
12761 17652
12761 17687
12761 17703
12762 12770
12762 19645
12763 12764
12763 12765
12763 12766
12764 12767
12764 18078
12764 18084
12765 18080
12765 18084
12765 18085
12766 18076
12766 18078
12768 18098
12769 17700
12769 18090
12769 19817
12770 12772
12770 12773
12770 17083
12771 12782
12771 12793
12772 19667
12773 12775
12773 12776
12774 12775
12774 19020
12774 19605
12775 19007
12775 19667
12776 17962
12776 17989
12776 18096
12777 12778
12777 12779
12777 12780
12778 17989
12778 19023
12779 12789
12779 12790
12780 12783
12780 12786
12781 12783
12781 12784
12781 12785
12783 19683
12784 12787
12784 12788
12784 18520
12785 12788
12785 19683
12785 19718
12786 18001
12787 18540
12787 19758
12788 18091
12789 18074
12790 18088
12790 18102
12791 12792
12791 12794
12791 18277
12791 19330
12792 12796
12792 12807
12793 12826
12794 12808
12794 19307
12795 12796
12795 12797
12795 12798
12796 12805
12797 18277
12797 19789
12798 12799
12798 18536
12799 12800
12799 12801
12800 12802
12800 12803
12801 18514
12801 18536
12801 18537
12802 12803
12802 12805
12803 18534
12803 19780
12804 12815
12804 12826
12804 12837
12805 12807
12805 18266
12806 12807
12806 12808
12806 18260
12806 18261
12808 19708
12809 12810
12809 12811
12809 12828
12809 18055
12810 12811
12810 19343
12811 19814
12812 12813
12812 12814
12812 12817
12812 18060
12813 19340
12813 19344
12814 18064
12814 19342
12814 19814
12815 12848
12816 12817
12816 12818
12816 19775
12817 19339
12818 19334
12818 19339
12818 19352
12820 19847
12821 12822
12822 12823
12822 12824
12822 12825
12823 12824
12823 12827
12825 18036
12825 18045
12825 19846
12827 12828
12827 12829
12828 18055
12829 18045
12829 18055
12830 12831
12830 12832
12831 12839
12832 18295
12833 12834
12833 12835
12833 12836
12834 12835
12835 12840
12836 16934
12836 18024
12837 12861
12838 12839
12838 12840
12839 12841
12841 12842
12844 12845
12844 12846
12844 12847
12845 12847
12846 12850
12847 12849
12848 12861
12848 12872
12853 12857
12853 12863
12854 12855
12854 19509
12855 12856
12855 12857
12856 12858
12856 12863
12857 19498
12858 12864
12859 14119
12859 14709
12859 14813
12859 15081
12862 12864
12863 12864
12865 12866
12865 12867
12865 12868
12865 12878
12865 13062
12865 14156
12866 12889
12866 12890
12867 12874
12867 12889
12868 13077
12868 13084
12869 12870
12869 12871
12869 12873
12869 12874
12870 12880
12870 12990
12870 12991
12871 12987
12871 12988
12872 14366
12872 14567
12872 14568
12873 13124
12873 13143
12874 12878
12875 12876
12875 12877
12875 12884
12876 12884
12876 13143
12877 12881
12877 12882
12878 12879
12878 12880
12878 13012
12879 13013
12879 14151
12881 12884
12881 12885
12882 13015
12882 13019
12885 12991
12885 13143
12886 12887
12886 12888
12886 13110
12887 13111
12887 13123
12888 15965
12889 12985
12890 13100
12890 13101
12891 12892
12891 12893
12892 12925
12894 12905
12894 12927
12895 12896
12895 12897
12895 13073
12895 13190
12896 13072
12897 13070
12898 12899
12898 12900
12898 15508
12899 15511
12900 13144
12901 12902
12901 12903
12901 12904
12902 15509
12903 12904
12903 12906
12903 12907
12905 12916
12906 13181
12907 15512
12907 15544
12908 12909
12908 12910
12908 12911
12908 13097
12908 14161
12909 13074
12909 13075
12910 13180
12912 12913
12912 12914
12913 12918
12913 12920
12913 12922
12914 12915
12915 12917
12918 12919
12918 12920
12918 12921
12919 15514
12921 15514
12921 15516
12923 12924
12923 12925
12923 12926
12927 15327
12928 12929
12928 12930
12928 12931
12929 12932
12930 12936
12930 12937
12931 12976
12932 12933
12932 12934
12932 12935
12933 12942
12933 12951
12933 12952
12935 12940
12935 12942
12936 12967
12937 12970
12938 12949
12938 12960
12938 13818
12939 12940
12939 12941
12940 12947
12941 12943
12941 12947
12942 12948
12943 12944
12943 12945
12943 12946
12944 13008
12945 12950
12946 12966
12947 12948
12948 12950
12949 12972
12949 12983
12953 12954
12953 12955
12953 12956
12957 12958
12957 12959
12957 14164
12958 12961
12959 12962
12959 12968
12960 14402
12960 14999
12961 12962
12961 12963
12962 12973
12963 12964
12963 12965
12964 12966
12965 13043
12965 14163
12966 12967
12968 12969
12968 12973
12969 12970
12969 12973
12971 13082
12971 13193
12972 13818
12972 15045
12974 12975
12975 12976
12975 12977
12978 12979
12978 17142
12979 17144
12980 12981
12980 12982
12980 12984
12981 13008
12981 19016
12983 12994
12983 14590
12984 19016
12985 12986
12985 12987
12985 13100
12986 13109
12986 13133
12987 12989
12988 12989
12990 12992
12990 12993
12990 12995
12991 12993
12992 12996
12992 13046
12993 13018
12993 13046
12994 13005
12994 13016
12994 13027
12995 12998
12995 14151
12996 12997
12996 12998
12996 12999
12997 13022
12997 13045
12997 13046
12998 13030
12999 13031
12999 13039
12999 13045
13000 13001
13000 13002
13000 13003
13000 13004
13001 13042
13002 13006
13002 13007
13003 13041
13003 14155
13005 14588
13005 14590
13006 14153
13006 14154
13007 19009
13007 19011
13008 13009
13009 19014
13010 13011
13010 13012
13010 13013
13010 13014
13011 13029
13012 13062
13012 13063
13014 13025
13014 13028
13014 13063
13015 13017
13015 13018
13016 13027
13016 14991
13017 13019
13017 13020
13017 13023
13019 13033
13020 13021
13020 13022
13021 13032
13021 13033
13022 13023
13022 13047
13023 13046
13024 13025
13024 13026
13024 13028
13025 13029
13025 14150
13026 13184
13027 13060
13028 13059
13028 13061
13029 13030
13029 13031
13030 13031
13031 14148
13031 14150
13032 13036
13032 13047
13032 13050
13033 17180
13034 13035
13034 13036
13034 13037
13035 13044
13035 14163
13037 14163
13037 14164
13038 13049
13038 13060
13038 13071
13038 13083
13039 13040
13039 13041
13040 13042
13040 13044
13040 13045
13041 14155
13042 13043
13043 13044
13044 13050
13045 13048
13047 13048
13048 13050
13049 14870
13049 14872
13051 13052
13051 13053
13051 13054
13051 13055
13052 16021
13052 16022
13053 13067
13053 15524
13053 15535
13053 15537
13054 13172
13054 16018
13055 15521
13055 15522
13055 16021
13056 13057
13056 13058
13056 13059
13056 13061
13057 13064
13057 16018
13057 16022
13058 14157
13058 14158
13059 13063
13059 13076
13060 14868
13060 14875
13061 13064
13061 13065
13062 14156
13064 16020
13065 13184
13065 16023
13066 13067
13066 13068
13066 13069
13068 13072
13069 15536
13070 13072
13070 13073
13071 13094
13071 13105
13071 13138
13073 15506
13074 15546
13075 13177
13075 13179
13076 13077
13076 14156
13077 13078
13077 13079
13078 14161
13078 15513
13079 13080
13079 15567
13080 13081
13080 13084
13081 13084
13081 15616
13082 14304
13083 14866
13083 14869
13084 13087
13085 13086
13085 13087
13085 13088
13086 15570
13086 15664
13087 13088
13087 15575
13088 15568
13089 13090
13089 13091
13089 13092
13091 15584
13092 15569
13092 15570
13093 13095
13093 13096
13093 15548
13094 13116
13094 14884
13095 13775
13095 13779
13095 13780
13095 15547
13096 15578
13096 15579
13097 13098
13097 13099
13098 15552
13098 15555
13099 15513
13099 15619
13100 13112
13100 13140
13101 13108
13101 13140
13102 13103
13102 13104
13102 13106
13103 13128
13103 13130
13103 13135
13104 13107
13104 13108
13105 14870
13105 14884
13106 13128
13106 15575
13107 13109
13107 13130
13108 13109
13109 13112
13109 13113
13110 13111
13110 13137
13111 13119
13111 13136
13112 13140
13113 13120
13113 13130
13113 13132
13114 13115
13114 13117
13114 13118
13115 13128
13115 13135
13115 15577
13116 13127
13116 13138
13116 14884
13117 13126
13117 15573
13118 15576
13118 15586
13119 13120
13119 13121
13119 13122
13120 13131
13121 13125
13121 13132
13122 13131
13122 13135
13122 13136
13123 13124
13123 13125
13124 13133
13124 13142
13125 13142
13126 13128
13126 13129
13127 13149
13129 15572
13129 15575
13130 13131
13132 13134
13133 13134
13134 13142
13135 13141
13136 13137
13137 13139
13137 13141
13138 14825
13139 13206
13139 13208
13141 15577
13144 13145
13144 13153
13146 13147
13146 13148
13146 13150
13149 14928
13150 13154
13150 13155
13151 13152
13151 13153
13151 13156
13152 13157
13156 13157
13156 13161
13158 13159
13158 13161
13158 13162
13160 14824
13160 15044
13162 13163
13163 13164
13163 13165
13166 13167
13166 13168
13166 13169
13167 15545
13167 15561
13167 15562
13168 13178
13168 15542
13169 15532
13169 15544
13169 15545
13170 13172
13170 13173
13170 13174
13171 14925
13171 14930
13172 15537
13173 14157
13173 16018
13174 13177
13174 15539
13175 13176
13175 13177
13175 13178
13175 13179
13176 13179
13176 13180
13176 15532
13177 15531
13178 15531
13178 15532
13180 13181
13180 13183
13182 13227
13182 16084
13184 13185
13186 13187
13186 13188
13186 13189
13187 13190
13191 13192
13191 13195
13191 13196
13193 13304
13193 14082
13194 16084
13197 13198
13197 13199
13198 13200
13198 13201
13199 15666
13199 15669
13200 15576
13202 13203
13202 13204
13202 13242
13203 13206
13203 13250
13204 13244
13204 13245
13205 13216
13205 13227
13205 13238
13206 13207
13207 13251
13207 13253
13208 13209
13208 13210
13209 13229
13209 13233
13210 13226
13210 13229
13211 13212
13211 13213
13211 13214
13211 13215
13212 13234
13213 15990
13213 16008
13213 16009
13214 13217
13214 13221
13214 15985
13214 16007
13215 16009
13216 16080
13216 16083
13216 16084
13217 13218
13217 13219
13218 13228
13218 13234
13219 13220
13219 13231
13219 13235
13220 13222
13220 15983
13221 13222
13221 13223
13222 15984
13223 13237
13223 15984
13224 13225
13224 13226
13224 13228
13225 13235
13225 13240
13226 13241
13227 13427
13228 13235
13229 13241
13230 13231
13230 13232
13230 13233
13231 13240
13231 15983
13233 13236
13237 13239
13238 16080
13238 16085
13240 13241
13242 13243
13242 15966
13243 13255
13244 13254
13245 14165
13246 13247
13246 13248
13247 13252
13247 13254
13248 13251
13249 13260
13250 13253
13250 13254
13251 13252
13252 13253
13256 13257
13256 13258
13256 13259
13257 14268
13257 14275
13258 13261
13258 13262
13259 13268
13259 14272
13260 14562
13261 13263
13261 13265
13261 13285
13262 13263
13262 14268
13262 14269
13263 13286
13264 13265
13264 13266
13264 13267
13264 13268
13265 13283
13266 13280
13266 13281
13266 13283
13267 13269
13267 13278
13267 14288
13268 14288
13269 13270
13269 13272
13269 13273
13270 13275
13270 13277
13270 13278
13271 13282
13271 13293
13271 13305
13272 14209
13272 14288
13273 13274
13273 14294
13274 13275
13274 13276
13275 13276
13276 14295
13277 13279
13277 14296
13278 13279
13278 13280
13279 14287
13280 14287
13281 13284
13281 14289
13283 13284
13283 13285
13284 14290
13284 14292
13285 13287
13286 13287
13286 14270
13287 14292
13288 13289
13288 13290
13289 13330
13289 14308
13290 14303
13290 14306
13290 14344
13291 13292
13291 13294
13291 13295
13292 13296
13292 13361
13293 13371
13293 13382
13294 13332
13294 14310
13295 13361
13295 14312
13295 14315
13296 13297
13296 14209
13296 14272
13296 14273
13296 14288
13297 13345
13297 13361
13297 14274
13297 14276
13298 13299
13298 13300
13298 17168
13299 13302
13299 13303
13299 17167
13300 13302
13300 13317
13301 13302
13301 13303
13301 13306
13302 17166
13303 13311
13304 13415
13306 13307
13306 13308
13308 13309
13308 17174
13308 17179
13309 13310
13309 17175
13310 17179
13311 13313
13311 17167
13312 13313
13312 13314
13312 13315
13313 17143
13314 17180
13315 17143
13315 17178
13316 13349
13316 13360
13316 13393
13316 15851
13317 17166
13317 17182
13318 13319
13318 13320
13319 13321
13319 14342
13320 14269
13320 14342
13321 13322
13321 13323
13322 13323
13322 13341
13322 14279
13322 14280
13322 14342
13323 13339
13324 13325
13324 13326
13324 13328
13325 14307
13325 14314
13326 13347
13326 13351
13327 13338
13327 13349
13327 13360
13328 13351
13328 14325
13328 14326
13329 13330
13329 13331
13329 13332
13329 13333
13330 14222
13331 13336
13331 14207
13332 14309
13333 14307
13334 13335
13334 13336
13334 13363
13334 13365
13334 14297
13335 13336
13335 13362
13337 13339
13337 13340
13337 13341
13338 19062
13339 13461
13340 13464
13340 13467
13340 14331
13341 14285
13341 14331
13342 13343
13342 13344
13342 13345
13342 13346
13343 14318
13343 14319
13343 14320
13344 14278
13344 14285
13344 14320
13345 14283
13345 14284
13346 14313
13346 14323
13346 14325
13347 13348
13347 13350
13348 14210
13348 14211
13349 13404
13350 14211
13350 14321
13351 14321
13352 13353
13352 13354
13353 13354
13354 15713
13354 15714
13355 13356
13355 13357
13355 13358
13355 13359
13356 14332
13356 14333
13357 14330
13357 14335
13357 14336
13358 14319
13359 14333
13361 14284
13362 14207
13362 14208
13362 14294
13363 13364
13363 13365
13364 13366
13364 13367
13365 14299
13365 14301
13366 14223
13366 14299
13368 13369
13368 17129
13369 17144
13370 13372
13370 13373
13371 16075
13371 16087
13372 13373
13372 14358
13374 13375
13374 13383
13374 13392
13375 13376
13375 13377
13376 13377
13376 13378
13376 13392
13377 13380
13378 13379
13378 13380
13378 13381
13379 13390
13379 16011
13379 16013
13380 16011
13380 16012
13381 13390
13381 13392
13382 16088
13382 16089
13384 13385
13384 13386
13384 15999
13385 13388
13385 15996
13385 15998
13386 13387
13386 13388
13387 13389
13388 13389
13388 16013
13389 13391
13390 13391
13391 16013
13394 15864
13394 15865
13395 13396
13395 13397
13395 13399
13396 15944
13397 13426
13397 13431
13398 13399
13398 13400
13401 15286
13401 15287
13402 13405
13403 15287
13404 19061
13405 13406
13405 13407
13406 13409
13406 15269
13407 13408
13408 13409
13408 13410
13409 15270
13410 13411
13410 13412
13411 13412
13412 13413
13413 13414
13413 13417
13415 14415
13416 13427
13417 13420
13418 13419
13418 13420
13419 13423
13422 13423
13422 13441
13424 13425
13424 13426
13424 13440
13424 13442
13425 15297
13428 13429
13428 13430
13428 13431
13429 13434
13430 15942
13432 13433
13432 13434
13435 13436
13435 13437
13435 13439
13436 13440
13437 15945
13438 13449
13439 13962
13443 13444
13443 13445
13443 13446
13443 13447
13444 15696
13444 15719
13445 13448
13445 15698
13446 13448
13446 13474
13448 13450
13448 13475
13449 13460
13449 16807
13450 13451
13450 13452
13450 13453
13452 13454
13452 13455
13453 13475
13454 15699
13454 15700
13456 13457
13456 13458
13456 13459
13457 14337
13458 13470
13458 15709
13459 13462
13459 14337
13459 15709
13459 16889
13460 13471
13461 13462
13461 13463
13461 13467
13462 13463
13463 16888
13463 16889
13464 13465
13464 13466
13464 13467
13465 14334
13465 14337
13465 14339
13466 14331
13466 14334
13466 14340
13468 13469
13468 13470
13468 13472
13468 13473
13469 15694
13469 15695
13470 15701
13470 15703
13471 13482
13471 13493
13472 14339
13473 14334
13473 15720
13475 13476
13476 13479
13477 13478
13477 13479
13480 13481
13480 13523
13482 13615
13482 16158
13483 13484
13483 13485
13485 13486
13485 13487
13486 13488
13486 13489
13488 13490
13489 13503
13489 13505
13490 13491
13490 13492
13492 13495
13492 13505
13493 13704
13494 13495
13494 13496
13495 13497
13497 13498
13497 13499
13498 13500
13498 13501
13498 13502
13499 13503
13499 13505
13500 13506
13500 13507
13501 13502
13501 13524
13502 13507
13502 13524
13503 13506
13503 13510
13504 13515
13504 13527
13504 13538
13506 13508
13507 13508
13507 13509
13508 13510
13509 13511
13509 13512
13509 13524
13510 13511
13512 13513
13512 13514
13513 13521
13513 13524
13514 13516
13514 13517
13514 13518
13516 13520
13516 13521
13517 13519
13517 13520
13519 13533
13520 13529
13520 13533
13521 13522
13521 13523
13522 13525
13522 13528
13525 13532
13526 13637
13526 13748
13527 13682
13527 13704
13528 13529
13528 13530
13529 13531
13530 13531
13530 13532
13531 13533
13534 13535
13534 13536
13537 13539
13537 13540
13537 13541
13537 13542
13539 13547
13539 13548
13543 13544
13543 13545
13543 13546
13549 13560
13549 13571
13549 13582
13549 13593
13550 13551
13550 13552
13550 13553
13554 13574
13554 13580
13554 18848
13555 13556
13555 13557
13555 13558
13555 18848
13556 13575
13556 13584
13556 13588
13557 18848
13558 13588
13558 13596
13559 13561
13559 13562
13559 13563
13561 13590
13561 13591
13562 13600
13562 13601
13564 13565
13564 13566
13564 13567
13565 13598
13567 13592
13567 13599
13568 13569
13568 13570
13568 18837
13571 13860
13572 13573
13572 13574
13572 18848
13573 13585
13573 13587
13574 13578
13575 13576
13575 13577
13576 13577
13576 13584
13577 13581
13578 13579
13578 13580
13579 13581
13579 13587
13581 13583
13583 13586
13583 13587
13584 13585
13584 13586
13585 13586
13588 13594
13588 13595
13589 13590
13589 13591
13589 13592
13590 13597
13590 13599
13591 13600
13592 13595
13592 13600
13593 19094
13594 13595
13594 13596
13594 13600
13596 13601
13597 13598
13597 13599
13602 13603
13602 13605
13602 13606
13604 13615
13604 13626
13604 13638
13605 13607
13605 13608
13606 16213
13606 16229
13609 13610
13609 13611
13609 13612
13609 13613
13612 16229
13614 13616
13614 13617
13614 13618
13616 13618
13619 13620
13619 13621
13619 13622
13620 13636
13621 13622
13622 13636
13623 13624
13623 13625
13623 13627
13624 13630
13626 13782
13628 13629
13628 13630
13628 13631
13629 13632
13630 13631
13632 13633
13632 13634
13635 13636
13635 13639
13637 13859
13640 13641
13640 13642
13640 13643
13641 13644
13641 13652
13641 13653
13643 13647
13644 13645
13644 13646
13644 13655
13647 13648
13647 13650
13647 13651
13648 13657
13648 13658
13649 13660
13649 13671
13649 13737
13650 13653
13650 13657
13653 13654
13654 13655
13654 13657
13655 13656
13656 13657
13656 13658
13659 13691
13659 13725
13660 19049
13661 13662
13661 13663
13661 13664
13662 13719
13662 13723
13662 13724
13663 13725
13664 13727
13665 13666
13665 13667
13665 13668
13666 13674
13666 13675
13666 13676
13667 13675
13667 13686
13668 13676
13669 13670
13669 13672
13669 13673
13670 13685
13670 13711
13672 13686
13673 13685
13673 13686
13673 13687
13674 13677
13674 13684
13675 13680
13675 13687
13676 13684
13677 13678
13677 13679
13677 13680
13678 13689
13678 13710
13678 13713
13679 13681
13679 13683
13679 13684
13680 13688
13682 13693
13682 13704
13683 13713
13685 13688
13685 13689
13687 13688
13689 13708
13690 13691
13690 13692
13690 13694
13691 13716
13692 13695
13692 13696
13692 13697
13694 13708
13694 13711
13695 13699
13695 13716
13696 13698
13696 13705
13697 13698
13697 13699
13697 13700
13698 13701
13698 13707
13699 13718
13699 13721
13700 13701
13700 13702
13700 13703
13702 13721
13704 13760
13705 13706
13705 13707
13706 13708
13706 13709
13707 13709
13708 13710
13709 13710
13710 13712
13712 13713
13712 13714
13715 13726
13715 13737
13715 13749
13716 13717
13716 13718
13717 13719
13717 13723
13718 13719
13718 13720
13719 13722
13720 13721
13720 13722
13722 13724
13723 13725
13724 13727
13726 19056
13726 19101
13728 13729
13728 13730
13728 13731
13729 13736
13729 13740
13730 16948
13731 13736
13731 13738
13732 13733
13732 13734
13732 13735
13734 13755
13734 13756
13735 13745
13736 13750
13738 13739
13739 13743
13739 13750
13740 13741
13740 13742
13741 13743
13741 13744
13741 13750
13742 13744
13742 13745
13743 13747
13744 13746
13744 13747
13745 13752
13746 13751
13746 13752
13748 14184
13749 19055
13749 19077
13751 13753
13752 13753
13752 13755
13753 13754
13754 13755
13754 13756
13757 17026
13759 13761
13759 13762
13759 13763
13761 13764
13761 13765
13764 13765
13766 13767
13766 13768
13766 13769
13770 13772
13770 13773
13771 13782
13771 13793
13771 13804
13772 15596
13773 15596
13774 13775
13774 13776
13774 13777
13774 13778
13779 15590
13780 15587
13780 15592
13781 13783
13781 13784
13781 15674
13782 19066
13785 13786
13785 13787
13786 14435
13786 14444
13787 14424
13787 14429
13787 14444
13788 13789
13788 13790
13788 14980
13789 13794
13789 14832
13790 14832
13790 14836
13791 13792
13791 13800
13791 13801
13791 13966
13791 14839
13791 15968
13792 13962
13792 15968
13793 14005
13794 13795
13795 14243
13795 14849
13796 13797
13796 13798
13796 13799
13798 15051
13799 13800
13799 13801
13800 13801
13802 13803
13802 13805
13802 14226
13802 14228
13803 13805
13803 14248
13804 19065
13805 14247
13805 14257
13806 13807
13806 14253
13806 14254
13806 14972
13807 13847
13808 13809
13808 13810
13808 13811
13809 16616
13810 14253
13811 14233
13811 15034
13812 13813
13812 13814
13812 14995
13813 15045
13813 15049
13814 15000
13815 13826
13815 13837
13815 13848
13816 13817
13816 13818
13816 13819
13817 13823
13819 14900
13820 13821
13820 13822
13820 13823
13821 15001
13822 13965
13823 15005
13824 13825
13825 15183
13825 15184
13825 15192
13826 19098
13826 19099
13827 13828
13827 13829
13827 13830
13828 13850
13828 16125
13828 18897
13829 16138
13829 18898
13830 14252
13830 16127
13830 16895
13831 13832
13831 13833
13831 13834
13832 13834
13832 14251
13832 14855
13832 14947
13833 13836
13833 14952
13834 14953
13835 13836
13835 13838
13835 13839
13836 13839
13838 13840
13838 13841
13839 14941
13840 14842
13840 14957
13840 14958
13840 17376
13841 13842
13842 13843
13842 13844
13842 14842
13843 14938
13844 13845
13844 13846
13844 13847
13845 14936
13845 14944
13846 13847
13846 14936
13848 13915
13849 13850
13849 13851
13849 13852
13849 15731
13851 15197
13851 18889
13852 16125
13852 16140
13852 16141
13853 13854
13853 13855
13854 16131
13854 16132
13855 13856
13855 13857
13856 13857
13856 13922
13856 15732
13858 13861
13858 13862
13858 13863
13859 13971
13860 13871
13860 13882
13860 19044
13861 13864
13862 13917
13862 15732
13863 15779
13864 13865
13865 18918
13865 18920
13866 13867
13866 13868
13866 13869
13866 13870
13867 13907
13867 18762
13868 18923
13869 13905
13869 13907
13870 18851
13870 18923
13871 14094
13871 19073
13872 13873
13872 18608
13872 18769
13872 18878
13873 18691
13873 18692
13874 13875
13874 13876
13874 13877
13875 13878
13875 18698
13876 18690
13876 18698
13877 18646
13877 18647
13878 13879
13878 13880
13878 13881
13879 13931
13879 18698
13880 13883
13880 13884
13880 13885
13881 16121
13881 16122
13882 19073
13883 13886
13883 13887
13883 18695
13884 16119
13884 18695
13885 13886
13885 13933
13886 13924
13886 13927
13887 13888
13887 13889
13887 13924
13887 18696
13888 13890
13888 18727
13888 18776
13889 13924
13889 18694
13890 13891
13890 13892
13890 13894
13891 13895
13891 18738
13891 18751
13892 13920
13892 13922
13892 18697
13892 18727
13892 18742
13893 13904
13893 13915
13893 13926
13894 16152
13894 18751
13895 13896
13895 13897
13896 13898
13896 13899
13896 13900
13897 13899
13897 18735
13897 18766
13897 18954
13897 18961
13898 13901
13898 13902
13898 13903
13899 13903
13899 18729
13900 13902
13900 18738
13900 18739
13901 13905
13901 18716
13902 13918
13903 18702
13903 18716
13905 13906
13906 13907
13906 18774
13906 18808
13906 18812
13907 18774
13908 13909
13908 13910
13908 15742
13908 18830
13909 15743
13909 18784
13909 18851
13909 18924
13910 18851
13910 18907
13911 13912
13911 13913
13911 13914
13911 13916
13912 18691
13912 18778
13913 16149
13913 18616
13914 18703
13914 18894
13915 19100
13916 18606
13916 18607
13917 13918
13917 16154
13917 18736
13918 18739
13919 13920
13919 13921
13919 13922
13920 18694
13920 18727
13921 13923
13921 18694
13922 16154
13923 13924
13923 13925
13924 13925
13925 13927
13926 14071
13926 14083
13927 13928
13927 13933
13928 16129
13928 16130
13929 13930
13929 13931
13929 13932
13929 13933
13930 18675
13930 18684
13931 18684
13932 18673
13932 18705
13933 16129
13934 13935
13934 13936
13934 13938
13935 13940
13935 18629
13935 18630
13936 18962
13937 13948
13937 13959
13937 13972
13937 13983
13938 13939
13938 13940
13938 13941
13939 13945
13940 18621
13940 18622
13941 18636
13941 18640
13942 13943
13942 13944
13942 13945
13944 13946
13944 13947
13944 13949
13945 18639
13945 18644
13947 18639
13948 14016
13949 19035
13950 13951
13950 13952
13952 19041
13953 13954
13953 13955
13953 13956
13953 13957
13954 16155
13954 18628
13955 18627
13955 18628
13956 16118
13956 16122
13958 13960
13958 13961
13958 18610
13958 18623
13960 18620
13960 18632
13960 18951
13961 18632
13961 18633
13961 18642
13963 13964
13963 13965
13963 14836
13964 13965
13964 14981
13966 14833
13966 14838
13967 13968
13967 13969
13969 13973
13971 14082
13973 14058
13974 14070
13974 17233
13974 17604
13975 14070
13975 14072
13975 17604
13976 13977
13976 13978
13976 13979
13977 13982
13980 13981
13980 13982
13980 13984
13981 13985
13985 13986
13985 13987
13986 14023
13988 13989
13988 13990
13988 13991
13989 14056
13991 14063
13992 13993
13992 13996
13993 14045
13994 14005
13994 14016
13994 14027
13994 14038
13995 13996
13995 13997
13995 13998
13995 13999
13996 14031
13997 14031
13997 14032
13998 16624
14000 14001
14000 14002
14000 14003
14002 16627
14004 14006
14004 14007
14006 14008
14008 14009
14008 14012
14009 17246
14010 14011
14010 14012
14010 14013
14011 14014
14011 17236
14014 14015
14014 17238
14017 14018
14018 14022
14019 14020
14019 14021
14019 14022
14023 14024
14025 14026
14025 14028
14025 14029
14025 14030
14026 14057
14030 14056
14033 14034
14033 14035
14033 14036
14033 14037
14034 17242
14036 14039
14037 14039
14037 14040
14038 14049
14038 14060
14040 14041
14040 14042
14041 14043
14043 14044
14043 14045
14043 14046
14044 14050
14044 17250
14047 14048
14047 14050
14047 14051
14050 17249
14052 14053
14052 14054
14052 14055
14052 14056
14055 14059
14056 14057
14059 14061
14059 14062
14062 14063
14062 14064
14062 14065
14066 14067
14066 14068
14066 14069
14067 14070
14067 14072
14068 16451
14068 16453
14069 17256
14069 17262
14070 17262
14072 16453
14073 14074
14073 14075
14073 14076
14077 14078
14077 14079
14077 14080
14077 14081
14082 14193
14084 14085
14084 16628
14086 14087
14086 14088
14088 14423
14089 14090
14089 14091
14089 17348
14090 14101
14090 17347
14091 20444
14092 14093
14092 14095
14092 14104
14093 20571
14094 14105
14094 14116
14094 14127
14095 16778
14095 20588
14096 14097
14096 14098
14097 14098
14097 14112
14097 19587
14098 19920
14099 14100
14099 14101
14099 14102
14099 16366
14099 17350
14100 17347
14101 14102
14102 14103
14103 16359
14103 16363
14104 14106
14104 14107
14104 14108
14106 16775
14107 14108
14108 19433
14109 14110
14109 14111
14109 14112
14110 19548
14111 19588
14112 19587
14113 14114
14113 17065
14114 17029
14114 17032
14115 14117
14115 14926
14115 14948
14116 19074
14117 17830
14118 14119
14118 14675
14118 14724
14118 14817
14118 15797
14119 14673
14119 14709
14119 14759
14119 14776
14119 14813
14119 14816
14120 14121
14121 14122
14121 14123
14122 14123
14122 14124
14122 16214
14124 14125
14125 16215
14126 14128
14127 19050
14127 19083
14128 17555
14129 14130
14129 14131
14129 16704
14130 16782
14131 16704
14132 14133
14132 14134
14133 14137
14135 14136
14135 14137
14135 14139
14136 14140
14140 14141
14144 14145
14144 14146
14144 14147
14148 14150
14148 14152
14148 14153
14148 14154
14149 14160
14149 14637
14150 14162
14153 14155
14157 15546
14158 14159
14159 14161
14160 14171
14166 14186
14167 14168
14167 14169
14167 14170
14169 14172
14174 14175
14174 14176
14174 15388
14174 17138
14175 17138
14176 14177
14176 15388
14177 14178
14178 14179
14178 14180
14179 14651
14179 17132
14180 17131
14180 17133
14181 14183
14182 14194
14182 14205
14182 17715
14184 14304
14185 15962
14185 15963
14187 14188
14190 14191
14190 14192
14190 14195
14190 14196
14191 14829
14191 14830
14191 14831
14192 14585
14192 14873
14192 14883
14194 14205
14194 14238
14194 14327
14195 14561
14195 14831
14196 14198
14196 14199
14197 14198
14197 14199
14198 14573
14199 14581
14200 14258
14200 14900
14201 14202
14201 14203
14203 14206
14204 14206
14205 14371
14205 17815
14207 14208
14208 14209
14210 14211
14213 14214
14214 14215
14214 14530
14214 14854
14214 15088
14215 14855
14215 14856
14216 14227
14216 14316
14216 14327
14217 14218
14217 14219
14217 18654
14218 14220
14218 17440
14220 14221
14220 14529
14220 17440
14220 18654
14222 14300
14222 14306
14223 14224
14223 14225
14224 14298
14224 14299
14225 14343
14226 14248
14226 14255
14227 14305
14227 17715
14228 14978
14228 16652
14229 14230
14229 14256
14229 14968
14229 16237
14230 16237
14231 14232
14231 14233
14232 14233
14232 14234
14234 15038
14235 14236
14235 14237
14235 14239
14236 14819
14236 14820
14237 14240
14238 14249
14238 14371
14239 15038
14239 15039
14240 14241
14240 14242
14241 15177
14242 14895
14242 14897
14242 14898
14243 14244
14243 14245
14243 14849
14244 14250
14244 14257
14245 14246
14245 14850
14246 14840
14246 14850
14247 14250
14247 14257
14248 14960
14249 14260
14249 14327
14251 14252
14251 14855
14251 14856
14252 14852
14252 14853
14253 14943
14254 14960
14255 14256
14255 16241
14256 16241
14258 14259
14258 14261
14259 14261
14260 14271
14260 14282
14260 14293
14261 14262
14262 14263
14262 14264
14263 14264
14263 14412
14263 14413
14264 14411
14266 14406
14266 14407
14267 14570
14267 14886
14267 14887
14268 14277
14268 14286
14269 14286
14270 14292
14272 14273
14273 14274
14274 14275
14275 14276
14275 14277
14276 14283
14277 14278
14277 14279
14278 14280
14278 14283
14279 14280
14279 14281
14280 14285
14281 14286
14281 14342
14282 16365
14284 14313
14285 14329
14287 14289
14289 14290
14290 14291
14291 14292
14293 14305
14293 14316
14295 14296
14298 14303
14300 14301
14300 14302
14302 14303
14302 14306
14307 14308
14309 14310
14309 14311
14310 14312
14311 14314
14311 14324
14312 14324
14313 14315
14315 14317
14316 14327
14317 14324
14317 14325
14318 14323
14318 14332
14319 14330
14319 14332
14320 14329
14320 14330
14321 14322
14322 14323
14322 14326
14322 14328
14323 14328
14325 14326
14329 14331
14329 14340
14330 14340
14334 14335
14335 14340
14335 14341
14336 14341
14338 14349
14338 17737
14338 17749
14338 17760
14343 14346
14345 14346
14345 14347
14347 14350
14347 14352
14349 17760
14350 14351
14350 16028
14351 14352
14351 14354
14352 14353
14353 14354
14354 14355
14359 14361
14360 14371
14360 18595
14360 18599
14361 15161
14362 16171
14364 14365
14364 15438
14365 15449
14366 15427
14366 15626
14366 15638
14367 14368
14367 14369
14368 14370
14369 15111
14369 15112
14369 15118
14370 14374
14372 14373
14372 14374
14374 14396
14375 14378
14376 14377
14376 18572
14377 14378
14378 14379
14378 14380
14381 14383
14381 14384
14381 14401
14382 14393
14383 14400
14383 14401
14384 14400
14385 14386
14385 16076
14386 14390
14386 14392
14386 16079
14387 15119
14388 14420
14389 14420
14390 14391
14390 14392
14391 16079
14392 16076
14393 14404
14393 17771
14393 18126
14394 14395
14395 14396
14395 14397
14396 15111
14397 15110
14398 14399
14399 14401
14400 15113
14402 14403
14402 14934
14402 14935
14403 14579
14404 14416
14405 14406
14405 14407
14405 14408
14406 14409
14406 14410
14408 14413
14408 14414
14408 14417
14409 14411
14409 14418
14410 14412
14410 14414
14411 14418
14412 14418
14412 14419
14413 14417
14414 14419
14416 18159
14417 14419
14421 14447
14421 14448
14421 14808
14422 14433
14422 14434
14422 14448
14423 14424
14423 14425
14424 14426
14424 14491
14425 14426
14425 14453
14425 14457
14426 14428
14427 14438
14427 14704
14427 15059
14427 18292
14428 14429
14428 14445
14428 14457
14430 14431
14430 14489
14431 14488
14431 19525
14432 14433
14432 14434
14432 14435
14432 14444
14433 14436
14433 14437
14436 14445
14437 14446
14437 14448
14437 14458
14438 15070
14439 14440
14439 14441
14440 14462
14440 14468
14441 14470
14441 14511
14441 14558
14442 14484
14442 14489
14442 14490
14443 14470
14443 14472
14444 14445
14445 14446
14446 14456
14446 14457
14447 14450
14447 14451
14447 14452
14448 14452
14449 14460
14449 14471
14449 14482
14450 14806
14450 14808
14451 14462
14452 14458
14452 14462
14453 14454
14453 14455
14454 14456
14454 14457
14454 14464
14455 14463
14455 14464
14456 14458
14456 14461
14458 14459
14459 14461
14459 14462
14459 14468
14461 14464
14461 14465
14463 14466
14463 14467
14464 14467
14465 14467
14465 14469
14465 14472
14468 14469
14468 14470
14470 14472
14470 14559
14473 14474
14473 14475
14476 14477
14476 14801
14476 19525
14477 14481
14477 14487
14477 14488
14478 14479
14478 14531
14479 14485
14479 14486
14480 14481
14480 14483
14483 14486
14483 14487
14484 14485
14484 14486
14484 14487
14485 14490
14487 14489
14488 14489
14492 14494
14492 14792
14493 14504
14493 14515
14493 14527
14493 14538
14494 15969
14494 15972
14495 20181
14497 14498
14497 14499
14497 14667
14498 14500
14498 14536
14499 14500
14499 14541
14500 14501
14500 14502
14501 14502
14501 14506
14501 14542
14502 14670
14502 14712
14503 14505
14503 14506
14504 14538
14505 14713
14505 14763
14505 14764
14506 14542
14506 14712
14506 14761
14507 14710
14507 14711
14507 15749
14508 15737
14508 17152
14509 14510
14509 14801
14511 15439
14512 14513
14512 14514
14513 14514
14513 14617
14513 14619
14516 14517
14517 14518
14517 14519
14517 18970
14518 14519
14518 14520
14518 14521
14520 14645
14522 14523
14522 14777
14523 14524
14523 14787
14524 14525
14524 14528
14525 14652
14526 14637
14528 14781
14528 14783
14530 15088
14531 14532
14532 14533
14533 14534
14533 14535
14533 14537
14534 14543
14534 14546
14534 16058
14535 14539
14535 16058
14536 14668
14536 14670
14537 14541
14537 14544
14539 14540
14540 16061
14541 14542
14542 14553
14543 14544
14543 14545
14543 14552
14544 14545
14545 14553
14546 14547
14546 14552
14547 14761
14547 14762
14548 14550
14548 14551
14548 14759
14549 14560
14549 14571
14550 14668
14550 14709
14551 14668
14551 14670
14551 14672
14552 14553
14552 14761
14554 14555
14554 14556
14554 14557
14554 14559
14557 14558
14558 14559
14563 14564
14563 14565
14563 14566
14564 15701
14564 15703
14564 15708
14566 15707
14567 14568
14567 15427
14569 14570
14569 14572
14569 14573
14572 14575
14572 14576
14574 14581
14574 14583
14575 14577
14575 14578
14576 14890
14577 14888
14577 14889
14578 14886
14578 14887
14579 14580
14580 14588
14581 14584
14581 14585
14582 14593
14582 14604
14582 14615
14583 14584
14583 14586
14584 14587
14585 14992
14586 14587
14586 14588
14587 14589
14588 14589
14592 20170
14594 14595
14594 14596
14594 14663
14594 15834
14595 14659
14595 14661
14597 14598
14597 14599
14598 20204
14598 20215
14599 14600
14599 14601
14601 14602
14601 14603
14602 14608
14603 14605
14605 14609
14606 14607
14606 14608
14606 14767
14608 17158
14609 14610
14609 14777
14610 14778
14610 14779
14610 14780
14611 14612
14611 14613
14611 17157
14612 14614
14612 14624
14613 14614
14613 14625
14613 14631
14614 14622
14614 14623
14615 14626
14616 14617
14616 14618
14616 14621
14616 14631
14619 14621
14620 14621
14622 17160
14623 14625
14623 14629
14624 17162
14625 14630
14626 14638
14626 14649
14626 14660
14627 14628
14627 14629
14627 14630
14632 14633
14632 14648
14633 14651
14634 14635
14634 14636
14634 17151
14639 14640
14639 14641
14642 14643
14642 14644
14645 14646
14646 14647
14646 14785
14648 14650
14648 14654
14651 17132
14652 14653
14652 14654
14655 14656
14655 14657
14655 14658
14657 14788
14657 14789
14659 14795
14659 15972
14662 14663
14662 14664
14662 20248
14663 14665
14663 14666
14664 14666
14664 16274
14665 15836
14665 15839
14666 20093
14667 14668
14667 14669
14667 14709
14670 14714
14671 14682
14671 14693
14671 14793
14671 14804
14672 14714
14672 14757
14673 14674
14673 14717
14673 14776
14675 14676
14675 14677
14676 14752
14677 14724
14678 14679
14678 14680
14678 14708
14679 14681
14679 14683
14679 15979
14680 14702
14680 15976
14680 15979
14681 14689
14681 14708
14682 14782
14683 14685
14683 14690
14684 14685
14684 14686
14684 16041
14685 16042
14686 14687
14687 14688
14687 16040
14689 14690
14689 14691
14689 14707
14690 16042
14690 16043
14692 14747
14692 15953
14692 15956
14694 14695
14694 14696
14694 14697
14695 14744
14695 14745
14695 14746
14696 14705
14696 14722
14697 14705
14697 14744
14697 15975
14698 14699
14698 14735
14698 14740
14698 15974
14699 14732
14699 14736
14699 14743
14700 14701
14700 18415
14701 14735
14701 14739
14701 15932
14702 14703
14702 14705
14703 14742
14703 15975
14703 15976
14704 14715
14706 14707
14706 14708
14706 14727
14708 14728
14709 15081
14710 15760
14711 14716
14712 14713
14712 14714
14713 14755
14713 14756
14714 14756
14716 14717
14716 14718
14716 14773
14717 14754
14719 14720
14719 14721
14719 14752
14722 14728
14723 14724
14723 14725
14725 14747
14725 15956
14726 14737
14726 14749
14726 19674
14727 14728
14727 14729
14727 15952
14729 14751
14730 14731
14730 14744
14730 14746
14731 14734
14731 15798
14731 15977
14732 14733
14732 15798
14733 14736
14733 17970
14734 15797
14734 17970
14735 14736
14735 14738
14738 14739
14738 14740
14738 14741
14739 18415
14740 14742
14740 15800
14741 18637
14741 18859
14742 15799
14742 15974
14743 15798
14743 15974
14743 15977
14744 15977
14745 15954
14747 14750
14747 14751
14748 14859
14748 20194
14748 20348
14749 14760
14749 18438
14751 15953
14752 14753
14754 14774
14754 14775
14754 14776
14755 14772
14755 14775
14756 14757
14756 14775
14757 14758
14757 14759
14758 14775
14758 14776
14760 14771
14760 18460
14761 14764
14762 14765
14762 14770
14764 14765
14765 14766
14765 14768
14766 17153
14767 14768
14767 14769
14767 17153
14768 14770
14769 17164
14771 19608
14772 14773
14772 14774
14773 14774
14778 14779
14781 14786
14782 14848
14782 14860
14783 15828
14784 14785
14784 14786
14784 14787
14788 14789
14790 20226
14791 20226
14792 14794
14793 14815
14794 14796
14794 14797
14795 14796
14795 20237
14796 14800
14797 14798
14797 14800
14798 14799
14799 14800
14799 20237
14802 14803
14802 14805
14803 14809
14806 14807
14806 14810
14807 14808
14807 14810
14807 14811
14809 14810
14809 14811
14811 14812
14813 14814
14815 14826
14815 14871
14817 15082
14817 17970
14818 15914
14818 17859
14818 17970
14819 14879
14819 15040
14820 14821
14820 14822
14820 14823
14821 14827
14821 14896
14821 14931
14822 14896
14823 14866
14824 14825
14824 14827
14824 14828
14825 14869
14826 14837
14826 14893
14827 14895
14827 14899
14828 14894
14829 14890
14831 14865
14832 14838
14833 14834
14833 14835
14834 14840
14834 14846
14835 14836
14837 14848
14838 14839
14838 14841
14839 14841
14840 14841
14842 14843
14843 14844
14843 14845
14844 15031
14844 16614
14846 14847
14847 15086
14847 15101
14847 15102
14848 14871
14849 14851
14852 16895
14852 16896
14853 14854
14854 15088
14857 14858
14857 14861
14858 14862
14858 16125
14858 18731
14859 18497
14861 14862
14861 14863
14864 14865
14866 14867
14866 14868
14867 14879
14868 14991
14869 14933
14870 14874
14872 14873
14872 14874
14872 14875
14873 14994
14874 14883
14874 14885
14875 14992
14876 14877
14876 14878
14877 14881
14877 14985
14878 15042
14879 14880
14879 14881
14880 15040
14880 15041
14881 15042
14881 15043
14882 14893
14882 14904
14883 14998
14885 14927
14885 14998
14887 14892
14888 14890
14889 14891
14889 14892
14890 14891
14891 14892
14894 14895
14895 14896
14897 18583
14898 15177
14899 14933
14901 14902
14901 14903
14902 14903
14903 14905
14903 14906
14903 14924
14905 14906
14905 15140
14906 14907
14907 14908
14907 14909
14907 14910
14908 15137
14908 15140
14909 15120
14909 15124
14910 14911
14910 14912
14911 14914
14911 15134
14912 14913
14912 15130
14913 14914
14913 14916
14913 14917
14914 15131
14914 15132
14915 14926
14915 14937
14915 14982
14916 14917
14916 15126
14916 15130
14917 14918
14918 14922
14918 15131
14919 14920
14919 14921
14919 14922
14920 15151
14920 15153
14921 15153
14921 15154
14922 20408
14923 15150
14924 15120
14924 15121
14924 15122
14925 14927
14925 14928
14926 14937
14926 14948
14927 14929
14929 14996
14931 14932
14931 14933
14934 14935
14936 14943
14937 18793
14937 19603
14938 14939
14939 14940
14940 14941
14941 14942
14942 14946
14943 14944
14943 14945
14944 14945
14946 14947
14948 14959
14948 14971
14949 14950
14950 14951
14951 14952
14951 14953
14952 14954
14953 15191
14954 14955
14954 14956
14955 14956
14955 14957
14956 15190
14957 15190
14958 15029
14958 15030
14959 14982
14959 14993
14960 14961
14961 14962
14962 14963
14963 14964
14964 14965
14965 14966
14965 14967
14966 14967
14966 14968
14968 14969
14969 14976
14970 15082
14970 15193
14971 15004
14971 17823
14972 14973
14972 14975
14973 14974
14973 14975
14974 14976
14974 14977
14975 14977
14976 14977
14978 14979
14978 14980
14979 14983
14981 14983
14981 14984
14982 14993
14983 14986
14985 14988
14986 14987
14986 14995
14987 14990
14988 14989
14989 14990
14991 15043
14992 14994
14993 15160
14993 19601
14997 14998
15001 15002
15002 15003
15004 19577
15004 19578
15006 15007
15006 15008
15006 15009
15007 15019
15008 15016
15008 15017
15009 15011
15010 15951
15011 15012
15011 15013
15011 15014
15014 15919
15015 15026
15015 19920
15016 15017
15016 15018
15016 15019
15017 15018
15017 15020
15020 15919
15020 17081
15021 15022
15021 15023
15021 15024
15022 15028
15022 15032
15023 15025
15023 15027
15023 15028
15024 15025
15024 17367
15025 17373
15025 17375
15026 19570
15026 20603
15026 20614
15027 17366
15027 17370
15028 15033
15029 15032
15029 15033
15030 15031
15030 15032
15031 16612
15033 17370
15034 15035
15035 15036
15037 15048
15037 15059
15037 15070
15037 18281
15037 18359
15037 18370
15038 15039
15040 15041
15045 15046
15046 15047
15046 15049
15047 15049
15047 15050
15048 18304
15051 15069
15052 15053
15052 15056
15052 15071
15053 15054
15054 15061
15054 15100
15055 15056
15055 15057
15055 15058
15056 15084
15056 15098
15057 15062
15057 15074
15058 15060
15058 15099
15060 15061
15060 15062
15061 15063
15061 15064
15062 15066
15063 15099
15063 15100
15064 15069
15064 15071
15065 15066
15065 15067
15065 15068
15066 15069
15068 15072
15068 15073
15070 18304
15070 18381
15072 15086
15072 15087
15073 15074
15073 15079
15074 15075
15075 15077
15075 15084
15076 15077
15076 15078
15077 15079
15077 15080
15078 15085
15078 15102
15079 15087
15080 15084
15083 15094
15083 15105
15085 15086
15085 15087
15089 15090
15089 15091
15089 15092
15090 15091
15092 15097
15092 15209
15093 15095
15093 15096
15093 15097
15094 15116
15094 15127
15097 15220
15098 15099
15098 15100
15104 15106
15105 20191
15107 15108
15108 15110
15109 15114
15111 15112
15112 15118
15114 15115
15115 15117
15120 15123
15121 15122
15121 15146
15122 15144
15123 15128
15123 15144
15124 15125
15124 15129
15125 15126
15125 15128
15126 15129
15127 15149
15128 15148
15129 15130
15131 15135
15132 15133
15132 15134
15132 15135
15133 15136
15133 15137
15133 15139
15134 15137
15135 15139
15136 15139
15136 15140
15138 15149
15138 15160
15141 15142
15141 15143
15142 15146
15143 15144
15143 15145
15143 15146
15144 15147
15145 15147
15145 15150
15147 15148
15150 16186
15151 15152
15152 16191
15152 17385
15153 15154
15155 15156
15157 16079
15161 15162
15161 15163
15162 15308
15163 15164
15163 15165
15164 15166
15165 15166
15165 15167
15166 15167
15166 15283
15168 15169
15168 15170
15168 15172
15169 15174
15170 15283
15171 15182
15172 15283
15173 15174
15173 15175
15173 15176
15174 15295
15176 15294
15176 15295
15176 15296
15179 15180
15179 15181
15180 15181
15181 15264
15182 15249
15182 15271
15183 15188
15184 15195
15184 15196
15185 15186
15185 15187
15186 15189
15187 15188
15187 15189
15191 17354
15192 16175
15192 16176
15192 16177
15194 15205
15194 15216
15195 18788
15196 15200
15196 15201
15196 15202
15197 15198
15197 15199
15197 18889
15198 15199
15198 15207
15198 15208
15199 18788
15199 18789
15199 18872
15203 15204
15203 15206
15203 15207
15204 15208
15204 15776
15204 18835
15205 15249
15206 15754
15206 18781
15209 15210
15210 15211
15210 15212
15211 15224
15212 15213
15212 15218
15212 15225
15213 15224
15213 15225
15214 15215
15214 15217
15214 15218
15216 15227
15216 15305
15220 15221
15220 15222
15222 15223
15225 15228
15227 15238
15227 19052
15229 15230
15229 15231
15229 15232
15230 15232
15231 15233
15232 15233
15234 15237
15235 15236
15236 15237
15236 15239
15238 19051
15238 19052
15239 15240
15239 15242
15239 15243
15240 15241
15241 15243
15244 15245
15244 15246
15245 15247
15246 15247
15246 15250
15247 15259
15248 15250
15248 15251
15248 15252
15250 15253
15251 15253
15251 15254
15252 15255
15252 15256
15253 15259
15254 15256
15254 15261
15255 15257
15255 15258
15256 15258
15257 15263
15257 15264
15258 15263
15259 15261
15260 15271
15260 15282
15260 15293
15261 15262
15263 15264
15265 15266
15266 15267
15267 15268
15269 15270
15269 15275
15270 15272
15272 15273
15272 15274
15274 15275
15274 15276
15274 15277
15276 15291
15280 15281
15280 15283
15280 15284
15280 15285
15283 15284
15283 15311
15285 15298
15285 15309
15285 15311
15286 15288
15286 15297
15287 15288
15290 15291
15290 15292
15290 15294
15293 15338
15294 15295
15298 15299
15298 15300
15298 15309
15299 15300
15300 15301
15300 15302
15302 15303
15302 15957
15302 15958
15303 15306
15303 15307
15303 15958
15304 15415
15304 15526
15305 16074
15306 15307
15306 16172
15308 15309
15308 15310
15309 15310
15312 15317
15312 15318
15313 15345
15313 17460
15314 15315
15316 15327
15317 15318
15317 15323
15319 15320
15319 15321
15319 15322
15319 15323
15320 15487
15322 15325
15324 15325
15324 15326
15324 15328
15325 15453
15326 15453
15326 15454
15326 15455
15327 15862
15327 15863
15328 15485
15328 15486
15329 15330
15329 15331
15329 15332
15329 16605
15329 16606
15331 15385
15333 15334
15333 15377
15333 17327
15335 15336
15335 15337
15335 15339
15335 15340
15335 15341
15335 15342
15336 15358
15337 15341
15337 15451
15338 15371
15338 15393
15338 15404
15338 15963
15339 15351
15339 15448
15340 15341
15341 15452
15342 15456
15343 15344
15343 15345
15343 15367
15344 15364
15345 15368
15346 15347
15346 15348
15346 15350
15347 15361
15348 15350
15348 15362
15351 15358
15351 15359
15351 19959
15352 15353
15352 15354
15352 19403
15353 15355
15353 15361
15354 15355
15354 15356
15354 15357
15357 15366
15357 15450
15359 15448
15359 15450
15360 15371
15360 15404
15361 15362
15362 15365
15363 15364
15363 15365
15363 15366
15364 15367
15366 15367
15366 15452
15368 15369
15368 15370
15369 15372
15371 15382
15372 15373
15372 17449
15374 15375
15374 15376
15374 15377
15375 15376
15375 15487
15378 15379
15378 15380
15378 15381
15379 15397
15380 17393
15381 15397
15383 17140
15385 15386
15386 15387
15387 16605
15388 17135
15389 15390
15389 17139
15390 17127
15390 17128
15390 17135
15391 15392
15391 15397
15393 15962
15394 15395
15394 15396
15398 15399
15398 15400
15398 15401
15400 15445
15400 19381
15401 15412
15401 15445
15402 15403
15402 15405
15402 15406
15402 15407
15403 16261
15403 16264
15404 15416
15406 15418
15407 16268
15408 15409
15408 15410
15408 15411
15408 19281
15408 19292
15409 15447
15410 15411
15410 15414
15410 15444
15410 15445
15411 15443
15412 15413
15412 15414
15412 15417
15414 15445
15414 15446
15414 15447
15417 15446
15418 15419
15418 15420
15418 15421
15421 16258
15421 16259
15422 15423
15422 15424
15422 19837
15422 19848
15425 19437
15425 19593
15425 19793
15425 19826
15426 19582
15426 19593
15426 19826
15426 19848
15427 15438
15428 15429
15429 15430
15429 15431
15430 15431
15432 19615
15433 16267
15433 19615
15434 15435
15434 15436
15434 15437
15436 16259
15439 15440
15440 15441
15440 15442
15441 15442
15443 15444
15443 19281
15444 19381
15448 15451
15449 15460
15449 15471
15450 15451
15454 20004
15457 15458
15457 15459
15457 15461
15457 17137
15458 15462
15458 15463
15459 17137
15460 15582
15460 15593
15461 15463
15462 15466
15464 15465
15464 15466
15467 15468
15467 15469
15468 15472
15470 15472
15470 15473
15471 15515
15471 15786
15474 15475
15474 15476
15477 15478
15477 15479
15480 15481
15480 15483
15480 15484
15482 15493
15482 15504
15482 15560
15488 15489
15488 15490
15488 15491
15489 15494
15489 15496
15490 15496
15492 15494
15492 15495
15492 15503
15494 15496
15494 15497
15497 15501
15497 15502
15498 15499
15498 15500
15501 15505
15502 15503
15503 15505
15504 15560
15506 15507
15506 15565
15507 15508
15507 15563
15509 15510
15509 15511
15509 15512
15512 15545
15513 15567
15515 15527
15515 15538
15515 15549
15517 15518
15517 15519
15517 15520
15517 15521
15518 15522
15521 16024
15522 15523
15522 15524
15525 15528
15525 15529
15525 15530
15526 15637
15526 15748
15527 15796
15528 15530
15531 15541
15533 15534
15533 19017
15535 15536
15535 15537
15535 15539
15538 15796
15538 18859
15539 15540
15539 15541
15540 15556
15541 15542
15541 15543
15543 15558
15547 15581
15548 15550
15548 15551
15549 15784
15549 15785
15550 15553
15550 15610
15551 15579
15551 15611
15551 15614
15552 15553
15552 15554
15553 15612
15554 15555
15554 15629
15555 15630
15556 15557
15556 15558
15557 15559
15558 15561
15558 15565
15559 15565
15560 15571
15562 15563
15562 15564
15564 15566
15565 15566
15567 15618
15567 15619
15568 15609
15568 15616
15569 15598
15569 15599
15570 15664
15572 15573
15572 15574
15573 15586
15576 15577
15578 15580
15578 15581
15579 15598
15580 15583
15580 15631
15581 15631
15582 15593
15582 15604
15583 15584
15583 15585
15583 15598
15587 15588
15587 15589
15588 15636
15589 15634
15589 15639
15590 15591
15590 15592
15590 15596
15591 15594
15592 15639
15594 15595
15594 15596
15594 15597
15597 15640
15598 15600
15599 15600
15599 15605
15600 15601
15600 15602
15601 15603
15601 15605
15602 15620
15602 15621
15603 15606
15603 15607
15604 15615
15604 15626
15605 15607
15606 15607
15606 15608
15606 15609
15608 15623
15608 15624
15609 15616
15610 15611
15610 15612
15611 15613
15612 15617
15612 15628
15613 15614
15613 15624
15614 15621
15615 15925
15617 15618
15619 15627
15620 15622
15620 15623
15621 15622
15622 15625
15623 15625
15624 15625
15626 15638
15627 15628
15627 15630
15628 15629
15629 15630
15632 15633
15634 15635
15634 15636
15637 15748
15637 15859
15638 15649
15638 15671
15639 15640
15641 15642
15641 15643
15641 15663
15642 15659
15644 15645
15644 15646
15644 15647
15645 15648
15645 15650
15651 15652
15651 15653
15654 15655
15654 15656
15654 15657
15654 15658
15659 15661
15659 15662
15659 15663
15660 15671
15660 15682
15660 15925
15665 15678
15666 15667
15666 15668
15666 15669
15669 15677
15670 15672
15670 15673
15670 15674
15672 15675
15672 15676
15673 15675
15679 15681
15680 15681
15680 15683
15682 17859
15684 15685
15686 15687
15686 15688
15686 15689
15687 15711
15687 15712
15689 15690
15690 15691
15690 15692
15691 15692
15691 15711
15693 15704
15693 15715
15693 15726
15694 15696
15694 15717
15695 15720
15696 15697
15697 15717
15697 15718
15697 15719
15698 15699
15698 15719
15699 15716
15699 15718
15700 15701
15701 15702
15701 15705
15702 15716
15703 15709
15703 15710
15705 15706
15705 15707
15708 15710
15708 15722
15709 16890
15710 15724
15710 16890
15713 15721
15716 15717
15720 15721
15722 15723
15722 15724
15724 15725
15725 16888
15725 16890
15728 15729
15728 15730
15728 15731
15730 15750
15730 15766
15731 18870
15733 15735
15735 17441
15736 15738
15736 15739
15737 15749
15737 15760
15738 18829
15739 18829
15739 18838
15739 18839
15739 18903
15740 15741
15740 15742
15740 18834
15741 15746
15741 18784
15741 18823
15742 18863
15743 15744
15743 15745
15743 18942
15744 18890
15744 18919
15745 15746
15745 18784
15745 18879
15746 15747
15746 18824
15747 18796
15747 18854
15747 18873
15747 18879
15749 15760
15750 15751
15750 15752
15750 15753
15751 18849
15753 15764
15754 15755
15754 15756
15754 15757
15756 18781
15756 18816
15757 18832
15757 18833
15758 15759
15758 15761
15758 15762
15758 15763
15759 15765
15759 18817
15762 18818
15763 15773
15763 18941
15764 15765
15766 15776
15766 15777
15766 18870
15767 15768
15767 15769
15767 15770
15767 15772
15768 18855
15768 18921
15769 18854
15769 18855
15769 18856
15770 18856
15770 18910
15771 15782
15771 15793
15772 18908
15772 18925
15772 18927
15772 18930
15773 15774
15773 15775
15773 18944
15774 18779
15774 18927
15775 18930
15775 18939
15776 15777
15778 15779
15778 15780
15778 15781
15779 18917
15780 18910
15781 18890
15782 19704
15783 15784
15783 15790
15783 18859
15784 15785
15785 15786
15786 15795
15787 15788
15787 15789
15787 18748
15788 15791
15788 15795
15788 15930
15789 15790
15789 15795
15790 18748
15791 15792
15791 15794
15792 15923
15792 15924
15793 19448
15793 19671
15794 15795
15797 15955
15799 15800
15799 15976
15801 15802
15801 15803
15801 15805
15802 15806
15802 15820
15803 15809
15803 15810
15804 15815
15804 15826
15805 15822
15805 15901
15806 15807
15806 15808
15807 15820
15807 15947
15808 15945
15809 15818
15809 15820
15810 15901
15811 15818
15812 15813
15812 15814
15812 15816
15812 15817
15813 15898
15813 15906
15814 15899
15814 15901
15815 15871
15816 15892
15816 15898
15816 15899
15817 15906
15818 15819
15821 15947
15822 15823
15824 15825
15824 15827
15824 17371
15825 16607
15825 16608
15825 17438
15826 15837
15826 15871
15827 16610
15828 15829
15828 15830
15830 15833
15831 15832
15831 15833
15832 15833
15834 15835
15835 15836
15835 15838
15836 15842
15837 15848
15837 15860
15838 15840
15838 15842
15839 15842
15840 15841
15841 20093
15843 15844
15844 15845
15845 15846
15845 15847
15846 15849
15846 19075
15847 19053
15847 19054
15850 16068
15850 16071
15851 16072
15853 16069
15855 15856
15856 15857
15859 15970
15860 16224
15860 16225
15861 15862
15864 15885
15864 16634
15865 15883
15865 15943
15866 15867
15866 15868
15866 15869
15867 15888
15867 15889
15867 15890
15868 15890
15869 15889
15869 15901
15870 15872
15870 15873
15872 15874
15872 15875
15873 15874
15874 15876
15876 15877
15876 15878
15876 15879
15877 15880
15877 15881
15877 15888
15878 15880
15878 15902
15878 15941
15879 15888
15879 15890
15880 17147
15881 15895
15881 15900
15881 15907
15882 15893
15882 15904
15883 15884
15883 15885
15884 15886
15884 15887
15885 15886
15887 15901
15888 15900
15889 15899
15889 15900
15889 15901
15891 15892
15891 15894
15891 15895
15892 15896
15892 15897
15894 15896
15894 15905
15895 15897
15896 15898
15896 15905
15897 15899
15897 15900
15902 15903
15903 15940
15903 15941
15904 15926
15907 15908
15907 17147
15908 17149
15908 17150
15909 15910
15909 15911
15909 15916
15910 15912
15911 17970
15912 15913
15913 17970
15914 15916
15914 15917
15914 15918
15915 15926
15916 15921
15917 15918
15917 15920
15917 15921
15919 15920
15919 17526
15920 17748
15922 15923
15922 15924
15923 15925
15927 15928
15927 15929
15932 17859
15933 15934
15933 15935
15934 15938
15934 15940
15935 15936
15935 15938
15936 15938
15936 15939
15937 15948
15937 15959
15937 15971
15938 15939
15942 15943
15942 15944
15945 15946
15948 15982
15948 15993
15949 15950
15949 15951
15949 16637
15952 15953
15952 15954
15952 15955
15955 15956
15959 16238
15959 16626
15962 15964
15965 15966
15969 15973
15972 20193
15973 20215
15974 15975
15975 15977
15976 15978
15978 15979
15978 16054
15982 16004
15982 16082
15982 16137
15983 15984
15985 15992
15986 15987
15986 15988
15986 15989
15987 15990
15987 16008
15988 15991
15988 16007
15989 15990
15989 15991
15991 16007
15993 16148
15994 15995
15994 15996
15994 15997
15994 15998
15995 16005
15995 16012
15996 16011
15996 16013
15997 16002
15997 16005
15998 15999
15999 16000
16000 16003
16001 16002
16001 16003
16001 16014
16002 16006
16004 16015
16004 16026
16004 16037
16005 16006
16008 16010
16009 16010
16011 16012
16014 16016
16014 16017
16015 16026
16015 16194
16016 16017
16019 16020
16020 16021
16020 16022
16021 16023
16023 16024
16024 16025
16024 16027
16026 16159
16028 16034
16029 16030
16029 16031
16030 16110
16032 16033
16032 17146
16034 17130
16034 17146
16037 16048
16037 16115
16037 16194
16040 16041
16040 16056
16041 16042
16041 16056
16043 16056
16044 16045
16044 16046
16044 16047
16046 16049
16046 16056
16048 16059
16048 16070
16048 16082
16049 16050
16049 16056
16051 16052
16051 16053
16051 16057
16052 16054
16053 16057
16054 16055
16059 16238
16059 16249
16060 16061
16060 20159
16060 20181
16062 16063
16062 16064
16062 16065
16062 16066
16064 16072
16064 16073
16065 16069
16066 16067
16066 16071
16067 16068
16067 16072
16068 16088
16069 16071
16070 16093
16070 16104
16073 19085
16074 16075
16075 16086
16076 16078
16077 16078
16080 16083
16081 16193
16082 16238
16086 16087
16087 16088
16090 16091
16090 16092
16090 18785
16090 18800
16091 18867
16091 18932
16092 16094
16092 16095
16092 16096
16093 16249
16093 16260
16094 16103
16095 16097
16095 18681
16095 18932
16096 16097
16097 18680
16098 16103
16098 16105
16099 16100
16099 16101
16099 16102
16100 18728
16100 18741
16101 18740
16101 18741
16103 16106
16103 18801
16104 16115
16104 16126
16105 16106
16105 16107
16106 16108
16107 16108
16108 18805
16112 16113
16112 16114
16115 16205
16115 16305
16118 16119
16118 16120
16118 16121
16119 18687
16120 16123
16120 16124
16122 16128
16123 16151
16123 18687
16123 18950
16124 16147
16124 18643
16125 16127
16126 16260
16126 16293
16128 18646
16128 18655
16129 18755
16130 18685
16130 18755
16131 18685
16131 18686
16132 18686
16132 18775
16133 16134
16133 16135
16134 16136
16134 16139
16136 16138
16136 16139
16137 16148
16137 16159
16138 18897
16139 18898
16140 18683
16140 18719
16141 18717
16141 18775
16142 16143
16142 16144
16142 16145
16142 16146
16143 18721
16144 18680
16144 18745
16145 18680
16146 18743
16146 18756
16147 16149
16147 18947
16148 16170
16149 16150
16149 18643
16149 18949
16150 16157
16150 18616
16151 16152
16151 16153
16152 18767
16152 18776
16153 18687
16153 18695
16154 18742
16155 16156
16155 16157
16155 18624
16156 18620
16156 18624
16157 18634
16158 16814
16158 19095
16159 16170
16160 16161
16160 16162
16160 16163
16161 16167
16161 16797
16161 16802
16162 16802
16162 16803
16163 16794
16163 16797
16164 16165
16164 16166
16164 16167
16164 16168
16165 16817
16165 16820
16166 16810
16166 16821
16167 16800
16167 16809
16168 16813
16168 16817
16169 16820
16170 16181
16172 16173
16172 16174
16173 16174
16180 16182
16180 16183
16180 16184
16181 16471
16181 16538
16181 16549
16182 16184
16182 16196
16183 16188
16183 16189
16184 16185
16184 16188
16185 16186
16185 16187
16186 16187
16187 16190
16188 16190
16189 16195
16191 16195
16192 17303
16192 18414
16194 16205
16194 16227
16197 16198
16197 16199
16197 16200
16198 16199
16199 17384
16201 16202
16201 16203
16201 16204
16202 17361
16202 17369
16204 17359
16204 17384
16205 16216
16205 16227
16206 16207
16206 16208
16207 16209
16207 16210
16208 16211
16209 18837
16210 16211
16211 16212
16214 16215
16214 16233
16215 16230
16216 16282
16216 16305
16216 16338
16217 16218
16217 16219
16219 16993
16220 16221
16221 16222
16222 17048
16222 17104
16223 17048
16224 16226
16224 16228
16227 16271
16227 16282
16229 18837
16230 16231
16230 16232
16231 16232
16231 16233
16234 16235
16237 16239
16239 16240
16241 16242
16243 16244
16243 16245
16243 16246
16245 16246
16247 16250
16248 16250
16248 16253
16248 16254
16250 16251
16250 16253
16251 16256
16252 16279
16252 20426
16253 16254
16253 16255
16253 16256
16253 17123
16253 20426
16254 16257
16254 16281
16255 16284
16255 17123
16256 20403
16257 16333
16257 16336
16260 16316
16261 16262
16261 16263
16262 16265
16262 16266
16263 16266
16265 16267
16267 19626
16268 16269
16268 16270
16269 16270
16271 16371
16271 16427
16272 16273
16273 20259
16274 20248
16274 20259
16275 16276
16275 16277
16275 17121
16276 16278
16277 16278
16278 16279
16279 16280
16280 17122
16281 16301
16281 16323
16281 16375
16282 16349
16282 16360
16283 16284
16283 16285
16283 16286
16283 16287
16285 16294
16285 16350
16286 16336
16287 16341
16287 16346
16288 16289
16288 16320
16288 16326
16289 16387
16289 16408
16290 16291
16290 16292
16290 16294
16290 16295
16291 16384
16291 16385
16292 16306
16292 16307
16293 16305
16293 16316
16294 16355
16296 16297
16296 16298
16296 16299
16297 16320
16297 16321
16298 16381
16299 16367
16299 16376
16300 16301
16300 16302
16300 16303
16301 16324
16301 16325
16302 16340
16302 16352
16303 16374
16303 16377
16304 16415
16304 16526
16304 16637
16305 16327
16306 16353
16306 16355
16307 16357
16307 16384
16308 16309
16308 16310
16308 16311
16309 16379
16309 16381
16310 16330
16311 16328
16311 16329
16312 16313
16312 17122
16312 20392
16313 16314
16313 16315
16313 16317
16314 17121
16315 16417
16315 16421
16316 16416
16317 16318
16317 16319
16317 16424
16318 16423
16321 16322
16321 16323
16322 16368
16322 16370
16322 16372
16323 16372
16323 16375
16324 16373
16324 16374
16324 16375
16325 16335
16325 16337
16326 16388
16327 16393
16327 16416
16328 16330
16328 16331
16328 16332
16329 16356
16329 16392
16330 16389
16330 16390
16331 16392
16331 16394
16331 16395
16332 16389
16332 16395
16333 16334
16333 16335
16334 16341
16334 16342
16335 16342
16337 16339
16337 16340
16338 16349
16338 16393
16339 16343
16339 16344
16340 16348
16341 16345
16342 16344
16343 16347
16343 16348
16344 16345
16345 16346
16346 16347
16347 16350
16348 16351
16349 16360
16350 16351
16351 16353
16351 16355
16352 16353
16352 16354
16354 16358
16354 16378
16356 16357
16356 16358
16357 16383
16358 16379
16359 16361
16360 16371
16361 16362
16362 16364
16364 16365
16364 16366
16365 17350
16366 17350
16367 16368
16367 16369
16369 16370
16369 16374
16369 16376
16370 16372
16371 16382
16372 16373
16373 16374
16376 16377
16377 16378
16378 16380
16379 16380
16382 16460
16382 16493
16383 16384
16383 16385
16385 16396
16385 16400
16386 16387
16386 16388
16386 16389
16386 16403
16387 16406
16387 16409
16388 16390
16388 16391
16392 16394
16393 16404
16394 16396
16394 16397
16395 16401
16396 16398
16397 16398
16397 16399
16398 16423
16398 16424
16399 16401
16399 16405
16400 16424
16401 16402
16402 16403
16402 16405
16403 16409
16403 16418
16406 16407
16406 16408
16407 16412
16409 16410
16409 16422
16410 16411
16410 16412
16410 16413
16411 16422
16412 16414
16415 16748
16417 16418
16419 16420
16419 16421
16419 16422
16425 16426
16425 16428
16426 16475
16427 16438
16427 16460
16428 16512
16429 16430
16429 16431
16429 16483
16430 16479
16431 16470
16431 16478
16431 16479
16432 16433
16432 16434
16432 16435
16435 16580
16435 16581
16435 16583
16436 16437
16436 16439
16436 16465
16437 16440
16437 19715
16438 16449
16438 16460
16439 16464
16440 19693
16440 19715
16441 16442
16441 16443
16442 16446
16442 16454
16443 16464
16443 16465
16444 16445
16444 16446
16445 16455
16447 16448
16447 16450
16447 16452
16447 17571
16449 16471
16449 16504
16451 17188
16451 17571
16452 17571
16453 17571
16455 16456
16457 16458
16457 16459
16458 16461
16458 16462
16459 16461
16461 16463
16462 16480
16462 16481
16462 16483
16464 16465
16466 16467
16466 16468
16466 16469
16467 16474
16467 16513
16468 16470
16468 16472
16468 16473
16469 16490
16470 16476
16471 16482
16472 16487
16473 16474
16473 16475
16475 16476
16476 16477
16477 16479
16482 16504
16482 16538
16482 16593
16484 16485
16484 16486
16484 16487
16485 16488
16486 16488
16486 16489
16486 16490
16488 17549
16489 16490
16489 17549
16491 16492
16491 16494
16491 16495
16491 16499
16491 16500
16492 16495
16492 19549
16493 16504
16493 16515
16494 16524
16495 16509
16495 16510
16496 16497
16496 16498
16496 16499
16496 16500
16497 16501
16497 16502
16497 16507
16498 16502
16499 16507
16501 16503
16501 16505
16503 16506
16504 16527
16505 16506
16505 16507
16505 16508
16510 16511
16510 16512
16514 17549
16515 16527
16516 16517
16516 16518
16516 16519
16516 19560
16517 16520
16517 16524
16518 16521
16518 16523
16519 16520
16519 16521
16519 16522
16523 16532
16523 16533
16523 16535
16524 19560
16525 16528
16525 16529
16527 16593
16530 16531
16530 16532
16530 16533
16530 16534
16531 16534
16531 16536
16532 16543
16533 16536
16533 19560
16534 16543
16534 17504
16535 17493
16536 19538
16537 16540
16537 19527
16538 16549
16538 16582
16539 16541
16539 19527
16540 16542
16540 19503
16541 19459
16541 19503
16542 19804
16544 16545
16544 16546
16544 16547
16544 16548
16545 16548
16545 16558
16546 16547
16546 16550
16546 16559
16547 16551
16549 16560
16550 16551
16550 16552
16550 16553
16551 16585
16552 16559
16552 16564
16552 16584
16554 16555
16554 16556
16554 16557
16555 16586
16556 16581
16556 16586
16558 16559
16558 16561
16559 16562
16560 16582
16561 16562
16561 16563
16561 18948
16562 16564
16562 16587
16564 16565
16564 16566
16565 16566
16565 18993
16567 16568
16567 16569
16567 19037
16568 16598
16569 16570
16569 16572
16570 16572
16570 16573
16571 16582
16571 16593
16571 16604
16571 16615
16574 16575
16574 16576
16574 16577
16574 16578
16574 16579
16576 16577
16578 16590
16578 16591
16580 16586
16581 16586
16587 18982
16587 18993
16588 19204
16588 19215
16589 19215
16592 16594
16592 16595
16592 16596
16593 16638
16596 16597
16597 16598
16597 16599
16598 16600
16599 16600
16601 16602
16601 16603
16605 16606
16605 16609
16606 16607
16607 17438
16608 16609
16608 16610
16611 16612
16611 16613
16611 16614
16613 16614
16613 16616
16617 17474
16618 16619
16618 16620
16621 16622
16621 16623
16624 16625
16624 16627
16627 17240
16628 16629
16629 17232
16630 16631
16630 16632
16632 17201
16635 16636
16639 16640
16639 16641
16641 16642
16642 16643
16644 16645
16646 16647
16646 16648
16646 16650
16649 16660
16649 16671
16649 16682
16651 16652
16651 16653
16652 16657
16654 16655
16654 16656
16655 16657
16655 16659
16656 16659
16657 16658
16661 16662
16661 16663
16662 20292
16663 16669
16663 16672
16664 16787
16664 20281
16665 16666
16665 16667
16666 16683
16666 16684
16667 16668
16668 16683
16668 16790
16668 20281
16668 20304
16669 16674
16669 16675
16670 16676
16670 16688
16670 20270
16671 16771
16671 16782
16672 20270
16672 20281
16673 16676
16673 16688
16673 20304
16674 17032
16674 19634
16675 16677
16675 16689
16676 16680
16677 16678
16677 16680
16678 17321
16678 17323
16679 16680
16679 16681
16679 17022
16681 17006
16683 16684
16684 16685
16685 16687
16685 19627
16686 16687
16686 16695
16686 19655
16686 19656
16687 19680
16689 16690
16689 17321
16690 17011
16691 16692
16691 16694
16691 16695
16691 19640
16691 19655
16692 18428
16692 18431
16693 16704
16693 16715
16693 16726
16694 20130
16695 19664
16696 16697
16696 16698
16696 16709
16696 16998
16697 19936
16697 20433
16698 20433
16698 20451
16699 16700
16699 20450
16700 16953
16700 16954
16700 16962
16701 19429
16702 16703
16702 16705
16702 18451
16702 18484
16703 16706
16703 16745
16703 16746
16705 16706
16705 18451
16705 18511
16706 16776
16706 16777
16707 16708
16707 16709
16707 19952
16707 20479
16708 20485
16709 16710
16709 16711
16710 16711
16710 19399
16711 16714
16711 19441
16712 18561
16712 19430
16713 19396
16713 19429
16713 19430
16714 19442
16714 20431
16715 16771
16716 16717
16716 16718
16716 16719
16717 19468
16717 19474
16718 19468
16719 20456
16720 16721
16720 16722
16720 16723
16721 16897
16721 16898
16722 19390
16722 19391
16722 19409
16722 19460
16722 19465
16722 19472
16723 18561
16723 19472
16724 16725
16724 16727
16724 16728
16725 18472
16725 18518
16725 19941
16727 16773
16727 18472
16728 18454
16729 16730
16729 16731
16729 16732
16729 16733
16730 18533
16730 19934
16730 19941
16731 16733
16731 16738
16731 18533
16732 18463
16732 19934
16733 16734
16734 16735
16734 16736
16734 18463
16735 16736
16735 16772
16736 16738
16736 16739
16737 16749
16737 16760
16738 16741
16738 16742
16739 16740
16739 16741
16740 16747
16740 16772
16740 19961
16741 16743
16741 16744
16742 16773
16742 19942
16743 16745
16743 16746
16743 16747
16744 16746
16744 16770
16744 16774
16745 16750
16745 16751
16746 18485
16747 16754
16748 16859
16748 16970
16750 16752
16751 16754
16751 16756
16752 16753
16752 16756
16753 16776
16754 16755
16755 16768
16755 19960
16756 16769
16757 16758
16757 16759
16757 16761
16759 18506
16759 18542
16761 16762
16762 16763
16762 16764
16762 16765
16763 18468
16763 18470
16764 16766
16764 18510
16764 18543
16765 18474
16766 16767
16768 16769
16768 16973
16768 19936
16768 19960
16770 16774
16770 18461
16770 18462
16772 19932
16773 16774
16773 18456
16773 19942
16777 18544
16778 16779
16778 16780
16779 20440
16781 16783
16781 16784
16781 16785
16783 20431
16783 20436
16784 20439
16785 20435
16785 20455
16786 16787
16786 16788
16786 16789
16787 16790
16789 16791
16789 20592
16790 16791
16791 20592
16792 16794
16792 16796
16793 16804
16793 16815
16794 16795
16795 16796
16795 16803
16795 16806
16796 16807
16797 16798
16798 16799
16798 16800
16799 16811
16799 16825
16800 16811
16801 16802
16801 16803
16801 16805
16802 16808
16802 16809
16803 16806
16805 16808
16805 16813
16806 16807
16808 16809
16810 16811
16810 16812
16812 16822
16812 16824
16813 16814
16813 16816
16814 19072
16816 16819
16816 19072
16817 16818
16818 16819
16818 16820
16819 19107
16820 16821
16821 16822
16822 16823
16823 16824
16823 16825
16824 16825
16826 16837
16826 16848
16826 16882
16827 16828
16827 16829
16827 16830
16829 16861
16830 16865
16831 16833
16831 16834
16832 16835
16832 16862
16832 16863
16834 16838
16835 16836
16835 16845
16836 16838
16836 16841
16838 16839
16839 16840
16840 16841
16840 16842
16840 16847
16841 16845
16842 16843
16842 16844
16843 16847
16843 16854
16844 19066
16844 19067
16844 20393
16845 16846
16846 16872
16849 16850
16849 16851
16849 16852
16850 19078
16851 16853
16852 16853
16852 16854
16856 16857
16856 16858
16856 16861
16857 16863
16857 16873
16858 16863
16858 16864
16859 17081
16860 16871
16860 16882
16861 16862
16862 16864
16863 16864
16865 16869
16866 16867
16866 16868
16866 16869
16867 16876
16867 16884
16868 16881
16868 16884
16869 16875
16870 16874
16872 16873
16874 16878
16875 16876
16875 16879
16877 16880
16878 16879
16878 16880
16881 16883
16883 16885
16883 16886
16884 16885
16888 16889
16889 16890
16891 16892
16891 16894
16893 16904
16893 16915
16893 16926
16897 19460
16898 16903
16898 16991
16899 16900
16899 16901
16899 16902
16899 16903
16900 18559
16900 18601
16901 16984
16901 16992
16901 16994
16902 16905
16902 19416
16903 16992
16906 18565
16907 16995
16907 19416
16908 16909
16909 19574
16909 19578
16910 16911
16910 16912
16910 16913
16912 18213
16913 18213
16913 20196
16914 16916
16914 16917
16914 16918
16916 16918
16916 17725
16917 18113
16917 18138
16917 19802
16918 16919
16919 17678
16919 17691
16920 16921
16920 16922
16920 16923
16920 16924
16921 16925
16922 17661
16922 17665
16922 17698
16923 17992
16923 17996
16924 17677
16924 17690
16924 17701
16925 16927
16927 17080
16927 17663
16928 17965
16929 17101
16929 17105
16929 17953
16930 16931
16930 16932
16930 17089
16930 17090
16931 19367
16932 17788
16932 19360
16932 19361
16932 19851
16933 16934
16933 16935
16934 18030
16935 18012
16935 19857
16936 16938
16936 16939
16936 16940
16937 16948
16937 16959
16938 18279
16938 19353
16939 18268
16939 18279
16940 18264
16940 19309
16941 16942
16941 16943
16941 19773
16942 19701
16943 19784
16944 16945
16944 20307
16944 20365
16946 16947
16949 16951
16949 20520
16949 20542
16949 20556
16950 16951
16950 16952
16950 20556
16953 16955
16953 16956
16953 16964
16954 16956
16954 16965
16955 16957
16956 16961
16956 16965
16957 16958
16957 16960
16957 16961
16961 16968
16962 16963
16962 16964
16963 16972
16963 20450
16964 16972
16965 16969
16966 16967
16967 16968
16967 16969
16968 16976
16971 16982
16971 16993
16972 16973
16972 16974
16975 16976
16975 16980
16975 18498
16977 16978
16977 16979
16977 16980
16978 18481
16978 18490
16979 18519
16980 18473
16981 16984
16981 16995
16983 19451
16984 16987
16984 19467
16985 16986
16985 16987
16985 16988
16986 16991
16987 19467
16988 16989
16988 16990
16989 19451
16989 19471
16990 19451
16990 19467
16991 16992
16994 16995
16994 19416
16996 16997
16996 18566
16997 18564
16998 19952
16998 20479
16999 17000
17000 18455
17001 17002
17001 17003
17002 19897
17002 19898
17003 19898
17003 19923
17004 17015
17004 17026
17005 17006
17005 17007
17005 17008
17006 17018
17006 17020
17007 17322
17008 17013
17008 17320
17009 17010
17009 17011
17009 17012
17009 17013
17010 17014
17010 17018
17010 17019
17012 17016
17013 17018
17014 17016
17014 17017
17016 17038
17017 17019
17017 17033
17017 17042
17018 17019
17019 17043
17020 17021
17020 17046
17021 17022
17021 17023
17022 19630
17023 17024
17023 19630
17024 17025
17024 17027
17024 19613
17025 17028
17025 17045
17027 17045
17027 17046
17028 17031
17028 17067
17029 17030
17029 17031
17030 17066
17030 17067
17030 17068
17031 19614
17032 19614
17032 19630
17032 19634
17032 19651
17032 19678
17033 17034
17033 17035
17033 17036
17034 17044
17034 17324
17035 17042
17035 17056
17036 17056
17036 17057
17037 17048
17037 17281
17037 17292
17038 19644
17039 17040
17039 17041
17040 17050
17040 17908
17040 17909
17041 17056
17041 17058
17041 17060
17042 17060
17043 17044
17044 17045
17044 17922
17047 17049
17047 17050
17047 17051
17048 17104
17049 18197
17049 18200
17050 17908
17051 17924
17051 17928
17052 17053
17052 17054
17052 17055
17053 17057
17053 17063
17054 17066
17054 18202
17054 18203
17055 17061
17055 18206
17057 17058
17058 17063
17059 17070
17059 17104
17060 17909
17060 17919
17061 17062
17061 17063
17061 17064
17062 18201
17062 18206
17064 18200
17064 18201
17065 19552
17066 17922
17068 18203
17069 17073
17069 17077
17070 17082
17070 17093
17071 17077
17071 17078
17072 17073
17072 17074
17073 17074
17073 17075
17074 17076
17074 17077
17075 17857
17076 17078
17079 17080
17080 17667
17081 17192
17082 17248
17082 17327
17083 17683
17083 17703
17084 17085
17084 17086
17084 17087
17084 17088
17085 17090
17085 19358
17086 17951
17086 17952
17087 17096
17087 17960
17088 17089
17088 17103
17089 18007
17089 19361
17090 19358
17091 17092
17091 17094
17091 17095
17092 18049
17092 18065
17092 18066
17093 17404
17093 17427
17094 17096
17094 17098
17095 17097
17095 17961
17096 17097
17096 17098
17097 17960
17098 18050
17098 18107
17098 19358
17099 17100
17099 17101
17099 17102
17099 17103
17100 17102
17100 17973
17101 17965
17102 17105
17103 17951
17103 17976
17105 17106
17106 17944
17106 17975
17107 17108
17107 17109
17107 17110
17108 17116
17110 17114
17110 17116
17111 17112
17111 17113
17112 17119
17114 17117
17115 17126
17115 17137
17115 17148
17117 17118
17117 17125
17119 17120
17121 17122
17122 17123
17123 20381
17124 17125
17128 17136
17129 17130
17129 17145
17130 17145
17132 17133
17134 17135
17136 17138
17136 17141
17139 17140
17143 17177
17145 17146
17148 17204
17152 17157
17154 17155
17154 17156
17154 17164
17155 17156
17155 17160
17155 17161
17156 17162
17157 17162
17158 17163
17159 17170
17159 17181
17159 17193
17163 17165
17164 17165
17166 17171
17167 17169
17168 17169
17168 17177
17168 17178
17169 17177
17171 17182
17172 17173
17172 17174
17172 17175
17173 17176
17175 17176
17178 17180
17181 17193
17181 17215
17183 17184
17183 17185
17183 17233
17184 17186
17184 17187
17185 17254
17185 17255
17185 17257
17186 17258
17186 17260
17187 17201
17187 17258
17189 17190
17189 17191
17189 17194
17190 17206
17190 17207
17190 17208
17191 17206
17191 17212
17192 17304
17192 17415
17193 17204
17194 17211
17194 17214
17195 17196
17195 17197
17195 17198
17196 17199
17196 17211
17198 17199
17199 17200
17200 17203
17200 17205
17201 17202
17203 17216
17205 17211
17205 17213
17206 17209
17206 17210
17209 17222
17209 17231
17210 17218
17210 17221
17211 17212
17212 17213
17216 17217
17216 17218
17217 17219
17217 17220
17218 17219
17219 17220
17220 17626
17221 17222
17221 17626
17222 17223
17224 17225
17224 17227
17224 17582
17226 17237
17228 17229
17228 17230
17228 17582
17232 17615
17233 17262
17234 17235
17234 17236
17234 17238
17234 17239
17235 17239
17237 17471
17237 17493
17237 17504
17237 17515
17237 19392
17241 17242
17241 17243
17244 17245
17244 17246
17244 17247
17245 17252
17247 17252
17247 17253
17248 17270
17248 17292
17249 17250
17249 17251
17250 17251
17254 17255
17254 17256
17255 17260
17256 17257
17257 17262
17258 17260
17258 17261
17259 17270
17259 17281
17259 17338
17263 17264
17263 17267
17263 17295
17264 17265
17264 17266
17265 17268
17265 17272
17265 17286
17266 17269
17266 17271
17267 17268
17269 17273
17269 17274
17270 17292
17270 17305
17270 17382
17270 17416
17271 17339
17272 17291
17272 17293
17273 17294
17273 17295
17274 18373
17274 18374
17275 17276
17275 17277
17275 17278
17275 17283
17276 17283
17277 17294
17278 17285
17278 17311
17279 17280
17279 17282
17279 17343
17280 18374
17281 17416
17282 17343
17282 17344
17283 17284
17284 17325
17284 17326
17284 17328
17285 17286
17285 17287
17286 17290
17287 17288
17287 17342
17288 17289
17288 17290
17289 17340
17290 17291
17291 20583
17292 17316
17292 17382
17293 17337
17293 17339
17294 18371
17296 17297
17296 17298
17296 17299
17297 17300
17298 17312
17299 17342
17300 17301
17300 17302
17300 17306
17301 17306
17301 17307
17301 17308
17302 17307
17305 17360
17305 17416
17306 17309
17306 17310
17307 17314
17308 17310
17311 17312
17311 17313
17312 17313
17314 17315
17316 17393
17317 17318
17317 17319
17319 19566
17320 17321
17320 17322
17322 17323
17324 19666
17325 17329
17325 17332
17328 17329
17328 17330
17329 17331
17330 18354
17331 18355
17331 18377
17333 17334
17333 17335
17333 17336
17334 18368
17337 17343
17338 17349
17340 17341
17341 20582
17345 17346
17347 17348
17349 17427
17351 17352
17354 17391
17355 17356
17355 17357
17356 17358
17359 17361
17359 17362
17360 17371
17361 17362
17363 17364
17363 17365
17363 17366
17364 17368
17364 17372
17364 17376
17365 17370
17365 17376
17366 17372
17366 17375
17368 17372
17369 17406
17371 17382
17373 17374
17373 17375
17377 17378
17377 17379
17377 17380
17380 17381
17380 17383
17385 17386
17385 17387
17388 17389
17388 17390
17388 17391
17389 17395
17389 17399
17390 17392
17390 17417
17391 17399
17392 17394
17392 17395
17392 17396
17394 17401
17394 17407
17395 17401
17396 17407
17396 17408
17397 17398
17397 18654
17398 17413
17399 17400
17400 17401
17400 17402
17401 17402
17402 17410
17402 17411
17403 17405
17403 17406
17404 17416
17404 17427
17405 17413
17405 17429
17407 17411
17407 17426
17408 17417
17408 17426
17409 17410
17409 17411
17409 17412
17412 17424
17412 17436
17413 17414
17413 17420
17413 17429
17414 17420
17414 17428
17415 17526
17417 17425
17418 17419
17418 17420
17418 17421
17419 17422
17419 17428
17421 17422
17422 17423
17424 17425
17424 17426
17424 17439
17425 17429
17427 17438
17430 17431
17430 17432
17432 17433
17432 18588
17433 17434
17433 17435
17434 18574
17436 17437
17436 17439
17442 17443
17442 17444
17442 17445
17442 17446
17443 20066
17444 19165
17446 19134
17446 20056
17447 17448
17447 17450
17447 17451
17447 17452
17448 17452
17448 19985
17449 17460
17450 20008
17451 19209
17451 20034
17452 19997
17453 17454
17453 17455
17456 17457
17456 17458
17456 17475
17456 17490
17457 20295
17458 17461
17458 17463
17458 20396
17459 17461
17459 17462
17459 17463
17459 17464
17461 17469
17461 17470
17462 17465
17462 17492
17462 17495
17463 17492
17464 17469
17464 17495
17465 17466
17465 17467
17465 17468
17466 17492
17466 17494
17467 17476
17467 17513
17467 17520
17469 17518
17470 17489
17470 17510
17470 17518
17471 17482
17472 17473
17472 17474
17472 17475
17473 17490
17473 17491
17475 20296
17476 17477
17476 17478
17477 17498
17477 17522
17478 17496
17478 17497
17479 17480
17479 17481
17479 17483
17480 17502
17480 17528
17483 17502
17483 17524
17484 17485
17484 17486
17484 17487
17484 17488
17485 17502
17485 17524
17486 17519
17486 17524
17487 17514
17487 17516
17487 17519
17488 17500
17488 17501
17489 17490
17489 17491
17491 17512
17492 17503
17493 17504
17494 17521
17494 20234
17495 17513
17496 17498
17496 17499
17497 20203
17497 20230
17498 17499
17499 20230
17499 20232
17500 17525
17501 17514
17501 17525
17503 17505
17503 17506
17503 20385
17504 19782
17505 17521
17506 20402
17507 17508
17507 17509
17507 20201
17510 17511
17510 17512
17511 17517
17511 17518
17512 17517
17513 17514
17513 17516
17515 17527
17516 17518
17516 17523
17517 17523
17519 17523
17520 20201
17521 17545
17526 17637
17529 17530
17529 17531
17529 17532
17530 20242
17531 17543
17532 20347
17533 17534
17533 17535
17533 17536
17534 17540
17535 17540
17535 20199
17536 17537
17536 17539
17537 17539
17537 20492
17538 17549
17538 17560
17538 17571
17539 17542
17540 17541
17541 17545
17541 17548
17542 20212
17542 20514
17543 17544
17543 17545
17543 20231
17544 20290
17546 17547
17546 17548
17546 17550
17550 20323
17551 17563
17551 17568
17551 17575
17552 17553
17552 17554
17552 17555
17553 17554
17553 17562
17554 17569
17554 17573
17554 20166
17555 17579
17556 17557
17556 17558
17556 17559
17557 17558
17557 17563
17558 17577
17559 17561
17559 17570
17561 17565
17562 17573
17562 18344
17562 19294
17563 17564
17564 17579
17565 17566
17565 17567
17565 17576
17566 18316
17567 17568
17568 17569
17569 17578
17570 17572
17572 17577
17574 17575
17575 17576
17578 20166
17580 17581
17580 17583
17581 17591
17581 17592
17581 17594
17582 17593
17582 17604
17583 17605
17583 17606
17584 17585
17584 17586
17584 17587
17585 17588
17585 17597
17586 17590
17586 17595
17587 17590
17588 17589
17591 19501
17591 19504
17592 18342
17592 19501
17593 17615
17593 17626
17594 17606
17594 18353
17595 17597
17596 17597
17598 17599
17598 17600
17599 20183
17601 17602
17601 17603
17601 17605
17603 18351
17603 20188
17606 20142
17607 17608
17607 17609
17608 17640
17609 19255
17610 17611
17610 17612
17610 17613
17611 17623
17611 17642
17612 17624
17612 17645
17613 17623
17613 17645
17614 17616
17614 17630
17614 17647
17616 19238
17617 17618
17617 17619
17617 17632
17618 18316
17620 17621
17620 17622
17620 19508
17621 19263
17622 17650
17622 17651
17622 20160
17624 17625
17624 17627
17625 19278
17627 20185
17628 17629
17628 17630
17631 17632
17631 17633
17633 17647
17634 17635
17634 17636
17634 17639
17635 17641
17636 19223
17636 19291
17637 17748
17638 17649
17638 17660
17639 19238
17640 17641
17640 17643
17640 17644
17642 19240
17643 17646
17644 20167
17644 20179
17645 20185
17646 19241
17646 19278
17647 17648
17651 20161
17651 20177
17652 17654
17652 17687
17653 17687
17654 17685
17654 17703
17655 17656
17655 17657
17655 17658
17656 17709
17656 20370
17657 17688
17657 17689
17658 17679
17658 17710
17659 17661
17659 17662
17659 17663
17660 17671
17661 17680
17661 17698
17662 17667
17662 17686
17663 17698
17664 17665
17664 17666
17664 17680
17664 17710
17665 17690
17666 17690
17666 17694
17666 17707
17667 17719
17667 18043
17668 17709
17668 20370
17669 17670
17669 17672
17669 17673
17669 17674
17670 17688
17670 17699
17672 17694
17672 17706
17673 17699
17673 19807
17673 20326
17674 19807
17674 19809
17675 17676
17675 17677
17675 17678
17676 17691
17676 17692
17677 17695
17677 17711
17678 17711
17678 17714
17679 17680
17679 17681
17681 17750
17682 17693
17682 17704
17683 17684
17683 17685
17683 17969
17684 17685
17684 17702
17685 17702
17686 17719
17686 17750
17687 19774
17688 17705
17688 17713
17689 17705
17689 20326
17691 17697
17691 17712
17692 17695
17692 17697
17694 17713
17695 17696
17696 17700
17697 19820
17699 17705
17700 17701
17700 18095
17701 17996
17702 18098
17706 17707
17706 17708
17707 17711
17707 17714
17708 17714
17708 17755
17708 19809
17709 17731
17709 17738
17710 17713
17712 18111
17712 19819
17714 17725
17715 17726
17716 17717
17716 17718
17717 17718
17718 17744
17719 17720
17720 17747
17720 17750
17721 18638
17721 18649
17721 18671
17722 17723
17722 17724
17723 17730
17723 17752
17724 17791
17724 17912
17725 17755
17726 17737
17726 17815
17727 17728
17727 17729
17727 17730
17728 17734
17728 17735
17729 17734
17729 17739
17730 17735
17731 17732
17731 17733
17732 19854
17733 17738
17733 19362
17735 17752
17736 18749
17738 17754
17739 17742
17741 18071
17741 19855
17742 17756
17742 17769
17743 19589
17743 19590
17744 17745
17744 17746
17745 17762
17745 17766
17745 18760
17746 17768
17746 18214
17746 18216
17747 18043
17747 18071
17750 17754
17751 18649
17751 18660
17753 17912
17753 18604
17753 18638
17755 19838
17756 17757
17756 17758
17757 17758
17757 17769
17759 17761
17759 17934
17759 19590
17761 17767
17762 17763
17762 17764
17762 17765
17763 17765
17763 18221
17764 18217
17764 18760
17765 18217
17766 18214
17766 18221
17768 18219
17770 17772
17770 17773
17770 17774
17771 17826
17771 17893
17772 17784
17772 17786
17773 17780
17773 17789
17774 17786
17775 17776
17775 17777
17776 17787
17777 17786
17777 17787
17778 17779
17778 17780
17778 17781
17779 17783
17779 17784
17780 17784
17781 17783
17781 17788
17782 17793
17782 17804
17782 17815
17784 17787
17788 19367
17789 18040
17789 18041
17789 18042
17790 17791
17790 17792
17790 17794
17791 17799
17792 17800
17792 17910
17793 17804
17793 17826
17794 17799
17794 17800
17795 17796
17795 17797
17795 17798
17796 17798
17796 17800
17797 18275
17797 18280
17798 17910
17798 18272
17798 18274
17798 18275
17801 17802
17801 17803
17801 17805
17802 17833
17802 17834
17803 17820
17803 17831
17804 17837
17805 17819
17805 17827
17806 17807
17806 17808
17806 17818
17806 17836
17807 17828
17807 17889
17808 17854
17809 17810
17809 17811
17809 17812
17810 17835
17810 17840
17810 17841
17811 17824
17811 17840
17812 17839
17812 17841
17813 17814
17813 17816
17813 17817
17814 17843
17816 17838
17816 17847
17817 17842
17817 17843
17818 17819
17818 17820
17818 17821
17819 17820
17819 17821
17822 17823
17822 17824
17822 17825
17823 17846
17824 17830
17825 17839
17825 17844
17826 17837
17828 17829
17828 17830
17829 17835
17829 17840
17830 17832
17831 17839
17831 17849
17832 17888
17832 17907
17833 17849
17834 19580
17835 17836
17836 17841
17842 17843
17842 17847
17844 17845
17844 17846
17845 17846
17845 19586
17848 17860
17848 17871
17848 17882
17850 17851
17850 17852
17850 17853
17851 17887
17851 17920
17853 17887
17853 19379
17853 19380
17854 17855
17854 17856
17855 17889
17855 17933
17856 17880
17856 17916
17857 17858
17858 19198
17858 19541
17859 17970
17860 17893
17861 17862
17861 17863
17861 17864
17861 17865
17862 17865
17862 17897
17863 17914
17864 17897
17864 17903
17865 17898
17865 17902
17866 17867
17866 17868
17866 17869
17868 19122
17869 19541
17869 19542
17870 17872
17870 17873
17870 17874
17870 17875
17871 17904
17871 18137
17871 18159
17872 17899
17872 17917
17873 17890
17873 17891
17874 17890
17874 17899
17875 18180
17875 18183
17876 17877
17876 17878
17876 17879
17877 17917
17877 18191
17878 18178
17878 18179
17879 17908
17879 17909
17879 18179
17880 17881
17880 17883
17881 17916
17881 17921
17882 17904
17882 17915
17883 17927
17884 17885
17884 17886
17884 17887
17885 17905
17885 17906
17886 19542
17887 19378
17888 17889
17888 17933
17890 17891
17891 17923
17892 17894
17892 17895
17892 17896
17893 18148
17894 19124
17894 19173
17894 19489
17895 19125
17895 19490
17896 19122
17896 19125
17896 19127
17897 17932
17898 17918
17899 17900
17899 17901
17900 17924
17901 17924
17902 17914
17902 17918
17903 19489
17903 19546
17905 19123
17905 19127
17906 19378
17906 19382
17907 17916
17907 17933
17908 17917
17909 17919
17910 17911
17911 18272
17911 18282
17912 17913
17913 18282
17913 19599
17914 17918
17915 17926
17915 17937
17920 17929
17921 17925
17921 17927
17922 19666
17923 18190
17923 19555
17926 17948
17926 18037
17928 18197
17928 18198
17929 19198
17929 19543
17930 17931
17930 17932
17931 18365
17931 18366
17932 20198
17934 19589
17935 17936
17935 17938
17935 17939
17936 17985
17936 17987
17936 18054
17937 17948
17937 17959
17938 18051
17938 18067
17939 17940
17939 17961
17940 17980
17941 17942
17941 17943
17941 17964
17942 17957
17942 20410
17943 17947
17944 17945
17945 17991
17946 17947
17946 17949
17946 17950
17947 17963
17949 17967
17949 17968
17950 17963
17951 17972
17951 18002
17952 17978
17952 18002
17952 18003
17954 17955
17954 17956
17954 17957
17955 17986
17955 18079
17956 17964
17956 17977
17957 17994
17958 17960
17958 17961
17959 17971
17959 17982
17961 18067
17962 17998
17962 19007
17963 19831
17965 17966
17966 18007
17967 17981
17967 18122
17968 17981
17968 17983
17969 17983
17969 18097
17972 17973
17972 17974
17973 17997
17974 17997
17974 18110
17975 17992
17976 18007
17977 18077
17977 18098
17978 17979
17978 17980
17979 17985
17979 17986
17979 18086
17980 17985
17981 18097
17982 17993
17982 18004
17983 18098
17984 17985
17984 17986
17984 17987
17987 17994
17987 17995
17989 17990
17989 17998
17990 18096
17990 18122
17991 17992
17993 18048
17994 19812
17995 18054
17995 19811
17997 18110
17998 19006
17999 18000
17999 18001
17999 18006
17999 19705
18000 18005
18000 18006
18001 19620
18001 19705
18002 18105
18002 18110
18003 18086
18003 18105
18004 18015
18004 18026
18005 19023
18006 19619
18007 19853
18008 18009
18008 18010
18008 18011
18009 18014
18009 18019
18009 18029
18010 18013
18010 18017
18011 18019
18011 18022
18012 18013
18013 18022
18014 18016
18014 18017
18015 18048
18016 18020
18016 18029
18017 19857
18020 18021
18020 19856
18021 18287
18021 19363
18021 19856
18022 18023
18024 18028
18025 18027
18025 18028
18027 18028
18027 18287
18029 18218
18031 18218
18031 18220
18032 19964
18033 18034
18033 18035
18034 18068
18034 19681
18035 18266
18035 19681
18036 18038
18036 18039
18038 18047
18038 18056
18039 18056
18040 19365
18041 18121
18041 19829
18042 18049
18042 18065
18042 18118
18042 19365
18042 19832
18044 18045
18044 18046
18044 18047
18045 19741
18046 19736
18046 19823
18048 18059
18049 18050
18050 18107
18051 18052
18051 18053
18052 18235
18052 19811
18053 18233
18053 18234
18053 18235
18056 18057
18057 19833
18058 18060
18058 18061
18058 18062
18058 18063
18060 19719
18061 18068
18061 18069
18062 18073
18062 19719
18063 18064
18063 18072
18063 19840
18064 19824
18065 19371
18066 19317
18066 19369
18066 19371
18068 18073
18068 19739
18068 19756
18069 19736
18069 19739
18069 19741
18070 18082
18070 18093
18070 18104
18070 18115
18071 19855
18072 19741
18074 18087
18074 18088
18075 18076
18075 18077
18075 18078
18075 18079
18076 18105
18077 18078
18079 18086
18080 18083
18080 18089
18080 18090
18081 18192
18081 18303
18083 18085
18083 18095
18084 18089
18085 18095
18087 18477
18087 19713
18088 18094
18089 18090
18091 18523
18091 18524
18092 18094
18092 18099
18092 18106
18094 18119
18096 18097
18097 18122
18099 18100
18099 18101
18100 18500
18100 19765
18101 19689
18101 19690
18102 18103
18103 18120
18103 18501
18104 18259
18106 18119
18106 19755
18107 18108
18107 18109
18108 18118
18108 18121
18109 19367
18109 19829
18111 18112
18111 18113
18111 18114
18112 19732
18112 19819
18114 18150
18114 18491
18116 18525
18116 19732
18117 18525
18117 19720
18118 19832
18119 19753
18120 18502
18121 19832
18123 18124
18124 18465
18125 18127
18125 18128
18125 18129
18126 18137
18126 18148
18127 18134
18127 18156
18128 18129
18128 18150
18129 18168
18130 18171
18130 19685
18131 18132
18131 18133
18131 18134
18132 18141
18132 18147
18133 18146
18133 18163
18134 18160
18135 18136
18135 18138
18135 18139
18136 18139
18136 18144
18139 18145
18139 18151
18140 18141
18140 18142
18140 18143
18141 18151
18142 18151
18142 18152
18143 18147
18143 18153
18144 18145
18146 18147
18146 18149
18149 18153
18149 18154
18149 18155
18150 18168
18150 18535
18152 18165
18152 19803
18153 18166
18154 18163
18156 18157
18156 18158
18157 18160
18157 18164
18157 19564
18158 18168
18160 18174
18160 19685
18161 18162
18161 18163
18162 18173
18162 18174
18162 18175
18165 18166
18165 18167
18166 18167
18169 18171
18169 18172
18170 18181
18170 18193
18170 18204
18170 18215
18171 18173
18171 18176
18172 19564
18173 19709
18174 19709
18175 18176
18177 19807
18177 19808
18177 20326
18178 18185
18178 18188
18179 18185
18180 18182
18180 18183
18180 18184
18182 18186
18182 18189
18183 18187
18184 18189
18184 18190
18185 19644
18186 18187
18186 18188
18187 18188
18190 19556
18192 18415
18192 18526
18194 18195
18194 18196
18194 18202
18194 18203
18195 19616
18195 19663
18196 18205
18197 18199
18198 19550
18198 19617
18199 18200
18199 18201
18202 18205
18205 18206
18207 18208
18207 18209
18207 18210
18208 18210
18208 18211
18209 18212
18209 19164
18210 19164
18211 18212
18211 18213
18212 19554
18214 18216
18216 18293
18221 18222
18222 18293
18222 19363
18222 19364
18222 19592
18223 18224
18223 18225
18223 18227
18223 18228
18224 18228
18224 18253
18225 18255
18225 19323
18225 19350
18226 18237
18226 18248
18226 18259
18226 18270
18227 19350
18227 19354
18227 19842
18228 18254
18228 18255
18229 18230
18229 18231
18229 18232
18230 18257
18230 19327
18231 19305
18231 19338
18232 18240
18232 18257
18233 19312
18233 19318
18234 18242
18234 19328
18235 18242
18235 18244
18236 18238
18236 18239
18236 18240
18236 18241
18238 19313
18238 19355
18239 19350
18239 19841
18240 19313
18241 19322
18241 19843
18242 18243
18242 18246
18242 19327
18242 19328
18243 19305
18244 18245
18244 18246
18245 18251
18245 19831
18246 18250
18247 18249
18247 18250
18247 18251
18247 18252
18248 18348
18249 19827
18249 19834
18250 18256
18250 18258
18251 19839
18252 18258
18252 19827
18253 19335
18253 19727
18253 19794
18254 19340
18254 19344
18254 19352
18255 19342
18256 19306
18256 19336
18257 19311
18257 19325
18258 19336
18260 18476
18261 19708
18261 19786
18262 18263
18262 18264
18262 18277
18262 19310
18263 19781
18264 19309
18265 19786
18265 19790
18266 18476
18267 18268
18267 18269
18267 18271
18268 19747
18268 19767
18269 19747
18271 19767
18271 19788
18272 18273
18273 18282
18273 19858
18274 18275
18274 18276
18274 18284
18275 18276
18276 18280
18276 19363
18277 18278
18278 19310
18278 19331
18279 19633
18281 18326
18281 18337
18283 18284
18283 18285
18283 18286
18285 18291
18286 18294
18286 19596
18286 19858
18287 19856
18288 18289
18288 18290
18290 19852
18290 19853
18291 18293
18292 18370
18293 18294
18294 19595
18295 20168
18296 18297
18296 18298
18296 18299
18298 18299
18300 18325
18300 18332
18301 18302
18301 18305
18301 18306
18302 18313
18302 18317
18302 18349
18304 18315
18305 18311
18305 18350
18305 18351
18306 18336
18306 18351
18307 18308
18307 18309
18307 18310
18308 18330
18308 18334
18309 18323
18309 18324
18310 20176
18311 18312
18311 18313
18311 18314
18312 18314
18312 18350
18313 18339
18313 20145
18314 18323
18314 18333
18317 18318
18317 18319
18318 18349
18319 18338
18320 18321
18320 18322
18320 18340
18322 20182
18323 18329
18324 18346
18324 18347
18325 18327
18325 18328
18326 18337
18327 18332
18327 18335
18328 18335
18328 20180
18329 18330
18329 18339
18330 18331
18330 20149
18331 20146
18331 20180
18332 18334
18333 18347
18333 18352
18333 20162
18334 18335
18335 20149
18336 18338
18336 20142
18339 20147
18340 18341
18341 19537
18342 18343
18343 19521
18344 18345
18346 20143
18346 20151
18347 20151
18348 18359
18348 18370
18349 20145
18350 18352
18351 20188
18352 20140
18353 19504
18353 19528
18354 18358
18354 18360
18355 18356
18355 18357
18356 18360
18357 18369
18358 18361
18358 18367
18358 18368
18360 18362
18361 18362
18361 18363
18361 18364
18362 18369
18364 18376
18365 19547
18365 19553
18366 19164
18366 19553
18368 18375
18368 18376
18371 18372
18371 18373
18378 18391
18378 18393
18379 18380
18379 18382
18380 18429
18380 20368
18382 18394
18382 18423
18383 18384
18383 18385
18383 18386
18384 18397
18384 18441
18384 20046
18384 20057
18384 20088
18385 18441
18385 18442
18385 18443
18386 20057
18386 20058
18387 18388
18387 18389
18387 18390
18388 18405
18388 18413
18388 20030
18389 20017
18390 18413
18390 18417
18391 18402
18392 18403
18392 18416
18392 18427
18393 18420
18393 18430
18394 18395
18394 18396
18395 20314
18396 20314
18396 20368
18397 18398
18397 18399
18398 18424
18398 20088
18399 18424
18399 18425
18400 18401
18400 18402
18400 18404
18401 19974
18401 19989
18401 20003
18404 19968
18404 20003
18405 18406
18405 18407
18405 18408
18406 18432
18406 18436
18407 20030
18407 20086
18408 20033
18409 18410
18409 18411
18409 18412
18410 20123
18411 18444
18413 18447
18416 19483
18416 20454
18417 18436
18417 18447
18418 18419
18418 18420
18418 18421
18418 18422
18420 20306
18421 18431
18422 18435
18423 18428
18423 18429
18424 18983
18425 18983
18425 18984
18426 18448
18426 20220
18426 20306
18427 19483
18427 19485
18427 19487
18428 18431
18429 20581
18430 18433
18430 19972
18432 18433
18432 18434
18432 18435
18433 18436
18436 20000
18437 18439
18437 18440
18437 20105
18438 18726
18439 20108
18440 19178
18440 20092
18441 20045
18442 18986
18442 18996
18443 20041
18443 20045
18444 18445
18444 18446
18445 20134
18446 19156
18446 19157
18448 20016
18448 20218
18449 18460
18449 18471
18449 19608
18450 18451
18450 18452
18450 18453
18451 18457
18451 18459
18452 18464
18452 18503
18453 18484
18453 18503
18454 18455
18454 18456
18455 18483
18456 18466
18456 18467
18457 18458
18457 18459
18458 18474
18458 18511
18458 18553
18459 18487
18459 18506
18459 18532
18461 18467
18462 18487
18462 18488
18464 18505
18466 18483
18466 18488
18466 18517
18467 18517
18468 18469
18468 18470
18468 18510
18469 18489
18469 18490
18470 18474
18472 18533
18472 19941
18472 19942
18474 18475
18475 18532
18477 18478
18477 18479
18477 18480
18478 18548
18478 19699
18478 19754
18479 18520
18479 19699
18480 19713
18480 19753
18481 18508
18482 18493
18482 18504
18482 18549
18482 18560
18483 18486
18484 18485
18485 18503
18485 18505
18486 18487
18486 18488
18489 18494
18489 18507
18489 18510
18490 18494
18491 18521
18492 18494
18492 18495
18492 18496
18493 18804
18493 18815
18495 18507
18499 18507
18501 18502
18503 18505
18508 18519
18508 18553
18509 18550
18509 19692
18509 19754
18509 19755
18509 19759
18509 19797
18512 18513
18512 18514
18512 18516
18513 18548
18513 18550
18514 19780
18515 18527
18515 18538
18515 18549
18516 19692
18516 19695
18518 19935
18519 18545
18519 18553
18520 18541
18521 18522
18522 18535
18523 19706
18523 19718
18524 19706
18524 19711
18524 19743
18525 19787
18526 18637
18527 18538
18527 18571
18528 18529
18528 18530
18528 18531
18529 18530
18532 18542
18534 18547
18536 19700
18537 18548
18537 19700
18538 18571
18538 18582
18540 18541
18540 19696
18540 19698
18540 19792
18541 18552
18541 19778
18544 18545
18545 18551
18546 19720
18546 19731
18547 19738
18548 18552
18549 18704
18550 19754
18552 19699
18552 19700
18554 18555
18555 18568
18555 18584
18555 18585
18556 18557
18556 19477
18558 18559
18558 18561
18558 18564
18559 18564
18559 18565
18560 18571
18561 19466
18562 18563
18564 18565
18565 18566
18565 18567
18565 18589
18566 19477
18567 19477
18568 18569
18568 18570
18569 18584
18573 18574
18573 18575
18573 18576
18573 18577
18574 18576
18574 18588
18575 18579
18575 18597
18577 18588
18577 18597
18578 18579
18578 18580
18578 18581
18579 18586
18580 18597
18581 18587
18582 18715
18582 20189
18585 18602
18585 19479
18586 18587
18587 18600
18589 18601
18590 18591
18590 18592
18591 18603
18591 18605
18592 18603
18593 18604
18593 19599
18594 18595
18594 18596
18596 18598
18596 18599
18602 19479
18604 18615
18606 18618
18606 18778
18607 18611
18607 18619
18608 18609
18608 18714
18608 18952
18608 19029
18609 18618
18609 18878
18610 18611
18610 18612
18611 18614
18611 18951
18612 18613
18612 18614
18613 18629
18613 18631
18614 18641
18615 18626
18616 18617
18617 18620
18617 18951
18618 18619
18618 18852
18619 18641
18621 18640
18621 18957
18622 18633
18622 18960
18623 18629
18623 18633
18624 18625
18625 18632
18625 18645
18626 18638
18626 18649
18627 18634
18627 18643
18628 18634
18630 18631
18630 18962
18631 18641
18632 18964
18633 18960
18635 18636
18635 18639
18637 18748
18637 18859
18641 18952
18642 18964
18642 18967
18645 18965
18646 18655
18647 18653
18647 18655
18648 18650
18648 18651
18648 18652
18650 18662
18650 18663
18651 18656
18651 18657
18652 18657
18652 18658
18652 18662
18653 18654
18654 18659
18654 18772
18655 18661
18655 18663
18656 18659
18656 18668
18657 18667
18658 18665
18658 18667
18659 18661
18660 18671
18660 18682
18660 18693
18661 18663
18662 18664
18664 18665
18664 18666
18665 18963
18667 18668
18667 18963
18668 18968
18669 18670
18670 18688
18670 18689
18671 18693
18672 18673
18672 18674
18672 18675
18673 18706
18674 18706
18674 18730
18675 18690
18676 18677
18676 18678
18676 18679
18678 19024
18679 18720
18679 18740
18680 18681
18681 18724
18681 18745
18683 18731
18684 18690
18684 18698
18685 18752
18686 18718
18686 18752
18688 18721
18689 18728
18689 18741
18691 18808
18691 18852
18692 18769
18692 18773
18692 18808
18695 18696
18696 18776
18697 18736
18697 18738
18697 18739
18699 18700
18699 18701
18699 18702
18699 18703
18700 18808
18700 18812
18701 18729
18701 18777
18702 18729
18702 18812
18703 18777
18703 18888
18705 18706
18705 18707
18707 18730
18707 18744
18708 18709
18708 18710
18708 18711
18709 18754
18711 18770
18712 18713
18712 18714
18712 18723
18712 19028
18713 18732
18714 19038
18715 18726
18716 18812
18717 18718
18717 18719
18718 18775
18719 18744
18719 18747
18720 18721
18720 18722
18722 18740
18722 18741
18723 18724
18723 18725
18724 18768
18725 18768
18725 18943
18726 19674
18729 18735
18730 18750
18732 18733
18732 18734
18733 18761
18733 19030
18734 18745
18734 19030
18735 18753
18736 18739
18736 18742
18737 18749
18737 18760
18737 18771
18744 18750
18745 18746
18746 18761
18746 19030
18747 18750
18749 18771
18751 18766
18752 18755
18753 18777
18753 18953
18754 18770
18756 18757
18756 19042
18757 18759
18758 20327
18759 18761
18759 19031
18762 18763
18762 18764
18762 18765
18763 18769
18764 18773
18764 18774
18766 18767
18767 18961
18768 18932
18770 18772
18773 18808
18778 18852
18779 18780
18779 18843
18780 18853
18780 18906
18780 18945
18781 18783
18782 18793
18782 18804
18782 18815
18783 18816
18783 18835
18785 18786
18785 18787
18786 18787
18786 18800
18786 18831
18787 18830
18788 18789
18790 18791
18790 18792
18790 18849
18791 18802
18791 18803
18792 18840
18794 18795
18794 18796
18794 18854
18794 18887
18795 18885
18795 18886
18796 18824
18797 18798
18797 18799
18797 18806
18797 18895
18798 18806
18798 18811
18798 18825
18798 18827
18798 18829
18798 18876
18799 18811
18800 18801
18800 18834
18801 18805
18802 18814
18802 18840
18803 18813
18803 18814
18803 18816
18805 18834
18806 18807
18807 18825
18807 18895
18808 18888
18808 18894
18809 18810
18809 18811
18810 18876
18810 18877
18813 18832
18813 18866
18814 18820
18814 18866
18816 18849
18817 18818
18817 18819
18819 18820
18819 18840
18820 18821
18821 18833
18821 18901
18825 18827
18825 18828
18825 18886
18825 18896
18826 18837
18826 18848
18827 18850
18828 18836
18829 18850
18830 18831
18831 18863
18832 18902
18833 18902
18834 18863
18836 18838
18836 18839
18837 18848
18838 18850
18839 18864
18839 18865
18841 18842
18841 18843
18844 18845
18844 18846
18844 18847
18845 18851
18845 18911
18846 18935
18846 18938
18847 18938
18847 18940
18851 18911
18851 18924
18852 18878
18854 18874
18854 18928
18855 18916
18856 18874
18856 18880
18857 18858
18857 18861
18857 18862
18858 18905
18860 18871
18860 18882
18860 18893
18865 18903
18866 18901
18867 18868
18867 18869
18868 18938
18868 18940
18869 18935
18869 18936
18869 18938
18872 18897
18873 18874
18873 18875
18874 18880
18875 18879
18875 18890
18881 18883
18881 18884
18881 18900
18882 18904
18884 18903
18884 18905
18886 18892
18887 18928
18888 18894
18891 18900
18895 18896
18898 18899
18901 18902
18904 18915
18906 18925
18906 18946
18907 18911
18907 18940
18908 18909
18908 18910
18909 18929
18909 18931
18910 18931
18912 18913
18912 18914
18912 18929
18912 18931
18912 18939
18913 18933
18913 18941
18914 18933
18914 18934
18916 18921
18916 18928
18917 18918
18917 18919
18917 18920
18919 18942
18921 18928
18921 18946
18922 18923
18922 18924
18925 18945
18926 18937
18926 18948
18927 18945
18929 18930
18931 18934
18933 18934
18935 19034
18936 18943
18936 19029
18936 19034
18937 19270
18939 18944
18941 18944
18943 19028
18947 18949
18947 18950
18948 18982
18949 18953
18950 18953
18950 18955
18952 18962
18952 19040
18953 18954
18954 18955
18955 18961
18956 18957
18956 18958
18956 18966
18957 18960
18959 18971
18959 18982
18959 18993
18960 18967
18963 18968
18964 18965
18966 18967
18969 18972
18969 18973
18969 18974
18970 19081
18971 19004
18971 19015
18972 18975
18974 18977
18975 18976
18977 18978
18979 18980
18979 18981
18979 20353
18980 20116
18980 20129
18981 18989
18983 19000
18984 19000
18984 19001
18985 18986
18985 18987
18985 18988
18986 19991
18987 20305
18988 20058
18989 18990
18990 18997
18991 18992
18992 18994
18992 18995
18994 19975
18996 20001
18996 20002
18997 18998
18997 18999
18998 19189
18999 19151
18999 19189
19000 19178
19001 19176
19001 20040
19002 19003
19002 19005
19006 19007
19006 19012
19006 19023
19007 19008
19008 19012
19009 19010
19009 19011
19009 19022
19010 19017
19012 19013
19013 19559
19013 19605
19014 19016
19014 19017
19015 19026
19015 19037
19018 19019
19018 19020
19018 19021
19019 19605
19019 19623
19020 19646
19020 19668
19021 19623
19021 19670
19023 19620
19024 19025
19024 19027
19025 19043
19026 19048
19028 19029
19031 19032
19031 19033
19032 19035
19032 19036
19033 19036
19033 19038
19036 19039
19038 19039
19038 19040
19041 19042
19041 19043
19044 19057
19044 19106
19045 19063
19046 19058
19046 19064
19047 19103
19047 19105
19048 19059
19048 19070
19049 19050
19050 19084
19050 19100
19051 19052
19051 19062
19052 19076
19053 19054
19053 19064
19054 19058
19055 19056
19055 19057
19056 19092
19056 19094
19057 19077
19060 19061
19060 19062
19060 19063
19063 19109
19065 19066
19065 19067
19067 19078
19068 19069
19068 19071
19070 19082
19071 19090
19073 19074
19074 19088
19076 19089
19076 19091
19077 19083
19079 19080
19079 19108
19080 19097
19082 19093
19082 19104
19083 19084
19083 19106
19087 19103
19087 19105
19089 19090
19089 19091
19090 19109
19091 19109
19092 19101
19095 19096
19095 19097
19097 19107
19098 19099
19101 19102
19103 19105
19104 19115
19104 19126
19107 19108
19110 19113
19111 19112
19111 19113
19111 19114
19112 19116
19113 19117
19114 19988
19115 19126
19116 19117
19117 19141
19118 19119
19118 19120
19118 19121
19119 19140
19120 19196
19120 20036
19121 19676
19122 19123
19122 19124
19124 19545
19125 19127
19126 19137
19126 19148
19127 19544
19128 19129
19128 19130
19129 19158
19129 19184
19130 19131
19130 19149
19130 19150
19131 19132
19131 19133
19132 19147
19132 19172
19133 19147
19133 19149
19134 19135
19134 20054
19134 20061
19135 19212
19135 19213
19135 19214
19136 19138
19136 19139
19136 19140
19139 19208
19140 19677
19142 19143
19142 19144
19142 19145
19142 19146
19143 19146
19143 20078
19143 20120
19144 20340
19145 20241
19146 20388
19147 19162
19148 19159
19148 19170
19150 19635
19150 20102
19151 19976
19152 19168
19152 19190
19153 19154
19153 19155
19153 19156
19155 19986
19157 19996
19158 19160
19158 19161
19159 19193
19161 19184
19161 19185
19162 19606
19162 19676
19162 19677
19163 20063
19165 19166
19165 19186
19165 20114
19167 19168
19167 19169
19167 19171
19169 20134
19170 19193
19172 19200
19172 19606
19173 19174
19173 19175
19174 19175
19174 19490
19175 19384
19175 19546
19176 19177
19176 19178
19177 20095
19177 20113
19179 19180
19179 19182
19179 19183
19180 20136
19181 19193
19181 19204
19181 19215
19182 20085
19182 20112
19182 20127
19183 20051
19183 20125
19184 19200
19186 19187
19186 19188
19187 20100
19187 20111
19188 20341
19191 19194
19191 19195
19191 19196
19191 19197
19192 19303
19192 19414
19192 20270
19195 20096
19196 20098
19197 20096
19198 19199
19199 19541
19199 19543
19201 19202
19201 19203
19201 19205
19206 19207
19206 19208
19206 19611
19207 19609
19207 19648
19207 19650
19208 19677
19209 19210
19209 19211
19209 20042
19209 20043
19210 20034
19211 20076
19211 20077
19213 20068
19215 19226
19216 19217
19216 19218
19216 19219
19217 20027
19217 20028
19218 20028
19218 20127
19219 20136
19220 19221
19220 19222
19221 19284
19223 19224
19224 19254
19224 19255
19225 19227
19225 19228
19225 19229
19226 19237
19226 19248
19227 19229
19227 19231
19228 19231
19228 19279
19229 19232
19230 19231
19230 19232
19232 19262
19233 19234
19233 19235
19233 19236
19234 19298
19234 19299
19235 19266
19235 19298
19236 19247
19236 19249
19238 19239
19239 20154
19239 20158
19240 19241
19241 20173
19242 19243
19242 19244
19242 19245
19242 19269
19242 19271
19242 19872
19243 19265
19243 19266
19243 19300
19244 19245
19244 19246
19245 19265
19246 19269
19246 19496
19247 19266
19247 19275
19248 19259
19249 19276
19249 19299
19250 19251
19250 19252
19250 19253
19251 19268
19251 19286
19252 19274
19252 19286
19252 19295
19253 19267
19253 19268
19253 19272
19254 19263
19255 20169
19256 19257
19256 19258
19256 19260
19256 19261
19257 19260
19257 19314
19258 19346
19258 19865
19260 19314
19260 19345
19260 19349
19261 19280
19261 19282
19262 19314
19262 19333
19262 19491
19263 20169
19264 19293
19264 19294
19265 19298
19266 19283
19267 19273
19267 19279
19268 19279
19269 19271
19270 19281
19271 19494
19271 19867
19272 19273
19272 19274
19273 19301
19274 19285
19275 19276
19275 19277
19276 19295
19276 19302
19277 19287
19277 19295
19280 19493
19280 19865
19281 19370
19281 19381
19282 19290
19282 19497
19283 19300
19284 20154
19284 20184
19285 19296
19285 19301
19286 19302
19287 19288
19287 19289
19287 19290
19288 19295
19288 19296
19289 19493
19289 19861
19290 19296
19290 19493
19292 19304
19292 19315
19293 19297
19296 19497
19297 20186
19297 20187
19299 19302
19301 19491
19301 19497
19304 19348
19304 19915
19305 19306
19306 19338
19307 19330
19307 19332
19308 19331
19308 19332
19308 19766
19309 19310
19309 19353
19309 19751
19311 19312
19311 19313
19312 19328
19315 19337
19316 19317
19316 19318
19316 19319
19317 19356
19317 19369
19318 19320
19319 19320
19320 19321
19321 19355
19321 19356
19322 19323
19324 19333
19324 19349
19325 19327
19325 19328
19326 19337
19326 19348
19326 19937
19329 19330
19329 19331
19329 19332
19332 19708
19333 19341
19334 19335
19335 19352
19336 19338
19337 19359
19339 19340
19342 19343
19342 19344
19343 19843
19345 19346
19345 19347
19346 19862
19347 19349
19347 19862
19348 19904
19348 19915
19350 19351
19351 19841
19351 19842
19353 19703
19354 19794
19354 19818
19355 19357
19356 19357
19357 19366
19361 19852
19361 19853
19363 19364
19365 19371
19365 19375
19366 19377
19367 19829
19368 19369
19368 19371
19370 19381
19371 19375
19372 19373
19372 19374
19373 19377
19374 19849
19375 19376
19378 19379
19379 19383
19379 19385
19380 19385
19382 19383
19382 19544
19383 19384
19384 19540
19385 19540
19386 19387
19386 19388
19386 19389
19387 19401
19387 19402
19387 19404
19388 19390
19388 19404
19388 19405
19388 19410
19388 19461
19389 19402
19389 19418
19389 19445
19390 19391
19391 19460
19392 19403
19392 19415
19393 19394
19393 19395
19393 19396
19394 19438
19394 19439
19395 19439
19395 19456
19395 19463
19397 19398
19397 19399
19397 19400
19398 19411
19398 19473
19399 19443
19400 19443
19400 19468
19401 19421
19401 19434
19402 19444
19404 19435
19405 19409
19405 19410
19406 19407
19406 19408
19407 19424
19407 19455
19408 19436
19409 19427
19409 19428
19410 19427
19410 19461
19411 19412
19411 19413
19412 19473
19413 19475
19413 19476
19417 19418
19417 19419
19417 19420
19417 19422
19417 19445
19418 19440
19419 19423
19419 19440
19420 19421
19420 19422
19421 19425
19422 19444
19423 19424
19423 19425
19424 19425
19424 19431
19425 19432
19426 19437
19426 19448
19426 19470
19426 19492
19426 19571
19426 19604
19426 19804
19427 19446
19427 19462
19428 19465
19428 19466
19430 19462
19430 19466
19431 19432
19431 19433
19432 19434
19433 19455
19433 19484
19433 20453
19434 19435
19435 20446
19437 19604
19437 19737
19437 19771
19437 19793
19438 19453
19438 20450
19439 19452
19441 19442
19441 19443
19442 20429
19444 19445
19446 19447
19446 19449
19446 19450
19447 19456
19447 19457
19448 19459
19448 19481
19448 19492
19448 19649
19449 19456
19449 19464
19450 19461
19452 19453
19452 19454
19452 19456
19453 19476
19454 19457
19456 19464
19457 19458
19462 19463
19463 19464
19468 19475
19469 19471
19470 19582
19470 19615
19470 19649
19471 20454
19473 20442
19474 20430
19474 20435
19474 20455
19475 19476
19480 19482
19480 19483
19480 19484
19482 20420
19482 20421
19482 20422
19484 20421
19485 19486
19485 20419
19486 20418
19487 19488
19487 20422
19488 20443
19488 20445
19488 20457
19489 19545
19490 19544
19492 19503
19493 19864
19494 19495
19494 19496
19495 19496
19495 19875
19498 19499
19498 19500
19498 19505
19499 19512
19499 19519
19500 19509
19500 19510
19501 19502
19501 19504
19502 19521
19502 19535
19503 19527
19504 19530
19505 19520
19506 19507
19506 19508
19507 19517
19507 19539
19508 19531
19509 19510
19510 19511
19511 19512
19511 19513
19512 19513
19513 19519
19514 19527
19514 19538
19514 19549
19514 19560
19515 19532
19516 19532
19516 19537
19517 19518
19518 19539
19519 19520
19521 19522
19522 19535
19522 20141
19523 19524
19523 19528
19523 19529
19524 19537
19526 19637
19526 19748
19528 19530
19529 19530
19529 20141
19532 19533
19533 19536
19534 19539
19536 20165
19538 19560
19540 19546
19542 19543
19547 20198
19548 19550
19548 19551
19548 19552
19553 19554
19554 20196
19555 19557
19557 19565
19559 19563
19559 19619
19561 19562
19561 19563
19561 19642
19561 19776
19563 19621
19565 19568
19566 19567
19567 19648
19570 19587
19570 19588
19571 19582
19571 19593
19572 19575
19572 19579
19572 19585
19573 19574
19573 19575
19574 19575
19574 19585
19575 19585
19577 19578
19580 19581
19580 19583
19580 19584
19581 19583
19582 19638
19583 19586
19584 19586
19592 19597
19593 19604
19594 19595
19594 19596
19596 19597
19597 19858
19600 19601
19600 19602
19601 19603
19607 19608
19609 19610
19609 19611
19609 19612
19610 19612
19613 19614
19615 19626
19615 19638
19616 19617
19616 19618
19617 19657
19617 19663
19618 19657
19619 19631
19619 19642
19619 19673
19619 19878
19621 19622
19621 19623
19622 19675
19624 19625
19624 19627
19624 19628
19625 19629
19625 19664
19627 19664
19628 19629
19631 19632
19631 19633
19632 19707
19632 19718
19633 19783
19633 19788
19633 19877
19633 19878
19634 19662
19635 19636
19635 19639
19636 19640
19636 19641
19636 20110
19638 19848
19639 19641
19640 20130
19642 19643
19645 19646
19645 19647
19646 19670
19646 19679
19647 19653
19647 19654
19649 19660
19651 19652
19651 19678
19653 19670
19653 19675
19654 19661
19655 19656
19656 19672
19658 19659
19658 19661
19659 19721
19661 19675
19661 19762
19663 19665
19667 19668
19667 19669
19668 19679
19671 19682
19671 19715
19672 19680
19683 19684
19684 19705
19684 19710
19685 19709
19686 19687
19686 19688
19686 19711
19686 19712
19687 19744
19687 19791
19688 19757
19688 19761
19688 19791
19689 19690
19689 19755
19690 19765
19691 19692
19691 19694
19691 19695
19692 19729
19693 19704
19693 19715
19694 19740
19694 19763
19695 19740
19696 19697
19696 19698
19697 19778
19697 19789
19698 19761
19698 19792
19700 19778
19701 19702
19701 19703
19702 19724
19702 19725
19703 19750
19706 19707
19706 19745
19707 19799
19710 19718
19711 19757
19712 19743
19712 19744
19714 19716
19714 19717
19716 19723
19716 19788
19717 19722
19717 19723
19719 19775
19720 19774
19721 19730
19721 19731
19722 19781
19722 19791
19723 19799
19724 19750
19724 19751
19725 19768
19726 19737
19726 19793
19726 19871
19726 19882
19727 19728
19727 19729
19727 19805
19728 19759
19728 19805
19729 19759
19732 19787
19733 19734
19733 19735
19733 19736
19734 19739
19735 19790
19737 19749
19737 19760
19737 19971
19738 19764
19738 19779
19740 19746
19742 19743
19742 19744
19742 19745
19743 19745
19745 19799
19746 19763
19748 19859
19750 19751
19752 19753
19752 19754
19752 19755
19755 19795
19757 19758
19758 19792
19760 19771
19760 19782
19760 19893
19763 19764
19764 19779
19765 19794
19765 19825
19765 19827
19765 19834
19766 19768
19768 19770
19768 19777
19769 19770
19769 19772
19769 19773
19771 19782
19771 19804
19772 19822
19775 19806
19779 19780
19781 19789
19783 19784
19783 19785
19785 19876
19786 19790
19786 19798
19794 19801
19794 19805
19794 19825
19795 19796
19795 19797
19796 19800
19796 19801
19797 19800
19800 19801
19802 19803
19802 19836
19802 19844
19808 19809
19808 19810
19808 20337
19810 19836
19810 19838
19811 19812
19812 20410
19813 19816
19814 19824
19815 19826
19815 19837
19815 19848
19815 19860
19816 19835
19818 19825
19818 19842
19819 19820
19821 19822
19821 19828
19823 19830
19824 19840
19824 19845
19826 19882
19831 20410
19833 19835
19834 19839
19836 20348
19840 19845
19844 20348
19846 19847
19849 19850
19851 19852
19856 19857
19859 19970
19859 20081
19861 19863
19861 19864
19862 19870
19863 19873
19864 19865
19866 19867
19866 19868
19866 19869
19867 19872
19868 19874
19869 19872
19869 19873
19874 19875
19874 19876
19877 20011
19879 19880
19879 19881
19879 19917
19879 19918
19880 19887
19880 19897
19881 19886
19881 19887
19881 19921
19883 19888
19883 19894
19883 19903
19884 19903
19885 19897
19885 19918
19886 19890
19886 19895
19887 19907
19888 19889
19888 19890
19888 19902
19889 19894
19889 19902
19889 19930
19890 19891
19890 19892
19891 19903
19891 19921
19892 19895
19892 19902
19894 19896
19894 19911
19895 19907
19895 19912
19895 19913
19895 19929
19896 19916
19897 19928
19898 19919
19898 19928
19899 19900
19899 19901
19899 19902
19899 19914
19900 19919
19900 19923
19901 19905
19901 19909
19901 19922
19902 19905
19902 19913
19902 19914
19904 19926
19904 19937
19904 19993
19905 19906
19906 19911
19907 19908
19907 19919
19908 19919
19908 19928
19909 19910
19909 19922
19911 19924
19911 19930
19912 19929
19913 19927
19914 19927
19915 19982
19916 19924
19916 19925
19917 19921
19919 19923
19922 20497
19924 19954
19925 19954
19926 19948
19926 19993
19927 19929
19931 19932
19931 19933
19931 19957
19934 19935
19935 19941
19936 19938
19937 19948
19938 19951
19938 19960
19939 19940
19940 19947
19940 19958
19943 19944
19943 19945
19943 19946
19944 19958
19946 19962
19947 19949
19947 19950
19948 19959
19949 19962
19950 19958
19951 19952
19951 19953
19952 19956
19952 20479
19953 19956
19953 19961
19954 19955
19956 19957
19959 19971
19960 19961
19965 19966
19965 19967
19968 19969
19968 19972
19969 19972
19969 20003
19973 19974
19973 19975
19973 20219
19974 20014
19974 20016
19975 20005
19976 19977
19976 19978
19977 20006
19979 19980
19979 19981
19979 19983
19980 19992
19981 20009
19982 19993
19982 20004
19982 20137
19984 19985
19984 19986
19987 19988
19989 19990
19989 19991
19990 20014
19992 19994
19992 19995
19994 20007
19994 20011
19996 19997
19996 19998
19997 19998
19999 20006
19999 20010
20000 20001
20000 20002
20001 20003
20002 20039
20005 20014
20007 20008
20007 20009
20010 20018
20011 20012
20013 20592
20015 20026
20015 20037
20015 20048
20015 20115
20016 20219
20017 20021
20017 20039
20019 20020
20019 20021
20019 20022
20020 20047
20020 20095
20020 20113
20021 20038
20021 20095
20022 20029
20022 20047
20023 20024
20023 20025
20023 20091
20023 20098
20024 20083
20024 20090
20024 20091
20024 20096
20025 20096
20026 20059
20026 20070
20027 20032
20027 20099
20027 20135
20028 20099
20029 20030
20029 20031
20031 20073
20031 20086
20032 20033
20033 20086
20034 20035
20035 20052
20035 20121
20036 20079
20036 20098
20037 20137
20037 20148
20038 20039
20038 20040
20038 20041
20040 20065
20040 20095
20041 20065
20042 20043
20042 20044
20045 20046
20046 20065
20047 20073
20047 20094
20048 20059
20048 20137
20049 20050
20049 20051
20049 20052
20050 20072
20050 20125
20051 20052
20053 20054
20053 20055
20053 20056
20054 20060
20055 20084
20055 20114
20056 20114
20057 20087
20057 20089
20060 20061
20060 20062
20061 20076
20061 20077
20062 20069
20062 20076
20064 20111
20064 20112
20064 20114
20066 20067
20066 20068
20067 20131
20069 20071
20069 20072
20070 20082
20070 20093
20071 20085
20071 20125
20072 20097
20072 20121
20073 20074
20073 20075
20074 20092
20074 20094
20074 20106
20075 20086
20075 20106
20078 20079
20078 20080
20078 20083
20079 20388
20080 20090
20084 20085
20087 20088
20087 20089
20089 20116
20090 20091
20092 20105
20093 20104
20094 20113
20096 20122
20097 20121
20099 20100
20099 20101
20100 20103
20100 20107
20101 20103
20101 20135
20102 20110
20104 20115
20104 20126
20105 20106
20107 20112
20107 20127
20108 20109
20108 20123
20111 20112
20115 20126
20116 20305
20117 20118
20117 20119
20117 20329
20117 20332
20118 20119
20119 20241
20119 20331
20120 20241
20120 20331
20122 20255
20123 20124
20127 20136
20129 20401
20131 20132
20131 20133
20137 20148
20138 20139
20138 20140
20139 20188
20143 20144
20144 20150
20144 20151
20145 20146
20146 20147
20149 20180
20150 20156
20152 20153
20152 20154
20152 20155
20155 20158
20156 20175
20157 20165
20157 20174
20158 20178
20159 20170
20159 20181
20159 20193
20160 20161
20162 20163
20162 20164
20163 20164
20163 20171
20164 20171
20170 20215
20172 20182
20172 20183
20175 20176
20178 20179
20184 20187
20189 20190
20190 20191
20192 20303
20194 20195
20195 20197
20196 20197
20199 20311
20199 20312
20200 20201
20200 20202
20201 20371
20203 20205
20204 20215
20204 20226
20205 20234
20206 20207
20207 20322
20208 20209
20208 20210
20208 20211
20209 20244
20209 20254
20210 20243
20210 20244
20211 20243
20211 20287
20212 20311
20212 20316
20213 20214
20213 20216
20213 20217
20216 20296
20217 20296
20218 20219
20218 20220
20220 20306
20221 20222
20221 20223
20221 20437
20222 20383
20222 20397
20223 20342
20223 20384
20224 20269
20224 20470
20225 20227
20225 20228
20227 20300
20227 20313
20228 20233
20228 20238
20229 20230
20229 20231
20229 20232
20233 20238
20233 20287
20233 20313
20235 20236
20235 20238
20235 20239
20235 20240
20236 20261
20236 20262
20236 20263
20237 20248
20237 20259
20238 20369
20239 20272
20239 20357
20242 20376
20242 20377
20243 20253
20244 20253
20245 20246
20245 20247
20245 20258
20245 20260
20246 20285
20246 20390
20247 20284
20247 20298
20249 20250
20249 20251
20249 20252
20250 20282
20250 20288
20250 20328
20251 20288
20251 20289
20252 20289
20252 20299
20253 20254
20254 20369
20255 20256
20255 20257
20258 20374
20258 20407
20260 20399
20260 20407
20261 20269
20262 20357
20262 20358
20262 20360
20264 20265
20264 20266
20264 20267
20265 20266
20265 20267
20266 20375
20267 20360
20268 20320
20269 20271
20271 20358
20271 20380
20272 20273
20272 20274
20272 20363
20273 20363
20273 20394
20274 20369
20274 20373
20275 20276
20275 20277
20275 20278
20276 20309
20277 20309
20277 20310
20278 20405
20278 20406
20279 20280
20279 20282
20279 20283
20280 20324
20281 20292
20284 20285
20284 20286
20286 20346
20286 20347
20287 20291
20288 20328
20288 20389
20289 20343
20291 20293
20291 20294
20292 20304
20293 20338
20294 20300
20294 20313
20294 20351
20295 20296
20295 20297
20297 20396
20297 20397
20298 20299
20299 20374
20300 20301
20300 20302
20301 20302
20301 20391
20307 20308
20309 20364
20310 20322
20310 20361
20311 20312
20312 20317
20315 20326
20315 20337
20315 20359
20316 20317
20316 20318
20318 20514
20319 20320
20319 20321
20319 20322
20322 20338
20322 20394
20323 20324
20324 20328
20325 20327
20327 20372
20329 20330
20329 20331
20329 20332
20333 20334
20333 20335
20333 20336
20335 20354
20335 20355
20336 20346
20336 20377
20338 20373
20339 20340
20339 20341
20340 20395
20342 20402
20342 20437
20343 20344
20343 20389
20344 20398
20345 20581
20349 20350
20349 20351
20349 20352
20351 20391
20352 20391
20352 20526
20354 20355
20354 20356
20355 20390
20356 20399
20357 20362
20358 20382
20359 20370
20360 20382
20361 20362
20361 20363
20361 20364
20362 20406
20365 20366
20365 20367
20366 20389
20367 20559
20373 20394
20374 20407
20375 20448
20375 20503
20378 20379
20380 20382
20380 20503
20381 20392
20383 20384
20383 20385
20385 20396
20386 20387
20390 20399
20391 20514
20398 20399
20398 20400
20402 20404
20403 20415
20403 20426
20403 20437
20403 20448
20403 20459
20404 20470
20408 20409
20411 20412
20411 20413
20411 20416
20412 20420
20412 20422
20412 20445
20413 20444
20413 20457
20414 20525
20416 20420
20416 20421
20418 20419
20419 20443
20420 20421
20423 20424
20424 20432
20425 20427
20425 20428
20425 20456
20428 20441
20429 20430
20429 20431
20430 20436
20433 20434
20434 20451
20435 20436
20437 20448
20437 20459
20438 20439
20438 20440
20438 20441
20442 20452
20443 20444
20449 20450
20449 20451
20449 20452
20453 20454
20455 20456
20458 20460
20458 20461
20458 20462
20458 20463
20460 20471
20460 20480
20461 20467
20461 20482
20462 20463
20462 20469
20462 20488
20463 20489
20463 20497
20464 20465
20464 20466
20464 20467
20464 20468
20465 20478
20465 20498
20466 20473
20466 20475
20467 20480
20468 20490
20469 20471
20469 20472
20470 20481
20470 20492
20470 20503
20470 20514
20471 20476
20471 20478
20472 20477
20472 20491
20473 20474
20473 20475
20475 20486
20476 20477
20476 20478
20477 20498
20478 20480
20483 20484
20483 20485
20483 20486
20483 20487
20484 20490
20487 20490
20488 20497
20488 20588
20489 20493
20489 20494
20491 20495
20491 20496
20493 20494
20495 20496
20496 20589
20499 20500
20499 20501
20499 20502
20500 20513
20500 20538
20500 20539
20500 20598
20501 20557
20501 20586
20502 20507
20502 20513
20504 20505
20504 20506
20504 20585
20504 20617
20505 20506
20505 20615
20506 20507
20506 20508
20507 20512
20507 20586
20508 20512
20508 20615
20509 20510
20509 20511
20509 20541
20509 20553
20509 20561
20510 20549
20510 20560
20510 20618
20510 20621
20511 20524
20511 20549
20511 20587
20512 20513
20512 20515
20513 20540
20513 20553
20513 20554
20514 20526
20514 20537
20515 20562
20515 20572
20515 20615
20516 20517
20516 20523
20516 20552
20516 20566
20516 20631
20517 20550
20517 20551
20517 20579
20517 20608
20517 20633
20518 20519
20518 20543
20518 20605
20518 20612
20518 20613
20520 20521
20520 20522
20522 20629
20523 20524
20523 20587
20524 20622
20527 20528
20527 20534
20527 20544
20527 20564
20527 20622
20528 20630
20529 20530
20529 20577
20529 20582
20531 20532
20531 20533
20531 20576
20531 20577
20534 20535
20534 20536
20535 20564
20535 20577
20535 20580
20536 20577
20537 20548
20537 20559
20538 20557
20538 20558
20539 20543
20539 20553
20540 20561
20540 20562
20540 20632
20541 20553
20541 20554
20543 20560
20544 20567
20544 20593
20545 20546
20545 20547
20545 20619
20546 20573
20546 20578
20546 20601
20546 20604
20546 20609
20547 20579
20547 20631
20550 20551
20550 20552
20551 20567
20551 20593
20552 20567
20553 20560
20554 20561
20555 20556
20555 20565
20555 20594
20557 20584
20558 20585
20558 20596
20558 20598
20560 20605
20560 20618
20561 20587
20562 20572
20562 20619
20563 20574
20563 20608
20566 20567
20566 20568
20568 20622
20569 20571
20569 20572
20569 20604
20569 20619
20570 20581
20570 20592
20573 20574
20573 20575
20574 20599
20574 20609
20574 20610
20575 20578
20575 20597
20576 20582
20578 20579
20582 20583
20584 20585
20584 20586
20587 20632
20588 20589
20590 20591
20593 20630
20594 20595
20594 20628
20595 20634
20596 20598
20596 20627
20597 20599
20597 20633
20598 20627
20599 20608
20600 20601
20600 20602
20600 20604
20601 20620
20602 20620
20602 20635
20605 20606
20605 20607
20605 20613
20606 20634
20608 20633
20609 20620
20610 20635
20611 20612
20614 20625
20615 20616
20615 20617
20619 20632
20623 20624
20623 20626
20623 20627
20631 20632
