# Nodes
0 -840.3 -49.4
1 -729.5 1.1
2 -678 677.8
3 -5960.2 -2323
4 -3093.2 -7766.3
5 -1614.8 -2985.8
6 -1620.9 -2869.6
7 -1520.8 -2945.9
8 -1837.3 -2987.3
9 -1692.3 -2908.1
10 -1969.7 -2743.1
11 -2009.6 -2669.3
12 -1824.3 -2664.5
13 -1793.2 -2551.8
14 -2067 -2569.1
15 -3349.5 -7767.1
16 -1337.2 -2976.6
17 -719 5299.6
18 -721.7 5273.1
19 -762.6 5750.8
20 -789.3 5906.1
21 -992.4 5289
22 -849.6 5466.3
23 -720.9 5195.7
24 -448.4 5222.8
25 -1087.5 5501.6
26 -4991 -8321.8
27 -855.4 5519.5
28 -938.6 5607.9
29 235.3 3558.5
30 274.8 3723.3
31 193.9 3234.6
32 -2311.9 5651
33 -2282.8 5624.7
34 -2257.6 5649.8
35 -2426.8 5765.6
36 -2248 5601.2
37 -4996.8 -8620.1
38 3874 10316.5
39 1269.6 8280
40 1843.6 -3703
41 1930.8 -3723.5
42 1963.8 -3558.7
43 2015 -3743.6
44 2048.2 -3581.6
45 1878.5 -3535.4
46 1977.4 -3492.2
47 1799.6 -3514.4
48 -5742.7 -863
49 1517.1 -3896.6
50 1545.1 -3805.6
51 1641.3 -3789.3
52 1740.4 -3768.4
53 1195.7 -3714.7
54 1229.8 -3534.6
55 1314.8 -3745.9
56 1435.3 -3873.6
57 1413.2 -3952.3
58 937.8 -3981.5
59 -6129.1 -771.5
60 1035.2 -4322.5
61 1009.6 -4235.5
62 937 -4248.9
63 909.1 -3882.8
64 869.4 -3886.1
65 1199.6 -4889.3
66 1252.9 -4874.1
67 1316.3 -4854.7
68 1212.9 -4716.3
69 1283.2 -4970.7
70 -6101.1 -899.6
71 989.6 -3966.7
72 1786.3 1143.9
73 1812.2 1109.2
74 3598.5 2450.8
75 3599.8 2650.9
76 3447.4 2623.1
77 3616.2 2685.5
78 3581.4 2640.5
79 3383.2 2696.3
80 3498.2 2835.1
81 -6049.1 -990.6
82 3453 2810.2
83 -3580.9 1888.5
84 -4606.4 2296.1
85 6318.6 2659.3
86 6148 2762.2
87 7146.2 3554.7
88 7182.7 3537.1
89 7058.7 3396.7
90 3914 -853.1
91 -4440.4 1184.9
92 -6015.7 -954
93 -4122.7 1817.9
94 -4494.7 1951.5
95 -4517.3 1901.5
96 -4553.8 1708
97 -3935.5 -5189.5
98 -3924.8 -4992
99 -4011.3 -5284.5
100 -4036.2 -5422.9
101 -6020.9 2341.3
102 -5874.9 2241.9
103 -6018.1 -875.5
104 -5789.4 2470.9
105 -6100.9 2278.5
106 -3418.5 3933.3
107 3998.9 -2955.5
108 3930.8 -2959.5
109 3899.2 -2799.6
110 3793.9 -2963.1
111 3691 -2897.4
112 3663 -2893.6
113 3712 -3815.5
114 -6219.8 -2314.5
115 -5919.8 -865.4
116 3917.5 -3860.5
117 4254.7 -3764.7
118 4331.5 -3450.1
119 4292.4 -3753.9
120 4449.8 -3907.6
121 4534.1 -3664.6
122 4561.8 -3710.7
123 4418.5 -3709.7
124 4351.8 -3735.3
125 4472.3 -3688.7
126 -5918 -956.3
127 4384 -3607.8
128 4333.1 -2990.2
129 4724.8 -3492.1
130 4739 -3514.8
131 4625.8 -3651.7
132 4708.5 -3565.7
133 4408.3 -3988.5
134 4296.8 -5316.1
135 4379.1 -5396.3
136 4314.2 -5301.2
137 -1464.1 -347.9
138 4734.4 -5132.2
139 4647.2 -5225.6
140 4438.9 -5438.5
141 4612.3 -5013
142 4640.7 -4988
143 4553 -5100.1
144 4600.9 -6025.7
145 3728.6 -5105.8
146 4296.6 -5794.9
147 3578.3 -4915.7
148 -1338.4 -350.5
149 3647.1 -5001.2
150 3714.4 -4948
151 3643.3 -4865.3
152 3806.1 -4750.9
153 3655.9 -4586.8
154 4160.2 -4925.9
155 4221.3 -5115.5
156 3907.4 -4762.3
157 4272.7 -4768.1
158 4026.2 -4472.3
159 -6576.7 -1650.3
160 3671.5 -8080.6
161 3618.3 -8140.3
162 3256.5 -7742.6
163 3800.5 -8193.4
164 3231.3 -7735.6
165 2952.5 -7699.4
166 3046.1 -7722.1
167 2866.8 -7694.9
168 2155 -7816.9
169 2135.2 -7908.6
170 -5875.6 -1488.5
171 3665.8 -8194.9
172 3184.5 -8002.9
173 3940.2 -8241.7
174 1462.6 -7464.1
175 1484.8 -7388.4
176 1305.7 -7433.8
177 1587.6 -7464.4
178 1536 -7214.6
179 1513.8 -7292.3
180 1627.6 -7267.2
181 -5846.8 -1351.9
182 1417.7 -7156.4
183 1638.5 -6884.4
184 1602.2 -6998.8
185 1506.1 -6839.7
186 1359 -7358.6
187 1386.5 -7263.6
188 1296.9 -7266.4
189 1301.2 -7364.2
190 1215.1 -7270.4
191 1138.9 -7273.3
192 -5568.6 -1380.4
193 1199.7 -7368.4
194 1228.9 -7173.2
195 1170.4 -7176.8
196 1312.2 -7580.2
197 1278 -6889.9
198 1574.8 -7090.9
199 1688.3 -7030
200 1661.2 -7120.9
201 1347.2 -7010.1
202 1673.9 -7483.3
203 -5569.5 -1305
204 2038.6 -7496.6
205 -6564.4 -4740
206 -6656.1 -5583.3
207 -6680.3 -5456.6
208 -6567.3 -5750.4
209 1904.6 -8990.9
210 1761.1 -8771.5
211 1879.4 -9100.7
212 3257.3 -2233.6
213 3339.2 -1899.2
214 -5566.3 -1461.4
215 2865.1 -2433.1
216 2057.9 -7474.2
217 3328.4 -1890.5
218 -1081.3 5442.1
219 -2498.4 5458.8
220 -2182.7 5340.3
221 -2309.5 5520.1
222 -3143 5526.4
223 -2254.7 5166.7
224 -5709.7 5269.6
225 -6020.7 -2194.6
226 -5422.7 -1443
227 -5637.7 4991
228 -913.9 2642.3
229 2985 -2136.1
230 2859.8 -2030.4
231 3013.6 -2156.3
232 2766.5 -1953.3
233 2694.7 -1895.6
234 3021.4 3140.5
235 3007.9 3160.1
236 2993.6 3144.1
237 -5637 -1510.7
238 2979.8 3109.5
239 3129.2 2922.4
240 -6773.5 -5526.2
241 -6716.6 -5435
242 -6787.1 -5444.9
243 -6696.4 -5335.7
244 -6821.3 -5110.4
245 -7337.1 -6961.4
246 -8014.6 -6895.5
247 -8108.6 -6894.7
248 -5433.8 -1364
249 -8303.6 -6725.6
250 -8209.6 -6553
251 -8058.2 -6591
252 4558.9 9934.7
253 4608.9 9935.4
254 -9482.1 1284.6
255 -9413.9 1228.7
256 -8539.9 1090.9
257 -8468.8 1063.9
258 1269.9 6953.8
259 -5314.1 -1350
260 1280 6987.4
261 1096.3 9939.8
262 1314 10448.1
263 1228.4 10231.9
264 1714.4 10367.2
265 1921.6 10382.1
266 2594.6 10588.6
267 1009.3 10423
268 10113.4 368.2
269 10326.7 326
270 -5158.2 -1332.5
271 10121.9 480.5
272 10100.6 206.1
273 9902.3 524.2
274 10132.4 603.5
275 11454.1 3366.5
276 11411.6 3188.2
277 11335.3 3190.2
278 11532.5 3374.2
279 11487.6 3185.6
280 11957.8 3416.4
281 -6383.8 -1369
282 11256.2 2216.3
283 11362.2 2214.9
284 11234.4 2445.8
285 11409.1 2860
286 11369.9 2689.7
287 11334.9 2861.4
288 11449.2 3023.4
289 11512.8 2856.8
290 11257.5 2863.6
291 11373.2 3025.2
292 -6504.6 -1273.4
293 11297.4 2707
294 11139.1 2867.9
295 11194.8 2865.4
296 11115.1 2751.8
297 10828.9 2917.2
298 11468.3 2666.7
299 11820.6 2847.8
300 11405.5 2405
301 12581 5383.9
302 12516.5 5126.5
303 -6639.2 -1138.3
304 12500.5 5395.5
305 12839.2 5350.3
306 12452.7 4858.2
307 12375 4884.6
308 12594.8 4809.5
309 12439 5145.6
310 12356.1 5164.6
311 12002.6 4110.4
312 12044.5 4360.5
313 12075.4 4118.9
314 -6664.8 -1266.2
315 11977.7 4377.2
316 12025.7 4673.6
317 12287.6 4773.7
318 12162.2 4651.5
319 12848.3 4801.4
320 12673.2 3476.5
321 12685.1 3763.1
322 12669.8 3160.2
323 12704.5 3986.6
324 12403.8 2829.4
325 -6738.7 -1384.9
326 12482.1 3164.9
327 12575 3162.7
328 12445.3 3007.6
329 12360.9 3028.1
330 12473.3 2774.7
331 12363.4 2611.3
332 13051.2 3147.2
333 13364.1 3139.3
334 13283.5 2806
335 13130 2163.3
336 -6444.7 -2304.1
337 -6912.2 -1135.5
338 13336.9 3757.2
339 12343.6 5973.1
340 12534.6 6249.1
341 12183.4 6334.8
342 12270.5 6313.8
343 12307.7 6475.7
344 12191.6 5993
345 12418.6 6277
346 12574.3 6410.5
347 12611.7 6566.2
348 -6613.5 -1323.2
349 12584.9 6454.7
350 12345.3 6295
351 12243.4 6204.3
352 12218.1 6101.8
353 11164 2739.5
354 11224.1 2724.5
355 11307.6 2428.4
356 11160.9 2463.1
357 11101.2 2477.1
358 -3084.2 -6388.5
359 -6545.3 -1467.3
360 -3088.1 -6429.5
361 -3286.3 -6460.1
362 -3111.8 -6752.4
363 2099.3 529.5
364 2048 -1200.4
365 2384.7 -2602.8
366 2203.5 -2331
367 2477.1 -2795.8
368 2531.6 -2867.4
369 2800 -1616.6
370 -7324.8 -1106.5
371 2396.4 -2466.4
372 2263.1 -2292.2
373 2683.3 -2418.6
374 3005.4 -3524.7
375 3014.2 -3556.4
376 2935 -3627.5
377 2765.7 -3368.9
378 2745 -3540.8
379 2514.3 -3431.9
380 2502.2 -3525.3
381 -7291.1 -1021.8
382 2455.4 -3528.7
383 2819.7 -3549.7
384 3122 -3758.3
385 2928.9 -2733.8
386 2627.7 -2189.9
387 2895.6 -2300.9
388 2998.2 -2180.9
389 2740.6 -2162.2
390 2707.7 -2072.1
391 -8956.5 1480.5
392 -7012.6 -1133
393 -8918.8 1474
394 -9100.7 1563.7
395 -8980 1666
396 -9041.3 1541.4
397 -8955.2 1611.2
398 -9188.3 1237.5
399 -9079.1 1234.2
400 -9058.5 1108.4
401 -8997.8 1242.2
402 -9040.8 1117.9
403 -7051 -1217.2
404 -8926.9 1244.9
405 -8881.6 1271.7
406 -9104.3 1327.3
407 -8878.2 1125.8
408 -8950.4 1111
409 -9409.7 -278.8
410 -9368.9 -291.4
411 -9361.7 -116.5
412 -9476.4 -248.6
413 -9345.2 -52.6
414 -7122.4 -1188.5
415 -9319.6 -131.1
416 -9402.9 -101.6
417 -9352.6 -317.7
418 -9307 -76.6
419 -9308.5 -281.2
420 -9356.6 -341.5
421 -9277.1 -252.3
422 -9260.9 -271.9
423 -9580.4 -190
424 -9500.9 -330.2
425 -7063 -1246.8
426 -9550.6 -327.8
427 -9448.2 -92.4
428 -9391.6 -33.4
429 -9444.3 60.7
430 -9553.7 -70.1
431 -8678.4 76.3
432 -8733.9 111
433 -9082.8 102.2
434 9237.9 8185.5
435 9448 8546.6
436 -7020.8 -1265.6
437 9509.6 8638.3
438 9546.1 8694.2
439 9091.3 7824.9
440 9016.2 7750.7
441 9150.9 7910.3
442 9098.8 7937.9
443 8495.9 8699.7
444 8700.3 8577.9
445 8642.4 8613.1
446 8691.1 8690
447 -6382.3 -2309.1
448 -6846.3 -1341
449 8692.3 8436.7
450 8861.3 8725.1
451 8803.9 8888.2
452 8750.1 8789.7
453 8696.5 8819.9
454 8433 8439.5
455 8457.5 8389.3
456 8487.6 8533.4
457 8520.3 8517.1
458 8517.9 8356.9
459 -7054.5 -1344.9
460 8578.3 8339.2
461 8633.8 8463.7
462 8575.4 8489.8
463 2924.9 -1262.9
464 2985.8 -1300.5
465 3586.2 -3393.6
466 3434.3 -3425.8
467 3471.1 -3477
468 3970.6 -3927.5
469 4010.4 -3983.1
470 -6986.7 -1374.7
471 4162.4 -4081.9
472 3995.7 -4448.7
473 4140.6 -4411.7
474 4070.2 -4258.7
475 3983.2 -4423.8
476 3872.9 -4308.8
477 3917.8 -4352.4
478 4001.3 -4121.9
479 4571.6 -4802.9
480 4874.8 -4843.6
481 -7110.7 -1390.2
482 4549.6 -5338.4
483 4525.2 -5309.7
484 4475.8 -5246.8
485 4518 -5174.1
486 5687.1 -5743.4
487 5666.3 -5729.7
488 6481.2 -5611.6
489 6542.2 -5654.6
490 6393.7 -5562.2
491 6714.4 -5784.2
492 -7393.3 -1276.6
493 6648.5 -5734.1
494 6738.4 -5699.9
495 6683.7 -5678
496 6737.1 -5578.1
497 6406.6 -5828.7
498 6591.3 -5890.8
499 7208.2 -6435.5
500 7459.3 -6358.8
501 7104.7 -6475
502 7194.9 -6440.9
503 -7010.5 -1430.4
504 7349.9 -6166.9
505 8084.7 -5209
506 7500.4 -5660.9
507 7486.8 -5614.3
508 7701.3 -6188.2
509 2528.4 -2068.6
510 2423 -2046
511 2211.9 -1748.9
512 2152.4 -1700.2
513 676.5 -883.5
514 -6917 -1504.4
515 185.4 -724.3
516 170.8 -762.1
517 267 -755.2
518 6867 5291
519 6750.3 5341.1
520 483.5 3885.9
521 904.3 3559
522 3067.9 -6139.9
523 2986.8 -5995.8
524 2321.5 -6025.4
525 -6880.7 -1420.5
526 2318.9 -5983.2
527 1298 -2067.5
528 1200.7 -2315.3
529 1055.6 -2592.9
530 1269.8 -2409.4
531 1167.4 -2702.3
532 1840.6 -3143.4
533 1168.4 -654.7
534 1330.1 109.9
535 1333.9 464.8
536 -6787.5 -1460.8
537 1233.5 73.3
538 1225.9 45.6
539 1242.8 -73.8
540 1185.7 -323.2
541 1000.8 -544.9
542 1295.5 -463.5
543 1282.3 -397.5
544 1280.4 -282.7
545 1285.7 18
546 1311 65.8
547 -6837.4 -1539.4
548 1245.4 92.1
549 1666.5 366.6
550 1135.6 -2196.9
551 722.7 -2534.2
552 713.8 -2566.9
553 626.1 -3001.9
554 591.6 -3009
555 829.9 -2950
556 847.8 -3065.5
557 902.7 -2929.8
558 -6626.8 -2298.5
559 -6808.6 -1494.9
560 891.6 -2858.2
561 972.6 -2909.3
562 990.4 -3025.6
563 945.3 -2846.3
564 1105.4 -2742.9
565 816 -2865
566 743.8 -2872.6
567 770.6 -2966.9
568 548.1 -3130.1
569 856.4 -3120.9
570 -6870.8 -1672.9
571 920.6 -3044.5
572 195.3 -4654.8
573 298.7 -4373.4
574 532.7 -3571.2
575 543.6 -2619.2
576 522.6 -3605.5
577 254.8 -4458.6
578 1245.5 -3561
579 -150.9 -4453.1
580 -529 -4407.7
581 -6793.6 -1685.7
582 -311.6 -3967.4
583 -733.7 -3958.7
584 -691.4 -3867.7
585 -334.8 -7560.6
586 -207 -7600.6
587 -279 -7394.2
588 -354.4 -7376.1
589 -23.6 -7142.9
590 116.9 -6742.3
591 1.3 -6700.9
592 -6812.8 -1720.2
593 704.9 -6926.4
594 -27.5 -7644.2
595 6671.8 -4338.3
596 6176.8 -4053.2
597 5842.8 -4720.8
598 7028.5 -4429.8
599 5830.8 -4866.7
600 7246.6 -4718.3
601 6104.6 -5021
602 6057.5 -5164.4
603 -6253.8 -1497.7
604 6375.3 -5095.2
605 7252.2 -4892.5
606 7008.4 -4864.4
607 7457.8 -4956.6
608 4678.9 -3859.4
609 4797.4 -3954.9
610 3773.5 -4343.6
611 3726.3 -4386.6
612 3974.1 -4527.6
613 3956.7 -4590.1
614 -6236.9 -1424.9
615 3847.3 -4420.2
616 3984.5 -4465.8
617 3800.9 -4465.3
618 3671.5 -4427.7
619 3939.3 -4653.9
620 3698.6 -4564.4
621 3753.2 -4511.1
622 3695.9 -4926
623 3792.7 -5036.9
624 3734.4 -4968.7
625 -6606.8 -637.9
626 3803.4 -4916.4
627 1980.8 -4915.6
628 1677.8 -4382
629 3334.6 -4180.3
630 3291.6 -4112.7
631 2544.5 -5894.7
632 2416 -5948.4
633 2372.2 -5926.2
634 2266.1 -5966.8
635 2312.8 -5940.4
636 -6696.5 -809.5
637 1987.3 -5411
638 2040.5 -5542.6
639 1685 -6347.2
640 1828.1 -6442
641 1779.6 -6222
642 1910.2 -6306.6
643 1861.1 -6464.5
644 2174.9 -5893.4
645 2282.6 -5824.9
646 2130.4 -5859.5
647 -6735.5 -769.5
648 2303.4 -5897.8
649 2046.3 -5788
650 2172.8 -5689.3
651 2160.2 -5615.6
652 2089.8 -5823.3
653 2986.2 -5256.9
654 3119.2 -5410.1
655 3064.5 -5190.2
656 3096.7 -5160.9
657 3053.7 -5121.8
658 -6775.4 -840.3
659 3175.6 -5319.2
660 2809.6 -4232.2
661 3318.8 -4473.3
662 2782.5 -4278
663 2310.2 -6405.2
664 2277.4 -6293.7
665 2948.1 -7247.5
666 2953.6 -7273.4
667 2347.6 -6853.2
668 2341.4 -6878.1
669 -6432.6 -2021.7
670 -6607.7 -872.1
671 2313.9 -6876.5
672 2809.1 -7477.8
673 2689.4 -7577.2
674 2727.5 -7452
675 2843.2 -7598.8
676 2768.1 -7324.1
677 2846.7 -7351.4
678 2925.1 -7375.1
679 3129.6 -7412.5
680 3072.5 -7635.6
681 -6777.3 -711.3
682 3095.8 -7905.1
683 3127.4 -7739.7
684 3146.9 -7326.7
685 3647.7 -8259.9
686 3626.6 -8256.3
687 3179.8 -8108.5
688 2757.2 -7978.3
689 2211.3 -7929.8
690 2278.5 -8861.2
691 -7086.5 -4444.8
692 -6796.2 -668.9
693 -7282.2 -4468.2
694 -7019.3 -4561.8
695 -7526.7 -4393.9
696 -7957.8 -5177.4
697 -7951.7 -5111.2
698 -8043 -6504.8
699 -8025.7 -6406.3
700 -7963.1 -6086.4
701 -7986.5 -6199.3
702 -8078.4 -6073.2
703 -6850.3 -694.7
704 -8146.9 -6200.1
705 -8186.8 -6383
706 -7737.9 -6113.5
707 -6136.4 -5618.1
708 -6155.3 -5681.3
709 -6135.9 -5549.2
710 -5987.8 -5549.3
711 -5735.1 -5815.6
712 -5662.1 -5939.3
713 -5678.5 -5794.9
714 -6712.1 -644.1
715 -5825.6 -5743.7
716 -5730.2 -5694.9
717 -5865.7 -6122
718 -5792.2 -6009.3
719 -6096.2 -6151.9
720 -6177 -6227.5
721 -6733.7 -5234
722 -4421.1 -6196.7
723 -3540.2 -4529.4
724 -2889.3 -3596.7
725 -6673.3 -641.8
726 -6854.3 -7955.2
727 -6963.4 -7962.9
728 -6871.7 -8036.4
729 -7132.2 -8118.6
730 -7131.7 -8042.5
731 -7133.4 -8197.6
732 -6958.8 -8121.1
733 -7321.3 -8116.3
734 -7138.7 -7979.8
735 -7317.2 -8050.7
736 -6895.3 -712.9
737 -6905.2 -8031.6
738 -7313.3 -7988.1
739 -7147.1 -7900.9
740 -7155.9 -7828.9
741 -7223.4 -7842.8
742 -7025.2 -7836.9
743 -6977.9 -8197
744 -7571.7 -8062.1
745 -7623.1 -8064.5
746 -7449.7 -8056.4
747 -6879.7 -847.6
748 -7565.6 -8212.7
749 -7444 -8194.6
750 -7832.7 -8075.2
751 -5918.7 -8408.7
752 -5952.7 -8409.1
753 -5923.9 -8497.9
754 -5850.2 -8412.6
755 -5759.5 -8242.3
756 -5250.2 -8577.9
757 -2608.6 -7650.6
758 -6848.4 -880
759 -4335.5 -9219
760 -4213 -8648.4
761 -4148.5 -8671.1
762 -4288.8 -8902.5
763 -4112.9 -8387
764 -4007.9 -8067.6
765 -3993.8 -8040.8
766 -3828.8 -8785.6
767 -3673.6 -8771.6
768 -3561.3 -8768.7
769 -7014.5 -758.5
770 -3830.3 -7341.4
771 12909.3 348.3
772 13004 535.5
773 12842.6 383.5
774 13142.1 1602.5
775 13247 1602.1
776 13019.2 1605.8
777 13103.6 1458.4
778 12991.8 1038.8
779 13059.7 1019.3
780 -6439.3 -2151.8
781 -7046 -757.8
782 13027.4 1175.6
783 12877 1069.1
784 12906.1 566.6
785 12964.4 548.5
786 13071.9 674.7
787 12955.8 714.1
788 13017.8 692.7
789 13135.5 817.1
790 13004.8 859.6
791 13070.6 837.9
792 -7144.1 -950.5
793 13088.1 1012.3
794 12725.1 446.7
795 12368.9 170.4
796 12468.3 136.8
797 12250.9 210.6
798 12455 351.8
799 12548.3 543.1
800 12598.1 680.3
801 12644.8 490.9
802 12647.9 824.3
803 -6832.6 -954
804 12745.9 1103.4
805 12550.7 309.4
806 12636.4 265.3
807 12320 900.9
808 12509.6 729.6
809 12700.6 637.3
810 12749.7 783.8
811 12570.8 857.6
812 12339.9 956.6
813 12539.6 871.3
814 -6882 -1083
815 12346.4 976.9
816 12622.4 1616.8
817 12540.5 1301.4
818 12847.1 1076.5
819 12914.7 1213.9
820 12986.3 1476.6
821 12753.7 1612
822 13125.8 1149.3
823 13063.6 1312.8
824 13237.4 1119.5
825 -6648.7 -913.2
826 13270.6 1258.3
827 13161.4 1287.5
828 12949.1 1336.7
829 12816.5 1351.1
830 12851.7 1484.9
831 13201.1 1431.3
832 12728.9 1512.2
833 12694.6 1380.1
834 12665.7 1269.2
835 12792.1 1252.5
836 -6629.3 -1019.5
837 13125.1 1002.7
838 12079.1 1861.8
839 12344.8 1802.2
840 12111.3 1995
841 12377.6 1937.8
842 12160.6 1984.4
843 12328.6 1948.3
844 12532.7 2986.4
845 11760.4 343
846 11835 663.5
847 -6631.1 -1039.7
848 11977.7 635.1
849 11973.7 752.9
850 10934.8 1151
851 11159.5 1233.7
852 11955.6 1101.6
853 11885.4 1120.5
854 12140.2 1041.5
855 11835.4 1101.2
856 11175.6 361.2
857 11015.3 -118.5
858 -6943.2 -1064.4
859 11136.5 -233.9
860 10921.7 -195.8
861 8589.2 1741.9
862 8392 1799.5
863 9365.6 1505.6
864 9467.9 1297.7
865 9112.2 1582.6
866 8826.4 1670.4
867 8964.2 1628.7
868 8806.2 1676.5
869 -6993.8 -1089.2
870 8915.9 1994.9
871 8827.6 2019.8
872 9054.6 1955.8
873 9078 2304.4
874 9429.1 2566.9
875 9310.7 2599.4
876 9518 2891.5
877 8984.3 3086
878 9300.5 3134.7
879 9487.8 1872.2
880 -7295.2 -681.9
881 9490.1 1897
882 9596.5 1843.7
883 9586.7 3164.5
884 9398.6 2922.7
885 9257.7 2960.7
886 9564 2166.5
887 9535.2 2061.4
888 9692.3 2131
889 9797.1 3021.7
890 9339.9 2240.6
891 -6252.8 -2028.9
892 -7001.5 -609.4
893 9286.9 2251.9
894 10168 1036.1
895 9682.1 839.1
896 9145.4 2286.8
897 9038.9 1604.3
898 9220 2270.1
899 12111.6 4343.5
900 12390.6 6167
901 12364.3 6063.7
902 9118.7 5971.8
903 -7247.8 -780
904 9052.8 6031.5
905 9209.6 6197.3
906 9261.3 6132
907 9241.4 4891.1
908 9314.4 4946
909 9242.2 4946.1
910 9216.2 4898.9
911 9065.8 4966.6
912 8990.5 4537.1
913 8868.6 4910.2
914 -10458.2 -592.4
915 9770.4 3901.8
916 9863.3 3880.4
917 9662.2 3928.4
918 9705.6 4094.4
919 9279.1 4189.9
920 9388.1 4167.3
921 9913.8 5361.4
922 9918.6 5440.3
923 9604.7 5367.7
924 9905 5255.1
925 -10282 -581.3
926 9531.4 5368.9
927 9708.5 5443.7
928 9797.1 5538.9
929 9788.5 5738.1
930 9858.8 5690.7
931 9924.5 5644.4
932 5495.6 4408.3
933 7655.9 139.3
934 7694.2 274.9
935 7630.4 156.2
936 -10145 -349.2
937 7644.6 296.8
938 7568.7 40.6
939 7582.6 183.3
940 -4993.2 -6012.5
941 -4779 -6104.6
942 -4609.9 -5649.4
943 -4543.7 -5577.8
944 -4668.1 -5598.1
945 -4548.8 -5704
946 -4462.7 -5490.6
947 -10003 -616.9
948 -4601.2 -5526
949 -4403 -5541.7
950 -4576.5 -5734.8
951 -4459.8 -5782.6
952 -4483.6 -5632.4
953 -3995.8 -5580.8
954 -6529.2 -8202
955 -5978.6 -5041.5
956 -5721.3 -4951.9
957 -2665.6 -4194.1
958 -10394.5 -333.6
959 -2642.5 -4110.7
960 -2545.9 -4133.6
961 -1960.5 -3997.2
962 -1525 -3971.7
963 -143.7 -5834.5
964 -1538.5 -7050.4
965 -1498.8 -6906.9
966 -1550.3 -6803.6
967 -5499.2 -4692.7
968 -5466.4 -4663.1
969 -10721.3 -488.1
970 -5462 -4856.2
971 -5855.8 -4481.1
972 -5212.9 -4258.6
973 1324.2 -7701.3
974 1594.4 -7804.6
975 1564.4 -8301.9
976 1694.4 -7853.8
977 1711 -8676.1
978 1739.8 -7778.2
979 1311.8 -7601.1
980 -10578.1 -346.8
981 1611.8 -7721.8
982 912.7 -7498.3
983 -1306.5 -7657.5
984 -1077.8 -7048
985 -1015.7 -6893.2
986 -13.9 7853.8
987 917.8 7496
988 789.8 6985.2
989 320.5 7855
990 257.8 7862.7
991 -9874.3 -723
992 382.2 7847.1
993 732.5 7560.3
994 792.3 7580.8
995 1568.3 7370.5
996 1545.6 7440.4
997 1347.1 -4958.9
998 1437.1 -4811.1
999 1094.5 -4534.6
1000 1124.4 -4639.8
1001 1072.5 -4539.9
1002 -6617.1 -2010.3
1003 -9979.1 -618.9
1004 1062.5 -4419.8
1005 1153.7 -4517
1006 1119.5 -4401.9
1007 1184.7 -4621.7
1008 1210.9 -4499.3
1009 1187.8 -4382
1010 1080.9 -4273
1011 1128.7 -4031.8
1012 1211.1 -4189.3
1013 1097.6 -4123.9
1014 -7227.2 -7259.5
1015 373.9 5185.3
1016 299.5 5309.5
1017 326.5 5244.6
1018 434.2 5173.5
1019 -1826 -7989.6
1020 -1864.8 -7973.8
1021 -1857.6 -8028.2
1022 -1833.3 -8021.3
1023 -1878.8 -8009.8
1024 3029.1 3924
1025 -7434.5 -7213.7
1026 -3015.5 -4962.6
1027 -3027.2 -4444.8
1028 -2826.7 -4635.5
1029 -2701.3 -4797.4
1030 5293.8 1329.6
1031 10328.9 160.9
1032 10437.8 139.4
1033 10548.4 117.5
1034 10360.6 319.2
1035 9089.5 1472.6
1036 -7013 -7285.1
1037 8771.7 1557.1
1038 8539.7 1844.5
1039 8532.5 1821.6
1040 8413.3 1882.8
1041 8592.6 2037.6
1042 8603.5 2079.3
1043 8476 3594.6
1044 8531 3408.7
1045 8562.2 3524.4
1046 8633.8 3380.5
1047 -7459.6 -7421.3
1048 1042.9 8169.9
1049 1377.4 7461.4
1050 1420.3 7326
1051 762.1 7060.6
1052 451.7 7187.8
1053 629.9 7012.3
1054 695 7035.5
1055 538.9 7228.9
1056 883.8 7367.9
1057 960.2 7161.4
1058 -7218.4 -7082.9
1059 992.7 7164.8
1060 1812 -9081
1061 -535.1 -3089.8
1062 -2618.7 -7062.6
1063 -2905.3 -7656.2
1064 -2456 -7138.6
1065 85 1081.9
1066 83.2 453.1
1067 11296.3 3026.8
1068 11478.4 1412.9
1069 -7299.3 -7699.9
1070 12244.4 1966.3
1071 12235.4 1928
1072 12253.7 2006
1073 -1604.5 5286.9
1074 -1653.1 5184.3
1075 -1506.6 5153.7
1076 -1384.8 5139.7
1077 -1485 5258.3
1078 -2180 4603.6
1079 -10460.3 1.8
1080 -7317.7 -7845.6
1081 -10400.2 -76.1
1082 -4549.7 1420.1
1083 -4712.3 1136.4
1084 -4591.2 1699
1085 -4667 2153.6
1086 -5011.4 2262.3
1087 -4877.1 2245.8
1088 2031.4 2553.1
1089 2098.1 2470.7
1090 1918.1 2458.4
1091 -6779.4 -7773.8
1092 -6366.6 4779.8
1093 -6437.1 5007.2
1094 -6517.3 5009.8
1095 -6348.8 5011.1
1096 -6312.3 4791.6
1097 -6243.6 4806
1098 -6281 5029.6
1099 -5880 5093.3
1100 -6519.6 4957.5
1101 -6715.4 5041.6
1102 -7330.7 -8268.3
1103 -6896.2 4994.3
1104 -6961.8 4925.8
1105 -6846.5 4944.3
1106 -6916.9 4881.9
1107 -6997.9 4968.6
1108 -6879.1 4846.6
1109 -6765.3 4885.2
1110 -6740.8 4885.6
1111 -6485.2 4794.4
1112 -12680.2 1883.4
1113 -766.3 597.4
1114 -6169.9 -1722.6
1115 -7409.8 -8288.5
1116 -12886.5 1777
1117 -12897.2 2048.7
1118 -10940.3 325.8
1119 -9554.3 -33.4
1120 -9493.6 -295.7
1121 -9547.4 -210.4
1122 -9205.8 -380.1
1123 1711.6 4867.1
1124 9643.7 8880.9
1125 8503.4 9696.3
1126 -7126.5 -8273.3
1127 8644.4 8949
1128 3512.6 10701.6
1129 3334.3 10666.7
1130 3119.8 10717.1
1131 2685.9 10674.8
1132 2722.9 10655.5
1133 2584 10701.1
1134 2697.4 10602.1
1135 2467.2 10710.8
1136 2732 10516.9
1137 -7324.9 -8177.2
1138 3187.9 9554.1
1139 6807 3104.2
1140 6619.2 3196.5
1141 6727.2 2928.2
1142 -3352.3 -5453.9
1143 -4848.4 -6289.2
1144 -4800.1 -6167
1145 -1457.4 2604.3
1146 -4131.6 -9090.6
1147 3235.8 2796.1
1148 -6924.4 -8283.2
1149 3066.2 3031
1150 3321.5 2726.1
1151 4138.5 3244.2
1152 4221.5 3148.9
1153 4282.5 3075.7
1154 4255.7 3111.1
1155 4078.5 2957.5
1156 3924.9 3064
1157 4036.6 3157.8
1158 4312.5 3145.5
1159 -6992.9 -8272.8
1160 1252.7 8078.3
1161 1251.4 7958
1162 879.3 7612.9
1163 4231.4 5868.8
1164 5539.9 6740.8
1165 -7582.4 -6274
1166 -2906.8 -2769
1167 -2927.9 -2840.2
1168 -2819.4 -2798.5
1169 -5391.1 -4720.1
1170 -5773 -8585.5
1171 -5950 -4303.4
1172 -5974 -4283.1
1173 -10224.2 -8007.6
1174 -9913.3 -7992.6
1175 -9612.1 -7840.8
1176 -9515.9 -7837.3
1177 206.2 1413.2
1178 1952.6 6168
1179 1914.9 6143.6
1180 -9233.2 -7797.2
1181 -5769.5 -8502
1182 -8806.8 -7899.2
1183 895 -7538.2
1184 949 -6987.1
1185 1177.3 -6731.8
1186 1099.1 -7026.8
1187 806.1 -6951.5
1188 868.3 -7617.7
1189 855.7 -7654.7
1190 -2480.6 -3144.9
1191 -2609.7 -3100.9
1192 -6154.1 -8558.7
1193 -3473.5 -5590.1
1194 -4515.1 -1651
1195 -2394.9 -7558.6
1196 3517.2 7088
1197 4263.6 6852.1
1198 4303.1 7054.1
1199 3185.2 7133.2
1200 2878.4 7033.3
1201 2707.3 7056.6
1202 -891.3 -4527.5
1203 -4670.9 -8837.8
1204 -981.8 -4460.1
1205 -946.6 -4421.3
1206 -911.7 -4369.8
1207 4062.7 2142.4
1208 -692.3 -3471.5
1209 -803.2 -3795.5
1210 -828.2 -3692.2
1211 -744.8 -3831.9
1212 8995.6 7875.5
1213 9047.8 7846.8
1214 -4447.1 -8894.5
1215 9045.1 7967.5
1216 12377 1359.6
1217 6922.6 3946.9
1218 7843.5 2333.7
1219 2516 8020.1
1220 411.8 7259.5
1221 721.6 6960.6
1222 1645 7588.3
1223 1871.6 7781.7
1224 1582.3 7757
1225 -6354.2 -1663.5
1226 -3497.9 -9107.7
1227 1501.5 7600.1
1228 9114.1 3466.9
1229 9232.3 3433.3
1230 8651.8 1564.6
1231 8617.5 1565
1232 8703.8 1706.9
1233 8739.2 1695.7
1234 8757.2 1324.7
1235 8878.8 1388.4
1236 8647 1351.2
1237 -3435.8 -8921.4
1238 11841.6 1184
1239 11811.4 1090.5
1240 11594.4 -292.7
1241 2590.5 3820.9
1242 10928.5 -111.7
1243 11217.2 1231.9
1244 2524.5 3782.7
1245 1106.7 -7372.3
1246 1761.7 -7659.6
1247 -826.7 -6489.7
1248 -3570 -9091.4
1249 -881.1 -6618.3
1250 -572 -6559.3
1251 -353.4 -6672.3
1252 -1312.8 -6254
1253 -1272.7 -6000.2
1254 -1325.9 -6284.5
1255 -1259 -5957.3
1256 3880.8 7241.1
1257 4265.3 7467.2
1258 3894.5 7212.5
1259 -3440.7 -9117
1260 1199.5 8790.4
1261 1229.4 8697.1
1262 1291.5 8638.9
1263 1176.8 8596.5
1264 837.5 9345.7
1265 1045.5 9197.4
1266 1093.5 9301.8
1267 1049.5 9229.6
1268 5951.2 6206.9
1269 3467.5 8507.5
1270 -5790.2 -7289.3
1271 4473.9 8943.3
1272 4495.7 8881
1273 4547.5 8885.5
1274 3661.1 7415.3
1275 2351.4 -5912.4
1276 2787.8 -5872.2
1277 -6635.1 -5378.5
1278 -6658.4 -5335.2
1279 -6680.4 -5304.1
1280 -6947.8 -5466.8
1281 -5697.1 -7316.4
1282 -6937.2 -5546.1
1283 -6706 -5921.8
1284 -6764.8 -5866.8
1285 -6586.5 -6845.2
1286 -6575.5 -7004.9
1287 -6616.9 -7005.3
1288 -6847.1 -7885.3
1289 -7984 -7716
1290 -7346.9 -6372
1291 -6118.7 -6391
1292 -5775.5 -7222.8
1293 -6187.1 -6354.2
1294 -6173.9 -6618.8
1295 -6107.2 -6604.4
1296 -6079.7 -6513.2
1297 -2236.7 3483
1298 -2267.4 3482.7
1299 7546.5 -6404.8
1300 7557.5 -5126
1301 3252.5 -4106.6
1302 3282 -4416.4
1303 -5794.9 -7309.7
1304 -5537.5 -5194.2
1305 -5453 -5073.8
1306 -8071.4 -5908.6
1307 -3889.3 -7215.2
1308 -4465.6 -5716.3
1309 -470.1 4265.4
1310 7910.1 4203.7
1311 7979.2 4362.7
1312 8275.7 4857.5
1313 9453.9 3150.5
1314 -5472.3 -7376.2
1315 9168.7 2637
1316 8782.7 2747
1317 -4894.1 -3983.4
1318 -4828.7 -3918.1
1319 -4782.4 -3793.4
1320 -4780.9 -3977.8
1321 -4991.3 -3820.8
1322 -4666.4 -4139
1323 -4865.6 -4118.9
1324 -6039.7 -4904.9
1325 -5246.6 -7430.7
1326 -6151 -4536.5
1327 1036.3 3305.6
1328 -220.6 3474.6
1329 -231.8 3557.8
1330 -24.8 3400.2
1331 -40.3 3203.8
1332 -21 3461.2
1333 3543.1 9467.3
1334 3082.8 9347
1335 2535.7 8081.8
1336 -6346.3 -1572.7
1337 -5451.4 -7301
1338 4322.8 -3626.6
1339 -4145.8 -4284.5
1340 -1015.1 1777.5
1341 -3275.2 1583.9
1342 -7693.4 -4838.5
1343 -7671 -4835.9
1344 7438.2 336.9
1345 7955.5 -873.5
1346 7998.4 -906.6
1347 7810.6 -1050.2
1348 -5484.7 -7422.3
1349 7507.3 -862.8
1350 6746.6 -488.2
1351 8638.6 54.3
1352 10219.4 182.6
1353 12461.9 589.4
1354 12346.7 404.2
1355 -11272.5 295.3
1356 -11178.3 277.2
1357 -9593.2 -256.9
1358 -7569.5 -4637.5
1359 -5670.1 -7323.2
1360 -7060.3 -4612.1
1361 -7390.7 -4612.7
1362 -6058.9 -6889.7
1363 -4181.9 -3990.1
1364 -3943.1 -4176.8
1365 -4120.2 -4216.1
1366 2680.6 6985.5
1367 -6545.3 -4828.9
1368 -6474.4 -4840.3
1369 6639.8 -1852
1370 -5008.2 -7420.5
1371 3203.5 7240
1372 3109 7148.1
1373 2174.3 6460.2
1374 2230.7 6333.3
1375 2189.3 6524.8
1376 5744 5187.9
1377 7706.3 7682.2
1378 3768.1 7609.5
1379 734.9 9308.4
1380 734.7 9039.6
1381 -4552 -7424.8
1382 798.7 9097
1383 807 9003.1
1384 925.5 8817.9
1385 822.9 8984.6
1386 63.9 7720.1
1387 198.3 7477.9
1388 810.2 7963.5
1389 858.4 8036.7
1390 781.4 8059.3
1391 1092.4 8301.3
1392 -5072.6 -7426.5
1393 1070.6 8286.7
1394 -5776.2 -7636.4
1395 6652.4 5626
1396 6651.8 5471.4
1397 8084 4977.9
1398 8129.4 4948.2
1399 8485.1 3570.9
1400 9712.8 1217.5
1401 9851.4 798.1
1402 9692.8 981.1
1403 -5012.8 -7308.6
1404 4696.6 5101.6
1405 4604.4 4982.4
1406 4807.3 5211.4
1407 -3022.9 735.7
1408 2203.2 4135.3
1409 1371.8 7698.3
1410 1416.7 7638.8
1411 1403.6 7782.4
1412 1330.4 7906.1
1413 1389.1 7927.5
1414 -3587.7 -7389.2
1415 1303.1 8221.3
1416 6651.2 2739.7
1417 6818.3 2648.3
1418 6706.7 2843.6
1419 6926.3 5096
1420 6724.7 2904
1421 4458.6 4336.1
1422 4435.5 4295.8
1423 4518.9 4287.1
1424 6608.8 5643.9
1425 -3092 -7389.6
1426 7943.7 5931.3
1427 -246.8 -2561.6
1428 -112.9 -2595.5
1429 7867.7 6842.2
1430 7990 6915.6
1431 -2362.7 -4218.6
1432 -2428.1 -4207.3
1433 -6847.2 -7919.1
1434 -6702.8 -7930.2
1435 -6734.8 -7999.6
1436 -3405.7 -7521
1437 -5913.5 -8040.6
1438 -6067.8 -8110.7
1439 -6613.2 -8058.7
1440 -6571 -7975.5
1441 -6640.2 -8045.6
1442 -6585.5 -8072.2
1443 -6426.8 -7987.8
1444 -6490.4 -8118.4
1445 -6192.5 -8537.7
1446 3074.7 9184.5
1447 -6268.1 -1577
1448 -3617.1 -7405.4
1449 -2225.3 3915.8
1450 -2926.3 2757.7
1451 -2942.1 2812.3
1452 -6246.7 -8442.9
1453 7995.2 2151
1454 10306.5 1829.7
1455 10124 1880.1
1456 -6208.9 -8432.1
1457 -6626 -8155.4
1458 -6680.7 -8129.4
1459 -3582.9 -7678
1460 -7915.3 -7860.2
1461 -7261.4 -7871.8
1462 -7628.2 -8222.3
1463 -6218.1 -4467.4
1464 -6106 -4458.8
1465 -3424.2 2561.2
1466 -2892.1 2487.4
1467 -3359.2 2548.1
1468 2988.3 5174.2
1469 2966.7 5136.6
1470 -3508.9 -7675.2
1471 3060.4 5109.5
1472 -1106.7 -3548
1473 -1493.9 -3693.6
1474 1522.3 -4400.5
1475 1550.4 -4389.6
1476 -7347.2 -5116.1
1477 -5760.8 1047.9
1478 -4926.5 1156.4
1479 -4928.2 1037.9
1480 -4935 863.7
1481 -3582.7 -7525
1482 1507.6 1058.2
1483 1501.9 1175
1484 6354.1 3128
1485 6365.9 3171.9
1486 5384.3 7325.7
1487 7951.5 7164.2
1488 -139 -6651
1489 667.5 1673
1490 589.4 1756.3
1491 775 1558.6
1492 -3587.3 -7835.7
1493 648.3 1652.2
1494 615.9 1722.2
1495 8168.3 1715.9
1496 10395 312.5
1497 2150.2 6798.5
1498 4933.7 3936.7
1499 4850.7 4068.1
1500 8927.4 3614.2
1501 8275.2 3509.5
1502 8430.5 3466.8
1503 -3361.3 -7669.2
1504 8414.9 3410.7
1505 8365.1 3295.7
1506 8226.4 3333.1
1507 8270.1 3132.5
1508 8452.4 3585.9
1509 345 5370.9
1510 -104.6 7943
1511 408 1942.5
1512 443.1 1905.4
1513 383.6 1914.9
1514 -3437.9 -7672.7
1515 475.8 1870.1
1516 490 1833.9
1517 6581 2511.6
1518 -2031.7 -2548.8
1519 -1977.9 -2355.6
1520 -2145.8 -2621.6
1521 -813.4 -2462.4
1522 -1525.4 -6348.3
1523 -1648.1 -6488.9
1524 -2345.8 -2769.5
1525 -3307.6 -7588.3
1526 -12151.7 -607.3
1527 -11842.9 -675.9
1528 -5438.2 775.5
1529 -5769.1 619
1530 -5682.4 616.5
1531 -4993.4 722
1532 -3367.9 -6756.8
1533 -3253.4 -6794.2
1534 -3222.8 -6941.3
1535 -3281.1 -6225.6
1536 -3372.5 -7772.4
1537 -3266.9 -6301.8
1538 -3313.5 -6311.8
1539 -3199.4 -6292.5
1540 -3167.9 -6436.6
1541 -3173.5 -6290.2
1542 -4299 -6395.7
1543 -4145.2 -6446.3
1544 -4399.1 -6409.9
1545 -4475.7 -6475.1
1546 -765.4 4712.1
1547 -8115.4 -1338.6
1548 -2200.2 6050.8
1549 -2715.6 6597.7
1550 -363 4894.8
1551 -341.8 4924.8
1552 -405.8 4657.1
1553 -410.1 -7294.5
1554 -1307.4 2192.6
1555 9353.2 -3170.2
1556 6009 -3424.2
1557 5793.6 -3652.9
1558 -6560.9 -1536.6
1559 -7950.4 -1453.9
1560 3124 3150.7
1561 -4886.5 852.6
1562 -4943.6 706
1563 -5332.1 1341.4
1564 3882.3 10337.9
1565 6176.5 -3139.4
1566 6610.6 -3237
1567 -764.1 199.9
1568 -517 155.4
1569 -1426.2 3898.9
1570 -8134.1 -1322.3
1571 -6.9 -718.1
1572 -84.2 -706.5
1573 -86.9 -796.1
1574 8362.9 -3448.2
1575 6110.4 -3542.4
1576 5874.7 -3729.5
1577 6255.5 -3850.1
1578 -4774.1 2200.1
1579 -267.1 -636
1580 -6074.4 -4414.7
1581 -8157.8 -1394
1582 -5644.3 -4144.5
1583 -3847.2 -4899.4
1584 -2069.4 5652.5
1585 -2351.2 6221.7
1586 -2759.7 704.2
1587 -2766.7 593.1
1588 -2703.4 720.9
1589 -2529.4 806.2
1590 -2518.9 983.6
1591 -2430.1 977.1
1592 -8113.4 -1466.5
1593 -2343.2 1288.4
1594 -2389.8 1302.6
1595 -2646 735.6
1596 -2435.8 778.2
1597 -2528.3 758.6
1598 -1128 2692.9
1599 -7744.7 -2376.7
1600 1830 1048.2
1601 2495.6 -59.3
1602 1873.1 723.3
1603 -8393 -1075.9
1604 1831.2 796.4
1605 1979.1 -5022.4
1606 -1780.9 -3091.2
1607 -1806.9 -3043.3
1608 -1796.4 -3118.1
1609 -2119.7 -2798.5
1610 -3581.6 4693.9
1611 -3507.9 4780.3
1612 -3457.4 4604.9
1613 -3374.7 4706.3
1614 -8240.4 -887.2
1615 -3420.1 4891.4
1616 -1483.6 -870.3
1617 -1392.8 -907.2
1618 -1471.5 -922.1
1619 -4550.2 -4760.6
1620 -4656 -5149
1621 9475.9 7963.1
1622 -3458.6 -3873.3
1623 -3419.8 -3688.2
1624 -3846.5 -3660.1
1625 -8257.2 -585.1
1626 -3513.5 -3678.8
1627 -2644 5050.3
1628 -1810.2 4357.6
1629 -2398.1 -2797
1630 -2428.7 -2806.4
1631 -2891.3 2699.7
1632 -2521.1 2801.2
1633 -2522.5 2919.5
1634 6038.7 -4118.4
1635 6367.7 -3960.4
1636 -7898.3 -863.8
1637 8105.6 6800.5
1638 10494.7 8240
1639 8283.2 6928
1640 8057.2 6939.5
1641 -2582.8 -3445.3
1642 -2294 -2839.3
1643 -2328.3 -2839.5
1644 -2375.5 -2787
1645 -2225.5 -2829.9
1646 -4845.7 3948.6
1647 -7808 -878.9
1648 -6433.2 3814.2
1649 -3967.4 6040.3
1650 -4005.8 6079.1
1651 -2362.8 4688.8
1652 -176.7 -585.5
1653 -94.4 -532.1
1654 -3892.8 4250.6
1655 -3716.9 4123.2
1656 1277.6 471.5
1657 1167 418.6
1658 -7846.3 -982.7
1659 1204.3 435.9
1660 1260.2 385.8
1661 -2981.5 3155.6
1662 5130.7 3819.8
1663 -543.2 -34.1
1664 -545.4 -2.8
1665 6209.9 4530.1
1666 6194.5 4590.9
1667 -3023.9 -4388
1668 -2977.8 -4277.5
1669 -6215 -1579.5
1670 -7770.2 -1163.3
1671 -3027.6 -4017
1672 -2640.4 -5042.6
1673 -2749.8 -6093
1674 -2854 -6049.6
1675 -1958.1 5259.5
1676 -2729.9 3178.8
1677 -2843.6 3070.5
1678 -57.6 -623.5
1679 1165.7 337.1
1680 -3869.8 -6676
1681 -7897 -1142.2
1682 -728.7 -1220.7
1683 4053.6 7080.1
1684 764.7 386.8
1685 645.2 371.1
1686 605 304.2
1687 -4136.6 -6614.7
1688 -733.5 3820.4
1689 -5026.4 -2358.5
1690 -5040.2 -2394.7
1691 8054 6905.3
1692 -7404.7 -1300
1693 10555.9 8471
1694 10481.7 8242.4
1695 10657.8 8686.2
1696 8020.6 6647.4
1697 8024.9 6925.9
1698 -961 7403.1
1699 -1023.6 7489.3
1700 -504.6 3316.3
1701 -432.8 3456.4
1702 -2852.4 -3770.1
1703 -8004.9 -1137.6
1704 -606.8 1329.9
1705 7170.5 2212.9
1706 6891 2355.9
1707 6771.5 3922.1
1708 -11352.5 -257.6
1709 1486.7 9682.4
1710 -9056.3 15.5
1711 844.8 -2549.2
1712 720.4 -2659
1713 4983.6 -4271
1714 -7933.3 -956.4
1715 -1501.8 -4328.3
1716 -10681.3 -461.5
1717 -12850.2 1682
1718 -7413.4 -4612.8
1719 -7568.8 -4738.5
1720 -7442.5 -4637.7
1721 -7381.3 -4636.4
1722 -7412.8 -4636.7
1723 -6096.3 -3694.2
1724 -6490 -3338.8
1725 -8125.8 -835.8
1726 -9851.5 -735.7
1727 -6970.5 4820
1728 -6947.3 4775.8
1729 -5799.5 -6459.8
1730 -6448.6 -7293.5
1731 -6296.3 -7070.4
1732 -6421.7 -7058.3
1733 30.8 -650.6
1734 -3731 2676.3
1735 -5632.4 3040.3
1736 -8143.7 -1078.1
1737 -4720.5 3223.9
1738 3462.9 2572.4
1739 3448 2547.3
1740 3484.8 2574
1741 -5058.1 -2486.9
1742 -5062.7 -2424.9
1743 -4987.5 -2515.8
1744 -5267.4 -2941.5
1745 -4984.3 -2987.1
1746 -5206.7 -3223.1
1747 -7510.6 -1531.8
1748 -5306 -3749.4
1749 -4986.2 -3767.6
1750 -6808.5 -4669.7
1751 -7197.5 -4791.2
1752 -7260.7 -4805.1
1753 -7218.5 -4795.9
1754 -1962.4 8012.4
1755 -2552.1 8177
1756 -2412.5 7610.8
1757 -2424.1 7501.7
1758 -8327.9 -124.8
1759 -2378.1 7625.6
1760 -2471.5 7745.6
1761 -2121.3 7072.2
1762 -1087.5 7482.9
1763 -1922.2 6828
1764 7566.8 -1272.5
1765 -251.6 6185.1
1766 -653 6566
1767 -991.3 6758.4
1768 -5543 -6230.9
1769 -8320 188.7
1770 -5076.4 -7310.8
1771 -5072.2 -6977.2
1772 -588.3 -1844.2
1773 -638.8 -1793
1774 -3298.6 -5857.4
1775 -7757.1 -270.4
1776 -7671.9 -113.8
1777 -7876.7 -245.1
1778 -7883.6 -47.3
1779 -7899.6 -132.4
1780 -6203.1 -1507.4
1781 -8330.1 136
1782 -7840.5 44
1783 -7907 -238.1
1784 -7933.5 -398.4
1785 -6822.9 3549.7
1786 -6849.1 3569.3
1787 -6757 3547.4
1788 -6605.1 3577.1
1789 -7335.7 3257.1
1790 -6562.8 3594.8
1791 -6533.7 3625.5
1792 -2350.7 -1957.8
1793 -5787.3 2821.6
1794 -5994.6 3013.7
1795 -7019.7 4981.8
1796 -6516.4 4894.9
1797 -6739.7 4967.5
1798 -6779.2 4960
1799 -6617.7 4880.2
1800 -6665.4 4845.4
1801 -5887.4 4996.2
1802 -5892.1 4837.5
1803 -2223.8 -1966.2
1804 -5675 5137.6
1805 -5407.1 5126.2
1806 -5695.5 5205
1807 -5596.8 4885.3
1808 -5555.5 4888.7
1809 -5752.6 4706.2
1810 -5584.2 4745.7
1811 -5478 4725.1
1812 -590.1 771.6
1813 925.2 -668.7
1814 -2383.6 -1878.1
1815 -6080.3 2995.2
1816 -6126.4 3016.9
1817 -6042.1 2943.7
1818 -6095.2 2902.7
1819 -6146.3 2991.7
1820 -6243.6 2830.5
1821 -6203.5 2990.6
1822 -6339.1 3020.3
1823 -6271.4 2993.6
1824 -6164.6 2472.3
1825 -2474.9 -1995.6
1826 -5846.3 2178.9
1827 -5900.2 2039.3
1828 -5790.6 1994.4
1829 -5639.5 2602.3
1830 1197.8 5868
1831 1252.6 5894.6
1832 -5358.5 5099
1833 -5354.7 4982.6
1834 -5340.4 5126.9
1835 -5351.8 4871.5
1836 -2307.1 -2050.6
1837 -5215.1 4846.7
1838 -2129.3 839.8
1839 -460.8 -3030.1
1840 -5394.9 -4813
1841 -8049.7 3978.9
1842 -7773.1 4155.8
1843 9057.1 4508
1844 9012.9 4411.5
1845 8838.4 4489.2
1846 5184.3 -2001.2
1847 -2412 -2147.5
1848 5407.5 -1705.5
1849 3119.1 9678.5
1850 -204.5 -4617.3
1851 223.3 -4539.1
1852 110.5 -4516.2
1853 211.5 -4573.1
1854 865.1 -3176.6
1855 930.7 -3109.2
1856 879.6 1372.7
1857 524.5 1836.4
1858 -2479.9 -2171.1
1859 953.2 -4676.1
1860 988.1 -4540.3
1861 -1244.6 -1301.4
1862 1152.6 -4729.8
1863 195.7 -1501.2
1864 -3186.9 -5895.4
1865 -2799.5 -4303.8
1866 -2754.5 -4187.9
1867 -2806.4 -4327.1
1868 -2926.8 -4160.3
1869 -2434.1 -2264.4
1870 -2156.7 -3528.4
1871 -2260 -3565
1872 -2024.6 -3484.1
1873 1061.6 -4654.3
1874 1189.6 -4418.3
1875 373.2 -4268.2
1876 -723.7 -2935.6
1877 1222.7 -3579.3
1878 2060.7 -3511.5
1879 1883 -3391.9
1880 -2391.2 -2363.8
1881 1256.3 -4165.9
1882 7076.4 -2970.2
1883 6663.2 -2099.9
1884 -2868.9 2675.9
1885 -1641.1 -5740.5
1886 2958 -7212.8
1887 3033.7 -7233.9
1888 3054.7 -6104.9
1889 -5354.8 -4708.9
1890 -5278.8 -4496.8
1891 -6040.7 -1592.2
1892 -2460.8 -2198.8
1893 -5224.7 -4351.4
1894 -5216 -4301.2
1895 -5372.6 -4694.1
1896 -3369.6 -6125.5
1897 -2663.7 -5858.1
1898 -2712.3 -6002.2
1899 -2443.2 4401.6
1900 -1369.1 5221.2
1901 -2656.2 -5903.2
1902 -2689.8 -5990.3
1903 -2278.6 -2533.7
1904 -3121.2 -7235.4
1905 -3201.6 -7044.1
1906 1451.4 -6699
1907 4084.4 -2806.6
1908 4221.5 -2793.3
1909 5882.7 -2718.2
1910 5791.1 -2714.8
1911 5527 3318.7
1912 5185.5 3692.1
1913 5251 2887
1914 -1672.4 1655.1
1915 -2799.2 -3953.2
1916 -6224.5 -2341.1
1917 -6632.4 -2440.1
1918 -6664.5 -2439
1919 1350.7 -5730.4
1920 4989.8 4236
1921 4962 4198
1922 -64.8 -471.7
1923 -384.7 -5408.5
1924 -371.4 -5354.5
1925 -1710.1 1743.6
1926 -2649.7 -7618.7
1927 1725.2 -4136.2
1928 -3511 -7533.1
1929 -3508.2 -7807.2
1930 3576.4 -1350.3
1931 -3452.5 -5690.1
1932 -2323.2 -3391.6
1933 -2373 -3436.7
1934 -4732.9 2680.8
1935 852.5 -5666.8
1936 -1774.4 1613.1
1937 812.5 -5668.2
1938 -298.8 -7208.8
1939 -271.1 -7126.1
1940 -220.9 -7222.5
1941 -249.9 -7310
1942 -326.9 -7292.7
1943 -335.9 -7319.8
1944 -449.1 -6794.3
1945 -3359.4 -7044.7
1946 -3239 -7042.6
1947 -1497.7 1728.1
1948 -3046.7 -7601.8
1949 78.5 -5117.7
1950 -190.2 -4669.6
1951 -5235.5 4763
1952 -5243.9 4720.9
1953 -5058.7 4726.5
1954 -5545 -5490.1
1955 -4696.8 -5264.2
1956 3060.6 -7953.9
1957 4084.1 -8286.4
1958 -1365 2034.9
1959 4110.2 -8823.7
1960 -2157.5 -3060.2
1961 -2173.4 -2990.7
1962 1126.3 1994.4
1963 1044.9 2146.4
1964 4352.7 7464
1965 4596.6 7777.1
1966 -909 -4359.4
1967 -2959.6 -3966.9
1968 -3028 -3983.8
1969 -1322 2325
1970 95.3 1375.3
1971 -222.3 -4912.3
1972 241.7 -4539
1973 223.3 -4605.5
1974 350.4 -4632.2
1975 308.6 -4557.7
1976 345.3 -4658.3
1977 690.4 -4820.9
1978 -113.7 -4633.4
1979 -182.1 -4621.6
1980 -1029.9 2764.8
1981 2388.6 -3520.3
1982 2459.4 -3496.1
1983 2481.4 -3335
1984 2196.3 -3289
1985 2159.2 -3372.8
1986 1974 -3028.5
1987 2068.7 -3137.9
1988 2325.2 -2924.2
1989 1720 -3282.4
1990 -1985.8 -1347.6
1991 -1099.8 2710.3
1992 3215.9 -4176.4
1993 3104.4 -4074.7
1994 3614 -2841.5
1995 2653.8 -1859.9
1996 904.7 460.2
1997 857.6 505
1998 876.9 1347.4
1999 971.1 -2685.5
2000 985.9 -2599
2001 -1063.9 -1935.8
2002 -6187.2 -1443
2003 -1001.4 2708.8
2004 4597.5 3674.2
2005 4296.9 3882.5
2006 4847.2 4324.3
2007 5549 -5618.6
2008 5552.2 -5654.2
2009 3800.5 -3941.5
2010 997.7 682.3
2011 -1716.1 349.7
2012 2115.8 225.1
2013 -2167 -602.5
2014 -950.7 3064.7
2015 -1935 -8068.1
2016 -1925.7 -8045.1
2017 -1793.7 -7978.8
2018 -499.1 -84
2019 -6459.2 -3134.9
2020 -6473.4 -3174.4
2021 -6493 -3142.1
2022 -5913.7 -7977.9
2023 -1225.6 -6653.9
2024 -1182.6 -6608.2
2025 -1017.4 3065.2
2026 -4646.5 -9091.5
2027 -7798.5 -1534.2
2028 -2279.9 4661.7
2029 -2148.9 5499.4
2030 -2187.2 5536.3
2031 -99.1 4922.8
2032 -39.2 5093.7
2033 -115 5106.8
2034 -141.5 4509.2
2035 -2268.4 3537.3
2036 -956.4 3013.6
2037 -2368.1 3535.1
2038 -1077.6 -2157.4
2039 1564.6 338.1
2040 3396.2 -3568.7
2041 -6242.8 -8141.7
2042 -6295.6 -8118.5
2043 -6218 -8082.5
2044 -5830.9 -8258.3
2045 3863.8 -4404.8
2046 4560.5 -3736.4
2047 -611.9 3224.2
2048 542.5 9944.2
2049 6262.6 6607.8
2050 6230.5 6547
2051 5479.7 4827.3
2052 872.8 9028
2053 899.2 9000.3
2054 941.4 8951.4
2055 3486.4 -3498.5
2056 10106 -5083.1
2057 2327.6 -3452.3
2058 -905.6 136.3
2059 4407.7 1600.7
2060 4246.5 1736.1
2061 4636.1 1338.7
2062 4236.4 1728.9
2063 4473 1471.6
2064 3672.7 2347.5
2065 4503.2 1479.3
2066 11476 -294.6
2067 -6172.1 -6891.1
2068 -319.4 -6672.7
2069 -1060.8 14.6
2070 -5673.2 -7345.8
2071 -5505.1 -7493.6
2072 -3214.9 -6978.1
2073 -2951.7 -7762.3
2074 -4730.4 -5951.8
2075 -2248.6 -6473.1
2076 1734.3 1308.1
2077 1710.5 1235.5
2078 11643 437.7
2079 1641.6 -7189.1
2080 -1201.3 82.8
2081 1457.9 1954.1
2082 31.9 -5582.2
2083 1709.1 -4470
2084 1734.9 -4444.3
2085 1617.3 -4455.3
2086 70.3 -3347.1
2087 2857.1 7185.8
2088 1704.2 9216.9
2089 1153.5 6437.9
2090 3738.6 8707
2091 -1157.9 89
2092 -1675.2 -5618
2093 5571.6 4886.1
2094 6195.7 4715.4
2095 3879.5 9826.3
2096 9407.4 8027.6
2097 1719.7 788.3
2098 1791.9 805
2099 5713 4017.6
2100 5593.3 4357.5
2101 6048.6 4442.2
2102 -1339.2 60.4
2103 8097.5 1752.4
2104 8913.4 1377.9
2105 4597.6 4582.9
2106 4602.8 4743.2
2107 4610 4910.7
2108 1983 2378.5
2109 8374.5 3823.3
2110 8452.7 3793
2111 8682 -232.9
2112 9414.4 797.1
2113 -6165.1 -1450.8
2114 -1313.1 -108.9
2115 10177.4 1129.3
2116 8524.6 1255.3
2117 6178.8 3751.4
2118 -5007.3 -2285.5
2119 -6144.6 -8138.4
2120 4143.4 8912
2121 4045.5 8947.2
2122 -439.5 4491.1
2123 -930.9 2683.1
2124 1537.8 2711.7
2125 -7030.7 -2283.8
2126 1555.5 2726.3
2127 1471.7 2657.6
2128 7548.9 4885
2129 10310.9 1107.3
2130 10186.5 1162.3
2131 10148.3 1140.9
2132 788 785.7
2133 1003.9 3636.6
2134 -454.5 4257.6
2135 -465.2 4221.4
2136 -7251.8 -1871.4
2137 -694.8 2878.2
2138 533.9 4677.3
2139 504.8 4699.5
2140 652.3 4718.4
2141 3805.7 8681.4
2142 -2639.8 -3682.5
2143 2904.8 -3559.8
2144 4857.6 8849.8
2145 3469.5 8525.5
2146 877.9 -2391.1
2147 -7299.2 -1944.4
2148 10135.4 -5072.2
2149 4293.1 4540.5
2150 -4380.5 -6612.9
2151 2986.6 3900.9
2152 4918.1 4222.1
2153 4941.1 4177.5
2154 7679.7 5150.2
2155 7668.6 5093.7
2156 7855.5 5597.4
2157 7754 5573.4
2158 -7471.2 -1689.8
2159 7816.7 5468.8
2160 7903 5803.5
2161 7946.7 6155.7
2162 1950.3 -113.4
2163 9890.7 9048.6
2164 9854.7 9096.5
2165 9670.7 8867.7
2166 7921.3 5906.3
2167 7960.9 5883
2168 6495.4 4937.4
2169 -7298.3 -1654.8
2170 10600.4 8466.8
2171 10670.2 8682.2
2172 -303.8 6578.2
2173 -277.9 6538.6
2174 1780.5 4772.1
2175 1741.1 4745.6
2176 -6417.9 -4862.5
2177 1768.5 1048.4
2178 1774.9 950.4
2179 1806.4 800.5
2180 -7047 -1648.3
2181 7968.3 5961.3
2182 -2691.1 -3701.1
2183 -2701.1 -3831.6
2184 5030.6 -247.6
2185 1739.3 1182.8
2186 1754.5 1168.1
2187 7836.4 7701.2
2188 6715 2862.1
2189 2198.2 1658.6
2190 2133.9 1961
2191 -7393.5 -1628
2192 2164.7 1825.2
2193 2085.3 1921.3
2194 2103 1774.1
2195 2016.9 2002.5
2196 7731.3 5621.1
2197 7716.1 5571.4
2198 7287.1 4752.6
2199 7545.1 4857.8
2200 7878.5 5533
2201 7894.7 5517.2
2202 -7527.6 -1553.2
2203 7757.6 5544.8
2204 1745.5 1330.2
2205 420.1 1880.7
2206 774.8 2743.5
2207 7719.4 5101.3
2208 7242.4 4663.4
2209 7772.2 5525.8
2210 7900.9 5543.5
2211 7931.2 5691
2212 6733.8 3554.2
2213 -7289.2 -1615.9
2214 10589.8 8440.3
2215 7914.4 5709
2216 7668.2 5057.9
2217 6953.3 3766.3
2218 -1185.8 -2325.7
2219 1298.9 475.4
2220 1357.9 494.5
2221 2265.2 -8903.5
2222 8181.6 -4019.6
2223 -3598.8 -951.5
2224 -622.9 572.5
2225 -6142 -1459
2226 -7382.8 -1598.9
2227 10222.3 2036.1
2228 10183 1972.6
2229 10360.9 2031.6
2230 10092 2095.3
2231 10501.9 2089.8
2232 10604.6 1974.9
2233 10600.9 2204
2234 10007.1 2180.4
2235 9922.8 2108
2236 9943.9 2269.5
2237 -8047.3 -1197.8
2238 10095.6 2255.8
2239 10757.9 2717.9
2240 10711.4 2446
2241 10735.7 2847.3
2242 10543.3 2682.8
2243 10699.1 2828.2
2244 10631.3 2938.6
2245 8624.6 1303
2246 -936.4 834.3
2247 -1729.2 2898.7
2248 -6622.4 -2146
2249 -1749.7 2885.9
2250 -1743 2917.5
2251 -1552.9 2862.6
2252 -10600.4 -320
2253 9901.9 5209.7
2254 819.2 4060.1
2255 759.8 3967
2256 9266 4159.2
2257 135.9 4524.4
2258 -4835.5 -1278
2259 -6311.2 -2156.5
2260 8294.8 1636.3
2261 2873.8 3862.1
2262 8774.6 3013.3
2263 8799.8 2805
2264 6070.4 1433.1
2265 2404.7 -2092.8
2266 7499.9 1447.9
2267 -2150.2 -6408
2268 -159.3 124.7
2269 -7097.2 -1032.2
2270 -6785.2 -1723.9
2271 -836.3 -8363.8
2272 1335.2 -4998.6
2273 -6991.7 4862.2
2274 1162.4 -1211.3
2275 5369.6 -7347.5
2276 5674.7 -7331.2
2277 5376.9 -7229.6
2278 -231 5221.2
2279 859.5 4226.1
2280 3733 2261.9
2281 -7763.4 -1677.4
2282 1732.8 409
2283 4628.6 -6076.7
2284 1595.2 1870.9
2285 1314.6 -246.1
2286 2199.1 -2293.4
2287 2147.9 -2235.8
2288 -2604.9 -1771.1
2289 -2635.3 -1784.2
2290 1039.8 3587.8
2291 3340.3 -1263.3
2292 -8871.7 -647
2293 5598.7 730.9
2294 -4027.6 -4091.4
2295 -2903.5 -3900.6
2296 -2909.8 -3934.9
2297 -176.5 3191.1
2298 64.4 -546.1
2299 3185 464.4
2300 4538.2 2400.2
2301 9882.4 2079.7
2302 9789.8 2104.3
2303 -9051.2 -575.6
2304 9760.9 1999.7
2305 10334.8 1932.4
2306 9663.6 2026.3
2307 9902.9 2353.1
2308 10652.1 1255.9
2309 10003.5 2403.1
2310 10034.6 2920.4
2311 10178 2333.6
2312 99.8 3614.5
2313 8320.1 -3413.1
2314 -8806.7 -539.6
2315 8300.1 -3404.7
2316 8263.2 -3381.2
2317 7259.5 -2431.5
2318 2974.2 5372.3
2319 3499.7 -2544.5
2320 -6848.4 3534.2
2321 -580.5 -2971.9
2322 -2145.5 -6439
2323 -2231.1 -6451.5
2324 -260.5 -2751.5
2325 -11134.7 138.4
2326 2048.8 2297.3
2327 1936.9 2204.6
2328 -911.3 2833.3
2329 -906.1 2796
2330 -4670.9 -5230.8
2331 -932.1 1948.7
2332 -816.7 1967.1
2333 -514.2 2010.3
2334 -440.2 2057.6
2335 -406.3 2055.3
2336 -6055.6 -1489.1
2337 -11339.3 68.1
2338 -396.7 2080.6
2339 -497.3 2026.9
2340 -6387.1 -4872.8
2341 -6099.5 -4430.4
2342 -460.3 2585.1
2343 -3968.6 -8003.5
2344 1000.8 -2812.2
2345 1458.3 -2898
2346 10651.3 2290.5
2347 -4953 -2408.2
2348 -3003.1 -1099.5
2349 -4986.2 -2395.1
2350 7248.5 -2412.8
2351 -9.8 -7667.8
2352 8339.7 9069.3
2353 -6102.5 -8169.1
2354 4608.4 9898.8
2355 -834.2 -336.1
2356 -3814.4 -4651.7
2357 -2832.3 -2639.9
2358 5627.1 3109.6
2359 -10422.5 165.2
2360 3358.4 -9569.6
2361 1759.9 -8714
2362 4816.7 4956
2363 7949.9 5786.9
2364 7822.2 5372.2
2365 7726.9 5545.7
2366 5783.9 1163.8
2367 -701.9 -198.4
2368 2263.1 -8936.4
2369 2241.8 -8921.6
2370 -10120.5 33.5
2371 -2660 1179.7
2372 1621.6 -3377.7
2373 7636 5064.6
2374 7702.4 5124.8
2375 2273.9 1567.7
2376 2157 1471.7
2377 2218.7 1634.7
2378 1431.8 2884.7
2379 1386.2 2942.8
2380 1479.2 2921.1
2381 -10504.3 190.8
2382 751.1 4569.5
2383 941.3 3232.4
2384 10255.4 1262.4
2385 10214.8 1255.8
2386 464.7 4698.6
2387 1988.9 1676.5
2388 3178.9 9846.8
2389 177.2 4658.1
2390 4601.1 9659.6
2391 988.1 -4516.5
2392 -9053.5 -528.7
2393 1004.6 -4434.6
2394 -3151.3 2119.3
2395 -561.1 4103.7
2396 -479.9 4110.3
2397 813.2 -4153.2
2398 1157.8 -4223.6
2399 1114.9 -4250.9
2400 1199.6 -4308.5
2401 -401.4 5021.9
2402 -153.8 5114
2403 -9063.2 -474.5
2404 -2864.8 2506.7
2405 -2831.5 2487
2406 1716.6 432.5
2407 1909.1 1935.5
2408 -1880.5 3835.4
2409 -340.5 -5691
2410 -2400.8 -5570.8
2411 3074.9 -1404.1
2412 -2056 -6480.3
2413 -1678.8 -8000.7
2414 -9239.2 -450.5
2415 -1158.4 -8257.7
2416 3936.5 -1262.3
2417 1209.3 -2737.6
2418 -3645 -7853.3
2419 3538.1 -3570.9
2420 3512.7 -3583.3
2421 2233.3 -2287.2
2422 -4525.8 547.9
2423 -6118 -8095.6
2424 1778.9 1169
2425 -9761.8 -251.7
2426 10708.5 -4372.1
2427 10657.3 -4330.4
2428 775.4 -2136.8
2429 6759.8 5364.2
2430 -7361.3 -2610.4
2431 1288.4 -308.3
2432 2080.7 5768.3
2433 1921.1 6256.2
2434 -3023.8 599.1
2435 -3055.2 617
2436 -9565.6 -395.4
2437 1162.2 2033.2
2438 1695.6 1514.3
2439 1625.5 1854
2440 -159.9 3206.3
2441 -180.3 3215.6
2442 -983.2 2680.1
2443 -976.8 2504.7
2444 1428.4 -12.3
2445 6239.9 4724.7
2446 -3089.1 -1874.8
2447 -6135.8 -1324.3
2448 -9640.4 -303.9
2449 -2777.1 -1797.2
2450 -2519.4 -1709.9
2451 -2339.7 -1484.4
2452 -2833.3 -3918.6
2453 3906.8 -1318.9
2454 3496.7 -1626.8
2455 6223 4688.4
2456 1742.6 1282.6
2457 6202.6 4655.4
2458 -1819.2 860.3
2459 -9740.1 -116.7
2460 -807.9 796.6
2461 -1000.8 824.5
2462 -965.3 826.1
2463 8850.4 3066.3
2464 10481.9 2242.3
2465 -587.4 794.6
2466 6317.2 4655.1
2467 -2832.1 -3940.2
2468 689.6 9630.9
2469 -2983.5 -3958.9
2470 -9709.9 -105.7
2471 1202.2 -5998.9
2472 1194.5 -6036.1
2473 1231.9 -6021.1
2474 -7984.5 -1086.3
2475 -1855.4 -5499.5
2476 458.8 -8847.7
2477 711.9 -8876.6
2478 478 -8838.2
2479 -3801 -4842.4
2480 10097 2110.5
2481 -9792.1 -102.1
2482 -3043.6 -7761.3
2483 -280.2 1322.4
2484 10677.1 3069
2485 10430.4 2664.3
2486 10525.8 2788.3
2487 10540.9 3096.3
2488 10682 2358.2
2489 10459.3 2513.9
2490 934.3 8857.7
2491 -5094.2 -6902.4
2492 -9860.5 -72.9
2493 10178.7 1170.9
2494 1429.8 -5210
2495 -6167.5 -8068.3
2496 -743.7 1318.5
2497 -541.1 1031.5
2498 3879.2 -1583.1
2499 1089.5 -2124.2
2500 -2454 -5626.2
2501 -6148 -8078.6
2502 2613.5 -1746.4
2503 -9741.6 -22.3
2504 -5434.4 -6342.5
2505 1256 -2741.6
2506 -1021.8 529
2507 -661.7 1968.2
2508 2932.4 -3552.1
2509 6831.9 5306.1
2510 -5880.3 -7938.5
2511 7931 -6046.3
2512 -5027.3 -3687.7
2513 -5064.4 -3660
2514 -10465.1 419.9
2515 282.3 -3363.9
2516 402.7 2597.8
2517 461 2620.5
2518 104.6 2431.5
2519 304.4 2565.9
2520 184.8 3098.2
2521 4093.7 -2736
2522 788.9 3965.6
2523 2179.2 -8910.5
2524 4540.6 7273.8
2525 -10518.7 454.6
2526 1573.3 2330.3
2527 1907.8 1509.6
2528 6939 3785.9
2529 1871.1 -3435.6
2530 1011.8 -2303
2531 554.3 9902.2
2532 4861.2 4166.2
2533 4769.5 4206.1
2534 -5951.5 -7994.5
2535 1352.2 -5159.7
2536 -10412.6 495.1
2537 1298.4 -5117
2538 1242.7 -5077.7
2539 8617.5 2127.9
2540 6267.4 4423.9
2541 156.5 4603.2
2542 6782.4 -3939.1
2543 -4703.3 -348.5
2544 -3946.7 -7975.3
2545 206.5 5093
2546 -4698.8 -5221.9
2547 -10481.9 524.8
2548 156.7 -4821.5
2549 -805.4 -8375.5
2550 -679 -8406.2
2551 3444.1 3397.6
2552 1561.4 1883.3
2553 4000.5 -3990.5
2554 2788.6 -2394.2
2555 1971.3 -1577.9
2556 1852.9 -1513.1
2557 1718.1 -1460.5
2558 -6328.5 -1404.8
2559 -10616.6 582.3
2560 -932.8 -4356.2
2561 -5672.6 -6694.3
2562 2173.1 -2213.2
2563 8794.2 2774.7
2564 7926.5 2073.9
2565 1213.5 -5091
2566 -6604.7 -1857.6
2567 1274.8 9361.5
2568 4105.7 4695.1
2569 7792 7229.8
2570 -10456.1 513.8
2571 7741.2 7625.5
2572 6982.3 5113.2
2573 2027.8 -2102.7
2574 21.8 -1342.2
2575 -2083.1 -1322.2
2576 -2142.4 -1355
2577 6780.7 5328.6
2578 5479.5 3370.6
2579 5540.4 3278.3
2580 7618.3 5085.9
2581 -10587.7 612.7
2582 4940.5 3461.5
2583 -12022 2065.2
2584 -10146 382.3
2585 -10130.5 337.4
2586 -10109.7 367.7
2587 -10095.7 228
2588 -9994.5 183.8
2589 -10061.3 98.8
2590 -6259.9 -1418.7
2591 -10022.8 325.9
2592 -8812.5 1122.5
2593 -8341.7 211.8
2594 -4652.8 350.9
2595 -4633 496.6
2596 -4623.5 568.5
2597 -4614.7 641.4
2598 -5471.8 -89.8
2599 -5507.2 -98.1
2600 -5464.2 -29.6
2601 -6385.8 -1398.4
2602 -5580.1 -118
2603 -5737.1 -176.4
2604 -5789.3 -183.9
2605 -6170.4 -341.4
2606 -6083.7 -310.7
2607 -6241.1 -367
2608 2700.9 2038.6
2609 3528.4 2731.8
2610 3585.9 2791
2611 3907.6 3049.9
2612 -6527.3 -1372.5
2613 4019 2483.2
2614 4111.3 2384.4
2615 3942.9 2413.9
2616 3939.6 3089.4
2617 3904.4 3132.9
2618 2553 1924
2619 2327.2 1733.6
2620 4230.7 2100.7
2621 4307 2177.5
2622 4160.8 2036.5
2623 -5980.7 -1505.5
2624 4131.4 2206
2625 4210.2 2279.5
2626 4265 3361.2
2627 4172.2 3475
2628 4336.8 3156.1
2629 4623.4 3657.9
2630 4730.8 3585.8
2631 5026.3 4013.5
2632 4960.9 3944.7
2633 5547.4 4773.5
2634 -5908.3 -1491.6
2635 5499 4698.9
2636 5403.2 5034.6
2637 5567.5 4998.2
2638 5488.8 5212.5
2639 5361.3 4879.2
2640 5548.6 5333.9
2641 5570 5373.2
2642 5408.8 5441.9
2643 2704.5 4440.1
2644 2574 4495.1
2645 -5697.6 -1494.5
2646 3048.8 4283.2
2647 2719.4 4351.4
2648 2479.4 4512.5
2649 2173.6 5391.9
2650 2064.4 5456.4
2651 1958.8 5292.8
2652 2138.9 5588.9
2653 1972.4 5512.5
2654 1874.5 5132.2
2655 1926.2 5194.2
2656 -695 585.5
2657 -5766.7 -1489.9
2658 1920 5228.5
2659 1742.3 4841.3
2660 1840.9 5066.7
2661 1230.5 5591
2662 1281.7 5591.7
2663 1070.4 5856.4
2664 1865.9 1393.9
2665 1795.4 1371.3
2666 1935.5 1332.5
2667 2099.3 1542.4
2668 -5410.9 -1526.7
2669 1912.6 1139
2670 1944.1 1220
2671 1843.7 1117.6
2672 1875.6 1117.9
2673 701 576.5
2674 748.9 661.6
2675 1140.3 487.5
2676 1162.5 471
2677 1213.4 479.1
2678 1172 508.5
2679 -5365.6 -1523.3
2680 1185.1 605.6
2681 1137 596.9
2682 1172 678.7
2683 1440.6 571.3
2684 1466.6 617.8
2685 1472.8 578
2686 1620.2 670.8
2687 1777.7 650.2
2688 1991.3 500.1
2689 1804.2 746.9
2690 -5565.5 -1532
2691 1755 759.6
2692 -260.7 810.8
2693 -185.4 864.6
2694 -272.9 827.2
2695 -248.3 794
2696 747.2 -347
2697 713.5 -415.5
2698 868.9 -518.3
2699 980.5 -590.9
2700 741.6 -708.7
2701 -5996.3 -1595.4
2702 840.6 -497.9
2703 915.6 -661.5
2704 79.1 -493.6
2705 71.6 -521.7
2706 -560.8 -1490.7
2707 -625.2 -1364.7
2708 -503.2 -1437.8
2709 -424.4 -1585.8
2710 -360.1 -1090.9
2711 -284.9 -1028.8
2712 -6544.6 -469.5
2713 -44.1 -822.9
2714 -22.8 -804.6
2715 68.9 -730.3
2716 148.2 -700.8
2717 -946.4 -1459.5
2718 -939.3 -1526.4
2719 -940.2 -1364.1
2720 -783.3 -1188.3
2721 -831.2 -1202.7
2722 -680.2 -1146.3
2723 -6529.9 -733.6
2724 -742.2 -1170.7
2725 -573.2 -1111.8
2726 -549.2 -1178.9
2727 -601.1 -1122.1
2728 -439.4 -1068.8
2729 -553.7 -888.4
2730 -500.1 -1089
2731 -310.1 -979.2
2732 -163.1 -863.3
2733 -253 -938.4
2734 -6832.8 -558.3
2735 -203.8 -816.2
2736 603.3 -792.5
2737 633.8 -780.5
2738 646 -865.3
2739 -444.9 888.4
2740 -466.8 919.6
2741 -361.8 947.6
2742 -233 1037
2743 -176.4 1078
2744 -282 996.2
2745 -6364.2 -401.3
2746 -308 877.6
2747 -233.3 929.4
2748 -1601.6 884
2749 -1610.9 750.6
2750 -1431.9 871.1
2751 -2233.4 1064.9
2752 -2102.5 1049.6
2753 -2230.4 955.8
2754 -2017 1027.2
2755 -2088.2 1122.9
2756 -1961.4 -628.2
2757 -1757.3 956.5
2758 -1744.9 864.8
2759 -1935.3 1001.2
2760 -1960.9 926.2
2761 -1882.2 984.8
2762 -1819.7 965
2763 -2718.4 1175.7
2764 -2763.2 1180.8
2765 -2597.7 1167.1
2766 -2405.6 1097.5
2767 -713.2 484.2
2768 -2086.5 -643.8
2769 -2616.7 987.1
2770 -3010.5 919.4
2771 -3105.3 923.4
2772 -2999.8 984.4
2773 -3322.2 932.2
2774 -3388.8 934.9
2775 -3259.6 929.6
2776 -3342.9 838
2777 -3549.2 940.9
2778 -3522.6 1076.2
2779 -1760.4 -627.2
2780 -3575.5 806.6
2781 -3618.4 944.4
2782 -3453.4 937.3
2783 -3911.8 994.3
2784 -3833.8 978.1
2785 -3941.8 855.2
2786 -3988 1010.3
2787 -5486.1 814.7
2788 -5572.1 910.2
2789 -5446.5 817.5
2790 -1977.2 -522.4
2791 -4315.9 1078.3
2792 -4435.4 1102.6
2793 -4230.6 1060.6
2794 -5087.2 1202.5
2795 -5053.6 1340
2796 -5290.4 1329.2
2797 -5027.4 1153.8
2798 -6254.9 986.4
2799 -6075.4 947.6
2800 -6291.4 937.7
2801 -1937.6 -792.5
2802 -6038.1 1023.5
2803 -6440.8 784.4
2804 -6111.3 866.6
2805 -6642.6 962.4
2806 -3924.3 55.9
2807 -3982.5 211.2
2808 -3997.8 -45.3
2809 -3827.2 37.5
2810 -3798.4 172.3
2811 -3856.1 -104.2
2812 -1325.4 -583.9
2813 -3670.5 4.7
2814 -3748.5 21
2815 -3643.2 139.7
2816 -3592.3 -11.8
2817 -3699.5 -137.1
2818 -3712.6 -215.4
2819 -3729.3 -274.3
2820 -3750 -501.5
2821 -3620.8 -153.7
2822 -6661.8 821.1
2823 -1326.9 -625.5
2824 -7757.2 1149.7
2825 -6629.5 796.8
2826 -6643.1 747
2827 -5805.1 1579.1
2828 -2582.5 -2676.3
2829 -2465.2 -2636.1
2830 -2535.1 -2839.1
2831 -2394.7 -2600.6
2832 -2200.2 -2663.4
2833 -2216.3 -2486.8
2834 -1238.1 -575.4
2835 -2152 -2435.4
2836 -2012.2 -2371.7
2837 -2129.5 -2309.6
2838 -1847.1 -2294.8
2839 -1772.4 -2259.6
2840 -1711.8 -2361.7
2841 -1720.2 -2236.5
2842 -1738.5 -2073.3
2843 -1749.7 -1976.7
2844 -1829.1 -2082.8
2845 -917 -549.5
2846 -1624.6 -2060.3
2847 -1628.5 -1976.8
2848 -1331.5 -1989.3
2849 -1455.3 -2022
2850 -1327.2 -1951.6
2851 -1572.5 -2175.7
2852 -1464.8 -2233.3
2853 -1466 -2109.2
2854 -1385.9 -2087.8
2855 -1339.2 -2081.7
2856 -871.3 -646.2
2857 -1288.1 -2073.2
2858 -1123.4 -2010.9
2859 -1153.5 -1933.9
2860 -1041.9 -1969
2861 -1106.8 -2064
2862 -964.9 -1711
2863 -1060.2 -1655.7
2864 -938.3 -1589.9
2865 -871.4 -1607.1
2866 -759.9 -1694.3
2867 -794.4 -511.8
2868 -658.3 -1588.7
2869 -630.2 -1772.9
2870 -626.7 -1556.4
2871 1434.1 3460.7
2872 1587.8 3270.6
2873 1385.5 3423.7
2874 1358.5 3558
2875 1293.1 3642
2876 1201.8 3767.5
2877 1245.7 3607.7
2878 -829 608.8
2879 -2141.4 -735.7
2880 1654.1 3323
2881 1772.4 3045.8
2882 1498.9 3203.3
2883 6558.9 -3373.7
2884 3949.3 -1665.6
2885 47.8 1134.7
2886 132.2 1196.9
2887 698.7 3397
2888 851.7 3161.7
2889 870 3325
2890 -2158.6 -889.8
2891 1052.9 2988.4
2892 943.6 3082.7
2893 1101.6 3027.6
2894 447.1 2695.2
2895 355.1 2579.3
2896 288.3 2650
2897 430.2 2787.4
2898 1039.9 8935.7
2899 898.8 9235.3
2900 1764.8 5486
2901 -2263.4 -776.8
2902 1677.8 5628.2
2903 1879.5 5678.8
2904 1807.8 5410.3
2905 1941.6 5771.5
2906 1819.2 5714
2907 2100.4 5702.1
2908 2119.7 5642.6
2909 2185 5700.8
2910 1791.4 5904.7
2911 1919 6025
2912 -2065.8 -1013.6
2913 1970.8 6211.9
2914 -6624.3 -4010.3
2915 -6654.8 -3959.9
2916 -6698.6 -3918.1
2917 -6934.1 -3409.8
2918 -6920.5 -3263.4
2919 -6937.7 -3478.1
2920 -6716.8 -3429.1
2921 -6991.4 -3403.6
2922 -6911.9 -3152.3
2923 -2120.9 -1034.8
2924 -6706 -3301.1
2925 -7029.6 -3245.6
2926 -6695.7 -3190.6
2927 -6994.4 -3137.4
2928 -8377 -1091.1
2929 -8244.4 -1226
2930 -7747.1 -1703.9
2931 -7747 -1938.2
2932 -7774.3 -1933.7
2933 -8070.9 -1621.6
2934 -2118.2 -821
2935 -7704.6 -2051.8
2936 -7685.1 -2075.7
2937 -7708.5 -2075.3
2938 -7839.1 -2132.6
2939 -7869.8 -2120.8
2940 -8038 -1892.4
2941 -8084.5 -1823.6
2942 -7919.9 -1897.6
2943 -8255.8 -1552.6
2944 -8170.6 -1560.5
2945 -1200.5 -806.2
2946 -8155.9 -1540.3
2947 -8070 -1492.1
2948 -7900.3 -1478.4
2949 -7925.3 -1522.5
2950 -7982.8 -1507.3
2951 -7311.2 -1965.9
2952 -7325.3 -2073.2
2953 -7280.9 -2004.5
2954 -7278.7 -2025.9
2955 -7191.7 -2100.8
2956 -1217.2 -712.7
2957 -7343.8 -2131.4
2958 -7288.8 -2078.9
2959 -7313.1 -2144.4
2960 -7414.4 -2242.2
2961 -7457.5 -2289.5
2962 -7358.4 -2266.1
2963 -7433.6 -2378.4
2964 -7546.9 -2576.3
2965 -7373.5 -2322.5
2966 -7190.1 -2377.6
2967 -1196.5 -571.3
2968 -6096.6 -2040.1
2969 -3397.3 -5535.4
2970 -5148 -1408
2971 -5066.4 -1325.5
2972 -5133.6 -1508.2
2973 -4988.8 -1493
2974 -5222 -1522.9
2975 -4931.8 -1335.9
2976 -4658.4 -1421.1
2977 -4509.2 -1568.7
2978 -2186.9 -1057.8
2979 -5426.7 -2456.4
2980 -5394.9 -2658.9
2981 -5483.1 -2594.2
2982 -5491.9 -2779.2
2983 -5491.5 -2870.6
2984 -5154.4 -2988.2
2985 -4993.3 -3041.8
2986 -5177.5 -3109.1
2987 -5231.2 -3315.3
2988 -5261.6 -3305.5
2989 -848.6 507.8
2990 -2118.5 -1083.1
2991 -5136.4 -3345.2
2992 -5257.2 -3409.7
2993 -5739.7 -3135.6
2994 -5802.1 -3214.1
2995 -5571.5 -3631.9
2996 -5501.4 -3658.2
2997 -5535.6 -3763.8
2998 -5436.7 -3678.7
2999 -4962.2 -6587.7
3000 -5051.7 -6572.6
3001 -2058.1 -1312.1
3002 -4887.5 -6389.4
3003 -4994 -6658.8
3004 -5321.1 -7827
3005 -10885.1 -539.2
3006 -5689 -1970.3
3007 -3491.7 -2573.7
3008 -3874.3 -3595.4
3009 -3879.5 -3652.8
3010 -3921.2 -3657.1
3011 -3915.1 -2336.4
3012 -2182.2 -1380.3
3013 -3879 -2212.9
3014 -3561.2 -2513.6
3015 -5167.4 -2051.4
3016 -5140.9 -1956.4
3017 -5314.3 -2007.6
3018 -5784.7 -1886.5
3019 -5757.6 -1749.2
3020 -6145.8 -1814
3021 -2685.1 -1269.6
3022 -2757.7 -1550.2
3023 -2866.7 -1040.4
3024 -2820.5 -1329.9
3025 -3515.2 -5392.3
3026 -3571.8 -5141.5
3027 -3560.2 -5238.5
3028 -3492.4 -5534.5
3029 -3805.9 -4070.9
3030 -3789.6 -4149
3031 -3797.2 -4070.4
3032 -3738.1 -4059
3033 -3808.6 -4016.2
3034 -2807.9 -1173.1
3035 -3768.3 -4229.2
3036 -4498.8 -1422.9
3037 -4423.1 -1323.4
3038 -4581.3 -1377.5
3039 -4410 -1431
3040 -4347.1 -1322.8
3041 -4287.5 -1328.7
3042 -4314.6 -1578.2
3043 -4481 -1571.9
3044 -4436.7 -1576.1
3045 -2798.6 -1009.8
3046 -4676.2 -1162
3047 -4555.8 -1025.9
3048 -4524.7 -1015.7
3049 -4954 -1213
3050 -4856.4 -1272.1
3051 -5147.4 -1169.3
3052 -5212.2 -1094.6
3053 -3184.3 -1198.6
3054 -5922.4 208.9
3055 -7525.6 -2258.5
3056 -2919.3 -921.1
3057 -7642.3 -2205.9
3058 -7564 -2408.5
3059 -7751.1 -2227.1
3060 -7844.4 -2210.3
3061 -7982.6 -2281
3062 -6847.2 -510.3
3063 -5713.3 -359.1
3064 -5718.4 -384.5
3065 -5842.7 -418.2
3066 -6228.7 -255.5
3067 -2935.9 -1070
3068 -6335.2 -391.6
3069 -4917 -1076.2
3070 -4911.9 -1120.8
3071 -4859.4 -1078.1
3072 -4967.9 -1134.5
3073 -7166 -1007.4
3074 -4285.5 -985.3
3075 -4374 -988.1
3076 -4204.8 -982.9
3077 -4279.4 -941.3
3078 -2187.3 -368.8
3079 -3824.5 -970.2
3080 -3846.3 -971.3
3081 -3788.6 -905.3
3082 -3736.8 -968.2
3083 -5141 -1196.4
3084 -5953.4 -1760
3085 -5642.8 -1744.4
3086 -5930.5 -1756.3
3087 -5305.1 -1749.7
3088 -5286.9 -1764.5
3089 -2200.5 -153.6
3090 -5238.7 -1753.7
3091 -5211 -1747.1
3092 -5447.5 -1842
3093 -5476.3 -1960
3094 -5661.9 -1882.2
3095 -5291.4 -1905.4
3096 -5670.3 -1910.7
3097 -5490.9 -2009.8
3098 -4852.6 -973.4
3099 -5277.7 -594.8
3100 -785 496.6
3101 -2115 -363.5
3102 -5101.2 -602.6
3103 -5372.1 -586.2
3104 -5274.7 -555.3
3105 -4819.8 -479.2
3106 -5096.8 -457.8
3107 -4945.5 -147.6
3108 -4768.2 -185.2
3109 -4943.6 -66.1
3110 -4737.4 -38.6
3111 -4752.6 -109.3
3112 -2244.7 -373.8
3113 -4784.6 -264.9
3114 -5523.7 -754.8
3115 -5475.4 -537.8
3116 -5587.6 -374.2
3117 -4737 -482.4
3118 -7287.6 -422.8
3119 -7138.9 -377
3120 -7085.9 -364.6
3121 -6761 -434.3
3122 -6728.2 -238.1
3123 -2230.2 -544
3124 -6445.3 -144.2
3125 -6417.2 -232.9
3126 -6388.6 -223.8
3127 -6116 -140.8
3128 -6074.8 -150.8
3129 -5818.6 -186.9
3130 -5857.9 33
3131 -5820.8 68.7
3132 -5756.1 56.9
3133 -5842.7 -25.5
3134 -2261.5 -150.9
3135 -5869.1 596.1
3136 -7881.5 -524.2
3137 -7274.1 306.4
3138 -7641 -277.7
3139 -7662.8 -283.9
3140 -7952.5 -511.8
3141 -4159 -1341.9
3142 -4273.9 -1582.3
3143 -4078.9 -1349.4
3144 -3972.2 -1386.1
3145 -2336.9 -136.1
3146 -3903.1 -1408.3
3147 -4007.3 -1488.3
3148 -3939 -1511.6
3149 -3854.3 -1261
3150 -3825 -1434.6
3151 -3769 -1268.6
3152 -3745.1 -1462.2
3153 -3781.7 -1565.1
3154 -3662.4 -1490.9
3155 -3588 -1513.9
3156 -2256 -229.9
3157 -3550.4 -1649.2
3158 -4140.2 -1155.5
3159 -4052.3 -1077.6
3160 -3909.9 -1087.7
3161 -3836.6 -1093
3162 -3660.6 -1106.7
3163 -4136.4 -1070.9
3164 -4135.2 -980.5
3165 -4039.9 -977.7
3166 -4027.4 -942
3167 -2096.2 110.1
3168 -3707.7 -967
3169 -3751.7 -1099.5
3170 -3645.4 -964.5
3171 -3862.1 -1537.8
3172 -3984.5 -1647
3173 -3890.4 -1665.7
3174 -3819 -1672.3
3175 -7786.2 293
3176 -7131.1 922.7
3177 -7140.9 837
3178 -2117.8 207.7
3179 -6841.7 782.9
3180 -7206.9 860.4
3181 -7415.3 932.3
3182 -4447.5 -1135
3183 -4449 -1047.1
3184 -4379 -1136.6
3185 -4334.6 -1142.3
3186 -4370.3 -1053
3187 -4441.6 -990.3
3188 -4405.7 -796.7
3189 -2155.7 123.3
3190 -4213.5 -1065
3191 -4294.8 -1058.8
3192 -4303.4 -1146.2
3193 -4222.2 -1151.2
3194 -4359.1 -1242.9
3195 -1656.2 8512.5
3196 -1712 8577.2
3197 -1564.1 8407.3
3198 -975.9 7572.6
3199 -142.2 6236.2
3200 -2116.9 450.4
3201 -91.5 5981.1
3202 -470.4 6845
3203 -90.8 5895.4
3204 -77.3 5827.9
3205 -112 5285.2
3206 -73 5275.3
3207 -210.9 5287.5
3208 -78 5410.8
3209 216.2 8439
3210 -2.6 8352.9
3211 -817.7 702.4
3212 -2486.3 496.8
3213 378.2 8503.5
3214 479 8543
3215 541 8569.1
3216 856.3 8787.9
3217 839.6 8806.7
3218 760.3 8700.2
3219 -5244 406.2
3220 -4700.6 685.1
3221 -4700.1 730.9
3222 -5603.6 477.2
3223 -2111.4 359.1
3224 -3951.2 352.2
3225 -4089.7 531.2
3226 -4147.9 247.1
3227 -4700.6 -315.2
3228 -4551.9 -237.7
3229 -4594.5 -789.3
3230 -4465.2 -81.6
3231 -4473.2 -708.5
3232 -4455.2 -632.2
3233 -4375 -721.4
3234 -4620.3 90.6
3235 -4353.4 -666.7
3236 -4352.2 -812.3
3237 -4328.2 -605.3
3238 -4418 -638.9
3239 -4306.1 -707
3240 -4285.5 -724.7
3241 -4258 -748
3242 -4299.3 -830.7
3243 -4266.6 -842.3
3244 -3968.6 -864.1
3245 -4536.5 39.3
3246 -4143.4 -844.5
3247 -4390.8 -504.7
3248 -4309.2 -525.8
3249 -4375.5 -433
3250 -4136.8 -569
3251 -4346.3 -294.9
3252 -4540.6 -378.7
3253 -4543 -149.5
3254 -4264.2 -311.9
3255 -4328.7 -209.7
3256 -4586.4 198.7
3257 -4305.3 -99.2
3258 -4547 -71.8
3259 3792.9 10101.9
3260 3841.8 10226.9
3261 3916.2 10079
3262 3107.7 8179.8
3263 3242.3 8173.7
3264 3169.4 8323.8
3265 4272.5 10033.7
3266 4192.8 10037.5
3267 -4713.2 76.5
3268 4562.7 10019.5
3269 4267.5 10147.3
3270 -3829.3 -263
3271 -3748.2 -435.7
3272 -3957.9 -248.3
3273 -3926 -89.5
3274 -3978.8 -389.4
3275 -3991.8 -516.4
3276 -3850.4 -413.3
3277 -4000.1 -579.4
3278 -4661.5 -125.3
3279 -3928.9 -630.3
3280 -4011.7 -653.2
3281 -4053.7 -717.8
3282 -3885.1 -746.1
3283 -4178.7 -626.7
3284 -4218.8 -683.5
3285 -4092.9 -773.1
3286 -3799.9 -627.6
3287 -3844.5 -688.7
3288 -3898 -574.1
3289 -4713 -369.3
3290 -3929.2 -804.7
3291 -3950.3 -789.8
3292 -3991.8 -847.8
3293 -3907.4 -820.6
3294 -3949.6 -877.3
3295 -3768.6 -746
3296 -3716 -780.1
3297 -3732.2 -659.7
3298 -3675.2 -684.8
3299 -3616 -704.5
3300 -4802.1 -349.5
3301 -3658.3 -806.2
3302 -3593.1 -829.4
3303 -3688.4 -877.9
3304 -3530.5 -728.6
3305 -3541 -847
3306 -3383.3 -752.2
3307 -3546.6 -901.4
3308 -3355.4 -983
3309 -3300.2 -988.7
3310 -3343.4 -867.7
3311 -4725.5 -428.6
3312 -3744.9 -844.3
3313 -3630.7 -927.4
3314 -4262 -652.9
3315 -3396.1 -862.5
3316 -3378.2 -6201.8
3317 -3287 -6184.9
3318 -3596.6 -6409.1
3319 -2765.8 -6137.3
3320 -2811.8 -6257.9
3321 -2745.4 -6110.1
3322 -1107.7 223.2
3323 -4764.1 -617.7
3324 -2889.8 -6151.5
3325 -2690.1 -6156.8
3326 -2685.1 -6142.1
3327 -2457.5 -6356.1
3328 -2369.2 -6379.2
3329 -2547.3 -6333.5
3330 -2333.5 -6385.4
3331 -2259.4 -6406.8
3332 -5024.9 -2094
3333 -4847.2 -2199.6
3334 -4839.9 -614.4
3335 -4457.8 -2289.9
3336 4494.1 300.4
3337 4446.5 253.6
3338 4607.3 186
3339 4159.7 641.4
3340 -10609.5 -346.6
3341 -10683.2 -377.3
3342 -11460.4 -98.4
3343 -11531 -114.6
3344 -5159.3 -6857.4
3345 -4770.9 -749.6
3346 -5242.5 -6753.6
3347 -5178.6 -6901.3
3348 -5240 -6724.6
3349 -5299.8 -6712.7
3350 -5537.2 -5158.3
3351 -5535.4 -5136.5
3352 -5647.7 -5074.7
3353 -5916.2 -3794.7
3354 -6101.4 -3674.1
3355 5354.2 -1516.6
3356 -4754 -560.6
3357 1598 778.2
3358 1511.8 758.9
3359 -4266.3 -1787.1
3360 -4070.1 -1809.1
3361 -4077.5 -1889.2
3362 -4648.9 -2188.6
3363 -5216.2 -1930.4
3364 -4994.2 -1760.3
3365 -6008.1 -1985.5
3366 -6297.1 -2596.5
3367 -4775.3 -844.7
3368 -6288.2 -2307.4
3369 -6141.9 -2139.3
3370 -3274.3 -762.4
3371 -3279.9 -817.6
3372 -3166 -774.4
3373 -3102.8 -780.9
3374 -3107.3 -834.9
3375 -3098.3 -731.4
3376 -3400.8 -914
3377 -3261.3 -992.5
3378 -4772.3 -781.9
3379 -3183 -938.2
3380 -3087.3 -894.6
3381 -3025.5 -835.7
3382 -3171.8 -828.4
3383 -3286.9 -873.6
3384 -3076.6 -924.3
3385 -3114.1 -929.2
3386 -3177.4 -884.2
3387 -3292.7 -927
3388 -3087.1 -585.3
3389 -4846.4 -841.2
3390 -3028 -577.3
3391 -3079.6 -457
3392 -3093.1 -656.3
3393 -2569.6 -910.2
3394 -2621.1 -790.4
3395 -2645.7 -943.5
3396 -2510.9 -1043.7
3397 -2492.8 -877.1
3398 -2544.8 -755.7
3399 -2697.9 -824.4
3400 -5825.9 370.1
3401 -2623.5 -724.6
3402 -2649.3 -356.6
3403 -2620.1 -216.6
3404 -2592.1 -81.9
3405 -2562.4 60.7
3406 -2665.6 -66.3
3407 -2532.7 203.2
3408 -2509.9 315.3
3409 -2465.7 189.1
3410 -2611.3 219.7
3411 -5657 -35.4
3412 -2480.7 117.8
3413 -2277.8 149.3
3414 -2495.6 46.4
3415 -2483.9 -104.4
3416 -2381.8 22.1
3417 -2478.3 -175.1
3418 -2633.4 -599.5
3419 -2745.4 -668.9
3420 -2638.6 -529.1
3421 -2236 -1078.7
3422 -5865.6 398.2
3423 -2293.3 -948.6
3424 -2304.3 -1106.5
3425 -2353.6 -816.2
3426 -2423.4 -846.7
3427 -2946 -294.4
3428 -2959.3 -366.2
3429 -2918.2 -154.5
3430 -2959.9 -4.5
3431 -2741.9 -50
3432 -2693.8 -201.3
3433 -868.1 41.5
3434 -985.7 214.3
3435 -5829 435.6
3436 -2722.5 -342
3437 -2743.9 -396.8
3438 -2988.2 -139.4
3439 -2829 265.4
3440 -2918.3 193.5
3441 -2866.8 345.1
3442 -3132 -109.4
3443 -2981.7 -721.6
3444 -2956 -823.3
3445 -2992.3 -651.5
3446 -5974 221.7
3447 -2069.3 102.8
3448 -2307.4 6.2
3449 -2207.3 -17.9
3450 -2635.8 76.1
3451 -1171.2 -74.5
3452 -1157.6 -117
3453 -1111.5 -109
3454 -1266.7 -112.3
3455 -954.9 39.8
3456 -1036.7 -92.2
3457 -5753.1 520.3
3458 -879.8 57.2
3459 -1152.8 -349.4
3460 -1148.8 -232.5
3461 -1126.3 -573.4
3462 -1019.8 -351.7
3463 -980.1 -559.8
3464 -1164.3 -569.2
3465 683.4 -479.4
3466 853.2 -729.1
3467 892.1 -769.6
3468 -5695.3 498.2
3469 778.5 -797.9
3470 639.8 -905
3471 -1776.3 -183
3472 -1770.4 -350.2
3473 -1902.4 -172.5
3474 -1753.9 10.2
3475 -1757.7 -14.5
3476 -1848.9 38.6
3477 -1649.8 -19.3
3478 -2022.7 223.8
3479 -5839.8 575.6
3480 -1906.5 55.4
3481 -2045.3 -39.8
3482 -2128.5 -156.7
3483 -1481.6 -625.9
3484 -1556.8 -625
3485 -1487.9 -515.5
3486 -591.4 -162.7
3487 3632.7 1189.3
3488 3576.8 1248.4
3489 3657.5 1164
3490 -6153.2 -919.8
3491 3515.3 1074.9
3492 3463.1 1369.9
3493 3401.8 1314.3
3494 3380.9 1459.4
3495 3339.6 1258
3496 3258.5 1345.3
3497 3456.7 1137.3
3498 3239.7 1169.4
3499 3158.5 1253.7
3500 3029.7 1394.4
3501 -6058.2 -1040.3
3502 2893.8 1250.5
3503 3415.2 976.6
3504 3613.1 975.8
3505 4005 453.4
3506 3767.9 697.2
3507 4050.7 527.2
3508 3932.1 649.8
3509 4042.7 761.9
3510 1996.4 1232.8
3511 1942.4 1280.2
3512 -5970.2 -774.2
3513 2207.8 1235.7
3514 2053.2 1233.3
3515 2207.1 1332
3516 4662.6 19.3
3517 4683.5 -3.5
3518 4552.2 131.5
3519 4831.1 -42.1
3520 -1993.5 -1285.7
3521 -1916.2 -1265.2
3522 -1941.6 -1272.6
3523 -6027.7 -773.5
3524 -1853.9 -1244.1
3525 -1867.7 -1356.1
3526 -1546.1 -1148.6
3527 -1442.7 -1111.8
3528 -1605.2 -986.3
3529 -487.9 -2720
3530 -558.2 -2810.7
3531 -442.6 -2649.3
3532 -583.4 -2599
3533 -443.6 -2775.7
3534 -5884.7 -775.1
3535 -113.9 -2467.6
3536 -226.2 -2317.5
3537 -174.2 -2509.1
3538 -348.5 -2631.2
3539 -299 -2697.2
3540 -390.7 -2569.7
3541 -1228.1 -3035.8
3542 -977.6 -3057.4
3543 -1666.5 -2437.6
3544 -1559.1 -2615.4
3545 -1080.8 101.9
3546 -5787.4 -774.8
3547 -1745.7 -2489
3548 -47.4 -2558.2
3549 10.3 -2524
3550 759.3 -2235.2
3551 810.2 -2217.3
3552 524.3 -2213.1
3553 484.3 -2111.8
3554 401.8 -2144.8
3555 417 -1944
3556 747.9 -2062.1
3557 -5886.3 -632.2
3558 611.1 -2087.3
3559 541.9 -2487.9
3560 545.7 -2378.5
3561 656.4 -2502.5
3562 699.4 -2546.3
3563 1014.5 -3165.4
3564 1013.5 -3246.4
3565 1001 -3098.9
3566 1056.1 -3247.7
3567 1046.9 -3361.7
3568 -5971.7 -633.1
3569 1154.7 -3255.1
3570 1032.2 -3539.8
3571 933.4 -3531.7
3572 1023.6 -3612.4
3573 1130.4 -3548.1
3574 601.6 -2872
3575 647.3 -3105.8
3576 554.5 -3109.8
3577 649.5 -3209.6
3578 637.1 -3578.6
3579 -5972.5 -569.3
3580 629.2 -3676.2
3581 690.8 -3584.4
3582 944.1 -3420.6
3583 952.9 -3241.3
3584 939.4 -3165.1
3585 873.4 -3234.6
3586 -499.8 -1671.8
3587 -470 -1716.1
3588 25.3 -40.5
3589 70 34.7
3590 -5798.2 -630.2
3591 61.3 -139.4
3592 -3.2 29.7
3593 -378.5 289.2
3594 -317.8 180.5
3595 -497.1 266
3596 -458.2 427.7
3597 -1889.9 -351.3
3598 -1876.8 -521.5
3599 5919.8 1204.2
3600 5779 708.9
3601 -5798.9 -567.8
3602 5681.5 818.2
3603 6126 2162.4
3604 5406.6 -610.2
3605 5327.7 -664.4
3606 5786.6 -983.1
3607 5291.9 -497.4
3608 5006.9 -338.2
3609 4898 -242.3
3610 5430 323.4
3611 88.1 2653.4
3612 -5680.2 -531.6
3613 19.1 2620.7
3614 124.1 2545.2
3615 510.9 4334.8
3616 556.3 4240.3
3617 503.4 4628.1
3618 619.5 4406.1
3619 690.7 4066.9
3620 486.1 3935.8
3621 625 4165.5
3622 113.3 1908.4
3623 -5713.6 -468.8
3624 76.3 2031.8
3625 1127.8 5485
3626 1313.8 5390.7
3627 1239.5 5554.4
3628 -3842.4 176.7
3629 341.1 -578.8
3630 204.1 -534.7
3631 226.4 -1370.2
3632 454.1 -1284.4
3633 301.8 -1566.8
3634 -5547.3 -758.9
3635 270.5 -1470
3636 332.3 -1693.7
3637 356.3 -1781.7
3638 318.9 -1632.6
3639 280.2 -1724.6
3640 396 -1891.3
3641 478.8 -1737
3642 200.1 -1185.5
3643 233.7 -1107
3644 374.5 -1088.5
3645 -5536.1 -783.9
3646 5161.3 -9225
3647 3321.9 -9540.8
3648 3074.8 -9394.2
3649 1658.5 -8848.7
3650 1369.5 -8834.6
3651 1674.1 -8740.6
3652 -1371.9 4199.4
3653 -1491.5 4186.3
3654 -1232.4 4186.5
3655 -1385.8 4110.8
3656 -1228.6 230.9
3657 -5531.2 -827.8
3658 -1366.1 4289
3659 -1068.9 4190.1
3660 -1183.8 4363.3
3661 -916.2 4145.5
3662 -1270.3 2314.8
3663 -1291.3 2318.8
3664 -1257.2 2415.8
3665 -1247.6 2489.4
3666 -1196.8 2588.5
3667 -1110.2 2641.7
3668 -5412.3 -998
3669 -1074.4 2670
3670 -853.9 2890
3671 -840.6 3015.3
3672 -627.3 3214.6
3673 -833 3094.1
3674 -372.5 3263.2
3675 -224.8 3307.6
3676 85.2 4283.2
3677 169.9 4426.5
3678 154.9 4304.5
3679 -5360.4 -1047.1
3680 309.7 4681.9
3681 450.3 5049.9
3682 509 4999.8
3683 87.8 4441
3684 -7.5 4306.7
3685 13.5 4309.2
3686 1140.5 5503.2
3687 603.1 5166
3688 1955 6191
3689 1772.3 5901.6
3690 -5433.7 -1049.7
3691 2753.1 7201.7
3692 2961.4 7164.8
3693 2565.9 6712.7
3694 3086.8 8143
3695 2946.3 7760.9
3696 2883.3 7591.2
3697 2874.3 7794.7
3698 3735 9937.7
3699 -3514.7 -30.2
3700 -3437.2 -44.5
3701 -5699.8 -1048.8
3702 -3542.7 -170.1
3703 -3486.1 106.2
3704 -3563.9 122.3
3705 -3455.1 248.3
3706 -3379.9 232.5
3707 -3534.1 264.9
3708 -3502.8 407.1
3709 -3454.8 397.1
3710 -3581.3 423.7
3711 -3921.1 495.2
3712 -5707.3 -947.9
3713 -4007 513.5
3714 -3903.6 614.7
3715 -3845.1 479.2
3716 -3865.3 838.8
3717 -3793.2 824.1
3718 -4016.6 870.7
3719 -4095.4 887.4
3720 -3956.2 1166.2
3721 -3941.8 1230.5
3722 -4034.1 1180.5
3723 -5802.7 -1051.3
3724 -4066.6 1026.7
3725 -4112.4 1197.8
3726 -4143.2 1042.4
3727 -4107.5 827.2
3728 -4171.9 903.1
3729 -4201.7 763
3730 -4240.2 770.6
3731 -4288.9 781.8
3732 -4374.6 799.6
3733 -4435.3 813.2
3734 -4506.3 180.8
3735 -4345.3 938.7
3736 -4450.6 966.4
3737 -4258.7 920.6
3738 -4351.9 1249.8
3739 -4446 1268.2
3740 -4283.3 1235.4
3741 -4464 1386.4
3742 -3120.6 530
3743 -3055.3 434.8
3744 -2959.9 416.8
3745 -4566.5 329.6
3746 -2785 381
3747 -2795.8 330.4
3748 -2693.8 362.8
3749 -2729.9 306.5
3750 -2756.1 250.1
3751 -2483.2 535.9
3752 -2492.5 590.2
3753 -2389.8 537.9
3754 -2627.7 518.2
3755 -1645.5 -193.9
3756 -4478 313.8
3757 -1639.8 -134.5
3758 -1328.8 -218.5
3759 -1439.3 -208.2
3760 2729.9 2168.5
3761 2652 2104.6
3762 2631.6 1998.1
3763 -1634.6 -349
3764 -1763.5 -519.5
3765 -1627 -624.6
3766 -1754.8 -789.4
3767 -7073.6 -1025.3
3768 -4421 162.9
3769 -1554.1 -785.7
3770 -1473.1 -785.6
3771 -1622.9 -786.4
3772 -1321.3 -713.3
3773 -1231.7 -351.9
3774 -1304.2 -834.9
3775 -1290.8 -885.2
3776 -1404.7 -853.9
3777 -942 -214.5
3778 -895.8 -325
3779 -4392.8 296.5
3780 -803.6 -202.2
3781 -898.1 -210.9
3782 -721.7 -186.5
3783 -812.5 -76.3
3784 883 4201.4
3785 858.1 4190.3
3786 1077 4233.8
3787 -8061 -2288.1
3788 -7963.3 -2357.7
3789 -4408.3 951.1
3790 -4447.4 457.2
3791 -4331.7 1008.9
3792 -4442.7 1031.2
3793 -3892.6 700.1
3794 -3969.8 715.2
3795 -2366.9 94
3796 -2292.5 78.1
3797 -2677.2 233.5
3798 -2576.9 301.7
3799 -3232.5 -235.3
3800 -3280 -77.6
3801 -4305 278.4
3802 -1764.8 -48.6
3803 -1769.2 -102.9
3804 -1886.6 49.4
3805 -1424.4 -85.2
3806 -1592.4 -36.3
3807 -1726.9 170.3
3808 -1870.2 197.7
3809 -139.3 901
3810 -333.4 1066.8
3811 -885.1 464.4
3812 -4275.4 420.7
3813 -882 559.7
3814 -956.2 542.9
3815 -1407.3 258
3816 -1416.9 376.3
3817 -1500.8 283.4
3818 -1361.8 248.7
3819 15.4 1008
3820 -271.5 634.4
3821 -301.3 664.8
3822 -224.3 534.2
3823 -4226.5 261.5
3824 -196.5 510
3825 -397.8 423.4
3826 -409.1 446.9
3827 -362.5 360.6
3828 -443.3 457.6
3829 -349.6 536.4
3830 -420.9 577.2
3831 -434.8 613.4
3832 -350 747
3833 -1690.5 -1197.4
3834 -4254.7 127.1
3835 -1896.5 -1063.7
3836 -1910.7 -975.6
3837 -1972.5 -991.8
3838 -814.1 -777.3
3839 -1032.7 -882.9
3840 -2958.4 -1391.6
3841 -3078.1 -1443.1
3842 -2888.3 -1361.1
3843 -2945.8 -1231.9
3844 -3014.2 -1262.3
3845 -4195.4 404.7
3846 -3738.6 457
3847 -3768.7 314.4
3848 -3532.3 510.6
3849 -3532.1 640.3
3850 -3584.7 514.8
3851 -3588.8 638.7
3852 -3736.6 527.5
3853 -3814.4 607.4
3854 -3984.7 630
3855 -2628.8 329.8
3856 -4118.7 388.8
3857 -2674.2 456.1
3858 -2495.3 423.6
3859 -2775.7 487.7
3860 -3177.7 628.1
3861 -3192.5 743.1
3862 -3328.5 644.9
3863 -3372.3 643.7
3864 -3734.3 619.5
3865 -3582.8 708
3866 -3818.4 700.4
3867 -4166.1 547.2
3868 -7933.7 989.6
3869 -8007.3 1040.4
3870 -7913.4 981.5
3871 -7911.3 1008.6
3872 -7921.5 1143.4
3873 -7781.9 1136.1
3874 -8171.4 986.2
3875 -8168.9 1094.6
3876 -8350.5 1015.7
3877 -8381.6 1104.6
3878 -7230.3 -985.2
3879 -4260.8 492.5
3880 -8352.2 895.1
3881 -8405.6 1033.2
3882 -8436.2 1178.4
3883 -8734.2 974.3
3884 -8636.7 519.7
3885 -8722.6 1096.4
3886 -8789.9 930.9
3887 -8802.9 1074
3888 -8740.7 665.2
3889 -8891.8 650.6
3890 -4825.3 675.5
3891 -8963.2 1060.1
3892 -8865.4 1095
3893 -9039.7 1040.8
3894 -9109 1029.7
3895 -9145.3 1115.1
3896 -9148.4 1018.7
3897 -8389.2 2.8
3898 -8423.1 33.1
3899 -8436.5 -28.7
3900 -8474.7 -84.8
3901 -4874.2 679.3
3902 -8701.7 301
3903 -8478 -132
3904 -8499.6 -282.8
3905 -2562.9 330.4
3906 -2143.3 1735.7
3907 -2108.6 1802.3
3908 -2231.6 1785.9
3909 -1454 3761.1
3910 -1529 3772.2
3911 -1693.5 3706.7
3912 -4703.8 656.4
3913 -1803.8 2339.6
3914 -1973.7 2214.8
3915 -1479.2 2950.1
3916 -1511.4 2877.7
3917 -1431.6 3059.4
3918 -1421.2 3113.1
3919 -1380.5 3487.6
3920 -1650.5 3536.9
3921 -1397.8 3295.6
3922 -1383.4 3532.5
3923 -4047.8 -64.4
3924 -1190.3 3543
3925 -1389.3 3563.5
3926 -3604.4 -3514.2
3927 -3618.5 -3633.7
3928 -3674.8 -3489.7
3929 -3484.6 -3554.1
3930 -3705.9 -3625.5
3931 -3621.9 -3669.6
3932 -3814.5 -3589
3933 -3760.4 -3465
3934 -3986.3 -78.1
3935 -3446 -3948.1
3936 -2962.2 -3821.3
3937 -2991.6 -3724
3938 -2986.7 -3661.9
3939 -3191.5 -3655
3940 -3392.2 -3314.1
3941 -3404.7 -3501.3
3942 -3383.4 -3199.9
3943 -3154.6 -3347.6
3944 -3166.7 -3443.5
3945 -4294.3 -11.4
3946 -3141 -3226.3
3947 -3267.9 -3331.9
3948 -3121.2 -3042.3
3949 -3130.6 -3139.1
3950 -3106.8 -2891.1
3951 -3232.8 -3030.6
3952 -3055.5 -3048.3
3953 -3037.9 -2894.4
3954 -3110 -2756.4
3955 -3214.5 -2887
3956 -3088.4 -264
3957 -3197 -2730.9
3958 -3244.2 -3125.7
3959 -3295.6 -3024.2
3960 -3034.5 -3050.8
3961 -3045.5 -2961.7
3962 -3024.2 -2767.9
3963 -3031.2 -2834.8
3964 -2836.2 -2719.7
3965 -2988.5 -2755.4
3966 -2929.1 -2781.8
3967 -3017.5 -279.4
3968 -2735.1 -2702.2
3969 -2674.1 -2692.1
3970 -2769.5 -2624.4
3971 -2726.7 -2555.8
3972 -3501.2 -2652.9
3973 -3300.4 -2703.4
3974 -2744 -2587.2
3975 -2569.5 -2488.8
3976 -2777.2 -2402
3977 -2751.4 -2479.5
3978 -3059.6 -124.3
3979 -2887 -2440.2
3980 -2609.3 -2339
3981 -2641.2 -2237.2
3982 -2546.7 -2189.2
3983 -2808.4 -2302.3
3984 -2677.3 -2054.8
3985 -2694.5 -1959.8
3986 -2622.2 -1945.4
3987 -2721.1 -1824.9
3988 -2571.4 -1943.1
3989 -6397.2 -1177.4
3990 -3082.6 -348.4
3991 -2613.9 -2036
3992 -2681.5 -2032
3993 -5760.9 -4184.8
3994 -5767.5 -4093.3
3995 -5702.3 -4166.3
3996 -5701.2 -4005.3
3997 -2902.7 -2029.9
3998 -2895.9 -2065.8
3999 -2951.9 -1849.3
4000 -2972.3 -2080.5
4001 -3144.7 183
4002 -3029.7 -2089.4
4003 -2940.5 -2321.7
4004 -2862.4 -2307.1
4005 -2997.5 -2342.8
4006 -3117.5 -2375.6
4007 -3061.6 -2504.6
4008 -3068.5 -2362.6
4009 -3175.8 -2382.5
4010 -3150.8 -2099.4
4011 -3131.5 -2270.4
4012 -3175.1 40.5
4013 -3207.9 -2099.8
4014 -3098.4 -2095.7
4015 -2558.9 -2019.8
4016 -2752.8 -451
4017 -2747.3 -480.8
4018 -2891.8 -442.8
4019 -2763.3 -562.3
4020 -2886.4 -581.1
4021 -2762.7 -582.5
4022 -2750.2 -692.5
4023 -3115.2 325.7
4024 -2865.4 -707.1
4025 -2725.1 -753.3
4026 -3828.6 5176
4027 -4070.8 5392.5
4028 -3559.8 4914.4
4029 -4078.5 5110.2
4030 -5458.8 6144
4031 -5458.6 6116.3
4032 -5431.4 6143.3
4033 -5513.7 6214.4
4034 -3074.3 168.2
4035 -4102.8 6188.8
4036 -3745.9 6178
4037 -3418.1 6172.7
4038 -3986.2 6091.9
4039 -3393.6 6256.9
4040 -3431.3 6206.4
4041 -3414.4 6496.6
4042 -3425.1 6548.4
4043 -3383.2 6522.5
4044 -2560.8 7744.4
4045 -3222.5 199.4
4046 -2508.3 7707.4
4047 -2513.2 7742.4
4048 -3120.3 7720
4049 -2521.1 7785.5
4050 -2600.3 8144.2
4051 -12506.6 2440.2
4052 -11429.2 3958.1
4053 -12440.3 2387.6
4054 16.7 4124.7
4055 185.5 4029.2
4056 -3101.2 393.9
4057 -4910 2391.4
4058 -4882 2286.8
4059 -5147.2 2460.7
4060 -5709.3 2888.8
4061 -5759.2 2901.4
4062 -5736.5 3042.5
4063 -5536.4 2679.8
4064 -6278.5 3455.7
4065 -6535.2 3579.3
4066 -6281.8 3493.5
4067 -3224.4 348.6
4068 -1050.5 1656.1
4069 -1031.8 1630
4070 -790.4 1470.5
4071 -827.4 1627.1
4072 -950 1565.9
4073 1693.4 4801.1
4074 1716 4794.7
4075 1714.8 4825.6
4076 1220.1 5749.1
4077 1483.1 5707.5
4078 -3044.6 311
4079 339 3942.5
4080 259.5 3986.7
4081 2489.7 6490.3
4082 2276.9 6552.8
4083 2332.1 6772.7
4084 2117.1 6590.4
4085 2528.2 7285.7
4086 2199.5 5717.6
4087 2212.9 5742.3
4088 2094.5 5726.5
4089 -3029.4 378.7
4090 2226.2 5723.8
4091 2086.1 5228.5
4092 2117.6 5212.2
4093 2057.2 5221.7
4094 1392 6129.5
4095 1296.9 6090.7
4096 1447.6 6031.7
4097 1336.1 6281.2
4098 1279.3 6434.4
4099 1315.1 6339.3
4100 -6480.1 -909.4
4101 -3107.6 443.3
4102 1226.1 6592.7
4103 1290.3 6710.1
4104 1261.8 6482
4105 1088.5 6640
4106 813.2 6919.4
4107 1806 6633.6
4108 1743.2 6830.4
4109 2274.8 5918.2
4110 2186.3 5924
4111 2679 5640.7
4112 -2971.7 295.2
4113 3192.9 5994.2
4114 3266 6047.3
4115 3301 5886.9
4116 1485 6509.3
4117 1511.2 6430.8
4118 1348.8 6555.1
4119 2026.8 5117.9
4120 2390.3 4993.8
4121 2358.5 4930
4122 2447.2 4979.2
4123 -2899.8 280.3
4124 2486.7 5060.6
4125 2513.2 5117.5
4126 2626.6 5012.8
4127 2557.1 5208.4
4128 2663 4857.6
4129 2245 5015.3
4130 2163.2 5056.5
4131 -460.3 4199
4132 -1233.3 2006.1
4133 -1254.3 1879.8
4134 -2960.7 363.9
4135 -1176.7 1934.4
4136 -1225.2 2059
4137 -1216.2 2122.8
4138 -2913.3 1230
4139 -2889.5 1219.5
4140 -2711.4 1744.1
4141 -2657.2 1702.2
4142 -2671.5 1842.2
4143 -8064.4 -415.7
4144 -4704.9 -2260.1
4145 -3003.1 153.3
4146 -4717.3 -2295.5
4147 -4809.5 -2423.3
4148 -4842.7 -2424.2
4149 -4673.5 -2196
4150 -4703.9 -2279.7
4151 -955.7 2861.6
4152 -974.1 2725.9
4153 -985.7 2869
4154 2517.7 2132.9
4155 2439.4 2060.7
4156 -2990.8 208.8
4157 2588.6 2191.6
4158 2354.1 2333.3
4159 2671.4 1789.9
4160 2615.8 1850.8
4161 2797.4 1651.4
4162 2863.6 1578.1
4163 2911.6 1525.1
4164 2949.5 1655.6
4165 2880.1 1726.4
4166 2751.9 1856.4
4167 -2930.1 137.9
4168 2949.6 1790.7
4169 2733.2 1990.5
4170 2824.7 2067.6
4171 2696.5 2051.7
4172 3123.4 1480.4
4173 -4063.9 643.9
4174 5176.2 -382.8
4175 5062.3 -273.4
4176 5112.6 -445.5
4177 -8784.6 1157.4
4178 -3031.5 11
4179 367.2 3125.9
4180 1855.6 -1368.3
4181 1972.8 -1398.7
4182 1867.5 -1307.1
4183 1657.6 -1323.1
4184 1822.6 -1501.6
4185 1842.2 -1433.3
4186 1779.9 -1483.2
4187 1759.4 -1568.7
4188 1790.7 -1605.4
4189 -3104 25.4
4190 1863.7 -1912.9
4191 1927.8 -1662.1
4192 1811.3 -2088.5
4193 1774 -2076.4
4194 1848.9 -1973.7
4195 2009.4 -2148.2
4196 2394.9 -2600.9
4197 2192 -2347.7
4198 978.3 595.2
4199 972.3 626.5
4200 -2874.9 -309.6
4201 893 620.7
4202 2276.4 121.8
4203 2335.5 133.8
4204 2201 334
4205 2293.4 10.7
4206 2356.3 23.5
4207 2336.2 -221.5
4208 2414.7 -185.7
4209 2303.8 -87.5
4210 2383.7 -299.8
4211 -6390.3 -1289.5
4212 -2886.2 -376
4213 2456.5 -241.7
4214 2477.6 -382.6
4215 2527.8 -305.6
4216 2634.3 -423.4
4217 2653 -353.7
4218 2866.5 -488.8
4219 2752.2 -451.5
4220 3218.2 -897.7
4221 3313.6 -1072.3
4222 3619.7 -557.8
4223 -2800 -325.6
4224 3220.8 -1145.8
4225 5375 -1557
4226 5391 -1512.8
4227 5443.4 -1690.5
4228 5225.1 -559.8
4229 5987.3 -1177.6
4230 1423.5 -3317.4
4231 1479 -3226.3
4232 1665.2 -3395.7
4233 1255 -3263.3
4234 -2816.6 -33.7
4235 1247.4 -3954.9
4236 1290.6 -3832.1
4237 1527.6 -4368.1
4238 1167.8 -3850.2
4239 1781.1 -4615.5
4240 1824.1 -4660.2
4241 1672.8 -4510.9
4242 1993 -4999.9
4243 2551.7 -7535.1
4244 2394.2 -6817.1
4245 -2886.8 -19.2
4246 2580.8 -7565.9
4247 2542.9 -7744.8
4248 2796.3 -7847.4
4249 2524.6 -7782.7
4250 2564.2 -7649.6
4251 2509.6 -7827.6
4252 2477.6 -7975
4253 2769.1 -7881
4254 2380.9 -7805.4
4255 2212.7 -9179.4
4256 -2845.8 -169.6
4257 1945.8 -9016.2
4258 -411.9 1012.3
4259 -371.1 1115.5
4260 -223.9 1145.9
4261 -69.2 1259.6
4262 -415.5 1200.7
4263 -233.5 1305.7
4264 -476 1325
4265 -571.3 1260.5
4266 -491.1 1366.3
4267 -2786.2 107.7
4268 -395.7 1381.8
4269 -424.4 1409.3
4270 -497.1 1583.7
4271 -311 1527.4
4272 -480.2 1645.7
4273 -462.6 1707.6
4274 -289.6 1648.7
4275 -451.8 1746.6
4276 -437.3 1861.3
4277 -431.7 1971.6
4278 -2711.9 92.1
4279 -779.8 972.1
4280 -787.6 911.2
4281 -772.4 1004.6
4282 -801.4 1056.8
4283 -747.5 1025.8
4284 -681.5 1061
4285 3560.8 856.9
4286 3474.4 918.4
4287 3128.6 546
4288 2826.5 835.4
4289 -2857.9 122.7
4290 3103.6 514.3
4291 3128 507.9
4292 3090 537.1
4293 2964.4 332.2
4294 948.2 -2149.6
4295 899.9 -2034.1
4296 1088 -2075.7
4297 -1303.1 -3004.5
4298 -1293.8 -3036.2
4299 -1272.1 -3019.9
4300 -3202.4 -93.9
4301 -980.1 -3003.2
4302 -1201.3 -2991.6
4303 -1257.7 -2962.9
4304 -2059.4 -2115.2
4305 -2042.8 -2144.2
4306 -1036.7 -2879.1
4307 -974.7 -2846.1
4308 -715.5 -2705
4309 -671.4 -2669.2
4310 -661.9 -2777.7
4311 -3252.1 57
4312 -344.3 -2823.6
4313 -149.8 -2700.1
4314 -374.6 -2830.7
4315 -398 -2834.1
4316 -809.9 -3029.3
4317 -173.4 2357.4
4318 -93.4 2407.6
4319 -274.1 2542
4320 -197.5 2581
4321 -308.6 2622.5
4322 -6273 -1197.9
4323 -2567.1 -374.5
4324 -242.7 2655.7
4325 -394.8 2953.6
4326 -241.8 3861.6
4327 -367.9 3580.3
4328 -447 3352.5
4329 -493.6 2723.5
4330 -448.1 2606.6
4331 -366.1 2397.8
4332 -362.8 2326.5
4333 -334.8 2341.4
4334 -2463.1 -391.3
4335 -268.4 2254.3
4336 -210.2 2190.6
4337 -137.2 2112.3
4338 -74 2023
4339 -168.4 1980
4340 -42.3 1957.3
4341 -143.3 1921.7
4342 -28.8 1875
4343 -23.8 1799.4
4344 -6.4 1598.1
4345 -1907 1089.1
4346 -161 1577.5
4347 2.3 1537.7
4348 16.9 1475.6
4349 38.5 1389.7
4350 58.7 1351.6
4351 2294.8 -392.3
4352 2268.7 -427.4
4353 3033.4 -817.1
4354 3274.9 -1202.5
4355 3182.2 -1165.6
4356 -1999.1 1106
4357 3464.2 -1380.3
4358 3502.1 -1451.3
4359 -1762.6 -5538.2
4360 -1083.4 -3972.5
4361 -1040.6 -3903.1
4362 -506.8 -3014.3
4363 -405.5 -3080.2
4364 -520 -2958.7
4365 -548 -2932.6
4366 1642.4 -2075.8
4367 -1851 1077.4
4368 1506.6 -2062.7
4369 -2124.1 -1878.7
4370 -2124.9 -1843.4
4371 -2059.3 -1876.6
4372 -2072.6 -1656.9
4373 -2014.3 -1670
4374 -2060.9 -1623.4
4375 2773.2 -2741.6
4376 2512.2 -3213.3
4377 2807.4 -2665.9
4378 -1816.6 1209.9
4379 2886.4 -2419.6
4380 3453.5 8164
4381 3476 8081.6
4382 3721.1 8153.4
4383 3422.1 8313.7
4384 3698.1 8302.3
4385 3412.6 8392.6
4386 3188.9 8379.9
4387 3257.8 8613.5
4388 3170 8369.8
4389 -1690.4 1041.4
4390 3404 8476.2
4391 2809.3 7357.8
4392 2188.4 7043
4393 2047.5 5644.6
4394 1991.5 5847.7
4395 -872.9 -1170.6
4396 -1008.2 -1333.1
4397 -1080 -1273.4
4398 -1038.9 -1412.6
4399 -1036.9 -1134.3
4400 -1726.9 1050.1
4401 -937.9 -1073.5
4402 -1116 -1220.7
4403 -1157.7 -1324.2
4404 -1206.2 -1267.5
4405 -1178.2 -1368.2
4406 -1175.6 -1125.2
4407 -1199 -1083.2
4408 -1154.7 -1162.8
4409 -1203.6 -1146.9
4410 -1268.4 -1197.1
4411 -1690.2 1179.9
4412 3280.1 -2996.4
4413 3198.1 -2885.6
4414 3354.2 -3090
4415 3455.7 -3215
4416 3169.6 -3243.2
4417 3253.5 -3180.9
4418 3144.3 -3293.7
4419 806.1 -993.2
4420 844.6 -949.2
4421 747.8 -909.8
4422 -1622.9 1080.9
4423 696.5 -868.1
4424 656.2 -836
4425 620.9 -750.5
4426 4687.8 4166.4
4427 4727.5 4146.4
4428 5633.8 3057.9
4429 5604.7 3085.4
4430 6528.4 2524.8
4431 6216.9 2709.4
4432 6688.7 2448.1
4433 -6481.8 -1164.3
4434 -1650.1 992
4435 7110.9 2229.7
4436 7553.9 2016.3
4437 7624.8 1977.5
4438 7513.3 1957.4
4439 7715.7 1932
4440 7534 1796.9
4441 8454.5 1560.9
4442 8353.1 1694.9
4443 8358.3 1618.8
4444 8465.7 1583.9
4445 -1566.7 1115.8
4446 8585.8 1446.6
4447 8415.5 1457.7
4448 8901.1 1296.9
4449 8927 1291.6
4450 8852.7 1305.7
4451 9046.1 1262.2
4452 9011.1 1271.7
4453 9120.6 1251
4454 9065.7 1332.1
4455 9235.2 1286.5
4456 -1422.4 1110.9
4457 9313 1293.2
4458 9178.1 1265.7
4459 11713.3 1046.1
4460 11946.8 923.9
4461 11803 998.1
4462 12073.1 838.7
4463 4434.7 5057.1
4464 4060 5154
4465 1968.4 6086.5
4466 1984.1 6042.3
4467 -1301.7 1149.4
4468 2728.8 5582
4469 2841 5482.5
4470 -404 3098.7
4471 -297.2 3265.4
4472 -1112.3 1922.4
4473 -1064.8 1913.5
4474 -1133.5 1852.9
4475 -1084.1 2010.9
4476 -1145.4 1813.7
4477 -1144.4 2030.7
4478 -1287.9 1122.2
4479 -1041.8 2152.2
4480 -1053.4 2105.7
4481 -1210.3 2176.3
4482 -1064 2073.1
4483 -960.6 1958.5
4484 -976.1 1929.7
4485 -1022.7 1984.2
4486 -918.8 2069.9
4487 -911.9 2140.7
4488 -926.9 2222
4489 -1211.1 1236.9
4490 -1030.3 2228.2
4491 -984.5 2537.3
4492 -1054.8 2539.9
4493 -965.2 2420.9
4494 -982.6 2580.5
4495 -2510 -2446.6
4496 -3401.6 -2298.9
4497 -3225.9 -1951.1
4498 -3367.3 -1966.9
4499 5573.6 -3091.9
4500 -1168.3 1280.6
4501 5652.6 -3012.3
4502 5450.6 -3387.5
4503 -2049.7 -7273.3
4504 -1693.1 -7372.4
4505 -2106.1 -7451.1
4506 3281.6 -4768.2
4507 3292.5 -4746.9
4508 3469.3 -4990.4
4509 3225.2 -4860.1
4510 2215.1 -5611.7
4511 -1181.3 1229
4512 2018.5 -5530.4
4513 2234.8 -5667.6
4514 2402.6 -5511.8
4515 1940 -5552.3
4516 2099.5 -5735.5
4517 2747 -5294.9
4518 2839.7 -5243
4519 2660 -5351.3
4520 2832.9 -5392.7
4521 6898.5 -4054.3
4522 -1151.8 1293.9
4523 7069.3 -4131.2
4524 6863.4 -4019.2
4525 6916.3 -4020.3
4526 7064.7 -3739.7
4527 7214.5 -3403.8
4528 1226.3 -5028.2
4529 1178.2 -5023.9
4530 1200.6 -5051.4
4531 1194.1 -5079.8
4532 1198.6 -5135.7
4533 -1315.9 1964.8
4534 1274.9 -4998.5
4535 1245.5 -5207
4536 -1999.9 -7910.2
4537 -2137.8 -7777.6
4538 -2033.9 -8033.3
4539 -1895.1 -7940.8
4540 1635.9 -5375
4541 1868.1 -5537
4542 1582.4 -5335
4543 1416.5 -5108.7
4544 -793.4 28.7
4545 -6131 -1220.9
4546 -1242.8 1950.2
4547 1551.1 -4614.7
4548 -6225.8 -3059.9
4549 -1670.3 -6546.9
4550 6631.6 -3730.9
4551 6753.3 -3910.6
4552 -2485.4 2318.7
4553 -2408.6 2306.5
4554 -1802.5 1505.8
4555 -1830.6 1393.7
4556 -1882.1 1522.5
4557 -1375.4 1972.6
4558 -2298.8 1825.6
4559 -2248 1906.4
4560 -2346.9 1745.7
4561 -2384.3 1886.3
4562 -2522.6 1984.4
4563 -2555 2130.4
4564 -2561.9 1897.9
4565 -2593.7 2033.5
4566 -2454.1 1935.7
4567 -2664 2062.1
4568 -1309.2 2016.2
4569 -2729.4 2090.4
4570 -2762.5 2010.4
4571 -2818.1 2127.9
4572 -2934.1 2197.7
4573 -3072.7 2150.3
4574 -3064.7 2301.1
4575 -5791.6 -7950.1
4576 -5723.6 -7766.5
4577 -5813.1 -8044.9
4578 -5699.4 -7833.7
4579 -1340.1 1803.6
4580 -5709.4 -7991.7
4581 -5911.8 -8159.1
4582 -5318.2 -7641.6
4583 -10883 -172.5
4584 -10958.8 -160.6
4585 -10962.6 -300.6
4586 -10885.6 -304.2
4587 -10814.3 -473.6
4588 1201.7 -275.8
4589 1170.9 -45.4
4590 -1318.8 1905
4591 1531.4 -783.9
4592 1486.3 -784.5
4593 1528.4 -875.8
4594 1526 -670
4595 1522.5 -976
4596 1388.3 -959.6
4597 1513.7 -1083.3
4598 1501.9 -1145
4599 1519.5 -1025.3
4600 1701.3 -1143.1
4601 279.2 2987.5
4602 1481.6 -1235.5
4603 3734.3 -3598
4604 3828.9 -3734.1
4605 3939.6 -3567.5
4606 3654.4 -3487
4607 4272.2 -4353.8
4608 4325.3 -4414.9
4609 4140.4 -4160.8
4610 4496.5 -4677.6
4611 4367.9 -4475.9
4612 301.7 2866.1
4613 4678.7 -4918.7
4614 6557.2 -5273.9
4615 6818.5 -5193.1
4616 6336.8 -5236.1
4617 6432.3 -5460.5
4618 6794.3 -5387.7
4619 6819.6 -5092.4
4620 4857.7 -4538.2
4621 4890.3 -4237.5
4622 4672.1 -4440.2
4623 181.7 2975.7
4624 4719.1 -4849
4625 5745.8 -4837.5
4626 294.2 1143.4
4627 517.6 775
4628 4665.7 -4941.3
4629 4974.2 -5205.7
4630 7058.1 -5031.7
4631 7076 -5101.3
4632 7420.3 -4969.5
4633 6979.6 -5097.2
4634 391 3003.2
4635 7008.9 -5067.4
4636 7435.5 -5113.1
4637 6384.4 -5053.9
4638 6234.2 -5958.7
4639 6523.7 -6066.2
4640 5731 -5765.8
4641 6301.4 -5793.3
4642 1465.9 -1380.9
4643 1472.3 -1331.3
4644 1399 -1348.8
4645 -136.6 2930
4646 -1628 -517.9
4647 -1557.2 -348.5
4648 -1076.1 -745.6
4649 1547.4 5758.3
4650 1427.1 5714.7
4651 1523.5 5896.4
4652 1580 5794.4
4653 1671.2 6229.2
4654 1587.9 6546
4655 1610 6467.4
4656 -6071.8 -1231.1
4657 -220.1 2906.2
4658 1700.5 6589.2
4659 3090.6 -924.3
4660 -3642.5 -4811.3
4661 -3616.4 -4631.9
4662 2466.3 -1987.5
4663 2432.7 -1947.9
4664 2508.8 -1887.4
4665 1834.7 -570.7
4666 1926.8 -467.3
4667 1933.8 -703.8
4668 -65.5 2940.1
4669 1798.2 -531.5
4670 1522.8 -209.6
4671 1437.9 -157
4672 1612.6 -300.6
4673 1468.3 -292.4
4674 3224.7 -2834.6
4675 3100.5 -2763.6
4676 3141.8 -2732.7
4677 3257.7 -2645.6
4678 3018.9 -2671
4679 -121.8 2832
4680 -2607.3 -1603.2
4681 -2661.5 -1637
4682 -2732.4 -1682
4683 -2742.8 -1626.2
4684 -2728.8 -1702.3
4685 -2682 -1524.4
4686 -2644 -1430.1
4687 -2705.8 -1525.9
4688 -2547.4 -1470
4689 -2504.3 -1367.7
4690 -146.2 2991.6
4691 -2444.2 -1392.4
4692 -2378.9 -1419
4693 -2233.5 -1406.2
4694 -2287.4 -1311.6
4695 -2336.8 -1343.8
4696 -1095.3 -2489.2
4697 -1056.5 -2350.8
4698 -1153.9 -2521
4699 -1039.6 -2592.6
4700 -1058 -2559.6
4701 285.3 3766
4702 -1103 -2614.2
4703 -951.8 -2544.7
4704 -923.8 -2600.2
4705 -1170.5 -1895.1
4706 -1087.8 -2124.7
4707 -1057.2 -2043.1
4708 -1033.9 -2244.1
4709 -1020.9 -2264.9
4710 -989.7 -2314.3
4711 -865.1 -2496.4
4712 432.3 3881.9
4713 -828.3 -2547.1
4714 -1348 -2625.1
4715 -1258.4 -2800.1
4716 -1454.5 -2681.8
4717 -1214.7 -2871
4718 -1349.1 -2857.7
4719 -1201.6 -2732.6
4720 -776.9 -2350.9
4721 -706.9 -2312.1
4722 -597.4 -2451.9
4723 217.7 2714.3
4724 -625.4 -2250.2
4725 -535.1 -2179.9
4726 -472.7 -2267.4
4727 -452.3 -2115.9
4728 -555.2 -1973.9
4729 -421.2 -2074
4730 -231.9 -1750.7
4731 -195.6 -1674.1
4732 -220.9 -1644.7
4733 -263.5 -1597.3
4734 233.2 2634.5
4735 -160.6 -1592.6
4736 -370.3 -1480.1
4737 -387.5 -1512.2
4738 -298.3 -1558.9
4739 3.5 -782.8
4740 -0 -804.1
4741 -41.7 -969.9
4742 -94.9 -947.3
4743 -72.9 -1095.8
4744 -84.9 -1137.9
4745 192.3 2845.2
4746 -122.9 -1198.6
4747 25.6 -1261.4
4748 -224.8 -1305.8
4749 -220.5 -1105.6
4750 -243 -1323.6
4751 -265.8 -1351
4752 -151.6 -1435.7
4753 -316.1 -1410.9
4754 -349.9 -1450.2
4755 -238.5 -1502.3
4756 321.9 2734.8
4757 54.3 -582.6
4758 -35.3 -550.9
4759 -752.7 -2651.8
4760 -633.4 -2818.8
4761 -768.1 -2888
4762 -588.2 -2864.1
4763 -616.5 -2744.1
4764 -552.2 -2969.8
4765 -309.9 -2229.9
4766 -425 -2319
4767 -6125.7 -1034.3
4768 338 2663.7
4769 342.8 -2416.9
4770 210.7 -2489.2
4771 303 -2350.7
4772 136.1 -2530.8
4773 -9.5 -2610.2
4774 359.1 -2420
4775 523.9 -2253.4
4776 541.2 -2325.3
4777 519.3 -2320.5
4778 434.4 -2374.2
4779 520.4 2910.1
4780 380.9 -2400.9
4781 752.5 -2221.3
4782 575.8 -2304
4783 48.5 -2579
4784 97.8 -2473.2
4785 -183.8 -1461.5
4786 -202.7 -1544.2
4787 -135.2 -1620.4
4788 -86 -1674.5
4789 -368.3 -1942
4790 411.5 2889
4791 -171 -2185.3
4792 -328.4 -1901.3
4793 -181.3 -2224.3
4794 -138.8 -2128.2
4795 -195.7 -2254
4796 -172.8 -2272.4
4797 -56 -2431.8
4798 32.2 -2377.3
4799 173.8 -2427
4800 -28.4 -2288.7
4801 525.5 2814
4802 -83.5 -2207.7
4803 3 -2140.7
4804 -102.9 -2045.9
4805 -151.6 -2123.9
4806 -211.4 -1785
4807 -288.7 -1840.6
4808 -126 -1876.1
4809 -206.9 -1939.3
4810 -52.8 -1952
4811 -116.3 -2044.2
4812 514.7 3016.9
4813 190.7 -2276.4
4814 254.5 -2379.2
4815 -402.8 -1542.3
4816 -452.4 -1631.7
4817 -563.7 -1711.5
4818 -551.5 -1818
4819 -476 -1926.2
4820 -2472.7 -247.6
4821 -2453.8 -471.6
4822 -2389.6 -385.5
4823 646.9 2977.9
4824 2104.8 -997.9
4825 1999.2 -1044.8
4826 2169.2 -1123
4827 1788.4 -1081.9
4828 1700.5 -1084.2
4829 -4174.1 649.2
4830 -3738.3 703.6
4831 -3717.2 808.7
4832 -3649.1 803.5
4833 -3764.3 963.7
4834 579.8 2941.1
4835 -3801.4 1134.6
4836 -3537.3 1463.8
4837 -3480 1568.5
4838 -3572.8 1394.2
4839 -3613.6 1506
4840 -3699.8 1546.9
4841 -3879.9 1150.8
4842 -3751.8 1228.6
4843 -3731.7 1120
4844 -2763.2 2418.8
4845 702.3 2879.1
4846 -2625.6 2347.2
4847 -2693 2512.6
4848 -2841.7 2644.8
4849 -2272.1 2408.8
4850 -2082.5 2249.1
4851 -1946.3 2293
4852 -2059.3 2333.4
4853 -2144.2 2453.2
4854 3188.5 -2515.6
4855 3176.9 -2541.8
4856 585.5 3106.6
4857 3016.4 -2577.3
4858 2914.9 -2450.9
4859 3065.4 -2630.9
4860 2978.3 -2398.3
4861 2873.2 -2485.8
4862 2778 -2364.1
4863 3136.7 -2246.9
4864 3040.5 -2169.5
4865 3312.1 -2386.5
4866 3354.9 -1978
4867 463.1 3130.8
4868 3445 -2307.5
4869 3617.5 -2351.5
4870 3367.5 -2409.8
4871 3682.7 -2376.4
4872 3752.8 -2416.8
4873 3763.9 -2397.8
4874 3813.2 -2301.2
4875 3684.3 -2246.5
4876 3959.3 -2336.1
4877 4223.5 -2389.2
4878 -5920.9 -1249.7
4879 754.9 3244.2
4880 4028 -2618.1
4881 4346.9 -2300.6
4882 4060.9 -2736.1
4883 3925.1 -2577.5
4884 4090.6 -2952.8
4885 4326.4 -2957.3
4886 4032.5 -3002.4
4887 4046.7 -3038.8
4888 4034.1 -3481.7
4889 4137.2 -3012.8
4890 1562.6 3560.6
4891 3767.3 -3097.4
4892 3755.5 -3073.3
4893 3644.2 -3147.1
4894 3515.3 -3193.8
4895 3548.5 -3342.1
4896 2268.4 1434.5
4897 2509.9 1211.2
4898 2509.7 1245.6
4899 2809.6 975.8
4900 -894.2 -2656.3
4901 1790.1 3258.2
4902 -977.3 -2703.1
4903 -863.1 -2713.2
4904 -1009.2 -2646.6
4905 -832.2 -2768.9
4906 -916 -2813.8
4907 -946.6 -2758.5
4908 -1037.2 -2735
4909 -1148 -2668.9
4910 -1096.6 -2766.8
4911 -791.2 -2597.7
4912 1516.7 3627.9
4913 -777.7 -2511.9
4914 -1394.8 -2888.7
4915 -798 -3011.5
4916 -794.1 -2943.7
4917 -1210.3 -2552.4
4918 -992.3 -2962.4
4919 -2028.1 -162.6
4920 2120.8 6576.5
4921 2196.7 7036.6
4922 2077.9 6576.9
4923 1501.7 3513
4924 2098.3 6607.4
4925 -1617.2 -905.5
4926 -1753.6 -941
4927 -1729.6 -1020.4
4928 -1553.7 -515.9
4929 -2050.9 -810
4930 -2069.8 -736.9
4931 -2000.5 -998.8
4932 -2080.5 -695.5
4933 -2149.9 -702.9
4934 475.3 3880.9
4935 -2095.4 -592.8
4936 -2100.4 -531.8
4937 -2173.3 -538.4
4938 -2000.4 -353.2
4939 -775.1 -319.9
4940 -731.1 -483.6
4941 -1669.5 -1191.2
4942 -1627.7 -60.7
4943 -1622.5 -27.8
4944 -1226.5 -1033.4
4945 511.3 3818.5
4946 -1159.3 -1031
4947 -1122.2 -1032.8
4948 -1063.9 -1035.8
4949 -2430.1 -713.2
4950 -2379.7 -1139.3
4951 -2158.5 -1055.7
4952 -2456.3 -1172.9
4953 -2224.8 -918.5
4954 -956.2 -360
4955 -1249.2 355.7
4956 459.3 3916.6
4957 -1272.4 491.5
4958 -1063.6 520.9
4959 -1116.6 510.3
4960 -1029.6 362.6
4961 -972.7 376.2
4962 -924.1 210.8
4963 -1692.9 -1446
4964 -1795.5 -1313.7
4965 -1678.7 -1464.4
4966 -1561.3 -1615.8
4967 489.3 3920.6
4968 -1627.9 -1661.9
4969 -1504.5 -1574.4
4970 -1422.3 -1795.8
4971 -1515.8 -1844.4
4972 -1398.6 -1781.8
4973 -1351.8 -1698.2
4974 -1240.6 -1815.1
4975 -1325 -1643.2
4976 -1567.8 -1380.1
4977 -1624.3 -1409.9
4978 1959 3055.4
4979 -1489.2 -1337.4
4980 -1405 -1274.9
4981 -1361.7 -1241.2
4982 -1287 -1339.3
4983 -1452.8 -988.2
4984 -1381.4 -1479.4
4985 -1299.3 -1586.5
4986 -1459.3 -1538.8
4987 -1212.4 -1414.6
4988 -2048.2 -1827.9
4989 -5916.4 -1047.9
4990 1850 3361.4
4991 -2031.9 -1753.9
4992 -1923.2 -1785.4
4993 -1891.1 -1882.3
4994 -1817.4 -1748.9
4995 -1749.9 -1718.7
4996 -1685.8 -1688.6
4997 -1766.8 -1533.2
4998 -1296 -1421.7
4999 -1120.5 -1489.8
5000 -1851.8 -1388.4
5001 1912.3 3104.1
5002 -1129.5 -1801.3
5003 6320.8 2461.4
5004 6342.1 2175.5
5005 6346.4 2512
5006 6481.2 2451.2
5007 9375.5 8016.5
5008 9265.1 8081.1
5009 9424.7 8006
5010 7606.5 7526.3
5011 7724.9 7647.9
5012 2112.5 2876.3
5013 7070.8 7068.2
5014 7006.3 4151.8
5015 6824.1 3865.5
5016 6878.3 3917
5017 7933.6 6163.5
5018 7930.6 5989.3
5019 7912.4 5749
5020 8016.1 6674.9
5021 9157 8156.5
5022 9202.8 8126.5
5023 1932.7 3033.3
5024 8782 8589.7
5025 9098.9 8063.8
5026 9635.8 7984.5
5027 9644.3 7966.1
5028 9723.6 8005.9
5029 9477 7997.3
5030 -5833.6 -5330.4
5031 -5874.7 -5401
5032 -5930.7 -5406.1
5033 -5556.5 -5533.1
5034 4770.9 -91.8
5035 -5516.5 -5819
5036 -5699.3 -5874.5
5037 -5507.5 -5902.4
5038 -5536.7 -5743.7
5039 -5529.7 -6121
5040 -5502.8 -5988.8
5041 1426 5251.5
5042 1523.5 5099.7
5043 5217.2 4094.2
5044 5142.6 4142.1
5045 4678.9 -456.7
5046 5345.1 4067.7
5047 3072.8 3099.6
5048 3149.7 3165.2
5049 8058.5 1055.9
5050 8149.8 1328
5051 8062.6 811.6
5052 7875.1 865.6
5053 8360.5 1291.6
5054 8112.9 801.8
5055 8330.5 751.9
5056 3934.4 -1247.6
5057 8307.5 663.8
5058 8282.7 773.2
5059 8565.4 1056.8
5060 7513 1040.4
5061 7722.6 931
5062 7608.6 1314.4
5063 7286.6 1157.5
5064 7071.8 1268.9
5065 7017 1098.2
5066 6969.5 1340.7
5067 5437.8 348.3
5068 7251.2 1174.9
5069 6734.1 1535
5070 6741 1621
5071 6728.5 1466.3
5072 8466.6 1274.1
5073 8500.2 1264.9
5074 7877.9 1376.1
5075 7994.2 1355.7
5076 7644.2 1418.4
5077 7372.7 1468.6
5078 4889.8 -234.4
5079 7195 1499.8
5080 7003.1 1595.2
5081 7209.5 1572.9
5082 7054.1 1788.8
5083 6770.8 1734.6
5084 6746 1668.1
5085 6688.2 1818.2
5086 6617.7 1748.3
5087 6624 1883.3
5088 6553.8 1813
5089 3737.3 -1458
5090 6562.6 1946.4
5091 6492.6 1874
5092 6635.1 2048.7
5093 6476.9 2040.1
5094 6524.6 2125.9
5095 6256.2 2059.8
5096 6377.6 2231.9
5097 7481.7 948.6
5098 7451.4 860.1
5099 7704 878.7
5100 -5946.6 -1341.8
5101 3459.1 -1751.6
5102 7254.2 1020.4
5103 7421.3 770.5
5104 7676.7 800
5105 7221.5 922.7
5106 7399.5 706.5
5107 7649.3 719.2
5108 7186.7 822.9
5109 7378.3 646.1
5110 7164.4 757.3
5111 7358.8 588.2
5112 5778.4 690.6
5113 7141 689
5114 7335.9 526.4
5115 7115.9 614.6
5116 7208.4 536.2
5117 7261.3 301.2
5118 7579 510.1
5119 -1660 332.4
5120 -1490.5 388
5121 -1587.7 310.4
5122 -1609.2 317.1
5123 5932.3 1111.9
5124 -1586.3 136.3
5125 4948.2 3919.9
5126 5148.5 3690.4
5127 8606.9 1231.9
5128 9068.9 890.2
5129 8284.1 584.1
5130 8278 563.2
5131 8907.5 379.7
5132 8246.4 456.5
5133 8332 434.5
5134 5447.4 560.4
5135 8216.6 358.3
5136 8211 337.6
5137 8173.1 209.3
5138 8259 180.5
5139 8126.3 55.8
5140 8094.5 -174.2
5141 8181.7 -16.2
5142 7881.9 -443.7
5143 7994.7 -76.8
5144 8164.2 -219
5145 3440.8 -1791.6
5146 7745.5 -304
5147 7940.3 -491.6
5148 7837.2 -496.7
5149 7654.9 -717.2
5150 7596.3 -609.5
5151 7611.3 -768.6
5152 7736 -620.9
5153 7714 -765.8
5154 7409.8 -1253.8
5155 7280.5 -1225
5156 3902.6 -1754.2
5157 7414.9 -1206.3
5158 6716.8 -679.4
5159 7434.5 -1376.5
5160 6716.7 1366.2
5161 6905.2 1302.5
5162 6697.1 1271.5
5163 6813.2 1272.2
5164 6677.2 1189
5165 6751.5 1168.5
5166 6653.8 1093.1
5167 3650.6 -1569.6
5168 6635.8 1010.5
5169 6621.1 942.4
5170 6601.2 726.2
5171 6326 1003.8
5172 6806.6 1152.9
5173 6922.7 1121.9
5174 6881.9 976
5175 6766.9 1009.1
5176 6972.3 950.8
5177 6850.7 836.7
5178 3857 -1630.2
5179 6809.3 715.5
5180 6760 817.1
5181 6876.1 640.6
5182 6780.6 1057.8
5183 6738.8 922.2
5184 7088 881.5
5185 6991 770.9
5186 7200.4 1036.9
5187 7029.1 928.3
5188 6932.8 704.9
5189 1913.9 4557.4
5190 6934.5 816.2
5191 6915.6 686.3
5192 7883.8 551.8
5193 7903.7 609.3
5194 8114.4 499.8
5195 7729.3 508
5196 7087.9 546.1
5197 7672.1 508.9
5198 7786.8 678.9
5199 7852.8 872
5200 1547.2 5088.2
5201 8163.1 490.9
5202 8158.7 469.8
5203 7946.2 691.4
5204 8095.2 693.9
5205 8104.1 745.8
5206 6092.6 -75.8
5207 5961.5 48.2
5208 5837.5 172.2
5209 5477.5 770.9
5210 5578.4 399.5
5211 -5817.7 -1253
5212 1814.2 4722.9
5213 5763.9 460.4
5214 5713.8 265.3
5215 5527.3 426.7
5216 5255.7 747.6
5217 5804.7 508.4
5218 5915.5 631.7
5219 5969.6 761.8
5220 5734.5 1282.7
5221 5516.8 429.8
5222 5547.2 678.3
5223 5384 587.7
5224 4653.3 1340.5
5225 5473.9 963.7
5226 5712.3 908
5227 5750.6 929.8
5228 5799.5 888.8
5229 5918.5 1285.8
5230 5813.6 1314.8
5231 5759.2 1332.5
5232 5699.7 1346
5233 6031.1 1314.2
5234 5507.2 470
5235 6058.4 1395.6
5236 6137.2 1728.7
5237 6149.2 1810
5238 6202 1703.7
5239 6124.7 1617.2
5240 6533.3 2426
5241 6455.7 2397
5242 6639.4 2337
5243 6184.5 1931.4
5244 6213.4 1913.8
5245 -7271.9 -973.2
5246 6227.1 1787.1
5247 6435.7 2355.4
5248 6264.6 1676.6
5249 6316.5 1762
5250 6253.3 1594.5
5251 6730.7 2252.7
5252 6606.4 2269.3
5253 6566.8 2199.9
5254 6678.6 2143
5255 6400.6 2281.3
5256 -7319.8 -959.9
5257 6419.4 1942.5
5258 6278.1 2040.5
5259 6354.3 1829.1
5260 6403 1785.6
5261 6349.3 1731.8
5262 6257.1 1887
5263 6466.8 1726.7
5264 6996.8 2073.5
5265 6687.3 1677.7
5266 7054.6 2149.3
5267 -7264.6 -952.9
5268 7144.9 2005.2
5269 7112.7 1928.8
5270 7422.5 1877
5271 7219.2 2186.3
5272 7194.8 2130
5273 7177 2086.4
5274 7276.7 2086.4
5275 7346.4 2050.2
5276 7426.5 2011.7
5277 7290.7 1942.4
5278 -7537.6 -849.8
5279 7362.5 1907
5280 7222.8 1974
5281 7332.9 1922.2
5282 7294 1847.3
5283 7238.4 1776
5284 7173 1724.8
5285 7082.9 1858.1
5286 7124.2 1600.3
5287 7624.4 1751.7
5288 7827.6 1881.2
5289 -7632.1 -801.6
5290 8382.3 1370.2
5291 9923.6 6020
5292 10518.7 5688.2
5293 9706.1 5790.8
5294 9045.7 5596.7
5295 8970.8 5619.2
5296 9110.3 5755.4
5297 9094.4 5581.9
5298 9892.2 5082.5
5299 9606.5 4838.2
5300 -7666.9 -904.6
5301 9802.2 5081.3
5302 10316.7 5073.1
5303 9606 5074.3
5304 9605.9 5098.4
5305 9314.5 5064.2
5306 8351.5 5813.8
5307 8745.8 5694.5
5308 8064.8 5900.9
5309 8098.5 5073.2
5310 9042.7 5782.8
5311 -7727.6 -768.7
5312 8304.5 5076.9
5313 8250.2 4979.4
5314 8521.7 5081.2
5315 8775.5 5080.2
5316 8602.5 4771.3
5317 8946.3 5078.8
5318 9028 5337.8
5319 9244.5 5061.4
5320 8926.9 5028.6
5321 12204.5 4899
5322 -5662.3 -1235.4
5323 -7874.1 -732.7
5324 12131.5 4900.8
5325 12187.8 4805.2
5326 12300.4 4897.8
5327 12253.1 5099.2
5328 12274.4 5184.6
5329 12271.4 5426.1
5330 12328.9 5417.7
5331 12415.6 5407.3
5332 12461.5 5956.2
5333 12093.6 4662.3
5334 -7979.9 -733.4
5335 12063.4 4904.6
5336 11128.8 5578.3
5337 2381.4 2005.9
5338 2327.8 1961.1
5339 2492.2 1997.6
5340 2271.1 2262.7
5341 2303.5 1761.2
5342 2388.6 1887.1
5343 2213 1868.1
5344 3317.5 1401.6
5345 -7845.6 -632.8
5346 3016.4 1852.3
5347 1398.5 3125.2
5348 1351.5 3088.3
5349 1442.8 3159.7
5350 1482.1 3018
5351 1249.3 3318.5
5352 1422.6 2618.6
5353 1375.6 2580.8
5354 1544.7 2328
5355 -2770.4 -185.3
5356 -7822.4 -745
5357 -3311.3 -219.5
5358 -3390.5 -203.3
5359 -3467.5 -186
5360 -3356.5 -61.5
5361 -3408.5 89.8
5362 -3330.5 73.1
5363 -3613 284.2
5364 -3425.2 390.9
5365 -3348.5 374.6
5366 -3298.7 364.1
5367 -8155 -715.1
5368 -3271.2 358.5
5369 -3301.9 216.1
5370 -2606 -149
5371 -2536.1 -234.1
5372 -3690.2 298.5
5373 -3844.4 329.8
5374 473.9 282
5375 522.3 336.8
5376 602.6 189
5377 617 430.4
5378 -8177.4 -782
5379 491.4 358.5
5380 670.5 526.8
5381 574 454.9
5382 660.4 411.8
5383 685.6 551.7
5384 254.4 345.5
5385 307.4 307.4
5386 214.9 332.4
5387 367.4 464.7
5388 436.2 401.8
5389 -8265.2 -672.9
5390 231.9 544.3
5391 332.4 427.7
5392 467.4 376.2
5393 444.6 422.1
5394 538.7 472.4
5395 498.3 423.4
5396 525.7 399.9
5397 469.2 327.1
5398 386.9 491
5399 345.9 582.2
5400 -8173.4 -351.7
5401 356.7 667.2
5402 89.7 -7392.3
5403 -10.1 -7622.1
5404 145.6 -7224.5
5405 758.4 -7641.3
5406 -2062.2 631.5
5407 -2133.8 632.3
5408 -2003.5 629.2
5409 -2099.5 517.8
5410 -2203.9 632.6
5411 -8066.3 -729.5
5412 -2132.1 727.4
5413 -2136.6 521.7
5414 -2237.2 818.3
5415 -2169.7 832.3
5416 -2344.9 795.7
5417 -2027.3 733
5418 -2403.6 607.2
5419 -2215.1 531.4
5420 -2418.4 688.7
5421 -2508.2 669.5
5422 -8323.9 -627.4
5423 -2040.6 497.6
5424 -2052.7 399
5425 -1982.9 389.1
5426 -2059.5 320.4
5427 -2004.5 280.3
5428 -2056.4 352.2
5429 -2078.7 334.8
5430 -1966.7 737.3
5431 -2178.1 53.7
5432 -2840.4 511.3
5433 -5579.8 -1225.9
5434 -8546.2 -503.1
5435 -2899.6 534.1
5436 -2963.5 556.5
5437 -3017.7 575.1
5438 -2972.1 641.4
5439 -2667.1 524.5
5440 -2771.1 542.2
5441 -2889.5 666.8
5442 -2836.6 681.9
5443 -2971.4 738.3
5444 -3022.3 626.6
5445 -8307.6 -642.5
5446 -2954.2 475.8
5447 -2851.5 395
5448 -2842.3 449.4
5449 -3039.8 505.9
5450 -2780.5 414.6
5451 -1906.9 739.3
5452 -1925.9 854.5
5453 -1933.8 627.9
5454 -2246.1 1545.2
5455 -2195.9 1638.9
5456 -10366.2 -112.8
5457 -2333.7 1605
5458 -1821.6 1735.7
5459 -2046 1879.4
5460 -2982 1092.2
5461 -3074.1 1107.4
5462 -2967.3 1191.9
5463 -1922.1 1417
5464 -2005.1 1450.3
5465 -1963.1 1245.7
5466 -1872.2 1224
5467 -10400.4 -104.1
5468 -2283.8 1700.8
5469 -2334.9 1971.7
5470 -1882.7 851.9
5471 -1827.7 742.9
5472 -1836 627.9
5473 -1736.5 745.8
5474 -1738.9 790.4
5475 -1729.4 630.2
5476 -1841.4 547.6
5477 -1734.2 708.5
5478 -10630.9 21.7
5479 -1614.3 631.1
5480 -1960.3 513.6
5481 -1965.9 483.2
5482 -1844.4 508.3
5483 -1846.7 466.1
5484 -1866.8 509.4
5485 -1852.7 370.4
5486 -1756.6 1052.1
5487 -1792.1 1061.2
5488 -1381.8 1743.5
5489 -10568.3 143.2
5490 -1754 1195
5491 -1626.1 1164.3
5492 -2107.2 1489.4
5493 -2152.3 1377.3
5494 -2035.6 1343.2
5495 -2376.9 1522.6
5496 -2402.7 1653.8
5497 -2454.9 1570.5
5498 -2628.4 1944.9
5499 -2735 1886.8
5500 -10718 -153.5
5501 -2077.8 1579
5502 -2500.8 1854.8
5503 -1750.2 1733.1
5504 -1801 1837.4
5505 -1731.8 1830.3
5506 -1615.7 1781.2
5507 -2061.9 1785.6
5508 -2148.4 1921.2
5509 -2004.9 1768
5510 -2185.9 1859.1
5511 -10772.2 62.6
5512 -2052.3 1271.3
5513 -2179.2 1317.1
5514 -2079.7 1281.2
5515 -2545.5 1423.3
5516 -2561 1351.6
5517 -2326.8 1360.8
5518 -2603.9 1445.9
5519 -2578.1 1510.6
5520 -2668.3 1471.2
5521 -2689.6 1401.5
5522 -11478 30.2
5523 -2646.7 1540.6
5524 -2728.9 1500.6
5525 -2754.7 1428.4
5526 -2797.9 1534.6
5527 -2770.3 1600.7
5528 -2859.2 1563.3
5529 -2887.6 1492.9
5530 -2928.4 1595.9
5531 -2952.4 1523.3
5532 -2312.5 1423.9
5533 -11465.8 -48.3
5534 -2059.9 1350.6
5535 -2412.9 1453.3
5536 -2473.1 1469.7
5537 -2511.2 1479.6
5538 -2705 1568.9
5539 -2833.8 1631.9
5540 -2906.5 1668
5541 -2576.2 1281
5542 -2623.6 1376.2
5543 -2709.9 1318.2
5544 -5678.1 -1367.6
5545 -11418.9 37.2
5546 -2787.8 1358.1
5547 -2825.6 1463.6
5548 -2775.2 1783.9
5549 -2807 1699.8
5550 -2850.2 1829.5
5551 -2740.1 1675
5552 -2469.3 1177.6
5553 -2856.2 1388.6
5554 -2916 1420.2
5555 -2975.6 1448.9
5556 -11758.6 -131.7
5557 -3032.1 1304.6
5558 -3071.5 1492.2
5559 -2116.5 1128.5
5560 -2211.6 1127.7
5561 -2194.4 1245.2
5562 -2251.3 1116.5
5563 -2376.3 1145.5
5564 -1988.6 848.7
5565 -2117.3 944.5
5566 -2355 967.9
5567 -10902.9 216.4
5568 -2638.2 815.9
5569 -2768.3 986.7
5570 -2840.1 986.1
5571 -2840.2 888.9
5572 -2907.7 985.2
5573 -2902.5 888.6
5574 -2967.7 984.3
5575 -2764.3 828
5576 -2837.8 834.4
5577 -2707.8 822.6
5578 -10849.8 251.9
5579 -2900.2 840.2
5580 -2895.9 743.2
5581 -2970 847.3
5582 -3021.5 853.1
5583 -2287.9 1467.6
5584 -1375.9 504.9
5585 -1365.9 376.9
5586 -1428.3 513.5
5587 -1305.7 494.9
5588 -1310.3 581.5
5589 -10708.9 204.1
5590 -1314.6 653.8
5591 -1197.6 664.2
5592 -1390.7 646.5
5593 -1320.3 743.7
5594 -1323.4 846.6
5595 -1382 577
5596 -1479.8 638.8
5597 -1428.7 796.7
5598 -1412.4 737.7
5599 -1488.4 748.1
5600 -10929.3 217.3
5601 -1569.6 637.3
5602 -1619.4 553.3
5603 -1596.8 991.2
5604 -1622.8 995.6
5605 -1425 967.6
5606 -1303.1 953.1
5607 -1200.4 938.9
5608 -1207.5 846.4
5609 -1188.5 1088.1
5610 -1289.7 1097.1
5611 -10725.1 379.8
5612 -1142.8 668.9
5613 -1169.1 499.3
5614 -1041.4 676
5615 -1053.4 827.6
5616 -1716.6 498.7
5617 -1820.9 507.5
5618 -1670.1 918.4
5619 -1622.3 1046.6
5620 -1635.2 510.3
5621 -1699 382.7
5622 -10706.4 534.1
5623 -1498.2 461.9
5624 -1532.3 475.1
5625 -1505 528.6
5626 -658.7 1201.2
5627 -800.7 1413.2
5628 -1123.6 1314
5629 -1142.5 1327.5
5630 -857.2 1463.4
5631 -1112.9 1457
5632 -56 69.7
5633 -10609 197.6
5634 -57.9 103.8
5635 -91.2 256
5636 157.5 390.5
5637 101.8 -222.5
5638 143.7 -30.1
5639 150.1 -306.9
5640 132.9 -349.9
5641 175.5 -368.2
5642 69.3 -308
5643 85.7 -473.8
5644 -7816.7 -7782
5645 96.5 8.4
5646 54 47
5647 138.3 -160.4
5648 191.5 -66.3
5649 187.8 -250.8
5650 208.8 -208.1
5651 490.1 -352.3
5652 548 -391.5
5653 488.3 -461
5654 231.8 -87
5655 -887.1 212.2
5656 -5688.6 -1117.7
5657 -7814.4 -7716.2
5658 250.8 -395.2
5659 264.5 -27.9
5660 432.2 -18
5661 396.7 -149.2
5662 626.7 -167.7
5663 561.7 -218.5
5664 633.7 -272.9
5665 534 -297.3
5666 589.9 -334.8
5667 404.8 -384.4
5668 -7566.3 -7727.1
5669 387.2 -437.6
5670 462.1 -395.8
5671 367.3 -498.5
5672 518.5 -538.9
5673 -1133.8 337.3
5674 -1138.6 358
5675 -981.5 469.6
5676 -942.9 466.9
5677 -824.4 212.1
5678 -943.8 295.3
5679 -7986.5 -7820.2
5680 -826.4 251.7
5681 -779.2 112.3
5682 -710 100.5
5683 -689.8 186.9
5684 -816 313.9
5685 -746 301.6
5686 -937.1 -69.8
5687 -973.2 -77.2
5688 -637.9 -100.4
5689 -1283.4 -222.7
5690 -7675.4 -6700.3
5691 -967.8 -104.5
5692 -897.4 -252.1
5693 -930 -357.2
5694 -893.7 -353.3
5695 -39.3 289.6
5696 -77.8 329.6
5697 -111.5 356.7
5698 -128.7 327.7
5699 -117.4 306.2
5700 -143 355.9
5701 -7515 -6714.6
5702 -169.4 412.5
5703 -251.9 361.5
5704 -282.1 406.2
5705 -317.2 475.8
5706 -457.4 542.3
5707 -274.3 217.3
5708 -255.1 103.1
5709 -291.3 492.2
5710 -231.5 303.8
5711 -313.6 322.7
5712 -7667.3 -6953.3
5713 -290.9 275.3
5714 -395.4 582.3
5715 144.8 426.2
5716 279.9 369
5717 231.7 408
5718 303.8 252.2
5719 227 240.2
5720 226 291.3
5721 346.3 283.8
5722 2971.3 1901.2
5723 -7234.3 -6728.3
5724 2325.8 1503.6
5725 2441.4 1598.4
5726 2341.1 1458.2
5727 2501.9 1756.7
5728 -2607.4 -1237.6
5729 -2740.4 -1143.3
5730 -2530.7 -1205.7
5731 -2559.7 -1139.5
5732 -2774.6 -858.2
5733 -2723.9 -977.2
5734 -7493.6 -6593.7
5735 -2585.6 -1077
5736 -3303.7 -1244.8
5737 -3242.7 -1221.5
5738 -3191.5 -1340.6
5739 -3133 -1315.6
5740 -3527.2 -1420.1
5741 -3402.6 -1587.2
5742 -3502.7 -1544.8
5743 -3529.6 -1487.9
5744 -3383.2 -1423.6
5745 -7190.1 -6417.1
5746 -3137.4 -1470.1
5747 -3194.3 -1495.6
5748 -3248.7 -1366.7
5749 -3261.8 -1524.6
5750 -3315.6 -1395.3
5751 -3325.3 -1552.5
5752 -3170.8 -1906
5753 -2994.1 -1837.4
5754 -3016 -1735.7
5755 -3047.7 -1858.7
5756 -7217 -6591.5
5757 -3194.9 -1804.6
5758 -2925.2 -1656.8
5759 -2834.1 -1585.2
5760 -2711.6 -1789.5
5761 -2914.7 -1723.9
5762 -2827.9 -1640.5
5763 -2902.8 -1844.4
5764 -2634.4 -1813
5765 -2564.7 -1573.8
5766 -2470.1 -1639.2
5767 -5455.2 -1212.6
5768 -7330.7 -6341.9
5769 -2695.4 -1658.6
5770 -2649.9 -1775.3
5771 -2519.6 -1482.2
5772 -2525.5 -1418.2
5773 -5136.5 -1755.9
5774 -4650.5 -2284
5775 -4572.8 -2190.5
5776 -4371.2 -2200.9
5777 -3887.2 -1902
5778 -3020.8 -356.6
5779 -6858 -6440
5780 -2968.5 -462.5
5781 -3023.2 -459.6
5782 -2877.4 -645.6
5783 -2898.9 -807
5784 -2739.1 -420.3
5785 -2758.6 -506.7
5786 -2758.8 -637.4
5787 -2642 -472.9
5788 -2891.8 -464.5
5789 -2891.4 -510.3
5790 -7122.1 -6193
5791 -3042.9 -727.7
5792 -2924 -714.2
5793 -2842.1 -788.7
5794 -2802.7 -776.9
5795 -2629 -658
5796 -2646.3 -419.1
5797 -4434.6 89.1
5798 -4318.4 65.2
5799 -2304.6 -549.5
5800 -2363.3 -978.9
5801 -6605.2 -5326.5
5802 -2318.4 -379.7
5803 -2411.3 -120.4
5804 -2328.9 -235.9
5805 -2401.7 -241.8
5806 -2375.8 -553.8
5807 -4230.1 650.8
5808 -4245.8 564
5809 -4315.9 654.7
5810 -4194.7 648.7
5811 -5367.5 833.2
5812 -6622.2 -5356.1
5813 -5393.3 1038.6
5814 -5389.8 811.4
5815 -5281.7 867.8
5816 -5282.8 901.7
5817 -5282.5 951.5
5818 -5293.4 1043.8
5819 -3465.9 641.5
5820 -3471.4 740.9
5821 -3358.3 526.3
5822 -3709.2 1219.8
5823 -6460.5 -5440.7
5824 -3838.3 1272
5825 -3686.1 1361
5826 -4046 731.3
5827 -4125 747.8
5828 -4028.9 810.8
5829 -3688 948.7
5830 -3587.3 1090
5831 -3198.5 927.1
5832 -3263.7 1034.8
5833 -3257.4 841.2
5834 -6477.2 -5105.4
5835 -3199.2 1024.1
5836 -3655.4 1104.7
5837 -3568.2 1189.6
5838 -3427.8 1062.9
5839 -3502.4 1175.7
5840 -3363.5 1054.7
5841 -3296.6 1041.4
5842 -3186.2 1074.1
5843 -3091.7 1003.4
5844 -3476 815.9
5845 -5949.8 -4253.7
5846 -3336 751.1
5847 -3411.8 826.4
5848 -3197.1 843.6
5849 -3115.6 848.2
5850 -3634.7 1204.2
5851 -3543.5 1302.1
5852 -3481.9 1283.1
5853 -3408.6 1160.8
5854 -3341.9 1150.4
5855 -3318.9 1252.2
5856 -6041.2 -4346.8
5857 -3275.6 1139.1
5858 -3285.3 1093.2
5859 -3174.1 1124.7
5860 -3149.8 1223.6
5861 -3253.8 1239.9
5862 -3297.5 1358.1
5863 -3116.2 1360.2
5864 -3057.4 1207.7
5865 -3461.1 504.4
5866 -3354.7 485.7
5867 -5986.3 -4148.5
5868 -3105 739.7
5869 647 2692.8
5870 666.8 2700.8
5871 543.6 2652.8
5872 678.3 2673.3
5873 697 2712.7
5874 590.1 2838.6
5875 530.5 2719.4
5876 615.2 2848.1
5877 641.2 2857.4
5878 -5444.7 -1290.4
5879 -6387.2 -5543.5
5880 863.2 2582
5881 895.8 2522.9
5882 789 2717.6
5883 738.1 2517.8
5884 978.7 2375.4
5885 429.1 2536
5886 462.4 2465.8
5887 602 2605.9
5888 669.8 2558.7
5889 689.7 2646.4
5890 -6346.9 -5778.4
5891 248.7 2405.9
5892 233.2 2341.7
5893 128.4 2442.2
5894 349.9 2383.3
5895 252.2 2536.1
5896 220.2 2287.6
5897 368.8 2426.7
5898 433.1 2360.1
5899 497 2391.9
5900 603.1 2528
5901 -6377.9 -6090.2
5902 220.2 2145.1
5903 635.7 2463.2
5904 794.8 2470.3
5905 15.9 2280.1
5906 -58.9 2224.1
5907 108 2171.6
5908 -24.4 2329.4
5909 -101.8 2270
5910 185.3 2125.4
5911 106.2 2279.9
5912 -6369.4 -5635
5913 -41 2440.9
5914 -169.9 2532.3
5915 69 2511.1
5916 155.7 2462.5
5917 -42.7 2591.6
5918 12.4 2475.7
5919 -104.1 2725.2
5920 -111 2560.3
5921 -172.9 2690.3
5922 -275.2 2764.3
5923 -6428.8 -5772.8
5924 -136.8 2613.2
5925 -198.2 2799.3
5926 -307 2881.6
5927 -235 2972.1
5928 -154.4 3047.9
5929 -54.6 3063
5930 -164 3108.6
5931 957.4 2357.7
5932 -6585.5 -2778.6
5933 -6641.4 -2730.7
5934 -6190.8 -5798.2
5935 -6501 -2771.4
5936 -6495.7 -2713.4
5937 -6511 -2666.3
5938 -6342.9 -2668
5939 -6548 -2626.4
5940 -6604.5 -2584.5
5941 -6348.3 -2738
5942 -6633 -2584
5943 -6669.6 -2582.6
5944 -5685.6 -2793
5945 -6483.7 -6324.1
5946 -5715.8 -2798.5
5947 -5559.7 -2786.7
5948 -5791.6 -2769.8
5949 -5887.5 -2736.1
5950 -5757.3 -2638.2
5951 -5803.4 -2820.3
5952 -5978 -2705.2
5953 -6077.9 -2670
5954 -6139.1 -2506.6
5955 -5646 -2676.6
5956 -6306.7 -6137.6
5957 -5531.9 -2715.6
5958 -5710.7 -2516.7
5959 -5843.6 -2609.3
5960 -5934.9 -2577.6
5961 -5992.7 -2420.3
5962 -6034.6 -2542.5
5963 -6097.2 -2384.3
5964 -5801.5 -2484.9
5965 -5662.1 -2386.4
5966 -5602.7 -2552.7
5967 -6448.5 -6042.8
5968 -5757.5 -2359
5969 -5556.1 -2417.9
5970 -5647.7 -2333.8
5971 -5555.6 -2337
5972 -5522.2 -2100.1
5973 -5710.9 -2027.5
5974 -5754.9 -2152
5975 -5805.4 -2245.3
5976 -5891.9 -2104.3
5977 -7604.4 -2525
5978 -6075.7 -6300.8
5979 -7538.2 -2645.7
5980 -7483.8 -2699.3
5981 -7594.4 -2805.5
5982 -7527.6 -2829.5
5983 -7571.6 -2908.5
5984 -7557.6 -2942.2
5985 -7694.2 -2924.4
5986 -7489.8 -2927.1
5987 -7540.9 -3020.9
5988 -7407.3 -3045.1
5989 -5477.7 -1048.6
5990 -6072.1 -6342.1
5991 -7694.7 -3016.2
5992 -7565.8 -3341.8
5993 -7356.2 -3059.7
5994 -7303.5 -3152.4
5995 -7237.5 -3251.1
5996 -7205.6 -3156.5
5997 -7087.7 -3382.4
5998 -7345.5 -3278.6
5999 -7061.4 -3399
6000 -7235 -3419.9
6001 -6037.2 -6178.8
6002 -7133.6 -3114.4
6003 -7052 -3128.2
6004 -7178.8 -3103.1
6005 -7145.4 -3142.6
6006 -7132.3 -3004
6007 -6786.7 -2897
6008 -6606.8 -2953.5
6009 -6685.5 -2775.4
6010 -6823 -2600
6011 -6828.3 -2577.5
6012 -6135.4 -6257.3
6013 -7428.2 -3126.6
6014 -7384.7 -3315.7
6015 -7409.3 -3378
6016 -7449.3 -3282.2
6017 -7413.3 -3449
6018 -7727.5 -3413.5
6019 -7671 -3107.7
6020 -7838.1 -3120.6
6021 -7940.4 -3125.2
6022 -7227.3 -3443.2
6023 -6092.1 -6342.8
6024 -7654 -2573.1
6025 -7783.9 -2590.3
6026 -7726 -2660.1
6027 -7968.6 -2620.1
6028 -7878.2 -2874.2
6029 -7824.7 -2363.8
6030 -7401.5 -2701
6031 -7501.2 -2748.4
6032 -7466 -2858
6033 -7691.2 -2807.1
6034 -6064.2 -6442.7
6035 -7824.4 -2908.3
6036 -5829.6 -3267.2
6037 -5892.9 -3254
6038 -5705.6 -3620.1
6039 -5965.9 -3228.2
6040 -5672 -3733.5
6041 -5502.3 -3798.7
6042 -5461.9 -3841.5
6043 -5422.2 -3845.9
6044 -5621.3 -3806.4
6045 -6148.2 -6470.7
6046 -5664.2 -3767.6
6047 -5969.9 -3322.6
6048 -5983.6 -3276.1
6049 -5335 -3910.1
6050 -5314.1 -3857.5
6051 -5251.9 -3798.2
6052 -5401.2 -3784.7
6053 -5278.2 -3967.9
6054 -6694.7 -3586.4
6055 -6728.9 -3631.4
6056 -6025.9 -6471.5
6057 -6633.2 -3634.4
6058 -6721.8 -3726.4
6059 -6566.1 -3696.3
6060 -6584.8 -3671.7
6061 -6224.1 -3804
6062 -6274.9 -3756.5
6063 -6162 -3706
6064 -6458.8 -4170.3
6065 -6619.7 -3764
6066 -6553.7 -3445.2
6067 -5678.8 -6632.7
6068 -6561.3 -3545.8
6069 -6567.5 -3630.3
6070 -6440.5 -3705.5
6071 -6344.3 -3647.9
6072 -6267.1 -3460.1
6073 -6785.5 -3537.8
6074 -6662.9 -3816.7
6075 -6873.8 -3580.3
6076 -6721.1 -3874.8
6077 -6519.3 -3890.6
6078 -5834.9 -6560.3
6079 -6621.5 -3906.2
6080 -7062.2 -3514.5
6081 -7143 -3426.7
6082 -7161.5 -3571.9
6083 -7407.2 -3472
6084 -7285.2 -3569.3
6085 -7553.9 -3510.7
6086 -7561 -3488.3
6087 -7921.4 -3702.8
6088 -7805.1 -3436.9
6089 -5693.1 -6663.5
6090 -7931.7 -3410.3
6091 -7379 -3702.2
6092 -7544.7 -3669.8
6093 -7562.5 -3780.2
6094 -7585.1 -3672
6095 -7810.2 -3989.4
6096 -5772.2 -4011.8
6097 -5547.4 -4130.8
6098 -1304.8 2498.1
6099 -1361.7 2505.6
6100 -5339.8 -1196.4
6101 -5654.2 -6523.8
6102 -1308.7 2422.6
6103 -1374.2 2431
6104 -1036.3 2415.8
6105 -947.4 2306.5
6106 -355.4 3058
6107 -325.9 2949.1
6108 98.8 2133.6
6109 149.4 2190
6110 -467 2473.2
6111 -399.1 2482.9
6112 -5886.8 -7725.6
6113 -475.1 2400
6114 -452.8 2279.1
6115 -426.1 2177.1
6116 -402.9 2180
6117 -364.5 2302.6
6118 -382.6 2233.8
6119 -349.3 2171.4
6120 -283.2 2149.5
6121 -862.7 2643.8
6122 -860.4 2588
6123 -5747.2 -7792.7
6124 -875 2829.4
6125 -857.5 2517.9
6126 -855.1 2424.6
6127 -767.6 2482.1
6128 -852.3 2308.7
6129 -819.6 2317.2
6130 -824.2 2182.9
6131 -804.8 2121.9
6132 -782.5 2048.7
6133 -853.1 2083
6134 -5952.5 -7873.7
6135 -782.7 2195.6
6136 -779.8 2006.8
6137 -679 2029.4
6138 -780.2 1954.3
6139 -696 2089.6
6140 -645.9 2115.3
6141 -732.3 2209.9
6142 -768.7 2330.4
6143 -717.5 2353.8
6144 -798.5 2427.5
6145 -5862.3 -7603.4
6146 -657.5 2388.6
6147 -649.5 2412.4
6148 -615 2244.6
6149 -560.6 2261
6150 -587.2 2145.4
6151 -618.1 2129.6
6152 -543.8 2167
6153 -581.9 1990.4
6154 -679 2225.1
6155 -808.2 2847.2
6156 -5863.3 -7918
6157 -848.4 2836.8
6158 -1194 2304.4
6159 -1180.2 2405.4
6160 -1024.7 2302.3
6161 -1203.2 2237.4
6162 -1162.5 2532.7
6163 -1172.4 2480
6164 -949.5 2893.7
6165 -870.8 2892.6
6166 -793 3252.6
6167 -5674.7 -8203.9
6168 -1053.5 2883.3
6169 -1100.7 3063.9
6170 -1265.4 3061
6171 -1058.7 3245.7
6172 -1099.6 2927.9
6173 -1295.7 3115.2
6174 -1296.4 3059.7
6175 -1148.1 2925.8
6176 -1310.9 2937.7
6177 -1354.5 3059.3
6178 -5746.2 -8174.8
6179 -1381 2944.8
6180 -1415.3 3145.6
6181 -1248.2 2931.6
6182 -1170.5 2926.2
6183 -1118.4 2908.5
6184 -1081.3 2889
6185 -1380.7 3226.2
6186 -1617.1 1935.3
6187 -1497.6 2448.3
6188 -1353.7 2574.5
6189 -5676.7 -8240.1
6190 -1474.6 2538.6
6191 -1346.8 2629.5
6192 -1284.4 2589.5
6193 -1325.1 2735.9
6194 -1514.2 2377.7
6195 -1627.3 2484
6196 -248.2 2099.1
6197 -334.7 2040.6
6198 -276.9 2140.1
6199 -218.2 2056.3
6200 -5610.8 -8221.3
6201 -305.1 1997.5
6202 -233.4 1891.2
6203 -363.9 2082.5
6204 -291.4 1977.2
6205 -264 1938.6
6206 -429.1 2040.2
6207 -172.4 2149.8
6208 -287.9 1784
6209 -217 1793
6210 -167.1 1791.1
6211 -5314.4 -1072.7
6212 -5686.3 -8417.7
6213 -165.4 1644.8
6214 -97.8 1788.3
6215 -122.9 1857.7
6216 -13.8 1663.8
6217 -232 1641.8
6218 -192.8 1639.8
6219 -84 1655.3
6220 -345.2 1349.6
6221 -202.7 1842.8
6222 -1052 1786.6
6223 -5766.8 -8416.3
6224 -1056.7 1834.3
6225 -1040.9 1722.4
6226 -993.5 1902.9
6227 -1161.6 1759.2
6228 -1187.9 1679.1
6229 -1067 1637.2
6230 -1267.8 1704.7
6231 -1209.3 1609.9
6232 -505.1 1153.8
6233 -619.5 1375.1
6234 -4912.7 -9121.1
6235 -496.5 948.4
6236 -399.8 811.9
6237 -338.1 728.3
6238 -358.6 767.1
6239 -894 922.3
6240 -650.6 1002.6
6241 -599.8 1104.6
6242 -681.4 955.8
6243 -538 1008.7
6244 -453.7 1075.4
6245 -4985.3 -8728.1
6246 -245.9 1177.3
6247 -184.1 963.6
6248 -128.2 1009.7
6249 160.3 1216.1
6250 175.6 1240.4
6251 44.6 857.8
6252 73.6 814.2
6253 101.6 888.3
6254 60.8 940.3
6255 27.5 991.9
6256 -4987.3 -7856.1
6257 162.6 1010.5
6258 199.1 955.9
6259 126 1061.4
6260 255.6 1082
6261 70.1 1059.2
6262 113.9 1078.3
6263 188.7 1131.6
6264 96.7 793.7
6265 124.8 747.1
6266 143.8 827.1
6267 -5000 -7488.5
6268 -57.5 798.1
6269 -110.3 758.8
6270 -161.9 718.4
6271 -73.6 706.3
6272 -852.6 1195.3
6273 -809.4 1218.7
6274 -818.8 1116.9
6275 -714.6 1274.2
6276 -897.7 975.7
6277 -898.4 833.4
6278 -4598.3 -7906.3
6279 -1579.2 1694.1
6280 -1537.2 1812.9
6281 -1633.6 1819.8
6282 -1756.4 1948.3
6283 -1725.9 2097.4
6284 -1602.8 2026.8
6285 -1782.8 2114.9
6286 -1997 2150.4
6287 -1675 2296.9
6288 -2102.7 1991.6
6289 -5208.5 -6548.9
6290 -2171.3 2032.8
6291 -2214 2057.5
6292 -2152 2113.7
6293 -2253.8 1990.2
6294 -2405.9 2021.3
6295 -2337.7 2202.5
6296 -2425.5 2247.3
6297 -2149.4 2222.2
6298 -2129.7 2215.9
6299 -2287.3 2269.3
6300 -5369.6 -6604.6
6301 -2019.8 2084.5
6302 -2304.4 2023.7
6303 -2213.2 1963.9
6304 -2521.9 2216.7
6305 -2691.1 2187.9
6306 -1080.2 1571.2
6307 -1226.3 1551.5
6308 -1303.2 1638.8
6309 -1097.3 1510.8
6310 -1058.4 1621.8
6311 -5106.6 -6564.4
6312 -1265.1 1855.4
6313 -1213.7 1807.2
6314 -1290.7 1783.3
6315 -1315.4 1722.1
6316 2795.1 1124.9
6317 2793.7 1167.3
6318 2689.6 1418.6
6319 2615.1 1508.4
6320 2691.1 1338.5
6321 2780.4 1428.3
6322 -5184.4 -1175.7
6323 -5192.3 -6459.2
6324 2693.5 1241.3
6325 2798.2 1242.1
6326 1420.4 -5157.1
6327 1271.6 -5219
6328 1306.6 -5223.6
6329 1340.8 -5224
6330 1303.4 -5274.6
6331 1403.4 -5198.6
6332 1375.5 -5177.9
6333 -1366.5 -4623.7
6334 -5089.3 -6870.4
6335 -1418.1 -4603.5
6336 -1349.8 -4255.6
6337 -1237.1 -4300.8
6338 -1385.7 -4241.1
6339 -1388.3 -4372.9
6340 4685.6 -467
6341 4893.7 -105.1
6342 5039.5 -290.3
6343 6203.9 -1335.1
6344 6263.4 -1446.8
6345 -4737.4 -6738.3
6346 1993.6 2775.1
6347 1907.1 2703.9
6348 1843.3 2959.3
6349 2117.3 2624.5
6350 2239.2 2724.2
6351 1165.7 2055.5
6352 1088.6 2178.4
6353 1244.8 2090.9
6354 1199 2065.5
6355 1482.8 2366.9
6356 -5162.4 -6309.5
6357 1248.8 2742
6358 1519.3 2321.3
6359 1416.8 2228.2
6360 1295.3 2779.2
6361 1207.2 2892.2
6362 2163.6 2390.6
6363 2422.2 2391.8
6364 2480.7 2442.4
6365 2239 2476.9
6366 2618.6 2288.3
6367 -5476.9 -6125.4
6368 2386.7 1661.7
6369 2501 1648
6370 2476 1508.3
6371 2555.9 1693.8
6372 2363.3 1236.6
6373 2254.9 1234.2
6374 2999.5 1605.4
6375 2853.9 1471.8
6376 2797.3 1400.2
6377 2582.9 1547.7
6378 -5098.2 -6200
6379 2812.4 1434.2
6380 3216.3 -1281.7
6381 3355.8 -1402.2
6382 3195.4 -1292.4
6383 3193.4 -1266.4
6384 3140.6 -1209.6
6385 3064.8 -1268.8
6386 3150.7 -1228.2
6387 3049.2 -1428
6388 2961.5 -1351
6389 -5526.1 -5077.1
6390 2978.2 -1503.9
6391 5471.8 3164.4
6392 5239.9 3290.8
6393 4746.8 3750.5
6394 4315.4 -2895.5
6395 4132.8 -3564.8
6396 4202.4 -3771.2
6397 4030.9 -3568.5
6398 4255.7 -3311.3
6399 4375.9 -2953.7
6400 -5594.3 -5118.5
6401 4522.1 -3012.5
6402 4678.5 -3075.3
6403 5417.2 -3484.5
6404 5636.8 -3435
6405 2937.1 -989.5
6406 3145.1 -1145.3
6407 2809.2 -881.2
6408 2702.6 -794.3
6409 2754.5 -928.2
6410 7980.8 -4697.4
6411 -5615.3 -5084.8
6412 7869 -4862.6
6413 7939.6 -4587.4
6414 7803.4 -5100.2
6415 7795.1 -4818.9
6416 7281.7 -6128.2
6417 7137.6 -6403.2
6418 7201.5 -5998.4
6419 6986.6 -6314.8
6420 7480.1 -5770.2
6421 7698.6 -5092.8
6422 -5861.7 -4216.7
6423 7102 -6730.4
6424 7091.9 -6517.6
6425 7217.6 -6599.5
6426 7184.1 -6807.9
6427 7298 -6505.6
6428 7370.3 -6518.1
6429 8268.7 -4059.8
6430 8207.7 -4067.7
6431 8434.5 -3529.3
6432 -658.2 -8121.8
6433 -5326.5 -1276.2
6434 -5929.3 -3838.9
6435 -484.2 -7522.1
6436 -552.6 -8152.9
6437 -724.2 -8395.7
6438 -312.5 -6589.2
6439 -322.1 -6619.5
6440 -783.6 -6394.7
6441 -164.1 -7075.4
6442 28.2 -6997.7
6443 -189.3 -7129.9
6444 -236.4 -7025.2
6445 -6115.7 -3547.9
6446 -308.2 -6997.8
6447 -296.4 -6868.7
6448 5922.1 -1241.6
6449 6092.8 -1348.8
6450 6126.8 -1315.4
6451 5768.2 2261.1
6452 6193.7 2359
6453 5778.2 2355.6
6454 5914.9 2365.9
6455 5713.6 2346.1
6456 -5875.3 -3694.1
6457 5685.9 1706.2
6458 5404.3 2297
6459 -2033.6 2418.4
6460 -2005.9 2503.1
6461 -1915.6 2378.6
6462 702.2 -3216.3
6463 647.6 -3326.1
6464 555.7 -3195.8
6465 549.2 -2867.6
6466 551.9 -3017.8
6467 -6127.5 -3505.7
6468 15.3 -1673.7
6469 13.2 -1694.1
6470 106.2 -1640.5
6471 53.4 -1062.5
6472 49.2 -1135.4
6473 190.3 -1096.6
6474 65.5 -995.4
6475 88.3 -888.4
6476 100.9 -846.9
6477 168.6 -873.5
6478 -6104.1 -3644.8
6479 477.6 -815.7
6480 15.6 -696.1
6481 191 -558.4
6482 165.9 -610.3
6483 214.7 -510.2
6484 178.1 -524.4
6485 21.2 -1583.2
6486 130.9 -1630.7
6487 176 -1613.7
6488 33.6 -1516.3
6489 -6140.8 -3449.3
6490 250.1 -1742.4
6491 526 -2418.7
6492 543.2 -2286.2
6493 -72.3 -1342.5
6494 -10.1 -1369.8
6495 -334 -1199.7
6496 -95.1 -1489.9
6497 26 -1381.3
6498 -34.1 -1732.4
6499 6.8 -1760.4
6500 -6125.9 -3400.3
6501 -823.7 -1320.8
6502 -801.4 -1307.1
6503 -687.9 -1237.9
6504 -619.5 -1205.2
6505 -874.5 -1526.5
6506 -956.3 -1892.2
6507 -915.7 -1800
6508 -872.9 -1859.1
6509 -1943.1 -2087.6
6510 -1613.5 -2195
6511 -6103.8 -3237.6
6512 -2988.4 -2725.1
6513 -223.3 -973.1
6514 -155.7 -1051.6
6515 -133.8 -899.3
6516 262.9 -1039.4
6517 200.8 -1026.8
6518 1264.1 142.2
6519 1216.7 164.9
6520 -3077.2 2722
6521 -3061.2 2794.6
6522 -6106.9 -3272.1
6523 -3093.9 2644.3
6524 -3111 2569.7
6525 -3124.8 2501.4
6526 -3012.3 2549.9
6527 -3229.8 2594.5
6528 -3244.5 2525.3
6529 -3343.3 2616.8
6530 -3215.4 2667.6
6531 -3724.2 2744.8
6532 -3654.4 2739.7
6533 -6235.1 -3220.4
6534 -3726.2 2828.4
6535 -3838.1 2751.4
6536 -3197.8 2750.6
6537 -3327.2 2689.7
6538 -3278.4 2370
6539 -3260.9 2447.8
6540 -3391.4 2393.1
6541 -3159.5 2345
6542 -3298.6 2283.6
6543 -4186.8 2568.8
6544 -4785.9 -1089.4
6545 -6111.7 -3138
6546 -4264 2654
6547 -4631.9 2795.8
6548 -3458.9 2406.1
6549 -4683.9 2741.6
6550 -4868.8 2968.8
6551 -4940.4 3038.7
6552 -4887.1 2982.2
6553 -5095.1 2975.8
6554 -5108.3 3302.8
6555 -5298.7 3034.8
6556 -5562 -3912.5
6557 -5255.9 2948.2
6558 -5347.1 2958
6559 -5120.1 2781.4
6560 -5197.6 2752.1
6561 -5327 2657.7
6562 -5508.3 2653.7
6563 -5413.5 2565.5
6564 3566.3 -9790.8
6565 8170.1 -4075.1
6566 8223.1 -4103.9
6567 -5899 -3733.9
6568 8051.5 -4563.5
6569 -549.5 -1346.8
6570 -433.6 -1376
6571 -347.9 -1294.3
6572 -367.7 -1246.9
6573 -434.7 -1134.1
6574 104.2 -1272.6
6575 145.1 -1277.8
6576 160.2 -1263.3
6577 103.8 -1213
6578 -5130.5 -3999.3
6579 34.6 -1198.6
6580 112.9 -1344.6
6581 119.9 -1394.7
6582 33.1 -1423.3
6583 191.5 -1316.8
6584 442.3 52.7
6585 562.9 -25.8
6586 666.8 -86.4
6587 720.2 10.1
6588 730.3 -97.5
6589 -5179.8 -4164.9
6590 -3114.9 -7079.5
6591 -3116.6 -7047.7
6592 -2986.3 -7082.1
6593 943.5 784.3
6594 951.7 825.5
6595 842.3 741.4
6596 -1518.1 -4527
6597 -1591.9 -4445.9
6598 -1469.7 -4568.9
6599 -1566.3 -4299.4
6600 -4973.1 -4076.8
6601 -1744 -4240.8
6602 -1706.5 -4131.7
6603 -2676.4 -3985
6604 -2718.8 -4094.8
6605 -2606.1 -3999.1
6606 -2715.3 -3975.2
6607 -2128.8 -4057.5
6608 -2256.4 -4380.2
6609 -2122.1 -3875.5
6610 -1979.9 -4082.7
6611 -5241.8 -3974.2
6612 -2224.5 -4044.3
6613 -1854.4 -4104.4
6614 -1849.5 -4023
6615 -1674.4 -3966.4
6616 -1554 -4175.8
6617 -1458.2 -4212.2
6618 -7526.8 1043
6619 -7618 1021.9
6620 -7808.2 894.4
6621 -7681 1040.9
6622 -5015.3 -3883.9
6623 -7722.3 1082.7
6624 -7901.2 955.7
6625 -3851.4 -2227.3
6626 -43 4472.8
6627 2625 -1072
6628 2592.6 -1120.8
6629 2650.1 -1035.7
6630 2848.7 -1128.3
6631 2552.3 -979.2
6632 2602.7 -897.3
6633 -5199.2 -4232.3
6634 2501.4 -1061
6635 2442.4 -870.8
6636 2715.3 -967.2
6637 2638.4 -838.8
6638 2438.3 -1006.4
6639 2884.6 -1065.8
6640 2976.6 -1168.7
6641 3032.8 -1235.4
6642 3074.9 -1151.9
6643 3173 -1183.8
6644 -5102.7 -4177.7
6645 -1975.6 2606.3
6646 -1951.8 2701.7
6647 -2099.9 2657.5
6648 -2223.7 2707.7
6649 -2338 2753.2
6650 -2224.4 2834.2
6651 -8003.7 -2368.8
6652 -7965.1 -2869
6653 -7865 -2942.8
6654 -7949.6 -3002.4
6655 -4807.2 -1094.8
6656 -4670.5 -4384.7
6657 -8111.2 -2990.1
6658 -7955.3 -3200.3
6659 -7979.8 -3399.8
6660 -8196.8 -3474
6661 -3187.9 -2276.9
6662 -3330.4 -2292.6
6663 -3317.2 -2399.5
6664 -3160.6 -2522.3
6665 -3327.8 -2445.1
6666 -3349.6 -2116
6667 -4546.5 -4444.3
6668 -3002.3 -1872.1
6669 -2934.7 -2457.9
6670 -2890.3 -2563.5
6671 -2496.4 -1929.9
6672 -2412 -1788
6673 -2382.6 -1790.4
6674 -2304.3 -1798.3
6675 -2330.7 -1743.6
6676 -2386.5 -1657.6
6677 -2301.3 -1709.3
6678 -4729.6 -4344.7
6679 -2168.2 -1756.1
6680 -2265.6 -1668.8
6681 -2337.9 -1603.9
6682 -2279.4 -1540.2
6683 -2434 -1588.9
6684 -2493 -2294
6685 -2658.8 -2404.1
6686 -2527.3 -2226.9
6687 -2309.3 -2122.4
6688 -2194.7 -2051.2
6689 -4643 -4713.4
6690 -2163.9 -2121.6
6691 -2149.6 -1705.6
6692 -2052.9 -1940.2
6693 -1967 -1889.7
6694 -1891.9 -1992.4
6695 -1780.3 -1860.6
6696 -1698 -1847.3
6697 -1634.5 -1870.2
6698 -1632.4 -1921.1
6699 -1572.5 -1860.4
6700 -4334 -4500.9
6701 -1915.3 -2191.9
6702 -1868.4 -2304.8
6703 -1896.1 -2317.5
6704 -1907.1 -2511.7
6705 -2278.5 -2182.4
6706 -2237.5 -2263.1
6707 -2081.3 -2273.1
6708 -2018.7 -2244.7
6709 -1952.2 -2207.5
6710 -1835.7 -2386.1
6711 -4511 -4307.9
6712 -1776.6 -2374.7
6713 -1821.8 -2501.9
6714 -1689.3 -2590.9
6715 -1585.1 -2264
6716 -1524.1 -2308
6717 -1666.7 -2332.2
6718 -1619.7 -2107.7
6719 -1386.6 -2131
6720 -1561.3 -2357.5
6721 -1409.5 -2168.5
6722 -4234.6 -4511
6723 -1345.4 -2159.1
6724 -1362 -2269.3
6725 -1430.4 -2300.9
6726 -1260.9 -2457.9
6727 -1203.2 -2427.8
6728 -1298.4 -2386
6729 -1328.3 -2494
6730 -1302.2 -2241.1
6731 -1240.8 -2355.3
6732 -1230.4 -2208.6
6733 -4505.9 -4929.5
6734 -1264.6 -2131.2
6735 -1274.9 -2108.1
6736 -1367.9 -2419.6
6737 -1498.7 -2332.1
6738 -1490.6 -2486.6
6739 -1622.2 -2404.1
6740 -1277.3 -2587.5
6741 -1397 -2529.7
6742 -1458 -1965.8
6743 -1761.6 -1929.1
6744 -4479.8 -4870
6745 -1962.5 -1927.8
6746 -1955.2 -1995
6747 -1829.6 -1576.6
6748 -1992.6 -1562.5
6749 -1854.9 -1678.8
6750 -1231.8 -1717.5
6751 -842.1 -1837
6752 -887.7 -1778.3
6753 -795.1 -1761.9
6754 -705.3 -2140.5
6755 -4068 -4582.2
6756 -835.2 -1939.9
6757 -261 -1981.9
6758 -663.9 -1824.9
6759 -715.6 -1922.3
6760 -644.8 -2023.7
6761 -806.6 -2004.7
6762 -961.3 -2096.8
6763 -749.5 -2082.7
6764 -1007.7 -2022.2
6765 -1071.5 -2177.2
6766 -662.4 788.3
6767 -4809 -1186.5
6768 -4604.5 -5177.8
6769 -1146.6 -2181.5
6770 -1097 -2277.1
6771 -1145.9 -2397.9
6772 -857.7 -2244.7
6773 -601.5 -2085.6
6774 -841.6 -2144
6775 -432.2 -1997.1
6776 -519.7 -2392.6
6777 -397.8 -2373.6
6778 -482.9 -2440.6
6779 -4357.6 -5142.7
6780 -558.8 -2500.1
6781 -361.4 -2423.3
6782 -1138.6 -1606.6
6783 -1029 -1569.7
6784 -1033.8 -2033.2
6785 -661.4 -2499.8
6786 -316 -2474.2
6787 297.6 -2465.6
6788 493.5 -2371.4
6789 519 -2346
6790 -4299.1 -5192.1
6791 517.8 -2383.2
6792 -64.9 -1830.1
6793 -100.9 -1788.9
6794 -147.8 -1732.1
6795 -417.4 -1672.9
6796 73.1 -2087.2
6797 206.4 -1996
6798 187.7 -1958.4
6799 288.6 -1950.1
6800 187.5 -1779.5
6801 -4028.3 -5110.9
6802 519.1 -1841.2
6803 607.4 -1688
6804 729.2 -1636
6805 879.6 -1571.7
6806 542 -1901.9
6807 576.1 -1992.7
6808 705.1 -1948.1
6809 239.2 -2245.6
6810 180.2 -2150.4
6811 465.9 -2253.8
6812 -4579.2 -4072.4
6813 395.6 -2307.8
6814 111 -1824.3
6815 807.7 -1813
6816 930.7 -1680
6817 844.3 -1901.8
6818 132 -2181.9
6819 117.3 -2049.5
6820 -161.2 -1839.2
6821 1060.7 -2004.5
6822 998.4 -1849.4
6823 -4546.6 -4083.3
6824 773.3 -1392.2
6825 1314.7 -2052.5
6826 1331.3 -1897.1
6827 1402.5 -1906
6828 1343.8 -1757.4
6829 1354.7 -1638.7
6830 1365.7 -1541.6
6831 1433.2 -1647.6
6832 1503.5 -1695.2
6833 1576.3 -1697.9
6834 -4755.3 -4019.6
6835 1527.2 -1539
6836 1446.3 -1539.3
6837 1602.4 -1557.7
6838 1613.6 -1507.5
6839 1668.5 -1582.5
6840 1644.2 -1699.9
6841 1735.5 -1607.5
6842 1716.9 -1701.8
6843 1813.9 -1704.9
6844 1703 -1770.6
6845 -4956 -3759.2
6846 1687 -1851.5
6847 1670.7 -1931
6848 1541.3 -1842.9
6849 1656.1 -1999.7
6850 1793.9 -1936.7
6851 1779.4 -2008.2
6852 1809.9 -1858.2
6853 1827.1 -1773.6
6854 1562.2 -1765.1
6855 1420 -1759.5
6856 -4984 -3731.4
6857 1519.9 -1923
6858 1502.6 -1990.3
6859 1483.1 -2060.7
6860 1383.2 -2062.7
6861 889.7 -897.5
6862 821.3 -836.3
6863 945.4 -895.3
6864 947 -833
6865 1001.9 -893.7
6866 1055.4 -888.5
6867 -4922.4 -3801.7
6868 1010.2 -985.6
6869 1134.6 -881.1
6870 1060.9 -981.4
6871 1097.8 -672.4
6872 1200.3 -875.7
6873 1207.5 -971.3
6874 1270.4 -869.5
6875 1186.2 -546.6
6876 1343.9 -867.5
6877 1371.6 -869.6
6878 -4780.9 -975.9
6879 -5292.1 -3497.2
6880 1266.9 -480.2
6881 1421.2 -874.6
6882 1585 -874.2
6883 1656.9 -871.1
6884 1661 -976.7
6885 1706.6 -868.6
6886 1837.9 -856.2
6887 1706.6 -755.3
6888 912.3 -986.7
6889 883.7 -1040.2
6890 -5361.7 -3711.8
6891 947.8 -992.6
6892 983.8 -1093.5
6893 1066.7 -1076
6894 1141.2 -976.1
6895 1170.2 -974.4
6896 1266.2 -966.5
6897 1385.3 -1083.5
6898 1262.1 -1080
6899 1252.2 -1268.5
6900 1166.7 -1080.5
6901 -5190.3 -3576.4
6902 1070 -1146.8
6903 1399.5 -1017.9
6904 1407.8 -1061.4
6905 1450.5 -1234.4
6906 1728.4 -969.8
6907 1787.6 -1036.3
6908 1589 -984.1
6909 913.7 -1056.2
6910 1023.4 -765.6
6911 959.2 -699.9
6912 -5421.4 -3393.7
6913 1045.9 -751.1
6914 771.1 -894.9
6915 1479.9 -706.6
6916 1417.8 -786.1
6917 1413 -709.6
6918 1673.2 -759
6919 1643.4 -1377.4
6920 1625.7 -1429.8
6921 1339.3 -1433.7
6922 1294.5 -1293.1
6923 -5115.2 -2781.3
6924 1356.7 -1327.2
6925 1380.6 -1440.2
6926 1456.7 -1451.6
6927 1676.6 -1543.4
6928 591.3 -762.1
6929 451.2 -795.5
6930 571.1 -622.8
6931 501.5 -822
6932 461 -1039
6933 576.2 -972.4
6934 -5148.3 -2956.5
6935 432.9 -994.8
6936 351.9 -1034.3
6937 294.8 -985
6938 147.9 -914.5
6939 395.4 -1140.1
6940 432.9 -1233
6941 656 -1125.6
6942 530.2 -1484.6
6943 610 -1024.5
6944 625.2 -1052.9
6945 -5082.4 -3538.1
6946 643.3 -1442.2
6947 -464.4 -1323.4
6948 -685 -1402.7
6949 -748.1 -1442.8
6950 -956.1 -1186.7
6951 -737.9 -879.9
6952 -777.1 -1010.2
6953 -758.6 -1034.2
6954 -707.4 -973.6
6955 -606.7 -917.8
6956 -5022.8 -3192.1
6957 -583.6 -905
6958 -593.2 -819.6
6959 -514.5 -866.9
6960 -459.5 -836.8
6961 -421.4 -796.4
6962 -402.4 -846.5
6963 -486.4 -752.8
6964 -352.8 -685.9
6965 -242.6 -771
6966 -177.4 -702.5
6967 -5081.7 -3583.8
6968 -624.9 -838.7
6969 -689.5 -818.2
6970 -628.7 -739.3
6971 -740 -749.8
6972 -727.2 -1077.1
6973 -821.4 -1269.9
6974 -1078.4 -1534.4
6975 -1020.4 -1440.6
6976 -1026.1 -1506
6977 -370.5 -675.6
6978 -4913.8 -2640.8
6979 -578.8 -781.5
6980 605.5 -429.7
6981 544.4 -602.8
6982 640.4 -544.9
6983 643.2 -369.9
6984 686.1 -307.9
6985 698.2 -289.9
6986 731.4 -247.9
6987 678.3 -213
6988 788.5 -284
6989 -4645.6 -1054.3
6990 -5010 -2610.6
6991 783.7 -103.4
6992 -41.6 -391
6993 659.2 114.7
6994 576 146
6995 586.3 2
6996 748.5 61.9
6997 771.2 107.5
6998 746.6 -521.7
6999 669 -640.2
7000 615.7 -604.8
7001 -4880.1 -2535.3
7002 785.1 -461.5
7003 658.6 -463.4
7004 -50.9 -433.5
7005 -233.8 -485.7
7006 -84 -465.8
7007 -154.2 -513.2
7008 -310.9 -429.8
7009 -265.9 -545.4
7010 -203.1 -668
7011 -300 -606.4
7012 -5277.6 -2747.6
7013 479.5 -711
7014 418.6 -692.3
7015 497.6 -650.5
7016 317.7 -656.7
7017 438.1 -630.9
7018 334.6 -598.1
7019 443.9 -611.2
7020 540.4 -634.2
7021 -2800.6 1934.3
7022 1074.4 -6.8
7023 -5312.3 -2930.3
7024 1123.9 210.6
7025 1065.3 136.6
7026 1142.4 201.6
7027 1105.5 219.5
7028 -840.2 -3579.5
7029 -781.6 -3616.9
7030 -799.2 -3501.1
7031 -579.1 -3743.3
7032 -660 -3693.7
7033 -353.7 -3793.5
7034 -5168.6 -2595.9
7035 -635.7 -3903
7036 -547.2 -3655.9
7037 774.3 -4060.3
7038 868.1 -4085.8
7039 966.2 -4083.9
7040 867.6 -4160.4
7041 1020 -4076.8
7042 1077.6 -4058.3
7043 1005.8 -4021.9
7044 1037.2 -4143.4
7045 -5224 -2523.9
7046 1151.4 -4017.6
7047 1120.1 -3970.2
7048 -719.2 -3656.3
7049 -766.1 -3731.6
7050 -613 -3616.7
7051 -293.8 -3806.9
7052 -367 -3877.9
7053 -283 -3679.3
7054 -223.1 -3822.7
7055 -154.1 -3837.9
7056 -5079.4 -2590.1
7057 -212.1 -3684
7058 -78.7 -3854.4
7059 26 -3877.3
7060 -92.7 -3933.6
7061 -66.5 -3697.3
7062 100.5 -3891.8
7063 30.3 -3811.2
7064 178.8 -3908.9
7065 85.2 -3972.7
7066 235.4 -3921.9
7067 -5116.4 -2450.3
7068 183.3 -3827.5
7069 508.5 -3985.6
7070 540 -3858.8
7071 562.1 -3999.6
7072 537.3 -4077.3
7073 615.3 -4013.9
7074 652.7 -3867
7075 668.8 -4029.8
7076 727.3 -4045.2
7077 643.7 -4108.1
7078 -5289.8 -2569.9
7079 755.2 -3960.4
7080 3313.1 6284.4
7081 3532.5 -2491.7
7082 1757.8 -595.1
7083 1697.2 -540.5
7084 1652.5 -629.9
7085 1523.1 -631.1
7086 1641.6 -595.9
7087 1749.1 -479.6
7088 1713.5 -408
7089 -4257.7 -5377.8
7090 1423.8 -374.4
7091 954.6 393.6
7092 958.5 488.8
7093 292.5 1587.3
7094 332.6 1555.6
7095 179.2 1449.3
7096 156.7 1427.7
7097 146 1823.7
7098 632 834.1
7099 780.4 721.2
7100 -3978.2 -976
7101 -4277.9 -5401.1
7102 351.2 1450.4
7103 464.8 1301.4
7104 396.1 1505.4
7105 504.7 1255.7
7106 520.8 1313
7107 428.4 1674.9
7108 387.2 1707.7
7109 330.8 1635
7110 3733.5 10301.3
7111 494.3 8251.1
7112 -4183 -5291.3
7113 931.2 8389.7
7114 -116.7 7934.6
7115 927.2 6076.7
7116 8342.3 9097.8
7117 8477.5 9669.9
7118 8358.9 9081.1
7119 8502.8 8790.2
7120 8556.3 8788.3
7121 8467 8929.4
7122 8617.9 8769.2
7123 -4131 -5421.6
7124 8647 8738.3
7125 8554.3 8666
7126 975.1 8377.3
7127 1248.4 8261.7
7128 1290.7 8212
7129 1288.3 8244.5
7130 978.9 -4399.6
7131 -980.3 -3805.4
7132 -927 -3720.1
7133 -921.7 -3842.8
7134 -4427.3 -5342.9
7135 -734.8 -3540.2
7136 -749.9 -3437.2
7137 -1193.2 -4188.6
7138 -908.1 -3476.4
7139 -971.1 -3498
7140 -1745.7 -3713.9
7141 -1589.6 -3748.3
7142 -1841.8 -3423.4
7143 -1474.3 -6826.4
7144 -1373.6 -6755.5
7145 -4109.3 -5205.9
7146 -1318.1 -6655.8
7147 -1293 -6612.5
7148 -1323 -6597.7
7149 -1384.9 -6499.4
7150 -1391.1 -6528.3
7151 -1368.4 -6413.8
7152 -1335.9 -6524.5
7153 -1207.4 -6594.7
7154 -827 -6800.1
7155 -876.6 -6943.8
7156 -3771.4 -4796.8
7157 -712.2 -6852.6
7158 -944.9 -6727.7
7159 1285.4 -7074.6
7160 1291 -7169.6
7161 1209.3 -7055.3
7162 1281.9 -6985.2
7163 1350.6 -7110.3
7164 1836.8 -7383.5
7165 1722.5 -6911.5
7166 1713.9 -7314.8
7167 -3666 -4685.7
7168 1914.1 -7425.6
7169 2400.7 -7639.3
7170 2406 -7712.1
7171 2204.6 -7580.7
7172 2825.9 -7698.8
7173 1720.8 -8732.1
7174 1698.5 -8770.3
7175 1373.8 -8846.8
7176 1622.5 -8857.6
7177 735.7 -8866.6
7178 -3628.5 -4879.7
7179 1377.1 -5212.6
7180 713.2 1583.5
7181 755.5 1543
7182 5851.4 2927.2
7183 5870.6 3068.2
7184 5838.1 2842.5
7185 5734.2 2857
7186 5829.2 2774.9
7187 5796.8 2714.5
7188 5822.6 2727.6
7189 -3920.5 -4648.3
7190 5641 2870.2
7191 5129.3 3245.3
7192 5018.3 3321.3
7193 5085.3 3174.9
7194 5038.8 3093.2
7195 4938.3 3185.5
7196 4857 3130.2
7197 5242.5 3183
7198 5270.3 3031.3
7199 4971.5 3241.6
7200 -3859.8 -4686.8
7201 2320.4 5663.3
7202 2240.1 5506.5
7203 2446.1 5579.5
7204 2549.9 7457.6
7205 2684.5 7848.8
7206 2490.4 7901.5
7207 2695.7 7921.3
7208 2778.9 7829
7209 2803 7621.2
7210 2994.5 8155.4
7211 -3898 -973.5
7212 -3974.5 -4626
7213 2403.6 8305.6
7214 2726.2 8154.1
7215 2366.6 8178.3
7216 2428.8 8383.8
7217 2292.7 7952.7
7218 2319.6 8016.1
7219 2722.2 8043.4
7220 2707.7 7975.7
7221 2767.9 8298.7
7222 3983.6 8291.7
7223 -6621.7 -2122.5
7224 3700.9 8380.8
7225 4230.5 8281.4
7226 3986.4 8369.1
7227 3133.3 8668.1
7228 3002 8721.7
7229 3236.5 8899.3
7230 3357.8 8850.7
7231 3379.2 8565.8
7232 4065.7 10250.6
7233 4051.4 10157.8
7234 -6800.9 -1999.9
7235 4153 10248.4
7236 3978.5 10254.1
7237 3551.2 10229.7
7238 3523.3 10140.6
7239 3704.3 10211
7240 3425.3 10246.3
7241 3611 10327.3
7242 3670.3 10117.4
7243 3639.6 10027.5
7244 3751.7 10103.2
7245 -6909.5 -1984.6
7246 2719.2 10778.2
7247 2684.9 10797.7
7248 1428 -1692.1
7249 5261.5 9998.5
7250 4775.4 10009.1
7251 5898.9 9084.4
7252 5970.6 9039.5
7253 5842.6 8719.9
7254 5880.6 9095.6
7255 5921.9 8707.4
7256 -6787 -1882.6
7257 5754.1 8733.1
7258 5801.3 9064.4
7259 5704.9 8338.1
7260 5672.8 8730.4
7261 5710.8 9020.3
7262 5592.9 8743.3
7263 5622.9 8309.3
7264 5628.9 8974.7
7265 5473.2 8894
7266 5516.1 8797.2
7267 -7125.4 -1957
7268 5176.3 8797.3
7269 4470.2 8791.5
7270 4491.4 8837.4
7271 4361.2 8556.8
7272 5160.8 8691.2
7273 4840.4 8743.4
7274 3026.8 8853.3
7275 2980.4 8682.9
7276 3468.9 9195.3
7277 3553.7 9167
7278 -7111.2 -1890.3
7279 3628.7 9620.9
7280 3352.9 8871.3
7281 3871.7 8669.7
7282 3798.9 8645.1
7283 3938.5 8692.4
7284 4084 8740.8
7285 4016.5 8719.3
7286 4124.2 8865.8
7287 4299.6 8813.7
7288 3021.3 7712.3
7289 -7797.5 -1505.2
7290 2994.9 7869.9
7291 -3930.6 -7662.8
7292 -3927.5 -7436.8
7293 -3838.2 -7893.9
7294 -3930.1 -7949.5
7295 -4375.8 -7443.4
7296 -3827.3 -7439.7
7297 1459.8 1016.5
7298 1296.5 873.8
7299 1370.9 1072.8
7300 -7864.6 -1487.6
7301 1474.9 1190.4
7302 1317.5 1102.4
7303 1395.6 1237.8
7304 622 1495.6
7305 587.5 1530.2
7306 654 1465
7307 946.7 1385.6
7308 977.8 1515.6
7309 861.7 1465.1
7310 -12700.2 2264.2
7311 -3339.3 -6361
7312 -12311.1 2275
7313 2443.2 6388
7314 4209.6 5392
7315 3058.6 5797.1
7316 2727.3 5672.8
7317 2812.6 5704.7
7318 2883.6 5541.9
7319 6137.8 2742.4
7320 6168.1 2732.5
7321 3778.5 10805.2
7322 -3981.9 -1083.2
7323 -3165.5 -7046.1
7324 3762.4 10780.5
7325 4199 11311.8
7326 3581.1 10579.6
7327 3622.5 10623.5
7328 3641.9 10529.3
7329 3462.1 10538.2
7330 3506.3 10634.4
7331 3529.1 10526.9
7332 4232.8 10674.9
7333 4414.4 10719.6
7334 -3324.5 -6292.1
7335 4235.7 10639.2
7336 4221.2 10798.7
7337 4037.1 10772.1
7338 4240.4 10591.8
7339 4252.5 10401.2
7340 4138.5 10575.9
7341 4434.6 10634.9
7342 4049.7 10807.3
7343 3953.4 10537.3
7344 4843.4 6529.1
7345 -3349.2 -6196.7
7346 4938.6 6569.3
7347 4957.7 6371.2
7348 4779.2 6589.2
7349 371 1603.1
7350 1560.8 1356.4
7351 1616.6 1310.6
7352 1479.5 1419.4
7353 1599.8 1408
7354 1381.3 1492.9
7355 1017 1677.1
7356 -3013.2 -7760.8
7357 1071.5 1899.1
7358 1153.6 1877.9
7359 1035 1753.9
7360 1107.5 1701.9
7361 10386.5 8427.4
7362 2236 3637.6
7363 2813.3 3834.4
7364 2496.6 3661.2
7365 2750.4 3442.1
7366 2857.3 3298.7
7367 -2895.8 -7774.9
7368 2460.3 3832.3
7369 2925.1 5600.7
7370 2965.4 5656.6
7371 3106.4 5562.4
7372 2879.9 5729.8
7373 2950.4 5757.6
7374 3006.1 5714.7
7375 3137.4 5611.4
7376 2799.8 5388.5
7377 2937.6 5402.6
7378 -3182 -5587.7
7379 3020.1 5434
7380 3379.5 5355
7381 3235.1 5419.5
7382 3388.4 5272.9
7383 3371.6 5432.7
7384 3205 5353.3
7385 3163.5 5276.7
7386 3364.9 5514.7
7387 3507.9 5364.2
7388 3294.3 5538.2
7389 -2675.4 -5742.5
7390 3266.1 5480.7
7391 3064.7 5497.7
7392 2444.2 5933.7
7393 2560.7 5869.5
7394 2383.1 5848.4
7395 2538.5 6003.5
7396 2307.1 6005.7
7397 2222.5 6032.3
7398 2505.4 5769.3
7399 6041.6 8459.1
7400 -2119.8 -6503
7401 6002 8444.7
7402 6123.5 8489.3
7403 6516.7 8599.1
7404 6530.1 8652.2
7405 6415.8 8595.5
7406 6326.6 8563.9
7407 6372.9 8315.3
7408 6444.4 8712.5
7409 5401.3 8229.4
7410 5451.4 8248.2
7411 -2545.9 -5791.3
7412 6477.4 8352
7413 6589.8 8375.2
7414 6352 8096.5
7415 6300.4 8289.9
7416 6279.6 8070.9
7417 6200 8254
7418 6227.1 8527.6
7419 6183.2 8044.1
7420 6097.8 8219
7421 6075.9 7994.4
7422 -2015.3 -6144.8
7423 5977.5 8176.3
7424 612.3 1131.2
7425 613.8 1094.7
7426 626.6 1221.5
7427 661 1094
7428 572.8 951.8
7429 763.7 1089.7
7430 811.9 1063.5
7431 740.1 1016.6
7432 764.5 1117.7
7433 -3555.8 -960.1
7434 -2145.4 -6575.3
7435 825.6 1387.9
7436 818.9 1299.6
7437 715.8 1312.8
7438 813.2 1213.8
7439 810 1120
7440 920.5 1213.7
7441 997 1275
7442 999.9 1252.3
7443 920.3 1285.5
7444 748.7 1199.5
7445 -2353.9 -7352.4
7446 705.3 1341.4
7447 1002.4 1132.8
7448 921.2 1127.4
7449 998.7 1058.3
7450 1001.2 1172
7451 544.4 1000.6
7452 573.1 1174.4
7453 400.8 1236.8
7454 271.5 1351.9
7455 542.4 1211.6
7456 -2263.9 -7334
7457 634.8 1271.5
7458 642.7 1334.6
7459 604.4 1327.5
7460 580.2 1419.9
7461 554.8 1411.6
7462 681.8 1423.8
7463 836.9 1491.4
7464 551 1566.7
7465 492 1624.5
7466 484.3 1427.8
7467 -2178.6 -6781.8
7468 449.3 1458.5
7469 1122.9 986.4
7470 1187.1 1172.3
7471 974.4 970.3
7472 906.1 1047.2
7473 992.5 1031
7474 668.8 892.8
7475 860.1 977.3
7476 811.6 876.1
7477 810.8 992.5
7478 -8277.7 -133.9
7479 960.8 888.4
7480 746.6 1411
7481 502.9 1393.2
7482 1000.8 1216.7
7483 1069.9 1201.7
7484 1228.4 988
7485 1194.3 992.8
7486 796.1 824.8
7487 1107.9 1317.6
7488 1129.7 1380.5
7489 -6123.5 4742.2
7490 1001.6 1329.4
7491 1231.8 1283.4
7492 1213.5 1234.9
7493 1026.9 1411.4
7494 1050.9 1493.8
7495 1282.9 1332
7496 1169.6 1461.1
7497 1423.3 1288.9
7498 1514 1259.9
7499 1273.9 1127.2
7500 -5916.8 4762.1
7501 1052.4 1161.3
7502 1120.1 1747.1
7503 1166.1 1647.7
7504 1094.1 1651.6
7505 1135.3 1807.3
7506 1188.8 2019.9
7507 444.1 704.3
7508 574.6 1723.1
7509 806.1 364.7
7510 829.1 431.2
7511 -6067.2 4636.5
7512 812.6 -121.9
7513 754.3 -82.9
7514 944.5 -64.7
7515 870 -159.9
7516 927.4 -53.9
7517 946.6 -24.5
7518 878.6 -21.2
7519 1027.7 23.6
7520 1001.8 40.5
7521 997.3 15.5
7522 -6471.5 4733.4
7523 2316.8 11640.7
7524 965.3 11723.2
7525 3116.7 10330.2
7526 3196.2 10379.2
7527 3056 10346.1
7528 3179 10196.5
7529 3406.2 10158.5
7530 3444.8 10341.6
7531 3308.4 10277.9
7532 3262.1 10044.4
7533 -5005.7 4801
7534 3378.4 10068.1
7535 3451.6 10375.7
7536 3467.2 10445
7537 3509.2 10495.3
7538 3646.1 10378.7
7539 3490.8 10050.2
7540 3415.5 9876.2
7541 3327.7 9921.9
7542 3104 9324
7543 3156.6 9476.8
7544 -3621.6 -959.9
7545 -4467.3 4970.9
7546 3227.3 9365.2
7547 3259.9 9734.4
7548 3223.4 9641
7549 3711.6 10319.9
7550 3805.8 10384.7
7551 3721.9 10459.8
7552 3796 10542.6
7553 3883.4 10370.3
7554 3901.2 10458.2
7555 3931.7 10553.3
7556 -4406.5 4931.4
7557 3948.6 10171.8
7558 4044.6 10116.4
7559 4036.7 10060
7560 4118.3 10046.8
7561 4261.9 10243.1
7562 4151 10308.1
7563 8307.3 9725.7
7564 8452.8 9696.6
7565 6044.1 8992
7566 6011.8 9012.8
7567 -4498.8 4764.4
7568 5861.4 9101.7
7569 6569.8 8166.3
7570 6688.3 8208.2
7571 6454.5 8132.1
7572 6598.3 8434.6
7573 6700.4 8337.9
7574 6802.6 8357.3
7575 6733.6 8529.5
7576 6710 8392.5
7577 6629 8591.9
7578 -4184.3 5083.9
7579 6820.5 8441.1
7580 5955.1 7951.7
7581 6151 8674.4
7582 5720.7 7869.4
7583 5623.2 7834.7
7584 5812.4 7901.5
7585 6456.3 6708.2
7586 6320.6 6740.1
7587 6376.1 6549.3
7588 6538.8 6667.2
7589 -4500.4 4731.5
7590 6517.8 6895.2
7591 6575.8 7566.5
7592 6708.1 7547.2
7593 6591.6 7619.2
7594 6304.7 7661.6
7595 6694.5 7958
7596 6475.2 6504.4
7597 6276.2 6280.7
7598 6554 6588.6
7599 6626.4 6652.8
7600 -5717.1 5326
7601 6744.8 7539.1
7602 6576.1 6651
7603 6778.5 7820.6
7604 6885.7 8207.9
7605 6709.6 8077.3
7606 6982.4 8211.2
7607 5823.9 8121.6
7608 5732.4 8087.5
7609 5852.8 8390.9
7610 5797.4 8370.4
7611 -3454.3 3947
7612 5877.4 8400.2
7613 5749.3 8352.7
7614 5636.4 8054.4
7615 5904.5 6687.4
7616 5886.6 6496.4
7617 6168.4 6081.5
7618 5974.1 6185.3
7619 6091.1 5924.8
7620 5640.3 5356.1
7621 5808.7 5507.3
7622 -3471.3 3966.2
7623 5729.3 5540.9
7624 5409.5 5569.9
7625 5459.9 5687.4
7626 5353.8 5545.7
7627 5661.6 5570.9
7628 5905.3 5721.5
7629 5651.3 5843.7
7630 5730.9 6056.6
7631 5547.9 5892.2
7632 5824.7 5761.4
7633 -3117.5 3433.8
7634 5916.3 5977.6
7635 5950 6042.9
7636 5822.4 6241.6
7637 6010.9 5963.5
7638 5177 5911.8
7639 5065.9 6141.4
7640 4988.7 6301.6
7641 5057 6305.3
7642 4912.4 6291
7643 5003.3 6247.1
7644 -2603.9 3269.1
7645 5483.8 4869.6
7646 5588.6 4861.6
7647 5557.6 4808
7648 4806.8 3315.5
7649 4845.7 3350.3
7650 4782.2 3306.2
7651 4755 3372.4
7652 4891.9 3409.6
7653 4919.4 3453
7654 4702.8 3540.3
7655 -3406.8 -978.5
7656 -3353.2 3546.3
7657 4657.1 3497.4
7658 5059.1 3390.7
7659 5179.7 3326.8
7660 5016.1 3582
7661 5047.6 3609
7662 5237.8 3393.8
7663 4962.1 3527
7664 5095.3 3650.1
7665 5012.7 3742.8
7666 5273.1 3460.2
7667 -3152.1 3603.9
7668 5724.2 3385.5
7669 5702.9 3213
7670 5626 3210.3
7671 5787.6 3207.3
7672 5818.7 3368.2
7673 5887.3 3182.8
7674 5895.6 3688.5
7675 5916.6 3349.5
7676 5934.6 3428.3
7677 5993.3 3664.6
7678 -6726.2 -2825.2
7679 6004.9 3706.5
7680 5878.7 3129
7681 5667.4 3575.9
7682 5380.7 2428.1
7683 5452.3 1860.9
7684 5317 2774.1
7685 5116.8 2527.9
7686 5295 2900.4
7687 5341 2646.2
7688 5169 3708.4
7689 -6668.5 -2878.1
7690 5309.8 3540
7691 4936.4 3483.2
7692 4954.1 3804.9
7693 4910.7 3770
7694 4805.2 3684.2
7695 4967.2 3704.2
7696 5019.7 3638.9
7697 8483.3 9691
7698 4095.3 6184.1
7699 3921.4 6122.3
7700 -2047.3 -6881.7
7701 4237.4 6204.9
7702 4106.5 6315.4
7703 3508.5 5968.5
7704 3103.1 5153.2
7705 3359.6 5191.8
7706 3000.7 5347.6
7707 2417.7 4206.8
7708 2291.7 4067.9
7709 2496.9 4190.2
7710 2437.1 4313.3
7711 -7028.5 -2133.2
7712 2706.4 4143.9
7713 2958.9 4086.2
7714 2714.2 4248.4
7715 2681 4035.5
7716 3043.9 4065.5
7717 2905.3 3983.4
7718 2981.1 4159.5
7719 2559.8 4286.9
7720 2457.9 4408.7
7721 2866.8 4219.6
7722 -6923.3 -2135.4
7723 2911.4 4299
7724 3111.3 4028.4
7725 3068.6 4107.5
7726 3136 4067.3
7727 3112 4183.8
7728 2473.7 4081.7
7729 2458.7 4016.1
7730 2655.5 3928.1
7731 2894.9 3964.9
7732 2513.5 3991.2
7733 -6294.6 -93.4
7734 2689.1 3912.9
7735 2840.4 3854.1
7736 2788.4 3843.6
7737 3022.6 4237.9
7738 3179.7 4144.5
7739 3139.7 4234
7740 3272.1 4162.2
7741 2565.1 4386.3
7742 2631.4 3876.2
7743 2273.4 4456.8
7744 -6417 -134
7745 2369.6 4508.5
7746 1263.7 1775
7747 1247.2 1712.7
7748 1281.2 1843.8
7749 1359.1 1823.2
7750 1298.8 1915.2
7751 1286.2 1565
7752 1331 1523.2
7753 1221.6 1613.6
7754 1452.2 1727.3
7755 -6151.7 -133
7756 1340.3 1756.2
7757 1433.9 1664.1
7758 1358.2 1510.9
7759 1250.8 1438.8
7760 1462.8 1380.4
7761 1355.8 1409.9
7762 1441.3 1330.2
7763 955.9 188.6
7764 953.2 293.8
7765 1042.6 250.2
7766 -3126.3 -1004.6
7767 -6048.2 226.9
7768 945.1 253.1
7769 953.7 366.2
7770 3674.6 7292.7
7771 3347.9 7503.1
7772 3840.1 7217.1
7773 3630.3 7202.6
7774 3731.8 7376.4
7775 4619 6664.5
7776 4716.7 6629
7777 4640.1 6835.9
7778 -6364.1 -2953.7
7779 4513.3 6238.2
7780 4451.2 6712.3
7781 4848 7673.3
7782 4692 7689.4
7783 4837.7 7590
7784 4711.7 7415.6
7785 4588.3 7715.3
7786 4434.4 6229
7787 4742.3 6268.1
7788 5229.4 6629
7789 -6528.6 -2822.5
7790 5272.8 6637.1
7791 5336.6 6501.6
7792 4643.3 6863.2
7793 4660.1 7004.6
7794 4747.9 6837.1
7795 4822.4 6818.5
7796 4929.3 6795.3
7797 -7841.3 -5359.1
7798 -7834.3 -5281.2
7799 -7723.9 -5374.1
7800 -6353.4 -2824.8
7801 -8006.1 -5357.4
7802 -7799.4 -5082.2
7803 -7877.6 -5062.5
7804 -7742.1 -5014.2
7805 -7816.5 -5119.4
7806 -7661.7 -5092.2
7807 -7836.3 -4989.4
7808 -7635.9 -4969.8
7809 -7102.5 -4956.2
7810 -7140.5 -5047.9
7811 -6361 -2985.7
7812 -7351.8 -4962
7813 -7017.6 -4922.2
7814 -8028.3 -5258
7815 -7235.8 -5611.8
7816 -7179.3 -5646.5
7817 -7191 -5505.6
7818 -7398.4 -5514.4
7819 -6891.9 -5822.9
7820 -8155.8 -4966.9
7821 -8101.8 -5003.6
7822 -2534.7 1619.7
7823 -8141.6 -4996.2
7824 -8147.8 -4908.2
7825 -7944.3 -5044.8
7826 -7677.7 -5138.5
7827 -7825.7 -5195.6
7828 -7535.1 -5157.3
7829 -7373.1 -5180.7
7830 -7556.5 -5240.5
7831 -7210.3 -5207.8
7832 -7174.3 -5125.3
7833 -2484 1711.1
7834 -7148.5 -5239.3
7835 4943.2 6942.2
7836 5112.5 6978.1
7837 4995.1 7341.8
7838 5575.7 7070.9
7839 5524.3 7061.5
7840 5704.1 7098.6
7841 5538.5 7187.9
7842 5855.1 6766.4
7843 5883.4 7123.4
7844 -2607.4 1666.1
7845 5869.3 7251.9
7846 5887.4 7089.6
7847 5173.6 7392
7848 5016.6 7521.6
7849 5441 7465.5
7850 5562.1 7498.9
7851 5341.3 7440.4
7852 5481.7 7351.8
7853 5378.9 7649.2
7854 5118.2 7557.7
7855 -4037 -5447.6
7856 3326.1 5041.2
7857 3358.5 5101.8
7858 3290.4 4971.8
7859 4063.9 4838.4
7860 977.7 21
7861 953.7 71.5
7862 1006 164.3
7863 576.7 308.3
7864 730.2 191.5
7865 763.9 -17.8
7866 -4090.8 -5521.2
7867 412.6 646.1
7868 2194.6 4412.9
7869 2338.6 4333.9
7870 1905.2 4491.6
7871 2495.4 3949.6
7872 2427.1 3893.9
7873 2591.3 3839.9
7874 2292.3 4625.2
7875 2323.9 4579
7876 3938.2 5592
7877 -618.9 779.1
7878 -3069.2 -1138.5
7879 -3907.2 -5470.4
7880 3892.2 5767.5
7881 3896.4 5573.1
7882 4087.8 5647.6
7883 4928.2 5777.5
7884 4832 5757.9
7885 4968.8 5870.6
7886 4895.3 5713.6
7887 4689.2 5252.9
7888 4739.2 5233.9
7889 4641.5 5111.3
7890 -1774.8 2158.9
7891 4727.2 5334.3
7892 4915.5 5878.3
7893 5073.5 5876.8
7894 5006.7 6106.5
7895 5163.4 5586.5
7896 5100.9 5455.8
7897 5103.1 5615.8
7898 4974.5 5151.6
7899 5041.2 5485.2
7900 4944 5530.2
7901 -1734.1 2315.4
7902 5005.1 5661.5
7903 4834.6 5581.2
7904 4770.8 5449.2
7905 1045.3 407.2
7906 1138.8 425.2
7907 1468.5 388.7
7908 1573.9 380.6
7909 1477.4 469.9
7910 1465.9 352.4
7911 1572.1 462.2
7912 -1698.4 2157.6
7913 1540.1 511.8
7914 1666.3 530.9
7915 1538.3 465.1
7916 1694.8 452.4
7917 1544.6 583.6
7918 1480.3 557.9
7919 1634.6 614.3
7920 1881.8 367.4
7921 1930.6 274.2
7922 1804.1 310.7
7923 -1878.1 2193.7
7924 1811.5 499.3
7925 1846.6 434.2
7926 1861.3 560.1
7927 1978.4 182.9
7928 1924.9 168.5
7929 1593.2 249.2
7930 1631.8 295.7
7931 1678.7 203.9
7932 1648.4 111.6
7933 1729.4 186.6
7934 -3032.2 -1674.9
7935 1789.4 170.7
7936 1857.8 161.2
7937 1556.6 141.6
7938 1536.8 81
7939 1697.3 94.5
7940 1629.3 51.4
7941 1757.1 73.8
7942 1707.3 -6.5
7943 1846.8 53.1
7944 1967.8 76.1
7945 -3206.7 -1754.8
7946 1906.8 57
7947 1948.2 119
7948 2002.4 0.8
7949 2059.7 -130.7
7950 1173.5 10111.4
7951 1453.6 9871.2
7952 1576 9791
7953 1489.1 9957.6
7954 1431.7 9819.9
7955 1704.1 9715.2
7956 -2928 -1627.5
7957 1718.2 9793.1
7958 1723.9 9652.2
7959 759.1 176.3
7960 853.4 133.3
7961 760.2 213.1
7962 880.9 232.5
7963 843.3 77.8
7964 889.1 501.6
7965 906.9 486.7
7966 899.1 405.5
7967 -1916.5 1644.9
7968 1034.4 479.7
7969 713.9 241.3
7970 1322.3 1693.5
7971 1492.9 1647.6
7972 1566.9 1629.2
7973 1454.5 1514.2
7974 1593.1 1689.4
7975 1659 1608
7976 1669.4 1545.1
7977 1511.1 1711.2
7978 -1966.3 1535
7979 1634.8 1750.4
7980 1079.9 1600.2
7981 1120.9 1474.5
7982 1530.3 1778.1
7983 1471.4 1793.2
7984 1512.1 1919.6
7985 1319.1 1991.8
7986 1377.6 1893.9
7987 1276.3 2000
7988 1406.8 1975.6
7989 -3055.4 -979.8
7990 -2037.8 1690.6
7991 1149.1 1582.5
7992 1308.7 1422.8
7993 1699.8 1423.5
7994 1579.3 1534.1
7995 1523.9 1525.4
7996 1700.2 1374.9
7997 1449.4 2059.8
7998 1497.3 2040.2
7999 1304.7 2126.6
8000 1475.6 2122.3
8001 -1841.9 1628.8
8002 1592.7 2007.8
8003 1618.9 1901
8004 1593 2052.7
8005 1502.5 2186.3
8006 1579.3 2083.5
8007 1357.1 2179
8008 1567.2 2165.6
8009 1579.1 2136.4
8010 1553.9 2246.1
8011 1540.5 2022.5
8012 -1907.2 1741.2
8013 1673.3 845.1
8014 1722.9 839.1
8015 1455.3 827
8016 1509.4 829.5
8017 1512.4 863.8
8018 1603.2 853.3
8019 1659.3 964.1
8020 1700.2 990
8021 1604.7 1121
8022 1756.2 1023.6
8023 -2965.7 3015.2
8024 1665.9 930.3
8025 1657.8 779.7
8026 1900.6 813.5
8027 1885.8 880.9
8028 1899.7 716.3
8029 2210 731.6
8030 1877.1 808.8
8031 2273.6 645.4
8032 2128.1 676.4
8033 2797.7 1340.5
8034 -2909.3 2985.8
8035 1761.7 591.9
8036 1724.8 462.3
8037 -4468.7 -7435.8
8038 -4548.7 -7226.9
8039 -4462.7 -7241.3
8040 -4547.1 -7065.2
8041 -4464.7 -7360.5
8042 -4324.8 -7264.8
8043 -4197.9 -7071.5
8044 -3910.8 -7254.1
8045 -3009.1 3032.4
8046 -4198 -6666
8047 -4460.2 -7122.3
8048 -4472.5 -7071.2
8049 -4384.6 -7254.3
8050 -4561.4 -7632.4
8051 -4479.5 -7635.7
8052 -4261.7 -6641.8
8053 -4172.9 -6664.9
8054 -3829.7 -7300.2
8055 -3390.8 -8002
8056 -6189 -4135.9
8057 -3440.9 -8209.2
8058 -3204.1 -7969.5
8059 -3488.3 -8023.1
8060 -3531.3 -8478.5
8061 -3613.2 -8450.4
8062 -3590 -8663.5
8063 -3532.9 -8683.7
8064 -3471.8 -8498.3
8065 -3451 -8711.9
8066 -3481.3 -8326.2
8067 -6203.6 -3843.7
8068 -3304 -8263.5
8069 -3222.2 -8290.7
8070 -3242.9 -8084.3
8071 -3161.5 -8111.2
8072 -3312.6 -8553.2
8073 -3116.9 -7978.4
8074 -3048.1 -7770.7
8075 -3607.2 -8036.7
8076 -3655.1 -8183.5
8077 -3391.5 -8526.9
8078 -6171.9 -4427.4
8079 -3373.8 -8737.9
8080 -3468.1 -8766.3
8081 -3634.9 -8648.7
8082 -4611.9 -9440
8083 -4575.7 -9476.5
8084 -4665 -9389.1
8085 -4475.1 -9146.9
8086 -4537.7 -9511.1
8087 -4479.6 -9559.4
8088 -4398.6 -9614.6
8089 -6356.8 -4111.8
8090 -4366.1 -9529.5
8091 -4461.6 -9127
8092 -4475 -9109
8093 -4438.1 -9097.3
8094 -4384.9 -9080.4
8095 -4354.9 -8901.3
8096 -4313.5 -9062
8097 -4205.3 -8909.6
8098 -4227.6 -9054.6
8099 -4119.5 -8917.9
8100 -3188.8 -1000.3
8101 -6811.4 -2288
8102 -193.8 -3437
8103 -262.5 -3430.9
8104 -122.5 -3443.5
8105 -184.6 -3324.8
8106 179 -4686
8107 81 -4664.2
8108 -254.4 -3318.8
8109 -179.7 -3263.4
8110 550.3 -3387.9
8111 542.7 -3499.1
8112 -6932.3 -2285.7
8113 645.8 -3394.8
8114 643.6 -3507.5
8115 298.7 -3177.1
8116 239.8 -3172.7
8117 363.4 -3180.8
8118 288.1 -3296.2
8119 39.5 -3705.7
8120 106.8 -3822
8121 46.4 -3627.4
8122 54.9 -3530.7
8123 -6823.3 -2448.4
8124 123.4 -3634.9
8125 -51.3 -3520.9
8126 60.4 -3458.6
8127 11.3 -3454.1
8128 138.4 -3465.4
8129 84.8 -3161.7
8130 35.4 -3158.3
8131 162 -3167.8
8132 86.3 -3081.4
8133 162.8 -3079.8
8134 -189.4 1204.5
8135 85.4 -3021.9
8136 -13.2 -3082.9
8137 102.8 -2850.8
8138 116.6 -3713.6
8139 200.6 -3640.3
8140 130.7 -3537.2
8141 215.2 -3472.1
8142 147.2 -3353.5
8143 152.3 -3287.4
8144 -108.7 -3268.2
8145 -182.8 1175.6
8146 517.3 -3569.5
8147 428.4 -3561.8
8148 491.3 -3666.1
8149 477.9 -3741.2
8150 441.3 -3849.7
8151 -142.7 -3689.5
8152 -60 -3617.7
8153 -45.3 -3449.5
8154 -136.6 -3611.2
8155 -29.6 -3273.9
8156 -1453.2 1919.8
8157 -35.2 -3338.1
8158 -19 -3154.9
8159 -99.4 -3149.9
8160 243 -3833.4
8161 192.9 -3719.6
8162 260.2 -3646.2
8163 208.5 -3543.8
8164 273.1 -3477.3
8165 3509.5 -2118
8166 3613.5 -1961.1
8167 -1380.1 1912.7
8168 2826.6 -1494
8169 2870.2 -1533.6
8170 2798 -1477
8171 2701.2 -1642.8
8172 2891.8 -1423.1
8173 2397.8 -1246.7
8174 2357.4 -1317.5
8175 2316.5 -1227.4
8176 2242.7 -1308.3
8177 2666.7 -1401
8178 -1514.7 1926.3
8179 2562.1 -1340.4
8180 2745.7 -1216.5
8181 2298.5 -1420.7
8182 2183.8 -1559
8183 2344.1 -1493
8184 2388.2 -962.2
8185 2254.8 -846.9
8186 2176.7 -558.3
8187 2231.5 -481.6
8188 2087.1 -700.9
8189 -1464.8 1814
8190 2292.3 -671.5
8191 2127.3 -516.3
8192 2011.7 -810.4
8193 1872.3 -852.8
8194 2209.1 -806.4
8195 2317 -698.4
8196 2510.8 -741
8197 2475.5 -808.4
8198 2463 -705.6
8199 2678.2 -774.4
8200 -198.4 -407.8
8201 2546 -675.7
8202 2080.8 -493.2
8203 2029.1 -337.4
8204 1874.3 -463.3
8205 2128.1 -417.1
8206 2226.2 -292
8207 2256.8 -342.2
8208 2217.7 -391.3
8209 2177.7 -446.7
8210 2166.9 -359.6
8211 -2217.9 -666.6
8212 -206.5 -427.1
8213 2108.6 -318.4
8214 2068.2 -374
8215 2063.2 -282.8
8216 2119.4 -196.1
8217 2002.1 -244
8218 1944.1 -203.2
8219 2058.6 -159.2
8220 1919 -232.7
8221 2174.5 -228.3
8222 2021.4 -138.2
8223 -240.4 -365.2
8224 2185.1 -138
8225 2180.1 -103.8
8226 2105.3 -113.7
8227 2373.6 -77.5
8228 2073.8 31.8
8229 2055.5 102.3
8230 2043.1 147.7
8231 2145.3 129.2
8232 240 4275.8
8233 68.6 7885.3
8234 -3313.2 1820.7
8235 134.6 7752.2
8236 223.3 7777.6
8237 324 7797.6
8238 195.3 7869.9
8239 649.9 7840.4
8240 720.4 7833.4
8241 448.6 7845.7
8242 520.5 7850
8243 411 7805.2
8244 494 7801.3
8245 -3453.3 1870
8246 -87.6 8095.7
8247 10.7 7868.7
8248 -30.9 8059.7
8249 133.8 7877.9
8250 585.8 7846.8
8251 477.2 7539.4
8252 611 7369.5
8253 389.3 7480.4
8254 586.1 7612.1
8255 656.3 7670.9
8256 -3209.3 2103.7
8257 699.3 7660.3
8258 316 7430.1
8259 265.9 7516.6
8260 634 7522.8
8261 721.7 7424.4
8262 746.1 7433.6
8263 896.6 7736.9
8264 840.7 7779.4
8265 907.5 7652.7
8266 760.9 7891.5
8267 -3165.9 1655
8268 757.4 7822.6
8269 422.8 539.1
8270 510 623.7
8271 374.6 713.6
8272 1033.2 -629.9
8273 1039.1 -686.1
8274 1082.9 -613.4
8275 250.8 4980.9
8276 325.2 4806.8
8277 398.8 4829.5
8278 -3332.6 1769.3
8279 420.7 4962.3
8280 618.6 4854.7
8281 82.6 2329.8
8282 68.9 2358.5
8283 55.3 2387.2
8284 706.1 3687.8
8285 735.6 3780.7
8286 749.7 3621.7
8287 -5654.3 -4588.8
8288 -5739.9 -4711.8
8289 -6939.9 -2264.7
8290 -5616.1 -4734
8291 -5652.3 -4500.4
8292 -5549.6 -4480.9
8293 -5768.7 -4489
8294 3005 -1315.4
8295 3135.9 -1348.2
8296 3033.8 -1686.7
8297 3192.5 -1593.5
8298 3350 -1726.5
8299 3178.9 -1549.5
8300 -6806.5 -2138.6
8301 3228.1 -1859.5
8302 3432.5 -1636.5
8303 3690.4 -1861.9
8304 3286.7 -2259.9
8305 -3846.9 2845.2
8306 -3852.6 3005.8
8307 -3528.7 2830.5
8308 -3729.4 2908.1
8309 -3506.9 2908.8
8310 -3555.2 2733.6
8311 -4408.9 -7920.3
8312 -3308.9 2775.3
8313 -3291.6 2855.9
8314 -3181.1 2827.5
8315 299.5 820.7
8316 265.5 787.5
8317 242.8 896.9
8318 212.3 732.5
8319 163.5 697.6
8320 230.1 713.3
8321 -2.4 417
8322 -2160.2 -655.7
8323 -3926.6 -7907.4
8324 -60.2 452.4
8325 42.6 381.7
8326 65.5 499.2
8327 158.8 587.7
8328 92.4 475.2
8329 0.6 506
8330 30.4 675.3
8331 -102.6 479
8332 -5.4 610.5
8333 -20.1 744.4
8334 -4391.6 -7642.4
8335 -440.6 580.8
8336 258.6 4384.7
8337 365.4 4254.5
8338 -1969.2 4261.2
8339 -1900.6 4247.3
8340 -2077.7 4283.6
8341 -2022 4073.4
8342 -1885.7 4275.6
8343 -1847.8 4234.9
8344 -1790 4175.1
8345 -4496.8 -8270.3
8346 271.9 2017.9
8347 151 1908.2
8348 164.5 2055.3
8349 279.4 591
8350 207.2 635.8
8351 1516.8 20.9
8352 1453.5 50.3
8353 1489.7 -40.2
8354 1667.4 -6.6
8355 1684.2 -53.6
8356 -5846 -2326.5
8357 1995.2 308.7
8358 1956.1 422.6
8359 2067.8 350.4
8360 2015 464.7
8361 1867.5 240.6
8362 1837.3 274.1
8363 1608.6 -7.7
8364 1716.2 315.1
8365 1694.1 254.1
8366 1769.2 249.2
8367 -5891.3 -2454.8
8368 2116.2 3579.9
8369 1823.9 3353.4
8370 -238.1 -3085.4
8371 -166.1 -3084.9
8372 239.4 -3079.7
8373 297.3 -3079.1
8374 239.4 -3021.1
8375 553.3 -3075.6
8376 452.8 -3019.2
8377 928.4 -3761.4
8378 -5748.4 -2330.1
8379 869.4 -3774.4
8380 962.3 -3875
8381 -377.8 -3952.7
8382 -233.8 -3905.7
8383 161.8 -3989.3
8384 219.2 -4000.5
8385 388.4 -4037.4
8386 366.7 -4109.3
8387 -525.6 -4033.5
8388 -396.2 -4068.2
8389 -4330.1 141.9
8390 336.2 -4231.7
8391 267.5 -4088.4
8392 -416.1 605
8393 -10165.5 818.6
8394 -10168.9 898
8395 -10365.7 810.1
8396 -10161.5 722.3
8397 -9968 801.2
8398 -10357.5 596.9
8399 -10542.6 704.3
8400 -4325.2 182.6
8401 -10358.4 633.5
8402 -10322.8 886.6
8403 -10377.9 1065.1
8404 -10371.6 846.6
8405 -10076.9 416.4
8406 -9925.9 278.6
8407 -9878.9 342.4
8408 -9820.1 227
8409 -9576.1 113.6
8410 -9639.8 140.7
8411 1594.9 -4534
8412 -9537.2 208
8413 -9661.1 -47.3
8414 -9514 93.9
8415 -9497.3 303.5
8416 -9408.9 156.3
8417 -9765.2 274.9
8418 -9347.5 119.2
8419 -9372.5 34.1
8420 -9311.9 69.8
8421 -9254.4 18.2
8422 703.5 -5614.2
8423 -9258.5 96.8
8424 -9231.6 -4.1
8425 -9273.3 31
8426 -10043.4 466
8427 -9964.9 404
8428 -10038.1 581.9
8429 -9880.1 625.1
8430 -9780.6 573.5
8431 -9736.3 749.3
8432 -9637.8 695.2
8433 -2196.7 -749.8
8434 1360.5 -5011.9
8435 -9548.5 921.2
8436 -9511 654.1
8437 -9590 841.3
8438 -9692.6 646.9
8439 -9762.6 424.6
8440 -9627.6 521.5
8441 -9549 464.2
8442 -9525 628.4
8443 -9468.3 717.3
8444 -9341.1 803.8
8445 -2669.7 3706.9
8446 -10361.9 710.2
8447 -10574.5 800.7
8448 -9659.4 367.3
8449 -9455.1 471.7
8450 -9457.2 546.1
8451 -9463.5 397.7
8452 -9489.4 547.8
8453 -9298.8 574.1
8454 -9468.5 592.1
8455 -9766.2 200.8
8456 -2812.8 3754.1
8457 -9908 147.6
8458 -9712.8 175.1
8459 -9241.5 216
8460 -9254.5 336
8461 -9142.6 101.9
8462 -9245.3 382.9
8463 -9057.4 468.8
8464 -8985.7 694.2
8465 -9052.9 600.3
8466 -9264.8 444.6
8467 -2602.2 3692.1
8468 -9314.5 632.6
8469 -9215.4 -22.9
8470 -9214.6 -116.5
8471 -9186.2 -49.2
8472 -8716.2 -96.1
8473 -8854.4 -7.2
8474 -8575.7 -117.4
8475 -8763.3 -98.8
8476 -8546.7 -51
8477 -9152.2 -71.1
8478 -5082.1 -1544
8479 -8859.8 -109.3
8480 -9057.2 -146.9
8481 -8882.2 -233.8
8482 -9202.2 -265.8
8483 -8769.5 -250.6
8484 -10649.2 797
8485 -461.6 -3412.6
8486 -484.9 -3481.4
8487 -609.8 -3319.7
8488 -391.9 -3420
8489 -5079 -1501
8490 -522.3 -3584.8
8491 -408.9 -3489.5
8492 -576.7 -3426.6
8493 -699.7 -3352.7
8494 -628.3 -3510.9
8495 -640.6 -3388.2
8496 -858.2 -3882.2
8497 -800.3 -3919.3
8498 -918.1 -3981.2
8499 -886.7 -3654.9
8500 -4990 -1566.8
8501 -706.6 -3769.7
8502 -866.9 -3754.7
8503 -666.4 -3999.7
8504 -2076.9 -1504.5
8505 -2113.4 -1605.9
8506 -170.3 4027.7
8507 -359.3 3643.9
8508 559.6 4734.1
8509 528.5 4713.2
8510 593.6 4680.6
8511 -5193.2 -1525.7
8512 685.4 4449.9
8513 647.2 4505.6
8514 785.8 4517.2
8515 1021.8 3830.6
8516 847.1 4067.2
8517 913.1 3753.2
8518 1062.3 3695.1
8519 1109.9 3893
8520 839.2 3508
8521 812.7 3678.7
8522 -2144.5 -2022
8523 784.2 3932.7
8524 1345.1 3392.6
8525 1631.4 3041.6
8526 1755.7 2888.4
8527 1692.5 2837.3
8528 1685.7 2974.4
8529 1199.6 3280.7
8530 1294.4 3352.8
8531 1174.8 3414
8532 1076.5 3339.7
8533 -2094.4 -2081.1
8534 1105.2 3502.5
8535 1220.2 3449.5
8536 1204.9 3576.9
8537 1312.3 3522.4
8538 2956.6 1327.8
8539 2973.5 1342.8
8540 4687.5 9609.7
8541 5652.4 8319.2
8542 5535.1 8279
8543 5350.2 7729.7
8544 -2293 -680
8545 -5984.1 -393.2
8546 4200.1 7351.6
8547 -1649 2426.5
8548 -1596.1 2574.6
8549 -1648.5 2590.8
8550 -1729.6 2457
8551 -1761.7 2405.5
8552 -1699.6 2505.7
8553 -1850.5 2561.2
8554 -2225.4 2926
8555 -2343.4 2924.6
8556 -6141.9 -346.2
8557 -2104.2 2928.1
8558 -2230.5 3172.1
8559 -1398.8 3274.2
8560 -1239.5 3273.3
8561 -1159.2 3767.2
8562 -923.2 3758.8
8563 -1305.4 3758.5
8564 -983.9 3510.4
8565 -1091.1 3524.7
8566 -955.2 3621
8567 388.3 909
8568 -1014.1 3394.2
8569 -1205.1 3402.7
8570 -1163.6 3709.7
8571 -1070 3689.3
8572 -944.6 3659.8
8573 -887 4287.4
8574 -972 4645.6
8575 -764.6 4294.1
8576 -974.8 4859.7
8577 -996.2 5165.9
8578 331 852.3
8579 -827.8 5052.6
8580 -276.3 5263.5
8581 -257.5 5197.3
8582 -257.7 5460.7
8583 -360.7 5242.2
8584 -1248.5 5171.8
8585 -1294.3 5180.1
8586 -1853.6 5364
8587 -1453.8 5447.5
8588 -1902 5356.6
8589 499.2 757.9
8590 -1952.7 5363.5
8591 -1923.7 5116.3
8592 -1913.7 5250.2
8593 -1956.6 5022.9
8594 -1917.7 4465.6
8595 -1894.3 4372.8
8596 -1940.1 4582.8
8597 240.2 2051.8
8598 136.5 2064.1
8599 39.9 2102
8600 -85 1037.3
8601 1111.9 922.6
8602 1121.8 666.4
8603 1035.2 665.5
8604 1163.3 733.6
8605 1142.4 671.3
8606 1633.2 1207.8
8607 1533 1298.3
8608 1562.8 1140.1
8609 1326.7 716.4
8610 1341.7 656.8
8611 -38.2 972.1
8612 1377.8 729.8
8613 1391.1 683
8614 1278.8 851.8
8615 1243.8 896.5
8616 1207.6 948.4
8617 1182.8 880.1
8618 -3784.9 1709.9
8619 -3751.4 1697.7
8620 2640 1988.8
8621 94.6 1319
8622 27.4 1120
8623 1570.7 2994.2
8624 1648.2 2801.3
8625 -2907.2 2683.5
8626 -2980.7 2700.3
8627 -2901.1 2607.3
8628 -2915.3 2723.5
8629 -754.5 4146.8
8630 -925.4 4117.6
8631 930.9 4130.3
8632 1007.2 4185.2
8633 -1302.3 2069.6
8634 782.5 4123.9
8635 1152.2 3537.5
8636 828 4090.7
8637 1005.2 2335.4
8638 1160.8 3823.5
8639 1180.9 3944
8640 1248.9 3992.3
8641 -1029 3341
8642 -2779 4482.1
8643 -2798.7 4496.6
8644 -1286.8 2188.2
8645 -2699.5 4437.1
8646 -3210.6 4681.7
8647 -3306.6 4787.1
8648 -347.7 4364.5
8649 -279.5 4605.5
8650 -405.9 4634.7
8651 -242.4 4749.8
8652 -367.4 4779.3
8653 -202 4733.7
8654 -195.4 4942
8655 -3433.8 -2406.9
8656 -1322.9 2072.8
8657 -2055.5 3385.4
8658 -3316.9 3561.7
8659 -3569.5 3607.2
8660 -3274.6 3753.2
8661 -2989.7 3549.5
8662 -2474.5 3478.2
8663 -2374.7 3480.4
8664 -2472.7 3377.6
8665 -2066 3935.2
8666 -2090.2 3669.1
8667 -4184.6 -1604.2
8668 -2159.1 3673
8669 -2154.8 3174.3
8670 -2232.5 3285.5
8671 -2186.5 3286.8
8672 -2234.5 3380.9
8673 -409.6 -5460.9
8674 -362.7 -5295.2
8675 -509.5 -5705
8676 -276.8 5812.8
8677 -390.6 5811.4
8678 -4206.1 -1793.6
8679 123 5187.7
8680 140.8 5176.7
8681 115.3 5008
8682 -2779.7 2796
8683 -2627.2 2918.5
8684 -1966.8 3793.6
8685 -1953.5 3890.5
8686 -416.6 5805
8687 -451.4 5801.1
8688 -1122 5613.2
8689 -4106.5 -1617.6
8690 -1100.7 5612.9
8691 -1321 5522
8692 -1360.3 5778.9
8693 4617.7 -5783.7
8694 5524.5 -5635.5
8695 4601.1 -5813.2
8696 4560 -5843.6
8697 -20.5 3492.4
8698 255.2 3739.1
8699 -185.5 3731.4
8700 -4232 -1597.4
8701 -4.9 3647.7
8702 -229.6 3639.7
8703 59.2 3578.1
8704 -102.3 3429.6
8705 419.2 -3960.1
8706 299.7 -3934.4
8707 3202.5 4808.6
8708 3174.4 4757.4
8709 3249 4898
8710 3350.8 4743.5
8711 -4167.4 -1453.2
8712 2989.7 4897.8
8713 3150.7 4712.5
8714 3001 4761.2
8715 2938.8 4779.4
8716 2960.2 4828.1
8717 2689.4 4909
8718 3313.9 4678
8719 3422 5276.4
8720 3395.9 5178.8
8721 -542.3 3751.3
8722 -4377.7 -1220.5
8723 -2158.9 3725.6
8724 -2337.6 3681.3
8725 -2151.4 3957.7
8726 -2119 4090.2
8727 -2222.9 3964.8
8728 -2171.6 4303
8729 -2070.4 4339
8730 -2363.8 2529.6
8731 -2258 2493.5
8732 -2414.8 2359.4
8733 -4396.1 -1203.4
8734 -2485.8 2570.8
8735 -2647.8 2798.5
8736 -2675.3 2640.3
8737 -2528.3 2424.9
8738 -2636.2 2484.9
8739 6152.2 2868.2
8740 6096.6 2794.6
8741 6277.3 3171.1
8742 6389.5 3571.9
8743 6229.3 3648.1
8744 -4348.7 -1222.3
8745 6321.4 3328.5
8746 6085.1 2776
8747 6106.3 3292.3
8748 5716.7 3736.6
8749 5803.7 3713.5
8750 5683 3745
8751 5759.9 3552.3
8752 6103.3 4021.4
8753 6184.1 3995.6
8754 6110.9 4041.5
8755 -4427.4 -1225.5
8756 6080.9 3950.7
8757 5971.3 4099.2
8758 6003.3 4086.5
8759 6011.9 4178.6
8760 5906.7 4126.1
8761 6178.2 4554.1
8762 5981.3 4558.7
8763 6178.6 4521.1
8764 5769.2 4792.4
8765 6023 4707.3
8766 -3424.4 -2381.6
8767 -3701.9 1842
8768 5649.1 4728.2
8769 5600.8 4626.7
8770 5707.9 4689.1
8771 6180.9 4681.5
8772 6331.9 4841.1
8773 6497.8 4788.7
8774 5906.1 4923.5
8775 6283.6 4777.3
8776 6349 4852.8
8777 5645.6 4979.3
8778 -3721.2 1783.3
8779 5713.6 5091.9
8780 5830.3 4937.8
8781 7468.2 5077.9
8782 7582.5 5369.3
8783 7276.6 5084
8784 6082 4053.7
8785 6158.3 4176.3
8786 5284.6 4370.4
8787 5215.4 4414.2
8788 5440.8 4298.2
8789 -3806.8 1880.1
8790 5245 4317.4
8791 5361.3 4485
8792 6010.7 3727.5
8793 6118.7 3377.9
8794 6269.7 3743
8795 6034.8 2807.6
8796 5697.8 980
8797 5467.3 1205.2
8798 5624.4 1891.6
8799 5455.7 1747.8
8800 -3842 1784.7
8801 4917.5 3475.2
8802 4500.8 3771.3
8803 4435.4 3715.5
8804 4345.7 3925.2
8805 4259.2 4012.7
8806 4438.4 3832.9
8807 4498.6 4048.8
8808 4230 3989.4
8809 4615.5 3983.4
8810 4341.8 4137.4
8811 -3439.4 -1294.2
8812 4286.3 4170.2
8813 4375.2 4198.3
8814 4704.9 3932.3
8815 4800.2 3823
8816 4429.6 4539.8
8817 5112.4 5091.2
8818 5256.9 5386.3
8819 5056.7 4921.1
8820 2813.6 4973.4
8821 3005.1 5206.9
8822 -3408.6 -1368
8823 1863.3 3165.3
8824 1830.1 3208.1
8825 1806.2 3176.1
8826 2733.3 3488.3
8827 2310.6 3686.5
8828 -415.9 -621.4
8829 -509.1 5960.8
8830 -550.5 5941.2
8831 -333.9 6087.5
8832 -493.9 5864.2
8833 -3514 -1288
8834 -648.6 5895.5
8835 -732.4 5901.8
8836 -748.8 5581.9
8837 -874.9 5588.5
8838 -285.5 5759.7
8839 -86.4 5725
8840 -494.6 5651.3
8841 -264.9 5174.5
8842 -320.4 4972.2
8843 -245.4 5201.4
8844 -3369.3 -1273.2
8845 -3272.2 6787.1
8846 -1557.2 6129.1
8847 -1349.1 6051.9
8848 -1905.4 6790.4
8849 -1303.5 6005.5
8850 -1349.1 5851.7
8851 -1393.3 5670.5
8852 -1753.9 5751.9
8853 -1822 5613.1
8854 -2208.4 6179.3
8855 -6401 -3228.7
8856 -1392.4 5564.9
8857 -1358.8 5495.8
8858 -1971 5763.9
8859 -2024 5720.9
8860 -2190.4 6030
8861 -777.4 5841.4
8862 2610.7 6190.6
8863 2405 6267.2
8864 2510 6025.8
8865 2087.3 6483.4
8866 -6412.4 -3346.4
8867 2152.2 6363.2
8868 2341.2 6415.7
8869 2360.6 6149.2
8870 2351 6123.1
8871 2382.3 6110
8872 2147.4 6056.7
8873 2217 6150.3
8874 2027.1 5938.2
8875 2302.5 6305.3
8876 2276 6228.5
8877 -3473.9 -2538.4
8878 -6479.3 -3230.1
8879 2255.3 6438.2
8880 2970.5 5360.1
8881 2778 5332
8882 2573.3 5497.6
8883 1473.2 7663.6
8884 1434.8 7787.4
8885 1678.5 7025.8
8886 1607 7267.8
8887 1906.2 6327.1
8888 1830.4 6562.2
8889 -6364.1 -3227
8890 1983 6101.3
8891 2036.8 5906.9
8892 1285 8970.9
8893 1322.9 9053
8894 1507.2 8849
8895 1114.1 9060.5
8896 1406.5 9238.2
8897 1491.9 9201.5
8898 1326.2 9279
8899 1406.5 9009.8
8900 -2314.8 2282.9
8901 1156.2 9140
8902 1015.9 9134
8903 2513.7 8575.1
8904 2578.6 8713.3
8905 2472.9 8494.6
8906 1661.5 9429
8907 2450.2 8683.9
8908 2378.4 8538.5
8909 2601.9 8985.8
8910 5987.6 5680.6
8911 -2291.4 2307.2
8912 5803.6 5302.8
8913 6062.2 5647.2
8914 6191.8 7656.4
8915 6082.3 7628.3
8916 6209.2 7915.2
8917 6170.3 7446.6
8918 6296.4 7562.6
8919 6286.3 7437.2
8920 2856.9 3322.8
8921 4234 11317.5
8922 -2322.3 2320
8923 -4610.6 -6708.2
8924 -4376.5 -6650.1
8925 -4552.5 -6895.9
8926 -4733.7 -7052
8927 -2279.7 -5419.5
8928 -2439.4 -5604.5
8929 -2336.1 -5387.6
8930 -2700 -2886.9
8931 -2715.7 -2792.9
8932 -2509.6 -2928.1
8933 -4328.1 -37.4
8934 -2263.5 -2708.9
8935 -2321.6 -2754.2
8936 -2169.6 -2714.1
8937 -2125.1 -3201.6
8938 -1950.2 -3127.8
8939 -2135.9 -3154.7
8940 -2108.3 -3250.3
8941 -2174.3 -3247
8942 -1990 -3016.1
8943 -1923.6 -3200.6
8944 -4383 -113.2
8945 -1823.2 -3074.2
8946 -2370.9 -4637.3
8947 -258.4 -4103.6
8948 -191.4 -4119.7
8949 -328.4 -4086.1
8950 -244.8 -3982.1
8951 -206.5 -3605.4
8952 -276.3 -3600.4
8953 -198.9 -3507.2
8954 -127.7 -3513.5
8955 -4299.1 -47.3
8956 579.1 -3574.2
8957 427.4 -4248.8
8958 479.8 -4259.3
8959 379.3 -4240.8
8960 459.9 -4135.1
8961 698.1 -3399.8
8962 755.3 -3517.5
8963 699.9 -3331.2
8964 585.9 -4281.5
8965 629.5 -4288.9
8966 682 -1781.9
8967 535.1 -4269.9
8968 568.2 -4163.8
8969 443.5 -4363.3
8970 668.1 -4192.9
8971 802.6 -4272.9
8972 1549.3 -3447.3
8973 1640.9 -3471.6
8974 1621.3 -3539.3
8975 1592.2 -3642.6
8976 1530.1 -3516.1
8977 778.6 -1742.2
8978 1603 -3921.4
8979 1676.1 -3666.9
8980 1652.6 -3748.8
8981 1757.4 -3680.5
8982 1664.6 -4053.7
8983 1671.3 -4078.3
8984 1606 -4177.8
8985 1699.5 -3948.1
8986 1809.3 -3437.4
8987 1892.1 -3472.8
8988 -803.2 816.5
8989 -3446.4 -2474.6
8990 -2282.6 -1433.2
8991 2306.6 -3510.4
8992 1061.3 -4220.1
8993 986.1 -4157.2
8994 482.2 -4062.6
8995 402.5 -4040
8996 514.1 -4148.2
8997 590.1 -4092.3
8998 696.1 -4122.4
8999 620.8 -4179.2
9000 805.8 -4228.8
9001 -2324.7 -1466.6
9002 379.1 -4113.4
9003 -548.8 -5792
9004 -617.7 -5953.2
9005 -693.9 -5727.1
9006 -32.5 -4154.3
9007 -45.9 -4262.4
9008 -5.5 -4031.9
9009 -123 -4140.6
9010 43.9 -4169.1
9011 11 -3956.5
9012 -3736.3 -1703.6
9013 -104.3 -4011.1
9014 -77.6 -4508.7
9015 -158.3 -4494.2
9016 12.1 -4316.9
9017 121.5 -4184.5
9018 70.4 -4047
9019 146.5 -4062.6
9020 170.3 -4195.3
9021 45.7 -4533.5
9022 70.4 -4416.8
9023 -3722.3 -1726.7
9024 104 -4546
9025 88.7 -4329.4
9026 295 -2858.1
9027 298.3 -2795.4
9028 239.3 -2856.7
9029 360 -2860.5
9030 296.6 -3020.4
9031 361.6 -3077.8
9032 268.7 -3548.1
9033 338.7 -3482.9
9034 -3751.7 -1766.1
9035 252.4 -3723.4
9036 281.8 -4014
9037 204.1 -4074.7
9038 -65.1 -4637.8
9039 88.1 -4627.7
9040 682.2 -3680.5
9041 741.5 -3687.4
9042 572.6 -3671.8
9043 505.3 -3665.1
9044 613.9 -3755.4
9045 -3698.9 -1593.5
9046 773.3 -3688.8
9047 727.3 -3765
9048 816.3 -3771.3
9049 669.1 -3760.3
9050 708.3 -3871.1
9051 558.9 -3749.1
9052 597.6 -3862.4
9053 749.5 -3588.3
9054 696.7 -3513.1
9055 670.8 -3510.6
9056 -3649.7 -1701.7
9057 949.7 -3353.7
9058 1040.6 -3429.5
9059 1145 -3368.9
9060 161.7 -3021.2
9061 161.5 -2853.4
9062 -324.9 -4591.8
9063 -397.8 -4578.7
9064 -304.3 -4455.6
9065 -253.5 -4605.1
9066 -536.1 -4548.2
9067 -3788.6 -1687
9068 -507.1 -4556.6
9069 -589.4 -4529.8
9070 -567 -4430.9
9071 1988 -4489.7
9072 1867.8 -4614.1
9073 2266.5 -4203.5
9074 2668.2 -4171.2
9075 1721.2 -3851.6
9076 2748.9 -4336.1
9077 1730.4 -3810.7
9078 -6446 -2446
9079 1630.6 -3827.2
9080 1501.1 -3620.9
9081 1479.1 -3708.7
9082 1357.3 -3586.9
9083 1383.6 -3477.4
9084 1331.4 -3580.8
9085 1459.2 -3782.2
9086 1566.9 -3729.5
9087 1119.6 -3629.5
9088 1013.2 -3664.5
9089 -6518 -2587.9
9090 1210 -3647.8
9091 1332.2 -3676.5
9092 5696.6 6294.2
9093 5929.1 6214.5
9094 5649.1 6739.8
9095 5906.8 6765.3
9096 5259 6706.5
9097 5323.5 6718.9
9098 5201.8 6995.4
9099 5361.9 7027.6
9100 -3181.2 -2651.6
9101 -6599.3 -2441.6
9102 5393 6729.5
9103 5352 6943.3
9104 5319.4 7141.3
9105 5285.6 7616.5
9106 5488.8 7687.9
9107 4690.2 7256.4
9108 6046.1 7856.2
9109 -2167.4 -2954.7
9110 -2069.2 -2882.8
9111 -2007.8 -2980.5
9112 -7890.9 -1358.9
9113 -1930.5 -2816.5
9114 -1503.6 -2707.1
9115 -1649.8 -2664.3
9116 -1510.8 -2589.8
9117 -1586.9 -3269.4
9118 -1733.3 -3379.8
9119 -1522.5 -3223.4
9120 -1715.4 -3028.8
9121 -1796.1 -3062.9
9122 -1656.5 -3139.3
9123 -7777.4 -1431.9
9124 -1644.5 -2998.5
9125 -1853.5 -2774.5
9126 -1803.6 -2867.8
9127 -1784.3 -2737.5
9128 -1931.5 -2629.4
9129 -1892.9 -2701.5
9130 -1863.7 -2591.4
9131 -1713.6 -2698.7
9132 -1753.3 -2625.2
9133 -1852.6 -2505.3
9134 -6804.4 -1782.2
9135 -1761 -2944.5
9136 -1878.6 -2910.7
9137 -1663.1 -2792.1
9138 -1734 -2829.5
9139 -1604.8 -2761.9
9140 -1568.7 -2841.2
9141 -1970 -2518.2
9142 -1966.6 -3389.1
9143 -2050.5 -3415.5
9144 -1615 -3218.6
9145 -6598.8 -1804.4
9146 -1690.2 -3258.9
9147 -1867.5 -3354.2
9148 -1899.3 -3267.5
9149 -1839 -3338.5
9150 -2183.4 -3458.1
9151 -2205.1 -3393.6
9152 -2285.7 -3491.1
9153 -2240.7 -3311.7
9154 -2205.6 -3191.6
9155 -2210.7 -3171.4
9156 -4058.1 -1629.1
9157 -2267 -3225.8
9158 -2266.3 -2947.6
9159 -2336.9 -2941
9160 -2364.1 -3255.2
9161 -2289.1 -3135.3
9162 -2393.6 -2935.4
9163 -2423.9 -3409.5
9164 -2401.2 -3355.4
9165 -2396.4 -3426.9
9166 -2455.7 -3389.3
9167 -4089.7 -1461.2
9168 -2322.4 -3142.2
9169 -2358.6 -3149.8
9170 -2601.8 -3198.6
9171 -2223.2 -3122.2
9172 -2233.7 -3079.6
9173 -2475.5 -3173.4
9174 -2464.3 -3264.1
9175 -2523.4 -3183.9
9176 -2495.9 -3044.5
9177 -2448.1 -2931.5
9178 -3818.1 -1942
9179 -2614.4 -2920.6
9180 -2400 -3259.4
9181 -2409.9 -3160.4
9182 -2422.8 -3084.2
9183 -2562.9 -3618.5
9184 -2573.1 -3594.4
9185 -2389.4 -3454.4
9186 -2596 -3276
9187 -2516.1 -3270.1
9188 -2606.1 -3150.1
9189 -3888.6 -2148.3
9190 -2846.4 -3258.7
9191 -2862.5 -3387.4
9192 -2783 -3267.2
9193 -2944.6 -3248.6
9194 -2875.6 -3493.6
9195 -2957.5 -3374.3
9196 -2967.6 -3477.6
9197 -3070.4 -3358.9
9198 -2769.4 -3400
9199 -2745 -3701
9200 -3878.1 -1963.8
9201 -2900 -3675.9
9202 -2750 -3626.9
9203 -2807.2 -3156.1
9204 -3177.3 -3544.5
9205 -3227.1 -3437.9
9206 -3249.4 -3635.2
9207 -3325.2 -3324.1
9208 -3280 -3432.3
9209 -3377.5 -3110.7
9210 -3313.1 -3207.7
9211 -3943.9 -2198.1
9212 -3437.9 -1964.5
9213 -3254.1 -3213.9
9214 -3056.2 -3235.2
9215 -2934.8 -3158.3
9216 -3371.4 -3016.3
9217 -3045.8 -3148.2
9218 -2924.6 -3073.1
9219 -3304.6 -3118.6
9220 -3531.2 -3032.3
9221 -3331.3 -3020.5
9222 -2613.3 -3047.3
9223 -1446.8 -6228.8
9224 -2788 -3060.4
9225 -2486.6 -3096.5
9226 -2925.3 -2967.5
9227 -3316.8 -2874.2
9228 -2500.2 -5667.4
9229 -2539.7 -5559
9230 -2393.1 -4690.1
9231 -2414 -4743.1
9232 -2894.1 -7083
9233 -2918.7 -6901.5
9234 -1763.8 -6283.9
9235 -2603.8 -6179.7
9236 -2513.8 -6202
9237 -2635.9 -6311.7
9238 -2901 -7159.6
9239 -2907.9 -7239.3
9240 -2730.5 -7162.2
9241 -2685.9 -7077.3
9242 -2771.2 -7240.8
9243 -2914.5 -7314.7
9244 -3104.2 -7315.2
9245 -1689.1 -6453.9
9246 -2549.7 -6807.4
9247 -2475 -6659.4
9248 -2667.8 -6748.7
9249 -3204.9 -6842.8
9250 -3252.3 -6616.8
9251 -3118.6 -6841.5
9252 -2648.3 -7003.1
9253 -2749.2 -6965.1
9254 -2836.1 -6932
9255 -3035.5 -6858.6
9256 -255.6 -378.7
9257 -2838.4 -6685.4
9258 -2955.4 -6642.7
9259 -3162.4 -6607.3
9260 -2753.8 -6716.8
9261 -2703.9 -6580.3
9262 -3040.9 -6616.5
9263 -2615.2 -6602.9
9264 -3090.5 -6474.9
9265 -3102 -6612.2
9266 -2907.8 -6515.2
9267 -370.3 -224
9268 -2994 -6487.6
9269 -2791.1 -6558.7
9270 -2723.7 -6289.8
9271 -3082.6 -6167.6
9272 -2931.7 -6321.5
9273 -2902.9 -6242.7
9274 -3024.4 -6392.7
9275 -2960.4 -6397.2
9276 -3132.6 -6609.8
9277 -3075.2 -6256.6
9278 -1431.4 2091.2
9279 -3077.7 -6286.4
9280 -3079.6 -6208.1
9281 -3060.6 -7534.6
9282 -3137.9 -7696.7
9283 -2681.5 -7694.8
9284 -2717 -7678
9285 -2634.2 -7716.1
9286 -2390.4 -6975.1
9287 -2477.3 -6932.7
9288 -2335.6 -6997.2
9289 -1354.1 2077.6
9290 -2287.8 -6862
9291 -2201.4 -6683.2
9292 -6696.7 -8228.2
9293 -6667.9 -8241.6
9294 -6721.8 -8215.4
9295 -2122.1 3161.8
9296 -1867.5 3041.9
9297 -1894.2 2931.7
9298 -1722.7 3003.4
9299 -1763.1 2906
9300 -1385.2 2332.7
9301 -1997.3 2930
9302 -1832.9 3295.9
9303 -1835.6 3176.2
9304 -1681 3299.4
9305 -1830.8 3397.5
9306 -1969.4 3185.7
9307 -1979 3091.9
9308 -1551 3155.2
9309 -1403.1 3208
9310 -2102.5 2825.7
9311 -1437.6 2044.4
9312 -1685.5 3165.1
9313 -1591.3 2973.1
9314 -1677.9 3401.3
9315 -1549.7 3298.7
9316 -2100.9 2757.3
9317 -1922.6 2814
9318 -1776.3 2772.5
9319 -1818.1 2653.1
9320 -1573.6 2713.6
9321 -1610.8 2650.4
9322 -3982.3 -2311.1
9323 -5284.6 -1520.2
9324 -1527.3 2846.2
9325 -3408.8 2629.9
9326 -3389.9 2701.8
9327 -3142.5 3192.8
9328 -3199.2 3104.7
9329 -3262 3258.4
9330 -3037.5 3085.1
9331 -3350.7 3295
9332 -3689.6 3459
9333 -3574.6 2661
9334 -5300.8 -1427.7
9335 -3667.8 2670.3
9336 -3459.3 2715.3
9337 -3478.2 2643.1
9338 -3307.3 3154.3
9339 -3747.6 3148.6
9340 -3485.5 2985.8
9341 -3407.5 2884.7
9342 -3387.2 2962.4
9343 -3273.2 2936.1
9344 -3755.4 2992.5
9345 -7099.5 -1843.3
9346 -3439.1 3094.4
9347 -3347.6 3060.4
9348 -3396.3 3196
9349 -3237.5 3016.8
9350 -3134.3 2978.2
9351 -3028.6 2944.7
9352 -2951.1 2843.3
9353 -3101 3058.9
9354 -3164.1 2903.4
9355 -4287.1 3755
9356 -6900.8 -1868.2
9357 -4590.7 3968
9358 -4533.6 3961.9
9359 -4194.7 3666.5
9360 -4500.5 4183.4
9361 -4482.6 4386.6
9362 -4351 4309
9363 -4482.4 4344.3
9364 -4804.9 4710
9365 -4551.5 4376.1
9366 -4362.6 4157.8
9367 -7074.5 -1743.5
9368 -4278.7 4288.9
9369 -4370.5 4103
9370 -4276.3 4022.5
9371 -4007 3856.5
9372 -4109.9 4010.4
9373 -3732.1 3888.7
9374 -3548.5 3877.6
9375 -3740.8 3971.7
9376 -3904.3 3915.1
9377 -3604.3 3938
9378 -4362.8 439.9
9379 -3514.7 3994.7
9380 -3574.9 4036
9381 -3825.3 3765.2
9382 -3467.2 3790.1
9383 -3747.2 3203
9384 -3732.4 3308.5
9385 -3807.9 3205.8
9386 -4165.5 2704.6
9387 -4019.3 2733.2
9388 -4733.8 2959.9
9389 -4535.5 476.4
9390 -4049.9 2893.4
9391 -3179.8 2247.7
9392 -3202.2 2146.5
9393 7454 2689.7
9394 7355.4 2811.5
9395 7548.6 2727.3
9396 7435.3 2670.1
9397 7245.2 2236.3
9398 7481.3 2614.8
9399 7264 2272.4
9400 -6725.5 -3531.5
9401 7516.2 2560.4
9402 7604.2 2430.7
9403 7583.2 2462.2
9404 7615.2 2359
9405 7763.4 2295.9
9406 7384.7 2616.3
9407 7314.7 2769.2
9408 7017.3 2396.7
9409 7068.3 2504.5
9410 7081 2364.7
9411 -6722.4 -3482.2
9412 7372.6 2909.2
9413 7296.2 2859.6
9414 7466.7 2933.2
9415 7437.1 3005.3
9416 7131.4 2472
9417 7113.6 2347.6
9418 7172.8 2318.7
9419 7241.5 2417.5
9420 7124.5 2249.1
9421 7189.6 2443.5
9422 -4474.7 -2022.1
9423 7320.5 2660.4
9424 7267.1 2695.5
9425 7206.4 2733.4
9426 7255.4 2808.9
9427 7718.7 2043.7
9428 7651.9 2076.2
9429 7815.6 2231
9430 7807 2376.7
9431 7599.3 2101.8
9432 7495 2156.7
9433 -4312.9 -2203.4
9434 -4490.9 -2194.5
9435 7582 2068.2
9436 5319.7 6320.2
9437 5817.3 4475.8
9438 5549 4524.5
9439 5841.7 4372.9
9440 5520.9 4464.4
9441 5433 4596.5
9442 5468.2 4288.6
9443 5563.8 4266.1
9444 2181.4 -1166.8
9445 -4362.4 -2025.8
9446 2076.9 -1291.3
9447 2224.6 -1267.6
9448 2099.4 -1658.2
9449 1883.8 -1528.2
9450 2062.5 -1463.8
9451 1975 -969
9452 2026.9 -1131.8
9453 2033.5 -1154.2
9454 1895.7 -1014.7
9455 1899.8 -1141.7
9456 -4485 732.9
9457 1968 -1136.9
9458 6240.7 6918.8
9459 6260.6 7136.3
9460 6126.8 6928.5
9461 6226.3 6747.8
9462 6336.6 6910.1
9463 6019.3 6923.6
9464 6137.4 7113.9
9465 5906.7 6911.7
9466 -2662.2 -5235.8
9467 -4505.5 618.8
9468 -2631.8 -5164.4
9469 -2600.7 -5258.3
9470 -2934.7 -5159.6
9471 -2581.8 -5061.5
9472 -2520.9 -4945.7
9473 -2435.9 -5332.3
9474 -3327.4 -5723.7
9475 -3304.2 -5828.8
9476 -3297.7 -5713.6
9477 -3431.8 -5747.6
9478 -4374.1 713.8
9479 -3196.8 -5718.8
9480 -3147.1 -5733.2
9481 -2953.3 -5776.8
9482 -3293.5 -5649.3
9483 -2769.4 -5819.6
9484 -3144.1 -5773.9
9485 -3101.4 -5790.1
9486 -3046 -5811.4
9487 -3144.5 -5911.5
9488 -664.2 -3284.2
9489 -4471 820.7
9490 -636.9 -3253.3
9491 -171.2 -3145
9492 -240.9 -3140.1
9493 -94.2 -3084.1
9494 -412 -4179
9495 -344.5 -4194.6
9496 -343.7 -3673.8
9497 -337.4 -3593.7
9498 -445.8 -3664.7
9499 -268.6 -3502.3
9500 -4522.7 107.6
9501 -430.9 -3585.3
9502 -134 -4244.5
9503 -203.7 -4227.1
9504 -143.6 -4362.9
9505 -132.5 -4223.7
9506 -50.4 -4308.3
9507 -274.3 -4211.4
9508 -506.2 -4215.9
9509 455.9 -3187.5
9510 454.1 -3076.5
9511 -4442.7 19.6
9512 454.8 -3132.3
9513 362.2 -3019.4
9514 451.3 -2865.8
9515 502.1 -2867.7
9516 362.7 -3135.5
9517 803.3 -2680
9518 774.4 -2640.6
9519 901.8 -2796.2
9520 1206.2 -3553.3
9521 1140.1 -3436.8
9522 -2545.1 3280
9523 1243.7 -3377.7
9524 1400.3 -3408.6
9525 1236.7 -3445.6
9526 238.8 -4211.8
9527 308.8 -3839.1
9528 316.2 -3729.2
9529 323.9 -3651.4
9530 332.4 -3554.2
9531 348.1 -3370.8
9532 434 -3490.2
9533 -2470.9 3281.1
9534 353.1 -3301
9535 552 -3317.1
9536 420.7 -3659.5
9537 -220.3 -4853.2
9538 -196.3 -4700.9
9539 123.9 -4891.9
9540 168 -4745
9541 -1139.2 -4310.1
9542 -1097.9 -4251.2
9543 -1039.3 -4404.5
9544 -5898.3 -1862.1
9545 -3430.1 -1889.9
9546 -823.4 -4598.5
9547 -863.8 -4477.5
9548 -705.2 -4657.1
9549 -587.9 -4714.9
9550 -615.4 -4698.9
9551 -611.4 -4584.4
9552 -981.7 -3939.6
9553 -961.1 -4048.7
9554 -1023.9 -4009.2
9555 -1021.5 -4147.5
9556 -3268.5 -1783.3
9557 -2420.7 -4022.2
9558 -2419 -4162.5
9559 -2323.2 -4035.5
9560 -2454.7 -4013.6
9561 -2479.2 -4016.4
9562 -2525.5 -4009.5
9563 -2475.1 -3993.3
9564 -2266 -3869.5
9565 -2551.5 -3876.5
9566 -2402.2 -3865.3
9567 -3684.3 -1764
9568 -1943 -3912.3
9569 -1822.4 -3937.1
9570 -2978.4 -3576.5
9571 -4003.5 -4400
9572 -3926.2 -4102.3
9573 -4092.8 -4150.1
9574 -3716.1 -4495.5
9575 -3697.1 -4585.6
9576 -4177 -4364.8
9577 -3960 -4252.1
9578 -6879.3 -1711.2
9579 -3419.2 -5187.8
9580 -3612.2 -4935.4
9581 -3162.8 -5260.7
9582 -3194.4 -5351.1
9583 -3098.7 -5118.2
9584 -3840.9 -5032.8
9585 -4384 -5843
9586 -4326.6 -5781.3
9587 -4448.6 -5902.3
9588 -4102.2 -5844.4
9589 -7052.8 -1693.8
9590 -3988.7 -5768.3
9591 -4270.1 -5718
9592 -4178.1 -5909.5
9593 -4386.7 -5558.4
9594 -4237.1 -5967.6
9595 -4295.5 -6025.6
9596 6225.4 6055.4
9597 7042.9 5688.7
9598 6931.8 5736.2
9599 6880 5319.1
9600 -6887.8 -1766.1
9601 7067.7 6086.3
9602 6876.1 6308.1
9603 6858.6 5770.5
9604 6805.1 5795.9
9605 6979.6 6238.1
9606 6771.8 5576.1
9607 6674.4 5375.4
9608 6619.1 5399.5
9609 6697.9 5423
9610 6708.9 5359.6
9611 -6806.9 -2163
9612 6560.8 5426.2
9613 6595.9 5501.5
9614 6368.3 5511.5
9615 3462.1 5537.7
9616 3573.1 5397.4
9617 3661.7 5448.5
9618 2732.7 5007.7
9619 2720.2 4980.9
9620 2882 5147.3
9621 2641.7 5675.3
9622 -6143.6 -2861.6
9623 2599.4 5705.4
9624 4616.6 5684.5
9625 4344.7 5687.2
9626 4840.4 5885.5
9627 4868.3 6115.9
9628 4901.5 6114.5
9629 4958.2 6109.8
9630 5087.3 4916.9
9631 4997.1 4929.4
9632 5497.1 5769
9633 -6104.5 -2885.3
9634 5600.1 5719.6
9635 5770.8 5637.4
9636 5773.4 6165.5
9637 5659.9 6167.4
9638 5320 6190.2
9639 5099.5 7088.8
9640 5432.1 7337.8
9641 5261.4 7295.2
9642 5433.4 7170.9
9643 5813.1 7803.7
9644 -6240 -2800.5
9645 5887.2 7808.3
9646 5888.1 7579
9647 5521.2 7699.9
9648 5947.3 7594.1
9649 5780.6 7550.7
9650 5914.6 7686.2
9651 6014.7 7612
9652 6078.8 7745.6
9653 6005 7272.6
9654 6147 7259.1
9655 -6023.4 -1837.4
9656 -6139.4 -2901.8
9657 6139.7 7146.6
9658 7479.6 4124.2
9659 7658 4028.1
9660 7584.9 4281.7
9661 7271.2 3782.3
9662 8158.8 3760.4
9663 8109.3 3679.7
9664 7836.2 3931.7
9665 8243 3899.8
9666 8367.8 4122.8
9667 -6959.8 -4678.3
9668 8716.2 3962.6
9669 8549.1 4419
9670 8946.4 3846.2
9671 8795.8 3918.8
9672 9043.8 3816.7
9673 8963.1 3826.9
9674 8975.5 3793.2
9675 9532.6 5465.8
9676 8710.2 4662.4
9677 8892.4 4582.4
9678 -6962 -4780
9679 8730.5 4693.3
9680 8651.3 4573.6
9681 8511.6 4826.5
9682 8342.3 4543.6
9683 8406.8 4887.8
9684 8659.7 5081.6
9685 8864.7 5657.4
9686 7924.3 4800.4
9687 8002.9 4755.3
9688 8051.2 4999.4
9689 -6958.8 -4614.3
9690 7844.4 4680.2
9691 8728.6 4306.9
9692 8434.5 4489
9693 8239.5 4604.6
9694 8061.5 4311.2
9695 8155.8 4656.5
9696 7974.3 4164
9697 7740.9 3984
9698 7819.1 3903.5
9699 8323.5 4937.1
9700 -7246.8 -4731
9701 8201.2 4901.9
9702 8779.5 4762.2
9703 8079 4704.6
9704 7899.1 4415.5
9705 7802.9 4260.7
9706 5302.7 1259.1
9707 5465.6 1271.9
9708 5464.1 1344.3
9709 2847.2 -2455.2
9710 2136.1 -1519.7
9711 -6461 -3995.6
9712 2166.1 -1800.5
9713 2359.4 -1881.2
9714 2005 -1705.1
9715 2052.2 -1624.8
9716 2446.6 -2398.3
9717 2428.2 -2409.9
9718 2626.2 -2442.8
9719 2557.5 -2237.4
9720 7329.2 -5348.9
9721 7550.4 -5338.6
9722 -6321.7 -4012.9
9723 7459.3 -5338
9724 7692.4 -5398.1
9725 1759.8 368.2
9726 1450.4 149.3
9727 1572.8 264.8
9728 1460.6 274.3
9729 1606.5 -174.5
9730 1800.9 219.7
9731 1385.9 -358.1
9732 3508.4 -2869
9733 -6462.3 -3876.1
9734 3470.1 -2912.9
9735 3550.3 -3012.9
9736 3580.5 -3053.4
9737 3470 -3145.6
9738 3359.4 -3002.7
9739 3541.6 -2823.8
9740 3609.8 -2952.2
9741 3565.4 -2791.7
9742 3531.3 -2756.8
9743 -4636.3 -4178.9
9744 -3850.6 1744.2
9745 -4608.6 -4175.4
9746 -4614.5 -4197.7
9747 4988.6 -4909.7
9748 5032.6 -4824.7
9749 5174.6 -4958.5
9750 4876.9 -4883.1
9751 -1561.6 8528.6
9752 -1666 8630.8
9753 -1509.3 8501.7
9754 -892.6 7522.3
9755 398.7 743.5
9756 -1806.5 9008.8
9757 -1754.3 8818
9758 -639.1 -712
9759 -568.9 -688.2
9760 -525.9 -726.1
9761 1970.4 -284.7
9762 1896.8 -251.3
9763 -3027 2481.3
9764 -2894.7 2525.8
9765 -2702.7 1970.7
9766 -5941.3 -1778.8
9767 418.3 768.3
9768 -2562.6 2333.3
9769 -2886.5 2159.5
9770 -2899.8 2094.3
9771 -2841.2 2062.8
9772 -3453.5 1422.8
9773 -3468 1355.7
9774 -3419.6 1535.4
9775 -3339.3 1491.8
9776 -3362.9 1371
9777 -3385.6 1264.5
9778 -162.1 1313.1
9779 -3271.5 1451.3
9780 -3229.8 1346
9781 -3309.3 1476.2
9782 -3210 1414.1
9783 -3609.9 1322.5
9784 -3771.3 1404
9785 -3650.6 1433.6
9786 -3836.9 1437.9
9787 -3735.7 1476.5
9788 -3766.5 1581.1
9789 -100.4 1322.2
9790 -3832.7 1614.2
9791 -3868.4 1544.2
9792 -3903.4 1650
9793 -3801.4 1509.1
9794 -3903.6 1473
9795 -3973.5 1339.8
9796 -3715.8 1677.2
9797 -3653 1651.1
9798 -3562.4 1604
9799 -2996.3 2623.8
9800 -124.9 1226.5
9801 -2964.8 2768.6
9802 -3044.8 2866.8
9803 -3441.6 2483.9
9804 -3141.5 2424.2
9805 -3375 2470.3
9806 -19.5 -1883.4
9807 -273.6 -2398.6
9808 -741.3 -2561.1
9809 -622 -2550.4
9810 -521.4 -2549.7
9811 -2430.3 1804.7
9812 -445.8 -2491.1
9813 -113.2 -3330.6
9814 -834.6 1457.3
9815 -7983.7 -3725.6
9816 -8338.9 -3520.2
9817 -2463.3 2920.7
9818 -3904.3 1305
9819 -2956.6 1257.3
9820 -4180.9 1919.3
9821 -4098 1867.8
9822 -2554.2 1760.5
9823 -4210.1 1862.4
9824 -4198.6 1668.6
9825 -4181.4 1702.9
9826 -4017.9 1825.7
9827 -4271.7 1963.7
9828 -4323 1863.6
9829 -1693.9 4069.4
9830 -1722.9 4103.5
9831 -1517.4 3955.2
9832 -1393 4075.6
9833 -4801.9 -1593.1
9834 -1669.2 4171.6
9835 -1660.5 4325.6
9836 -1742 4125.2
9837 -1722.6 4338.9
9838 -1490.1 4303.2
9839 -1653.8 4434.3
9840 -1334.3 4409.4
9841 -1646.9 4561.4
9842 -1467.6 4418.9
9843 -1278.4 4510.5
9844 -4637 -1570.8
9845 -1153.4 4656.1
9846 -1105 4652.2
9847 -1172.2 4804.8
9848 -1198.6 4617.6
9849 -1797.3 4586.4
9850 -1807.6 4452.3
9851 -1564.6 4702.9
9852 -2539.4 5178.5
9853 -2622.5 5043
9854 -2242.4 4987.2
9855 -4811.3 -1469.3
9856 -2407.3 4625
9857 -2154.7 4948.1
9858 -2227.2 4908.2
9859 -2047.3 5061.7
9860 -2027.3 5051.9
9861 -2179.2 5122.2
9862 -2916.8 3953
9863 -2790.4 3917.1
9864 -2902.3 4005.5
9865 -2155.7 3818.6
9866 -4802.7 -1642.5
9867 -2078.5 3808.9
9868 -2944.1 4180.6
9869 -2875.9 4097.5
9870 -3108.6 4284.6
9871 -2003 3918
9872 -1947.7 3925.8
9873 -1929.5 4053.7
9874 -3456 4405.6
9875 -3235.4 4345.2
9876 -3237.2 3850.5
9877 -5909.4 -1920.9
9878 -4885.3 -1593.9
9879 -3195.9 3983.1
9880 -3384.3 3915.2
9881 -3112.8 3816.6
9882 -3166.3 4078.3
9883 -3404.2 4148.7
9884 -3189.1 4007.3
9885 -2961.8 3794.9
9886 -3096 3717.9
9887 -2600.1 4001.8
9888 -2865.2 3630.5
9889 -6918 -2074.1
9890 -3442.3 3914.4
9891 -1888.6 4298.4
9892 -2179.7 4754.2
9893 -2172 4773.4
9894 -2079.3 4700.7
9895 -2310.6 4790.2
9896 -1955.1 4664.4
9897 -1985.5 4819.6
9898 708.5 -1417.1
9899 963.1 -1760.8
9900 -1813 3568.6
9901 1135.4 328.5
9902 3514.2 -1397.9
9903 3506.5 -1289.6
9904 3419.7 -1216.4
9905 6792.7 -3875.8
9906 6505.2 -3253.9
9907 6444.3 -3809.3
9908 6591.1 -3579.3
9909 6495.9 -3815
9910 6444.9 -3768.2
9911 -1942 3487.7
9912 6704.3 -3887.2
9913 1860.4 5321.5
9914 1895.5 5563.9
9915 1945.2 5652.6
9916 1745.6 4863.3
9917 2114.8 6805.3
9918 2062.8 6607.9
9919 2310.9 7513.5
9920 2090.1 7347.5
9921 2022 7283.6
9922 -1964.6 3568.6
9923 1897.6 7193
9924 1989.8 7158.5
9925 1905 6829.1
9926 2566.6 8490
9927 2844.7 8249.8
9928 2503.1 7968.1
9929 2337.4 8071.7
9930 2357.4 8134.8
9931 2265.2 7869.8
9932 2334.2 7697.7
9933 -1830 3468.3
9934 1710.2 6929.1
9935 4267.2 8357.6
9936 4154.2 8133.4
9937 4301.3 8430.2
9938 4333 8498.1
9939 3406.2 8448.5
9940 3991.8 8514.4
9941 3729 8524.3
9942 3989.2 8444.2
9943 3994.1 8579.6
9944 -1786.3 3680.6
9945 3731.4 8588
9946 4038.5 8584.2
9947 3858.8 10261.8
9948 3920.5 9195
9949 4000 9211.7
9950 3653.1 9135.2
9951 3707.1 8606.7
9952 3352.7 9721.9
9953 3280 9516.4
9954 3544.7 9655.1
9955 -4152.5 -5589.2
9956 3719.9 9880.6
9957 3604.4 9634.8
9958 3921 10448.1
9959 4007.3 10760.1
9960 3968.9 10654.4
9961 1301.1 5478.6
9962 3704.7 10714
9963 3774.6 10722.2
9964 1665 4855.5
9965 1912.4 4535.2
9966 -4046.2 -5805.7
9967 3642.8 10646.2
9968 3785 10636.9
9969 3945.9 10590.6
9970 6725.8 3510.7
9971 -10690.4 -435.9
9972 -4449 2057.7
9973 -4379.9 2206
9974 -4360.7 2005.9
9975 -4474 1997.7
9976 -4624.9 2135.5
9977 -4205.7 -5646.6
9978 -5419.3 2498.8
9979 -4483.5 1765.5
9980 -4447 1836.9
9981 -4538.8 1784
9982 -4358.4 1792.2
9983 -4411.1 1908.3
9984 -4232.7 1818.4
9985 -4269.1 1747.2
9986 -4145.9 1773.7
9987 -3985.8 1692.6
9988 -5842.2 -1929
9989 -2993.9 2989.4
9990 -4065.5 1732.9
9991 -3963.7 1735.9
9992 -4021.6 1622.4
9993 -4042.7 1776.4
9994 -4393.5 1722.5
9995 -4878.7 1488.4
9996 -4882.5 1455.2
9997 -5176.3 1507.1
9998 -4704.3 1448.6
9999 -5177.2 1419.3
10000 -2976.1 2928.2
10001 -5422.6 1578.3
10002 8286.9 1777.3
10003 8240.4 1671.2
10004 8179.3 1916.6
10005 8128 1814.4
10006 8047.8 2075.2
10007 -4555.2 1833.7
10008 -4527.1 1879.2
10009 -4506.4 1638.5
10010 -4604.8 1620.3
10011 -6371.3 -4170.8
10012 -4523.1 1714.6
10013 -4471.3 1430.6
10014 -4567.2 1396
10015 -3092.4 605.5
10016 2172.3 8263.9
10017 2299.8 8207.6
10018 -3786.2 1934.1
10019 -3683.5 1897.7
10020 -3775.9 1961.6
10021 -3589 1863.3
10022 -4525.8 -1236.1
10023 -5193 3311.1
10024 -4781.9 3456.4
10025 -4844.3 3022
10026 -4821.8 3212
10027 -4698.2 3020.4
10028 -4793.4 3224.9
10029 -4370.2 2994.1
10030 -4242 2988.6
10031 -4084.1 2910.5
10032 -4192.9 2993.4
10033 -4511.2 -1341.9
10034 -4248 3164
10035 -4771.1 3348.5
10036 -4257.4 3304.8
10037 -4171.6 3197.8
10038 -4652 3389.9
10039 -4640.5 3421.6
10040 -4182.8 3344.9
10041 -4413.6 3436.8
10042 -3998.3 3321.8
10043 -4036.1 3384.7
10044 -4683.1 -1256.1
10045 -3885.1 3178.3
10046 -3805.7 3507.1
10047 -3835.2 3519.1
10048 -3870.9 3361.1
10049 -3719.6 3471.8
10050 -4287.4 3493.1
10051 -4324.5 3401.8
10052 -4463.8 3567.8
10053 -4605 3520
10054 -4440.8 4573.7
10055 -4539 -1145.9
10056 -4478.2 4709
10057 -3952.8 4291.9
10058 -4643.1 4500.5
10059 -4670.9 4446.7
10060 -5254 4673
10061 -4922.7 4786.2
10062 -4808.6 4779.4
10063 -2260.8 4877.1
10064 -2297.3 4821.6
10065 -2407.2 4952.3
10066 -3590.3 -1281.9
10067 -2547.3 5005.5
10068 -2456.8 4845.8
10069 -2594.3 4897.9
10070 -2679.8 4929.9
10071 -2703.7 4930.2
10072 -3107.1 5056.1
10073 -3177.7 4955.7
10074 -3820.9 5922.8
10075 -2962 4610.8
10076 -1874.2 3878.1
10077 -2180.7 2280.4
10078 -1071.8 4321.6
10079 -1073.2 4358.2
10080 -1081.5 4653.6
10081 -927.2 3916.7
10082 -922 3837.3
10083 -1297.3 3932.3
10084 845.5 470.7
10085 365.9 391
10086 435.5 338
10087 396.6 249.5
10088 -2161.9 2368.9
10089 -1933.2 -1536.8
10090 -1890.1 -1613.3
10091 -2032.3 -1545.5
10092 -1998.4 -1446.9
10093 -2102.8 -1488.7
10094 -2218.8 -1481.8
10095 -983.7 3234.4
10096 -637.1 3713.2
10097 -1975.6 -1460.1
10098 -1912.7 -1424.3
10099 -710.4 901.5
10100 -6371.6 -1830.9
10101 -2135.5 2267.2
10102 750.7 4280.3
10103 587 4222.1
10104 724.8 4319.7
10105 710.7 4342.2
10106 550.6 4652.2
10107 254.1 1366.1
10108 -605.9 1610
10109 -504.4 1410.6
10110 -644.3 1665.2
10111 -6197.9 -8524.2
10112 -2271.1 2304.5
10113 -6179.3 -8176.7
10114 -6126.1 -8449.2
10115 -6217.8 -8401.1
10116 680.6 6872.7
10117 657.5 6937.3
10118 639 6858
10119 5355.9 3210.4
10120 5476.5 3141.1
10121 5192.3 3017.9
10122 -7942.5 -8356.5
10123 -9873.8 -751.1
10124 -7988.5 -8342.8
10125 -7910 -8524.8
10126 -7850.8 -8360.3
10127 -8034.5 -8324.2
10128 -7983.3 -8014.3
10129 -7985 -7754.7
10130 -8199.5 -7879.8
10131 -7990.1 -7868.4
10132 3839.8 -1992.1
10133 4716 -2268.9
10134 -9779.6 -787.7
10135 4446.5 -3189.9
10136 -998.2 7548.5
10137 -974.3 7490.2
10138 3327.4 10385.1
10139 3405 10380.4
10140 1527 2959.8
10141 1601.9 2763.9
10142 1302.2 3050.2
10143 1168.9 2942.6
10144 1152.4 3244.2
10145 -749.5 -300.2
10146 1433.9 2979.9
10147 -8188.7 -8697.5
10148 -10704.5 -9344.7
10149 -8345.5 -8689.3
10150 -8074.2 -8408.1
10151 7162.3 -277.8
10152 7505.1 332.8
10153 7271.5 -363.2
10154 6924.2 -193.3
10155 7299.4 -315.7
10156 -670.6 -238.3
10157 6561.5 473
10158 6470.7 449
10159 6567.7 505.4
10160 6539.2 351
10161 6530.1 292.7
10162 6516.9 220.7
10163 6541 207.9
10164 6497.6 167
10165 586.7 3515.5
10166 669.6 3581.7
10167 -1339.4 -6176.7
10168 8417.2 -323.2
10169 8143.3 -657.2
10170 8654.9 -362.9
10171 8207.1 -246
10172 8827 -360.4
10173 8852.5 -282.8
10174 8900.4 -405.4
10175 9036 337.6
10176 8924.9 -39.7
10177 9170.4 785.1
10178 710.3 -5636.5
10179 9592.5 -258.9
10180 10622.7 -196
10181 8872.3 -215.8
10182 8794.2 3.1
10183 9254 938.2
10184 9328.8 862.4
10185 9191.4 849.7
10186 9330.9 954.4
10187 9182.3 1070.8
10188 9164.9 1101.3
10189 -408.9 -521.3
10190 9394.2 4461.8
10191 9313.3 4838.6
10192 9177.4 3871.4
10193 9144.5 3792.2
10194 9221.4 4023.7
10195 9317.7 3840.2
10196 8693.4 2406.1
10197 9006.3 2323.1
10198 8682.7 2365.7
10199 8778.1 2711.9
10200 -359.6 -474.8
10201 7110.7 136.4
10202 6836.3 -182.2
10203 7194.7 285.8
10204 7098.5 283.8
10205 6737.3 -167.3
10206 6950.4 212.5
10207 6624.8 -137.2
10208 6992.1 289.2
10209 6871 302.4
10210 7037.1 173.2
10211 -6364.4 -1774.4
10212 -6323.2 -4491.5
10213 6751.7 89.8
10214 6561.4 -112
10215 6790 296
10216 6716.1 287.2
10217 6584 286.1
10218 6670.8 206.7
10219 6510.1 -97.7
10220 6197.9 792.7
10221 6382.9 767.7
10222 6199 696.1
10223 -6293.4 -4486.5
10224 6432.2 307.1
10225 6468.2 756.4
10226 6390 438.9
10227 6428.4 442.4
10228 6351 434
10229 6246.3 313.2
10230 6223.7 495.8
10231 6284.5 502.8
10232 6279.6 699.7
10233 9539.8 738.2
10234 -6585.4 -4547.7
10235 9482.4 978.2
10236 9430.4 773.3
10237 9668.5 694.4
10238 9421.6 1272.8
10239 9459.1 1265.6
10240 4524.5 1503.3
10241 4409.3 1627
10242 4499.7 1500.1
10243 4357.8 1826.1
10244 4285.6 1760
10245 628.7 -888.1
10246 4188.4 1864.5
10247 3889 2327.3
10248 3957.6 2391.2
10249 3797.8 2349.4
10250 3964.2 2246.6
10251 4259.3 1931.8
10252 4472.1 1696.8
10253 4327.2 1995.8
10254 4088.3 1969.7
10255 3991 2074.3
10256 615.2 -968.9
10257 3837 2386.3
10258 3907.5 2451.9
10259 3744.3 2487.1
10260 3707.1 2665.7
10261 3765.6 2317.6
10262 4032.7 2311.2
10263 3891.2 2179.1
10264 4208.3 2475.1
10265 4282 2350.5
10266 -2156.3 4619.9
10267 490.4 -917.2
10268 -2056.2 4729.6
10269 -2501.5 3992.1
10270 -2602 3776
10271 -2602 3890.4
10272 -2503.9 3872.6
10273 -2421.9 3985.1
10274 -2426.5 3860.4
10275 -2506.5 3765.3
10276 -2427.5 3756.3
10277 -2337.1 3847.3
10278 -6748.2 -2580.2
10279 -2337.3 3976
10280 -2386.1 4123.4
10281 -2337.4 3746.6
10282 -2228.2 3830.3
10283 -2063.9 4389.5
10284 -2157.1 4408.6
10285 1876.8 -79.3
10286 1816.6 -50.6
10287 1851.9 104.4
10288 1900.5 111.6
10289 -4346.5 -1584.9
10290 1542.4 289.9
10291 1556.4 -136.5
10292 1592.2 -51.9
10293 1673.4 -224.8
10294 1762.4 -114.6
10295 1722.3 -171.9
10296 1646.5 -115.1
10297 1850.9 -354.4
10298 1783.5 -441.8
10299 1784.8 -314.5
10300 -4392.8 -1580.5
10301 2154.8 56.5
10302 2028.7 199.1
10303 1741.4 223.4
10304 1846.8 -740.3
10305 1814.7 -743.8
10306 -1181.3 1170.1
10307 -3778.5 -120.5
10308 1771.2 -2215.6
10309 2121.6 -2442.5
10310 1687.7 -2288.4
10311 -5781 -204
10312 2703 -3812.3
10313 2884.9 -3669.1
10314 2427.5 -3699.3
10315 2841.8 -3850.2
10316 3344.4 -3299.5
10317 3222.2 -3397.3
10318 3638 -3692.7
10319 3520.7 -3813.4
10320 3260.2 -3453
10321 3065.9 -3558.8
10322 -5979.9 -1907.8
10323 -5683 -188.5
10324 3584.7 -3908.2
10325 3441.3 -3897.2
10326 3466.6 -3739
10327 3243 -3564.4
10328 3198.2 -3563.6
10329 3342.5 -3568.7
10330 3305.3 -3516.6
10331 3388.3 -3361.6
10332 3411.6 -3661.5
10333 3365.3 -3806.5
10334 -7055.8 -349.8
10335 3364.7 -3597.7
10336 3299.8 -4047.2
10337 3377.7 -3963.4
10338 3273.2 -4073.5
10339 3593.5 -3646.8
10340 3329.3 -3893.4
10341 3503.5 -4140.5
10342 3574.5 -4092.5
10343 3636.5 -4182.9
10344 3724.4 -4123.4
10345 -6776.5 -254.3
10346 3771.4 -4191.6
10347 3666.9 -4030.4
10348 3625.2 -4058.8
10349 3827.1 -4272.1
10350 2648.4 -1706
10351 2470.6 -1448.7
10352 2491.5 -1425.1
10353 2450.4 -1471.4
10354 2466.4 -1675.8
10355 2580.6 -1541.3
10356 -7242.7 -261.8
10357 2379.3 -1548.5
10358 2561.5 -1808.5
10359 2688.8 -1414.1
10360 2491 -1298.9
10361 2443.8 -1380
10362 2434.1 -1266.2
10363 2410.3 -1352.4
10364 2331.5 -1362.9
10365 2370 -1398
10366 2402.3 -1427.5
10367 -4992 -1706.7
10368 2392.9 -1337.6
10369 871.7 4235.3
10370 2890 -436.8
10371 2914.3 -381.9
10372 2775.2 -389.7
10373 2508.7 1336.6
10374 2507.3 1415.9
10375 2362.1 1334.3
10376 -191.1 -2640.5
10377 1854 619.1
10378 -5187.8 -1740.4
10379 -3939.2 1579.2
10380 -3880.6 1695.4
10381 -4103.5 1656.4
10382 -3811.2 1658.8
10383 -4196.6 1217.3
10384 -4113.4 1443.7
10385 -4299.9 1157.1
10386 -3628 1738.1
10387 -3608.5 1804.3
10388 -3523 1693.3
10389 -4814.2 -1760.5
10390 -3472.6 1820.9
10391 -3569.8 1787.8
10392 -3497.3 1757.9
10393 -1299.6 -3058.3
10394 -1588 -3102.2
10395 -1943.2 -3457.1
10396 -2362 -3592.1
10397 -2562 -3658.9
10398 -2708.6 -3718.6
10399 -2873.8 -3928.9
10400 -2810.1 -1800.9
10401 -1248.3 -2990.7
10402 -1774.7 -3303.4
10403 3510.8 2866.4
10404 3394.8 2880.9
10405 3517.2 2743.5
10406 3655.9 2718.4
10407 3314.2 2781.6
10408 3201.6 2915.9
10409 3110.5 2997.2
10410 -2677.9 -3716.8
10411 -2820.3 -1712.5
10412 -2562 -3679.1
10413 3941.8 3209.4
10414 3995.6 3288.5
10415 3878.4 3169.1
10416 -2688.2 -3746.8
10417 3582.3 -511.3
10418 2676.9 -256.7
10419 -3556.6 -3969.4
10420 -3437.3 -3873.3
10421 -3815.6 -4025.2
10422 -2908 -1812.1
10423 -3919 -4054.6
10424 -4007.3 -4086
10425 769.7 3451.6
10426 1004.2 3433.6
10427 1039.3 3388.9
10428 1024.4 3445
10429 1015.4 3136.5
10430 -8202.7 -7003.6
10431 -8115.5 -7024
10432 -8301.4 -6971.4
10433 -6402.9 -1930.3
10434 -4230.3 -1230.4
10435 -8009.7 -7048.4
10436 -8144.8 -7244.8
10437 -7913.9 -7071.6
10438 -7929 -7171.2
10439 -7807.7 -7089.9
10440 -7783.4 -6932.9
10441 -7668 -7099.4
10442 -7729.7 -7288.4
10443 -7773.5 -7351
10444 -7949.8 -7292.1
10445 -4310.4 -1224.7
10446 -7563.2 -7395.3
10447 -8957.6 -7861.9
10448 -7810.9 -7666.8
10449 -7804.2 -7578.6
10450 -7982.9 -7647.7
10451 -8866.9 -7839.8
10452 -8920.3 -7852.3
10453 -8147.1 -6776.4
10454 -8121.8 -6734.1
10455 -8030.9 -6719
10456 -4147.9 -1237.4
10457 -7913.5 -6706.7
10458 -7911.1 -6896.5
10459 -7908.9 -6629
10460 2395.5 147.8
10461 2281.6 354.4
10462 2186.1 587.5
10463 2039.8 615.9
10464 4002.1 -4148.1
10465 3969.7 -4150.4
10466 3996.1 -4255.3
10467 -4238.7 -1334.1
10468 3874.7 -4957.8
10469 3870.7 -4986.2
10470 3853.6 -4968
10471 3900.3 -4853
10472 3646.4 -4782.7
10473 3698.7 -4821.2
10474 3749.8 -4687.8
10475 3741 -4853.8
10476 3759.4 -4874.3
10477 3826.1 -4775.1
10478 -1445.1 1990.4
10479 3830.6 -5220.1
10480 5182.5 -4102.3
10481 5206.1 -4058.2
10482 5164.1 -4239.1
10483 5959.6 -3978.1
10484 5010 -4066
10485 4827.8 -3795.3
10486 4882.4 -3827.9
10487 4746.9 -3724.5
10488 4939.8 -3856.4
10489 -1499.7 2002.9
10490 5072.9 -3908.5
10491 5076.9 -3522.3
10492 5263.9 -3923.4
10493 5279.1 -3845.9
10494 4786.3 -3869.9
10495 4736.4 -3902.3
10496 4061.5 -4065.7
10497 4267.1 -4143.9
10498 4368.7 -4206.7
10499 5127.4 -3397.3
10500 -6361.4 -3114.2
10501 5374.7 -3606.3
10502 1114.2 723.9
10503 -7895.5 -4614.7
10504 -7994 -4572.7
10505 -7572.3 -4613.7
10506 -7979.6 -4615.2
10507 -8063.2 -4370.7
10508 -7966.2 -4328.9
10509 -8121 -4847.1
10510 -4542.8 4734.5
10511 -6329.3 -3226.2
10512 7468.9 -16.3
10513 7504.7 -52.5
10514 7434.2 -76.5
10515 7515.8 67.7
10516 7803.5 -536.3
10517 7408.7 -124
10518 7373.7 -184.9
10519 7760.4 -588.8
10520 7352.7 -221.6
10521 7696 -580.9
10522 -2189.1 -1823.8
10523 7324.2 -272.5
10524 7621.3 -584.6
10525 6357.7 -67.5
10526 6446.3 -137.9
10527 6460.2 -84.6
10528 6489 69.3
10529 6569.9 28.3
10530 7550.1 -817.9
10531 7852.9 -1082.8
10532 6636.8 -535
10533 -2183.9 -1884.5
10534 6444.9 92
10535 6416.9 41.9
10536 6640.8 151.9
10537 6501.5 140.9
10538 6385.5 -13.3
10539 7162.7 6312.4
10540 6945.2 6419.3
10541 7208.3 6908.9
10542 7117 6209.7
10543 6726.3 6540.1
10544 -6356.7 -1715.7
10545 -1417.9 3726.9
10546 7097.8 6736.3
10547 6654.3 6422
10548 9606.4 5540.2
10549 9709.4 5539.2
10550 9605 5445.6
10551 9175.7 5919
10552 8753.8 3715.4
10553 7436.1 3250.2
10554 7436.6 3273.3
10555 7378.2 3207.5
10556 -1418.7 3749.6
10557 7605.4 3297.9
10558 7318.4 3206.7
10559 7372 3153.7
10560 9029.9 3559.4
10561 8461.2 3153.1
10562 8576.4 3165.2
10563 8491.5 3265.9
10564 8348.5 3141.5
10565 8582.9 3644.2
10566 8620.7 3662.3
10567 -1438.6 3726.2
10568 8532.8 3621.3
10569 8581.8 3593.6
10570 8751.6 3134.6
10571 8758.1 3572.8
10572 8810.2 3675
10573 8672.3 3624.1
10574 8874.8 3510.7
10575 8990.5 1233
10576 9097.4 1161.3
10577 8919.6 1267.4
10578 -1404.7 3617.8
10579 1841.8 574.8
10580 761.6 10551.8
10581 847 11723.6
10582 1030.5 10496.8
10583 973.4 10322.6
10584 990.1 8897.9
10585 949.1 8841.8
10586 740 9149.4
10587 854.2 9045
10588 -5563.5 -7587.1
10589 -4528.4 -2008.2
10590 -5650.1 -7686.7
10591 -5517.7 -7526.1
10592 -5363.4 -7083.8
10593 -5396.1 -7153.2
10594 -5310.8 -6976.1
10595 -4275.6 -6625.4
10596 -4305.9 -6633.2
10597 -4133.6 -6538.2
10598 -4088.1 -6507.7
10599 -3398.9 -5934
10600 -9663.4 -793.8
10601 4319.5 4933.5
10602 4434.4 4954.5
10603 4437.7 4916.3
10604 3757 6096.7
10605 3768.8 6066.3
10606 3706.7 6256.4
10607 3699.9 6192.8
10608 3527.1 6340.5
10609 3533 6435.4
10610 3394 6326.1
10611 -9669 -816
10612 3367.8 6311.9
10613 3733.5 6134.8
10614 1563.8 6666.8
10615 1641 6795.8
10616 1650.3 6766.4
10617 1601.9 6780.7
10618 1755.2 6445.3
10619 1850.4 6480.8
10620 1732.4 6515.8
10621 1630.1 6395.4
10622 -8470 -974.2
10623 1532.6 6356.2
10624 1331.6 6788.8
10625 1412.4 6940.2
10626 1398.4 6649.3
10627 1440 6731.3
10628 1503 6851.8
10629 1449.2 6955.5
10630 1518.7 6584.3
10631 1610.6 6753.6
10632 858.6 7124.6
10633 -6805.6 -2115.9
10634 784.2 7331.4
10635 752 7086.6
10636 840.3 7468.4
10637 678 7287.1
10638 1400.5 7868.7
10639 1309 7540.9
10640 1371.2 7516.5
10641 1357.8 7660.6
10642 1183.4 7563.6
10643 1226.5 7416
10644 -2157.3 3285.1
10645 1268.7 7429.4
10646 1304.3 7289.9
10647 1266.5 7277.5
10648 477.9 8289.3
10649 452.9 8247.5
10650 657.3 8318.5
10651 670.2 8644.6
10652 1014.7 8242.2
10653 1040.9 8035.5
10654 1112.9 8062.8
10655 -6593 -1742.1
10656 -1959.1 3292.7
10657 868.8 7983.8
10658 1055.4 8142.9
10659 1203 7991.7
10660 3087.3 7671.8
10661 3156.6 7625.8
10662 3397.6 7582.8
10663 3766.4 7742.2
10664 3447.2 7786.2
10665 3727.2 7619
10666 3931.4 7713.2
10667 515.8 648.4
10668 3884.4 7628
10669 3947.5 7740.6
10670 3069 7843.3
10671 3167.1 7817.3
10672 3149.6 7767.5
10673 3230.9 7741.5
10674 3294.8 7733.6
10675 3209.2 7705.8
10676 3432.9 7714.5
10677 3421.8 7646.7
10678 560.4 685.5
10679 3305.4 7807.1
10680 3691.9 7614.6
10681 3853.4 7571.1
10682 3811.6 7494.1
10683 4113.4 8054.8
10684 3897.9 8146.6
10685 3704.1 8448.5
10686 3744.5 8070.9
10687 3784.7 8031.6
10688 3228.2 8091.4
10689 -2559.1 -1751.1
10690 4419.7 6734.4
10691 4313.7 6595.8
10692 3031.4 4993.3
10693 1616.8 312.2
10694 1464.2 -97
10695 1376 -130.7
10696 2199.2 -224.2
10697 2402 -816.4
10698 2426.5 -772.3
10699 2967.2 8293.9
10700 -138 4208.5
10701 2895.9 8279.3
10702 3004.9 8673.5
10703 2976.6 8492
10704 2945.6 8414.6
10705 2796.1 7499.3
10706 2846.2 7481.3
10707 1762.2 5744.7
10708 1716.2 5676.4
10709 1600.6 5757.4
10710 2679.1 8911.9
10711 -90.9 4192.1
10712 2657.5 8672.3
10713 3099 8940.2
10714 3042.7 8962.9
10715 3192.8 9180.9
10716 3337.6 9129.9
10717 3332 8861.8
10718 3080.7 9219
10719 3092.1 9264
10720 3422.1 8537.7
10721 3569.3 8454.8
10722 -88.7 4342.1
10723 4017.3 10544.3
10724 4137 10638.2
10725 2918.5 10602.8
10726 3080.6 10564.2
10727 2727.9 10608.5
10728 3053.6 10583.4
10729 3147 10565.7
10730 2556.7 10423.3
10731 2704.1 10561.3
10732 2734 10414.1
10733 -387.4 4204.3
10734 2728.1 10553.1
10735 2856.7 10393.8
10736 1827.9 10144.8
10737 1325.1 10023.4
10738 1214.5 9327.6
10739 1132.2 9384.4
10740 1237.7 9310.8
10741 1065.8 9414.5
10742 866.7 9650.6
10743 1054.8 9703.4
10744 -3666.2 1942.4
10745 736.7 9556.3
10746 -9433.7 1443.8
10747 -9385.6 1406.1
10748 -9335.2 1515
10749 -9539.9 1349.4
10750 -9263.4 1304.5
10751 -9218.4 1253.7
10752 -9341.8 1371
10753 -9034 1722.6
10754 -9005 1717.8
10755 -3675.2 1922.6
10756 -9136.9 1631.8
10757 -9223.3 1752.3
10758 -9335.8 1554.7
10759 -9292.6 1644.5
10760 -9151.7 1562.6
10761 -9314.2 689.6
10762 -9096.4 927.5
10763 -9502.8 582.7
10764 -9492.4 642.6
10765 -9298.5 776.3
10766 -5969.3 -2078.3
10767 -3573 1913.5
10768 -9355.4 736.1
10769 -11221.7 4128
10770 -11221.3 4208.4
10771 -12062.5 2013.8
10772 -1989.4 -1312
10773 -512.2 -102.4
10774 1088.7 -435.6
10775 1907.7 -1080.3
10776 1789.5 -1141.8
10777 1497.3 -1409.3
10778 -2359.6 2144.3
10779 -472.3 -2874.2
10780 -1452.3 -2560.5
10781 867 -4261.7
10782 457.5 -3850.9
10783 781 -3878.6
10784 830.2 -3884
10785 801.5 -3974.4
10786 1036.3 -3838.3
10787 1090.1 -3923
10788 973.2 -3737.4
10789 -2434.9 2188.7
10790 1094.4 -3784.3
10791 1109.9 -3689.6
10792 1178.4 -3801.3
10793 999.1 -3702.6
10794 -471.3 -4617
10795 -495.5 -4746.8
10796 -463.5 -4576
10797 -220.3 -4798.3
10798 -506.9 -4807.1
10799 -612.3 -4777.7
10800 -2266.8 2089.6
10801 -235.7 -4474.6
10802 -619.9 -4258.3
10803 -289.5 -4326.7
10804 -216.2 -4344.5
10805 -359.2 -4315.2
10806 147 -4342.2
10807 129.1 -4429.8
10808 1193.5 -5870.5
10809 1188.5 -5762.2
10810 1221.7 -5869.2
10811 -2385.4 2075.4
10812 1136.6 -5915.2
10813 1012.8 -5889.8
10814 923.7 -5854.9
10815 906.9 -5898.1
10816 887.8 -5712.2
10817 874.5 -5980.6
10818 1138.2 -5974.8
10819 845.1 -6058.1
10820 1004.9 -6031
10821 1036.3 -6040.3
10822 707.5 -1846.7
10823 1023 -6081.9
10824 811.3 -6140.6
10825 1147.1 -6144.5
10826 1011.7 -6120.8
10827 1143 -6064
10828 1145 -6241.6
10829 781.9 -6227.5
10830 2293.7 -6881.1
10831 2244.4 -6878.5
10832 2337.9 -6898.4
10833 681.6 -1886.8
10834 2251.6 -6606.4
10835 1999 -6825.7
10836 1783.7 -6753.1
10837 1745.1 -6731.3
10838 1880.3 -6786.1
10839 1631.4 -6606.2
10840 1524.1 -6487.6
10841 1351.1 -6371.7
10842 1251.2 -6359.1
10843 1140.8 -6359.1
10844 -6569.9 -3018.7
10845 1258.6 -6557.8
10846 1226.8 -6065.3
10847 2232.7 -7475.7
10848 -2764.7 -5643.5
10849 -2601.2 -5714.4
10850 -3250.3 -5490.9
10851 -2482.6 -5425.4
10852 -3365.3 -5006.1
10853 -3294.5 -5004.8
10854 -3547.3 -4922.4
10855 -6476.2 -3061.4
10856 -3388.5 -5082.7
10857 -2815.6 -4937.3
10858 -2790.2 -4950.7
10859 -3227.6 -5029.2
10860 -3239.2 -4961.9
10861 -3536.8 -4664.7
10862 -3431.5 -4740.4
10863 -3404.7 -4778.5
10864 -3441 -4760.5
10865 -3337.4 -4812.1
10866 -6661.6 -3058.1
10867 -3244.2 -4406.2
10868 -3354.1 -4329.8
10869 -3109.9 -4609.5
10870 -3208.6 -4570.7
10871 -3189.1 -4809.9
10872 -3311.6 -4515.3
10873 -3411 -4701.5
10874 -3480.8 -4437.1
10875 -3392.5 -4308.7
10876 -3307.9 -4756.4
10877 -6036.3 -2056.7
10878 -8347.4 -1046.3
10879 -3205.6 -4876.4
10880 -3595.9 -4894.8
10881 -3885.3 -5702.2
10882 -4067.5 -5581
10883 -3897.8 -5581.3
10884 -4428.9 -6109.9
10885 -4636.7 -5239.5
10886 -4837.4 -4494.8
10887 -4782.7 -4308.1
10888 -4917.6 -4438.4
10889 -8289 -970.8
10890 -4907.3 -4585.9
10891 -4860.8 -4622.2
10892 -5007.1 -4675
10893 -4945.9 -4742.2
10894 -5096 -4753.3
10895 -5312.1 -4589.6
10896 -5182.7 -4832.4
10897 -5072.5 -4913.1
10898 -5284.8 -4922.6
10899 -5679.4 -4730.5
10900 -8077.7 -1231.2
10901 -5551.2 -4720.7
10902 -5816.1 -4811.1
10903 -4903.6 -4224.3
10904 -4828.4 -4276.3
10905 -5014.7 -4373.2
10906 -5012.2 -4185
10907 -5076.8 -4454
10908 -5882.2 -5769.6
10909 -5894.9 -5820.2
10910 -5857.2 -5759.2
10911 926.3 4306.9
10912 -5544.2 -5584.9
10913 -5669.9 -5662.8
10914 -5542.7 -5677.4
10915 -5974.9 -6042.9
10916 -5913.5 -6054.1
10917 -5943.6 -5976.7
10918 -5858.7 -6063.9
10919 -5584.8 -6113.1
10920 -5606.4 -6223.3
10921 -5808.7 -6072
10922 993 4353.6
10923 -5773.2 -5937.2
10924 -5909.8 -5882.8
10925 -6010.2 -5847.2
10926 -5801.2 -5924
10927 -6093.1 -5915.8
10928 -6779.2 -5628.6
10929 -6729 -5541.4
10930 -6672.7 -5688.4
10931 -6872.2 -5790.1
10932 -7164.5 -5610.3
10933 -6322.1 -2317.2
10934 -6907.2 -5767.5
10935 -6925.4 -5625.1
10936 -6997.4 -5712.7
10937 -6818.2 -5611.8
10938 -6858.8 -4904.4
10939 -6890.7 -4975.8
10940 -6852.1 -4878
10941 -7577.6 -4559.2
10942 -7412.1 -4564.3
10943 -7477 -4587.6
10944 -6330 -2448.8
10945 -6960.3 -5372
10946 -6966.2 -5330.4
10947 -6799.6 -5350.9
10948 -6970.3 -4855.1
10949 -6158 -6501.5
10950 -6236 -6454.1
10951 -7036.3 -5966.5
10952 -7150.8 -5916.8
10953 -6757.5 -6193.5
10954 -6988.8 -5923.4
10955 -6281.7 -2322
10956 -6534.3 -6436.9
10957 -6604.4 -6405.8
10958 -6597.1 -6550.7
10959 -7240.5 -6127.8
10960 -7382.3 -6049.9
10961 -7291.8 -5996
10962 -7554.5 -6150.3
10963 -7214.7 -5952.8
10964 -7497.8 -5773.5
10965 -7642 -6148.4
10966 -199.1 3336.6
10967 -7574.8 -5933.1
10968 -7562.6 -6268.7
10969 -7440.3 -5669.5
10970 -7769.3 -5872.3
10971 -7940.5 -5936.5
10972 -7673.8 -5715.2
10973 -7800.2 -6076.4
10974 -7682.2 -5890.2
10975 -7540 -5858.5
10976 -6398.7 -6365
10977 -42.3 3472.9
10978 -6529.1 -6303.6
10979 -6495.3 -6610.2
10980 -6567.9 -5636.1
10981 -6611.4 -5725.6
10982 -6026.8 -5446.3
10983 -6207.9 -5482.8
10984 -6317.3 -5509
10985 -6427 -5563.8
10986 -6727.2 -5974.7
10987 -7483.9 -7423.4
10988 -5337.5 -2297.4
10989 -192.9 3299.4
10990 -7280.7 -7446.3
10991 -6927.1 -7494.1
10992 -6902.3 -7302.1
10993 -6813.2 -7538.8
10994 -7035.1 -7475
10995 -6533.3 -7661.1
10996 -6514.1 -7561.2
10997 -6260.6 -7782.3
10998 -6736 -7571.4
10999 -6233.7 -7792.3
11000 -2435.1 -2550.1
11001 -6194.7 -7797.8
11002 -6143 -8037.3
11003 -7403.1 -6960.9
11004 -6883.5 -7108.7
11005 -6794.5 -7351.8
11006 -6719 -7380.1
11007 -6634 -7411.8
11008 -6590.6 -7429.1
11009 -6313.7 -7510.4
11010 -6312.7 -7373.4
11011 -2742.6 -2624.7
11012 -6174.7 -7537.1
11013 -6186.7 -7641.1
11014 -5386.3 -6938.3
11015 -5333.8 -6722.2
11016 -5612.4 -6681.5
11017 -5565.1 -6918.3
11018 -5611 -7101.9
11019 -5769 -6846.3
11020 -5711.1 -6708.3
11021 -5840.4 -6820.7
11022 -2494.3 -2467.8
11023 -5942.6 -6756.5
11024 -5975.7 -6760.5
11025 -5940 -6782.9
11026 -6034.6 -6757.4
11027 -5931.5 -6516.9
11028 -6107.1 -6737.8
11029 -6072 -6614.9
11030 -6161.5 -6865.9
11031 -6209.6 -6715.9
11032 -6057.1 -7825.7
11033 -2509.4 3688.5
11034 -6119 -7805.5
11035 -5941.9 -7408.3
11036 -5905.5 -7254.1
11037 -5860.4 -6932
11038 -5872.6 -7095.6
11039 -5975.6 -6907.9
11040 -333.8 -6855.4
11041 -317.4 -6988.1
11042 -913.8 -6606.6
11043 -942.7 -6592.9
11044 -2429.9 3685.5
11045 -1159 -6477.9
11046 -1309 -6430.3
11047 -1361.3 -6375.2
11048 -7246.6 -6935.8
11049 -7085.9 -6738.5
11050 -6803.4 -6317.2
11051 -6726.5 -6495.6
11052 -5669.3 -7788.3
11053 -7631.1 -8310.6
11054 -7715.3 -8333.3
11055 -2090.4 -2128.7
11056 -7732.2 -8069.8
11057 -1834.6 -6521.6
11058 -6275.3 -8005.4
11059 -6319.1 -8018
11060 -6674.3 -7821.1
11061 -6272.1 -8055.3
11062 -6568.4 -4617.6
11063 -6336.2 -4568.7
11064 -6308.3 -4809.4
11065 -6353.5 -4887.7
11066 -2334.3 -2451.5
11067 -6347.9 -4692.5
11068 -6195.7 -4874.7
11069 -6253.3 -4713.3
11070 -6678.1 -4765
11071 -6701.5 -4648.4
11072 -6717.5 -4576.3
11073 -6824.3 -4599.2
11074 -6551.3 -5151.7
11075 -6638.8 -5193.3
11076 -6605.1 -5241
11077 -4288.9 -2033.8
11078 -6474.9 -5017.3
11079 -6537.9 -4962.7
11080 -6529.6 -5112.1
11081 -6446.9 -5046.9
11082 -6928 -5062
11083 -6951.1 -4948
11084 -6541.6 -5133.6
11085 -6783.3 -5024.5
11086 -6981.5 -4882.3
11087 -7157.3 -5426.1
11088 -4273.6 -1893.5
11089 -7708.2 -5297.5
11090 -8068.4 -5163.4
11091 -8105.1 -5078.7
11092 -7893.3 -5186.7
11093 -7692.9 -5215
11094 -7400.4 -5260.5
11095 -7575.7 -5316.6
11096 -7599.1 -5408.4
11097 -7364.5 -5424.3
11098 -7536.2 -5058.9
11099 -5566.5 -2221.3
11100 -4088.7 -2004.6
11101 -7348.7 -5051.7
11102 -6810.7 -5268
11103 -6830.1 -5258.3
11104 -6972.2 -5279.5
11105 -6956.7 -5128
11106 -7014.6 -5261.8
11107 -6913.6 -5148.4
11108 -7017.1 -5102
11109 -7077 -5074.9
11110 -7087.9 -5657.7
11111 -2878.4 -1202.9
11112 -6985.4 -5375.3
11113 -6514 -5766.1
11114 -6465.8 -5583.7
11115 -6497.5 -6011.4
11116 -6581.6 -5999.2
11117 -6575.5 -6281.1
11118 -6553.2 -6292
11119 -6628.2 -6255.1
11120 -6607.8 -5499.1
11121 -7461.3 -6281.6
11122 -2753.4 -1300.2
11123 -7813.7 -6167.5
11124 -7647.7 -6255.1
11125 -7893.7 -6527.4
11126 -5295 -5119.2
11127 -5198.5 -5138.4
11128 -5471 -5095.6
11129 -5510.3 -5140.5
11130 -5239.6 -5198.8
11131 -5283.4 -5267.2
11132 -6314.5 -6406.6
11133 -3586.3 -6294.1
11134 -6257.9 -6170.5
11135 -7288.6 -4434.4
11136 -7515 -4360.8
11137 -7265.7 -4434.3
11138 -7800.5 -4300.9
11139 -7748.4 -4317.8
11140 -7932.5 -4419
11141 -6786.5 -4873.2
11142 -6752.2 -4866.5
11143 -7733.2 -4937.8
11144 -4049.4 -6468.3
11145 -7837.5 -4918.8
11146 -7258.2 -4890.2
11147 -7312.3 -5303.9
11148 -7138.5 -5383.6
11149 -7330.5 -5345.5
11150 -7122.6 -5349.1
11151 -6652 -6243.9
11152 -6679.5 -6372.5
11153 -6239.8 -6183.4
11154 -6294.8 -6356.6
11155 -3622.2 -6005.3
11156 -6201.2 -6210.5
11157 -5080.7 -7142.5
11158 -5080.3 -7167
11159 -5127.7 -7115.5
11160 -5015.6 -7143.3
11161 -5174.4 -7150.3
11162 -5161 -7434.8
11163 -5164.5 -7311.9
11164 -6438.4 -7003.5
11165 -6501.8 -7004.5
11166 -2179.2 -1922.4
11167 -6476.7 -7368.5
11168 -6495.7 -7463
11169 -6776.2 -7005.8
11170 -6692.6 -7005.3
11171 -6777.1 -6893.6
11172 -6777.8 -7120.7
11173 -6803.6 -7444.5
11174 -6763.6 -6590.6
11175 -7085.7 -6932.6
11176 -6802.8 -6705.3
11177 -2249.7 -1913.1
11178 -6692.6 -6876.2
11179 -7161.2 -6930.7
11180 -6643 -6666.7
11181 -7360 -6595.5
11182 -1194.8 -7365.7
11183 -1251.4 -7516
11184 -1135.8 -7206.3
11185 -952 -7418.5
11186 -582.3 -7492.1
11187 -1054.8 -7842
11188 -6610.2 -1906.7
11189 -965.1 -7568.7
11190 -1036.1 -7783.7
11191 -811.9 -7423.4
11192 -655 -7024.9
11193 -600 -6890.6
11194 -1090.9 -6863.3
11195 -1025.7 -6693.5
11196 -1149.5 -7020.7
11197 -1812.9 -7804.9
11198 -1990 -7753.5
11199 -6817.2 -1878.5
11200 -1766.1 -7640.9
11201 -1642.9 -7196
11202 -1435.2 -7277
11203 -881.3 -5645.9
11204 -1244 -5922.3
11205 -1302 -5896.3
11206 -1597.2 -5760.7
11207 -1672.4 -5586.4
11208 -1572.7 -5435.8
11209 -2067.4 -6166.5
11210 -749 690.6
11211 -5334.8 -2344.4
11212 -6409.5 -4368.5
11213 -2168.3 -5270.5
11214 -2110.4 -5325.7
11215 -2322.1 -4724.9
11216 423.7 -6148.4
11217 323.1 -6146.2
11218 478.3 -6147.6
11219 226.7 -6131.3
11220 146.4 -6109.4
11221 -20.1 -6072.4
11222 -146.5 -6055.7
11223 -6302.3 -4435.8
11224 -70.7 -5889.4
11225 -81.1 -5857.8
11226 17.4 -5894.4
11227 90.7 -5920
11228 174.5 -5937.2
11229 63.6 -6089.8
11230 256.2 -5954.1
11231 342 -5965.3
11232 -24.5 -5373.9
11233 -140.4 -5690.5
11234 -6543.2 -4192
11235 -177.2 -5361.9
11236 73.2 -5342.9
11237 75.1 -5316.2
11238 -254.3 -4950.8
11239 1045.9 9772.3
11240 1107.5 9720.6
11241 1222.1 9762
11242 1519.8 9785.4
11243 1389.3 9649.8
11244 1560.6 9608.1
11245 -5281.1 -164
11246 1533 9460.1
11247 1563.8 9760.3
11248 1471.6 9629.4
11249 1388.8 9388.1
11250 1553.7 9455
11251 1612 9246.3
11252 1429.4 9492.9
11253 1349.9 9528
11254 1240.1 9097.4
11255 1255.9 9561.5
11256 -5050.9 -294.2
11257 1250.3 9676
11258 1252.7 9343.1
11259 1301.5 9434.7
11260 1083.3 10184.7
11261 1143 10133.7
11262 -4331.5 582
11263 -4371.2 590.8
11264 -4347.7 510.4
11265 -1127.3 -4047.3
11266 -831 -4417.1
11267 -5364.6 -543.8
11268 -855.4 -4401.1
11269 -791.1 -4442.7
11270 2297.6 -3475.3
11271 2301.2 -3449.2
11272 2142.8 -3437.3
11273 2317.5 -3312.4
11274 1444.6 -2496.6
11275 1968.3 -2591.4
11276 1362.7 -2566.7
11277 1567.8 -2393.1
11278 -2898.5 2374.9
11279 4008.8 -2141.5
11280 4154.8 -2238.9
11281 4531.8 -2163.6
11282 5775.9 -2675
11283 -5223.2 -3927.8
11284 -5157.3 -3705.7
11285 -5235.3 -4042
11286 4454.3 1674
11287 4386.7 1612.6
11288 3703 9982
11289 -3043 2404.3
11290 -1553.1 -2518.7
11291 -6102.4 -7644.2
11292 -5937.2 -6115.4
11293 698.2 3847.8
11294 630.4 3797.7
11295 744 3807.8
11296 548.6 3739.9
11297 621.7 3638.7
11298 2518.9 -5189.6
11299 2566.1 -5403.9
11300 -2889.9 2454.1
11301 2753.1 -5458.6
11302 3083 -5834.5
11303 2887.4 -5614.2
11304 3080.3 -5939.4
11305 3040.6 -5634.2
11306 2965.8 -5548.1
11307 2460.4 -5476.7
11308 2437.5 -5253.9
11309 2717.2 -5629.4
11310 2892.5 -5781.4
11311 -2980.5 2240.6
11312 2742.7 -5606.3
11313 2661.1 -5677.6
11314 2586.3 -5741.4
11315 2675.7 -5845.7
11316 2480.6 -5618.3
11317 3011.7 -5929.1
11318 3069.1 -6012.3
11319 2723.4 -5898.5
11320 2737.8 -5915.4
11321 2759.2 -5897.7
11322 -5328.6 -2060.9
11323 -7125.9 195.7
11324 3363.1 -5133.3
11325 3312 -5202.2
11326 3112 -5037.8
11327 3254.7 -5274.4
11328 3165.4 -4951.7
11329 2797.4 -6025.7
11330 1228.5 -5987.2
11331 1218.6 -5814.7
11332 1500.6 -6006.1
11333 2268.1 -6493.5
11334 -7252.8 219.3
11335 2039.7 -6379.7
11336 2337.7 -6491.7
11337 1972.1 -6521.5
11338 1429 -6154
11339 1561.2 -6244.9
11340 1347.3 -6511.1
11341 1357.8 -6650
11342 1666.5 -6126.5
11343 -2423.7 4138.2
11344 -2407.9 4337.5
11345 -6836.7 753.4
11346 -2297 4329.4
11347 -2501.1 4343.2
11348 -2287.5 4422.2
11349 -2392.7 4442.5
11350 3194.6 -3708.7
11351 3143.9 -3633.9
11352 3213.8 -3584.8
11353 3089.3 -3672.5
11354 3266.7 -3658
11355 3415.8 -5061
11356 -4347.8 -4.4
11357 3044 -5479.6
11358 2908.9 -5324.4
11359 2932.1 -5192.7
11360 2260.3 -5752.3
11361 2250.4 -5719.9
11362 2266.6 -5773.1
11363 2820.7 -5537.8
11364 750 -6302.5
11365 1068.5 -6491.4
11366 1085.1 -6413.9
11367 -3939.8 1788
11368 1159.7 -6472.2
11369 1102.1 -6334.5
11370 1077.6 -6453.3
11371 1161.2 -6512.6
11372 -3418.9 -2124.2
11373 -3354.1 -3600
11374 -3409.5 -3580.1
11375 -1850.2 -3062.1
11376 -670.4 -3580.8
11377 -8610.7 1059.1
11378 -6423.6 -3455.8
11379 -8613 1101.8
11380 -8547.9 1260.1
11381 -8469.5 1303.9
11382 11000.4 -379.8
11383 11007.9 -228.7
11384 10909.6 -399.4
11385 11079.9 1026.5
11386 11153.6 1024.6
11387 11082.3 1147.6
11388 10930.5 1029.1
11389 -6376.6 -3459.1
11390 11076.3 904.1
11391 11085.5 1235.5
11392 10937 1239.6
11393 10821.4 -394.7
11394 10919.3 -226.3
11395 10941.4 97.5
11396 11029.5 95.6
11397 10853.4 99.4
11398 10952.1 243.3
11399 10935.8 -7.1
11400 -6502 -3450
11401 10979.6 671.3
11402 11067.7 669.1
11403 10890.8 674.5
11404 10971 528.4
11405 10835.3 -189.8
11406 10863 245.3
11407 10663.7 99.1
11408 10659 262.7
11409 11038.5 237.6
11410 11022.3 -12.2
11411 -6183.5 -2633.5
11412 11158.5 91.4
11413 11387 90.4
11414 11395.9 231.3
11415 11378.1 -33.2
11416 11495.7 91.7
11417 11746.4 92.1
11418 11753.3 225.6
11419 11624.8 92.8
11420 11228.5 -346.9
11421 11229.4 -298.9
11422 -6315.8 -2990.8
11423 11129.7 -343.5
11424 11296.8 -361.4
11425 11424.6 1197.3
11426 11610.5 1190.4
11427 11433.4 1225.1
11428 11318.5 1027.2
11429 11255.3 88.3
11430 11263.8 231.2
11431 11247.4 -27
11432 11211.2 1022.9
11433 -5334.7 -2166.1
11434 -5995.4 -2958.1
11435 11603.4 1047.5
11436 11312.5 921.9
11437 10641.9 679.2
11438 10819 677.1
11439 10633.3 1039
11440 10654.1 374.7
11441 11194.5 665.6
11442 11072.4 786.8
11443 11058.5 525.4
11444 11296 661.3
11445 -137.1 1105.2
11446 11283.6 515.6
11447 11302.3 781.5
11448 11414.8 649.7
11449 11423.6 778.5
11450 10821.7 793.6
11451 10830.3 1032.3
11452 10775.6 1035.4
11453 10825 911.9
11454 10834.6 1123.7
11455 10883.6 531.5
11456 -7177.3 -1730.1
11457 10871.5 368.3
11458 11405.4 519
11459 11272.4 356.3
11460 11401.7 453.8
11461 10960.2 365.9
11462 11183.8 520.6
11463 11047.6 364.5
11464 11166.1 234.7
11465 11151.9 -19.8
11466 11369 -358.2
11467 -394.9 4240.8
11468 11466.4 -228.7
11469 11486.2 -36.4
11470 11504.9 231.8
11471 11511.2 349.9
11472 11641.5 347.2
11473 11399.9 353.4
11474 11827.6 -174.6
11475 11844.6 82.9
11476 11727.7 -197.3
11477 11737.5 -38.3
11478 -468.8 4162.3
11479 11597.6 -225.2
11480 11366 -232.9
11481 11233.5 -236
11482 11368 -295
11483 11860.9 340.4
11484 11911.4 497.2
11485 11632.9 226.8
11486 11616.8 -36.8
11487 12051.3 790
11488 11672.8 929.6
11489 -4413.2 201.6
11490 12027.9 740.9
11491 11656.1 771.8
11492 11543 917.6
11493 11608.9 772.8
11494 11620.8 448.9
11495 11534.7 774.8
11496 12371.6 637
11497 12441.9 600.5
11498 12419.5 776.7
11499 12253 709.5
11500 -8036.4 -4657
11501 12547.6 1155.7
11502 12506.7 1166.5
11503 12629.6 1134.5
11504 12506.2 1030.5
11505 12799.7 929.3
11506 12378.9 1074.2
11507 12462.9 902.8
11508 12694.7 964.9
11509 12371 1054.1
11510 12400.7 1136.7
11511 -8088.1 -4770.7
11512 12080.4 865
11513 12108.8 946.9
11514 12208.9 1239.2
11515 12246.5 1391.5
11516 12340 1210.5
11517 11908.8 1161.5
11518 12588.4 2826
11519 12620.3 2965.3
11520 12550.1 2655.4
11521 12971.3 2815.2
11522 -8084.7 -4621.3
11523 12489.5 2827.1
11524 12284.5 2714.7
11525 12313.7 2832.6
11526 12252.7 2580.4
11527 12381.9 2693.2
11528 12517.7 2519.2
11529 12450.2 2677.9
11530 12233.3 2500
11531 12351.3 2558.9
11532 12498.5 2439.3
11533 -4126.6 1460.9
11534 12214.3 2421.2
11535 12479.9 2357.1
11536 12190.7 2323.7
11537 12456.8 2264
11538 12158.9 2192.1
11539 12437.5 2183.5
11540 12817.7 2173.8
11541 12411 2074.7
11542 12143.7 2129
11543 11667.5 2205.6
11544 -4977.8 -2160.6
11545 -4374.9 1402.5
11546 11968.7 1398.2
11547 11986.5 1476.1
11548 11942.6 1293.6
11549 11777.1 1403.6
11550 12265.2 1468.6
11551 12296.1 832.2
11552 12420.9 1187.2
11553 12525.9 1622.3
11554 12440.3 1623
11555 12457.9 1331.1
11556 -4093.8 1481.6
11557 13312.4 1600
11558 13295.3 1406.2
11559 12302.5 1627.2
11560 12284 1547.2
11561 12319.4 1699.1
11562 12026.5 1634.9
11563 12007.2 1555.4
11564 12055.1 1758.3
11565 8515.7 1765.2
11566 8543.8 1568.2
11567 -3998 -1249.3
11568 7418.2 2194.8
11569 7342.9 2233.4
11570 7398.8 2158
11571 7531.8 2536.5
11572 7572.1 2670.8
11573 7716 3020.1
11574 7324.2 2196.5
11575 7676.3 2064.3
11576 5827.3 4037.3
11577 5896 4010.6
11578 -3927.6 -1254.7
11579 5773.1 3862.2
11580 6057.6 3877.2
11581 5755.4 3793.6
11582 5698 3808.5
11583 5870.2 4135.2
11584 5841.6 4142.2
11585 6033.8 3804
11586 5695.1 4208.2
11587 5780 4161.5
11588 5639.1 4236.2
11589 -4068.4 -1243.5
11590 -4673 -4177.5
11591 -5083.3 -3632.2
11592 -3920.6 -3695.9
11593 -3944.3 -3687.5
11594 -4077 -4109.2
11595 -4307.4 -4155.2
11596 -4055.8 -4059.7
11597 -4808.6 -4290.1
11598 -5159.6 -4389.3
11599 -5203.8 -4261.7
11600 -6958.2 727.3
11601 -918.4 2512.3
11602 5136.3 4463.3
11603 4834 4051
11604 4852.6 4032.2
11605 4789.4 4000.6
11606 6795.2 3649.2
11607 7022.4 4158
11608 -3309.2 -2792
11609 172.1 -5533.5
11610 -35.2 -5783.6
11611 -2853.3 2956.4
11612 68.9 -5446.6
11613 -22.7 -5748.1
11614 229.6 -5363.5
11615 -505.3 -5991.7
11616 -410.5 -6022.6
11617 -424.1 -5768.4
11618 -341.3 -5774.2
11619 -454.5 -5856.5
11620 -364.6 -5896.4
11621 -323.2 -6049.3
11622 -2879.8 3025.8
11623 -233.6 -5797.6
11624 -221.7 -5752.4
11625 -348.5 -5749.3
11626 -205.9 -5702.2
11627 -185.9 -5673.8
11628 -136.1 -5530
11629 -174.7 -5522.3
11630 -417 -5744
11631 -252.2 -5513
11632 -246.7 -5338.4
11633 -1986.7 3661.8
11634 -269.3 -5392.1
11635 -312.6 -5499.4
11636 -290.1 -5443.8
11637 -2657 -7464.6
11638 -2749.8 -7662.5
11639 -2600.2 -7494.4
11640 -2722.2 -7431.6
11641 -2555.7 -7091.4
11642 -2850.2 -7683.2
11643 -2527 -7525.7
11644 -3241.1 -1928.6
11645 -2396.4 -7163.1
11646 -2569 -7642.7
11647 -3778.1 -9022.7
11648 -3509.6 -8897.4
11649 -3721 -8823.3
11650 -3531.9 -8178.5
11651 -3717.6 -8772.8
11652 -3887.9 -8978.4
11653 -3436.7 -7788.7
11654 -3729.3 -8408.3
11655 -4991.4 -2211
11656 -3290.1 -1936.1
11657 -4002.6 -8314.6
11658 -4063.9 -8709.3
11659 -3673.8 -8635.2
11660 -4131.7 -6697.2
11661 -3953.5 -6683.5
11662 -4144.8 -6654.7
11663 -4087.8 -8801
11664 -3993.1 -8941.5
11665 -6341.2 -8098.6
11666 -6377 -8173.5
11667 -157.2 1514.6
11668 -6450.7 -8035.7
11669 -6817.4 -8168.4
11670 -6891.8 -8134.4
11671 -6776.2 -8083.2
11672 -6457.3 -8342.6
11673 -6417 -8255.2
11674 -6571.6 -8288.5
11675 3609.5 6644.7
11676 3525.3 6604.4
11677 3996.7 7053.1
11678 2508.9 -3328.2
11679 3566.5 6492.1
11680 3548.1 6462
11681 4246.8 6125.8
11682 4243.6 6028.8
11683 4157.5 5988.5
11684 3688.3 6034.7
11685 5283.9 4693.6
11686 5363.2 4643
11687 5347.3 4794.8
11688 5357.3 4852
11689 2451.1 -2717.6
11690 5181 4819.1
11691 5193.4 4902.1
11692 5426.4 4743.9
11693 5291.9 4530.4
11694 5216.8 4283.1
11695 5162.2 4187
11696 5374.5 6337
11697 5002.6 6184.8
11698 4265 5691.7
11699 4157.5 5805.9
11700 2802.2 -2698.1
11701 4327.6 5648.6
11702 4262.7 5508.6
11703 4909.8 4288.3
11704 4914.1 4942.2
11705 4938.3 4258.5
11706 4127.7 4263.1
11707 4233.9 4201.3
11708 4054.3 4170.3
11709 4178.3 4381.2
11710 4269.4 4261.5
11711 -5967.5 -1737.8
11712 4293.1 4407.2
11713 3731 4374.7
11714 4322 4230.2
11715 4390.4 4222.9
11716 4137.4 4106.9
11717 4073.1 5085.9
11718 2782.1 4881.4
11719 2452.7 5480.2
11720 2494.3 5547.7
11721 2535 5431.4
11722 -4826.2 -2031.9
11723 2765.8 5302.9
11724 2926.5 5249.6
11725 2878.2 5276.7
11726 2823.9 5182
11727 2551.1 5736.9
11728 2555.9 5637.9
11729 2507.3 5671.8
11730 2629.4 5585.3
11731 2940.4 5892.7
11732 2758.7 5765.2
11733 -4997.6 -2004.6
11734 4036 8649.9
11735 4334 8571.2
11736 4330 8692.7
11737 4454.8 8866.5
11738 3893 8064.4
11739 -6140.6 -4776.2
11740 -6099.9 -4904.7
11741 -5986 -4563.1
11742 -5972.3 -4469.5
11743 -5875.8 -4737.1
11744 -4837.7 -2152.1
11745 -6416.8 -4993.9
11746 -6075.6 -5052
11747 -6395.6 -4959.3
11748 -5960.9 -5640.1
11749 -3248.6 1443.4
11750 -3218.6 1565.6
11751 -3106.6 1574.2
11752 -3353.5 1712.3
11753 -3297.7 1682.1
11754 -3384 1626.6
11755 -4610.8 -2009.5
11756 -3335.8 1605.4
11757 -3364.6 1516.8
11758 381.3 3520.2
11759 374.9 3363.4
11760 4028.5 8901.7
11761 3726.2 8454.7
11762 3611.7 8565
11763 3553.6 8540.2
11764 5562.1 8551.5
11765 6267.7 7198.9
11766 -4858.2 -2238.6
11767 -1835 -6241.6
11768 5219.3 7405.2
11769 5164.4 7574.1
11770 5541.8 6980.7
11771 5595.2 6740.6
11772 5488.8 6970.1
11773 5369 6364.7
11774 5842.2 6326
11775 5788.7 5275.7
11776 5853.5 5064.9
11777 5900.6 4349.1
11778 -2869.8 -2627.2
11779 5486.5 3793.8
11780 5515.2 3366
11781 5233.1 3783.3
11782 3917.4 5181.3
11783 3568.1 5180
11784 3829.6 5546.9
11785 2291 5061.2
11786 2399.9 5183.6
11787 2368.5 5124.8
11788 1665 6269.9
11789 -2930.3 -2734.7
11790 1805.2 6288.2
11791 1778.2 6371.2
11792 1111.2 6017.2
11793 1197 6052.4
11794 1118.6 6254.9
11795 1429.2 6955.2
11796 1116.3 7032.2
11797 1056.2 7188
11798 1233.8 6999.8
11799 1066.2 7013.4
11800 -3127.6 -2537.5
11801 565.8 6984.2
11802 342.5 7220.6
11803 1872.9 6409.4
11804 1650.3 6323
11805 6126.3 3819.4
11806 6047.5 3843.6
11807 6109.8 3766
11808 6552.2 4133.8
11809 6196.6 3785.9
11810 6633.7 4244.1
11811 -3681.7 -1274.6
11812 6758.6 3954.6
11813 6299.8 4395.9
11814 6148.4 1019.8
11815 7537.9 -88.3
11816 7614.2 3.3
11817 7709.1 -266.5
11818 7803.1 233.7
11819 7748.8 253.1
11820 7697.6 104.8
11821 7950.1 22.3
11822 -3626.6 -1389.1
11823 7973.2 -28.4
11824 7979.1 -523.5
11825 -2424.9 -1521.3
11826 -2362.5 -1502
11827 8178.9 -687.9
11828 8310 -794.1
11829 8338.7 -863.8
11830 10382.2 428.6
11831 9652.1 458.6
11832 9879.3 414.1
11833 -2848.6 -891.8
11834 9660.4 571.8
11835 2951.1 5108.2
11836 3056.4 5049.7
11837 3079.2 5100.2
11838 6081.8 4316.6
11839 6019.2 4339.1
11840 6179 4284.9
11841 1521.3 6225.9
11842 1659.1 6291.1
11843 -3605.5 -5007.1
11844 -2988.7 -950.7
11845 -3559.7 -4700.4
11846 -3651.4 -3761.6
11847 -3746.6 -3710.7
11848 -3603.9 -3818.8
11849 -3639 -3093.1
11850 -3627.1 -3066.2
11851 -3610.9 -3079.9
11852 -2442.2 -6860.6
11853 -2492.2 -6835.4
11854 -2324.7 -6625.7
11855 -2941.9 -864.6
11856 5499.5 3040.8
11857 5537.5 3104.1
11858 5460.7 2972.5
11859 5439.6 3075.9
11860 5344.6 2623.9
11861 7077.1 2271.6
11862 7176.4 3016.3
11863 7166.1 3129
11864 6929 3205.4
11865 7022.2 3280.5
11866 -4678.4 -206.8
11867 6963.3 3233.2
11868 7014.3 3333.3
11869 7031.4 3349.6
11870 6848 4206.8
11871 6913 4187.2
11872 6905.2 4413.6
11873 7038.6 4371
11874 7225.1 4640.7
11875 7271.5 4703.7
11876 7295.9 4528.2
11877 -5340.2 -2484.4
11878 -6623.1 -2169.4
11879 7390.5 4556.1
11880 7360.4 4595
11881 7313 4685.1
11882 7299.7 4518.2
11883 7441.8 4718.2
11884 7317.7 4706.6
11885 6767.3 3341.3
11886 6930.7 3532
11887 6760.7 3322.3
11888 6873.5 3725
11889 -6260.2 -3850.8
11890 7118.5 3693.9
11891 6199.2 4280
11892 6244.8 4393.3
11893 7525.7 5509.1
11894 7620.4 5476.6
11895 7610.3 5757.1
11896 7718.5 6399.2
11897 7799.3 6649.3
11898 7590.5 6055.2
11899 7818.2 6708
11900 -1891.6 1961.7
11901 8280.3 -95.5
11902 8353.4 147.9
11903 8580 -145.4
11904 8603.2 -147.8
11905 8699.7 -161.1
11906 8743.4 -167.8
11907 879.6 -4904.4
11908 965.8 -4936.6
11909 763.2 -4859.7
11910 849.5 -5048.9
11911 -2030.5 1974.4
11912 720.1 -4852.9
11913 616.2 -4839.6
11914 1012.6 -4946.7
11915 1104.7 -5001.6
11916 1115.9 -5040.8
11917 1143.5 -6302.2
11918 958.1 -6295.1
11919 1163.2 -6553.8
11920 1265.7 -6760.4
11921 1320.5 -5833.3
11922 -1879.6 2126.3
11923 1240.2 -5813.4
11924 1227.3 -5666.1
11925 934.5 -6374.1
11926 5851.4 3845.1
11927 5874 3848.8
11928 5966.3 3988
11929 5872.6 3936.8
11930 6044.2 4241.6
11931 6139.1 4190.6
11932 6113.9 4131.9
11933 -1900.1 1847.5
11934 5862.8 4215.5
11935 5697.6 4300.2
11936 -4018.8 3029.4
11937 6773.8 6060.3
11938 6836.8 6217.3
11939 6689.2 5849.3
11940 6503.6 6179.4
11941 6338.3 6464.1
11942 6412 5975
11943 6740.5 5824.2
11944 -1789 1951.6
11945 6849.2 5075.5
11946 6853.3 5258
11947 6728.4 5030.2
11948 6465.6 4924.7
11949 6521.3 5077.7
11950 5498 5231.9
11951 5606.2 4989.2
11952 4433.2 4667.3
11953 4591.4 4666.2
11954 4590.5 4459.2
11955 361.2 3846.7
11956 4592.2 4911.4
11957 4615.1 4449.6
11958 -5029 1399.2
11959 -4891.7 1356
11960 -4927.1 1258.3
11961 -4701 1236.9
11962 -5373.9 1185.4
11963 -4986.6 1152.4
11964 -4677.5 1436.9
11965 -4552.8 1116.3
11966 338.8 3828.3
11967 -5142.3 1955.1
11968 -5059.1 2107
11969 -5221.3 1853.7
11970 -5084.2 1860.5
11971 -5156.7 1816.9
11972 -5088.1 1796.3
11973 -5649.9 1524.3
11974 -5746.3 1627.7
11975 -4935.5 1731.7
11976 -4805.8 1742.1
11977 1684.1 4809.3
11978 -4710.2 1759.4
11979 -5188.8 2322
11980 -5215.9 2277.8
11981 -5162 2314.6
11982 -5301.2 2113.6
11983 -5421 2276.4
11984 -5296.5 2093.4
11985 -5991.6 1811.7
11986 -4839.6 2026.5
11987 -4831.5 1861.3
11988 -5229.3 -2350.7
11989 908.1 4230
11990 -4905.7 1807.1
11991 -4733.6 1868.1
11992 -4694.3 1968.9
11993 -4866.8 1651.2
11994 -4730.2 1615.3
11995 -4648.4 1619.1
11996 -4397.8 2302.1
11997 -4373.4 2254
11998 -4136.2 2004.6
11999 -3993.7 1938.1
12000 -6889.7 -4613.8
12001 -3957.2 1948.7
12002 -3978.2 1904.8
12003 -3918.1 2019.2
12004 -5328.7 3325.2
12005 -4893.7 2922.6
12006 -4919 2876.1
12007 -1260.1 4811.6
12008 -1130.1 4816.7
12009 -2019.8 4787.6
12010 -2788.2 3832.6
12011 -7019.6 -4613
12012 -2625.8 3783
12013 -2393.6 -1535.8
12014 -5777.6 772.9
12015 -5814.4 632.5
12016 -5701.6 767.7
12017 -5822.6 608.3
12018 587.5 4882.6
12019 459.7 5143.1
12020 261.7 5257.4
12021 497.3 5099.9
12022 -9799.5 -404.7
12023 -6362.8 2586.2
12024 -6258.8 2447.1
12025 -6293.5 2293.2
12026 -6198.8 2262
12027 -6439.9 2055
12028 -6236.4 2202.8
12029 -6316.1 2000.7
12030 -6151.4 2241.6
12031 -6265.8 1935.9
12032 -6251 1995.6
12033 -10789.5 -177.9
12034 -6040.4 1939.3
12035 -6103.1 1973.5
12036 -6524.1 2094.3
12037 -6358.6 2331.1
12038 -5893.8 1943
12039 -5710.7 1899.5
12040 632.5 -4791.8
12041 1421.6 -5217.5
12042 4549.3 -5792.8
12043 4554.1 -5887.1
12044 -10769.8 -231.3
12045 4347.3 -5594.2
12046 4253.4 -5728.8
12047 3874.2 -4816.7
12048 3509.5 -4423.9
12049 3364.1 -4227.6
12050 3472.5 -4434.8
12051 3362.3 -4429
12052 3315 -4434.9
12053 7835.4 -5982.5
12054 7738.9 -5919
12055 -10804.8 -145.7
12056 7868 -6001.6
12057 7338.7 -5737.6
12058 7594.1 -5824.9
12059 7527.6 -6195.8
12060 8065.9 -5366.5
12061 8051 -5403.9
12062 8042.7 -5213.6
12063 8417.5 -5467.3
12064 7656.3 -4935.1
12065 7555.6 -5100.8
12066 -10829.8 -176.1
12067 7684.4 -5148.2
12068 8432.4 -4997.8
12069 8453.8 -4802.6
12070 8378.3 -5023.1
12071 8460.6 -5000.4
12072 8573.7 -4177.4
12073 9522.6 -5187.7
12074 8522.6 -4117.1
12075 9592.4 -5221.7
12076 9683.6 -5172.2
12077 -10701.4 -406.6
12078 8858.9 -5075.9
12079 8839 -5543.2
12080 7903.4 -5677.1
12081 7598.5 -5566.3
12082 7894.2 -5850.7
12083 4458.9 -4278.7
12084 4588.7 -4092.9
12085 4645 -4429.8
12086 4488.5 -4035.4
12087 4437.9 -3335.7
12088 -2363.5 -6354.8
12089 4379 -3348.4
12090 4451.5 -3393.6
12091 4009.2 -3904.8
12092 4035.7 -3956.1
12093 4050.3 -3755.5
12094 4924.6 -4028.8
12095 774.4 -4673.6
12096 332.4 -4707.9
12097 -737.2 -4728.1
12098 -926.6 -4594.3
12099 -5423.8 -2341
12100 -2334.1 -6245.6
12101 -690 -4619
12102 -763.8 -4490.4
12103 -753.4 -4464.8
12104 -1078 -4100
12105 -2878 -3966.3
12106 -2893.7 -4062.4
12107 -3081.3 -3459.1
12108 -7087.3 -5265.8
12109 -7063.4 -5374.7
12110 -7112 -5488.3
12111 -2243.5 -6269.6
12112 -4141.1 4709.4
12113 -4318.3 4864.9
12114 -3886.9 4578.7
12115 -3980.4 4868.2
12116 -3947.5 4838.6
12117 -4172.9 5043
12118 -4346.9 4892.5
12119 -4006.7 4895.4
12120 -4113 5091.1
12121 -3460.2 3682.2
12122 -2423.9 -6222
12123 -5118 2551.8
12124 -5670.1 2330
12125 -5800.1 2113.2
12126 -2461.5 2802.5
12127 -3078 3941.1
12128 -3049 4045.7
12129 -2792.6 4271.4
12130 -1250.8 4911.2
12131 -1124.1 4955.6
12132 -1176.1 4393.4
12133 -2151.9 -6293.8
12134 -1211.5 4085.9
12135 -1436.8 3931.8
12136 -1306.4 4073.6
12137 -606.5 4291.8
12138 -599.7 4419.2
12139 -544.3 4407.6
12140 -553.6 4286.2
12141 -437.8 4520.7
12142 -449.8 4387.6
12143 -602.3 4152.8
12144 -2199.6 -6370.9
12145 -562 4154.5
12146 7908.2 -3753.6
12147 8226.2 -3934.4
12148 7319.9 -3406
12149 7690.6 -4298.4
12150 7786.9 -4406.7
12151 7542.5 -4931.6
12152 7474.4 -5474.4
12153 6945.4 -5672.8
12154 7347.9 -5622.2
12155 -2203.1 -6280.2
12156 7067.4 -5999.4
12157 6714.5 -6163.6
12158 6974.1 -6171.4
12159 6916 -6276
12160 -4910.2 -7144.7
12161 -4847.3 -6908.4
12162 -4808.2 -7119.5
12163 -4782.5 -6862.3
12164 -4770.8 -6894.3
12165 -4783 -7097.7
12166 -2213.1 -6423.1
12167 -5446.8 -7136.7
12168 -5648.1 -7254.3
12169 -5568.7 -7273.2
12170 -6664 -7500.4
12171 -6550.2 -7400.8
12172 -6311.8 -7301.5
12173 -7092.1 -7084.2
12174 -7581 -7599.4
12175 -7576.1 -7535.3
12176 -7424.9 -7608.8
12177 -2044.7 -6492.9
12178 -7275.4 -7600.1
12179 -7278.3 -7525.7
12180 -7426.6 -7519.9
12181 -7572.1 -7484.1
12182 -7569.4 -7437.7
12183 -7798.3 -7451
12184 -8193.8 -8103.6
12185 -8297.1 -7908.6
12186 -8173.7 -7976.3
12187 -8305.9 -8088.1
12188 -1945.2 -6503.6
12189 -8287.2 -7961.3
12190 -8544.2 -7918.2
12191 -8544 -8054.3
12192 -8542.6 -8186
12193 -8415.4 -8073.1
12194 -8700.7 -7907
12195 -8958.6 -7883.3
12196 -8896.4 -7882.2
12197 -9179.9 -7891.9
12198 -8869.9 -8111.8
12199 -1732.4 -6751
12200 -8699.9 -8134.1
12201 -8743.2 -7904
12202 6244.9 8656.7
12203 6189.3 8892.6
12204 6276 8819.7
12205 6896 5277.2
12206 9510 7909.7
12207 9050.5 7760.4
12208 4787.4 4109.1
12209 4817.1 4109
12210 -6075.4 -2318.5
12211 -1624 -6782.5
12212 5567.1 4102.6
12213 5461 4020.5
12214 5379.6 4151.4
12215 5389.6 4176
12216 4859.3 3616
12217 4846.3 3597.5
12218 4921.7 3550.8
12219 7476 2119.7
12220 7636.5 1983.8
12221 -164.5 5436.1
12222 -1830.4 -7056.4
12223 -124.3 5569.1
12224 -89.4 5558.5
12225 -41.8 5544.2
12226 21.1 5527.1
12227 83.4 5391.1
12228 -0 5623.1
12229 97.6 4903.8
12230 23.3 4649.6
12231 250.2 4898
12232 -267.5 5695.8
12233 -1691.7 -6618.4
12234 -190.2 5684.8
12235 -100.3 5649.3
12236 -64.7 5639.1
12237 11.2 5775.2
12238 -213.5 5854.9
12239 -246.1 5839.3
12240 -218.6 5984.2
12241 -147.1 5874.7
12242 -475 5609.1
12243 -683.9 5408.1
12244 -1579.3 -6626.1
12245 -527.2 3105.9
12246 6567.8 2495.7
12247 6605 2481.5
12248 7961.7 3410.2
12249 7969.6 3364.2
12250 7986.6 3424.3
12251 7791.7 5100.4
12252 8001.5 3047.8
12253 7993.1 3130.8
12254 7864.1 3036.5
12255 -1563.1 -6566.8
12256 8388 3344.6
12257 8243.4 3393.2
12258 8259.8 3452.8
12259 7984.8 3212.5
12260 8342.2 3196.8
12261 8350.1 3238.3
12262 8318.9 3203.8
12263 8200.3 3235.9
12264 8211.1 3276.8
12265 8214.3 3126.8
12266 -1399.4 -6559.1
12267 8262.8 3220.2
12268 8325.2 3138.8
12269 8653.7 3676.8
12270 8582 3847.4
12271 8982.3 3456.4
12272 8853.4 2995.8
12273 8933.6 3479.7
12274 8257.8 3588.6
12275 8264.7 3527.1
12276 8403.7 3772.2
12277 -1421.6 -6636.8
12278 8423.8 3576.7
12279 8430.1 3551.7
12280 7739.6 3337.6
12281 7868.1 3375.5
12282 7745.4 3279.6
12283 7525.4 3005.9
12284 7772.5 3026.9
12285 7594.3 3534.2
12286 9133.5 3524.6
12287 8868.3 3644.4
12288 -1449.6 -6741
12289 10142.3 3608.2
12290 10144 3645.6
12291 10152.7 3737.2
12292 9730.3 3746.9
12293 6829.7 8411.8
12294 3372.9 4733.4
12295 4327.1 4685.6
12296 -1887.1 2459.3
12297 -5614.4 813.2
12298 -5552.5 751.8
12299 -1501.8 -6631.8
12300 -5782.3 831.1
12301 -5806.6 889.8
12302 -5937.6 917.9
12303 -5749.8 972.1
12304 -5838.8 837.4
12305 -5950 849.8
12306 -5768.2 982.9
12307 -5566 660.1
12308 -5640.4 671.9
12309 -2377.9 -3522.7
12310 -3161.3 -7759.6
12311 -2590.4 -3359.5
12312 -2510 -3356.5
12313 -2503.2 -3442.1
12314 -2308.6 -3426
12315 -2216.8 -3360.8
12316 -2074 -3350.1
12317 -1732.5 -3180.4
12318 -1910.3 -3237.8
12319 -1476.7 -2927.2
12320 -1567.4 -2965.8

# Edges
0 1
0 3433
0 3458
0 3782
0 3783
0 5686
1 1664
1 3783
1 4544
1 5682
1 5688
2 2224
2 2656
2 6766
2 11210
3 5961
3 8356
3 12210
4 2482
4 8074
4 12310
5 7
5 9124
5 12320
6 9
6 9137
6 9140
6 12320
7 9140
7 12319
7 12320
8 1607
8 9135
8 9136
9 9124
9 9135
9 9138
10 11
10 9113
10 9129
11 14
11 9128
12 9127
12 9129
12 9130
12 9132
13 6713
13 9130
13 9132
14 1518
14 1520
15 1503
15 1536
15 12310
16 4297
16 4914
17 18
17 21
17 12243
18 23
19 28
19 8836
19 8861
20 8835
20 8849
20 8861
21 22
21 8577
22 27
22 8836
23 24
23 8577
24 8583
25 27
25 218
25 8690
26 37
26 6200
26 6245
26 6256
27 8837
28 8690
28 8837
29 30
29 31
29 11758
30 4701
30 8698
31 1331
31 2520
31 4623
31 11759
32 33
32 34
32 35
33 36
33 221
34 36
34 8860
35 4043
36 2030
37 756
37 6245
38 1564
38 3260
38 9947
39 1263
39 7127
39 7129
40 41
40 45
40 8981
41 42
41 43
42 44
42 45
42 46
43 44
44 1878
45 47
45 8987
46 1878
46 8987
47 8981
47 8986
48 115
48 3546
48 3712
49 50
49 56
49 57
49 8978
50 9079
50 9085
50 9086
51 8980
51 9077
51 9079
52 8980
52 8981
52 9077
53 55
53 9090
53 10791
53 10792
54 578
54 9520
54 9525
55 4236
55 9085
55 9091
56 57
56 4236
56 9085
58 63
58 71
58 7039
59 70
59 3490
59 3523
60 61
60 7130
61 62
61 8992
61 8993
62 7130
62 10781
63 64
63 8380
64 8379
64 10784
65 66
65 69
65 1862
66 67
66 68
66 69
67 997
67 998
68 1007
68 1862
69 2272
69 4534
70 81
70 103
70 3490
71 7043
71 8380
71 10787
72 73
72 2178
72 2186
72 2424
72 2671
73 1600
73 2177
73 2671
74 75
74 76
74 2064
75 78
75 10406
76 77
76 79
77 78
77 2609
77 10406
78 1740
79 82
79 10407
80 82
80 1147
80 10405
81 92
81 3501
82 10403
83 10021
83 10755
83 10767
84 1085
84 4057
84 9973
85 2212
85 3599
85 4431
86 4431
86 7320
86 8740
87 88
87 89
87 9661
88 89
89 11869
90 4222
91 2792
91 3739
91 10385
92 103
92 126
93 9821
93 9823
93 9986
93 9993
94 95
94 9975
94 9983
95 10008
95 11992
96 1084
96 10012
97 99
97 6801
97 9584
98 1583
98 6801
98 9584
99 100
99 7145
100 7112
100 7855
101 102
101 104
101 105
102 12124
103 115
103 3523
104 12124
105 12030
106 7611
106 9880
107 108
107 109
107 4886
108 110
109 1994
110 111
110 112
110 4892
111 1994
112 9739
112 9740
113 2009
113 4604
113 10324
114 1916
114 3368
114 3369
114 10955
114 12210
116 468
116 2009
116 2553
116 4604
117 119
117 120
117 6396
118 127
118 6396
118 12089
119 124
120 133
120 2046
120 10497
121 122
121 125
121 12090
122 131
122 2046
123 124
123 125
123 127
124 1338
125 12089
126 3712
126 4989
127 1338
128 4885
128 6398
129 130
129 12090
130 132
131 132
131 10487
133 10497
133 12086
134 135
134 136
134 155
135 140
135 484
135 8693
137 148
137 3485
137 4647
138 139
138 140
139 482
140 483
141 142
141 143
142 4628
143 485
144 2283
144 12043
145 149
145 623
145 10479
146 12046
147 149
147 151
148 2812
148 3758
148 3773
149 150
150 622
150 624
151 622
151 10473
152 10474
152 10477
153 10474
153 12048
154 155
154 156
154 157
155 4610
156 619
156 620
156 12047
157 158
158 472
158 473
159 581
159 1225
159 10655
160 161
160 162
160 163
161 171
161 172
162 164
163 171
163 173
164 680
164 683
165 166
165 167
166 680
166 683
167 7172
168 169
168 4254
169 689
170 181
170 2634
170 2657
171 685
172 687
172 1956
173 1957
174 175
174 176
174 177
175 179
175 186
176 189
176 196
177 180
177 202
178 179
178 180
178 182
178 198
179 187
180 2079
180 7166
181 5100
181 5211
181 5544
182 187
182 7160
182 7163
183 184
183 185
183 7165
184 198
184 199
185 197
185 11920
186 187
187 188
188 189
188 190
188 7160
189 193
190 191
190 193
190 194
191 195
191 1245
192 203
192 214
192 248
193 1245
194 195
194 7160
195 7161
196 979
196 981
197 7162
197 11920
198 200
198 201
199 200
199 7165
200 2079
201 7162
201 7163
202 7166
202 7168
203 5433
203 5878
204 216
204 7168
204 7171
205 1367
205 11067
205 11070
206 10929
206 10980
206 11120
207 1277
207 10929
207 11120
208 1283
208 10981
208 11113
209 210
209 211
209 4257
210 7173
211 1060
212 213
212 215
212 4868
213 4379
213 5145
214 226
214 2690
215 217
215 4375
216 10847
217 5101
217 8304
218 8857
219 220
219 221
219 222
220 1675
221 2029
222 1627
222 10074
223 9861
224 1806
224 7600
225 3369
225 10766
225 12210
226 248
226 2668
226 9334
227 1801
227 1807
228 2123
228 6121
229 230
229 231
230 389
230 390
231 388
231 4864
232 233
233 1995
234 235
234 236
234 1560
235 236
235 1241
236 238
237 2645
237 2690
238 239
238 5047
238 7366
239 1147
239 1149
240 241
240 242
240 1282
240 10937
241 242
241 243
241 1278
242 1280
242 10947
243 1278
243 1279
243 10947
244 721
244 11075
244 11082
244 11085
244 11107
245 11003
245 11048
246 247
246 10435
246 10455
246 10458
247 10431
247 10453
248 259
248 5878
249 250
249 10453
250 251
251 698
251 10459
252 253
252 3268
253 2354
254 255
254 10747
254 10749
255 3896
255 10752
256 257
256 11379
256 11381
257 3881
257 3882
258 260
258 4105
258 11798
259 270
259 6433
259 9334
260 10625
260 11798
261 11239
262 263
262 264
262 10582
263 7950
264 265
264 10736
265 266
265 10736
266 1133
266 1134
267 10582
267 10583
268 269
268 271
268 272
268 11832
269 1034
270 2970
270 2971
271 273
271 274
271 11830
272 1352
273 11832
273 11834
274 894
274 10237
275 276
275 277
275 278
276 277
276 279
276 291
277 1067
278 279
278 280
279 288
280 299
280 313
280 320
281 2601
281 4211
282 283
282 284
282 355
283 300
283 11543
284 293
284 355
284 356
285 286
285 287
285 288
285 289
286 293
286 298
286 355
287 290
287 291
287 293
288 291
289 298
289 299
290 295
290 354
290 1067
291 1067
292 2612
292 4433
293 354
294 295
294 296
294 297
295 353
296 353
296 357
297 2241
297 2484
298 300
299 11525
299 11543
300 355
301 302
301 304
301 305
302 306
302 309
303 314
303 814
303 847
303 4433
304 309
304 5331
305 5332
306 307
306 308
307 309
307 5326
308 317
308 319
309 310
310 5326
310 5328
310 5331
311 312
311 313
311 315
312 315
312 899
312 5333
313 899
314 325
314 337
314 348
315 316
316 5333
316 5335
317 5325
317 5326
318 899
318 5325
318 5333
319 323
320 321
320 322
321 323
321 338
322 327
322 332
322 11519
323 338
324 328
324 11523
324 11525
325 359
325 448
325 536
326 327
326 328
326 329
327 844
328 329
328 844
329 11525
330 11523
330 11527
330 11529
331 11527
331 11529
331 11531
332 333
332 11521
333 334
334 335
334 11521
335 11540
336 447
336 558
336 780
336 9078
337 392
337 869
339 344
339 901
339 5332
340 345
340 346
340 5332
341 342
341 343
341 344
342 343
342 350
342 351
344 352
345 350
345 900
346 349
347 349
348 2612
351 352
351 900
352 901
353 354
353 357
354 356
356 357
358 360
358 9274
358 9279
359 1558
359 2612
360 1540
360 9264
361 1538
361 1540
361 7311
361 9250
362 9251
362 9259
362 9262
363 4204
363 10462
363 10463
364 9446
364 9453
364 9457
365 367
365 4195
365 4197
366 2265
366 2286
366 2421
366 4195
366 4197
367 368
367 4376
368 4377
368 11700
369 8169
370 381
370 414
370 492
371 9717
372 2265
372 9717
373 374
373 9718
373 9719
374 375
374 377
375 376
375 2143
375 2508
375 10321
375 10338
376 2143
376 10313
377 378
377 379
378 380
378 383
379 380
380 382
381 392
381 5245
382 383
382 1981
382 1982
382 8991
382 10314
383 2143
383 2508
383 10313
384 11350
384 11353
385 4678
386 509
386 2554
386 4862
386 9719
387 388
387 389
387 4860
389 390
391 393
391 396
392 403
393 397
393 405
394 395
394 396
394 10760
395 397
395 10754
396 397
398 399
398 400
398 10751
399 401
399 402
400 402
400 3893
401 404
401 406
401 408
402 408
403 414
403 425
404 405
404 407
405 406
405 2592
406 10751
407 408
407 3892
409 410
409 411
409 412
410 415
410 417
411 413
411 415
411 416
412 416
412 1120
412 1121
413 418
413 428
413 8420
414 425
415 418
416 427
416 428
417 419
417 420
418 8425
419 421
419 422
420 424
420 1122
421 422
421 8470
422 8482
423 427
423 1121
423 2470
424 426
424 1120
425 436
426 2436
426 2448
427 430
428 1119
428 8419
429 1119
429 8414
429 8416
429 8419
430 1119
430 8413
431 432
431 3902
431 8473
431 8476
432 433
433 8461
434 435
434 5022
435 437
436 448
436 459
437 438
438 1124
438 2165
439 441
439 1213
439 12207
440 1212
440 12207
441 442
441 5008
442 1213
442 1215
443 7120
443 7125
444 445
444 461
445 446
445 462
445 7125
446 452
446 5024
446 7124
447 2259
447 3368
447 9078
447 10933
448 525
449 460
449 461
449 5024
450 451
450 452
450 5024
451 452
452 453
453 7124
454 455
454 456
455 457
455 458
456 457
456 7125
457 462
458 460
458 462
459 470
459 481
460 461
461 462
463 8170
463 8180
464 6641
464 8294
465 467
465 4606
465 4895
466 467
466 4895
466 10330
466 10331
467 2055
468 469
468 12091
469 10496
469 12092
470 503
470 525
471 12092
472 475
472 616
473 474
473 4607
474 10466
475 477
475 10466
476 477
476 2045
476 10349
476 10466
477 2045
478 10464
478 10465
478 10496
479 4610
479 4628
480 9748
480 9750
481 492
481 503
482 483
483 484
484 485
486 487
486 4640
487 2008
488 489
488 490
488 497
489 493
490 4617
490 4641
491 493
491 494
492 1692
493 495
493 498
494 495
495 496
496 4618
496 12153
497 498
497 4641
498 4639
499 504
499 6417
499 6428
500 1299
500 6428
500 12059
501 6417
501 6424
502 6417
502 6427
503 514
504 6416
504 12059
505 12062
506 507
507 12152
507 12154
508 12054
508 12059
509 4662
510 2265
510 4662
511 512
511 9712
511 9713
512 9448
513 2738
513 3470
513 4423
513 6889
514 525
514 547
515 516
515 2716
515 6479
516 517
517 6931
518 2509
518 9599
518 11946
518 12205
519 2429
519 2577
519 9610
520 4945
520 4956
520 4967
521 2133
521 8520
521 8521
521 10426
522 1888
522 11318
523 11317
523 11318
523 11329
524 526
524 664
524 1888
524 11329
525 536
526 634
526 635
527 4296
527 6825
527 6860
528 529
528 530
528 550
528 2499
528 6860
529 531
529 2000
530 11276
531 564
531 2417
531 11276
532 1986
532 11272
532 11276
533 6871
533 6872
534 546
534 6518
534 8352
535 1656
535 2219
535 2220
535 6518
536 559
537 538
537 548
537 4589
538 545
538 4589
539 545
539 4589
540 544
540 4588
540 10774
541 2699
541 10774
542 543
542 6880
542 7090
543 2431
543 9731
544 2285
544 2431
544 4588
544 9731
544 10695
545 546
546 548
547 559
547 570
548 6518
549 7908
549 10693
550 2499
550 4296
551 1711
551 3562
552 1712
552 3562
552 9518
553 554
553 3574
553 3575
554 6466
555 556
555 557
555 565
555 567
556 569
556 571
557 560
557 561
557 571
558 1917
558 8101
558 11878
559 1558
560 563
560 565
561 562
561 563
561 564
562 571
562 3565
563 2344
563 9519
564 2344
565 566
565 9517
566 567
566 3574
568 3576
568 6464
568 9512
569 1854
569 1855
570 581
570 2180
570 9578
571 1855
572 1972
572 1973
572 8106
573 1972
573 8390
574 576
574 8111
574 8956
575 3559
575 6465
576 8111
576 9043
577 1851
577 8390
577 10807
578 1877
578 9084
579 9015
579 9504
580 9070
580 10805
581 592
581 2270
582 8381
582 8949
582 8950
583 584
583 8497
583 8503
584 1211
584 7035
585 586
585 587
585 588
585 6435
586 589
586 594
587 588
587 1941
588 1943
589 5404
589 6441
589 6442
590 591
590 593
590 6442
591 1488
592 2270
592 9578
593 1187
594 2351
594 5403
595 596
595 597
595 598
596 1634
596 1635
597 598
597 599
598 600
599 601
599 4625
600 605
601 602
601 4637
602 4616
603 614
603 1447
603 1780
604 4616
604 4637
605 606
605 607
606 4635
607 4632
607 12151
608 609
608 2046
608 10495
609 10495
609 12094
610 611
610 615
610 10349
611 617
611 618
612 613
612 615
612 616
613 617
613 619
614 2002
614 2590
615 617
615 2045
617 621
618 620
618 621
619 621
620 621
622 10476
623 624
623 10470
624 626
625 725
625 2723
626 10470
626 10476
627 4240
627 4242
628 2084
628 2085
628 8984
629 630
629 12049
630 1301
630 10338
631 632
631 1275
631 11315
632 633
632 11320
633 1275
634 635
634 644
635 648
636 647
636 658
636 670
637 1605
637 4512
637 4515
638 651
638 4512
639 640
639 641
639 11339
640 642
640 643
641 642
641 11342
642 11335
643 11337
644 645
644 646
645 648
645 11362
646 652
646 11362
647 681
648 1275
649 652
649 4516
649 4541
650 651
650 4513
650 4516
651 4510
652 11361
653 654
653 655
653 11358
653 11359
654 11357
655 656
655 659
656 657
656 11327
657 11326
657 11359
658 703
658 758
659 11327
660 662
660 4507
661 4507
661 12052
662 9074
662 9076
663 664
663 11336
665 666
665 1886
665 4244
666 684
667 668
667 671
667 4244
668 671
668 10832
669 780
669 891
669 1002
669 10433
670 825
670 4100
671 10830
672 674
672 677
673 674
673 675
673 4246
674 676
675 678
675 680
675 7172
676 677
677 678
678 679
679 680
679 684
681 692
682 683
682 4248
684 1887
685 686
685 1959
686 687
687 688
688 4252
688 4253
689 4252
690 2221
690 4252
691 693
691 694
691 11137
692 703
692 714
692 2734
693 10942
693 11137
694 10942
694 12011
695 10941
695 11135
695 11136
695 11139
696 697
696 11090
696 11092
697 7825
697 11091
698 699
698 11125
699 701
699 705
700 701
700 702
700 10971
700 11123
701 704
701 11123
702 1306
703 736
704 705
706 10965
706 10973
706 10974
707 708
707 709
707 10984
707 11748
708 5912
708 5934
709 710
709 10983
710 10982
710 11748
711 713
711 715
711 5036
711 10909
712 5036
712 5040
712 10923
713 716
713 5038
714 725
715 716
715 10910
716 10913
717 10918
717 11292
718 10917
718 10921
718 10923
719 6001
719 6012
719 10917
720 6012
720 11154
720 11156
721 1279
721 11075
721 11102
722 1542
722 1544
722 1545
722 10884
723 4661
723 10874
724 9194
724 9201
724 9202
724 9570
726 727
726 728
726 1433
726 1435
727 734
727 742
728 737
728 11670
728 11671
729 730
729 731
729 732
729 733
730 734
730 735
730 737
731 743
732 737
732 743
732 11670
733 735
733 1137
734 738
734 739
735 738
735 746
736 747
738 1080
739 740
740 741
740 742
741 1461
742 1288
743 1159
744 745
744 746
744 748
745 1462
745 11056
746 749
746 1080
747 758
747 769
748 749
748 1462
749 1137
750 10126
750 10128
750 11056
751 752
751 753
751 754
753 1181
754 2044
754 6223
755 2044
755 6178
755 6189
755 6223
757 1926
757 9285
757 11646
758 792
758 803
759 8085
759 8096
760 761
760 762
760 763
761 8097
762 8095
762 8097
763 764
763 8345
764 765
765 2343
766 11652
766 11658
767 768
767 8081
767 11651
768 8063
768 8080
769 781
770 7296
770 8044
770 8054
771 772
771 773
772 785
772 786
773 784
773 794
774 775
774 776
774 777
775 831
775 11557
776 820
776 821
777 820
777 823
777 831
778 779
778 782
778 783
779 790
779 793
780 2248
780 2259
781 903
782 819
782 822
782 823
783 818
783 819
784 785
784 787
785 788
786 788
786 789
787 788
787 790
788 791
789 791
790 791
791 837
792 903
792 5267
793 822
793 837
794 801
794 806
795 796
795 797
795 798
796 805
796 806
797 1354
798 799
798 805
798 1354
799 800
799 801
799 1353
800 802
800 808
800 809
801 805
801 809
802 810
802 811
802 11508
803 814
803 825
804 818
804 835
804 11503
804 11508
805 806
807 812
807 11551
808 811
808 813
808 1353
808 11498
809 810
810 11505
811 813
812 815
812 11507
813 11507
814 858
815 11509
816 817
816 821
816 11553
817 834
817 11502
817 11555
818 11505
819 828
819 835
820 828
820 830
821 832
822 824
822 827
823 827
823 828
824 826
825 836
826 827
826 11558
827 831
828 829
829 830
829 833
829 835
830 832
831 11558
832 833
833 834
834 835
834 11503
836 847
838 839
838 840
838 11564
839 841
839 11561
840 842
840 11542
841 843
841 11541
842 1070
842 1071
842 1072
843 1070
843 1071
843 1072
844 11519
844 11523
845 11418
845 11472
845 11483
846 848
846 849
846 11484
848 11484
848 11490
849 11490
850 11387
850 11388
850 11392
851 1243
851 11386
851 11391
852 853
852 854
853 855
853 11517
854 11513
854 11514
855 1238
855 1239
856 11462
856 11463
856 11464
857 859
857 1242
857 11383
857 11410
858 3767
859 11383
859 11423
860 1242
860 11394
860 11405
861 1232
861 11565
861 11566
862 1040
862 4442
862 11565
863 864
863 865
864 10239
865 893
865 897
865 1035
866 867
866 868
866 870
867 872
867 897
868 1037
868 1233
869 2269
869 3767
870 871
870 872
870 10197
871 1042
871 1233
872 896
873 896
873 1315
873 10197
874 875
874 876
874 890
875 884
875 898
875 1315
876 883
876 884
877 878
877 2263
877 12272
878 885
878 1313
879 881
879 882
880 892
880 5278
881 887
883 889
883 1313
884 1313
885 1315
886 887
886 888
886 889
887 2306
888 2302
888 2306
888 2307
889 2310
890 893
891 2259
891 2968
892 2734
893 898
894 2115
895 1401
895 1402
895 10237
896 898
900 901
902 904
902 905
902 5310
902 10551
904 905
905 906
906 10551
907 909
907 910
907 10191
908 909
908 5305
908 10191
909 5319
910 911
910 912
911 913
911 5320
912 1843
912 9677
913 5320
913 9702
914 925
914 1716
914 3005
915 916
915 917
915 918
915 12292
916 12291
917 918
918 920
919 920
919 2256
919 10190
921 922
921 923
921 924
922 927
923 926
923 5304
923 10550
924 2253
925 936
925 947
926 9675
927 10549
927 10550
928 930
928 931
928 10549
929 930
929 5293
929 10549
930 931
932 8791
932 9440
932 9442
933 935
933 938
933 11819
933 11820
934 935
934 937
934 11819
935 938
935 939
936 958
936 1003
937 939
937 10152
938 10513
938 10515
938 11816
939 10515
940 941
940 6378
941 1144
941 2074
942 943
942 944
942 945
943 946
943 948
943 952
944 948
945 950
945 951
945 952
946 948
946 949
947 991
947 3005
949 952
949 7101
949 9593
950 2074
951 1308
951 9587
952 1308
953 10882
953 10883
954 1444
954 1457
954 11673
954 11674
955 3352
955 11746
956 3352
956 10902
957 959
957 960
958 969
958 980
959 960
959 6605
960 9558
960 9562
961 6610
961 6614
961 9568
962 1473
962 6615
962 6616
962 7141
963 11222
963 11225
963 11623
964 965
964 11202
965 7143
966 7143
966 12211
966 12299
967 968
967 10901
968 1169
969 1003
970 1169
970 10901
971 11743
972 1895
972 3995
972 6633
973 974
973 975
973 979
973 1189
974 976
974 981
975 976
975 977
976 978
977 7173
978 1246
979 982
980 2252
980 3340
982 1183
983 11183
984 985
984 11184
984 11196
985 7158
985 11194
986 1386
986 3210
986 8247
987 1162
987 8265
987 10636
988 1051
988 1221
988 4106
989 990
989 992
989 8237
990 8238
991 1726
991 10123
992 8241
993 994
993 8257
993 8260
994 1162
994 10636
995 996
995 1050
995 8885
995 8886
996 1222
996 1227
996 8883
997 998
999 1000
999 1001
999 1004
999 1005
1000 1007
1000 1873
1001 1860
1001 1873
1002 7223
1002 7234
1002 11188
1003 2237
1004 1006
1004 2393
1005 1006
1005 1007
1005 1008
1006 1009
1006 1010
1007 1008
1008 1874
1009 1874
1009 2400
1010 2399
1010 8992
1011 1012
1011 7042
1011 7046
1012 1881
1012 2398
1013 2398
1013 7042
1013 7044
1014 1025
1014 1036
1014 1047
1014 1058
1015 1016
1015 1017
1015 12021
1016 1509
1016 12019
1017 1018
1017 8275
1018 3682
1018 12019
1018 12020
1019 1020
1019 1022
1019 2017
1020 1023
1020 4539
1021 1022
1021 1023
1023 2016
1024 2151
1024 7740
1025 10441
1025 10987
1025 11003
1026 9583
1026 10879
1027 1028
1027 10869
1027 10879
1029 9472
1029 10858
1030 9706
1030 9708
1031 1032
1031 1352
1032 1033
1033 11407
1034 1496
1034 11830
1035 1037
1035 4457
1036 10992
1036 10994
1037 1230
1038 1039
1038 1040
1038 1041
1039 11565
1040 1042
1041 1042
1042 2539
1043 1399
1043 1508
1043 10568
1044 1045
1044 1046
1044 10563
1045 1046
1045 1399
1045 10569
1046 10562
1047 10987
1047 10990
1048 10652
1048 10658
1049 1050
1049 10640
1049 10645
1050 10646
1051 1054
1051 10635
1052 1055
1052 1220
1052 11801
1053 1054
1053 1055
1053 10117
1053 11801
1054 1221
1055 8253
1055 10637
1056 1057
1056 10634
1056 10636
1057 1059
1057 10632
1058 11048
1058 12173
1059 11797
1061 4362
1061 9490
1062 1063
1062 9241
1062 11641
1062 11853
1063 1948
1063 2073
1063 11642
1064 9286
1064 11639
1064 11641
1064 11645
1065 2885
1065 6249
1065 6261
1066 5715
1066 8325
1066 8328
1068 11427
1068 11543
1068 11549
1069 1080
1069 1091
1069 5668
1070 1071
1070 1072
1073 1074
1073 1077
1073 8586
1074 1075
1074 8592
1075 1076
1075 1077
1076 1900
1076 8585
1077 1900
1078 2028
1078 10266
1078 11349
1079 1081
1079 5489
1081 5456
1081 5467
1082 10010
1082 10013
1082 10014
1083 1478
1083 11965
1084 11978
1085 1578
1085 9976
1086 1087
1086 11968
1086 11981
1087 1578
1087 4058
1088 1089
1088 1090
1088 6347
1088 6349
1089 2108
1089 6362
1090 2108
1091 11060
1092 1093
1092 1096
1092 7522
1093 1094
1093 1095
1094 1100
1094 1101
1095 1096
1095 1098
1096 1097
1097 1098
1097 7500
1098 1099
1099 1801
1099 1804
1100 1796
1100 1797
1101 1103
1102 1115
1102 1126
1102 1137
1103 1104
1103 1105
1104 1106
1104 1107
1105 1106
1105 1109
1105 1798
1106 1108
1107 1795
1108 1109
1108 1728
1109 1110
1110 1798
1110 1800
1111 1796
1111 7522
1112 1116
1112 1117
1113 2656
1113 2878
1113 3100
1113 11210
1114 3020
1114 10544
1114 11711
1115 11053
1116 1717
1117 7310
1118 5578
1120 1357
1121 1357
1122 2414
1122 8482
1123 4075
1123 5200
1123 9916
1124 2164
1124 2165
1125 7697
1126 1159
1127 7121
1128 7330
1128 9967
1129 1130
1129 7330
1130 7246
1131 1132
1131 1133
1131 1134
1131 7246
1132 7246
1132 10727
1133 1135
1134 10727
1136 10732
1136 10734
1138 7543
1138 7548
1138 9953
1139 1140
1139 1141
1139 11864
1140 1707
1140 11887
1141 1420
1142 9579
1142 9582
1142 10850
1143 1144
1143 3002
1143 6378
1145 6188
1145 6190
1145 9321
1146 8098
1147 1150
1148 1159
1148 11670
1149 1150
1149 7366
1150 2280
1151 1152
1151 1157
1151 2626
1152 1154
1152 1157
1153 1154
1153 1155
1154 1158
1155 2611
1156 2611
1156 2616
1157 2616
1158 2628
1160 10659
1161 1412
1161 10659
1162 8265
1163 11682
1163 11683
1163 11699
1164 9102
1164 11771
1164 11772
1165 10968
1165 11124
1165 11125
1166 1168
1166 3966
1167 3963
1167 3966
1167 9226
1168 8931
1169 1895
1170 1181
1170 1192
1171 1172
1171 5845
1171 11742
1172 1580
1172 5845
1173 1174
1174 1175
1175 1176
1176 1180
1176 12197
1177 7095
1177 7096
1177 10107
1178 1179
1178 2433
1178 4465
1178 8887
1178 8890
1179 2433
1179 3689
1180 12197
1181 6223
1182 12196
1182 12201
1183 1188
1184 1185
1184 1186
1184 1187
1185 11920
1186 7161
1188 1189
1188 5405
1189 5405
1190 9173
1190 9188
1190 9225
1191 9188
1191 9222
1191 9225
1192 1445
1192 10111
1193 1931
1193 3028
1193 7378
1194 2977
1194 9866
1195 7456
1195 10167
1196 1199
1196 7773
1197 1198
1197 10690
1197 11677
1198 1683
1198 7793
1199 1200
1199 1371
1199 1372
1199 3692
1200 1201
1201 1366
1201 3691
1202 1204
1202 9546
1202 9547
1202 12098
1203 1214
1203 6245
1203 8345
1204 1205
1204 9543
1205 1206
1205 9547
1206 2560
1206 11268
1207 2622
1207 2624
1207 10250
1207 10255
1208 7135
1208 7136
1208 8494
1208 8495
1209 1211
1209 7049
1209 8496
1209 8502
1210 7029
1210 7049
1210 8499
1210 8502
1211 8497
1211 8501
1212 1213
1212 1215
1214 8093
1214 8095
1215 5025
1216 11516
1216 11554
1216 11555
1217 2528
1217 5015
1217 11607
1218 1453
1218 9430
1219 1335
1219 7220
1219 9928
1219 9929
1220 8258
1220 11802
1221 10117
1222 1223
1222 1224
1224 1227
1225 1336
1225 10544
1226 1237
1226 1248
1226 1259
1227 8883
1228 1229
1228 12286
1229 12286
1230 1231
1230 1232
1231 4446
1231 11566
1232 1233
1234 1235
1234 1236
1234 4450
1235 2104
1235 4450
1236 2245
1236 4446
1237 8079
1237 11648
1238 11426
1238 11517
1239 4459
1239 4461
1240 2066
1240 11479
1241 1244
1241 7736
1242 11399
1243 11427
1243 11432
1244 7872
1244 7873
1247 1249
1247 1250
1247 1252
1247 6440
1248 11647
1248 11648
1249 1944
1249 11042
1250 1251
1251 2068
1251 6439
1252 1253
1252 1254
1253 1255
1253 1885
1254 11046
1254 11047
1255 11204
1256 1258
1256 7772
1256 8546
1257 1964
1257 8546
1258 7772
1258 8546
1260 1261
1261 1262
1262 1263
1262 8894
1263 2898
1263 7129
1264 1379
1264 2898
1264 2899
1264 10745
1265 1267
1265 8902
1266 10739
1268 7616
1268 7618
1268 9093
1269 4390
1269 10720
1269 11763
1270 1281
1270 1292
1270 1303
1271 1272
1272 1273
1272 7270
1272 11737
1273 2144
1274 1378
1274 7774
1274 10662
1276 11310
1276 11321
1277 5812
1277 10985
1278 1279
1278 5812
1278 11076
1279 11076
1280 1282
1280 10945
1281 1359
1282 10935
1283 1284
1283 10986
1284 10981
1285 1286
1285 11165
1285 11178
1286 1287
1286 11165
1287 11170
1288 1433
1289 10129
1289 10450
1290 5768
1290 11181
1291 1293
1291 6023
1291 6045
1292 11019
1292 12168
1293 6012
1293 10950
1294 1295
1294 10949
1294 11031
1295 1296
1295 11029
1297 1298
1297 8672
1297 9911
1298 2035
1298 8663
1300 12065
1300 12067
1301 1992
1301 10338
1302 1992
1302 12052
1303 6145
1304 1954
1304 3350
1304 11131
1305 1840
1305 10898
1305 11128
1306 10971
1307 8044
1308 9586
1309 2135
1309 11478
1309 12140
1309 12142
1310 1311
1310 9696
1310 9697
1310 9705
1311 9694
1311 9695
1311 9704
1312 9695
1312 9699
1312 9701
1314 1325
1314 1337
1314 1348
1314 1359
1315 1316
1316 2563
1316 10199
1317 1318
1317 6600
1317 6622
1318 1319
1318 1320
1318 6867
1320 6834
1321 1749
1321 6622
1321 11284
1322 6834
1322 9743
1322 11590
1323 6600
1323 6834
1323 11590
1324 11740
1325 4582
1325 11162
1326 1464
1326 11069
1327 2383
1327 10427
1328 1329
1328 8704
1328 10966
1329 8702
1330 1331
1330 1332
1331 2297
1331 2440
1332 8697
1332 10977
1333 9954
1333 9957
1334 7542
1335 7219
1335 9930
1336 1447
1336 1558
1336 2558
1337 10593
1337 12169
1339 1365
1339 9576
1340 4068
1340 6226
1341 9781
1341 11750
1341 11756
1342 1343
1342 11145
1342 11511
1343 1752
1344 5117
1344 10152
1345 1346
1345 1347
1346 10531
1346 11827
1347 10531
1348 2070
1348 2071
1349 5157
1349 10530
1350 10530
1350 10532
1351 10182
1351 11902
1351 11903
1353 11497
1354 11497
1355 1356
1356 5600
1357 2448
1358 1719
1358 1720
1358 10505
1358 10506
1359 2070
1359 12168
1360 1361
1360 1721
1360 12011
1361 1718
1361 10943
1362 11026
1362 11030
1362 11039
1363 11593
1363 11595
1363 11596
1364 3030
1364 9572
1364 9577
1365 9573
1365 9577
1366 3693
1367 1368
1368 2176
1369 1883
1369 2350
1369 6344
1370 1381
1370 1392
1370 1403
1370 6267
1371 1372
1372 3692
1373 1375
1373 8865
1373 8867
1373 8879
1374 8867
1374 8875
1374 8879
1375 8865
1376 8777
1376 11775
1377 5011
1378 10665
1378 10681
1379 10586
1380 1382
1380 1383
1380 10586
1381 8037
1381 8038
1381 8041
1381 8050
1382 10586
1382 10587
1383 1385
1383 10587
1384 10585
1385 2052
1385 2490
1386 1387
1386 8235
1387 8259
1387 11802
1388 1390
1388 8266
1388 10657
1389 1390
1389 10657
1390 8266
1391 1393
1392 1770
1392 11162
1393 10652
1394 6145
1394 10590
1395 1424
1395 9613
1395 11943
1396 9604
1396 9608
1396 9613
1397 1398
1397 9688
1398 9687
1398 9701
1399 12279
1400 1402
1400 2115
1400 2131
1400 10239
1401 1402
1403 1770
1403 11160
1404 7888
1404 7889
1405 2107
1405 2362
1405 4463
1405 7889
1405 11956
1406 7888
1407 5443
1407 5444
1407 5582
1407 5868
1408 7365
1408 8827
1408 9965
1409 1411
1409 10641
1410 8883
1410 10640
1410 10641
1411 8884
1411 10638
1412 1413
1412 10638
1413 1415
1413 7128
1413 7129
1413 10638
1414 1425
1414 1436
1414 1448
1415 7129
1416 1417
1416 1418
1416 4430
1417 4432
1418 1420
1418 2188
1419 2572
1419 11945
1420 2188
1421 1422
1421 1423
1421 11712
1422 11715
1423 4426
1423 11715
1425 7323
1425 9243
1425 9244
1425 9281
1426 2166
1426 2167
1426 2181
1426 5018
1426 5308
1426 11898
1427 3537
1427 3538
1427 6786
1427 10376
1428 3537
1428 3548
1428 10376
1429 1430
1429 11899
1430 1697
1431 1432
1431 9559
1432 9558
1433 1434
1434 1435
1434 1440
1435 1441
1435 11671
1436 1525
1436 1928
1437 2022
1437 4577
1437 4581
1438 2423
1439 1440
1439 1441
1439 1442
1440 1443
1440 11668
1441 1458
1442 1444
1442 1457
1443 11061
1443 11668
1444 11666
1444 11668
1446 10714
1446 10718
1447 1669
1448 7296
1449 8727
1449 10277
1449 10282
1450 1451
1450 8628
1450 9801
1451 9352
1451 9801
1452 10115
1452 11672
1453 2564
1453 10006
1454 1455
1454 2305
1455 2228
1456 10111
1456 10114
1456 10115
1457 1458
1457 9293
1458 9294
1458 11671
1459 1470
1459 1481
1459 1492
1460 5668
1460 10131
1462 11053
1463 1464
1463 8078
1463 10223
1464 1580
1464 2341
1464 5856
1465 1467
1465 9803
1466 2404
1466 9764
1466 11300
1467 6528
1467 9805
1468 1469
1468 1471
1468 8821
1469 1471
1469 11835
1470 1514
1470 1928
1470 1929
1471 11837
1472 1473
1472 7139
1473 7141
1474 1475
1474 4237
1475 2085
1475 4237
1476 7829
1476 7832
1476 11101
1477 12306
1478 1479
1478 11963
1479 1480
1480 1561
1480 5815
1481 1928
1482 2077
1482 7297
1482 8608
1483 7301
1483 8608
1484 1485
1485 8741
1486 9640
1486 9641
1486 9642
1487 1697
1487 2569
1487 2571
1487 5011
1488 6438
1489 1490
1489 1491
1489 1493
1489 1494
1490 1494
1490 1516
1490 1857
1490 7508
1491 7181
1491 7463
1492 1929
1492 2418
1492 8075
1493 7180
1493 7508
1494 7508
1495 2103
1495 10003
1496 11408
1497 4921
1497 4924
1497 9917
1498 2632
1498 5125
1498 8815
1498 11604
1499 2153
1499 2632
1499 11603
1499 11604
1499 12208
1499 12209
1500 10560
1500 10574
1500 12287
1501 1502
1501 12258
1501 12275
1502 1504
1502 12279
1503 1514
1503 1525
1504 12256
1504 12258
1505 1506
1505 12256
1505 12261
1506 12257
1506 12264
1507 12265
1507 12267
1507 12268
1508 12278
1509 12237
1510 2663
1511 1512
1511 1513
1511 8597
1512 1515
1512 2205
1513 2205
1513 8346
1514 11653
1515 1516
1516 1857
1516 2205
1516 7108
1517 4430
1517 4432
1518 9141
1519 2836
1519 6703
1519 6708
1520 2832
1520 2833
1521 4711
1521 4913
1522 1523
1522 10167
1522 11767
1523 4549
1523 9234
1524 1643
1524 1644
1524 8935
1525 9281
1525 9282
1526 1527
1527 3343
1528 2789
1528 5814
1528 12298
1529 1530
1529 12015
1529 12017
1530 3468
1530 12308
1531 1562
1531 5814
1532 1533
1532 7311
1533 1534
1533 7311
1534 2072
1535 1537
1535 3317
1535 9280
1536 8055
1536 11653
1537 1538
1537 1539
1538 7334
1539 1540
1539 1541
1540 1541
1540 9276
1541 9279
1542 1543
1542 1544
1543 10597
1544 2150
1546 8574
1547 1559
1547 1570
1547 1581
1548 1585
1548 8854
1548 8860
1549 1585
1549 8845
1549 8854
1550 1551
1550 1552
1551 8652
1551 8842
1552 8650
1552 8652
1553 1943
1553 6435
1553 6446
1554 3663
1554 8644
1554 8656
1555 2427
1555 5159
1556 1557
1556 1575
1556 6404
1557 1576
1557 6404
1559 2948
1559 2950
1559 9112
1560 5048
1560 8920
1561 1562
1561 3221
1562 3901
1563 2796
1563 11973
1564 7553
1565 1566
1565 4501
1566 4527
1567 5677
1567 5681
1567 5683
1567 5685
1568 1664
1568 3595
1568 5683
1569 10556
1569 12135
1570 2929
1570 10900
1571 1572
1571 1573
1571 1733
1571 6480
1572 1678
1572 7010
1573 2713
1573 2732
1573 6966
1574 2313
1574 6431
1575 1576
1575 1577
1576 10483
1577 1635
1577 10483
1578 4058
1579 6966
1579 7011
1580 11742
1581 1592
1581 1603
1582 3995
1582 6097
1583 2479
1584 8859
1586 1587
1586 1588
1586 5442
1586 5575
1587 1588
1587 5440
1588 1595
1589 1590
1589 1597
1589 5568
1590 1591
1590 2769
1591 1596
1591 2766
1591 5566
1592 2946
1592 2947
1593 1594
1593 5517
1593 5561
1593 5563
1594 5516
1595 1597
1595 5439
1595 5568
1596 1597
1596 5416
1596 5420
1597 5421
1598 1991
1598 6192
1599 3058
1599 6029
1600 2177
1600 8027
1601 8227
1601 10418
1601 10460
1602 2689
1602 8028
1602 8030
1603 2928
1603 10622
1604 2179
1604 8030
1605 4242
1606 1608
1606 9121
1606 12317
1607 9121
1607 11375
1609 1645
1609 8936
1609 9110
1610 1611
1610 1612
1611 1613
1611 1615
1612 1613
1613 8647
1614 5378
1614 10889
1615 4028
1615 8647
1616 1618
1616 3776
1616 4925
1617 1618
1617 3775
1617 3776
1618 4983
1619 6689
1619 6744
1620 2330
1620 6689
1620 6768
1621 5007
1621 5029
1621 12206
1622 10420
1622 11848
1623 1626
1623 10420
1623 11374
1624 3009
1624 11847
1625 5389
1625 5445
1626 3929
1626 3931
1627 9853
1627 10071
1628 8595
1628 9837
1628 9850
1629 1630
1629 1644
1629 2829
1630 2830
1630 9162
1631 1884
1631 8628
1632 1633
1632 8735
1632 12126
1633 8683
1633 9817
1634 10482
1634 10483
1636 1647
1636 1714
1637 1638
1637 1691
1637 1696
1638 2171
1639 1640
1639 1694
1639 5020
1640 1691
1640 1697
1641 2142
1641 9184
1641 12311
1641 12313
1642 1643
1642 1645
1642 8935
1643 1644
1645 8934
1645 9109
1646 4066
1646 9357
1647 1658
1647 5300
1648 1791
1648 4066
1648 7511
1649 1650
1649 4038
1649 10074
1650 4035
1650 4038
1651 2028
1651 9856
1651 9895
1652 1678
1652 7007
1652 7009
1652 7010
1653 1922
1653 4758
1653 7006
1653 7007
1654 1655
1654 10057
1655 9380
1656 1660
1656 2219
1656 2677
1657 1659
1657 1679
1657 2676
1657 7906
1657 9901
1658 1681
1658 1714
1659 1660
1659 2677
1660 6519
1661 9330
1662 11781
1663 1664
1663 2018
1663 5688
1665 1666
1665 2540
1665 8763
1666 2455
1666 2457
1666 8761
1667 1668
1667 1671
1668 1865
1668 1868
1669 1780
1669 1891
1670 1681
1670 1692
1670 5300
1671 1967
1671 1968
1672 9471
1673 1674
1673 1898
1673 3319
1674 9483
1675 8590
1675 8592
1676 1677
1676 7644
1677 11622
1678 1733
1678 4758
1679 7026
1679 9901
1680 11661
1681 1703
1682 2724
1682 6973
1683 11677
1684 5382
1684 7509
1685 1686
1685 5382
1686 7863
1686 7969
1687 10597
1687 11662
1688 10082
1689 1690
1689 2118
1689 2349
1689 10988
1690 1742
1690 2347
1690 2349
1690 7067
1690 11988
1691 1696
1691 1697
1692 1747
1693 1694
1693 1695
1693 2170
1693 2214
1693 7361
1694 1695
1696 2161
1697 5020
1698 1699
1698 10137
1699 1762
1699 10136
1700 1701
1700 4328
1700 12245
1701 8507
1702 3936
1702 3937
1702 10398
1703 1736
1703 2474
1704 4265
1704 4266
1704 6233
1705 1706
1705 5271
1705 9420
1706 4432
1706 11861
1707 5015
1707 11812
1708 3342
1709 11242
1709 11248
1710 8424
1710 8461
1710 8473
1711 2000
1711 2146
1711 9518
1712 9518
1713 4621
1714 2474
1715 6339
1715 6599
1715 6617
1716 4587
1716 9971
1718 1722
1718 10505
1719 9700
1719 11500
1720 1721
1720 1722
1721 1722
1723 3354
1723 6063
1723 6434
1724 2924
1724 8866
1724 8878
1724 11400
1725 1736
1725 5378
1726 10123
1726 10600
1727 1728
1727 2273
1729 6078
1729 6101
1729 11027
1730 1732
1730 11167
1730 12172
1731 1732
1731 2067
1731 12172
1732 11164
1733 4757
1733 6480
1734 6531
1734 9335
1735 4062
1736 10889
1737 10028
1738 1739
1738 1740
1739 1740
1739 2280
1741 1742
1741 1743
1741 7067
1742 7067
1743 6990
1743 7001
1744 2984
1744 6934
1744 7023
1745 2985
1745 6934
1745 6978
1746 2986
1746 2987
1747 2202
1747 2226
1748 6051
1748 6890
1749 6856
1750 11071
1750 11073
1751 1753
1751 9678
1751 9700
1752 1753
1752 11146
1753 10948
1754 1755
1755 4050
1756 1757
1756 1759
1756 4046
1757 1759
1757 4048
1758 1781
1758 7478
1759 1760
1760 4047
1760 4049
1761 1762
1761 1763
1763 8848
1764 5157
1765 1766
1765 8831
1765 12240
1766 1767
1766 8848
1768 5039
1768 10920
1769 1781
1769 2593
1769 7478
1770 11158
1770 11163
1771 2491
1771 11160
1772 1773
1772 4818
1773 2869
1773 6758
1774 1864
1774 9475
1775 1776
1775 1777
1775 3139
1776 1778
1777 1783
1778 1779
1778 1782
1779 1783
1780 2002
1781 3897
1782 3175
1783 1784
1784 3140
1785 1786
1785 1787
1785 2320
1786 1842
1787 1788
1788 1790
1789 2320
1789 4177
1790 1791
1790 4065
1792 1814
1792 1825
1792 1836
1792 11177
1793 1829
1793 4061
1794 1816
1794 1817
1794 4061
1795 2273
1795 4031
1795 7522
1796 1799
1797 1798
1797 1799
1799 1800
1800 7522
1801 1802
1802 1807
1802 7500
1803 1836
1803 11166
1803 11177
1804 1805
1804 1806
1805 1832
1805 1834
1807 1808
1807 1810
1808 1835
1809 1810
1809 7500
1809 10059
1810 1811
1811 10060
1812 2465
1812 6236
1812 7877
1813 2699
1813 6911
1814 6671
1814 6672
1815 1816
1815 1817
1816 1819
1817 1818
1818 1820
1819 1820
1819 1821
1821 1823
1822 1823
1824 12024
1824 12026
1825 1847
1825 4015
1825 6671
1826 12125
1827 1828
1827 12125
1828 11983
1828 12039
1829 4063
1830 1831
1830 11792
1831 11793
1832 1833
1832 1834
1833 1835
1835 1837
1836 1847
1837 1951
1837 7533
1838 5412
1838 5415
1838 5564
1838 5565
1839 4362
1839 4363
1840 1889
1840 10898
1841 1842
1843 1844
1843 10190
1844 1845
1844 9691
1845 9677
1845 9680
1846 1848
1847 1858
1848 4227
1849 7548
1850 1979
1850 9065
1850 10796
1851 1852
1851 1853
1852 9024
1852 10807
1853 8106
1853 9024
1854 3584
1854 3585
1855 3565
1855 3584
1856 1998
1856 7307
1856 7435
1857 5910
1858 1892
1858 3982
1858 4015
1859 1860
1859 12095
1860 2391
1861 4404
1861 4405
1861 4982
1863 3635
1864 9484
1864 9487
1865 1866
1865 1867
1866 1868
1866 6604
1868 12106
1869 1880
1869 1892
1869 6684
1870 1871
1870 1872
1870 9150
1871 9152
1871 10396
1871 10412
1872 9143
1872 10395
1874 2400
1875 8959
1875 8969
1876 4916
1877 9090
1877 9520
1878 1879
1879 2529
1880 6706
1880 11066
1882 1883
1882 4527
1884 4848
1884 8625
1885 2092
1885 11206
1886 1887
1888 11318
1889 10895
1889 10896
1890 1893
1890 10892
1890 10895
1891 2701
1892 6686
1892 6687
1893 1894
1893 11598
1894 6389
1894 11599
1895 6389
1896 3028
1896 3316
1896 7345
1897 1898
1897 1902
1897 9483
1898 1901
1899 11347
1899 11349
1900 8585
1901 1902
1901 9228
1902 3321
1903 2831
1903 2832
1903 2833
1903 11066
1904 7323
1904 9239
1904 9244
1905 1946
1905 2072
1905 7323
1906 10837
1906 11341
1907 4882
1907 4884
1907 6394
1908 2521
1908 6394
1909 9906
1909 11282
1910 11282
1911 1912
1911 4428
1911 11780
1912 7688
1912 11780
1913 7686
1913 10121
1914 1925
1914 1936
1914 6279
1915 2467
1915 6606
1915 10399
1916 5963
1916 10955
1917 1918
1917 9101
1918 5943
1918 8123
1919 11921
1919 11924
1920 1921
1920 5044
1920 11705
1921 2152
1921 2153
1922 2705
1922 7006
1923 1924
1923 8673
1923 11636
1924 8674
1924 11634
1925 5503
1925 5506
1926 9283
1926 11639
1927 8983
1929 11653
1930 2884
1930 5178
1930 9903
1931 9477
1931 10599
1932 1933
1932 9153
1932 12314
1933 9165
1933 9185
1934 6549
1935 1937
1935 10816
1936 4554
1936 5503
1936 8001
1937 10809
1938 1939
1938 1940
1938 1942
1939 6443
1939 6444
1940 1941
1940 6443
1941 1942
1942 1943
1944 11040
1945 1946
1946 2072
1947 6279
1947 6280
1947 8167
1948 7356
1948 9281
1949 9539
1949 11235
1949 11236
1950 1979
1950 9538
1950 10794
1951 1952
1951 1953
1952 10060
1954 5033
1954 10912
1955 2330
1956 4253
1958 4557
1958 9289
1958 9311
1960 1961
1960 8939
1960 9172
1961 9109
1962 1963
1962 2437
1962 7357
1963 5931
1963 6352
1965 7785
1966 2560
1966 9542
1966 11268
1967 1968
1967 10399
1968 2469
1968 10399
1968 10875
1969 3663
1969 6102
1969 9289
1969 9300
1970 4350
1970 7096
1970 8621
1971 8674
1971 9537
1972 1973
1972 1975
1973 1974
1974 1975
1974 1976
1976 12096
1977 11912
1977 11914
1977 12040
1978 1979
1978 8106
1978 9038
1979 9015
1980 1991
1980 2003
1980 4153
1980 6184
1981 2057
1981 8991
1982 1983
1983 11273
1984 1985
1984 1987
1984 11273
1985 11272
1986 1987
1987 1988
1987 1989
1988 10309
1989 2345
1989 4232
1990 10092
1990 10098
1990 10772
1991 3669
1992 1993
1993 10315
1994 9741
1995 10358
1996 7965
1996 7966
1996 10084
1997 2673
1997 4201
1997 5383
1997 7964
1997 7965
1997 10084
1999 2000
1999 9519
2001 2860
2002 2113
2003 2442
2003 3669
2003 4152
2003 4494
2004 2629
2004 8802
2005 8803
2005 8804
2005 8808
2006 2533
2006 11703
2006 11957
2007 2008
2007 8694
2008 8694
2009 10347
2010 4199
2010 8601
2011 3807
2011 5119
2011 5485
2011 5621
2012 8231
2012 8359
2012 10302
2013 4935
2013 4937
2013 8322
2014 2025
2014 2036
2014 10095
2015 2016
2015 4538
2017 2413
2018 9267
2018 10773
2019 2020
2019 2021
2019 10500
2019 10855
2020 2021
2020 8878
2021 10866
2022 2510
2022 2534
2023 2024
2023 7147
2024 7153
2024 11195
2025 6168
2025 6169
2025 10095
2026 6234
2026 8092
2027 7289
2029 2030
2029 8590
2030 8590
2031 2032
2031 8653
2031 8654
2032 2033
2033 2402
2033 3206
2034 6626
2034 8681
2035 2037
2036 2047
2036 4153
2037 8663
2038 4706
2038 6765
2038 6769
2039 7908
2039 10290
2039 10693
2040 2055
2040 2420
2040 10329
2040 10335
2041 2042
2041 2043
2041 10113
2042 11061
2042 11665
2043 2119
2043 11061
2047 4327
2047 4471
2048 2531
2049 2050
2049 7587
2049 7615
2051 7645
2051 7647
2051 11688
2052 2053
2052 10587
2053 2054
2054 10584
2055 2419
2056 2148
2056 12076
2057 11271
2058 3458
2058 3545
2058 5655
2059 5224
2059 10241
2059 11287
2060 2064
2060 5224
2060 10242
2061 2062
2061 5223
2061 11287
2062 2063
2062 2280
2063 2065
2064 10409
2065 10240
2065 10242
2066 11468
2067 11030
2068 6439
2068 6447
2069 3455
2069 3456
2069 3545
2071 10591
2073 7356
2073 7367
2075 2323
2075 11854
2075 12166
2076 2077
2076 2204
2076 7996
2077 2185
2078 11472
2078 11494
2080 2091
2080 2102
2080 3451
2080 3656
2081 7984
2081 7988
2081 7998
2082 11612
2082 11613
2083 2084
2083 4241
2085 4241
2086 8126
2086 8127
2086 8142
2087 3691
2087 3692
2088 8894
2088 11251
2089 4104
2089 11794
2090 9951
2091 3453
2091 3545
2092 11207
2093 7646
2093 8777
2093 11951
2094 2445
2094 2455
2094 8765
2095 3698
2095 9956
2096 5009
2097 2098
2097 8014
2098 2178
2098 2689
2098 2691
2098 8014
2099 11582
2099 11586
2099 11587
2100 9443
2101 11839
2102 2114
2102 3818
2102 5124
2103 5288
2103 10005
2104 4448
2104 4454
2105 11953
2105 11957
2106 2107
2106 11953
2108 2326
2109 2110
2109 9665
2109 12276
2110 12270
2110 12276
2111 10173
2111 11905
2112 10184
2112 10236
2113 2225
2114 3454
2114 3758
2114 3805
2115 2129
2115 2130
2115 2131
2115 2493
2115 11439
2116 5073
2116 5127
2117 11809
2118 11655
2119 2353
2119 2423
2119 10113
2120 2121
2120 7286
2121 11760
2122 8650
2122 12141
2122 12142
2123 2442
2124 2126
2124 2127
2125 2962
2125 2966
2125 8112
2126 2378
2126 10141
2127 5352
2128 2373
2128 5019
2128 11883
2129 2130
2129 11439
2130 2385
2131 2493
2132 7099
2132 7486
2133 2290
2133 8518
2134 4131
2134 11467
2134 12142
2135 4131
2135 11478
2135 12142
2136 2147
2136 2158
2136 7267
2136 11456
2137 2342
2137 4329
2137 6155
2138 2139
2138 8509
2138 10106
2139 2386
2139 8509
2140 2382
2140 8510
2141 7282
2141 9949
2142 2182
2142 10397
2144 7268
2145 7231
2145 10720
2145 11763
2146 2530
2146 3551
2147 2951
2149 2568
2149 11712
2149 12295
2150 8924
2151 2261
2152 2532
2152 11703
2152 11705
2152 12209
2154 2155
2154 2159
2155 2207
2155 2216
2155 2373
2155 2374
2155 2580
2155 8781
2155 12251
2156 2157
2156 2159
2156 2160
2157 2196
2157 2197
2158 2930
2158 7289
2159 2209
2160 2166
2160 5019
2161 2181
2161 2215
2162 8222
2162 10285
2163 2164
2167 2363
2168 11947
2168 11948
2169 2191
2169 2213
2169 9589
2170 2171
2170 2214
2172 2173
2172 3199
2172 3202
2173 2545
2173 12020
2174 2659
2174 4075
2174 5212
2175 4074
2175 7870
2175 9965
2176 2340
2177 2178
2178 2179
2178 8022
2178 8024
2179 2689
2180 2213
2180 9589
2182 10398
2183 2452
2183 6606
2183 10416
2184 4175
2184 6341
2184 6342
2185 2186
2185 8021
2186 8022
2187 5011
2189 2194
2189 5341
2190 2193
2190 2195
2190 5343
2191 2202
2191 2226
2192 2193
2192 2194
2192 5343
2193 2194
2193 2195
2194 2387
2195 2407
2196 2197
2197 2203
2197 2365
2198 8781
2198 11875
2198 11884
2199 2215
2199 2216
2199 11880
2200 2201
2200 2203
2200 2210
2201 2210
2201 2364
2202 2237
2203 2365
2204 2424
2204 2456
2204 2665
2204 7993
2206 4845
2206 5873
2206 5882
2207 2374
2207 12251
2208 11874
2208 11875
2209 2365
2210 2211
2211 2363
2211 2364
2212 5015
2212 5016
2213 2226
2215 2363
2217 5015
2217 11606
2217 11890
2218 6731
2218 6770
2218 6771
2220 2683
2221 2368
2221 2369
2222 6430
2222 6565
2222 12147
2223 3313
2223 7433
2223 7544
2224 2656
2224 2767
2224 5706
2225 2336
2225 2447
2227 2228
2227 2229
2227 2230
2228 2305
2229 2231
2229 2305
2229 2480
2230 2234
2231 2232
2231 2233
2232 2305
2232 2308
2233 2346
2233 2464
2234 2235
2234 2236
2234 2238
2234 2480
2235 2301
2236 2307
2237 10900
2238 2311
2239 2240
2239 2241
2239 2242
2240 2488
2240 2489
2241 2243
2241 2244
2242 2485
2242 2486
2243 2486
2244 2310
2244 2484
2245 5127
2246 2462
2246 5608
2246 6277
2247 2249
2247 2250
2247 2251
2248 7223
2248 11878
2249 9299
2249 9318
2250 9298
2250 9299
2251 9324
2252 3340
2252 5500
2253 5298
2254 2522
2254 8516
2254 8636
2255 2522
2255 3619
2255 8523
2256 10194
2257 2389
2257 3683
2257 12021
2258 3050
2260 4441
2260 4443
2260 10003
2261 7363
2261 7735
2262 2463
2262 12272
2263 2563
2263 12272
2264 5235
2264 5239
2265 2421
2265 4662
2265 9719
2266 5076
2266 5077
2267 2322
2267 7422
2267 12166
2268 5634
2268 5708
2269 3073
2269 3767
2270 10655
2271 2415
2271 2549
2271 6437
2272 4534
2272 8434
2274 6899
2274 6900
2274 6902
2275 2276
2275 2277
2276 6426
2277 2283
2278 3207
2278 8842
2278 8843
2279 3784
2279 3785
2279 10911
2281 2930
2281 7300
2282 2406
2282 7924
2282 9725
2284 2439
2284 7984
2284 8002
2285 10695
2286 2287
2286 2421
2287 2562
2287 4195
2288 2289
2288 3988
2288 5760
2288 5770
2288 10689
2289 5760
2289 5764
2290 8518
2290 10428
2291 4354
2291 4357
2291 4659
2292 2303
2292 2314
2293 3602
2293 5221
2293 5222
2294 10424
2294 11594
2294 11596
2295 2296
2295 3936
2295 10399
2296 2469
2296 10399
2297 2440
2297 2441
2297 5930
2298 2705
2298 4757
2299 4291
2300 10265
2301 2302
2301 2304
2302 2304
2303 2314
2303 2392
2303 12022
2304 2306
2307 2309
2307 2310
2308 2384
2308 11439
2309 2311
2312 8703
2312 11966
2313 2315
2314 5434
2315 2316
2316 2317
2317 2350
2318 7377
2318 7379
2318 7706
2319 7081
2321 3542
2321 4365
2321 4764
2322 2412
2322 12166
2323 12166
2324 3539
2324 4313
2324 4315
2325 2337
2325 5511
2326 2327
2326 6362
2328 2329
2328 4151
2328 6124
2329 4152
2329 6124
2330 2546
2330 10885
2331 2332
2331 4483
2331 4484
2332 6138
2333 2339
2333 6138
2333 6152
2333 6153
2333 6206
2334 2338
2334 2339
2334 6206
2335 2338
2335 6203
2335 6206
2336 2623
2337 5545
2338 6115
2338 6120
2339 6152
2340 11065
2341 5856
2341 8078
2342 4330
2342 6110
2343 2544
2345 2505
2346 2488
2347 2349
2347 4148
2348 3067
2348 3843
2348 7878
2348 7989
2351 5403
2351 6436
2352 7118
2354 2390
2355 4939
2355 5692
2355 5694
2356 7200
2356 9575
2357 3964
2358 2579
2358 4428
2358 4429
2359 2370
2359 2381
2360 7176
2361 2523
2361 7173
2362 11704
2364 2374
2366 3600
2366 3602
2366 5232
2367 3782
2367 10156
2368 2369
2369 2523
2370 2492
2370 2589
2371 2763
2371 2765
2371 5543
2372 4230
2372 4231
2372 4232
2373 2580
2375 2376
2375 2377
2375 5724
2375 6368
2376 2667
2377 2619
2377 2667
2378 2379
2378 2380
2379 10142
2379 10146
2380 10141
2380 10146
2381 5633
2382 8514
2383 2888
2383 2889
2383 10429
2384 2385
2385 2493
2386 3617
2387 2527
2387 2667
2388 7532
2389 2541
2389 12231
2391 2393
2392 2403
2393 7130
2394 4573
2394 8256
2395 2396
2395 12145
2396 8721
2396 11478
2397 7040
2397 9000
2398 2399
2399 2400
2401 8583
2402 3205
2402 8654
2403 2414
2404 2405
2404 9764
2405 4572
2405 4844
2405 4848
2405 9764
2406 7916
2406 8036
2407 2439
2407 2526
2408 10076
2409 11625
2409 11626
2410 8927
2410 8928
2411 6387
2411 8295
2412 12166
2412 12188
2413 2415
2414 2436
2416 2453
2416 5167
2416 6340
2417 2505
2418 7293
2419 2420
2419 4606
2419 10339
2420 10332
2422 2596
2422 9389
2422 9467
2423 2501
2423 2534
2424 2456
2425 2436
2425 2448
2425 2459
2426 2427
2428 3551
2428 3552
2428 3556
2429 9598
2430 6030
2432 2905
2432 4088
2432 8891
2433 8887
2434 2435
2434 5437
2434 5444
2435 5444
2435 10015
2437 6352
2437 7506
2438 2439
2438 7976
2438 7993
2439 2552
2439 7979
2439 8003
2440 2441
2441 10989
2442 4494
2443 4491
2443 4493
2443 11601
2444 8352
2444 8353
2444 10695
2445 2455
2445 8775
2446 5752
2446 5755
2447 4211
2447 4545
2449 5760
2449 10400
2450 4680
2450 5766
2450 10689
2451 3012
2451 6682
2451 6683
2451 9001
2451 11826
2452 2467
2452 10399
2453 2498
2453 5178
2454 4358
2454 5101
2454 9902
2455 2457
2455 2466
2455 8765
2455 8771
2455 8775
2457 8771
2458 2758
2458 2762
2458 5452
2458 5470
2458 5471
2459 2470
2459 2481
2460 2462
2460 3211
2460 8988
2461 2462
2461 3814
2461 5615
2462 5608
2463 12273
2465 6235
2465 7877
2467 10399
2468 2531
2468 10745
2469 10875
2470 8413
2471 2472
2471 10846
2471 11330
2472 10846
2473 10846
2473 11330
2475 4359
2475 11214
2476 2477
2477 7175
2478 7177
2479 7156
2481 2492
2481 2503
2482 7356
2482 9282
2483 4263
2483 6220
2484 2487
2485 2486
2485 2489
2490 10584
2490 10585
2491 6334
2492 2503
2494 4542
2494 6326
2494 6331
2495 2501
2495 11002
2495 11058
2496 5630
2496 6272
2496 6275
2497 6235
2497 6241
2497 6244
2498 2884
2498 5089
2499 4296
2500 8928
2500 9228
2501 11002
2502 10350
2502 10358
2503 8410
2504 6323
2506 3814
2506 4958
2506 5614
2506 5675
2507 6137
2507 6138
2507 6153
2509 2577
2510 6156
2511 12056
2512 2513
2512 6856
2513 11591
2514 2525
2514 2536
2515 8118
2515 8164
2515 9531
2516 2517
2516 2895
2516 5885
2517 2894
2517 5871
2518 5893
2518 5915
2518 8283
2519 2895
2519 2896
2519 5895
2520 4623
2521 4882
2522 8523
2524 9107
2525 2547
2526 5354
2528 5015
2528 11890
2529 8986
2529 8991
2530 4294
2532 12209
2533 4427
2535 2537
2535 6332
2536 2570
2536 2584
2536 8398
2537 2538
2538 2565
2538 4530
2539 10198
2540 11813
2540 11892
2541 3684
2541 12230
2542 4524
2542 4551
2542 9905
2543 3227
2543 3252
2543 3289
2544 7294
2545 3685
2545 8275
2546 11127
2547 2559
2547 2570
2548 9539
2548 9540
2549 6437
2550 6436
2550 6437
2551 5048
2551 10415
2552 7982
2552 7984
2553 10496
2554 4678
2554 9709
2555 4191
2555 9449
2555 9450
2555 9715
2556 4184
2556 9449
2557 4186
2557 6920
2558 2590
2558 2601
2559 2581
2559 5622
2560 9542
2561 6089
2561 11016
2561 11020
2562 2573
2564 5288
2565 4530
2565 6328
2566 9145
2566 11188
2567 11258
2568 12295
2571 5011
2572 8783
2573 4195
2574 4747
2574 6497
2574 6580
2575 2576
2575 3001
2576 3012
2578 2579
2578 7690
2580 8781
2581 8398
2581 8399
2582 7653
2582 7658
2582 8801
2583 5622
2583 7312
2583 10771
2584 2585
2584 2586
2585 2586
2585 2587
2586 2591
2586 8405
2587 2588
2587 2589
2587 2591
2588 2589
2588 8406
2588 8457
2591 8406
2591 8427
2592 3887
2592 3892
2592 4177
2593 3884
2594 2595
2594 3267
2594 3745
2595 2596
2595 9389
2596 2597
2597 3912
2597 9456
2597 9467
2598 2599
2598 2600
2598 3267
2599 2602
2599 10323
2601 2612
2602 2603
2602 3411
2603 2604
2603 10311
2604 3129
2604 3133
2605 2606
2605 2607
2605 3066
2606 8556
2606 10311
2607 3066
2607 3068
2607 3579
2607 8556
2608 2609
2608 4169
2608 8620
2609 2610
2610 2611
2610 2616
2610 10403
2610 10405
2610 10406
2613 2614
2613 2615
2614 2625
2614 10262
2614 10264
2615 10248
2615 10258
2616 2617
2616 2626
2616 10415
2617 10415
2618 2619
2618 3762
2618 4160
2618 5339
2618 8620
2619 2667
2619 5341
2619 6368
2620 2621
2620 2622
2620 2624
2620 10253
2621 2625
2622 10251
2622 10254
2623 2634
2623 2701
2623 5100
2624 2625
2624 10262
2625 10265
2626 2627
2626 2628
2626 2629
2627 7740
2627 10414
2629 2630
2629 6393
2629 7691
2629 8815
2630 7654
2630 8801
2631 2632
2631 5044
2632 5044
2632 5125
2632 7688
2633 2635
2633 7646
2633 7647
2633 8768
2635 9441
2635 11692
2636 2637
2636 2638
2636 2639
2637 2638
2637 11951
2638 11950
2639 7645
2639 11688
2639 11691
2640 2641
2640 2642
2640 7626
2640 11775
2640 11950
2641 7620
2641 7627
2642 7626
2643 2644
2643 2646
2643 2647
2644 2648
2645 2657
2645 5544
2646 7737
2646 7739
2647 7714
2647 7723
2647 7741
2648 7720
2648 7745
2649 2650
2649 4091
2649 7202
2650 2651
2650 2652
2650 2653
2651 2658
2652 2908
2652 2909
2653 9913
2653 9914
2654 2655
2654 2658
2654 2660
2655 2658
2655 4119
2656 2767
2658 2660
2658 4093
2658 9913
2659 2660
2659 4075
2660 9913
2660 9916
2661 2662
2661 2663
2661 9961
2662 3686
2662 4649
2663 4076
2664 2665
2664 2666
2664 2667
2665 7993
2666 2667
2666 3511
2668 2679
2668 2690
2669 2670
2669 2672
2670 3510
2670 3511
2671 2672
2673 2674
2673 5383
2673 10678
2674 4201
2674 7098
2674 7099
2675 2676
2675 7968
2676 2677
2676 2678
2676 7968
2677 2678
2678 2680
2679 9323
2680 2681
2680 2682
2680 8610
2681 4198
2681 8602
2682 8604
2682 8605
2682 8609
2683 2684
2683 2685
2684 2685
2684 2686
2685 7918
2686 2687
2686 2688
2687 2689
2687 8035
2687 10377
2688 8360
2688 10377
2689 2691
2691 8025
2692 2693
2692 2694
2692 2695
2692 3832
2693 2694
2693 2695
2693 2747
2693 3809
2693 6269
2694 2746
2694 6238
2695 3821
2696 2697
2696 6984
2696 6988
2697 3465
2697 6983
2697 7002
2697 7003
2698 2699
2698 2700
2698 2702
2699 2703
2699 6911
2699 8272
2700 2737
2700 4425
2701 11711
2702 6999
2702 7002
2703 3466
2704 2705
2704 5643
2704 6484
2704 8200
2705 6482
2706 2707
2706 2708
2706 2709
2706 2870
2707 6503
2707 6569
2707 6948
2708 4737
2708 6569
2708 6570
2709 4815
2709 4816
2710 2711
2710 6495
2710 6573
2711 4749
2711 6513
2712 2723
2712 2734
2712 2745
2713 2714
2713 6515
2714 4739
2714 4740
2715 2716
2715 4739
2716 6476
2716 6479
2716 6480
2716 6481
2716 6482
2716 6929
2717 2718
2717 2719
2717 6975
2718 2864
2718 6976
2719 2720
2719 4396
2720 2721
2720 2724
2721 4395
2722 2724
2722 2727
2722 6972
2723 4100
2725 2726
2725 2727
2725 2730
2726 6504
2726 6573
2726 6947
2727 6954
2728 2729
2728 2730
2728 2731
2729 6957
2729 6958
2729 6959
2730 6955
2731 2733
2731 6962
2732 2733
2732 2735
2733 6513
2734 3062
2735 6965
2736 2737
2736 2738
2736 6928
2736 6931
2737 4424
2737 4425
2738 3470
2738 4423
2738 4424
2738 10245
2739 2740
2739 2741
2739 6236
2740 6235
2741 2744
2741 2746
2741 4258
2742 2743
2742 2744
2742 6247
2743 4260
2743 6248
2743 11445
2744 2747
2744 3810
2745 3068
2745 3125
2746 2747
2746 6236
2747 6247
2748 2749
2748 2750
2748 2757
2748 2758
2748 5603
2748 5618
2749 5473
2749 5479
2750 5594
2750 5605
2750 5608
2751 2752
2751 2753
2751 2766
2751 5562
2752 2754
2752 2755
2752 5565
2753 5414
2753 5565
2753 5566
2754 2759
2754 4356
2755 4356
2755 5512
2755 5559
2755 5562
2756 2768
2756 2779
2756 2790
2756 2801
2757 2758
2757 2762
2757 5486
2757 5618
2758 5474
2759 2760
2759 2761
2759 4345
2760 5564
2760 5565
2761 2762
2761 4367
2761 5452
2762 5487
2763 2764
2763 2765
2763 5543
2764 4139
2764 5569
2765 2766
2765 2769
2765 5541
2765 5552
2765 5563
2766 5563
2767 3100
2768 4932
2768 4935
2768 8322
2769 5568
2769 5569
2770 2771
2770 2772
2770 5582
2771 5831
2771 5843
2771 5849
2772 5460
2772 5574
2772 5843
2773 2774
2773 2775
2773 2776
2774 2782
2774 5847
2775 5831
2775 5832
2775 5833
2776 5833
2776 5846
2776 5847
2777 2778
2777 2780
2777 2781
2777 2782
2778 5830
2778 5838
2778 5839
2779 3764
2779 3765
2779 3766
2780 3865
2780 4832
2780 5844
2781 4832
2781 5829
2781 5830
2782 5838
2782 5844
2783 2784
2783 2785
2783 2786
2783 4841
2784 3716
2784 4833
2784 4835
2785 3716
2785 3718
2785 3794
2786 3718
2786 3720
2786 3724
2787 2788
2787 2789
2787 12297
2788 12297
2788 12303
2789 5814
2790 3598
2790 4936
2790 4938
2791 2792
2791 2793
2791 3791
2791 10385
2792 3792
2792 11965
2793 3726
2793 3737
2794 2795
2794 2796
2794 2797
2795 9999
2795 11958
2796 11962
2797 11962
2797 11963
2798 2799
2798 2800
2798 2802
2799 2802
2799 2804
2799 12302
2800 2803
2800 2804
2800 2805
2801 3766
2801 3836
2801 4929
2802 12306
2803 2825
2803 3135
2804 12305
2805 2825
2805 2827
2806 2807
2806 2808
2806 2809
2806 3628
2807 3224
2807 3226
2807 3628
2808 3923
2808 3934
2809 2810
2809 2811
2809 2814
2810 2815
2810 3628
2810 5372
2811 3273
2811 10307
2812 2823
2812 2834
2813 2814
2813 2815
2813 2816
2813 2817
2814 10307
2815 3704
2815 5363
2816 2821
2816 3699
2816 3704
2817 2818
2817 2821
2817 3304
2817 10307
2818 2819
2818 2820
2819 3270
2819 3271
2820 3271
2820 3286
2820 3304
2821 3702
2822 2824
2822 2825
2822 3179
2823 3483
2823 3772
2824 3873
2825 2826
2826 11345
2827 11973
2827 11974
2828 2829
2828 2830
2828 3969
2829 2831
2830 8930
2830 8932
2831 8935
2832 8934
2832 8936
2833 2835
2834 2956
2834 2967
2835 2836
2835 2837
2836 9141
2837 6707
2838 2839
2838 6702
2838 6710
2839 2840
2839 2841
2839 6701
2840 3543
2840 6712
2841 2844
2841 6510
2841 6717
2842 2843
2842 2844
2842 2846
2843 2847
2843 6694
2843 6743
2844 6509
2845 2856
2845 2867
2845 3463
2845 4954
2846 2847
2846 2849
2846 6718
2847 6698
2847 6742
2848 2849
2848 2850
2848 2859
2849 6742
2850 4705
2850 4972
2850 6742
2851 2852
2851 2853
2851 6510
2852 6716
2852 6721
2853 2854
2853 6718
2854 2855
2854 6719
2855 2857
2856 3838
2856 4648
2857 2858
2857 6735
2858 2859
2858 2860
2858 2861
2859 2862
2859 4705
2860 6506
2860 6764
2861 4706
2861 4707
2861 6734
2862 2863
2862 2864
2863 5002
2863 6782
2863 6783
2864 2865
2865 2866
2865 6505
2866 2868
2866 2869
2866 6753
2867 4940
2868 2870
2868 6949
2869 4817
2870 4817
2871 2872
2871 2873
2871 2874
2871 4923
2872 2880
2872 2881
2872 2882
2873 8524
2873 8537
2874 2875
2874 8537
2875 2876
2875 2877
2875 4923
2876 8638
2877 8536
2877 8537
2878 2989
2878 3211
2879 2934
2879 4933
2879 8433
2880 4923
2881 6348
2881 8528
2882 5349
2882 8524
2882 8525
2883 2884
2883 4550
2883 9905
2885 2886
2885 8622
2886 6249
2886 6250
2887 4879
2887 10165
2887 10425
2888 2892
2888 4879
2889 4879
2889 10425
2889 10426
2890 2923
2890 4953
2890 8433
2891 2892
2891 2893
2892 10429
2893 10143
2893 10429
2894 2897
2894 4768
2894 5875
2895 4768
2895 5895
2896 4734
2896 4768
2897 4790
2897 4801
2898 2899
2898 8895
2898 10584
2899 8902
2900 2902
2900 2903
2900 2904
2901 3425
2901 4953
2901 8433
2901 8544
2902 10708
2902 10709
2903 2905
2903 2906
2903 9915
2904 9913
2904 9914
2905 4394
2906 10707
2906 10708
2907 2908
2907 2909
2907 4088
2908 4393
2909 4086
2910 2911
2910 2913
2910 4077
2911 4465
2911 4466
2912 2923
2912 2934
2912 3520
2912 4931
2913 4920
2913 4921
2914 2915
2914 9711
2914 11234
2915 2916
2915 6079
2916 6076
2916 6079
2917 2918
2917 2919
2917 2920
2917 2921
2918 2922
2918 2924
2918 2925
2919 6075
2919 9411
2920 2924
2920 6066
2920 9411
2921 5999
2922 2926
2922 2927
2923 2978
2923 2990
2923 4951
2924 2926
2925 5995
2925 5999
2926 8878
2926 10866
2927 6003
2927 6006
2928 2929
2928 10878
2930 2931
2931 2932
2931 2935
2932 2933
2932 2942
2933 2942
2933 2944
2933 2946
2934 4929
2935 2936
2935 2937
2936 2937
2936 3057
2937 2938
2938 2939
2938 3060
2939 2940
2940 2941
2941 2942
2941 2943
2943 2944
2944 2946
2945 2956
2947 2950
2948 2949
2948 7300
2949 2950
2951 2952
2951 2953
2952 2957
2952 2958
2953 2954
2953 7267
2954 2958
2955 7267
2956 3464
2956 3772
2957 2959
2957 2960
2958 2959
2959 2962
2960 2961
2960 2962
2961 2963
2961 3055
2962 2965
2963 2964
2963 2965
2964 5977
2964 5979
2965 2966
2967 3464
2967 3773
2968 3369
2968 10877
2969 3025
2969 3028
2969 7411
2970 2972
2970 9334
2971 8489
2972 8489
2972 8511
2973 2975
2973 8489
2973 8500
2973 9855
2974 8511
2974 9323
2975 3050
2976 3038
2976 9844
2976 9855
2976 10044
2977 3043
2977 9844
2978 3421
2978 4953
2979 2981
2979 5969
2979 11877
2979 12099
2980 2981
2980 2982
2980 7078
2981 5957
2981 5966
2982 2983
2982 5947
2983 7023
2984 2985
2984 2986
2984 6934
2985 6956
2987 2988
2987 2991
2987 2992
2988 6912
2989 3100
2989 3813
2989 5655
2990 3001
2990 4951
2991 6901
2992 6879
2993 2994
2993 6912
2994 2995
2994 6036
2995 2996
2995 6036
2996 2997
2996 2998
2997 6038
2997 6040
2997 6041
2998 6041
2998 6890
2999 3000
2999 3002
2999 3003
3000 6311
3001 3012
3001 3520
3001 8504
3001 10772
3003 3344
3003 6334
3004 4580
3004 4582
3004 6256
3006 3097
3006 5973
3006 9988
3007 3014
3007 3972
3007 8877
3008 3009
3008 3010
3008 3972
3009 3010
3009 3033
3009 10421
3009 11592
3009 11849
3010 11593
3011 3013
3011 3014
3011 9322
3012 4693
3012 4694
3013 6625
3013 9189
3013 9211
3014 8877
3015 3016
3015 3017
3015 3332
3016 3363
3016 5773
3016 11733
3017 3093
3017 3095
3018 3019
3018 3096
3018 9544
3019 3085
3019 3086
3020 9655
3020 10211
3021 5728
3021 5729
3021 11122
3022 4683
3022 4687
3022 5759
3022 11122
3023 3034
3023 3045
3023 3056
3023 3067
3024 3842
3024 11111
3024 11122
3025 3026
3025 3028
3026 3027
3026 9579
3026 9580
3026 9584
3026 11843
3027 3028
3027 7378
3028 10881
3029 3030
3029 9572
3029 10421
3030 3035
3031 3032
3031 3033
3031 3035
3033 10419
3034 5729
3034 11111
3034 11122
3035 7167
3035 9574
3035 9577
3036 3039
3036 3043
3036 10033
3037 3039
3037 3040
3037 10033
3038 10033
3039 10300
3040 3041
3040 3042
3040 8755
3041 3194
3041 10467
3042 3142
3042 10289
3043 3044
3044 10300
3045 5733
3045 11833
3046 6767
3046 6989
3046 10044
3046 10055
3047 3048
3047 6989
3047 10055
3048 3183
3048 3187
3049 3072
3049 3083
3049 6767
3050 6767
3051 3072
3051 3083
3051 6322
3052 6211
3052 6322
3053 5737
3053 5739
3053 7878
3054 3131
3054 3400
3054 3446
3055 3057
3055 3058
3056 11833
3056 11844
3056 11855
3057 3059
3058 5977
3059 3060
3060 3061
3061 3787
3061 3788
3062 3118
3062 3121
3063 3064
3063 3065
3063 10323
3064 3116
3064 3623
3065 3623
3065 8545
3066 3128
3067 11844
3068 3126
3069 3070
3069 3071
3070 3072
3070 6655
3071 3098
3071 6655
3073 3878
3074 3075
3074 3076
3074 3077
3074 3191
3075 3186
3075 3187
3075 3236
3076 3164
3076 3190
3077 3243
3078 3089
3078 3101
3078 3112
3078 4937
3079 3080
3079 3081
3079 3082
3079 3161
3080 3294
3080 7211
3081 3168
3081 3293
3081 3312
3082 3168
3082 3169
3084 3086
3084 9655
3084 9766
3084 11711
3085 3087
3085 3094
3086 9766
3087 3088
3087 3090
3088 3090
3088 3092
3088 3095
3089 3134
3089 3167
3089 3482
3090 3091
3091 3363
3091 10378
3092 3093
3092 3094
3092 3095
3093 3096
3094 3096
3095 3363
3097 5972
3097 11322
3098 3389
3098 6878
3099 3102
3099 3103
3099 3104
3101 3482
3101 4936
3101 4938
3102 3106
3102 3334
3103 3115
3103 11267
3104 11267
3105 3117
3105 3300
3105 3334
3107 3108
3107 3109
3107 3113
3108 3111
3108 3113
3109 3110
3109 3111
3110 3111
3112 3123
3112 3156
3112 5802
3113 3300
3114 3115
3114 3634
3114 3645
3117 3311
3117 3356
3118 3119
3119 3120
3120 10334
3122 3124
3122 10345
3123 5799
3123 8211
3124 3125
3124 7744
3125 3126
3126 7744
3127 3128
3127 3130
3127 7755
3128 3129
3129 10311
3130 3131
3130 3133
3131 3132
3132 3133
3134 3145
3134 3156
3134 3449
3135 3479
3136 3139
3136 3140
3136 5345
3137 3175
3137 11334
3138 3139
3138 11334
3140 4143
3141 8711
3141 10456
3141 10467
3142 8700
3143 3144
3143 9167
3143 11589
3144 3146
3144 3147
3144 11578
3145 3448
3145 5803
3145 5804
3146 3148
3146 3149
3146 3150
3147 3148
3147 9167
3148 3171
3148 3172
3149 3151
3149 3161
3149 11578
3150 3151
3150 3152
3150 3171
3151 3169
3151 11811
3152 3153
3152 3154
3152 11811
3153 3171
3153 3174
3153 9045
3154 3155
3154 9045
3154 11822
3155 5742
3155 5743
3156 5804
3157 5741
3157 9045
3157 9056
3158 3163
3158 3193
3158 10456
3159 3163
3159 3165
3159 7322
3159 11589
3160 3161
3160 7211
3160 11578
3161 3169
3162 3169
3162 3170
3162 11811
3163 3164
3163 3190
3164 3165
3164 3243
3165 3166
3165 7100
3166 3244
3166 3246
3166 7100
3167 3189
3167 3447
3167 5426
3168 3170
3170 7544
3171 3173
3172 3173
3172 9156
3173 3174
3173 9067
3174 9067
3176 3177
3176 3179
3177 3180
3178 3189
3178 3223
3178 3408
3179 11345
3180 3181
3181 6618
3181 6619
3182 3183
3182 3184
3182 8733
3183 3186
3183 3187
3184 3185
3184 3186
3185 3191
3185 3192
3185 8733
3186 3191
3187 3188
3188 3229
3188 3233
3188 3236
3189 3413
3189 5431
3190 3191
3190 3193
3192 3193
3192 10445
3193 10434
3194 8722
3194 8744
3195 3196
3195 3197
3196 9752
3197 3198
3198 3202
3198 10136
3199 3201
3199 3202
3200 3212
3200 3223
3200 5409
3201 3203
3201 12240
3203 3204
3203 12241
3204 8839
3204 12228
3205 3206
3205 3207
3205 3208
3206 8679
3207 8580
3207 8581
3207 8843
3207 12221
3208 12221
3208 12225
3209 3210
3209 3213
3211 11210
3212 3751
3212 3754
3212 3858
3213 3214
3213 10648
3214 3215
3215 10650
3215 10651
3216 3217
3216 3218
3218 7113
3218 10651
3219 3222
3219 3901
3220 3221
3220 3890
3220 3912
3222 3468
3222 12307
3223 3858
3223 5429
3224 3711
3224 3856
3225 3713
3225 3856
3225 3867
3225 4173
3226 3254
3226 3856
3227 3289
3227 11866
3228 3252
3228 3253
3228 11866
3229 3378
3230 3258
3230 8944
3230 9511
3231 3232
3231 3233
3232 3238
3232 3323
3233 3235
3234 3245
3234 3256
3234 3267
3234 3278
3234 3745
3235 3237
3235 3238
3235 3239
3236 3242
3237 3248
3237 3314
3238 3247
3239 3240
3239 3314
3240 3241
3240 3242
3241 3243
3241 3246
3241 3284
3242 3243
3244 3292
3244 3294
3245 9500
3245 9511
3246 3285
3247 3248
3247 3249
3248 3250
3248 3254
3248 3283
3249 3251
3249 3252
3250 3280
3250 3283
3251 3254
3251 3255
3253 3258
3253 3278
3255 3257
3255 8944
3256 3734
3256 3745
3257 3945
3257 8955
3259 3260
3259 3261
3259 3698
3260 7110
3260 7557
3260 9947
3261 7557
3261 7559
3261 7560
3262 3263
3262 3264
3262 3694
3262 3695
3262 4388
3262 7290
3263 4380
3263 10688
3264 4383
3264 4386
3265 3266
3265 3268
3265 3269
3266 7558
3266 7560
3268 7250
3269 7233
3269 7561
3270 3272
3270 3276
3271 3276
3272 3273
3272 3274
3273 3934
3274 3275
3274 3276
3275 3277
3275 3288
3276 3288
3277 3279
3277 3280
3278 11866
3279 3287
3279 3288
3280 3281
3280 3282
3281 3283
3281 3285
3281 3291
3282 3287
3282 3290
3282 3312
3283 3284
3284 3285
3284 3314
3285 3292
3286 3287
3286 3288
3286 3297
3287 3295
3289 3300
3289 3311
3290 3291
3290 3293
3291 3292
3293 3294
3295 3296
3295 3297
3296 3298
3296 3301
3296 3312
3297 3298
3298 3299
3299 3301
3299 3304
3300 11256
3301 3302
3301 3303
3302 3305
3302 3313
3303 3312
3303 3313
3304 3305
3304 3306
3305 3307
3305 3315
3306 3315
3306 3370
3307 3376
3307 7433
3308 3309
3308 3310
3308 7655
3309 3377
3309 3387
3310 3315
3310 3383
3312 3313
3313 7544
3315 3376
3316 7345
3316 11133
3317 7345
3317 9271
3318 11133
3319 3320
3319 3321
3319 3324
3319 3325
3319 3326
3320 9266
3320 9270
3321 3326
3322 3434
3322 3545
3322 3656
3322 5673
3323 3334
3323 3345
3323 3356
3324 9271
3324 9273
3325 9235
3325 9270
3326 12122
3327 3328
3327 3329
3327 12122
3328 3330
3328 9247
3328 12088
3329 9236
3329 9237
3329 9263
3330 3331
3330 12088
3331 11853
3331 12155
3331 12166
3332 11733
3332 11744
3333 3335
3333 11544
3333 11766
3335 5774
3335 9322
3336 3337
3336 3338
3336 3339
3337 3518
3338 3518
3338 3519
3339 3507
3339 3509
3340 3341
3340 12044
3341 9971
3341 12077
3342 3343
3342 5533
3343 5533
3344 3346
3344 3347
3344 6334
3345 3378
3346 3348
3346 3349
3347 6334
3347 10594
3347 11159
3348 3349
3348 6289
3349 6300
3349 11015
3350 3351
3350 6400
3351 6389
3351 11129
3352 6411
3353 6434
3353 6567
3354 6063
3354 6478
3355 4225
3355 4226
3357 3358
3357 8018
3357 8025
3358 8016
3358 8612
3358 8613
3359 8678
3359 11088
3360 3361
3360 8678
3360 9156
3361 5777
3361 11100
3362 4149
3362 4150
3362 5774
3362 5775
3362 11744
3362 11755
3364 5773
3364 10389
3364 11733
3365 10322
3365 10877
3366 10955
3366 11411
3367 3378
3367 3389
3367 6878
3370 3371
3370 3372
3371 3382
3371 3383
3372 3373
3372 3382
3373 3374
3373 3375
3374 3380
3374 3381
3374 3382
3375 3392
3375 5791
3376 7655
3377 8100
3379 3385
3379 3386
3379 3387
3379 8100
3380 3384
3380 3385
3381 3444
3381 5791
3382 3386
3383 3386
3383 3387
3384 3385
3384 7989
3384 11855
3388 3390
3388 3391
3388 3392
3390 5781
3391 3990
3391 5781
3392 3445
3393 3394
3393 3395
3393 3396
3393 3397
3394 3398
3394 3399
3394 3401
3395 3399
3395 5733
3395 5735
3396 3397
3396 4952
3396 5735
3397 3398
3397 3426
3398 4949
3399 4025
3399 5732
3400 3411
3400 3422
3401 4025
3401 5795
3402 3403
3402 3436
3402 4323
3402 5796
3403 3432
3403 5370
3403 5371
3404 3405
3404 3406
3404 3415
3404 5370
3405 3407
3405 3450
3406 3431
3406 3432
3406 3450
3407 3408
3407 3409
3407 3410
3408 3858
3408 3905
3409 3412
3409 3413
3410 3450
3410 3797
3410 3798
3411 10323
3412 3414
3412 3795
3413 3796
3414 3415
3414 3416
3415 3417
3415 5803
3416 3448
3416 3795
3416 5803
3417 4820
3417 5370
3418 3419
3418 3420
3418 5795
3419 4022
3419 4025
3419 5786
3419 5795
3420 4017
3420 5787
3421 3423
3421 3424
3422 3435
3422 3446
3423 3425
3423 4953
3424 4950
3424 5800
3425 3426
3426 4949
3426 5800
3427 3428
3427 3429
3427 3967
3427 4200
3428 4212
3428 5778
3428 5780
3429 3438
3429 4245
3429 4256
3430 3438
3430 4167
3430 4178
3430 4245
3431 4234
3431 4278
3431 5355
3432 3436
3432 5355
3433 4544
3433 5655
3434 4960
3434 4962
3435 3457
3436 3437
3436 4223
3436 5784
3437 4212
3437 5784
3438 3967
3438 3978
3439 3747
3439 3750
3439 4123
3439 4289
3440 4123
3440 4156
3440 4167
3441 3747
3441 4123
3441 4134
3441 5447
3442 3978
3442 4189
3442 4300
3443 3444
3443 3445
3443 5791
3443 5792
3444 5783
3444 11855
3445 5780
3445 5782
3446 7767
3447 3478
3447 3480
3447 3481
3448 3449
3448 3796
3449 5431
3450 4278
3451 3452
3452 3453
3452 3454
3452 3460
3453 3456
3454 5689
3455 3458
3456 5687
3457 3468
3457 3479
3459 3460
3459 3461
3459 3462
3459 3773
3460 3777
3460 5689
3461 3463
3461 3464
3462 3463
3462 4954
3465 6982
3465 6998
3466 3467
3466 3469
3467 6864
3467 6911
3469 4423
3469 6862
3470 10256
3471 3472
3471 3473
3471 3755
3471 3803
3472 3597
3472 3763
3472 3764
3473 3597
3473 4919
3474 3475
3474 3476
3474 3477
3474 3807
3475 3802
3475 4942
3476 3802
3476 3804
3477 4943
3477 5119
3478 5427
3479 12017
3480 3804
3481 3482
3481 3803
3481 4919
3482 4919
3483 3484
3483 3485
3483 3770
3484 3765
3484 3769
3484 4928
3485 4928
3486 5688
3486 10156
3486 10773
3487 3488
3487 3489
3487 3491
3488 3492
3488 3497
3489 3504
3489 3509
3490 4767
3491 3497
3491 3503
3491 3504
3492 3493
3492 3494
3493 3495
3493 5344
3494 5344
3494 5346
3495 3496
3495 3497
3495 3498
3496 3499
3496 4172
3496 5344
3498 3499
3498 3503
3499 3500
3499 3502
3500 4163
3500 8539
3501 4656
3501 4767
3501 4989
3502 6325
3502 8538
3503 4286
3504 3508
3504 4286
3505 3506
3505 3507
3506 4285
3507 3508
3508 3509
3510 3511
3510 3514
3512 3523
3512 3534
3512 3568
3513 3514
3513 3515
3513 6373
3515 4896
3516 3517
3516 3518
3517 5034
3519 5034
3519 6341
3520 3522
3520 10772
3521 3522
3521 3524
3521 3525
3522 10772
3524 3833
3524 3835
3524 4964
3525 4964
3525 5000
3526 3527
3526 3528
3526 4941
3527 4981
3527 4983
3528 4925
3528 4927
3529 3530
3529 3531
3529 3532
3529 3533
3530 4365
3530 4762
3530 4763
3530 10779
3531 3540
3531 9810
3532 4309
3532 9809
3532 9810
3533 3539
3533 4315
3534 3546
3534 3557
3535 3536
3535 3537
3535 3548
3535 4797
3536 4765
3536 4795
3536 9807
3537 9807
3538 3539
3538 3540
3539 10376
3540 6786
3540 9812
3541 3542
3541 4299
3541 10393
3542 4312
3543 3544
3543 3547
3543 6739
3544 9114
3544 9115
3544 9116
3546 3590
3547 6712
3547 6713
3547 6714
3548 3549
3548 4773
3549 4783
3549 4784
3549 4797
3550 3551
3550 4776
3550 6787
3551 4294
3551 4781
3552 3553
3552 4775
3552 6492
3552 6811
3553 3554
3553 3555
3553 3558
3554 6799
3554 6809
3554 6811
3555 3640
3555 6806
3556 3558
3556 4295
3556 6808
3557 3568
3557 3590
3558 6807
3559 3560
3559 3561
3559 6465
3559 6491
3560 4776
3560 6491
3560 6789
3561 3562
3563 3564
3563 3565
3563 3566
3564 3566
3564 3583
3566 3567
3566 3569
3567 9057
3567 9058
3567 9059
3568 3579
3569 4233
3569 9059
3570 3571
3570 3572
3570 3573
3570 9058
3571 3572
3571 3582
3572 9087
3572 9088
3573 9087
3573 9520
3573 9521
3574 6465
3575 3576
3575 3577
3576 6464
3576 8375
3577 6462
3577 6463
3577 6464
3578 3580
3578 3581
3578 8114
3578 8956
3579 3601
3579 8545
3580 9040
3580 9042
3580 9044
3581 9040
3581 9053
3581 9054
3582 9057
3582 9058
3583 3584
3583 3585
3583 9057
3585 6462
3586 3587
3586 4816
3586 4817
3587 4792
3587 6795
3588 3589
3588 3591
3588 3592
3589 5645
3589 5646
3590 3601
3591 5637
3591 5638
3592 5632
3592 5646
3593 3594
3593 3595
3593 3827
3593 5711
3594 5707
3594 5708
3595 3596
3596 3825
3596 3828
3596 5706
3597 3598
3597 4938
3598 3764
3599 3600
3599 3602
3600 5221
3601 3612
3602 5218
3603 4430
3603 5123
3603 9970
3604 3605
3604 3606
3604 3607
3605 4228
3606 4226
3606 4229
3607 4174
3607 4228
3608 3609
3608 4175
3608 4176
3608 5034
3608 6340
3608 6342
3609 3610
3609 6340
3610 5214
3610 5215
3611 3613
3611 3614
3611 4723
3611 5919
3612 3623
3612 3634
3613 5915
3613 5917
3614 5915
3614 5916
3615 3616
3615 3617
3615 3618
3616 8337
3616 10103
3617 10106
3618 8512
3618 8513
3618 10105
3619 3620
3619 3621
3619 3785
3619 4967
3619 8634
3620 4956
3621 10103
3622 3624
3622 7097
3622 8347
3624 8598
3624 8599
3625 3626
3625 3627
3625 3681
3626 4650
3626 5041
3627 4076
3627 4077
3628 5373
3629 3630
3629 7018
3629 7019
3630 6481
3630 6483
3630 6484
3631 3632
3631 3635
3631 6576
3631 6581
3631 6583
3632 6940
3632 6942
3633 3635
3633 3638
3633 6487
3634 3645
3636 3637
3636 3638
3636 3639
3637 3640
3637 3641
3639 6490
3640 6799
3640 6802
3641 6802
3641 6803
3642 3643
3642 3644
3642 6576
3643 6473
3643 6516
3644 6932
3644 6936
3644 6939
3645 3657
3646 3647
3647 3648
3648 3649
3648 6564
3649 3650
3649 3651
3650 3651
3650 7177
3651 7173
3651 7174
3652 3653
3652 3654
3652 3655
3652 3658
3653 9834
3653 9838
3654 3659
3654 3660
3654 12134
3655 9829
3655 9832
3656 3818
3656 4955
3657 3668
3658 9838
3658 9840
3659 3661
3659 10078
3660 9840
3660 12132
3661 8573
3661 8629
3661 8630
3662 3663
3662 3664
3662 6158
3662 8644
3664 3665
3664 6102
3664 6159
3665 3666
3665 6163
3666 3667
3666 6162
3667 3669
3667 4492
3668 3679
3668 3690
3669 6102
3670 3671
3670 6124
3670 6155
3671 3672
3671 3673
3672 3674
3672 3675
3673 6124
3673 6164
3673 6165
3673 6166
3674 3676
3674 4470
3675 10966
3675 10989
3676 3677
3676 3678
3677 3678
3677 3680
3678 4054
3678 8232
3679 3690
3679 6211
3680 3681
3680 3682
3681 8279
3682 8276
3683 3684
3683 3685
3684 10722
3685 4326
3686 3687
3686 7115
3687 12020
3687 12021
3688 3689
3688 4392
3688 4922
3689 4649
3690 5989
3691 3692
3691 3693
3691 4085
3691 4391
3693 4081
3693 4083
3694 3695
3694 7210
3695 3696
3695 3697
3695 4391
3695 7288
3695 7290
3696 7209
3696 10706
3697 7208
3697 7209
3697 7210
3698 7279
3698 9956
3699 3700
3699 3702
3699 3703
3700 5359
3700 5360
3700 5361
3701 3712
3701 3723
3701 5656
3701 5989
3702 5359
3703 3704
3703 3705
3703 5361
3704 3707
3705 3706
3705 3707
3705 5364
3706 5361
3706 5365
3707 3708
3708 3709
3708 3710
3709 5364
3709 5865
3710 3846
3710 3850
3710 5363
3711 3713
3711 3714
3711 3715
3713 3854
3714 3793
3714 3853
3714 3854
3715 3846
3715 5373
3716 3717
3716 3793
3717 3866
3717 4831
3717 4833
3718 3719
3718 5828
3719 3724
3719 3727
3719 3728
3720 3721
3720 3722
3721 9795
3721 9818
3722 3724
3722 3725
3723 4989
3723 5211
3724 3726
3725 3726
3725 10383
3726 3728
3727 5827
3727 5828
3728 3729
3729 3730
3729 4829
3729 5827
3730 3731
3730 5810
3731 3732
3731 3737
3732 3733
3732 3735
3733 3789
3733 9489
3734 3756
3734 3768
3734 9500
3735 3737
3735 3789
3735 3791
3736 3789
3736 3792
3736 9489
3738 3739
3738 3740
3738 11545
3739 3741
3740 10385
3741 10013
3741 10014
3741 11545
3742 4101
3742 10015
3743 3744
3743 4101
3743 5449
3744 4134
3744 5446
3744 5447
3745 3756
3745 9389
3746 3747
3746 3748
3746 5447
3746 5450
3747 3749
3748 3749
3748 3855
3748 3857
3748 3905
3748 5450
3749 3750
3750 3797
3750 4267
3751 3752
3751 3753
3751 3754
3752 5418
3752 5421
3753 5418
3753 5419
3754 5439
3755 3757
3755 3759
3755 3763
3756 3779
3756 3790
3757 3803
3757 4942
3758 3759
3758 5689
3759 3805
3760 3761
3760 4170
3760 6366
3761 3762
3761 4171
3762 4171
3763 4646
3763 4647
3764 4646
3765 3771
3765 4646
3766 3771
3766 4926
3767 3878
3768 5797
3768 11489
3769 3770
3769 3771
3771 4925
3772 3774
3774 3775
3774 3776
3777 3778
3777 3781
3777 5691
3778 5692
3778 5694
3779 3801
3779 9378
3779 11489
3780 3781
3780 3782
3780 10145
3781 5692
3782 3783
3782 5688
3782 10156
3784 3785
3784 4073
3784 8634
3784 10369
3784 11989
3786 8632
3786 8640
3786 10922
3788 6029
3788 6651
3790 9378
3790 9389
3791 3792
3793 3794
3793 3866
3794 3854
3794 5826
3795 3796
3796 5431
3797 3855
3797 4278
3798 3855
3798 3905
3799 3956
3799 4300
3799 5357
3800 4300
3800 4311
3800 5357
3800 5360
3801 3812
3801 3823
3801 8400
3802 3803
3804 3808
3805 3806
3806 4943
3806 5124
3807 3808
3808 5485
3809 6247
3809 6268
3809 8611
3810 4258
3810 4259
3810 4260
3811 3813
3811 5676
3812 3845
3812 3879
3812 9378
3813 3814
3814 5676
3815 3816
3815 3817
3815 3818
3816 5585
3816 5586
3817 5120
3817 5121
3818 5585
3819 6255
3819 6261
3819 8611
3820 3821
3820 3822
3820 6270
3821 5714
3821 6237
3822 3824
3822 5709
3823 3834
3823 3845
3824 5702
3824 8331
3825 3826
3825 3827
3825 5705
3826 3828
3826 3829
3827 5704
3828 3830
3829 5709
3829 5714
3830 5714
3830 8335
3830 8392
3831 3832
3831 8335
3831 8392
3832 6236
3832 6237
3832 6238
3833 4941
3833 4976
3834 3945
3834 8389
3835 3836
3835 3837
3835 4927
3836 3837
3836 4926
3837 4931
3838 3839
3838 6971
3839 4648
3840 3841
3840 3842
3840 3844
3841 5739
3841 5746
3842 3843
3843 3844
3843 11111
3844 7878
3845 3856
3845 3867
3846 3847
3846 3852
3847 5372
3847 5373
3848 3849
3848 3850
3848 5865
3849 3851
3849 5819
3850 3851
3850 3852
3851 3864
3851 3865
3852 3864
3853 3864
3853 3866
3854 4173
3857 3858
3857 3859
3857 5439
3859 5432
3859 5440
3859 5450
3860 3861
3860 3862
3860 10015
3861 5848
3861 5868
3862 3863
3862 5846
3863 5819
3863 5821
3864 4830
3865 4830
3865 5820
3866 4830
3867 5808
3867 5810
3868 3869
3868 3870
3868 3871
3869 3872
3869 3873
3869 3874
3870 3871
3870 6624
3871 3873
3872 3875
3873 6623
3874 3875
3874 3880
3875 3880
3876 3877
3876 3880
3877 3881
3877 3882
3878 5245
3879 5808
3879 11264
3882 11381
3883 3884
3883 3885
3883 3886
3884 3888
3884 11377
3885 11380
3886 3887
3886 3888
3888 3889
3889 3891
3889 8464
3889 8465
3890 3901
3890 3912
3891 3892
3891 3893
3893 3894
3894 3895
3894 3896
3894 10762
3895 10750
3895 10751
3896 10762
3897 3898
3897 3899
3898 3899
3899 3900
3900 3902
3900 3903
3903 3904
3903 8474
3904 5434
3904 8483
3906 3907
3906 3908
3906 5455
3906 7990
3907 5507
3907 5510
3908 4558
3908 5468
3908 5510
3909 3910
3909 10567
3910 3911
3913 6461
3913 7901
3913 7923
3913 8551
3914 4850
3914 4851
3914 6286
3914 7923
3915 3916
3915 3917
3915 6179
3915 9313
3916 9324
3917 3918
3917 6177
3918 6173
3918 6180
3919 3920
3919 3921
3919 3922
3920 9314
3920 9900
3921 6185
3921 8559
3921 8560
3921 9315
3922 3924
3922 3925
3923 3934
3923 3945
3924 8565
3924 8569
3924 8570
3925 10578
3926 3927
3926 3928
3926 3929
3927 3930
3927 3931
3928 3930
3928 3933
3929 11374
3930 3932
3931 11846
3932 3933
3935 3936
3935 10419
3935 10420
3935 11594
3936 3937
3936 10398
3936 10399
3937 3938
3937 3939
3938 9201
3938 9570
3939 9204
3939 9206
3940 3941
3940 3942
3940 9207
3941 9208
3941 11374
3942 9209
3942 9210
3943 3944
3943 3946
3943 3947
3943 9197
3944 9204
3944 9205
3944 12107
3945 5798
3945 8955
3945 11356
3946 3949
3946 9213
3946 9214
3947 9207
3947 9208
3947 9213
3948 3949
3948 3950
3948 3951
3948 3952
3949 3958
3949 9217
3950 3953
3950 3954
3950 3955
3951 3955
3951 3958
3951 3959
3952 3960
3952 3961
3953 3961
3953 3963
3954 3957
3954 3962
3955 3957
3955 9227
3956 3967
3956 3978
3956 3990
3957 3973
3957 9100
3958 9213
3958 9219
3959 9219
3959 9221
3960 9217
3960 9218
3961 9226
3962 3963
3962 3965
3964 3968
3964 11789
3965 6512
3965 11789
3966 11789
3968 3969
3968 8931
3968 11011
3970 3974
3970 11011
3970 11778
3971 3974
3971 3975
3971 3977
3971 6685
3971 11011
3972 3973
3972 8877
3972 11850
3973 11608
3975 4495
3975 6685
3976 3977
3976 3979
3976 3980
3976 3983
3977 6670
3978 4178
3979 4003
3979 6669
3980 3981
3980 4495
3980 6684
3980 6685
3980 6686
3981 3982
3981 3983
3981 3984
3982 3991
3983 4004
3984 3991
3984 3992
3985 3986
3985 3987
3985 3992
3986 3988
3986 3991
3986 5764
3987 5763
3987 5764
3988 4015
3988 6671
3989 4100
3989 4211
3989 4322
3989 4433
3990 5778
3991 4015
3992 3998
3993 3994
3993 3995
3993 6422
3994 6096
3995 3996
3995 6097
3995 8291
3996 6096
3997 3998
3997 3999
3997 5763
3998 4000
3998 4004
3999 5763
3999 6668
4000 4002
4000 4003
4000 6668
4001 4012
4001 4023
4001 4034
4001 4045
4002 4005
4002 4014
4002 6668
4003 4004
4003 4005
4005 4008
4006 4007
4006 4008
4006 4009
4006 4011
4007 6669
4007 6670
4007 11800
4008 4014
4009 6661
4009 6663
4009 6664
4010 4011
4010 4013
4010 4014
4010 4497
4011 6661
4012 4189
4012 4300
4012 4311
4013 4497
4013 6661
4013 6666
4016 4017
4016 4018
4016 5784
4017 5784
4017 5785
4017 5787
4018 4212
4018 5788
4019 4020
4019 4021
4019 5785
4020 4021
4020 5782
4020 5789
4021 5786
4022 4024
4022 4025
4023 4056
4023 4067
4023 4078
4024 5782
4024 5792
4024 5793
4025 5794
4026 4027
4026 4028
4026 4029
4027 4033
4029 12120
4030 4031
4030 4032
4030 4033
4031 4032
4032 4035
4034 4078
4034 4145
4034 4189
4035 4036
4036 4037
4036 4038
4037 4039
4037 4040
4039 4040
4039 4041
4041 4042
4041 4043
4042 4043
4042 8845
4044 4046
4044 4047
4044 4048
4045 4311
4045 5369
4046 4047
4047 4049
4048 8845
4049 4050
4051 4052
4051 4053
4052 10769
4053 7310
4053 7312
4054 4055
4054 8699
4054 10711
4055 4080
4055 8701
4056 4089
4056 4101
4057 4058
4057 4059
4059 6563
4059 12123
4060 4061
4060 4062
4060 4063
4062 4064
4063 6562
4064 4065
4064 4066
4067 5368
4068 4069
4068 4072
4068 6225
4068 6227
4068 6229
4068 6310
4068 9814
4069 5630
4069 6310
4070 4071
4070 5627
4070 9814
4071 4072
4072 9814
4073 4074
4073 4075
4074 4075
4075 9916
4075 9964
4075 11977
4076 4650
4077 9961
4078 4112
4079 4080
4079 4956
4079 11955
4081 4082
4081 4113
4081 7313
4081 8863
4082 4083
4082 4084
4082 4920
4083 4085
4084 4922
4084 4924
4085 4392
4085 4921
4086 4087
4086 4088
4086 4090
4086 4109
4087 4090
4087 4109
4089 4134
4090 7201
4091 4092
4091 4093
4092 4130
4093 4119
4094 4095
4094 4096
4094 4097
4095 4096
4095 11793
4096 4651
4097 4099
4097 10623
4098 4099
4098 4104
4098 4116
4098 4118
4099 11794
4102 4103
4102 4104
4102 4105
4102 4118
4103 10624
4103 10626
4105 4106
4106 10116
4106 11799
4107 4108
4107 4658
4107 8888
4108 9925
4108 9934
4109 4110
4109 7394
4109 7396
4110 7397
4110 8874
4111 4468
4111 7316
4111 8882
4111 9621
4111 11730
4112 4123
4112 4134
4112 4156
4113 4114
4113 4115
4114 7080
4115 7314
4115 7315
4115 7703
4115 7881
4116 4117
4116 4118
4116 10630
4117 4655
4117 10623
4118 10626
4119 4130
4120 4121
4120 4122
4120 11785
4121 4128
4121 4129
4122 4124
4122 8717
4124 4125
4124 4126
4125 4126
4125 4127
4126 9619
4127 11786
4128 8715
4128 8717
4129 4130
4129 11785
4131 11478
4132 4136
4132 4546
4132 4568
4133 4474
4133 4546
4133 6312
4135 4472
4135 4477
4135 4546
4136 4137
4136 4477
4136 8633
4137 4481
4137 4482
4138 4139
4138 5553
4138 9819
4139 5572
4140 4141
4140 4142
4140 5548
4140 5551
4141 5538
4141 7844
4142 5498
4142 5499
4142 9822
4143 5400
4143 5411
4144 4146
4144 4149
4144 11766
4145 4156
4145 4167
4145 4178
4146 4147
4146 4150
4147 4148
4148 5774
4148 7001
4149 4150
4151 4152
4151 4153
4151 6164
4153 6168
4154 4155
4154 4157
4154 4158
4155 5337
4155 5339
4155 5340
4157 6363
4158 5340
4158 6363
4158 6365
4159 4160
4159 4161
4159 4166
4159 6371
4160 5727
4161 4162
4161 4165
4162 4163
4162 4164
4162 6375
4163 6374
4163 6375
4164 4165
4164 6374
4165 4166
4166 4168
4168 5346
4169 4170
4169 8620
4170 5722
4171 10405
4172 6374
4173 4829
4174 4175
4174 4176
4175 6341
4175 6342
4176 4228
4178 4189
4179 4601
4179 4634
4179 4867
4180 4181
4180 4182
4180 4183
4180 4185
4181 9446
4181 9449
4181 9450
4182 9455
4183 6919
4184 4185
4184 4186
4185 6919
4186 4187
4187 4188
4188 4190
4188 4191
4190 4194
4191 9714
4192 4193
4192 4194
4192 4195
4192 4366
4192 10308
4193 4366
4193 6851
4195 4196
4196 4197
4196 11689
4197 10309
4198 4199
4198 4201
4199 4201
4199 8603
4200 4212
4200 4223
4200 4256
4201 6593
4202 4203
4202 4204
4202 4205
4203 4206
4203 10460
4203 10461
4204 10461
4205 4206
4205 4209
4206 8227
4207 4208
4207 4209
4207 4210
4208 4213
4208 8227
4209 8225
4209 8227
4210 4213
4210 4214
4213 4215
4214 4215
4214 4216
4215 4217
4216 4217
4216 4219
4217 10372
4217 10418
4218 4219
4218 4220
4218 10370
4219 10372
4220 4221
4220 9904
4221 4222
4221 4224
4221 9904
4222 10417
4223 5355
4224 4354
4224 4355
4224 4659
4224 6643
4225 4226
4225 4227
4229 6448
4229 6450
4230 4231
4230 4232
4230 4233
4230 9524
4231 4233
4232 8973
4232 8986
4233 9523
4234 4245
4234 4256
4234 4267
4235 4236
4235 4237
4235 4238
4235 7046
4236 10792
4237 8984
4238 10787
4238 10790
4239 4240
4239 4241
4240 9072
4242 4510
4243 4244
4243 4246
4243 10847
4244 11336
4245 4289
4246 4250
4247 4248
4247 4249
4247 4250
4248 7172
4249 4251
4249 7170
4250 7169
4250 7172
4251 4252
4251 4253
4251 4254
4255 4257
4256 5355
4258 6235
4259 4262
4259 6244
4259 6246
4260 6246
4260 8145
4261 4350
4261 9789
4261 9800
4262 4263
4262 4264
4262 6232
4263 6220
4263 8134
4263 9778
4264 4265
4264 4266
4264 4268
4265 6232
4266 10109
4267 4278
4267 4289
4268 4269
4268 6220
4269 4270
4270 4271
4270 4272
4271 4274
4271 6220
4272 4273
4272 10108
4273 4274
4273 4275
4274 6208
4274 6217
4275 4276
4275 6208
4276 4277
4276 6205
4277 6204
4277 6206
4279 4280
4279 4281
4280 6239
4280 8988
4280 10099
4281 4282
4281 4283
4281 6242
4282 6274
4282 6276
4283 4284
4284 6240
4284 6241
4285 4286
4287 4288
4287 4291
4287 4292
4288 4899
4290 4291
4290 4292
4290 4293
4294 4295
4294 4296
4295 6817
4295 6821
4296 6821
4296 6825
4297 4298
4297 4299
4298 4299
4298 9119
4299 10393
4299 10401
4301 4302
4301 4303
4301 4316
4301 4915
4301 4918
4302 4303
4302 10401
4303 4717
4303 4718
4303 10401
4304 4305
4304 6509
4304 8533
4304 11055
4305 6509
4305 6709
4306 4307
4306 4717
4306 4910
4306 4918
4307 4906
4307 4908
4308 4309
4308 4310
4308 4759
4308 4905
4309 4763
4310 4760
4310 4763
4311 5362
4312 4313
4312 4364
4313 4314
4313 4773
4313 4774
4313 6787
4313 10376
4314 4315
4314 4316
4315 10779
4316 4365
4317 4318
4317 4319
4317 5909
4318 5913
4318 5914
4319 4320
4319 4321
4320 4324
4320 5914
4320 5924
4321 4324
4321 4325
4322 4545
4323 4334
4323 5371
4324 5921
4324 5922
4325 4470
4325 6106
4326 4327
4326 8506
4327 4328
4328 12245
4329 4330
4329 12245
4330 6111
4331 4332
4331 4333
4331 6111
4331 6113
4332 4333
4332 6117
4333 4335
4334 4820
4334 4821
4334 4822
4335 4336
4336 5909
4336 6120
4336 6198
4336 6207
4337 4338
4337 6199
4337 6207
4338 4339
4338 4340
4339 4341
4339 6199
4339 6205
4340 4341
4340 4342
4341 6202
4341 6215
4342 4343
4342 6215
4343 6214
4343 6216
4344 4346
4344 4347
4344 6216
4345 4356
4345 4367
4345 5466
4346 6213
4346 11667
4347 4348
4347 11667
4348 4349
4348 4350
4349 4350
4349 9789
4350 8621
4351 4352
4351 4353
4351 8207
4352 8187
4352 8208
4353 4659
4354 6381
4355 6406
4355 6643
4356 5465
4357 4358
4357 5156
4358 5167
4359 6333
4359 7422
4359 11207
4359 11209
4360 4361
4360 9554
4360 11265
4361 7131
4361 9552
4362 4363
4362 4364
4362 4365
4362 4764
4362 9488
4363 9492
4364 4365
4365 4762
4365 4764
4365 10779
4366 4368
4366 6849
4366 6860
4367 4378
4367 5487
4368 6859
4369 4370
4369 4371
4369 6509
4369 11166
4370 4372
4371 4988
4371 6692
4371 6693
4372 4373
4372 4374
4373 4991
4373 6748
4374 8505
4374 10091
4375 4376
4375 11689
4376 8411
4377 4379
4377 11700
4378 5466
4378 5488
4378 5490
4379 8304
4380 4381
4380 4382
4380 4383
4381 10686
4381 10688
4382 4384
4382 10684
4382 10686
4383 4384
4383 4385
4384 7222
4384 7224
4385 7224
4385 9939
4386 4387
4386 4388
4386 4390
4387 4388
4387 7227
4387 7230
4387 7231
4387 7280
4387 10717
4388 10699
4389 4400
4389 4411
4389 4422
4389 4434
4390 9939
4390 10720
4391 7204
4391 10706
4392 9917
4393 9915
4394 8891
4395 6950
4395 6953
4395 6972
4396 4397
4396 4398
4396 6950
4397 4399
4398 4403
4398 6975
4399 4401
4399 4402
4400 5486
4401 4948
4401 6950
4401 6951
4401 6952
4402 4403
4402 4408
4403 4404
4403 4405
4404 4410
4405 4987
4405 4999
4406 4407
4406 4408
4406 4409
4407 4944
4407 4946
4409 4410
4411 5490
4411 5491
4412 4413
4412 4414
4412 4416
4412 4678
4413 4674
4413 4675
4414 4415
4414 4417
4415 4894
4415 4895
4415 10316
4416 4417
4416 4418
4417 10316
4418 10317
4419 4420
4419 4421
4419 6889
4420 6861
4420 6888
4421 4423
4421 6914
4422 4445
4422 5491
4422 5619
4423 4424
4425 6928
4425 6930
4426 4427
4426 8816
4427 8816
4427 11603
4427 12208
4428 4429
4428 6455
4428 7182
4428 7190
4428 11857
4429 6391
4430 4431
4430 4432
4430 5005
4430 5006
4430 7319
4430 7320
4430 12246
4430 12247
4432 4435
4432 5242
4432 12247
4434 5604
4434 5618
4435 5266
4435 5271
4436 4437
4436 4438
4436 5271
4436 9435
4436 12220
4437 4439
4437 4440
4438 5270
4438 5276
4439 5287
4439 5288
4440 5287
4441 4442
4441 4443
4441 4444
4441 4446
4441 4447
4442 10002
4443 10003
4444 11565
4444 11566
4445 4456
4445 5491
4447 5290
4448 4449
4448 4450
4449 4452
4449 10577
4450 10577
4451 4452
4451 4453
4451 4454
4452 10575
4453 4458
4453 10576
4454 4458
4455 4457
4455 4458
4456 4467
4456 5605
4457 10186
4457 10238
4458 10188
4459 4461
4459 11435
4459 11488
4460 4461
4460 4462
4460 11512
4462 11487
4462 11499
4462 11512
4463 4464
4463 7314
4463 10602
4464 11717
4464 11782
4465 4466
4465 8890
4466 8874
4467 4478
4467 4489
4468 4469
4469 7318
4469 7376
4469 7377
4470 4471
4471 10966
4472 4473
4472 4474
4472 4475
4473 6224
4473 6226
4474 4476
4474 6224
4475 4477
4475 4482
4475 4485
4476 6222
4476 6227
4478 5610
4478 10306
4479 4480
4479 4481
4479 4487
4480 4482
4480 4486
4481 6161
4481 8644
4483 4484
4483 4485
4483 4486
4483 4487
4484 6138
4484 6226
4486 4487
4487 4488
4488 4490
4488 6105
4489 4500
4489 4511
4490 6160
4490 6161
4491 4492
4491 4493
4491 4494
4492 6104
4492 6162
4493 6104
4493 6105
4493 11601
4494 6122
4495 11022
4496 6662
4496 8766
4496 11372
4497 4498
4497 11644
4498 6666
4498 9212
4499 4501
4499 4502
4500 4511
4500 4522
4500 5631
4502 6402
4502 6403
4502 6404
4503 4504
4503 4505
4503 12222
4504 11200
4504 11201
4505 4537
4505 11198
4506 4507
4506 4508
4506 4509
4508 11355
4509 11328
4509 11355
4510 4512
4510 4513
4510 4514
4511 10306
4512 4515
4513 11361
4514 11307
4514 11308
4514 11316
4515 4516
4515 4541
4517 4518
4517 4519
4517 4520
4517 11298
4518 11358
4518 11359
4519 11298
4519 11299
4519 11301
4520 11301
4520 11306
4520 11358
4521 4523
4521 4524
4521 4525
4522 5628
4522 5629
4522 10306
4523 12149
4524 4525
4525 4526
4526 4527
4527 12148
4528 4529
4528 4530
4528 4534
4529 4530
4529 12040
4530 4531
4530 11914
4530 11916
4531 4532
4532 4535
4532 8422
4533 4546
4533 4557
4533 4568
4533 4590
4535 6327
4535 10178
4536 4537
4536 4538
4536 4539
4537 11198
4540 4541
4540 4542
4542 12041
4543 4547
4543 6326
4543 8434
4544 5681
4545 4656
4545 4767
4547 10178
4547 11678
4548 6533
4548 6545
4548 11422
4549 9245
4549 11057
4549 12233
4549 12255
4549 12266
4550 4551
4551 9905
4551 9912
4552 4553
4552 6304
4552 9768
4553 6296
4553 8732
4553 8900
4554 4555
4554 4556
4555 5463
4555 5466
4556 5463
4556 7978
4556 8001
4557 4590
4557 8167
4557 9289
4557 10478
4558 4559
4558 4560
4558 4561
4559 5469
4559 5510
4559 6303
4560 5468
4560 5496
4560 9811
4561 4566
4561 5469
4561 9811
4562 4563
4562 4564
4562 4565
4562 4566
4563 4565
4563 6304
4563 6305
4564 5498
4564 5502
4565 4567
4565 5498
4566 5502
4566 6294
4567 4569
4567 9765
4568 8633
4569 4570
4569 4571
4569 6305
4570 7021
4570 9765
4570 9771
4571 9769
4571 9771
4572 9769
4572 11311
4573 9391
4573 11311
4574 6541
4574 11289
4574 11311
4575 4577
4575 4578
4575 4580
4575 6156
4576 6123
4576 10590
4576 11052
4577 4581
4578 11052
4579 4590
4579 5488
4579 6314
4580 6178
4583 4584
4583 4586
4583 12066
4584 4585
4585 4586
4585 4587
4587 12077
4588 4589
4589 6518
4589 7022
4590 6312
4590 8167
4591 4592
4591 4593
4591 4594
4592 6915
4592 6916
4593 4595
4593 6881
4593 6882
4594 7084
4594 7085
4595 4596
4595 4599
4595 6908
4596 6877
4596 6903
4597 4598
4597 4599
4597 4828
4598 4600
4598 4602
4599 6903
4600 4828
4600 10776
4601 4612
4601 4623
4601 4634
4602 4643
4602 6905
4603 4604
4603 4605
4603 4606
4603 10318
4605 6397
4607 4608
4607 4609
4607 4610
4607 10496
4608 4611
4609 10496
4609 10497
4610 4611
4610 4613
4612 4745
4612 4756
4612 4790
4613 4624
4613 4628
4613 4629
4614 4615
4614 4616
4614 4617
4615 4618
4615 4619
4615 4633
4619 4633
4619 4637
4620 4621
4620 4622
4620 4624
4620 4625
4621 12094
4622 12085
4623 4668
4623 4745
4624 9750
4626 4627
4626 6250
4626 6263
4627 7098
4627 8589
4627 10678
4629 8693
4629 8694
4630 4631
4630 4632
4630 4635
4631 4633
4631 4636
4632 4636
4633 4635
4634 4790
4634 4812
4636 9723
4636 12065
4638 4639
4638 4640
4638 4641
4639 12157
4642 4643
4642 4644
4642 10777
4643 6919
4644 6924
4644 6925
4645 4657
4645 4668
4645 4679
4645 4690
4646 4928
4647 4928
4649 4650
4651 4652
4651 4653
4652 10709
4653 11788
4653 11790
4654 4655
4654 4658
4654 10630
4655 10620
4655 10621
4656 4878
4657 5925
4657 5926
4657 5927
4658 10614
4658 10616
4658 10620
4659 6405
4660 7167
4660 7178
4660 11845
4661 7167
4661 10861
4662 4663
4662 4664
4663 9713
4664 10358
4665 4666
4665 4667
4665 4669
4665 7082
4666 8202
4666 8203
4666 8204
4667 8192
4667 10304
4668 5929
4669 7087
4669 8204
4670 4671
4670 4672
4670 4673
4670 10291
4671 10694
4671 10695
4672 7088
4672 10293
4673 7090
4674 4676
4674 4677
4675 4676
4675 4678
4676 4677
4677 4855
4678 4861
4679 5919
4679 5925
4680 4681
4680 5765
4681 5769
4681 10689
4682 4683
4682 4684
4682 5769
4683 5762
4684 5760
4684 10411
4685 4686
4685 4687
4685 5765
4686 4688
4686 4689
4688 5771
4688 5772
4689 4691
4689 5772
4690 5927
4690 5928
4691 4692
4691 5772
4692 4695
4692 9001
4693 4694
4693 8990
4694 4695
4695 8990
4696 4697
4696 4698
4696 4700
4696 6771
4697 4710
4697 6770
4697 6771
4698 4702
4698 4917
4698 6727
4699 4700
4699 4703
4699 4904
4700 4702
4700 4703
4701 4712
4701 8698
4702 4908
4702 4909
4703 4704
4703 4711
4704 4713
4704 4900
4704 4904
4705 4974
4705 5002
4706 4707
4707 6784
4708 4709
4708 6765
4708 6770
4709 4710
4710 4711
4710 6772
4711 4713
4712 4934
4712 4956
4713 4911
4713 4913
4714 4715
4714 4716
4714 6740
4714 6741
4715 4717
4715 4718
4715 4719
4716 4718
4716 9116
4717 4910
4718 4914
4719 4909
4719 6740
4720 4721
4720 6772
4720 6785
4721 4722
4721 4724
4722 6776
4722 6780
4722 6785
4723 4734
4723 4745
4723 4756
4724 4725
4724 6754
4724 6776
4725 4726
4725 4727
4725 6773
4726 4766
4727 4728
4727 4729
4728 4819
4728 6758
4728 6760
4729 4765
4729 6775
4730 4731
4730 4806
4730 4807
4730 4815
4731 4732
4731 4787
4731 6794
4732 4733
4732 4735
4733 4738
4733 4786
4734 5895
4735 4786
4735 4787
4735 6496
4736 4737
4736 4738
4736 4754
4737 4815
4738 4755
4739 4740
4739 6480
4740 4741
4740 6476
4741 4742
4741 4743
4741 6474
4742 6515
4743 4744
4743 6471
4744 4746
4744 6514
4744 6579
4746 4747
4746 4748
4746 4749
4747 6574
4747 6579
4748 4750
4748 6493
4749 6495
4749 6514
4750 4751
4750 4752
4750 6495
4750 6571
4751 4753
4751 4785
4752 4785
4752 6493
4753 4754
4753 4755
4754 6570
4755 4785
4755 4786
4756 4768
4757 4758
4757 6482
4759 4903
4759 4911
4759 9809
4760 4761
4760 4762
4761 4905
4761 4916
4765 4766
4766 6776
4766 6777
4769 4770
4769 4771
4769 4780
4770 4772
4770 4799
4771 4814
4771 6809
4771 6813
4772 4783
4772 4784
4773 4783
4774 4780
4774 4781
4775 4776
4775 4777
4776 4782
4776 6492
4776 6789
4777 6789
4778 4780
4778 6789
4778 6813
4779 4790
4779 4801
4779 4812
4779 4834
4781 4782
4782 6492
4784 4798
4784 4799
4787 4788
4788 6498
4788 6794
4789 4791
4789 4792
4789 6775
4791 4793
4791 4805
4792 4807
4792 6757
4793 4794
4793 4795
4794 4802
4794 4804
4795 4796
4796 4797
4796 4802
4797 4798
4798 4800
4799 4814
4800 4802
4801 5874
4801 5875
4802 4803
4803 4804
4803 6796
4804 4810
4805 4811
4805 6757
4806 6794
4806 6820
4807 4809
4807 6795
4808 4809
4808 4810
4808 6792
4808 6820
4809 4811
4809 6757
4810 4811
4810 6796
4810 9806
4812 4856
4812 4867
4813 4814
4813 6809
4813 6818
4816 6795
4817 4818
4818 4819
4819 6775
4820 5371
4820 5805
4821 5806
4822 5802
4822 5805
4823 4834
4823 4845
4823 4856
4824 4825
4824 4826
4824 8192
4824 8194
4825 9451
4825 9452
4825 10775
4826 8175
4826 8185
4826 9444
4826 9452
4826 9453
4827 4828
4827 6907
4827 10775
4827 10776
4829 5810
4830 4831
4831 4832
4831 5829
4833 4843
4833 5829
4834 5876
4835 4841
4835 4842
4835 4843
4836 4837
4836 4838
4836 4839
4836 9772
4837 9774
4837 9798
4838 9773
4838 9783
4838 9785
4839 4840
4839 9785
4839 9798
4840 9787
4840 9788
4840 9797
4841 5824
4842 5822
4842 5824
4842 5825
4843 5822
4844 4846
4844 4847
4845 5877
4846 6305
4846 9768
4847 4848
4847 8738
4848 8625
4849 8731
4849 8911
4849 10088
4850 4852
4850 10101
4851 4852
4851 6461
4852 6459
4852 10088
4853 8731
4853 10088
4854 4855
4854 4857
4855 4859
4856 4867
4856 4879
4857 4858
4857 4859
4858 4860
4858 4861
4858 4862
4860 4863
4861 9709
4862 9709
4863 4864
4863 4865
4863 4866
4865 4870
4866 8165
4866 8301
4868 4869
4868 4870
4868 8165
4868 8304
4869 4871
4869 4875
4869 7081
4870 7081
4871 4872
4872 4873
4873 4874
4873 4883
4874 4875
4874 4876
4875 10132
4876 4877
4876 11279
4877 4880
4877 4881
4878 4989
4878 5100
4878 5211
4880 4882
4880 4883
4881 10133
4881 11280
4884 4885
4884 4886
4885 4889
4885 6394
4885 6399
4886 4887
4887 4888
4887 4889
4887 4891
4888 6397
4890 4901
4890 4912
4890 4923
4891 4892
4891 4893
4892 9740
4893 4894
4893 9736
4896 5726
4897 4898
4897 4899
4898 6324
4898 6372
4898 10373
4899 6316
4900 4902
4900 4903
4900 4911
4901 4990
4901 8824
4902 4904
4902 4907
4902 4908
4903 4905
4903 4907
4905 4906
4906 4907
4908 4910
4909 4910
4909 4917
4911 9808
4912 8369
4912 8640
4913 9808
4914 9114
4914 12319
4915 4916
4917 6726
4917 6740
4919 4938
4920 4922
4922 4924
4922 8887
4922 9918
4925 4926
4926 4927
4927 4941
4929 4930
4929 4931
4930 4932
4932 4933
4933 8322
4934 4945
4934 4956
4935 4936
4936 4937
4939 4940
4939 10145
4942 4943
4944 4946
4945 11296
4946 4947
4947 4948
4949 8544
4950 4951
4950 4952
4950 5800
4952 5730
4954 5693
4955 4957
4955 5674
4956 4967
4956 11955
4957 5587
4957 5613
4958 4959
4958 4960
4959 5612
4959 5613
4960 4961
4960 5673
4961 5675
4961 5678
4962 5655
4962 5678
4963 4964
4963 4965
4963 4977
4965 4966
4965 4997
4966 4968
4966 4969
4966 4970
4968 4996
4968 4997
4969 4977
4969 4986
4970 4971
4970 4972
4971 6698
4971 6699
4972 4973
4973 4974
4973 4975
4973 4986
4975 4985
4975 6750
4976 4977
4976 4979
4976 4986
4978 4990
4978 5001
4978 5012
4978 5023
4979 4980
4979 4984
4980 4981
4980 4998
4981 4982
4982 4987
4984 4985
4984 4986
4984 4998
4985 4987
4987 4998
4987 4999
4988 4991
4988 4992
4990 7362
4991 6749
4992 4993
4992 4994
4993 6693
4993 6694
4993 6695
4994 4995
4994 6749
4995 4996
4995 6747
4996 4997
4996 6699
4997 5000
4997 6747
4999 6974
5000 10098
5001 5023
5001 8823
5002 6750
5003 5004
5003 5005
5003 5241
5004 5093
5004 5095
5004 5096
5005 5006
5006 5240
5006 5241
5007 5008
5007 5009
5008 5022
5009 5029
5010 5011
5010 5013
5012 6346
5012 6350
5013 7599
5013 10541
5014 5015
5014 5016
5014 11876
5015 5016
5015 11606
5017 5018
5017 5019
5017 5020
5021 5022
5021 5024
5021 5025
5023 6348
5026 5027
5026 5028
5026 5029
5027 5028
5027 12206
5028 5291
5028 7361
5030 5031
5030 5032
5030 6400
5031 5032
5031 5033
5032 10982
5033 10912
5034 5045
5034 5078
5035 5036
5035 5037
5035 5038
5036 10926
5037 5040
5038 10914
5039 6367
5039 10919
5040 6367
5041 5042
5041 7115
5042 9964
5042 9965
5043 5044
5043 5046
5044 8790
5044 11695
5045 5056
5045 5078
5046 12213
5046 12214
5047 5048
5047 10408
5048 10404
5049 5050
5049 5051
5049 5052
5050 5053
5050 5075
5051 5052
5051 5054
5052 5199
5053 5072
5053 5290
5054 5058
5054 5205
5055 5057
5055 5058
5055 5059
5056 5089
5056 9902
5056 9903
5057 5129
5058 5205
5059 5127
5059 5128
5060 5061
5060 5062
5060 5063
5060 5097
5061 5099
5061 5199
5062 5076
5063 5068
5064 5065
5064 5066
5064 5068
5065 5173
5065 5176
5066 5069
5066 5161
5067 5078
5067 5221
5067 5223
5068 5186
5069 5070
5069 5071
5070 5084
5070 5265
5071 5160
5071 5161
5072 5073
5074 5075
5074 5076
5076 5077
5077 5079
5079 5080
5079 5081
5080 5082
5080 5083
5081 5270
5081 5286
5082 5284
5082 5285
5083 5084
5083 5085
5084 5265
5085 5086
5085 5087
5086 5088
5086 5265
5087 5088
5087 5090
5088 5091
5088 5263
5089 5101
5090 5091
5090 5092
5090 5093
5091 5257
5092 5094
5092 5254
5093 5094
5093 5257
5094 5096
5094 5253
5095 5243
5095 5258
5096 5255
5097 5098
5097 5099
5097 5102
5098 5103
5098 5104
5098 5105
5099 5104
5102 5105
5102 5186
5103 5106
5103 5107
5103 5108
5104 5107
5105 5108
5106 5109
5106 5110
5107 5118
5108 5110
5108 5184
5109 5111
5109 5113
5110 5113
5111 5114
5111 5115
5112 5123
5112 5134
5112 5215
5113 5115
5113 5185
5114 5116
5114 5117
5114 5118
5115 5188
5115 5196
5116 5196
5117 10203
5118 5197
5119 5122
5120 5623
5120 5624
5121 5122
5122 5124
5123 5219
5125 5126
5125 6393
5126 7688
5126 7690
5127 5128
5128 10185
5129 5130
5129 5131
5130 5132
5130 5201
5131 10175
5132 5133
5132 5135
5132 5202
5133 5138
5134 5208
5134 5216
5135 5136
5136 5137
5137 5138
5137 5139
5138 11902
5139 5140
5139 5141
5140 5142
5140 5143
5140 5144
5141 11901
5142 5146
5142 5147
5142 5148
5143 11823
5144 5147
5144 10171
5145 5156
5145 5167
5145 5178
5146 11817
5146 11823
5147 5153
5147 11824
5148 10514
5148 10516
5149 5150
5149 5151
5149 5152
5149 5153
5150 10155
5150 10524
5151 10153
5151 10530
5151 10531
5152 10519
5152 10521
5154 5155
5154 5157
5154 5159
5155 5158
5155 5159
5156 9902
5156 11281
5158 5206
5158 10532
5160 5162
5160 5163
5161 5163
5161 5173
5162 5163
5162 5164
5163 5172
5164 5165
5164 5166
5165 5172
5166 5168
5166 5182
5168 5169
5168 5183
5169 5170
5169 5171
5170 10159
5170 10225
5171 5250
5171 11814
5172 5173
5172 5182
5173 5174
5174 5175
5174 5176
5174 5177
5175 5182
5175 5183
5176 5187
5176 5190
5177 5179
5177 5180
5179 5180
5179 5181
5180 5183
5181 5191
5181 5196
5184 5185
5184 5186
5184 5187
5185 5188
5185 5190
5188 5191
5189 5200
5189 5212
5189 7368
5190 5191
5192 5193
5192 5194
5192 5195
5193 5203
5193 5204
5194 5201
5194 5202
5195 5197
5195 5198
5197 5198
5198 5199
5200 9961
5201 5202
5203 5204
5206 5207
5207 5208
5207 5209
5207 5214
5208 5213
5209 5225
5209 5226
5210 5213
5210 5214
5210 5234
5211 5322
5212 7870
5213 5217
5215 5217
5216 5222
5216 5224
5217 5218
5218 5219
5219 5220
5220 5231
5220 5232
5222 5234
5223 5234
5225 8796
5225 8797
5226 5227
5226 8796
5227 5228
5227 5229
5228 10220
5229 5230
5229 5233
5230 5231
5230 6457
5231 5232
5232 6455
5232 6457
5233 5235
5236 5237
5236 5238
5236 5239
5237 5243
5237 5246
5238 5246
5238 5248
5240 5242
5240 12246
5241 5247
5242 5251
5242 5252
5243 5244
5244 5258
5244 5262
5245 5256
5245 5267
5246 5249
5246 5262
5247 5252
5247 5255
5248 5249
5248 5250
5249 5259
5249 5261
5251 5254
5251 5264
5252 5253
5253 5254
5253 5255
5256 5267
5256 5278
5257 5258
5257 5259
5259 5260
5259 5262
5260 5261
5260 5263
5261 5263
5264 5266
5264 5268
5266 5273
5268 5269
5268 5273
5268 5280
5269 5282
5269 5285
5270 5279
5271 5272
5271 9397
5272 5273
5272 5274
5274 5275
5274 5280
5275 5276
5275 5277
5276 5279
5277 5280
5277 5281
5278 5289
5279 5281
5281 5282
5282 5283
5283 5284
5283 5285
5284 5286
5288 10003
5288 12220
5289 5300
5289 5311
5291 5292
5291 5293
5292 5336
5293 10548
5294 5295
5294 5296
5294 5297
5295 5310
5295 5315
5295 9685
5296 5310
5296 10551
5297 5318
5297 9675
5298 5299
5298 5301
5298 5302
5299 5303
5299 10190
5299 10191
5301 5303
5301 5304
5302 5335
5303 5304
5303 5305
5305 5319
5306 5307
5306 5308
5306 5309
5307 5314
5307 9685
5309 5312
5309 9688
5309 12251
5311 5356
5312 5313
5312 5314
5313 9699
5313 9701
5314 9683
5314 9684
5315 5316
5315 5317
5315 9684
5316 9679
5316 9681
5316 9692
5317 5318
5317 5319
5317 5320
5321 5324
5321 5325
5321 5326
5321 5327
5322 5433
5322 5544
5322 5656
5323 5334
5323 5345
5323 5356
5324 5333
5324 5335
5327 5328
5327 5329
5328 5330
5329 5330
5329 5336
5330 5331
5330 5332
5334 5411
5337 5338
5338 5342
5338 5343
5339 5342
5340 6362
5341 5343
5346 5722
5347 5348
5347 5349
5347 5350
5347 5351
5348 8529
5348 10142
5349 8530
5349 8623
5350 10140
5350 10146
5351 8529
5351 8530
5351 8531
5352 5353
5352 5354
5352 6360
5353 6355
5353 6357
5354 6358
5354 6359
5354 8010
5357 5358
5358 5359
5358 5360
5360 5362
5361 5362
5362 5369
5363 5372
5364 5365
5365 5366
5365 5866
5366 5368
5366 5866
5367 5378
5367 5389
5367 5400
5367 5411
5368 5369
5374 5375
5374 5376
5374 10087
5375 5377
5375 5379
5376 6994
5376 6997
5377 5380
5377 5381
5377 5382
5379 5392
5379 5396
5379 5397
5380 5383
5381 5394
5381 5396
5383 10678
5384 5385
5384 5386
5384 5716
5385 5721
5385 10085
5386 5636
5386 5717
5386 5720
5387 5388
5387 5390
5387 5391
5387 5393
5387 5398
5388 5392
5388 5393
5389 5445
5390 8327
5390 8349
5391 5716
5391 10085
5392 10086
5393 5395
5394 5395
5395 5396
5397 10087
5398 8269
5398 8349
5399 5401
5399 8269
5400 7478
5401 7867
5401 8271
5401 8320
5402 5403
5402 5404
5402 5405
5406 5407
5406 5408
5406 5409
5406 5417
5407 5410
5407 5412
5407 5413
5408 5423
5408 5430
5408 5453
5409 5413
5409 5423
5410 5419
5412 5414
5412 5417
5413 5419
5414 5415
5414 5416
5416 5566
5417 5430
5417 5564
5418 5420
5420 5421
5422 5434
5422 5445
5423 5424
5423 5481
5424 5425
5424 5428
5425 5427
5425 5481
5425 5485
5426 5427
5426 5428
5426 5429
5428 5429
5430 5451
5430 5452
5432 5435
5432 5448
5433 5656
5433 5767
5435 5436
5435 5441
5436 5437
5436 5438
5436 5446
5437 5449
5438 5441
5438 5443
5438 5444
5439 5440
5440 5442
5441 5442
5441 5580
5442 5576
5443 5580
5443 5581
5446 5448
5446 5449
5447 5448
5448 5450
5451 5453
5451 5470
5451 5471
5452 5470
5452 5564
5453 5472
5453 5480
5454 5455
5454 5457
5454 5492
5454 5583
5455 5468
5456 5467
5456 12022
5457 5468
5457 5495
5457 5496
5458 5503
5458 5504
5458 8001
5458 8012
5459 5507
5459 5508
5459 11911
5459 11933
5460 5461
5460 5462
5461 5843
5461 5859
5461 5864
5462 5864
5462 9819
5463 5464
5463 5465
5464 5492
5464 5494
5464 7978
5465 5466
5465 5512
5467 5478
5469 6294
5469 6302
5471 5472
5471 5473
5472 5475
5472 5476
5473 5474
5473 5477
5475 5477
5475 5479
5475 5616
5476 5482
5476 5484
5476 5617
5478 5489
5478 5500
5478 5511
5479 5601
5479 5602
5480 5481
5480 5484
5482 5483
5482 5484
5482 5617
5483 5484
5483 5485
5483 5617
5486 5487
5487 5490
5488 6315
5489 5633
5492 5493
5492 5501
5493 5513
5493 5532
5493 5534
5494 5512
5494 5534
5495 5497
5495 5535
5495 5583
5496 5497
5496 7833
5497 5537
5497 7822
5498 9765
5499 5548
5499 7021
5499 9765
5500 12033
5501 7978
5501 7990
5502 9811
5502 9822
5503 5505
5504 5505
5504 11933
5504 11944
5505 6281
5506 6279
5506 6280
5506 6281
5507 5509
5508 5510
5508 6288
5508 6303
5509 7990
5509 8012
5512 5514
5513 5514
5513 5517
5513 5561
5514 5534
5514 5559
5515 5516
5515 5517
5515 5518
5515 5537
5516 5541
5516 5542
5517 5532
5518 5519
5518 5520
5518 5542
5519 5523
5519 5537
5519 7822
5520 5521
5520 5523
5520 5524
5521 5525
5521 5542
5521 5543
5522 5533
5522 5545
5522 5556
5523 5538
5523 7844
5524 5525
5524 5526
5524 5538
5525 5546
5525 5547
5526 5527
5526 5528
5526 5547
5527 5538
5527 5539
5527 5551
5528 5529
5528 5530
5528 5539
5529 5531
5529 5547
5529 5554
5530 5531
5530 5540
5531 5555
5531 11751
5532 5535
5532 5583
5535 5536
5536 5537
5539 5540
5539 5549
5540 5550
5541 5543
5541 5552
5543 5546
5545 12055
5546 5553
5547 5553
5548 5549
5548 5550
5549 5551
5550 7021
5552 5563
5553 5554
5554 5555
5555 5557
5555 5558
5557 5863
5557 5864
5557 9819
5558 5863
5558 11750
5558 11751
5559 5560
5560 5561
5560 5562
5562 5563
5567 5578
5567 5589
5567 5600
5568 5577
5569 5570
5569 5575
5570 5571
5570 5572
5571 5573
5571 5576
5572 5573
5572 5574
5573 5579
5574 5581
5575 5576
5575 5577
5576 5579
5578 5611
5579 5580
5579 5581
5581 5582
5584 5585
5584 5586
5584 5587
5584 5595
5586 5625
5587 5588
5588 5590
5588 5595
5589 5633
5590 5591
5590 5592
5590 5593
5591 5608
5591 5612
5591 5613
5592 5595
5592 5596
5592 5598
5593 5594
5593 5598
5594 5597
5594 5608
5596 5599
5596 5601
5597 5598
5597 5599
5599 5601
5601 5602
5602 5616
5602 5620
5602 5625
5603 5604
5603 5605
5604 5619
5605 5606
5606 5607
5606 5610
5607 5608
5607 5609
5608 5615
5609 5610
5609 10306
5611 5622
5611 5633
5612 5614
5613 5674
5614 5615
5616 5617
5616 5621
5620 5621
5620 5624
5623 5624
5623 5625
5626 5627
5626 6241
5627 9814
5628 5629
5628 5630
5629 5631
5630 6241
5630 9814
5631 6307
5631 6309
5632 5634
5634 5635
5635 5695
5635 5699
5636 5715
5637 5639
5637 5647
5637 5649
5638 5645
5638 5648
5639 5640
5639 5649
5640 5641
5640 5642
5640 5643
5641 5658
5642 6992
5643 7004
5644 5657
5644 5668
5644 5679
5647 5648
5647 5650
5648 5654
5649 5650
5650 5654
5651 5652
5651 5665
5651 5670
5652 5653
5652 5666
5653 5669
5653 5670
5653 5672
5654 5659
5655 5677
5657 10129
5657 10448
5658 5669
5658 6483
5660 5661
5660 5662
5660 6584
5661 5663
5662 5663
5662 6588
5662 6987
5663 5664
5663 5665
5664 5666
5664 6984
5664 6987
5665 5666
5666 6983
5667 5669
5667 5670
5669 5671
5671 5672
5672 6980
5672 6981
5673 5674
5675 5676
5677 5680
5679 10129
5679 10130
5679 10131
5680 5684
5681 5682
5682 5683
5683 5685
5684 5685
5686 5687
5687 5691
5690 5701
5690 5712
5690 10459
5693 5694
5695 5696
5696 5697
5696 5699
5697 5698
5697 8324
5698 5699
5698 5700
5700 5702
5700 5710
5701 5723
5701 5734
5702 5703
5703 5704
5703 5710
5703 5711
5704 5705
5705 5709
5706 8335
5707 5713
5710 5713
5711 5713
5712 10440
5712 10441
5712 11003
5714 8392
5716 5717
5718 5719
5718 5721
5719 5720
5721 10086
5721 10087
5723 5756
5723 11048
5723 11049
5724 5725
5724 5726
5725 6368
5725 6369
5725 6370
5727 6368
5727 6371
5728 5729
5728 5730
5730 5731
5731 5735
5732 5733
5732 5794
5732 11833
5734 11121
5734 11181
5736 5737
5736 5748
5736 8844
5737 5738
5738 5739
5738 5746
5738 5748
5740 5743
5740 8822
5740 8833
5740 11822
5741 5742
5741 5751
5742 5743
5743 5744
5744 5750
5744 5751
5744 8822
5745 5756
5745 5768
5745 5779
5745 5790
5746 5747
5747 5748
5747 5749
5748 5750
5749 5750
5749 5751
5750 8844
5752 5757
5752 11644
5753 5754
5753 5755
5753 10422
5754 5757
5754 5761
5754 7934
5756 11174
5756 11181
5757 7945
5758 5761
5758 5762
5758 7956
5759 5762
5759 7956
5760 5770
5761 10411
5761 10422
5762 10411
5763 10422
5765 5766
5765 5771
5766 6673
5766 6683
5766 10689
5767 5878
5767 5989
5767 6100
5768 11121
5769 5770
5771 11825
5773 10378
5775 9434
5775 10589
5776 9433
5776 9434
5776 9445
5777 9200
5778 5781
5779 11050
5779 11051
5780 5781
5780 5788
5782 5786
5783 5792
5783 5793
5784 5796
5785 5789
5787 5796
5788 5789
5790 10951
5790 10959
5790 11050
5793 5794
5797 5798
5797 9500
5797 9511
5798 8389
5799 5802
5799 5806
5799 8544
5801 5812
5801 5823
5801 5834
5802 5804
5803 5805
5807 5808
5807 5809
5807 5810
5808 11262
5809 11262
5811 5813
5811 5814
5811 5815
5815 5816
5816 5817
5817 5818
5819 5820
5819 5865
5820 5844
5820 5846
5821 5866
5822 5850
5823 5879
5824 9784
5824 9818
5825 9783
5825 9784
5825 9785
5826 5827
5826 5828
5829 5836
5830 5836
5830 5837
5831 5835
5831 5848
5832 5835
5832 5841
5833 5848
5834 11081
5835 5842
5835 5843
5836 5850
5837 5839
5837 5850
5837 5851
5838 5840
5838 5853
5839 5852
5839 5853
5840 5841
5840 5854
5841 5858
5842 5858
5842 5859
5844 5847
5845 5856
5845 5867
5845 6422
5848 5849
5849 5868
5850 9783
5851 5852
5851 9783
5852 9773
5852 9777
5853 5854
5853 9777
5854 5855
5854 5857
5855 5861
5855 5862
5857 5858
5857 5859
5857 5861
5859 5860
5860 5861
5860 5863
5860 5864
5861 9780
5862 9776
5862 9779
5862 9780
5863 9782
5863 11749
5865 5866
5867 8056
5868 10015
5869 5870
5869 5871
5869 5874
5870 5872
5870 5873
5871 5875
5872 5882
5872 5889
5873 5877
5874 5876
5876 5877
5878 6433
5879 5912
5879 10984
5879 10985
5880 5881
5880 5882
5880 5883
5881 5884
5881 5904
5883 5888
5883 5889
5883 5903
5883 5904
5884 5931
5884 6352
5884 8637
5885 5886
5885 5887
5885 5897
5886 5897
5886 5899
5886 5900
5887 5888
5887 5889
5888 5900
5890 5901
5890 5912
5890 5923
5890 5934
5891 5892
5891 5893
5891 5894
5891 5895
5892 5894
5892 5896
5892 8282
5893 5916
5893 8283
5894 5897
5895 5916
5896 5910
5896 5911
5897 5898
5898 5899
5898 5902
5899 5903
5900 5903
5901 5945
5901 5956
5901 5967
5902 5910
5904 5931
5905 5906
5905 5907
5905 5908
5905 8281
5906 5909
5906 8599
5907 6108
5907 6109
5908 5909
5908 8283
5910 6109
5910 8348
5910 8597
5911 6109
5911 8281
5913 5918
5913 5920
5914 5920
5915 5918
5917 5918
5917 5919
5917 5920
5918 8283
5919 5921
5920 5924
5921 5924
5921 5925
5922 5925
5922 5926
5923 11113
5923 11114
5923 11115
5926 6107
5927 5928
5927 6107
5928 5929
5928 5930
5929 5930
5932 5933
5932 5936
5932 7689
5932 7789
5933 5939
5933 6009
5933 10278
5934 10925
5935 5936
5935 7789
5935 7800
5936 5937
5936 5941
5937 5938
5937 5939
5938 5941
5938 10944
5939 9089
5940 5942
5940 9089
5940 9101
5941 7800
5942 5943
5943 10278
5944 5946
5944 5947
5944 5955
5945 10956
5945 10976
5945 10978
5946 5948
5946 5951
5947 5957
5948 5949
5948 5950
5948 5951
5949 5952
5949 5959
5950 5955
5950 5958
5950 5959
5951 11434
5952 5953
5952 5960
5952 9633
5953 5962
5953 9622
5953 11411
5954 5962
5954 5963
5954 11411
5955 5957
5955 5966
5956 10976
5956 11134
5958 5964
5958 5965
5958 5966
5959 5960
5959 5964
5960 5962
5960 8367
5961 5962
5961 5963
5961 8367
5963 12210
5964 5968
5964 8367
5965 5968
5965 5969
5965 5970
5966 5969
5967 10978
5967 11115
5968 8356
5968 8378
5969 5971
5970 5971
5970 8378
5970 11099
5971 12099
5972 5973
5972 11099
5973 5974
5974 5975
5974 5976
5974 11099
5975 5976
5975 8356
5976 10766
5977 6024
5978 5990
5978 6001
5978 6012
5978 6023
5979 5980
5979 5981
5980 6030
5980 6031
5981 5982
5981 5983
5981 6033
5982 6031
5982 6032
5983 5984
5983 5985
5984 5986
5984 5987
5985 5991
5985 6033
5985 6035
5986 5988
5987 5988
5987 5991
5987 5992
5988 5993
5990 6023
5990 6034
5991 6019
5991 6020
5992 6016
5992 6018
5993 5994
5993 6004
5993 6013
5994 5995
5994 5996
5995 5997
5995 5998
5996 6005
5997 5999
5997 6000
5998 6013
5998 6014
5999 6080
5999 6081
6000 6014
6000 6017
6000 6022
6001 10915
6002 6003
6002 6004
6002 6005
6007 7678
6007 10866
6008 7689
6008 7789
6008 10844
6009 6010
6009 7678
6010 6011
6011 10278
6013 6016
6014 6015
6014 6016
6015 6017
6017 6083
6017 6086
6018 6088
6019 6020
6020 6021
6021 6654
6021 6658
6022 6081
6022 6082
6022 6083
6024 6025
6024 6026
6025 6029
6026 6027
6026 6028
6028 6652
6028 6653
6031 6032
6033 6035
6034 6045
6034 6056
6035 6653
6036 6037
6037 6038
6037 6039
6038 6040
6039 6047
6039 6048
6040 6046
6041 6042
6042 6043
6042 6044
6043 6049
6043 6052
6044 6046
6044 6556
6045 10949
6046 6047
6047 6048
6048 6522
6049 6050
6049 6053
6050 6051
6050 6052
6050 11283
6051 11283
6051 11284
6052 6890
6053 6556
6053 6611
6054 6055
6054 6057
6054 9400
6055 6058
6055 6073
6056 11027
6056 11029
6056 11292
6057 6058
6057 6060
6058 6074
6059 6060
6059 6065
6059 9733
6060 6069
6061 6062
6061 6063
6061 8067
6061 11889
6062 6070
6062 6071
6063 6072
6064 9711
6064 10011
6064 11234
6065 6074
6065 6077
6066 6068
6066 11400
6067 6078
6067 6089
6067 6101
6068 6069
6068 9400
6069 6070
6070 6071
6071 11389
6072 6489
6072 11389
6073 6075
6073 9400
6074 6076
6074 6079
6075 6076
6077 6079
6077 9733
6078 11027
6080 6082
6080 6091
6082 6084
6083 6084
6083 6085
6084 6091
6084 6092
6085 6086
6085 6087
6087 9815
6088 6090
6089 11020
6090 6659
6091 6093
6092 6094
6093 6094
6093 6095
6097 6589
6098 6099
6098 6102
6098 6192
6099 6103
6099 6188
6099 6190
6100 6211
6100 6322
6100 6433
6101 10920
6102 6103
6103 6187
6103 9300
6104 6159
6104 6160
6105 6160
6106 6107
6108 8598
6108 8599
6110 6111
6110 6113
6112 6123
6112 6134
6112 6145
6113 6114
6114 6115
6114 6117
6115 6116
6116 6118
6116 6119
6117 6118
6118 6119
6119 6120
6121 6122
6121 6124
6122 6125
6123 6156
6124 6157
6124 6165
6125 6126
6125 6127
6125 11601
6126 6128
6126 6144
6127 6144
6127 6147
6127 6149
6127 6157
6128 6129
6128 6130
6129 6135
6129 6142
6130 6131
6130 6135
6131 6132
6131 6133
6132 6135
6132 6136
6134 6156
6135 6141
6136 6137
6136 6138
6137 6139
6138 6226
6138 10110
6139 6140
6139 6141
6140 6151
6140 6154
6141 6142
6142 6143
6142 6144
6143 6146
6143 6154
6146 6147
6146 6148
6147 6149
6148 6149
6148 6150
6148 6154
6149 6152
6150 6151
6150 6152
6151 6153
6155 6157
6158 6159
6158 6160
6158 6161
6159 6163
6162 6163
6164 6165
6166 8641
6166 8721
6167 6178
6167 6189
6167 6200
6168 6184
6169 6170
6169 6171
6169 6172
6170 6173
6170 6174
6170 6175
6171 8560
6171 8641
6171 10095
6172 6183
6172 6184
6173 6185
6174 6176
6174 6177
6175 6182
6175 6183
6176 6179
6176 6181
6177 6179
6180 9308
6180 9309
6181 6182
6183 6184
6185 8559
6185 9309
6186 6281
6186 6284
6186 8178
6187 6190
6187 6194
6187 6195
6188 6191
6189 6212
6190 8548
6191 6192
6191 6193
6194 8547
6194 9300
6195 8547
6195 8548
6195 8552
6196 6197
6196 6198
6196 6199
6196 6207
6197 6201
6197 6203
6198 6203
6199 6201
6200 6212
6201 6204
6202 6205
6202 6221
6204 6205
6208 6209
6209 6210
6209 6217
6210 6213
6210 6214
6210 6221
6212 6223
6213 6218
6213 6219
6214 6215
6214 6219
6215 6221
6216 6219
6217 6218
6218 11667
6222 6224
6222 6225
6225 6226
6227 6228
6227 6313
6228 6229
6228 6230
6228 6231
6229 6306
6230 6308
6230 6313
6230 6315
6231 6306
6231 6307
6231 6308
6232 6241
6232 6244
6233 10109
6234 6245
6235 6236
6235 6243
6236 6238
6239 6276
6239 6277
6240 6242
6240 6243
6241 6243
6241 6275
6242 10099
6246 8134
6247 6248
6248 8600
6249 6250
6250 7454
6250 8621
6250 10107
6251 6252
6251 6253
6251 6268
6251 8611
6252 6264
6252 6265
6252 8333
6253 6254
6253 6258
6253 6266
6254 6255
6254 6257
6255 6259
6255 8611
6256 6267
6256 6278
6257 6258
6257 6259
6257 6260
6258 8317
6259 6260
6259 6262
6260 6263
6261 6262
6261 8611
6261 8622
6262 6263
6264 6265
6264 6266
6265 8319
6265 8330
6266 8317
6266 8318
6268 6269
6268 8333
6268 8611
6269 6270
6269 6271
6270 6271
6271 8332
6271 8333
6272 6273
6272 6274
6273 6274
6273 6275
6277 8988
6278 8050
6278 8311
6280 8178
6280 8189
6282 6283
6282 11944
6283 6284
6283 6285
6284 10489
6285 7890
6285 11922
6286 6298
6286 6301
6286 11922
6287 7901
6287 7912
6287 8547
6288 11911
6289 6300
6289 6311
6289 6323
6290 6291
6290 6292
6290 6303
6291 6293
6291 10800
6292 6295
6292 6298
6293 6302
6293 6303
6294 10811
6295 6296
6295 8900
6295 10778
6296 10789
6297 6298
6297 6299
6297 10101
6299 8900
6301 11911
6302 10800
6302 10811
6304 10789
6306 6309
6306 6310
6307 6308
6307 6309
6312 6313
6312 6314
6314 6315
6316 6317
6317 6325
6318 6319
6318 6320
6318 6321
6319 6321
6319 6377
6320 6324
6320 8033
6321 6376
6321 6379
6323 6356
6324 6325
6325 8033
6326 6331
6327 6328
6327 6330
6328 6329
6328 6330
6329 6330
6329 6332
6329 7179
6330 11924
6331 6332
6331 7179
6331 12041
6333 6335
6333 6337
6334 6345
6335 6598
6336 6337
6336 6338
6336 6339
6337 7137
6337 9541
6338 6617
6339 6598
6343 6344
6344 6450
6345 8923
6345 12163
6346 6347
6346 6348
6346 6349
6348 8526
6349 6350
6349 6365
6350 6364
6351 6352
6351 6354
6351 7506
6352 8637
6353 6354
6353 7506
6353 7999
6354 7506
6355 6358
6356 6367
6356 6378
6357 6360
6357 6361
6358 6359
6359 8005
6359 8007
6360 6361
6361 10143
6363 6364
6363 6365
6364 6366
6369 6371
6369 6377
6370 10374
6372 6373
6372 10375
6375 6379
6375 8539
6376 6379
6376 8033
6380 6381
6380 6382
6380 6383
6382 6383
6382 8295
6383 6386
6384 6385
6384 6386
6384 6643
6385 6641
6385 8294
6385 8295
6387 6388
6387 6390
6388 8172
6388 8294
6389 6400
6389 6411
6389 11128
6390 8172
6390 8296
6391 6392
6392 7197
6392 7659
6392 10119
6393 7694
6395 6396
6395 6397
6395 6398
6397 12093
6398 12089
6399 6401
6401 6402
6401 10133
6401 10135
6403 10499
6403 10501
6405 6406
6405 6407
6405 6639
6406 6642
6407 6408
6407 6409
6408 8199
6409 6636
6409 6637
6410 6412
6410 6413
6410 6566
6410 6568
6412 6414
6412 6415
6413 6568
6413 12150
6414 6420
6414 6421
6414 9724
6414 12062
6415 12064
6416 6417
6416 6418
6416 6420
6417 6419
6418 12057
6418 12156
6419 12159
6420 12057
6420 12058
6420 12081
6421 12064
6421 12065
6421 12067
6422 6434
6423 6424
6423 6425
6423 6426
6424 6425
6425 6427
6427 6428
6429 6430
6429 6431
6429 6566
6430 6565
6430 6566
6432 6435
6432 6436
6432 6437
6435 11041
6435 11186
6438 6439
6438 6440
6438 6447
6438 11222
6441 6442
6441 6443
6441 6444
6444 6446
6445 6456
6445 6467
6445 6478
6446 6447
6447 11040
6447 11041
6448 6449
6449 6450
6451 6452
6451 6453
6452 6454
6452 7319
6453 6454
6453 6455
6454 8746
6455 6457
6455 6458
6455 7190
6456 6556
6456 6567
6458 7682
6458 7683
6459 6460
6459 6461
6460 6645
6460 12296
6461 12296
6462 8963
6463 8113
6463 8963
6463 9535
6464 9509
6464 9535
6465 6466
6465 9515
6466 8375
6466 8376
6467 6489
6468 6469
6468 6470
6468 6485
6469 6499
6469 6814
6470 6485
6470 6486
6470 6800
6471 6472
6471 6473
6471 6474
6472 6577
6472 6579
6473 6517
6474 6475
6474 6517
6475 6476
6475 6938
6476 6477
6477 6937
6477 6938
6478 6567
6479 6928
6479 6931
6481 6484
6483 6981
6485 6488
6485 6496
6486 6487
6486 6488
6487 6490
6488 6582
6489 6500
6490 6800
6491 6791
6493 6494
6494 6496
6494 6497
6495 6572
6497 6582
6498 6499
6498 6793
6499 9806
6500 6522
6501 6502
6501 6505
6501 6949
6502 6503
6502 6973
6503 6504
6504 6569
6505 6949
6506 6507
6506 6508
6507 6508
6507 6752
6508 6751
6508 6756
6509 6746
6510 6715
6510 6718
6511 6522
6511 6533
6511 6545
6512 9100
6512 11789
6513 6514
6513 6515
6516 6517
6516 6936
6516 6937
6518 6519
6519 7026
6520 6521
6520 6523
6520 6536
6520 8626
6521 8314
6521 9801
6521 9802
6523 6524
6523 6530
6523 9799
6524 6525
6524 6526
6524 6527
6525 6528
6525 9763
6525 9804
6526 9763
6526 9764
6526 9799
6527 6528
6527 6529
6527 6530
6528 6539
6529 6537
6529 9325
6530 6536
6530 6537
6531 6532
6531 6534
6531 6535
6532 8310
6532 9335
6533 10511
6534 8305
6534 8307
6534 8308
6535 8305
6535 9387
6536 8312
6536 8314
6537 8312
6537 9326
6538 6539
6538 6540
6538 6541
6538 6542
6539 9804
6539 9805
6540 6548
6540 9805
6541 9391
6541 9804
6542 9391
6543 6546
6543 6547
6543 6548
6544 6655
6544 6767
6544 6878
6544 6989
6545 9656
6545 11434
6546 9386
6547 6549
6547 6550
6548 9803
6550 6552
6550 12005
6551 6552
6551 6553
6551 6554
6551 6555
6552 10025
6553 6557
6554 10023
6554 10024
6555 6558
6557 6558
6557 6559
6559 6560
6560 6561
6561 6562
6561 12123
6562 6563
6563 9978
6565 6566
6565 6568
6569 6947
6570 6571
6570 6947
6571 6572
6572 6573
6574 6575
6574 6577
6575 6576
6575 6583
6576 6577
6578 6589
6578 6600
6578 6611
6578 6622
6580 6581
6580 6583
6581 6582
6584 6585
6585 6586
6585 6995
6586 6587
6586 6588
6587 6996
6587 7865
6588 7513
6589 6633
6589 6644
6589 10906
6590 6591
6590 6592
6590 9238
6591 7323
6591 9255
6592 9232
6592 9233
6593 6594
6593 6595
6594 7476
6594 7479
6595 7099
6596 6597
6596 6598
6597 6599
6597 6601
6599 6601
6600 9743
6600 11285
6601 6602
6602 6613
6602 6615
6602 6616
6603 6604
6603 6605
6603 6606
6604 12106
6605 9562
6605 9565
6607 6608
6607 6609
6607 6610
6607 6612
6608 8946
6609 7140
6609 9564
6609 9568
6610 6613
6611 11283
6611 11285
6612 9559
6612 9564
6613 6614
6614 9569
6615 9569
6616 6617
6618 6619
6619 6620
6619 6621
6620 6621
6620 6624
6621 6623
6623 6624
6625 8655
6626 10722
6626 12230
6627 6628
6627 6629
6628 8173
6628 8180
6629 6630
6629 6631
6629 6636
6630 6639
6630 6640
6631 6632
6631 6634
6631 6635
6632 6636
6632 6637
6632 8197
6633 11599
6634 6638
6635 8197
6635 10697
6636 6639
6637 8196
6637 8199
6640 6641
6640 6642
6641 6642
6644 10906
6644 11599
6645 6646
6645 6647
6645 8553
6646 9316
6646 9317
6646 9319
6647 6648
6647 9316
6648 6649
6648 6650
6648 8731
6649 8555
6649 8730
6649 12126
6650 8554
6650 9310
6653 6654
6654 6657
6656 6667
6656 6678
6658 6660
6659 6660
6660 9816
6661 6662
6662 6663
6662 6666
6663 6665
6663 8766
6664 6665
6664 11800
6665 8655
6666 11372
6667 6689
6667 6700
6669 6670
6671 10689
6672 6673
6672 10689
6673 6674
6674 6675
6674 10522
6674 11177
6675 6676
6675 6677
6676 6681
6676 6683
6677 6679
6677 6680
6678 6711
6678 10886
6678 10887
6679 6691
6679 10522
6680 6681
6680 6682
6680 6691
6681 6682
6682 10094
6683 12013
6684 6686
6687 6688
6687 6705
6688 6690
6688 8522
6690 6705
6690 8533
6691 8505
6692 6745
6693 6745
6694 6746
6695 6696
6695 6743
6696 6697
6697 6698
6697 6699
6700 6711
6700 6722
6701 6702
6701 6709
6702 6703
6703 6704
6704 9130
6704 9133
6704 9141
6705 6706
6707 6708
6708 6709
6710 6712
6710 9133
6711 9576
6713 9133
6714 9115
6714 9132
6715 6716
6715 6717
6716 6720
6717 6739
6719 6721
6719 6735
6720 6737
6720 6738
6720 6739
6721 6723
6721 6724
6722 6755
6722 9576
6723 6730
6723 6734
6724 6725
6724 6728
6724 6730
6725 6736
6725 6737
6726 6727
6726 6728
6726 6729
6727 6771
6728 6731
6728 6736
6729 6736
6729 6740
6729 6741
6730 6731
6730 6732
6732 6734
6732 6769
6733 6744
6733 6755
6733 6768
6734 6735
6737 6741
6738 10780
6738 11290
6739 11290
6741 10780
6745 6746
6747 10090
6747 10098
6748 10089
6748 10091
6749 10090
6750 6782
6751 6752
6751 6753
6753 6756
6754 6763
6754 6772
6754 6773
6755 7212
6755 9571
6756 6761
6758 6759
6759 6760
6759 6761
6760 6763
6760 6773
6761 6762
6761 6763
6762 6764
6762 6765
6763 6774
6764 6784
6766 7877
6766 8988
6766 10099
6768 10885
6769 6770
6776 6778
6777 6778
6777 6781
6778 6780
6778 9812
6779 6790
6779 6801
6780 9809
6780 9810
6781 6786
6781 9812
6782 6974
6783 6974
6783 6976
6785 9808
6785 9809
6786 9807
6787 6788
6788 6789
6788 6791
6789 6791
6790 7112
6790 7134
6792 6793
6792 9806
6793 6794
6793 6820
6796 6818
6796 6819
6797 6798
6797 6799
6797 6819
6798 6814
6799 6800
6800 6814
6801 7145
6802 6806
6803 6804
6803 6942
6803 8966
6804 6805
6804 6946
6804 8977
6805 6816
6805 6824
6806 6807
6806 10833
6807 6808
6808 6817
6808 10833
6809 6810
6810 6818
6810 6819
6811 6813
6812 6823
6812 6834
6815 6817
6815 8977
6815 9899
6815 10822
6816 8977
6816 9899
6817 6822
6819 9806
6821 6822
6822 9899
6823 11595
6824 6941
6824 9898
6825 6826
6825 6860
6826 6827
6826 6828
6827 6855
6827 6857
6827 6860
6828 6829
6828 6855
6829 6830
6829 6831
6830 6836
6830 6925
6831 6836
6831 7248
6832 6833
6832 6835
6832 7248
6833 6837
6833 6840
6833 6854
6835 6836
6835 6837
6836 6926
6837 6838
6837 6839
6838 6927
6838 10777
6839 6840
6839 6841
6839 6927
6840 6842
6841 6842
6841 6843
6841 6927
6842 6843
6843 6853
6844 6846
6844 6853
6844 6854
6845 6856
6845 6867
6846 6847
6846 6848
6846 6852
6847 6849
6847 6850
6847 6857
6848 6854
6848 6857
6849 6851
6849 6858
6850 6851
6850 6852
6852 6853
6854 6855
6855 7248
6857 6858
6858 6859
6859 6860
6861 6862
6861 6863
6861 6864
6861 6914
6862 6914
6863 6865
6863 6891
6864 6865
6864 6910
6865 6866
6865 6868
6866 6869
6866 6870
6866 6913
6868 6870
6868 6891
6868 6892
6869 6871
6869 6872
6869 6894
6870 6893
6870 6894
6871 8273
6871 8274
6872 6873
6872 6874
6873 6895
6873 6896
6874 6875
6874 6876
6874 6896
6875 6880
6875 8274
6875 10774
6876 6877
6876 6880
6877 6881
6879 6890
6879 6901
6879 6912
6881 6916
6882 6883
6882 6908
6883 6884
6883 6885
6884 6906
6884 6908
6885 6886
6885 6887
6885 6906
6885 6918
6886 8193
6886 10305
6887 6918
6887 10305
6888 6889
6888 6891
6889 6909
6891 6909
6892 6902
6892 6909
6893 6900
6893 6902
6894 6895
6895 6900
6896 6897
6896 6898
6897 6898
6898 6899
6898 6900
6899 6922
6901 6967
6901 11591
6903 6904
6904 6905
6906 6907
6907 9454
6910 6911
6910 6913
6913 8273
6915 6917
6916 6917
6919 6920
6920 10777
6921 6922
6921 6924
6921 6925
6922 6924
6923 6934
6923 7012
6923 7056
6925 6926
6926 10777
6928 6929
6928 7020
6929 7013
6930 6981
6930 7000
6931 10267
6932 6933
6932 6935
6933 10256
6933 10267
6935 10267
6936 6937
6939 6940
6939 6943
6940 6941
6941 6944
6942 6946
6943 6944
6943 10256
6944 10256
6945 6956
6945 6967
6946 9898
6948 6949
6951 6968
6951 6969
6952 6953
6952 6954
6953 6972
6954 6955
6955 6957
6957 6968
6958 6959
6958 6968
6959 6960
6960 6961
6960 6962
6961 6963
6961 6964
6962 6965
6963 6977
6963 6979
6963 9760
6964 6977
6964 7011
6965 6966
6967 11591
6969 6970
6969 6971
6970 6979
6970 9758
6971 9758
6975 6976
6977 8828
6978 6990
6978 7001
6979 9760
6980 6983
6980 7003
6981 6982
6981 7003
6981 7019
6981 7020
6982 6999
6982 7000
6983 6984
6984 6985
6985 6986
6986 6987
6986 6988
6987 6991
6988 7515
6990 7056
6991 7512
6991 7513
6991 7865
6992 7004
6993 6994
6993 6995
6993 6996
6996 6997
6996 7518
6997 7963
6998 7002
6999 7000
7005 7007
7005 7008
7005 7009
7005 8212
7006 8212
7008 9256
7008 10200
7009 7011
7009 10200
7010 7011
7011 10189
7012 7023
7012 7034
7013 7014
7013 7015
7014 7016
7014 7017
7015 7017
7015 7020
7016 7018
7017 7018
7017 7019
7022 7519
7022 7521
7024 7025
7024 7026
7024 7027
7024 9901
7025 7027
7025 7520
7025 7862
7026 7519
7027 7765
7027 9901
7028 7029
7028 7030
7028 8499
7029 7048
7029 7135
7030 7135
7030 7136
7030 7137
7030 7138
7030 9488
7031 7032
7031 7033
7031 7035
7031 7036
7032 7048
7032 7050
7032 8501
7033 7051
7033 7052
7033 9496
7034 7045
7034 7056
7035 8503
7036 7050
7036 8490
7036 9498
7037 7038
7037 7076
7037 10785
7038 7039
7038 7040
7039 7041
7039 8993
7040 8993
7040 10781
7041 7042
7041 7043
7041 7044
7043 7047
7044 8992
7044 8993
7045 7067
7045 7078
7046 7047
7047 10787
7048 7049
7048 11376
7049 8501
7050 11376
7051 7053
7051 7054
7052 8381
7052 8382
7053 7057
7053 8952
7053 9496
7054 7055
7054 7057
7054 8382
7055 7058
7055 8151
7057 8151
7057 8951
7058 7059
7058 7060
7058 7061
7059 7062
7059 7063
7059 9011
7060 8382
7060 9011
7060 9013
7061 8119
7061 8151
7061 8152
7062 7064
7062 7065
7062 8120
7063 8119
7063 8120
7064 7066
7064 7068
7064 8383
7065 8383
7065 9011
7065 9018
7066 8160
7066 8384
7066 8706
7068 8120
7068 8160
7068 8161
7069 7070
7069 7071
7069 8705
7069 8994
7070 9051
7070 9052
7070 10782
7071 7072
7071 7073
7071 9052
7072 8994
7072 8996
7072 8997
7073 7074
7073 7075
7073 8997
7074 9049
7074 9050
7074 9052
7075 7076
7075 7077
7075 9050
7076 7079
7076 8998
7077 8997
7077 8998
7077 8999
7078 11877
7079 10783
7079 10785
7080 10612
7082 7083
7082 7084
7083 7086
7083 7087
7084 7086
7085 7086
7085 7090
7087 7088
7087 10298
7088 10298
7088 10299
7089 7101
7089 7112
7089 7123
7089 7134
7090 9731
7091 7092
7091 7769
7091 7966
7092 7964
7092 7965
7092 7968
7093 7094
7093 7095
7093 7109
7094 7104
7094 7349
7095 7096
7095 7097
7097 8347
7098 7428
7098 7474
7100 7211
7100 7322
7101 9955
7102 7103
7102 7104
7102 7454
7103 7105
7103 7106
7103 7453
7104 7465
7104 7468
7105 7455
7105 7457
7106 7459
7106 7481
7107 7108
7107 7349
7108 7109
7109 7349
7110 7239
7110 7549
7110 7550
7111 7113
7111 10648
7111 10649
7111 10650
7112 7145
7113 7126
7113 10650
7114 7115
7116 7117
7116 7118
7117 7697
7118 7121
7119 7120
7119 7121
7120 7122
7122 7124
7122 7125
7123 7855
7123 7866
7126 7127
7127 7128
7127 7129
7128 7129
7131 7132
7131 7133
7132 8499
7132 8502
7133 8496
7133 8502
7133 9552
7134 10885
7135 11376
7136 8493
7137 9542
7137 11265
7138 7139
7140 7141
7140 7142
7141 9569
7142 9118
7142 9147
7142 10395
7143 12288
7144 7146
7144 12288
7146 7147
7146 7148
7147 7148
7148 12266
7149 7150
7149 7151
7149 7152
7150 7152
7150 12266
7151 11046
7151 11047
7152 7153
7153 11045
7154 7155
7154 7157
7154 7158
7155 11185
7155 11192
7156 7167
7156 7178
7156 7200
7157 11193
7158 11042
7158 11195
7159 7160
7159 7161
7159 7162
7159 7163
7164 7165
7164 7166
7164 7168
7167 9575
7167 10874
7169 7170
7169 7171
7171 10847
7173 7174
7174 7175
7174 7176
7175 7176
7178 9580
7178 10880
7178 11843
7179 12041
7180 7181
7180 7304
7181 7306
7181 7463
7182 7183
7182 7184
7182 8740
7182 8795
7183 7680
7184 7185
7184 7186
7185 7187
7185 7190
7186 7188
7186 8795
7187 7188
7189 7200
7189 7212
7191 7192
7191 7193
7191 7659
7192 7199
7192 7652
7192 7658
7193 7194
7193 7197
7193 7199
7194 7195
7194 7196
7194 10121
7195 7196
7195 7199
7195 7648
7196 7650
7197 7198
7197 10119
7198 7686
7198 10121
7198 11859
7199 7649
7201 7202
7201 7203
7202 7203
7203 11720
7203 11729
7204 7205
7204 9919
7205 7206
7205 7207
7205 7208
7206 7217
7206 9928
7207 7220
7207 9928
7208 9927
7209 10705
7210 10699
7213 7214
7213 7215
7213 7216
7214 7219
7214 7221
7215 9930
7215 10017
7216 8905
7216 10016
7217 7218
7217 9931
7218 9928
7218 9929
7219 7220
7221 7275
7221 9926
7221 9927
7222 7225
7222 7226
7223 10633
7224 7226
7224 10685
7225 9935
7225 9936
7226 9935
7226 9942
7227 7228
7227 7229
7228 7274
7228 7275
7229 10713
7229 10716
7229 10717
7230 7276
7230 7277
7230 7280
7231 9950
7231 10720
7232 7233
7232 7235
7232 7236
7233 7558
7234 7245
7234 7256
7234 10633
7235 7561
7235 7562
7236 7557
7236 9947
7237 7238
7237 7239
7237 7240
7237 7241
7238 7242
7238 7529
7238 7539
7239 7242
7239 7244
7240 7529
7240 7530
7240 7531
7241 7530
7241 7538
7241 7549
7242 7243
7242 7244
7243 7539
7244 11288
7245 7267
7245 9356
7245 9889
7246 7247
7247 7523
7249 7250
7250 8540
7251 7252
7251 7253
7251 7254
7252 7255
7252 7566
7253 7255
7253 7257
7253 7610
7254 7568
7255 7612
7256 11188
7256 11199
7257 7258
7257 7259
7258 7261
7258 7568
7259 7613
7259 8541
7260 7261
7260 7262
7260 7263
7261 7264
7262 7264
7262 7266
7262 11764
7263 8541
7263 8542
7264 7265
7265 7266
7265 7268
7266 7410
7267 7278
7267 7711
7268 7272
7269 7270
7269 7271
7269 7273
7271 9938
7271 11735
7272 7273
7274 10714
7275 10702
7276 7277
7276 7279
7276 7280
7276 10717
7277 9950
7278 9345
7279 9956
7279 9957
7281 7282
7281 7283
7282 9951
7283 7285
7283 11760
7284 7285
7284 7286
7284 7287
7285 11734
7286 11760
7287 11736
7287 11737
7288 10660
7289 7300
7289 9123
7290 10670
7291 7292
7291 8323
7291 8334
7292 7295
7292 7296
7293 8323
7294 8323
7295 8037
7297 7298
7297 7299
7297 8021
7298 8614
7299 7301
7299 7302
7299 8615
7301 7498
7302 7303
7302 7484
7302 7499
7303 7491
7303 7497
7304 7305
7304 7306
7304 7461
7305 7464
7305 7466
7306 7460
7306 7462
7307 7308
7307 7309
7307 7490
7308 7355
7308 7494
7309 7435
7309 7463
7311 7323
7311 7334
7311 7345
7312 10771
7313 8863
7313 8868
7314 7881
7314 11702
7315 7373
7315 7375
7315 11731
7316 7317
7316 7318
7317 7369
7317 7372
7317 11732
7318 7369
7318 7379
7319 7320
7319 8746
7321 7324
7321 7325
7322 11567
7323 9249
7324 9962
7325 8921
7326 7327
7326 7328
7326 7329
7326 7330
7326 7331
7327 9967
7327 9968
7328 7551
7328 7552
7329 7331
7329 7536
7329 7537
7329 10729
7331 7537
7332 7333
7332 7335
7332 7336
7333 7336
7333 7341
7334 7345
7335 7338
7335 10724
7336 7337
7337 7342
7337 7343
7338 7339
7338 7340
7338 7341
7339 7561
7339 7562
7340 10723
7340 10724
7342 8921
7342 9959
7343 9958
7343 10723
7344 7346
7344 7347
7344 7348
7345 10599
7345 11133
7346 7788
7346 7796
7347 7640
7347 7791
7348 7776
7348 7795
7350 7351
7350 7352
7350 7353
7350 8607
7351 7996
7352 7354
7352 7760
7352 7995
7353 7993
7353 7994
7354 7757
7354 7758
7354 7761
7354 7973
7355 7359
7355 7504
7356 7367
7356 8074
7357 7358
7357 7359
7358 7505
7358 7506
7359 7360
7360 7502
7360 7503
7360 7504
7362 7363
7362 7364
7363 7735
7363 7736
7363 8368
7364 7365
7364 7368
7365 7366
7367 11642
7368 8826
7369 7370
7369 7391
7370 7371
7370 7372
7370 7374
7371 7375
7371 7390
7371 7391
7372 7373
7373 7374
7374 7375
7375 7388
7376 8880
7376 8881
7376 8882
7377 8880
7378 7389
7379 7384
7379 7391
7380 7381
7380 7382
7380 7383
7381 7384
7381 7390
7381 7391
7382 7384
7382 8719
7382 8720
7383 7386
7383 7387
7383 7390
7384 7385
7385 7704
7385 7705
7385 7706
7386 7388
7386 9615
7386 9616
7387 8719
7387 9616
7388 7390
7389 7434
7389 11767
7392 7393
7392 7394
7392 7396
7392 8864
7393 7395
7393 7398
7394 7398
7395 8862
7395 8864
7396 7397
7396 8870
7397 8872
7398 11727
7399 7401
7399 7402
7400 7411
7400 7422
7400 7467
7401 7423
7401 7612
7402 7418
7402 7420
7402 7581
7403 7404
7403 7405
7403 7412
7404 7408
7404 7577
7405 7406
7405 7407
7405 7408
7405 12202
7406 7415
7406 7418
7407 7412
7407 7414
7407 7415
7408 12204
7409 7410
7409 8543
7410 8542
7411 9234
7412 7413
7412 7571
7413 7569
7413 7572
7414 7416
7414 7571
7415 7416
7415 7417
7416 7419
7417 7418
7417 7419
7417 7420
7419 7421
7420 7421
7420 7423
7421 7580
7423 7580
7423 7607
7424 7425
7424 7426
7424 7452
7425 7427
7425 7428
7426 7455
7426 7457
7427 7429
7428 7451
7429 7430
7429 7431
7429 7432
7430 7472
7430 7477
7431 7474
7431 7477
7432 7439
7432 7444
7433 7544
7433 7655
7433 10066
7434 7445
7434 11209
7435 7436
7435 7480
7436 7437
7436 7438
7436 7443
7437 7444
7437 7446
7438 7439
7438 7440
7438 7444
7439 7448
7440 7443
7440 7448
7440 7482
7441 7442
7441 7443
7441 7490
7442 7482
7442 7490
7445 7700
7446 7458
7446 7462
7446 7480
7447 7448
7447 7449
7447 7450
7449 7473
7449 7501
7450 7482
7450 7501
7451 7452
7451 7453
7452 7455
7453 7454
7454 10107
7456 7467
7457 7458
7458 7459
7459 7460
7460 7461
7461 7481
7462 7480
7464 7465
7464 7468
7465 7508
7466 7468
7466 7481
7467 12177
7469 7470
7469 7471
7469 7485
7469 8601
7470 7483
7470 7492
7470 7499
7471 7473
7471 7475
7471 7479
7472 7473
7474 7486
7475 7476
7475 7477
7476 7486
7482 7483
7483 7487
7483 7501
7484 7485
7484 8616
7485 7499
7487 7488
7487 7490
7487 7491
7488 7495
7488 7496
7489 7500
7489 7511
7489 7522
7490 7493
7491 7492
7493 7494
7494 7980
7494 7981
7495 7497
7495 7992
7496 7753
7496 7759
7496 7981
7497 7498
7497 7762
7498 8606
7498 8607
7500 7511
7502 7505
7502 7747
7503 7753
7503 7991
7504 7980
7506 7987
7507 7867
7507 8589
7507 9755
7507 10667
7509 7510
7509 7966
7510 10084
7512 7515
7512 7518
7513 7865
7514 7515
7514 7516
7514 7521
7515 7516
7516 7517
7516 7518
7519 7520
7520 7521
7520 7860
7520 7861
7521 7860
7523 7524
7524 10581
7525 7526
7525 7527
7525 7528
7525 7531
7526 10138
7527 10726
7527 10735
7528 7529
7528 7532
7529 7534
7530 7535
7531 10138
7532 7541
7533 10061
7534 7539
7534 7541
7535 7536
7535 10139
7536 7537
7537 7538
7538 7549
7538 7551
7539 7540
7540 7541
7540 9952
7541 7547
7542 7543
7542 7546
7542 10719
7545 7556
7545 7567
7545 7578
7546 9953
7547 7548
7547 9952
7550 7551
7550 7553
7551 7552
7552 7554
7552 7555
7552 9968
7553 7554
7553 9958
7554 7555
7554 9958
7555 9969
7556 12118
7557 7558
7558 7559
7559 7560
7563 7564
7564 7697
7565 7566
7567 7589
7569 7570
7569 7571
7570 7573
7570 7574
7572 7576
7572 7577
7573 7576
7574 7576
7574 7579
7575 7576
7575 7577
7575 7579
7578 12117
7578 12120
7579 12293
7580 7584
7581 12202
7581 12203
7582 7583
7582 7584
7582 7608
7583 7614
7583 8543
7584 7607
7585 7586
7585 7587
7585 7588
7585 7590
7586 9461
7586 9462
7587 7596
7587 11941
7588 7602
7589 10056
7589 10510
7590 7591
7590 9462
7591 7592
7591 7593
7592 7601
7592 7603
7593 7594
7593 7595
7594 8914
7594 8916
7594 8918
7595 7605
7595 12293
7596 7597
7596 7598
7596 9602
7596 10547
7597 7617
7597 11940
7597 11941
7598 7599
7599 10543
7601 7602
7603 7604
7604 7605
7604 7606
7607 7608
7607 7609
7608 7613
7608 7614
7609 7610
7609 7612
7610 7613
7611 7622
7611 9890
7614 8541
7615 7616
7615 7790
7615 9095
7615 9465
7616 7636
7616 11774
7617 7618
7617 7619
7617 8910
7617 9596
7619 7637
7619 8910
7620 7621
7620 7623
7621 7623
7621 7628
7622 9379
7622 9883
7623 7627
7623 9635
7624 7625
7624 7626
7624 7627
7625 9632
7626 7638
7626 8818
7628 7632
7628 7637
7628 8910
7629 7630
7629 7631
7629 7632
7629 9634
7630 7634
7630 9636
7631 9632
7631 9637
7632 7634
7632 9635
7633 7644
7633 7656
7633 7667
7634 7635
7635 7636
7635 7637
7636 9092
7636 9093
7636 11774
7638 7639
7638 7893
7639 7640
7639 7643
7639 9638
7640 7641
7640 7642
7640 7643
7641 9436
7641 11773
7642 7787
7642 9628
7643 11697
7644 9522
7645 7646
7646 7647
7646 8764
7646 8765
7646 8777
7648 7649
7648 7650
7648 7651
7649 7652
7650 7651
7651 7657
7652 7653
7652 7654
7653 8801
7654 7657
7656 8658
7656 8659
7658 7659
7659 7662
7659 7691
7660 7661
7660 7662
7660 7663
7661 7664
7661 7696
7662 7666
7663 7691
7663 12218
7664 7665
7664 7666
7665 7692
7665 7695
7666 7690
7667 8658
7667 8660
7667 8661
7668 7669
7668 7672
7668 8751
7669 7670
7669 7671
7670 7681
7671 7672
7671 7673
7672 7674
7672 7675
7673 7675
7673 7680
7674 7677
7674 8749
7675 7676
7676 7677
7676 8793
7677 7679
7678 7689
7679 8743
7679 8792
7681 8748
7681 8751
7682 11860
7683 8798
7683 8799
7684 7685
7684 7686
7684 7687
7685 11860
7687 11860
7688 11781
7692 7693
7693 7694
7693 7695
7694 12216
7695 7696
7695 12216
7696 12218
7698 7699
7698 7701
7698 7702
7699 7880
7699 10605
7700 9223
7700 11057
7701 7786
7701 11681
7702 10691
7702 11677
7703 11684
7704 7856
7704 8821
7704 11837
7705 8720
7706 8880
7707 7708
7707 7709
7707 7710
7708 7729
7708 7869
7708 7872
7709 7712
7709 7728
7710 7719
7710 7720
7710 7869
7711 7722
7711 8289
7712 7713
7712 7714
7712 7715
7713 7716
7713 7717
7713 7718
7714 7719
7714 7721
7715 7717
7715 7728
7715 7730
7716 7717
7716 7724
7716 7725
7717 7731
7718 7721
7718 7725
7718 7737
7719 7741
7720 7741
7720 7743
7721 7723
7722 8289
7722 8300
7722 9889
7723 7737
7724 7726
7725 7726
7725 7727
7726 7738
7727 7737
7727 7738
7727 7739
7728 7729
7729 7732
7730 7732
7730 7734
7730 7742
7731 7734
7732 7871
7733 7744
7733 7755
7733 7767
7735 7736
7739 7740
7742 7873
7743 7745
7743 7868
7745 7875
7746 7747
7746 7748
7746 7756
7747 7753
7747 7970
7748 7749
7748 7750
7749 7756
7749 7983
7749 7986
7750 7985
7750 7986
7751 7752
7751 7753
7751 7759
7751 7970
7752 7758
7752 7992
7754 7756
7754 7757
7754 7977
7756 7970
7757 7970
7757 7971
7759 7992
7760 7761
7760 7762
7761 7992
7762 8607
7763 7764
7763 7861
7763 7862
7764 7765
7764 7768
7764 7769
7765 7862
7765 7905
7766 7878
7766 7989
7766 8100
7768 7962
7769 7905
7770 7771
7770 7772
7770 7773
7770 7774
7771 10661
7771 10662
7773 11677
7774 10682
7775 7776
7775 7777
7775 7779
7775 7780
7776 7794
7777 7792
7778 7789
7778 7800
7778 7811
7779 7786
7779 7787
7780 10690
7781 7782
7781 7783
7782 7784
7782 7785
7783 8543
7783 8546
7784 7848
7784 9107
7787 9624
7788 7790
7790 7791
7790 9096
7791 11773
7791 11774
7792 7793
7792 7794
7793 9107
7794 7795
7795 7796
7796 7835
7797 7798
7797 7799
7797 7801
7798 7814
7798 7827
7798 11089
7799 11089
7799 11096
7801 7814
7802 7803
7802 7804
7802 7805
7803 7825
7803 11092
7804 7806
7804 7807
7804 7808
7805 7826
7805 7827
7806 7826
7806 11098
7807 7824
7807 7825
7807 11143
7808 7812
7809 7810
7809 7812
7809 7813
7810 7832
7810 11101
7810 11109
7811 10500
7811 10844
7812 11101
7813 11083
7813 11086
7813 11109
7814 11090
7815 7816
7815 7817
7815 7818
7816 7819
7816 10932
7817 11087
7817 11097
7818 10969
7818 11096
7818 11097
7819 10930
7819 10931
7819 10954
7820 7821
7820 7823
7820 7824
7821 7823
7821 7825
7822 7833
7822 7844
7823 11091
7824 10509
7826 7828
7826 11093
7827 11092
7827 11093
7828 7829
7828 7830
7828 11098
7829 7831
7830 11093
7830 11094
7830 11095
7830 11149
7831 7832
7831 7834
7833 9811
7833 9822
7834 11109
7834 12108
7835 7836
7835 7837
7836 9098
7836 9639
7837 7847
7837 7848
7838 7839
7838 7840
7838 7841
7838 9094
7839 9099
7839 11770
7840 7842
7840 7843
7841 7852
7841 9642
7842 9094
7842 9095
7843 7845
7843 7846
7844 9822
7845 9649
7845 9653
7846 9465
7847 7854
7847 11768
7848 7854
7849 7850
7849 7851
7849 7852
7849 7853
7850 9106
7850 9647
7851 9105
7851 11768
7852 9640
7853 9105
7853 9106
7854 11769
7855 7866
7855 7879
7856 7857
7856 7858
7856 7859
7857 8720
7858 8709
7859 10601
7859 11717
7860 7963
7861 7862
7863 7864
7864 7959
7866 9955
7866 10882
7867 8269
7867 8270
7868 7869
7868 7870
7871 7872
7871 7873
7874 7875
7876 7880
7876 7881
7876 7882
7879 10883
7882 11698
7882 11699
7883 7884
7883 7885
7883 7886
7884 9624
7884 9626
7885 7892
7885 7893
7885 7894
7886 7902
7886 7903
7887 7888
7887 7889
7887 7891
7890 7901
7890 7912
7890 7923
7891 7904
7892 9626
7892 9629
7893 7902
7894 9629
7894 11697
7895 7896
7895 7897
7896 7898
7896 7899
7896 8818
7897 7899
7897 7902
7898 8817
7899 7900
7900 7902
7900 7903
7900 7904
7903 7904
7905 7906
7905 7968
7906 9901
7907 7908
7907 7909
7907 7910
7908 7911
7909 7915
7909 7918
7910 9728
7910 10290
7911 7915
7911 7916
7912 9278
7913 7914
7913 7915
7913 7917
7914 7916
7914 7919
7916 8036
7917 7918
7917 7919
7919 8035
7920 7921
7920 7922
7920 7925
7920 8358
7921 7927
7921 8357
7921 8361
7922 8362
7922 9725
7923 11922
7924 7925
7924 7926
7925 9725
7926 8358
7926 10579
7927 7928
7927 10302
7928 7936
7928 7947
7928 8361
7929 7930
7929 7931
7929 7937
7930 8364
7930 8365
7931 7932
7931 7933
7931 8365
7932 7937
7932 7939
7932 7940
7933 7935
7933 7939
7933 10303
7934 7945
7934 7956
7935 7936
7935 7941
7935 9730
7936 10287
7937 7938
7938 7940
7938 8351
7939 7941
7939 8354
7940 8363
7941 7942
7941 7943
7942 8354
7942 8355
7942 10286
7943 7946
7943 10286
7943 10287
7944 7946
7944 7947
7944 7948
7945 9556
7946 10285
7946 10288
7947 8230
7947 10288
7948 7949
7948 8228
7949 8219
7949 8222
7949 8225
7949 8226
7950 7951
7950 10737
7950 11261
7951 7952
7951 7953
7951 7954
7952 7955
7952 11247
7953 7957
7953 10737
7954 11241
7954 11242
7954 11243
7955 7957
7955 7958
7957 10730
7957 10736
7958 8906
7958 8907
7959 7960
7959 7961
7960 7962
7960 7963
7961 7969
7962 7969
7964 7965
7967 7978
7967 7990
7967 8001
7967 8012
7971 7972
7971 7973
7971 7977
7972 7974
7972 7975
7972 7995
7973 7995
7974 7977
7974 7979
7975 7976
7975 7979
7976 7993
7976 7994
7977 7982
7980 7991
7981 7991
7982 7983
7983 7984
7984 8011
7985 7987
7985 7988
7986 7988
7988 7997
7989 11844
7993 7996
7994 7995
7997 7998
7997 7999
7997 8000
7998 8011
7999 8007
8000 8005
8000 8006
8000 8007
8002 8003
8002 8004
8002 8006
8002 8011
8004 8006
8004 8009
8005 8008
8005 8010
8006 8008
8006 8009
8008 8009
8008 8010
8012 11933
8013 8014
8013 8018
8013 8024
8013 8025
8015 8016
8015 8017
8015 8614
8016 8017
8017 8018
8017 8019
8019 8020
8019 8024
8020 8021
8020 8022
8023 8034
8023 8045
8023 9989
8026 8027
8026 8028
8026 8029
8026 8030
8028 10463
8029 8031
8029 8032
8031 10460
8031 10462
8032 10462
8032 10463
8033 8538
8034 11611
8034 11622
8035 8036
8035 10579
8036 10579
8037 8051
8038 8039
8038 8040
8039 8041
8039 8047
8039 8049
8040 8048
8040 8925
8041 8042
8042 8043
8042 8049
8043 8044
8043 8046
8044 8054
8045 9330
8045 9353
8045 9989
8046 8052
8046 8053
8047 8048
8047 8049
8048 8925
8050 8051
8051 8334
8052 10596
8053 11662
8055 8057
8055 8058
8055 8059
8056 8067
8056 8078
8056 8089
8057 8066
8057 8068
8058 8070
8058 8073
8059 8075
8059 11650
8060 8061
8060 8062
8060 8064
8060 8066
8061 11650
8061 11654
8061 11659
8062 8063
8062 8081
8063 8064
8063 8065
8064 8066
8064 8077
8065 8077
8065 8079
8065 8080
8068 8069
8068 8070
8069 8071
8069 8072
8070 8071
8071 8073
8072 8077
8072 8079
8073 8074
8075 8076
8076 11654
8076 11657
8078 11223
8080 11648
8081 11659
8082 8083
8082 8084
8082 8085
8083 8086
8085 8091
8086 8087
8087 8088
8088 8090
8089 9722
8089 10011
8090 8098
8091 8092
8091 8093
8092 8093
8093 8094
8094 8095
8094 8096
8096 8098
8097 8098
8097 8099
8099 11663
8099 11664
8101 8112
8101 8123
8101 9611
8102 8103
8102 8104
8102 8105
8102 8953
8103 8108
8103 8488
8103 9499
8104 8153
8104 8954
8104 9813
8105 8108
8105 8109
8105 9813
8106 8107
8106 9539
8106 9540
8106 12040
8106 12096
8107 9038
8107 9039
8108 9492
8109 8144
8109 9491
8110 8111
8110 8113
8110 9531
8110 9535
8111 8114
8111 8146
8111 9532
8112 8123
8112 8289
8113 8114
8113 8961
8114 9055
8115 8116
8115 8117
8115 8118
8115 8373
8116 8131
8116 8143
8116 8372
8117 9509
8117 9516
8118 9534
8119 8121
8119 8138
8120 8138
8121 8122
8121 8124
8121 8152
8122 8125
8122 8126
8122 8140
8123 10278
8124 8138
8124 8139
8124 8140
8125 8152
8125 8153
8125 8954
8126 8127
8126 8128
8127 8153
8128 8140
8128 8141
8128 8142
8129 8130
8129 8131
8129 8132
8130 8158
8131 8133
8131 8143
8132 8133
8132 8135
8132 8136
8133 8372
8133 9060
8134 8145
8134 9800
8135 8136
8135 8137
8135 9060
8136 8158
8136 9493
8137 9061
8138 8161
8139 8161
8139 8162
8139 8163
8141 8142
8141 8163
8141 8164
8142 8143
8144 8155
8144 8159
8144 9813
8145 9800
8145 11445
8146 8147
8146 8148
8147 9530
8147 9532
8147 9536
8148 8149
8148 9536
8149 8150
8149 9043
8149 9051
8149 9536
8149 10782
8150 8705
8150 9527
8151 8154
8152 8154
8154 8951
8154 8954
8155 8157
8156 8167
8156 8178
8156 8189
8156 10478
8157 9813
8158 8159
8159 9491
8159 9493
8160 9035
8160 9527
8161 9035
8162 9032
8162 9035
8162 9529
8163 9032
8164 9032
8164 9033
8165 8166
8166 8303
8168 8169
8168 8170
8168 8171
8168 8172
8169 8296
8170 10359
8171 10350
8171 10355
8173 8174
8173 8175
8173 10362
8174 10364
8174 10368
8175 8176
8175 8184
8176 8181
8176 9447
8177 8179
8177 8180
8177 10359
8178 10489
8179 10352
8179 10360
8181 8182
8181 8183
8181 10364
8182 9448
8182 9710
8183 10357
8183 10366
8184 8185
8185 8194
8185 8195
8186 8187
8186 8188
8186 8190
8186 8191
8187 8209
8188 8192
8188 8194
8190 8195
8190 8198
8191 8202
8191 8209
8192 8193
8193 10304
8195 10697
8196 8197
8196 8198
8196 8201
8197 10698
8198 10698
8199 8201
8200 8212
8200 8223
8202 8205
8203 8214
8203 8215
8203 9761
8205 8209
8205 8210
8205 8214
8206 8207
8206 8210
8206 10696
8207 8208
8208 8209
8208 8210
8210 8213
8211 8322
8211 8433
8211 8544
8212 9256
8213 8214
8213 8221
8215 8216
8215 8217
8216 8219
8216 8221
8216 8224
8217 8218
8217 8219
8217 9761
8218 8220
8218 8222
8219 8222
8220 9761
8220 9762
8221 10696
8223 9256
8223 9267
8224 8225
8224 10696
8225 8226
8225 10301
8226 8228
8228 8229
8228 10301
8229 8230
8229 8231
8230 10302
8231 10301
8232 8336
8232 8337
8233 8235
8233 8247
8233 8249
8234 8245
8234 8256
8234 8267
8234 8278
8235 8236
8235 8259
8236 8237
8236 8238
8236 8253
8237 8243
8237 8251
8238 8249
8239 8240
8239 8250
8240 8266
8240 8268
8241 8242
8241 8243
8242 8250
8243 8244
8244 8254
8244 8255
8245 10390
8245 10767
8246 8248
8247 8248
8251 8252
8251 8253
8251 8254
8252 8261
8252 10637
8253 8258
8254 8255
8254 8260
8255 8257
8256 9392
8257 8265
8258 8259
8260 8261
8261 8262
8262 10634
8262 10636
8263 8264
8263 8265
8264 8268
8267 11751
8267 11753
8269 8270
8270 10667
8271 8316
8271 9755
8272 8273
8272 8274
8275 8276
8276 8277
8277 8279
8277 8280
8278 10390
8278 11752
8279 12018
8280 10922
8280 12018
8281 8282
8282 8283
8284 8285
8284 8286
8284 10166
8284 11294
8285 8521
8285 11295
8286 8520
8287 8288
8287 8290
8287 8291
8288 10899
8288 10902
8290 10899
8290 10901
8291 8292
8291 8293
8295 8302
8296 8301
8297 8298
8297 8299
8298 8301
8298 8302
8300 9611
8300 10633
8302 8303
8303 10132
8305 8306
8305 9390
8306 9344
8306 10045
8306 11936
8307 8309
8307 8310
8308 9339
8309 9340
8310 9333
8310 9336
8311 8323
8311 8334
8311 8345
8312 8313
8313 8314
8313 9341
8313 9343
8314 9354
8315 8316
8315 8317
8315 8578
8316 8318
8318 8319
8318 8320
8319 8329
8321 8324
8321 8325
8321 8326
8324 8329
8324 8331
8326 8327
8326 8328
8327 8330
8327 8350
8330 8332
8330 8333
8331 8332
8336 8337
8338 8339
8338 8340
8338 8341
8339 8342
8339 8343
8339 9873
8340 8728
8340 8729
8341 8665
8341 8726
8341 9873
8342 8343
8342 8594
8342 9891
8343 8344
8344 9836
8344 10076
8346 8347
8346 8597
8347 8348
8348 8598
8349 8350
8351 8352
8351 8353
8351 8363
8352 9726
8353 10694
8354 8363
8355 10292
8355 10294
8355 10296
8356 8367
8356 8378
8357 8358
8357 8359
8357 10302
8358 8360
8359 8360
8361 8362
8362 9730
8363 10292
8364 8365
8364 8366
8365 10303
8366 9730
8366 10303
8368 8369
8368 8827
8369 8825
8370 8371
8370 9492
8371 9491
8371 9493
8372 8373
8372 8374
8373 9030
8373 9031
8374 9028
8374 9030
8374 9060
8375 9510
8376 9510
8376 9513
8376 9514
8377 8379
8377 8380
8377 10788
8379 9048
8381 8387
8381 8388
8382 8950
8383 8384
8383 9019
8384 9036
8384 9037
8385 8386
8385 8705
8385 9036
8386 8390
8386 8391
8387 8388
8387 8503
8387 9508
8388 8949
8388 9494
8389 8400
8390 8959
8390 9002
8390 9526
8391 9036
8391 9037
8391 9526
8393 8394
8393 8395
8393 8396
8394 8402
8395 8404
8395 8446
8395 8447
8396 8397
8396 8401
8396 8446
8398 8401
8399 8446
8399 8447
8399 8484
8400 11489
8401 8446
8402 8403
8402 8404
8405 8426
8406 8407
8406 8408
8407 8417
8407 8427
8407 8439
8408 8417
8408 8455
8408 8457
8409 8410
8409 8412
8409 8413
8409 8414
8410 8458
8411 8422
8411 8434
8412 8415
8412 8416
8412 8417
8415 8418
8415 8448
8415 8451
8415 8460
8416 8418
8417 8448
8418 8419
8418 8420
8420 8425
8421 8423
8421 8424
8421 8425
8422 9223
8423 8459
8423 8461
8424 8469
8426 8427
8426 8428
8427 8429
8429 8430
8429 8431
8430 8438
8430 8439
8431 8432
8431 8435
8432 8436
8432 8437
8432 8438
8435 8437
8435 8444
8436 8442
8436 8443
8436 10764
8437 8443
8438 8440
8439 8440
8439 8448
8440 8441
8440 8442
8441 8448
8441 8449
8441 8452
8442 10763
8443 8444
8444 10765
8445 8456
8445 8467
8447 8484
8449 8450
8449 8451
8450 8452
8450 8453
8450 8454
8451 8466
8452 10763
8453 8465
8453 8466
8453 8468
8454 8468
8454 10763
8454 10764
8455 8458
8456 9885
8456 12010
8459 8460
8459 8461
8460 8462
8462 8463
8462 8466
8463 8465
8464 8468
8464 10762
8467 10270
8467 11033
8468 10761
8469 8470
8469 8471
8470 8477
8471 8477
8472 8473
8472 8474
8472 8475
8474 8476
8475 8479
8475 8483
8477 8479
8477 8480
8478 8489
8478 8500
8478 8511
8479 8481
8480 8481
8480 8482
8481 8483
8485 8486
8485 8487
8485 8488
8486 8490
8486 8491
8486 8492
8487 8495
8487 9488
8487 9490
8488 8491
8490 9501
8491 9501
8492 8494
8492 8495
8493 8495
8493 9488
8494 11376
8496 8497
8496 8498
8497 8498
8498 9552
8498 9553
8500 9878
8500 10367
8503 10802
8504 8505
8504 10093
8506 8507
8506 10711
8508 8509
8508 8510
8510 10106
8512 8513
8512 8514
8512 10105
8513 10106
8514 10911
8515 8516
8515 8517
8515 8518
8515 8519
8516 8523
8516 8631
8516 8636
8517 8521
8517 8523
8519 8631
8519 8638
8519 8639
8520 10425
8522 8533
8522 11166
8523 11295
8524 8530
8525 8528
8525 8623
8526 8527
8526 8528
8527 8623
8527 8624
8529 10144
8530 8535
8531 8532
8531 8534
8531 8535
8532 10144
8532 10427
8533 11055
8534 8635
8534 10428
8535 8635
8536 8635
8538 8539
8542 11764
8545 8556
8545 10311
8547 8550
8548 8549
8549 8552
8549 9319
8549 9321
8550 8551
8550 8552
8551 12296
8552 8553
8553 9319
8553 12296
8554 8555
8554 8557
8554 8558
8555 9817
8557 9295
8557 9301
8557 9310
8558 8669
8558 8670
8558 9533
8559 9309
8560 8569
8561 8562
8561 8563
8561 8570
8562 8572
8562 10082
8562 10096
8563 10083
8563 10556
8564 8565
8564 8566
8564 8568
8565 8571
8566 8572
8566 10096
8567 8578
8567 8589
8567 9767
8568 8569
8568 8641
8570 8571
8571 8572
8573 8574
8573 8575
8574 8576
8574 10080
8575 12137
8575 12138
8576 8577
8576 8579
8576 12131
8577 8584
8578 9767
8580 8581
8580 8582
8580 8583
8581 8841
8582 12221
8582 12234
8584 8585
8586 8587
8586 8588
8587 8857
8588 8590
8588 8592
8589 10678
8591 8592
8591 8593
8593 9860
8593 9897
8594 8595
8594 8596
8594 9850
8594 10283
8595 9891
8596 9849
8596 9896
8596 10266
8600 8611
8600 8622
8600 11445
8601 8617
8602 8603
8602 8605
8603 10502
8604 8614
8604 10502
8606 8608
8609 8610
8609 8612
8609 8614
8610 8613
8612 8613
8614 8615
8615 8616
8616 8617
8617 10502
8618 8619
8618 9744
8618 10382
8619 8778
8619 9796
8623 10140
8624 10140
8624 10141
8625 8626
8625 8627
8625 8628
8626 9799
8626 9801
8627 9764
8627 9799
8629 12143
8630 10081
8630 12134
8631 8632
8632 8639
8633 8644
8633 8656
8634 8636
8639 8640
8642 8643
8642 8645
8643 8646
8643 10075
8645 11347
8645 12129
8646 8647
8646 10075
8648 8649
8648 11467
8648 12142
8649 8650
8650 8652
8650 12141
8651 8652
8651 8653
8651 8654
8652 8842
8653 12230
8654 8842
8655 8766
8655 8877
8655 8989
8656 9289
8657 8671
8657 8672
8657 9911
8658 12121
8659 12121
8660 9886
8660 9890
8661 8662
8661 9888
8662 8663
8662 8664
8664 8672
8664 9533
8665 8725
8665 9867
8665 9871
8666 8668
8666 9867
8666 11633
8667 8678
8667 8689
8667 8700
8667 8711
8668 8723
8668 8724
8669 9295
8669 10644
8670 8671
8670 8672
8670 9533
8671 10644
8673 8674
8673 8675
8673 11635
8674 11238
8674 11632
8675 9003
8676 8677
8676 8838
8676 12239
8677 8686
8677 8687
8679 8680
8679 8681
8680 12231
8681 12229
8682 8735
8682 8736
8682 11611
8683 8735
8683 11611
8684 8685
8684 9867
8684 11633
8685 9871
8685 9872
8685 10076
8686 8687
8687 8832
8688 8690
8688 8691
8688 8692
8689 9156
8689 9167
8691 8856
8691 8857
8692 8850
8693 8695
8695 8696
8696 12042
8696 12043
8697 8698
8697 10977
8699 8701
8699 8702
8700 10289
8701 8703
8703 8704
8704 10966
8705 8706
8705 8995
8705 10782
8706 9036
8706 9527
8707 8708
8707 8709
8707 8710
8707 8712
8708 8713
8708 8718
8709 10692
8710 8718
8710 12294
8711 9167
8712 8716
8712 8820
8712 10692
8713 8714
8714 8715
8715 8716
8716 11718
8717 9619
8717 11718
8720 11783
8721 11478
8722 8733
8722 8744
8722 8755
8723 9865
8723 10281
8724 10281
8724 11044
8725 8726
8725 8727
8725 9865
8727 10279
8728 10284
8728 11346
8729 10283
8730 8731
8730 8732
8730 8734
8732 8737
8732 8922
8734 8736
8734 8737
8735 8736
8737 8738
8737 9768
8739 8740
8739 8741
8739 8747
8740 8746
8741 8745
8741 8747
8742 8743
8742 8745
8743 8793
8743 8794
8744 10445
8746 8795
8747 8793
8748 8749
8748 8750
8749 8751
8750 11582
8750 11779
8752 8753
8752 8754
8752 8756
8753 8785
8753 11805
8754 8784
8754 8785
8755 10022
8755 10055
8756 11580
8756 11928
8757 8758
8757 8759
8757 8760
8758 8784
8758 11928
8759 11930
8759 11932
8760 11583
8760 11930
8761 8762
8761 8763
8762 8765
8762 8770
8762 11839
8763 11838
8764 8765
8764 8770
8765 8771
8767 8778
8767 8789
8767 8800
8767 10019
8768 8769
8768 8770
8769 9437
8769 9438
8772 8773
8772 8774
8772 8775
8772 8776
8774 8780
8774 11775
8776 11948
8777 8779
8777 8780
8777 11951
8778 9744
8778 10386
8778 10387
8779 11775
8779 11776
8780 11776
8781 8782
8781 8783
8782 11894
8784 11932
8785 11891
8785 11931
8786 8787
8786 8788
8786 8790
8786 8791
8787 11602
8787 11693
8788 9442
8788 12215
8789 8800
8789 10018
8790 11694
8791 9441
8791 11693
8792 11581
8792 11585
8794 11808
8794 11809
8797 9706
8797 9707
8799 9708
8800 9744
8802 8803
8802 8806
8802 8814
8804 8805
8804 8806
8804 8807
8805 8808
8806 8809
8807 8809
8807 8810
8808 11716
8809 8814
8810 8812
8810 8813
8811 8822
8811 8833
8811 8844
8812 11707
8812 11714
8813 11714
8813 11715
8814 8815
8816 11952
8816 11954
8817 8818
8817 8819
8819 9630
8819 9631
8820 9618
8820 9620
8820 11718
8821 11724
8823 8824
8823 8825
8824 8825
8826 8827
8826 8920
8829 8830
8829 8831
8829 8832
8830 8834
8833 10066
8834 8835
8836 8837
8836 8840
8836 12243
8838 8839
8838 8840
8838 12232
8839 12235
8840 12242
8841 8842
8841 8843
8842 8843
8846 8847
8846 8848
8847 8849
8849 8850
8851 8852
8851 8856
8852 8853
8852 8854
8853 8856
8853 8858
8855 8866
8855 8878
8855 8889
8858 8859
8858 8860
8862 8863
8863 8869
8863 8875
8864 8871
8865 8867
8866 11378
8868 8875
8868 8879
8869 8870
8869 8876
8870 8871
8872 8873
8873 8876
8874 8890
8874 8891
8875 8876
8877 8989
8877 9100
8880 11724
8881 11723
8881 11725
8882 11720
8882 11721
8882 11730
8883 8884
8884 10638
8885 8886
8885 9934
8885 10629
8887 8888
8887 11790
8887 11803
8888 9925
8888 10619
8888 10620
8889 10500
8889 10511
8892 8893
8892 8894
8892 8895
8893 8896
8893 8899
8893 11254
8895 8901
8895 8902
8896 8897
8896 8898
8896 11249
8897 8899
8897 11250
8897 11251
8898 11249
8898 11254
8900 8911
8900 8922
8901 10740
8901 11254
8901 11258
8903 8904
8903 8905
8903 8907
8903 9926
8904 10710
8904 10712
8905 8908
8906 11250
8906 11251
8907 8908
8907 8909
8909 10710
8910 8912
8910 8913
8910 11775
8911 8922
8911 10112
8912 11775
8913 9596
8913 9614
8914 8915
8914 8916
8914 8917
8915 9651
8915 9652
8916 9108
8917 8919
8917 9654
8918 8919
8918 11765
8919 11765
8920 10409
8923 8924
8923 8925
8924 10596
8925 8926
8926 12164
8926 12165
8927 8928
8927 8929
8927 11213
8928 9228
8928 9229
8929 9471
8929 9473
8930 8931
8930 9179
8932 9176
8932 9177
8932 9179
8933 8944
8933 8955
8933 11356
8934 8935
8936 9110
8937 8938
8937 8939
8937 8940
8937 8941
8938 8942
8938 8943
8938 8945
8939 9155
8940 12315
8940 12316
8941 9153
8941 9154
8942 9109
8942 9111
8942 11375
8943 12318
8945 9121
8945 11375
8946 9230
8947 8948
8947 8949
8947 8950
8947 9507
8948 9009
8948 9503
8949 9495
8950 9013
8951 8952
8951 8953
8952 9497
8952 9499
8953 8954
8953 9499
8956 9042
8957 8958
8957 8959
8957 8960
8958 8967
8958 8969
8958 8996
8960 8994
8960 8996
8960 9002
8961 8962
8961 8963
8961 9054
8962 9053
8962 9054
8964 8965
8964 8967
8964 8999
8965 8970
8965 8971
8966 8977
8966 10822
8967 8968
8968 8996
8968 8997
8968 8999
8970 8998
8970 8999
8970 9000
8971 9000
8971 10781
8972 8973
8972 8976
8972 9524
8973 8974
8974 8975
8974 8976
8975 8979
8975 8981
8975 9080
8975 9086
8976 9080
8978 8985
8978 9079
8979 8980
8979 8981
8980 9086
8981 8986
8982 8983
8982 8984
8982 8985
8985 9075
8986 8987
8986 8991
8989 9100
8990 9001
8991 10314
8991 11270
8994 8995
8995 9002
9003 9004
9003 9005
9004 11615
9005 11203
9006 9007
9006 9008
9006 9009
9006 9010
9007 9502
9007 9506
9008 9011
9008 9013
9008 9018
9009 9013
9009 9505
9010 9016
9010 9017
9010 9018
9012 9023
9012 9034
9012 9045
9012 9056
9012 9067
9014 9015
9014 9038
9014 9506
9015 10801
9016 9025
9016 9506
9017 9019
9017 9020
9017 9025
9018 9019
9019 9037
9020 9037
9020 9526
9020 10806
9021 9022
9021 9024
9021 9038
9022 9025
9022 10807
9023 9034
9023 9056
9023 9567
9024 9039
9025 10806
9026 9027
9026 9028
9026 9029
9026 9030
9028 9061
9029 9513
9029 9514
9030 9513
9031 9510
9031 9513
9031 9516
9032 9530
9033 9530
9033 9531
9033 9532
9034 9178
9034 9567
9035 9528
9040 9041
9040 9049
9041 9046
9041 9047
9041 9053
9042 9043
9042 9051
9044 9049
9044 9051
9044 9052
9046 9048
9047 9048
9047 9049
9047 9050
9048 10783
9050 10783
9054 9055
9058 9521
9059 9521
9059 9523
9060 9061
9062 9063
9062 9064
9062 9065
9063 9064
9063 9068
9064 10803
9065 10801
9066 9068
9066 9069
9066 9070
9068 10796
9069 9551
9069 12103
9070 10802
9071 9072
9071 9073
9073 9074
9073 9075
9075 9077
9075 9079
9078 9089
9078 9101
9078 10944
9080 9081
9080 9082
9081 9085
9081 9086
9081 9091
9082 9083
9082 9084
9082 9091
9083 9524
9083 9525
9087 9090
9087 10791
9088 10791
9088 10793
9090 9091
9092 11696
9092 11773
9094 11771
9095 9465
9096 9097
9096 9098
9097 9102
9097 9103
9098 9099
9099 9103
9099 9104
9103 11772
9104 9639
9104 9641
9104 9642
9105 11769
9106 9647
9108 9645
9108 9652
9109 9110
9109 9158
9110 9111
9110 9113
9111 9136
9112 9123
9112 10900
9113 9125
9114 9139
9115 9131
9115 9139
9116 10780
9116 11290
9117 9118
9117 9119
9117 9144
9118 10402
9119 10393
9119 10394
9120 9121
9120 9122
9120 9124
9120 9135
9122 9144
9122 10394
9122 12317
9123 11456
9124 10394
9125 9126
9125 9127
9125 9129
9126 9135
9126 9136
9126 9138
9127 9131
9127 9138
9128 9129
9128 9130
9131 9132
9131 9137
9134 9145
9134 9600
9134 11199
9137 9138
9137 9139
9139 9140
9142 9143
9142 9147
9142 10395
9143 9150
9143 12316
9144 9146
9145 10100
9146 10402
9146 12317
9147 9148
9147 9149
9148 12316
9148 12317
9148 12318
9149 10402
9150 9151
9150 9152
9151 12314
9151 12315
9151 12316
9152 12309
9152 12314
9153 12315
9154 9155
9154 9157
9155 9171
9157 9160
9157 9161
9158 9159
9158 9172
9159 9161
9159 9162
9160 9164
9160 9168
9160 9180
9161 9168
9161 9171
9162 9169
9162 9177
9163 9164
9163 9165
9163 9166
9165 9185
9166 9174
9166 12312
9168 9169
9169 9181
9170 9175
9170 9186
9170 9188
9171 9172
9173 9174
9173 9175
9173 9181
9174 9180
9174 9187
9175 9187
9176 9222
9176 9225
9177 9182
9178 9189
9178 9200
9178 9212
9179 9222
9180 9181
9181 9182
9182 9225
9183 9184
9183 9185
9183 10397
9185 12309
9186 9187
9186 9192
9186 12311
9187 12312
9189 9211
9190 9191
9190 9192
9190 9193
9191 9194
9191 9195
9191 9198
9192 9198
9192 9203
9193 9195
9193 9214
9193 9215
9194 9196
9195 9196
9195 9197
9196 9570
9196 12107
9197 9214
9197 12107
9198 9202
9199 9201
9199 9202
9199 10398
9200 11100
9204 9205
9205 9208
9206 11373
9207 9210
9209 9216
9209 9219
9210 9213
9210 9219
9211 9322
9211 9433
9212 9545
9212 11372
9212 11644
9212 11656
9214 9217
9215 9217
9215 9218
9216 9220
9216 9221
9218 9224
9218 9226
9220 11851
9221 9227
9222 9224
9223 9234
9223 9245
9227 11608
9229 10849
9229 10851
9230 9231
9230 11215
9232 9238
9232 9241
9232 9254
9233 9254
9233 9255
9233 9257
9235 9236
9235 9237
9236 12122
9237 9261
9237 9270
9238 9239
9238 9240
9239 9242
9239 9243
9240 9241
9240 9242
9241 9252
9242 9243
9243 9244
9245 11767
9246 9247
9246 9248
9246 9252
9247 9263
9248 9253
9248 9260
9248 9263
9249 9250
9249 9251
9250 9259
9251 9255
9252 9253
9253 9254
9254 9260
9255 9258
9256 10773
9257 9258
9257 9260
9257 9269
9258 9262
9258 9266
9259 9276
9260 9261
9261 9263
9261 9269
9262 9265
9264 9265
9264 9268
9265 9276
9266 9268
9266 9269
9268 9275
9269 9270
9271 9280
9272 9273
9272 9274
9272 9275
9273 9277
9274 9275
9277 9279
9277 9280
9278 9289
9278 9300
9278 9311
9282 12310
9283 9284
9283 9285
9284 11638
9286 9287
9286 9288
9286 9290
9287 11641
9287 11852
9288 9290
9288 11645
9290 9291
9291 11854
9292 9293
9292 9294
9294 11669
9295 9307
9296 9297
9296 9298
9296 9303
9296 9307
9297 9299
9297 9301
9297 9317
9298 9312
9298 9313
9301 9307
9302 9303
9302 9304
9302 9305
9302 10656
9303 9306
9303 9312
9304 9312
9304 9314
9304 9315
9305 9314
9305 9933
9306 9307
9306 10656
9308 9312
9308 9313
9308 9315
9310 9316
9310 9317
9311 10478
9317 9318
9318 9319
9318 9320
9320 9321
9320 9324
9323 9334
9325 9326
9325 9337
9326 9336
9327 9328
9327 9329
9327 9330
9328 9338
9328 9349
9328 9353
9329 9331
9329 9338
9330 11622
9331 9332
9331 9348
9332 9384
9332 10049
9333 9335
9333 9337
9336 9337
9338 9347
9338 9348
9339 9344
9339 9383
9340 9342
9340 9344
9340 9346
9341 9342
9342 9343
9342 9347
9343 9349
9345 9356
9345 9367
9346 9347
9346 9348
9347 9349
9349 9350
9350 9351
9350 9353
9350 9354
9351 9802
9351 10000
9352 9802
9352 10000
9354 9802
9355 9357
9355 9358
9355 9359
9356 9600
9356 11199
9357 9358
9358 9360
9359 10047
9359 10052
9360 9363
9360 9366
9361 9362
9361 9363
9361 9364
9362 9366
9362 9368
9363 9365
9364 10061
9364 10062
9365 10059
9366 9369
9367 9600
9367 11456
9368 10057
9369 9370
9370 9371
9370 9372
9371 9381
9372 9376
9373 9374
9373 9375
9373 9376
9374 9377
9374 9382
9375 9377
9376 9381
9377 9379
9378 11264
9379 9380
9381 9382
9381 10047
9383 9384
9383 9385
9384 10048
9385 10042
9385 10045
9386 9387
9386 9388
9387 9390
9388 10025
9388 10027
9389 9467
9390 10031
9391 9392
9393 9394
9393 9395
9393 9396
9394 9407
9394 9413
9395 9414
9395 11572
9396 9398
9396 9406
9396 9407
9397 9399
9397 11574
9398 9399
9398 9401
9399 9418
9399 11569
9400 9411
9401 11571
9401 11572
9402 9403
9402 9404
9402 9405
9403 11568
9403 11571
9404 9431
9404 9432
9405 9428
9405 9429
9405 9430
9406 9419
9406 9423
9407 9424
9407 9426
9408 9409
9408 9410
9409 9425
9410 9416
9410 9417
9412 9413
9412 9414
9413 9426
9414 9415
9415 10559
9415 12283
9416 9421
9416 9424
9417 9418
9417 11861
9418 9419
9418 9420
9419 9421
9420 11861
9421 9423
9422 9434
9422 9445
9422 10589
9423 9424
9424 9425
9425 9426
9427 9429
9427 11575
9428 9431
9428 11575
9430 11572
9431 9432
9431 9435
9432 11568
9432 12219
9433 11077
9435 12219
9436 9638
9436 11696
9437 9439
9438 9440
9438 9441
9439 11588
9439 11777
9441 11686
9442 9443
9443 11588
9444 9446
9444 9447
9445 11077
9447 9450
9448 9715
9450 9710
9451 9454
9452 9453
9452 9457
9454 10775
9455 9457
9455 10775
9455 10776
9456 9467
9456 9478
9456 9489
9458 9459
9458 9460
9458 9461
9458 9462
9459 9657
9459 11765
9460 9463
9460 9464
9461 9463
9463 9464
9463 9465
9464 9657
9466 9468
9466 9469
9466 9470
9467 11263
9468 9471
9468 9473
9469 9473
9469 10848
9470 9583
9470 10857
9471 9472
9473 10851
9474 9475
9474 9476
9474 9477
9475 9479
9476 9479
9476 9482
9477 10599
9478 11263
9479 9480
9480 9481
9480 9484
9481 9482
9481 9483
9481 9486
9484 9485
9485 9486
9485 9487
9486 9487
9488 9490
9491 9492
9494 9495
9494 9508
9495 9507
9495 10805
9496 9497
9496 9498
9497 9499
9497 9501
9498 9501
9502 9503
9502 9504
9502 9505
9503 9507
9504 10804
9507 10803
9508 10802
9509 9512
9510 9512
9511 11356
9512 9516
9514 9515
9517 9518
9517 9519
9521 9525
9522 9533
9523 9524
9523 9525
9527 9528
9528 9529
9529 9530
9529 9536
9531 9534
9534 9535
9537 9538
9537 9539
9537 10797
9537 10798
9537 11238
9538 10797
9539 9540
9539 11237
9541 9542
9541 9543
9544 9655
9544 9766
9544 9877
9545 9556
9545 9567
9545 11644
9546 9547
9546 9548
9547 11266
9548 9550
9548 12097
9548 12101
9549 9550
9549 9551
9549 10795
9549 10799
9551 12101
9552 9554
9553 9554
9553 9555
9554 12104
9555 11266
9555 12104
9556 11644
9557 9558
9557 9559
9557 9560
9557 9561
9557 9566
9560 9561
9560 9563
9561 9562
9561 9563
9563 9565
9564 9566
9565 9566
9568 9569
9571 9574
9571 9576
9571 9577
9572 9573
9573 11594
9574 9575
9578 9589
9578 9600
9579 9581
9579 10856
9580 10880
9581 9582
9581 9583
9582 10850
9583 10859
9585 9586
9585 9587
9585 9595
9586 9591
9586 9594
9587 10884
9588 9592
9588 9966
9588 9977
9590 9966
9590 10881
9590 10882
9591 9592
9591 9593
9591 9977
9592 9594
9594 9595
9595 10884
9596 11942
9597 9598
9597 9599
9597 9601
9598 9601
9598 9603
9601 10542
9602 10542
9602 10547
9602 11938
9603 9604
9603 9605
9603 9606
9604 9605
9604 11943
9605 11943
9606 9609
9607 9608
9607 9609
9607 9610
9608 9612
9611 11878
9612 9613
9612 9614
9616 9617
9617 11784
9618 9619
9620 11724
9620 11726
9620 11835
9621 9623
9621 11732
9622 9633
9622 9644
9622 9656
9623 11727
9623 11728
9624 9625
9625 11698
9625 11701
9626 9627
9627 9628
9628 9629
9630 11690
9630 11691
9631 11704
9632 9634
9633 9656
9633 11434
9634 9635
9636 9637
9637 9638
9639 9641
9643 9645
9643 9646
9643 9647
9644 11411
9644 11422
9645 9650
9646 9648
9646 9649
9648 9650
9648 9651
9650 9652
9651 9653
9653 9654
9654 9657
9656 11422
9658 9659
9658 9660
9658 9661
9659 9697
9659 9705
9660 9690
9661 11890
9662 9663
9662 9664
9662 9665
9663 12248
9663 12274
9664 9696
9664 9697
9664 9698
9665 9666
9666 9668
9666 9669
9667 9678
9667 9689
9667 9700
9668 9671
9668 12270
9669 9680
9669 9691
9669 9692
9670 9671
9670 9672
9670 9673
9671 10194
9672 9674
9672 10192
9673 9674
9674 10552
9675 10550
9676 9677
9676 9679
9676 9680
9677 9702
9678 10948
9679 9702
9681 9682
9681 9683
9681 9684
9682 9692
9682 9693
9683 9693
9683 9699
9684 9685
9686 9687
9686 9688
9686 9690
9687 9703
9689 12000
9689 12011
9693 9694
9693 9695
9694 9696
9695 9703
9698 12285
9701 9703
9703 9704
9704 9705
9706 9707
9707 9708
9710 9715
9711 9722
9711 9733
9712 9713
9712 9714
9714 9715
9716 9717
9716 9718
9716 9719
9720 9723
9720 12154
9721 9723
9722 11889
9723 12152
9724 12081
9726 9727
9726 9728
9727 10290
9727 10693
9729 10291
9729 10293
9729 10296
9732 9734
9732 9739
9732 9740
9733 11889
9734 9735
9734 9738
9735 9736
9735 9740
9736 9737
9737 9738
9739 9741
9741 9742
9743 9745
9743 9746
9743 11590
9743 11595
9744 10380
9744 11367
9745 9746
9745 11595
9747 9748
9747 9749
9747 9750
9748 9749
9751 9752
9751 9753
9752 9757
9753 9754
9754 10137
9755 9767
9756 9757
9758 9759
9759 9760
9759 10189
9762 10297
9762 10299
9763 11289
9763 11300
9769 9770
9770 9771
9772 9773
9772 9774
9772 9776
9774 9775
9774 11754
9774 11757
9775 9776
9775 9781
9775 11757
9776 9777
9778 9789
9778 9800
9779 9781
9779 11749
9780 9782
9781 11749
9782 11749
9784 9786
9784 9787
9785 9787
9786 9793
9786 9794
9786 9818
9787 9793
9788 9790
9788 9793
9788 9796
9789 11667
9790 9791
9790 9792
9790 10382
9791 9793
9791 9794
9791 10379
9792 10379
9792 10380
9794 9795
9795 9818
9796 9797
9797 9798
9797 10386
9798 10388
9803 9805
9804 11289
9810 9812
9815 9816
9817 12126
9820 9821
9820 9823
9820 9827
9820 11998
9821 9826
9823 9984
9824 9825
9824 10381
9825 9985
9825 9986
9826 9993
9826 11367
9826 12002
9827 9828
9827 9974
9828 9982
9828 9983
9828 9984
9829 9830
9829 9831
9830 9834
9830 9836
9831 12135
9832 12135
9832 12136
9833 9844
9833 9855
9833 9866
9833 9878
9834 9835
9834 9836
9835 9837
9835 9838
9835 9839
9838 9842
9839 9841
9839 9842
9839 9850
9840 9842
9840 9843
9841 9843
9841 9849
9841 9851
9843 9848
9845 9846
9845 9847
9845 9848
9846 10079
9846 10080
9847 12007
9847 12008
9848 12132
9849 9850
9851 9897
9852 9853
9852 9854
9853 10070
9854 9857
9854 9861
9857 9858
9857 9859
9857 9897
9858 10063
9858 12009
9859 9860
9859 9861
9862 9863
9862 9864
9862 9885
9863 10271
9863 12010
9864 9869
9864 12128
9865 9867
9865 10282
9868 9869
9868 9870
9869 9887
9870 9875
9870 9882
9871 9872
9872 9873
9874 9875
9874 12114
9876 9879
9876 9880
9876 9881
9877 9988
9877 10322
9877 10766
9879 9884
9879 12127
9880 9884
9881 9885
9881 12127
9882 9883
9882 9884
9885 9886
9886 9888
9887 10269
9887 10271
9892 9893
9892 9894
9892 9895
9893 10064
9893 10268
9894 9896
9894 10266
9894 10268
9895 10064
9895 10068
9896 9897
9897 12009
9900 9911
9900 9922
9900 9933
9900 9944
9903 9904
9906 9907
9906 9908
9907 9909
9907 9910
9908 9910
9909 9910
9909 9912
9911 9922
9911 9933
9911 10656
9914 9915
9917 9918
9919 9920
9920 9921
9921 9923
9921 9924
9923 9924
9923 9934
9924 9925
9926 10712
9927 10701
9929 9930
9931 9932
9934 10615
9935 9937
9936 10683
9936 10684
9937 9938
9937 9942
9938 9940
9939 10721
9940 9941
9940 9942
9940 9943
9941 9945
9941 11761
9941 11762
9942 11761
9943 9945
9943 9946
9944 10567
9944 11633
9945 9951
9946 11734
9946 11735
9948 9949
9948 9950
9951 11762
9952 9953
9952 9954
9954 9957
9955 9966
9955 9977
9959 9960
9959 9963
9960 9968
9960 9969
9962 9963
9962 9967
9963 9968
9964 11977
9970 11606
9970 11607
9971 12077
9972 9973
9972 9974
9972 9975
9972 9976
9973 11997
9973 12003
9974 9983
9975 9976
9978 11979
9979 9980
9979 9981
9979 9994
9980 9982
9980 9983
9980 10008
9981 10007
9981 10012
9982 9985
9982 9994
9984 9985
9984 9986
9986 9990
9987 9990
9987 9991
9987 9992
9989 10000
9990 9993
9990 10381
9991 9993
9991 11367
9992 10379
9992 10381
9992 11556
9994 10009
9995 9996
9995 9997
9995 9998
9996 11958
9996 11959
9997 9999
9997 10001
9998 11964
9998 11993
10002 10003
10002 10004
10004 10005
10004 10006
10007 10008
10007 11978
10007 11991
10009 10010
10009 10012
10009 10013
10010 11995
10011 11212
10014 11964
10016 10017
10018 10019
10018 10020
10019 10021
10019 10755
10020 10744
10020 10755
10020 12003
10021 10387
10021 10390
10022 10033
10022 10044
10022 10055
10023 12004
10024 10039
10024 10053
10025 10026
10026 10028
10029 10030
10030 10031
10030 10032
10031 10032
10031 11936
10032 11936
10034 10035
10034 10036
10034 10037
10035 10038
10036 10040
10036 10041
10037 10042
10037 10045
10038 10039
10039 10053
10040 10043
10040 10051
10041 10051
10041 10053
10042 10043
10043 10048
10043 10050
10046 10047
10046 10048
10046 10049
10050 10051
10050 10052
10052 10053
10054 10056
10056 10057
10058 10059
10058 10060
10061 10062
10062 10510
10063 10064
10063 10065
10065 10067
10065 10068
10066 11811
10066 11822
10067 10069
10068 10069
10069 10070
10070 10071
10071 10072
10072 10073
10073 10074
10073 10075
10077 10088
10077 10101
10077 10112
10078 10079
10079 12132
10081 10082
10081 10083
10083 12135
10085 10086
10089 10090
10089 10097
10091 10092
10092 10097
10093 10094
10097 10098
10100 10211
10100 10322
10100 10433
10102 10103
10102 10104
10104 10105
10108 10109
10108 10110
10113 10114
10113 10115
10116 10117
10116 10118
10118 11801
10118 11802
10119 10120
10120 11857
10120 11859
10122 10124
10122 10125
10122 10126
10123 10134
10124 10127
10125 10147
10126 11054
10127 10128
10127 10150
10127 12192
10128 10131
10130 12185
10130 12186
10132 11279
10133 11281
10134 10611
10135 12087
10135 12089
10136 10137
10138 10139
10142 10143
10142 10144
10144 10429
10145 10156
10147 10149
10147 10150
10148 10149
10151 10152
10151 10153
10151 10154
10153 10155
10154 10201
10154 10202
10155 10523
10156 10189
10157 10158
10157 10159
10157 10160
10158 10225
10158 10227
10160 10161
10160 10224
10161 10162
10161 10217
10162 10163
10162 10164
10163 10164
10163 10536
10164 10534
10164 10537
10165 10166
10165 11759
10166 10425
10166 11297
10167 10178
10168 10169
10168 10170
10168 10171
10169 11824
10169 11827
10170 10172
10170 11828
10171 11824
10172 10173
10172 10174
10173 10181
10175 10176
10175 10177
10176 10179
10176 10181
10176 10182
10177 10185
10179 10180
10180 11393
10180 11407
10181 11906
10182 11906
10183 10184
10183 10185
10183 10186
10183 10187
10185 10236
10186 10235
10187 10188
10188 10576
10189 10200
10192 10193
10192 10194
10192 10195
10193 10195
10193 10560
10195 12292
10196 10197
10196 10198
10196 10199
10201 10203
10201 10210
10202 10205
10202 10210
10203 10204
10204 10208
10204 10210
10205 10206
10205 10207
10206 10208
10206 10210
10207 10213
10207 10214
10208 10209
10209 10213
10209 10215
10211 10544
10211 10655
10212 10223
10212 10234
10212 11063
10212 11223
10214 10215
10214 10219
10215 10216
10216 10217
10216 10218
10217 10218
10218 10536
10219 10527
10219 10529
10220 10221
10220 10222
10221 10225
10221 10226
10222 10230
10222 10232
10223 11223
10224 10227
10224 10229
10226 10227
10226 10228
10228 10229
10228 10231
10229 10230
10230 10231
10231 10232
10233 10235
10233 10236
10233 10237
10234 11062
10234 11072
10235 10238
10237 11834
10238 10239
10240 10241
10240 10242
10241 10244
10241 11286
10241 11287
10243 10244
10243 10251
10243 10252
10244 10246
10245 10256
10245 10267
10246 10251
10246 10254
10247 10248
10247 10249
10247 10250
10248 10262
10249 10257
10249 10261
10250 10262
10250 10263
10251 10253
10252 11286
10254 10255
10255 10263
10257 10258
10257 10259
10258 10260
10260 10406
10261 10263
10264 10265
10268 12009
10269 10272
10269 10273
10270 10271
10270 10275
10270 12012
10271 10272
10272 10274
10272 10275
10273 10274
10273 10279
10273 10280
10274 10276
10274 10277
10275 10276
10275 11033
10276 10281
10276 11044
10277 10281
10277 10282
10279 10280
10280 11343
10283 10284
10284 11348
10285 10286
10287 10288
10289 10300
10291 10292
10293 10295
10294 10295
10295 10296
10297 10298
10297 10299
10304 10305
10308 10309
10308 10310
10310 11275
10310 11277
10311 10323
10312 10313
10312 10314
10312 10315
10316 10317
10316 10331
10317 10320
10317 10321
10318 10319
10318 10339
10319 10324
10319 10325
10319 10326
10320 10330
10320 10331
10321 10328
10321 11353
10324 10347
10324 10348
10325 10333
10325 10337
10326 10332
10326 10333
10326 10339
10327 10328
10327 10329
10327 10330
10327 11352
10328 11352
10329 10330
10329 10335
10332 10333
10332 10335
10333 10340
10334 10345
10334 10356
10335 11354
10336 10337
10336 10338
10336 10340
10337 10340
10337 10341
10341 10342
10341 10343
10342 10343
10342 10348
10343 10344
10344 10346
10344 10347
10346 10349
10347 10348
10349 10465
10351 10352
10351 10353
10351 10355
10352 10361
10353 10357
10353 10366
10354 10355
10354 10357
10354 10358
10355 10359
10356 11323
10360 10361
10360 10362
10361 10363
10362 10368
10363 10365
10363 10368
10364 10365
10365 10366
10367 10378
10367 10389
10369 10911
10369 11989
10370 10371
10370 10372
10371 10417
10371 10418
10373 10374
10373 10375
10374 10375
10377 10579
10380 10382
10383 10384
10384 11533
10384 11556
10386 10387
10386 10388
10387 10391
10388 10392
10389 11722
10390 10392
10391 10392
10396 10397
10396 12309
10397 10412
10398 10399
10398 10410
10398 10416
10399 12105
10400 10411
10400 10422
10403 10404
10403 10407
10407 10408
10408 10409
10410 10412
10410 10416
10413 10414
10413 10415
10419 10424
10421 10423
10423 10424
10426 10427
10426 10428
10430 10431
10430 10432
10430 10436
10431 10435
10431 10436
10432 10453
10433 11188
10434 10445
10434 10456
10434 10467
10435 10437
10436 10444
10437 10438
10437 10439
10437 10458
10438 10444
10439 10440
10439 10441
10440 10458
10441 10442
10442 10443
10442 10444
10442 10446
10443 12183
10446 10987
10446 12182
10447 10452
10447 12195
10448 10449
10448 10450
10449 12183
10450 10451
10451 10452
10453 10454
10454 10455
10455 10457
10456 11589
10457 10458
10457 10459
10459 11125
10461 10462
10464 10465
10464 10466
10464 10496
10468 10469
10468 10470
10468 10471
10469 10470
10469 10479
10471 12045
10471 12047
10472 10473
10472 10474
10473 10475
10475 10476
10475 10477
10477 12047
10478 10489
10479 12046
10480 10481
10480 10482
10480 10483
10480 10484
10481 10492
10481 10494
10484 12094
10485 10486
10485 10487
10486 10488
10486 10494
10488 10490
10488 10491
10490 10492
10491 10499
10491 10501
10492 10493
10493 10501
10494 10495
10497 10498
10498 12083
10498 12086
10503 10504
10503 10505
10503 10506
10504 10507
10504 10941
10506 11522
10507 10508
10508 11140
10509 11145
10509 11511
10511 11422
10512 10513
10512 10514
10512 10515
10513 11815
10514 10517
10516 10517
10516 10519
10517 10518
10518 10519
10518 10520
10520 10521
10520 10523
10521 10524
10522 10533
10523 10524
10525 10526
10525 10527
10525 10538
10526 10527
10526 10532
10527 10528
10528 10529
10528 10534
10528 10537
10529 10536
10533 11166
10533 11177
10534 10535
10535 10538
10539 10540
10539 10541
10539 10542
10540 10543
10540 10546
10541 10546
10542 11898
10543 10546
10543 10547
10545 10556
10545 10567
10545 10578
10548 10549
10548 10550
10548 10551
10552 10572
10552 12269
10553 10554
10553 10555
10553 10557
10554 12285
10555 10558
10555 10559
10557 12280
10558 10559
10558 11865
10559 11863
10560 12271
10560 12286
10561 10562
10561 10563
10561 10564
10564 12260
10564 12268
10565 10566
10565 10568
10565 10569
10566 10573
10566 12269
10568 12276
10570 10571
10571 10572
10571 10573
10571 10574
10572 12287
10573 12269
10574 12273
10575 10576
10575 10577
10580 10581
10580 10582
10580 10583
10583 11260
10584 10585
10588 10590
10588 10591
10589 11755
10591 11052
10592 10593
10592 10594
10592 11014
10593 12167
10594 11014
10595 10596
10595 10597
10597 10598
10597 11144
10598 11133
10598 11144
10600 10611
10600 10622
10601 10602
10602 10603
10603 11952
10603 11956
10604 10605
10604 10613
10605 11684
10606 10607
10606 10608
10607 10610
10607 10613
10608 10609
10608 10610
10609 11679
10609 11680
10610 10612
10612 10613
10614 10627
10614 10630
10614 10631
10615 10616
10615 10617
10616 10631
10617 10628
10617 10631
10618 10619
10618 10620
10618 10621
10618 11791
10619 11803
10621 10623
10621 11804
10622 10878
10624 10625
10624 10627
10625 11795
10626 10627
10626 10630
10627 10628
10628 10629
10629 11795
10632 10634
10632 10635
10634 10637
10635 10637
10639 10640
10639 10641
10639 10642
10639 10645
10642 10643
10643 10645
10643 10647
10644 10656
10645 10646
10646 10647
10647 11795
10648 10649
10653 10654
10653 10657
10654 10658
10654 10659
10660 10661
10660 10672
10661 10675
10662 10675
10662 10677
10663 10664
10663 10665
10663 10666
10664 10676
10664 10679
10665 10680
10666 10668
10666 10669
10667 10678
10668 10681
10669 10683
10670 10671
10671 10672
10671 10679
10672 10673
10673 10674
10673 10675
10674 10676
10674 10679
10676 10677
10677 10680
10681 10682
10683 11738
10684 11738
10685 10721
10685 11761
10686 10687
10687 11738
10690 10691
10692 11836
10697 10698
10699 10701
10699 10704
10700 10711
10700 10722
10700 10733
10701 10704
10702 10703
10703 10704
10705 10706
10707 10708
10707 10709
10710 10712
10713 10714
10713 10715
10715 10716
10715 10718
10718 10719
10721 11763
10725 10726
10725 10727
10725 10728
10726 10729
10727 10731
10727 10734
10728 10729
10730 10731
10730 10732
10731 10734
10732 10735
10733 11467
10733 11478
10738 10739
10738 10740
10738 11258
10739 10741
10740 11258
10741 10742
10741 10743
10742 10743
10742 10745
10743 11240
10744 10755
10744 10767
10746 10747
10746 10748
10746 10749
10747 10752
10748 10750
10748 10752
10748 10758
10750 10751
10750 10752
10753 10754
10753 10756
10753 10757
10756 10757
10756 10759
10756 10760
10757 10759
10758 10759
10758 10760
10761 10765
10761 10768
10764 10768
10765 10768
10766 10877
10769 10770
10778 10789
10778 10800
10778 10811
10783 10784
10784 10785
10786 10787
10786 10788
10786 10790
10788 10793
10790 10791
10790 10792
10790 10793
10794 10795
10794 10796
10795 10797
10795 10798
10798 10799
10799 12097
10801 10804
10803 10804
10803 10805
10806 10807
10808 10809
10808 10810
10808 10812
10810 11330
10810 11331
10810 11332
10812 10813
10812 10818
10813 10814
10814 10815
10814 10816
10815 10817
10815 10818
10817 10819
10817 10820
10818 10827
10819 10824
10819 10826
10820 10821
10820 10823
10821 10823
10821 10827
10822 10833
10823 10826
10824 10828
10824 10829
10825 10826
10825 10827
10825 10828
10828 11917
10829 11218
10829 11364
10829 11918
10830 10831
10830 10832
10831 10834
10831 10835
10834 11333
10834 11337
10835 10838
10836 10837
10836 10838
10837 10839
10838 11337
10839 10840
10840 10841
10841 10842
10841 11338
10841 11340
10842 10843
10842 10845
10842 10846
10843 11369
10843 11917
10844 10855
10844 10866
10845 11919
10845 11920
10848 10849
10848 10850
10852 10853
10852 10854
10852 10856
10853 10859
10853 10860
10854 10880
10857 10858
10859 10860
10860 10879
10861 10862
10861 11845
10862 10863
10862 10864
10863 10864
10863 10865
10865 10876
10865 10879
10867 10868
10867 10872
10868 10875
10869 10870
10869 10871
10870 10872
10870 10876
10871 10876
10871 10879
10872 10873
10872 10874
10873 10876
10874 10875
10878 10889
10878 10900
10881 10883
10886 10888
10886 10890
10887 11597
10888 10905
10888 11597
10890 10891
10890 10892
10890 10907
10892 10893
10892 10894
10893 10897
10894 10895
10894 10896
10896 10897
10896 10898
10897 11126
10902 11743
10903 10904
10903 10905
10903 10906
10904 11597
10905 10906
10905 10907
10907 11598
10908 10909
10908 10910
10908 11748
10909 10924
10911 10922
10912 10913
10912 10914
10913 10914
10915 10916
10915 10917
10916 10918
10916 11292
10917 10924
10918 10921
10919 10920
10919 10921
10923 10926
10924 10925
10924 10926
10925 10927
10925 11748
10927 11134
10927 11156
10928 10929
10928 10930
10928 10931
10930 10980
10930 10981
10931 10934
10932 11110
10932 12110
10933 10944
10933 10955
10934 10935
10934 10936
10934 10937
10935 10937
10936 11110
10936 11112
10938 10939
10938 10940
10938 11085
10939 11082
10939 11083
10939 11085
10940 11086
10940 11141
10941 10942
10941 10943
10941 11140
10942 10943
10945 10946
10945 10947
10945 11112
10946 11104
10946 11112
10947 11102
10948 11086
10949 10950
10950 11132
10951 10952
10951 10953
10951 10954
10952 10959
10952 10963
10952 10964
10953 11050
10953 11151
10954 10969
10954 10986
10956 10957
10956 10958
10957 11118
10957 11152
10958 10979
10958 11051
10958 11180
10959 10960
10960 10961
10960 10962
10961 10963
10961 10967
10962 10965
10962 10967
10962 10968
10963 10975
10964 10969
10964 10972
10964 10975
10965 11124
10966 10977
10966 10989
10967 10974
10967 10975
10968 11121
10970 10971
10970 10972
10970 10973
10970 10974
10973 11123
10976 11132
10978 11118
10979 11031
10979 11180
10980 11113
10980 11114
10982 10983
10983 10984
10985 11114
10986 11116
10988 11099
10988 11211
10988 11433
10990 10994
10990 12179
10991 10992
10991 10993
10991 10994
10992 11004
10992 11005
10993 10998
10993 11173
10995 10996
10995 10997
10995 10998
10996 11168
10996 12170
10997 10999
10997 11009
10998 12170
10999 11001
10999 11002
11000 11011
11000 11022
11000 11066
11001 11013
11001 11034
11002 11032
11004 11172
11004 12173
11005 11006
11005 11172
11005 11173
11006 11007
11007 11008
11008 11167
11008 11168
11008 12170
11008 12171
11009 11010
11009 11012
11009 11168
11010 11167
11010 12172
11012 11013
11013 11291
11014 11015
11014 11017
11015 11016
11016 11020
11017 11018
11018 12167
11018 12168
11019 11020
11019 11021
11020 11023
11021 11025
11021 11037
11023 11024
11023 11025
11024 11026
11025 11039
11026 11027
11026 11028
11028 11029
11028 11030
11028 11031
11032 11034
11032 11035
11033 11044
11034 11291
11035 11036
11036 11038
11037 11038
11037 11039
11041 11193
11042 11043
11043 11045
11045 11046
11048 11179
11049 11175
11049 11176
11050 11152
11051 11174
11053 11054
11054 11056
11055 11066
11057 12188
11058 11059
11058 11060
11059 11060
11059 11061
11062 11063
11062 11071
11063 11067
11064 11065
11064 11067
11064 11068
11064 11069
11065 11747
11068 11739
11068 11740
11069 11739
11070 11071
11071 11072
11072 11073
11073 12000
11074 11075
11074 11076
11074 11084
11075 11076
11077 11088
11077 11100
11078 11079
11078 11080
11078 11081
11079 11080
11080 11084
11081 11745
11082 11105
11083 11108
11084 11085
11086 11146
11087 11148
11087 11149
11089 11093
11089 11095
11090 11091
11094 11147
11095 11096
11095 11097
11097 11149
11098 11101
11102 11103
11103 11104
11103 11107
11104 11106
11104 11107
11105 11106
11105 11107
11105 11108
11106 12109
11108 11109
11108 12108
11110 12110
11114 11120
11115 11116
11115 11117
11116 11151
11117 11118
11117 11119
11119 11151
11119 11152
11123 11124
11123 11125
11126 11127
11126 11128
11127 11130
11129 11130
11130 11131
11132 11154
11133 11144
11133 11155
11134 11153
11135 11136
11135 11137
11136 11139
11138 11139
11138 11140
11141 11142
11143 11145
11143 11146
11147 11148
11147 11149
11148 11150
11150 12108
11150 12109
11153 11154
11153 11156
11157 11158
11157 11159
11157 11160
11158 11161
11159 11161
11160 12160
11161 11163
11162 11163
11164 11165
11164 11167
11167 11168
11167 12171
11169 11170
11169 11171
11169 11172
11170 11178
11171 11175
11171 11176
11171 11178
11173 12170
11174 11176
11175 11179
11176 11180
11179 12173
11182 11183
11182 11184
11185 11189
11185 11191
11186 11191
11186 11192
11187 11189
11187 11190
11189 11190
11191 11192
11192 11193
11194 11195
11194 11196
11197 11198
11197 11200
11201 11202
11201 12222
11203 11204
11204 11205
11205 11206
11207 11208
11209 12133
11211 11877
11211 11988
11211 12099
11212 11223
11212 11234
11213 11214
11213 11215
11216 11217
11216 11218
11216 11231
11217 11219
11217 11231
11219 11220
11219 11230
11220 11228
11220 11229
11221 11222
11221 11229
11222 11224
11222 11225
11224 11226
11224 11610
11225 11236
11225 11612
11226 11227
11227 11228
11227 11229
11228 11230
11230 11231
11232 11233
11232 11235
11232 11236
11233 11627
11235 11632
11236 11237
11236 11612
11236 11614
11239 11240
11240 11241
11241 11257
11242 11247
11243 11248
11243 11253
11243 11257
11244 11246
11244 11247
11244 11248
11245 11256
11245 11267
11246 11250
11246 11252
11248 11252
11249 11252
11249 11259
11252 11253
11253 11255
11253 11259
11255 11257
11255 11258
11258 11259
11260 11261
11262 11263
11262 11264
11265 12104
11266 11268
11266 11269
11269 12102
11269 12103
11270 11271
11270 11272
11271 11273
11274 11275
11274 11276
11274 11277
11278 11289
11278 11300
11278 11311
11279 11280
11281 11282
11284 11591
11293 11294
11293 11295
11294 11296
11296 11297
11298 11308
11299 11307
11299 11308
11299 11312
11301 11363
11302 11303
11302 11304
11302 11305
11303 11306
11303 11363
11304 11317
11304 11318
11305 11306
11306 11357
11307 11313
11309 11310
11309 11312
11309 11313
11310 11317
11312 11363
11313 11314
11314 11315
11314 11316
11314 11360
11315 11319
11317 11321
11319 11320
11319 11321
11320 11321
11320 11329
11322 11433
11322 11544
11323 11334
11323 11345
11324 11325
11324 11328
11324 11355
11325 11326
11325 11327
11326 11328
11331 11923
11331 11924
11332 11338
11332 11342
11333 11335
11333 11336
11335 11337
11338 11339
11339 11342
11340 11341
11343 11344
11344 11346
11344 11347
11345 11600
11346 11348
11348 11349
11350 11351
11350 11354
11351 11352
11351 11353
11352 11354
11357 11358
11360 11361
11360 11362
11364 11365
11364 11925
11365 11370
11365 11371
11365 11919
11366 11368
11366 11369
11366 11370
11366 11925
11368 11370
11368 11371
11369 11917
11369 11918
11371 11919
11373 11374
11377 11379
11378 11389
11378 11400
11379 11380
11380 11381
11382 11383
11382 11384
11382 11423
11383 11394
11384 11393
11384 11394
11385 11386
11385 11387
11385 11388
11385 11390
11386 11432
11387 11391
11388 11451
11390 11442
11390 11453
11391 11392
11392 11454
11393 11405
11395 11396
11395 11397
11395 11398
11395 11399
11396 11409
11396 11410
11396 11412
11397 11405
11397 11406
11397 11407
11398 11406
11398 11409
11398 11461
11399 11410
11401 11402
11401 11403
11401 11404
11402 11441
11402 11442
11402 11443
11403 11438
11403 11455
11404 11443
11404 11455
11404 11461
11406 11457
11407 11408
11408 11440
11409 11463
11409 11464
11410 11465
11412 11429
11412 11464
11412 11465
11413 11414
11413 11415
11413 11416
11413 11429
11414 11430
11414 11470
11414 11473
11415 11431
11415 11469
11415 11480
11416 11419
11416 11469
11416 11470
11417 11418
11417 11419
11417 11475
11417 11477
11418 11485
11419 11485
11419 11486
11420 11421
11420 11423
11420 11424
11421 11481
11421 11482
11424 11466
11425 11426
11425 11427
11425 11428
11426 11435
11428 11432
11428 11435
11428 11436
11429 11430
11429 11431
11430 11459
11431 11481
11436 11447
11436 11492
11437 11438
11437 11439
11437 11440
11438 11450
11439 11452
11440 11830
11441 11444
11441 11462
11442 11450
11443 11462
11443 11463
11444 11446
11444 11447
11444 11448
11446 11458
11446 11459
11447 11449
11448 11449
11448 11458
11448 11493
11449 11495
11450 11453
11451 11452
11451 11453
11451 11454
11455 11457
11457 11461
11458 11460
11459 11473
11460 11473
11460 11494
11461 11463
11466 11482
11468 11469
11468 11479
11468 11480
11470 11471
11471 11472
11471 11473
11472 11485
11474 11475
11474 11476
11475 11483
11476 11477
11476 11479
11477 11486
11478 12145
11479 11486
11480 11481
11480 11482
11483 11484
11487 11488
11487 11490
11488 11491
11488 11492
11491 11493
11491 11494
11492 11495
11493 11495
11496 11497
11496 11498
11496 11499
11498 11507
11498 11551
11499 11551
11500 11511
11500 11522
11501 11502
11501 11503
11501 11504
11502 11552
11504 11506
11504 11507
11504 11508
11505 11508
11506 11509
11506 11510
11510 11552
11512 11513
11514 11515
11514 11516
11514 11517
11515 11546
11515 11550
11516 11552
11517 11548
11518 11519
11518 11520
11518 11521
11518 11523
11520 11528
11520 11529
11521 11540
11524 11525
11524 11526
11524 11527
11526 11530
11526 11531
11528 11531
11528 11532
11530 11532
11530 11534
11532 11535
11533 11545
11533 11556
11534 11535
11534 11536
11535 11537
11536 11537
11536 11538
11537 11539
11538 11539
11538 11542
11538 11543
11539 11540
11539 11541
11541 11542
11544 11655
11546 11547
11546 11548
11546 11549
11547 11550
11547 11563
11549 11563
11550 11560
11552 11555
11553 11554
11553 11555
11554 11559
11557 11558
11559 11560
11559 11561
11559 11562
11560 11563
11561 11564
11562 11563
11562 11564
11567 11578
11567 11589
11568 11569
11568 11570
11569 11571
11569 11574
11570 11574
11570 12219
11572 11573
11573 12283
11573 12284
11575 12220
11576 11577
11576 11579
11576 11583
11577 11928
11577 11929
11579 11581
11579 11926
11580 11806
11580 11929
11581 11582
11583 11584
11584 11587
11584 11934
11585 11806
11585 11927
11586 11587
11586 11588
11588 11935
11588 12212
11592 11593
11592 11596
11594 11595
11594 11596
11602 11694
11603 11604
11603 11605
11607 11882
11609 11610
11609 11612
11609 11614
11610 11613
11615 11616
11615 11619
11616 11620
11616 11621
11617 11618
11617 11619
11617 11630
11618 11620
11618 11623
11618 11625
11619 11620
11621 11623
11623 11624
11624 11625
11624 11626
11625 11630
11626 11627
11627 11628
11628 11629
11628 11630
11629 11631
11631 11635
11632 11634
11634 11636
11635 11636
11637 11638
11637 11639
11637 11640
11639 11643
11640 11641
11640 11642
11643 11645
11643 11646
11644 11656
11647 11649
11647 11652
11648 11649
11649 11651
11651 11659
11652 11664
11654 11657
11655 11766
11657 11658
11658 11663
11660 11661
11660 11662
11665 11666
11665 11668
11666 11673
11669 11670
11669 11671
11672 11673
11672 11674
11675 11676
11675 11679
11676 11680
11678 11689
11678 11700
11679 11680
11681 11682
11682 11683
11683 11699
11685 11686
11685 11687
11685 11690
11686 11692
11686 11693
11687 11688
11687 11690
11687 11692
11690 11691
11694 11695
11696 11773
11698 11699
11701 11702
11703 11704
11703 11705
11706 11707
11706 11708
11707 11710
11707 11716
11708 11713
11708 11716
11709 11710
11709 11712
11709 11713
11710 11714
11719 11720
11719 11721
11720 11728
11721 11723
11722 11733
11722 11744
11722 11755
11724 11725
11725 11726
11727 11729
11728 11729
11728 11730
11731 11732
11734 11736
11735 11736
11739 11741
11740 11746
11741 11742
11741 11743
11745 11746
11745 11747
11749 11750
11752 11753
11752 11754
11753 11756
11754 11756
11756 11757
11758 11759
11762 11763
11768 11769
11770 11771
11770 11772
11777 11934
11777 11935
11778 11789
11778 11800
11779 11780
11779 11781
11782 11783
11785 11786
11785 11787
11786 11787
11788 11841
11788 11842
11790 11791
11791 11803
11791 11804
11792 11793
11793 11794
11796 11797
11796 11798
11796 11799
11804 11842
11805 11806
11805 11807
11805 11809
11808 11810
11808 11812
11808 11813
11812 11870
11815 11816
11815 11817
11816 11820
11817 11821
11818 11819
11818 11820
11818 11821
11821 11823
11825 11826
11825 12013
11826 12013
11827 11828
11828 11829
11831 11832
11831 11834
11835 11836
11836 11837
11838 11839
11838 11840
11838 11930
11840 11891
11840 11931
11841 11842
11846 11847
11846 11848
11847 11848
11849 11850
11849 11851
11850 11851
11852 11853
11852 11854
11856 11857
11856 11858
11856 11859
11862 11863
11863 11864
11864 11867
11865 11867
11865 11868
11868 11869
11868 11886
11870 11871
11870 11872
11871 11873
11872 11873
11872 11874
11873 11874
11874 11881
11875 11881
11875 11884
11876 11881
11876 11883
11879 11880
11879 11881
11879 11882
11880 11882
11883 11884
11885 11886
11885 11887
11886 11888
11886 11890
11891 11892
11893 11894
11893 11895
11894 11895
11896 11897
11896 11898
11897 11899
11900 11911
11900 11922
11900 11933
11900 11944
11901 11902
11901 11903
11903 11904
11904 11905
11905 11906
11907 11908
11907 11909
11907 11910
11908 11914
11909 11912
11909 11913
11912 11913
11913 12040
11914 11915
11915 11916
11918 11925
11921 11923
11923 11924
11926 11927
11926 11929
11930 11931
11931 11932
11934 11935
11937 11938
11937 11939
11937 11940
11938 11940
11939 11942
11939 11943
11940 11942
11945 11946
11945 11947
11948 11949
11952 11953
11952 12295
11953 11954
11953 11956
11954 11957
11955 11966
11958 11959
11959 11960
11960 11961
11961 11964
11961 11965
11967 11968
11967 11969
11967 11970
11968 11984
11968 11986
11969 11971
11969 11974
11970 11972
11970 11990
11971 11972
11971 11975
11972 11975
11973 11974
11975 11976
11975 11990
11976 11978
11976 11987
11977 11989
11979 11980
11979 11981
11980 11982
11980 11983
11982 11984
11982 12039
11983 12124
11984 11985
11985 12034
11985 12039
11986 11987
11986 11992
11987 11990
11987 11991
11991 11992
11994 11995
11996 11997
11998 11999
11999 12001
11999 12002
12001 12002
12001 12003
12005 12006
12007 12130
12008 12131
12010 12012
12014 12015
12014 12016
12014 12300
12015 12017
12016 12297
12016 12308
12018 12019
12023 12024
12023 12037
12024 12025
12025 12026
12025 12027
12025 12037
12026 12028
12026 12030
12027 12029
12027 12036
12028 12029
12028 12030
12029 12031
12029 12032
12031 12032
12031 12035
12032 12035
12033 12044
12033 12055
12033 12066
12034 12035
12034 12038
12036 12037
12038 12039
12040 12095
12040 12096
12042 12045
12044 12077
12045 12046
12048 12049
12048 12050
12050 12051
12051 12052
12053 12054
12053 12056
12054 12058
12055 12066
12056 12082
12057 12153
12057 12154
12058 12059
12060 12061
12060 12062
12060 12063
12061 12080
12063 12070
12063 12079
12064 12151
12065 12151
12068 12069
12068 12070
12068 12071
12069 12072
12069 12078
12070 12071
12071 12078
12072 12073
12072 12074
12073 12075
12073 12076
12074 12147
12075 12076
12078 12079
12080 12081
12080 12082
12083 12084
12083 12085
12084 12086
12087 12089
12087 12090
12088 12100
12091 12092
12091 12093
12097 12098
12100 12111
12100 12122
12101 12102
12102 12103
12105 12106
12109 12110
12111 12155
12112 12113
12112 12114
12112 12115
12113 12118
12115 12116
12115 12119
12117 12118
12117 12119
12119 12120
12127 12128
12130 12131
12133 12144
12133 12155
12134 12136
12137 12140
12137 12143
12138 12139
12139 12140
12139 12141
12139 12142
12143 12145
12144 12166
12146 12147
12146 12148
12146 12149
12149 12150
12153 12156
12156 12158
12157 12158
12157 12159
12158 12159
12160 12161
12160 12162
12161 12162
12161 12163
12162 12165
12163 12164
12166 12177
12167 12169
12168 12169
12174 12175
12174 12176
12175 12181
12175 12182
12176 12178
12176 12180
12177 12188
12178 12179
12179 12180
12180 12181
12181 12182
12184 12186
12184 12187
12185 12189
12185 12190
12186 12189
12187 12189
12187 12193
12190 12191
12190 12194
12191 12192
12191 12193
12192 12200
12194 12200
12194 12201
12195 12196
12195 12197
12196 12198
12198 12200
12199 12211
12199 12222
12199 12233
12202 12204
12203 12204
12206 12207
12208 12209
12211 12244
12212 12213
12212 12215
12214 12215
12216 12217
12217 12218
12221 12223
12223 12224
12223 12235
12224 12225
12224 12236
12225 12226
12226 12227
12226 12228
12228 12236
12228 12237
12229 12230
12229 12231
12232 12234
12234 12235
12235 12236
12238 12239
12238 12240
12238 12241
12242 12243
12244 12255
12244 12299
12246 12247
12248 12249
12248 12250
12248 12281
12249 12257
12249 12259
12250 12275
12252 12253
12252 12254
12253 12254
12253 12259
12253 12265
12254 12284
12255 12266
12256 12257
12257 12258
12259 12263
12260 12261
12260 12262
12261 12264
12262 12267
12262 12268
12263 12264
12263 12265
12263 12267
12266 12277
12269 12270
12271 12272
12271 12273
12274 12275
12274 12276
12275 12278
12277 12288
12277 12299
12278 12279
12280 12281
12280 12282
12282 12283
12282 12284
12289 12290
12290 12291
12290 12292
12297 12298
12297 12300
12298 12307
12300 12304
12301 12302
12301 12303
12301 12304
12302 12305
12303 12306
12304 12305
12307 12308
12311 12312
12312 12313
