# Nodes
0 -3255.3 -1459.2
1 -3228 -1431.2
2 -3776.2 1059.2
3 -543.6 -97.2
4 1341.8 -1705.8
5 -52.2 -194.9
6 3443 -2305.3
7 3322.7 -1771.7
8 3363.9 -1758.5
9 3284.6 -1695.8
10 3351.4 -1856.3
11 3261.5 -1582.8
12 3270.3 -1607.4
13 3217.2 -1436.7
14 -519 -92.8
15 3081.7 -1632.4
16 3285.2 -1580.6
17 3205.9 -1375.6
18 3133 -1188.8
19 3014.8 -531.8
20 2804.1 -602.5
21 3027.7 -505.7
22 3124.2 -1168.3
23 3098.7 -452.5
24 948.3 -577.5
25 -523.9 -116.2
26 735 -567.4
27 925.1 -541.5
28 1027.2 -659.9
29 1125.7 -598.8
30 804.9 1231
31 863.1 1267.7
32 692.7 1236.3
33 906.1 1227.4
34 961.5 1276.8
35 968.9 1414.6
36 -473.6 -64.1
37 1095 1382.3
38 1794.9 1128.4
39 1967.8 1081.1
40 1644.5 1163.7
41 1847.9 1180.6
42 2765.8 915.2
43 2817.3 844
44 2836.8 923.1
45 2749.9 953.3
46 2702.4 915.5
47 -562.1 10.5
48 2954.7 852.1
49 2959.5 927.4
50 2997.3 926.8
51 3092.7 931.4
52 3283.1 974.2
53 3404.4 745
54 3452.9 1022.1
55 3443.3 1050.5
56 3550.8 1045.7
57 3699 1065
58 -262.1 18.9
59 3624.2 1055.3
60 3755.8 1072.8
61 3756.5 990.9
62 3819 1081.3
63 3906 1100.1
64 3920.5 1015.9
65 4166.7 1155.9
66 4198.4 1162.8
67 4119.3 1145.4
68 4211.4 995.3
69 -147.3 78.9
70 4360.6 1188.6
71 4281.4 1176.4
72 3265 461.7
73 3172.2 428
74 3332.1 339.3
75 3537.4 12.8
76 3589.9 -79.3
77 3533.2 44.4
78 3631.1 -144.8
79 3702.3 -5.7
80 -688.6 214
81 4004.2 -477.4
82 4081 -567.2
83 3908.8 -417.2
84 4164.7 -463.3
85 4322.6 -449.7
86 4267.1 -454.3
87 4321.1 -385.3
88 4444.9 -429.2
89 4419.1 -346.7
90 4473.4 -526.6
91 -237.5 757
92 4574.8 -402.7
93 4777.3 -361
94 4856.7 -351.1
95 4719.6 -191.9
96 4695.1 -377.5
97 4811.5 -466.1
98 5210.3 310.5
99 -3697.4 -1718.3
100 -3631 -1681.1
101 -3655.2 -1795.9
102 -83.5 375.4
103 -3917.9 -1839.4
104 894.2 -492.9
105 702.6 -498.6
106 646 -412.3
107 625.2 -363.7
108 600.2 -373
109 2932.4 -3742.1
110 2984.5 -3680.3
111 2795.9 -3596.1
112 2982.1 -3783.7
113 -3522.9 326.6
114 -221.5 702.3
115 2542.8 -3284.7
116 2883.5 -2934.9
117 2409.5 -3390.2
118 2507 -3252.9
119 2190.8 -3013.5
120 1995.1 -2792.6
121 2234.5 -3026.2
122 1655.9 -2356.3
123 1646.7 -2495.5
124 1659.7 -2244.4
125 32 364.6
126 1627.6 -2211.6
127 1530.7 -2266.8
128 1577.7 -2121.2
129 1671.8 -2275.1
130 1123.8 -1323.6
131 1035.2 -1373.3
132 1157.6 -1382.6
133 575.4 -179.7
134 623.7 -138
135 521.6 -83.5
136 130.5 464.7
137 446 -101.9
138 508.3 -57.2
139 460.3 50.7
140 381 331.9
141 368 382.6
142 388.5 387.4
143 829.1 1401.4
144 928.7 1412
145 747.8 1391.1
146 1053.3 1393.6
147 -160.6 295.9
148 1072.2 1464.6
149 205 345
150 767.8 -988
151 888.2 -1324.9
152 932.7 -1413.3
153 976.6 -1509.7
154 1092.2 -1471.3
155 1015.9 -1638.6
156 879.9 -1573.4
157 1047 -1739.5
158 47.4 301
159 916.3 -1690.8
160 1132.6 -1959.9
161 997.8 -2036.4
162 1105.5 -1897.1
163 1141.5 -1981.3
164 1179.6 -2117.5
165 1170.4 -2083.5
166 1053.6 -2176.3
167 1211.1 -2235.5
168 1310 -2491.2
169 93.4 313.8
170 755.6 -2417.1
171 952.5 -2467.9
172 682.1 -2456.8
173 611 -2309.5
174 536.9 -2502.3
175 -2.5 -2145.1
176 152.5 -2124.1
177 12.2 -2297.6
178 -14.6 -2012.7
179 21.1 -1563.6
180 133.8 40.9
181 366.3 -1463.9
182 -409.7 -1642.6
183 48 -1666.1
184 -6.7 -1454.8
185 1058.8 -1785.3
186 948.1 -1788.5
187 457.7 -2259.1
188 416.5 -2266.2
189 519.9 -2363.1
190 498.4 -2272.8
191 144.5 11.1
192 428.4 -2228.7
193 503.6 -2236.7
194 692.1 -1119.9
195 355.6 -1212.6
196 268.2 -1236.8
197 470.8 -1180.1
198 323 -1026.9
199 452.2 -1435.8
200 550.9 -1158.8
201 584.5 -1149.7
202 173.2 -29.8
203 527.1 -989.8
204 446.6 -1042.1
205 213.4 -1012.5
206 443.8 -1687.2
207 527.9 -1658.7
208 402.5 -1701.3
209 635.9 -1610.1
210 459.1 -1812
211 214.3 -1762.6
212 598.2 -859.4
213 220.3 -127.4
214 803.8 -2065.8
215 830.7 -2050
216 848.5 -2142.4
217 727.5 -2110.6
218 631.3 -2166.4
219 1262.1 -2369.5
220 1238.7 -2313.4
221 1278.7 -2410.2
222 1180.4 -2401.9
223 -39.9 -1327.9
224 -3413.8 433.2
225 171.3 -146.4
226 -51.6 -1252.9
227 84.8 -1290.1
228 -296.5 -1407.2
229 762.2 -1336.8
230 667.7 -864.2
231 678.5 -974.6
232 685.8 -1009.1
233 450.1 -981.5
234 129.8 -1001.6
235 124.7 -955.4
236 141 -126.2
237 134.4 -1107.9
238 67.6 -1748.9
239 72.2 -1875.5
240 251.7 -1861.8
241 564.1 -1399.4
242 551.1 -1529.7
243 915.9 -2265.4
244 962.2 -2340.1
245 886.6 -2211
246 956.3 -2395.6
247 111.3 -162.8
248 973.7 -2308.6
249 1022.9 -2400.3
250 686.3 -1703.5
251 845.7 -1473.7
252 807.3 -1412.5
253 907.8 -1819.2
254 733.4 -1791.6
255 665.7 -1367.7
256 -97.9 -791.8
257 -296.7 -821.9
258 151.2 -51
259 -91.7 -937.3
260 -64.7 -1151
261 -238.8 -1259.7
262 2.6 -865.2
263 120.6 -871.8
264 21.2 -956.4
265 119.4 -794.7
266 208.6 -958
267 199.6 -812
268 430.1 -979.5
269 70.9 83
270 395 -805.9
271 488.1 -795.4
272 646 -1955.7
273 780.9 -1879.5
274 558.2 -2005.3
275 -441.1 -2369
276 160.3 -2175.7
277 303.6 -2103.4
278 -185.2 -2095.9
279 -206.9 -2175.1
280 3.3 124.3
281 -511.9 -2021.9
282 -687.3 -2062.5
283 -1000.5 -2120.6
284 -658.1 -2276.7
285 -971.1 -2367.8
286 -966.7 -2264.9
287 -1007.3 -2367.4
288 -660.4 -2361.5
289 -662.7 -2448.3
290 -570.2 -2337.1
291 284.1 203.4
292 -890.8 -2458
293 -543 -2531.7
294 -567.8 -2281.4
295 -846.5 -1843.1
296 -1022.5 -1856
297 -755.9 -1836.1
298 -837.8 -1926.5
299 -758.8 -1755.1
300 -694.3 -1759
301 -708.7 -1610.7
302 -353.9 -198
303 -527.2 -1752.4
304 -1033.1 -1761
305 -645.2 -1618.1
306 -744.6 -1579.3
307 -1041.2 -1624.1
308 -1038.9 -1670.4
309 -1047.3 -1485.1
310 -743.1 -1537.1
311 -759.7 -1382.7
312 -882.6 -1379.4
313 -258.4 -203.5
314 -812.9 -1099.4
315 -723.9 -1502.2
316 -1046.8 -1386.7
317 -882.2 -1280.5
318 -1048.6 -1431.7
319 -971.8 -1173.6
320 -953.9 -1278.3
321 -1048.8 -1066.8
322 -898.3 -1114
323 -1032.7 -1222.2
324 -422.5 -222
325 -850.8 -1065.3
326 -833 -1046.5
327 -612.4 -1483
328 -469.9 -1456.1
329 -631.3 -1375.7
330 -652.1 -1265.1
331 -506.9 -1238.6
332 -487.5 -1347.8
333 -1117.1 1779.7
334 -540.6 1956
335 -3461.2 249.3
336 -349 -403.4
337 -1068.1 1464.4
338 -1303.1 2203.1
339 -1072.4 1567.9
340 -1041.4 1411.8
341 -939.7 1614.9
342 -968.6 1610.7
343 -911.5 1619
344 -798.5 1635.3
345 -826.3 1631.3
346 -719.7 1646.8
347 -528.1 -259.4
348 -655.2 1657.3
349 -208.4 1744.3
350 -187.2 1764.9
351 -171 1719
352 -256.4 1759.4
353 -251.8 1702
354 1429.1 -558.5
355 1437.6 -530.7
356 3050.8 -383.9
357 3206.1 -375
358 -495.7 -247.9
359 3454.9 -776.7
360 4232.9 -869.7
361 4274.8 -546.3
362 4438.8 -777.3
363 4250.4 -907.2
364 4308.1 -1011.5
365 4268.1 -944.6
366 1179.1 -530.1
367 1330.1 -607.5
368 1400.9 -563.2
369 -588.9 -291.4
370 2990.7 -1656.2
371 2399.6 -1629.5
372 3010.4 -1708.1
373 1888.7 -2028.1
374 1929.2 -1986
375 1851.2 -1982.1
376 1753.5 -2147.8
377 1856.5 -2059.1
378 879.6 -449.5
379 952.4 -394.6
380 -533.8 -401.7
381 869.4 -421.1
382 844.4 -371
383 691.1 -1034.1
384 -326.4 -1262.9
385 -250.8 -1168.2
386 -374 -966.6
387 -280.2 -934.7
388 -157.1 -1163.3
389 724.2 3.6
390 752.6 46.6
391 -516.3 -423.1
392 734.7 -43.2
393 800.4 -307.3
394 756.8 -312.8
395 763.7 -247.3
396 992.1 -477.5
397 1070.3 -473.9
398 1138.7 -553.8
399 702.2 -318.9
400 682.1 -321.2
401 1093.3 -526.1
402 -598.3 -352
403 265 -817
404 331.1 -810.7
405 687.4 -273.3
406 557.1 529.4
407 658 -107.3
408 744.5 -99.1
409 625.5 -19.9
410 671.4 -221.9
411 642.8 -287.7
412 324 -465.2
413 -481.2 -470.9
414 222.8 -456.3
415 445.2 -226
416 179 -302.1
417 356.5 -253.1
418 -613.5 -656.3
419 -635.3 -656.5
420 -698.5 -791.6
421 -652.9 -692.7
422 -631.1 -968.9
423 -791.1 -1002
424 -457.3 -502.1
425 -590.6 -1061.1
426 -855 -920.5
427 -478.7 -559.1
428 -2075.7 1219.2
429 -1992.9 1248.6
430 -2245.5 1579.2
431 510.1 809.2
432 706.3 739.1
433 -429.4 -990.6
434 -1011.5 -1975.9
435 97.7 -756.4
436 -1008.7 -2015.1
437 -879.1 -1954.8
438 -1002.9 -2091.6
439 -996.2 -2174.5
440 -1108 -2699
441 -1116.6 -2724.9
442 -1187.4 -2713.9
443 -1082.8 -2621.1
444 -1217.1 -3054.1
445 -1402.2 -3125.4
446 -3219.1 -48.4
447 -119.3 -699.9
448 -1250.8 -3437.9
449 -1100 -2999
450 -1197 -2974.7
451 -1451 -3222.2
452 -1735.6 -3180.8
453 -1586.7 -3228.6
454 -1474 -3484.4
455 -1579.7 -3397.7
456 -1667.5 -3410.8
457 -691.7 -2880
458 120 -761.7
459 -814.3 -2914.6
460 -673.2 -2843.9
461 -657.4 -2873.2
462 -992.4 -2268.5
463 -1018 -2409.4
464 -990.8 -2236
465 -1265.2 -3523.6
466 -996.1 -4250.6
467 -1016.2 -4217.1
468 -1001 -4139.2
469 665.5 -696.7
470 1388 -1300.5
471 1465 -1187.9
472 1350.6 -1230
473 1273.3 -1333.5
474 1194 -1362.7
475 1184.9 -1178.5
476 1246.4 -1040
477 1290.5 -1120.5
478 1387 -1068.1
479 1446 -1159.5
480 674 -769.3
481 -437.3 -200.8
482 -468 -876
483 -188.4 -926.4
484 -325.2 -478.7
485 -559.9 -166.9
486 -229 -386.1
487 4359.8 -230.4
488 4536 -322.5
489 4623.9 -669.2
490 4664.4 -673.9
491 777.3 -653.1
492 4565.2 -720.6
493 4702.9 -677.8
494 4664.9 -796.5
495 4793.8 -688.4
496 4881.5 -679.7
497 4858.8 -609.2
498 4894.4 -721.3
499 4671 -26.3
500 4795.1 -167.1
501 4921.5 -588.3
502 639.2 -613.5
503 5154.1 -851.4
504 5285.1 -823.2
505 5124.2 -860.2
506 4987.3 -897.1
507 4970.5 -853
508 4919.1 -1264.9
509 5005.8 -1252.2
510 4948.9 -1448.8
511 4905.1 -1178.7
512 4968 -1608.6
513 601.7 -558.5
514 5131.1 -1463.6
515 4851.5 -1441
516 4418.9 -1435.1
517 4457.2 -1421.1
518 4405.7 -1409
519 3993.9 -1603.3
520 1600 2982.8
521 1538.4 3018.1
522 1731.1 2947.8
523 1483 2894.4
524 582.8 -514.9
525 1874.3 3288.7
526 1763.6 3388.7
527 1773.6 3420.2
528 1849.6 3402.6
529 1564.2 3130.5
530 1478.8 3116.9
531 1352.2 3333.2
532 1362.8 3367.2
533 1199.2 3381.1
534 1508.5 3170.8
535 570.8 -481.1
536 1520.8 3195.2
537 1478 -3621
538 1446.5 -3695.6
539 1309.1 -3628
540 1564.8 -3620.7
541 1209.9 -3654.1
542 1417 -2656.2
543 1609 -2549
544 1366.8 -2578.9
545 1467.2 -2733.4
546 547.9 -401.4
547 1621.2 -3410.4
548 1571.3 -3552.9
549 1685 -3485.4
550 1614.4 -3181.4
551 1556.3 -3710.7
552 1313.8 -3661.5
553 1613 -3010
554 1610.1 -2975.2
555 1713.5 -3102.8
556 962.1 -1974.6
557 -3176.6 -100.6
558 332.2 -503.6
559 1012.3 1760.2
560 1196.3 1750.4
561 1081.4 1891.7
562 1230.3 1871.3
563 1261.5 1997.4
564 1291.8 2146.4
565 1349.3 1979.1
566 1372.3 2116
567 1244.1 2169.3
568 1316.3 2207.5
569 525.6 -340.1
570 -1687.7 -1166.1
571 -1698.7 -1036.6
572 -1627.2 -985
573 -1639.8 -1138.3
574 -1540.6 -926.3
575 -1563.6 -1094.8
576 -1626.7 -890.2
577 -999.7 -730.7
578 -1109 -1116.5
579 -1151 -1054.8
580 470.8 -268.8
581 -1178.6 -1013.6
582 -1197.4 -928.6
583 -1044.3 -207.6
584 -1116 -1255.5
585 -1245.7 -1339.1
586 -1028.4 -1806.2
587 -1713.4 -948
588 -1656.5 -830
589 -1363.3 -878.4
590 -1527.7 -233
591 617.3 -326.7
592 -1076.2 -890.2
593 -1057.4 -913
594 -970.3 -1018.5
595 -1015.8 -963.6
596 -911.6 -968.6
597 -880.9 -1243.3
598 -1356.5 -1607.6
599 -1374 -1619.7
600 -1472 -1488.2
601 -1429.6 -1657.1
602 -4071.7 1500.4
603 -1648.5 -1251.5
604 -1556 -1199.3
605 -1785.8 -1330.4
606 -1427.4 -1458.8
607 -1595.2 -1568.9
608 -1830.8 -1353.7
609 -1677.6 -1460
610 -2709.6 -931.7
611 -2650.8 -920.3
612 -2718.1 -1087.8
613 -4276.3 1484.2
614 -2679.3 -1177.8
615 -2614.3 -1055
616 -2524.8 -947.5
617 -2512.6 -1013.1
618 -2485.6 -1002.3
619 -2550.5 -1029.9
620 -3116.8 -1304
621 -3144.3 -1336.3
622 -3174.2 -1370.1
623 -2660.1 -1203.2
624 -4020.1 1578.3
625 -2638.9 -1156.7
626 -2601.2 -1177.1
627 -2509.8 -1398.4
628 -2494.9 -1369.5
629 -2416.6 -1332.5
630 -2627.6 -1243.7
631 -2581.3 -1198.9
632 -2567 -1215.1
633 -2609.5 -1221.4
634 -2532.8 -1257.8
635 -4088.4 1597.9
636 -2546.2 -1274.6
637 -2528.7 -1295.9
638 -2395.3 -1060.9
639 -2411.9 -1217.8
640 -2436.2 -1291.3
641 -2453.8 -1273.3
642 -2479.2 -1356.2
643 -2570.3 -1115
644 -2606.4 -1140.7
645 -3014.6 -1109.1
646 -4061.4 1591.7
647 -2141.5 -858
648 -2159.8 -834.5
649 -2140.2 -739.7
650 -1967.2 -720.3
651 -1916.7 -657.6
652 -2020.2 -678.5
653 -1837.6 -558.7
654 -1977.9 -445
655 -1795 -503.2
656 -1878.2 -610.1
657 -4114.5 1716.7
658 -1928.8 -397.1
659 -1960 -427.3
660 -1891.5 -364.9
661 -2003.4 -471.6
662 -2032.4 -500
663 -3053.5 -1071.2
664 -1741.2 -1663.8
665 -2051.6 -1284.9
666 -1342.3 -785.9
667 484.3 1227.8
668 -3032.9 44.1
669 -4402.6 1681.2
670 4812.2 812.9
671 4827.6 797.5
672 4778.7 848.1
673 4877.9 850.1
674 4864.9 749.2
675 4958.2 873.7
676 5039.2 953.5
677 5101.9 893.1
678 5043.3 834.7
679 -1790 1985.9
680 -4408.3 1787.1
681 -1904.4 2270.3
682 -841.8 2497.9
683 -906.1 2390.8
684 -428.2 1731
685 -376.7 1772.1
686 -444.1 1835
687 -871.9 2554
688 -1340.9 2404.2
689 -1165.2 1271.5
690 -1198.5 1379.4
691 -4548 1713.4
692 -1438.3 1082.5
693 -1515.2 977.1
694 -1607.2 -66.4
695 -685.3 -339
696 -1174.1 -63.2
697 -1156 -258.8
698 -1270.2 -357.6
699 -1171.1 -369
700 708.3 76.8
701 744.7 -195.6
702 -3360.4 439.6
703 -1719.2 -366.6
704 -1762 -302.2
705 -1824 -325.8
706 -1696.2 -242.1
707 -1815.9 -350.6
708 1436.8 1967.1
709 1495.8 1969.8
710 1457.9 2100.9
711 1419.7 1846.4
712 1327 1858.2
713 -3253.7 153.9
714 1406.7 1741
715 1299.6 1745.9
716 1396.2 1652.3
717 -1480.2 -710.3
718 -1110.5 -68.1
719 -1260.8 -1414.8
720 -1322.7 -1330
721 -944.2 -685.8
722 -956.7 -783.2
723 -1933.7 2344.3
724 -3316 444.7
725 -1757.9 -885.9
726 -1820.1 -1049.8
727 -1869 -986.6
728 -1805.3 -819.4
729 -1921.1 -1040.7
730 -1943.4 -1006.2
731 -1949.3 -1142.3
732 -1981.3 -1120.5
733 -2025.9 -1249.1
734 -2083.5 -1251.1
735 -3163.5 198.8
736 -2013.8 -1097.9
737 -1977.3 -1041.3
738 -2025.4 -1115.9
739 -1898.1 -330.6
740 -1983.7 -402.9
741 -2049.6 -1230.1
742 -2300.2 856.6
743 1436.5 2320.4
744 1464.2 2381
745 1485.1 2369.1
746 -3194.4 458.6
747 1400.1 2420
748 1507.3 2266.9
749 1529.4 2087
750 1543.1 2335.5
751 1577.3 2386.7
752 1629.3 2465.5
753 1650.3 2473.5
754 1580.5 2503.3
755 1383.4 1554.7
756 1376.3 1502.3
757 -3055.9 252.2
758 1388.4 1592.2
759 1307.7 1564.7
760 1367.8 1435.9
761 1365.1 1414.7
762 1291.5 1445.5
763 1357.7 1357.6
764 1351.9 1311.8
765 1476.9 1339.4
766 1273.6 1333.6
767 1338.3 1206.4
768 -3098.4 470.7
769 176 -1263.4
770 787.2 665.8
771 820.4 568.3
772 643.3 671.8
773 932.6 684.1
774 992.7 679.9
775 699.8 464.9
776 812.5 502.9
777 680.3 535.5
778 1041.7 599.6
779 -3293.2 42.5
780 -2941.9 500.8
781 1145.6 714.4
782 -2899.2 2419
783 -2938.8 3009.5
784 -2705.1 2421.4
785 -2952.6 2383.8
786 -3440.2 2288.9
787 -3148.1 2340.7
788 -2962.8 2278.5
789 -3118.4 2345.8
790 -3565.6 2265.3
791 -2772.2 534.8
792 -3554.2 2227
793 -3789.2 2204.2
794 -4350.6 2146.4
795 -4543.2 2128.6
796 -4661.5 2288.1
797 -4293.9 2143.6
798 840.2 2077.2
799 895.2 1984.9
800 793.6 2036.4
801 557.3 2471.5
802 -2886 404.8
803 684.9 2303.7
804 635 2523.9
805 496.4 2422.9
806 494.2 2543
807 755.8 2198.5
808 627.8 2245.7
809 679.7 2147.1
810 426.1 2360.1
811 359.7 2446.6
812 361.7 2293.9
813 -2127.7 692.3
814 278.6 2165.3
815 226.2 2078.6
816 302 2207.9
817 356.2 2088.4
818 111.8 1986.5
819 79.7 2047.1
820 25.9 1941.3
821 -98 1849.5
822 -147.3 1936.1
823 -46.6 1891.7
824 -2100.7 700.4
825 927 -340.9
826 601.6 22.4
827 652.2 51.6
828 550.5 96.9
829 613.3 130.5
830 403.3 -121.1
831 455.3 -82.7
832 617.3 -2477.1
833 452.3 -2433.7
834 419.5 -2387.9
835 -2166 685.4
836 586.8 -2381.6
837 -835.8 1230.1
838 -654.2 1312.8
839 -1621.3 767.6
840 -1643.6 918.9
841 -399.6 -2494.5
842 1540.7 -3888.5
843 1848 -3817.3
844 1536.9 -4179.6
845 941.9 -3677.9
846 -2155.6 714.2
847 1368 -3812.7
848 -647.8 -3258.4
849 -975.6 -3385.6
850 -996.1 -3302
851 -1004.1 -2596.2
852 -1068.6 -2575.7
853 -1007 -2687.8
854 -994.8 -2445.3
855 -895.1 -2689.6
856 -1015.4 -2800.6
857 -2102.2 667.4
858 -1169.4 -2904.7
859 -1035.1 -2901.6
860 -903.7 -2798.9
861 -1043 -2494.6
862 -2478.1 -2068.5
863 -2534.8 -2012.5
864 -2447.5 -2047.3
865 -2799 -2500.1
866 -2948.2 -2583.9
867 263.4 -1892.3
868 -1952.5 448.8
869 511.4 -1914.8
870 297.6 -1981
871 344.1 -2097.6
872 364.5 -2139.1
873 -408.4 -1737.4
874 -1457.2 1131.6
875 -1523.9 1081.5
876 -1511.3 1273.3
877 -1455.7 1304.4
878 -1431.1 1305.9
879 -1906.4 414.8
880 -1466.5 1421.2
881 -1394 1364.9
882 -1395.5 1103.9
883 -1348.8 1402.1
884 -1589.1 1234.4
885 -1551.9 1116.1
886 -1597.2 1255.8
887 -1607.5 1282.2
888 -1682.3 1223.1
889 4943.5 668.8
890 -3059.1 -56.3
891 -1602.9 350.7
892 5047.1 762.5
893 5041.4 610.6
894 4898.6 619.2
895 5153.4 859.4
896 5194.9 818.5
897 4959.2 830.8
898 5257.9 773.5
899 5134.1 572.8
900 5295.2 744.3
901 5292.2 501.1
902 -1570.7 303.4
903 5327.3 485.4
904 5064 601.9
905 -1789.6 -3511.5
906 -1487.5 -3601.5
907 -1777.1 -3597.2
908 -1533 -3706.7
909 -1759.7 -3679.5
910 -1574.2 -3806.6
911 -1651.6 -3832.1
912 -1668.3 -3963.1
913 -1634.8 379.5
914 -1653.9 -3752.8
915 -1770.7 -3422.2
916 -1812.7 -3087.2
917 -1741.4 -3056.3
918 -1190.1 -2952
919 -1792.3 -3057.1
920 -1753.3 -2977.6
921 -3926.2 -1895.1
922 -3921.7 -1869
923 -4106.2 -1882.9
924 -1357.9 44.5
925 -4477.2 -1664.8
926 -4597 -1565.1
927 -4440.4 -1728.7
928 -4550.4 -1706.1
929 -500.9 -1269.5
930 -432.2 -1576.9
931 -1005.9 -2050.6
932 -1172.8 -2074.8
933 -1256.5 -1841.8
934 -1358.1 -1758.3
935 -1305 33.4
936 -1104.4 -2022.1
937 1158.6 1039
938 1154.3 1063.2
939 1148.3 1123.3
940 1287 1408.3
941 1152.6 1517.1
942 1064.6 1484.1
943 856.6 1591.4
944 1386.2 1201.9
945 3503.4 -3161.3
946 -1466 175.2
947 3342.9 -3031
948 3370.6 -3136.4
949 3626.8 -3033.7
950 3181.9 -4011.1
951 3501.1 -3697
952 3479 -3578.1
953 3402.4 -3715.1
954 3565.8 -3684.5
955 3446.6 -3591.5
956 3565.7 -3297.1
957 -1317.1 72.4
958 3543.4 -3558.2
959 3663.6 -3606
960 3577.5 -3389.7
961 3610.5 -3536
962 3631.2 -3518
963 3627.5 -3430.8
964 3672.8 -3467.5
965 3761.2 -3540.4
966 3818 -3587.3
967 3735.6 -3572.8
968 -1538.7 81.1
969 3758.7 -3664.3
970 3392.7 -3650.8
971 3340.8 -3726.9
972 3382.5 -3585.3
973 3769.5 -3754.4
974 3528.1 -3816.1
975 3810.4 -3701.4
976 3806.6 -3495.7
977 3617.6 -3339.2
978 3806.7 -3782.8
979 -1482.2 162.3
980 3950.7 -3517
981 3536.1 -3273.1
982 3415.8 -3365.1
983 3448.2 -3199.6
984 3407.7 -3166.3
985 3536.1 -3192.8
986 3561.8 -3224
987 3602.1 -3245.8
988 3683.8 -3314.4
989 3398 -3257
990 -1626.9 43.5
991 3127.6 -3362.9
992 3322 -3089.6
993 3081.3 -3422.4
994 3037.6 -3510
995 3012.5 -3593.9
996 3033.2 -3718.9
997 3186.2 -3824
998 3390.3 -4016.5
999 3153 -3899.6
1000 3219.3 -3767.6
1001 -3138.1 -142.1
1002 -1630.8 10.1
1003 3432.1 -3959.3
1004 3454.1 -3926.5
1005 3468.5 -3905.3
1006 3627.5 -4076.6
1007 3495.6 -3865.6
1008 3460.2 -3772.1
1009 3607.1 -4088.7
1010 3646.8 -4093.8
1011 3691.4 -4221.4
1012 3690.7 -4242.1
1013 -1607 -87.2
1014 3627.8 -4175.2
1015 3686.1 -4134.4
1016 3738.6 -4254.6
1017 3949.4 -4013.7
1018 4046.7 -4249.7
1019 4077.7 -4220.1
1020 4002 -4203.1
1021 4103.7 -4261
1022 4156.6 -4111.3
1023 3944 -4144.7
1024 -1693.2 -84.9
1025 3957.5 -4256.5
1026 4063.8 -4142
1027 4202 -4134.2
1028 4130.5 -3929.8
1029 4140.7 -3870.3
1030 4005.2 -3985.7
1031 3978.6 -4000
1032 4069.1 -3827.4
1033 4008.3 -3829.8
1034 4119.3 -3728.7
1035 -1560.8 -88.3
1036 3890.8 -3838.2
1037 4024.1 -3637.4
1038 4015.1 -3887.9
1039 3851.1 -3816.1
1040 3805.2 -3872.7
1041 3751.7 -3938.7
1042 4146.7 -3748.7
1043 3378.7 -4131.5
1044 3444.9 -1553.2
1045 3629.8 -1560.9
1046 -519.6 965.5
1047 3467.4 -1641.6
1048 4626.2 -1422.6
1049 4475.7 -1476.5
1050 4631.6 -1377.7
1051 5199.4 -1470.4
1052 5233.5 -1229.2
1053 5240.6 -1474
1054 5273 -1476.9
1055 5241.9 -1431.7
1056 5156.4 -1654.1
1057 -284.8 916.5
1058 -2698.4 -4017.4
1059 -2660 -4037.5
1060 -2833.9 -3765.3
1061 -2625.4 -3959.2
1062 -2547.7 -4094.9
1063 -2473.5 -4131.7
1064 -2387.6 -3935.7
1065 -2571.7 -4168.6
1066 -2424.5 -4047.7
1067 -2341.6 -4196.6
1068 -261.4 838.1
1069 -2691.7 -3708.2
1070 -2220 -4258.1
1071 2843 -2886.7
1072 2640.3 -2914.4
1073 2773 -2844.2
1074 2541.5 -2986
1075 2326 -3445.8
1076 2275.5 -3483.3
1077 2276.7 -3354.5
1078 2198.2 -3566.2
1079 -317.7 1026.9
1080 2184 -3439.6
1081 2156.5 -3650.6
1082 2137.8 -3496.3
1083 2125.5 -3696.6
1084 2208.5 -3684.2
1085 2088.2 -3722.2
1086 2029.4 -3638.5
1087 1868.3 -3805.3
1088 2136.7 -3802.6
1089 1871.6 -3828.6
1090 -90 974.6
1091 1836.5 -3724.4
1092 5289.2 395.8
1093 5038 496.6
1094 5108.2 471.8
1095 5148.7 385.1
1096 5134.8 461.8
1097 -3603.5 -1864.5
1098 -3679.4 -1992.5
1099 -3406.7 -2093.4
1100 1962.1 1171.7
1101 -348.4 1130.2
1102 -522.6 3704.2
1103 -615.9 3611.5
1104 -610.8 3508.9
1105 -665.2 3581.1
1106 -734.9 3482.5
1107 -556.5 3269
1108 -704.5 3340.6
1109 -819.8 3463.3
1110 -685.5 3207
1111 -652 3223.9
1112 -3278 -1411.9
1113 -3309.3 -143
1114 -380 1236.2
1115 -695.2 3294.4
1116 -1104.1 3094.5
1117 -1119 3225.6
1118 -1181.8 3078.6
1119 -994.7 3105.4
1120 -1165.5 2988.2
1121 -1347.4 3048.5
1122 -1153.7 2920.4
1123 -1115.1 2707.2
1124 -1252.4 2896.1
1125 -394.2 1116.4
1126 -1337.1 2983.7
1127 -1364.3 3154.1
1128 -1089.3 3610
1129 -1117.7 3450.7
1130 -1175.6 3617.5
1131 -811.6 3564
1132 -905.9 3579.9
1133 -970 3016.7
1134 -940 2924.7
1135 -887.8 3043.1
1136 -251.4 1159.3
1137 -1022.7 3452.6
1138 -918 3454.2
1139 -1016.9 3245.8
1140 -970.8 3591.2
1141 -831.5 3296.3
1142 -891.3 3158.6
1143 -3962.1 -4201.5
1144 -4181.8 -4177
1145 -4183.3 -4094.3
1146 -4474.9 -4176.1
1147 -183.2 1295.3
1148 1866.1 -3386
1149 1893 -3439.1
1150 1813.9 -3277.2
1151 1913.8 -3361.4
1152 2180.8 -3924.3
1153 2235.3 -4030.9
1154 2231.1 -3909.9
1155 5225.1 -1012.1
1156 -3546.8 -3518.4
1157 -3433.5 -3356.6
1158 -582.6 1175.3
1159 -3590.6 -3565.4
1160 -3432.1 -3126.2
1161 -3522.1 -3373.5
1162 -3468.1 -3161.6
1163 -3387.4 -3075.9
1164 -3364 -3053
1165 -3346.4 -2926.4
1166 -3497.9 -3185.5
1167 -3588.2 -3089.9
1168 -4135.5 -3191.4
1169 -406.4 1323.8
1170 -4180.6 -3381.9
1171 -4232.5 -3182.4
1172 -4385.5 -3163.6
1173 -4426.2 -3159.7
1174 -4239.4 -3259.6
1175 -4379.1 -3242.3
1176 -4480.7 -3148.7
1177 -4494.5 -3012.4
1178 -4422.6 -3411.9
1179 -4444 -2875
1180 -551.2 1069.1
1181 -4533.3 -3002.5
1182 -2992.8 3351.8
1183 -2859.5 3391.7
1184 -3123.5 3336.5
1185 -3041.1 3588.6
1186 -852.6 2935.2
1187 -899.7 2796.9
1188 -768 2961.5
1189 -2596 -1469.5
1190 -2644.9 -1517.9
1191 -543.8 1045
1192 -1404.9 3395.8
1193 -1491.9 3469
1194 -1581.6 3447.8
1195 -1660.5 3385.5
1196 -1678.9 3352.7
1197 -1625 3290.4
1198 -1676.7 3297.7
1199 -1646.6 3278.1
1200 -1770.4 3276.4
1201 -1777.4 3193.6
1202 -504.3 1083.2
1203 -1859.3 3263.4
1204 -2005.1 3029.1
1205 -1943.2 3249.6
1206 -1874.1 3336.7
1207 -1969.8 3378.3
1208 -2011.9 3153.4
1209 -2115.2 3231.2
1210 -2158.6 3228.8
1211 -2203 3227.4
1212 -2392.1 3217.6
1213 -568.1 1126
1214 -2296.5 3222.5
1215 -2474.1 3208.5
1216 -2409.9 3318.7
1217 -2366.4 3063.7
1218 -2554.4 3196.8
1219 -2490.2 3304.1
1220 -2537.9 3038.8
1221 -2653.8 3180
1222 -2813.7 3147.8
1223 -2821.5 3190.9
1224 -2601.4 -106.3
1225 -239.8 1120.6
1226 -2807.9 3107.7
1227 -2733.9 3164.7
1228 -2842.3 3305.1
1229 -2700.5 3459.8
1230 -2793.7 2994.1
1231 -2707.6 3008
1232 -2772.7 2842.1
1233 -2744.9 2727.2
1234 -2727.5 2667.8
1235 -2817.7 2721.8
1236 -188.9 1178
1237 -2672.1 2470
1238 -1622.5 3141.5
1239 -1577.9 2867.2
1240 -1589.5 2934.5
1241 -1324.6 2907.6
1242 -1833.9 2825.8
1243 -1512 2382.1
1244 -1474.5 3383.6
1245 -1368.2 3175.5
1246 -1511.8 3377.6
1247 -263.8 1200.9
1248 -1534.7 3254.4
1249 -1467.6 3203.6
1250 -1457.1 3139.9
1251 -1510.5 3130.7
1252 -1485.5 2998.8
1253 -1320 2882.3
1254 -4613.9 2119.4
1255 -4644.8 2303.3
1256 -4243.4 2143
1257 -4291.5 2173.1
1258 -165.5 1100.1
1259 -4443.2 2188
1260 -4305.6 2262.6
1261 -4590.1 2239.7
1262 -4518 2210.9
1263 -4460.5 2365.5
1264 -4607.1 2337.8
1265 -2208.1 -1443.4
1266 -2121 -1735.2
1267 -2166.3 -1595
1268 4667 751.5
1269 -155 1192
1270 4753.3 874.1
1271 4701.4 928
1272 4730.6 961.8
1273 4654.6 976.4
1274 -2133 -402
1275 -2435.6 -287.9
1276 779.6 -98.3
1277 3540.2 -214
1278 3564.9 -195
1279 3497.8 -138.1
1280 -169.9 1249.6
1281 3842.2 -352.3
1282 3675.2 -120.3
1283 3772.1 -62.1
1284 3918.5 14.2
1285 3856.4 -280.7
1286 3879.7 -170.3
1287 3850.4 -311.1
1288 3953.4 -302.2
1289 4035.6 47.1
1290 3898.1 -79.2
1291 -46 1284.8
1292 4054.6 -35.3
1293 3946.7 -151.2
1294 4530.5 -104.5
1295 4548.3 -160.9
1296 4604.1 -52.2
1297 4458.5 -91.7
1298 4435.7 -13.4
1299 4434.5 -185.5
1300 4521.8 -255
1301 4272.3 -59.8
1302 -26.4 1219.1
1303 4160.1 -267.4
1304 4265.1 -252.7
1305 4148 -167.2
1306 4128.4 -300.3
1307 4063.4 -289.3
1308 4039.7 -242.3
1309 4144.1 -369.6
1310 2766.3 788.8
1311 2720.9 745.9
1312 2704.8 840.2
1313 -16.2 1342.9
1314 2683.3 711.1
1315 2824.2 650.1
1316 2640.2 670
1317 2775 623.3
1318 2563 772.4
1319 2746.6 607.9
1320 2556.5 795.3
1321 2450.7 776.4
1322 2401.3 806.1
1323 2325.2 837.9
1324 -72.2 1377.1
1325 2229.7 874.5
1326 1926.1 897.5
1327 2388.3 960.6
1328 2254.1 1000.7
1329 1685.2 955.1
1330 -4568 2641.3
1331 -4635 2619.9
1332 -4554.7 2572.6
1333 -4637.3 2737.5
1334 -4496 2665.9
1335 -2638.9 -98.6
1336 -196.3 1340.5
1337 -4557.9 2527.1
1338 -4651.7 2394.8
1339 -4505.4 2442
1340 -4685.4 2458.5
1341 -4436.3 2295.8
1342 -1826.7 3702.7
1343 -1714.9 3657.7
1344 -1918.9 3589.4
1345 -1855.3 3522
1346 -1800.7 3465.5
1347 -106.1 1493.6
1348 -1757.1 3421.7
1349 -1886 3397.4
1350 -1802 3371.2
1351 -858.7 2727.9
1352 -400.2 2231.8
1353 -372.8 2203.7
1354 -424.6 2283
1355 369.9 -42.4
1356 -1025.5 1601.8
1357 -996.9 1606.2
1358 -208.6 1382.8
1359 -1052.4 1592.2
1360 1875.9 -3883.5
1361 1919 -3882.5
1362 1878.1 -4036
1363 -1123.5 -3420.9
1364 -1115.3 -3507.1
1365 -1772.4 -4152.2
1366 -1763.2 -3951.4
1367 287.4 -50.8
1368 1263.3 2978.2
1369 -596.9 1224.1
1370 1278.2 2903.5
1371 1282.6 3007.4
1372 1290.2 2841.7
1373 1339.4 2827.1
1374 -2497.8 2041.6
1375 -2276.4 2136.3
1376 -2542.7 2147.9
1377 -2478.2 1994.8
1378 -2606.1 2299.6
1379 -2386.2 1545.3
1380 -626.7 1141.3
1381 -1956.7 1692
1382 -1836.4 1370.9
1383 -1748.7 1392.5
1384 -1802.5 1284.2
1385 682.8 3272.2
1386 581 3182.2
1387 859.9 3384.4
1388 633.1 3339.8
1389 718.1 3446.2
1390 606.5 3305.4
1391 -1161 32.3
1392 546.9 3242.3
1393 646.9 3060
1394 504.4 2966.9
1395 377.8 2934.2
1396 669.3 3010.5
1397 1771.6 -3438.6
1398 1764.4 -3602.4
1399 397.5 2042.9
1400 360.1 1960.3
1401 457.5 1978.8
1402 -1309.3 -59.3
1403 -718.2 2840.3
1404 -732.5 2875.1
1405 -745.3 2904.9
1406 -663.1 2926.2
1407 -812 3067
1408 -802.6 3044.2
1409 -832.3 3117.9
1410 -852.5 3166.9
1411 -743.5 3178.1
1412 -772 3053.6
1413 -1331.8 180.2
1414 -257 2671.3
1415 -193.2 2580.8
1416 -319.5 2757.6
1417 -271.5 2879.2
1418 -260.2 2170.5
1419 -352.9 2733.5
1420 717.6 2581.9
1421 764.5 2614.3
1422 687.4 2625.3
1423 1009.2 2755.3
1424 -1272.6 106.3
1425 952 2725.2
1426 1043.9 2772
1427 951.9 2786.6
1428 872.2 2681
1429 790.2 2631.4
1430 843.4 2729.3
1431 898.6 2811.8
1432 745 2743.4
1433 941.6 2877.6
1434 1121.2 2909
1435 -1291.2 319.4
1436 1024.3 2787.6
1437 -1733.7 3200.2
1438 -1790.9 3086.8
1439 -1787 3028.2
1440 -1719 3097.9
1441 -1701.1 2965.4
1442 -1810.2 2969
1443 -1826.7 2928.6
1444 -1738.1 2915.1
1445 -1613.1 3086.3
1446 -2506.8 -132.7
1447 -1302.9 -91
1448 -99.8 2923.4
1449 -187.9 2900.3
1450 -28.8 2941.7
1451 -113.4 2974.7
1452 -158.8 3135.3
1453 -180.9 3213.7
1454 -130.3 3036.4
1455 -329.4 3739.5
1456 -913.3 3267.1
1457 -4390.8 -2785.2
1458 -1226.5 -61.9
1459 -4358.8 -2726.1
1460 -4130 -2516.1
1461 -4119.6 -2556.3
1462 -4262.9 -2612
1463 -4140.4 -2467.3
1464 -4055.4 -2817.8
1465 -4041.6 -2779.3
1466 -4134.8 -2797.3
1467 -4067.1 -2781
1468 -4093.9 -2673.5
1469 -3984.7 1552.9
1470 -4249 -2505.2
1471 -4164.3 -2372.2
1472 -4019.9 -2378.9
1473 -4266.2 -2400.5
1474 -2357.9 -119.9
1475 -2385.1 -121.1
1476 -2353.5 -160
1477 -2190.1 -332.9
1478 -2158.9 -332.6
1479 -2100.4 -316.5
1480 -3727.4 1366.7
1481 -2103.7 -285.6
1482 1280.2 3252.7
1483 1245.7 3235
1484 1237 3272
1485 1331.1 3285.1
1486 -607.2 3246
1487 -470.8 3315.1
1488 -400.9 3231.3
1489 -440 3338.2
1490 -416.4 3359.6
1491 -3679.2 1332.6
1492 -458.1 3417.2
1493 -339.3 3312.9
1494 -336.5 3417.3
1495 -356.1 3488.5
1496 -239.4 3446.9
1497 -526.1 3164.1
1498 -165.6 3456.7
1499 -166.3 3498.3
1500 -93.9 3490.2
1501 -37.1 3510.8
1502 -3668.2 1448
1503 10.4 3530.8
1504 -32.3 3621.5
1505 48.3 3400.2
1506 157.9 3558.6
1507 -1992.9 3491
1508 -2053.9 3361.4
1509 -2012.6 3602.8
1510 -2055.8 3477.4
1511 -1908.8 3507.7
1512 -2099.8 3585.4
1513 -3839 1448.3
1514 -2184.1 3568.1
1515 -2080.4 3492.9
1516 -2269.5 3553.2
1517 -2161.5 3456.4
1518 -2246.4 3438.8
1519 -2328.3 3422.5
1520 -2313.5 3350.3
1521 -2426.6 3406.3
1522 -2306.8 3315.3
1523 -2299.8 3274.5
1524 -3770.9 1270.2
1525 -2341 3271
1526 -2222.9 3326.3
1527 -2139 3344.2
1528 -2098.3 3469.4
1529 -2072.8 3454.4
1530 -2196.5 3140.1
1531 -2217.1 3295.9
1532 -2187.2 3301.7
1533 -2181.1 2931.2
1534 -2256.5 2917.5
1535 -3595.6 1271.3
1536 -2283 3077
1537 -2340 2903.7
1538 -2235.9 2795.6
1539 -2195.3 2590.9
1540 -2059.1 2827
1541 -2156.9 2660.8
1542 -2195.2 2545.7
1543 -2049.3 2780
1544 -1979 2841
1545 -2063.6 2873.3
1546 -3473.1 1186.3
1547 -1946.3 2840.7
1548 -2510.6 2878
1549 -2361.1 3034
1550 -174 3569.1
1551 -374.4 3559.9
1552 166.7 3706.7
1553 168.7 3643.6
1554 35.7 3730.4
1555 14.1 3613.9
1556 0.9 3735.1
1557 -2129.3 -95.9
1558 -3241.7 1224.6
1559 -5.2 3692.6
1560 -56.3 3742.7
1561 -191.1 3739.4
1562 -189.6 3708.4
1563 -77.8 3744.4
1564 -415.3 3722.4
1565 -391.2 3630.8
1566 -468.6 3463.7
1567 -1821.7 2695.4
1568 -1774.6 2697.6
1569 -3510.7 1212.6
1570 -1828.8 2736.5
1571 -1859.6 2699
1572 -1905.7 2697
1573 -1928.5 2703.4
1574 -1939 2665.9
1575 -4459.9 2568.4
1576 -4502 2700.7
1577 -4403.2 2730.3
1578 -4422.4 2652.9
1579 -3285.1 1246.9
1580 -3367.4 1131.8
1581 5233.7 -1402.4
1582 5298.3 -1394.8
1583 5315.1 -1188.8
1584 -3770.1 1670.5
1585 -3827.5 1675.1
1586 -3971.7 1605.2
1587 -4007.1 1724.2
1588 -4027.3 1792.2
1589 -4173.5 1919.4
1590 -4160.2 1874.1
1591 -3189.1 1105.8
1592 -4263.2 1934.2
1593 -4370.1 1918.6
1594 -4459.6 1851.4
1595 -4557.6 1932.8
1596 -4415.4 1810.3
1597 -4269.9 2083.1
1598 -4113.1 2146
1599 -4109 2035.1
1600 -3927.4 1897.6
1601 -3833.7 1844.8
1602 -3193 1039.2
1603 -3806.5 1829.2
1604 -3803.9 1855.8
1605 -3530.6 1741.9
1606 -3411.8 1770.2
1607 -3396.7 1723.1
1608 -3438 1857.4
1609 -4055.8 2153.4
1610 -4295.8 -3631.2
1611 -4388.8 -3469.5
1612 -4376.5 -3739.7
1613 -3066 1064.9
1614 -4230 -3485
1615 -4270.8 -3873.3
1616 -4468.1 -3826.6
1617 -4264.2 -3903
1618 -4351.9 -3893.3
1619 -4256.9 -3935.1
1620 -4344.6 -3921
1621 -4432 -3913.1
1622 -4338.9 -3942.6
1623 -4556 -3905.3
1624 -2865.4 970
1625 -4681.2 -4023.7
1626 -2409.9 1.8
1627 -2256.2 18
1628 -2339.1 107.3
1629 -2194.8 123.1
1630 -2266.7 115.2
1631 -2270.5 150.1
1632 -226.9 2100.1
1633 -342.6 1898.2
1634 -317.7 1894.6
1635 -2654.1 1019.7
1636 -297 1898.6
1637 -301.9 1858.3
1638 -305.4 1970.9
1639 -546.4 2490.7
1640 2410.6 876.4
1641 2479.5 945.4
1642 2278.2 995.1
1643 3137.4 546.5
1644 3402.5 234.6
1645 3474.9 124.9
1646 -2590.7 890.7
1647 -655.6 2856.8
1648 -584.2 2946.4
1649 -569.4 2879.3
1650 -643 2808.2
1651 71.8 2968.1
1652 -187.7 3238.9
1653 -167.1 3244.5
1654 -45.6 3001
1655 -281.6 3358.7
1656 -220.9 3372.9
1657 -2342.9 881.3
1658 -56.4 3042.3
1659 -106.1 3028.9
1660 -3699.7 -1052.1
1661 -3527.4 -982.1
1662 1492.9 2683.1
1663 2078.3 2566.5
1664 1980 2753.7
1665 2163.9 2433.3
1666 2208.6 2580.3
1667 2223.4 2444.4
1668 -2243.3 -108.2
1669 -2314.3 880
1670 2340.8 2591.4
1671 1493.3 1175.4
1672 1515.5 1100.3
1673 682.1 3559.8
1674 -1306.2 2793.9
1675 5290.8 -115.1
1676 5296.1 -222
1677 5290.6 -180.4
1678 5299.2 -294.5
1679 -699.4 2402.6
1680 -2411 886.5
1681 -644.7 2434.4
1682 -612.5 2379.2
1683 -492.5 2397.1
1684 5164.9 -3967.7
1685 5325.3 -3536.8
1686 5193 -3532.4
1687 5289.2 -3471.8
1688 5110.9 -3338.5
1689 4850.6 -3246.7
1690 4833.2 -3315.8
1691 -1777.1 930.9
1692 4883.2 -3121.4
1693 5209.6 -3940.5
1694 5229.1 -3987.4
1695 4791.1 -3507.9
1696 4823.8 -3357.7
1697 4776.5 -3579.1
1698 4816.4 -3511.5
1699 4915.4 -3350.3
1700 5022.9 -1611.7
1701 5036.3 -2240.8
1702 -1836.7 1020
1703 5149.2 -2316.4
1704 3784.1 -3281.7
1705 -1142.5 -3307.2
1706 -1047.8 -2976.1
1707 -1049.2 -3230.9
1708 -1189.8 -3515.3
1709 -1088.1 -3668.6
1710 -1077.1 -3726
1711 -1174 -3800.1
1712 -1257.6 -3802.7
1713 -1730.5 845
1714 -1162.7 -3985.4
1715 -1273 -3613.1
1716 -1019.9 -3696.3
1717 -1043.5 -3902.5
1718 -787.2 -3513.6
1719 -845.4 -3512.5
1720 -839.6 -3385
1721 -927 -3525.4
1722 -995.1 -3560.3
1723 -983.3 -3622
1724 -1715.6 935.8
1725 -1327.3 -3906.1
1726 -1326.3 -3953.1
1727 -1403.7 -3910.7
1728 -1366.8 -4084.7
1729 -1459.4 -4039.6
1730 -1313.5 -4169.5
1731 -1454.7 -3884.6
1732 -1493.1 -4195
1733 -1281.2 -4210
1734 -1285.5 -4111.9
1735 -1823.6 928.3
1736 -1506.2 -4261
1737 -1130.6 -4179.8
1738 -1552 -4181.6
1739 -1487.3 -3870
1740 -1185.8 -4107.2
1741 -1057.8 -4152.8
1742 -1083.5 -4238
1743 -911.6 -4116.5
1744 -866.8 -4141.9
1745 -759.8 -4117.8
1746 -1471.7 951.6
1747 -823.9 -4209.9
1748 -717.8 -4179.7
1749 -654.6 -4163.5
1750 -693.7 -4255.1
1751 -488.1 -4170
1752 -489.4 -4237.4
1753 -416.7 -4179
1754 -4582.1 1165.2
1755 -4644.7 1250.8
1756 -4557.4 1134.6
1757 -1461 972.2
1758 -4498 1224
1759 -4603.7 1374.5
1760 -4407.7 1135.1
1761 -4452.7 1380.9
1762 -4656.6 1449.8
1763 -4255.5 1384.2
1764 -4223.4 1262.4
1765 -4421.3 1284.2
1766 -4372.8 1212.9
1767 -4316.3 1250.5
1768 -1341 795.3
1769 -4284.4 1128.9
1770 -4199.2 1141.9
1771 -4117.3 1276
1772 -4276.9 1024
1773 -3900.9 1360.2
1774 -3982.4 1419.9
1775 -3945.5 1199.4
1776 -3920.2 1238.2
1777 -3966.6 1534.7
1778 -3508 1332.1
1779 -1908.4 -78.6
1780 -1670.9 939.6
1781 -3453.4 1406.9
1782 -3298.1 1588.2
1783 -3263.7 1518.5
1784 -3383.4 1680.4
1785 -3487.6 2012.6
1786 -3466.1 1947.8
1787 -3508.8 2079.7
1788 -3315.1 2050.6
1789 -3534 2159.9
1790 -3337.7 2116.7
1791 -1361.7 785.8
1792 -3623.3 2138.8
1793 -3363.1 2196.3
1794 -3775.7 2141.6
1795 -3732.6 2113.5
1796 -3802.9 2100
1797 -3645.2 2133.9
1798 -3890.7 2088.1
1799 -3920.8 2176.4
1800 -3262.5 2218.5
1801 -3086.8 2257.4
1802 -1320.9 804.8
1803 -3161.6 2240.9
1804 -3034.7 2089
1805 -3061.4 2020.4
1806 -3074.2 1987.3
1807 -3264 1895.5
1808 -3097.2 2012.2
1809 -3456.7 1915.9
1810 -3288.5 1970
1811 -3192.2 1991.2
1812 -3444.9 1934.9
1813 -1266.7 624.9
1814 -3129.8 2128.2
1815 -3153.5 2371.5
1816 -3184.5 2366.4
1817 -3032.3 2392.7
1818 -3488.6 2448.5
1819 -3539 2524.5
1820 -3412.5 2456.2
1821 -3359.5 2336.6
1822 -3372.6 2460.5
1823 -3283.7 2470
1824 -1197.1 579
1825 -3270.8 2351.9
1826 -3196.6 2478.9
1827 -3154.7 2483.5
1828 -3043.3 2495.1
1829 -2946.2 2458.7
1830 -3051.5 2576.8
1831 -3062.7 2672.7
1832 -3163.1 2565.1
1833 -3068.4 2729.9
1834 -3039.8 2708.5
1835 -1121 612.9
1836 -3074 2786.1
1837 -3078.8 2834.3
1838 -2959.2 2803.9
1839 -3094.5 2982.5
1840 -3190.3 2822.3
1841 -3098.1 3077.2
1842 -3007.2 2998.4
1843 -3205.7 2972.4
1844 -3164.3 3070.2
1845 -3028.3 3085.2
1846 -1110.9 527.9
1847 -3025.5 3208.9
1848 -3227.5 3064
1849 -3242.8 2997
1850 -3253.5 3124.8
1851 -3332.3 2935.1
1852 -3414.1 2956.8
1853 -3271.4 2959.4
1854 -3426.8 2999.8
1855 -3357.5 3168
1856 -3427.2 3042.3
1857 -1072.2 690.9
1858 -3434.8 2975.1
1859 -3428 3098.3
1860 -3427.8 3068.2
1861 -3265.3 2814.2
1862 -3175.5 2684.2
1863 -3420.8 2538.6
1864 -3434.4 2667.9
1865 -3579.6 2653.1
1866 -3513.3 2659.5
1867 -3629.3 2775.3
1868 -1018.4 774.9
1869 -3522.9 2762.3
1870 -3447.8 2795.4
1871 -3461.1 2926.6
1872 -3364.9 2803.2
1873 -3278.6 3327.3
1874 -3273.3 3264.6
1875 -3468.2 3325.8
1876 -3240.6 3234.1
1877 -3300 3249.8
1878 -3216.8 3225
1879 -4578.5 1478.1
1880 -3188.6 3219.4
1881 -3076.8 3215
1882 -3051.1 3282.2
1883 -2170.4 4155.4
1884 -2426.6 3858.6
1885 -2348.6 -3823
1886 -2349.3 -3984
1887 -1236.1 -2575.3
1888 -1324.3 -2636.6
1889 -1279.2 -2775.3
1890 -2121.7 -191.4
1891 -4631.8 1460.3
1892 -1414.9 -2670.7
1893 -1388.5 -2813.6
1894 -1524.3 -2688.2
1895 -1544.6 -2691
1896 -1503.2 -2831.6
1897 -1620.2 -2701.4
1898 -1705.8 -2714.4
1899 -1598.9 -2844.7
1900 -1787.5 -2726.3
1901 -1695.5 -2858.1
1902 -4454.5 1481.4
1903 -1771.3 -2843.1
1904 -1890.8 -2693.3
1905 -1924.7 -2590.5
1906 -1944.7 -2527.5
1907 -1826.4 -2576.3
1908 -1914.5 -2622.7
1909 -1958.8 -2423.1
1910 -2211.3 -2442.7
1911 -1963.1 -2467.5
1912 -1946.1 -2362.3
1913 -4287.9 1576.5
1914 -1688.3 -1776.2
1915 -1658.2 -1868.6
1916 -1694.5 -1633.4
1917 -1623.5 -1540.8
1918 -1502.9 -1690.8
1919 -1412.2 -1389.1
1920 -1380.8 -1253.2
1921 -1797.5 -2679.6
1922 -1709.8 -2667.2
1923 -1721.9 -2627.2
1924 -3773.6 1163.5
1925 -1740.9 -2563.9
1926 -1557.4 -2600.5
1927 -1761.7 -2911.7
1928 -1681.6 -2956.9
1929 -1584.1 -2944.1
1930 -1371.4 -2913.4
1931 -1248.3 -2870.5
1932 -1488.2 -2930.8
1933 -1768 -2867.4
1934 -517.7 -2870.9
1935 -3601.3 1102.5
1936 -931.8 -2947.2
1937 -784 -2688.5
1938 -668 -2686
1939 -1137.1 -2943.9
1940 -3049 -3596.2
1941 -3327.5 -3510.9
1942 -3232.6 -3472.9
1943 -3166.4 -3443.5
1944 -3163.1 -3329.5
1945 -3142.6 -3451.5
1946 -3566.3 1250.4
1947 -3101.6 -3440.5
1948 -3143.2 -3172
1949 -3259.4 -3345.3
1950 -3316.7 -3320.3
1951 -3353.5 -3282.6
1952 -3375.5 -3170.4
1953 -3085.5 -3017.2
1954 -3175.5 -2343.8
1955 -3000.4 -2456.7
1956 -2973.9 -2413.2
1957 -3599 -200.5
1958 -2909.9 -2361.7
1959 -3761.5 -2562.5
1960 -3741.4 -2492.9
1961 -3819.5 -2522.4
1962 -4160.3 -2714.1
1963 -4245 -2727.1
1964 -4108.8 -2605.3
1965 -4300.6 -2748.8
1966 -3895.4 -2476.7
1967 -3867.1 -2418.6
1968 -3511 -185.7
1969 -1696.8 -4229.7
1970 -1718 -4212.7
1971 -1600.4 -4186.8
1972 -1844.5 -4193.7
1973 -1746.5 -4183.7
1974 -1675.9 -4137.3
1975 -1576.5 -4101.5
1976 -1186 -4006.6
1977 -1841.3 -2855.3
1978 -1874.8 -2465.4
1979 -3600.4 -240.5
1980 -1067 -2397.4
1981 -1338.8 -2389.3
1982 -1200.3 -2175.7
1983 -1109 -2170.4
1984 -1069.7 -1676.2
1985 -1268.2 -1727.2
1986 -1632 -1425.8
1987 -1499.1 3700.1
1988 -1450.9 3665.9
1989 -1460.9 3708.4
1990 -3804.3 -239.3
1991 -1836.8 3802.4
1992 -976.8 3727.8
1993 -2813.7 2596.5
1994 -2932.6 2763.7
1995 -2937.4 2804.5
1996 -2950.2 2718.9
1997 -2507.1 3401.3
1998 -2568 3395.6
1999 -2597.1 3390.8
2000 -2626.3 3385.2
2001 -1421.9 -55.7
2002 -3601 -171.8
2003 -2555.9 3293.1
2004 -2609.4 3284.6
2005 -2685.4 3370.8
2006 -2742.9 3351.3
2007 -2669.8 3274
2008 -2771.6 3340
2009 -2753.5 3280
2010 -2747 3240
2011 -2682.8 2852.8
2012 -2703 2977.7
2013 -3430.2 -172.1
2014 -2523.9 2955.9
2015 -2750.2 3260.2
2016 -2920.6 3268.5
2017 -1606.1 3490.5
2018 -1856.8 4063.6
2019 -1963.7 4092.8
2020 -1839.4 4145
2021 -2214.2 4182.5
2022 -2060.9 4118.6
2023 -388.5 2684.5
2024 -2549.4 -196.6
2025 -440.2 2761.2
2026 -386.3 2640.3
2027 -360.2 2644.3
2028 -409 2627.5
2029 -1696.6 2301.3
2030 -1534.3 2430.9
2031 -1318.6 1397.2
2032 1616.2 984.2
2033 1595.1 916
2034 1557.8 1013.7
2035 -2581.5 -251.8
2036 2711.9 1156.3
2037 2612.9 1320.1
2038 2591.8 1405.7
2039 2678 1172.7
2040 2342.6 1378.8
2041 2323.3 1354.8
2042 2251.2 1291.1
2043 2317 1384
2044 2212.1 1538
2045 2422 1527.8
2046 -2513.5 -159.2
2047 2284.8 1576.2
2048 2186.6 1618.7
2049 2136.9 1742
2050 2061.8 1829.3
2051 2094.1 1791.2
2052 1912.4 1842.9
2053 2039.1 1857.1
2054 2069.4 1882.4
2055 1967.4 1943.5
2056 1727.4 2368.2
2057 -2647.8 -164.3
2058 1700.7 2410.7
2059 1761.8 2307.3
2060 1600.2 3559.8
2061 1378.6 3627.5
2062 1634 3533.5
2063 1262.3 3678.6
2064 1412.1 3533.3
2065 1189.2 3730.2
2066 1103.7 3811.9
2067 1404.8 3487.2
2068 -2476.9 -214.2
2069 520.9 3680.2
2070 978 3574.2
2071 245.2 3789.3
2072 151.9 3757.8
2073 167 3855.2
2074 261 3982.5
2075 116.8 3898.2
2076 169.9 3816.1
2077 56.3 3948.4
2078 75.7 3933.4
2079 -2860.5 -1117.9
2080 92.4 4030
2081 -29.5 3957.7
2082 -25.3 4059.9
2083 6.5 3883.6
2084 -3689.6 2878.7
2085 -3598.4 2649.1
2086 128 3258.2
2087 199 3290.4
2088 3846.5 -3753.6
2089 -3754.9 3133.1
2090 -2784.7 -1102.1
2091 -3482.5 2368.3
2092 -4336.4 2990.5
2093 -882.9 1623.1
2094 -854.6 1627.2
2095 151.5 3428.7
2096 218.3 3437
2097 335.8 3349.4
2098 272.4 3322
2099 1210.9 987.8
2100 414.7 3469.8
2101 -2982.3 -1165.5
2102 -178.8 3619.3
2103 -2249.6 -1507.6
2104 -2160.4 -1369.6
2105 -2291.3 -1553.1
2106 -2335.8 -1414.9
2107 -2209.4 -1643.8
2108 -2358 -1805.7
2109 -2310.5 -1859.9
2110 -2162 -1694.2
2111 -1751.5 -2462.2
2112 -1477.8 -108.3
2113 -1870.3 -70.7
2114 -1655.5 -2454.3
2115 -1463.6 -2436.7
2116 -2507.1 1032.2
2117 -2457.4 959.3
2118 -2293 1235.3
2119 -2168.5 1149
2120 -2139.8 1061.7
2121 -2755.2 1278.8
2122 -2813.5 1241.5
2123 -2619.5 1251.2
2124 -1755.4 -76
2125 -2778.5 1363.6
2126 -2686.2 1401.6
2127 -2794.7 1509.5
2128 -2881.7 1557.3
2129 -2821.8 1133.6
2130 -2928.2 1077.6
2131 -3973.2 -1162
2132 -4152.4 -1233.4
2133 -3359.2 634.8
2134 -3393.3 534
2135 -1871.8 65.9
2136 -3390.2 695.1
2137 -3279.6 584.7
2138 -3004.8 190.9
2139 -2707.2 -55.9
2140 -2727.9 452
2141 -2660.5 327.6
2142 -2802.8 267
2143 -2616.4 570.2
2144 -2591.5 188.1
2145 -2619.2 -2.4
2146 -1805.3 104
2147 -2615 243.6
2148 -2578.6 27.9
2149 -2645 -43.8
2150 -2789 107.8
2151 -3464.2 -805.2
2152 -1719.7 1316.4
2153 -1766.6 1190.7
2154 -1731.8 1101
2155 -1655 1107.9
2156 -3416.4 -1566.4
2157 -1730.8 477
2158 -3586.1 -1656.9
2159 -3365.7 -1612.5
2160 -3300.5 -1701.1
2161 -3263.8 -1674.8
2162 -3311 -1734.6
2163 -3562.6 -1900.6
2164 -3350.5 -2043.3
2165 -3655 -1973.9
2166 -3731.9 -2032
2167 -3268.7 -1959.8
2168 -1609.3 273.4
2169 -3231.1 -1915.7
2170 -3206.1 -1884.9
2171 -3303.4 -1847.5
2172 -3465.9 -2145.7
2173 -3783 -1085.1
2174 -3808.5 -1095.6
2175 -3891.1 -1128.7
2176 -1516.7 535.6
2177 -1434.5 623.6
2178 -1482.8 646.3
2179 -1538.3 263.4
2180 2641.2 1727.7
2181 2788.7 1740.7
2182 2525.2 1706.3
2183 2701.4 1914.6
2184 3170.5 1583
2185 3151.4 1570.9
2186 3233.7 1516.4
2187 3082 1677.5
2188 3560.7 1497.2
2189 3459.8 1485.2
2190 -1763.3 129.7
2191 3651.7 1512.3
2192 3670 1359.7
2193 3753.3 1530.7
2194 3601.1 1591.7
2195 3913.5 1651.9
2196 3608.6 1676.7
2197 3579.4 1532.2
2198 3642.2 2052.9
2199 3720.7 1936.6
2200 3606.3 1769.8
2201 -1764.4 84.8
2202 1915.5 2836.5
2203 1856.7 2886.4
2204 1761.4 2940.1
2205 1905.6 2979.7
2206 1812.5 3000.1
2207 1491.9 3140.7
2208 1210.9 3115.6
2209 1174.9 3141.7
2210 1270.5 3132.6
2211 1123.1 3128.7
2212 -1696 -393.2
2213 -2259.4 -4104.8
2214 -3212.6 -2040.7
2215 -1584.4 2723.1
2216 -1608.1 2712.5
2217 -1664.4 2695.5
2218 -1583.1 2679.4
2219 -1689.8 2673.6
2220 -1693 2744.6
2221 -1642.5 2655.5
2222 -2402.4 -3339.8
2223 -3222.4 -1511
2224 -1453.6 -36.3
2225 -1667.7 -478.7
2226 -2428 -3344.4
2227 -2338.8 -3337.2
2228 -2452.3 -3350.7
2229 -2194.4 -3335
2230 -2300.3 -3337
2231 -2252.6 -3395.7
2232 -2035.4 -3324.6
2233 -2389 -3525.9
2234 -2324.6 -3536.7
2235 -2394.8 -3486.7
2236 -1776.6 -481.3
2237 -2430.3 -3537.4
2238 -2147.7 -3548.9
2239 -1992.6 -3546
2240 -1993.3 -3493.4
2241 -1984.5 -3603.2
2242 -2047.1 -3546.9
2243 -1995.5 -3333.7
2244 -1941.6 -3333.5
2245 -1994.6 -3390.4
2246 -1888.1 -3333.7
2247 -1651.3 -358.6
2248 -1994 -3441.4
2249 -2131.6 -3392.2
2250 -2403.1 -3446.8
2251 -2324.7 -3394.2
2252 -2055.2 -3634
2253 -3517.9 -3602.9
2254 -3442.3 -3593.5
2255 2077.4 2532.6
2256 1996.5 2549.2
2257 2088.4 2508.6
2258 -1571 -476.6
2259 1870.3 2452
2260 1909.5 2423.3
2261 1867.3 2486.8
2262 -3551.3 2785.2
2263 -3369.1 2844.9
2264 -3269.7 2855
2265 -1966.2 3762.5
2266 -2021.8 3661.6
2267 -3122.2 3221.5
2268 -3358.8 3231
2269 -1619.2 -337.4
2270 -3318.6 3288.3
2271 -3387.8 3266.2
2272 -3379.9 3294.7
2273 -3413.4 3260.3
2274 -3443.4 3268.6
2275 -3480.1 3227.3
2276 -3414.7 3225.6
2277 -3504.2 3199.4
2278 -3507.2 3260.3
2279 -3539.4 3161.6
2280 -1599.1 -324.2
2281 -3478 3175
2282 -3642.9 3394.2
2283 -3555.2 3412.3
2284 -3730.5 3375.8
2285 -3557.6 3234
2286 -3634.4 3117.6
2287 -3582.8 3134.5
2288 -3723 3091.5
2289 -3729.6 3045.2
2290 -3693 3033.3
2291 -1479.9 -425.1
2292 -3525.5 3078.4
2293 -3602.1 3055
2294 -3599.4 2906.5
2295 -3540.3 2918.5
2296 -3169.4 3115
2297 -3081.3 3135.8
2298 1087.1 -1589
2299 1234.5 -1716.6
2300 1152.7 -1754.6
2301 1360.6 -1526.5
2302 -1573.6 -305.9
2303 1498.7 -1439.3
2304 1567.1 -1416.3
2305 1515.5 -1534.4
2306 1635.6 -1416.1
2307 193.5 1753
2308 407 2649.1
2309 430.7 2614.3
2310 374.3 2832.8
2311 379.6 2749.6
2312 385.2 2728.2
2313 -1555.3 -287.9
2314 412.1 2755.6
2315 -2353 -1270.1
2316 263.3 1711
2317 177.5 1710.8
2318 81.7 1684.6
2319 -4330.1 2823.6
2320 -4279.5 2855.4
2321 -4392.6 2806.1
2322 -4271.5 2753.7
2323 -4044.1 2827.5
2324 -1538.5 -256.1
2325 -4076.6 2830.9
2326 -4041.3 2758.9
2327 -3894.1 2846.9
2328 -3947.4 2845.8
2329 -3875.2 2762.4
2330 -3183.9 2764.1
2331 519.9 1802
2332 487.4 1945.5
2333 872.3 1737.3
2334 609.6 1747.2
2335 -1042.4 -37.8
2336 -1124.4 31.8
2337 468.1 1701.7
2338 484.3 2003.3
2339 467.1 1848.5
2340 426.7 1888.6
2341 329.7 1881.7
2342 371.1 2133.3
2343 258.3 1909.4
2344 119.6 1781.6
2345 294.5 1792.3
2346 -3477.7 1928.7
2347 -1125.3 59.5
2348 -3582.2 1905
2349 -3932.1 2221.3
2350 -4138.1 2213.7
2351 -3945.2 2275
2352 -4065.5 2270.4
2353 -3974 2305.2
2354 -4006.5 2327.5
2355 -3924.7 2349.5
2356 -4064.5 2372.3
2357 -4071.5 2396.6
2358 -1109.6 -17
2359 -4095.8 2363.7
2360 -4077.6 2420.7
2361 -4038.6 2404.5
2362 -4093 2481.1
2363 -4104.3 2526.4
2364 -4179.4 2458
2365 -4071.4 2526
2366 -4118.6 2585.7
2367 -3932.5 2645.7
2368 -4167.7 2575.4
2369 -1455 329.3
2370 -3936.8 2695.1
2371 -3879.6 2658.3
2372 -4063.8 2711.6
2373 -3946.2 2770.8
2374 -4180.4 2752.2
2375 -4208.8 2754.2
2376 -4154 2748
2377 -4167.7 2697.1
2378 -4204.6 2790.4
2379 -4472.9 2783.3
2380 -1349.7 416.1
2381 -4456.8 2855.2
2382 -4488.8 2892.8
2383 -4421.9 2934.7
2384 -4239.5 2561.6
2385 -4170.2 2662.7
2386 -2964.4 1569.7
2387 -2851.8 1450.5
2388 -2826.8 1415.4
2389 -2966.7 1891.4
2390 -3000 1832.1
2391 -1524.6 414.2
2392 -2928.9 1932.7
2393 -2892.8 1995.4
2394 -2905.4 1967.6
2395 -2825.7 1924.3
2396 -2879.3 2079.6
2397 -2925.6 2069.2
2398 -3253.3 1835.6
2399 -3689.3 2626.3
2400 -3921 2573
2401 -3817.8 2596
2402 -1265.9 486
2403 -3993 2492.8
2404 -4225.2 2694.2
2405 -4278.6 2695.4
2406 -4293.3 2638.5
2407 -4227.6 2497.7
2408 -4311.6 2554.1
2409 -4297 2503.3
2410 -4273.3 2421.7
2411 -4431.8 2516.5
2412 -4199.9 2452.5
2413 -1419.1 500.4
2414 -4376 2530.6
2415 -4316.8 2937.9
2416 -4105.7 3065.4
2417 -4277.5 2882.3
2418 1696.5 -1195.8
2419 1762.4 -1149.5
2420 1817.1 -1371.6
2421 1552.1 -1159.7
2422 1884.4 -1325.9
2423 1832 -1122.2
2424 -1196.1 542.4
2425 1945.2 -1283.1
2426 1993.1 -1180.3
2427 2055.4 -1263.3
2428 2081.7 -1311.7
2429 1709.3 -1356.7
2430 5214.9 243.8
2431 4841.7 557.7
2432 4939.6 466
2433 4811.4 525
2434 4751.5 458.9
2435 -1168.2 562.5
2436 4786.4 906.5
2437 4812.8 932.4
2438 4832 951.2
2439 4896.7 1018.8
2440 4955.7 982.1
2441 4868.4 1046.7
2442 4873.2 991.6
2443 4974.1 955.7
2444 4943 922.8
2445 4752.9 939.7
2446 -1221.2 -250.2
2447 -1071.1 503.9
2448 4793.5 1017
2449 4604.8 1018.9
2450 4646.4 1064.9
2451 4560.5 1060.3
2452 4722.8 1139.5
2453 4576.2 1137.4
2454 4694 1115.9
2455 4564.5 1170.8
2456 4667.8 1179.5
2457 4662.2 1154.5
2458 -1010.8 459
2459 4582.4 926.3
2460 4506.3 896.1
2461 4597.2 887.5
2462 4617.4 837.3
2463 4445.3 692.2
2464 4469 674.8
2465 4397.6 1091.6
2466 4552 710.5
2467 4537.9 743.2
2468 4519.3 637
2469 -1180.9 410.9
2470 4498.6 686.6
2471 4713.5 610.5
2472 4754.7 653.5
2473 4785.3 685.5
2474 4245.8 898.4
2475 4113.8 972.2
2476 4269.7 832.7
2477 4154 865.5
2478 4139.4 900.9
2479 4075.8 961.2
2480 -1006.8 526.1
2481 3935.9 948.4
2482 3880 935.9
2483 4018.8 826.8
2484 3819.5 948.2
2485 3775 1372.9
2486 3839.2 1546.4
2487 3874 1328.9
2488 3934.3 1565.3
2489 3988.6 1341.8
2490 4100.3 1492.9
2491 -804.9 517.9
2492 4068.5 1355.1
2493 4040.2 1128.1
2494 4077.6 1318.1
2495 3885.5 1255.6
2496 3897 1184.4
2497 3781.5 1324.9
2498 3679.6 1279.5
2499 3527.7 1198.3
2500 3594.4 1191.2
2501 3539.7 1105.7
2502 -922.3 492
2503 3538.4 1450.8
2504 3854 1739.4
2505 3794.4 1827.3
2506 2868.3 924.9
2507 2947.8 712.4
2508 3013.5 650.9
2509 3059.5 594.8
2510 3092 684.8
2511 3198 586.4
2512 3233 593
2513 -956.6 600.7
2514 3126.6 576.2
2515 3540.9 494.7
2516 3228.5 616.6
2517 3489.6 632.4
2518 3500.5 611.5
2519 3522.3 615.5
2520 3554.3 385.6
2521 3373.9 375.4
2522 3443.1 774.3
2523 3477.5 651.7
2524 -973.2 623.1
2525 3548.5 345.5
2526 3532.4 288.3
2527 3525.1 201.7
2528 3529.8 162.4
2529 3703.7 213.6
2530 3546.1 613.4
2531 3632.7 597.1
2532 3743.1 787.4
2533 3707.4 583.7
2534 3962 492.5
2535 -736 900.7
2536 3886.8 527.7
2537 3908.2 518.2
2538 4005.4 465
2539 4035.5 439.7
2540 3864.8 300.5
2541 4067.2 397.4
2542 4054.4 519.2
2543 4116.7 424.4
2544 4126.9 252.5
2545 4188.9 90.1
2546 -638.8 1180.5
2547 4230.5 15.2
2548 4149.2 194.1
2549 4520.8 205.2
2550 3515.1 774.4
2551 3975.9 705.4
2552 4033.3 626.5
2553 3736.7 342.6
2554 3787.8 272.8
2555 4190.9 267.4
2556 4024.8 150.5
2557 -963.7 98.9
2558 -735.3 1109.8
2559 4082.4 164.9
2560 4576.7 254.1
2561 4612.5 305.6
2562 4224.5 334
2563 4686.1 238
2564 4745.9 -0.6
2565 5055.4 -315
2566 5307.7 -498
2567 5214.7 -519.8
2568 5292.1 -387.5
2569 -746.3 1150.6
2570 5062.4 -555
2571 5186.4 -421
2572 5043.7 -460
2573 5008.4 -567.3
2574 5026.8 -645.6
2575 4869 -454.4
2576 5222.8 -393.5
2577 5164 -434.6
2578 5084.5 -451.9
2579 5076.3 -413.9
2580 -843.6 1181.2
2581 5036.1 -421.5
2582 5224 -285.4
2583 5064 -355.8
2584 4955.4 -437.4
2585 4970.2 -512.6
2586 5244.9 -637.7
2587 5031.7 -799.6
2588 4940 -867.4
2589 5274 -792.7
2590 5018.4 -898.8
2591 -939.9 1243.1
2592 4895.6 -905.7
2593 4985.7 -947.4
2594 4967.9 -998.6
2595 4927.5 -942.1
2596 4939.9 -1026.8
2597 4934.2 -992.5
2598 5129.2 -939.8
2599 5162.3 -942.4
2600 5234.4 -854.4
2601 5192.8 -863.1
2602 -902.8 1319.6
2603 5168.4 -984.7
2604 5016.1 -1291.5
2605 5004.4 -1213.4
2606 5061.2 -1535.6
2607 5017.9 -1647.1
2608 5082.4 -1494
2609 5029.2 -1518.9
2610 5005.9 -1563.4
2611 5042.6 -1493.3
2612 5299.6 -4004
2613 -898.3 1207.9
2614 5111.9 -3897
2615 5000.3 -3789.5
2616 5312.9 -3769.9
2617 5043.6 -3732.4
2618 5242.5 -3658.3
2619 5180.8 -3608.4
2620 5134.1 -3614.9
2621 5125.4 -3528.3
2622 5060.7 -3523.4
2623 4998.1 -3518.4
2624 -1002.7 1304.6
2625 5085.9 -3676.2
2626 5167.9 -3700.4
2627 4838.9 -3535.7
2628 4849 -3460.1
2629 4914.7 -3594.8
2630 4806.6 -3601.7
2631 4895.7 -3641.4
2632 4916.7 -3544.5
2633 4879.8 -3452.8
2634 4947.2 -3434.1
2635 -1033.6 1344.4
2636 4936.5 -3493.5
2637 4884.1 -3708.5
2638 4830.2 -3611.1
2639 4822 -3666.3
2640 4668.2 -294.9
2641 4550.3 107
2642 4199.8 -79.9
2643 4577.9 27.2
2644 4014 -132
2645 4072.8 -115.5
2646 -1119.8 1204
2647 4131.1 -99
2648 4284.8 -249.2
2649 4301.4 -314
2650 4550.7 -491.7
2651 4601.8 -481.2
2652 4678.2 -589.8
2653 4596.7 -773.6
2654 4747.9 -790.9
2655 4460.7 -819.9
2656 4402 -877.8
2657 -1252.6 1387.3
2658 4344.5 -909.8
2659 4209.4 -926.8
2660 4177.8 -946.1
2661 4760.7 -1174.5
2662 4899.3 -1144.1
2663 4666.1 -1270.7
2664 4760.9 -1275.2
2665 4693.1 -1273.9
2666 4848.2 -1273.4
2667 4786.3 -1274.7
2668 -849.5 -123.9
2669 -1225.2 1383.4
2670 4546.7 -1274.1
2671 4545.6 -1244
2672 4437.6 -1280.2
2673 4543.8 -1362.4
2674 4361.7 -1288.3
2675 4320.6 -1178.8
2676 4418.1 -1268.7
2677 4302 -1311
2678 4418.8 -1187.9
2679 4320 -1443.4
2680 -1278.3 1391.4
2681 3115.3 -190.8
2682 3178 -296.3
2683 3171 -206.7
2684 3138.2 -107.3
2685 3212.3 -83.4
2686 3109.2 0.1
2687 2976.3 308.6
2688 3204.3 34
2689 3181.6 307.9
2690 3171.2 -227.7
2691 -1573.4 1435.8
2692 3257.8 -187.9
2693 3368 -42.2
2694 3427.8 -11
2695 3275.2 -57
2696 3378.3 97.6
2697 3352.2 88.3
2698 3224.9 41.4
2699 3195.1 118
2700 3186.6 244.9
2701 3317.1 160.4
2702 -1710.8 1784.3
2703 3247 304.6
2704 3111.6 419.5
2705 2908.9 287.1
2706 2792.5 238.8
2707 2870.9 338.5
2708 2767.9 564.1
2709 2852.4 420.9
2710 2964.1 463.2
2711 2812.4 558.1
2712 2931.5 470.8
2713 -1526.7 1313.8
2714 2856.7 558.2
2715 2953.5 523.3
2716 2873.6 678
2717 2848.1 701.3
2718 2653.5 851.1
2719 2646.9 791.6
2720 2539.8 862.5
2721 2495.7 885.7
2722 3338.1 1108.8
2723 3287.7 1118.4
2724 -1658.8 1415
2725 2831.5 1170.7
2726 3275.7 1182.8
2727 2890 1258.9
2728 2762.9 1168.4
2729 3000.4 1349.5
2730 3095.2 1381
2731 3119.9 1300.7
2732 3219.4 1497
2733 3361.2 1483.7
2734 3175.4 1253.5
2735 -1498.3 1426.2
2736 3251.8 1316.9
2737 3329.2 1405.5
2738 3094.1 1536.5
2739 3007.9 1627.8
2740 2984.9 1471.3
2741 2947.3 1587.7
2742 2833.3 1388.4
2743 2752.6 1351.5
2744 2684.9 1425.3
2745 2736.7 1167.8
2746 -2050.5 1306.3
2747 2760.8 1308.5
2748 2844.6 1517.9
2749 2925.2 1759.8
2750 2827.3 1579.8
2751 2607.9 1567
2752 2760.8 1642.1
2753 2476.1 1809.7
2754 2382 1712.1
2755 2550.5 1844.2
2756 2446 1900.5
2757 -2204.2 1264.1
2758 2602.2 2028.8
2759 2196.8 1773.5
2760 2419.8 1980.6
2761 2855.9 1987.3
2762 2779.3 1951.3
2763 2767.8 2134.5
2764 2541.4 2070.2
2765 2363.4 2111.4
2766 2300.7 2222.9
2767 2352.1 2134.4
2768 -2106.6 1397
2769 2185 2378
2770 1994.6 2318.9
2771 2221.8 2331.1
2772 2457.2 2128
2773 2559.3 2132.5
2774 2502.7 2040
2775 2954.9 2383.4
2776 2052.5 3149.9
2777 2012.1 3051.7
2778 2172.9 3013.9
2779 -876.1 -104.1
2780 -2541.5 1163.2
2781 2623.5 2495
2782 2611.8 2450.3
2783 2672.9 2483
2784 2589.5 2391.7
2785 2604.5 2319.4
2786 2495.8 2376.5
2787 2625.7 2276
2788 2492.2 2287.6
2789 2640.1 2347.5
2790 2789.7 2382
2791 -2491.6 1177.5
2792 2682 2396.3
2793 2444.2 2345.4
2794 2417.1 2329.6
2795 2331.7 2287.2
2796 2276.4 2256.5
2797 2345.9 2393
2798 2349.6 2417.5
2799 2354.5 2460.7
2800 2352.3 2489.1
2801 2259.7 2449.1
2802 -2576.6 1079.2
2803 2410.1 1255.9
2804 2567.3 1196.1
2805 2119.6 1216.5
2806 2589.9 1489.3
2807 2523.3 1489.7
2808 1987.7 1737.9
2809 2188.1 1748.6
2810 2171.8 1852.3
2811 2173.7 1921
2812 2171.6 1878.7
2813 -2812.1 1089.6
2814 2128.3 1931.8
2815 2277.6 2069
2816 2253.9 2045.1
2817 2235.2 2030
2818 2201.7 1998.2
2819 2289.5 1962.8
2820 2278.6 1984.2
2821 2269.8 2201.2
2822 2231.2 2158.2
2823 2137.3 2114.8
2824 -3004.7 1067.3
2825 1874.7 2087.7
2826 1841.4 2164.4
2827 1915.2 2104.6
2828 2039.1 2155.6
2829 2110.4 2172.4
2830 1818.2 2216
2831 1927.1 2200.5
2832 2009.7 2235.4
2833 1983.4 2224.3
2834 1955.2 2212.4
2835 -3012.3 1036.7
2836 2154.2 2211.3
2837 2105.4 2295.4
2838 2160.9 2312.6
2839 1920.3 2291.5
2840 2049.9 2278
2841 1889.3 2346.5
2842 1787.8 2262.3
2843 1861.1 2519
2844 1945.7 2538
2845 2054 2527.5
2846 -593.9 -35
2847 1895.2 2492.9
2848 1921.9 2498.7
2849 1937.3 2430.4
2850 1950.9 2505
2851 1964.2 2436.7
2852 1973.8 2510
2853 2002.5 2516.3
2854 2027.5 2521.7
2855 1989.3 2442.3
2856 2016.7 2448.6
2857 -668.1 4.4
2858 2050.2 1054.7
2859 2027.2 1179.9
2860 2012.7 1278.1
2861 1944.5 1309.1
2862 1954.1 1066.9
2863 1743.7 1119.6
2864 1731.6 1060
2865 1891.8 1081.6
2866 1643.1 1143.5
2867 1630.9 1103.6
2868 -611 90.2
2869 1880.2 1008.7
2870 1889.3 1045.3
2871 1918.9 1041.9
2872 1921.7 1074.9
2873 1643.6 869.4
2874 1577 880.3
2875 1423.2 922.8
2876 2107 -1680.6
2877 2097.8 -1489.6
2878 2043.1 -1672.5
2879 -538.2 47.7
2880 2305.5 -1585
2881 1501.8 -1123.8
2882 1730.8 -1450.1
2883 1764 -1496.4
2884 2374.6 -1652.1
2885 2376.4 -1590.6
2886 2106.9 -1891.1
2887 2018 -1670.3
2888 2000.9 -1463.4
2889 1930.4 -1640.5
2890 -842.8 -101.4
2891 -692.5 159
2892 1902.6 -1461.4
2893 2209.8 -1449
2894 2238.9 -1485.2
2895 2335.2 -1421.7
2896 2038.8 -1692.5
2897 1421.9 1196.9
2898 1509 1334.1
2899 1555 1325.4
2900 1600.7 1317.2
2901 1473.3 1674.7
2902 -3167.9 566.6
2903 1603.8 1674.5
2904 1745.1 1780.4
2905 1638.2 1612.7
2906 1712.4 1576.6
2907 1777.9 1530.9
2908 1838.3 1496.8
2909 1293.6 1709.8
2910 1520 1972.4
2911 1577.7 1987.3
2912 1819.2 1816.4
2913 -3194.6 618.2
2914 1587.8 2554.1
2915 1651.5 2799.5
2916 1542.9 2743.3
2917 1784.3 3144.1
2918 1822.6 3019.4
2919 1994.5 3012
2920 2262.5 2963.2
2921 2406.8 2764.8
2922 1080.7 3418
2923 1023.6 3435.6
2924 -3099 615.6
2925 963 3455
2926 907 3415
2927 1008.6 3283.7
2928 1113.2 3246.8
2929 1363.1 3126.4
2930 1311.1 3048.2
2931 1391.4 3090
2932 1212.3 3053
2933 1144.4 2955.2
2934 1282.6 3097.2
2935 -1577.1 371.2
2936 1080.5 2953.1
2937 1210.2 2805.4
2938 1325.8 2913.5
2939 -102.9 -202.6
2940 988.7 2946.4
2941 856.5 3001.4
2942 829.2 2600.5
2943 770.6 2676.4
2944 666.2 2652.3
2945 635.7 2689.4
2946 -1469.1 459.5
2947 568.9 2669.3
2948 456.5 2584.9
2949 461 2874.3
2950 703.7 2879.6
2951 303.9 2718.6
2952 296.4 2693.5
2953 241.1 2695.9
2954 233.8 2625
2955 230.3 2589.6
2956 196.7 2620.8
2957 -1299.6 354.5
2958 309.5 2514.5
2959 127 2840.2
2960 93.8 2910.9
2961 40.3 2808.5
2962 152.6 2782
2963 56.8 2692
2964 158.4 2852.8
2965 233.4 2881.5
2966 461 3384.1
2967 419.1 3360.4
2968 -1265.9 340.7
2969 432.1 3596.7
2970 472.5 3596.4
2971 292.9 3542.8
2972 547.8 3619.7
2973 533 3596.4
2974 476.6 3550.1
2975 583.9 3430.3
2976 791.9 3380.5
2977 848.6 3428.8
2978 711.5 3667.3
2979 -1227.7 266.1
2980 749.8 3675.4
2981 725.7 3586.3
2982 -2745.4 2113
2983 -2729.5 2062.8
2984 -2669.7 2057.3
2985 -2695.6 1926.3
2986 -2568.2 1965.2
2987 -2640.7 2386.6
2988 -2216 2152
2989 -2150.3 2165.2
2990 -1188.4 218.4
2991 -2244.4 2288.2
2992 -2322.6 2271.6
2993 -2165.7 2304.6
2994 -1932.3 2265.9
2995 -1950.3 2316.2
2996 -1791.8 2365.2
2997 -1678.9 961.3
2998 -1970.8 740.3
2999 -2352.9 638.4
3000 -2500.7 600.8
3001 -762.2 -235.9
3002 -1260.7 306.7
3003 -2598.7 864.7
3004 -2624.8 846.7
3005 -2644.6 775.7
3006 -2546.7 885.9
3007 -2273.8 821.4
3008 -2540.9 699.1
3009 -2233.4 775.2
3010 -3372.7 1003
3011 -3415.4 973.8
3012 -3262.9 753.6
3013 -1068.5 -128.4
3014 -3454.9 822.4
3015 -3424 761.6
3016 -3446.1 920.3
3017 -3341.3 717.5
3018 -3309.3 732.3
3019 -3265.6 552.3
3020 -1921.5 1006.5
3021 -1982.7 1000.4
3022 -2007.8 998.5
3023 -2049.5 997.4
3024 -1059 -171
3025 -2213 984.5
3026 -2127.2 991.3
3027 -3705.3 -104.3
3028 -3810.2 -94.5
3029 -3821.8 -159.7
3030 -3356 -680.1
3031 -3328.4 -743
3032 -3492.2 -741
3033 -3424.3 -710.8
3034 -3743.1 -598.1
3035 -1007.3 -268.4
3036 -3767.6 -1254.9
3037 -3848.1 -1310.5
3038 -3770.4 -1198.6
3039 -3698.4 -1148
3040 -3885.2 -1154.1
3041 -3972.9 -1732
3042 -3824.4 -1542.7
3043 -4046.6 -1771.2
3044 -3711.5 -1538.1
3045 -4308.9 -1659.9
3046 -1085.6 -76.3
3047 -4259.5 -1715.2
3048 -4312.5 -1821.6
3049 -4178.7 -1803.6
3050 -4317.5 -1897.2
3051 -4112.8 -1793.1
3052 -4247.6 -1890.6
3053 -4527.6 -1741.7
3054 -4628.3 -1583.6
3055 -4688.8 -1619.4
3056 -4552.3 -1642.5
3057 -982.3 -325
3058 -4651.4 -2218.5
3059 -4619.5 -2176.3
3060 -4584.7 -2236.4
3061 -4542.7 -2269.4
3062 -4420.8 -2376.7
3063 -4323.5 -2407.4
3064 -4404.1 -2570.1
3065 -4347.3 -2583.7
3066 -4277.3 -3343.6
3067 -4324.2 -3429.4
3068 -933.4 -286
3069 -4455 -4065.4
3070 -4438.1 -4251.8
3071 -4643.1 -4180
3072 -1893.5 -4231
3073 -2302.4 -4047.3
3074 -2197.5 -4211.8
3075 -2563.9 -3759.3
3076 -2525.1 -3855.1
3077 -2430.9 -3748.5
3078 -2215.6 -3847.3
3079 -961.2 -375.8
3080 -2430.7 -3818.2
3081 -2151.2 -3835
3082 -2221.4 -3808.5
3083 -2046.5 -3740.5
3084 -1891.5 -3873.1
3085 -2201 -3795.8
3086 -2140.3 -3798
3087 -1975.7 -3856.8
3088 -1893.2 -3916.7
3089 -1892.4 -3939.3
3090 -814.1 -277.7
3091 -1788.8 -3889.4
3092 -1879.5 -3988.9
3093 -1886.3 -4054.1
3094 -1821.6 -3976.3
3095 -1872.3 -4127.9
3096 -2138.9 -3772
3097 -2127 -4182.5
3098 -2088.6 -4259.8
3099 -2013 -4232.5
3100 1422.7 -3751
3101 -1031.4 -402.4
3102 1545.7 -3821.6
3103 1758.3 -3774.8
3104 1697.2 -3663.3
3105 1632.3 -3710.1
3106 1658.9 -3610.4
3107 1840.7 -3550.8
3108 1925.4 -3497.5
3109 2012.1 -3614
3110 1727.4 -3319.7
3111 1775.7 -3024.9
3112 -795.3 -231.3
3113 -1093.8 -428.8
3114 1973.3 -2769.6
3115 1884.9 -2883
3116 1848.6 -2663.1
3117 1815.5 -2975.2
3118 2043.8 -3106.1
3119 1954.7 -2933.3
3120 1978.3 -2902.4
3121 1981.6 -2844.1
3122 2030.4 -2939.4
3123 1883.3 -3014.1
3124 -1123.9 -349.9
3125 1890.7 -2984.3
3126 1941.6 -3042.5
3127 2136.8 -3093.6
3128 2207.2 -3178.5
3129 2098.6 -3036.9
3130 2077.7 -3062.9
3131 2121.4 -3186.5
3132 2121.2 -3252.1
3133 2063.4 -3181.9
3134 2161.6 -3256.5
3135 -1215.9 -482.8
3136 2084.6 -3258.9
3137 2076.1 -3018.6
3138 1963.3 -3183.1
3139 1872.7 -3183.8
3140 2078.2 -3313.8
3141 2072.9 -3371.7
3142 2165.5 -3314.4
3143 2222 -3242.7
3144 2274.8 -3228.8
3145 2294.2 -3286.3
3146 -1344.6 -562.3
3147 2349.3 -3193.2
3148 2372.6 -3257.3
3149 2314.3 -3341.2
3150 2481.5 -3230.5
3151 2169.7 -3372
3152 2127.2 -3447.3
3153 2211.5 -3760.6
3154 2264.3 -3902.3
3155 2362.6 -3953
3156 2396.3 -3940.8
3157 -1223.2 -710.4
3158 2351.1 -4001.7
3159 2274.1 -4105.7
3160 2286.9 -4127.9
3161 2434.4 -3895.9
3162 2512.9 -3921.9
3163 2448 -3831.3
3164 2607.8 -3884
3165 2587.2 -3955
3166 1919 -3859.1
3167 1966.1 -3920.1
3168 -1498.8 -674.9
3169 2037.9 -3938.1
3170 1955.7 -3979.2
3171 2034.6 -3968.5
3172 2112.8 -3942.5
3173 2129 -3965.3
3174 1871.6 -4152.6
3175 2316 -4185.5
3176 2214.1 -4144.2
3177 1936.7 -4151.6
3178 1897.8 -4152.9
3179 580.5 -777.3
3180 1950.7 -4195
3181 2211.6 -4202.2
3182 2265.4 -4245.1
3183 2154.9 -4194.4
3184 2024.3 -4192.5
3185 2166.9 -4268.7
3186 2763.7 -3693.9
3187 2695.4 -3965.5
3188 2736.6 -3685
3189 2652.8 -3638.9
3190 695.6 -814.3
3191 2681.4 -3592
3192 2604.9 -3722.3
3193 2699.4 -3664.7
3194 2653.1 -3747.2
3195 2650.9 -3991.1
3196 2677.3 -3997
3197 2635.3 -4047.4
3198 3465.1 -4203.9
3199 1842.3 -3183.8
3200 1825.6 -2693.4
3201 717.6 -864.5
3202 1780.5 -2604.4
3203 1922 -2772.8
3204 1740.9 -2783.2
3205 1637 -2636.8
3206 1626.2 -2771.9
3207 1686.1 -2640.8
3208 1713.3 -2685.7
3209 1691.1 -2610.8
3210 1675.4 -2684.7
3211 2709.8 -2807.5
3212 801.2 -855.4
3213 2741 -2755.1
3214 2683.9 -2852.3
3215 2445.8 -3192.4
3216 2300.9 -3065.7
3217 2470.2 -3010.3
3218 2683 -2711.1
3219 2444.6 -3015.3
3220 2425.6 -2891.2
3221 2338.9 -3020
3222 2423.4 -3019.6
3223 -791.7 -257.6
3224 736.2 -911.3
3225 2342.5 -2974.7
3226 2657.7 -2682.5
3227 2613.4 -2632.9
3228 2666.3 -2586
3229 2290.6 -2141.4
3230 2565.4 -2676.7
3231 2549.5 -2661.7
3232 2529.6 -2726.3
3233 2440.7 -2794.3
3234 2587.3 -2780.8
3235 835.9 -986.7
3236 2392.7 -2825.4
3237 2499 -2817.7
3238 2369.1 -2839.3
3239 2328.5 -2919.9
3240 2317.2 -2754.2
3241 2632.5 -2815.4
3242 2502.9 -2781.9
3243 2516.7 -2847.8
3244 2633.4 -2549.1
3245 2264.9 -2785.4
3246 867.1 -846.6
3247 2359.3 -2726.3
3248 2191.1 -2903.9
3249 2215.2 -2917
3250 2259.2 -2915.1
3251 2015.8 -2778.9
3252 2050.3 -2731.5
3253 2091.2 -2826
3254 2122.1 -2646.9
3255 2120.6 -2777.7
3256 2137.4 -2669.8
3257 892.2 -961.5
3258 2281.1 -2583.7
3259 2349.7 -2551.5
3260 2295.5 -2644.5
3261 2401.5 -2514.1
3262 2430.6 -2485.1
3263 2486.2 -2520.6
3264 2250.1 -2678.4
3265 2541.6 -2553.1
3266 2223.7 -2698.8
3267 2205.6 -2677
3268 913.8 -950.2
3269 3347 -4160.5
3270 2940.6 -3826.3
3271 2857.2 -3922.4
3272 2991.3 -3857.8
3273 2840.3 -3993.1
3274 2961.4 -3906.2
3275 2896.6 -4052.7
3276 2933 -3969.2
3277 3018.1 -4079.6
3278 2995.3 -4018.7
3279 965.6 -1046.7
3280 3072.7 -4055.7
3281 3080.9 -4153.9
3282 3148.4 -4001.7
3283 3141.9 -4043.8
3284 3098.8 -3936.7
3285 3056 -3919.6
3286 3019.6 -3975.3
3287 1671.1 -2764.3
3288 1613.8 -2652.9
3289 1622.3 -2435.2
3290 904.7 -930.6
3291 1639.2 -2310.2
3292 1476.2 -2405.9
3293 1428.4 -2324.5
3294 1378.3 -2234.3
3295 1263.7 -2030.5
3296 1479.4 -2176.7
3297 1213.5 -1940.8
3298 1363.6 -1973.9
3299 1311.8 -1883.8
3300 1462 -1917.3
3301 824.2 -756
3302 1400 -1808.9
3303 1554.4 -1865.4
3304 1157.6 -2027.6
3305 1580.5 -1767.3
3306 1359.9 -1737.2
3307 1774 -1858.1
3308 1433.6 -1655.1
3309 1527.3 -1643.8
3310 942.4 -1985.8
3311 923.4 -1952.5
3312 1016.8 -814.3
3313 1111.6 -2406.6
3314 1008.7 -2226.6
3315 926.4 -2179.1
3316 948.3 -2161.7
3317 1015.3 -2110.4
3318 1033.1 -2098.5
3319 -4595.9 1721.9
3320 -4680.1 2026.1
3321 -4605.3 2043.5
3322 -4339.8 1853.3
3323 1113.5 -778.8
3324 -4324.3 1770.1
3325 -4223.4 1744.1
3326 -4369.5 1584
3327 -4260.9 1579.3
3328 -4482 1604.1
3329 -4676.5 1565.4
3330 -4677.2 1221
3331 -4612.6 1110.7
3332 -4664.8 1140
3333 -3617.4 -2023.7
3334 -3287.8 -1490.5
3335 -727 -211.6
3336 960.2 -693.2
3337 -3677.5 -2097.5
3338 -3580.9 -2008.9
3339 -3441.1 -1704.6
3340 -3335.2 -1751.6
3341 -3135.7 -1620.9
3342 -3200.5 -1539.1
3343 -3241.2 -1779.3
3344 -3213.3 -1638.6
3345 -3155 -1917
3346 -3166.4 -1827.8
3347 1086.3 -735.6
3348 -3109.4 -1746.5
3349 -3062.6 -1681.1
3350 -3158.8 -1711.8
3351 -2990.6 -1587
3352 -2917.2 -1493.8
3353 -2943.6 -1483.9
3354 -3154.4 -1943.8
3355 -3162.9 -2066
3356 -3125.2 -1935.9
3357 -2992.3 -1882.7
3358 1148.1 -838.2
3359 -3141.6 -2075.5
3360 -3073.8 -1819.4
3361 -2300.3 -1228.3
3362 -2326 -1248.8
3363 -2271.2 -1205.6
3364 -2279.8 -1362
3365 -2304.2 -1387.3
3366 -2419.7 -1505.2
3367 -2450.9 -1474.8
3368 -2438 -1713.3
3369 1175.7 -869.5
3370 -2400.8 -1673
3371 -2397 -1750.5
3372 -2364 -1633.5
3373 -2327.6 -1592.7
3374 -2392.5 -1981.2
3375 -2409.5 -1999.7
3376 -2431.5 -2024.3
3377 -2363.3 -2038.8
3378 -2175.9 -2133.2
3379 -2243.9 -2265.4
3380 1228.7 -911.1
3381 -2180.9 -2186
3382 -2269.4 -2313.9
3383 -2257 -2375.3
3384 -2261.7 -2255.4
3385 -2253.8 -2230.9
3386 -2282.5 -2280.4
3387 -2119 -3158.5
3388 -2117.7 -3198.5
3389 -2111.5 -3281.4
3390 -2035.2 -3282.7
3391 1200 -830.3
3392 -2117.2 -3235.5
3393 -1944.2 -3282.9
3394 -1953.8 -3195.4
3395 -1864.8 -3286.1
3396 -1868.7 -3155.2
3397 -1868.2 -3195.4
3398 -2051.4 -3192
3399 -2023 -3191.8
3400 -2327.8 -2471.5
3401 -2302.1 -2438.2
3402 1321 -997.4
3403 -2366.2 -2493.7
3404 -2252.6 -2431.8
3405 3596.4 -235.7
3406 1234.6 2675.9
3407 1306 2560.5
3408 1338.1 2626.8
3409 1298.3 2645.3
3410 1144.9 2592.7
3411 1157.6 2577
3412 990.3 2667.5
3413 1548 -1309.1
3414 1100.8 2645.2
3415 1068.2 2681
3416 1197 2341
3417 1260.4 2474.2
3418 923.9 2333.4
3419 941.8 2346.6
3420 953.6 2291.9
3421 971.1 2364.5
3422 957.5 2408
3423 995.1 2341.5
3424 1187.5 -1435.9
3425 944.7 2432.4
3426 983.4 2413.3
3427 1022.4 2429.7
3428 1011.3 2312
3429 1066.9 2410.1
3430 1217 2438.4
3431 1120.4 2317.6
3432 1025.4 2457
3433 1175.5 2288.1
3434 1091.7 2268.6
3435 1623.8 -1250.1
3436 982.2 2479.2
3437 1074.2 2344.4
3438 895 2251.8
3439 989.6 2241.7
3440 1016.8 2203.8
3441 876.6 2107.1
3442 1066.5 2134.4
3443 1097.1 2110.2
3444 1023.3 2103.5
3445 1066.8 2077
3446 -755.2 -98.3
3447 1507 -1254.3
3448 937.8 2012.6
3449 928.4 1932.8
3450 865.9 1842.8
3451 755.3 2011.2
3452 555.3 2014.7
3453 701.4 1976.9
3454 657.6 2043.8
3455 596.1 1968.8
3456 600.8 2209.1
3457 554.9 2201.2
3458 1581.2 -1350.5
3459 -454.7 2332.6
3460 -639.4 2292.8
3461 -582.7 2325.6
3462 -575 2401.1
3463 -656.5 2322.3
3464 49.4 2106.8
3465 111.4 2202.2
3466 -84 1965.4
3467 82.5 2217.4
3468 129.3 2229.6
3469 1797 -1642.6
3470 -183.1 2012.3
3471 -68 2201.2
3472 -3.3 2226
3473 94 2255.6
3474 -2184.3 -196.8
3475 -2182 -225.9
3476 -2115.9 -244.9
3477 168.8 790.7
3478 -589.6 1031.1
3479 -55.1 1691.1
3480 1808.8 -1476.8
3481 17.9 1803.8
3482 601.4 1241
3483 -1173 3665.9
3484 4488.8 -1362.4
3485 -4253.8 2874.7
3486 -4132 2840.2
3487 -4258.8 2855.1
3488 -4082.5 2990.3
3489 -4072.7 2957.1
3490 4493.4 -1168.9
3491 1884.5 -1765.9
3492 4542.1 -1189.8
3493 -4030.5 3054.7
3494 -4008 2970.4
3495 -3966.6 3072.3
3496 4249.7 -1338
3497 4170.1 -1209.1
3498 4315.4 -1347.4
3499 4543.8 -1213.4
3500 4500.6 -1612.7
3501 4551.8 -1464.1
3502 1720.6 -1525.7
3503 4410.6 -1496.9
3504 4587.3 -1648.7
3505 4383.9 -1607.8
3506 4576.5 -1691.5
3507 4607.8 -1472.2
3508 4373.5 -1552.8
3509 4543.3 -1545.5
3510 4611 -1571.4
3511 4615.5 -1505.5
3512 4580.1 -1775
3513 1914.3 -1815.6
3514 4578.2 -1736.3
3515 4579.7 -1806.9
3516 4553.8 -1844.9
3517 4492.4 -1836
3518 4554.5 -1928.3
3519 4511.3 -1938.8
3520 4467.1 -1941.5
3521 4513.1 -1981.6
3522 4565 -1967.8
3523 4419.9 -1797.5
3524 1992.5 -1783.6
3525 4331.1 -1999.4
3526 4400.8 -1954
3527 4279.6 -1936.8
3528 4284 -2252.2
3529 4274.9 -2048.9
3530 3956 -1618.1
3531 3969 -1634.1
3532 3806.2 -1612.9
3533 4182.7 -1857.3
3534 4213.1 -1816.1
3535 1967.3 -1912.6
3536 4141.5 -1804.5
3537 4237 -1895.8
3538 4313.7 -1697.4
3539 4272.4 -1730.2
3540 4301.2 -1637.2
3541 4088.8 -1752
3542 4138 -1701.6
3543 4041.9 -1802.4
3544 4255.7 -1649.3
3545 4236.9 -1582.1
3546 1996.1 -1955.1
3547 4122.4 -1605.1
3548 4163.9 -1601.4
3549 4152.5 -1687.2
3550 3655.2 -1568.7
3551 3550.8 -1679.9
3552 3791.2 -1696.7
3553 3914.2 -1720.3
3554 3802.6 -1634.9
3555 3776 -1731.6
3556 3512.2 -1816.2
3557 -635.3 -329.4
3558 2017.6 -1975.7
3559 3451.6 -1831.5
3560 3481.7 -1698
3561 3609.4 -1791.7
3562 4241.2 -2220.4
3563 4343.4 -2359.9
3564 3742.1 -1754.6
3565 3654.1 -1779.5
3566 3801.9 -1875.7
3567 3976.3 -2110.3
3568 3891.1 -2028.1
3569 2025.7 -1951.7
3570 4088.1 -2218.9
3571 3995.9 -2015.8
3572 3972 -2182.5
3573 4101.3 -2070.4
3574 4151.7 -2099.9
3575 4151.2 -1985.4
3576 4168.6 -1995.8
3577 4112.5 -1958.6
3578 3944.8 -1998.6
3579 593.8 -37.7
3580 2041.4 -2009.8
3581 -255.8 -314.7
3582 3100.9 -1950.2
3583 3190.5 -1917
3584 3060.7 -1845.9
3585 787.9 17.1
3586 839.5 240.2
3587 -1344.8 1358.1
3588 -1323.8 1187.5
3589 -1354.8 1179.9
3590 -1185.5 1260.7
3591 2110 -2049.2
3592 -1249.8 1226.1
3593 -1601.9 495.7
3594 -1637.7 500.9
3595 -1672.7 490.8
3596 -1746.1 546.5
3597 -569.3 -1617.2
3598 -747 -1508.5
3599 2360.1 -1572.1
3600 2396.3 -1557.6
3601 2414.2 -1515.7
3602 2028.1 -2037.4
3603 2423.3 -1571.5
3604 2434.6 -1464.1
3605 2357.7 -1501.9
3606 2411 -1441
3607 2313.5 -1522.1
3608 -1645.2 529.8
3609 -1701.5 601.6
3610 -3126.4 -1052.7
3611 -1906 370.4
3612 -1544.4 625.2
3613 1977.6 -2036.6
3614 108.5 774.7
3615 -1376.2 1177.9
3616 1690.9 1531.9
3617 1258 1710.9
3618 -3520.5 -2081.1
3619 -3623.4 -2286.6
3620 -3466.1 -2033.2
3621 -2880.1 -1916.1
3622 -2857.7 -1882.8
3623 -2204.6 -1153.3
3624 1942.7 -2019.8
3625 245.1 -93.6
3626 -4439.6 -1971.8
3627 -4414.7 -2003.6
3628 -4463.7 -2020.1
3629 -4486.7 -2119.7
3630 -2200.5 2510.6
3631 -2176.5 2514.9
3632 -2610.5 2437.1
3633 -853.4 128.7
3634 110.8 1760.2
3635 1964 -1950.9
3636 -2531.2 108.7
3637 -2704.8 3843.1
3638 -2750 3831.9
3639 -2691.4 3792.3
3640 -2548.1 3957.5
3641 -2548.6 3827.7
3642 -1290.4 -164
3643 -1337.7 -193.2
3644 -1312.1 -214.9
3645 4845.6 964.5
3646 2955.9 -2830.1
3647 973.3 250.2
3648 1343.4 941.9
3649 1359.3 895.9
3650 1679.9 1098.1
3651 500.9 2145.5
3652 1200.2 2520.6
3653 1179.5 2593.7
3654 306.5 3501.2
3655 354.1 3504.4
3656 1409.1 3170.6
3657 2945.7 -2852.5
3658 1579.8 3198.5
3659 1609.5 3231.4
3660 1598.6 3179.6
3661 -4080.3 -2441.4
3662 -4678.5 -616.7
3663 -4630 -683.2
3664 -2780.4 2213.6
3665 -2441.1 3780.9
3666 -3741.7 3447.5
3667 -2016.1 3806.6
3668 -1401 -418.9
3669 3126 -2879.1
3670 -1946.3 4178.6
3671 -3777.1 -2065.3
3672 -1940.2 -4075.8
3673 -2119 -2681.5
3674 -2236.9 -2679.5
3675 -2192.1 -2686.7
3676 -516.1 -1907.1
3677 -4249.6 2347.1
3678 -4197.6 2266.5
3679 -4231.7 2312.8
3680 2683.8 -2571.1
3681 -4256.6 2305.8
3682 -4247 2272.9
3683 -4163.3 2183.3
3684 -990.1 -3663.8
3685 1750.8 -2579.7
3686 693.1 218.6
3687 3740.3 -3347.3
3688 3777.6 -3356.9
3689 3768.6 -3399.3
3690 3885.4 -3434.5
3691 3353.3 -2969.6
3692 2248.3 -3000.8
3693 3332.9 -3488.4
3694 3310.8 -1327.9
3695 3262.2 -1350.3
3696 3289.5 -1277.8
3697 3952.7 -1357.1
3698 3934.7 -1460.1
3699 3759.1 -1330.3
3700 4906.5 787.1
3701 3686.9 -1317.6
3702 3461.6 -3020.8
3703 3671.2 -1415.1
3704 3970.4 -1241.7
3705 230.3 1422.1
3706 -3965.5 -3161.9
3707 -4005.7 -3201.1
3708 -3814.2 -2094
3709 3037.8 -1784.6
3710 3079.1 -1756
3711 3102 -1737.5
3712 3082.8 -1713.1
3713 3487.3 -3042.7
3714 3279.4 -1883.5
3715 3276.3 -1817.3
3716 3230.3 -1827
3717 3227.1 -1698.1
3718 3154.4 -1703.2
3719 3163.1 -1771.1
3720 3226.9 -1772
3721 3361.6 -1663.5
3722 3431.1 -1711.2
3723 3598.7 -1752.1
3724 3423 -3076.3
3725 3643.7 -1740
3726 3706.1 -1682.4
3727 3695.1 -1637.8
3728 3983.5 -1578.7
3729 3946.2 -1490.3
3730 3897.3 -1453.8
3731 4037.9 -1556.9
3732 4035.6 -1490.9
3733 4092.1 -1535.3
3734 4013.9 -1445.9
3735 3528.4 -3072.3
3736 4091.1 -1405.1
3737 4465.8 -1986
3738 4017.6 -1917.7
3739 3946.8 -1884.6
3740 3237.1 -1300.1
3741 3852.3 -1963.1
3742 3437.7 -1776.2
3743 400.2 -2197.5
3744 4088.4 -2008
3745 4466.4 -1886.6
3746 3561.7 -3109.5
3747 4399.3 -1824.5
3748 4233.1 -1784.5
3749 4207.8 -1767
3750 4540.2 -1699
3751 355 -2232.6
3752 4331.3 -1564
3753 4176.5 -1339.9
3754 5256.7 -1330.3
3755 5280.9 -1283.4
3756 5213.9 -1326.5
3757 4240 -3737.1
3758 5294.1 -1219.7
3759 2243.3 -2117.3
3760 2261 -2083.1
3761 2287.7 -2031.8
3762 2357.7 -2019.1
3763 3981.4 -1787.8
3764 4183 -1414.3
3765 3481.8 -774.1
3766 3467.5 -895.6
3767 3691 399.3
3768 4214.9 -3760.9
3769 3743.7 442.1
3770 3792.1 481.8
3771 3220.6 659.6
3772 4065 651.1
3773 4080.9 631.7
3774 -335.3 1754.4
3775 -277.2 1764.1
3776 -313.3 1709.9
3777 5080.3 191.8
3778 3181.9 -3590.2
3779 -1302 -532.4
3780 4262 -3761.7
3781 3360.1 -3107.2
3782 3706.7 -3831.5
3783 3742.5 -3856.9
3784 3536.5 -4092.7
3785 2856.1 -3511.4
3786 2814.3 -3572.4
3787 2676.4 -4022.6
3788 2715.8 -3998.9
3789 -1318.3 -286.2
3790 -4112 3086.2
3791 4221.7 -3715.6
3792 -4058.1 3202.3
3793 -4047.8 3169
3794 -4127.1 3140
3795 -3977.9 3260.7
3796 -4028.6 3104.1
3797 -3858.7 3188.3
3798 -3783.4 3209.6
3799 -3772 3172
3800 -4158.4 3130.8
3801 3691 1186.9
3802 4637.4 -3740.3
3803 -187.1 1943.9
3804 -157.2 1958
3805 -238.8 1985.9
3806 331.8 2181
3807 618.8 1989.5
3808 443.8 2209.7
3809 897.7 2654.9
3810 924.6 2617.3
3811 4907.7 881.4
3812 4990.9 940.6
3813 4728.9 -3719.6
3814 3804.3 -3299.9
3815 3817.2 -3255
3816 287.5 2544.4
3817 472.3 2512.4
3818 443.2 2486.4
3819 11.4 2786.4
3820 4268.4 -3354.3
3821 -1984.5 -3949.4
3822 -3234.5 -1172.4
3823 -3142.1 -1070.1
3824 5141.7 -3981.2
3825 -3275 -1217.3
3826 -3295.8 -1241.8
3827 -446.7 -1539.1
3828 -1183.6 -3669.3
3829 594.5 2595.1
3830 667.4 2609.5
3831 -1975.6 697.1
3832 1856.5 -4271.5
3833 2042 1913.6
3834 868 3446.3
3835 -4026.9 -3048.2
3836 -3716.4 -2884.8
3837 -3688.1 -2858.5
3838 1710.5 3408.7
3839 1608.9 3469.1
3840 4456.9 1203.2
3841 -2680.3 -2244.7
3842 -2861.3 -2461.4
3843 -2824.6 -2284.7
3844 4060.8 -1934
3845 -2102.8 -777.8
3846 -4164.4 -3189.1
3847 2504.6 -3214.8
3848 2608.7 -3170.5
3849 2552.3 -3123.9
3850 2694 -3006.7
3851 1678.1 -2793.7
3852 -2664.7 2417.8
3853 -3127.6 -1452.3
3854 -3211.2 -1797.8
3855 767.5 2890.4
3856 1256.9 -1810.6
3857 -4098.5 -3129.5
3858 -4054.7 -3165.4
3859 -2398 -266.5
3860 -2375.7 -292.8
3861 -2535.6 -271.2
3862 -2507.9 -283.6
3863 -2536.8 -335.1
3864 -2499.5 -312.9
3865 -2491.8 -258.3
3866 -2509.1 -233.9
3867 -2488.2 2163.8
3868 -3897.3 -2905.1
3869 -2419.6 2183.1
3870 -2505.8 2227.3
3871 -2410.4 2150.8
3872 -2522.7 2288.6
3873 1567.7 930.1
3874 1809.8 1258
3875 68.8 3830
3876 -4035.2 -3087.9
3877 -3742.3 -2638.6
3878 -3572.5 -3325.2
3879 -3723.6 -2800.2
3880 -3563 -3143.9
3881 -181.6 -306.8
3882 -669.9 3117
3883 -225.8 3403.7
3884 -3130.9 -1906.6
3885 -4055.5 2897.9
3886 -4040.6 2838.9
3887 -635.1 -367.6
3888 -555.4 -1158.3
3889 -4044.4 2428.2
3890 -1744.3 -730.3
3891 -3599.6 -2715.1
3892 -4013.4 2374.8
3893 -4354.7 2941.4
3894 -4095.2 2728.3
3895 -4134.4 2743.8
3896 -4135.8 2873.1
3897 -4148 2772.9
3898 2082.3 3224.5
3899 57.1 4160.3
3900 165.4 4010.6
3901 28.4 3829.2
3902 -3529.1 -2678
3903 1604.1 3280.1
3904 -3794.6 2680.7
3905 -3677.7 2548.9
3906 -3656 2488.7
3907 -1262 2949.4
3908 -2469.4 -1990.7
3909 -3795.4 2648.1
3910 713.1 -920.5
3911 -324.1 -1318.6
3912 -375.2 -1324.4
3913 -3317.9 -2485.6
3914 -2315.5 -3571.8
3915 -2231.1 -3536.5
3916 -2240.1 -3571.6
3917 -2293.2 -3536.6
3918 -2278.7 -3571.7
3919 -2142 -3584.4
3920 -2046.8 -3583.4
3921 -1890.4 -3371.3
3922 1139.6 1559.3
3923 -3940.9 -254.3
3924 -3200.3 -2600.1
3925 2577.6 -2595.3
3926 1941.3 -3595.1
3927 -3503.4 -3626
3928 -1125.5 -4134.6
3929 -1848.8 -2812.2
3930 2096.7 1961.3
3931 2079.3 1934.1
3932 1943.9 1662
3933 -4362.9 1615.6
3934 -1149.7 -64.1
3935 -3352.7 -2549.8
3936 164.4 3782.6
3937 -3632 1894
3938 -3751.4 1867.3
3939 -3756.4 1887.2
3940 -4455.8 -3004.8
3941 -4553.2 -1761.7
3942 -2691.4 -1429
3943 -2677.6 -1338.2
3944 -2282.7 -4032.9
3945 -1556.8 -4144
3946 -3249.2 -2354
3947 -2660.6 -1274
3948 -1779 -3921.7
3949 -1826.7 -3940.8
3950 -2667.8 -1416.7
3951 -2845.1 -1373.5
3952 2809.2 2186.3
3953 2966.1 2296.6
3954 5006.7 -2427.1
3955 -4065 2502.1
3956 -4177 2517.5
3957 -3191.4 -2229.1
3958 430 1075.2
3959 -4109.8 2412
3960 1683 1052.5
3961 142.5 4216.6
3962 227.9 4277.5
3963 221.8 4470.4
3964 313.8 4338.4
3965 679.8 2971.8
3966 -2924.4 3614.2
3967 2711.5 1292.3
3968 -3260.9 -2145
3969 2797.7 1655.8
3970 -173.6 -379.3
3971 4231.9 -2514
3972 4325.7 -2430.9
3973 4399.7 -2345
3974 1823.7 -4264.9
3975 -792 90.8
3976 -786.9 64.5
3977 -807.2 148.1
3978 -2718.3 2735.7
3979 -2991.6 -2019.2
3980 -2591.3 2813.3
3981 -2566.1 2672.3
3982 -2571.5 2274.6
3983 -645.3 -1659.7
3984 2134 2943.7
3985 1063.2 3673.3
3986 388.7 1079.7
3987 404.1 1061
3988 -1065.2 270.1
3989 -944.8 365.1
3990 -2955.6 -1963.7
3991 -820.9 255.5
3992 -3079.8 1103.3
3993 4543.2 1073.9
3994 4466.5 -2299.3
3995 4476.9 -2326.6
3996 4245.8 -2284.8
3997 4499.5 1025.5
3998 4402.9 1140.5
3999 4418.7 1151
4000 -4451.6 -2154.3
4001 -1661.1 -636
4002 -3063.3 -1974.7
4003 1704 1416
4004 -3605.9 -1732.5
4005 4698.1 -2504.9
4006 4571.8 -2575.3
4007 4781.8 -2464.8
4008 4665.8 -2460.7
4009 4962.1 -2424.6
4010 4443.3 -2474
4011 4568.8 -2318
4012 4488.7 -2363.4
4013 -2912.8 -1895.8
4014 -2610.4 -1370.6
4015 -3958.5 2481.3
4016 -3941.1 2415
4017 -2183.3 -1182.1
4018 747.3 1367.7
4019 2106.7 2885.1
4020 1966.2 2943.4
4021 1940.6 2879.8
4022 2123.2 2833.1
4023 2172.5 2812.3
4024 -2866.6 -1830.2
4025 2091 2846.6
4026 4310.5 -2446.9
4027 4279.1 -2400.9
4028 4206.2 -2467.6
4029 -1990.6 -206.5
4030 -3501.1 -109.7
4031 4484.9 720.5
4032 4423.9 -2586.6
4033 4551.9 -2522.4
4034 4526 -2464.7
4035 -3003.5 -1726
4036 4633.8 -2406.2
4037 4505.7 -2417
4038 4603.4 -2361.8
4039 4718.2 -2287.2
4040 4872.8 -3307.9
4041 -1735.4 -4245.2
4042 -2652.7 2440.2
4043 646.2 1238.2
4044 1772.5 -4238
4045 1572.4 -4139.9
4046 -2817 -1764
4047 1710.2 -4257.1
4048 1737.4 -4249.7
4049 -3557.7 2355
4050 -3575.5 2437.2
4051 -3517.2 2451.1
4052 -3625 2497.2
4053 -855.6 139.7
4054 -3823.1 2859.5
4055 1672.4 1434.7
4056 2986.2 2268
4057 -2777.7 -1711.5
4058 3032.6 2299.7
4059 2937.9 2275.8
4060 5323.4 -1341.1
4061 5053.9 -1117.8
4062 4998.5 -1121.7
4063 5111.6 -1116.4
4064 4958 -1130.4
4065 4996.8 -1152.3
4066 107.3 2138.4
4067 1662.6 1452.2
4068 -2761 -1688.2
4069 1640.1 1465.3
4070 1676 1368.2
4071 1023.6 2538.3
4072 963.6 2567.9
4073 948.7 2633.1
4074 -2050 2685.2
4075 -4257.6 1600.9
4076 773.2 2860.3
4077 564.3 3398.2
4078 553.3 3379.2
4079 -2971.4 -1562.6
4080 4219.6 -2026.1
4081 4200.4 -2014.7
4082 -3895.5 3092
4083 -3899.8 2883
4084 -3893.8 2857.9
4085 5201.7 -1114.3
4086 4903.4 -2341
4087 4908.1 -2297.2
4088 4843.3 -2434.3
4089 4225.2 -3557.3
4090 -2674.5 -1551
4091 4214.3 -3504.2
4092 4113 -3597.8
4093 4852.2 -2400.4
4094 4303.5 -2567.4
4095 4431.2 -2532.3
4096 -3355.9 -15.6
4097 4237.2 -3610.9
4098 4276.7 -3373.9
4099 3906.3 -1527.2
4100 2044.8 2910.1
4101 -2728.6 -1636.1
4102 -3898.6 2355.9
4103 4217.9 -2098
4104 4742.4 -2354.9
4105 4757.5 -2406.9
4106 1987.2 3183.5
4107 4064.3 -1993.4
4108 4065.3 -2046.9
4109 4730.3 -2314
4110 4166.9 -2239.9
4111 4143.1 -2271
4112 -1382.5 -398.1
4113 -2067 -1047.6
4114 1086.9 3665.9
4115 1137 3650.4
4116 5022 -3062.5
4117 5055.2 -3020.6
4118 5064.8 -3105.1
4119 436.1 2746.6
4120 589 2920.4
4121 1921.4 3218.5
4122 1855.4 3253
4123 921.1 1804.8
4124 -1946.6 -937.2
4125 2228.4 2785.9
4126 2365.8 2793.9
4127 5035.8 -3148.8
4128 5020.5 -3236.2
4129 5140.7 -2973.4
4130 5219.5 -2949.3
4131 5242.9 -3026.6
4132 5295.2 -3088.3
4133 907.1 3652.3
4134 4194.1 -2190.4
4135 -2072.4 -1082.3
4136 4240 -2110.9
4137 4274 -2129.5
4138 4769.5 -2268.8
4139 -3872.9 2631.9
4140 4750.9 -2225.6
4141 4850.6 -2183.8
4142 -3735.9 3524.4
4143 -3760.5 3518.7
4144 -3356.4 -136.9
4145 -3886.4 2288.4
4146 -2053.8 -830.6
4147 -3880 2262.3
4148 -2912.5 3554.4
4149 -2098.8 -1071.4
4150 -1875.3 -844.9
4151 -1986.8 -842
4152 -1809.1 -768.2
4153 -1709.4 -763
4154 -1622.6 -737.8
4155 -1837.7 -692.9
4156 -1570.9 -852.9
4157 -1550.6 -703.6
4158 -1687.2 -762.7
4159 -3680.5 -4234.4
4160 -3606.1 -4166.8
4161 -3224.6 -3751.2
4162 -3169 -3703.4
4163 -3485.6 -3541.6
4164 -2940 -3500.2
4165 -3001.9 -3552.5
4166 -2813.3 -676.9
4167 -2870.9 -3670.8
4168 -2967.9 -3401.4
4169 -2927.6 -2955.2
4170 -3007.4 -2894.1
4171 -3020.2 -3289.6
4172 -2821.6 -3016.5
4173 -2803 -2764.9
4174 -2708.4 -2578.2
4175 -2664.7 -2497.5
4176 -2784.9 -2561.3
4177 -2355.6 -949.1
4178 -3051.4 -951.6
4179 -2498.2 -2414.9
4180 -2610.9 -2435
4181 -2565.7 -2381.1
4182 -2667.1 -2387.2
4183 -2481 -2259.3
4184 -2415.6 -2296
4185 -2428.3 -2199
4186 -2403.4 -2176.7
4187 -2444.6 -2134
4188 -2304.2 -2098
4189 -2765 -442.2
4190 -2119.3 -1968.2
4191 -2028.8 -1738.1
4192 -2254 -2040.6
4193 -1903.3 -1875.2
4194 -1888.6 -1457.3
4195 -2102.4 -1684
4196 -1964.4 -1808
4197 -1770.7 -1224.7
4198 -1729.8 -1190.9
4199 -1819.2 -1322.3
4200 -3462.9 -1040.8
4201 -1429.8 -992.6
4202 -1343.7 -922.9
4203 -1487.1 -920.5
4204 -1465.4 -1022.4
4205 -1364.2 -1086.8
4206 -1167.8 -778.9
4207 -1107.5 -852.2
4208 -1264.6 -857.6
4209 -1041.7 -676.9
4210 -1293.5 -755.6
4211 -3495.2 -1019.3
4212 4495 570.6
4213 4459.3 654.6
4214 4917.7 365.8
4215 4580.5 271.2
4216 4417.4 1185.8
4217 4394.1 1243.2
4218 4378.8 1269.9
4219 3909.8 1975.2
4220 3877.4 1958.9
4221 4084.3 1716.9
4222 -3318.6 -1269.7
4223 3773.9 2188
4224 3042.5 2525.5
4225 3007.9 2542.8
4226 2957 2406
4227 3171.3 2473.4
4228 2601.2 2751.9
4229 2581.1 2614.1
4230 2458.4 2831.4
4231 1896.9 3161.4
4232 1868.6 3107.3
4233 -3583.9 -1127.8
4234 1827.5 3194
4235 2028.9 3091.7
4236 1686.6 3194.3
4237 1806.1 3193.5
4238 1740.4 3328.4
4239 1633.4 3214.7
4240 1639 3084.6
4241 1494 3284.7
4242 1461.6 3233.1
4243 1377.7 3325.2
4244 -3630.3 -848.2
4245 1586.1 3247.5
4246 1527 3451.8
4247 825.8 3495.3
4248 838.3 3466.3
4249 771.6 3518.3
4250 888.4 3636.1
4251 857.2 3486
4252 344.6 3678.6
4253 336.8 3642.1
4254 177.3 3737.9
4255 -3604 -877.4
4256 490.9 3644.4
4257 63.3 3783
4258 -277.8 3745.8
4259 101.6 3780.7
4260 -668.3 3697.9
4261 -621.1 3699.3
4262 -802.2 3707.9
4263 -797.7 3684.2
4264 -914.1 3717.7
4265 -1900.8 3802.7
4266 -3671.6 -802.6
4267 -1905.5 3779
4268 -1938.4 3766
4269 -1933.7 3812.1
4270 -2275.6 3760.7
4271 -2142.2 3783.2
4272 -2330.5 3648.1
4273 -2403.7 3768.9
4274 -2075.8 3774.4
4275 -2360.6 3581.8
4276 -2355.2 3555.7
4277 -3634.3 -620
4278 -2527.8 3521.7
4279 -3677.7 3220.6
4280 -3656.5 3180.5
4281 -3610.9 3255
4282 -3744.3 3173.4
4283 -4028.8 3081.3
4284 -3780.2 3150.8
4285 -4099.5 3043.7
4286 -4577.8 2912
4287 -4642.4 2899.5
4288 -2283.1 -905.1
4289 -3760.8 -703.4
4290 -4550 2827.8
4291 -934.6 397.9
4292 -926.3 467.9
4293 -913.9 380.4
4294 -977.1 432
4295 -1123.3 340.7
4296 -433.3 698.6
4297 -2230.8 894.3
4298 -3106.1 1640.1
4299 -2985.9 1701
4300 -3731.9 -735.5
4301 -3190.3 1614
4302 -3165.5 1394.8
4303 -3001.1 1721.5
4304 -2769.9 2114.9
4305 -2766.7 2145.7
4306 -2794.6 2149.7
4307 -2729.6 2318.7
4308 -2777.8 2344.7
4309 -2709.4 2354.8
4310 -3521.8 1558.6
4311 -3895.2 -555.5
4312 -3408.4 1469.7
4313 -3351.5 1577.9
4314 -3602.3 1546.6
4315 -3734.6 1661.8
4316 -3742 1554.9
4317 -3773.1 1556.3
4318 -3972 1575.3
4319 -1473.3 3622.9
4320 -1577.3 3617.2
4321 -1432.2 3568.7
4322 -3797.9 -733.8
4323 -1879 3748.3
4324 -1266.2 3625.1
4325 -1415.5 3464.9
4326 -1287.5 2676.5
4327 -1397.3 2655.8
4328 -1293.5 2714.1
4329 -1258.1 2682.2
4330 -960.3 2726
4331 -1041.5 2719.2
4332 -883.8 2724.4
4333 -3693.6 -654.6
4334 -907.1 2620.2
4335 -781.3 2383.3
4336 -769 2360.5
4337 -812.2 2442.5
4338 -1537 2629.4
4339 -1753.7 2590
4340 -1552.3 2726.8
4341 -1763.1 2639.1
4342 -2014.5 2542.5
4343 -2064.2 2534.9
4344 -4007.9 -428
4345 -1998.2 2648.1
4346 310 110.4
4347 363.2 125.1
4348 433.9 142.1
4349 382 216
4350 434 229.2
4351 494.9 248.8
4352 526.7 207.1
4353 468.5 330
4354 612.7 272.4
4355 -3832.4 -485.4
4356 633.8 285.7
4357 663.5 280.5
4358 657.8 259.8
4359 843.3 318.4
4360 751.5 293.2
4361 893.3 348
4362 915 239.3
4363 982.5 402.5
4364 1056.8 454.1
4365 1078.9 470.5
4366 -3951.6 -606
4367 1184 330.6
4368 1435.6 -466.7
4369 1342.1 430.9
4370 1180 671.3
4371 2044.8 708.2
4372 898.3 217
4373 1150 694.9
4374 1228.5 806
4375 578.4 434.6
4376 362.6 521.1
4377 -4034.4 -387.8
4378 445.2 401.2
4379 603.6 440.7
4380 8 1003.8
4381 -64.5 887.9
4382 174.1 1053.9
4383 182.1 1026.5
4384 413 1128.9
4385 510 1197.4
4386 459.9 1116.3
4387 375.8 1119.3
4388 -4067.6 -335.9
4389 360.8 1106.7
4390 314.2 1179.9
4391 296.5 1211.8
4392 219.2 1135.9
4393 357.3 1226
4394 180.2 1180.2
4395 230 1293.9
4396 68.7 910.7
4397 102.1 794.3
4398 75.7 672.8
4399 -2444 -986.9
4400 -4543.5 -469.8
4401 235.4 727.2
4402 4.7 652.4
4403 -24.6 754.8
4404 -42.1 815.4
4405 -253.3 809.4
4406 -1055.1 208.2
4407 -1093.5 249.3
4408 -1011.9 205.5
4409 -979 182
4410 -955.9 249.4
4411 -4538.6 -496
4412 -939.2 237.4
4413 -909.2 821.9
4414 -789.2 884.6
4415 -867.8 888.4
4416 -878.5 1087.3
4417 -897.2 1151.7
4418 -798.5 1113.4
4419 -981.9 959
4420 -1034.2 1046.4
4421 -875.9 1192.2
4422 -4482.3 -461.9
4423 162.3 1400
4424 -59.5 1627.9
4425 20.7 1511
4426 24.5 1572
4427 -141 1697.9
4428 108.7 1486.5
4429 151.8 1592.3
4430 -3902.5 3456.2
4431 -3850.2 3513.1
4432 -3852.5 3408.8
4433 -3959 -284.3
4434 -3819.9 3605.3
4435 -2252.2 3956
4436 -1973 3849.9
4437 -1913.2 3827.8
4438 -2006.9 3861.3
4439 551 1246.8
4440 548.2 1284.1
4441 575.8 1319.6
4442 491.2 1412.3
4443 648 1421.8
4444 -820.2 228.7
4445 547.1 1530
4446 797.2 1623.7
4447 514.1 1325.9
4448 481.2 1366
4449 460.6 1391.6
4450 402.4 1481.4
4451 250.8 1428.5
4452 416.8 1445.6
4453 -1055.4 1130.8
4454 -1083.8 1094.2
4455 -787 232.9
4456 -1248.2 1192.3
4457 -1187.6 1187.1
4458 -1108.1 1067
4459 -1290.2 1182.5
4460 -1310.2 1132.4
4461 -1414.2 1021.2
4462 -759.4 980.4
4463 -678.4 2193
4464 -540.8 2254.7
4465 -627 2100.5
4466 -846.7 349.1
4467 -710.4 2252
4468 -281.3 1664
4469 -287.9 1630.8
4470 -326 1603.9
4471 -391.7 1572.9
4472 -471.8 1545.4
4473 -542 1525.8
4474 -468 1697.9
4475 -428.8 1400.2
4476 -583 1515.3
4477 -831.9 287.8
4478 -527.1 1483
4479 -746.3 1472.7
4480 -809.9 1453.5
4481 -905.1 1520.2
4482 -734.9 1324.1
4483 -636.8 2783.7
4484 -689.9 2770.1
4485 -555 2815.4
4486 -452.4 2832
4487 -385.2 2849.6
4488 -852.8 390.8
4489 -395.6 2912.2
4490 279.7 3021.7
4491 175.1 3184.1
4492 376.9 3046.3
4493 334 2920.9
4494 99.3 2975
4495 475.7 3072
4496 260 3224.5
4497 509.6 3081.4
4498 490.7 3018.8
4499 -780.9 424.9
4500 772.2 3149.4
4501 702.4 3246.4
4502 621.1 3109.8
4503 907.7 3188.5
4504 888 3271
4505 963.1 3089.4
4506 1035.2 3239.5
4507 1030.5 3010
4508 1154.7 3088.6
4509 1255.3 2754
4510 -4055.5 1042.7
4511 -826.5 588.6
4512 1278.7 2775.6
4513 1354.3 2649.4
4514 1328.2 2578.9
4515 1441.7 2607.8
4516 1303.9 2527.6
4517 1280.1 2488.5
4518 1194.8 2299.9
4519 1151.9 2213.6
4520 1220.4 2180.8
4521 1112.2 2128.3
4522 -797.8 589.8
4523 1073.5 2046.5
4524 974 1880.2
4525 1158.9 2025.6
4526 907.6 1775.5
4527 979.3 1762.2
4528 1117.4 1216
4529 1059.6 1258.7
4530 1179.5 1214.6
4531 979.9 1223.6
4532 1230.6 1212.1
4533 -820.5 569.1
4534 1236.4 1343.7
4535 1273.2 1209.9
4536 1259.2 872.1
4537 1290.1 911.6
4538 1323.2 1066.2
4539 902 748.3
4540 1328 1187.3
4541 1418.2 1149.5
4542 1221.7 1117
4543 2113.7 714.2
4544 -848.7 661.6
4545 2106.7 759
4546 -784.4 1065.1
4547 -713.6 993.8
4548 -612 1273.2
4549 1.1 1124.4
4550 15.5 1076.2
4551 135.3 1252.5
4552 -104.6 1188.1
4553 -223.9 1436
4554 -659.1 1406.8
4555 -860.3 699.6
4556 -137.8 1511.9
4557 -122 1537.7
4558 725.3 1693.6
4559 575.6 1849.2
4560 392.5 1686.7
4561 458.8 1258.9
4562 314.5 1333.5
4563 395.6 1339
4564 418 1357.2
4565 368.4 1357
4566 -873 741.2
4567 485.2 1769.2
4568 339.1 1744.6
4569 232.5 1625.8
4570 150.5 1855.8
4571 170.1 1905.1
4572 138.6 1828
4573 223.6 1824.3
4574 176.4 1603.6
4575 161 1643.7
4576 -643 -393.8
4577 -820.3 757.9
4578 -634.2 -457.5
4579 -747.8 -377.5
4580 -626.2 -524.3
4581 -628.1 -575.3
4582 -735.5 -556.4
4583 -932.1 -610.8
4584 -1092.6 -611.7
4585 -915.3 -659.7
4586 -882.7 -597.1
4587 -1462.4 -1144.6
4588 -1016.5 714.2
4589 -1200.7 -1312.8
4590 -1102.7 -1432.2
4591 -1162.8 -1357.1
4592 -1184.3 -1488.6
4593 -1075.3 -1413.4
4594 -1126 -1619.8
4595 -1280.7 -1555.3
4596 -3156.2 -2699.8
4597 -3187.7 -2626.6
4598 -3088.9 -2825.2
4599 -675.2 800.6
4600 -3297 -2861.3
4601 -2986.7 -2677.6
4602 -3556.7 -2637.3
4603 -3625.7 -2575.1
4604 -3496 -2651.9
4605 -3660.9 -2549.4
4606 -4518.4 -2371
4607 -4483.7 -2352.3
4608 -4544.6 -2355.6
4609 -4657.1 -2359
4610 -651.9 721
4611 -4601 -2256.6
4612 -4689.9 -2353.7
4613 272.7 734.5
4614 304 751.6
4615 -1009.9 154.6
4616 -1028.1 176.2
4617 -1239.2 130.7
4618 390 860
4619 403.3 913.9
4620 415.1 999.6
4621 -3589.7 413.6
4622 -487.2 856.8
4623 600.8 1119.6
4624 -3280.4 -329.9
4625 -3351.9 -371.8
4626 -3287.1 -280
4627 -3519.5 -314.6
4628 -3425.9 -524.1
4629 -3610 -305.4
4630 -3483 -395.1
4631 -3633.9 -387
4632 -3704.1 -291.5
4633 -461 778.8
4634 -3771 -301.8
4635 -3816.9 -332.7
4636 -3918.3 -379.8
4637 -3947.3 -389.7
4638 -3973.1 -351
4639 -4094.2 -482.2
4640 -4030.8 -553.7
4641 -2149.1 -193.8
4642 -2033 -183.8
4643 -1992.5 -180.4
4644 -628.5 641.1
4645 -2042 -240.6
4646 -3494.6 -552.6
4647 -3527.3 -477.8
4648 -3563 -584
4649 -3525.6 -666.2
4650 -3202.4 939.8
4651 -3126.9 790.6
4652 -3198.5 991.8
4653 -3224.1 918.5
4654 -3193.1 673.6
4655 -767.9 -32.2
4656 -3096 772.6
4657 -3059.2 733.8
4658 -2934.4 826.3
4659 -3002.3 920
4660 -2861.9 774.4
4661 -2902.5 908.3
4662 -3826.7 -756.6
4663 -3870.5 -794.6
4664 -3894.1 -815.2
4665 -3914.7 -745.4
4666 -645.1 -98.5
4667 -3957.2 -698.3
4668 -4000.4 -649.9
4669 -3969.8 -622.4
4670 -4594.4 -1451.6
4671 -4550.5 -1539.2
4672 -4473 -1445
4673 -4417.5 -1632
4674 -4448.4 -1374.2
4675 -4387.8 -1453.8
4676 -4372.3 -1593.2
4677 -618.6 -70.9
4678 -4238.1 -1301.3
4679 -4321.9 -1468.1
4680 -4246.6 -1505.9
4681 -4215.1 -1528.3
4682 -4305.8 -1519.4
4683 -4260.5 -1448.2
4684 -4173.8 -1560.1
4685 -4092.3 -1494.3
4686 -4212.3 -1649.7
4687 -4135.8 -1583.2
4688 -608.8 -97.7
4689 -4017.4 -1671.1
4690 -4168.4 -1588.1
4691 -4141.6 -1552.6
4692 -3948.7 -1596.9
4693 -4015 -1434
4694 -3895.1 -1504.8
4695 -4180.4 -1335
4696 -3933.6 -1370
4697 -3940.7 -1302.5
4698 -3916.9 -1358.5
4699 -658.8 -166.1
4700 -3645.7 -1170.7
4701 -3569.3 -1000.6
4702 -3605.6 -60.7
4703 -3492.8 -25.3
4704 -3610 -104.7
4705 -3462.7 -15.7
4706 -3365.8 15.1
4707 -3626.2 -72.3
4708 -3346.2 108.2
4709 -2927.5 96.5
4710 -576.2 -106.1
4711 -3110.4 137.9
4712 -2964.2 -104.7
4713 -2786.1 -51.1
4714 -2735.1 -68.1
4715 -4589.8 -2430.4
4716 -4609.4 -2414.5
4717 -2192.1 -629.7
4718 -2128.6 -669.2
4719 -2222.4 -445.2
4720 -2768.7 -270.5
4721 -615.6 -139.9
4722 -2688.1 -315.1
4723 -2651.3 -358.5
4724 -2873.1 616.7
4725 864.7 -1075.7
4726 802.9 -1090
4727 984.8 -1284.8
4728 1074 -1236.6
4729 1251 -1546.7
4730 1161 -1560.9
4731 1341.9 -1495.2

# Edges
0 1
0 1112
0 2223
0 3334
1 622
1 1112
2 1924
2 1935
2 4510
3 14
3 4710
4 2299
4 3306
4 3308
4 4729
5 247
5 2939
5 3881
6 10
6 3669
7 8
7 9
7 10
9 12
9 3717
10 3714
11 12
11 13
11 15
11 16
12 16
13 17
14 25
14 36
15 370
16 1044
17 18
17 3695
18 22
19 20
19 21
19 22
20 21
21 23
23 356
23 357
23 359
24 27
24 28
24 491
25 481
25 485
26 104
26 105
26 491
27 104
27 396
28 3336
28 3347
29 398
29 3347
30 31
30 32
30 33
31 34
31 143
32 4018
32 4043
33 4531
34 35
34 4529
35 144
35 146
36 47
36 58
36 302
37 146
37 4529
37 4534
38 39
38 40
38 41
39 1100
39 2858
40 1671
40 2866
41 1100
41 3874
42 43
42 44
42 45
42 46
43 48
43 1310
43 2507
44 2506
45 2036
46 1312
46 1641
47 2846
47 2879
48 49
48 2507
48 2510
49 50
49 2506
50 51
51 52
52 53
52 54
53 2522
53 2523
54 55
54 56
55 2503
55 2722
56 59
56 2501
57 59
57 60
57 3801
58 69
58 80
60 61
60 62
62 63
62 2497
63 64
63 2493
63 2496
64 2481
64 2484
65 66
65 67
65 68
66 71
66 2494
67 2493
67 2494
68 2474
68 2475
69 280
70 71
70 4216
71 2490
72 73
72 74
72 1643
72 1644
73 2689
73 2704
74 1644
74 2521
74 2703
75 76
75 77
76 78
76 79
77 1645
77 2528
77 2529
78 1278
78 1281
78 1282
80 3991
81 82
81 83
81 84
82 360
82 361
83 1281
83 1309
84 86
84 1309
85 86
85 87
85 88
86 361
87 2649
88 89
88 90
88 92
89 487
89 488
90 361
90 489
91 114
91 4296
91 4404
91 4405
92 96
92 2651
93 94
93 95
93 96
93 97
94 500
94 2565
95 499
95 500
96 495
96 2640
97 497
97 2575
98 2430
98 4214
99 100
99 101
99 103
100 2158
100 4004
101 1097
101 1098
102 114
102 125
102 136
102 147
103 922
103 923
103 3041
104 378
105 106
105 381
106 107
106 108
107 108
107 591
109 110
109 111
109 112
110 995
110 996
111 115
111 3186
111 3786
112 999
112 3270
113 335
113 4621
115 116
115 117
115 118
116 1071
116 3657
117 1075
118 3149
118 3150
119 120
119 121
119 3127
119 3128
119 3129
120 3114
120 3251
121 3216
121 3692
122 123
122 124
122 129
123 3205
123 3685
124 126
124 129
124 376
124 3291
125 158
125 169
126 127
126 128
127 3293
127 3296
128 3296
128 3300
128 3303
130 131
130 132
130 4728
131 154
131 4727
132 474
132 3424
133 134
133 135
133 580
133 591
134 407
134 410
135 137
135 138
135 3579
136 4376
137 830
137 831
138 139
138 831
139 828
139 4346
139 4348
140 141
140 4348
140 4349
141 142
141 4613
142 4350
142 4378
143 144
143 145
145 4018
146 148
148 940
148 942
149 169
150 232
150 3224
150 4726
151 152
151 4726
151 4727
152 153
152 251
153 154
153 155
153 156
154 3424
155 157
155 159
155 2298
156 159
156 250
156 251
157 185
157 186
158 169
158 180
159 186
159 254
160 161
160 162
160 163
161 216
161 556
161 3318
162 185
162 556
163 3297
163 3304
164 165
164 166
164 167
165 3295
165 3304
166 3314
166 3317
167 220
167 3314
168 171
168 221
168 544
168 3292
170 171
170 172
170 173
171 246
172 832
172 836
173 190
173 836
174 832
174 833
175 176
175 177
175 178
176 276
176 277
177 188
177 275
178 239
178 278
178 870
179 181
179 182
179 183
179 184
180 191
180 4346
181 196
181 199
182 873
182 930
183 238
184 223
184 3827
185 2300
186 253
187 188
187 189
187 190
187 192
187 193
188 192
189 834
189 836
190 193
191 202
191 258
191 269
192 3743
193 218
194 201
194 229
194 4726
195 196
195 197
195 198
195 199
196 205
196 769
197 200
197 204
197 241
198 204
198 205
199 241
199 242
200 201
200 203
201 255
202 258
202 3625
203 231
203 233
203 271
204 233
205 234
206 207
206 208
207 209
208 210
208 211
209 242
209 250
209 251
210 250
210 867
210 869
211 238
211 240
212 3179
213 225
213 1355
213 3625
214 215
214 216
214 217
215 3310
216 245
217 218
219 220
219 221
219 222
220 3294
221 3293
222 248
222 3313
223 226
223 227
223 228
224 702
224 713
224 4621
225 236
225 247
226 260
226 261
227 237
227 769
228 328
229 252
229 255
230 231
230 480
231 232
232 383
233 268
234 235
234 237
235 263
235 264
235 266
236 247
236 258
237 769
238 239
238 873
239 240
240 867
241 255
242 252
243 244
243 245
243 246
244 246
244 248
245 3315
246 249
248 3314
249 3313
250 254
251 252
253 273
254 273
254 869
256 257
256 259
256 262
256 447
257 387
257 482
259 260
259 483
260 264
260 388
261 384
261 385
262 263
262 264
263 265
265 267
265 435
265 458
266 267
267 403
268 270
269 280
270 271
270 404
271 3179
272 273
272 274
274 869
274 871
275 289
275 841
277 871
278 279
280 291
281 282
281 3676
282 283
282 284
283 438
283 439
284 286
284 288
284 294
285 286
285 287
285 288
286 464
287 462
287 463
288 289
288 290
289 292
289 293
290 294
291 4347
291 4349
292 854
292 1938
293 841
293 1934
295 296
295 297
295 298
296 434
296 586
297 298
297 299
298 437
299 300
299 304
300 301
300 303
301 305
301 306
302 313
302 324
303 873
304 308
304 586
305 3597
305 3983
306 307
306 310
307 308
307 309
308 1984
309 312
309 318
310 315
310 3598
311 312
311 314
311 315
311 3598
312 316
312 317
313 2939
313 3581
314 325
315 327
315 3598
316 318
316 323
316 4593
317 320
317 597
318 4593
319 320
319 321
319 322
319 323
321 578
322 325
322 594
322 597
323 578
323 584
324 336
324 358
324 481
325 326
326 423
327 328
327 329
328 332
329 330
329 332
330 331
331 929
331 3888
332 929
333 334
333 337
333 338
334 686
334 4465
335 4705
335 4708
336 391
336 484
337 339
337 340
338 679
338 683
338 688
339 1359
341 342
341 343
342 1357
343 2093
344 345
344 346
345 2094
346 348
347 358
347 369
348 4474
349 350
349 351
349 352
349 353
350 351
350 821
351 4427
352 3775
353 4468
354 355
354 368
355 4368
356 2681
356 2682
357 1277
357 2682
359 3765
359 3766
360 362
360 363
362 492
362 2655
363 365
363 2659
364 365
364 2653
365 2658
366 367
367 368
367 3391
369 3557
370 371
370 372
371 2884
372 3709
373 374
373 375
373 377
374 3624
374 3635
375 3307
376 377
377 3624
378 379
378 381
379 825
380 391
380 402
380 413
381 382
382 393
384 929
384 3911
385 386
385 387
385 388
386 387
386 433
387 483
388 483
389 390
389 392
389 700
391 413
392 408
393 394
393 395
393 825
394 399
395 405
395 701
396 397
398 401
399 400
399 405
402 3557
403 404
405 410
405 411
406 777
406 4376
406 4379
407 408
407 409
408 701
408 1276
409 826
409 3579
410 411
410 701
412 546
412 558
413 424
414 416
414 558
415 417
415 580
415 830
416 417
418 419
418 420
418 427
419 421
419 4581
420 421
420 422
420 423
422 425
422 482
423 426
424 427
424 447
424 484
425 433
426 596
426 722
427 4581
428 2119
428 2746
429 1702
429 2746
430 1377
430 1379
430 1381
430 2768
431 432
431 4614
431 4618
432 4539
433 482
434 436
434 437
435 447
435 458
436 931
436 936
438 931
438 932
439 464
439 1983
440 441
440 442
440 443
441 853
441 858
442 1887
442 1889
443 852
444 445
444 448
444 449
444 450
445 451
445 452
446 557
446 668
446 779
448 465
448 1363
449 1706
449 1939
450 918
451 453
451 454
452 915
452 916
453 455
453 456
454 905
454 906
455 456
456 915
457 459
457 460
457 461
458 469
459 1936
459 1937
460 461
460 1938
461 1934
462 464
463 854
463 861
463 1980
465 1708
465 1715
466 467
466 468
467 1741
467 1742
468 1717
468 1743
469 480
469 491
469 502
470 472
470 473
470 3447
471 479
471 3447
473 474
473 475
475 476
475 477
475 4728
476 477
476 3402
477 478
478 479
478 3402
479 2881
480 3179
480 3190
485 4721
486 3581
486 3970
487 1299
487 1301
487 2648
488 1300
488 2640
489 490
489 492
490 493
490 2652
491 3301
492 2653
493 494
493 495
494 2653
494 2654
495 496
496 497
496 498
497 501
498 2592
499 1296
499 2560
499 2564
500 2564
501 2573
501 2575
502 513
503 504
503 505
504 1155
505 506
505 2589
505 2590
505 2598
506 507
506 2592
507 2587
507 2588
508 509
508 510
508 511
509 2604
509 2605
510 512
510 514
510 515
511 2661
511 2662
512 1700
512 1701
513 524
514 1051
514 1052
515 1048
515 2666
516 517
516 518
516 519
517 1048
517 1049
518 2674
518 2679
519 3530
519 3728
520 521
520 522
520 523
520 4240
521 529
521 530
522 2204
522 2915
524 535
525 4122
525 4238
526 527
526 3838
526 4238
527 528
527 2062
529 534
529 3660
529 4240
530 2207
531 532
531 533
531 4243
533 1484
533 2922
534 536
534 2207
535 546
535 558
536 3658
536 4242
537 538
537 539
537 540
538 541
538 3100
539 541
539 552
540 548
540 551
542 543
542 544
542 545
543 3288
543 3289
544 3289
545 554
545 3288
546 569
547 548
547 549
547 550
548 3106
549 1397
549 1398
550 553
550 3110
551 3102
551 3105
553 554
553 555
554 3206
555 1150
555 3111
556 3310
557 890
557 1001
559 560
559 4527
560 562
560 715
561 562
561 4525
562 563
562 712
563 564
563 565
563 4525
564 566
564 567
564 568
565 566
565 708
565 712
566 710
566 743
567 4520
569 580
569 591
570 573
570 4198
571 572
571 573
571 4198
572 574
572 575
573 575
574 4156
574 4203
574 4204
575 4204
576 587
576 588
576 4156
577 721
577 722
577 4209
578 579
579 581
581 582
582 4207
582 4208
583 3024
584 4202
584 4589
585 719
585 720
585 4589
586 933
587 725
587 726
588 725
588 4158
589 4202
589 4203
590 2112
590 2324
592 593
592 4207
593 595
594 595
594 596
598 599
598 4595
599 600
599 601
600 603
600 606
600 607
601 934
601 1918
602 613
602 624
602 1771
602 1774
603 604
603 605
604 1919
604 4587
605 608
605 609
605 4199
606 719
606 1919
607 1916
607 1917
607 1918
608 4194
608 4199
609 1917
609 1986
610 611
610 612
611 616
612 614
612 615
612 2090
613 1763
613 1902
613 1913
614 623
614 625
615 619
615 643
616 617
617 618
617 619
618 639
618 4399
619 639
620 621
620 2101
621 622
623 630
624 635
624 646
624 1469
624 1777
624 4318
625 626
626 631
627 628
627 629
627 630
627 1189
628 642
629 2106
629 2315
629 3367
630 3947
631 632
631 633
632 634
634 636
635 646
635 657
635 669
636 637
638 4399
639 640
640 641
640 642
641 643
643 644
645 663
645 2101
647 648
647 4146
647 4288
648 649
649 3845
649 4718
650 651
650 652
650 4146
651 656
652 3845
652 4718
653 654
653 655
653 656
654 659
654 661
655 658
655 2236
656 662
657 1590
657 3325
658 659
658 660
659 740
660 739
661 662
664 1914
664 1916
664 4194
664 4196
665 733
665 734
665 4194
666 4210
667 4385
667 4561
668 4709
668 4711
668 4712
669 680
669 691
670 671
670 672
671 673
671 674
672 1268
672 1270
673 3811
674 889
674 3700
675 676
675 678
675 3811
676 677
677 678
679 681
679 2702
680 1596
680 3324
681 723
681 2994
682 687
682 4337
683 4337
684 685
684 4474
685 686
685 1633
685 3774
687 4334
688 1243
688 4327
689 690
689 2635
689 3590
690 2635
690 2669
691 3319
692 874
692 875
692 882
692 4461
693 875
693 1757
693 2997
694 1002
694 1013
695 3557
695 4579
696 1458
696 3934
697 698
697 1458
697 3124
698 699
699 3124
700 827
700 3686
702 724
702 2134
703 704
703 2212
704 705
704 706
705 707
708 709
708 710
708 711
709 2910
710 748
710 749
711 712
711 714
712 715
713 735
713 4708
714 715
714 716
715 2909
716 758
716 2901
717 3168
718 2358
718 3046
718 3934
719 4591
720 1919
720 1920
721 4585
723 2996
723 4342
724 735
724 746
725 727
725 728
726 727
727 729
728 730
728 4153
729 730
729 731
731 732
731 733
732 736
733 741
734 2104
735 757
736 737
736 738
742 1669
742 3007
743 744
743 748
744 745
744 747
745 750
746 757
746 768
747 4517
748 750
749 2910
750 751
751 752
752 753
752 754
753 2058
753 2843
754 2914
754 4515
755 756
755 758
755 759
756 760
759 762
759 941
760 761
760 762
761 763
762 940
763 764
763 765
764 766
764 767
765 2897
765 2898
766 940
766 4534
767 944
767 4535
767 4540
768 780
768 2902
770 771
770 772
770 773
772 777
772 4618
773 774
774 4373
775 776
775 777
775 4379
776 778
778 4370
779 4706
779 4708
779 4711
780 791
780 802
781 4373
781 4374
782 783
782 784
782 785
783 1182
783 1842
784 3852
785 788
785 789
786 787
786 790
786 1819
786 2091
787 789
787 1815
788 1801
788 1804
789 1801
790 792
790 793
791 2140
791 2143
792 793
792 1789
793 1598
793 1794
793 1799
794 795
794 796
794 797
795 1254
796 1255
797 1256
797 1257
798 799
798 800
798 807
798 3441
799 3448
799 3449
800 3451
801 803
801 804
801 805
801 806
802 2142
803 807
803 808
804 1420
804 3829
805 810
806 2948
806 3817
807 809
808 3456
810 811
810 812
811 2958
812 816
813 824
813 835
813 846
813 857
814 815
814 816
814 817
815 818
815 4571
816 3806
817 1399
817 2342
818 819
818 820
819 820
819 3464
819 3465
820 823
821 822
821 823
822 3466
822 3804
823 3466
824 857
824 2998
826 827
826 828
827 829
828 829
830 1355
833 834
835 846
835 2999
837 4421
837 4482
838 4479
838 4482
838 4548
839 840
839 1791
840 1724
840 1791
841 1934
842 843
842 844
842 847
842 3102
843 1087
843 1089
845 847
845 848
846 3009
847 3100
848 849
848 1707
849 850
849 1363
849 1720
849 1722
850 1707
851 852
851 853
851 854
851 855
852 861
853 856
855 860
855 1937
856 858
856 859
856 860
857 868
857 2999
858 918
858 1931
858 1939
859 1939
860 1936
861 1887
862 863
862 864
862 4187
863 3374
864 3376
865 4176
866 3924
866 4170
866 4601
867 870
868 879
869 870
870 871
871 872
872 3743
874 876
874 885
875 2997
876 877
876 884
876 2713
877 878
877 880
878 881
878 882
879 2157
879 3611
880 883
880 2735
881 3587
881 3615
883 2031
883 3587
884 885
884 886
885 2155
886 887
886 888
887 2713
887 2724
888 2152
888 2153
888 2155
889 892
889 893
889 894
891 902
891 913
891 2935
892 895
892 897
893 896
893 904
894 2431
894 2432
895 896
896 898
897 3700
898 899
898 900
899 901
899 904
901 903
902 2168
902 2179
903 1092
904 1093
905 907
905 915
906 907
906 908
907 909
908 909
908 910
909 911
910 911
910 912
911 914
912 1365
912 1366
913 2135
913 2157
916 919
916 2246
917 918
917 919
917 920
919 3387
920 1927
920 1928
921 922
923 3051
923 3052
924 935
924 946
924 957
924 2224
925 927
925 928
925 4671
926 3054
926 3056
926 4671
928 3053
930 3597
930 3827
932 933
932 1982
933 934
934 1985
935 957
935 1391
935 1402
937 938
937 2099
938 939
939 3482
939 4542
941 942
941 3922
942 943
943 4446
944 2897
945 983
945 985
945 3724
946 979
946 2179
947 992
947 3724
948 984
948 991
948 3724
949 3735
950 3282
951 952
951 953
951 954
952 955
952 956
952 958
953 970
953 971
954 973
954 974
956 977
956 981
957 1424
958 959
958 960
958 961
959 962
959 969
960 963
960 977
961 962
961 963
962 964
963 964
964 965
965 966
965 967
966 969
966 976
968 979
968 990
968 2224
969 975
970 972
971 1000
972 3693
973 975
973 978
974 1007
974 1008
975 980
975 2088
976 977
978 1039
978 3782
979 990
981 982
981 983
983 984
984 989
985 986
986 987
987 988
988 3687
990 1002
991 993
992 3781
993 994
994 995
996 997
997 998
997 999
997 1000
998 1003
999 1043
1000 1003
1001 1113
1001 4624
1001 4712
1003 1004
1004 1005
1004 1006
1005 1007
1006 1009
1006 1010
1009 1014
1009 3784
1010 1015
1011 1012
1011 1014
1011 1015
1012 1016
1013 1024
1013 1035
1016 1017
1017 1023
1017 1031
1018 1019
1018 1020
1019 1021
1019 1022
1020 1023
1020 1025
1020 1026
1022 1027
1022 1028
1024 2124
1028 1029
1028 1030
1029 1032
1029 3768
1030 1031
1032 1033
1032 1034
1033 1036
1033 1037
1033 1038
1034 1037
1034 1042
1035 2224
1036 1037
1036 1039
1038 1041
1039 1040
1040 1041
1041 3782
1043 3198
1043 3269
1044 1045
1044 1047
1045 3550
1045 3551
1046 1079
1046 1191
1046 2535
1046 4622
1047 3560
1047 3721
1048 1050
1049 3500
1049 3501
1049 3503
1051 1053
1053 1054
1053 1055
1054 1056
1055 1581
1055 1582
1057 1068
1057 1079
1057 1090
1057 4622
1058 1059
1058 1060
1058 1061
1059 1062
1060 1069
1060 4167
1062 1063
1062 1064
1062 1065
1063 1066
1063 1067
1064 1885
1064 1886
1064 3076
1066 1886
1066 2213
1067 1070
1068 4381
1068 4405
1068 4633
1069 3075
1069 4167
1071 1072
1071 1073
1072 1074
1072 3214
1073 3211
1074 3215
1074 3217
1075 1076
1075 1077
1076 1078
1076 1080
1077 3149
1077 3151
1078 1081
1078 1082
1079 1101
1079 1258
1080 3151
1080 3152
1081 1083
1081 1084
1082 3108
1082 3152
1083 1085
1084 3153
1085 1086
1085 1087
1085 1088
1086 3109
1087 1089
1087 1091
1088 1152
1088 3153
1089 1360
1090 4380
1090 4381
1091 1398
1091 3103
1093 1094
1093 1095
1094 1096
1095 1096
1097 2163
1098 2165
1098 2166
1099 2164
1099 2172
1099 3968
1100 2859
1100 2861
1101 1114
1101 1125
1101 1136
1102 1564
1102 1566
1102 4261
1103 1104
1103 1105
1103 4261
1104 1106
1104 1107
1106 1108
1106 1109
1107 1486
1107 1487
1107 1497
1108 1115
1108 1141
1109 1131
1109 1138
1109 1141
1110 1111
1110 1115
1110 1411
1110 3882
1111 1486
1112 3334
1112 4222
1113 2013
1113 4144
1114 1147
1114 1158
1114 1169
1115 1141
1116 1117
1116 1118
1116 1119
1117 1129
1117 1139
1118 1120
1118 1121
1119 1133
1119 1139
1119 1142
1120 1122
1120 1133
1121 1126
1121 1127
1122 1123
1122 1124
1123 4329
1123 4331
1124 1253
1124 3907
1125 1202
1126 1241
1127 1245
1127 1250
1128 1129
1128 1130
1128 1140
1128 3483
1129 1137
1130 3483
1130 4324
1131 1132
1131 4263
1132 1138
1132 1140
1133 1134
1133 1135
1134 1186
1134 1187
1135 1186
1135 1407
1136 1225
1136 1236
1136 1247
1137 1138
1137 1139
1137 1140
1138 1456
1139 1456
1141 1456
1142 1410
1142 1456
1143 1144
1144 1145
1144 1146
1145 3069
1146 3070
1146 3071
1147 1280
1147 1336
1148 1149
1148 1150
1148 1151
1149 3108
1149 3152
1150 3110
1151 3140
1151 3141
1152 1153
1152 1154
1153 1362
1153 3159
1154 3154
1156 1157
1156 1159
1156 4163
1157 1160
1157 1161
1158 1213
1158 1369
1159 2253
1160 1162
1160 1163
1161 3878
1162 1166
1162 1167
1163 1164
1163 1952
1164 1165
1164 4598
1165 4600
1167 3880
1168 1170
1168 3846
1168 3857
1169 1358
1169 4475
1169 4548
1170 1614
1170 3066
1171 1172
1171 1173
1171 1174
1171 3846
1172 1173
1172 1175
1173 1176
1174 1175
1174 3066
1175 1178
1176 1177
1176 1178
1177 1179
1177 1181
1177 3940
1178 1611
1179 1457
1180 1191
1180 1202
1180 1213
1182 1183
1182 1184
1182 1185
1183 1228
1183 1229
1184 1873
1184 1882
1185 2283
1185 3966
1186 1188
1187 4332
1188 1405
1188 1408
1189 1190
1190 3942
1190 4090
1191 3478
1192 1244
1192 1245
1192 4325
1193 1194
1193 4325
1194 1195
1194 2017
1195 1196
1195 1197
1196 1198
1196 1348
1197 1199
1197 1248
1198 1199
1198 1200
1199 1238
1200 1201
1200 1203
1201 1437
1201 1438
1203 1204
1203 1205
1203 1206
1204 1208
1204 1533
1205 1207
1205 1208
1205 1209
1206 1349
1206 1350
1207 1349
1207 1507
1207 1508
1208 1530
1209 1210
1209 1527
1210 1211
1211 1214
1211 1530
1211 1531
1212 1214
1212 1215
1212 1216
1212 1217
1213 1380
1214 1523
1214 1536
1215 1218
1215 1219
1215 1220
1216 1219
1216 1521
1217 1536
1217 1549
1218 1221
1218 2003
1219 1997
1219 2003
1220 1221
1220 2014
1221 1227
1221 2007
1222 1223
1222 1226
1222 1227
1223 1226
1223 1228
1224 1335
1224 1446
1226 1230
1227 1231
1227 2010
1228 2008
1228 2016
1229 2005
1229 4278
1230 1231
1230 1232
1231 2012
1232 1233
1232 2011
1232 2016
1233 1234
1233 1235
1233 3978
1234 1237
1235 1993
1235 1994
1236 1258
1236 1269
1237 3852
1237 4042
1238 1251
1238 1440
1238 1445
1239 1240
1239 1241
1239 1242
1239 4340
1240 1252
1240 1441
1240 1445
1241 1253
1242 1443
1243 2029
1243 2030
1244 1246
1244 1248
1248 1249
1249 1250
1250 1251
1250 1252
1251 1445
1253 1674
1255 1261
1255 1264
1256 1597
1256 1598
1257 1259
1257 1260
1258 4549
1259 1260
1259 1262
1260 1341
1261 1262
1261 1263
1262 1341
1263 1339
1263 1341
1264 1338
1264 1339
1265 2103
1265 2104
1265 4195
1266 2109
1266 2110
1266 4195
1267 2103
1267 2107
1267 4195
1269 1280
1269 4552
1270 1271
1270 2436
1271 1272
1271 1273
1272 2445
1272 2448
1273 2449
1273 2459
1274 4719
1275 2068
1275 3859
1275 4719
1276 3585
1277 1278
1277 1279
1278 3405
1279 2682
1279 2694
1280 1291
1281 1287
1282 1283
1283 1284
1284 1289
1284 1290
1285 1286
1285 1287
1286 1290
1286 1293
1287 1288
1288 1293
1288 1307
1289 1292
1289 2545
1290 1292
1291 1302
1291 1313
1292 2547
1292 2645
1293 2644
1294 1295
1294 1296
1294 1297
1295 1300
1296 2640
1296 2643
1297 1298
1297 1299
1298 1301
1298 2643
1299 1300
1301 2547
1301 2642
1302 4549
1302 4552
1303 1304
1303 1305
1303 1306
1304 2642
1304 2648
1305 2647
1306 1307
1306 1309
1307 1308
1308 2644
1310 1311
1310 1312
1310 2717
1311 1314
1311 1315
1312 2718
1313 1324
1313 4423
1314 1316
1314 1317
1314 2719
1315 1317
1315 2716
1316 1318
1316 1319
1317 1319
1318 1320
1319 2708
1320 2719
1320 2720
1321 1322
1322 1323
1323 1325
1323 1640
1324 1336
1324 1347
1325 1326
1325 1327
1325 4545
1326 1328
1326 1329
1327 1640
1327 1641
1327 1642
1328 1642
1328 2858
1329 2032
1329 2873
1330 1331
1330 1332
1330 1333
1330 1334
1331 1340
1332 1337
1334 1575
1334 1576
1335 2057
1335 2139
1336 1358
1337 1338
1337 1339
1338 1340
1342 1343
1342 1344
1342 4268
1343 1345
1343 4320
1344 1345
1344 1509
1344 1511
1345 1346
1346 1348
1346 1349
1346 4320
1347 4556
1347 4557
1348 1350
1349 1511
1351 4332
1351 4334
1351 4484
1352 1353
1352 1354
1352 4465
1355 1367
1356 1357
1356 1359
1358 4553
1360 1361
1360 1362
1361 3166
1361 3167
1362 3174
1363 1364
1363 1705
1364 1708
1364 1709
1365 1972
1365 1973
1366 3094
1366 3948
1367 3625
1368 1370
1368 1371
1369 2546
1369 4548
1370 1372
1370 2938
1371 2930
1371 2938
1372 1373
1372 4512
1373 4512
1374 1375
1374 1376
1374 1377
1375 2988
1376 1378
1376 3867
1377 2986
1378 2984
1378 2987
1379 2126
1379 2127
1380 2546
1380 2558
1380 2569
1381 1382
1381 2702
1382 1383
1382 1384
1382 2746
1383 2152
1383 2724
1384 2152
1384 2153
1385 1387
1385 1388
1385 4501
1386 1392
1386 4501
1386 4502
1387 2977
1387 4504
1388 1389
1388 1390
1389 2976
1389 4249
1390 1392
1390 4078
1391 2336
1391 2347
1392 2966
1393 1396
1393 4498
1393 4502
1394 1395
1394 1396
1394 4498
1395 4493
1395 4498
1396 3965
1397 3107
1397 3110
1398 3104
1398 3107
1399 1400
1399 1401
1400 2340
1400 2341
1401 2332
1401 2338
1402 1447
1402 1458
1402 2001
1403 1404
1403 1647
1403 4484
1404 1405
1405 1406
1406 1647
1406 1648
1407 1408
1407 1409
1408 1412
1409 1410
1410 1411
1413 1424
1413 1435
1413 2979
1414 1415
1414 1416
1415 1418
1416 1419
1416 4487
1417 1449
1417 4487
1418 1632
1418 1633
1419 2023
1419 2025
1420 1421
1420 1422
1421 1429
1422 2943
1422 2944
1422 3830
1423 1425
1423 1426
1423 1427
1424 4617
1425 1428
1425 3412
1426 1434
1426 1436
1427 1431
1428 1429
1428 1430
1428 3809
1429 2942
1429 2943
1430 1431
1430 1432
1431 1433
1432 2943
1432 2945
1432 2950
1433 2940
1433 2941
1434 2933
1434 2936
1434 2937
1435 2957
1435 2968
1435 3002
1438 1439
1438 1440
1439 1441
1439 1442
1440 1445
1441 1444
1442 1443
1446 1475
1446 2046
1447 3642
1448 1449
1448 1450
1448 1451
1450 1651
1451 1454
1451 1654
1452 1453
1452 1454
1453 1652
1455 1496
1455 1564
1455 4258
1457 1459
1459 1462
1459 1965
1460 1461
1460 1462
1460 1463
1461 1964
1461 1966
1462 3065
1463 1470
1463 1471
1464 1465
1464 1466
1464 1467
1465 1467
1465 1959
1466 1962
1467 1468
1468 1961
1468 1962
1468 1964
1469 1777
1469 4318
1470 1473
1470 3064
1471 1472
1471 1473
1472 1967
1472 3661
1473 3063
1474 1475
1474 1476
1474 1668
1475 1626
1476 1477
1477 1478
1478 1479
1479 1481
1480 1491
1480 1502
1480 1513
1482 1483
1482 1484
1483 1484
1485 4243
1487 1488
1487 1489
1488 1497
1489 1490
1489 1492
1490 1493
1490 1494
1491 1524
1491 1535
1492 1566
1493 1655
1494 1495
1494 1496
1495 1551
1496 1498
1496 3883
1496 4258
1498 1499
1498 1500
1499 1550
1500 1501
1501 1503
1501 1504
1502 1778
1502 4314
1503 1505
1503 1506
1503 1555
1504 1555
1504 2102
1505 2086
1505 2095
1506 1555
1506 4253
1507 1509
1507 1510
1507 1511
1508 1527
1508 1529
1509 1512
1509 2266
1510 1515
1510 1529
1512 1514
1512 1515
1513 1773
1513 1777
1514 1516
1514 1517
1515 1528
1516 1518
1516 4276
1517 1518
1517 1527
1517 1528
1518 1519
1518 1526
1519 1520
1519 1521
1519 4276
1520 1522
1521 1997
1522 1523
1523 1525
1524 1773
1524 1924
1526 1527
1526 1531
1528 1529
1530 1533
1531 1532
1533 1534
1534 1536
1534 1537
1534 1538
1535 1924
1535 1946
1537 1548
1537 1549
1538 1539
1538 1540
1539 1541
1539 1542
1540 1543
1540 1545
1541 4074
1542 3630
1542 3631
1542 4343
1543 1544
1544 1545
1544 1547
1546 1558
1546 1569
1546 1580
1548 2011
1548 2014
1549 2014
1550 2102
1551 1565
1552 1553
1552 1554
1552 4254
1554 1555
1554 1556
1556 1559
1556 1560
1557 1668
1557 1779
1557 1890
1558 1579
1558 1580
1560 1563
1561 1562
1561 1563
1564 1565
1567 1568
1567 1570
1567 1571
1567 4341
1569 1935
1569 1946
1571 1572
1572 1573
1573 1574
1575 1578
1576 1577
1580 1591
1581 3754
1582 4060
1583 3758
1584 1585
1584 4315
1585 1586
1586 1587
1586 4318
1587 1588
1588 1589
1589 1590
1589 1592
1591 1602
1591 1613
1592 1593
1593 1594
1594 1595
1594 1596
1595 3320
1595 3321
1596 3322
1598 1599
1598 1609
1599 1600
1599 1798
1600 1601
1601 1603
1601 1604
1602 4652
1603 1604
1603 1605
1604 3938
1605 1606
1606 1607
1606 1608
1607 1784
1607 2398
1608 1807
1608 1809
1609 1799
1609 2350
1610 1611
1610 1612
1610 1614
1611 3067
1612 1615
1612 1616
1613 2130
1613 2824
1613 2835
1613 3992
1615 1617
1615 1618
1616 1621
1616 1623
1617 1619
1618 1620
1618 1621
1620 1622
1623 1625
1624 1635
1624 1646
1624 2835
1624 4661
1625 3069
1626 1627
1626 1628
1627 1629
1627 1630
1627 1668
1628 1630
1628 1631
1629 1630
1629 1631
1630 1631
1632 3470
1632 3471
1633 1634
1634 1636
1634 1637
1635 2802
1636 1638
1639 1681
1639 1683
1640 2721
1641 2721
1643 2509
1643 2715
1644 1645
1645 2528
1645 2696
1646 3003
1646 3006
1647 1649
1647 1650
1648 1649
1649 4485
1650 4483
1651 2960
1651 4494
1652 1653
1654 1658
1655 1656
1656 3883
1657 1669
1657 1680
1658 1659
1660 2173
1660 3039
1660 4701
1661 4211
1661 4255
1662 2916
1662 4515
1663 1664
1663 1665
1663 1666
1663 2255
1663 2256
1664 2202
1665 1667
1665 2769
1665 2841
1666 1667
1666 1670
1667 2801
1669 4297
1670 2800
1670 4229
1671 1672
1671 2897
1671 4541
1673 2972
1673 2975
1673 2978
1673 4249
1674 4328
1675 1677
1676 1677
1676 1678
1678 2582
1679 1681
1679 4336
1680 3006
1681 1682
1682 3461
1682 3462
1683 3459
1683 3461
1684 1693
1684 2614
1684 3824
1685 1686
1685 1687
1686 2619
1686 2621
1687 1688
1688 1689
1689 1690
1689 1692
1690 1696
1690 4040
1691 1702
1691 1713
1691 1724
1691 1735
1692 3954
1692 4116
1693 1694
1694 2612
1695 1696
1695 1697
1695 1698
1696 1699
1697 3813
1698 2627
1698 2628
1700 2606
1700 2607
1701 1703
1701 3954
1702 3020
1704 3746
1704 3814
1704 3815
1705 1706
1705 1707
1706 1936
1708 1715
1709 1710
1709 1711
1710 1716
1710 1717
1711 1712
1711 3828
1712 1714
1712 1715
1712 1725
1713 2178
1713 2998
1714 1741
1714 1976
1716 3684
1718 1719
1718 1720
1719 1721
1721 1722
1722 1723
1723 3684
1724 1780
1725 1726
1725 1727
1726 1728
1726 1734
1727 1731
1728 1729
1728 1730
1729 1731
1729 1732
1730 1732
1730 1733
1730 1734
1731 1739
1732 1736
1732 1738
1733 1736
1733 1737
1734 1740
1735 4297
1737 1741
1737 3928
1738 1971
1738 3945
1743 1744
1744 1745
1744 1747
1746 1757
1746 1768
1746 1780
1747 1748
1748 1749
1748 1750
1749 1751
1751 1752
1751 1753
1754 1755
1754 1756
1754 1758
1755 3330
1756 1772
1756 3331
1757 4461
1758 1759
1758 1760
1759 1761
1759 1762
1760 1766
1760 1769
1761 1763
1761 1765
1761 1902
1762 1891
1763 1764
1764 1767
1764 1770
1764 1771
1765 1766
1765 1767
1766 1767
1768 1791
1768 1802
1768 1813
1769 1770
1769 1772
1771 4510
1772 4510
1773 1774
1774 1775
1775 1776
1775 1924
1778 1781
1778 1946
1779 2113
1779 4643
1780 2997
1781 4312
1781 4314
1782 1783
1782 4301
1782 4313
1783 4302
1784 4313
1785 1786
1785 1787
1785 1788
1786 1812
1786 2346
1787 1789
1787 1790
1788 1790
1788 1810
1789 1792
1789 1793
1790 1793
1792 1797
1793 1800
1794 1795
1794 1796
1795 1796
1795 1797
1796 1798
1799 2349
1800 1803
1801 1803
1801 1804
1803 1814
1804 1805
1805 1806
1805 1808
1806 1807
1806 1808
1807 1810
1808 1811
1808 1814
1809 1812
1809 2346
1810 1811
1810 1812
1813 1824
1813 2177
1815 1816
1815 1817
1816 1825
1816 1826
1817 1828
1817 1829
1818 1819
1818 1820
1818 1821
1819 1863
1819 1865
1819 2085
1819 4051
1819 4052
1820 1822
1820 1863
1821 1822
1821 1825
1822 1823
1823 1825
1823 1826
1824 1835
1824 2424
1824 2435
1826 1827
1827 1828
1827 1832
1828 1829
1828 1830
1830 1831
1830 1832
1831 1833
1831 1834
1832 1862
1832 1863
1833 1834
1833 1836
1834 1996
1835 1846
1835 1857
1836 1837
1836 1838
1837 1839
1837 1840
1838 1995
1838 1996
1839 1841
1839 1842
1839 1843
1840 1843
1840 1861
1841 1844
1841 1845
1841 2297
1842 1845
1843 1849
1844 1848
1844 2296
1845 1847
1846 2435
1846 2447
1848 1849
1848 1850
1849 1850
1851 1852
1851 1853
1852 1858
1854 1855
1854 1856
1854 1858
1855 1859
1856 1860
1857 1868
1857 4588
1858 1871
1859 1860
1861 1872
1861 2264
1862 2330
1863 1864
1864 1866
1864 1870
1865 1866
1865 1867
1866 1869
1867 2084
1867 2262
1868 4588
1869 2262
1870 1871
1870 1872
1871 2295
1872 2263
1873 1874
1873 1875
1874 1876
1874 1877
1875 2274
1875 4281
1876 1878
1877 2268
1877 2270
1878 1880
1879 1891
1879 1902
1880 2267
1881 2267
1883 2021
1883 2022
1883 4435
1884 3640
1884 3641
1884 4273
1884 4435
1885 3077
1885 3078
1886 3073
1887 1888
1888 1889
1888 1892
1889 1893
1889 1931
1890 4641
1890 4642
1891 3329
1892 1893
1892 1894
1893 1896
1893 1930
1894 1895
1894 1896
1895 1897
1895 1926
1896 1899
1896 1932
1897 1898
1897 1899
1898 1900
1898 1901
1898 1922
1899 1901
1899 1929
1900 1903
1900 1904
1901 1928
1901 1933
1903 1933
1903 1977
1904 1908
1904 1921
1905 1906
1905 1907
1905 1908
1906 1911
1907 1921
1907 1925
1908 3673
1909 1910
1909 1911
1909 1912
1910 3400
1910 3404
1911 1978
1912 4193
1913 3326
1913 3327
1914 1915
1914 1918
1914 4193
1915 4193
1920 4587
1921 1922
1922 1923
1923 1925
1923 1926
1925 1926
1927 1933
1928 1929
1929 1932
1930 1931
1930 1932
1937 1938
1940 4162
1940 4165
1941 1942
1941 4162
1941 4163
1942 1943
1943 1944
1943 1945
1944 1948
1944 1949
1944 4171
1945 1947
1947 4165
1947 4168
1948 1950
1948 1953
1949 1950
1949 1951
1950 1951
1951 1952
1952 1953
1953 4170
1954 1955
1954 1956
1954 1958
1954 3946
1955 1956
1956 1958
1957 1968
1957 1979
1957 1990
1957 2002
1959 1960
1959 1961
1960 1967
1960 4605
1961 1966
1962 1963
1963 1964
1963 1965
1964 1966
1966 1967
1968 2013
1969 1970
1969 1971
1970 1973
1970 4041
1972 3072
1972 3095
1973 1974
1974 1975
1975 3945
1977 3929
1978 2111
1979 4629
1980 1981
1981 2115
1982 1983
1984 1985
1984 4594
1987 1988
1987 1989
1987 1991
1988 1989
1989 1992
1990 3029
1990 4433
1991 4265
1991 4437
1992 4264
1994 1995
1994 1996
1997 1998
1997 4278
1998 1999
1998 2000
1998 2003
1999 2000
2000 2004
2000 2005
2001 2112
2001 2224
2002 3027
2002 4704
2002 4707
2003 2004
2004 2007
2005 2006
2005 2007
2006 2008
2007 2015
2008 2009
2009 2010
2009 2015
2010 2015
2011 2012
2012 2014
2018 2019
2018 2020
2018 4437
2019 2022
2019 3670
2019 4438
2020 3670
2022 3670
2023 2026
2023 2027
2024 2035
2024 2046
2024 2057
2026 2027
2026 2028
2031 2680
2032 2033
2032 2034
2033 2874
2033 3873
2034 2867
2034 3648
2035 3861
2035 4723
2036 2039
2036 2728
2036 2745
2037 2038
2037 2039
2038 2040
2038 2744
2038 2806
2039 2804
2040 2041
2040 2043
2040 2045
2041 2042
2041 2043
2041 2803
2042 2803
2042 2805
2043 2044
2044 2047
2044 2048
2045 2182
2045 2807
2046 2068
2048 2049
2049 2051
2049 2809
2050 2051
2050 2052
2050 2053
2051 2808
2052 2912
2052 3932
2053 2054
2053 2055
2054 3833
2055 2823
2055 2825
2056 2058
2056 2059
2057 4720
2057 4722
2058 2259
2059 2841
2059 2842
2060 2061
2060 2062
2061 2063
2061 2064
2063 2065
2064 2067
2065 2066
2065 3985
2066 4133
2066 4250
2069 4250
2069 4256
2070 3985
2070 4250
2071 2076
2072 3936
2072 4254
2072 4259
2073 2074
2073 2075
2073 2076
2075 2078
2075 3875
2075 3900
2076 3936
2077 2078
2077 2080
2077 2081
2078 2083
2079 2090
2079 2101
2079 4178
2080 2082
2080 3900
2081 2082
2081 2083
2082 3899
2083 3875
2084 2085
2084 2089
2084 2289
2084 2294
2084 4054
2084 4084
2085 2399
2086 2087
2086 4491
2087 2095
2087 2098
2089 2289
2089 4282
2089 4284
2091 4049
2091 4051
2092 2415
2092 2416
2092 4285
2092 4286
2092 4287
2093 2094
2095 2096
2096 2097
2096 2098
2097 2098
2097 4497
2099 4542
2100 2966
2100 2969
2103 2105
2103 2106
2105 3373
2106 3365
2106 3366
2107 2108
2107 2110
2108 2109
2109 2110
2111 2114
2112 2224
2113 2124
2113 2135
2114 2115
2116 2117
2116 2118
2116 2802
2117 2119
2117 3006
2118 2757
2118 2791
2119 2120
2119 2757
2120 3022
2120 3025
2121 2122
2121 2123
2121 2125
2123 2126
2123 2791
2124 2201
2125 2126
2125 2127
2127 2128
2128 2386
2128 2387
2129 2813
2130 2813
2130 2824
2131 2132
2131 2175
2131 4697
2132 4697
2133 2134
2133 2136
2133 4654
2134 2137
2135 2146
2136 3015
2136 3017
2137 2913
2137 3019
2138 4709
2138 4711
2139 2149
2139 2150
2139 4714
2140 2141
2140 2142
2141 2142
2141 2147
2142 2150
2143 3000
2144 2145
2144 2147
2145 2148
2145 2149
2146 2190
2146 2201
2147 2150
2148 3636
2151 3031
2151 3032
2151 4255
2153 2154
2154 2155
2156 2158
2156 2159
2156 3334
2157 3595
2159 2160
2159 3339
2160 2161
2160 2162
2161 3344
2162 3340
2163 2164
2163 2165
2164 2167
2164 3968
2165 3333
2166 3671
2167 2169
2167 2214
2168 2190
2169 2170
2169 2171
2170 3345
2170 3346
2172 3618
2172 3619
2173 2174
2174 2175
2175 3040
2176 3593
2177 2178
2178 3612
2179 2369
2180 2181
2180 2182
2181 2183
2181 2749
2182 2751
2182 2753
2182 2754
2183 2758
2183 2762
2184 2185
2184 2186
2184 2187
2185 2732
2185 2738
2186 2732
2186 2733
2187 2739
2187 2749
2188 2189
2188 2191
2188 2197
2188 2503
2189 2722
2189 2733
2190 2201
2191 2192
2191 2193
2192 2485
2192 2498
2192 2499
2193 2485
2193 2486
2194 2195
2194 2196
2194 2197
2195 2488
2195 2504
2196 2200
2196 2504
2198 2199
2198 2200
2198 4223
2199 2505
2200 2505
2202 2203
2202 4021
2203 2204
2203 2205
2204 2206
2205 2918
2205 2919
2206 2918
2206 4240
2208 2209
2208 2210
2208 4508
2210 2934
2211 4508
2212 2225
2212 2236
2212 2247
2213 3073
2213 3074
2214 3354
2214 3355
2214 3968
2215 2216
2215 4340
2216 2217
2216 2218
2217 2219
2217 2220
2219 2221
2222 2226
2222 2227
2223 3342
2223 3853
2225 2258
2226 2228
2227 2230
2229 2230
2229 2231
2229 2232
2231 2251
2232 2243
2232 3390
2233 2234
2233 2235
2233 2237
2234 3914
2234 3917
2235 2250
2238 2242
2238 3919
2239 2240
2239 2241
2239 2242
2240 2248
2241 2252
2242 3920
2243 2244
2243 2245
2244 2246
2245 2248
2245 2249
2246 3921
2247 2258
2247 2269
2250 2251
2253 2254
2253 3927
2255 2257
2255 2845
2256 2844
2256 2853
2258 2291
2259 2260
2259 2261
2260 2847
2260 2849
2261 2843
2261 2847
2263 2264
2265 4268
2265 4274
2268 2271
2269 2280
2271 2272
2271 2273
2273 2274
2273 2276
2274 2275
2275 2277
2275 2278
2277 2279
2277 2281
2280 2291
2280 2302
2282 2283
2282 2284
2282 4281
2284 3666
2285 4280
2286 2287
2286 2288
2286 4280
2289 2290
2290 2293
2290 2294
2291 2313
2292 2293
2294 2295
2298 2300
2298 4730
2299 2300
2299 4730
2301 2305
2301 3308
2301 4731
2302 2313
2303 2304
2303 2305
2303 4731
2304 3458
2305 3309
2306 2429
2306 3458
2306 3502
2307 2317
2307 4573
2308 2309
2308 2312
2309 2948
2310 2311
2310 2949
2310 4493
2311 2312
2311 2314
2312 2951
2313 2324
2314 4119
2315 3362
2315 3364
2316 2345
2316 4569
2317 4575
2318 3634
2318 4426
2318 4575
2319 2320
2319 2321
2319 2322
2320 2417
2320 3487
2321 2379
2321 2381
2322 2375
2323 2325
2323 2326
2323 2328
2325 3486
2325 3487
2325 3886
2326 2372
2326 2373
2327 2328
2327 2329
2327 4054
2328 2373
2328 3885
2328 3886
2328 4084
2329 4054
2331 2334
2331 4559
2331 4567
2332 2340
2332 4559
2333 4446
2333 4526
2333 4559
2335 2446
2335 2557
2336 2347
2336 2358
2337 4567
2339 2340
2341 2345
2343 4573
2344 3481
2344 3634
2344 4572
2345 4568
2345 4573
2346 2348
2347 4615
2347 4616
2348 3937
2349 2351
2349 2352
2350 3677
2350 3678
2350 3683
2351 2353
2351 4145
2352 2354
2353 2354
2353 2355
2354 2356
2355 4016
2355 4102
2356 2357
2356 2359
2357 2360
2357 2361
2360 2362
2360 3959
2361 3889
2361 3892
2362 2363
2362 2364
2363 2365
2363 2366
2363 3956
2364 2412
2365 3955
2366 2367
2366 2368
2367 2370
2367 2371
2367 2400
2368 2384
2368 2385
2369 2380
2369 2391
2370 2372
2370 2373
2371 4139
2372 3894
2374 2375
2374 2376
2374 2377
2375 2378
2376 3895
2376 3897
2377 2385
2377 2404
2379 4290
2380 2402
2380 2413
2380 2957
2381 2382
2381 4290
2382 2383
2384 2407
2384 2408
2387 2388
2389 2390
2389 2392
2390 4303
2391 2935
2391 2946
2392 2393
2392 2394
2393 2394
2393 2396
2394 2395
2395 4303
2395 4306
2396 2397
2396 4306
2399 2401
2399 3904
2399 3905
2400 2401
2400 2403
2402 2413
2402 2424
2403 4015
2403 4016
2404 2405
2404 2406
2408 2409
2409 2410
2409 2411
2411 2414
2413 2946
2415 2417
2415 3893
2416 3790
2416 4283
2417 3485
2418 2419
2418 2420
2418 2421
2418 3435
2419 2422
2419 2423
2420 2422
2420 2429
2421 2881
2421 3435
2422 2425
2423 2425
2423 2426
2424 2435
2425 2427
2426 2427
2427 2428
2428 2893
2429 3435
2430 3777
2431 2432
2431 2433
2432 2434
2433 2434
2433 2471
2434 2561
2436 2437
2436 2445
2437 2438
2439 2440
2439 2441
2439 2442
2440 2443
2441 2448
2442 3645
2443 2444
2443 3812
2446 3642
2446 4112
2447 2458
2447 2469
2447 2480
2449 2450
2449 2451
2450 2453
2450 2454
2451 3993
2451 4216
2452 2454
2452 2456
2453 2455
2453 2457
2454 2457
2455 2456
2456 2457
2458 4294
2458 4295
2459 2460
2459 2461
2461 2462
2462 2466
2463 2464
2463 2465
2463 4213
2464 2470
2464 4213
2465 3998
2465 3999
2465 4216
2466 2467
2466 2468
2467 4031
2468 2470
2469 2968
2469 4295
2470 4031
2471 2472
2472 2473
2474 2476
2474 2477
2475 2478
2475 2479
2477 2478
2480 4294
2481 2482
2481 2483
2482 2484
2485 2497
2486 2487
2486 2488
2487 2489
2487 2495
2487 2497
2488 2489
2488 2490
2489 2492
2489 2493
2490 2492
2491 2502
2491 4499
2491 4533
2492 2494
2495 2496
2498 3801
2499 2500
2499 2501
2502 2513
2502 4292
2504 2505
2507 2508
2507 2716
2508 2509
2508 2510
2509 2514
2509 2715
2511 2512
2511 2514
2511 2515
2512 2516
2512 2517
2513 2524
2515 2518
2515 2520
2516 3771
2517 2518
2517 2523
2518 2519
2519 2530
2519 3767
2520 2525
2522 2550
2525 2526
2526 2527
2527 2528
2528 2553
2529 2554
2530 2531
2530 2532
2531 2533
2531 2534
2532 2551
2533 2536
2534 2537
2534 2538
2535 4414
2535 4462
2536 2537
2537 2553
2538 2539
2538 2540
2539 2541
2539 2542
2540 2541
2540 2554
2541 2543
2541 2544
2542 2552
2544 2548
2544 2555
2544 2556
2545 2547
2545 2548
2545 2549
2546 2569
2547 2641
2548 2559
2549 2555
2549 2560
2549 2641
2551 2552
2552 3772
2553 3767
2555 2562
2556 2559
2557 3633
2557 4053
2557 4615
2558 2569
2558 4546
2560 4215
2561 2563
2561 4215
2563 2564
2565 2582
2565 2583
2566 2567
2566 2568
2567 2570
2567 2571
2567 2586
2568 2576
2569 2580
2570 2572
2570 2573
2571 2576
2571 2577
2572 2578
2572 2581
2573 2574
2574 2586
2575 2584
2576 2577
2577 2578
2578 2579
2579 2581
2579 2583
2580 4417
2580 4421
2581 2584
2584 2585
2590 2592
2590 2593
2591 2602
2591 2613
2591 2624
2592 2662
2593 2594
2593 2595
2594 2596
2594 2597
2598 2599
2599 2601
2599 2603
2600 2601
2602 4480
2602 4481
2606 2608
2606 2609
2609 2610
2609 2611
2613 4417
2613 4421
2614 2615
2614 2616
2615 2617
2616 2618
2617 2623
2617 2625
2617 2626
2618 2619
2618 2626
2619 2620
2620 2621
2620 2625
2621 2622
2622 2623
2622 2625
2624 2635
2624 2646
2625 2626
2627 2629
2627 2630
2628 2633
2629 2631
2629 2632
2630 2638
2631 2637
2633 2634
2633 2636
2634 2636
2638 2639
2641 2643
2642 2647
2644 2645
2645 2647
2646 4453
2646 4456
2646 4457
2648 2649
2650 2651
2650 2652
2651 2652
2655 2656
2657 2669
2657 2680
2659 2660
2661 2663
2661 2664
2662 4064
2663 2665
2664 2665
2664 2667
2666 2667
2668 2779
2668 2890
2668 3112
2669 3590
2670 2671
2670 2672
2670 2673
2671 3499
2672 2676
2673 3484
2674 2675
2674 2676
2674 2677
2676 2678
2677 3496
2677 3497
2677 3498
2679 3496
2679 3498
2681 2683
2681 2684
2682 2690
2683 2690
2683 2692
2684 2685
2684 2686
2685 2692
2685 2695
2686 2687
2686 2688
2687 2689
2687 2705
2687 2709
2688 2698
2688 2699
2689 2700
2689 2703
2691 2702
2691 2713
2691 2724
2691 2735
2692 2693
2693 2694
2693 2695
2694 2696
2695 2698
2696 2697
2697 2698
2697 2701
2699 2700
2699 2701
2701 2703
2704 2709
2704 2710
2705 2706
2705 2707
2708 2709
2708 2711
2710 2712
2711 2712
2711 2714
2714 2715
2716 2717
2718 2719
2718 2720
2720 2721
2722 2723
2723 2725
2723 2726
2725 2727
2725 2728
2726 2734
2726 2736
2727 2729
2727 2734
2727 2742
2728 2745
2729 2730
2729 2731
2730 2731
2730 2732
2731 2734
2731 2737
2733 2737
2734 2736
2736 2737
2738 2739
2738 2740
2739 2741
2740 2741
2740 2742
2741 2748
2742 2743
2743 2744
2743 2747
2744 2748
2744 2751
2745 2747
2746 2757
2746 2768
2747 3967
2748 2750
2749 2761
2751 2752
2751 2806
2752 3969
2753 2755
2753 2756
2754 2809
2756 2758
2756 2759
2756 2760
2758 2763
2758 2764
2759 2809
2759 2810
2760 2765
2761 2762
2761 2763
2763 3952
2764 2773
2764 2774
2765 2767
2765 2772
2766 2767
2766 2796
2766 2821
2767 2815
2769 2770
2769 2771
2770 2839
2770 2840
2771 2796
2771 2838
2772 2773
2772 2774
2775 3953
2775 4226
2776 3898
2776 4106
2776 4235
2777 2919
2777 4235
2778 2920
2778 3984
2778 4235
2779 2890
2779 3046
2780 2791
2780 2802
2780 2813
2781 2782
2781 2783
2781 4229
2782 2784
2783 2790
2783 2792
2783 4229
2784 2785
2784 2786
2785 2787
2785 2789
2786 2793
2786 2798
2787 2788
2788 2793
2793 2794
2794 2795
2795 2796
2795 2797
2797 2798
2797 2801
2798 2799
2799 2800
2799 2801
2803 2804
2805 2859
2805 2860
2806 2807
2810 2812
2811 2812
2811 2814
2814 3930
2815 2816
2815 2819
2816 2817
2816 2818
2817 2818
2817 2820
2819 2820
2821 2822
2824 2835
2825 2826
2825 2827
2826 2830
2826 2831
2827 2828
2828 2829
2829 2836
2829 2840
2830 2842
2831 2834
2832 2833
2833 2834
2836 2837
2837 2838
2837 2840
2839 2841
2843 2844
2844 2850
2845 2854
2846 2857
2846 4677
2847 2848
2848 2849
2848 2850
2849 2851
2850 2851
2850 2852
2851 2855
2852 2853
2852 2855
2853 2854
2853 2856
2855 2856
2857 2868
2858 2859
2858 2862
2859 2860
2860 2861
2862 2872
2863 2864
2863 2865
2863 2866
2863 3650
2864 2869
2864 3960
2865 2870
2865 2872
2866 2867
2867 3650
2868 2879
2868 2891
2869 2870
2870 2871
2871 2872
2874 2875
2875 3649
2876 2877
2876 2878
2876 2880
2877 2880
2877 2888
2878 2887
2878 2896
2880 2894
2882 2883
2883 3480
2883 3502
2884 2885
2884 2886
2885 3599
2885 3600
2886 2896
2886 3569
2887 2888
2887 2889
2887 2896
2888 2892
2889 2892
2889 3491
2890 3446
2891 4455
2892 3480
2893 2894
2894 2895
2898 2899
2899 2900
2901 2903
2902 2913
2902 2924
2903 2904
2903 2905
2904 2911
2904 2912
2905 2906
2906 2907
2906 3616
2907 2908
2908 3932
2908 4003
2909 3617
2910 2911
2913 4654
2914 2915
2917 4232
2917 4237
2918 4232
2919 3984
2919 4020
2920 4230
2921 4126
2921 4230
2922 2923
2923 2925
2924 4724
2925 2926
2925 4251
2926 3834
2927 4506
2928 4506
2929 2930
2929 2931
2929 3656
2930 2938
2931 3656
2932 2933
2932 2934
2932 4508
2935 2946
2936 4507
2937 4509
2940 4507
2944 2945
2944 3829
2945 2947
2947 3829
2949 2950
2950 3855
2950 3965
2951 2952
2952 2953
2952 2954
2954 2955
2954 2956
2957 2968
2958 3816
2959 2960
2959 2961
2959 2962
2961 3819
2962 2963
2964 2965
2964 4494
2965 4493
2966 2967
2968 3002
2969 2970
2969 2971
2970 2973
2970 2974
2971 3654
2972 2973
2972 4256
2975 4077
2977 3834
2977 4248
2978 2980
2979 2990
2979 3002
2979 4295
2980 2981
2982 2983
2982 4304
2983 2984
2984 2985
2985 2986
2987 3852
2988 2989
2988 2991
2990 4407
2990 4617
2991 2992
2991 2993
2994 2995
2998 3831
2999 3000
3000 3008
3001 3112
3001 3223
3001 3335
3003 3004
3003 3006
3004 3005
3004 4661
3005 3007
3005 3008
3005 4660
3007 3009
3008 3009
3008 4660
3010 3011
3010 3012
3010 4652
3011 3016
3012 3018
3013 3024
3013 3035
3013 3046
3014 3015
3014 3016
3017 3018
3020 3021
3021 3022
3021 3023
3022 3023
3023 3026
3025 3026
3027 3028
3028 3029
3030 3031
3030 3033
3030 4628
3032 3033
3032 4649
3034 4333
3034 4355
3034 4632
3035 3057
3036 3037
3036 3038
3036 4700
3037 3040
3037 4698
3038 3039
3038 3040
3039 4700
3041 3042
3041 3043
3041 4689
3042 3044
3042 4694
3043 3051
3043 4686
3045 3047
3045 4676
3047 3048
3047 3049
3047 4686
3048 3049
3048 3050
3049 3051
3050 3052
3050 3626
3053 3941
3054 3055
3057 3068
3057 3079
3058 3059
3058 4611
3060 3061
3060 4611
3062 3063
3062 4607
3064 3065
3066 3067
3073 3944
3074 3097
3075 3076
3075 3077
3076 3080
3077 3080
3078 3081
3078 3082
3079 3090
3079 3101
3081 3083
3081 3086
3082 3085
3083 3084
3084 3087
3084 3088
3086 3096
3087 3821
3088 3089
3088 3091
3089 3092
3089 3821
3090 3223
3090 4579
3092 3093
3092 3094
3093 3095
3093 3672
3094 3949
3097 3098
3098 3099
3101 3113
3102 3103
3103 3104
3104 3105
3104 3106
3107 3108
3108 3109
3109 3926
3111 3117
3111 3118
3112 3223
3113 3124
3113 3135
3114 3115
3114 3116
3115 3117
3115 3119
3116 3200
3116 3202
3117 3123
3118 3130
3118 3133
3119 3120
3120 3121
3120 3122
3123 3125
3123 3126
3127 3130
3127 3131
3128 3131
3128 3143
3129 3130
3129 3137
3131 3132
3131 3133
3132 3134
3132 3136
3133 3138
3134 3136
3134 3142
3134 3143
3135 3779
3136 3138
3136 3140
3138 3139
3139 3199
3140 3141
3140 3142
3141 3151
3142 3145
3143 3144
3144 3145
3144 3147
3145 3148
3145 3149
3146 3157
3146 3168
3146 3779
3147 3148
3150 3215
3150 3847
3155 3156
3155 3158
3156 3161
3156 3162
3157 4206
3157 4210
3158 3159
3159 3160
3160 3175
3160 3176
3161 3163
3162 3165
3163 3164
3164 3165
3167 3169
3167 3170
3168 4157
3169 3171
3169 3172
3171 3173
3172 3173
3174 3178
3174 3832
3176 3177
3176 3181
3177 3178
3177 3180
3180 3184
3181 3182
3181 3183
3182 3185
3183 3184
3183 3185
3186 3187
3186 3188
3187 3196
3187 3788
3188 3192
3188 3193
3189 3191
3189 3192
3189 3193
3190 3201
3192 3194
3193 3194
3195 3196
3195 3197
3196 3787
3200 3203
3200 3204
3201 3212
3201 3224
3202 3685
3205 3206
3205 3207
3206 3288
3207 3208
3207 3209
3208 3210
3208 3287
3211 3213
3211 3214
3212 3235
3212 3246
3213 3218
3214 3241
3215 3216
3216 3221
3217 3219
3217 3220
3218 3226
3219 3222
3220 3234
3220 3236
3220 3239
3221 3222
3221 3225
3224 3910
3225 3239
3226 3227
3227 3228
3227 3230
3227 3925
3228 3244
3228 3680
3229 3680
3229 3759
3230 3231
3230 3232
3230 3234
3232 3233
3232 3234
3233 3236
3233 3237
3234 3241
3235 3257
3236 3238
3237 3242
3237 3243
3238 3239
3238 3240
3239 3250
3240 3245
3240 3247
3244 3265
3244 3925
3245 3248
3245 3250
3246 3290
3246 3301
3246 3312
3247 3260
3247 3265
3248 3249
3249 3250
3251 3252
3251 3253
3252 3254
3252 3255
3253 3255
3254 3256
3254 3258
3255 3266
3257 3268
3258 3259
3258 3260
3259 3261
3260 3264
3261 3262
3262 3263
3264 3266
3265 3925
3266 3267
3268 3279
3268 3290
3270 3271
3270 3272
3271 3273
3271 3274
3273 3275
3273 3276
3275 3277
3275 3278
3277 3280
3277 3281
3279 3380
3279 4725
3279 4728
3280 3282
3280 3283
3282 3284
3284 3285
3284 3286
3287 3851
3289 3291
3291 3292
3292 3293
3293 3294
3294 3295
3294 3296
3295 3297
3295 3298
3296 3298
3297 3299
3298 3299
3298 3300
3299 3302
3300 3302
3300 3303
3301 3336
3302 3305
3302 3306
3303 3305
3304 3318
3306 3856
3308 3309
3310 3311
3312 3323
3312 3336
3315 3316
3316 3317
3317 3318
3320 3321
3322 3324
3323 3347
3323 3358
3324 3325
3326 3328
3326 3933
3327 4075
3331 3332
3333 3337
3333 3338
3335 3446
3335 3557
3335 4699
3341 3342
3341 3343
3345 3354
3345 3884
3346 3348
3346 3854
3348 3349
3348 3350
3349 3351
3349 4035
3351 4079
3352 3353
3352 4079
3352 4101
3354 3356
3355 3359
3356 3884
3356 4002
3357 3360
3357 4002
3358 3369
3358 3391
3359 4002
3360 3884
3360 4035
3361 3362
3361 3363
3363 3623
3364 3365
3366 3367
3368 3370
3368 3371
3369 3380
3369 3391
3370 3372
3372 3373
3374 3375
3375 3376
3375 3377
3376 3908
3378 3379
3378 3381
3378 4192
3379 3382
3379 3384
3380 3402
3382 3383
3384 3385
3384 3386
3387 3388
3387 4172
3388 3392
3389 3390
3389 3392
3390 3393
3392 3398
3393 3394
3393 3395
3394 3396
3394 3397
3396 3397
3398 3399
3400 3401
3400 3403
3406 3407
3406 3409
3407 3408
3407 4517
3408 3409
3408 4513
3410 3411
3410 3412
3410 3414
3411 3652
3411 3653
3412 3415
3413 3424
3413 3435
3413 3447
3413 3458
3414 3415
3416 3417
3416 3429
3416 3430
3416 3433
3417 3652
3417 4517
3418 3419
3418 3420
3419 3421
3420 3438
3420 3439
3421 3422
3421 3423
3422 3425
3422 3426
3423 3428
3424 4729
3426 3427
3429 3431
3429 3432
3431 3433
3431 3434
3431 3437
3432 3436
3433 3443
3439 3440
3439 3441
3440 3441
3440 3442
3442 3443
3442 3444
3443 3445
3443 4521
3443 4523
3444 3445
3444 3448
3445 4524
3446 4655
3446 4666
3449 3450
3449 4524
3450 3451
3450 4123
3451 3453
3452 3455
3453 3454
3453 3455
3455 3807
3456 3457
3457 3651
3460 3461
3460 3463
3460 4467
3464 3472
3464 4066
3465 3467
3465 3468
3467 3472
3467 3473
3469 3480
3469 3491
3469 3502
3470 3804
3470 3805
3471 3472
3474 3475
3474 4641
3476 4645
3477 3614
3477 4401
3478 4547
3479 3481
3479 4426
3482 4043
3482 4439
3485 3486
3485 3487
3486 3896
3488 3489
3488 4285
3489 3494
3489 3885
3490 3492
3491 3513
3492 3499
3493 3494
3493 3495
3493 4285
3495 4082
3496 3497
3497 3753
3500 3504
3500 3505
3501 3507
3501 3509
3503 3505
3503 3508
3504 3506
3505 3508
3505 3540
3506 3514
3506 3750
3507 3511
3508 3752
3509 3510
3512 3514
3512 3515
3513 3524
3513 3535
3515 3516
3516 3517
3516 3518
3517 3523
3518 3519
3518 3522
3519 3520
3519 3521
3520 3526
3520 3745
3523 3538
3523 3747
3525 3526
3525 3527
3525 3528
3525 3529
3526 3737
3527 3537
3527 4080
3528 3562
3528 3563
3528 3996
3529 4080
3529 4103
3529 4137
3530 3531
3530 3532
3531 3541
3531 3554
3532 3550
3532 3554
3533 3534
3533 3536
3533 3537
3533 3577
3534 3748
3535 3546
3535 3635
3536 3541
3536 3844
3537 3576
3538 3539
3538 3540
3539 3748
3540 3544
3541 3542
3541 3543
3542 3547
3542 3549
3543 3738
3543 3763
3544 3545
3544 3549
3545 3548
3546 3558
3546 3569
3546 3635
3547 3548
3550 3703
3552 3553
3552 3554
3552 3555
3555 3564
3556 3559
3556 3560
3556 3561
3557 3887
3557 4576
3558 3569
3558 3580
3559 3742
3560 3722
3561 3565
3561 3723
3562 4134
3562 4137
3563 3972
3563 3973
3564 3565
3564 3566
3564 3726
3565 3725
3566 3741
3567 3568
3567 3570
3567 3571
3567 3572
3568 3578
3568 3741
3570 4111
3570 4134
3571 3578
3571 3738
3571 4108
3573 3574
3573 3575
3573 4108
3574 4081
3574 4103
3575 3576
3575 3577
3576 4081
3577 3744
3577 3844
3580 3591
3580 3602
3581 3881
3582 3583
3582 3584
3583 3710
3584 3709
3586 4360
3587 3588
3588 3589
3588 4459
3589 3615
3590 3592
3591 3602
3591 3759
3592 4459
3593 3594
3594 3595
3594 3596
3594 3608
3600 3601
3600 3603
3601 3604
3601 3605
3602 3613
3604 3606
3605 3607
3608 3609
3610 3823
3610 4178
3613 3624
3614 4397
3618 3620
3621 3622
3621 4013
3623 4017
3623 4149
3626 3627
3627 3628
3628 3629
3629 4000
3630 3631
3630 3632
3631 4343
3632 3852
3632 4042
3633 3975
3633 3977
3637 3638
3637 3639
3639 3641
3639 3966
3640 3641
3642 3643
3643 3644
3643 3789
3646 3657
3646 3669
3646 3680
3647 4363
3648 3649
3648 4537
3650 3960
3651 3808
3652 3653
3654 3655
3656 4242
3658 3659
3658 3660
3659 4239
3659 4245
3660 4239
3662 3663
3662 4422
3664 4306
3665 4273
3666 4143
3666 4432
3667 4438
3668 3779
3668 3890
3668 4112
3669 3691
3671 3708
3672 3821
3673 3675
3674 3675
3677 3679
3678 3679
3679 3681
3681 3682
3686 4358
3687 3688
3687 3689
3688 3690
3691 3702
3693 3778
3694 3695
3694 3696
3696 3740
3697 3698
3697 3699
3697 3704
3698 3729
3698 3730
3699 3701
3699 3704
3701 3703
3702 3713
3702 3724
3703 3730
3705 4423
3705 4451
3706 3707
3707 3858
3709 3710
3710 3711
3711 3712
3713 3735
3714 3715
3715 3716
3717 3718
3717 3720
3718 3719
3726 3727
3728 3729
3728 3731
3729 3734
3729 4099
3730 4099
3731 3732
3731 3733
3732 3734
3732 3736
3733 3764
3734 3736
3735 3746
3736 3764
3738 3739
3738 3844
3739 3741
3739 3763
3743 3751
3744 4107
3744 4108
3748 3749
3754 3755
3754 3756
3755 3758
3757 3768
3757 3780
3757 3791
3759 3760
3760 3761
3761 3762
3767 3769
3768 3780
3768 3791
3769 3770
3772 3773
3774 3775
3774 3776
3776 4468
3780 3802
3782 3783
3785 3786
3790 3794
3790 3796
3791 4092
3792 3793
3792 3794
3792 3795
3793 3795
3793 3796
3794 3800
3795 3797
3796 3797
3797 3798
3798 3799
3798 4432
3799 4282
3799 4284
3802 3813
3803 3804
3809 3810
3810 4072
3810 4073
3813 3824
3814 3815
3814 4092
3817 3818
3820 4091
3820 4098
3822 3823
3822 3825
3823 3825
3825 3826
3826 4222
3832 3974
3834 4248
3835 3846
3835 3857
3835 3868
3836 3837
3837 3879
3838 3839
3840 4216
3841 3843
3841 4187
3842 4182
3845 4146
3847 3848
3847 3849
3848 3849
3848 3850
3852 4042
3852 4309
3855 4076
3857 3858
3858 3876
3859 3860
3861 3862
3861 3863
3862 3864
3862 3865
3863 3864
3865 3866
3867 3869
3867 3870
3868 3879
3869 3871
3869 3872
3870 3872
3872 3982
3875 3901
3875 4259
3877 4605
3879 3891
3881 3970
3885 3886
3887 4576
3890 4150
3890 4155
3891 3902
3894 3895
3899 3961
3902 3935
3902 4602
3902 4604
3903 4245
3904 3909
3905 3906
3906 4052
3911 3912
3913 3924
3913 3935
3913 3946
3914 3918
3915 3916
3915 3917
3916 3918
3919 3920
3923 4433
3924 4597
3930 3931
3935 4604
3936 4259
3937 3938
3938 3939
3942 3943
3942 3950
3946 3957
3950 4014
3951 4090
3953 4056
3953 4059
3954 4009
3957 3968
3957 3979
3958 3987
3958 4386
3958 4620
3961 3962
3962 3963
3962 3964
3963 3964
3965 4120
3966 4148
3971 4026
3971 4028
3971 4094
3972 4010
3972 4026
3973 3994
3973 4010
3974 4044
3974 4045
3975 3976
3975 3977
3976 4655
3977 4053
3977 4444
3978 3980
3978 3981
3979 3990
3979 4002
3980 3981
3984 4019
3985 4114
3986 3987
3986 4387
3986 4389
3987 4620
3988 3989
3988 4295
3988 4407
3989 4293
3990 4013
3991 4444
3991 4477
3992 4302
3993 3997
3993 4216
3994 3995
3994 4011
3995 4012
3996 4110
3996 4111
3998 4216
3999 4216
4000 4607
4001 4112
4001 4152
4001 4155
4003 4055
4003 4070
4005 4006
4005 4007
4005 4008
4006 4032
4006 4033
4007 4088
4007 4105
4008 4033
4008 4036
4008 4105
4009 4086
4009 4088
4010 4034
4010 4095
4011 4012
4011 4038
4011 4039
4012 4037
4013 4024
4015 4016
4019 4025
4019 4100
4020 4021
4020 4100
4021 4100
4022 4023
4022 4025
4023 4125
4024 4035
4024 4046
4026 4027
4027 4028
4029 4643
4030 4704
4032 4094
4032 4095
4033 4034
4033 4095
4034 4036
4034 4037
4036 4038
4036 4104
4037 4038
4038 4039
4039 4109
4039 4138
4044 4045
4044 4048
4045 4047
4046 4057
4047 4048
4049 4050
4050 4051
4050 4052
4055 4067
4056 4058
4057 4068
4057 4079
4061 4062
4061 4063
4062 4064
4062 4065
4063 4085
4064 4065
4067 4069
4068 4101
4071 4072
4077 4078
4080 4081
4083 4084
4086 4087
4088 4093
4089 4091
4089 4092
4089 4097
4090 4101
4093 4104
4093 4105
4094 4095
4096 4706
4103 4136
4104 4105
4104 4109
4106 4121
4110 4111
4110 4134
4113 4124
4113 4135
4113 4146
4113 4149
4114 4115
4116 4117
4116 4118
4117 4129
4118 4127
4121 4122
4122 4234
4123 4524
4123 4526
4124 4150
4124 4151
4125 4126
4127 4128
4129 4130
4130 4131
4131 4132
4133 4250
4134 4136
4135 4149
4136 4137
4138 4140
4138 4141
4140 4141
4142 4143
4142 4434
4143 4431
4145 4147
4146 4151
4150 4151
4150 4152
4152 4153
4153 4158
4154 4156
4154 4157
4154 4158
4155 4166
4159 4160
4160 4161
4161 4162
4161 4163
4164 4165
4164 4167
4164 4168
4166 4178
4166 4189
4168 4171
4169 4170
4169 4171
4169 4172
4169 4173
4170 4598
4173 4174
4174 4175
4174 4176
4175 4179
4175 4180
4177 4288
4177 4399
4179 4181
4179 4184
4180 4181
4180 4182
4181 4183
4183 4184
4183 4185
4185 4186
4185 4188
4186 4187
4186 4188
4188 4192
4189 4723
4190 4191
4190 4192
4190 4193
4191 4194
4191 4195
4191 4196
4193 4196
4197 4198
4197 4199
4200 4211
4200 4222
4200 4233
4201 4202
4201 4203
4201 4204
4201 4205
4202 4208
4205 4587
4205 4589
4206 4207
4206 4208
4206 4209
4209 4583
4209 4584
4212 4213
4212 4214
4212 4215
4216 4217
4217 4218
4218 4221
4219 4220
4219 4221
4219 4223
4220 4221
4223 4227
4224 4225
4224 4226
4224 4227
4225 4228
4228 4229
4228 4230
4231 4232
4231 4234
4231 4235
4233 4700
4233 4701
4234 4237
4236 4237
4236 4238
4236 4239
4236 4240
4238 4246
4241 4242
4241 4243
4241 4245
4241 4246
4244 4255
4244 4266
4244 4277
4247 4248
4247 4249
4247 4250
4247 4251
4248 4251
4252 4253
4252 4254
4252 4256
4257 4258
4257 4259
4260 4261
4260 4262
4262 4263
4262 4264
4265 4267
4265 4437
4266 4300
4267 4268
4267 4323
4268 4269
4268 4323
4269 4436
4269 4437
4270 4271
4270 4272
4270 4273
4271 4274
4272 4274
4272 4275
4275 4276
4275 4278
4277 4333
4277 4631
4277 4648
4279 4280
4279 4281
4279 4282
4283 4284
4283 4285
4286 4287
4286 4290
4288 4717
4289 4300
4289 4311
4289 4322
4289 4333
4291 4292
4291 4293
4291 4294
4293 4488
4296 4633
4296 4644
4298 4299
4298 4301
4298 4302
4299 4303
4299 4304
4300 4322
4304 4305
4305 4306
4305 4307
4307 4308
4307 4309
4310 4312
4310 4313
4310 4314
4311 4344
4311 4355
4311 4366
4314 4315
4314 4316
4316 4317
4317 4318
4319 4320
4319 4321
4319 4323
4321 4324
4321 4325
4322 4662
4326 4327
4326 4328
4326 4329
4327 4338
4328 4329
4330 4331
4330 4332
4330 4334
4335 4336
4335 4337
4336 4467
4338 4339
4338 4340
4339 4341
4339 4342
4342 4343
4343 4345
4344 4377
4344 4637
4344 4639
4346 4347
4347 4348
4348 4352
4349 4350
4350 4351
4351 4352
4351 4353
4351 4354
4353 4378
4354 4356
4355 4635
4355 4636
4356 4357
4356 4358
4356 4375
4357 4358
4357 4360
4359 4360
4359 4361
4361 4362
4361 4363
4362 4372
4363 4364
4364 4365
4365 4367
4366 4662
4366 4669
4367 4368
4367 4369
4368 4543
4369 4370
4369 4371
4370 4373
4370 4374
4371 4543
4371 4545
4374 4536
4375 4376
4375 4378
4375 4379
4377 4388
4380 4382
4381 4396
4381 4404
4382 4383
4382 4389
4384 4385
4384 4386
4384 4387
4385 4439
4386 4439
4387 4389
4388 4422
4388 4433
4389 4390
4390 4391
4390 4392
4391 4393
4391 4394
4391 4395
4392 4394
4392 4550
4393 4561
4393 4562
4394 4549
4394 4551
4395 4423
4395 4551
4395 4562
4396 4397
4397 4403
4398 4401
4398 4402
4398 4613
4400 4411
4400 4422
4401 4613
4402 4403
4403 4404
4406 4407
4406 4408
4406 4616
4406 4617
4407 4617
4408 4409
4408 4410
4409 4412
4410 4412
4410 4466
4413 4415
4413 4419
4414 4415
4414 4416
4415 4419
4416 4417
4416 4418
4416 4419
4417 4420
4418 4546
4420 4454
4423 4428
4424 4425
4424 4426
4424 4427
4425 4428
4426 4428
4428 4429
4429 4574
4429 4575
4430 4431
4430 4432
4431 4434
4435 4438
4436 4437
4436 4438
4439 4440
4439 4443
4440 4441
4440 4447
4441 4442
4441 4443
4442 4449
4443 4445
4443 4446
4444 4455
4444 4477
4445 4450
4445 4558
4445 4560
4446 4526
4446 4558
4447 4448
4448 4449
4449 4452
4449 4564
4450 4451
4450 4452
4453 4454
4454 4458
4456 4457
4456 4459
4457 4458
4458 4460
4459 4460
4460 4461
4462 4546
4462 4547
4463 4464
4463 4465
4463 4467
4466 4477
4466 4488
4468 4469
4469 4470
4470 4471
4471 4472
4472 4473
4472 4474
4472 4475
4473 4476
4473 4478
4475 4553
4476 4479
4478 4554
4479 4480
4480 4481
4480 4482
4483 4484
4483 4485
4485 4486
4486 4487
4486 4489
4487 4489
4488 4499
4490 4491
4490 4492
4490 4493
4490 4494
4491 4496
4492 4495
4492 4496
4495 4496
4495 4497
4495 4498
4497 4502
4500 4501
4500 4502
4500 4503
4503 4504
4503 4505
4503 4506
4505 4507
4505 4508
4509 4512
4509 4513
4510 4621
4511 4522
4511 4533
4511 4544
4513 4514
4513 4515
4514 4516
4516 4517
4517 4518
4518 4519
4519 4520
4519 4521
4522 4533
4522 4644
4523 4524
4523 4525
4524 4526
4526 4527
4528 4529
4528 4530
4528 4531
4530 4532
4532 4534
4532 4535
4536 4537
4537 4538
4538 4539
4538 4540
4538 4541
4538 4542
4543 4545
4544 4555
4544 4610
4549 4550
4553 4556
4555 4566
4555 4577
4556 4557
4558 4559
4560 4567
4560 4568
4560 4569
4561 4563
4562 4565
4563 4564
4563 4565
4566 4577
4566 4588
4569 4574
4570 4571
4570 4572
4570 4573
4571 4572
4574 4575
4576 4578
4576 4579
4577 4599
4578 4580
4580 4581
4580 4582
4582 4586
4583 4584
4583 4585
4583 4586
4585 4586
4589 4591
4590 4591
4590 4592
4590 4593
4592 4594
4592 4595
4594 4595
4596 4597
4596 4598
4596 4600
4596 4601
4597 4600
4598 4601
4599 4610
4599 4622
4602 4603
4602 4604
4603 4605
4606 4607
4606 4608
4606 4715
4608 4609
4609 4611
4609 4612
4610 4633
4610 4644
4613 4614
4614 4618
4615 4616
4618 4619
4619 4620
4619 4623
4622 4633
4624 4625
4624 4626
4625 4627
4625 4628
4627 4629
4627 4630
4628 4630
4628 4646
4629 4631
4629 4632
4630 4647
4632 4634
4634 4635
4635 4636
4636 4637
4637 4638
4639 4640
4640 4669
4642 4643
4642 4645
4646 4647
4646 4648
4648 4649
4650 4651
4650 4652
4650 4653
4651 4653
4651 4654
4651 4656
4654 4657
4656 4657
4657 4658
4658 4659
4658 4660
4658 4661
4662 4663
4663 4664
4663 4665
4665 4667
4666 4677
4666 4688
4667 4668
4668 4669
4670 4671
4670 4672
4672 4673
4672 4674
4672 4675
4673 4676
4674 4678
4675 4676
4675 4678
4675 4679
4676 4682
4677 4688
4678 4695
4679 4680
4679 4682
4679 4683
4680 4681
4680 4682
4680 4683
4681 4684
4681 4685
4681 4686
4683 4695
4684 4690
4684 4691
4685 4691
4685 4692
4685 4693
4686 4690
4687 4689
4687 4690
4687 4691
4688 4710
4689 4692
4692 4694
4693 4694
4693 4695
4693 4696
4696 4697
4696 4698
4697 4698
4699 4721
4702 4703
4702 4704
4702 4707
4703 4705
4705 4706
4709 4713
4710 4721
4712 4713
4712 4714
4713 4714
4715 4716
4717 4718
4717 4719
4720 4722
4722 4723
4725 4726
4725 4727
4727 4728
4729 4730
4729 4731
