# Nodes
0 5214.7 -5049.1
1 5131.2 -5045.6
2 2865.7 -4330.2
3 3771 -4286.7
4 -2796.6 538.1
5 -2752.6 512.5
6 -2815.6 487.7
7 -2555.1 395.3
8 -2736.7 535.9
9 -2542.4 416.7
10 -2568.6 363.4
11 -224.9 -884.7
12 -197 -886.3
13 -1670.6 2536.7
14 3703.7 -4285.3
15 -1691.7 2508.8
16 -1696 2554.8
17 -1660.8 2602.1
18 -1616.8 2460.8
19 -4599.2 -864.9
20 -4529 -924.7
21 -1716.5 2526.8
22 -1746.6 2591.2
23 -4471.8 -835.6
24 -4397 -883.2
25 3135 -5000.3
26 -1766.1 2562.8
27 -1839.7 2616.5
28 -1819.5 2644.2
29 -1894.6 2699.1
30 2737.2 3620.4
31 2769.8 3644.9
32 2750.4 3571.3
33 2632.7 3600.4
34 2731.8 3493.8
35 2783.4 3586.8
36 3136.3 -4911
37 5369.6 -2303.5
38 5362.9 -2432.5
39 5372.1 -2217.8
40 5366.7 -2704.6
41 5167.6 -2715.8
42 5323.8 -2856.6
43 5373.3 -2639.8
44 -2677.4 3870.3
45 -2663.2 4050.3
46 -2732.3 3874.4
47 3068.7 -4997.9
48 4387.9 -567.7
49 4451.5 -569.2
50 4383.7 -683.4
51 4498 -618.1
52 4455 -491.4
53 1304.9 2189.5
54 1413.2 2199.4
55 5256.1 -3594.4
56 5199.5 -3593.4
57 5133.2 -3474.9
58 2327.3 -4474.4
59 5161.5 -3591.4
60 5103.8 -3587.9
61 5108.7 -3731
62 -47.7 1318.7
63 284.8 1403.5
64 -3814.4 1861.5
65 -3914 1869.5
66 1563.4 2932
67 1583.3 2819.8
68 1609.9 2822.6
69 2409.7 -4497.5
70 1590.8 2729
71 3473 -1630.5
72 3284.8 -1643.1
73 3477 -1552.6
74 3641.3 -1678.3
75 3651.7 -1655.5
76 3774.1 -2051
77 3814.8 -1106.3
78 3810.8 -1223.7
79 3819.8 -987.5
80 3231.1 -3546.7
81 3690.3 -1102.5
82 3901.5 -1124.3
83 2764.6 -1192.7
84 2854.4 -1194.9
85 2761.1 -1302.2
86 2675.2 -1190.1
87 -3542.3 3366.5
88 -3504.8 3361.8
89 -3547.7 3070.9
90 4796.9 -2087.4
91 3218.8 -3626.1
92 4797.1 -2061.1
93 4851.2 -2266.1
94 4766 -2069.1
95 4033.6 -2514.6
96 4104.3 -2549
97 3567.2 -2338.8
98 3514.6 -2714.9
99 3589.7 -2045.4
100 3584.7 -2474.1
101 -1895 373.9
102 3242.3 -3455.5
103 -1152.5 -185
104 -690.7 -725.7
105 -1210.3 -691.3
106 -1191.1 -217.1
107 -1624.9 260.7
108 -946.6 -416.4
109 -4602.6 -719.5
110 -4531.8 -639.6
111 -785.4 877.5
112 -767.6 864.3
113 2940.3 -4278.2
114 2431.6 -3567.8
115 -825.8 822.7
116 -735.9 907.2
117 -3582.6 287.8
118 -3624.7 324.5
119 -3554.2 273.6
120 -2660.1 -6.9
121 -2680.4 35.4
122 -2593.4 -436.4
123 -2536.2 -604.5
124 -2578.4 -380
125 2421.2 -3450.2
126 -2647.1 -478
127 -902.4 -196
128 -939.1 -258.7
129 -945.9 -236.4
130 3566.5 -2030.5
131 3463.7 -2377.4
132 5254.1 3029.6
133 5210.7 3038.9
134 5223.2 2913.1
135 3039.5 999.4
136 2559.2 -3558.5
137 2955 1018.7
138 3147.3 974.5
139 2671.6 3263.6
140 2669.4 3223.8
141 2653.9 3375.9
142 2556.2 3253.6
143 2664.5 3203.1
144 2152.1 195.8
145 2128.7 180.6
146 2686.2 3197.8
147 1501.1 -4665.5
148 2650.5 3145.9
149 2560.9 3197.4
150 2701.1 3258
151 -543.5 3006.7
152 -543.1 2943.6
153 -712 3012.5
154 -544.7 3072.7
155 -369.9 3070.4
156 -308.1 3127.3
157 -318.5 3069.6
158 1434.1 -4582.8
159 -3018.4 4461.6
160 -3027 4377.7
161 -2916.3 4467.1
162 -3116.4 4465.5
163 -3121.7 4382.2
164 -3216 4467.8
165 -3219.4 4389.5
166 -3319.6 4397.8
167 -1408.8 110.5
168 -2157 644.2
169 1472.8 -4687.4
170 -1050.1 137.9
171 -1152.1 179.1
172 -971.3 246.7
173 -2737.6 1113.9
174 -3376.9 1646.5
175 -2983 1313.7
176 -2544.1 944.1
177 -1999.2 200.3
178 -2020.9 185
179 -2269 243.1
180 1570.4 -4611
181 -2174.5 -79.5
182 -2193.3 448.7
183 -2252.4 352.7
184 -2339 406.3
185 -2128.9 554.7
186 -2600.6 4320.2
187 -2586.4 4433.1
188 -2698.4 4325.2
189 -2709.8 4163.4
190 -2701.5 3566.4
191 1525.3 -4746.4
192 -2754.6 3570
193 3963.1 -2476.4
194 3833.5 -2436.8
195 3790.7 -2478.5
196 3675.1 -1966.3
197 -3836.6 672.5
198 -3807.3 647.3
199 3627.1 -2596.4
200 -2692.9 -1530.2
201 -2687.5 -1566.6
202 1541.2 -4765.7
203 -2714.8 -1532.7
204 -2601.3 -1557.4
205 987.3 -2748.5
206 -185 -737.9
207 -151.7 -707.4
208 2324.1 4473.1
209 2299.9 4413.2
210 1910.1 4276.1
211 1761 4262.7
212 1253.3 2677.8
213 1467.5 -4824.5
214 1564.8 3233.4
215 1811 3233.3
216 3509.8 -1841.3
217 3971.3 -2589.9
218 3840.5 -2626.8
219 3921.1 -2695.8
220 4091.5 -2570.5
221 4065.1 -2633.3
222 -3504.1 1944.1
223 -3696.1 1766.4
224 2787.6 -4220.9
225 1636 -4690.4
226 988.6 4463.5
227 979.4 4574.3
228 966 4461.3
229 977.1 4348.2
230 4351.5 -864
231 4290 -854.5
232 4494.2 -687.9
233 2758.7 3487.4
234 2849.1 3465.6
235 2729.3 3380.1
236 1404.2 -4741.4
237 2921.8 4180.9
238 131.5 -1219
239 -98.7 -953.5
240 -355.2 -931.2
241 -41.2 -937.5
242 -84.5 -895.5
243 4776.4 -697.8
244 4769.6 -957.5
245 4606.2 -691.9
246 4845.3 -960.2
247 3219.1 -4366
248 4586.4 -1099.3
249 4393.6 -1019.9
250 -841.7 -159.7
251 -806.2 -111.9
252 4920 -2988.7
253 5021.1 -3035.6
254 4834.3 -3197.5
255 4952 -2937
256 4928.6 -3240
257 5045.2 -2980.5
258 -279.2 -4974.2
259 5192.5 -3143
260 1032.2 -85.8
261 1463.9 2808.5
262 1453.9 2921.6
263 1345.2 2911.2
264 2388 4452.1
265 2336.3 4422.4
266 2337.9 4469.6
267 660.5 4204.9
268 672.8 4092.4
269 -321.9 -4985.8
270 773.7 4215.5
271 656.5 4158.3
272 381.2 4134.6
273 -1333.9 1348.7
274 -1396.5 1244.4
275 -1321.8 1365.7
276 -1247.9 1285.5
277 -1462.5 1293.2
278 752 -1549.4
279 229.9 -1282.7
280 -234 -4961.6
281 381.2 -1164.9
282 630.9 1191.8
283 696.3 1280
284 709.4 1132.7
285 68.1 4012.8
286 88.6 4013.9
287 72 3961.8
288 76.7 4040
289 3022.4 187.5
290 2898.6 203.7
291 -302.4 -4899.7
292 3114.7 170.2
293 -4494.2 1907.8
294 -4487.1 1944.4
295 -4591.2 1904.4
296 -4532.8 1984.6
297 -4452 1898.3
298 3572.5 3539
299 3546.4 3544.9
300 3577.2 3661.4
301 3660.3 3642.8
302 316.1 -4764
303 3614.9 3450.5
304 3531.2 3469
305 3717.8 3422.4
306 -3056.5 -989.6
307 -3054.9 -886.7
308 -3021.3 -979.4
309 -3058.3 -1084.8
310 -3164 -995.3
311 -2220.1 -1611.3
312 -2191.9 -1697.9
313 335.2 -4754.2
314 -2351.4 -1639.9
315 -88.5 -157.6
316 -91 -182.9
317 -55 -132.1
318 -4062.6 4180.3
319 -3878.9 4416.4
320 -4056.4 4472.9
321 -3835.5 4413.5
322 -3883.4 4360.4
323 4712.6 -3773.3
324 166 -4829.2
325 4654.2 -3839.2
326 4773.1 -3703.5
327 4874.7 -3918.5
328 4936.4 -3847.9
329 4815.8 -3983.8
330 2377.5 4423.6
331 2405.8 4425.4
332 1887.2 3354
333 2692.9 4761.6
334 258.5 1320.4
335 2837.9 -4171.4
336 2853.1 -5190.6
337 224.3 1345.2
338 328 1416.8
339 147.4 1402.5
340 158.2 1254
341 -1212.4 96.7
342 -1121.6 37
343 -1169.6 154.3
344 -1298.8 142.8
345 -1257.4 199.4
346 2736.5 3003.6
347 2701 -4983.1
348 2772.2 2751.3
349 603.8 1813.9
350 394.7 1508.2
351 404 1359.6
352 -257.4 4176.4
353 -234.3 4148.7
354 -279.2 4150.1
355 -498.5 4243
356 -827.3 3897.7
357 -672 3892.9
358 2893 -5078.2
359 -3403.5 4570.1
360 -3440.3 4571.6
361 -3449.5 4479.4
362 -3546.6 4580.9
363 -1789.1 -3210.3
364 -1868.3 -3230.1
365 -1770.2 -3281.8
366 3178 4467.8
367 3169.8 4425.6
368 3296.1 4457
369 440.5 -4692.8
370 4010.8 4567.8
371 4036.6 4578.7
372 4038.8 4496.8
373 4200.5 4645.2
374 4106.1 4606.9
375 4193.5 4723.9
376 4208.3 4563.8
377 3601.5 4509.8
378 3590.6 4531.5
379 3570.7 4396.3
380 3216.2 -3707.2
381 3499.6 4507.7
382 3114.8 4410.7
383 3121.1 4389.3
384 3001.1 4395.9
385 3396.6 4436.1
386 3400 4459.4
387 3489.5 4415.4
388 3355.7 4448.1
389 3369.5 4320.8
390 3394.8 4481.1
391 3235.8 -3757.5
392 3504.2 4486
393 2502.5 4612.7
394 2318.7 4597.1
395 2326.9 4510.2
396 5150 3074.2
397 -3118.2 -93.6
398 -3147.9 -143.9
399 -3100.9 -62.7
400 -3142.5 -87.6
401 -3122.2 13.5
402 862.4 -4361.9
403 2988.1 4449.8
404 1037.3 -1761.6
405 1075.4 -1765.2
406 1040.4 -1643.7
407 -2018 173.2
408 -1868.5 407.4
409 -1207.7 -237.7
410 3304.8 4434.6
411 -4200.4 1886.4
412 -4303.9 1891
413 788 -4030.6
414 -3936.9 1873
415 -4417.8 1897
416 -4394.6 1888
417 481.1 1621.6
418 3695.7 -1705.9
419 3683.5 -1667.4
420 3670.5 -1628.6
421 3570.8 -1632.9
422 -2899.4 1151.6
423 1029.7 -1378.9
424 891.6 -3950.9
425 915.1 -1399.6
426 1027.5 -1312.1
427 1038.9 -1453.1
428 -716.9 -669.2
429 -721.3 -688
430 -1786.4 3129.4
431 -1824 3086.6
432 -1770.1 3116.1
433 -1681.9 3213.9
434 -2102.3 2742.3
435 356.1 -4969
436 -2067.1 2782.1
437 -2118.3 2754.6
438 -2192.5 2671.6
439 -2229.3 2835.4
440 5358.1 -2569.8
441 5175.2 -2465.1
442 3823.1 -2486.6
443 1581 3110.5
444 1576.7 3152.5
445 1611.2 3142.5
446 2852.3 -4151.1
447 4467.7 -5049.4
448 839.1 2521.3
449 852.2 2538.4
450 819.5 2495.9
451 816.7 2520.6
452 816.2 2565.6
453 710.3 2506.6
454 708 2532.3
455 65.4 4262.8
456 54.8 4372.9
457 42.5 4260.8
458 4469.2 -5004.6
459 -80.4 4360
460 3601.5 -2736.5
461 3632.8 -2702.7
462 3669.1 -2523.6
463 3661.3 -2681.2
464 3619.7 -2965.3
465 3725 -2639.3
466 3724.6 -2677.4
467 3792.1 -2509.1
468 3615.7 -2067.8
469 4367.8 -5042.5
470 3525.1 -2797.3
471 4972.8 -2886.5
472 -2657.6 4121.2
473 -2713.5 4120.2
474 -2517.8 4198.3
475 3094.9 4262.4
476 3141.3 4252.1
477 3204.4 3991.4
478 3177.2 3885.4
479 3223.5 4068.2
480 3357 -4827
481 3379.9 3953.3
482 -1181.5 1850.1
483 -1139.4 1904.8
484 -1090.2 1794.5
485 -1268.1 1901.5
486 -4483.8 1074.9
487 -4512 1093.3
488 -4408.3 1160.8
489 -3449.5 4022
490 -3298.9 4097.8
491 3358.7 -4746.5
492 -3305.5 4009.7
493 -3467.4 4247.1
494 -3429.5 4244.7
495 -3467.6 4163.5
496 -3418.5 4382.3
497 4277.9 4231.1
498 4239.2 4239.9
499 4267.5 3987.2
500 -3664.5 4401
501 -3656.2 4423.6
502 3206.4 -4820.4
503 -3682.3 4164.5
504 -3559.3 4392.9
505 -3745 4430.4
506 4142.7 1293.7
507 4121.1 1202.8
508 4155.5 1346
509 -4667.4 2770.3
510 -4735.4 2751.3
511 -4679 2957
512 -4637.3 2778.1
513 3001.5 -4727.3
514 -878.8 44.2
515 -969.9 47
516 -779.3 -16.9
517 437 720.3
518 436.9 670.2
519 465.4 736.7
520 533.3 686.5
521 4207 1184.4
522 1948.1 -484.2
523 -908.8 674.4
524 3074.3 -4730.5
525 -926.4 686.8
526 -875.2 718.8
527 -993.3 595.4
528 -3068 1112.7
529 -3000.6 1056.9
530 3452.1 -2467.7
531 3363.9 -2458.2
532 3261.2 -2467.7
533 4073.9 986.9
534 4054.8 949.7
535 3018.6 -4542.5
536 4108 1092.8
537 1087.7 281.8
538 1120 325.3
539 1021 194.3
540 -3492.5 -1069.9
541 -547.2 254.3
542 -239.3 672.1
543 -666.8 155.9
544 -3739.4 -900.9
545 -3772.6 -913.7
546 2997.1 -4823.6
547 -3758.7 -849.3
548 -3714.1 -860
549 -3750.8 -968.7
550 -3847.7 -725
551 -3800.9 -708.6
552 -3792.4 -862.6
553 -3235.2 1459.9
554 -3444.5 1450.4
555 -3157.5 1549.7
556 3891.2 3100.3
557 3765.3 -3279.2
558 4463.7 -4927.9
559 3863.7 2986
560 3969.8 3081.4
561 3817.6 3116.7
562 3917 3215.5
563 3935.1 3293.4
564 3996.8 3197.1
565 3844.5 3232.3
566 4015.3 3274.5
567 3863 3310.1
568 -4608.2 -2221.4
569 2251.6 -4022.4
570 -1356.6 1134.7
571 -1318.4 1187.7
572 -1385.2 1095
573 -1410.3 1060.2
574 -1458.9 992.8
575 45.3 -1226.6
576 237.6 -1304.4
577 -411.8 4464.7
578 -390.3 4438.8
579 -429.5 4424.3
580 2187.4 -3935.4
581 -670.8 4349.4
582 -3013.9 4513.4
583 -2600.1 2190.9
584 -2551.4 2247.2
585 -2631.2 2156.2
586 -2826.5 -596.9
587 -2788.6 -584.9
588 -2840.1 -650.9
589 -2311.2 256.2
590 -2280.6 226.1
591 2171.8 -4079.4
592 467.4 -3081.3
593 386.2 -2979.1
594 533 -3028.2
595 402.2 -3132.6
596 359.6 -3000.2
597 448.2 -2929.9
598 1597.5 2944.6
599 -24.4 -948.8
600 23.9 -959.1
601 31.1 -986.7
602 2278.7 -4221.5
603 43.9 -965.8
604 -1197.7 -1600.1
605 -1181.3 -1625.7
606 -1236.8 -1634
607 -1153.6 -1539.8
608 -1288.6 4406.7
609 -1842.3 4447.5
610 -1232.2 4638.9
611 -1214.5 4628.4
612 -1210.6 4648.4
613 2744.9 -2962.6
614 -777.5 -598.9
615 -843.2 -602.1
616 -89 -247.1
617 -62.2 -169.9
618 -62.6 -245.2
619 -88.9 -312
620 -3979 3261.8
621 -3990.5 3279.8
622 -3967.5 3220.2
623 -2489.1 2318.8
624 2836.1 -2955.6
625 -2459 2353.7
626 -2537 2263.6
627 -2421.6 2379.4
628 -2438.3 2393.3
629 -2378.7 2426.4
630 -1767.6 572.6
631 -1773.4 641.6
632 -1805.8 651.1
633 -1896.2 701.9
634 -1783.2 518.2
635 2756.6 -3100.7
636 4101.1 3254.1
637 3707.8 3386.1
638 3794.6 3366.2
639 3681.5 3270.7
640 3803.3 3403.2
641 3784.7 3326.9
642 -3219.7 2767.7
643 -3245.6 2787.9
644 -3232.7 2751
645 -3166.7 2702.3
646 2645.6 -2970.7
647 3690.2 -2251.4
648 -1475.7 -506
649 -1566.2 -450.5
650 -1384.4 -561.7
651 -3937.8 3838.2
652 -3923.7 3942.7
653 -3807 3935.3
654 -3905.1 4182.9
655 5146.1 -3317.7
656 -3410.3 4477.8
657 2926.6 -2947.5
658 -3016.4 4488
659 -661.2 4333
660 685.8 2528.9
661 606.9 2569.5
662 670.9 2473
663 766.4 2603.2
664 696.6 2649.7
665 -4000.1 -2586.7
666 -4019.5 -2656.1
667 -3648.8 2341.8
668 3240.7 -3603.4
669 2846.3 -3092.2
670 -3718.1 2261.2
671 -3604.5 2226.9
672 -3728.7 2414.1
673 -3571.7 2132.9
674 -3641.5 2190
675 -3628.8 2040
676 -3813.7 4575.8
677 -4118.7 4561.7
678 4334.1 3019.2
679 4336.7 3255.3
680 2993.7 -4907.1
681 4225.3 3782
682 -3283.1 1102.9
683 -3321.2 1203.1
684 -3353.8 1163
685 -3399.6 1269.9
686 -3605.2 2576.3
687 3623.7 -2206.7
688 3628.5 -2299.8
689 3608.2 -2439.4
690 -189 -1073.2
691 2985.6 -5078.4
692 -156.4 -1020.3
693 -140 -1109.5
694 -69.9 -1151
695 -107.8 -1213.7
696 86.9 -1254
697 135.9 -1281.4
698 146.7 -1320.9
699 170.1 -1301.5
700 4013.9 3940.8
701 4039.6 3935.4
702 3070.1 -4909.7
703 3929.7 3959
704 3983.5 3811.6
705 2112.9 -1094.4
706 -4021.2 1758.1
707 -3940.1 1690.6
708 -4061.2 1711.8
709 -3763.4 1729.7
710 -4102.6 1826.9
711 -4142.8 1782.3
712 -4025.2 -266.6
713 4178.9 -4355.6
714 -3993.5 -255.1
715 -4011.7 -304.5
716 409.4 -1045.6
717 502.3 -1193.3
718 -3585.1 -1150.3
719 -3521.3 -1168.5
720 -3656.3 -1129.8
721 -3611.2 -1220.1
722 -927.1 -473.6
723 -877.5 -244.2
724 4194.8 -4342.4
725 -993 -342.1
726 -772.6 -2
727 -1437.3 77.7
728 929.8 -555.2
729 876.8 -542.1
730 -3692.7 2604.9
731 -3811.8 2959.6
732 -4043.3 3563.6
733 -3852.8 2943.6
734 4316.8 2389.7
735 4132.5 -4581.7
736 4292.9 2395.1
737 2689.2 2402
738 2715 2517.6
739 2633.4 2170.5
740 3455.3 -2559.2
741 3357.6 -2556.6
742 -566 -481.1
743 -804.9 -517.7
744 -758.7 -404
745 -146.3 -571.8
746 4315.8 -4482.7
747 -2717.4 4055
748 -86.4 3836.4
749 -57 3858.5
750 -13.4 3735
751 -161.5 3760.2
752 -172.1 3729.1
753 -225.5 3762.3
754 4252.9 4573.3
755 4240.7 4728
756 3015 1611.6
757 4120.7 -4272.9
758 3089.4 1595
759 2920.9 1633.2
760 4224.7 -852
761 -3994.7 1886.9
762 5174 -2503.3
763 5176.2 -2423.2
764 -4387.3 -626.1
765 -4353.3 -652.5
766 -4457.7 -704.4
767 943.5 -1579.8
768 4324.1 -3866.3
769 959.9 -1690.7
770 926.8 -1471.6
771 801.2 -1546.3
772 3831.3 -270
773 3827.3 -373.1
774 3945.4 -273.7
775 3837 -57.9
776 -155.5 -614.6
777 -131.5 -619.2
778 -122 -577.6
779 3477.4 -5062.3
780 4261.5 -3927.1
781 2537.6 4660.7
782 2533.6 4704.8
783 2574.6 4708.2
784 2310.5 4683.7
785 -3672.8 -1071
786 -3707.2 -1084.4
787 -3717.3 -955.9
788 -3694.3 -1113.7
789 -3797.3 -1050.2
790 -3662.9 -1101.7
791 4568.2 -4122.8
792 -3565 -831.8
793 -3664 -1188
794 911.8 4156.6
795 1170.9 4181.9
796 896.2 4115.1
797 906.5 4000.8
798 997.5 4124.7
799 797.1 3990.6
800 1480.8 4171.4
801 1505.9 4173.3
802 403.5 -4713.5
803 1780.9 4239.4
804 2309.7 1625.6
805 2400.7 1605.4
806 2315.3 1647.4
807 2285 1525.7
808 2275.2 1643.8
809 -3944.5 -478.6
810 -3933.5 -506.9
811 -3910 -465
812 -3811.9 -319.7
813 481.2 -4666.6
814 -3950.2 -364.9
815 -3756 -16.9
816 -3767.8 -85.5
817 -3787.2 44.3
818 872.3 -1987
819 1244.2 -1735.2
820 826.5 -1712.5
821 -377.7 300.4
822 -467.6 339.9
823 -1501.5 933.4
824 3273.5 -3245
825 -1530.3 893.2
826 -1150.5 46.9
827 403.1 884.1
828 -372.2 4329
829 605.2 4128.3
830 -338.5 4343.3
831 -331.7 4311.3
832 -3756.9 2717.1
833 -3613.7 2302.2
834 3760.3 4664.9
835 3259 -3275.4
836 3715.2 -3017.8
837 3542.7 -2880.7
838 1074.8 4582.9
839 954.7 4571.3
840 958 4612.1
841 -212.1 4092.9
842 -852.1 -360.7
843 -856.3 -298
844 659.7 -1602.1
845 652.9 -1633
846 3248.7 -3242.4
847 682 -1508
848 541.7 -1531.3
849 436.2 -1476.5
850 413 -1577.5
851 -2393.4 3434.9
852 -2108.5 3506.9
853 -2425 3597.9
854 -2346.3 3271.1
855 -2659.6 3571.4
856 1295.7 -1602.9
857 3240 -3202.5
858 3632.6 -2479.9
859 3730.1 -2476.2
860 -2308.6 1180.1
861 -2351.8 1211.7
862 -2273.6 1225.1
863 -2498.8 999.2
864 -2670 736.2
865 3902.2 -2398.5
866 3945.9 -2455.5
867 -3311.8 1400.5
868 3918.3 -4115.8
869 -3354.4 1355
870 3260.7 4225.5
871 -1209.5 264.4
872 -1228.2 274.8
873 -1155.2 338.1
874 -1260.2 232.3
875 -3713.3 1821.1
876 -3562.3 1779.1
877 4073.3 4277.6
878 4116.1 4267
879 3921.9 -4200
880 4008.7 4292.7
881 -3978.4 -293.1
882 -3974.3 -402.7
883 5092.9 -2677.7
884 5059.7 -2677.1
885 5065 -2538.8
886 4229.4 -893.7
887 -2111.3 2613.7
888 -2174.7 2659.7
889 -934.6 2365.7
890 1356 -5163
891 3900.4 -3862.7
892 -847.2 2299.7
893 -1005.6 2259.7
894 -900.6 2485.4
895 1450.8 4169.1
896 -990.6 -44.4
897 4282.3 2765.5
898 4191.1 2787.5
899 4292.4 2719.6
900 2384.2 1758.4
901 2435.3 1746.6
902 -406.8 -5012
903 2339.7 1767.9
904 -2787.3 473.6
905 -2855.1 424.4
906 3519.1 -506
907 3527.8 -264.8
908 3613.9 -511
909 -3967.3 1914
910 -3600.9 1589
911 -3681.8 1659
912 -3670 1511.6
913 -506 -4994
914 4144.3 3529.9
915 4179.8 3403.7
916 3985.5 3686.3
917 834.9 -1783.3
918 758.8 -1717.2
919 3082 -2410.7
920 3157.1 -2488.8
921 3120.1 -2370.2
922 3053 -2367.9
923 -128.5 -496.8
924 -504 -5170.2
925 -105.7 -502
926 -79.1 -387.9
927 -1490.8 -1042.1
928 -1510.8 -1012.4
929 -1433 -997
930 -1569.3 -1053.1
931 3054.4 4727.7
932 3031.3 4731.7
933 3020.5 4686.5
934 3049.5 4707
935 -601.8 -5075.1
936 3025.3 4603.1
937 -2597.6 -17.6
938 -2649.9 94.3
939 -2560.2 44.5
940 -2510.7 -70
941 -2695.6 70.3
942 -2666.8 215.1
943 140 4005.1
944 381.2 4178.1
945 -1452.1 3274.4
946 3359.6 -4667.7
947 -1255.7 2885.8
948 -1342.4 3190.4
949 -1522.8 3344.4
950 -1394.2 3767.5
951 -1544.9 3367
952 -3198.3 -1527.3
953 -3183.1 -1505.1
954 -3168.9 -1545.6
955 -1577.7 826.9
956 -1548.3 869
957 3208.8 -4740.6
958 -1613.3 778.1
959 -901.1 64.6
960 -957.5 92.9
961 -1638.4 742.8
962 3232 954.6
963 3258.7 1063.8
964 3310.6 936.6
965 -2741.9 2030.9
966 -2790.1 1976
967 -2706.6 2070.8
968 3198.3 -5054.1
969 -2080.8 -1653.5
970 -4372.8 84.3
971 -4357.2 70.2
972 -4361.1 113.8
973 3746.7 -8.9
974 3535.9 61.8
975 3533.7 26.9
976 3441.7 88.8
977 -3523 1146.5
978 -3551 1115.2
979 3236.6 -5055.2
980 -3473.1 1189.6
981 -3439.1 1069.2
982 5373.7 -2131.9
983 5381.2 -2056.9
984 5336.5 -2129.7
985 2502.4 3813.7
986 2492.2 3924.9
987 2408.5 3804
988 2415.2 3738.6
989 2665.3 4400.3
990 3291.6 -5057.8
991 2677.5 4280.9
992 2767 4410.6
993 2522 4388.9
994 -1297.6 1216.6
995 4248.8 3380.7
996 4208.1 3423
997 2988.4 4551.4
998 3013.4 4553.1
999 2952.4 4397
1000 -2312.9 -464
1001 1264.5 -5228.4
1002 3286.9 -4975.6
1003 -2253.9 -551
1004 -2237.9 -410.5
1005 136.7 837.9
1006 76.8 757.2
1007 59.1 894.2
1008 213.4 782.3
1009 -3529.6 1336
1010 -3578.2 1280.2
1011 -3439.2 1240.9
1012 -3746.5 572.9
1013 3487.4 -4980.2
1014 -3888.8 558.6
1015 -1801.5 2845.6
1016 -1724.6 2790.5
1017 9.2 3921.2
1018 -19 3905
1019 -4520.5 -1704.4
1020 -4618.3 -1643.1
1021 -4159.9 -1912.3
1022 -4504 -1678.2
1023 -4313 -1349.9
1024 3741.6 -5068.3
1025 -4302.1 -1331.3
1026 -4377.4 -1480.4
1027 -2795.8 4526.7
1028 -2687.2 4528
1029 -2911 4531.5
1030 -2799.5 4184.7
1031 -2835.3 4168.4
1032 -2791.1 4331.7
1033 -3038.4 4258.1
1034 -2775.1 4044.2
1035 3822.1 -5070.8
1036 -2946 4240.9
1037 944.6 -822.9
1038 881.9 -682.8
1039 1001.5 -834.3
1040 888.1 -809.1
1041 816.7 -792
1042 820.2 -669.4
1043 743.2 -775.1
1044 741.5 -859.8
1045 672.6 -758.9
1046 3792.3 -4687.9
1047 693.4 -639.3
1048 605.8 -742.8
1049 588.3 -824.4
1050 484.8 -714.2
1051 496.7 -662.5
1052 424.2 -700.3
1053 390.7 -861.1
1054 365.2 -686.7
1055 327.9 -846.2
1056 243.8 -658.1
1057 3901.8 -5073
1058 301.5 -410.9
1059 122.5 -629
1060 86 -789.2
1061 -60.1 -591.2
1062 -96.6 -746.3
1063 8.8 -607.4
1064 -3271.5 3380.4
1065 -3317 3411.1
1066 -3266.3 3455.8
1067 -3281.6 3345.5
1068 3861.8 -4728.2
1069 -3227.7 3453.3
1070 -3318 3266.1
1071 -3425.8 3353.9
1072 -3224.4 3196.9
1073 989.9 -566.9
1074 947.9 -908.5
1075 891 -894.5
1076 951.4 -993.4
1077 894.5 -979.9
1078 960.3 -1175.3
1079 3986.5 -5079
1080 1020.5 -1188.4
1081 962.7 -1226.9
1082 964 -1249.6
1083 904.8 -1213.9
1084 1024.1 -1264.2
1085 3793.5 -2843.4
1086 3854.2 -2770.7
1087 3722.9 -2782.8
1088 -431.3 388.6
1089 -463 414.5
1090 3935.2 -4768.9
1091 -362.4 482.7
1092 -504 356.2
1093 -548 477.1
1094 -474.5 565.8
1095 -604.3 404.9
1096 -892.5 732
1097 -826.2 785
1098 -1144.4 918.3
1099 -1078.3 1008.7
1100 -1218.3 814.5
1101 3989.5 -4999.6
1102 -1244.9 991.9
1103 -1318.1 888.7
1104 -1178.2 1082.8
1105 -1462.1 1150.8
1106 -1535.9 1049.7
1107 -1529.9 1200.7
1108 -1613.6 1261.8
1109 -1687.5 1161.6
1110 -1695.5 1323.3
1111 -1628.1 1415.1
1112 5222.2 -4799.7
1113 -428.2 -5271.1
1114 4320.5 -3986
1115 -1778.1 1384.5
1116 -1852.5 1283.5
1117 -1841.3 1431
1118 -1773.6 1523.4
1119 -1930.5 1496.4
1120 -2004.6 1396.3
1121 -2023.8 1565.5
1122 -1954.9 1657.9
1123 -2067.5 1597.6
1124 -2141.3 1497.3
1125 4506.3 -4182.9
1126 -2580.1 1974.9
1127 -2488.9 1907.7
1128 -2655.8 1875.9
1129 -2849.2 2177.7
1130 -2784.9 2272.1
1131 -2946.1 2246.4
1132 -3019.9 2145.3
1133 -3034.6 2312.1
1134 -2965.4 2406.7
1135 -3126.1 2379.2
1136 4447.4 -4239.7
1137 -3199.1 2279.3
1138 -3216.8 2445.8
1139 -3149.7 2538.6
1140 -3306.5 2514.5
1141 -3380.9 2413.1
1142 -3396.8 2580.9
1143 -3329.4 2672.7
1144 1114 4248.4
1145 1101.2 4360.1
1146 1011.4 4238.3
1147 4391.9 -4292.7
1148 1216.5 4258
1149 1088.4 4472.9
1150 1206.2 4371.3
1151 1059.3 4691.6
1152 1185.3 4591.4
1153 1179.6 2328.5
1154 1399.8 2351.3
1155 1278.3 2451
1156 1168.5 2440.9
1157 1268.1 2563
1158 2131.6 -2767.6
1159 1376.2 2573.2
1160 1157.9 2552.7
1161 1256.6 2675.4
1162 1245.5 2787.8
1163 1354.8 2798.2
1164 1235 2900.7
1165 1224.6 3012.5
1166 1125.9 2890.2
1167 1215.2 3124.8
1168 1334.2 3022.7
1169 2139.9 -2885.7
1170 1204.2 3236.4
1171 1104.9 3115.9
1172 1193.1 3347.8
1173 1313.1 3246.6
1174 1182.7 3460.4
1175 1085.7 3337.7
1176 1171.1 3574.5
1177 1292.2 3470.7
1178 1162.3 3678.5
1179 1063.3 3564.5
1180 2122.7 -2652.1
1181 1048.9 3722
1182 1276.4 3636.2
1183 1151.2 3797.2
1184 1139 3909
1185 1259.3 3807.6
1186 1051.7 3787.8
1187 1128.8 4021.8
1188 1248.9 3919.7
1189 1042 3899.5
1190 1118.6 4134
1191 2247.1 -2759.7
1192 1031.4 4012.6
1193 1228.3 4144.2
1194 1021.9 4126.3
1195 1383.9 1264.7
1196 1473 1198
1197 1384.7 1337.2
1198 1374 1446
1199 1493.7 1346.9
1200 1364.2 1554.7
1201 1265.9 1436.9
1202 2365.6 -2749.1
1203 1472.5 1565.7
1204 1353.3 1655.6
1205 1463.3 1666.8
1206 1343.6 1777.1
1207 1321.7 1660.6
1208 1332.6 1891.7
1209 1452.6 1789.4
1210 1321.6 2002.3
1211 1222.8 1881.1
1212 1311.1 2114.8
1213 2482.6 -2739.6
1214 1431.1 2013.3
1215 1201.9 2104.4
1216 4158.8 -2674.3
1217 4027.6 -2714.3
1218 4256.1 -2718.5
1219 4123.2 -2755.5
1220 4189.4 -2611
1221 4349.1 -2760.1
1222 4282.8 -2654.7
1223 4313.2 -2842
1224 -429.8 -5224.8
1225 2375.9 -2865.6
1226 4444.2 -2802.8
1227 4385.9 -2680.1
1228 4480 -2724.3
1229 4538.3 -2847.1
1230 4501.4 -2927.9
1231 4574.4 -2764.7
1232 4632.4 -2889.3
1233 4595.4 -2969.3
1234 4670 -2808
1235 4726 -2930.7
1236 2356.5 -2639.2
1237 4690.3 -3012.8
1238 4821.2 -2975.3
1239 4764.1 -2850.9
1240 4785.3 -3056.5
1241 4859 -2894.7
1242 -1305.7 3829.5
1243 -1276.4 3914.9
1244 4848.3 1532.3
1245 5080.9 1599.1
1246 4959.2 1506.3
1247 2503.2 -2737.9
1248 5169.9 1579.5
1249 5105.6 1683.8
1250 5022 1370.4
1251 5255.1 1560.2
1252 5140.3 1467.1
1253 5277 1638.5
1254 157.2 1022.4
1255 191.1 1071.5
1256 117 1128.6
1257 303.1 1063.5
1258 2501.9 -2856.1
1259 226.8 1119.2
1260 150.3 1174.4
1261 267.7 1174.2
1262 343.7 1118.3
1263 334.1 1264.5
1264 479.5 1301.7
1265 470.5 1450.2
1266 650.1 1694.6
1267 552 1562.2
1268 727.1 1636
1269 2626.4 -2728.7
1270 576.7 1751
1271 720.5 1791.7
1272 646.4 1847
1273 790.1 1880.6
1274 866.4 1824.1
1275 858.1 1972.6
1276 776.5 2029.2
1277 901.2 2034.7
1278 938.1 1965.6
1279 878.2 2073.1
1280 2484.1 -2628.3
1281 -214.8 521.4
1282 -200.7 540.3
1283 -285.2 424.4
1284 -131.1 459.4
1285 -222.8 556.5
1286 -131.6 635.2
1287 -54.7 578.5
1288 -205.4 690.1
1289 -68.8 724
1290 -141.8 777.7
1291 2626.9 -2846
1292 -1 815.6
1293 -73.9 870.2
1294 -14.9 948.4
1295 848.4 2124
1296 1088.8 2093.9
1297 1082.4 2167.6
1298 1212.2 1993.4
1299 1419.8 2125.7
1300 1529.2 2135.1
1301 1522.8 2209.6
1302 2617.6 -2617.7
1303 1642.7 2146
1304 1672.3 2149.3
1305 1654.1 2035.2
1306 1781.3 2160.6
1307 1665.8 2213.1
1308 1890.4 2170.2
1309 1791.9 2047.8
1310 1999.3 2181.4
1311 1880.2 2282
1312 1988.8 2292.1
1313 2759.9 -2718.6
1314 2012.6 2068.7
1315 2097.8 2190.6
1316 2117.8 2192.3
1317 2108.3 2077.3
1318 2097.2 2302.5
1319 2217.2 2201.1
1320 2207.7 2312.4
1321 2228.9 2089.5
1322 2326.3 2212.2
1323 2336.1 2100.5
1324 3255.2 -2678.2
1325 2314 2323.7
1326 2440.2 2210.1
1327 2400.9 2103.4
1328 2541 2188.1
1329 2514.5 2080
1330 3017.2 2079.9
1331 3195.2 2039.6
1332 3052.4 2195.7
1333 3278.8 2019.8
1334 3167.1 1923.8
1335 -455 -5232.9
1336 3248.8 -2923.1
1337 3383.4 1996.2
1338 3306.5 2135.5
1339 3470.8 1976.2
1340 3410.4 2111.8
1341 3357.5 1879.8
1342 3549.2 1957.4
1343 3444.8 1859.3
1344 3497.3 2091.4
1345 3576 2074.3
1346 3523 1841.8
1347 1896.8 -2785.2
1348 3620.8 1941.4
1349 3699.9 1924
1350 3648.3 2056.4
1351 3595.2 1825.7
1352 3727.4 2038.1
1353 3785.9 1902.6
1354 3673.6 1805.7
1355 3881.1 1880.5
1356 3759.6 1786.3
1357 3812.8 2019.5
1358 1905.8 -2904.4
1359 3853.6 1764.5
1360 3974 1859.2
1361 3907.3 1995.8
1362 3947.1 1742.8
1363 4059.6 1838.2
1364 4086.3 1954.4
1365 4157 1815.3
1366 4033.2 1723.4
1367 4182.2 1932.2
1368 4261.1 1791.3
1369 2170.9 -1794.2
1370 4234.1 1674.2
1371 4294.3 1783.9
1372 4288.1 1907
1373 4344.2 1771.7
1374 4317.7 1656.7
1375 4467.9 1743.8
1376 4437 1627.9
1377 4371.3 1888.4
1378 2569.7 -1131.8
1379 2567.9 -1187.1
1380 2286.1 -1784.2
1381 4558.6 -3050.9
1382 4521.5 -3131.9
1383 4653.3 -3093.7
1384 4463.4 -3008.2
1385 4616.1 -3176
1386 4427.4 -3088.3
1387 -2438.4 798.6
1388 -2484.7 832.7
1389 -2469.8 748.3
1390 -2527.2 654.3
1391 2180.3 -1910.7
1392 -2568.2 808.2
1393 -2584.8 556.3
1394 -2632.5 715
1395 -2494.6 501.3
1396 -2686.4 618
1397 -1791.1 1685.7
1398 -1701.9 1620
1399 -1862.3 1588
1400 -1778.6 1702.7
1401 -2096.8 1465
1402 2158.7 -1650.3
1403 -2077.4 1297.5
1404 -1916.2 1330.6
1405 -2170.9 1364.9
1406 -1988.1 1231.8
1407 -2145 1206
1408 -2169.3 1174
1409 -2236.9 1274.7
1410 -2064.2 1129.6
1411 -2259.9 1049.2
1412 -2365 1099.6
1413 2295.9 -1901.8
1414 -2349.9 924.9
1415 -2454.4 977.4
1416 -2249.1 875.6
1417 -2772.9 240.3
1418 -2803.4 310.5
1419 -2725.8 117.3
1420 -2850.5 124.1
1421 -2862.1 104.9
1422 -2908.4 255.8
1423 -2951.7 185.3
1424 2403.5 -1775.4
1425 -2905.2 33.7
1426 -2769.5 48.9
1427 -2953.9 -44.8
1428 -3006.3 94.5
1429 -2812.3 -23.4
1430 -3000.7 -122.9
1431 -3058.3 8.8
1432 -2860 -101.7
1433 -3057.9 -218
1434 -2908 -179.8
1435 2276.8 -1658.2
1436 -3112.7 -309.1
1437 -2965.4 -275.1
1438 -3164.4 -190.5
1439 -3020.3 -364.8
1440 -3167.9 -397.2
1441 -3204.7 -386.3
1442 -3070.6 -449.4
1443 2461.1 -1183.1
1444 2506.2 -1296.8
1445 2474.3 -1066.2
1446 -347.5 -5196.9
1447 2423.7 -1773.8
1448 2383.6 -1273.1
1449 2363.8 -1287
1450 2365.3 -1308
1451 2377.6 -1190.4
1452 -486.8 4085
1453 -558 4081.6
1454 -567.5 4238.8
1455 3430 -262.1
1456 3422.6 -504.8
1457 3511.6 -625.8
1458 2412 -1892.3
1459 3609.3 -631.9
1460 3418.4 -622.7
1461 3508.4 -746.2
1462 3414.1 -741.1
1463 3604.6 -749.5
1464 3504.4 -860
1465 3410.6 -857.2
1466 3600.5 -863
1467 3499.9 -980.9
1468 3595.3 -987
1469 -87.2 -5109
1470 3407.6 -975.5
1471 3493.3 -1096.5
1472 3403 -1094.5
1473 3488.8 -1216.2
1474 3590.9 -1103.2
1475 3585.3 -1220.6
1476 3484.7 -1329.3
1477 3299.2 -1208.5
1478 3480.2 -1444.1
1479 3583.2 -1335.4
1480 -172.8 -5138.1
1481 3295.7 -1318.8
1482 3578.2 -1448.3
1483 3573.5 -1555.2
1484 3457.1 -2036.6
1485 3461.1 -2133.3
1486 3369.6 -2027.4
1487 3459.8 -2215.1
1488 3374.8 -2129.6
1489 3607.4 -2472.4
1490 3000.6 4501
1491 -65.9 -5161
1492 -3557.6 4416.1
1493 -3754.5 3931.1
1494 -3578.1 4156.2
1495 -3792.6 4173.3
1496 2065.6 2752.6
1497 2107.3 2756.5
1498 2043.5 2750.5
1499 2055 2864.3
1500 2044.4 2976.5
1501 2152.7 2873.8
1502 -162.3 -4938.8
1503 2033.7 3089.4
1504 2022.4 2974.5
1505 2028.5 3143.8
1506 2131.6 3098.7
1507 2011.7 3087.2
1508 2023.1 3201.4
1509 2126.4 3153.7
1510 2006.6 3141.6
1511 2012.5 3312.9
1512 2121 3210.7
1513 -262.7 -5168.3
1514 2001.2 3199.2
1515 2001.9 3424.9
1516 2110.5 3322.3
1517 1990.7 3310.9
1518 2099.9 3434.5
1519 1980.1 3422.6
1520 1991 3539.5
1521 2025.1 2521.9
1522 2076.2 2526.6
1523 1967.7 2516.6
1524 4330.8 -4351
1525 2012.9 2635
1526 1954.9 2630.3
1527 2001.9 2746.6
1528 1945.7 2741.3
1529 2126.8 2531.2
1530 2116.6 2645
1531 2185 2536.5
1532 2174.8 2649.8
1533 2163.3 2761.8
1534 1916.1 4322.4
1535 4387.6 -4411.6
1536 1894.7 4320.3
1537 2013.3 4332
1538 1928.2 4210.8
1539 2023.7 4218.4
1540 1905.6 4209.5
1541 1936.6 4097.9
1542 1915.3 4095.9
1543 2032.9 4105.8
1544 1946.4 3985.7
1545 2045.2 3993.9
1546 4152.4 -4126.4
1547 1925 3983.9
1548 1957.8 3873.6
1549 1935.4 3871.6
1550 1967.2 3768.9
1551 1944.8 3761.7
1552 2154.3 1753
1553 2161.5 1632
1554 2258.9 1762.8
1555 2137.3 1759.6
1556 2040.1 1742.7
1557 -495 -5039.8
1558 4226.8 -4093.4
1559 2129 1852.1
1560 2151.3 1854.1
1561 2118.5 1965.6
1562 2020.7 1956.9
1563 2140.1 1967.8
1564 2129 2079.3
1565 2086.8 2415
1566 1847.9 3751.2
1567 1838.2 3863.5
1568 1826.9 3975.1
1569 4625.8 -4182.9
1570 1817.2 4086.7
1571 1806.4 4201.1
1572 1853.3 4316.1
1573 2033 2862
1574 1924.9 2966
1575 1914.9 3077.7
1576 1902.7 3190.6
1577 1882.3 3414.8
1578 2205.3 1196.5
1579 2235.3 1304.7
1580 -883.6 -5168.2
1581 2297.6 1172.7
1582 2181.5 1084.5
1583 2191.9 1305.4
1584 2083.3 1296.7
1585 2182.7 1415.3
1586 2258.8 1414
1587 2171.4 1525
1588 2061.5 1514.3
1589 2250 1863.5
1590 2238.1 1977
1591 -972.1 -5197.1
1592 2196 2425.9
1593 -3252.4 850.7
1594 -3329.1 919.9
1595 -3190.9 787.9
1596 -3221.5 895.7
1597 -3465.1 1040.6
1598 -3300.4 965
1599 -3387.5 828.8
1600 -3535.6 959.2
1601 -3648.5 1201.5
1602 -798.1 -5140.2
1603 -3620.7 1034.4
1604 -3733.1 1275.3
1605 -3805.1 1196.7
1606 -3661.9 1357
1607 -3813.3 1348
1608 -3741.7 1427.5
1609 -3883.9 1266.5
1610 -3893.1 1418.7
1611 -3974 1489.3
1612 -3822.4 1499.1
1613 3015.8 -4521.6
1614 -3964 1338.2
1615 -4053.3 1559.8
1616 -4043.6 1409.3
1617 -3902.3 1569.8
1618 -4122.8 1481.5
1619 -3981.7 1640.6
1620 -4134 1631.7
1621 -4204.6 1552.7
1622 -4212.2 1702.4
1623 -4283.1 1622
1624 2998.6 -4996.4
1625 -4294.1 1772.6
1626 -4362.9 1693.7
1627 -4444.7 1763.7
1628 -4613.4 2055.2
1629 -4462.2 2064.6
1630 -4541.3 2136.1
1631 -4684.3 1976.1
1632 -4693.2 2126.7
1633 -4622.2 2206.9
1634 -315.1 4450.5
1635 3125.5 -5149.2
1636 -202.9 4461.2
1637 -326.4 4562.2
1638 -192.7 4349.2
1639 -1224.8 3102.4
1640 -1162.9 3056.8
1641 -1186.3 3236.2
1642 214 3303.5
1643 119.5 3370
1644 32.9 3434.8
1645 155.2 3414.9
1646 2992.1 -5145.4
1647 -52.4 3501.4
1648 -33.2 3343.7
1649 -138.3 3566.9
1650 13.6 3591.2
1651 -205.8 3474.6
1652 -221.9 3628.8
1653 -232 3568.1
1654 -275.6 3641.9
1655 -261.6 3674.8
1656 -305.2 3568.5
1657 2883.4 -4849.5
1658 -458.4 3645.6
1659 -458 3677.6
1660 -556.9 3646.3
1661 -558 3572.7
1662 -663.5 3647.2
1663 -663.5 3680.5
1664 -799.6 3648
1665 -800.2 3575.2
1666 -869.2 3648.7
1667 -869.1 3683.3
1668 3964 -3506
1669 2113.2 -2535
1670 862.7 -1683.8
1671 273.6 -1325.3
1672 -1671.6 398.6
1673 -1562 345.3
1674 -1107.4 1181.2
1675 -1094.8 1198.6
1676 -1006.8 1106
1677 -1378.3 933.2
1678 -1388.2 790.8
1679 -1452.8 829.2
1680 2228.1 -2525.9
1681 -1477.7 665.8
1682 -1276.1 734.9
1683 -1366.8 611.9
1684 -1569.5 541.4
1685 -1715.5 612.5
1686 -1459.9 484.2
1687 -1917.3 13.1
1688 -1971 -76.8
1689 -1820.3 -46.3
1690 -2001 -123.7
1691 2219 -2409
1692 -2029.3 -170.1
1693 -2110.4 5.5
1694 -2077.5 -249
1695 -1929.8 -229.3
1696 -2120.9 -321.7
1697 -1978.6 -310.2
1698 -2133.1 -338.3
1699 -2235.8 -238.4
1700 -2034.3 -399.1
1701 -2156.3 -356.6
1702 2346.2 -2515.1
1703 -2182.8 -307.4
1704 -2177.5 -499.2
1705 -2502.5 -710.3
1706 -2605.3 -622.2
1707 -2706.7 -634.9
1708 -2695.1 -741.8
1709 -2724 -544.5
1710 -2817.1 -647.9
1711 2563.4 4441.9
1712 2459.6 4259.5
1713 2464 -2505.3
1714 2774.7 4290.4
1715 2762.7 4460.4
1716 -983.7 -1282
1717 -997 -1264.1
1718 -1030.7 -1320.5
1719 -1046.6 -1207.7
1720 -960.5 -1204
1721 -1060.4 -1190.9
1722 -1027.4 -1137.6
1723 -1122.4 -1120.8
1724 2336.7 -2399.6
1725 -1173.2 -1063.1
1726 -1156.7 -1160.7
1727 -1186.2 -1047.3
1728 -1160.9 -1009.1
1729 -1245.4 -979.9
1730 -1274.2 -1012.5
1731 -1227.6 -942.1
1732 -1313.9 -898.3
1733 -1296.8 -878.4
1734 614.5 -2926.2
1735 2484.6 -2503.5
1736 538.5 -2845.5
1737 406 -2882.6
1738 387.1 -2684.6
1739 310.7 -2603.4
1740 157.6 -2596.1
1741 48 -2684.2
1742 84.2 -2509.8
1743 -22.4 -2594
1744 104.5 -2384.2
1745 8.1 -2424.3
1746 2474.8 -2389.9
1747 66.4 -2343.7
1748 -61.7 -2341.7
1749 -163.1 -2417.7
1750 -124 -2272
1751 -218.8 -2346.9
1752 -221.9 -2159.1
1753 -309.9 -2231.4
1754 -161.9 -2102.4
1755 -325 -2039.2
1756 -270.3 -1985.6
1757 2607.1 -2493.3
1758 -408.1 -2106.6
1759 -423.9 -1925.5
1760 -372.9 -1876.6
1761 -461.4 -1882.4
1762 -538.8 -1942.2
1763 -515.6 -1820.2
1764 -593 -1873.9
1765 -588.6 -1736.3
1766 -577.7 -1713.5
1767 -656.8 -1792.8
1768 2597.9 -2377.4
1769 -628.5 -1655.1
1770 -527.7 -1629.6
1771 -660.7 -1616.4
1772 -712.5 -1721.5
1773 -687.6 -1585.4
1774 -602 -1557.4
1775 -753.2 -1512.3
1776 -769 -1649.3
1777 -766.3 -1496.5
1778 -706.8 -1453.5
1779 3995.4 -3530.5
1780 2618.5 -2521.6
1781 -839.7 -1412.4
1782 -842.5 -1558
1783 -909.3 -1473.7
1784 -804.9 -1357.2
1785 -917.2 -1338.3
1786 -970 -1397.1
1787 -895 -1269.8
1788 859.3 -240.1
1789 846.6 -264.1
1790 804.8 -200.1
1791 2614.1 -2465.9
1792 874.2 -192.9
1793 899.9 -125
1794 953.6 107
1795 918.5 267.6
1796 988.6 107.8
1797 1313.2 586.9
1798 1461.8 701.2
1799 1290 555.8
1800 1633.2 836.7
1801 1777.2 952
1802 2770.5 -4932.8
1803 1748.7 948.9
1804 1893.2 965.8
1805 1772.5 1044.3
1806 1885.8 1055.2
1807 2003 979.6
1808 2111.5 993.2
1809 1995.4 1066.5
1810 2103.6 1077.3
1811 2160.2 998.9
1812 2260.4 1011.4
1813 3576 -4281.4
1814 2278.8 1093.1
1815 2376.5 1100.4
1816 -3807.5 2483.5
1817 -3797.5 2333.1
1818 -3686.3 2457.4
1819 -3754.6 2543.7
1820 -4083.4 3839.5
1821 -4052 3949.9
1822 -3943.5 4184.9
1823 -3955.3 3946
1824 3609.2 -4281.9
1825 2320.9 216.2
1826 2324.7 147.8
1827 2260 211.5
1828 -651.9 4418.2
1829 -661.9 4530.6
1830 -540.2 4428.4
1831 -763.8 4407.5
1832 -672.7 4642.5
1833 -550.3 4540.5
1834 -774.3 4519.4
1835 3219.3 -4271.2
1836 -561.1 4653.5
1837 -784.8 4632.2
1838 -4268.4 -2484.8
1839 -4232.1 -2513
1840 -4303.7 -2457.2
1841 -4217 -2352.7
1842 -4322.1 -2305.8
1843 -4179.2 -2252.9
1844 -4024.2 -2319.5
1845 -4141.1 -2153.9
1846 4006.9 -4809.3
1847 -4282.2 -2208.3
1848 -4104.7 -2053.7
1849 -4066.8 -1953.3
1850 -4200 -2011.2
1851 -4028 -1853.7
1852 -3929.3 -2013.6
1853 -3989.2 -1754.2
1854 -4121.1 -1814.3
1855 -3901.7 -1923.3
1856 -3951.2 -1655.1
1857 3639.4 -4282.8
1858 -4078.6 -1714.2
1859 -3912.8 -1555.7
1860 -4038.3 -1617.9
1861 -3875.8 -1454.2
1862 -3998.6 -1519.4
1863 -3832.3 -1588.5
1864 -3839.5 -1370.2
1865 -3955.6 -1419.1
1866 -3768.5 -1493.9
1867 -3799.3 -1275.5
1868 3227.3 -4076.8
1869 -3919.9 -1336
1870 -3757.4 -1180.9
1871 -3878.9 -1240.5
1872 -3837.9 -1145
1873 4618.2 -1114.2
1874 4614.8 -1250.4
1875 4611.8 -1362
1876 4630.5 -2129.4
1877 4632 -2384.4
1878 4709 -2089.5
1879 3604.1 -4083.1
1880 4692.5 -2409.2
1881 4565 -2353.4
1882 4625.7 -2585.3
1883 4545.3 -2597.4
1884 4792.6 -2631
1885 -1612.8 2113.8
1886 -1547.3 2201.6
1887 -1668.8 2141.6
1888 -1518.4 2054.9
1889 -1588.1 2233.2
1890 4012.6 -3855.9
1891 3855.7 -4289.4
1892 -1560.5 2348.5
1893 -1479 2292.1
1894 -1543.9 2412.2
1895 -1446.1 2337.7
1896 -1519.3 2499.6
1897 -1398.1 2404
1898 -1448.5 2589.8
1899 -1361.8 2691.1
1900 -1526.3 2646.1
1901 -1252.2 2604.2
1902 3901.5 -4290.4
1903 -1338.4 2718.9
1904 -1269.1 2845.2
1905 -1156.2 2807.4
1906 -1169.5 2887.4
1907 -1256.2 4055.7
1908 -1170.5 3908.1
1909 -855.7 4220.3
1910 -1597.4 2496.4
1911 -1627.2 2491.6
1912 -1564.5 2592.1
1913 3880.7 -4476.6
1914 -1573 2679.6
1915 -1383.5 2814.5
1916 -1444.5 2960.1
1917 -1463.5 2819.3
1918 -1510 3013.8
1919 -1586.3 2921.9
1920 -1576.2 3286.9
1921 -1706.2 3221.5
1922 -391.1 -3728
1923 -244.6 -3667.5
1924 2935.8 -4189.6
1925 -478.3 -3763.5
1926 -429.2 -3672.4
1927 -479.8 -3598.4
1928 -300.4 -3585.5
1929 -552.5 -3658.5
1930 -529.7 -3524.8
1931 -351.1 -3511.1
1932 -599.9 -3422.3
1933 -402 -3436.5
1934 -661.9 -3330.9
1935 3200.6 -4279.8
1936 -675.7 -3475.1
1937 -724 -3239.4
1938 -533.8 -3243.1
1939 -788 -3146.5
1940 -802.7 -3291.4
1941 -864.4 -3198.2
1942 -852.9 -3051.2
1943 -659.6 -3058.6
1944 -784.6 -3004
1945 -915.5 -2959.1
1946 3200.1 -4306.4
1947 -991.6 -3012.3
1948 -846.8 -2912.6
1949 -967.2 -2884.1
1950 -1042.4 -2936.8
1951 -838.6 -2799.3
1952 -1050.9 -2762.1
1953 -1127.4 -2814.4
1954 -987.8 -2720.9
1955 -1140.5 -2631.1
1956 -1077.6 -2588.1
1957 -529.5 -4928.3
1958 -1208 -2532.5
1959 -1215.5 -2682.5
1960 -1144.1 -2489.6
1961 -1265.9 -2444.4
1962 -1342.2 -2495.8
1963 -1325.9 -2355.4
1964 -1385.4 -2266.6
1965 -1198.5 -2268
1966 -1460.7 -2319.6
1967 -1445.1 -2178.3
1968 1479 -3774.5
1969 -1319.8 -2092.7
1970 -1506.3 -2090.8
1971 -1567.5 -2001.1
1972 -1582.5 -2143
1973 -1380.4 -2003.4
1974 -1643.5 -2053.6
1975 -1632.2 -1908.1
1976 -1503.7 -1820.1
1977 -1705.8 -1800.5
1978 -1708.3 -1959.4
1979 1511.9 -3821.1
1980 -1754.3 -1729.5
1981 -1642.2 -1756.8
1982 -1818.9 -1634.8
1983 -1870.3 -1559.4
1984 -1771.2 -1704.7
1985 -1690.6 -1547.7
1986 -1740.9 -1470.5
1987 -3060.8 168.5
1988 -3080.9 183.6
1989 -3007 204.4
1990 1390.7 -3838.9
1991 -3095.3 152.4
1992 -3200.3 250.7
1993 -3251.7 264.5
1994 -3250.1 47.7
1995 89.3 49.1
1996 64.6 83.1
1997 16.6 99.7
1998 60.3 156.7
1999 -10.4 112.1
2000 -60.9 138.9
2001 4068.9 -3592.6
2002 1328.8 -3756.3
2003 -220.3 220.2
2004 -4.5 217.1
2005 -292.2 254.1
2006 -210.4 367.3
2007 -686 446.1
2008 -791.3 497.4
2009 -884.9 543.6
2010 -973.6 585.6
2011 -1080.5 638.6
2012 -1176.8 687.4
2013 1283.5 -3913.7
2014 -1715.3 950.9
2015 -1808 996.4
2016 -1676.3 1002.5
2017 -1902 1042.6
2018 -1842.4 1124.1
2019 -2001.4 1093.5
2020 -1925.3 1185.3
2021 -2325.9 1250.7
2022 -2421.7 1298
2023 -2366.7 1370
2024 1224.5 -3829.3
2025 -2513.6 1342.5
2026 -2605.8 1388.1
2027 -2529.7 1490.2
2028 -2678.4 1457.8
2029 -2697 1433.3
2030 -2801.7 1482.6
2031 -2770.2 1524.4
2032 -2904.4 1534.7
2033 -2861.7 1592.7
2034 -3096.5 1629.6
2035 1345.3 -4003.2
2036 -3023.8 1711.6
2037 -3149.1 1660.6
2038 189.5 221.9
2039 -41 39
2040 -159.4 180.7
2041 -260 76.7
2042 -598.2 226.4
2043 -641.4 254.5
2044 -723.5 293.8
2045 -768.6 478.9
2046 1186.4 -3983.9
2047 -807.1 335.1
2048 -976.4 418
2049 -1084 470.3
2050 -1171.2 513.2
2051 -1224.7 624.2
2052 -1321.6 671.3
2053 -1900.5 871.7
2054 -1993.7 917.7
2055 -2087.5 964.1
2056 -2512.9 1172.4
2057 1119.4 -3900.9
2058 -2604.4 1218
2059 -2787.4 1307.9
2060 -2892.8 1357.1
2061 -3135.8 1597
2062 -3135.1 1642.4
2063 2510.7 -1349.2
2064 2564.2 -1295.5
2065 2385.6 -1306.2
2066 2515.9 -1413.4
2067 2671.1 -1354.1
2068 1116.3 -4039.2
2069 2521 -1469.8
2070 2668.5 -1408.2
2071 2395.2 -1422.1
2072 2528 -1531.5
2073 2667.1 -1459.3
2074 2400.3 -1480.8
2075 2530.3 -1559.2
2076 2405.1 -1541.1
2077 2536.4 -1656
2078 2345.2 1869.9
2079 1044.7 -4094.8
2080 2347 1987
2081 2303.5 2437.2
2082 2293.3 2548.1
2083 2282.5 2660.3
2084 2272 2771.9
2085 2089.2 3548.3
2086 2197.2 3558.4
2087 2142.7 4116.7
2088 2134.6 4229
2089 -1911.3 3553
2090 1181.4 -4121.9
2091 -1917.3 3444.7
2092 -1835.3 3561.4
2093 -1688.9 3362.3
2094 -3339.9 4179.1
2095 -3325.2 4375.2
2096 -3430.2 4196.9
2097 -3231.8 4368.1
2098 -3271.6 4371
2099 831.8 2408.8
2100 924 2636.3
2101 1020.2 -4114.3
2102 911.9 2494.5
2103 933.9 2530.8
2104 1035 2653.8
2105 833.3 2692.4
2106 4238.6 4750.3
2107 4220.1 3999.3
2108 4203.9 3759.8
2109 4164 3768.1
2110 4193.9 4746.6
2111 3547.2 881.6
2112 3966.7 -3479.9
2113 979.3 -4011.2
2114 3573.3 989.4
2115 3604.9 867.9
2116 3462.5 902.1
2117 3598.2 1097.5
2118 3486.6 1009.4
2119 3623.2 1205.2
2120 3693.3 1073.8
2121 3646.5 1312.9
2122 3537.1 1224.8
2123 3741.8 1290.4
2124 893.4 -4206.6
2125 3678.7 1446.8
2126 3683.4 1466.3
2127 3776.1 1435
2128 3704.5 1554.5
2129 3597.6 1475
2130 3800 1533.9
2131 3619.5 1572.7
2132 3730.7 1671.2
2133 3824.2 1648.2
2134 3648.4 1689.4
2135 1083.3 -4197.8
2136 3840 2133.9
2137 3866.4 2251.5
2138 3935.3 2112.8
2139 3754 2154.4
2140 3781.5 2270.6
2141 3893.3 2366.7
2142 3961.1 2228.7
2143 3987.6 2345.1
2144 3807.8 2386
2145 3921.2 2482.5
2146 839.4 -4115.2
2147 4014.9 2460.8
2148 3836.7 2502.6
2149 3947.4 2599
2150 3974.7 2714.4
2151 3861.6 2618.3
2152 4042.2 2576
2153 4070.3 2692.2
2154 4002 2830.2
2155 3889.2 2734.6
2156 4096 2807.8
2157 2783.8 -3442.6
2158 3915.4 2849.6
2159 4029.7 2947.7
2160 4124.1 2924.1
2161 3943.6 2966.9
2162 4055.5 3061.3
2163 4151 3039.3
2164 4084.6 3176.3
2165 1166 1547
2166 1254.8 1544.6
2167 1247.1 1623.4
2168 2875.7 -3435
2169 1144.2 1530.9
2170 1121 1641.1
2171 1047.6 1758.6
2172 1122.2 1757.3
2173 995.9 1857.6
2174 984.3 1713.7
2175 983.3 1879.3
2176 951.6 1939.1
2177 932.7 1913.6
2178 1100 1981.2
2179 2793.3 -3556.8
2180 714.6 2350.8
2181 653.1 2268.8
2182 705.4 2383.8
2183 632 2420.8
2184 658.9 2455.8
2185 683.3 2412.2
2186 547.8 2487.5
2187 577.8 2603.5
2188 550.4 2672.2
2189 499.4 2782.4
2190 2775 -3329
2191 443.6 2706.6
2192 457 2834.7
2193 385.7 2984.2
2194 435.2 2873.3
2195 355 3043.6
2196 329.1 3076.9
2197 305.8 3138.4
2198 285.3 3105.5
2199 265.4 3209.4
2200 222 3151.7
2201 2967 -3428
2202 240.3 3257.3
2203 189.9 3264.2
2204 180.6 3373
2205 126.5 3471.1
2206 42.6 3630.2
2207 84.5 3536.9
2208 10.9 3688.6
2209 -71.3 3656.9
2210 -112.3 3890
2211 -103.5 3865
2212 2865.5 -3321.3
2213 -217.3 3884.4
2214 -182.4 4050.7
2215 -451.2 4556.8
2216 -433.4 4506.5
2217 -505.3 4659.2
2218 943.8 2155.4
2219 722.9 2369.4
2220 602.4 2727
2221 478.8 2823.8
2222 416.4 2943.4
2223 5050 -5042
2224 4143.6 -3671.7
2225 2883.9 -3549.6
2226 530.4 2947.4
2227 408.4 3048.2
2228 399.1 3161.4
2229 273.8 3262.2
2230 267.5 3375.5
2231 99.8 3524.3
2232 75 3583.8
2233 117.5 3587.1
2234 106.9 3697.7
2235 -36.1 3797.4
2236 3024.4 -3425.9
2237 29.9 3929.1
2238 -82.9 3890.9
2239 -448.8 4664.3
2240 3807.1 -1339.3
2241 3685.6 -1219.9
2242 3802.9 -1449
2243 3681.4 -1334.1
2244 3893.6 -1353.7
2245 3798.2 -1562.5
2246 3679.3 -1445.5
2247 2958.1 -3313.5
2248 3795.1 -1675.6
2249 3674.6 -1558.7
2250 3885.1 -1582.3
2251 3786.9 -1936.8
2252 3823.1 -868.6
2253 3695.3 -865.8
2254 3910.8 -871.1
2255 3694.6 -983.3
2256 -4609.1 -2972.4
2257 -4516.5 -3012.3
2258 2975.2 -3542.4
2259 -4569.9 -2876.8
2260 -4479 -2916.5
2261 -4531.4 -2780.8
2262 -4441.8 -2818.7
2263 -4489.6 -2682.3
2264 -4405.9 -2721.6
2265 -4450.7 -2587.5
2266 -4369.6 -2623
2267 -4418.4 -2508.1
2268 -4369.6 -2406.7
2269 3135.2 -3429.1
2270 -4455.7 -2339.3
2271 -4240.3 -2109.5
2272 -4081.2 -1475.9
2273 -3673 -765.7
2274 -3631.7 -670.6
2275 -3590.3 -574.8
2276 -3549 -481
2277 -3507.8 -385.5
2278 -3469.3 -296.3
2279 -3429.9 -313.9
2280 3030.4 -3311.9
2281 -3575.5 -249.6
2282 -3449.9 -93.2
2283 -621.6 4079.6
2284 -633.3 4234.6
2285 -457.2 3764.7
2286 -352.5 3763.8
2287 -558.1 3766.7
2288 234.6 -289.5
2289 204.6 -280.7
2290 212.9 -390.9
2291 3138.1 -3313.7
2292 180.5 -384
2293 -4252.5 308.8
2294 -4188.4 394.6
2295 -4355.2 400.3
2296 -4330.4 234
2297 -4442 476
2298 -4285 481.4
2299 -4426.7 320.2
2300 -4522.9 546.7
2301 -4370.9 556.7
2302 3131.4 -3514.2
2303 -4512.2 397.4
2304 -4601.8 617
2305 -4450.8 626.9
2306 -4593.2 467.8
2307 -4682.6 686.5
2308 -4531.4 699.4
2309 -4671.5 539.4
2310 -4609.4 768.8
2311 1998.7 -206.7
2312 2065.8 -298
2313 3179.1 -3426
2314 2086.2 -140.1
2315 1977.5 -367
2316 2016.8 -50.1
2317 2178.5 -70
2318 2110.8 21.8
2319 2264.7 -2.1
2320 2199.8 89.5
2321 2286.2 15
2322 2307.7 -114
2323 2400.9 21.2
2324 3141.7 -3495.2
2325 2392.6 151.6
2326 2506.4 26.3
2327 2603.7 23
2328 2508.9 157.8
2329 2599.9 -106.8
2330 2610 227.6
2331 2709.1 22.1
2332 2714.5 146.2
2333 2707.7 -110
2334 2801 18.8
2335 3130.8 -3663.8
2336 3200.5 -3479.9
2337 2797.2 -112.6
2338 2803.7 144.6
2339 2893 15.6
2340 3110 7.8
2341 3106.4 -120.2
2342 3209.7 5.5
2343 3206 -123.7
2344 3213.2 148
2345 3331.9 2.2
2346 3328.3 -127.9
2347 2199.7 -3387.6
2348 3346.9 115.3
2349 3438.4 -0.7
2350 3434.2 -131.6
2351 -1070.7 -3869.3
2352 656.3 -2207.5
2353 631.1 -2318.2
2354 746.5 -2228.8
2355 531.9 -2179
2356 570.4 -2419.2
2357 254.3 -2944
2358 2412.3 -3333.4
2359 161.2 -3017.2
2360 92 -2930
2361 229.5 -3103.2
2362 67.7 -3090.8
2363 -1.2 -3003.7
2364 -19 -3160
2365 -86.9 -3070.8
2366 48.6 -3246.1
2367 -96.6 -3217
2368 -34.6 -3309
2369 2539.9 -3321.3
2370 -173 -3271.6
2371 -237.9 -3176
2372 -247.4 -3325.7
2373 -189 -3411.1
2374 -322.5 -3380.7
2375 -391.3 -3279.9
2376 -471.5 -3334.6
2377 -608.7 -3577.5
2378 -684.6 -3628.4
2379 -753 -3527.9
2380 2237.3 -2643
2381 -760.1 -3681.4
2382 -829.7 -3579.8
2383 -705.3 -3761.9
2384 -821.8 -3723.8
2385 -777.1 -3808.8
2386 -955.5 -3652.9
2387 698.4 -2448.4
2388 545.1 -2530.4
2389 672.7 -2559.5
2390 512.7 -2643.3
2391 2151.6 -3000
2392 454.4 -2509.7
2393 626.7 -2758.5
2394 472.7 -2775.7
2395 -2890.1 3986.1
2396 -2831.4 4011.6
2397 -2936.1 4076.2
2398 -2864.3 3925.5
2399 -3055.6 3992.1
2400 -2484.8 4179
2401 -2454.1 4207.6
2402 2023.5 -2893.9
2403 -2465.1 4237.5
2404 -1965.4 4118.3
2405 -2077 3790.9
2406 -2044.9 3758.3
2407 2971.1 4372
2408 2978.4 4405.5
2409 3165.1 4399.5
2410 3683.8 4493.7
2411 3695.7 4541.8
2412 3697.9 4569.3
2413 2256.9 -2876.9
2414 3771.5 4570.7
2415 3768.1 4473.9
2416 3768.6 4597.2
2417 3890.8 4617.4
2418 3994.8 4647.9
2419 3852.6 4452.7
2420 3985.2 4680.1
2421 4072.6 4689.2
2422 3655.7 4376.4
2423 -3491.7 3931.8
2424 2161.2 -3119.6
2425 -3497.1 3840.4
2426 -3451.9 3928.8
2427 -3312.2 3918.3
2428 -3319.1 3826.3
2429 -3190.2 3909
2430 -3062.7 3899.4
2431 -3198.9 3816.8
2432 -3183.2 4000.2
2433 -2853.1 3883.1
2434 -3925 -2350.9
2435 2033.8 -3010.5
2436 -3835.1 -2047.7
2437 -3868 -2362.8
2438 2200.8 -734.6
2439 2308.3 -608.4
2440 2075.5 -627.2
2441 2210.3 -850
2442 2318.2 -725
2443 2085.1 -743.7
2444 2220.1 -967.8
2445 2327.8 -840.7
2446 3217.7 -3657.9
2447 2266.6 -2993.1
2448 2094.2 -860.6
2449 2229.3 -1084.8
2450 2335.7 -958.5
2451 2104.7 -976.5
2452 2239.7 -1201.9
2453 2346.6 -1075.9
2454 2248 -1319.1
2455 2122.5 -1212.1
2456 2356.5 -1192.3
2457 2258.5 -1435.1
2458 2170.1 -3235.6
2459 2133.8 -1328.8
2460 2263 -1492.5
2461 2141.8 -1445
2462 2373.9 -1424.4
2463 2268.1 -1552
2464 2378.7 -1483.1
2465 2383.7 -1542.9
2466 2150.7 -1557.8
2467 4835.9 -3633.5
2468 5000.3 -3776.5
2469 2275 -3110.2
2470 4675.4 -3490.8
2471 874.4 -487.4
2472 870.8 -408.3
2473 786.4 -460.7
2474 774.6 -518.9
2475 678.4 -424.3
2476 663.1 -492.8
2477 606.5 -400
2478 630.7 -293.5
2479 558.4 -389
2480 2042 -3129
2481 586.5 -274.5
2482 1243.6 1654
2483 1057.8 -1578.9
2484 791.9 -1493.3
2485 780.1 -1422.2
2486 461.8 -1368.6
2487 699.1 -1429.1
2488 306.9 -1458.8
2489 209 -1536.7
2490 4836.4 -1208.5
2491 2284.8 -3227.5
2492 4913.4 -1242
2493 4829.1 -1562.8
2494 4785.2 -1582.1
2495 4909.2 -1544.7
2496 4838.4 -1766.9
2497 4903.2 -1780.2
2498 -2806.9 2436.4
2499 -2713.5 2367.1
2500 -2879 2339.4
2501 -2794.3 2453.6
2502 2094.3 -3241.5
2503 -3110 2211.8
2504 -2925.8 2075.1
2505 -3087.5 2049.7
2506 -3160.8 1956.3
2507 -3182.1 2114.5
2508 -3068.1 1888.3
2509 -3227 1864.1
2510 -3250.2 2022.8
2511 -3136.1 1795.8
2512 -3317.2 1742.7
2513 2178.4 -3357.4
2514 -3317.3 1930.7
2515 2633.3 4538.7
2516 2753.9 4548.6
2517 2158.6 4353.5
2518 2059.3 4519.9
2519 2232.6 4407.5
2520 2122.4 4342.5
2521 2183.7 4490.9
2522 2282.8 4506.3
2523 672.1 2671
2524 954.2 -4031.9
2525 666.1 2733
2526 2390.1 -1645.5
2527 4978.6 -1664.8
2528 5080.9 -1666.1
2529 4975.6 -1781.4
2530 4983.2 -1547.5
2531 5193.1 -1670.7
2532 5077.4 -1783.5
2533 5083 -1550.2
2534 5304.9 -1673.8
2535 949.1 -4298.4
2536 5188.6 -1787
2537 5195.6 -1552.8
2538 5307.6 -1556.5
2539 5300.9 -1790
2540 -3833.5 4437.5
2541 -3770.2 4432.5
2542 -3455.1 4408.4
2543 -3457.4 4384.6
2544 -3417 4404.1
2545 -3364.9 4400.7
2546 1014.7 -4250.3
2547 -3269.8 4393.7
2548 -3159.2 4385
2549 -3123.6 4359.2
2550 -3772.4 4409.4
2551 -3366.4 4378.3
2552 -3155.7 4361.6
2553 -3069.4 -1640.4
2554 -3068.3 -1597
2555 -3175.9 -1627.2
2556 -3178.1 -1724.9
2557 3196 -3541.6
2558 1003.5 -4384.2
2559 -3266.9 -1630
2560 -3265.8 -1546.5
2561 -3356.4 -1633.1
2562 -3335.5 -1532.2
2563 -3377.7 -1736.1
2564 -3457.2 -1612.6
2565 -3436.5 -1511.4
2566 -3549 -1592
2567 -3637.5 -1567.7
2568 -3571.4 -1693.7
2569 910.8 -4442.3
2570 -3666 -1667
2571 -3573.7 -1346.4
2572 122 4265.8
2573 178.4 4271.8
2574 183.2 4215.3
2575 167.6 4384
2576 291.1 4282
2577 280.1 4394.9
2578 403.1 4292.7
2579 300.8 4169.7
2580 1080.3 -4332
2581 502.6 4294.5
2582 409.8 4221.8
2583 648 4318.2
2584 764.4 4328
2585 755.1 4436.6
2586 876.3 4337.7
2587 864.9 4449.7
2588 886.2 4226.2
2589 985.9 4235.8
2590 1000.1 4350
2591 1058.6 -4473.6
2592 1316.3 4381.2
2593 1195.6 4483.1
2594 1429.7 4392.5
2595 1305.6 4493.5
2596 1448.4 4506.9
2597 1568 4405
2598 1557 4517.2
2599 1676.6 4414.9
2600 1580 4288.8
2601 1784.9 4424.2
2602 966.1 -4530.8
2603 1665.1 4527.4
2604 1687.2 4300.2
2605 1774.3 4537.7
2606 1796.7 4310.3
2607 1842.6 4431.2
2608 1832.3 4549.8
2609 3460.9 4299.8
2610 3543.7 4280.3
2611 3741.8 4356
2612 3628.6 4260.6
2613 1144.3 -4414.3
2614 3714.5 4239.6
2615 3825.3 4336.6
2616 3797.6 4220.8
2617 3983 4187.8
2618 3926.3 4312.2
2619 4034.2 4409.7
2620 4099.3 4394.8
2621 -2152.4 -1472.3
2622 -3805.6 2803.6
2623 -3711 2540.6
2624 1114.4 -4562.7
2625 -3940.7 2914.5
2626 -4475.4 -4265
2627 -4455.2 -4161.4
2628 -4389.2 -4282.4
2629 -4440.7 -4053
2630 -4367.6 -4179
2631 -4579.2 -4124.1
2632 -4343.1 -4058.8
2633 -1949 -3249.1
2634 -1848.5 -3303.3
2635 1021 -4620
2636 -1971.8 -3252.4
2637 -1967.3 -3173.9
2638 -2076.8 -3264.3
2639 -1963 -3327.2
2640 -3076.1 -3378.1
2641 -3101.2 -3381.2
2642 -2969.5 -3366
2643 -3091.9 -3302.7
2644 -3067.8 -3452.5
2645 -3207.9 -3379.9
2646 1211.3 -4496.8
2647 -3102.4 -3456.3
2648 -3299.5 -3378.9
2649 -3206.9 -3301.9
2650 -3209 -3454.8
2651 -3391.2 -3376.6
2652 -3298.8 -3300.2
2653 -3300.2 -3453.6
2654 -3497.1 -3374.7
2655 -3389.6 -3298.7
2656 -3392.4 -3452.4
2657 1170.1 -4652.6
2658 -3498.7 -3450.8
2659 -3520.1 -3372.1
2660 -3616.6 -3350.8
2661 -3527.9 -3447.1
2662 -3510.3 -3293.9
2663 -3705.3 -3332.5
2664 -3624.5 -3427.6
2665 -3608.1 -3273.7
2666 -3689.7 -3258
2667 -3808.1 -3312.3
2668 3055.8 -3657.3
2669 1076.2 -4708.9
2670 -3721.3 -3407.3
2671 -3904.4 -3293.7
2672 -3791.9 -3237
2673 -3823.4 -3386.7
2674 -3990.7 -3275.3
2675 -3919.2 -3367.3
2676 -3888.7 -3216.3
2677 -3969.3 -3174.6
2678 -4082.3 -3258
2679 -4061.5 -3155.4
2680 1274.7 -4577.5
2681 -4104 -3359.3
2682 -4175.3 -3239.4
2683 -4196 -3340.8
2684 -4295.8 -3208.9
2685 -4266 -3108.4
2686 -4327.6 -3307
2687 -4458.7 -3150.9
2688 -4493 -3248.7
2689 -4553.3 -3109.8
2690 -4590 -3209.2
2691 1224.5 -4741.1
2692 -337.4 4674.8
2693 -3257.8 429.6
2694 -3210 527.8
2695 -3305.2 471.1
2696 -3211.4 388.3
2697 -3243.4 559.9
2698 -3372.3 529.8
2699 -3348.6 410.1
2700 -3437 589.2
2701 -3428.5 451
2702 1131.1 -4799.3
2703 -3377.1 677.1
2704 -3505.9 647.4
2705 -3446.9 738.9
2706 -3523.3 662.5
2707 -3567.1 556.3
2708 -3597.8 579
2709 -3601.5 732.6
2710 -3531.8 814.3
2711 -3637.8 692.5
2712 -3677.5 798.8
2713 1338.7 -4659.6
2714 -3713.4 759.5
2715 -3605.6 880.3
2716 -3761.8 873.9
2717 -3691.2 955.3
2718 -3859.9 961.2
2719 -3833.7 794.6
2720 -3946.6 1036.4
2721 -3930.3 882.6
2722 -4026 1107.6
2723 -4016.2 956.6
2724 1279.9 -4831.3
2725 -4105.5 1178.3
2726 -4096 1028
2727 -4186.5 1249.4
2728 -4034.7 1258.5
2729 -4176.3 1097.9
2730 -4266 1320.4
2731 -4115.1 1329
2732 -4257 1169.5
2733 -4336.9 1241.1
2734 -4344.8 1391.6
2735 1186.6 -4888.4
2736 -4194.2 1399.8
2737 -4425.5 1460.9
2738 -4274.8 1470.3
2739 -4415.2 1312.1
2740 -4505.7 1532
2741 -4355 1541.1
2742 -4496.2 1382.7
2743 -4585.5 1601.9
2744 -4434.8 1611.6
2745 -4577.1 1451.9
2746 1334 -4919.7
2747 -4665.2 1672.4
2748 -4515.7 1683.4
2749 -4656.6 1523.4
2750 -4594.8 1753.7
2751 -1289 -797.8
2752 -1302.6 -819.8
2753 -1269.1 -832.3
2754 -1225.3 -768.1
2755 2787.7 -2006.5
2756 2796.4 -1746.9
2757 1241.6 -4976
2758 3065.3 -1949.7
2759 3060.9 -2122.5
2760 3283.5 -1708.4
2761 3274.2 -1955
2762 3281.3 -2031.6
2763 4984.9 546
2764 5070.7 526.7
2765 4900.5 566.5
2766 5013 653
2767 5046.2 432.1
2768 1451.6 -4837.4
2769 5099.3 633.9
2770 4928.7 672.9
2771 5041.5 760
2772 5129.6 742.2
2773 4956.4 780.5
2774 5071 868.9
2775 5157.6 847.2
2776 4985.3 887.9
2777 5099 976.5
2778 5186.8 956.7
2779 2985.4 -3656.4
2780 1389.5 -5006.9
2781 5012.4 996.4
2782 5136.6 1117.3
2783 5223.5 1097.8
2784 5162.9 1214
2785 5050.6 1137.6
2786 5249.8 1194.5
2787 5193.7 1329.4
2788 5077.2 1233.6
2789 5278.9 1309.5
2790 5108.3 1350
2791 1296.2 -5064.3
2792 5225.2 1444.5
2793 5285.7 1674.4
2794 5200.6 1693.3
2795 -4668.2 3185.1
2796 -4658.1 3412.5
2797 -4755.5 3187.9
2798 -4746.2 3417
2799 -4743.9 3476.2
2800 616.8 -697.4
2801 865.4 -278.5
2802 1507 -4926.1
2803 884.4 -292.6
2804 831.9 -310.5
2805 731.2 -178.3
2806 717.8 -255.3
2807 789.7 -221.6
2808 638.8 -108
2809 653.4 -88.5
2810 681.9 -140.8
2811 550.8 -44.3
2812 492.2 -144.3
2813 1447.6 -5102.7
2814 620.4 -94.7
2815 461.2 20.4
2816 477.5 41
2817 373.1 84.7
2818 262.9 -30.9
2819 276.2 156.5
2820 293.2 176.7
2821 300.1 138.7
2822 204.3 242.1
2823 91.9 99.2
2824 1423.1 -5119.5
2825 137.4 261.5
2826 151.2 281.2
2827 112.2 279
2828 53.7 200.6
2829 59.4 317.2
2830 21 347.2
2831 -55.5 254.4
2832 35.3 366.5
2833 -64.9 409
2834 -49.6 429.1
2835 4744.3 -4868.5
2836 -135.1 312.8
2837 -116.8 478.5
2838 -288.9 575.9
2839 -274.9 594.9
2840 -244.2 544.2
2841 -322.5 600.6
2842 -394.1 505.1
2843 -394.6 655.4
2844 -382.1 672.2
2845 -484.9 722.1
2846 4770.3 -4950.7
2847 -472.3 738.9
2848 -571.2 785.8
2849 -558.5 802.9
2850 -665 854.9
2851 -723.4 923.8
2852 -753.5 920.2
2853 -823.2 971.5
2854 -810.1 988.9
2855 -917.4 1040.6
2856 -904.2 1058.3
2857 5021.7 -4832
2858 -990.8 1122.1
2859 -1235.6 1302.4
2860 -1133.7 1200.7
2861 -1391.1 1390.8
2862 -1378.6 1407.5
2863 -1473.2 1451.1
2864 -1545.2 1354.8
2865 -1460.6 1467.8
2866 -1555.4 1511.4
2867 -1638.8 1572.8
2868 4568.7 -4970.2
2869 -1625.4 1590.8
2870 -1710.3 1475.6
2871 -1689.3 1636.9
2872 -1884.1 1755.1
2873 -1871.5 1772
2874 -1812.3 1701.5
2875 -1926.9 1786.3
2876 -1999.5 1689.9
2877 -2006.1 1844.5
2878 -1993.5 1861.8
2879 4649.3 -5050.9
2880 -2094.7 1909.5
2881 -2082.2 1927
2882 -2166.1 1812.6
2883 -2175.2 1969.1
2884 -2162.7 1986.3
2885 -2257.1 2030
2886 -2328.6 1932.4
2887 -2348.7 2098
2888 -2336.3 2114.7
2889 -2439.9 2165.2
2890 2992.7 -3768.6
2891 2557.5 -1997.2
2892 -2511.8 2067.5
2893 -2622.3 2299.3
2894 -2610 2316.4
2895 -2701 2384.1
2896 -2897.7 2502.2
2897 -2885 2518.6
2898 -2981.8 2578.6
2899 -3057.9 2471.6
2900 -3075.9 2636
2901 -3024.2 2610.1
2902 2568.5 -2027.6
2903 -3063.9 2652
2904 -3237.9 2605.5
2905 -3153.6 2719
2906 -3258.6 2770.2
2907 -3350.5 2836.9
2908 -3337.8 2853.9
2909 -3622.9 3041.2
2910 746.4 -157
2911 723.2 5.3
2912 635.1 -74.8
2913 2443.5 -2007
2914 565.8 -24.1
2915 390.6 105
2916 547.7 134.4
2917 316.6 159.4
2918 370.1 265.1
2919 274.3 335.6
2920 126.7 298.8
2921 186.7 331.3
2922 80.5 333.3
2923 149.4 428
2924 2554.2 -1873.7
2925 23.5 522.3
2926 -309.3 620.1
2927 -348.9 648.4
2928 -316.1 772.5
2929 -402.4 835.4
2930 -488.3 899.1
2931 -652.8 872.5
2932 -740.8 936.6
2933 -652.7 1020.3
2934 -747.1 1089.4
2935 2578.7 -2144.6
2936 -919.9 1218.5
2937 -1121 1217.9
2938 -1024.8 1295.7
2939 -1204.3 1345.9
2940 -1306.4 1503.6
2941 -1542.9 1528.3
2942 -1556.6 1687.1
2943 -1617.9 1732.6
2944 -1800.1 1718.3
2945 -1708.5 1799.6
2946 2588.2 -2262.4
2947 -1800.5 1867.6
2948 -1913.3 1803.8
2949 -1929.1 1962.5
2950 -2010 2023.2
2951 -2244.7 2046.9
2952 -2092.8 2083.8
2953 -2264 2211.1
2954 -2428.1 2182.2
2955 -2539.9 2413.5
2956 -2632 2481
2957 2456.4 -2154.2
2958 -2723.8 2548.5
2959 -2812.7 2616
2960 -2903.5 2682.1
2961 -2994.1 2748.4
2962 -3083 2815.2
2963 -3174.9 2882.8
2964 -3265.9 2950
2965 -3510.8 2968.4
2966 -3577 3028.3
2967 4046.9 -570.3
2968 2465.3 -2271.4
2969 3933.2 -569
2970 4043.4 -672.6
2971 3930.4 -668.6
2972 3821.4 -516.3
2973 3936.1 -519.4
2974 812.7 3810.7
2975 906.5 3774.9
2976 816.4 3767.9
2977 705.6 3757.1
2978 930.8 3766.5
2979 2632.9 -2925.8
2980 1052.2 3675
2981 1388.7 3594.1
2982 1280.2 3584.8
2983 1506.7 3547.1
2984 1604.3 3500.7
2985 1548 3495.1
2986 1872.1 3528.7
2987 1545.2 3524.5
2988 1969.3 3537.6
2989 2208.1 3445.1
2990 2646.3 -3081.3
2991 2306.5 3569
2992 2400 3578.3
2993 2311.3 3518.5
2994 2524.9 3590.3
2995 2534.4 3477.6
2996 2427.6 3581
2997 2643.3 3487.2
2998 2939.5 3607.7
2999 3102.8 3570
3000 3082.6 3491
3001 3146.2 -4544.6
3002 2605.7 -2968.8
3003 3186.9 3549.2
3004 3168.4 3470.9
3005 3277.8 3528.4
3006 3260.5 3451.1
3007 3360.2 3508.8
3008 3342.7 3431.5
3009 3512.4 3391.4
3010 1749.9 3632.2
3011 1740.2 3741.7
3012 -799.7 4224
3013 2656.9 -3109.4
3014 -733.5 4228.1
3015 -676.4 4231.8
3016 318.3 3995.5
3017 430.6 3953
3018 322 3945.3
3019 210.6 3934
3020 445 3843.3
3021 532.3 3844.7
3022 3763.5 3617.9
3023 4561.1 3843.1
3024 2655.9 -3200.7
3025 -2768.5 -4150.2
3026 -2660.1 -4137.4
3027 -2878.9 -4163.9
3028 -2779.9 -4059.7
3029 -2889.1 -4072
3030 -2790.6 -3968.2
3031 -2680.7 -3954.9
3032 -2803.1 -3856
3033 -2815.7 -3743.6
3034 -2925.2 -3755.4
3035 2531 -3206.7
3036 -2828.3 -3633.8
3037 -2706.3 -3731.2
3038 -2886.8 -3126.2
3039 -2878.3 -3200.3
3040 -2777.4 -3113.3
3041 -2889.1 -3104.9
3042 -2901.7 -2995.8
3043 -2999.2 -3117
3044 -2938.5 -2676.8
3045 -2926.3 -2782.9
3046 2665.6 -3220.5
3047 -3047.6 -2688.9
3048 -2950.8 -2571.5
3049 -2962.3 -2462.3
3050 -3061.1 -2584.2
3051 -2841.4 -2556.8
3052 -2976.7 -2356.4
3053 -2853.7 -2449.8
3054 -3084.2 -2475.4
3055 -2987 -2249.9
3056 -3082.8 -2369.5
3057 2664.7 -3311.7
3058 -2868 -2344.1
3059 -2998.8 -2144
3060 -3081.1 -2262.2
3061 -2878 -2237.1
3062 -3078.2 -2153.2
3063 -3011.4 -2037.9
3064 -2890.5 -2130.4
3065 -3023.1 -1932.1
3066 -3076.2 -2045.8
3067 -3035.2 -1827
3068 2692.1 -3555.5
3069 -2912.9 -1918
3070 -3072.7 -1830.6
3071 -3040.7 4225.7
3072 -3169.5 4175.8
3073 -3313.4 -4199
3074 -3311.3 -4094.2
3075 -3222.3 -4194.5
3076 -3405.7 -4203.1
3077 -3407 -4278.6
3078 -3403.1 -4092.8
3079 2701.3 -3670.8
3080 -3220.5 -4095
3081 -3308.8 -4001.8
3082 -3218 -4004.1
3083 -3307 -3888
3084 -3400.1 -3887.5
3085 -3305.2 -3774.1
3086 -3303.5 -3662.9
3087 -3398.1 -3772.8
3088 -3214.2 -3775.5
3089 -3301.7 -3546.3
3090 2568.1 -3672.8
3091 -3396.1 -3661.6
3092 -3212.4 -3665.4
3093 -3394.1 -3545.6
3094 -3210.5 -3547
3095 -3297.2 -3222.7
3096 -3295.3 -3129.5
3097 -3206 -3223.9
3098 -3388.3 -3221.7
3099 -3293.4 -3038.7
3100 -3386.4 -3129.4
3101 2710.4 -3786.4
3102 -3202.1 -3085.7
3103 -3290.1 -2906.5
3104 -3383.7 -2981.3
3105 -3288.3 -2798.7
3106 -3381.5 -2906.7
3107 -3197.8 -2800.2
3108 -3286.2 -2691.3
3109 -3379 -2689.9
3110 -3284.8 -2581.4
3111 -3282.9 -2474
3112 3141.8 -4731.6
3113 2729.6 -4018.7
3114 -3193.7 -2583.5
3115 -3374.1 -2473.5
3116 -3191.4 -2475.8
3117 -3280.9 -2365.6
3118 -3278.9 -2258.6
3119 -3372 -2364.3
3120 -3190.5 -2367.9
3121 -3276.5 -2150.7
3122 -3378.8 -2256.8
3123 -3187.9 -2260.4
3124 2734.2 -4090.8
3125 -3274.4 -2043.6
3126 -3371.5 -2148.2
3127 -3185.8 -2152.3
3128 -3272.5 -1936.1
3129 -3359.5 -2041.7
3130 -3271.1 -1838.8
3131 -3180.6 -1937.1
3132 -3335.1 -1849.9
3133 -3269.3 -1726
3134 -3179.3 -1831.3
3135 2729.4 -4139.4
3136 -3258.1 -1488.7
3137 -3238.7 -1461
3138 -3278 -1435.2
3139 -1127.8 -1702
3140 -1069.4 -1791.5
3141 -1203.5 -1755.5
3142 -1282 -1807.5
3143 -1269.6 -1659.9
3144 -1222.7 -1895.7
3145 -1360.7 -1860.8
3146 2584.9 -3938
3147 -1440.2 -1914.7
3148 -1424.3 -1765.8
3149 -1689.8 -2085.2
3150 -1863.2 -2114.6
3151 -1955.7 -2206.4
3152 -2000.3 -2108.9
3153 -1910.6 -2303.8
3154 -2005.6 -2220.7
3155 -1970.4 -2322.5
3156 -2049.1 -2231.7
3157 2728.6 -3906.7
3158 -2077.3 -2127.3
3159 -2121.4 -2250.7
3160 -2094.3 -2354.2
3161 -2194.6 -2267.7
3162 -2220 -2162.5
3163 -2301 -2280
3164 -2289.2 -2384.9
3165 -2409.8 -2291.5
3166 -2313 -2172.9
3167 -3398.9 -2363.3
3168 2828.8 -4013.4
3169 -3502.5 -2342
3170 -3412.1 -2471.9
3171 -3480.6 -2237.5
3172 -3523.9 -2448.3
3173 -3603.5 -2321.3
3174 -3581.9 -2215.4
3175 -3699.9 -2303.3
3176 -3721.3 -2407.9
3177 -999.1 -1546.6
3178 -1114.7 -1630.5
3179 2820.6 -3898.8
3180 -933.1 -1627.9
3181 -1060.3 -1469.2
3182 -561.3 -940.5
3183 -655.7 -879.5
3184 -524 -877.8
3185 -461.2 -998.4
3186 -618.1 -1032.1
3187 -665.3 -1110.5
3188 -712.9 -972.7
3189 -707.8 -1178.7
3190 2811 -3784.3
3191 -761.6 -1051.9
3192 -719.7 -1199.5
3193 -810.7 -1131.9
3194 -621.2 -1260.7
3195 -763.5 -1272.2
3196 -860.4 -1213.4
3197 -464.9 -915
3198 -722.7 -1437.8
3199 -710.5 -1412.1
3200 -187.9 47
3201 2802.1 -3670.2
3202 322.5 -3411.1
3203 422.4 -3351.2
3204 236.1 -3460.7
3205 217 -3279.6
3206 137.2 -3178.6
3207 310.4 -3206.3
3208 -70.5 -2916
3209 -138.6 -2829.9
3210 24.4 -2844.9
3211 -208.5 -2742.1
3212 2766.1 -3213.5
3213 -286.8 -2941
3214 -277.9 -2652.2
3215 -349.1 -2847.6
3216 -115.1 -2669.4
3217 -347.5 -2565.5
3218 -186.2 -2579.4
3219 -405 -2494.1
3220 -255.6 -2491.9
3221 -477 -2660.4
3222 -311.5 -2420.2
3223 3192.3 -4545.2
3224 2688.3 -2254.8
3225 -496 -2377.3
3226 -528 -2585.7
3227 -612.1 -2462.5
3228 -403.7 -2304.5
3229 -587.5 -2246.1
3230 -648.8 -2283.1
3231 -701.5 -2331
3232 -710.5 -2192.5
3233 -765.8 -2110.9
3234 -573.1 -2085.6
3235 2697.2 -2370.2
3236 -629.2 -2013.4
3237 -827.2 -2144.6
3238 -814.9 -2038.6
3239 -830.1 -2017.1
3240 -868.8 -1959.1
3241 -889.4 -1928.2
3242 -748.3 -1863.4
3243 -950.2 -1839.5
3244 -948.2 -1968.1
3245 -1009.8 -1751.4
3246 2704.7 -2459.9
3247 -1052.8 -1667.9
3248 -1076.4 -1661.3
3249 -1208.2 -1460
3250 -1264.2 -1378.3
3251 -1266.2 -1499.3
3252 -1321.2 -1295.7
3253 -1181.1 -1314.8
3254 -1371.7 -1219.8
3255 -1245 -1234.2
3256 -1378.5 -1334.8
3257 2700.2 -2515
3258 -1430.4 -1133.5
3259 -1301 -1163.6
3260 -1489.1 -1172.6
3261 5252.6 -3012.5
3262 213 -3474.4
3263 111 -3521.6
3264 131.5 -3348.7
3265 -161.1 -3124.9
3266 4750 714
3267 4779.4 822.9
3268 2780 -2604.9
3269 4640.3 740.6
3270 4807 928.9
3271 4667.8 847.7
3272 4836.1 1037.7
3273 4697.5 956.7
3274 4870.6 1166.5
3275 4725.2 1062.1
3276 4927.6 1016
3277 4898.4 1275.3
3278 4929.1 1391.6
3279 3643.5 -3869.8
3280 4877.5 1191.7
3281 4788.1 1302
3282 4817.9 1417.3
3283 5049.6 1852.9
3284 5143.3 1831.2
3285 4948.9 1877
3286 5081.2 1967
3287 4979.2 1992.2
3288 5111.7 2081.6
3289 5203.4 2060.1
3290 3639.7 -3950
3291 5008.9 2106.6
3292 5142.6 2196.3
3293 5041.3 2223.5
3294 5172.7 2312.6
3295 5264.3 2291.5
3296 5071.9 2337.7
3297 5202.5 2428.4
3298 5102.7 2452.3
3299 5233.2 2543.6
3300 5133.9 2566.2
3301 3747.5 -3866.7
3302 5263.7 2657.8
3303 5164.2 2682.1
3304 -668.6 3998.3
3305 -840.5 3998.7
3306 -665.8 4079.5
3307 -990.3 4000.1
3308 -1167.2 4002.3
3309 -994.3 3902.8
3310 4224.3 -2631.9
3311 4216.3 -2799.2
3312 3458.6 -3874.4
3313 4087.3 -2842.2
3314 4002.9 -2767.8
3315 4022.2 -2915.9
3316 4166.8 -2910.2
3317 4184.3 -3061.4
3318 -3645.9 -3034.6
3319 -3746 -3013.6
3320 -3657.4 -3094
3321 -3841.3 -2992
3322 -3729.7 -2933.7
3323 1907.8 -2983.2
3324 -3758 -3072.7
3325 -3854.3 -3053.3
3326 -3927.8 -2970.9
3327 -3906.7 -2869.6
3328 -3948.3 -3072.6
3329 -4019.9 -2953.1
3330 -3999.6 -2850.8
3331 -4040.7 -3055.3
3332 -4113.2 -2935.3
3333 -4133.3 -3037.2
3334 5084.5 -4778.4
3335 3078.6 -4543.2
3336 1849.2 -3084.7
3337 -4206.6 -2909.3
3338 -4175.9 -2810.6
3339 -4235.9 -3010.1
3340 -4353.5 -2857
3341 -4388.6 -2955.2
3342 -4485.9 4302.7
3343 -4483.1 4380.5
3344 -4489 4217.2
3345 -4481 4429.6
3346 -844.9 -649.6
3347 1933.7 -3018.4
3348 -800.1 -676.4
3349 -815.2 -611.2
3350 -890 -736.2
3351 -810.8 -783.6
3352 -947 -831.6
3353 -1024.6 -783.7
3354 -994.4 -909.8
3355 -916.5 -957.4
3356 -1037.6 -981.3
3357 -1049.1 -999
3358 1854.9 -2908.7
3359 -1114.4 -933.9
3360 -971.9 -1047
3361 -1094.1 -1074.1
3362 -1211 -1092.8
3363 -1091.9 -1243.6
3364 -1322.2 -1417.3
3365 -1455.8 -1387.5
3366 -1533.8 -1440.7
3367 -1507.2 -1312.1
3368 -1611.2 -1493.5
3369 1497.9 -3502.7
3370 -1477.3 -1523.9
3371 -1554 -1576.6
3372 -1634.5 -1630.7
3373 -2041.4 -1678.6
3374 -2161.4 -1816
3375 -2132.5 -1919.4
3376 -2228.5 -1833.8
3377 -2201.4 -1937.6
3378 -2299.3 -1849.8
3379 -2325.4 -1743.7
3380 2113 -3451.6
3381 -2349.1 -1854.5
3382 -2360.4 -1748.9
3383 -2337.3 -1960.4
3384 -2458.2 -1866.1
3385 -2469.9 -1760.8
3386 -2564.5 -1878
3387 -2552.2 -1985.5
3388 -2807.6 -1904.7
3389 -2795.1 -2012.7
3390 -2697.5 -1892.2
3391 1562.6 -3584.5
3392 -2902 -2026
3393 -2925.4 -1813.8
3394 -3075.1 -1938
3395 -3183 -2044.5
3396 -3345.8 -1935.6
3397 -3415.6 -1921.7
3398 -3398.5 -1836.5
3399 -3437.5 -2026.9
3400 -3516.7 -1900.9
3401 -3498.6 -1815.3
3402 1419.6 -3561.1
3403 -3619.9 -1889.6
3404 -3677.5 -1880.2
3405 -3600 -1793.2
3406 -3724 -1866.2
3407 -3695.1 -1765.4
3408 -3752.9 -1965.6
3409 -3000.5 1978.8
3410 -2946.3 1799.4
3411 -3209.6 1696.2
3412 -3254.2 1714.9
3413 1417.8 -3691
3414 -61.4 -3594.1
3415 26.1 -3560.6
3416 -152.6 -3630.9
3417 -114.8 -3518.3
3418 -39.3 -3467.1
3419 -266.5 -3462.9
3420 -502.2 -2951.6
3421 -438.8 -3044.7
3422 -579.6 -3003.9
3423 -425.8 -2899.6
3424 1164.1 -3744.9
3425 -764.8 -2568.2
3426 -681.6 -2689.6
3427 -841.6 -2620
3428 -687.7 -2515.6
3429 -855 -2436
3430 -776.6 -2382.3
3431 -931.4 -2488.2
3432 -921.4 -2338.7
3433 -843.5 -2284.4
3434 -1300.5 -1948.5
3435 1055.4 -3821.3
3436 -1144.7 -1841.9
3437 -1162.2 -1984.6
3438 -1347.5 -1713.4
3439 -1420.6 -1606.7
3440 -1578.7 -1713.2
3441 -1399.3 -1470.8
3442 -1585.2 -1365.7
3443 -1644.7 -1278.2
3444 -1721.8 -1330.4
3445 -1704.7 -1189.5
3446 -395.4 -4852.6
3447 986.7 -3874.7
3448 -1725.8 -1158.9
3449 -1625.8 -1136.1
3450 -1803.2 -1211.4
3451 -1784.7 -1071.8
3452 -1862.5 -1124.9
3453 -1706.8 -1018.5
3454 -1841.4 -988.7
3455 -1762.6 -934.7
3456 -1898.7 -907.8
3457 -1954.8 -825.4
3458 961.2 -3895.2
3459 -1817.8 -853.6
3460 -2031.1 -877.3
3461 -2011.1 -741.9
3462 -1931 -687.5
3463 -2067.6 -659.8
3464 -2092.9 -786
3465 -2143.3 -712
3466 -1986.9 -605.4
3467 -2122 -579.1
3468 -2199.2 -630.7
3469 1050.7 -3954.9
3470 -2042.9 -524.6
3471 -2098 -444.1
3472 -4257.2 -166.8
3473 -4335.1 -95
3474 -4182.9 -83.1
3475 -4163.4 -61.1
3476 -4100.4 -150.8
3477 -4089.9 21.6
3478 -4242.6 9.8
3479 -4169.4 92.7
3480 915.2 -3932
3481 -4009.6 -48.4
3482 -4018.4 102.2
3483 -3942.7 27.1
3484 -4098.8 173.2
3485 -3948.2 181.7
3486 -3875.8 263.8
3487 -3956.3 334.2
3488 -3804.5 199.9
3489 -3734.6 423.3
3490 -3814.8 493.4
3491 2304.4 -2019.4
3492 -3683 377.1
3493 -3664.7 502.8
3494 -3623.3 467.3
3495 -3611.5 563.1
3496 -3498.3 505.2
3497 -3708.5 614.1
3498 -3673.9 653.3
3499 -1796.4 -420.2
3500 -1845.5 -501.1
3501 -1705.6 -476.1
3502 2191.4 -2028.8
3503 -1931.1 -437.8
3504 -1911.5 -553.7
3505 -1770.5 -559.1
3506 -1861.2 -626.9
3507 -3164.3 -1018.8
3508 -3230.6 -1020.1
3509 -3165.2 -1096.8
3510 -3209.9 -923.5
3511 -3251.2 -1122.9
3512 -3332.3 -1002.8
3513 2306.9 -2050.5
3514 -3310.8 -901.8
3515 -3463.2 -970.6
3516 -3435.6 -873.1
3517 -3528.7 -951.6
3518 -3497.8 -852
3519 -2443.9 -895.7
3520 -2531.4 -919.4
3521 -2412.8 -991.4
3522 -2555.8 -823.3
3523 -2566.7 -925.6
3524 2318.1 -2164.9
3525 -2671.7 -937.6
3526 -2578.6 -827.7
3527 -2556.6 -1012.6
3528 -2683.5 -840.1
3529 -2662.1 -1035.2
3530 -2782.4 -950.3
3531 -2915.2 -965.6
3532 -2925.7 -868.2
3533 -2904.5 -1063.3
3534 -2805.3 -952.9
3535 2424.4 -2041.4
3536 -3031.4 -879.2
3537 -3010.4 -1076.5
3538 -1269.4 562.9
3539 -1264.1 390.1
3540 -1361.1 438.4
3541 -1174.8 347.7
3542 -3803.2 -738.3
3543 -3162.4 -924.1
3544 4393.3 -1129.7
3545 4332.5 -1123.5
3546 2435.1 -2155.8
3547 1260 514.6
3548 1158 589.1
3549 1189 630.7
3550 -2670.5 -4046.5
3551 -2554.3 -4124
3552 -2574.6 -3943.3
3553 -2693.5 -3843.4
3554 -2599.7 -3718.9
3555 -2829 -2664.3
3556 -2734.8 -2544.7
3557 -331.7 -4830.7
3558 2200.7 -2175.9
3559 -2770.7 -2225.6
3560 -2783 -2118.6
3561 -2937.9 -1707.8
3562 -2832.7 -1694.3
3563 -2950.5 -1597.7
3564 -2953.7 -1565.6
3565 -2844.1 -1584.2
3566 -2966.2 -1459.2
3567 -3065 -1470.9
3568 -2859.1 -1447
3569 2327 -2281.5
3570 -2978 -1361.5
3571 -2990 -1262.1
3572 -3063.4 -1371.6
3573 -2870.2 -1348
3574 -3061.7 -1270.6
3575 -2881.9 -1250.1
3576 -3000.5 -1164.8
3577 -3059.9 -1171.6
3578 -2894.5 -1152.1
3579 -3048.8 -783.7
3580 2444 -2273
3581 -2936.9 -768.7
3582 -3160 -786.5
3583 -3045.4 -719.8
3584 -3118.8 -673.6
3585 -3150 -724.9
3586 -3064.5 -584
3587 -3172.3 -611.4
3588 2339 -488
3589 2374.8 -603.1
3590 2391.8 -719.5
3591 2209.8 -2292.7
3592 2408 -834.3
3593 2425 -949.6
3594 2441.2 -1067.8
3595 2421 -1680.9
3596 -275.5 2630.3
3597 -202.5 2492.9
3598 -470.5 2698
3599 -578.8 2734.5
3600 -401.2 2877.4
3601 -611.6 2635.2
3602 2452.9 -2391.1
3603 -686.2 2770.6
3604 -802 2784.2
3605 -664.4 2881.3
3606 3071.7 -1310.5
3607 3169.7 -1315.5
3608 3067.5 -1418.2
3609 3073.1 -1227.7
3610 3167.1 -1423.6
3611 3172.5 -1232.8
3612 3278.1 -1427.3
3613 2384.8 -2980.7
3614 3982.9 -1357.1
3615 3973.5 -1584.9
3616 3989.5 -1127.8
3617 4088.5 -1350.9
3618 4096.7 -1031.8
3619 4119.8 -1348.8
3620 4078.8 -1580.2
3621 4114.1 -1574.1
3622 4126.8 -1115.9
3623 4208.3 -1351.2
3624 2394.5 -3099.4
3625 4202.1 -1576
3626 4276 -1353.3
3627 4215.1 -1118.3
3628 4271.8 -1576.7
3629 2673.3 -1300.5
3630 2808.1 -1304
3631 2807.5 -1356.5
3632 5097 -1323.3
3633 5086.9 -1433.7
3634 5095.6 -1199.7
3635 2500.4 -2973.3
3636 5202.2 -1377.1
3637 4994.1 -1279.9
3638 5201 -1320.1
3639 5314.8 -1319.7
3640 5205.2 -1203.4
3641 5315.7 -1206.5
3642 5308.7 -1429.1
3643 4712.3 -1365.4
3644 4708.1 -1477.6
3645 4713.6 -1251.6
3646 2402.6 -3209.1
3647 -3176.3 4089.1
3648 -3048.5 4076.5
3649 -3043.9 4166.3
3650 -3007.4 4213.3
3651 -1604.5 1100.3
3652 -1768.9 1221.8
3653 -2226.5 1559.8
3654 -2151.9 1659.7
3655 -2308.2 1619.7
3656 -2389.9 1679.6
3657 1739.6 -3975.2
3658 -2315.2 1779.9
3659 -2470.6 1738.8
3660 -2563 1806.9
3661 -3290.7 2345.7
3662 -3472.2 2479.8
3663 -3564.8 2546
3664 -1760.5 1062.6
3665 -2213.9 1397.3
3666 -2380.5 1521.3
3667 -2543.7 1641.8
3668 -388.3 -4877.2
3669 1813.1 -3919
3670 -2727 1776.8
3671 -2830.4 1930.3
3672 -3272.7 2179.9
3673 -3362.1 2245.7
3674 -3452.7 2313.6
3675 -3543.8 2380.9
3676 -3428.3 2155.4
3677 342.7 688.4
3678 290.8 726
3679 436.6 799.8
3680 1801.7 -4058
3681 397.7 644
3682 445.1 760.3
3683 -529.2 3894
3684 -594.3 3890.6
3685 -3824.8 -2914.1
3686 -3708.9 -2827.6
3687 -3819.5 -2886.7
3688 -3800.1 -2792.1
3689 -3879.9 -2751
3690 -4090.3 -2832.8
3691 1918 -4228.1
3692 -3963.9 -2695.6
3693 -4143.5 -2711.1
3694 -4319.6 -2759.7
3695 1485.2 821.2
3696 -2095.9 -4069.5
3697 -2202.5 -4082.1
3698 -2105.6 -3982
3699 -1988 -4056.6
3700 -2140.7 -3666.5
3701 -2153.4 -3557.2
3702 1792.8 -4192.7
3703 -2128.2 -3779.3
3704 -2251.3 -3678.5
3705 -2033.4 -3654.8
3706 -2276.9 -2491.3
3707 -2264.3 -2599.6
3708 -2385.7 -2504.2
3709 -2141.7 -2476.7
3710 -2397.8 -2397.4
3711 -2168.1 -2371.6
3712 -2324.9 -2067
3713 1854.6 -4273.6
3714 -2422 -2185.1
3715 -2434 -2079.4
3716 -2246.5 -2058.8
3717 -2446.1 -1973.1
3718 -2272.6 -1953.8
3719 -3304.7 4561.5
3720 -3206.4 4554.1
3721 -3392 3539.2
3722 -3340.6 3535.6
3723 -3484.2 3545.2
3724 1916.5 -4359.8
3725 -3334 3624.5
3726 -3307.6 3532.9
3727 -3325.5 3738.9
3728 -3216.3 3613.2
3729 -3475 3635.5
3730 -3206.2 3729.9
3731 -3466.6 3748.9
3732 -3460.3 3837.5
3733 -3512.7 3085.2
3734 -3343.1 3149.8
3735 2364.9 -4934.8
3736 -2995.4 3267.7
3737 -2869.8 3305.8
3738 -1914.1 3237.1
3739 -1895.5 3005.4
3740 -2007.6 3244.5
3741 -2031 3014.5
3742 -2124.9 3254.1
3743 -2139.5 3092.6
3744 -2207.5 3259.7
3745 -2257.9 3182
3746 1488.3 -3638.9
3747 -2350.2 3246.5
3748 -2382.6 3269.2
3749 -2468.1 3280.4
3750 -2511.1 3216.6
3751 -2597.2 3288.9
3752 -2633.6 3237.6
3753 -2722.2 3300.7
3754 -2683.4 3291.8
3755 -2772.2 3303.8
3756 -2746.3 3277.1
3757 3232.6 -3870.3
3758 -2933.1 3214
3759 -3058.1 3243.2
3760 -3076.1 3209.1
3761 -3134.7 3129.6
3762 -2722.3 3988.6
3763 -567.5 -3799.9
3764 -629.1 -3709.2
3765 -740.8 -3383.3
3766 -878.7 -3343.9
3767 -942.7 -3250.1
3768 3865.3 -3383.2
3769 -928.8 -3103
3770 -1068.3 -3064
3771 -1119.8 -2988.5
3772 -1204.4 -2865.8
3773 -1284.3 -2584.8
3774 -1293.2 -2734.2
3775 -1428.2 -2553.9
3776 -1402.9 -2408
3777 -1539.1 -2368.2
3778 -1521.8 -2231.1
3779 -419.9 -4784.9
3780 3892.8 -3645.1
3781 -2531.5 -301.4
3782 -2518.2 -279
3783 -2618.8 -248.6
3784 -2581.2 -186.5
3785 -2568 -167.6
3786 -2600.6 -148.4
3787 -2658.2 -117.4
3788 -2626 -72.2
3789 -2702 8.9
3790 -2758.4 67.4
3791 4113.3 -3841.6
3792 -2881.7 298.7
3793 -2835.7 397.6
3794 -2904.6 360.4
3795 -2970.8 648.8
3796 -2930.5 589.9
3797 -3035.1 822.6
3798 -2985.6 712
3799 -3160.8 980.1
3800 -3097.1 918.3
3801 -3239.3 1056.9
3802 4109.5 -3807.4
3803 -3271.5 1010.5
3804 -3319.3 1053.9
3805 -3394.5 1119
3806 -272.4 -3626.6
3807 -193.1 -3570.3
3808 -453.5 -3188.7
3809 -596 -3151.9
3810 -723.4 -2964.7
3811 -786.6 -2871.7
3812 -642.8 -2909.7
3813 2718.6 -4863
3814 -706.4 -2817
3815 -758.2 -2741.4
3816 -921.4 -2677.6
3817 -1011.3 -2542.8
3818 -1077.7 -2445
3819 -1138.1 -2355.9
3820 -998.4 -2389.8
3821 -1259.2 -2179.4
3822 -1118.7 -2213.6
3823 -1571.8 -1859.7
3824 2670.4 -4798
3825 -1677.2 -1659.3
3826 -1663 -1418.2
3827 -1800.7 -1384
3828 -1883.4 -1265.1
3829 -1781.4 -1242.6
3830 -1973.9 -959.9
3831 -2111.2 -930.6
3832 -2081.7 -802.8
3833 -2409.5 -321.3
3834 -2559.2 -185.8
3835 2763.9 -4734.3
3836 -2483.2 -222.3
3837 -2528.3 -102
3838 -2733 329.3
3839 -3129.1 1027.3
3840 4797 -2030.3
3841 4691.4 -2049.3
3842 4922.6 -2050.4
3843 4830.3 -2415.6
3844 4703.2 -1592.6
3845 161.7 -1836.6
3846 4680.5 -4359.2
3847 140.6 -1930.7
3848 62.7 -1775.5
3849 14.4 -1851.8
3850 112.3 -1694
3851 -69.6 -1695
3852 -20.1 -1613.2
3853 -117.1 -1772.2
3854 -195 -1619.6
3855 -311.6 -1548.2
3856 -145 -1537.1
3857 4896.7 -4704.6
3858 -432.8 -1474
3859 -358.4 -1625.9
3860 -383.2 -1392.3
3861 -519.9 -1420.7
3862 -480.6 -1552.6
3863 -567.5 -1499.2
3864 -583.9 -1381.6
3865 -476.3 -1348.7
3866 -631 -1459.5
3867 -647.3 -1342.8
3868 4642.1 -4499.7
3869 -540.5 -1309.9
3870 -665 -1332.1
3871 -604 -1271.4
3872 -937.3 -1166.6
3873 -1015.4 -1119.1
3874 -888.4 -1085.2
3875 579.6 -1969.4
3876 605 -1859.4
3877 556.6 -2072.8
3878 336 -1913.6
3879 4741.7 -4300.2
3880 447.6 -1939.2
3881 313.3 -2012.3
3882 214.9 -1885.2
3883 242.7 -1770.5
3884 2590.2 4047.1
3885 2698.4 4057.1
3886 2481.7 4036.6
3887 2578.8 4158.7
3888 2687.8 4169
3889 2470.6 4149.2
3890 5023.8 -4714.4
3891 4497.8 -4422.3
3892 2568.6 4270.1
3893 2706.9 3376.9
3894 908.5 -1286.2
3895 905.9 -1235.7
3896 751 -1249.4
3897 820.5 -1265.5
3898 742.8 -1197.5
3899 767.7 -1345.6
3900 721.1 -1334.8
3901 588.6 -1213
3902 4839.8 -4644.1
3903 615.1 -1094.5
3904 483 -1278.9
3905 307.2 -1146.4
3906 267.8 -1086.7
3907 -2047 492.4
3908 -2163 299.3
3909 -2532.9 865.7
3910 -2573.1 899.1
3911 -2618.5 836.9
3912 -2661.9 967.9
3913 4647.5 -4793.2
3914 -2708.3 891.2
3915 -2741.5 1026
3916 -2793.3 942.4
3917 -2819.6 1091.2
3918 -2878.8 994.7
3919 -2964.8 1047
3920 -744.1 -42.9
3921 226.3 -1098.4
3922 146.5 -1056.7
3923 213.5 -1116.5
3924 2667 -4608.3
3925 166.8 -989.8
3926 -29.6 -762.6
3927 -136.1 -861.3
3928 222.9 -1167.6
3929 -37.3 -1099.6
3930 -171.9 -837.8
3931 -211.5 -849.4
3932 3998.2 -874.9
3933 3876.9 -1812.6
3934 3966.1 -1813.4
3935 2714.3 -4670.2
3936 3869.8 -2054.4
3937 3957.6 -2058.6
3938 3822 -2052
3939 3864.7 -2170.1
3940 -3079.3 -2207.5
3941 -3186.4 -2206.3
3942 -4525.1 1832.2
3943 -4340.3 1892.9
3944 -4162.1 2084
3945 -4081.3 2012.4
3946 2579.5 -4676
3947 -4091.7 2163
3948 -4225.1 2010
3949 -4010.7 2092.9
3950 -4020.2 2243.6
3951 -4240.7 2154.6
3952 -3939 2173.1
3953 -3948.6 2323.7
3954 -3869.3 2252.9
3955 -3878 2403.4
3956 -3977.9 -1283.9
3957 2529.2 -4610.2
3958 -4180.8 -1410.4
3959 -2709.4 3466.6
3960 -2675.4 3463.6
3961 -2576.9 4537.8
3962 -2318.1 4497.1
3963 -3513.7 3638.2
3964 -3520.1 3548.8
3965 -3223 3525.9
3966 997.4 557.2
3967 909.4 621.5
3968 2626.9 -4739.7
3969 960.1 510.5
3970 820.1 686.8
3971 947.6 673.1
3972 731.4 751.5
3973 785.2 639.9
3974 633.6 823.1
3975 769.6 803.9
3976 672.2 875.3
3977 116.8 1198.4
3978 82.7 1152.1
3979 2812.8 -4197.4
3980 -133.1 1202
3981 -134 1380.2
3982 -220.2 1444.4
3983 -276 1361
3984 -307.2 1507.2
3985 -366.5 1426
3986 -393 1570.3
3987 -480.7 1634.2
3988 -540.8 1552.9
3989 -566.2 1696.5
3990 3202.7 -4189.7
3991 -601 1648.3
3992 -679.6 1779.2
3993 -715.2 1730.4
3994 -818.9 1880.6
3995 -854 1832.7
3996 -1357.1 2273.7
3997 -1628.6 2432.7
3998 -1920 2674.1
3999 -2018.9 2545.6
4000 -1995.1 2729.7
4001 4950.9 -4773.9
4002 2928.9 -4096.4
4003 -1968.5 2752.9
4004 -2043.7 2808.1
4005 -2083.9 2794.5
4006 -2197.8 2877.9
4007 -2177.4 2904.8
4008 -2290.5 2944.3
4009 -2268.1 2974.8
4010 -2321.5 2901.9
4011 -2382.9 3011.6
4012 -2362.1 3040.8
4013 3874.7 -4538.7
4014 -2414.7 2968.4
4015 -2473.6 3077.4
4016 -2504.6 3034.9
4017 -2452.4 3106.6
4018 -2565.2 3143
4019 -2542.6 3173.7
4020 -2594.8 3102.8
4021 -91.7 1438.5
4022 -262.5 1565
4023 -436.5 1694.1
4024 3945.6 -4574.1
4025 -522.5 1756.9
4026 -773.3 1944.8
4027 -956.2 1980.8
4028 -1867.8 2893.1
4029 -1948.2 2914.7
4030 -2022.7 2832.3
4031 -2061.2 2820.4
4032 -2102.7 2850.6
4033 -2082.8 3051.1
4034 -2148.7 2953.3
4035 3833.8 -4613.6
4036 -2235.9 3019
4037 -2328.4 3084.4
4038 -2418.9 3151.2
4039 -2654.9 3209.8
4040 -2657.9 3254.6
4041 -2776.5 3233.9
4042 -2689.5 4475.3
4043 -4082.9 -954.4
4044 -4183 -893.2
4045 -4260.4 -842.8
4046 4019 -4614.1
4047 -4241.5 -983.9
4048 -4201.4 -751.9
4049 -4336.8 -793
4050 -4319.1 -933.7
4051 -4410.8 -745.5
4052 -4277.5 -701.8
4053 -4460.5 -558.6
4054 -4611.4 -568.9
4055 -4409.9 -28.5
4056 -4481.1 -109.1
4057 4041.1 -4332.4
4058 -4336.4 52.7
4059 -4484.4 44.7
4060 -4318.2 75.1
4061 -4262.5 -12.8
4062 -4338.6 93.5
4063 -4244.4 159.1
4064 -4172.9 238.9
4065 -4030.4 401
4066 -4118.4 478
4067 -4102.8 318.7
4068 4091.5 -4654.3
4069 -3974.5 634.9
4070 -3790.5 672.4
4071 -3748.2 720
4072 -3887.1 734.2
4073 -3461.6 892.6
4074 32.1 4370.9
4075 -90.1 4472
4076 21.6 4482.6
4077 -101.7 4583.8
4078 11.1 4594.5
4079 4360.8 -4799.5
4080 -111.7 4695.7
4081 -213.7 4573.1
4082 0.5 4706.6
4083 -224.4 4685.6
4084 96.6 3809.9
4085 86.1 3922.3
4086 221 3821.8
4087 333.9 3832.6
4088 344.2 3720.1
4089 455.7 3730.7
4090 4049.3 -4732.9
4091 565.3 3784.7
4092 562.8 3746.2
4093 530.5 3727
4094 585.8 3795.4
4095 740.4 3992.4
4096 679.8 3980.8
4097 805.5 3878.3
4098 917.1 3887.3
4099 1019.3 3897.3
4100 1030.1 3785.4
4101 4370.8 -4870.6
4102 1358.1 3930.4
4103 1237.2 4032.5
4104 1472.6 3941.6
4105 1347.2 4042.5
4106 1368.6 3817.9
4107 1474 3827.6
4108 1533.5 3267.1
4109 1501.2 3944.3
4110 1610.2 3954.9
4111 1491.4 4055.8
4112 5085.6 -4653.6
4113 4305.1 -4641.8
4114 1598.9 4066.2
4115 1620.4 3842.4
4116 1718.9 3965.3
4117 1707.5 4076.4
4118 1730.1 3852.8
4119 2362.3 4023.9
4120 2382.3 4025.9
4121 2273.9 3904
4122 2364.8 3996.5
4123 2795 4065.8
4124 953.8 -4662.4
4125 2784.7 4178.5
4126 3407.4 4066.9
4127 3462.2 3933.3
4128 3407.4 3700.4
4129 3518.5 4164.9
4130 3547.1 3912.4
4131 3602 4146
4132 3492.3 3681.1
4133 3631.5 3893.5
4134 3658.7 4009
4135 1008.5 -4753.2
4136 3713.9 3873.2
4137 3743.1 3990.4
4138 -2037.7 2846.5
4139 -1944.1 2950.4
4140 4586.2 981.7
4141 4613.7 1089.5
4142 4647.8 1218.3
4143 4676.7 1327.3
4144 4654.6 1243.8
4145 -1846 3634.6
4146 1062.4 -4840.6
4147 -1916.7 3626.4
4148 -1795 3705.3
4149 -1958.8 3668.2
4150 5297.1 -1967.4
4151 5298.7 -1883.1
4152 5297.1 -2043.7
4153 3734.3 836.1
4154 3641.8 859.1
4155 3759.6 944.9
4156 3674.5 841.4
4157 1117.7 -4929.7
4158 3820.4 817.3
4159 3785.4 1051
4160 3666.7 968.3
4161 3811.4 1162.4
4162 3871.9 1031.3
4163 3836.3 1269.3
4164 3717.3 1183.3
4165 3922.8 1249.9
4166 3870.1 1413
4167 3955.5 1392.2
4168 1173 -5017.4
4169 3891.4 1510.5
4170 3978.2 1489.5
4171 3919.4 1626
4172 4006.4 1607.3
4173 4000.5 1974.8
4174 4028.1 2091.6
4175 4114.5 2071.4
4176 4054 2205.3
4177 4141.8 2186.2
4178 4082.5 2321.7
4179 986.5 -5134.3
4180 4168.6 2303
4181 4108.9 2438.8
4182 4195.8 2418.1
4183 4135.5 2553.5
4184 4224.6 2535.6
4185 4162.6 2670.4
4186 4250.7 2651.2
4187 4217.5 2903.2
4188 481 2394.4
4189 462.1 2552.2
4190 3043.6 -2938.2
4191 376.8 2616
4192 528.1 2642
4193 290.7 2680.4
4194 309.5 2524.5
4195 205.8 2744.3
4196 224.1 2589.4
4197 85.4 2831.1
4198 272.5 2836.2
4199 21.8 2879.9
4200 18.8 2740.5
4201 3038.5 -3083.1
4202 88.4 2970.2
4203 -44.4 2790.4
4204 -52.6 2934.8
4205 14.3 3025.7
4206 -148.1 3006.4
4207 -119.1 2844.5
4208 -234.2 3071.1
4209 -80.7 3098
4210 -301.4 2981.5
4211 1562 1131.6
4212 3149.6 -2929.5
4213 1621.8 1140.1
4214 1415 1119.8
4215 108 2250.8
4216 36.4 2155.7
4217 1303.1 1332.2
4218 1209.4 1403.5
4219 1148.8 1317.6
4220 1114.1 1476.1
4221 1051.9 1390.9
4222 1030.5 1545.7
4223 -378 -4578.9
4224 3034.8 -3196.6
4225 1082.2 1607.1
4226 911 1642.8
4227 796.6 1732.5
4228 825 1564.1
4229 539.2 1930.5
4230 542.4 1776.8
4231 451.7 1994.4
4232 366.7 2056.5
4233 380 1896.2
4234 282.2 2123.5
4235 3144.8 -3087.6
4236 432 2148.7
4237 194.3 2188.4
4238 210 2024.6
4239 260.2 2277.9
4240 -63.4 2379.3
4241 3.5 2469.7
4242 -185.8 2465.7
4243 -201.3 2444.1
4244 -130.7 2370.3
4245 603 -199.9
4246 2939 -3083.5
4247 541 -465.1
4248 423.1 -437.6
4249 596.2 -477.7
4250 525.6 -536.9
4251 406.5 -509.7
4252 447.8 -873.5
4253 529.6 -1074.4
4254 194.9 -1261.3
4255 286.7 -1548.3
4256 267.8 -1668.9
4257 3141.8 -3200.1
4258 385.8 -1696.8
4259 191.1 -1985.8
4260 166.2 -2096.2
4261 287.4 -2123.2
4262 145 -2091.1
4263 127.3 -2268.6
4264 109.9 -2251.7
4265 193.2 -2332.6
4266 3.7 -2277
4267 -93.6 -2504.8
4268 2948.6 -3199
4269 -1006.5 -3157
4270 -1086.8 -3211.8
4271 -1019.3 -3302.8
4272 -1038 -3315.5
4273 -1316.1 -3325.2
4274 -1426.9 -3376.4
4275 -1474.2 -3273.2
4276 -1380.5 -3481.1
4277 -1480.2 -3398.5
4278 -1520 -3290.2
4279 2621.9 -5040.4
4280 -1444 -3504.2
4281 -1569.1 -3430.8
4282 -1609.6 -3323.5
4283 -1658.7 -3462.9
4284 -1697.6 -3356
4285 -1621.5 -3567.4
4286 -1714.8 -3481.8
4287 -1686.7 -3590.8
4288 -1796.1 -3505.7
4289 -1769 -3613.3
4290 2500.8 -4714.4
4291 -1878 -3524.6
4292 -1907.2 -3413.8
4293 -1939.5 -3532.8
4294 -2044.7 -3544.8
4295 -1952.9 -3418.3
4296 -1926.1 -3642.5
4297 -3044.9 -3658.2
4298 -3057.4 -3544.9
4299 -3032 -3767.7
4300 -3104.1 -3664
4301 2506.7 -5127.2
4302 -2937.5 -3646.1
4303 -3102.4 -3547.8
4304 -3107.1 -3775.9
4305 -3502.3 -3659.7
4306 -3504.2 -3771.2
4307 -3553.9 -3656
4308 -3651 -3635.5
4309 -3565.5 -3767.3
4310 -3539.2 -3541.5
4311 -3664.5 -3750.2
4312 2424.4 -5011.7
4313 -3636.9 -3519.5
4314 -3763.5 -3611.8
4315 -3740.6 -3498
4316 -3865.3 -3591.9
4317 -3791.8 -3730.1
4318 -3842.5 -3478.4
4319 -3890.6 -3714
4320 -3961.4 -3573.9
4321 -3945.8 -3498.4
4322 120.8 -2203.3
4323 1253.1 -4069.1
4324 40.6 -2184.8
4325 70.1 -2213.6
4326 -3966.8 -3599.4
4327 -4145.4 -3562.6
4328 -4125.8 -3461
4329 -4165.8 -3664.5
4330 -4236.9 -3544.3
4331 -4258.4 -3646
4332 -4388.7 -3504.3
4333 -4358.7 -3405.2
4334 -296.8 -4877.8
4335 1313.8 -4150.1
4336 -4560.6 -3444.3
4337 -4418.7 -3604.5
4338 -4596.2 -3542
4339 3383 919.6
4340 3408.9 1029.1
4341 3511.5 1116.8
4342 3459.8 1243.4
4343 3563.3 1332.4
4344 3517.2 1495.1
4345 3540.2 1590.3
4346 1402.9 -4086.1
4347 3567.8 1708.6
4348 3675.1 2173.3
4349 3701.4 2289
4350 3729.3 2404.3
4351 3755.3 2521.6
4352 3782.7 2637.8
4353 3810.3 2752.9
4354 3836.4 2867.3
4355 -4028.4 252.8
4356 -3918.2 13.1
4357 1246.6 -4202.5
4358 -3860 103.6
4359 -3845.2 -35.4
4360 -3741.3 -46
4361 -3723.6 -115.5
4362 -3616.3 32
4363 -3651.7 -212.7
4364 -3485.5 -76.8
4365 -3373.7 -131.7
4366 -3350.2 -347.3
4367 -3299.7 -153.1
4368 1377.4 -4230.3
4369 -3408.1 -324.7
4370 -3254.8 -367.2
4371 -3213.9 -177.5
4372 -3289.1 -364.8
4373 -3005.6 -489.5
4374 -2954 -405.2
4375 -2918.2 -542.9
4376 -2866.7 -458.5
4377 -3979.2 -79
4378 -3905.7 -129.3
4379 1312.1 -4284
4380 -3828.8 -179.3
4381 -3708.7 -166.5
4382 -3752 -227.6
4383 -3634.1 -372.4
4384 -3383.2 -454.1
4385 -3320.1 -474
4386 -3130.4 -543.8
4387 -2858 -586.6
4388 -2977.2 -637.3
4389 4104.9 -901.5
4390 1440.2 -4312.8
4391 4034.1 -871.7
4392 4220.9 -948.8
4393 2508.8 229.6
4394 2389.1 221.5
4395 2501.9 -103.1
4396 2407.1 -108.4
4397 2496.9 -234.4
4398 2596.3 -237.3
4399 2414.2 -238.9
4400 2494.7 -364.4
4401 1519.4 -4254.9
4402 2593.6 -367.5
4403 2423.2 -368.9
4404 2490.7 -476.9
4405 2429.4 -474
4406 2589.6 -478
4407 2485.5 -594.2
4408 2585 -597.4
4409 2484.3 -711.8
4410 2581.8 -714.7
4411 2479 -831.2
4412 3885 -3405.1
4413 2578.9 -833.1
4414 2474.9 -947.4
4415 2575.1 -950.6
4416 2571.1 -1068.5
4417 375.8 3383.7
4418 488 3394.2
4419 498.6 3282.4
4420 601.3 3405.7
4421 623.7 3408
4422 612.2 3293.2
4423 3812.9 -4602.7
4424 737 3418.6
4425 612.8 3521.6
4426 848.9 3429.1
4427 725.4 3531.5
4428 748.5 3307.2
4429 859.1 3316.5
4430 960.8 3439.6
4431 1075.1 3450.3
4432 950.7 3553.3
4433 1400.9 3480.9
4434 3768.4 -4677.9
4435 1302.1 3358
4436 1512.5 3491.3
4437 -1948 2108.5
4438 -2029.7 2169.4
4439 3337.3 1045.7
4440 3360.1 1152.3
4441 3432.7 1135.6
4442 3386.5 1260.3
4443 3309 1278.1
4444 3413.4 1370
4445 5052.9 -4928.9
4446 1353.5 -3609.1
4447 3417.8 -4551.8
4448 3484.1 1351.5
4449 3444.8 1510.8
4450 3466.5 1606.2
4451 3367.2 1529
4452 3495 1726.1
4453 3388.5 1626.5
4454 3416.2 1743
4455 3603.1 2188.7
4456 3629.4 2306.6
4457 3525 2207.4
4458 3734.2 -4677.8
4459 3655.3 2422.4
4460 3551.8 2324.7
4461 3683.8 2538.1
4462 3578.1 2439.8
4463 3709.6 2653.9
4464 3604.2 2556
4465 3738.5 2769.1
4466 3631.7 2671.2
4467 3764.6 2885.6
4468 3658.1 2787.5
4469 3219.1 -4344.3
4470 3792 3002.1
4471 3686.4 2903.5
4472 3712.9 3019.5
4473 3739.7 3135.8
4474 3766.8 3251.2
4475 170.6 -266.2
4476 93.9 -234.2
4477 145.1 -375.9
4478 65.5 -357.2
4479 -386.2 -966.9
4480 2902 -4381
4481 -355.4 -984
4482 -443.8 -1008.9
4483 -380.3 -1046.9
4484 -501 -1102.2
4485 -517.9 -1091.1
4486 -549.2 -1181.6
4487 -566.2 -1170.9
4488 -486 -1219.9
4489 -592.1 -1252.4
4490 -609.5 -1241.7
4491 2878.3 -4347.8
4492 -692.7 -1422.4
4493 -657 -1502.7
4494 -428.2 -938
4495 -829.8 -1574
4496 -920.4 -1643.9
4497 -1049.9 -1647
4498 -860 -1720.9
4499 5227.9 -3062.1
4500 5226.2 -3000.7
4501 5301.3 -2888.7
4502 3198.5 -4369.5
4503 3173.1 1081.7
4504 3284.5 1169
4505 3224.7 1297.9
4506 3333.4 1387.2
4507 3280.3 1550.9
4508 3302.9 1645.7
4509 3330.6 1763.1
4510 3438.1 2227.8
4511 3563.1 2376.4
4512 3464.8 2344.8
4513 4715 -4695.1
4514 3477.4 2396.4
4515 3591.5 2503.3
4516 3507.4 2523.6
4517 3518.7 2576
4518 3545.6 2691.7
4519 3573.8 2808
4520 3600.6 2922.9
4521 3626.3 3039.1
4522 3653.8 3155.7
4523 -2666.5 -327.6
4524 2456.5 -4577.1
4525 -2724.2 -422
4526 -2841.2 -220.6
4527 4399.3 2003.9
4528 4426.2 2121.2
4529 4312.9 2024
4530 4328.5 2131
4531 4262.8 1424.4
4532 4289.9 1540.7
4533 4243.9 1340
4534 4375.2 1398.9
4535 2489.5 -4439
4536 4178.8 1442
4537 4407.1 1512.5
4538 4207.9 1558.1
4539 4181.8 1074
4540 4238.3 1314.3
4541 2713.9 224.9
4542 2805.4 214.6
4543 2705.1 -240.4
4544 2699.3 -370.7
4545 2793.1 -243
4546 2459 -4629.1
4547 2696.7 -482.1
4548 2789.2 -373.6
4549 2691.9 -601.3
4550 2785.5 -484.8
4551 2780.4 -604.1
4552 2687.4 -717.9
4553 2777.9 -721.2
4554 2683.1 -835.1
4555 2775.2 -837.9
4556 2680.8 -953.4
4557 1936.1 -4089.1
4558 1902.4 -3724.3
4559 2771.5 -956.3
4560 2679.7 -1073.8
4561 2804.7 -1462.4
4562 -1522.9 2866.7
4563 -1549.1 2889.2
4564 -1559.6 2823.8
4565 -1626.4 2954.7
4566 -1647.5 2733.3
4567 -1700.8 3019.7
4568 -1784.8 3091.4
4569 1978.8 -3824.8
4570 -1807.6 3073.4
4571 261.3 -1183.2
4572 133 -1360.8
4573 76.8 -1455.2
4574 90.5 -1432.2
4575 28.8 -1532.9
4576 161.3 -1614.5
4577 -165.3 -1851.3
4578 -33.6 -1931.5
4579 -215.8 -1930.4
4580 1987.8 -3662.9
4581 -161.1 -1984.5
4582 -500 -2180.7
4583 -439.1 -2130.9
4584 -1331.5 -2760
4585 -1256.6 -2902.1
4586 -1496.6 -2925.3
4587 -1649.4 -2908.3
4588 -1574.2 -3052.3
4589 -1743.7 -2949.4
4590 -1691.2 -3096.4
4591 1825.7 -3781.3
4592 -1841 -2984.3
4593 -1809.4 -3135.6
4594 -1928.1 -3003.9
4595 -1907.7 -3078.5
4596 -2007.3 -3015.5
4597 -2105 -3025
4598 -2095.2 -3109.6
4599 -2997.2 -3137.2
4600 -2987.4 -3213
4601 -3095.6 -3135.1
4602 2042.9 -3909
4603 -3095.3 -3114.9
4604 -3383.7 -3003.5
4605 -3469.1 -2959.3
4606 -3483.3 -3081.9
4607 -3549 -2918.9
4608 -3587.9 -3107.7
4609 -3545 -2898.8
4610 -3612.4 -2875.4
4611 -3795.1 -2771.9
4612 -3875.3 -2730.7
4613 1902.8 -3883.4
4614 -4046.9 -2648.6
4615 -4067.3 -2733.1
4616 -4109.5 -2606.4
4617 -4283.9 -2660.3
4618 10.4 -1284.6
4619 -48.5 -1378.9
4620 -95.9 -1456.5
4621 -290 -1775.8
4622 -323.1 -1827.3
4623 -481.5 -2014.3
4624 2061.3 -3764.8
4625 -1360.1 -2636.1
4626 -1387.3 -2654.1
4627 -1565.8 -2771
4628 -1692 -2789.8
4629 -1882 -2858.5
4630 -2036.5 -2897
4631 -2118.4 -2906.5
4632 -2214.4 -3037.6
4633 -3093.9 -3018.4
4634 -3466.1 -2937.5
4635 2108.5 -3993.7
4636 -3590.3 -2767.8
4637 -3669.7 -2641.5
4638 -3835.9 -2590.4
4639 -3927.3 -2563.9
4640 382.3 -90.2
4641 471 -225.7
4642 459.2 -273.5
4643 445 -337.5
4644 341.4 -238.8
4645 361.7 -424.2
4646 2120.9 -3846.1
4647 378.9 -628
4648 287.8 -1017.7
4649 1801.8 4604.8
4650 231.7 3709.5
4651 354.6 3609.4
4652 473.8 3653.9
4653 591.5 3743.4
4654 579.7 3629.9
4655 715.6 3644.4
4656 827.2 3654.9
4657 2090 -4137
4658 1630.9 3730.1
4659 1519.9 3833.8
4660 2368.2 3913.5
4661 2284.6 3791.3
4662 2177.6 3783.2
4663 2398.4 3916.3
4664 808.6 -378.4
4665 866.4 -303.6
4666 822.7 -529.8
4667 816.1 -877.7
4668 1999.5 -4173.6
4669 2198.5 -4282.6
4670 816.4 -961.4
4671 902.1 -1161.8
4672 738.8 -1174.8
4673 843.8 -1411.5
4674 1074.4 -1689.4
4675 1060.2 -2415.9
4676 1037.5 -2525.7
4677 930.8 -2385.4
4678 1011.6 -2636.9
4679 880.7 -2607
4680 2895 -4097.9
4681 854.1 -2717.7
4682 3929.9 -2341.3
4683 3799.1 -2720.1
4684 4985.6 -1430.5
4685 4995.2 -1195.6
4686 4922.1 -1200.6
4687 35.3 175.3
4688 -437.8 -1141.9
4689 -316.4 -1085.3
4690 -529.3 -1291.5
4691 2924.8 -4049.3
4692 -422 -1259
4693 -1239.1 -2037.2
4694 -1755.2 -2352.3
4695 -1867.6 -2400.1
4696 -1822.9 -2499.3
4697 -1932.3 -2422.6
4698 -1993.7 -2439.7
4699 -1895.5 -2525.9
4700 -2021.5 -2335
4701 -2067.4 -2459.1
4702 3205.5 -4097.3
4703 -2039.9 -2565
4704 -2491.5 -2516.8
4705 -2479.2 -2624.2
4706 -2602.7 -2529.5
4707 -2615.1 -2422.4
4708 -2623.3 -2532.1
4709 -2611.1 -2639.3
4710 -2746.8 -2437.5
4711 -3085.7 -2585.2
4712 -3195.2 -2692.8
4713 1688.6 -3755.9
4714 -3545.9 -2554.4
4715 -3647.6 -2534.2
4716 -3568.4 -2662.3
4717 -3743.3 -2514.9
4718 -3626.7 -2427.5
4719 -3764 -2616.4
4720 -803.3 -1793.3
4721 2652.9 2655.7
4722 2708.5 2886.8
4723 2743 2635
4724 3244 -3089.1
4725 -574.5 962.6
4726 -512.1 1048.8
4727 -424.1 985.3
4728 -443.1 1142.5
4729 -589.4 1105.8
4730 -356.2 1078.5
4731 -385.6 1220.8
4732 -520.4 1199.4
4733 -299 1156.8
4734 -463.2 1277.3
4735 3115.5 -3544.8
4736 2987.7 2700.2
4737 3078 2678.3
4738 2960.8 2584.7
4739 3016.2 2820.6
4740 3159.7 2659
4741 3051.3 2561.8
4742 3331.3 2619.4
4743 3132.7 2543
4744 3188.2 2778.9
4745 3415.9 2600.4
4746 3125.6 -3772.6
4747 3303.2 2503.6
4748 3443.2 2715.7
4749 -308.2 1308.4
4750 -223.3 1257.7
4751 -407.4 1370.2
4752 -177.2 1501.9
4753 -110.1 1594
4754 -196.1 1658
4755 -37.9 1691.7
4756 48.4 1626.9
4757 3121.2 -3886.8
4758 29.1 1782.8
4759 116 1717.4
4760 -56.4 1847.8
4761 91.6 1866.8
4762 176.5 1802.9
4763 5.3 1931.7
4764 155.5 1957.5
4765 249.6 1898.5
4766 71 2021
4767 181.7 1991.2
4768 3214.2 -3775.5
4769 294.7 1959.4
4770 113.1 2084.6
4771 345.7 2213.9
4772 412.4 2307
4773 327.7 2369.6
4774 565.8 2331.2
4775 674.3 2648
4776 628.5 2597.3
4777 -4679.3 207.3
4778 -4593.1 131.1
4779 1875.7 -4005.6
4780 3069.4 -3772.2
4781 -4605.5 290.1
4782 -4586.5 312.9
4783 -4519.2 214.8
4784 -4666.8 383.9
4785 -4301 638
4786 -4380.4 707.2
4787 -4229.1 719.3
4788 -4158.8 798.2
4789 -4310.7 788
4790 -4142.5 641.6
4791 3211.4 -3890.1
4792 -4238.6 866.6
4793 -4091.4 871.9
4794 -4073.2 720.6
4795 -4001.8 799.9
4796 -4102.6 890.3
4797 -3614 1411.9
4798 520.9 -3281.1
4799 322.1 -3029.9
4800 -44.6 -2758.1
4801 116.8 -2769.9
4802 3004.7 -3892
4803 -688.3 -1938.6
4804 -1120.4 -1391.5
4805 -1364.7 -1083.1
4806 -1452.8 -972
4807 -1343.2 -925.5
4808 -1520.5 -886.4
4809 -1629.5 -965.9
4810 -1431.1 -814.8
4811 -1581.1 -808
4812 -1686.3 -884
4813 4440.9 -4360.7
4814 -1487.5 -732.3
4815 -1621.3 -758.5
4816 -1720.7 -833.2
4817 -1644.1 -730.9
4818 -1579 -675.5
4819 -1706.2 -654.1
4820 -1799.6 -717.5
4821 -1757.9 -575.4
4822 -1749.8 -547.8
4823 -1669.3 -621.7
4824 4631.4 -4711.7
4825 5163.8 -2875
4826 -1539.3 194.6
4827 1234.7 1767.5
4828 1111.3 1869.6
4829 1195.3 2179.5
4830 1078.1 2203.5
4831 1057.2 2429.9
4832 1147 2665.2
4833 1137.1 2777.6
4834 1015.4 2879.7
4835 4520.2 -4635.6
4836 1114.5 3002.8
4837 993.2 3104.6
4838 1094.7 3226.2
4839 1013.1 3330.9
4840 -4096.8 -4232.4
4841 -4070.7 -4107.5
4842 -3995.3 -4227.8
4843 -4183.6 -4216.3
4844 -4049.2 -4005.1
4845 -3970.3 -4102.7
4846 3366.3 -4472
4847 -4159.4 -4098.5
4848 -4028.2 -3900.3
4849 -3949.8 -4003
4850 -4008.1 -3802.9
4851 -3986.3 -3700.6
4852 -4095.7 -3784.2
4853 -4074.7 -3683.8
4854 -3937.8 -3459.2
4855 -3925.1 -3396.1
4856 -3883.8 -3192.3
4857 3215.8 -4467.2
4858 -3873 -3141.3
4859 -3776.1 -3161.4
4860 -3862 -3089.5
4861 -3677.8 -2196.4
4862 -3656.4 -2091.3
4863 -3732.5 -2072.7
4864 -3560 -2111.2
4865 -3635.4 -1992
4866 -3705.3 -1979.4
4867 -3478.7 -1715
4868 3438.5 -4670
4869 -3527.7 -1492.2
4870 -3496.5 -1337.7
4871 -3410.7 -1390.5
4872 -3489.3 -1301.8
4873 -3551.4 -1267.2
4874 -3466.7 -1185
4875 -3373.8 -1205.3
4876 -3444.6 -1085.4
4877 -3352.2 -1103.9
4878 747.1 2052.3
4879 3210.7 -4672.9
4880 672.1 2112.1
4881 585.5 2177.1
4882 738 2202.4
4883 501.2 2240.1
4884 517.7 2084.9
4885 242.4 2433.4
4886 394.3 2460.2
4887 157 2497
4888 174.4 2341
4889 70.6 2561.6
4890 1863.3 -4143.1
4891 2780.3 -2247.5
4892 89.2 2405.9
4893 -48 2649.5
4894 138.1 2653.1
4895 -112.2 2698.4
4896 -114.7 2558.8
4897 -185.7 2754.3
4898 -279.6 2827.7
4899 -343.4 2870.5
4900 -214.7 2917.3
4901 -352.8 2808.5
4902 2790.6 -2362.5
4903 5158.1 505.8
4904 5269.2 479.5
4905 5186.3 612.7
4906 5134.1 413.3
4907 5298.3 586.9
4908 5245.2 385.4
4909 788.7 93.2
4910 823 -68.1
4911 700.9 157.8
4912 854.2 181.3
4913 2796 -2454
4914 829.6 331.2
4915 984.5 356
4916 1016.9 400.7
4917 1100.6 696.3
4918 1256.5 721.2
4919 1320 808.5
4920 1353.4 644.8
4921 1384.5 895.9
4922 1232.6 874.1
4923 1449.8 983.7
4924 -564.3 -4819.8
4925 1362.4 1049
4926 1504 1052.9
4927 1601.8 977.7
4928 1611.5 1249.2
4929 1735.4 1151.2
4930 1761.5 1153.5
4931 1750.8 1263.1
4932 1874.3 1165.1
4933 1985.4 1176.3
4934 1974 1286.2
4935 -319.5 -4884.8
4936 2094.1 1186.5
4937 2309.7 1225.8
4938 2388.4 1151.8
4939 2498.3 1125.1
4940 2525.2 1231.7
4941 2612.1 1098.6
4942 2637.3 1205
4943 2783.5 1058
4944 2981.6 1126.5
4945 3919.1 794
4946 582.3 -4843.8
4947 3942.1 903.2
4948 4039.7 879.4
4949 -2659.7 2634.6
4950 -2749.2 2701.1
4951 -2590.7 2728.2
4952 -2681.8 2795.8
4953 -2498.8 2659.2
4954 -2533.5 2806.3
4955 -2623.8 2873.1
4956 -2440.9 2737.8
4957 506.8 -4888
4958 -2478.6 2881.4
4959 -2384.7 2814.8
4960 -2166.8 3114.1
4961 -4614.8 -1387
4962 -4555 -1295.8
4963 767.2 2742.6
4964 881.6 2753.4
4965 914.3 2756.5
4966 -3108.7 4547.2
4967 -3312.9 3459
4968 681.8 -5015.5
4969 -388.5 3889.9
4970 -454.6 3886.3
4971 -846.5 -270
4972 -904.6 -178
4973 -885.1 -284.7
4974 719.8 2395.5
4975 801.1 2745.8
4976 789.9 2858.2
4977 779.1 2970.6
4978 677.6 2847.5
4979 437 -4928
4980 892.6 2981.3
4981 768.9 3083.3
4982 757.8 3194.1
4983 656 3072
4984 869.9 3204.6
4985 634.5 3295.4
4986 783.7 4103.1
4987 644.4 4372.9
4988 729.8 4433.6
4989 654.5 4398.2
4990 605.5 -5059.4
4991 585.5 4339
4992 571.2 -1396.4
4993 548.2 -1391.1
4994 568.9 -1299.1
4995 432.4 -1350.4
4996 -3012.1 4541.3
4997 -886.2 4508
4998 -896.9 4620.7
4999 1174.8 4706.5
5000 1283.3 4717
5001 2013.6 -4033.6
5002 529.9 -5101
5003 1398.1 4727.1
5004 1426.2 4728.8
5005 1408.5 4616.4
5006 1535.9 4741.4
5007 1546.5 4629.4
5008 33.3 4596.8
5009 146.3 4608.1
5010 22.6 4708.8
5011 258.9 4618.9
5012 157.7 4495.5
5013 397.2 -5044
5014 370.9 4628.3
5015 269.1 4506.6
5016 382 4517.3
5017 3322.4 121.7
5018 -3512.7 -4207.2
5019 -3510.2 -4090.6
5020 -3402 -3999.8
5021 -3506.4 -3884.9
5022 -3499.9 -3216.8
5023 -3488.5 -3128.2
5024 251.6 -5005
5025 -3385.6 -3082.8
5026 -3380.6 -2797.8
5027 -3437.3 -2688.7
5028 -3458.7 -2132
5029 5182.9 -2134
5030 5177.9 -2345.6
5031 222.8 -201
5032 111.2 -159.6
5033 45.6 -135
5034 129.4 -81.5
5035 174.5 -5043.6
5036 29 -207.7
5037 3092.9 2370.5
5038 3106.3 2427.9
5039 3080 2310.3
5040 4960.6 1145.2
5041 4969.3 1170.1
5042 5191.1 1658.6
5043 5112.9 1713.2
5044 5231.4 1810.6
5045 -2127.9 3631.4
5046 339.4 -5179.8
5047 -1953.2 3776.4
5048 -1903.3 3875.2
5049 -1574.3 3379.4
5050 342.3 998.1
5051 426.6 907.9
5052 191.1 1229.5
5053 325.1 571
5054 350 552.6
5055 259.6 481.4
5056 215.1 515.5
5057 73.2 -5093.3
5058 197.3 393.3
5059 219.5 375.8
5060 163.6 349
5061 283.6 462.9
5062 404.6 512.4
5063 549.2 813.3
5064 -1038 2885
5065 -1009.7 2884
5066 -1030.2 2957.9
5067 -935.6 2884.8
5068 217.1 -5125.4
5069 -1037.5 3016.6
5070 -1036.4 3079.5
5071 -1108.4 3015.2
5072 -885.3 3077.4
5073 -1894.5 3916.1
5074 -1876.7 3883.9
5075 -1914.4 4043.7
5076 -1904 4129.2
5077 -2075.6 4466.5
5078 5370.4 -3399.6
5079 127.2 -4954.3
5080 -544.6 2263.8
5081 -506.6 2316.8
5082 -616.7 2279.8
5083 -566.9 2233
5084 -569.8 2396.1
5085 -709.7 2340.2
5086 -649.1 2289.7
5087 -722.8 2301.3
5088 -835.1 2320.1
5089 -765.9 2238.3
5090 3.3 -5127.5
5091 -802 2422
5092 -2985.1 -4175.7
5093 -3114.6 -4190.4
5094 -2995.5 -4083.9
5095 -3006 -3992.9
5096 -3112.2 -4097.7
5097 -3018.9 -3880.9
5098 -2899.6 -3981.2
5099 -2950.4 -3532.6
5100 -2961 -3440.3
5101 115.2 -5179
5102 -2978.3 -3288.8
5103 3259.2 -2554
5104 3360.4 -2472.2
5105 -1163.9 2537.9
5106 -1328.6 2499.3
5107 1167.6 786.5
5108 1079.4 852.5
5109 1144.3 940.6
5110 991.1 917.9
5111 924.5 827.4
5112 1967 -3969.4
5113 -20.4 -4892.5
5114 806.5 1057.6
5115 902.1 984.7
5116 871.4 1146.1
5117 738 964.7
5118 774.3 1219.3
5119 555.4 1248.6
5120 546.9 1392.6
5121 410.3 1208.3
5122 296.4 1440.5
5123 218.8 1498.9
5124 -90.7 -4915.1
5125 284.9 1588.6
5126 134.2 1562.4
5127 62.5 1465.6
5128 -123.9 1756.2
5129 -209.1 1820.2
5130 -281.6 1721.6
5131 -295.5 1885.1
5132 -227.8 1976.7
5133 -368.5 1786.2
5134 -380.7 1949.1
5135 1750.5 -3835.7
5136 -312.5 2041.7
5137 -634.1 2139.4
5138 -494.6 2034.6
5139 -588.7 2202.5
5140 -706.9 2038
5141 -840.6 2137.2
5142 -922.5 2197.9
5143 2809.7 1166.5
5144 2838.1 1273.3
5145 3006.3 1236.6
5146 1543.8 -3861.6
5147 2866 1380.5
5148 2687.5 1422.5
5149 2887.1 1490.8
5150 3009.1 1462.4
5151 2836.2 1653.2
5152 2943.2 1729.8
5153 3112.2 1688.1
5154 2859.2 1750.3
5155 2970.6 1846.3
5156 3139.8 1807
5157 1604.9 -3941.2
5158 2886.7 1866.4
5159 2997 1963.2
5160 2914.1 1982.2
5161 2569.7 2307.5
5162 3250.1 2270.8
5163 2997.5 2329.6
5164 3276.8 2389.5
5165 3025.2 2446.6
5166 3358.4 2734.8
5167 3215.7 2889.9
5168 1951 -3948
5169 3386.3 2851.6
5170 3133.8 2909.1
5171 3241.7 3006.5
5172 3413.3 2967.1
5173 3160.9 3025.9
5174 3269.9 3123.1
5175 3440.4 3082.7
5176 3186.8 3141.7
5177 3296.7 3238.1
5178 3215 3256.4
5179 2074.8 -4116.4
5180 3324.6 3354.5
5181 3468.3 3198.3
5182 3496 3315.2
5183 3242.2 3372.1
5184 3434.9 4185.5
5185 -3488.4 4149.6
5186 -3466.3 4139.3
5187 -3485.5 3973.6
5188 -3041.7 4197
5189 4276.6 -2922.6
5190 2131.9 -4332.2
5191 4249.7 -2982.2
5192 4411.9 -3126.4
5193 4347.5 -3203
5194 3963.7 -3312.1
5195 4115.9 -3465.9
5196 4001.7 -3268.7
5197 -2372.9 -295.6
5198 -2320.1 -286.9
5199 -2441.7 -154.6
5200 -2706 -195.5
5201 -1059.2 -5225.6
5202 -2745.4 -63.9
5203 -2793.3 -142.3
5204 -2963 166.4
5205 4722.4 -1155.5
5206 4761.9 -1174.1
5207 4608.6 -1475.3
5208 4605.2 -1588
5209 1035.5 608.5
5210 1012.2 760.9
5211 858.5 738.6
5212 2012.6 -3131.4
5213 835.2 892.6
5214 -5.4 1374.3
5215 -24.2 1530.1
5216 -349.6 1629.2
5217 -453.7 1849.6
5218 -634.7 1840.7
5219 -1309.5 2338.8
5220 3971 1010.1
5221 3846.5 926.1
5222 3993.9 1118
5223 2027.4 -4052.7
5224 2521.5 -2971.6
5225 4018.4 1226.8
5226 3897.4 1141.5
5227 4051.9 1371
5228 4107.5 1357.9
5229 4073.6 1467.5
5230 4100.5 1584.3
5231 4129.3 1701
5232 4210.7 2048.3
5233 4236.2 2163.5
5234 4279.7 2341.8
5235 2510.7 -3090.5
5236 858.3 -2253.6
5237 833.6 -2363.9
5238 916.9 -2266.7
5239 399.2 -2148.7
5240 236.9 -2343.2
5241 56.5 -2069.9
5242 35.5 -2104.5
5243 3088.5 -729.8
5244 3186.6 -734.2
5245 3084.8 -847.3
5246 2146.7 -3700.8
5247 3092 -611.4
5248 3190.6 -615.9
5249 3311.5 -737.5
5250 3183.1 -850.3
5251 3310 -854.1
5252 3315.3 -619.2
5253 2872.1 -723.6
5254 2867.2 -840.7
5255 2875.6 -606.3
5256 5107.5 -732.6
5257 2203.3 -3780.1
5258 5218 -736.7
5259 5106.1 -791
5260 5110.5 -645.9
5261 5216.3 -795
5262 5219.6 -690.9
5263 4157.4 -2587.3
5264 4178 -2534
5265 4332.3 -2579.5
5266 4507.4 -2676
5267 5197.9 -3048
5268 2070.4 -3601.3
5269 5159.3 -2970.9
5270 4855.9 -2657.6
5271 4460.9 -2304.3
5272 4262.7 -2547.8
5273 4178.8 -2507.1
5274 3263 -2374.8
5275 4900.7 -1878.8
5276 5186.6 -1905.6
5277 2713.1 -1644.2
5278 2800.7 -1638.3
5279 1452.3 -3923.7
5280 -2358.3 2277.2
5281 -2294 2364.4
5282 -2224.7 2457.3
5283 -2310.2 2520.5
5284 -2133.5 2389.7
5285 1293.8 4603.7
5286 1437.5 4619.3
5287 1419.1 4504.2
5288 1655.6 4639.6
5289 1753.9 4683.9
5290 1512.6 -4008.4
5291 44.1 4484.7
5292 392.2 4404.8
5293 4055.8 -277.1
5294 4053.1 -380.5
5295 3942.3 -377.1
5296 -4064.9 -710.2
5297 -4141.7 -660.5
5298 -4124.2 -802
5299 -4083.1 -570.3
5300 -4218.3 -611.7
5301 1461.1 -4168.2
5302 -4292.6 -563
5303 -4159.2 -520.8
5304 -4389.6 -479
5305 -4469.7 -408
5306 -4318.7 -398.4
5307 41.5 2043.1
5308 -14.1 2084.9
5309 -2819.1 -1802.9
5310 -2721.4 -1682.5
5311 -2848.2 -1548
5312 1638.9 -4175.2
5313 -2734 -1572
5314 -2749.8 -1434.3
5315 -2761.2 -1335.6
5316 -2772.5 -1237.4
5317 -2783.8 -1139.1
5318 -2803.1 -1052.1
5319 -2816.5 -855.5
5320 -2827.9 -756.6
5321 -3226.9 -495.1
5322 -2564.6 -4035
5323 1579.8 -4344.2
5324 -2444.4 -4110.9
5325 -2587.9 -3831.2
5326 -2464.8 -3930.7
5327 -2612.4 -3609.5
5328 -2490.1 -3707
5329 -2662.8 -3175.4
5330 -2768.8 -3187.7
5331 -2671.3 -3100.8
5332 -2660.6 -2212
5333 -2672.9 -2106.6
5334 4012.2 -4037.4
5335 1700.2 -4264.1
5336 635.5 69.8
5337 612.4 222.9
5338 524 287.9
5339 678 311.5
5340 766.6 246.4
5341 741.8 395.7
5342 808.4 485.4
5343 652.6 461.2
5344 874.4 574.4
5345 896.2 420.9
5346 1639.6 -4431.3
5347 1056.1 1007
5348 1209.2 1028.4
5349 1297.5 961.5
5350 1273.6 1115.6
5351 1185.7 1182.4
5352 1324.9 1184.8
5353 1236 1252
5354 -1966.3 -473.9
5355 -1942.9 -454.9
5356 39.4 -3415.8
5357 1439.4 -4447.3
5358 -74.3 -3413.2
5359 1 -3361.3
5360 -112.3 -3359.4
5361 -299.9 -3084.8
5362 -490.1 -2805.4
5363 -903.3 -2196.3
5364 -767.5 -2231.8
5365 -1342.3 -1552.5
5366 -1430 -1259.2
5367 -1565.5 -1224.1
5368 1504.9 -4530
5369 -1647.3 -1105.5
5370 -1549 -1084.8
5371 -1734.2 -976.4
5372 -1658.2 -924.8
5373 -1742.4 -801.6
5374 -1875.4 -769.1
5375 -1849.3 -643.6
5376 -58.4 -2211
5377 -1142.2 -3116
5378 -1114.3 -3167.1
5379 1762.6 -4341.1
5380 -1512.4 -3189.9
5381 -1551.4 -3204.7
5382 -1641.9 -3236.3
5383 -1729.6 -3268.6
5384 -1745.5 -3372.8
5385 -1822.4 -3394.6
5386 -1929.3 -3323.5
5387 -2057.1 -3430.2
5388 -2166.7 -3442.8
5389 -4217.2 -3442.5
5390 1698.6 -4517.2
5391 -4527.6 -3346.8
5392 2153.7 -232.1
5393 2246.3 -160.8
5394 2224.1 -322.3
5395 2318.9 -248.2
5396 2136.2 -388.3
5397 2293.5 -413.7
5398 -4738.7 3756
5399 -4724.4 4053.7
5400 -4502.7 3862.3
5401 1821.7 -4429.4
5402 -4704.7 4476.8
5403 -4494.2 4045.8
5404 -545.1 2878.1
5405 -400.2 2943.7
5406 -715.6 2880.2
5407 -887.9 2882
5408 -713.4 2948.1
5409 -887 2950.7
5410 -894.2 2854.7
5411 -1045.8 2770.5
5412 1880.6 -4514
5413 -1169.2 2953.8
5414 5191 2787.4
5415 2411.2 3465.1
5416 2317.2 3455.9
5417 2426.3 3352.7
5418 2439.3 3467.7
5419 2546.2 3364.3
5420 2820.4 3349.5
5421 3150.5 3393.7
5422 3123.9 3279.2
5423 1856.2 -4801.4
5424 3579.3 3295.9
5425 387 3272.4
5426 509.6 3172.8
5427 622.9 3181.5
5428 972.1 3327.1
5429 1023.3 3219.5
5430 1411.4 3368.3
5431 -2742.6 -533.7
5432 -2811.8 -368.7
5433 -2780 -510.9
5434 1930 -4857.4
5435 -2899.2 -315.4
5436 -3184.9 -291.6
5437 -3172.6 26.1
5438 -3334 -7.5
5439 -3400.8 18.2
5440 -3434.1 28.7
5441 -3551.4 -39
5442 -3554 119.8
5443 -3683.3 91.2
5444 -3749.9 149.7
5445 4060.1 -4164.2
5446 1953.4 -4840.5
5447 -3688.2 238.3
5448 -3836.1 141.2
5449 -4045.1 556.8
5450 4748.2 -3136.7
5451 4710.4 -3216.7
5452 92.2 3977.4
5453 304 4140.5
5454 348.7 4173.9
5455 412.3 4190.8
5456 854.5 4536.2
5457 1992.2 -4950.3
5458 763 4458.9
5459 -334.5 2942.3
5460 -328.6 3001
5461 -384.9 3005
5462 -263.8 3372.2
5463 -284.9 3249.5
5464 -244.4 3497.5
5465 -202.2 3669.6
5466 -116.8 3848.8
5467 -1927.5 2938.3
5468 1873.4 -5035.9
5469 -1806.7 825.3
5470 -2133.9 21.6
5471 -2279.4 109.8
5472 -2227.6 -158.8
5473 -2336.5 16.8
5474 -2385.3 -62.1
5475 -2347.8 -256.9
5476 -2793.9 -567.5
5477 -2827 -583.7
5478 -1831.8 464.4
5479 2108.1 -4869.8
5480 -1479.1 376.4
5481 -2254.9 -263.7
5482 469.3 -1338.8
5483 -3349.2 -573.3
5484 -3413.8 -552.9
5485 -886.4 3015.8
5486 -2473.4 -804.1
5487 -2584.6 -728.3
5488 -2794 -851.9
5489 -3161.5 -890.5
5490 2107.2 -5122.4
5491 -3160.7 -819.5
5492 -1466.4 297.4
5493 -1382.1 68.5
5494 -3289.8 -800.3
5495 -3406.7 -772.9
5496 -3468.9 -752.1
5497 -1887 -365
5498 -1838.3 -285
5499 -2021.6 -382.2
5500 541.4 2834.6
5501 1987.1 -5211.4
5502 644.5 2957.7
5503 520.9 3059.1
5504 476.6 3507.6
5505 372 3511.5
5506 465.9 3623.8
5507 440.9 3605.2
5508 -1033.2 -18.3
5509 -1200.3 -70.1
5510 -1071.9 106.9
5511 -4081 3612.6
5512 2228.9 -5037.7
5513 -1328.1 102.3
5514 -1347.6 115.5
5515 4320.3 2635.3
5516 4321.3 2512.9
5517 -4360.2 -1164.4
5518 -4419.8 -1253.8
5519 -4437.3 -1114.8
5520 -4378 -1023.9
5521 -4496.1 -1205.5
5522 -4514.2 -1064.2
5523 2167.7 -5210.7
5524 -4456.1 -974
5525 -4587.7 -1017.3
5526 -4646.7 -1108
5527 702.1 -324.3
5528 633.4 -625.7
5529 719.3 -506.1
5530 570.2 -902.5
5531 497.7 -1722.3
5532 360.5 -1805.2
5533 424.7 -2038.1
5534 1638.4 -5218.2
5535 229.8 -2370.3
5536 348 -2368.5
5537 203.5 -2489.4
5538 157.8 -2440.8
5539 325.9 -2465.9
5540 -954.2 -3395.5
5541 -985.1 -3415.5
5542 -1245.4 -3480.6
5543 -1332.4 -3582.5
5544 -1405.2 -3609.8
5545 1673 -5189.6
5546 -1532.7 -3535.8
5547 -1493.9 -3641.9
5548 -1582.3 -3674.2
5549 -1657.8 -3701.6
5550 -1851.3 -3633.4
5551 -1740.1 -3724.4
5552 -1912.8 -3754.9
5553 -2020.8 -3766.9
5554 -2263.7 -3569.8
5555 -2358.1 -3690.6
5556 4948 -5061.6
5557 708.1 -4114.3
5558 2855.9 -3207.7
5559 -2344.4 -3804.2
5560 -2467.6 -3704.1
5561 -2480.2 -3594.6
5562 -2484.9 -3752.8
5563 -2912.4 -3868.6
5564 -3108.2 -3891.6
5565 -3216.1 -3888.9
5566 -3580.1 -3881.9
5567 -3678 -3864.8
5568 -3813.5 -3840.6
5569 2894.9 -3663.2
5570 -3911.8 -3822.4
5571 -4187.8 -3766.4
5572 -4279.3 -3747.4
5573 -4449 -3702.9
5574 2594.5 2912.3
5575 2576.8 3029.1
5576 2566.4 3140.7
5577 2478.2 3018.2
5578 2467.8 3130.6
5579 2457.3 3243
5580 2918.5 -3894.6
5581 3492.3 2461.1
5582 1441.7 1901.4
5583 1552 1911.6
5584 1541.1 2024.3
5585 1664 1920.9
5586 1694.6 1924
5587 1675.3 1801.2
5588 1803.6 1936
5589 1683.5 2037.8
5590 1914.4 1946.8
5591 2868.2 -4007.5
5592 1813.3 1822.7
5593 1902.7 2058.3
5594 2031.3 1842.8
5595 2374.7 1986.5
5596 2356.5 1912.8
5597 2394.8 1981.4
5598 2421.4 2099.9
5599 2486.8 1959.6
5600 2458.9 1843.1
5601 2577.4 1938.7
5602 2709.8 -2603.5
5603 2605.9 2056.6
5604 2671 1915.7
5605 2550.3 1821.5
5606 2643.4 1798.5
5607 2797.3 1887.7
5608 2770.3 1771.7
5609 3224.3 1788
5610 3252.7 1904.5
5611 -4177 -237.4
5612 -4247.9 -317.9
5613 4426.5 -4671
5614 -4083.6 -131.9
5615 -4053.8 -194.8
5616 1708.6 890.6
5617 1550.9 907.7
5618 1634.9 952.1
5619 1001.2 1321.5
5620 957.7 1460.8
5621 878.9 1522.8
5622 759.9 1506.2
5623 624.6 1497.6
5624 3991.3 -4917.7
5625 554.8 1756.5
5626 454.4 1654.9
5627 466.6 1832.8
5628 326.5 1821.6
5629 -49.9 2217.5
5630 -100.1 2149.5
5631 -135.7 2282.4
5632 -252.7 2370.9
5633 -302.3 2302.1
5634 -434.2 2504.5
5635 4282.2 -5111.1
5636 -530.5 2515.4
5637 -391.4 2475.8
5638 -510.5 2576.9
5639 -582.3 2615.5
5640 -705.3 2711.8
5641 -829.8 2698.3
5642 -936.9 2734.1
5643 -1535.3 3321.7
5644 -1508.9 3311.5
5645 1634.7 1023.3
5646 4285.2 -5028
5647 565.7 1770.2
5648 -2309.2 -4095.2
5649 -2213.1 -3994.4
5650 -2576.2 -1773.7
5651 -2483 -1655.2
5652 -2588.2 -1666.8
5653 -2495.2 -1545.2
5654 -2499.8 -1505.5
5655 -2378.3 -1531.6
5656 -2605.4 -1518.2
5657 2044.7 -3174.7
5658 -2511.3 -1407.2
5659 -2617.4 -1419.6
5660 -2411.5 -1396.3
5661 -2523 -1308.9
5662 -2628.2 -1320.6
5663 -2534.5 -1210.4
5664 -2639.6 -1222
5665 -2460.5 -1201.1
5666 -2545.5 -1111.3
5667 -2652.1 -1123.6
5668 1659.5 -4948.8
5669 452 -5144.3
5670 -2485 -1104.3
5671 -2509.6 -1006.7
5672 -3825 -683.7
5673 5216.4 721.3
5674 1503.2 1239.7
5675 1601.5 1358.4
5676 1725.1 1260.5
5677 1740.2 1371.8
5678 1864.6 1274.2
5679 1963.7 1393.6
5680 812.2 -5239.1
5681 2323.1 1280
5682 2349.3 1388
5683 2413.5 1258.1
5684 2400.6 1204
5685 2549.8 1340.4
5686 2662.5 1313.9
5687 3063.2 1106.7
5688 3198.5 1189.3
5689 63 -55.4
5690 -1.7 -342.1
5691 -2244.6 -5303.9
5692 -63.8 -320.9
5693 -33.5 -477.7
5694 -156.3 -734.5
5695 -373.8 -1181.3
5696 -281.3 -1022.5
5697 -228.7 -1139.2
5698 -465.6 -1331
5699 -334.2 -1312.2
5700 4038 -797.2
5701 -2494.4 349
5702 -1340.7 -4943.3
5703 -2608.7 310.6
5704 -2541.9 270.7
5705 -3248.1 -596.1
5706 -2159 999.4
5707 -2178 840.9
5708 768.1 1375.9
5709 621.5 1336.4
5710 826 1454.7
5711 839.9 1315.4
5712 903.1 1397.1
5713 2950 -4000.6
5714 96.1 465.7
5715 226.9 646
5716 167.6 550.5
5717 2441.4 1366
5718 2464.7 1474.5
5719 2374.8 1495.8
5720 2492.2 1584.9
5721 2602.3 1556.4
5722 2526.3 1725.4
5723 2630.7 1692.4
5724 1109.1 -4176.2
5725 2624.7 2540.3
5726 -3164.3 506.5
5727 -3164.5 629.3
5728 -3310.6 618.2
5729 -3184.3 647.9
5730 -3345.1 720.8
5731 -3417.6 784
5732 -3790 1041.6
5733 -4674.4 1823.3
5734 -3086.3 592.9
5735 1150.4 -4278.1
5736 -3128.5 489.3
5737 -3022.8 566.3
5738 -3156.8 370.2
5739 -2936.4 900
5740 -2907.6 753.6
5741 -3062.8 967.7
5742 -2851.3 847.5
5743 -3802 -1599.9
5744 156.4 22.5
5745 2044.1 -458.2
5746 82 -4857.7
5747 1954 -386.2
5748 2888.8 -115.3
5749 2885.8 -245.7
5750 3102.3 -251.1
5751 3202 -255.5
5752 3324.8 -258.8
5753 -3701.4 2513.2
5754 -199.7 -273.6
5755 -394.3 -180.3
5756 -297.6 -72.2
5757 -758.3 -5127.1
5758 -361.5 -46.3
5759 -327.7 103.9
5760 -2044.3 -2009.9
5761 -2104.5 -2023.4
5762 -2148.5 -2146.1
5763 -2639.7 -2209.5
5764 -2651.4 -2104.1
5765 -617 -815.6
5766 -734.2 -831.1
5767 1877.6 4651.6
5768 -1144.8 -5253.5
5769 3091.8 1215.4
5770 3030.8 1343.4
5771 3057 1450.8
5772 3140.6 1430.9
5773 3174.7 1574.6
5774 3197.3 1668.6
5775 3222.1 2155.5
5776 3333.6 2251
5777 3360.8 2367.9
5778 3388.4 2484.2
5779 1605.9 -4986.7
5780 -1231.8 -5281.8
5781 3470.7 2831.2
5782 3400.2 2908
5783 3484.5 2890.1
5784 3497.9 2947.1
5785 3524.7 3064
5786 3551.8 3179.5
5787 3687.3 4124.6
5788 -2105.6 4493.2
5789 -2118.2 4468.5
5790 -2110.2 2228.5
5791 2106.1 -4733
5792 -2765.4 795.5
5793 -2822.5 700.5
5794 -2873.3 617.6
5795 -3077 462.5
5796 -4487.8 1230.8
5797 -4326.7 1090.1
5798 -3770.5 1879.8
5799 -3700.3 1960.1
5800 -3850.4 1950.7
5801 -3663 2001.1
5802 2166.6 -4823.4
5803 -3781.1 2031.7
5804 -3581.1 1929.1
5805 -3709.8 2111.8
5806 -3549.1 1969
5807 -4689.5 839.3
5808 -4619.3 919.3
5809 -4700.3 989.9
5810 -4548.9 999.5
5811 -4539.4 850.9
5812 -4629.5 1070.5
5813 2289.7 -4993.2
5814 -4469.9 929.6
5815 -4439.8 1048
5816 4351.8 1313.7
5817 -3359 3018.6
5818 -3295.5 3104.7
5819 -3311.9 3118
5820 -2500.2 362
5821 -2367.5 163.1
5822 -2455.3 217
5823 -2424.8 69.9
5824 3440.6 -2929
5825 -2512 122.6
5826 -2473 -9.1
5827 -1990.7 749.2
5828 -2084.2 795.2
5829 818.6 -1141.8
5830 732.4 -1122.1
5831 654.9 -923.1
5832 206.4 -817.3
5833 4919.2 -1955.6
5834 -2282.9 1307.2
5835 3493.1 -2982.8
5836 -2299.2 1461.4
5837 -2610.9 1550
5838 -2702.8 1616.9
5839 -2635 1709.5
5840 -2793.8 1684.9
5841 -2871.9 1883.3
5842 -2975.8 1766
5843 -3339.9 2088.2
5844 -3407.2 1997
5845 -4297.9 -4302
5846 3418.6 -2970.6
5847 -4276.8 -4197.4
5848 -4251.8 -4078.6
5849 -4321.3 -3951
5850 -4228.9 -3969
5851 -4300.4 -3849.1
5852 -4208.5 -3868.5
5853 -4152.8 -3136.3
5854 -3309.3 75.1
5855 -3359.5 111.6
5856 -3100.9 277.5
5857 3246.8 -3298.2
5858 -3637.9 -1179.4
5859 -3560.8 -1297.7
5860 -315.5 3881.9
5861 -912.4 3900.3
5862 -1348.4 3933.3
5863 -866.7 3771.7
5864 -3389.1 124.9
5865 -3491.7 207.7
5866 -252.7 -962.2
5867 -1066.5 -501.7
5868 3227.9 -3335.3
5869 -1102.3 -481.5
5870 -1214.6 -666.5
5871 -1275.1 -381.9
5872 -1545.1 -214.5
5873 -1456.4 -268.9
5874 -1656.2 -395.7
5875 -2405.5 300.7
5876 -2892.9 280.2
5877 -3277.3 361
5878 -3903.1 716.5
5879 3223.1 -3490.5
5880 -3935.7 678.4
5881 -4176.9 936.4
5882 -4284.4 976.6
5883 -4318.4 939.1
5884 -4381.5 1029.5
5885 -4399.1 1008.7
5886 -4591.4 1114.3
5887 -4678.7 1135.9
5888 -4702.3 1149.3
5889 -4274.6 987.2
5890 1596.6 -4854.8
5891 3297.9 -3354.6
5892 -4248.8 1018.3
5893 -4559 1150.1
5894 -4639.7 1221.4
5895 -1636.9 -158.1
5896 -2041.3 110.7
5897 -2069.2 127.5
5898 -2083.5 105.8
5899 -3762 655.7
5900 -3992 812.4
5901 5261.5 1925.4
5902 3512 -2946.2
5903 -4547.7 -4021.3
5904 -4517.5 -3921.9
5905 634.2 -1717.7
5906 523.7 -1603.6
5907 629.7 -1749.2
5908 841.1 -1911
5909 879.2 -2150.1
5910 -1242 -3786.2
5911 -1287.5 -3685.8
5912 -1330.3 -3816.9
5913 3038.2 -3831.2
5914 -1164.5 -3957.9
5915 -1419.7 -3848
5916 -1365.9 -3716.2
5917 -1274.6 -3971.7
5918 -1509.4 -3875
5919 -1455.9 -3748.3
5920 -1371.4 -3983
5921 -1604.4 -3900.6
5922 -1543.7 -3779.4
5923 -1467.8 -3994
5924 3014.2 -4001.3
5925 -1689.3 -3922.1
5926 -1628.9 -3809.9
5927 -1576.9 -4007.8
5928 -1774.2 -3944
5929 -1664.8 -4018.4
5930 -1796.6 -3854.3
5931 -1890.8 -3957.2
5932 -1997.4 -3969.6
5933 -1900 -3866.5
5934 -1880.6 -4044.4
5935 3064.5 -3736.6
5936 -2007.4 -3878.4
5937 -3110 -4005
5938 -3507.9 -3997.1
5939 -3605.2 -4088.5
5940 -3706.1 -4091.1
5941 -3594.4 -3996.6
5942 -3622.3 -4211.5
5943 -3863.2 -4097
5944 -3695.2 -3997.4
5945 -3722.4 -4215.9
5946 2744.4 -4159.8
5947 -3842.9 -3999.5
5948 -3886.9 -4223.1
5949 -4137.4 -3987.8
5950 472.6 -1830.7
5951 478.9 -2398.3
5952 439 -2575.1
5953 345.6 -2484.8
5954 387.4 -2525.2
5955 -815.6 -3434.5
5956 -880.5 -3612.9
5957 2041.6 -4778.2
5958 -892.7 -3486.5
5959 -1175.4 -3636.5
5960 -1752 -4028.2
5961 -1824.2 -3745.3
5962 -1712.4 -3833.3
5963 -1986.9 -3098.2
5964 -2086 -3187.2
5965 -1887.3 -3155.8
5966 -2062.1 -2791.5
5967 -1959.4 -2879.1
5968 1809.8 -4943.7
5969 -2130.6 -2799.3
5970 -2090.1 -2686.4
5971 -2115.4 -2584.1
5972 -2012.2 -2669.4
5973 -2154.8 -2587.1
5974 -2174.9 -2041.5
5975 -2388.1 -1495.2
5976 -2250.5 -1513.7
5977 -2297.1 -1365.9
5978 -2436 -1299.1
5979 1707.1 -5023.4
5980 -2327.7 -1268.4
5981 -2356.9 -1174.4
5982 -2384.2 -1081.9
5983 5244 828.3
5984 5272.4 935.3
5985 5306.6 1070.4
5986 2897.2 141.7
5987 2881.7 -376.5
5988 2877.4 -488.1
5989 3095 -495
5990 1764.7 -5112.8
5991 2863.8 -958
5992 -4478.5 -1346.6
5993 -4632.4 -1246.8
5994 -4573.5 -1154.6
5995 1954 4696.3
5996 2135.7 4571.3
5997 1984.2 4473.4
5998 3702.9 -635.9
5999 5200.1 -1434.5
6000 3343.1 4206.5
6001 2181.3 -4678.3
6002 1610.2 -5096.2
6003 2746.6 1674.3
6004 2906.1 2352.4
6005 2971.2 2224.4
6006 2933.7 2467.9
6007 3042 2929.8
6008 3107.8 2800.7
6009 3069.3 3047.3
6010 3097.4 3162.2
6011 -3773.7 1553.7
6012 -3693.8 1485.4
6013 1653.4 -5066.9
6014 -3854.4 1624.8
6015 -4410.7 2120.1
6016 -4388.7 2144.8
6017 -4492 2191.3
6018 -4574.3 2262.6
6019 -3486.5 1200.7
6020 -2461.7 1581.3
6021 -1474.1 1625.7
6022 -1409.8 1710.2
6023 -1493.5 1771
6024 1456.5 -5203
6025 -1339.6 1807.6
6026 -1424.4 1865.8
6027 -1255.7 1744
6028 -1223.6 1791.3
6029 -871.4 2573.1
6030 -984.8 2602.6
6031 -721.7 2662.1
6032 -1222.3 1965.2
6033 -1357.7 1955.5
6034 -1157.7 2053.8
6035 1452 -5139.9
6036 -1240 2114.5
6037 -1074.6 1992.3
6038 -1121.9 2102.3
6039 -252.3 3225.8
6040 -187.5 3318
6041 -167 3160.9
6042 -120.7 3409.8
6043 -924.2 223.3
6044 -760.1 144.2
6045 -689.6 109.1
6046 2785 -4118.3
6047 -794.3 10.6
6048 -1292.9 -618.2
6049 -1433.7 -642.3
6050 -1523.6 -587.4
6051 -1342.4 -697.3
6052 -1476.8 -713
6053 -1567.7 -658.2
6054 -1397.8 -787.1
6055 -2738.6 -1333.1
6056 -2749.9 -1234.8
6057 2717.5 -4186.4
6058 -3064.4 -1410.8
6059 -3062.3 -1307.5
6060 -1152.6 -99.3
6061 4733.7 -3417.4
6062 -4389.9 857.9
6063 -3830.1 1652.6
6064 -4268.6 2039.4
6065 -3598.9 -3197.5
6066 -3449.6 -2796.2
6067 -2869.5 -3276.4
6068 2273 -4513.7
6069 -3096.9 -3227
6070 -3011.2 -3008.3
6071 -3023.6 -2901.5
6072 -3090.6 -2910.9
6073 -3035.5 -2795.4
6074 -3086.6 -2693.3
6075 5105.5 -848.8
6076 5100.9 -966.1
6077 5215.7 -853.2
6078 5098 -1083.2
6079 2109.5 -4622
6080 5211.9 -970.5
6081 5208.6 -1086.2
6082 350.7 3482.5
6083 242 3598.2
6084 -3110.9 2967.9
6085 -3203 3035.4
6086 -3044 3060.9
6087 -2952.7 2993.7
6088 -2983 3144.5
6089 -2893.7 3073.4
6090 2010.5 -4689.1
6091 -2839.8 3144.7
6092 -4115.1 -3886.7
6093 -4480.5 -3801.7
6094 -4511.4 -3901.8
6095 -2782.6 563.3
6096 3425.9 -392.3
6097 3321.4 -388.6
6098 3318.7 -502.3
6099 3316.9 -972.9
6100 3302 -1090.5
6101 1763.6 -4867.2
6102 733.5 -2804.3
6103 723.2 -2851.7
6104 655.7 -2787.9
6105 705.2 -2835.3
6106 4759.1 1192.4
6107 5290.4 1004.8
6108 2574.5 1448.8
6109 2712.3 1531.9
6110 3114.6 1322.7
6111 3249.4 1407.3
6112 2134.4 -4607.4
6113 1564.7 -5015.8
6114 4087.2 1097.7
6115 339 424
6116 467 597.7
6117 598.2 774.9
6118 936.7 1233.1
6119 501.2 441.4
6120 630.5 616.1
6121 1031.4 1161
6122 1580.6 1577.9
6123 1483.3 1456.9
6124 1730.2 -4109.2
6125 1569.6 1686.3
6126 1695.3 1588.2
6127 1718.1 1590.2
6128 1705.8 1478.5
6129 1715.7 1615.9
6130 1833.4 1600.7
6131 1943.3 1611.8
6132 1844.1 1490.8
6133 2052.5 1622.9
6134 -99.8 3253.8
6135 1572.5 -4091.3
6136 53.2 3278.7
6137 -1325.4 1648.9
6138 -1174.6 1683.4
6139 -1133.2 1739
6140 -1057.1 1843.7
6141 -991.6 1932.9
6142 -1038.5 2041.1
6143 -759.2 2553.3
6144 -3125.7 610.9
6145 -2173.5 2143.1
6146 1376.1 -4365.5
6147 -2041.6 2321.8
6148 -2201.7 2296.1
6149 -1711.7 2080.2
6150 -1926.7 2479
6151 -1679.7 2302.3
6152 -4423.3 -3052.9
6153 4574.6 -3270.6
6154 4510.1 -3348.2
6155 4444.3 -3421.2
6156 4386.1 -3487.1
6157 1306.8 -4423.5
6158 4283.1 -3279.1
6159 4224.1 -3345.1
6160 4327.4 -3554.8
6161 -945.8 1705.4
6162 -917.7 1744.8
6163 -684 2416.1
6164 -644.9 2535
6165 -1165.4 1399.7
6166 -1244 1588.8
6167 -1042.8 1586.4
6168 1242 -4341.2
6169 -1003.2 1652.5
6170 247 -1666.4
6171 224.6 -1760.5
6172 -212.2 -1386.1
6173 -261.4 -1466.1
6174 -287.1 -1234.7
6175 -960.5 -1028.4
6176 -868.8 -879.5
6177 -839.3 -1004.5
6178 -1072 -862.5
6179 1280.8 -4443.7
6180 -1149.5 -815.1
6181 -1193.2 -887.2
6182 -1102.2 -735.3
6183 -1180 -687.4
6184 -1263.9 -745.1
6185 -1384.2 -769
6186 -1614.2 -531.8
6187 -1656.9 -604.9
6188 -2599.9 175.4
6189 -1556.1 1820.1
6190 1344 -4522.7
6191 -1485 1913.7
6192 -660 3768
6193 -762.8 3769.9
6194 -1305.5 2025.9
6195 -1424 1996.3
6196 -1302.8 2160.3
6197 -1204.5 2162.8
6198 -945.8 2513.7
6199 -1012 2423.8
6200 5336.7 -761.2
6201 2270.5 -3870.4
6202 5326.2 -855.5
6203 5322.9 -974.8
6204 5319.4 -1089.2
6205 253.1 3486.8
6206 590.3 3519.6
6207 602.2 3632.1
6208 837.7 3541.9
6209 939.8 3665.8
6210 3769.7 4104.6
6211 3843.9 3965.6
6212 2149.3 -3544.2
6213 4423.1 -1582.2
6214 3043.3 4680.1
6215 -4499.2 3953.2
6216 905.7 2416
6217 943.6 2418.8
6218 1045.4 2541.9
6219 1386.8 2461.9
6220 1496.1 2472.2
6221 1485.6 2584.3
6222 1610 2482.1
6223 2221.2 -4649.1
6224 1216 -4361.8
6225 1640 2485.2
6226 1620.9 2370.3
6227 1630.8 2598.2
6228 1750.5 2494.7
6229 1760.3 2383.5
6230 1858.1 2508.2
6231 1847.8 2620.4
6232 1977.4 2404.4
6233 2402.4 2559.2
6234 2390.3 2670
6235 1176.1 -4257.5
6236 2412.6 2445.8
6237 2486 2451.2
6238 -338 922
6239 -251.9 859.6
6240 -269.8 1014.8
6241 -212.2 1093.6
6242 -184.1 951.7
6243 -125.8 1029.8
6244 2597.4 2423.3
6245 200.1 1653.2
6246 2168.1 -3530.9
6247 264.3 1736.9
6248 348.4 1673.5
6249 394.1 1734.4
6250 -141.7 1911.7
6251 -79.8 1995.7
6252 688.4 2735.1
6253 1024.2 2766.9
6254 1365.5 2685.9
6255 1717.9 2833.1
6256 1728.3 2719.9
6257 1666.8 -4025.4
6258 1707.8 2946.3
6259 1826.1 2843.7
6260 1815.2 2955.4
6261 1936.9 2853
6262 2467.9 2904.3
6263 2489.2 2906.2
6264 2479.2 2791.4
6265 2630.1 2960.2
6266 -670.1 1032.6
6267 -606.5 1118.4
6268 2528.6 -3069.8
6269 -683.8 1175.5
6270 -537.7 1212.2
6271 -615 1269.2
6272 -480.3 1289.9
6273 -557.7 1347.9
6274 -498.8 1426.3
6275 -3190.6 939.5
6276 4164.4 -3411.6
6277 -1985.1 -2773.6
6278 -1937.1 -2650.4
6279 1369.3 -4502.5
6280 -2257.7 -1721.4
6281 1090.5 -594.5
6282 860.4 -95.6
6283 912.3 2.3
6284 887.1 20.9
6285 936.2 2501
6286 903.1 2869
6287 1004.4 2991.9
6288 880.9 3094
6289 982.1 3215.7
6290 1409.5 -4602.9
6291 846.4 4222.4
6292 -3430.4 295.6
6293 -3620.6 178.2
6294 -3563 413.5
6295 -4568.1 1302
6296 -4719.1 1293.2
6297 -4647.9 1372.3
6298 -4177.9 4059.3
6299 -4386.5 4061.8
6300 -4363.5 4382.3
6301 3207.5 -4002.7
6302 3081.6 -963
6303 3180.3 -968.8
6304 3078.1 -1079.2
6305 3175.1 -1085.6
6306 3295.6 -972.2
6307 -1780.6 -3127.3
6308 -3269.3 -699.4
6309 -3377.9 -675.7
6310 -561.2 212.6
6311 -1284.1 -857.1
6312 2043.4 -4532.4
6313 -1203.9 -904.9
6314 -1329.2 -858.8
6315 -1363.7 -899.5
6316 -2710.4 -1569.3
6317 -3067.1 -1569
6318 -3155.4 -1530.4
6319 -3318.4 -1449.6
6320 -3310.9 -1413.8
6321 -3404.2 -1354.3
6322 -3889.7 -621.7
6323 4478.9 -4964.2
6324 -3991.2 -796.4
6325 -3923.4 -535
6326 -3948 -528.3
6327 -4023.7 -479.3
6328 -4034.1 -178.3
6329 -4115.1 -289.9
6330 -4407.7 115.3
6331 -4394.4 143.6
6332 -4431 135.8
6333 -4498.4 60.7
6334 2681.3 -3429.1
6335 4567.8 -5052.1
6336 -4500.1 236.5
6337 -4483.9 183.2
6338 -4686.7 361
6339 -1314.9 -838.3
6340 -2259.9 -1480.4
6341 -2738 -1535.4
6342 -2727.4 -1431.6
6343 -3394.7 -1308.9
6344 -3866.7 -577
6345 -3887.6 -269.5
6346 3608.4 -2667.7
6347 -3963.5 -219.5
6348 -4418.1 164.4
6349 -4346.7 215.2
6350 -1112.6 3216.6
6351 -4727.6 1911.4
6352 -4626.7 1906.2
6353 -4565.2 1948.6
6354 -4300.7 -1074.6
6355 -4007.2 -619.8
6356 -3498 353.4
6357 260.7 -5219.3
6358 -3369.2 379.6
6359 -3248.8 705.8
6360 -3314.1 764.7
6361 -4233.5 -472.8
6362 -4174.6 -382
6363 -4100.1 -430.2
6364 -4042.6 -339
6365 -3803.6 76.4
6366 -223.2 -3032.6
6367 -362.5 -2992.7
6368 2194.1 -2060.2
6369 -1008.9 -1879.7
6370 -857.1 1303.3
6371 -963.2 1381.7
6372 -788.2 1397
6373 -770.3 1239.3
6374 -833.1 1154.4
6375 -169.2 797.7
6376 -240.1 716
6377 940.3 -18.3
6378 435.7 352.9
6379 5237.9 -4978.1
6380 459.6 199.3
6381 86.9 609.4
6382 1.2 672.5
6383 153.9 699.8
6384 -701 1333.2
6385 -1103.7 1485.3
6386 -895.1 1476.7
6387 -1074.7 1525.4
6388 -1643.6 1884.6
6389 -1575.3 1979.9
6390 5352 -5054.5
6391 -1736.3 1952.9
6392 -1780.8 1985.7
6393 -1667.1 2045.7
6394 -1866.3 2048.5
6395 -2396.9 2439.6
6396 -2342.3 2468.4
6397 -2476.9 2499
6398 -2407.6 2592.3
6399 -2568.5 2567
6400 -2840.4 2768.3
6401 5242 -4821.6
6402 -2772.1 2861.8
6403 -2930.1 2834.5
6404 -2860.8 2927.7
6405 -3020 2900.9
6406 238.6 -127.6
6407 34.8 -494.6
6408 -843.4 183.9
6409 -864.8 -128
6410 1007.5 4010.3
6411 1336.1 4155.7
6412 3212.1 -3859.1
6413 1453.9 4135.6
6414 1590 4179.5
6415 1697.8 4190.6
6416 3241.4 4146.1
6417 -3859.3 2101.6
6418 -3789.1 2182.3
6419 -3929.8 2021.6
6420 -4407.2 -176.5
6421 -4664.6 51.6
6422 -4575.7 -26.4
6423 2576.9 -3914.4
6424 2039.8 113.2
6425 2270.4 142.4
6426 -1600.9 -3063
6427 -1734.9 -2691.8
6428 -1579.4 -2740.9
6429 -1778.8 -2595.9
6430 -1824.2 -2722.5
6431 -1667.2 -2546.4
6432 -4213.7 559.9
6433 -3509.7 1370.5
6434 3237 -3728.4
6435 -3531 1389.3
6436 -3483.8 1407.6
6437 -3388.4 1398.1
6438 4568.1 -2175.8
6439 1419.6 733.1
6440 968.1 1073.3
6441 363.2 1531
6442 -165.9 2060.5
6443 -427.9 2128.1
6444 -251.7 2125.1
6445 2674.5 -3337.7
6446 2422.1 -2009.1
6447 -1006.5 2564.9
6448 -1075.1 2471.2
6449 -1093.3 2635.7
6450 -1190.1 2693.1
6451 4824.4 -2611
6452 4191.6 -2026.1
6453 4196.3 -1825.3
6454 4183.8 -2270.5
6455 4087 -2482.8
6456 4095.2 -2266.6
6457 2433.9 -1890.5
6458 4101.3 -2023.7
6459 4197.4 -1776.2
6460 2622.2 1711.9
6461 694.9 1437.7
6462 237 -2525
6463 -933.4 -3512.9
6464 -1059.8 -3455.7
6465 -4428.2 -3926.8
6466 737.8 -942.8
6467 4022.9 -2465.4
6468 2445.8 -2039.5
6469 3980.9 -2458.7
6470 4099 -2192.5
6471 -3138.8 707.1
6472 -4558.4 -41.6
6473 -4647.5 -107.2
6474 -2731.8 644.8
6475 -791.8 -925.7
6476 -2685.1 -2001
6477 -2663.2 -1998.5
6478 -3538.4 -2006.7
6479 3207.1 -4022.7
6480 -3780.8 -2061.2
6481 -3839.9 -1721.4
6482 -430 -15.2
6483 -464.6 -151.8
6484 -596.1 62.5
6485 2261.3 2884.3
6486 2381.1 2782.6
6487 2234.8 3164.6
6488 2229.5 3221
6489 2240.1 3108.9
6490 2970 -4462.1
6491 2064.1 4336.2
6492 1476.4 2698.1
6493 1592.6 2707.8
6494 1619.3 2710.8
6495 1602.2 2595.4
6496 1617.1 2736.7
6497 1738.7 2609.1
6498 1836.7 2730.5
6499 2370.5 2894.9
6500 2490.5 2679.5
6501 2943.7 -4425.1
6502 1957.3 -523.1
6503 -2804.5 3005.2
6504 -2748 3080.6
6505 -2752.9 2966.7
6506 -2685 3167.9
6507 -2695.1 3042.6
6508 -1825.9 3799.1
6509 -1730.4 3790
6510 -1780.6 3725.3
6511 220 3014.2
6512 3214.6 -4510.7
6513 155.5 3060.6
6514 147.7 3206.9
6515 81.1 3116.5
6516 -247.8 3425.1
6517 -655.5 -3834.7
6518 -744.9 -3869.9
6519 2565.6 -1265.6
6520 -3590.1 3812.3
6521 -3500.1 3806.3
6522 -3510.2 3672.8
6523 2996.7 -4524.3
6524 271.9 -1573.6
6525 -1873.5 -136.4
6526 -164.8 -1309.1
6527 -1068.1 294.3
6528 -1064.4 461.5
6529 -1240.7 221.7
6530 -3167.8 -1226.4
6531 -3272.3 -1224.4
6532 -3167.3 -1202.5
6533 -3169.1 -1305.1
6534 2788.5 -4667
6535 -3293 -1328.1
6536 -3060.5 -1203.7
6537 -3166 -1122.6
6538 -2761.1 -1136.4
6539 2881.3 2246.1
6540 -2698.5 -1680
6541 -2709.2 -1789.7
6542 -3070.9 -1726.4
6543 -1125.2 -952.3
6544 -3809.8 -1625.3
6545 3190.3 -4584.2
6546 -566.6 1933.6
6547 2561.6 2677.1
6548 -4460.5 780.4
6549 78.9 181.2
6550 3197.5 -385.5
6551 3193.9 -498.8
6552 3298.3 -1239.8
6553 3305.8 -1427.8
6554 3262.8 -1527.5
6555 3163.7 -1531.6
6556 2548.8 -3438.6
6557 1822.3 -5202.5
6558 -3674.8 -3183.1
6559 723.6 -2339.1
6560 809.1 -2473.6
6561 646.3 -2669.8
6562 758.6 -2695.7
6563 -2569.1 2947.4
6564 -2714.1 2938.6
6565 1326.1 4268.7
6566 -4000.7 1944.2
6567 2073.1 1405.7
6568 3213 -4582.4
6569 1953.8 1502.5
6570 1933.4 1731.6
6571 1805.1 3067.1
6572 1795 3179.6
6573 803 2140.7
6574 -2771.2 -1048.6
6575 -1365 55.6
6576 -1320.4 150
6577 -1277 208.5
6578 -1771.8 535.4
6579 3088.1 -3635.6
6580 -843.9 798.1
6581 -808.3 809.3
6582 -343.5 2741.5
6583 -331.6 2722.8
6584 -14.3 3188.5
6585 -4630.2 -122.7
6586 -4553.4 -190.8
6587 3824.3 -468.4
6588 3938.1 -474.2
6589 -2293.8 2747.4
6590 2442.2 -4416.5
6591 -2658.8 3015.4
6592 719.2 551
6593 695.6 703.5
6594 40.5 1095.9
6595 -625.3 1615
6596 -776 1644.4
6597 -1391.9 2226
6598 -1367.8 2071.9
6599 -1267.4 2208.7
6600 -1457.3 2137.5
6601 3230.4 -3365.3
6602 -2358.7 2481.8
6603 -2243.2 2595.9
6604 -2349.5 2670.7
6605 -4492.3 4130.7
6606 -1787.8 -2824.9
6607 -1910.6 -2753.4
6608 -1862.1 -2623.8
6609 -1965.2 -2547.3
6610 -2051.4 3506.5
6611 -2082.3 3560.2
6612 -2248.7 -3032.2
6613 6.7 -2149.4
6614 2802.3 -1549.9
6615 589.7 376.5
6616 564.7 525.8
6617 1097 1248.7
6618 1120.3 1093.8
6619 1590.3 1468.6
6620 1715 1369.4
6621 1728.9 1480.7
6622 1854.9 1382.9
6623 -2261.3 -2923
6624 424.7 1616.2
6625 -29.5 2245.1
6626 -102.1 2327.7
6627 -1621.6 3333.3
6628 -1586.1 3358.9
6629 -1561.6 3336.8
6630 -3415 1283.3
6631 -3436.1 1302.2
6632 -3069.2 1674.2
6633 980.4 87.2
6634 -2323.8 -3050.4
6635 1746 1041.6
6636 -3749.9 1580.9
6637 -878.6 369.3
6638 -2142.8 -2693.2
6639 -2677.6 740.9
6640 356.2 -177.1
6641 -17.4 32.8
6642 -52.2 -4.7
6643 -660.8 174.4
6644 3159.2 3810.2
6645 -2227.3 -2919
6646 709.8 -2912.2
6647 -712.4 3075
6648 2343.2 -373.4
6649 2361.2 -486.3
6650 784.2 -2585
6651 905.8 -2495.7
6652 655.3 2845.3
6653 666.8 2959.8
6654 1513 2927.2
6655 1695.9 3057.6
6656 2545.8 -1759
6657 2457.1 3015.9
6658 2359.9 3006.6
6659 2624 3029.6
6660 2645.8 3023.3
6661 2607.9 2965.7
6662 2671.7 3139.2
6663 -644.4 1411.7
6664 -453.2 1488.6
6665 -592 1483.6
6666 2894.2 4188.5
6667 4802.4 -5111.9
6668 2682.9 -3451.3
6669 2707.3 -1854.4
6670 -95.2 -2035.8
6671 1562.4 1798.6
6672 1410.5 2235.9
6673 1507 2359.7
6674 1323.2 3134.8
6675 1422.1 3256.7
6676 -672.5 1372.7
6677 -758.9 1435.7
6678 -730.7 1474.9
6679 -242 -1696.7
6680 2710.9 -1744.6
6681 -405 -1704.6
6682 -424.9 -1729.7
6683 -1058.5 -2301.7
6684 -3088.3 -2801.9
6685 -3199 -2908
6686 -3201.1 -3017.9
6687 3065.5 -1527.9
6688 3060.9 -1632.2
6689 -502.8 -1987.5
6690 325 -309
6691 -3644 4608.4
6692 -3169.7 -1332.7
6693 -3124.3 880.7
6694 3903.3 3707.2
6695 4007.7 3806.4
6696 3901.6 3830.3
6697 -4145.1 1941.4
6698 -347.2 2537.4
6699 -330.1 2559.9
6700 -1843.1 1899.1
6701 -367.3 2212
6702 -3544.7 4601.9
6703 -187.2 2214.9
6704 -441.8 2406.3
6705 -2697.3 702.7
6706 -4286.1 2054.7
6707 92.9 -2009.6
6708 -1186.2 -3032.8
6709 -471 2378.8
6710 -799 1610.8
6711 38.9 1024.6
6712 75.3 1073.5
6713 -915.6 -3917.5
6714 -2067.9 -3339.1
6715 2467.6 2332.6
6716 2434.7 2238.7
6717 2422.9 2334.3
6718 2505.5 2446.1
6719 2472.7 2396
6720 2446.7 3128.4
6721 2349.2 3119.2
6722 2436.3 3240.7
6723 2338.5 3231.4
6724 -1040.7 -3938
6725 2446.4 3354.7
6726 2327.9 3343.2
6727 2384.5 4005.1
6728 2521.2 2521.7
6729 2492.2 2391.6
6730 2366 1865.5
6731 -2084.2 1752.3
6732 4765.9 1217.2
6733 -1134.9 1442.4
6734 -1024.4 1572.9
6735 -826.6 -3896.5
6736 -966.5 1650.2
6737 -991.1 1668.4
6738 -838.3 1555
6739 -415.8 2442.1
6740 -244.8 2661.4
6741 1432.2 3145.3
6742 -681.7 1538.2
6743 357.6 2772
6744 339.1 2925.5
6745 633.7 3069.8
6746 -942.6 -3859.8
6747 645.3 3183.7
6748 1705.6 1803.2
6749 1924.5 1833.7
6750 1821.7 1720.7
6751 4167.1 1396.6
6752 -4406.6 4529
6753 -3640.9 4533.2
6754 -3171.3 -1409.8
6755 152.2 2922
6756 -238.8 2253
6757 -859.7 -3833.4
6758 -565.6 2611.4
6759 1683.8 1706.1
6760 1706.7 1708.9
6761 1692.8 1614
6762 1569.7 1702.7
6763 1634.6 2221.3
6764 1631.6 2258.1
6765 1517.9 2246
6766 1650.8 2373.5
6767 1461.7 4053.2
6768 -961 -3819.7
6769 1468.2 3987
6770 1707.1 1754.6
6771 1661.7 2261.3
6772 1484.6 4129.8
6773 3706.8 -513.2
6774 3098.1 -383
6775 749.7 -653.6
6776 1869.6 2394.4
6777 1771.8 2272.1
6778 2083.3 4659
6779 4471.7 -4795.8
6780 -892.4 -3772.9
6781 2033.1 4743.6
6782 898.8 -2154.4
6783 872.5 -2044.8
6784 -647.7 88.2
6785 2290.8 3726.7
6786 2384.9 3735.7
6787 -2419.7 -4108.6
6788 -2430.2 -4019.5
6789 -2804.9 -754
6790 -3171.8 -1434.2
6791 -2498.5 -373.8
6792 -450.6 548.1
6793 -180.2 -280.4
6794 -103.6 -382.4
6795 -2551.9 -3162.8
6796 -2530.1 -3160.3
6797 -2543.2 -3239.3
6798 3718.1 -2901.5
6799 -108.3 895.8
6800 -49.8 974.1
6801 -9.5 1126.2
6802 -2547.5 -404.5
6803 795.8 2118.3
6804 2378.8 3801
6805 1727.7 1721.4
6806 3964.6 -2439.5
6807 -4191.4 -1140.6
6808 -2004.6 -417.5
6809 -727.4 -20.9
6810 2404.7 3527.9
6811 1099.5 -575
6812 -377.1 2495.8
6813 -2479.6 -364.7
6814 1511 -5126.9
6815 2234.9 -4602.1
6816 3428.3 -3106
6817 3454.7 -2901.3
6818 3522.5 -2839
6819 2389.3 -1678.4
6820 2425 -1647.7
6821 2821 -2607.3
6822 945.9 -303.9
6823 1074.8 -2050.3
6824 -2404.9 -531.7
6825 1023 -1240.5
6826 1008.9 -1006.9
6827 1006 -921.7
6828 2447 -4385.7
6829 2414.3 -4468.1
6830 2716.8 -4273.8
6831 3210.6 -3462.9
6832 1339.7 -5234
6833 3188.6 -4681.7
6834 3803.7 -3305.6
6835 -2370.4 -628.3
6836 1151.3 4206.7
6837 -260.3 2668.8
6838 -293.8 3173.7
6839 -837.4 2442.9
6840 -393.1 483
6841 -483.4 544.6
6842 -594.6 165.4
6843 -1118.5 -129.5
6844 3526.4 -2462.2
6845 827.2 2119.1
6846 -2479 -580.9
6847 -4080.3 1889.2
6848 -2075.1 58.3
6849 -2102.4 74.2
6850 -2055.3 88.4
6851 1521.5 3378.6
6852 1409.2 -5166.3
6853 71.9 2116.5
6854 -1312.9 3168.5
6855 1046.4 -246.8
6856 -803.3 -48.4
6857 -2330.2 -717.3
6858 -3887.6 1653.7
6859 -4014.1 4536.4
6860 -3780.6 4533.4
6861 -769.3 -630.6
6862 -283 -947.1
6863 -233.4 -940.7
6864 -324.9 -924.1
6865 -393.6 -881.9
6866 -429.7 -861.2
6867 70.5 -1184.9
6868 -2288.9 -809.1
6869 33 -1152.3
6870 -1036.9 -368.4
6871 1076.1 -1713
6872 1559.5 3288.8
6873 2346.7 4386.6
6874 2349.2 4355.3
6875 2200.5 -4563.8
6876 3277.3 -3291.6
6877 -1668.5 3255.5
6878 -3385.4 1317.1
6879 -2247 -901.1
6880 -4463.6 204.3
6881 -1359 3902.4
6882 -1377.9 3918.9
6883 -3368.7 1384.7
6884 -4540.1 -487.9
6885 -4620.1 -417
6886 -4549.5 -337.2
6887 -4398.8 -327.5
6888 -4624.3 -270.9
6889 -4478.5 -257
6890 4480.7 -4878.9
6891 -2205.3 -994
6892 -4327.5 -246.5
6893 -2448.3 1430.1
6894 -2234.1 1720.2
6895 -2246.7 1872.1
6896 -2396.5 1839.7
6897 -2420.7 2000.3
6898 -1781.9 -192.2
6899 -1727.6 -102.9
6900 -3739.8 -595.2
6901 -2754 -274
6902 -2339.9 -954.6
6903 -2841.4 -3520.1
6904 -2718.9 -3621.5
6905 -2625.6 -3495.4
6906 -2502.6 -3597.1
6907 -2493.3 -3480.2
6908 -2370.4 -3582
6909 -2276.8 -3455.4
6910 -2852 -3428
6911 -2732 -3507.6
6912 -2636.3 -3403.5
6913 -2163.4 -1087.1
6914 -2515.6 -3482.8
6915 -2383.4 -3467.6
6916 -2503.9 -3388.5
6917 -2287.3 -3364
6918 -2178.7 -3351.3
6919 -2860.6 -3353.6
6920 -2742.6 -3415.6
6921 -2644.9 -3329.1
6922 -2526 -3391
6923 -2512.4 -3314
6924 -2124 -1174.1
6925 -2393.8 -3376
6926 -2295.8 -3289.3
6927 -2187.6 -3277.1
6928 -2751.2 -3341.2
6929 -2653.9 -3251.9
6930 -2534.4 -3316.5
6931 -2402.3 -3301.4
6932 -2521.3 -3236.8
6933 -2304.7 -3212.1
6934 -2197 -3200.3
6935 -2239.7 -1226.2
6936 -2760.1 -3263.9
6937 -2411.1 -3223.3
6938 -2313.5 -3135.1
6939 -2205.2 -3122.6
6940 -2419.8 -3147.5
6941 -2539.9 -3075.2
6942 -2336.8 -2931.5
6943 -2349.1 -2824.3
6944 -2240.7 -2810.5
6945 -2914 -2889
6946 -2080 -1270.6
6947 -2804.6 -2876.5
6948 -2792.3 -2983.4
6949 -2698.3 -2864.3
6950 -2710.4 -2758.2
6951 -2587.1 -2851.6
6952 -2575 -2958.7
6953 -2565.9 -2849.1
6954 -2578.2 -2743.1
6955 -2455.1 -2836.5
6956 -2443 -2943.6
6957 -2043.5 -1375.8
6958 -2361.2 -2718.2
6959 -2252 -2705.7
6960 -2816.8 -2770.4
6961 -2722.5 -2652.1
6962 -2599.1 -2745.5
6963 -2467.2 -2730.4
6964 -2590.4 -2636.9
6965 -2373.3 -2612.1
6966 -2673.6 -3080.4
6967 -2561.5 -3077.7
6968 -2161.5 -1435.1
6969 -2779.8 -3092.5
6970 -2464.4 -3066.5
6971 -2686.1 -2971.3
6972 -2429.4 -3062.5
6973 -2553.6 -2956.2
6974 -2760.9 -2332
6975 -2635.8 -2424.8
6976 -2503.7 -2409.6
6977 -2627.3 -2316.9
6978 -2648.1 -2319.2
6979 -2023.9 -1406
6980 -2515.8 -2303.9
6981 -2528 -2197
6982 -2540.1 -2091.5
6983 -2675.2 -1889.8
6984 -2686.7 -1787
6985 -515.9 -3097.3
6986 -376.4 -3136.6
6987 -566.6 -2857.6
6988 -630.1 -2764.9
6989 -553.4 -2712.5
6990 -2025.3 -1477
6991 -413.6 -2753.2
6992 -604.5 -2637.5
6993 -2454.5 -4022.3
6994 -2441.1 -3928
6995 -2319.9 -4006.8
6996 -2224.1 -3903.2
6997 -2115.8 -3890.8
6998 -2330.9 -3915.4
6999 -2454.3 -3816.4
7000 -2237.6 -3791.9
7001 4452.2 -4746.3
7002 -2024.6 -1502.1
7003 -2477.4 -3818.9
7004 -2462.1 -3750.3
7005 1282.7 -2017.2
7006 1305.1 -2012.6
7007 1222.4 -2026.9
7008 1192.7 -2320.9
7009 1308.4 -1971.9
7010 1310.8 -1878.5
7011 1278.8 -1364.1
7012 1240.8 -1061.3
7013 -2009.5 -1518.5
7014 -963.5 -2107.9
7015 -981.9 -2249.7
7016 -1042 -2161.4
7017 -1179.2 -2125
7018 -1023.7 -2019.4
7019 -887.8 -2056.3
7020 -1102.2 -2072.8
7021 -1084 -1931
7022 2142.2 2985.9
7023 2250.8 2996.2
7024 -2045.6 -1579.9
7025 2218.8 3332.7
7026 -909.1 2044.6
7027 -991.3 2105
7028 -1074.7 2166.2
7029 -1157.2 2226.9
7030 -1220.1 2273.1
7031 -1088 2320.8
7032 -1151 2367.5
7033 -1240.1 2433.7
7034 3367.3 -2377.6
7035 -2038.8 -1614.7
7036 3369.5 -2295.7
7037 3456.2 -2298.1
7038 3264.9 -2292.6
7039 3159.4 -2371.5
7040 3161.8 -2289.9
7041 3055.3 -2287.4
7042 3371.6 -2212.9
7043 3267 -2210.3
7044 3164.1 -2207.3
7045 3057.8 -2204.1
7046 -2058.8 -1614.8
7047 3269.7 -2127.7
7048 3165.8 -2125.2
7049 3712.5 -4718.8
7050 -45.5 1147.8
7051 4063 3670.9
7052 3873.6 3714.9
7053 3954 4062.6
7054 3923 3932.8
7055 3872.9 4082
7056 3792.6 3734
7057 -2110.9 -1566.9
7058 3817.8 3848.5
7059 4194.3 3899.1
7060 4087.6 3786.8
7061 4008.2 4612.1
7062 4117.1 3917.5
7063 4138.8 4003.7
7064 4061.1 4022.1
7065 4145.3 4029.8
7066 4241.9 4101.6
7067 4067.8 4050.7
7068 -2052.4 -1710.2
7069 4164.7 4119.3
7070 4141.1 4385.8
7071 4227.1 4366.7
7072 4216.1 4482.1
7073 2942.5 2100.3
7074 2966.5 2206
7075 929.6 -325.7
7076 696.8 -120.5
7077 -3706.9 -307.3
7078 -3812.2 -487.9
7079 -1946.3 -1610.7
7080 -3759 -396
7081 -3599.9 -122.7
7082 -3687.2 -483.5
7083 4595.2 -1928
7084 4597.8 -1826
7085 4593.4 -2026.6
7086 4601.8 -1693.9
7087 4789.4 -1187.5
7088 3240.1 -3626.4
7089 3193.8 -4505.5
7090 -2009.3 -1497.8
7091 -3893.8 3071
7092 -3854.6 3077.4
7093 -4457.3 159.3
7094 4064.3 4506.7
7095 4094.5 4432.5
7096 2921.9 -4423.3
7097 3199.2 -4340.4
7098 3219.2 -4315.1
7099 3197.9 -5094.9
7100 -242.9 -912.9
7101 -1861.5 -1295.7
7102 -362.2 630.7
7103 -4509.5 -2298.3
7104 2946.8 4372.8
7105 -1600 3289.9
7106 -2761.9 3475.2
7107 970.3 64.7
7108 3206.1 -4067
7109 3228.4 -4033.1
7110 3237.6 -3707.7
7111 3215.6 -3727.8
7112 4655.7 -4880.4
7113 -2025 -1365.4
7114 4227.1 4777.4
7115 -1943.2 -1179.4
7116 -1999.8 -1097.2
7117 -2054.7 -1013.9
7118 -2166.8 -849.9
7119 -2224.7 -766.4
7120 -2279.1 -684.8
7121 -2333.5 -605
7122 -2434.2 -465.1
7123 -1020.3 -3686.9
7124 2420.8 -3695.9
7125 -1130.1 -3737.1
7126 -1066.3 -3585.6
7127 -1007.1 -3554.4
7128 -1112.3 -3483.6
7129 -1222 -3532.8
7130 -1158.1 -3379.4
7131 -1206.1 -3274.4
7132 -1268.2 -3430.3
7133 -1112 -3356.5
7134 -1165.7 -3254.3
7135 2442.7 -3684.8
7136 -1252.2 -3174
7137 -1362.2 -3223.2
7138 -1218.6 -3155.8
7139 -1290.8 -3089
7140 -1262.1 -3075.4
7141 -1400 -3139.5
7142 -1351.9 -2952.8
7143 -1462.1 -3002.6
7144 -1330.2 -2942.1
7145 -1412 -2802.2
7146 2250.9 -3472.4
7147 -1528.2 -2854.6
7148 -1464.3 -2691.1
7149 -1508.1 -2594.2
7150 -1623.7 -2643.7
7151 -1557.6 -2497.4
7152 -1484.1 -2461.7
7153 -1601.8 -2400
7154 -1711.3 -2449
7155 -1645 -2303.4
7156 -1588.7 -2274.5
7157 2495 -3798.6
7158 -1691 -2205.1
7159 -1638.9 -2179.6
7160 -1800.1 -2254.2
7161 -1734.9 -2107.8
7162 -1844.5 -2157.2
7163 -1780.9 -2003.1
7164 -1740 -1987.8
7165 -1832.6 -1889.7
7166 -1890.7 -2052.7
7167 -1865.9 -1814.3
7168 2446.8 -3729.7
7169 -1932 -1962.7
7170 -1781.5 -1851.5
7171 -1916.5 -1699.8
7172 -1976.4 -1864.1
7173 -1894.6 -1686.1
7174 -2026.2 -1754.1
7175 1470.7 4275.9
7176 1434.8 4275.6
7177 1459.2 4395.6
7178 -637.1 -80.3
7179 4785.1 -5035
7180 2577.4 -3790.4
7181 -833.2 -229
7182 -332.1 -217.9
7183 -69.4 -75.8
7184 -43.8 -84.6
7185 -30.8 -26.8
7186 -4088.8 4464.7
7187 -4220.4 4405.1
7188 -4107.6 3812.4
7189 -4092.8 4528.3
7190 -4429.1 4486.4
7191 1266.2 -3672.5
7192 4298.7 3251.4
7193 4272.7 3133.2
7194 4327.6 3121.8
7195 4285.2 3270.8
7196 4320.6 3000.7
7197 4294.3 2883.7
7198 4244.9 3017.5
7199 2495.5 2629.8
7200 2518.5 2563.6
7201 2515.5 2632.2
7202 2976.8 -3799.6
7203 2510.5 2681.5
7204 2568.2 2796.9
7205 2540.3 2681.1
7206 2588.5 2791.7
7207 2500 2793.6
7208 2616.8 2906.6
7209 2681 2772.3
7210 2856.7 3097.8
7211 2765.5 3118.6
7212 2828.9 2980.2
7213 2903 -3777.2
7214 2791.6 3234
7215 -3229 1312.7
7216 4588.8 -2046.7
7217 4551 -2129.5
7218 4605.9 -2090.6
7219 4434.5 -2292.4
7220 5073 -2045.6
7221 5184.4 -2048.7
7222 -3390.7 1632.3
7223 -3231.4 1385.9
7224 2051.9 -4391
7225 -3341.7 1394.3
7226 -3748.2 1846.8
7227 -3782.2 1845
7228 5074.4 -1902.5
7229 4923.5 -2030.2
7230 5010 1700.1
7231 4989.4 1621.1
7232 4900.6 1726.4
7233 4878.7 1647.3
7234 4921.7 1770.7
7235 1977 -4444.5
7236 -3502.5 2093.5
7237 -3607.6 2379.8
7238 -3346.3 1724.9
7239 4060.9 4142.7
7240 4037.7 4042.3
7241 4087.7 4136.9
7242 3976.7 4160.5
7243 3899.3 4191.4
7244 3679.7 4759.1
7245 3689.4 4655.3
7246 1980.9 -4312.7
7247 3749.3 4763.6
7248 -3364.3 1310.1
7249 -3314.2 1366.4
7250 -3255.3 1343.7
7251 -3232.6 1341.3
7252 -3336.8 1586.2
7253 -2859.9 1144.8
7254 -2704.5 1020.7
7255 -2637.8 950.4
7256 -2508.6 884.4
7257 2254.4 -4623.1
7258 -1826.1 355.7
7259 5253.6 -3758.4
7260 5249.9 -3857.9
7261 5350.9 -3762.7
7262 5146.3 -3746.5
7263 5241.8 -3883.2
7264 5347.8 -3860.2
7265 5192.5 -3945.1
7266 5279.6 -4021.2
7267 5091.2 -3856.4
7268 2368.5 -4528.7
7269 1299.5 2224.4
7270 1189.9 2214.3
7271 613.5 1855.4
7272 1288.9 2339.3
7273 681.6 1960.9
7274 710.7 1939
7275 602.9 2020.6
7276 611.3 1872.4
7277 1047.8 2450.1
7278 778.8 2241.8
7279 3279 -4547
7280 755.9 2291
7281 802.1 2186
7282 964.9 2193.3
7283 1104.3 2487.5
7284 825 2161.7
7285 1067.1 2316.8
7286 -2088.8 -1911.1
7287 1935.6 4255.1
7288 2317.8 4248.9
7289 2598.9 4620.3
7290 2839.2 -4293.1
7291 3213.7 -4545.4
7292 2351.2 4250.2
7293 2348.3 4224.4
7294 4419.9 2489.2
7295 4444.4 2607
7296 4509.6 2469.8
7297 4342.2 2507.9
7298 4363 2257.8
7299 4277.3 2276.9
7300 4644.2 2436.4
7301 4307.9 2164.7
7302 3363.5 -4550.2
7303 -2939.3 511.3
7304 -2997 416.7
7305 -2887.1 493.6
7306 -2910.8 545.9
7307 -2998.4 311.1
7308 -3090 355.2
7309 -2957.3 278.3
7310 -2998 285.3
7311 -3031.6 277.2
7312 -3225.3 345.9
7313 2295.6 -4521.8
7314 309.8 -1367.4
7315 268.2 -1442.1
7316 332 -1387.5
7317 346.3 -1319.1
7318 380.7 -1449.9
7319 410.5 -1464.3
7320 3951.7 -128.4
7321 3949 -190.5
7322 1049.5 -402.4
7323 1076.1 -256.5
7324 1955 -4731.9
7325 1032.2 -367.9
7326 1056.2 -576.2
7327 -1054.5 -464.6
7328 -1037.4 -189.4
7329 -955.8 -317.6
7330 -1530.1 129.9
7331 -1284.5 -80.9
7332 -1146.8 -145.4
7333 -1041.3 -418.1
7334 -967.6 -394
7335 1583.6 -5045.1
7336 -972 -426.6
7337 1308.9 2777.9
7338 1443.2 3034.3
7339 1531.6 3213.7
7340 1543.1 2964.5
7341 65.1 1246.9
7342 37.3 1255.1
7343 170.5 1249.8
7344 65.9 1227.4
7345 -3641.9 3021.1
7346 1816.6 -4690.3
7347 -3591.2 3047.4
7348 -3589.2 3016.3
7349 803.7 -2933.3
7350 795 -2971.7
7351 955.7 -2855.1
7352 828.3 -2826
7353 -4332.7 2050
7354 -4303 1923.5
7355 -4383.6 1993.6
7356 -4106.8 1849.7
7357 1756.9 -4604.6
7358 173.8 -2725.1
7359 243.8 -2810.1
7360 230.3 -2679.9
7361 314.5 -2895.3
7362 302.7 -2763.5
7363 184.5 -2857
7364 375.6 -2847.6
7365 4120.1 3329.7
7366 3882.6 3384.9
7367 4114.9 3306.8
7368 1944.8 -4601.1
7369 4218 3284
7370 4337.4 3277.2
7371 4222.5 3306.3
7372 4424.1 3241.9
7373 4449.1 3351.7
7374 4532.9 3210.8
7375 4850.5 3138.3
7376 5384.1 -3144.2
7377 5404.6 -3156.4
7378 5414.3 -3098.2
7379 1880.2 -4782.8
7380 5298.8 -3034.2
7381 1948.9 41
7382 1933 -114.6
7383 2183 -499.9
7384 2192.2 -616.3
7385 2203.2 -484.6
7386 2071 -497.9
7387 40.6 1052.1
7388 371.8 891.3
7389 222.1 1298.6
7390 3852.7 -4463.2
7391 389.6 863.2
7392 2300.2 -490.7
7393 -402.2 -926.8
7394 -234.4 -1026.7
7395 -722 -725.6
7396 -640.8 -797
7397 4274.6 -485.4
7398 4267.6 -680.9
7399 4050 -477.4
7400 4389.5 -489.1

# Edges
0 1
0 1112
1 2223
1 3334
2 4491
2 7290
3 14
3 1891
4 5
4 6
4 6095
5 7
5 8
5 904
6 904
6 905
7 9
7 10
8 9
8 1396
8 6095
9 1395
9 5820
10 3838
10 5701
10 5703
10 5820
11 12
11 3931
11 7100
12 3930
12 6863
13 15
13 16
13 17
13 1911
14 1857
15 18
15 21
16 21
16 22
17 1912
17 4566
18 1894
18 1910
18 1911
18 3997
19 20
20 23
20 5524
20 5525
21 26
22 26
22 28
22 1016
23 24
23 4051
24 4049
24 4050
24 5524
25 36
25 47
26 27
27 28
27 3998
28 29
28 1015
29 3998
29 4003
29 4028
30 31
30 32
30 33
31 2998
31 4123
32 34
32 35
33 2994
33 2997
34 2997
34 3893
35 233
36 702
36 3112
37 38
37 39
38 440
38 763
39 982
40 41
40 42
40 43
40 440
41 762
41 884
41 4825
42 3261
42 4501
43 440
44 45
44 46
44 190
45 472
45 747
46 192
46 2433
46 3762
47 702
47 1624
48 49
48 50
48 7400
49 51
49 52
50 232
50 7398
51 232
52 7400
53 54
53 1212
53 4829
53 6845
54 1299
54 1301
54 6672
55 56
55 57
56 59
57 59
57 655
58 4669
58 6068
58 6828
58 7268
59 60
59 7262
61 7262
62 3980
62 3981
62 5214
62 7342
63 7271
63 7342
63 7343
64 65
64 7227
65 414
65 5800
65 7227
66 67
66 443
66 598
66 6654
66 7340
67 68
67 70
67 261
68 598
68 6255
68 6496
69 4524
69 4535
69 7268
70 6493
70 6496
71 72
71 73
71 421
72 74
72 2760
72 6553
72 6554
72 6688
73 1478
73 1483
74 75
74 76
75 418
75 420
75 421
76 865
76 3938
77 78
77 79
77 81
78 2240
78 2241
79 2252
79 2255
80 91
80 102
80 668
80 2557
80 5879
81 1474
81 2241
81 2255
82 2244
82 2254
82 3616
83 84
83 85
83 86
84 3609
84 3630
84 5991
85 3629
85 3630
86 1379
86 3629
86 4560
87 88
87 89
87 3964
88 1071
88 3723
88 3733
89 3733
89 7347
90 92
90 93
90 94
91 2446
91 7088
92 94
92 3840
92 3842
93 3842
93 3843
94 1878
95 96
95 130
95 442
96 220
96 5263
97 98
97 99
97 557
98 740
98 6817
99 100
99 216
100 470
100 6844
101 177
101 3907
102 5879
102 5891
103 104
103 105
103 543
104 7336
104 7393
105 2751
105 7333
106 107
106 108
106 6870
107 1673
107 4826
108 743
108 6870
109 110
110 766
110 4053
110 4054
111 112
111 115
111 2852
112 116
112 6581
113 1924
113 1935
113 7290
114 125
114 136
114 7135
115 6580
115 6581
116 2850
116 2851
116 2852
117 118
117 119
118 3492
118 5447
118 6294
119 5865
119 6293
119 6356
120 121
120 3788
120 3789
121 941
121 3789
121 3790
122 123
122 124
122 126
122 6802
123 1705
123 1706
123 6846
124 3781
124 4523
124 6802
125 2358
125 6556
125 7146
126 1706
126 1709
126 4525
126 5431
127 128
127 129
127 2042
128 6856
128 7333
129 409
129 6843
130 131
130 216
131 530
131 531
132 133
132 134
133 396
134 5414
135 137
135 138
135 5687
136 3068
136 3090
136 6556
137 4943
137 4944
138 962
138 4503
139 140
139 141
139 142
139 150
139 3893
140 143
141 2997
141 3893
141 5419
142 149
142 5419
142 5579
143 146
143 148
143 149
144 145
144 1827
145 2320
145 6424
146 150
146 6662
147 158
147 169
147 180
147 191
148 5576
148 6659
148 6662
149 5576
150 235
150 7214
151 152
151 153
151 154
151 5461
152 5404
152 5405
152 5408
153 5408
153 5485
153 6647
154 155
154 6647
155 157
155 5461
156 157
156 4208
156 5463
156 6838
157 5460
158 5368
158 6279
158 6290
159 160
159 161
159 162
160 163
161 4042
162 163
162 164
163 2548
163 2549
164 165
164 166
165 2097
165 2547
165 2548
166 2095
166 2545
166 2547
167 168
167 543
167 959
168 176
168 727
169 191
169 236
169 6290
170 171
170 172
170 960
171 514
171 6527
171 6529
172 6043
172 6527
172 6637
173 174
173 175
173 176
174 7226
174 7252
175 553
175 554
176 7237
177 408
177 3908
178 179
178 181
178 630
179 589
179 590
179 5897
180 225
180 5368
180 5390
181 407
181 1692
181 1693
181 5470
181 5472
181 5473
182 183
182 184
182 185
183 184
183 589
183 3908
184 1395
185 1387
185 3907
186 187
186 188
186 189
186 472
187 3961
188 189
188 1032
189 473
190 192
190 855
190 3959
191 202
192 7106
193 194
193 195
193 5264
194 196
194 865
195 442
195 465
195 467
195 859
196 647
196 856
197 198
197 4070
197 5878
198 1012
198 1014
198 3497
198 5899
199 647
199 688
199 6346
200 201
200 203
200 5656
201 204
201 6316
202 213
202 225
202 5890
203 6316
203 6341
203 6342
204 5652
204 5653
204 5656
205 4678
205 4681
205 7351
206 207
206 776
206 3930
206 3931
206 5694
207 777
207 5694
208 209
208 265
208 395
209 210
209 265
210 211
210 331
211 6836
211 7175
212 214
212 215
212 7283
213 236
213 2768
214 444
214 4108
214 6872
215 333
215 598
216 819
217 218
217 219
217 220
218 219
218 4683
219 1086
219 3314
220 221
221 1216
221 1217
222 223
222 833
222 7222
223 875
223 7227
224 3979
224 5946
224 6830
224 7290
225 6101
225 7357
226 227
226 228
226 1149
226 2590
227 838
227 839
227 840
228 229
228 839
229 2586
229 2589
229 2590
230 231
230 232
231 760
232 245
233 234
233 235
234 5420
235 237
235 3893
235 5420
236 2713
236 2724
237 2407
237 6666
238 239
238 240
238 279
239 241
239 242
240 428
240 429
240 3929
241 242
241 599
242 600
242 692
242 1062
242 3926
242 3927
243 244
243 245
243 246
244 246
244 5206
245 248
246 2490
247 4469
247 4857
248 249
248 1873
249 3544
249 3545
249 4392
250 251
250 723
250 7329
251 541
251 6842
252 253
252 254
252 255
253 256
253 257
254 256
255 257
255 471
255 1241
257 5267
258 269
258 280
258 291
259 655
259 4499
260 6377
260 6633
261 262
261 1163
261 6492
262 263
262 6654
262 7338
263 1163
263 1164
263 1168
264 265
264 266
265 266
265 330
265 6873
265 6874
265 7292
266 395
267 268
267 270
267 271
267 2583
268 4096
268 4986
269 902
269 1513
270 2584
270 4986
270 6291
271 272
271 6836
272 455
272 581
273 274
273 275
273 276
273 2861
274 277
274 571
275 2859
275 2862
276 994
276 2859
276 2860
277 1107
277 2861
277 2864
278 279
278 281
278 856
279 847
280 1480
280 1502
281 716
281 717
281 3905
281 7317
282 283
282 284
282 5119
283 5118
283 5708
283 5709
284 5114
284 5118
285 286
285 287
285 288
286 288
286 5452
287 2237
287 4085
287 5452
288 455
288 457
289 290
289 292
290 4542
290 5986
291 4334
291 4935
292 2340
292 2344
293 294
293 295
293 297
294 296
294 297
295 297
295 6352
295 6353
296 1628
296 1629
296 6353
297 415
297 7355
298 299
298 300
298 301
298 303
299 300
299 304
300 301
300 4132
300 4133
301 3022
301 4136
302 313
302 324
303 304
303 305
303 5424
304 3007
304 3009
305 637
305 640
306 307
306 308
306 309
306 310
307 3536
307 3579
307 5489
308 3531
308 3536
308 3537
309 3509
309 3537
309 3577
310 3507
310 3543
311 312
311 314
311 5976
312 969
312 3374
312 6280
313 802
313 4979
314 3379
314 5651
314 5655
315 316
315 317
315 5756
315 7183
316 616
316 617
317 617
317 7184
318 319
318 320
318 1820
319 321
319 322
319 2540
320 6859
321 2540
321 2550
322 654
322 1822
323 325
323 326
323 327
324 5024
324 5746
325 329
326 328
326 2467
327 328
327 329
328 2468
330 6873
330 7289
331 332
332 445
332 7337
333 7289
334 337
334 338
334 1263
334 5052
335 446
335 3979
335 6046
336 347
336 358
337 339
337 340
337 5122
338 349
338 350
338 351
338 5122
339 5123
339 5127
339 5214
340 3977
340 5052
341 342
341 343
341 344
342 5508
342 5509
342 5510
343 345
343 5510
344 345
344 5513
344 6576
345 6529
345 6577
346 4722
346 6660
346 7211
346 7212
347 1802
347 4279
347 4290
348 4723
348 7209
348 7212
349 6845
349 7389
350 417
350 6441
351 1263
351 1264
351 1265
352 353
352 354
352 831
353 354
353 830
353 841
353 2214
354 355
355 1452
355 1454
356 357
356 3305
356 5861
357 3304
357 3684
358 691
358 1657
358 1802
359 360
359 582
359 656
360 361
360 362
361 656
361 2542
361 6860
362 676
362 6702
363 364
363 365
363 4593
364 2633
364 2634
364 5965
365 2634
365 5383
365 5384
366 367
366 368
366 403
367 368
367 382
367 2409
368 390
368 410
369 802
369 813
370 371
370 372
370 7061
371 374
371 7061
371 7094
372 2619
372 7094
373 374
373 375
373 376
374 2421
375 755
375 2421
376 754
376 7072
376 7094
377 378
377 379
377 392
377 2410
377 2411
378 381
378 2412
379 387
379 2422
379 2610
380 2446
380 7110
380 7111
381 390
381 392
382 383
382 384
383 475
383 2407
383 2409
384 2408
385 386
385 387
385 388
385 389
386 388
386 390
386 392
387 392
387 2609
388 410
389 2609
389 6000
391 3757
391 6434
393 394
393 395
393 781
394 395
394 784
394 5996
395 2522
396 7375
397 398
397 399
397 400
398 400
398 1438
399 1430
399 1431
400 401
401 1431
401 5437
402 813
402 2535
402 2569
402 5557
403 1490
403 2408
404 405
404 406
404 6871
405 6823
405 6871
406 468
406 614
407 408
407 1687
408 5478
409 6870
409 7332
410 870
410 2409
411 412
411 414
411 6847
412 3943
412 7354
413 424
413 2146
413 5557
414 761
414 909
415 416
415 3943
416 3943
416 7356
417 1267
417 1270
417 5626
417 7389
418 419
418 2251
419 420
419 2248
420 2249
421 1483
422 3917
422 3919
423 425
423 426
423 427
424 2524
424 3458
424 3480
425 770
425 3894
425 4673
426 1084
426 3894
427 770
427 2483
428 6861
428 6865
429 722
429 6866
430 431
430 432
430 1921
431 3739
431 4570
432 433
432 4568
433 1918
433 1920
433 1921
434 436
434 437
434 888
435 4979
435 5013
435 5024
436 4000
436 4004
436 4005
437 438
437 439
437 4005
438 888
438 6589
438 6603
439 4006
439 4010
439 6589
441 762
441 763
442 467
443 444
443 445
443 598
444 445
446 4680
446 5935
447 458
447 469
448 449
448 450
448 451
449 452
449 2100
449 2102
450 451
450 2099
451 452
451 453
452 663
453 454
453 4974
454 660
454 663
454 664
455 456
455 457
456 2575
456 4074
456 5291
457 459
457 4074
458 558
458 6323
459 1638
459 4074
459 4075
460 461
460 462
460 837
461 463
461 464
462 647
462 858
463 465
463 466
464 836
464 837
465 466
465 467
466 1087
466 4683
468 470
468 687
468 689
469 1846
469 5646
470 6601
471 5266
471 5269
471 5270
472 473
472 474
473 747
473 1030
474 2400
474 2403
475 476
475 477
476 479
476 870
477 478
477 479
477 481
478 6644
479 6416
480 491
480 502
481 4126
481 4127
481 4128
482 483
482 484
482 485
483 6032
483 6037
483 6140
484 6140
484 6161
485 6032
485 6033
486 487
486 488
486 5810
486 5815
486 5884
486 5886
487 5886
487 5893
488 2733
488 5796
488 5797
489 490
489 492
489 2096
489 2426
490 492
490 3072
490 3647
491 946
491 957
492 2427
492 2432
493 494
493 495
493 2543
494 496
494 2096
495 5185
495 5186
496 2543
496 2544
496 2551
497 498
497 499
497 754
498 878
498 7066
498 7071
499 681
499 754
499 2107
499 2108
499 3023
500 501
500 503
500 504
500 2550
501 505
501 1492
502 957
502 968
503 1493
503 1494
503 1495
504 1492
504 1494
504 2543
505 2540
505 2541
506 507
506 508
507 521
507 536
507 5225
507 6114
508 2785
508 4533
508 4540
508 5228
508 6751
509 510
509 511
509 512
511 2795
512 2625
513 524
513 535
513 546
513 6523
514 515
514 516
514 959
514 6047
514 6408
515 896
515 5508
515 5510
516 826
516 3920
516 6045
516 6047
516 6809
516 6856
517 518
517 519
517 3681
517 3682
518 519
518 520
518 3681
519 827
519 3682
519 5063
520 6116
520 6117
520 6120
521 4539
521 4540
522 5747
522 6502
523 525
523 526
523 2010
524 702
524 3112
524 3335
525 527
525 1096
526 1096
526 1097
527 2010
527 2011
527 2049
528 529
528 3839
529 3919
529 5741
530 531
530 740
530 1489
530 5104
530 6844
531 532
532 920
532 5103
532 5104
532 5274
533 534
533 536
533 5220
533 6114
534 4948
535 1613
535 3335
535 6523
536 4539
536 6114
537 538
537 539
537 4915
538 3547
538 4916
539 1794
539 1795
539 1796
540 719
540 3515
540 4876
541 542
541 726
542 821
542 7387
543 6840
544 545
544 547
544 548
544 787
545 549
545 552
546 680
546 1657
547 548
547 552
547 3542
548 2273
549 786
549 787
549 789
550 551
550 552
550 6322
551 3542
551 5672
551 6900
552 3956
553 555
553 7249
554 6436
554 6437
555 2034
555 2061
556 559
556 560
556 561
556 562
557 3768
557 5835
557 6346
557 6834
558 6323
558 6890
559 2161
559 4354
559 4470
560 564
560 2161
560 2162
561 565
561 4470
561 4473
562 563
562 564
562 565
563 566
563 567
564 566
564 2164
565 567
565 4474
566 636
567 641
567 7366
568 7103
569 580
569 591
569 602
570 571
570 572
571 994
571 1104
572 573
572 1102
572 1105
573 574
574 823
574 1106
574 1677
575 694
575 696
575 4618
575 6867
575 7394
576 694
576 1671
576 7394
577 578
577 579
577 2216
578 579
578 830
578 1634
578 2215
579 581
580 4635
580 4646
580 6201
581 582
582 676
583 584
583 585
584 626
584 2889
584 2893
585 967
585 1130
585 2892
586 587
586 588
586 4387
586 5476
587 1709
587 1710
588 1710
588 4387
588 5320
589 590
589 5820
589 5821
589 5875
590 5898
591 602
591 4635
591 4657
592 593
592 594
592 595
593 596
593 597
594 597
594 1734
595 3207
595 4798
595 4799
596 1737
596 4799
597 1736
598 6258
599 600
599 601
600 603
601 603
601 3922
601 3929
602 4669
603 1060
603 3922
603 3925
604 605
604 606
604 607
604 3251
605 606
605 3139
605 3143
605 3178
606 3143
607 3178
607 3181
607 3249
608 609
608 610
609 5076
609 5077
610 611
610 612
611 612
611 6882
613 624
613 635
613 646
614 615
614 3349
615 3346
615 3349
615 5867
616 618
616 619
617 618
617 5036
618 5692
619 5692
619 6793
619 6794
620 621
620 622
620 5511
620 7091
621 622
621 6298
622 7091
623 625
623 626
624 657
624 669
625 627
625 628
625 2955
625 5280
626 2894
626 2954
627 628
627 629
628 6395
629 5281
629 6395
629 6396
630 961
630 6578
631 632
631 961
632 633
632 634
633 5469
633 5827
634 1672
634 5480
634 6578
635 669
635 3013
635 3212
636 2164
636 7367
637 638
637 639
638 640
638 641
639 4474
639 4522
639 5424
640 7366
641 4474
642 643
642 644
642 2905
643 2906
643 2908
643 2963
644 645
644 2906
645 2900
645 2904
645 2905
646 2979
646 2990
646 3002
646 3013
648 649
648 650
648 6050
649 5874
649 6186
650 5871
650 6048
650 6049
651 652
652 653
652 654
652 1823
653 1493
653 1495
654 1495
654 1822
655 5078
656 658
656 2544
657 4190
657 4246
658 659
658 6753
659 828
659 829
660 661
660 662
660 4775
661 662
661 2184
661 2186
661 2187
661 2188
661 4776
662 2182
662 2184
662 2185
663 664
663 2105
664 4775
664 6252
665 666
666 3692
666 4614
667 670
667 671
667 672
668 7088
669 4246
669 5558
670 674
670 1817
670 6418
671 673
671 674
672 1816
672 1817
672 1818
673 674
673 675
674 5805
675 5801
675 5805
675 5806
676 677
678 679
678 681
678 7196
679 7195
679 7370
679 7372
680 691
680 702
680 1624
681 996
682 683
682 684
682 3801
682 3804
683 685
683 3839
683 7215
684 1011
684 3805
685 1011
685 6630
685 7248
686 3663
687 688
687 689
688 6818
689 1489
690 692
690 693
690 5696
690 5697
691 1624
691 1635
691 1646
692 3929
692 5866
693 694
694 695
694 3929
695 4618
695 5697
695 6526
696 697
697 698
697 699
698 699
698 4572
699 4254
699 4572
699 7314
700 701
700 703
700 704
700 7240
701 6695
701 7062
701 7064
703 6211
703 7053
703 7054
704 6695
704 6696
705 2449
705 2451
705 2455
706 707
706 708
706 709
706 710
707 1619
707 6858
708 711
708 1619
708 1620
709 911
709 6063
710 711
711 1622
711 1625
712 714
712 715
712 5615
713 724
713 735
713 746
713 757
714 881
714 6328
714 6347
715 881
715 882
715 6364
716 4252
716 4253
716 4648
717 3901
717 3904
717 4253
718 719
718 720
718 721
719 4873
719 4874
720 790
720 5858
721 4873
721 5858
722 723
722 725
723 7334
724 746
724 757
725 726
725 727
726 826
727 6843
728 729
728 1073
729 1038
729 2471
729 4666
730 731
730 732
730 7237
731 733
731 2909
731 7092
731 7345
732 1820
732 7092
733 2622
733 2625
733 7091
734 736
734 7297
734 7299
735 4068
735 4113
736 4182
736 5234
736 5516
737 738
737 739
737 6244
738 4723
738 5725
739 1328
739 5603
740 741
741 5103
741 5104
742 743
742 744
742 745
743 744
744 842
745 776
745 778
745 923
746 1535
746 4113
746 5613
747 1034
747 3762
748 749
748 750
748 752
748 2211
748 5466
749 2235
749 2237
749 2238
750 2208
750 2209
750 2235
751 752
751 753
751 5466
752 2209
752 5465
753 1655
753 2286
754 755
755 2106
756 758
756 759
757 4057
757 5445
758 5153
758 5771
758 5773
759 5149
759 5151
759 5152
760 886
760 4392
760 5700
761 909
761 6847
762 885
763 3843
763 5030
764 765
764 766
764 4053
765 4051
765 4052
765 5302
766 4051
767 769
767 770
767 771
767 2483
768 780
768 791
768 2224
769 820
769 4674
770 2484
771 820
771 847
771 2484
772 773
772 774
772 775
773 5295
773 6587
774 5293
774 5295
774 7321
775 973
775 7321
776 777
777 778
778 925
778 1061
779 990
779 1013
780 1114
780 1558
780 3802
781 782
781 783
782 783
782 784
784 6778
785 786
785 787
785 790
786 788
786 789
786 1870
788 790
788 793
789 1872
790 792
791 1125
791 1569
792 3518
792 4369
793 1866
793 5858
793 5859
794 795
794 829
794 4095
795 803
795 895
796 797
796 798
796 799
797 799
797 4098
797 6410
798 1194
798 2589
798 6410
799 4095
799 4097
800 801
800 895
800 6772
800 7175
801 803
801 6414
802 4957
803 7287
804 805
804 806
804 807
804 808
805 901
805 5719
805 5720
806 808
806 903
807 808
807 1586
807 1587
807 5719
808 1553
808 1554
809 810
809 811
809 882
810 6325
810 6326
811 812
811 814
811 6344
812 4382
812 6345
813 4946
814 881
814 882
814 6345
815 816
815 817
815 4360
815 5443
816 4359
816 4360
816 4361
816 4380
817 4359
817 6365
818 819
818 820
818 6783
819 1670
820 844
820 917
820 918
821 822
821 1283
821 2005
822 1088
822 1092
822 2005
822 6310
823 825
824 835
824 846
824 5846
825 956
825 2016
826 7258
827 5050
827 5051
828 830
828 831
829 943
830 831
832 833
832 5511
832 7256
833 1818
834 2416
834 7245
834 7247
835 846
835 5857
835 6876
836 6798
837 5902
838 1149
838 1151
838 1152
839 840
840 1151
840 5456
841 2214
842 843
842 7334
843 4971
843 4973
844 845
844 847
844 848
844 1671
845 5905
845 5906
846 857
847 2486
847 2487
848 849
848 5906
849 850
849 2486
849 7319
850 4255
850 4258
850 5906
851 852
851 853
851 854
851 3960
852 6610
852 6611
853 855
853 5045
854 3744
854 3747
854 3748
854 3749
855 2406
855 3960
856 918
857 4257
857 4724
857 5868
858 859
858 1489
859 1489
860 861
860 862
860 1394
860 1412
861 863
861 864
861 2021
862 1408
862 1409
862 2021
863 1415
864 1394
864 6705
865 866
866 6469
866 6806
867 869
867 2061
867 7249
868 879
868 891
869 6437
869 6878
869 6883
869 7225
869 7248
870 6000
870 6416
871 872
871 873
871 6529
872 874
872 3541
873 3541
873 6527
873 6528
874 5480
874 6529
874 6577
874 6578
875 876
875 7227
876 2062
876 7223
877 878
877 880
877 7239
878 7070
878 7241
879 4013
879 4057
880 2617
880 2618
880 2619
882 6327
883 884
883 885
884 885
886 4392
887 888
887 3999
887 4000
888 6603
889 892
889 893
889 894
889 6199
890 1001
890 2791
890 2824
891 1890
891 1902
891 3301
891 3768
891 3780
892 5088
892 5089
892 5142
893 5142
893 7028
893 7031
894 5091
894 6029
894 6198
894 6447
894 6839
895 6413
895 7176
896 5508
896 6409
897 898
897 899
897 7197
898 2156
898 4185
898 4187
899 4186
899 5515
900 901
900 903
901 5600
901 5722
902 1446
902 1557
903 1554
903 2078
903 6730
904 3793
905 3793
905 3794
905 7305
906 907
906 908
906 1456
906 1457
907 975
907 1455
908 1459
908 6773
909 6566
910 911
910 912
911 6636
912 6012
912 6435
912 6636
913 1557
913 1957
914 915
914 916
914 2108
915 995
915 996
916 6694
916 6695
916 7051
917 918
917 5908
919 920
919 921
919 922
920 3268
920 6821
921 922
921 7039
922 7041
923 925
923 6794
924 935
924 1335
924 1557
925 926
926 5692
926 6794
927 928
927 929
927 3258
927 5370
928 930
928 4806
929 4805
929 4806
929 4807
930 4809
930 5369
930 5370
931 932
931 934
932 933
933 997
933 6214
934 936
934 6214
935 1557
935 5757
936 998
936 6214
937 938
937 939
937 940
938 939
938 941
938 942
938 6188
939 5825
939 5826
940 5474
940 5826
941 1417
941 1419
942 5703
942 6188
943 944
943 5452
944 5455
945 947
945 948
945 949
945 1242
945 5644
946 4868
946 4879
946 7302
947 1904
947 1906
948 6854
949 950
949 951
949 5643
950 951
950 6509
950 6881
950 6882
951 5049
951 6629
952 953
952 954
952 3136
953 3137
953 6318
953 6790
954 2554
954 2555
954 6318
955 956
955 958
956 1678
956 1679
956 2014
957 4879
958 961
959 960
960 6043
961 1681
961 1685
961 5469
961 5478
962 963
962 964
963 4439
963 4503
963 4504
964 4339
964 4439
965 966
965 967
966 1128
966 2504
966 3671
967 1126
967 1129
968 979
968 7099
969 7057
969 7068
970 971
970 972
970 6330
971 4058
971 4062
972 4062
972 6330
972 6331
973 974
974 975
974 976
976 2348
976 2349
977 978
977 980
977 981
977 6019
978 1597
978 1601
978 1603
979 990
979 7099
980 1011
980 3805
981 1597
981 3805
982 983
982 984
983 4152
983 7221
985 986
985 987
985 988
986 3886
986 4663
987 988
987 4663
987 6804
988 6786
989 991
989 992
989 993
990 1002
991 1714
991 3888
991 3892
992 1714
992 1715
993 1711
993 1712
995 996
995 7373
997 998
997 999
998 1490
999 2408
999 7104
1000 1003
1000 1004
1000 3833
1000 6824
1002 1013
1003 1704
1003 3468
1003 7121
1004 1701
1004 1704
1004 5198
1005 1006
1005 1007
1005 1008
1006 1292
1006 6382
1006 6383
1007 1292
1007 1294
1008 3678
1008 6711
1009 1010
1009 1011
1009 4797
1009 6433
1010 1601
1010 1606
1010 6019
1011 6019
1011 6630
1012 3490
1012 3493
1012 3497
1014 3490
1014 4069
1015 1016
1015 4028
1015 4568
1016 4566
1016 4567
1017 1018
1017 2237
1018 2238
1019 1020
1019 1021
1019 1022
1021 1849
1021 1850
1021 1854
1023 1025
1023 1026
1024 1035
1024 1046
1025 3958
1025 5518
1025 6807
1026 3958
1027 1028
1027 1029
1028 4042
1029 4996
1030 1031
1030 1032
1031 1034
1031 1036
1032 1033
1033 3071
1033 3072
1034 2396
1035 1057
1035 1068
1036 2396
1036 3650
1037 1038
1037 1039
1037 1040
1037 1074
1038 1040
1038 1042
1039 1073
1039 6827
1040 1041
1040 1075
1041 1042
1041 1043
1041 4667
1042 6775
1043 1044
1043 1045
1043 6775
1044 1049
1044 4667
1044 6466
1045 1047
1045 1048
1046 1068
1046 4035
1046 4434
1047 5528
1047 5529
1047 6775
1048 1049
1048 1050
1048 2800
1049 5530
1050 1051
1050 1052
1050 4252
1051 2800
1051 4250
1051 4647
1052 1053
1052 1054
1053 1055
1053 4252
1054 1055
1054 1056
1054 4647
1055 4648
1055 5832
1056 1058
1056 1059
1056 5832
1057 1079
1057 1090
1058 2290
1058 4645
1058 6690
1059 1060
1059 1063
1059 2292
1060 3926
1060 5832
1061 1062
1061 1063
1061 5693
1062 3926
1062 5694
1063 3926
1063 6407
1064 1065
1064 1066
1064 1067
1064 1069
1065 3721
1065 4967
1066 1069
1066 4967
1067 1070
1067 1071
1068 1090
1069 3965
1070 1071
1070 1072
1070 3734
1072 3734
1072 3736
1072 3759
1072 3761
1073 7326
1074 1075
1074 1076
1074 6827
1075 1077
1075 4667
1076 1077
1076 1078
1076 6826
1077 4670
1077 4671
1078 1080
1078 1081
1078 4671
1079 1101
1080 6825
1080 6826
1081 1082
1081 1083
1081 6825
1082 1084
1082 3895
1083 3895
1083 4671
1083 4672
1084 6825
1085 1086
1085 1087
1086 3315
1086 4683
1087 6798
1088 1089
1088 1091
1089 1092
1089 1093
1089 2842
1090 1846
1091 1283
1091 2838
1091 2842
1092 1095
1092 2042
1093 1094
1093 1095
1094 2843
1094 2845
1094 6792
1094 6841
1095 2007
1095 2043
1096 6580
1097 6580
1097 6581
1098 1099
1098 1100
1098 1102
1099 1104
1099 1676
1100 1103
1100 1682
1101 5624
1101 5635
1102 1103
1102 1104
1103 1677
1103 1678
1104 1674
1105 1106
1105 1107
1106 3651
1107 1108
1107 3651
1108 1109
1108 1110
1108 2864
1109 3651
1109 3652
1109 3664
1110 1111
1110 1115
1110 3652
1111 2864
1111 2866
1111 2870
1112 4112
1112 6401
1113 1224
1113 1335
1114 1125
1114 1136
1115 1116
1115 1117
1115 2870
1116 1404
1116 2020
1116 3652
1117 1118
1117 1119
1117 1404
1118 1398
1118 1399
1118 2870
1119 1120
1119 1121
1119 1399
1120 1401
1120 1403
1120 1404
1121 1122
1121 1123
1121 1401
1122 1399
1122 2872
1122 2876
1123 1124
1123 2876
1123 3654
1124 1401
1124 3653
1124 3665
1125 1136
1126 1127
1126 1128
1126 2892
1127 3660
1127 6896
1127 6897
1128 3660
1128 3670
1129 1130
1129 1131
1130 2499
1130 2500
1131 1132
1131 1133
1131 2500
1132 2503
1132 2504
1132 2505
1133 1134
1133 1135
1133 2503
1134 2500
1134 2896
1134 2899
1135 1137
1135 1138
1135 2899
1136 1147
1137 2503
1137 3661
1137 3672
1138 1139
1138 1140
1138 3661
1139 2899
1139 2900
1139 2904
1140 1141
1140 1142
1140 2904
1141 3661
1141 3662
1141 3674
1142 1143
1142 3662
1143 2904
1143 2906
1144 1145
1144 1146
1144 1148
1145 1149
1145 1150
1145 2590
1146 1194
1146 2589
1146 2590
1147 1524
1147 1558
1148 1150
1148 1193
1148 6565
1149 2593
1150 2592
1150 2593
1151 4999
1152 2593
1152 4999
1152 5285
1153 1156
1153 7270
1153 7272
1153 7285
1154 6219
1154 6672
1154 6673
1154 7272
1155 1156
1155 1157
1155 6219
1155 7272
1156 1160
1156 4831
1157 1159
1157 1160
1157 1161
1158 1169
1158 1180
1158 1191
1159 6219
1159 6221
1159 6254
1160 4832
1160 6218
1161 1162
1161 4832
1161 6254
1162 1163
1162 1164
1162 4833
1163 6254
1164 1165
1164 1166
1165 1167
1165 1168
1165 4836
1166 4833
1166 4834
1166 4836
1167 1170
1167 1171
1167 6674
1168 6674
1168 7338
1169 2391
1169 2402
1169 2413
1170 1172
1170 1173
1170 4838
1171 4836
1171 4837
1171 4838
1172 1174
1172 1175
1172 4435
1173 4435
1173 6674
1173 6675
1174 1176
1174 1177
1174 4431
1175 4431
1175 4838
1175 4839
1176 1178
1176 1179
1176 2982
1177 2982
1177 4433
1177 4435
1178 1181
1178 1182
1179 2980
1179 4431
1179 4432
1180 1669
1180 2380
1181 2978
1181 2980
1182 2981
1182 2982
1183 1184
1183 1185
1183 1186
1184 1187
1184 1188
1184 1189
1185 1188
1185 4106
1186 1189
1186 4100
1187 1190
1187 1192
1187 4103
1188 4102
1188 4103
1189 1192
1189 4099
1190 1193
1190 1194
1191 1202
1191 2380
1191 2413
1192 1194
1192 6410
1193 4103
1193 6411
1195 1196
1195 1197
1195 5352
1196 4211
1196 4214
1196 5674
1197 1198
1197 1199
1197 4217
1198 1200
1198 1201
1198 6123
1199 5674
1199 5675
1199 6123
1200 1203
1200 1204
1200 2166
1201 2166
1201 4218
1202 1213
1202 1225
1202 1236
1203 1205
1203 6122
1203 6123
1204 1205
1204 1206
1204 1207
1204 2167
1205 1209
1205 6125
1205 6762
1206 1208
1206 1209
1206 4827
1207 2167
1207 2482
1208 1210
1208 1211
1208 5582
1209 5582
1209 6671
1210 1212
1210 1214
1210 1298
1211 1298
1211 4827
1211 4828
1212 1215
1212 1299
1213 1247
1213 1258
1213 1280
1214 1299
1214 5582
1214 5584
1215 1296
1215 1298
1215 4829
1216 1218
1216 1219
1216 1220
1217 1219
1217 3314
1218 1221
1218 1222
1219 3311
1219 3313
1220 3310
1220 5263
1221 1223
1221 1226
1221 1227
1222 1227
1222 3310
1222 5265
1223 1230
1223 3311
1223 5189
1224 1335
1224 1446
1224 1557
1225 1258
1225 2413
1225 3613
1226 1228
1226 1229
1227 1228
1228 1231
1228 5266
1229 1230
1229 1231
1229 1232
1230 1233
1230 1384
1231 1234
1232 1233
1232 1234
1232 1235
1233 1237
1233 1381
1234 1239
1235 1237
1235 1238
1235 1239
1236 1280
1236 1702
1236 2380
1237 1240
1237 1383
1238 1240
1238 1241
1239 1241
1240 5450
1242 1243
1243 1907
1243 1908
1243 5862
1243 6881
1244 1246
1244 3282
1244 7233
1245 1248
1245 1249
1245 1250
1245 7231
1246 3278
1246 7231
1247 1258
1247 1269
1247 1280
1248 1251
1248 1252
1248 5042
1249 1371
1249 5042
1249 5043
1250 2790
1250 3278
1250 5041
1251 1253
1251 2792
1252 2790
1252 2792
1253 2793
1253 5042
1254 1255
1254 6712
1254 7391
1255 1256
1255 1257
1255 1259
1256 1260
1256 3978
1256 6712
1257 1259
1257 1262
1257 5050
1258 1291
1258 3635
1258 5224
1259 1260
1259 1261
1260 3977
1260 5052
1261 1262
1261 1263
1261 5052
1262 5121
1263 5121
1264 5119
1264 5120
1264 5121
1265 1267
1265 5120
1266 1267
1266 1268
1266 1270
1266 1271
1267 5623
1268 4227
1268 4228
1268 5623
1269 1291
1269 1302
1269 1313
1270 1272
1270 5625
1270 5647
1271 1272
1271 1273
1271 4227
1272 7274
1272 7276
1273 1274
1273 1275
1273 7274
1274 2174
1274 2177
1274 4227
1275 1276
1275 1277
1275 2177
1276 1295
1276 4878
1276 7274
1277 1278
1277 1279
1278 2176
1278 2178
1279 1295
1279 1296
1280 1302
1280 1713
1280 1735
1281 1282
1281 1283
1281 1284
1281 2840
1282 1285
1282 1286
1282 2837
1283 2006
1284 2006
1284 2833
1284 2837
1285 2839
1285 2840
1286 1287
1286 1288
1286 1289
1287 2837
1287 2925
1287 6382
1288 1290
1288 2839
1288 6376
1289 1290
1289 1292
1289 6382
1290 1293
1290 6375
1291 2979
1292 1293
1293 1294
1293 6799
1294 6711
1294 6800
1295 2218
1295 7284
1296 1297
1296 2178
1297 2218
1297 4829
1298 2178
1299 1300
1300 1301
1300 1303
1300 5584
1301 6763
1301 6765
1302 1757
1302 1780
1302 3268
1302 5602
1303 1304
1303 1305
1303 6763
1304 1306
1304 1307
1304 5589
1305 5584
1305 5585
1305 5589
1306 1307
1306 1308
1306 1309
1306 6777
1307 6763
1307 6771
1308 1310
1308 1311
1308 5593
1309 5588
1309 5589
1309 5593
1310 1312
1310 1314
1310 1315
1311 1312
1311 6776
1311 6777
1312 1318
1312 6232
1313 1324
1313 2979
1313 6821
1314 1317
1314 1562
1314 5593
1315 1316
1315 1317
1315 1318
1316 1318
1316 1319
1316 1564
1317 1561
1317 1564
1318 1320
1318 1565
1319 1320
1319 1321
1319 1322
1320 1325
1320 1592
1321 1323
1321 1564
1321 1590
1322 1323
1322 1325
1322 1326
1323 1327
1323 2080
1324 1336
1324 5103
1325 2081
1325 6717
1326 1327
1326 1328
1326 5598
1326 6715
1326 6716
1327 5595
1327 5598
1328 1329
1328 1330
1328 5161
1329 5598
1329 5599
1329 5603
1330 1331
1330 1332
1330 5159
1330 7073
1331 1333
1331 1334
1331 5775
1332 5039
1332 5161
1332 5775
1332 6005
1332 7074
1333 1337
1333 1338
1333 5610
1334 5156
1334 5159
1334 5610
1336 4212
1336 4724
1337 1339
1337 1340
1337 1341
1338 1340
1338 5775
1338 5776
1339 1342
1339 1343
1339 1344
1340 1344
1340 4510
1341 1343
1341 4509
1341 5610
1342 1345
1342 1346
1342 1348
1343 1346
1343 4454
1344 1345
1344 4457
1345 1350
1345 4455
1346 1351
1346 4452
1347 1358
1348 1349
1348 1350
1348 1351
1349 1352
1349 1353
1349 1354
1350 1352
1350 4348
1351 1354
1351 4347
1352 1357
1352 2139
1353 1355
1353 1356
1353 1357
1354 1356
1354 2134
1355 1359
1355 1360
1355 1361
1356 1359
1356 2132
1357 1361
1357 2136
1358 2402
1358 3323
1359 1362
1359 2133
1360 1362
1360 1363
1360 4173
1361 2138
1361 4173
1362 1366
1362 4171
1363 1364
1363 1365
1363 1366
1364 1367
1364 4173
1364 4175
1365 1367
1365 1368
1365 5231
1366 4172
1366 5231
1367 1372
1367 5232
1368 1370
1368 1371
1368 1372
1369 1380
1369 1391
1369 1402
1370 1374
1370 4538
1370 5231
1371 1373
1372 1377
1372 4529
1372 5043
1373 1374
1373 1375
1374 1376
1374 4532
1375 1376
1375 1377
1376 4537
1377 4527
1378 1379
1378 4416
1379 1443
1379 6519
1380 1413
1380 1424
1380 1435
1381 1382
1381 1383
1381 1384
1382 1385
1382 1386
1383 1385
1383 5450
1384 1386
1384 5189
1385 5451
1385 6153
1386 5192
1387 1388
1387 1389
1388 3909
1388 3910
1389 1390
1389 1392
1390 1393
1390 1394
1391 1413
1391 3502
1392 1394
1392 3909
1393 1395
1393 1396
1394 1396
1396 6474
1397 1398
1397 1399
1397 1400
1397 2874
1398 2867
1398 2871
1400 2871
1400 2944
1400 2945
1401 1405
1402 1435
1402 2466
1403 1405
1403 1406
1403 1407
1404 1406
1405 1409
1405 3665
1406 1410
1406 2020
1407 1408
1407 1409
1407 1410
1408 1410
1408 1411
1409 5834
1410 2019
1410 5706
1411 1412
1411 1414
1411 5706
1412 1415
1413 1458
1413 3491
1414 1415
1414 1416
1416 5706
1416 5707
1417 1418
1417 1419
1418 3792
1418 3793
1418 3838
1418 5876
1419 3790
1420 1421
1420 1422
1420 1423
1420 3790
1421 1425
1421 1426
1421 5204
1422 1423
1422 5876
1423 1989
1423 5204
1424 1447
1424 1458
1424 6819
1425 1427
1425 1428
1425 1429
1426 1429
1426 3789
1426 3790
1427 1430
1427 1431
1427 1432
1428 1431
1428 5204
1429 1432
1429 5202
1430 1433
1430 1434
1432 1434
1432 5203
1433 1436
1433 1437
1433 1438
1434 1437
1434 4526
1435 2463
1435 2526
1435 6819
1436 1439
1436 1440
1437 1439
1437 5435
1438 4371
1438 5436
1439 1442
1439 4374
1440 1441
1440 1442
1441 4370
1441 4372
1441 5321
1441 5436
1442 4373
1442 4386
1443 1444
1443 1445
1443 1448
1443 1451
1443 3594
1444 2063
1444 2064
1444 2065
1445 3594
1445 4414
1445 4416
1446 1513
1447 3595
1447 6457
1447 6656
1448 1449
1448 1451
1448 2065
1449 1450
1449 2456
1450 2065
1450 2454
1450 2462
1451 2456
1452 1453
1453 1454
1453 2283
1454 2284
1455 2350
1455 5752
1455 6096
1456 1460
1456 6096
1456 6098
1457 1459
1457 1460
1457 1461
1458 6446
1458 6457
1459 1463
1459 5998
1460 1462
1460 5252
1461 1462
1461 1463
1461 1464
1462 1465
1462 5249
1463 1466
1464 1465
1464 1466
1464 1467
1465 1470
1465 5251
1466 1468
1466 2253
1467 1468
1467 1470
1467 1471
1468 1474
1469 1480
1469 1491
1469 1502
1470 1472
1470 6099
1471 1472
1471 1473
1471 1474
1472 6100
1473 1475
1473 1476
1473 1477
1474 1475
1475 1479
1476 1478
1476 1479
1476 1481
1477 6100
1477 6552
1478 1482
1479 1482
1479 2243
1480 1513
1481 3607
1481 3612
1481 6552
1481 6553
1482 1483
1483 2249
1484 1485
1484 1486
1484 1487
1484 2762
1485 1487
1485 1488
1486 2762
1487 7037
1487 7042
1488 7042
1488 7047
1489 6844
1491 5090
1492 2542
1494 5185
1495 2550
1496 1497
1496 1498
1496 1499
1497 1530
1497 1533
1498 1527
1498 1573
1499 1500
1499 1501
1499 1573
1500 1503
1500 1504
1500 7022
1501 1533
1501 6485
1501 7022
1502 5124
1503 1505
1503 1506
1503 1507
1504 1507
1504 1573
1504 1574
1505 1508
1505 1509
1505 1510
1506 1509
1506 6489
1506 7022
1507 1510
1507 1575
1508 1511
1508 1512
1508 1514
1509 1512
1509 6487
1510 1514
1511 1515
1511 1516
1511 1517
1512 1516
1512 6488
1514 1517
1514 1576
1515 1518
1515 1519
1515 1520
1516 1518
1516 7025
1517 1519
1517 1576
1518 2085
1518 2989
1519 1577
1519 2988
1520 2085
1520 2988
1521 1522
1521 1523
1521 1525
1522 1529
1522 1565
1523 1526
1523 6230
1523 6232
1524 1535
1524 1546
1525 1526
1525 1527
1526 1528
1526 6231
1527 1528
1528 6261
1528 6498
1529 1530
1529 1531
1530 1532
1531 1532
1531 1592
1531 2082
1532 1533
1532 2083
1533 2084
1534 1536
1534 1537
1534 1538
1535 4813
1536 1540
1536 1572
1537 1539
1537 6491
1538 1539
1538 1540
1538 1541
1539 1543
1539 2088
1540 1542
1540 1571
1541 1542
1541 1543
1541 1544
1542 1547
1542 1570
1543 1545
1543 2087
1544 1545
1544 1547
1544 1548
1545 1548
1546 1558
1546 3791
1546 5445
1547 1549
1547 1568
1548 1549
1548 1550
1549 1551
1549 1567
1550 1551
1551 1566
1552 1553
1552 1554
1552 1555
1552 1556
1552 1560
1553 1587
1553 6133
1554 1589
1555 1556
1555 1559
1556 5594
1556 6133
1556 6570
1559 1560
1559 1561
1559 5594
1560 1563
1560 1589
1561 1562
1561 1563
1562 5590
1562 5594
1563 1564
1563 1590
1565 1592
1565 6232
1566 1567
1566 3010
1566 3011
1567 1568
1567 4118
1568 1570
1568 4116
1569 3879
1569 4813
1570 1571
1570 4117
1571 6415
1572 2606
1572 2607
1573 6261
1574 1575
1574 6260
1574 6261
1575 1576
1575 6571
1576 6572
1577 2986
1578 1579
1578 1581
1578 1582
1578 1583
1578 4936
1579 1583
1579 1586
1579 5681
1580 1591
1580 1602
1581 1814
1581 4937
1581 4938
1582 1810
1582 1811
1582 1814
1583 1584
1583 1585
1584 4934
1584 4936
1584 6567
1585 1586
1585 1587
1585 6567
1586 5682
1587 1588
1588 6133
1588 6567
1588 6569
1589 1590
1589 2078
1590 2080
1591 5201
1592 2081
1593 1594
1593 1595
1593 1596
1593 6360
1594 1597
1594 1598
1594 1599
1595 6359
1595 6471
1595 6693
1596 1598
1596 6275
1597 1600
1598 3803
1599 4073
1599 5731
1599 6360
1600 1603
1600 2715
1600 4073
1601 1604
1601 1605
1602 5757
1603 2717
1604 1605
1604 1606
1604 1607
1605 1609
1606 1608
1606 4797
1607 1608
1607 1609
1607 1610
1608 1612
1608 6012
1609 1614
1610 1611
1610 1612
1610 1614
1611 1615
1611 1616
1611 1617
1612 1617
1612 6011
1613 3335
1613 6490
1614 1616
1614 2728
1615 1618
1615 1619
1615 1620
1616 1618
1616 2731
1617 1619
1617 6014
1618 1621
1618 2736
1620 1621
1620 1622
1621 1623
1621 2738
1622 1623
1622 1625
1623 1626
1623 2741
1625 1626
1625 1627
1626 1627
1626 2744
1627 2748
1627 3942
1628 1630
1628 1631
1628 1632
1629 1630
1629 6015
1629 7355
1630 1633
1630 6017
1631 6351
1631 6352
1632 1633
1633 6018
1634 1636
1634 1637
1634 1638
1635 1646
1636 1638
1636 4075
1636 4081
1637 2215
1637 2692
1637 4081
1639 1640
1639 1641
1639 6854
1640 5071
1640 6350
1641 6350
1642 1643
1642 2202
1642 2203
1642 2204
1642 2230
1643 1644
1643 1645
1643 6136
1644 1647
1644 1648
1644 2231
1645 2204
1645 2205
1647 1649
1647 1650
1647 6042
1648 6042
1648 6134
1648 6136
1649 1651
1649 1652
1649 2209
1650 2206
1650 2207
1650 2209
1651 5464
1651 6042
1651 6516
1652 1653
1652 1654
1652 5465
1653 1656
1653 5464
1654 1655
1654 1656
1654 1658
1655 1659
1655 5465
1656 1661
1657 1802
1658 1659
1658 1660
1659 1663
1659 2285
1660 1661
1660 1662
1661 1665
1662 1663
1662 1664
1663 1667
1663 6192
1664 1665
1664 1666
1666 1667
1667 5863
1668 1779
1668 1890
1668 4412
1669 1680
1669 1691
1670 1671
1670 4995
1672 1673
1673 5492
1674 1675
1674 1676
1674 2860
1675 2858
1675 2937
1675 2938
1676 2855
1676 2858
1677 1679
1678 1679
1678 1681
1678 1682
1680 1691
1680 1702
1680 2380
1681 1683
1681 1684
1682 2012
1682 2052
1683 1686
1683 2052
1683 3538
1684 1685
1684 1686
1685 6578
1686 3540
1687 1688
1687 1689
1687 5896
1687 6850
1688 1690
1688 6525
1689 6899
1690 1692
1690 1693
1691 1724
1691 3591
1692 1694
1692 1695
1693 6848
1694 1696
1694 1697
1694 5472
1695 1697
1695 5498
1695 6525
1696 1698
1696 1699
1696 5499
1697 5497
1697 5499
1698 1700
1698 1701
1698 1703
1699 5472
1699 5481
1700 3471
1700 5499
1700 6808
1701 1703
1701 3471
1702 1713
1702 1724
1703 5481
1704 3471
1705 5486
1705 5487
1706 1707
1706 5487
1707 1708
1707 1709
1707 1710
1708 3528
1708 5487
1708 6789
1709 5431
1710 6789
1711 1715
1711 2515
1712 3889
1712 3892
1713 1735
1713 3602
1714 4125
1715 2516
1716 1717
1716 1718
1716 1785
1717 1719
1717 1720
1718 1786
1718 4804
1719 1721
1719 3363
1720 1722
1720 1787
1720 3872
1721 1722
1721 1723
1722 3361
1722 3873
1723 1725
1723 1726
1723 3361
1724 3569
1724 3602
1725 1727
1725 3362
1726 3255
1726 3362
1726 3363
1727 1728
1727 1729
1728 1731
1728 3361
1728 6543
1729 1730
1729 1731
1729 1732
1730 3362
1730 4805
1730 4807
1731 1733
1731 6313
1732 1733
1732 4807
1733 6311
1733 6314
1734 1736
1734 6105
1735 1746
1735 1757
1736 2393
1736 2394
1737 2394
1737 7364
1738 1739
1738 2394
1738 5952
1738 7362
1739 5954
1739 6462
1739 7360
1740 1741
1740 1742
1740 6462
1740 7360
1741 1743
1741 4800
1741 4801
1742 1743
1742 1744
1742 1745
1742 5538
1743 3216
1743 4267
1744 1747
1744 4263
1744 5538
1745 1747
1745 1748
1745 4267
1746 1768
1746 2968
1746 3602
1747 4263
1747 4266
1748 1749
1748 1750
1748 4266
1749 1751
1749 4267
1750 1751
1750 1752
1750 5376
1751 1753
1751 3222
1752 1753
1752 1754
1752 1755
1753 1758
1753 3228
1754 1756
1754 5376
1754 6670
1755 1756
1755 1758
1755 1759
1756 1760
1756 4579
1757 1768
1757 1780
1757 1791
1758 4583
1758 4623
1759 1760
1759 1761
1759 6689
1760 4622
1761 1762
1761 1763
1762 1764
1762 3236
1762 6689
1763 1764
1763 1765
1763 6682
1764 1767
1764 4803
1765 1766
1765 1767
1766 1769
1766 1770
1767 1772
1767 3242
1768 1791
1768 2946
1768 3235
1769 1771
1769 1772
1770 1774
1770 3862
1770 6681
1770 6682
1771 1773
1771 1774
1772 1776
1772 4720
1773 1775
1773 1776
1774 3863
1774 4493
1775 1777
1775 1778
1775 4495
1776 4495
1776 4498
1777 1781
1777 1782
1777 3198
1778 3198
1778 4492
1778 4493
1779 1890
1779 2001
1779 2112
1780 3257
1781 1783
1781 1784
1781 1785
1782 1783
1782 3180
1782 4495
1783 1786
1783 3177
1784 1787
1784 3195
1784 3198
1784 3199
1785 1786
1785 1787
1786 3181
1787 3196
1788 1789
1788 1790
1788 1792
1788 2801
1788 6822
1789 2801
1789 2804
1789 2807
1790 2807
1790 2910
1791 3246
1792 1793
1793 6282
1793 6377
1793 6855
1794 4912
1794 6284
1794 6633
1795 4912
1795 4914
1795 4915
1796 6633
1797 1798
1797 1799
1797 4920
1798 1800
1798 6439
1799 3547
1799 3549
1800 5616
1800 5617
1801 1803
1801 1804
1801 1805
1801 5616
1802 3813
1803 5616
1803 6635
1804 1806
1804 1807
1805 1806
1805 4930
1805 6635
1806 1809
1806 4932
1807 1808
1807 1809
1808 1810
1808 1811
1809 1810
1809 4933
1810 4936
1811 1812
1812 1814
1812 1815
1813 1824
1813 1835
1814 1815
1815 4938
1816 1819
1816 3955
1817 3954
1817 3955
1818 5753
1819 2623
1820 7190
1821 1822
1821 1823
1822 1823
1824 1857
1824 1879
1825 1826
1825 1827
1825 4394
1826 2325
1826 6425
1827 6425
1828 1829
1828 1830
1828 1831
1829 1832
1829 1833
1829 1834
1830 1833
1830 2216
1831 1834
1831 4997
1832 1836
1832 1837
1833 1836
1833 2215
1834 1837
1834 4997
1835 1868
1835 7098
1836 2217
1837 4998
1838 1839
1838 1840
1838 1841
1839 4616
1839 4617
1840 2266
1840 2268
1841 1842
1841 1843
1842 1847
1842 2268
1843 1844
1843 1845
1843 1847
1844 1852
1844 2434
1844 4616
1845 1848
1845 2271
1846 4090
1846 5624
1847 2271
1848 1849
1848 1850
1849 1851
1849 1852
1850 2271
1851 1853
1851 1854
1851 1855
1852 1855
1852 2436
1853 1856
1853 1858
1854 1858
1855 3408
1855 6481
1856 1859
1856 1860
1858 1860
1859 1861
1859 1862
1859 1863
1860 1862
1861 1864
1861 1865
1861 1866
1862 1865
1862 2272
1863 5743
1863 6544
1864 1867
1864 1869
1865 1869
1866 5743
1867 1870
1867 1871
1868 7108
1868 7109
1869 1871
1870 1872
1871 1872
1873 1874
1873 5205
1874 1875
1874 3645
1875 3643
1875 5207
1876 1877
1876 1878
1876 6438
1876 7218
1877 1880
1877 1881
1877 1882
1878 1880
1878 3841
1879 3290
1880 3843
1881 5271
1881 6438
1882 1883
1882 1884
1883 5266
1884 5270
1884 6451
1885 1886
1885 1887
1885 1888
1885 1889
1885 6393
1886 1889
1886 1893
1886 6600
1887 6149
1887 6151
1888 6195
1888 6600
1889 1892
1890 3791
1890 5334
1890 5445
1891 1902
1891 7390
1892 1893
1892 1894
1893 1895
1893 6597
1894 1895
1894 1896
1895 1897
1895 3996
1896 1897
1896 1898
1897 5106
1897 5219
1898 1899
1898 1900
1898 5106
1899 1901
1899 1903
1900 1912
1900 1914
1900 1915
1901 5105
1901 5106
1901 6450
1902 1913
1903 1904
1903 6450
1904 1905
1905 5411
1905 6450
1906 5064
1906 5413
1907 1909
1908 3308
1908 3309
1909 3012
1910 1911
1910 1912
1913 4423
1913 7390
1914 4564
1914 4566
1915 1916
1915 1917
1916 1918
1916 4562
1918 1919
1919 4563
1919 4565
1920 5643
1920 5644
1921 3738
1921 6877
1922 1923
1922 1925
1922 1926
1923 3416
1923 3806
1924 3979
1924 3990
1924 4002
1925 1929
1925 3763
1926 1927
1926 1928
1927 1929
1927 1930
1927 1931
1928 1931
1928 3806
1929 2377
1929 3764
1930 1932
1930 1933
1930 2377
1931 1933
1931 3419
1932 1934
1932 1936
1932 2376
1933 2374
1933 2376
1934 1937
1934 1938
1934 3765
1935 1946
1935 3990
1936 2377
1936 2379
1936 3765
1937 1939
1937 1940
1937 3809
1938 2376
1938 3808
1938 3809
1939 1941
1939 1942
1939 1943
1940 1941
1940 3765
1940 3766
1941 3767
1941 3769
1942 1944
1942 1945
1942 3769
1943 3422
1943 3809
1943 3810
1944 1948
1944 3810
1945 1947
1945 1948
1945 1949
1946 7097
1946 7098
1947 1950
1947 3769
1947 3770
1948 3811
1949 1950
1949 1951
1949 1952
1950 1953
1950 3771
1951 3811
1951 3815
1951 3816
1952 1953
1952 1954
1952 1955
1953 1959
1953 3772
1954 1956
1954 3816
1955 1956
1955 1958
1955 1959
1956 1960
1956 3817
1957 3668
1957 4924
1958 1960
1958 1961
1958 3773
1959 3773
1959 3774
1960 3818
1961 1962
1961 1963
1961 3819
1962 3773
1962 3775
1962 3776
1963 1964
1963 1965
1963 3776
1964 1966
1964 1967
1964 3821
1965 3819
1965 3821
1965 3822
1966 3776
1966 3777
1966 3778
1967 1969
1967 1970
1967 3778
1968 1979
1968 1990
1968 3413
1969 1973
1969 3821
1969 4693
1970 1971
1970 1972
1970 1973
1971 1974
1971 1975
1971 3147
1972 1974
1972 3778
1972 7159
1973 3147
1973 3434
1974 1978
1974 3149
1975 1976
1975 1977
1975 1978
1975 3823
1976 3147
1976 3148
1976 3440
1976 3823
1977 1980
1977 1981
1977 7170
1978 7163
1978 7164
1978 7170
1979 5279
1980 1984
1980 3825
1981 3440
1981 3823
1982 1983
1982 1984
1982 1985
1982 7173
1983 1986
1983 7079
1984 3825
1985 1986
1985 3368
1985 3372
1986 3826
1986 3827
1987 1988
1987 1989
1987 1991
1988 1991
1988 1992
1989 5204
1989 5856
1989 7309
1990 2002
1990 2013
1990 5279
1991 5437
1992 1993
1992 1994
1993 5854
1993 7312
1994 4367
1994 5437
1994 5854
1995 1996
1995 1997
1995 2038
1995 2823
1995 5689
1995 5744
1996 1997
1996 2823
1997 1998
1997 1999
1997 6641
1998 4687
1998 6549
1999 2000
1999 2039
1999 4687
2000 2003
2000 2004
2000 2040
2001 2112
2001 2224
2002 2024
2002 3413
2002 7191
2003 2005
2003 2040
2003 2041
2003 2836
2004 2829
2004 2831
2004 4687
2005 2006
2006 2836
2007 2008
2007 2044
2007 2045
2008 2009
2008 2045
2008 6637
2009 2010
2009 2048
2010 6528
2011 2012
2011 2050
2012 2051
2013 2024
2013 2035
2013 2046
2014 2015
2014 2016
2014 5469
2015 2017
2015 2053
2015 3664
2016 3651
2016 3664
2017 2018
2017 2019
2017 2054
2018 2020
2018 3652
2018 3664
2019 2020
2019 2055
2021 2022
2021 5834
2022 2023
2022 2025
2022 2056
2023 5834
2023 5836
2023 6893
2024 2057
2024 3424
2025 2026
2025 2058
2025 6893
2026 2027
2026 2028
2026 2029
2027 5837
2027 6020
2027 6893
2028 2029
2028 2031
2028 5837
2029 2030
2029 2059
2030 2031
2030 2032
2030 2060
2031 2033
2031 5838
2032 2033
2032 2034
2032 2060
2033 2036
2033 5840
2034 2036
2034 2037
2034 2061
2034 2062
2034 6632
2035 4323
2035 4346
2035 5279
2036 2511
2036 5842
2036 6632
2037 3411
2037 6632
2037 7238
2038 2819
2038 2822
2038 2823
2038 2825
2039 6641
2039 6642
2040 3200
2041 3200
2041 5756
2041 5759
2042 2043
2042 6310
2042 6643
2043 2044
2043 6643
2044 2047
2044 6044
2045 2047
2046 2057
2046 2068
2046 4323
2047 6408
2047 6637
2048 6527
2048 6528
2048 6637
2049 2050
2049 3541
2049 6528
2050 3538
2050 3539
2051 2052
2051 3538
2053 2054
2053 5469
2053 5827
2054 2055
2054 5828
2055 5706
2055 5707
2056 2058
2057 3435
2057 3469
2058 2059
2059 2060
2062 3412
2063 2066
2063 2067
2064 3629
2064 6519
2065 2071
2066 2069
2066 2070
2066 2071
2067 2070
2067 3629
2067 3631
2068 2079
2068 2090
2068 3469
2069 2072
2069 2073
2069 2074
2070 2073
2071 2074
2071 2462
2072 2075
2072 2076
2073 4561
2074 2076
2074 2464
2075 2077
2075 6614
2076 2465
2076 6820
2077 3595
2077 5277
2077 6656
2077 6820
2078 5596
2078 6730
2079 2101
2079 2113
2079 5724
2080 5595
2080 5596
2081 2082
2081 6236
2082 2083
2082 6233
2083 2084
2083 6234
2084 6485
2084 6486
2085 2086
2086 2989
2086 2991
2087 2088
2088 2520
2089 2091
2089 2092
2089 4147
2090 4323
2090 4357
2090 5724
2091 2093
2091 6610
2092 4145
2092 5049
2092 6628
2093 6627
2093 6877
2094 2095
2094 2096
2094 2097
2095 2098
2095 2551
2097 2098
2097 2552
2098 2547
2099 4974
2099 6216
2099 7280
2100 2103
2100 2104
2100 2105
2100 4965
2101 2124
2101 2135
2101 2524
2102 6216
2102 6285
2103 6218
2103 6285
2104 4832
2104 6218
2104 6253
2105 4963
2105 4964
2106 2110
2106 7114
2107 7059
2107 7063
2107 7065
2107 7066
2108 2109
2108 7196
2109 7051
2109 7059
2109 7060
2110 2420
2110 7114
2111 2114
2111 2115
2111 2116
2112 4412
2113 3469
2113 3480
2114 2117
2114 2118
2114 4160
2115 4154
2115 4156
2116 2118
2116 4339
2117 2119
2117 2120
2117 4341
2118 4340
2118 4341
2119 2121
2119 2122
2119 4164
2120 4159
2120 4160
2120 4164
2121 2123
2121 2125
2121 4343
2122 4341
2122 4342
2122 4343
2123 2127
2123 4163
2123 4164
2124 2146
2124 2535
2125 2126
2125 2127
2125 2129
2126 2127
2126 2128
2126 2129
2127 2130
2127 4166
2128 2130
2128 2131
2128 2132
2129 2131
2129 4343
2129 4344
2130 2133
2130 4169
2131 2134
2131 4345
2132 2133
2132 2134
2133 4171
2134 4347
2135 2546
2135 5724
2135 5735
2136 2137
2136 2138
2136 2139
2137 2140
2137 2141
2137 2142
2138 2142
2138 4174
2139 2140
2139 4348
2140 2144
2140 4349
2141 2143
2141 2144
2141 2145
2142 2143
2142 4176
2143 2147
2143 4178
2144 2148
2144 4350
2145 2147
2145 2148
2145 2149
2146 2524
2147 2152
2147 4181
2148 2151
2148 4351
2149 2150
2149 2151
2149 2152
2150 2153
2150 2154
2150 2155
2151 2155
2151 4352
2152 2153
2152 4183
2153 2156
2153 4185
2154 2156
2154 2158
2154 2159
2155 2158
2155 4353
2156 2160
2157 2168
2157 2179
2157 2190
2157 6668
2158 2161
2158 4354
2159 2160
2159 2161
2159 2162
2160 2163
2160 4187
2162 2163
2162 2164
2163 7198
2165 2166
2165 2167
2165 2169
2165 2170
2165 4220
2166 2167
2167 2482
2168 2201
2168 2212
2168 2225
2169 4220
2169 4225
2170 2171
2170 2172
2170 2482
2170 4225
2171 2172
2171 2173
2171 2174
2172 4827
2172 4828
2173 2175
2173 4828
2174 4225
2174 4226
2175 2176
2175 2177
2176 2177
2178 4828
2179 2225
2179 3068
2179 3201
2180 2181
2180 2182
2180 7280
2181 4774
2181 4881
2181 4882
2182 2183
2182 2185
2182 2219
2183 2184
2183 2186
2183 4774
2184 2185
2186 4188
2186 4189
2187 2188
2187 4192
2188 2189
2188 2220
2188 4192
2189 2191
2189 2192
2189 2220
2189 2221
2189 5500
2190 2212
2190 3212
2190 6445
2191 4191
2191 4192
2191 6743
2192 2194
2193 2194
2193 2195
2193 2222
2193 6744
2194 2221
2194 2222
2194 6743
2194 6744
2195 2196
2195 2197
2195 2227
2196 2197
2196 2198
2197 2198
2197 2199
2197 2228
2198 2200
2198 6511
2199 2200
2199 2202
2199 2229
2200 6513
2200 6514
2201 2236
2201 2247
2201 2258
2202 2229
2203 6514
2204 2230
2205 2231
2205 2233
2205 6205
2206 2207
2206 2208
2206 2232
2207 2231
2208 2234
2210 2211
2210 2213
2210 2214
2210 2238
2211 2238
2211 5466
2212 2247
2212 5558
2213 5860
2214 2238
2215 2216
2215 2217
2215 2239
2217 2239
2218 7282
2219 4974
2219 7280
2220 2523
2220 2525
2221 5500
2222 2226
2222 2227
2223 4445
2223 5556
2224 3802
2225 2258
2225 5569
2226 5500
2226 5502
2226 5503
2227 2228
2227 5503
2228 5425
2228 5426
2229 2230
2229 5425
2230 4417
2230 6082
2230 6205
2231 2232
2231 2233
2232 2233
2233 2234
2233 6083
2234 4084
2234 4650
2235 4084
2236 2269
2236 2280
2237 4085
2239 2692
2240 2242
2240 2243
2240 2244
2241 2243
2242 2245
2242 2246
2243 2246
2244 2250
2244 3614
2245 2248
2245 2249
2245 2250
2246 2249
2247 2280
2247 4268
2248 2251
2250 3615
2250 3933
2251 3938
2252 2253
2252 2254
2253 2255
2253 5998
2254 3932
2256 2257
2256 2259
2257 2260
2257 2689
2257 6152
2258 2779
2258 4735
2259 2260
2259 2261
2260 2262
2260 3341
2261 2262
2261 2263
2262 2264
2262 3340
2263 2264
2263 2265
2264 2266
2264 3694
2265 2266
2265 2267
2266 4617
2267 2268
2268 2270
2269 2291
2269 2302
2269 2313
2270 7103
2272 3956
2272 3958
2273 2274
2274 2275
2275 2276
2276 2277
2277 2278
2278 2279
2278 2281
2278 2282
2279 4365
2279 4369
2280 2291
2280 4224
2281 4363
2281 4364
2281 4383
2282 4364
2282 4365
2282 5439
2283 2284
2283 3306
2284 3015
2285 2286
2285 2287
2287 6192
2288 2289
2288 2290
2288 6690
2289 2292
2289 4475
2289 5031
2290 2292
2291 4257
2292 4477
2293 2294
2293 2295
2293 2296
2293 4064
2294 2298
2294 4066
2294 4067
2295 2297
2295 2298
2295 2299
2296 2299
2296 4063
2296 6349
2297 2300
2297 2301
2297 2303
2298 2301
2298 6432
2299 2303
2299 6336
2300 2304
2300 2305
2300 2306
2301 2305
2301 4785
2302 2324
2302 4735
2303 2306
2303 4782
2304 2307
2304 2308
2304 2309
2305 2308
2305 4786
2306 2309
2306 4784
2307 2310
2308 2310
2308 6548
2310 5807
2310 5811
2311 2312
2311 2314
2311 2315
2311 7382
2312 2315
2312 5392
2312 5396
2313 2324
2313 2336
2313 5868
2314 2316
2314 2317
2314 5392
2315 5745
2315 5747
2316 2318
2316 7381
2316 7382
2317 2318
2317 2319
2317 5393
2318 2320
2318 6424
2319 2320
2319 2321
2320 6425
2321 2322
2321 2323
2321 6425
2322 4396
2322 5393
2322 5395
2323 2325
2323 2326
2323 4396
2324 2557
2325 2328
2325 4394
2326 2327
2326 2328
2326 4395
2327 2329
2327 2330
2327 2331
2328 4393
2329 2333
2329 4395
2329 4398
2330 4393
2330 4541
2331 2332
2331 2333
2331 2334
2332 2338
2332 4541
2333 2337
2333 4543
2334 2337
2334 2338
2334 2339
2335 2446
2335 2557
2335 4746
2335 4780
2336 5879
2337 4545
2337 5748
2338 4542
2338 5986
2339 5748
2339 5986
2340 2341
2340 2342
2341 2343
2341 5750
2342 2343
2342 2344
2342 2345
2343 2346
2343 5751
2344 5017
2345 2346
2345 2348
2345 2349
2345 5017
2346 2350
2346 5752
2347 2513
2347 3380
2347 3646
2347 7146
2348 5017
2349 2350
2351 6724
2351 6768
2351 7125
2352 2353
2352 2354
2352 2355
2353 2356
2353 6559
2354 5236
2354 6559
2355 3877
2355 5239
2356 2387
2356 5951
2357 2359
2357 4799
2357 7361
2357 7363
2358 2369
2358 3646
2359 2360
2359 2361
2359 2362
2360 2363
2360 3210
2360 7363
2361 3206
2361 3207
2361 4799
2362 2363
2362 2364
2362 3206
2363 2365
2363 3208
2364 2365
2364 2366
2364 2367
2365 3265
2366 2368
2366 3206
2366 3264
2367 2368
2367 2370
2367 3265
2368 5359
2368 5360
2369 3035
2369 3057
2369 6556
2370 2371
2370 2372
2370 5360
2371 3265
2371 5361
2372 2373
2372 2374
2372 6986
2373 3417
2373 3419
2373 5360
2374 2375
2374 3419
2375 2376
2375 3808
2377 2378
2378 2379
2378 2381
2378 3764
2379 2382
2379 5955
2381 2382
2381 2383
2381 2384
2382 5956
2382 5958
2383 2385
2383 3764
2383 6517
2384 2385
2384 5956
2384 6780
2385 6518
2385 6757
2386 5956
2386 6780
2386 7123
2386 7127
2387 2389
2387 6559
2387 6560
2388 2389
2388 2390
2388 2392
2389 6561
2389 6650
2390 2393
2390 2394
2390 5952
2390 6561
2391 2424
2391 2435
2391 2447
2392 5951
2392 5952
2392 5953
2393 6104
2393 6561
2395 2396
2395 2397
2395 2398
2395 2399
2397 3648
2397 3650
2398 2433
2398 3762
2399 2430
2399 2432
2399 3648
2400 2401
2400 2405
2401 2403
2401 2405
2402 2435
2403 2404
2404 5075
2404 5076
2405 2406
2406 4149
2406 5047
2407 2408
2407 7104
2410 2411
2410 2415
2410 2422
2411 2412
2411 2414
2412 2416
2412 7245
2413 2447
2414 2415
2414 2416
2414 2417
2415 2419
2415 2611
2416 2420
2417 2418
2417 2419
2418 2420
2418 2421
2418 7061
2419 2615
2422 2611
2422 2612
2423 2425
2423 2426
2423 5187
2424 2458
2424 2469
2424 2480
2425 3732
2425 6521
2426 2427
2426 3732
2427 2428
2427 2429
2428 2431
2428 3727
2428 3732
2429 2430
2429 2431
2429 2432
2430 2433
2431 3730
2432 3647
2434 2436
2434 2437
2435 2480
2436 6480
2437 3176
2437 4639
2437 6480
2438 2441
2438 2442
2438 2443
2438 7384
2439 2442
2439 3589
2439 7384
2439 7392
2440 2443
2440 6502
2440 7384
2440 7386
2441 2444
2441 2445
2441 2448
2442 2445
2442 3590
2443 2448
2444 2449
2444 2450
2444 2451
2445 2450
2445 3592
2447 2469
2447 3613
2448 2451
2449 2452
2449 2453
2450 2453
2450 3593
2452 2454
2452 2455
2452 2456
2453 2456
2453 3594
2454 2457
2454 2459
2455 2459
2457 2460
2457 2461
2457 2462
2458 2491
2458 2502
2458 2513
2459 2461
2460 2463
2460 2464
2461 2466
2462 2464
2463 2465
2463 2466
2464 2465
2465 2526
2467 2468
2467 2470
2468 7267
2469 2491
2469 3624
2470 6061
2470 6154
2471 2472
2471 2473
2472 4664
2472 4665
2473 2474
2473 2475
2473 4664
2474 4666
2474 5529
2474 6775
2475 2476
2475 2477
2475 5527
2476 4249
2476 5528
2476 5529
2477 2478
2477 2479
2478 2481
2478 5527
2479 2481
2479 4247
2480 5212
2480 5657
2481 4245
2481 4641
2482 4827
2483 4674
2484 2485
2485 2487
2485 3899
2485 4673
2486 4995
2486 5482
2487 3900
2487 4992
2488 4255
2488 7315
2488 7316
2488 7318
2489 4255
2489 4573
2489 4576
2489 6524
2489 7315
2490 2492
2490 7087
2492 2495
2492 3637
2492 4686
2493 2494
2493 2495
2493 2496
2494 2496
2494 3844
2495 2497
2495 2530
2496 2497
2497 2529
2497 5275
2498 2499
2498 2500
2498 2501
2498 2896
2499 2893
2499 2895
2501 2895
2501 2897
2501 2958
2502 2513
2502 5657
2503 2507
2504 3409
2505 2506
2505 2507
2505 3409
2506 2508
2506 2509
2506 2510
2507 2510
2507 3672
2508 2511
2508 3409
2508 3410
2509 2511
2509 2512
2509 2514
2510 2514
2510 5843
2511 3411
2512 2514
2512 3412
2514 5844
2515 2516
2517 2518
2517 2519
2517 2520
2518 5995
2518 5996
2518 5997
2519 2521
2519 2522
2520 6491
2521 2522
2521 5996
2523 2525
2523 4775
2525 6252
2525 6652
2526 6819
2526 6820
2527 2528
2527 2529
2527 2530
2528 2531
2528 2532
2528 2533
2529 2532
2530 2533
2530 4684
2531 2534
2531 2536
2531 2537
2532 2536
2532 7228
2533 2537
2533 3633
2534 2538
2534 2539
2535 2546
2535 2558
2536 2539
2536 5276
2537 2538
2537 5999
2538 3642
2540 2541
2541 2550
2542 2543
2542 2544
2544 2545
2545 2551
2546 2580
2548 2552
2549 2552
2553 2554
2553 2555
2553 6542
2554 3563
2554 6317
2555 2556
2555 2559
2556 3133
2556 3134
2556 6542
2557 5879
2558 2569
2558 2580
2558 2591
2559 2560
2559 2561
2559 3133
2560 2562
2560 3136
2561 2562
2561 2563
2561 2564
2562 2565
2562 6319
2563 3133
2563 3398
2563 4867
2564 2565
2564 2566
2564 4867
2565 4869
2565 4871
2566 2567
2566 2568
2566 4869
2567 2570
2567 2571
2568 2570
2568 3405
2568 4867
2569 2602
2570 3407
2570 6544
2571 5859
2572 2573
2572 2574
2573 2574
2573 2575
2573 2576
2574 2579
2575 2577
2575 5012
2576 2577
2576 2578
2576 2579
2577 5015
2577 5292
2578 2581
2578 2582
2578 5292
2579 5453
2579 5454
2580 2613
2580 5735
2581 2582
2581 4991
2581 5292
2582 5454
2582 5455
2583 2584
2583 4987
2584 2585
2584 2586
2585 2587
2585 4988
2585 5458
2586 2587
2586 2588
2587 5456
2588 2589
2588 6291
2591 2602
2591 2613
2591 2624
2592 2594
2592 2595
2592 6565
2593 2595
2594 5287
2594 7176
2594 7177
2595 5285
2595 5287
2596 2598
2596 5286
2596 5287
2596 7177
2597 2598
2597 2599
2597 2600
2597 7177
2598 2603
2598 5007
2599 2601
2599 2603
2599 2604
2600 2604
2601 2605
2601 2606
2601 2607
2602 2635
2602 4124
2603 2605
2603 5288
2604 2606
2604 6415
2607 2608
2608 4649
2609 2610
2609 5184
2610 2612
2610 4129
2611 2614
2611 2615
2612 2614
2612 4131
2613 2646
2613 6224
2614 2616
2614 5787
2615 2616
2615 2618
2616 6210
2616 7243
2617 7242
2617 7243
2618 7243
2619 2620
2620 7070
2620 7095
2621 5976
2621 6968
2621 6979
2621 7057
2622 2623
2623 5753
2624 2635
2624 2646
2624 2657
2626 2627
2626 2628
2627 2629
2627 2630
2627 2631
2628 2630
2628 5845
2629 2632
2629 5903
2630 2632
2630 5847
2631 5903
2632 5848
2632 5849
2633 2636
2633 2637
2633 5386
2634 5385
2634 5386
2635 2669
2635 4124
2636 2638
2636 2639
2637 5963
2637 5964
2637 5965
2638 5964
2638 6714
2638 6927
2639 4295
2639 5386
2639 6714
2640 2641
2640 2642
2640 2643
2640 2644
2641 2643
2641 2645
2641 2647
2642 5100
2642 5102
2642 6919
2643 2649
2643 5102
2643 6069
2644 2647
2644 4298
2644 5100
2645 2648
2645 2649
2645 2650
2646 2680
2646 6179
2647 2650
2647 4303
2648 2651
2648 2652
2648 2653
2649 2652
2649 3097
2650 2653
2650 3094
2651 2654
2651 2655
2651 2656
2652 2655
2652 3095
2653 2656
2653 3089
2654 2658
2654 2659
2655 2662
2655 3098
2656 2658
2656 3093
2657 2669
2657 2680
2657 2691
2658 2661
2658 4305
2659 2660
2659 2661
2659 2662
2660 2663
2660 2664
2660 2665
2661 2664
2661 4310
2662 2665
2662 5022
2663 2666
2663 2667
2663 2670
2664 2670
2664 4313
2665 2666
2665 6065
2666 2672
2666 6558
2667 2671
2667 2672
2667 2673
2668 2779
2668 2890
2668 4735
2669 2702
2669 4135
2670 2673
2670 4315
2671 2674
2671 2675
2671 2676
2672 2676
2672 4859
2673 2675
2673 4318
2674 2677
2674 2678
2675 4855
2676 4856
2677 2679
2677 3328
2677 4856
2678 2679
2678 2681
2678 2682
2679 3331
2679 5853
2680 2713
2680 6190
2681 2683
2681 4328
2681 4855
2682 2683
2682 2684
2682 5853
2683 2686
2683 5389
2684 2685
2684 2686
2684 2687
2685 3339
2685 5853
2685 6152
2686 2688
2686 4333
2687 2688
2687 2689
2687 6152
2688 2690
2688 5391
2689 2690
2691 2702
2691 2713
2691 2724
2692 4083
2693 2694
2693 2695
2693 2696
2694 2697
2694 5726
2694 5727
2695 2697
2695 2698
2695 2699
2696 5726
2696 5738
2696 7312
2697 5728
2697 5729
2698 2700
2698 2701
2698 5728
2699 2701
2699 5877
2699 6358
2699 7312
2700 2703
2700 2704
2700 3496
2701 3496
2701 6356
2701 6358
2702 2735
2702 4146
2703 2705
2703 5728
2703 5730
2704 2705
2704 2706
2704 2707
2705 2710
2705 5731
2706 2708
2706 2709
2707 2708
2707 3496
2708 3497
2708 3498
2709 2710
2709 2711
2709 2712
2710 2715
2710 4073
2711 2714
2711 3498
2712 2714
2712 2715
2712 2716
2713 6290
2714 4071
2715 2717
2716 2717
2716 2718
2716 2719
2717 5732
2718 2720
2718 2721
2719 2721
2719 4071
2719 4072
2720 2722
2720 2723
2721 2723
2721 5900
2722 2725
2722 2726
2723 2726
2723 4793
2724 2735
2724 2746
2725 2727
2725 2728
2725 2729
2726 2729
2726 5881
2727 2730
2727 2731
2727 2732
2728 2731
2728 5732
2729 2732
2729 5892
2730 2733
2730 2734
2730 2736
2731 2736
2732 2733
2732 5797
2733 2739
2734 2737
2734 2738
2734 2739
2735 2757
2735 4157
2736 2738
2737 2740
2737 2741
2737 2742
2738 2741
2739 2742
2739 5796
2740 2743
2740 2744
2740 2745
2741 2744
2742 2745
2742 6295
2743 2747
2743 2748
2743 2749
2744 2748
2745 2749
2745 6297
2746 2757
2746 2768
2746 2780
2747 2750
2748 2750
2750 3942
2750 5733
2751 2752
2751 6184
2752 2753
2752 6185
2752 6339
2753 2754
2753 6181
2753 6311
2753 7327
2754 6180
2754 6183
2755 2756
2755 2902
2756 5278
2756 6680
2757 2791
2757 4168
2758 2759
2758 2760
2758 2761
2759 7045
2759 7048
2760 2761
2761 2762
2762 7047
2763 2764
2763 2765
2763 2766
2763 2767
2764 2767
2764 2769
2764 4903
2765 2770
2766 2769
2766 2770
2766 2771
2767 4906
2768 2802
2769 2772
2769 4905
2770 2773
2771 2772
2771 2773
2771 2774
2772 2775
2772 5673
2773 2776
2773 3267
2774 2775
2774 2776
2774 2777
2775 2778
2775 5983
2776 2781
2776 3270
2777 2778
2777 2781
2777 2782
2778 2783
2778 5984
2779 2890
2779 5569
2780 2791
2780 2802
2780 2813
2781 2785
2781 3276
2782 2783
2782 2784
2782 2785
2783 2786
2783 5985
2784 2786
2784 2787
2784 2788
2785 2788
2785 5040
2785 5041
2786 2789
2787 2789
2787 2790
2787 2792
2788 2790
2793 2794
2794 5042
2794 5043
2794 5044
2795 2796
2795 2797
2796 2798
2796 2799
2797 2798
2798 2799
2800 5528
2801 2803
2801 4665
2802 5890
2802 6113
2803 4665
2803 7075
2804 2806
2804 4664
2805 2806
2805 2807
2805 2810
2805 2910
2806 4245
2806 5527
2808 2809
2808 2810
2808 2814
2808 4245
2809 2911
2809 2912
2809 7076
2810 7076
2811 2812
2811 2814
2811 2815
2811 2914
2812 4245
2812 4640
2812 4641
2813 2824
2813 6035
2813 6113
2814 2912
2815 2816
2815 2817
2815 4640
2816 2914
2816 2915
2816 2916
2817 2818
2817 2821
2817 2915
2818 4640
2818 5744
2818 6406
2819 2820
2819 2821
2819 5744
2820 2822
2820 2917
2820 2918
2821 2917
2822 2826
2822 2919
2824 6035
2825 2826
2825 2827
2825 6549
2826 2920
2826 2921
2827 2828
2827 2829
2827 2920
2828 4687
2828 6549
2829 2830
2829 2922
2830 2831
2830 2832
2830 2833
2831 2836
2832 2834
2832 2922
2832 5714
2833 2834
2833 2836
2834 2837
2834 2925
2835 2846
2835 4001
2835 7112
2838 2839
2838 2840
2838 2841
2839 2926
2841 2842
2841 2926
2841 7102
2842 6792
2843 2844
2843 2845
2843 7102
2844 2847
2844 2927
2844 2928
2845 2847
2845 2848
2846 2857
2846 2868
2846 7179
2847 2849
2847 2929
2848 2849
2848 2850
2849 2930
2849 2931
2850 2931
2851 2931
2851 2932
2851 2933
2852 2853
2852 2932
2853 2854
2853 2855
2854 2856
2854 2932
2854 2934
2855 2856
2856 2858
2856 6374
2857 3334
2857 4445
2858 2936
2859 2937
2859 2939
2860 2937
2861 2862
2861 2863
2862 2865
2862 2940
2863 2864
2863 2865
2863 2866
2865 2941
2866 2867
2867 2869
2867 2870
2868 6323
2868 6335
2869 2871
2869 2941
2869 2942
2871 2943
2872 2873
2872 2874
2872 2875
2873 2944
2873 2947
2873 2948
2874 2944
2875 2876
2875 2877
2875 2948
2876 6731
2877 2878
2877 2880
2877 6731
2878 2881
2878 2948
2878 2949
2879 6335
2879 7179
2880 2881
2880 2882
2880 2883
2881 2884
2881 2950
2882 6731
2882 6894
2882 6895
2883 2884
2883 2885
2883 6895
2884 2951
2884 2952
2885 2886
2885 2887
2885 2951
2886 6895
2886 6896
2886 6897
2887 2888
2887 2889
2887 6897
2888 2951
2888 2953
2888 2954
2889 2892
2889 2954
2890 7202
2890 7213
2891 2902
2891 2913
2891 2924
2892 6897
2893 2894
2894 2895
2894 2955
2895 2956
2896 2897
2896 2898
2897 2898
2897 2959
2898 2899
2898 2901
2898 2960
2900 2901
2900 2903
2901 2903
2902 2935
2902 6468
2903 2905
2903 2961
2905 2962
2906 2907
2907 2908
2907 2965
2908 2964
2908 2965
2909 7347
2910 4910
2910 7076
2911 4909
2911 4910
2911 5336
2912 2914
2913 6446
2913 6457
2913 6468
2914 5336
2915 2917
2915 6380
2916 5336
2916 5337
2916 6380
2918 2919
2918 6378
2918 6380
2919 6115
2920 2922
2920 5060
2921 5059
2921 5060
2922 2923
2923 5056
2923 5058
2923 5714
2924 6457
2924 6656
2924 6669
2925 5714
2925 6381
2926 2927
2926 6376
2927 7102
2928 2929
2928 6239
2928 6376
2929 2930
2929 6238
2930 4725
2930 4727
2931 4725
2932 6266
2933 4725
2933 4729
2933 6266
2934 6266
2934 6269
2934 6374
2935 2946
2935 2957
2936 2938
2936 6370
2936 6374
2938 6165
2938 6371
2939 6165
2940 6165
2940 6166
2941 6021
2942 2943
2942 6021
2942 6023
2943 2945
2943 6189
2945 2947
2945 6388
2946 2968
2946 3224
2947 6391
2947 6700
2948 6700
2949 2950
2949 6394
2949 6700
2950 2952
2950 4437
2951 6145
2952 4438
2952 6145
2953 5280
2953 6145
2953 6148
2954 5280
2955 2956
2955 6397
2956 2958
2956 6399
2957 2968
2957 3546
2957 6468
2958 2959
2958 4949
2959 2960
2959 4950
2960 2961
2960 6400
2961 2962
2961 6403
2962 2963
2962 6405
2963 2964
2963 6084
2964 5817
2964 6085
2965 2966
2965 7348
2966 7347
2967 2969
2967 2970
2967 7399
2968 3580
2969 2971
2969 2972
2969 2973
2970 2971
2970 5700
2970 7398
2972 2973
2972 6587
2972 6773
2973 6588
2974 2975
2974 2976
2974 2977
2975 2976
2975 2978
2976 2977
2976 4656
2977 4653
2977 4655
2978 6209
2979 3002
2980 6209
2981 2982
2981 2983
2981 4433
2983 2987
2983 4436
2984 2985
2984 2986
2984 2987
2985 2987
2985 4436
2985 6872
2986 2988
2989 5416
2989 7025
2990 3013
2991 2992
2991 2993
2992 2996
2992 6810
2993 5416
2993 6810
2994 2995
2994 2996
2995 2997
2995 5418
2995 5419
2996 5418
2998 2999
2999 3000
2999 3003
3000 3004
3000 5421
3001 3112
3001 3223
3001 3335
3002 5224
3002 6268
3003 3004
3003 3005
3004 3006
3004 5421
3005 3006
3005 3007
3006 3008
3006 5183
3007 3008
3008 3009
3008 5180
3009 5182
3010 3011
3011 4118
3011 4658
3012 3014
3013 3024
3013 3046
3014 3015
3016 3017
3016 3018
3016 3019
3017 3018
3017 3020
3017 3021
3018 3019
3018 4087
3019 4085
3019 4086
3020 3021
3020 4087
3020 4089
3021 4091
3021 4094
3022 6694
3023 7373
3024 3035
3024 3046
3025 3026
3025 3027
3025 3028
3026 3550
3026 3551
3027 3029
3027 5092
3028 3029
3028 3030
3028 3550
3029 5094
3029 5098
3030 3031
3030 3032
3030 5098
3031 3550
3031 3552
3031 3553
3032 3033
3032 3553
3032 5563
3033 3034
3033 3036
3033 3037
3034 4299
3034 4302
3034 5563
3035 5235
3035 6268
3036 4302
3036 6903
3036 6904
3037 3553
3037 3554
3037 6904
3038 3039
3038 3040
3038 3041
3038 4599
3039 4600
3039 5330
3039 6067
3040 5330
3040 5331
3040 6969
3041 3042
3041 3043
3041 6969
3042 6070
3042 6945
3042 6948
3043 4599
3043 4603
3043 6070
3044 3045
3044 3047
3044 3048
3044 3555
3045 6073
3045 6945
3045 6960
3046 3057
3046 3212
3046 6445
3047 3050
3047 6073
3047 6074
3048 3049
3048 3050
3048 3051
3049 3052
3049 3053
3049 3054
3050 4711
3051 3053
3051 3555
3051 3556
3052 3055
3052 3056
3052 3058
3053 3058
3053 4710
3054 3056
3054 3116
3054 4711
3055 3059
3055 3060
3055 3061
3056 3060
3056 3120
3057 6445
3058 3061
3058 6974
3059 3062
3059 3063
3059 3064
3060 3123
3060 3940
3061 3064
3061 3559
3062 3066
3062 3127
3062 3940
3063 3065
3063 3066
3063 3392
3064 3392
3064 3560
3065 3067
3065 3069
3065 3394
3066 3394
3066 3395
3067 3070
3067 3393
3068 3079
3068 6668
3069 3388
3069 3392
3069 3393
3070 3134
3070 3394
3070 6542
3071 5188
3072 3647
3072 3649
3073 3074
3073 3075
3073 3076
3073 3077
3074 3078
3074 3080
3074 3081
3075 3080
3075 5093
3076 3077
3076 3078
3076 5018
3077 5018
3078 5019
3078 5020
3079 3090
3079 3101
3079 3201
3080 3082
3080 5096
3081 3082
3081 3083
3081 5020
3082 5565
3082 5937
3083 3084
3083 3085
3083 5565
3084 3087
3084 5020
3084 5021
3085 3086
3085 3087
3085 3088
3086 3089
3086 3091
3086 3092
3087 3091
3087 4306
3088 3092
3088 4304
3088 5565
3089 3093
3089 3094
3090 7135
3090 7180
3091 3093
3091 4305
3092 3094
3092 4300
3094 4303
3095 3096
3095 3097
3095 3098
3096 3099
3096 3100
3097 3102
3097 6069
3098 3100
3098 5022
3099 3102
3099 3103
3099 3104
3099 4604
3100 5023
3100 5025
3101 3113
3101 3157
3101 3190
3101 7180
3102 4601
3102 4603
3102 6686
3103 3105
3103 3106
3103 6685
3104 3106
3104 4604
3104 4634
3105 3107
3105 3108
3105 5026
3106 5026
3107 4712
3107 6684
3107 6685
3108 3109
3108 3110
3108 4712
3109 5026
3109 5027
3110 3111
3110 3114
3111 3115
3111 3116
3111 3117
3113 3124
3113 3157
3113 3168
3114 3116
3114 4711
3114 4712
3115 3119
3115 3170
3116 3120
3117 3118
3117 3119
3117 3120
3118 3121
3118 3122
3118 3123
3119 3122
3119 3167
3120 3123
3121 3125
3121 3126
3121 3127
3122 3126
3122 3167
3122 3171
3123 3941
3124 3135
3125 3128
3125 3129
3125 3395
3126 3129
3126 5028
3127 3395
3127 3941
3128 3130
3128 3131
3128 3396
3129 3396
3129 3399
3130 3132
3130 3133
3130 3134
3131 3134
3131 3394
3131 3395
3132 3396
3132 3398
3135 3146
3135 5946
3136 3137
3136 6319
3137 3138
3138 6320
3138 6790
3139 3140
3139 3141
3139 3248
3140 3245
3140 3436
3140 6369
3141 3142
3141 3143
3141 3436
3142 3144
3142 3145
3142 3438
3143 3438
3143 5365
3144 3434
3144 3436
3144 3437
3145 3147
3145 3148
3145 3434
3146 6423
3146 7146
3146 7180
3148 3438
3149 7159
3149 7161
3149 7164
3150 7162
3150 7166
3151 3152
3151 3153
3151 3154
3151 7162
3152 3158
3152 5760
3152 7166
3153 3155
3153 4695
3153 7160
3154 3155
3154 3156
3155 4697
3155 4700
3156 3158
3156 3159
3156 4700
3157 3179
3158 5761
3158 5762
3159 3160
3159 3161
3159 5762
3160 3711
3160 4700
3160 4701
3161 3162
3161 3163
3161 3711
3162 3166
3162 3716
3163 3164
3163 3165
3163 3166
3164 3706
3164 3710
3164 3711
3165 3710
3165 6980
3166 3712
3166 3714
3167 3169
3167 3170
3168 3179
3168 5591
3169 3171
3169 3172
3169 3173
3170 3172
3171 3174
3171 5028
3172 4714
3172 4718
3173 3174
3173 3175
3173 4718
3174 4861
3174 4864
3175 3176
3175 4861
3176 4717
3176 4718
3177 3178
3177 3180
3177 3181
3178 3248
3178 4497
3179 3190
3179 5580
3180 4496
3180 4497
3181 4804
3182 3183
3182 3184
3182 3185
3182 3186
3183 3188
3183 5765
3183 5766
3184 3197
3184 5765
3185 4482
3185 4485
3185 4494
3186 3187
3186 3188
3187 3189
3187 3191
3187 4487
3188 3191
3188 6475
3189 3192
3189 3193
3189 4490
3190 3201
3190 7213
3191 3193
3191 6177
3192 3193
3192 3194
3192 3195
3193 3196
3193 3874
3194 3870
3194 3871
3194 4490
3195 3196
3195 3870
3196 3872
3197 4494
3197 6866
3198 3199
3199 3870
3199 4492
3200 6642
3201 5569
3202 3203
3202 3204
3202 3205
3203 3207
3203 4798
3204 3262
3204 3264
3205 3206
3205 3207
3205 3264
3208 3209
3208 3210
3208 6366
3209 3211
3209 3213
3209 4800
3210 4800
3210 4801
3211 3214
3211 3215
3211 3216
3212 5558
3213 3215
3213 6366
3213 6367
3214 3217
3214 3218
3214 6991
3215 3423
3215 6991
3216 3218
3216 4800
3217 3219
3217 3220
3217 3221
3218 3220
3218 4267
3219 3222
3219 3225
3219 3226
3220 3222
3221 3226
3221 6989
3221 6991
3222 3228
3223 6545
3223 7089
3223 7291
3224 3235
3224 4891
3225 3227
3225 3228
3225 3229
3226 3227
3226 6992
3227 3231
3227 3428
3228 4582
3229 3230
3229 3231
3229 4582
3230 3231
3230 3232
3231 3430
3231 5364
3232 3233
3232 3234
3232 5364
3233 3236
3233 3237
3233 3238
3234 3236
3234 4582
3234 4623
3235 3246
3235 4902
3236 4803
3237 5363
3237 5364
3237 7019
3238 3239
3238 4803
3239 3240
3239 7019
3240 3241
3240 3242
3241 3243
3241 3244
3242 4720
3242 4803
3243 3245
3243 6369
3244 6369
3244 7018
3244 7019
3245 3247
3246 4913
3247 3248
3247 4496
3247 4497
3249 3250
3249 3251
3249 4804
3250 3252
3250 3253
3250 3364
3251 3364
3251 5365
3252 3254
3252 3255
3252 3256
3253 3255
3253 3363
3253 4804
3254 3258
3254 3259
3254 5366
3255 3259
3256 3364
3256 3365
3256 5366
3257 3268
3257 5602
3258 3260
3258 4805
3259 3362
3259 4805
3260 5366
3260 5367
3260 5370
3261 4499
3261 4500
3261 4501
3261 7380
3262 3263
3262 3264
3263 3415
3263 5356
3264 5356
3265 6366
3266 3267
3266 3269
3267 3270
3267 3271
3268 5602
3268 6821
3269 3271
3270 3272
3270 3273
3271 3273
3271 4140
3272 3274
3272 3275
3272 3276
3273 3275
3273 4140
3274 5040
3274 6106
3275 4141
3275 6106
3276 5040
3277 3278
3277 3280
3277 3281
3278 3282
3279 3290
3279 3301
3279 3312
3280 5041
3280 6732
3281 3282
3281 4143
3281 6732
3282 4143
3283 3284
3283 3285
3283 3286
3283 7234
3284 3289
3284 5043
3284 5044
3285 3287
3285 7234
3286 3287
3286 3288
3287 3291
3288 3289
3288 3291
3288 3292
3289 3295
3291 3293
3292 3293
3292 3294
3293 3296
3294 3295
3294 3296
3294 3297
3296 3298
3297 3298
3297 3299
3298 3300
3299 3300
3299 3302
3300 3303
3302 3303
3303 5414
3304 3305
3304 3306
3305 3307
3307 3308
3307 3309
3309 5861
3310 5272
3311 3316
3312 3757
3313 3314
3313 3315
3313 3316
3315 3317
3316 5191
3317 5191
3317 5193
3318 3319
3318 3320
3318 4610
3319 3321
3319 3322
3319 3324
3320 3324
3320 4608
3320 6558
3321 3325
3321 3326
3321 3685
3322 3685
3322 3686
3323 3336
3323 3347
3323 3358
3324 3325
3324 4859
3325 4860
3326 3327
3326 3328
3326 3329
3327 3330
3327 3687
3327 3689
3328 3331
3328 4860
3329 3330
3329 3331
3329 3332
3330 3690
3330 3692
3331 3333
3332 3333
3332 3337
3332 3690
3333 3339
3333 5853
3334 3890
3336 3369
3336 3380
3337 3338
3337 3339
3337 3340
3338 3690
3338 3693
3338 3694
3339 3341
3340 3341
3340 3694
3341 6152
3342 3343
3342 3344
3343 3345
3344 6605
3345 5402
3345 6300
3346 3348
3346 3349
3346 3350
3346 5867
3347 5212
3348 6861
3348 7395
3349 6861
3350 3351
3350 3352
3351 5766
3351 6176
3352 3353
3352 3354
3352 6176
3353 6178
3353 6182
3354 3355
3354 3356
3354 6178
3355 6175
3355 6176
3355 6177
3356 3357
3356 3359
3356 6175
3357 3360
3357 3361
3357 6543
3359 6178
3359 6181
3359 6543
3360 3873
3360 3874
3360 6175
3361 3873
3364 3441
3365 3366
3365 3367
3365 3441
3366 3368
3366 3370
3366 3442
3367 3442
3367 5366
3367 5367
3368 3371
3368 3826
3369 3391
3369 3402
3370 3371
3370 3439
3370 3441
3371 3372
3372 3440
3372 3825
3373 7035
3373 7046
3373 7174
3374 3375
3374 3376
3374 7174
3375 3377
3375 5761
3375 7286
3376 3377
3376 3378
3376 6280
3377 3718
3377 5974
3378 3379
3378 3381
3378 3718
3379 3382
3379 6280
3380 4713
3380 6246
3381 3382
3381 3383
3381 3384
3382 3385
3383 3712
3383 3717
3383 3718
3384 3385
3384 3717
3385 5650
3385 5651
3386 3387
3386 5650
3386 6983
3387 3717
3387 6477
3387 6982
3388 3389
3388 3390
3389 3392
3389 3560
3389 6476
3390 6476
3390 6541
3390 6983
3391 3746
3391 4713
3393 3561
3393 5309
3396 3397
3397 3398
3397 3399
3397 3400
3398 3401
3399 5028
3399 6478
3400 3401
3400 3403
3400 6478
3401 3405
3401 4867
3402 3746
3402 4446
3403 3404
3403 3405
3403 4865
3404 3406
3404 4866
3405 3407
3406 3407
3406 3408
3407 6481
3408 4866
3408 6480
3409 5841
3410 5840
3410 5841
3410 5842
3411 3412
3413 3746
3413 4446
3414 3415
3414 3416
3414 3417
3415 3418
3416 3807
3417 3418
3417 3807
3418 5356
3418 5358
3419 3807
3420 3421
3420 3422
3420 3423
3420 6987
3421 6367
3421 6985
3421 6986
3422 3812
3422 6985
3423 5362
3423 6367
3424 3435
3424 7191
3425 3426
3425 3427
3425 3428
3425 3429
3426 3815
3426 6988
3426 6992
3427 3431
3427 3815
3427 3816
3428 3430
3428 6992
3429 3430
3429 3431
3429 3432
3430 3433
3431 3817
3431 3820
3432 3433
3432 3820
3432 7015
3433 5363
3433 5364
3434 4693
3435 3447
3436 7021
3437 4693
3437 7020
3437 7021
3438 3439
3439 3440
3439 5365
3441 5365
3442 3443
3442 3826
3443 3444
3443 3445
3443 5367
3444 3826
3444 3827
3444 3829
3445 3448
3445 3449
3445 3829
3446 3557
3446 3668
3446 3779
3447 3458
3447 3469
3448 3450
3448 3451
3448 5369
3449 5367
3449 5369
3449 5370
3450 3452
3450 3828
3450 3829
3451 3452
3451 3453
3451 3454
3452 7115
3453 4809
3453 5369
3453 5371
3454 3455
3454 3456
3455 3459
3455 4812
3455 5371
3456 3457
3456 3459
3456 3830
3457 3460
3457 3461
3457 5374
3458 3480
3459 5373
3459 5374
3460 3830
3460 3831
3460 3832
3461 3462
3461 3463
3461 3464
3461 3832
3462 3466
3462 3506
3462 5374
3462 5375
3463 3465
3463 3466
3463 3467
3464 3465
3464 3832
3464 7118
3465 3468
3465 7119
3466 3470
3466 3504
3467 3468
3467 3470
3468 7120
3470 3471
3470 5354
3472 3473
3472 3474
3472 5611
3472 6892
3473 4055
3473 4061
3473 6420
3474 3475
3474 3476
3474 4061
3475 3477
3475 3478
3475 5614
3476 5611
3476 5614
3476 5615
3477 3479
3477 3481
3477 3482
3478 3479
3478 4060
3478 4061
3479 3484
3479 4063
3481 3483
3481 4377
3481 5614
3482 3483
3482 3484
3482 3485
3482 4356
3483 4356
3484 4064
3484 4355
3485 3486
3485 4355
3485 4358
3486 3487
3486 3488
3486 3489
3487 4065
3487 4355
3488 5444
3488 5448
3489 3490
3489 3492
3489 3493
3491 3502
3491 3513
3491 6446
3492 3494
3493 3494
3493 3495
3494 6294
3495 3496
3495 3497
3496 6294
3497 3498
3497 5899
3498 4071
3499 3500
3499 3501
3499 5497
3500 3503
3500 3504
3500 3505
3500 4822
3500 5355
3501 4822
3501 5874
3501 6186
3502 6368
3503 5355
3503 5497
3503 5499
3504 3506
3504 5354
3505 3506
3505 4821
3505 4822
3506 5375
3507 3508
3507 3509
3508 3510
3508 3511
3508 3512
3509 6537
3510 3514
3510 3543
3511 4877
3511 6531
3511 6537
3512 3514
3512 3515
3512 4877
3513 3524
3513 3535
3513 6368
3514 3516
3514 5494
3515 3516
3515 3517
3516 3518
3516 5495
3517 3518
3518 5496
3519 3520
3519 3521
3519 5486
3520 3522
3520 3523
3520 5671
3521 5671
3521 5982
3521 6902
3522 3526
3522 5486
3522 5487
3523 3525
3523 3526
3523 3527
3524 3546
3524 3558
3524 3569
3525 3528
3525 3529
3525 3530
3526 3528
3526 5487
3527 3529
3527 5666
3527 5671
3528 5488
3529 5667
3529 6574
3530 3534
3530 5488
3530 6574
3531 3532
3531 3533
3531 3534
3532 3536
3532 3581
3532 5319
3533 3537
3533 3578
3533 5318
3534 5318
3534 5319
3535 3546
3535 6446
3535 6468
3536 3579
3537 3576
3538 3540
3539 3540
3539 3541
3543 5489
3544 3545
3544 6213
3545 3626
3545 3627
3546 3580
3547 3548
3548 3549
3548 5209
3549 4917
3549 4918
3550 5322
3551 5322
3551 5324
3552 5322
3552 5325
3552 5326
3553 5325
3554 5325
3554 5327
3554 5328
3555 6960
3555 6961
3556 4708
3556 4710
3556 6961
3558 3591
3558 6368
3559 3560
3559 5332
3559 6974
3560 5333
3561 3562
3561 3563
3561 6542
3562 3565
3562 5309
3562 5310
3563 3564
3563 3565
3564 3566
3564 5311
3564 6317
3565 5311
3565 5313
3566 3567
3566 3568
3566 3570
3567 6058
3567 6317
3568 3573
3568 5311
3568 5314
3569 3580
3569 3591
3570 3571
3570 3572
3570 3573
3571 3574
3571 3575
3571 3576
3572 6058
3572 6059
3573 3575
3573 5315
3574 6059
3574 6536
3575 3578
3575 5316
3576 3577
3576 3578
3577 6536
3578 5317
3579 3581
3579 3582
3579 3583
3580 3602
3581 4388
3581 5320
3582 3585
3582 5491
3583 3584
3583 4388
3584 3585
3584 3586
3584 3587
3585 6308
3586 4373
3586 4386
3586 4388
3587 4386
3587 5705
3588 5397
3588 6649
3588 7392
3589 3590
3589 4407
3589 6649
3590 3592
3590 4409
3592 3593
3592 4411
3593 3594
3593 4414
3595 6819
3595 6820
3596 3597
3596 3598
3596 6583
3596 6699
3596 6740
3596 6837
3597 4242
3597 6698
3598 3599
3598 3600
3598 5638
3599 3601
3599 3603
3599 5404
3600 4899
3600 5404
3600 5405
3601 5639
3601 5640
3601 6031
3601 6164
3601 6758
3603 3604
3603 3605
3603 5640
3604 5410
3604 5640
3604 5641
3605 5404
3605 5406
3606 3607
3606 3608
3606 3609
3607 3610
3607 3611
3608 3610
3608 6687
3609 3611
3609 6304
3610 3612
3610 6555
3611 6305
3611 6552
3612 6553
3612 6554
3613 3624
3613 3635
3614 3615
3614 3616
3615 3620
3615 3934
3616 3932
3617 3618
3617 3619
3617 3620
3618 3622
3618 4389
3619 3621
3619 3622
3619 3623
3620 3621
3621 3625
3621 6458
3622 3627
3623 3625
3623 3626
3623 3627
3624 3646
3625 3628
3625 6459
3626 3628
3627 4392
3628 6213
3630 3631
3631 4561
3632 3633
3632 3634
3632 3636
3632 3637
3632 3638
3633 4684
3633 5999
3634 3640
3634 4685
3634 6078
3635 5224
3635 5235
3636 3638
3636 3642
3636 5999
3637 4684
3638 3639
3638 3640
3639 3641
3639 3642
3640 3641
3640 6081
3641 6204
3643 3644
3643 3645
3644 3844
3644 5207
3645 5205
3646 5235
3647 3648
3648 3649
3649 5188
3650 5188
3653 3654
3653 3655
3653 5836
3654 6731
3654 6894
3655 3656
3655 3666
3655 6894
3656 3658
3656 3659
3656 6020
3657 3669
3657 3680
3657 6257
3658 6894
3658 6895
3658 6896
3659 3660
3659 3667
3659 6896
3660 5839
3661 3673
3662 3663
3662 3675
3663 3675
3665 5834
3665 5836
3666 5836
3666 6020
3666 6893
3667 5837
3667 5839
3667 6020
3668 4935
3669 4779
3669 5135
3670 5839
3670 5840
3670 5841
3671 5841
3672 3673
3672 5843
3673 3674
3673 3676
3674 3675
3674 3676
3676 5843
3677 3678
3677 3679
3677 3681
3678 5715
3679 3682
3679 7391
3680 4779
3680 4890
3680 6124
3681 5053
3681 5054
3681 6116
3683 3684
3683 4970
3684 4970
3685 3687
3686 3688
3686 4610
3686 4611
3686 4637
3687 3688
3688 3689
3688 4611
3689 3692
3689 4612
3690 4615
3691 3713
3691 4890
3691 7246
3692 4612
3692 4614
3692 4639
3693 4615
3693 4616
3693 4617
3694 4617
3695 4921
3695 5617
3695 6439
3696 3697
3696 3698
3696 3699
3697 5648
3697 5649
3698 5649
3698 5932
3698 6997
3699 5932
3699 5934
3700 3701
3700 3703
3700 3704
3700 3705
3701 4294
3701 5388
3701 5554
3702 3713
3702 4890
3702 5335
3702 6124
3703 5553
3703 6997
3703 7000
3704 5554
3704 5555
3704 7000
3705 4294
3705 4296
3705 5553
3706 3707
3706 3708
3706 3709
3707 5973
3707 6959
3707 6965
3708 3710
3708 4704
3708 6965
3709 3711
3709 4701
3709 5971
3710 6976
3712 3715
3712 3716
3713 3724
3713 5379
3714 3715
3714 6981
3715 3717
3715 6982
3716 5974
3719 3720
3720 4966
3721 3722
3721 3723
3722 3725
3722 3726
3723 3729
3723 3964
3724 5401
3724 7235
3724 7246
3725 3727
3725 3728
3725 3729
3726 3965
3726 4967
3727 3730
3727 3731
3728 3730
3728 3965
3729 3731
3729 3963
3731 3732
3733 3734
3734 5818
3734 5819
3735 4312
3735 5813
3735 6223
3736 3737
3736 3758
3736 3759
3737 3755
3737 3758
3737 4041
3738 3739
3738 3740
3739 4139
3740 3741
3740 3742
3741 4033
3741 4138
3741 4139
3742 3743
3742 3744
3743 4033
3743 4034
3743 4960
3744 3745
3745 3747
3745 4037
3745 4960
3747 3748
3747 4038
3748 3749
3749 3750
3749 3751
3750 3751
3750 4019
3750 4038
3751 3752
3751 3753
3751 3754
3752 4019
3752 4039
3752 4040
3753 3754
3753 3755
3753 3959
3753 4040
3754 4040
3755 3756
3755 7106
3756 4039
3756 4041
3757 6412
3757 7109
3758 6088
3758 6091
3759 3760
3760 3761
3760 6088
3761 6085
3761 6086
3763 3764
3763 6517
3765 5955
3766 3767
3766 5540
3766 5955
3767 4269
3767 4271
3768 4412
3768 6834
3769 4269
3770 3771
3770 4269
3770 5377
3771 3772
3771 6708
3772 3774
3772 4585
3773 4625
3774 4584
3774 4625
3775 4625
3775 4626
3775 7149
3775 7152
3776 7152
3777 7152
3777 7153
3777 7156
3778 7156
3779 4924
3780 4412
3781 3782
3781 3783
3781 3784
3781 6791
3782 3834
3782 3836
3782 6813
3783 3784
3783 4523
3783 5200
3784 3785
3784 3786
3785 3788
3785 3834
3785 3837
3786 3787
3786 3788
3787 3788
3787 5200
3787 5202
3789 5202
3791 3802
3792 5876
3792 7309
3794 7304
3794 7309
3795 3796
3795 3798
3795 5734
3795 5737
3796 3798
3796 7306
3797 3798
3797 3800
3799 3800
3799 3801
3799 3839
3799 6275
3800 6693
3801 3803
3803 3804
3803 6275
3804 3805
3806 3807
3808 6985
3808 6986
3809 6985
3810 3811
3810 3812
3811 3814
3812 3814
3812 6987
3813 3824
3813 3835
3814 3815
3814 6988
3816 3817
3817 3818
3818 3819
3818 3820
3819 6683
3820 6683
3821 7017
3822 6683
3822 7016
3822 7017
3824 3835
3824 3968
3827 7101
3828 7101
3828 7113
3828 7115
3829 7101
3830 7117
3831 6891
3831 7117
3831 7118
3832 7118
3833 5197
3833 6813
3834 3836
3835 3935
3836 5197
3836 5199
3837 5199
3839 5741
3840 3841
3840 7229
3841 3844
3841 7218
3842 7220
3842 7229
3843 6451
3844 5208
3845 3847
3845 3848
3845 6171
3846 3857
3846 3868
3846 3879
3846 3891
3847 3849
3847 6707
3848 3849
3848 3850
3848 3851
3849 3853
3849 4578
3850 3852
3850 4576
3850 6171
3851 3852
3851 3853
3851 3854
3852 3856
3852 4575
3853 4577
3853 6679
3854 3855
3854 3856
3854 6679
3855 3858
3855 3859
3855 6173
3856 4620
3856 6173
3857 3902
3857 3913
3857 4001
3858 3860
3858 3861
3858 3862
3859 3862
3859 6679
3859 6681
3860 3865
3860 5698
3860 5699
3860 6173
3861 3863
3861 3864
3861 3865
3862 3863
3863 3866
3864 3866
3864 3867
3864 3869
3865 3869
3865 5698
3866 4492
3866 4493
3867 3870
3867 3871
3867 4492
3868 3902
3868 4513
3869 3871
3869 4690
3871 4489
3872 3873
3872 3874
3874 6175
3874 6177
3875 3876
3875 3877
3875 3880
3876 5907
3876 5908
3876 5950
3877 5533
3877 5909
3878 3880
3878 3881
3878 3882
3878 5532
3879 4112
3880 5533
3880 5950
3881 4259
3881 4261
3881 5533
3882 3883
3882 4259
3883 4256
3883 5532
3883 6171
3884 3885
3884 3886
3884 3887
3885 3888
3885 4123
3886 3889
3886 4120
3887 3888
3887 3889
3887 3892
3888 4125
3890 4001
3890 4112
3891 4813
3891 4824
3891 4835
3893 6666
3894 3895
3894 3897
3895 3898
3896 3897
3896 3898
3896 3899
3896 3900
3896 3901
3897 4673
3898 4672
3899 3900
3900 4994
3901 3903
3901 4994
3902 4513
3903 4253
3903 5830
3903 5831
3904 4994
3904 5482
3905 3906
3905 4571
3906 3921
3906 4648
3907 3908
3909 3910
3910 3911
3910 7255
3911 3914
3911 6639
3912 3914
3912 3915
3912 7255
3913 4824
3913 4835
3913 7112
3914 3916
3914 5792
3915 3916
3915 3917
3916 3918
3916 5742
3917 3918
3918 3919
3918 5739
3920 6809
3920 7178
3920 7329
3921 3922
3921 3923
3922 3923
3922 3925
3922 6867
3923 3928
3924 3935
3924 3946
3924 3957
3925 4648
3925 5832
3927 3930
3928 4254
3928 4571
3929 6869
3930 3931
3930 5694
3932 4389
3932 4391
3933 3934
3933 3936
3934 3937
3935 3968
3936 3937
3936 3938
3936 3939
3937 4682
3938 3939
3939 4682
3940 3941
3944 3945
3944 3947
3944 3948
3944 3951
3945 3949
3945 6566
3945 6697
3946 3957
3946 3968
3947 3949
3947 3950
3947 3951
3948 6064
3948 6697
3949 3952
3949 6419
3950 3952
3950 3953
3951 6016
3951 6706
3952 3954
3952 6417
3953 3954
3953 3955
3954 6418
3956 3958
3957 4546
3959 3960
3959 7106
3961 3962
3962 5789
3963 3964
3963 6522
3966 3967
3966 3969
3966 5209
3967 3970
3967 3971
3967 5344
3969 4916
3969 5344
3969 5345
3970 3972
3970 3973
3970 5211
3971 5209
3971 5210
3971 5211
3972 3974
3972 3975
3972 6593
3973 5344
3973 6592
3973 6593
3974 3976
3974 6117
3975 3976
3975 5211
3975 5213
3976 5117
3977 3978
3977 7341
3977 7344
3978 6594
3980 4750
3980 7050
3981 3982
3981 4021
3981 4750
3982 3983
3982 3984
3982 4752
3983 3985
3983 4749
3984 3985
3984 3986
3984 4022
3985 4751
3985 6664
3986 3987
3986 5216
3986 6664
3987 3988
3987 3989
3987 4023
3988 6595
3988 6664
3988 6665
3989 3991
3989 3992
3989 4025
3990 4702
3991 3993
3991 6595
3992 3993
3992 3994
3992 5218
3993 3995
3993 6596
3994 3995
3994 4026
3994 4027
3995 6141
3995 6162
3996 5219
3996 6597
3996 6599
3997 6151
3998 3999
3998 4000
3999 5284
3999 6150
4000 4003
4002 4680
4002 4691
4002 4702
4003 4004
4003 4029
4004 4030
4004 4031
4005 4006
4005 4031
4006 4007
4006 4008
4007 4009
4007 4032
4007 4034
4008 4009
4008 4010
4008 4011
4009 4012
4009 4036
4010 4014
4010 4959
4011 4012
4011 4014
4011 4015
4012 4017
4012 4037
4013 4024
4013 4035
4014 4016
4014 4958
4015 4016
4015 4017
4015 4018
4016 4020
4016 6563
4017 4019
4017 4038
4018 4019
4018 4020
4018 4039
4020 6506
4020 6591
4021 4752
4021 5214
4021 5215
4022 4752
4022 4754
4022 5216
4023 4025
4023 5133
4023 5216
4024 4046
4024 4057
4025 5217
4025 5218
4026 5140
4026 5218
4026 7026
4027 6141
4027 6142
4027 7026
4028 5467
4029 4030
4029 5467
4030 4138
4031 4032
4031 4138
4032 4033
4034 4036
4035 4090
4035 4423
4036 4037
4036 4960
4037 4038
4039 6506
4041 6091
4041 6506
4043 4044
4043 6324
4043 6807
4044 4045
4044 4047
4044 5298
4045 4048
4045 4049
4045 4050
4046 4057
4046 4068
4047 4050
4047 6354
4048 4052
4048 5297
4048 5298
4049 4051
4049 4052
4050 5520
4052 5300
4053 5304
4053 6884
4054 6884
4055 4056
4055 4058
4055 4059
4056 6420
4056 6472
4056 6586
4058 4060
4058 4061
4059 6330
4059 6333
4059 6472
4060 4062
4060 4063
4063 4064
4064 4067
4065 4066
4065 4067
4066 5449
4066 6432
4067 4355
4068 4079
4068 4090
4069 4794
4069 5449
4069 5880
4070 4071
4070 4072
4070 5899
4072 5878
4072 5900
4074 4076
4075 4076
4075 4077
4076 4078
4076 5291
4077 4078
4077 4080
4077 4081
4078 4082
4078 5008
4079 4101
4079 4113
4080 4082
4080 4083
4081 4083
4082 5010
4084 4085
4084 4086
4085 5452
4086 4087
4086 4650
4087 4088
4088 4089
4088 4650
4088 4651
4089 4093
4089 4652
4090 4101
4091 4092
4091 4093
4091 4094
4092 4093
4092 4094
4092 4653
4092 4654
4093 4652
4094 4095
4094 4096
4094 4653
4095 4096
4095 4986
4097 4098
4098 4099
4099 4100
4099 6410
4101 6890
4102 4104
4102 4105
4102 4106
4103 4105
4104 4107
4104 4108
4104 6769
4105 6411
4105 6767
4106 4107
4107 4659
4108 6675
4108 6851
4108 7339
4109 4110
4109 4111
4109 4659
4109 6769
4109 6872
4110 4114
4110 4115
4110 4116
4111 4114
4111 6772
4114 4117
4114 6414
4115 4118
4115 4658
4115 4659
4116 4117
4116 4118
4117 6415
4119 4120
4119 4121
4119 4122
4119 7293
4120 6727
4120 7292
4121 4660
4121 4661
4121 4662
4122 4660
4122 5417
4122 6727
4123 4125
4124 4135
4126 5184
4127 4128
4127 4129
4127 4130
4128 4132
4129 4131
4129 5184
4130 4131
4130 4132
4130 4133
4131 5787
4133 4134
4133 4136
4134 4137
4134 5787
4135 4146
4136 4137
4136 7058
4137 6210
4137 6211
4138 4139
4139 5467
4140 4141
4141 4142
4142 4144
4142 6106
4143 4144
4144 6732
4145 4147
4145 4148
4146 4157
4147 4149
4148 6510
4149 5045
4149 5047
4150 4151
4150 4152
4152 7221
4153 4154
4153 4155
4153 4156
4153 4158
4154 4160
4155 4159
4155 4160
4155 5221
4157 4168
4158 4945
4158 5221
4159 4161
4159 4162
4161 4163
4161 4164
4161 5226
4162 5220
4162 5221
4162 5226
4163 4165
4163 4166
4165 4167
4165 5225
4165 5226
4166 4167
4166 4169
4167 4170
4167 5227
4168 4179
4169 4170
4169 4171
4170 4172
4170 5229
4171 4172
4172 5230
4173 4174
4174 4175
4174 4176
4175 4177
4175 5232
4176 4177
4176 4178
4177 4180
4177 5233
4178 4180
4178 4181
4179 5680
4180 4182
4180 7299
4181 4182
4181 4183
4182 4184
4183 4184
4183 4185
4184 4186
4184 5516
4185 4186
4186 5515
4187 7197
4187 7198
4188 4772
4188 4774
4188 4886
4189 4191
4189 4192
4189 4886
4190 4201
4190 4212
4191 4193
4191 4194
4193 4195
4193 4196
4193 6743
4194 4196
4194 4885
4194 4886
4195 4197
4195 4198
4195 4894
4196 4887
4196 4894
4197 4199
4197 4200
4197 6755
4198 6743
4198 6744
4198 6755
4199 4202
4199 4203
4199 4204
4200 4203
4200 4893
4200 4894
4201 4224
4201 4235
4201 4246
4202 4205
4202 6513
4202 6755
4203 4207
4203 4895
4204 4205
4204 4206
4204 4207
4205 4209
4205 6515
4206 4208
4206 4209
4206 4900
4207 4897
4207 4900
4208 4210
4208 6041
4209 6041
4209 6584
4210 4900
4210 5460
4211 4213
4211 4926
4212 4235
4213 4928
4213 4929
4213 5645
4214 4925
4214 4926
4214 5352
4215 4216
4215 4888
4216 4770
4216 5308
4216 5629
4216 6625
4216 6853
4217 4218
4217 5353
4218 4219
4218 4220
4219 4221
4219 5353
4219 6617
4220 4221
4220 4222
4221 5619
4221 5620
4222 4225
4222 4226
4222 5620
4223 4334
4224 4257
4224 4268
4226 4227
4226 4228
4228 5621
4228 5622
4229 4231
4229 5627
4229 7275
4229 7276
4230 5625
4230 5626
4230 5627
4230 5647
4230 7276
4231 4232
4231 4233
4231 4884
4232 4234
4232 4236
4232 4769
4233 4769
4233 5627
4233 5628
4234 4237
4234 4238
4234 4771
4235 4257
4235 4724
4236 4771
4236 4883
4236 4884
4237 4239
4237 4770
4238 4767
4238 4769
4238 4770
4239 4771
4239 4773
4239 4888
4240 4241
4240 4242
4240 6626
4241 4889
4241 4892
4241 4896
4242 4243
4242 4244
4242 4896
4243 4244
4243 5632
4243 6812
4244 6626
4246 4268
4247 4248
4247 4249
4247 4250
4248 4251
4248 4643
4248 4645
4250 4251
4251 4647
4252 5530
4253 5530
4254 4571
4254 6867
4254 7317
4255 4256
4255 6524
4256 4258
4258 5531
4258 5532
4259 4260
4260 4261
4260 4262
4260 4263
4261 5239
4261 5240
4262 4322
4262 5241
4263 4264
4263 4265
4264 4322
4264 4325
4265 5240
4265 5535
4266 4325
4266 5376
4268 5558
4269 4270
4270 4271
4270 4272
4270 5378
4270 7134
4271 4272
4271 5540
4272 5541
4272 7133
4273 4274
4273 7131
4273 7132
4273 7137
4274 4275
4274 4276
4274 4277
4275 4278
4275 5380
4275 7137
4276 4280
4276 5543
4276 7132
4277 4278
4277 4280
4277 4281
4278 4282
4278 5381
4279 4290
4279 4301
4280 5544
4280 5546
4281 4282
4281 4283
4281 5546
4282 4284
4282 5382
4283 4284
4283 4285
4283 4286
4284 5383
4284 5384
4285 4287
4285 5546
4285 5548
4286 4287
4286 4288
4286 5384
4287 4289
4287 5549
4288 4289
4288 4291
4288 5385
4289 5550
4289 5551
4290 4546
4291 4292
4291 4293
4291 5550
4292 4295
4292 5385
4292 5386
4293 4294
4293 4295
4293 4296
4294 5387
4295 5387
4296 5550
4296 5552
4297 4298
4297 4299
4297 4300
4297 4302
4298 4303
4298 5099
4299 4304
4299 5097
4300 4303
4300 4304
4301 4312
4302 5099
4304 5564
4305 4306
4305 4307
4306 4309
4306 5021
4307 4308
4307 4309
4307 4310
4308 4311
4308 4313
4308 4314
4309 4311
4309 5566
4310 4313
4311 4317
4311 5567
4313 4315
4314 4315
4314 4316
4314 4317
4315 4318
4316 4318
4316 4319
4316 4320
4317 4319
4317 5568
4318 4854
4319 4851
4319 5570
4320 4321
4320 4326
4321 4328
4321 4854
4322 4324
4323 4335
4324 4325
4324 6613
4326 4327
4326 4851
4327 4328
4327 4329
4327 4330
4328 5389
4329 4331
4329 4853
4329 5571
4330 4331
4330 4332
4330 5389
4331 4337
4331 5572
4332 4333
4332 4336
4332 4337
4333 5389
4333 5391
4334 4935
4335 4346
4335 4357
4335 4368
4336 4338
4336 5391
4337 4338
4337 5573
4339 4340
4340 4439
4340 4441
4341 4441
4342 4441
4342 4442
4342 4448
4343 4448
4344 4345
4344 4448
4344 4449
4345 4347
4345 4450
4346 5290
4346 5301
4347 4452
4348 4349
4348 4455
4349 4350
4349 4456
4350 4351
4350 4459
4351 4352
4351 4461
4352 4353
4352 4463
4353 4354
4353 4465
4354 4467
4356 4358
4356 4359
4356 4377
4357 4379
4357 6235
4358 5448
4359 4378
4361 4362
4361 4363
4361 4381
4362 5441
4362 5442
4362 5443
4363 4381
4363 7077
4363 7081
4364 5440
4364 5441
4365 4367
4365 5438
4366 4367
4366 4369
4366 4372
4366 4384
4367 4371
4368 4379
4368 4390
4368 5301
4370 4371
4370 4372
4371 5437
4372 4385
4373 4374
4373 4375
4374 4376
4374 5435
4375 4376
4375 4387
4375 4388
4375 5477
4376 5432
4376 5433
4377 4378
4377 6328
4378 4380
4378 6347
4379 6146
4379 6168
4380 4382
4380 6345
4381 4382
4383 7082
4384 4385
4384 5484
4385 5321
4385 5483
4386 5321
4389 4391
4389 4392
4390 4401
4390 6146
4391 5700
4393 4394
4395 4396
4395 4397
4396 4399
4397 4398
4397 4399
4397 4400
4398 4402
4398 4543
4399 4403
4399 5395
4400 4402
4400 4403
4400 4404
4401 5301
4401 5312
4401 5323
4402 4406
4402 4544
4403 4405
4403 6648
4404 4405
4404 4406
4404 4407
4404 6649
4405 6649
4406 4408
4406 4547
4407 4408
4407 4409
4408 4410
4408 4549
4409 4410
4409 4411
4410 4413
4410 4552
4411 4413
4411 4414
4413 4415
4413 4554
4414 4415
4415 4416
4415 4556
4416 4560
4417 4418
4417 5425
4417 6082
4418 4419
4418 4420
4418 5504
4419 4422
4419 5425
4419 5426
4420 4421
4420 4422
4420 6206
4421 4424
4421 4425
4421 4985
4422 4985
4422 5427
4423 4434
4423 4447
4424 4426
4424 4427
4424 4428
4425 4427
4425 6206
4425 6207
4426 4429
4426 4430
4426 6208
4427 4655
4427 6208
4428 4429
4428 4982
4428 4985
4429 4984
4429 5428
4430 4431
4430 4432
4430 5428
4432 6208
4432 6209
4433 4436
4433 5430
4434 4458
4435 5430
4436 6851
4437 4438
4437 6394
4438 5790
4439 4440
4440 4441
4440 4442
4440 4504
4442 4443
4442 4444
4443 4504
4443 4505
4443 4506
4444 4448
4444 4449
4444 4506
4445 7179
4446 7191
4447 7302
4449 4450
4449 4451
4450 4452
4450 4453
4451 4453
4451 4506
4451 4507
4452 4454
4453 4454
4453 4508
4454 4509
4455 4456
4455 4457
4456 4459
4456 4460
4457 4460
4457 4510
4458 4868
4458 7049
4459 4461
4459 4462
4460 4511
4460 4512
4461 4463
4461 4464
4462 4511
4462 4515
4463 4465
4463 4466
4464 4466
4464 4515
4464 4517
4465 4467
4465 4468
4466 4468
4466 4518
4467 4470
4467 4471
4468 4471
4468 4519
4469 7097
4469 7098
4470 4472
4471 4472
4471 4520
4472 4473
4472 4521
4473 4474
4473 4522
4475 4476
4475 4477
4476 4478
4476 5032
4476 5036
4477 4478
4478 5690
4478 6407
4479 4481
4479 4482
4479 4494
4480 4491
4480 4502
4480 6501
4480 7096
4481 5696
4481 5866
4482 4483
4482 4484
4483 4688
4483 4689
4484 4485
4484 4486
4484 4688
4485 4487
4486 4487
4486 4488
4486 4489
4487 4490
4488 4688
4488 4690
4488 4692
4489 4490
4489 4690
4494 6862
4495 4496
4496 4498
4498 4720
4499 5267
4499 7376
4500 5267
4500 5269
4501 4825
4502 7089
4502 7097
4503 5687
4503 5688
4504 5688
4505 5688
4505 6110
4505 6111
4506 6111
4507 4508
4507 5773
4507 6111
4508 4509
4508 5774
4509 5609
4510 4512
4510 5776
4511 4514
4512 4514
4512 5777
4513 4824
4514 5581
4515 4516
4516 4517
4516 5581
4517 4518
4517 4745
4518 4519
4518 4748
4519 4520
4519 5781
4520 4521
4520 5784
4521 4522
4521 5785
4522 5786
4523 4525
4523 6901
4524 4546
4525 5432
4525 5433
4526 5203
4526 5435
4526 6901
4527 4528
4527 4529
4528 4530
4529 4530
4529 5232
4529 7301
4530 7301
4531 4532
4531 4533
4531 4534
4531 4536
4532 4537
4532 4538
4533 5816
4534 4537
4534 5816
4535 6828
4535 6830
4536 4538
4536 5229
4536 6751
4538 5230
4541 4542
4543 4544
4543 4545
4544 4547
4544 4548
4545 4548
4545 5749
4547 4549
4547 4550
4548 4550
4548 5987
4549 4551
4549 4552
4550 4551
4550 5988
4551 4553
4551 5255
4552 4553
4552 4554
4553 4555
4553 5253
4554 4555
4554 4556
4555 4559
4555 5254
4556 4559
4556 4560
4557 4668
4557 4779
4557 4890
4557 5001
4558 4569
4558 4580
4558 4591
4559 5991
4561 6614
4562 4563
4562 4564
4563 4564
4565 4566
4565 4567
4567 4568
4568 4570
4569 4602
4569 4613
4569 4624
4570 5467
4572 4574
4572 4618
4572 7315
4573 4574
4573 4575
4573 4619
4575 4576
4575 4620
4576 6170
4577 4578
4577 4579
4577 4621
4578 6670
4578 6707
4579 4581
4579 4622
4580 4624
4580 5268
4581 6670
4582 4583
4584 4585
4584 4626
4584 7145
4585 6708
4585 7144
4586 7143
4586 7147
4587 4588
4587 4589
4587 4628
4587 6426
4587 7147
4588 5380
4588 6426
4588 7143
4589 4590
4589 4592
4589 6606
4590 5382
4590 6307
4590 6426
4591 4613
4591 5135
4592 4593
4592 4594
4592 4629
4592 6307
4593 5965
4593 6307
4594 4595
4594 4596
4594 5967
4595 5963
4595 5965
4596 4597
4596 4630
4596 5963
4597 4598
4597 4631
4597 4632
4598 5963
4598 5964
4598 6939
4599 4600
4599 4601
4600 5102
4600 6069
4601 4603
4601 6069
4602 4635
4602 4646
4602 5112
4603 4633
4604 4605
4604 5025
4605 4606
4605 4607
4605 4634
4606 5023
4606 5025
4607 4608
4607 4609
4607 4610
4608 6065
4609 4610
4609 4634
4610 4636
4611 4612
4611 4719
4612 4638
4613 5168
4614 4615
4614 4616
4618 4619
4619 4620
4619 6526
4620 6172
4621 4622
4621 6679
4622 6682
4623 6689
4624 4646
4624 5246
4625 4626
4626 7148
4627 6428
4627 7147
4628 6427
4628 6428
4628 6606
4629 5967
4629 6606
4629 6607
4630 4631
4630 5966
4630 5967
4631 5969
4631 6645
4632 6612
4632 6634
4632 6645
4632 6939
4633 6070
4633 6072
4633 6686
4634 6066
4635 5223
4636 4716
4636 6066
4637 4715
4637 4716
4637 4719
4638 4639
4638 4719
4640 6640
4641 4642
4641 6640
4642 4643
4642 4644
4643 6690
4644 5031
4644 6640
4644 6690
4646 5257
4649 5289
4649 5767
4650 6083
4651 5505
4651 5507
4651 6083
4652 5506
4652 5507
4653 6207
4654 5506
4654 6206
4654 6207
4655 4656
4655 6207
4656 6208
4656 6209
4657 4669
4657 5179
4660 6804
4661 4662
4661 6785
4661 6804
4663 6727
4664 5527
4667 4670
4668 5179
4668 5190
4669 5190
4670 5829
4670 6466
4671 5829
4672 5830
4674 6871
4675 4676
4675 4677
4676 4678
4676 6651
4677 5237
4677 5238
4677 6651
4678 4679
4679 4681
4679 6650
4679 6651
4680 4691
4681 6562
4681 7352
4682 6806
4685 4686
4688 5695
4689 5695
4689 5696
4689 5697
4690 5698
4691 5713
4692 5695
4692 5698
4692 5699
4693 7017
4694 4695
4694 7154
4694 7155
4694 7160
4695 4696
4695 4697
4696 4699
4696 6429
4696 7154
4697 4698
4697 4699
4698 4700
4698 4701
4698 6609
4699 6608
4699 6609
4701 4703
4702 7108
4703 5971
4703 5972
4703 6609
4704 4705
4704 4706
4704 6976
4705 6963
4705 6964
4705 6965
4706 4707
4706 4708
4706 6964
4707 6975
4707 6976
4707 6977
4708 4709
4708 6975
4709 6961
4709 6962
4709 6964
4710 6974
4710 6975
4711 6074
4712 6074
4713 5135
4713 5146
4714 4715
4714 4716
4715 4717
4715 4718
4716 5027
4717 4719
4721 4723
4721 5725
4721 6547
4721 7209
4722 4744
4722 7208
4722 7209
4725 4726
4726 4727
4726 4728
4726 4729
4727 4730
4727 6238
4728 4730
4728 4731
4728 4732
4729 4732
4729 6267
4730 4733
4730 6240
4731 4733
4731 4734
4732 4734
4732 6270
4733 4750
4733 6241
4734 4751
4734 6272
4736 4737
4736 4738
4736 4739
4737 4740
4737 4741
4738 4741
4738 6006
4739 6007
4739 6008
4740 4742
4740 4743
4740 4744
4741 4743
4741 5165
4742 4745
4742 4747
4742 5166
4743 4747
4743 5038
4744 5166
4744 5167
4744 6008
4745 4748
4745 5778
4746 4757
4746 4768
4746 4780
4747 5164
4747 5778
4748 5166
4748 5781
4749 4750
4749 4751
4751 6272
4751 6274
4752 4753
4753 4754
4753 4755
4753 5215
4754 5128
4754 5130
4755 4756
4755 4758
4755 5128
4756 4759
4756 5126
4756 5215
4757 4791
4757 4802
4758 4759
4758 4760
4758 4761
4759 4762
4759 6245
4760 4763
4760 5128
4760 6250
4761 4762
4761 4763
4761 4764
4762 4765
4762 6247
4763 4766
4763 6251
4764 4765
4764 4766
4764 4767
4765 4767
4765 4769
4765 5628
4766 4770
4766 5307
4767 4770
4768 6412
4768 7111
4770 5307
4770 6853
4771 4772
4772 4773
4772 4883
4773 4885
4773 4886
4774 4883
4775 4776
4777 4778
4777 4781
4778 4783
4778 6421
4779 5168
4780 5913
4781 4782
4781 4783
4781 6338
4782 4784
4782 6336
4783 6336
4783 6337
4784 6338
4785 4786
4785 4787
4785 6432
4786 4789
4786 6548
4787 4788
4787 4789
4787 4790
4788 4792
4788 4793
4788 4794
4789 4792
4789 6062
4790 4794
4790 5449
4790 6432
4791 6301
4791 6412
4792 5881
4792 5883
4793 4795
4793 4796
4793 5881
4793 5900
4794 4795
4795 5878
4796 5881
4797 6012
4798 7350
4801 7358
4801 7363
4802 5713
4802 5913
4802 5924
4806 4808
4806 6315
4807 6315
4808 4809
4808 4810
4808 4811
4809 5372
4810 4814
4810 6054
4810 6315
4811 4812
4811 4814
4811 4815
4812 4816
4812 5372
4814 4818
4814 6052
4814 6054
4815 4816
4815 4817
4816 5373
4817 4818
4817 4819
4817 5373
4818 4823
4818 6053
4819 4820
4819 4821
4819 4823
4820 5373
4820 5374
4820 5375
4821 4822
4821 4823
4821 5375
4822 6187
4823 6187
4825 5269
4826 5492
4826 5493
4830 7270
4830 7282
4830 7285
4831 6217
4831 6218
4831 7285
4832 4833
4833 6253
4834 6253
4834 6286
4834 6287
4835 5613
4836 6287
4837 6287
4837 6288
4837 6289
4838 5429
4839 5428
4839 5429
4840 4841
4840 4842
4840 4843
4841 4844
4841 4845
4841 4847
4842 4845
4842 5948
4843 4847
4843 5847
4844 4848
4844 4849
4844 5949
4845 4849
4845 5943
4846 4857
4846 7302
4847 5848
4847 5949
4848 4850
4848 6092
4849 5570
4849 5947
4850 4851
4850 4852
4850 5570
4851 4853
4852 4853
4852 5571
4852 6092
4854 4855
4856 4858
4857 6512
4858 4859
4858 4860
4859 6558
4861 4862
4862 4863
4862 4864
4862 4865
4863 4866
4863 6480
4864 5028
4864 6478
4865 4866
4865 6478
4869 4870
4870 4871
4870 4872
4870 5859
4871 6319
4871 6321
4872 4873
4872 4874
4872 6321
4873 5859
4874 4875
4874 4876
4875 4877
4875 6343
4875 6531
4876 4877
4878 4880
4878 6803
4878 7273
4879 6568
4879 6833
4880 4881
4880 4882
4880 7275
4881 4883
4881 4884
4882 6573
4882 7278
4884 7275
4885 4887
4885 4888
4887 4889
4887 4892
4888 4892
4889 4893
4889 4894
4890 7224
4891 4902
4892 6625
4893 4895
4893 4896
4895 4897
4896 6740
4897 4898
4897 6740
4897 6837
4898 4899
4898 4900
4898 6582
4899 4901
4899 5459
4901 6582
4902 4913
4903 4904
4903 4905
4903 4906
4904 4907
4904 4908
4905 4907
4905 5673
4906 4908
4909 4911
4909 4912
4909 6284
4910 6282
4910 6284
4911 5336
4911 5337
4911 5340
4912 5340
4914 5340
4914 5341
4914 5345
4915 4916
4915 5345
4917 5107
4917 5209
4917 5210
4918 4919
4918 4920
4918 5107
4919 4921
4919 4922
4919 6439
4920 6439
4921 4923
4921 5349
4922 5107
4922 5109
4922 5349
4923 4925
4923 4926
4923 5617
4925 5349
4925 5350
4926 4927
4927 5617
4927 5618
4927 5645
4928 5674
4928 5675
4928 5676
4929 4930
4929 5676
4929 6635
4930 4931
4930 4932
4931 5676
4931 5677
4931 5678
4932 4933
4932 5678
4933 4934
4933 4936
4934 5678
4934 5679
4937 5681
4937 5684
4938 4939
4938 5684
4939 4940
4939 4941
4940 4942
4940 5683
4940 5685
4941 4942
4941 4943
4942 5143
4942 5686
4943 5143
4944 5143
4944 5145
4944 5687
4945 4947
4945 4948
4946 4957
4946 4968
4947 4948
4947 5220
4947 5221
4949 4950
4949 4951
4949 6399
4950 4952
4950 6400
4951 4952
4951 4953
4951 4954
4952 4955
4952 6402
4953 4956
4953 6398
4953 6399
4954 4955
4954 4956
4954 4958
4955 6563
4955 6564
4956 4959
4956 6604
4957 4979
4957 4990
4958 4959
4958 6563
4959 6589
4961 4962
4962 5521
4962 5992
4962 5993
4963 4975
4963 6252
4964 4965
4964 4975
4965 6253
4965 6286
4966 4996
4968 4990
4968 5680
4969 4970
4969 5860
4970 5860
4971 4973
4971 7181
4972 6060
4972 6409
4972 7181
4973 7328
4975 4976
4976 4977
4976 4978
4976 6286
4977 4980
4977 4981
4977 6653
4978 6252
4978 6652
4978 6653
4979 5002
4980 6286
4980 6287
4980 6288
4981 4982
4981 4983
4981 6288
4982 4984
4982 6747
4983 6653
4983 6745
4983 6747
4984 6288
4984 6289
4985 6747
4986 6291
4987 4988
4987 4989
4987 4991
4988 5458
4989 4991
4989 5456
4990 5002
4991 5455
4992 4993
4993 4994
4995 5482
4995 7317
4995 7319
4997 4998
4999 5000
5000 5003
5000 5285
5001 5112
5001 5223
5002 5669
5003 5004
5003 5005
5004 5006
5004 5286
5005 5285
5005 5286
5005 5287
5006 5007
5007 5286
5007 5288
5008 5009
5008 5010
5008 5291
5009 5011
5009 5012
5011 5014
5011 5015
5012 5015
5012 5291
5013 5669
5014 5016
5015 5016
5016 5292
5018 5019
5018 5942
5019 5938
5019 5939
5020 5938
5021 5566
5021 5938
5022 5023
5022 6065
5024 5035
5024 5046
5026 6066
5027 6066
5029 5030
5029 7221
5031 5032
5031 6406
5032 5033
5032 5034
5033 5036
5033 5689
5034 5689
5034 5744
5034 6406
5035 5057
5035 5068
5035 5079
5036 5690
5037 5038
5037 5039
5038 5164
5038 5165
5039 5162
5039 5163
5044 5901
5045 6611
5046 5669
5046 6357
5047 5048
5048 5073
5048 5074
5049 6628
5050 7388
5051 5063
5053 5054
5053 5055
5053 5715
5054 5061
5054 5062
5055 5056
5055 5058
5055 5061
5056 5716
5057 5090
5057 5101
5057 5113
5058 5059
5058 5060
5059 5061
5061 6115
5062 6115
5062 6116
5062 6119
5063 6117
5064 5065
5064 5066
5065 5067
5065 5411
5066 5067
5066 5069
5066 5071
5066 5409
5066 5413
5067 5407
5067 5410
5068 5101
5068 6357
5069 5070
5069 5071
5069 5485
5070 5072
5072 5485
5072 6647
5073 5074
5073 5075
5074 6508
5075 5076
5077 5788
5077 5789
5078 7261
5079 5746
5080 5081
5080 5082
5080 5083
5081 6701
5081 6704
5081 6709
5082 5083
5082 5084
5082 5085
5083 5086
5083 5139
5083 6443
5084 5636
5084 6163
5084 6709
5085 5086
5085 5087
5085 5091
5085 6163
5086 5087
5087 5088
5087 5089
5088 5091
5089 5137
5089 5141
5090 5124
5091 6143
5091 6163
5091 6839
5092 5093
5092 5094
5093 5096
5094 5095
5094 5096
5095 5097
5095 5098
5095 5937
5096 5937
5097 5563
5097 5564
5098 5563
5099 5100
5099 6903
5100 6910
5102 6067
5105 6448
5105 6449
5105 7033
5106 7033
5107 5108
5108 5109
5108 5110
5108 5210
5109 5347
5109 5348
5110 5111
5110 5115
5110 5347
5111 5210
5111 5211
5111 5213
5112 5168
5113 5124
5113 5746
5114 5115
5114 5116
5114 5117
5115 5213
5115 6440
5116 5118
5116 6118
5116 6440
5117 5213
5118 5711
5119 5709
5120 5623
5120 5709
5122 5123
5122 6441
5123 5125
5123 5126
5125 6245
5125 6248
5125 6441
5126 5127
5126 6245
5127 5214
5127 5215
5128 5129
5129 5130
5129 5131
5129 6250
5130 5133
5130 5216
5131 5132
5131 5133
5131 5134
5132 5136
5132 6250
5132 6442
5133 5217
5134 5136
5134 5138
5134 5217
5135 5157
5136 6443
5136 6444
5137 5138
5137 5139
5137 5140
5138 6443
5138 6546
5140 5141
5140 6546
5141 5142
5141 7026
5142 7027
5143 5144
5144 5145
5144 5147
5144 5686
5145 5769
5145 5770
5146 5157
5146 5279
5147 5148
5147 5149
5147 5770
5148 5686
5148 6108
5148 6109
5149 5150
5149 6109
5150 5771
5151 5154
5151 6003
5152 5153
5152 5154
5152 5155
5153 5156
5153 5774
5154 5158
5154 5608
5155 5156
5155 5158
5155 5159
5156 5609
5157 5290
5157 6257
5158 5160
5158 5607
5159 5160
5160 5607
5161 6244
5161 6715
5162 5164
5162 5775
5162 5776
5163 5165
5163 6004
5163 6005
5164 5777
5165 6006
5166 5169
5167 5169
5167 5170
5167 5171
5169 5781
5169 5782
5170 5173
5170 6007
5170 6008
5171 5172
5171 5173
5171 5174
5172 5175
5172 5782
5172 5784
5173 5176
5173 6009
5174 5175
5174 5176
5174 5177
5175 5181
5175 5785
5176 5178
5176 6010
5177 5178
5177 5180
5177 5181
5178 5183
5178 5422
5179 5223
5180 5182
5180 5183
5181 5182
5181 5786
5182 5424
5183 5421
5184 6000
5185 5186
5186 5187
5187 6520
5189 5191
5190 6068
5190 7224
5191 5192
5192 5193
5192 6153
5193 6154
5193 6158
5194 5195
5194 5196
5195 6160
5195 6276
5196 6159
5196 6276
5197 5198
5197 5475
5198 5481
5199 5475
5200 5203
5200 6901
5201 5768
5202 5203
5205 5206
5206 7087
5207 5208
5208 6213
5208 7086
5212 5657
5217 6546
5218 6546
5219 7030
5219 7033
5220 5222
5222 5225
5222 5226
5222 6114
5224 6268
5225 5227
5227 5228
5227 5229
5229 5230
5230 5231
5232 5233
5233 7299
5233 7301
5234 7299
5235 6268
5236 5237
5236 5238
5236 5909
5237 6559
5237 6560
5238 6782
5238 7008
5239 5533
5240 5535
5240 5536
5241 5242
5241 6707
5242 6613
5242 6670
5243 5244
5243 5245
5243 5247
5244 5248
5244 5249
5244 5250
5245 5250
5245 5254
5245 6302
5246 5257
5246 5268
5247 5248
5247 5989
5248 5252
5248 6551
5249 5251
5249 5252
5250 5251
5250 6303
5251 6099
5251 6306
5252 6098
5253 5254
5253 5255
5254 5991
5255 5988
5256 5258
5256 5259
5256 5260
5257 6201
5258 5261
5258 5262
5259 5261
5259 6075
5260 5262
5261 6077
5262 6200
5263 5264
5264 5272
5264 5273
5265 5266
5265 5271
5265 5272
5268 6212
5270 6451
5271 6438
5271 7219
5272 7219
5273 6454
5273 6455
5274 7034
5274 7038
5274 7039
5275 5833
5276 7221
5276 7228
5277 5278
5277 6680
5278 6614
5278 6688
5279 5290
5280 5281
5281 5282
5281 6148
5282 5283
5282 5284
5283 6396
5283 6398
5283 6602
5283 6603
5284 6147
5284 6148
5288 5289
5290 6135
5293 5294
5294 5295
5294 7399
5295 6588
5296 5297
5296 5298
5296 6355
5297 5299
5297 5300
5299 5303
5299 6327
5299 6355
5300 5302
5300 5303
5301 6135
5302 5304
5302 6361
5303 6361
5303 6363
5304 5305
5304 5306
5305 6884
5305 6886
5305 6887
5306 5612
5306 6361
5306 6887
5307 5308
5308 5630
5308 6251
5309 6541
5310 5313
5310 6540
5310 6541
5311 6341
5312 5335
5312 6124
5312 6135
5313 6316
5313 6341
5314 5315
5314 6341
5314 6342
5315 5316
5315 6055
5316 5317
5316 6056
5317 5318
5317 6538
5318 6574
5319 5320
5319 5488
5320 6789
5322 6993
5323 5335
5323 5346
5323 5357
5324 6787
5324 6993
5325 7003
5326 6993
5326 6994
5326 7003
5327 6904
5327 6905
5327 6906
5328 5560
5328 5562
5328 6906
5329 5330
5329 5331
5329 6929
5330 6936
5331 6966
5331 6967
5332 5333
5332 5763
5332 6978
5333 5764
5333 6476
5334 5445
5335 5379
5337 5338
5337 5339
5338 6378
5338 6380
5338 6615
5339 5340
5339 5341
5339 6615
5341 5342
5341 5343
5342 5344
5342 5345
5342 6592
5343 6592
5343 6615
5343 6616
5346 5368
5346 5379
5346 5390
5347 6440
5347 6618
5348 5349
5348 5350
5348 6618
5350 5351
5350 5352
5351 5353
5351 6617
5351 6618
5352 5353
5354 5355
5354 6808
5355 6808
5356 5359
5357 5368
5357 6146
5357 6279
5358 5359
5358 5360
5361 6366
5361 6367
5361 6986
5362 6987
5362 6989
5362 6991
5363 7014
5363 7015
5371 5372
5376 6613
5377 5378
5377 6708
5377 7138
5379 5401
5380 5381
5380 7141
5381 5382
5382 5383
5383 6307
5384 5385
5387 5388
5387 6714
5388 6909
5388 6918
5390 5401
5390 7357
5392 5393
5392 5394
5393 5395
5394 5395
5394 5396
5394 5397
5395 6648
5396 5745
5396 7385
5397 7385
5398 5399
5398 5400
5399 5402
5399 5403
5400 6215
5401 5412
5403 6215
5403 6299
5403 6605
5405 5459
5405 5461
5406 5407
5406 5408
5407 5409
5407 5410
5408 5409
5409 5485
5410 5642
5411 5642
5411 6449
5412 7235
5412 7357
5412 7368
5415 5416
5415 5417
5415 6810
5416 6726
5417 6722
5417 6725
5417 6726
5418 6725
5419 6725
5420 7214
5421 5422
5422 6010
5423 6101
5423 7335
5423 7379
5424 5786
5426 5427
5426 5503
5427 6745
5427 6747
5428 6289
5429 6289
5430 6675
5430 6851
5431 5433
5431 5476
5432 5435
5432 6901
5433 5477
5434 5446
5434 5457
5434 5968
5434 7379
5438 5439
5438 5854
5439 5440
5439 5855
5440 5442
5440 5864
5441 7081
5442 5865
5442 6293
5443 5444
5443 6293
5444 5447
5444 6365
5446 5957
5446 6815
5447 6293
5448 6365
5450 5451
5451 6061
5452 5453
5453 5454
5456 5458
5457 5468
5457 5479
5457 5490
5459 5460
5460 5461
5462 5463
5462 5464
5462 6040
5462 6516
5463 6039
5463 6838
5464 6516
5466 5860
5468 5501
5468 5968
5468 5990
5470 5471
5470 6849
5471 5473
5471 5821
5472 5474
5472 5475
5473 5474
5473 5823
5474 5826
5476 5477
5478 5480
5479 5512
5479 5802
5479 5957
5483 5484
5483 5705
5483 6309
5484 5496
5488 6789
5489 5491
5490 5501
5490 5512
5490 5523
5491 5494
5492 6577
5493 5514
5493 6575
5494 5495
5494 6308
5495 5496
5495 6309
5497 5498
5498 5874
5498 6898
5500 6652
5502 6652
5502 6653
5502 6745
5503 6745
5504 5505
5504 5506
5504 6206
5505 5507
5505 6082
5506 5507
5508 6060
5509 6060
5509 6575
5511 7188
5512 5523
5512 5813
5513 5514
5513 6575
5514 6576
5515 5516
5515 7295
5515 7297
5516 7297
5517 5518
5517 5519
5517 6354
5518 5521
5518 5992
5519 5520
5519 5521
5519 5522
5520 5524
5520 6354
5521 5994
5522 5524
5522 5525
5522 5994
5525 5526
5526 5994
5530 5831
5531 5906
5531 5907
5531 5950
5532 5950
5534 5545
5535 5537
5535 5538
5535 5539
5536 5539
5536 5951
5537 5538
5537 6462
5539 5953
5540 5541
5540 5958
5541 6463
5541 6464
5542 7129
5542 7132
5543 5544
5543 5911
5543 7129
5544 5547
5544 5916
5545 6002
5546 5547
5547 5548
5547 5919
5548 5549
5548 5922
5549 5551
5549 5926
5550 5961
5551 5961
5551 5962
5552 5553
5552 5933
5552 5961
5553 5936
5554 6908
5554 6909
5555 5559
5555 5560
5555 6908
5556 6667
5559 6998
5559 6999
5559 7000
5560 5561
5560 7004
5561 6906
5561 6907
5561 6908
5562 7003
5562 7004
5564 5565
5564 5937
5566 5567
5566 5941
5567 5944
5568 5570
5568 5947
5569 7213
5571 5572
5571 5852
5572 5573
5572 5851
5573 6093
5574 5575
5574 6263
5574 6661
5574 7204
5574 7208
5575 5576
5575 5577
5575 6659
5576 5578
5577 5578
5577 6263
5577 6657
5578 5579
5578 6720
5579 6722
5579 6725
5580 5591
5580 7202
5580 7213
5581 5778
5582 5583
5583 5584
5583 5585
5583 6671
5585 5586
5585 5587
5586 5588
5586 5589
5586 6748
5587 6671
5587 6748
5587 6759
5588 5590
5588 5592
5590 5593
5590 6749
5591 6046
5591 6579
5592 6748
5592 6749
5592 6750
5594 6749
5595 5596
5595 5597
5597 5598
5597 5599
5597 6730
5599 5600
5599 5601
5600 5605
5600 6730
5601 5603
5601 5604
5601 5605
5603 5604
5604 5606
5605 5606
5605 5722
5606 6460
5607 5608
5608 6003
5609 5610
5609 5774
5611 5612
5611 6329
5612 6362
5612 6892
5613 7001
5614 6328
5615 6328
5615 6329
5616 5618
5618 5645
5619 5712
5619 6118
5619 6617
5620 5621
5620 5712
5621 5710
5622 5710
5622 6461
5623 6461
5624 5646
5626 6249
5626 6624
5627 6249
5628 6247
5628 6249
5629 5630
5629 5631
5629 6625
5630 6442
5630 6703
5631 5632
5631 6626
5631 6703
5632 5633
5632 5637
5633 6701
5633 6704
5633 6756
5634 5636
5634 5637
5634 5638
5635 5646
5636 5638
5636 6164
5637 5638
5637 6739
5637 6812
5638 5639
5638 6698
5638 6758
5640 6031
5641 5642
5641 6029
5641 6031
5642 6030
5643 5644
5643 6629
5645 6635
5648 6787
5648 6995
5649 6995
5649 6996
5650 5652
5650 6984
5651 5652
5651 5653
5652 6540
5653 5654
5653 5655
5654 5656
5654 5658
5654 5975
5655 5975
5655 5976
5656 5659
5658 5659
5658 5660
5658 5661
5659 5662
5659 6342
5660 5975
5660 5977
5660 5978
5661 5662
5661 5663
5661 5978
5662 5664
5662 6055
5663 5664
5663 5665
5663 5666
5664 5667
5664 6056
5665 5670
5665 5978
5665 5981
5666 5667
5666 5670
5667 6538
5668 5779
5668 5890
5668 6101
5670 5671
5670 5982
5672 6322
5672 6344
5673 5983
5675 6619
5675 6620
5676 6620
5677 6620
5677 6621
5677 6622
5678 6622
5679 6567
5679 6569
5679 6622
5681 5682
5681 5683
5682 5717
5682 5719
5683 5684
5683 5717
5685 5686
5685 5717
5685 6108
5687 5769
5688 5769
5689 7185
5690 5692
5690 5693
5691 5702
5693 6407
5695 6174
5697 6174
5699 6172
5699 6174
5701 5704
5701 5875
5702 5757
5703 5704
5704 5822
5704 6188
5705 6308
5707 5828
5708 5710
5708 5711
5708 6461
5709 6461
5710 5712
5711 5712
5711 6118
5713 5924
5714 5716
5715 5716
5715 6383
5716 6381
5717 5718
5718 5719
5718 5720
5718 6108
5720 5721
5720 5722
5721 5723
5721 6108
5721 6109
5722 5723
5722 6460
5723 6003
5723 6460
5724 6235
5725 6244
5725 7200
5726 5736
5726 6144
5727 5729
5727 6144
5727 6471
5728 6359
5729 6359
5729 6471
5730 5731
5730 6360
5734 5736
5734 5737
5734 6144
5735 6224
5735 6235
5736 5738
5736 5795
5737 5795
5737 7303
5738 7308
5739 5740
5739 5741
5739 5742
5740 5742
5740 5793
5740 5794
5742 5792
5743 6544
5745 6502
5745 7386
5748 5749
5749 5750
5749 5987
5750 5751
5750 6774
5751 5752
5751 6550
5752 6097
5754 6793
5754 7182
5755 5758
5755 6483
5755 7182
5756 5758
5756 7182
5758 5759
5758 6482
5759 6310
5760 5761
5760 7169
5760 7286
5761 5974
5762 5974
5763 5764
5763 6977
5763 6981
5764 6477
5764 6982
5765 7396
5766 6475
5767 5995
5767 5997
5768 5780
5769 6110
5770 5771
5770 6110
5771 5772
5772 5773
5772 6110
5772 6111
5773 5774
5776 5777
5777 5778
5779 6013
5779 6113
5781 5783
5782 5783
5783 5784
5784 5785
5785 5786
5787 6210
5788 5789
5790 6145
5790 6147
5790 6148
5791 5802
5791 5957
5791 6001
5792 5793
5792 6639
5793 5794
5793 6474
5794 6095
5795 7304
5795 7308
5796 5893
5796 6295
5797 5884
5797 5892
5798 5799
5798 5800
5798 7227
5799 5801
5799 5803
5799 5804
5800 5803
5800 6419
5801 5804
5802 5813
5803 5805
5803 6417
5804 5806
5805 6418
5807 5808
5808 5809
5808 5810
5808 5811
5809 5812
5810 5812
5810 5814
5811 5814
5811 6548
5812 5886
5812 5887
5814 5885
5814 6062
5815 5884
5815 5885
5817 5818
5818 5819
5818 6085
5821 5822
5821 5823
5822 5825
5822 5875
5823 5825
5823 5826
5824 5835
5824 5846
5824 6817
5825 6188
5827 5828
5829 5830
5830 6466
5831 6466
5833 7229
5835 5902
5835 6816
5837 5838
5838 5839
5838 5840
5843 5844
5845 5847
5846 6601
5847 5848
5848 5850
5849 5850
5849 5851
5849 6465
5850 5852
5850 5949
5851 5852
5851 6093
5852 6092
5854 5855
5855 5864
5856 7311
5856 7312
5857 5868
5857 6876
5861 5863
5862 6881
5862 6882
5863 6193
5864 5865
5864 5877
5865 6292
5866 6862
5866 6863
5867 5869
5867 6183
5869 5870
5869 5871
5870 6048
5870 6184
5871 5873
5872 5873
5872 5874
5872 5895
5876 7309
5877 7312
5878 5880
5881 5882
5881 5889
5881 5892
5882 5883
5882 5884
5883 5885
5883 6062
5884 5885
5884 5889
5886 5887
5886 5888
5886 5893
5887 5888
5888 5894
5889 5892
5891 6816
5891 6876
5893 5894
5894 6295
5894 6296
5895 6899
5896 5897
5896 6850
5897 5898
5898 6849
5898 6850
5902 6818
5903 5904
5904 6094
5904 6465
5905 5907
5908 6783
5909 6782
5909 6783
5910 5911
5910 5912
5910 5914
5910 7125
5911 5916
5911 5959
5912 5915
5912 5916
5912 5917
5913 7202
5914 5917
5914 6724
5915 5918
5915 5919
5915 5920
5916 5919
5917 5920
5918 5921
5918 5922
5918 5923
5919 5922
5920 5923
5921 5925
5921 5926
5921 5927
5922 5926
5923 5927
5924 6301
5925 5928
5925 5929
5925 5962
5926 5962
5927 5929
5928 5930
5928 5931
5928 5960
5929 5960
5930 5933
5930 5961
5930 5962
5931 5932
5931 5933
5931 5934
5932 5936
5933 5936
5934 5960
5935 6829
5935 6831
5936 6997
5938 5941
5939 5940
5939 5941
5939 5942
5940 5943
5940 5944
5940 5945
5941 5944
5942 5945
5943 5947
5943 5948
5944 5947
5945 5948
5946 6046
5946 6057
5949 6092
5952 5954
5953 5954
5955 5958
5956 6463
5958 6463
5959 7125
5959 7126
5959 7129
5964 6934
5966 5969
5966 5970
5966 6277
5967 6277
5968 5979
5968 6814
5969 6638
5969 6944
5970 5971
5970 5972
5970 6638
5971 5973
5972 6277
5972 6278
5973 6638
5975 6340
5976 6340
5977 5980
5977 6340
5978 5980
5979 5990
5979 6013
5980 5981
5980 6935
5981 5982
5983 5984
5984 6107
5985 6107
5987 5988
5988 5989
5989 6551
5989 6774
5990 6557
5993 5994
5996 6778
5997 6491
5998 6773
6001 6112
6001 6223
6002 6013
6002 6024
6003 6109
6003 6460
6004 6006
6004 6539
6005 6539
6007 6009
6009 6010
6011 6012
6011 6014
6011 6636
6014 6858
6015 6016
6015 6017
6015 7353
6016 6706
6017 6018
6021 6022
6022 6023
6022 6025
6022 6137
6023 6026
6023 6189
6024 6035
6025 6026
6025 6027
6025 6028
6026 6191
6027 6028
6027 6137
6027 6138
6028 6139
6029 6030
6029 6143
6030 6447
6030 6449
6031 6143
6032 6034
6032 6194
6033 6194
6033 6195
6034 6036
6034 6037
6034 6038
6036 6194
6036 6196
6036 6197
6037 6141
6037 6142
6038 6142
6038 6197
6038 7028
6039 6040
6039 6041
6039 6838
6040 6042
6040 6134
6041 6134
6043 6408
6044 6045
6044 6047
6044 6408
6045 6643
6045 6784
6048 6051
6049 6050
6049 6051
6049 6052
6050 6053
6050 6186
6051 6184
6051 6185
6052 6053
6052 6185
6053 6187
6054 6185
6054 6339
6055 6056
6055 6342
6056 6538
6057 6590
6057 6828
6058 6754
6059 6533
6061 6153
6062 6548
6063 6064
6063 6636
6064 6706
6065 6558
6067 6919
6067 6936
6068 6875
6070 6071
6071 6072
6071 6073
6071 6945
6072 6684
6072 6685
6073 6684
6074 6684
6075 6076
6075 6077
6076 6078
6076 6080
6077 6080
6077 6202
6078 6081
6079 6090
6079 6112
6079 6312
6080 6081
6080 6203
6081 6204
6082 6205
6083 6205
6084 6085
6084 6086
6084 6405
6086 6087
6087 6089
6087 6404
6087 6405
6088 6089
6089 6091
6089 6503
6090 7324
6090 7368
6091 6504
6093 6094
6094 6465
6095 6474
6096 6097
6097 6098
6097 6550
6098 6551
6099 6100
6099 6306
6100 6305
6100 6306
6102 6103
6102 6104
6102 6562
6102 7352
6103 6105
6103 6646
6103 7349
6104 6105
6112 6875
6115 6378
6116 6616
6117 6593
6118 6121
6119 6378
6119 6615
6119 6616
6120 6592
6120 6593
6120 6616
6121 6440
6121 6617
6121 6618
6122 6125
6122 6126
6122 6619
6123 6619
6124 6257
6125 6759
6126 6127
6126 6128
6126 6761
6127 6129
6127 6130
6127 6621
6128 6619
6128 6620
6128 6621
6129 6760
6129 6761
6130 6131
6130 6132
6130 6750
6131 6133
6131 6569
6131 6570
6132 6569
6132 6621
6132 6622
6134 6584
6135 6257
6136 6514
6136 6584
6137 6166
6138 6139
6138 6166
6138 6167
6139 6169
6140 6141
6140 6162
6142 7027
6143 6164
6146 6157
6147 6149
6147 6150
6149 6392
6149 6393
6150 6151
6153 6154
6154 6155
6155 6156
6155 6158
6156 6159
6156 6160
6157 6168
6157 6179
6157 6279
6158 6159
6159 6276
6160 6276
6161 6162
6161 6710
6161 6736
6161 6737
6162 6596
6163 6164
6165 6733
6166 6385
6167 6169
6167 6387
6167 6734
6168 6224
6168 6235
6169 6737
6170 6171
6170 6524
6172 6173
6172 6526
6174 6526
6176 6475
6177 6475
6178 6180
6179 6190
6179 6224
6180 6181
6180 6182
6181 6313
6182 6183
6186 6187
6189 6191
6189 6388
6190 6279
6190 6290
6191 6389
6192 6193
6194 6598
6195 6598
6196 6597
6196 6598
6196 6599
6197 6599
6197 7029
6198 6199
6198 6447
6199 6448
6199 7031
6200 6202
6201 6212
6202 6203
6203 6204
6210 7055
6211 7054
6211 7055
6211 7058
6212 6246
6216 6217
6217 6285
6219 6220
6220 6221
6220 6222
6220 6673
6221 6492
6221 6495
6222 6225
6222 6226
6222 6495
6223 7257
6225 6227
6225 6228
6225 6766
6226 6673
6226 6764
6226 6766
6227 6494
6227 6495
6227 6497
6228 6229
6228 6230
6228 6497
6229 6766
6229 6776
6229 6777
6230 6231
6230 6776
6231 6497
6231 6498
6232 6776
6233 6234
6233 6236
6233 7200
6234 6486
6234 6500
6236 6237
6236 6717
6237 6718
6237 6719
6237 7200
6238 6239
6238 6240
6239 6242
6239 6375
6240 6241
6240 6242
6241 6243
6242 6243
6242 6799
6243 6800
6244 6718
6245 6247
6246 7146
6247 6248
6248 6249
6248 6624
6250 6251
6251 6442
6254 6492
6255 6256
6255 6258
6255 6259
6256 6494
6256 6497
6256 6498
6258 6260
6258 6655
6259 6260
6259 6261
6259 6498
6260 6571
6262 6263
6262 6264
6262 6499
6262 6657
6263 7207
6264 6486
6264 6500
6264 7207
6265 6660
6265 6661
6265 7208
6266 6267
6267 6269
6267 6270
6269 6271
6269 6373
6270 6271
6270 6272
6271 6273
6271 6384
6272 6273
6273 6663
6274 6664
6274 6665
6275 6693
6277 6607
6278 6607
6278 6608
6278 6609
6281 6811
6281 7326
6282 6283
6283 6284
6283 6377
6292 6356
6292 6358
6294 6356
6295 6297
6296 6297
6298 6299
6298 6300
6299 6300
6301 6479
6302 6303
6302 6304
6303 6305
6303 6306
6304 6305
6308 6309
6310 6842
6311 6313
6311 6339
6312 7235
6312 7368
6313 6543
6314 6315
6314 6339
6316 6540
6317 6318
6319 6320
6320 6321
6320 6535
6321 6343
6322 6324
6322 6325
6323 6890
6325 6326
6325 6344
6326 6327
6326 6355
6327 6363
6328 6347
6329 6362
6329 6364
6330 6331
6330 6332
6331 6348
6331 6349
6332 6333
6332 6348
6332 7093
6333 6422
6334 6445
6334 6556
6334 6668
6336 6880
6337 6880
6337 7093
6340 6968
6343 6535
6344 7078
6345 6347
6346 6831
6348 6349
6348 6880
6348 7093
6351 6352
6359 6360
6361 6362
6362 6363
6363 6364
6369 7021
6370 6371
6370 6372
6370 6373
6371 6385
6371 6386
6372 6384
6372 6386
6372 6677
6373 6374
6373 6384
6375 6376
6375 6799
6377 7107
6379 6390
6379 6401
6381 6382
6381 6383
6384 6676
6385 6387
6385 6733
6386 6734
6386 6738
6387 6734
6388 6389
6388 6391
6389 6393
6391 6392
6391 6393
6392 6394
6392 6700
6395 6397
6395 6602
6396 6602
6397 6398
6397 6399
6400 6402
6400 6403
6402 6404
6403 6404
6403 6405
6406 6640
6409 6856
6413 6767
6413 6772
6414 6415
6417 6418
6417 6419
6419 6566
6420 6889
6420 6892
6421 6422
6422 6472
6422 6473
6423 7157
6423 7180
6424 7381
6427 6429
6427 6430
6427 7150
6428 7148
6428 7150
6429 6431
6429 6608
6430 6606
6430 6607
6431 7150
6431 7151
6431 7154
6433 6435
6433 6436
6433 6631
6434 7110
6434 7111
6435 6436
6437 6883
6441 6624
6442 6444
6443 6701
6444 6701
6444 6703
6447 6448
6447 6449
6448 7032
6449 6450
6452 6453
6452 6454
6452 6458
6453 6459
6454 6456
6454 7219
6455 6456
6455 6467
6456 6470
6458 6470
6463 7127
6464 7127
6464 7128
6464 7133
6467 6469
6467 6470
6469 6806
6472 6585
6473 6585
6474 6705
6476 6477
6477 6983
6479 7108
6479 7109
6481 6544
6482 6483
6482 6484
6483 7178
6484 6784
6484 7178
6485 6499
6485 7023
6486 6499
6487 6488
6487 6489
6488 6723
6488 7025
6489 6721
6489 7023
6490 6501
6492 6493
6493 6494
6493 6495
6494 6496
6499 6658
6500 7199
6500 7203
6501 7096
6503 6504
6503 6505
6504 6506
6504 6507
6505 6507
6505 6564
6507 6591
6508 6509
6508 6510
6509 6510
6511 6513
6511 6744
6511 6755
6512 7089
6512 7291
6513 6515
6514 6515
6515 6584
6517 6518
6518 6735
6520 6521
6520 6522
6521 6522
6523 6534
6523 7096
6525 6898
6530 6531
6530 6532
6530 6533
6531 6535
6532 6536
6532 6537
6533 6692
6535 6692
6538 6574
6539 7074
6540 6984
6541 6984
6545 6568
6545 6833
6547 7200
6547 7205
6547 7206
6550 6551
6550 6774
6554 6555
6555 6687
6560 6650
6560 6651
6561 6562
6562 6650
6563 6591
6564 6591
6565 7176
6568 7291
6570 6749
6570 6750
6571 6572
6571 6655
6573 6803
6573 7281
6576 6577
6579 6590
6579 6601
6582 6583
6583 6837
6585 6586
6586 6888
6586 6889
6587 6588
6588 7399
6589 6604
6590 7313
6594 6712
6594 6800
6594 6801
6595 6742
6596 6710
6597 6600
6598 6600
6599 7030
6603 6604
6610 6611
6612 6623
6612 6634
6613 6670
6623 6645
6623 6942
6625 6626
6627 6628
6627 7105
6628 6629
6629 7105
6630 6631
6630 6878
6631 6878
6633 7107
6634 6938
6634 6942
6634 6972
6638 6959
6639 6705
6641 7185
6642 7183
6642 7185
6645 6944
6648 6649
6654 7340
6656 6680
6657 6658
6657 6720
6658 6721
6658 7023
6659 6660
6659 6661
6660 6662
6662 7211
6663 6676
6663 6678
6665 6742
6666 7104
6667 7179
6669 6680
6671 6762
6672 6765
6672 7269
6673 6765
6674 6741
6675 6741
6676 6677
6677 6678
6678 6738
6681 6682
6683 7015
6685 6686
6687 6688
6691 6702
6692 6754
6694 7052
6695 7060
6696 7052
6696 7054
6696 7058
6697 6847
6698 6699
6698 6812
6704 6709
6704 6739
6708 7140
6710 6738
6710 6742
6711 6712
6713 6724
6713 6735
6713 6746
6714 6918
6715 6716
6715 6717
6715 6719
6715 6729
6716 6717
6718 6728
6718 6729
6719 6729
6720 6721
6720 6722
6721 6723
6722 6723
6723 6726
6725 6727
6726 7025
6728 7200
6734 6736
6735 6757
6736 6737
6736 6738
6741 7338
6746 6757
6746 6768
6748 6770
6750 6760
6750 6805
6752 6753
6752 7189
6753 6860
6754 6790
6757 6780
6759 6760
6759 6761
6759 6762
6760 6770
6760 6805
6763 6764
6764 6765
6764 6771
6766 6771
6767 6769
6768 6780
6768 7123
6770 6805
6771 6777
6778 6781
6779 6890
6779 7001
6782 6783
6783 6823
6784 6809
6784 6842
6785 6786
6786 6804
6787 6788
6788 6993
6788 6994
6788 6995
6791 6802
6791 6813
6791 6824
6792 6841
6795 6796
6795 6797
6795 6967
6796 6932
6796 6940
6796 6941
6797 6929
6797 6930
6797 6932
6799 6800
6801 7050
6801 7344
6802 6846
6803 7284
6809 7178
6811 7326
6813 7122
6814 6815
6814 6832
6815 6829
6816 6831
6817 6818
6822 7075
6822 7325
6823 7007
6824 6835
6824 6846
6824 7121
6824 7122
6826 6827
6826 7012
6829 6830
6835 6857
6835 7121
6836 7176
6840 6841
6840 7343
6843 7328
6845 7283
6846 6902
6848 6849
6848 6850
6852 7335
6855 7323
6855 7325
6857 6868
6857 7120
6858 7356
6859 6860
6859 7189
6862 6864
6862 7100
6863 7100
6864 6865
6864 7100
6865 6866
6867 6869
6868 6879
6868 7119
6873 6874
6874 7292
6875 7257
6877 7105
6879 6891
6879 6902
6879 7118
6881 6882
6883 7225
6884 6885
6885 6886
6886 6888
6886 6889
6887 6889
6887 6892
6890 7001
6890 7112
6891 6913
6898 6899
6900 7082
6902 6935
6903 6910
6903 6911
6904 6911
6905 6911
6905 6912
6905 6914
6906 6914
6907 6914
6907 6915
6907 6916
6908 6915
6909 6915
6909 6917
6910 6919
6910 6920
6911 6920
6912 6920
6912 6921
6912 6922
6913 6924
6913 7117
6914 6922
6915 6925
6916 6922
6916 6923
6916 6925
6917 6918
6917 6925
6917 6926
6918 6927
6919 6928
6920 6928
6921 6928
6921 6929
6921 6930
6922 6930
6923 6930
6923 6931
6923 6932
6924 6935
6924 6946
6924 7116
6925 6931
6926 6927
6926 6931
6926 6933
6927 6934
6928 6936
6929 6936
6931 6937
6932 6937
6933 6934
6933 6937
6933 6938
6934 6939
6935 6968
6937 6940
6938 6939
6938 6940
6940 6972
6941 6967
6941 6970
6941 6973
6942 6943
6942 6956
6943 6944
6943 6955
6943 6958
6944 6959
6945 6947
6946 6957
6946 7113
6946 7115
6947 6948
6947 6949
6947 6960
6948 6969
6948 6971
6949 6950
6949 6951
6949 6971
6950 6960
6950 6961
6950 6962
6951 6952
6951 6953
6951 6962
6952 6967
6952 6971
6952 6973
6953 6954
6953 6955
6953 6973
6954 6962
6954 6963
6954 6964
6955 6956
6955 6963
6956 6972
6956 6973
6957 6968
6957 6979
6957 7113
6958 6959
6958 6963
6958 6965
6966 6967
6966 6969
6966 6971
6970 6972
6974 6978
6975 6978
6976 6980
6977 6978
6977 6980
6979 6990
6979 7090
6979 7101
6979 7113
6980 6981
6981 6982
6983 6984
6987 6988
6988 6989
6989 6992
6990 7002
6990 7090
6994 6998
6994 6999
6995 6998
6996 6997
6996 6998
6996 7000
6999 7003
6999 7004
7002 7013
7002 7024
7005 7006
7005 7007
7005 7008
7006 7009
7009 7010
7010 7011
7011 7012
7013 7035
7013 7090
7014 7016
7014 7018
7014 7019
7015 7016
7016 7020
7017 7020
7018 7020
7018 7021
7022 7023
7024 7035
7024 7046
7026 7027
7027 7028
7028 7029
7029 7030
7029 7031
7030 7032
7031 7032
7032 7033
7034 7036
7034 7037
7035 7079
7036 7037
7036 7038
7036 7042
7038 7040
7038 7043
7039 7040
7040 7041
7040 7044
7041 7045
7042 7043
7043 7044
7043 7047
7044 7045
7044 7048
7046 7057
7046 7068
7047 7048
7050 7342
7051 7060
7052 7056
7053 7055
7053 7240
7053 7242
7055 7243
7056 7058
7059 7062
7060 7062
7062 7063
7063 7064
7063 7065
7064 7067
7064 7240
7065 7067
7065 7069
7066 7069
7067 7240
7067 7241
7068 7174
7069 7241
7070 7071
7071 7072
7072 7095
7073 7074
7075 7322
7077 7080
7078 7080
7079 7173
7083 7084
7083 7085
7084 7086
7085 7216
7085 7218
7088 7110
7091 7092
7094 7095
7115 7116
7116 7117
7118 7119
7119 7120
7120 7121
7123 7125
7123 7126
7124 7135
7124 7146
7124 7168
7126 7127
7126 7128
7128 7129
7128 7130
7130 7131
7130 7132
7130 7133
7131 7134
7131 7136
7133 7134
7134 7138
7135 7168
7136 7137
7136 7138
7136 7139
7137 7141
7138 7140
7139 7140
7139 7141
7139 7142
7140 7144
7141 7143
7142 7143
7142 7144
7142 7145
7144 7145
7145 7147
7145 7148
7148 7149
7149 7150
7149 7151
7151 7152
7151 7153
7153 7154
7153 7155
7155 7156
7155 7158
7156 7159
7157 7168
7157 7180
7158 7159
7158 7160
7158 7161
7160 7162
7161 7162
7161 7163
7163 7164
7163 7165
7163 7166
7165 7167
7165 7169
7165 7170
7166 7169
7167 7171
7167 7172
7169 7172
7170 7173
7171 7173
7171 7174
7172 7174
7172 7286
7175 7176
7175 7177
7178 7181
7178 7182
7183 7184
7184 7185
7186 7187
7186 7188
7187 7189
7187 7190
7192 7193
7192 7194
7192 7195
7193 7194
7193 7198
7194 7196
7195 7369
7196 7197
7196 7198
7199 7200
7199 7201
7200 7201
7201 7203
7201 7205
7203 7205
7203 7207
7204 7205
7204 7206
7204 7207
7206 7208
7206 7209
7210 7211
7210 7212
7210 7214
7211 7214
7216 7217
7216 7218
7217 7218
7217 7219
7220 7221
7220 7228
7220 7229
7222 7223
7222 7225
7223 7253
7224 7235
7224 7246
7226 7227
7226 7238
7230 7231
7230 7232
7231 7233
7232 7233
7232 7234
7236 7237
7236 7238
7236 7252
7239 7240
7239 7241
7239 7242
7242 7243
7244 7245
7244 7247
7248 7249
7248 7250
7249 7250
7250 7251
7251 7252
7251 7253
7253 7254
7254 7255
7254 7256
7256 7258
7257 7268
7258 7330
7259 7260
7259 7261
7259 7262
7260 7263
7260 7264
7261 7264
7262 7267
7263 7265
7264 7266
7265 7266
7265 7267
7269 7270
7269 7271
7269 7272
7271 7277
7273 7274
7273 7275
7273 7276
7277 7278
7277 7337
7278 7280
7278 7281
7278 7284
7279 7291
7279 7302
7281 7284
7282 7283
7282 7284
7287 7288
7287 7289
7288 7292
7288 7293
7292 7293
7294 7295
7294 7296
7294 7297
7295 7296
7296 7300
7298 7299
7298 7300
7298 7301
7299 7301
7303 7304
7303 7305
7303 7306
7305 7306
7307 7308
7307 7309
7307 7310
7309 7310
7309 7311
7310 7311
7311 7312
7313 7324
7313 7335
7314 7315
7314 7316
7314 7317
7316 7317
7316 7318
7318 7319
7320 7321
7322 7323
7322 7325
7322 7326
7324 7379
7327 7328
7327 7329
7330 7331
7330 7332
7331 7333
7331 7334
7332 7336
7336 7396
7337 7339
7339 7340
7341 7342
7341 7343
7342 7344
7345 7347
7345 7348
7346 7357
7346 7368
7346 7379
7347 7348
7349 7350
7349 7351
7349 7352
7351 7352
7353 7354
7353 7355
7353 7356
7354 7355
7358 7359
7358 7360
7359 7361
7359 7362
7359 7363
7360 7362
7361 7364
7362 7364
7365 7366
7365 7367
7365 7369
7365 7371
7367 7369
7369 7371
7370 7371
7370 7372
7372 7373
7372 7374
7374 7375
7376 7377
7376 7378
7378 7380
7381 7382
7383 7384
7383 7385
7383 7386
7385 7392
7387 7388
7387 7389
7388 7391
7393 7394
7393 7395
7395 7396
7397 7398
7397 7399
7397 7400
