# Nodes
0 3252 2172.1
1 5541.7 4899.1
2 2156.5 4255.2
3 -2582.9 3344.8
4 2155.4 -197.6
5 2069 -204.5
6 2092.4 -487.6
7 1910.1 -359.5
8 1983.7 -211.7
9 1822.2 -366.8
10 1833.4 -508.5
11 1898.7 -218.8
12 1810.6 -226
13 1733.7 -374.1
14 -2476.9 3306.6
15 1745.7 -515.1
16 1393.2 -401.8
17 1404.5 -542.9
18 1380.8 -259.7
19 1330.4 -407.6
20 2993.2 1279
21 3045.6 1331
22 2891.7 -3113.1
23 3597.1 -3504.8
24 3436.5 -3392.2
25 162.9 -3654
26 3551.3 -3577.3
27 3386.6 -3461.3
28 3486 -3322.3
29 3353.1 -3333.9
30 3271.2 -3276.7
31 3329.6 -3421.4
32 3222.2 -3345.7
33 3320.6 -3205.9
34 3105 -3160.8
35 3056.2 -3228.8
36 186.4 -3623.1
37 3154.9 -3089.3
38 2606.7 -2811.9
39 2444.5 -2695.1
40 2560.2 -2878.4
41 2872.7 -2786.8
42 2305.6 -2596.5
43 2395.1 -2763
44 2591.2 -2483.5
45 2199.4 -2525.2
46 2452.7 -2386
47 281.9 -3668.6
48 2241.5 -2237.4
49 2177.6 -2528.4
50 1639.6 -3066.4
51 1586.5 -3063
52 1580.6 -3151.2
53 1638.6 -2974.2
54 1625.2 -3290.3
55 1679 -3293.6
56 1570.5 -3286.4
57 1655.1 -2608.6
58 -79.9 -3964.7
59 1653.4 -2585.5
60 1594.1 -2609.2
61 1592.4 -2749.5
62 1645.7 -2797.9
63 1704.3 -2800.1
64 1569.5 -2793.3
65 1592.6 -2971.5
66 41.7 -2991.1
67 67.8 -3080.9
68 -48.3 -2940.9
69 46.2 -3667.7
70 7.8 -3101.8
71 48 -3259.9
72 209.9 -3069.1
73 -5.4 -3203.6
74 24.9 -2730.2
75 -56.9 -2737.2
76 115.2 -2721.3
77 138.5 -2983.2
78 1652.4 -3913.4
79 1692 -4029.6
80 -29.5 -3677.2
81 1702.7 -3893.9
82 1562.4 -3948.6
83 3584.2 -3183.2
84 3535.9 -3251
85 3633.6 -3113.2
86 3421.3 -3072.9
87 3253.2 -2949.9
88 3302.5 -2879.8
89 3204 -3019.6
90 2916.7 -2705.3
91 72.1 -3561.5
92 2617.4 -2520.6
93 2690.5 -2343.7
94 2300 -2278.1
95 2834.6 -2136.5
96 2188.9 -2137.9
97 2897.6 -2712.4
98 2258.6 810.9
99 2175.5 728.3
100 -3617.3 -3344.1
101 -3576.3 -3548.5
102 -105.1 -3686.7
103 -3534.4 -3260.7
104 -3564.6 -3735.5
105 -3503.4 -3543.9
106 -3654.3 -3553.4
107 -3569.5 -3879.3
108 -3491.3 -3738.2
109 -3490.2 -3882.3
110 -3647 -3876.3
111 -3620.1 -4087.9
112 -3689 -4051.6
113 916.2 3592
114 -256.2 -3712.4
115 -2552 1180
116 -2704.1 1166.9
117 -2480.7 1191.8
118 -2541.5 1117
119 -2709.1 1247.1
120 -2534 1072.1
121 -2398.9 1140.9
122 -2696.4 1045.1
123 679.1 3562
124 623.8 3562.8
125 -249.3 -3765.4
126 672 3604.5
127 618.5 3594.4
128 635.8 3490.8
129 -171.6 -3771.8
130 -230.9 -3861.2
131 -270.3 -3866.9
132 -207.4 -3927.4
133 -134.7 -3902
134 102.9 272
135 299.3 278.9
136 -180.9 -3696.3
137 496 299.4
138 500.8 241.1
139 490.8 363.9
140 306.6 282.8
141 296.9 347.6
142 1061.3 3614.4
143 1068.8 3565.4
144 1052.5 3667.5
145 924.8 3540.4
146 907.6 3643.5
147 -329.1 -3732.7
148 -2017.8 -3999.7
149 -2018.8 -3904.6
150 -1816.5 -3997.4
151 -2217.5 -4002
152 -2019.8 -3818.6
153 -2121.5 -3905.7
154 -2219.4 -3821.1
155 -2020.7 -3736.3
156 -1818.7 -3816
157 -2220.3 -3739.5
158 -407.2 -3698.9
159 -1819.6 -3733.8
160 -2022.4 -3653.9
161 -1975.7 -3652.5
162 -2273.2 -3744.9
163 4295.3 -3579.8
164 4256 -3659
165 4298 -3536.9
166 4505.9 -3912.8
167 4282.5 -3759.5
168 4237.9 -3766.4
169 -438.1 -3691.7
170 4309.6 -3847.4
171 4279.8 -3847.6
172 4292.5 -3912.5
173 4499.6 -4033.2
174 4261.4 -3956.8
175 4125.9 -3972.9
176 4239.4 -3936.7
177 4048.5 -3967.7
178 4110.6 -3907.2
179 3998.4 -4000.3
180 -299.7 -3645.8
181 364.5 353.1
182 422.7 358.3
183 341.2 517.9
184 -1426.4 -81.3
185 -1492.6 -134.3
186 -1361.8 -149.2
187 -1460.3 -30.9
188 -1584.5 -165
189 -1412.3 -231.4
190 -1548.6 68
191 -521.1 -3672.2
192 -1621.2 55.9
193 -1593.5 -279.8
194 2301.5 -3942.5
195 2383.3 -3911.4
196 2252.9 -4020.1
197 2187.3 -3977.3
198 3382 -2414.5
199 3562 -2535.9
200 3332.9 -2484.2
201 3393.8 -2397.1
202 -596.7 -3654.2
203 3001.8 -2250.6
204 3499.3 -2600.6
205 2542.6 -3608.6
206 2485.2 -3676.3
207 2612.9 -3643.6
208 2401.8 -3463.9
209 2438.9 -3731
210 2350.2 -3507
211 2487.2 -3791.7
212 2289.7 -3554.9
213 -513 -3634.5
214 2842.5 -3182.2
215 2726 -2996.5
216 2912.4 -3231.8
217 2677.5 -3065.3
218 2786.8 -3248.5
219 2627.9 -3135.7
220 2691.6 -3283.1
221 2743.2 -3320.1
222 2693.2 -3390.6
223 2632.8 -3375.9
224 3237.7 459.3
225 -587.3 -3616
226 2494.2 -3460.7
227 -2493.5 -440.7
228 -3738.9 4336.4
229 -3724.9 4195.4
230 -4056.9 4414.8
231 -4039.9 4380.9
232 -4029.5 4423.9
233 -4221.4 4168.1
234 144.1 332.8
235 101.8 449.1
236 -671.2 -3637.6
237 -43.1 424.8
238 164.7 459.7
239 84.5 552.5
240 76 603.2
241 -60 528.4
242 -68.5 579.2
243 67.3 655.3
244 212 680
245 50 759.4
246 -77.3 632
247 -744 -3619.7
248 194.4 783.1
249 41.4 811
250 -86.8 736.8
251 32.8 862.4
252 24.2 914.2
253 -129 941.9
254 7 1017.7
255 -137.6 993.4
256 -1.6 1069.2
257 -146.3 1045.1
258 -967.1 -3544.8
259 142.9 1093.2
260 -10.2 1120.8
261 -153.9 1096.9
262 -18.8 1172.5
263 125.9 1196.6
264 -157 1149.5
265 -104.7 1688.9
266 -97.5 1645.5
267 -106.9 1742.5
268 39.9 1712.9
269 -1033.6 -3521.3
270 -243.1 1665.9
271 -190.8 2205.3
272 -208 2308.6
273 -329.5 2182.3
274 -46.3 2229.1
275 -225.2 2411.9
276 -63.5 2332.6
277 -242.8 2517.5
278 -369.8 2387.9
279 -259.9 2620.5
280 -1204.6 -3408
281 -387.3 2493.4
282 -98.3 2541.6
283 -276.2 2718.1
284 -404.7 2596.3
285 -115.4 2644.6
286 -292.4 2815.3
287 -308.6 2912.7
288 -437.1 2791.2
289 -147.8 2839.3
290 -324.7 3010.2
291 -1133.7 -3517
292 -453.2 2888.5
293 -163.7 2936.8
294 -341.9 3112.7
295 -469.3 2986.1
296 -180.2 3034.3
297 -486.5 3088.6
298 -197.3 3136.8
299 -359.4 3217.8
300 -504 3193.7
301 -214.8 3241.9
302 -1006.3 -3537.3
303 -376.6 3321.3
304 -393.8 3424.7
305 -249.2 3448.8
306 -538.5 3400.7
307 -411.1 3528.1
308 -555.7 3504
309 -266.4 3552.2
310 -419.7 3579.7
311 -564.4 3555.7
312 -428.3 3631.5
313 -1360 -3352.1
314 -437 3683.7
315 -283.6 3655.6
316 -573 3607.4
317 -581.6 3659.3
318 -444.7 3730.1
319 -454.1 3786.3
320 -589.4 3706
321 -309.4 3810.4
322 -462.7 3837.6
323 -598.8 3762.1
324 -302.8 -3883.1
325 -496.5 4040
326 -514.6 4147.9
327 -353 4063.7
328 -641.3 4015.8
329 -659.2 4123.7
330 -368.1 4172.3
331 -538.8 4257.9
332 -126.8 -241.2
333 -56.8 -235.2
334 1548.1 -2968.3
335 3246 358.7
336 -278.3 -3952.9
337 1494.6 -2790.1
338 1548.4 -2243
339 1542.2 -2183
340 1682.2 -2223.3
341 1554.8 -2326.4
342 1763.3 -2225.9
343 1906.7 -2210.5
344 1896.3 -2294.3
345 1834.3 -2247.2
346 1942.3 -2165.1
347 -343.5 -3816.2
348 1948.9 -2316.8
349 1872.7 -2408.6
350 984.6 -2762.9
351 922.7 -2889.1
352 865.8 -2860.3
353 845.4 -3026.5
354 802.5 -3111.2
355 918.2 -3038.8
356 794.4 -3000.6
357 680.2 -3166.6
358 -735.2 -3897.1
359 1605.5 -4059.5
360 1541.9 -3890
361 1484.7 -3986.1
362 -997.7 166.7
363 -1008.4 -6.9
364 -1292.5 -82.4
365 -929.1 238.2
366 -1796.8 4238.6
367 -1864.6 4238.6
368 1671.7 1311.6
369 -901.4 -3585.4
370 1813.2 1182.3
371 1837.5 1206.8
372 3463.6 -517
373 3562.8 -650.3
374 3457.6 -373.7
375 3383.6 -523.9
376 3393.4 -665
377 3298.6 -530.9
378 3308 -667.5
379 3225.1 -673.1
380 4836.6 -3856.3
381 3051.6 -692.2
382 2955.2 -559.1
383 2869.3 -566.2
384 2964.9 -699.9
385 2881 -707.8
386 2784.1 -573.2
387 2700 -580.2
388 2797.4 -714.5
389 2711.8 -721.6
390 2615 -587.2
391 4788.2 -3926.9
392 2626.6 -728.5
393 2530 -594.2
394 2540.8 -735.4
395 2445.2 -601.2
396 2362 -609.6
397 2370.1 -750.9
398 2273.7 -615.4
399 2188.5 -621.7
400 2285.4 -756.4
401 2103.8 -628.9
402 4622.9 -3810.3
403 2200.2 -763.4
404 2115.6 -770.2
405 2018.3 -633.8
406 2006.7 -493.3
407 1845.1 -649.8
408 1857 -793.2
409 1757.1 -656.7
410 1770.5 -800.6
411 1427.4 -684.3
412 1353.7 -690.4
413 -1932.4 -1729.3
414 1350.9 -656.1
415 1356 -718.8
416 1341.9 -548
417 1255.9 -664
418 1261 -726.5
419 1159.9 -671.9
420 1144.6 -494.2
421 1173.7 -849.2
422 1063.7 -679.6
423 1050 -502.6
424 -1895 -1397.7
425 1078.4 -857.2
426 967.9 -687.7
427 871.6 -695.8
428 982.4 -864.8
429 953.4 -510.5
430 775.6 -703.4
431 761 -526.2
432 790.2 -881.4
433 707.8 -708.8
434 695.3 -532.3
435 -1951.4 -1874.4
436 649.5 -714.7
437 664.1 -891.8
438 580.9 -720.3
439 595.7 -897.5
440 566.1 -543
441 506.6 -726.3
442 493.6 -549.2
443 454.2 -730.9
444 386.8 -736.1
445 390.6 -825.4
446 3233.8 505.7
447 -1933 -1419.5
448 278 -745.2
449 264.1 -568
450 184.9 -753.3
451 192.3 -841.9
452 -18.6 -769
453 -25.8 -680.8
454 -11.4 -857.1
455 -211.7 -785.9
456 -405 -801.6
457 -218.9 -696.6
458 -1893.3 -1203.8
459 -502.5 -809.6
460 -390.4 -979.2
461 -412.5 -712.8
462 -600.2 -817.1
463 -487.9 -987.3
464 -518.7 -631.9
465 -698.9 -825.5
466 -615.3 -640
467 -586.8 -995.4
468 -683.7 -1003
469 -2239.8 -2462.1
470 -794.1 -833.6
471 -779.6 -1011
472 -808.8 -655
473 -887 -841.1
474 -873.6 -1018.6
475 -903.6 -663
476 -982.7 -849.2
477 -989.9 -762.5
478 -977.5 -911.8
479 -1123.5 -850.1
480 -2332.3 -2449.3
481 -972.1 -977.8
482 -1247.6 -861.4
483 -1318.8 -866.1
484 -1320.7 -791.1
485 -1389 -838.8
486 -1435.8 -898.5
487 -1478.2 -804.5
488 974.2 -3045.6
489 1599.5 1689.6
490 1638.8 1650.6
491 -2161.2 -2537.5
492 1541.7 1738.4
493 1794 1887
494 1773.3 1786.3
495 1686.5 1603
496 1821.6 1738.6
497 1492.8 1405.7
498 1734 1555.7
499 1775.2 1515
500 1637.5 1457.7
501 1971.4 1710.9
502 -2229.9 -2587.7
503 1821.6 1469.1
504 1777.2 1417.2
505 1869.8 1421
506 1913 1378.4
507 2107.8 1574.4
508 1962.4 1328.7
509 2062 1437.5
510 2008.6 1283.1
511 2049.3 1242.7
512 2097.7 1195
513 -2069.1 -2466.9
514 2054.3 1151.4
515 2879.2 50.3
516 2508 794.3
517 2312.9 592.3
518 2536.5 817.9
519 130.4 -93
520 134.7 -144.4
521 -1144.7 -3581.3
522 -1215.4 -3581.2
523 -1109.3 -3582.9
524 -2066.2 -2566.2
525 -1116.6 -3725.7
526 -1298.8 -3565.1
527 -1215.1 -3649.5
528 -1418.8 -3567
529 -1310.8 -3525.3
530 -1512.2 -3568
531 -1455.1 -3512.8
532 -1417.8 -3649.6
533 -1547.2 -3639.6
534 -1551.3 -3533.4
535 -2219.5 -2461.6
536 -1955.5 3862.8
537 -2158.3 3999.1
538 -1830 3781.6
539 -3099.1 -907.9
540 -3149.1 -915
541 -2920.8 -1364.4
542 -3161.9 -708
543 -3243.6 -920.8
544 -2994.3 -1655.2
545 -3337.9 -926.6
546 -186.9 -246.2
547 -3256.2 -713.8
548 -3350.6 -719.6
549 -3432.3 -932.4
550 -3445.2 -725.4
551 -3710.3 -1030.7
552 -3722 -838.7
553 -3867.8 -864.3
554 -3835.4 -964.2
555 -3910.5 -853.6
556 -3932.8 -960.9
557 3388.4 471.7
558 -158 -243.8
559 -4022.4 -968.7
560 -4195.8 -978.9
561 -4101.5 -973.2
562 -4208.4 -772.2
563 -2161.7 1242.1
564 -2246.4 1230.4
565 -2144.2 1137.1
566 -2066.3 1150.1
567 -2228.3 1123.2
568 105.4 203.7
569 -256.7 -251.9
570 111.4 139.6
571 221.7 148.6
572 118.7 49
573 126 -39
574 21.3 -46.4
575 140.9 -219.1
576 147.1 -294.3
577 36 -227.3
578 150.9 -340.7
579 155.7 -398.5
580 2314.7 1258.7
581 74.5 -404.8
582 163.5 -492.1
583 170.3 -575.8
584 177.5 -662.7
585 -32.2 -593.1
586 199.5 -930.1
587 206.8 -1018.4
588 -2.1 -946.7
589 214.1 -1107.3
590 6.5 -1034.1
591 2622.3 1454.8
592 221.4 -1195.7
593 110.3 -1115.8
594 228.8 -1284.9
595 126 -1293.4
596 243.4 -1462.3
597 141.7 -1471
598 258 -1638.9
599 265.4 -1728.5
600 155.6 -1647.3
601 163.3 -1736.9
602 2893 1859.1
603 287.4 -1994.7
604 294.6 -2082.4
605 86.7 -2011.2
606 93.8 -2098.6
607 302 -2172
608 100.8 -2187.8
609 309.3 -2260.4
610 316.6 -2349.5
611 107.7 -2276.9
612 323.9 -2437.9
613 2428.7 1256.1
614 115.4 -2365.1
615 331.1 -2525.7
616 122.8 -2454.3
617 338.5 -2615.5
618 129.7 -2542.3
619 137.8 -2631.9
620 345.6 -2703.1
621 207.1 -2714.4
622 353 -2786.4
623 357.9 -2907.1
624 2476.9 1209.6
625 356.1 -2967.9
626 372.1 -2857.6
627 361.2 -2808.2
628 165.9 -442
629 2203.2 239.2
630 2215.3 96.8
631 2192.1 370.1
632 2287.7 245.2
633 2129.8 90.7
634 2301.8 103.8
635 2292.4 1391.3
636 2225.6 -46.6
637 2142.3 -53.3
638 2310.7 -39
639 2295.4 -886.8
640 2383.5 -925.9
641 2308.8 -1041.5
642 2223.2 -1048.7
643 2392.8 -1034.5
644 2332.1 -1321.7
645 2247.4 -1328.8
646 177.2 886.4
647 2418 -1316.1
648 2421.6 -1458.4
649 2454.7 -1742.7
650 -2254.5 -3336.3
651 -2297.2 -3365.4
652 -2216.4 -3328.9
653 -2766.2 -3132.8
654 1220.4 337.4
655 1306.2 385.1
656 -2790.3 -2853
657 168.9 936.9
658 -2897.6 -2872
659 -2903.6 -2701.3
660 -2761.8 -2892.9
661 -3058.5 -2596.2
662 -2892.5 -2544.2
663 -3094.9 -2576.5
664 -2920.2 -2458.7
665 -2428.7 -3541.8
666 -2067.7 -3504.8
667 -2584.1 -3581.5
668 3099.8 346.5
669 185.8 835.1
670 -1987.8 -3562
671 -2060.7 -3402.3
672 -917.6 1659.5
673 -935 1763.2
674 -992.1 1647.1
675 -845.2 1671.6
676 -862.5 1775.2
677 -1009.2 1751
678 -2075.7 -2353
679 -2149.9 -2339.2
680 331.6 912.1
681 3367.9 721
682 3573.2 745.7
683 3351.2 899.2
684 -3720.8 -2402.1
685 -3818.2 -2409.7
686 -3706.5 -2610.3
687 -3734.1 -2195.6
688 -3881.2 -2413.5
689 -3806.4 -2201
690 -3803.5 -2617.2
691 399.7 587
692 -4013.2 -2421.6
693 -3947.1 -2417.5
694 -4105.6 -2427.2
695 -4025.8 -2214.4
696 -3999.1 -2629.7
697 -4197.7 -2432.8
698 -4094.7 -2633.6
699 -4118.1 -2220.1
700 -4185.1 -2638.5
701 -1780.7 1749.7
702 467.1 643.4
703 -1870.6 1734.4
704 2654.5 3000
705 2761 3018.7
706 2551.3 2982.8
707 2672.5 2894.2
708 2447.8 2965.7
709 2533.8 3085.6
710 2465.4 2859.8
711 2344.5 2948.5
712 2272.2 2936.5
713 712.3 422.1
714 2327.6 3051.4
715 2362.1 2843.1
716 2253.1 3039
717 2200.3 2924.5
718 2056.6 2901
719 2218 2819.2
720 2039.3 3003.2
721 1922.2 2878.2
722 1905.1 2981.1
723 1781.6 2854.9
724 720.6 449.6
725 1799.3 2749.1
726 1637.6 2831.1
727 1655.1 2725
728 1493.2 2806.7
729 1510.7 2701
730 1475.2 2909.5
731 1414 2793.6
732 1348.1 2782.8
733 1331 2885.5
734 1203.7 2758.5
735 1776.8 -3041.7
736 1221.2 2652.7
737 1059 2734.1
738 1186.5 2861.4
739 1041.8 2837.3
740 914.4 2710.1
741 931.8 2604.5
742 769.5 2686.3
743 897.1 2813.2
744 752.4 2789.2
745 625 2662.2
746 -3478 3639.1
747 480 2638.4
748 607.8 2765.1
749 642.6 2556.4
750 497.6 2532.2
751 335.6 2613.9
752 190.9 2589.8
753 317.9 2717.1
754 208.7 2484.1
755 46.3 2565.7
756 29.2 2668.8
757 -3492.2 3611.7
758 63.9 2460
759 -80.7 2436
760 -459.7 2481.6
761 -442.8 2375.6
762 -532.2 2469.2
763 -676.8 2445.3
764 -514.6 2363.8
765 -549.2 2572.2
766 -821.3 2421.2
767 -659.2 2339.5
768 -3460.5 3868.8
769 -685.7 2498.1
770 -830 2474.1
771 -803.7 2315.4
772 -966.1 2397.2
773 -983.2 2500
774 -1113.4 2374.7
775 -948.4 2291.3
776 -1260.2 2350
777 -1276.7 2451.2
778 -1242 2242.4
779 2953.4 334.6
780 -3155.7 3866.5
781 -1404.6 2325.7
782 -1421.2 2427.3
783 -1386.4 2218.4
784 -1549.1 2301.4
785 -1671.8 2280.7
786 -1565.9 2403.2
787 -1531.1 2194.3
788 -1688.5 2383
789 -1703.3 2275.4
790 -1665.8 2244.1
791 -3646.9 3788.6
792 -1819.5 2255.8
793 -1964.1 2231.2
794 -1836.4 2358.2
795 -1981.1 2334
796 -2108.5 2206.6
797 -1959.3 2150.4
798 -2125.7 2309.9
799 -2253.2 2182.7
800 -2270.4 2285.8
801 -2373.5 2163.2
802 2975.7 2080.3
803 -2245.1 2134
804 -2397.7 2159.2
805 -2358.6 1917.2
806 -2470 2147.1
807 -2415 2261.7
808 -2542.8 2135
809 -2455 1910.7
810 -2565.9 2131.2
811 -2559.6 2237.8
812 -2551.8 1904.6
813 2924 2028.4
814 -2662.3 2115.1
815 -2649.4 1898.6
816 -2762.6 2098.4
817 -2757.9 2029.2
818 -3233.9 1996.2
819 -3384 1994
820 -3409.6 1780.5
821 -3504 1774.6
822 -3597.9 1768.6
823 -3940.9 1955.1
824 3066 2172
825 -3927.9 1748
826 -3975 1745.1
827 -4073.9 1739
828 -4172.9 1732.5
829 -1967.3 -1107.1
830 -2033.9 -1112.5
831 -1961.3 -1028.9
832 -3124.6 -2231.9
833 -3084.8 -2072.8
834 -3145.3 -2239.7
835 3192.7 2123.4
836 -3013.3 -2109.1
837 -3121.3 -2316.7
838 -3012.1 -2319.7
839 -3174.9 -2262.4
840 -3214.8 -2403.2
841 -3354.1 -2250.3
842 -3310.3 -2341.6
843 -2187 2679.4
844 -2174.2 2602.4
845 -2330 2644.1
846 1987.3 -1925.2
847 -2158.1 2505
848 -2319 2578.3
849 -2029.6 2626.4
850 -2141.9 2407.6
851 -2302.8 2480.9
852 -2013.5 2529
853 -2286.6 2383.5
854 -1997.3 2431.6
855 5558.4 5150.3
856 5623.3 5150.9
857 1904 -1948.5
858 5617.4 5268.2
859 5619.4 5040.2
860 5613.9 5174.9
861 2458 -3427.4
862 3257.8 -3995.9
863 3184.3 -3950.6
864 3306.8 -3925.9
865 3179 -3972.9
866 -2851.5 3288
867 -2940.9 3552.9
868 1885.2 -1962.4
869 -1726.9 -2981.2
870 -1759.3 -3178.7
871 -1653.2 -3004
872 -1826.4 -2908
873 -1827.6 -3186.4
874 -1690.2 -3194.1
875 2130.8 3524.5
876 2169.8 3530.9
877 2100.8 3519.6
878 4042.1 -3692.8
879 1866.1 -1861.3
880 4071.8 -3663.6
881 187.3 -3135.2
882 291.7 -3062
883 -230.8 -2904
884 -190.9 -2932.7
885 -344.1 -2755.3
886 1425.9 240.5
887 1369.4 170.5
888 1508.9 275
889 1358.4 26.4
890 3091.4 447.3
891 1882.7 -1975.1
892 1285 163.4
893 1308.3 -121.9
894 1313.1 -173.8
895 1115.3 -137.3
896 1303.6 -61.5
897 1369.1 -117.1
898 1267.8 -301.6
899 1236.1 -487.1
900 1319.3 -271.5
901 1130.3 -317.4
902 1921.5 -2067.2
903 1336.1 -478.5
904 1284.5 -1018.4
905 1299.7 -1196.1
906 1270.6 -841.5
907 1188.5 -1026.9
908 1380.9 -1011
909 1314.2 -1373.5
910 1204 -1203.9
911 1395.4 -1188.3
912 1217.8 -1381.9
913 1914.8 -1962.6
914 1410 -1365.6
915 1362 -1960.1
916 1373.4 -2188.4
917 1454 -2181.2
918 2159.5 368
919 2261.2 386.9
920 -783.7 402.7
921 -869.3 393.3
922 -691.7 266.1
923 -612.1 272.3
924 2236 -1599.7
925 -727.9 343.2
926 -675.5 74.8
927 -761.8 260.5
928 -749.8 68.5
929 -668.2 -13.9
930 -480 91
931 -660.8 -102.7
932 -472.6 2.1
933 -653.9 -186.7
934 -801.8 -87.5
935 2222.2 -1459.6
936 -465.3 -86.6
937 -458 -175.4
938 -646.1 -280.5
939 -640.1 -354
940 -447.6 -269.4
941 -751.8 -295.3
942 -1263.9 -187.1
943 -632.8 -442.6
944 -654.2 -452.7
945 -713.9 -647.4
946 2218.4 -1882.9
947 -579.6 -1084.1
948 -383.1 -1068.1
949 -572.7 -1170.4
950 -671.8 -1140.8
951 -375.9 -1155.8
952 -565.3 -1261.4
953 -370 -1243.9
954 -558.2 -1349.5
955 -361.2 -1333.3
956 -673.2 -1178
957 2005.6 -1929.1
958 -551 -1438.7
959 -353.9 -1422.6
960 -543.6 -1527.3
961 -745.2 -1456.5
962 -738.4 -1542.3
963 -346.6 -1511.1
964 -536.4 -1615.9
965 -341.1 -1599.2
966 -730.9 -1631
967 -529.1 -1703.7
968 2165.3 -1941.1
969 -333.2 -1687.2
970 -722.1 -1719.3
971 -499.9 -2059
972 -492.8 -2145.8
973 -302.3 -2043
974 -694.2 -2074.7
975 -493.7 -2235.3
976 -579.4 -2335
977 -602.7 -2242.3
978 -393.8 -2228.4
979 2253.9 -1898.9
980 -473.7 -2324.9
981 -468.2 -2415.4
982 -461.6 -2504.2
983 -665.3 -2430.1
984 -273.6 -2397.5
985 -454.3 -2590.6
986 -266.4 -2484.8
987 -569 -2600.1
988 -251.4 -2663.8
989 -453.3 -2680.1
990 2133.8 -1846.4
991 -258.8 -2574.4
992 -448 -2745.7
993 -378.3 -2759.5
994 -572.8 -3261.9
995 -3860.3 -126
996 -3959.3 -132
997 521.3 -2329.3
998 513.6 -2243.1
999 -78.2 -2381.6
1000 -70.8 -2470.5
1001 3263.4 148.2
1002 2120.8 -2007.4
1003 -85.7 -2293.4
1004 -288.4 -2220.3
1005 -864.2 -2355.5
1006 -654.4 -2607
1007 -672.2 -2341.7
1008 1922.4 4459.1
1009 1805.6 4428.3
1010 1599.8 4393.9
1011 1822.8 4324.9
1012 1784.7 4536.8
1013 2180.6 -1668.4
1014 1617.4 4290.2
1015 1527.2 4382.2
1016 1544.5 4278.6
1017 1509.8 4486.1
1018 1365.7 4462.4
1019 1221.2 4438.7
1020 1093.6 4311.1
1021 1076.5 4414.9
1022 948.9 4287.8
1023 921.3 4283.3
1024 2114.7 -1867.1
1025 931.8 4391.2
1026 898.6 4301.5
1027 804.5 4263.7
1028 797.4 4368.2
1029 659.9 4239.8
1030 821.6 4161.2
1031 676.6 4138.5
1032 512.8 4212.8
1033 642.5 4342.5
1034 370.6 4189.1
1035 2004.2 -1879
1036 496.1 4316.8
1037 353.5 4292
1038 226.2 4165.1
1039 387.8 4086
1040 242.6 4061.8
1041 98.4 4037.3
1042 -63.5 4117.2
1043 -46.1 4013.5
1044 -208.3 4093.3
1045 -190.8 3989.6
1046 2245.4 1343.9
1047 -330.7 4072.6
1048 -335.2 3965.6
1049 -758.2 3996.9
1050 -794.6 4002.9
1051 -810.6 4098.5
1052 -1367.1 3899.7
1053 -1220.4 3924.1
1054 -1513.5 3875.4
1055 -1350 3796.6
1056 -1384.4 4002.8
1057 2244.8 1439.9
1058 -1530.8 3978.4
1059 -1658.3 3851.4
1060 -1496.4 3772.2
1061 -1665.2 3892.8
1062 773.4 3557.9
1063 768.5 3587.2
1064 689.3 3501.1
1065 2089.4 3838.5
1066 -1092.9 -4077.6
1067 -1008.4 -4035
1068 2710.5 1702.2
1069 1491.2 4589.8
1070 1348.7 4565.2
1071 1556.6 4604.2
1072 1332 4663.9
1073 1204.2 4541.1
1074 1186.5 4645.4
1075 1059.5 4517.5
1076 914.9 4494.2
1077 1044 4621.9
1078 898.1 4595.4
1079 2284.5 1286.8
1080 769.8 4470.1
1081 753.6 4571.6
1082 719.7 4462
1083 779.8 4403.4
1084 626 4446.6
1085 480.6 4421.9
1086 336 4396.6
1087 -1253.2 4121.2
1088 -1401.7 4106.3
1089 -1266.5 4201.1
1090 2033.5 224.7
1091 -1419 4209.9
1092 -1548.1 4082
1093 -1565.3 4185.5
1094 -1692.7 4057.9
1095 -1710 4161.3
1096 -1675.5 3954.3
1097 -563.3 4245.9
1098 -676.3 4227.1
1099 -693.6 4330.9
1100 -826.2 4192.1
1101 1952.8 218.2
1102 -1024.5 4149.3
1103 -1049.7 4171.4
1104 -983.4 4156.1
1105 -988.5 4130.4
1106 -1101.5 4136.6
1107 -1056 4144.1
1108 -1175.1 4124.4
1109 -1078.7 3999.8
1110 -1182.5 4215.6
1111 -1152.3 3987.4
1112 404 -3909.1
1113 3387.1 369.6
1114 2045.3 82.8
1115 -1459 -1504.6
1116 -1380.5 -1548.2
1117 -1471.9 -1747.9
1118 -1424.1 -1241.6
1119 -1394.5 -1807.2
1120 -1309.1 -1244.6
1121 -1901.5 2747.9
1122 -1885.2 2650.3
1123 -2044.6 2716.3
1124 -1753.2 2772.5
1125 2117.9 232.1
1126 -1868.9 2553.1
1127 -1737 2675
1128 -1852.7 2455.7
1129 -1720.8 2577.7
1130 -1704.6 2480.3
1131 -2381.8 1482
1132 -2329.8 1217
1133 -2290.8 1497
1134 -2407.3 1204.1
1135 -2415 1631.7
1136 2022.6 356.2
1137 -2316.9 1648
1138 753.3 -2979.4
1139 738 -3026.5
1140 522.6 -2917.3
1141 657.1 -3188.9
1142 818 -2836.8
1143 767.6 -2812.6
1144 826.4 -2811.1
1145 697.4 -2951.3
1146 818.5 -2719.2
1147 2099.2 -2239.1
1148 -1422 -2283.8
1149 -1306.7 -2386.5
1150 -1504.2 -2289.4
1151 -1343.5 -2307.2
1152 -1156.1 -2379
1153 -3388 -49.5
1154 -3388.4 -97
1155 -3436.7 134.1
1156 -3207.1 -39.4
1157 -3483 -102.9
1158 2141.7 -2267.7
1159 -3376 -305.8
1160 -3363.3 -512.7
1161 -3470.3 -311.5
1162 -3281.5 -300
1163 -3268.8 -506.9
1164 -3457.6 -518.5
1165 -3287.6 -1754.1
1166 -3283.5 -1826.8
1167 -3180.1 -1784
1168 -3381.6 -1760
1169 2108.1 -2366.3
1170 -3249.8 -1907.3
1171 -3139.7 -2017.8
1172 -3226.2 -1997.7
1173 -3291.4 -1975.5
1174 -3262.2 -2080.6
1175 -3193.4 -2108.7
1176 -3277.3 -2125.4
1177 -3490.6 1561.3
1178 -3477.1 1347.8
1179 -3571.2 1341.9
1180 2155.2 -2131.6
1181 -3382.7 1353.8
1182 -3464 1140.4
1183 -3451 933.8
1184 -3558.2 1134.5
1185 -3369.5 1146.4
1186 3025.2 -3624.4
1187 2537.3 -3853.2
1188 2916.6 -3926.3
1189 2766.8 -3900.5
1190 1784.3 3999.7
1191 2768.5 -2583.9
1192 -1035.3 1908
1193 -1025 1845.5
1194 -544.5 -3382.1
1195 -600.3 -3442.3
1196 -535.5 -3563.6
1197 -671.2 -3414.4
1198 -646 -3534.4
1199 -862.4 -3424.8
1200 -642.6 -3313.2
1201 -923.6 -3443.8
1202 2745.3 -2616.9
1203 -876.4 -3323.9
1204 -942.9 -3436.4
1205 -869.3 -3466.7
1206 1124.3 1035.2
1207 1092.4 1003
1208 1262.1 898.7
1209 1161.9 1073.2
1210 1246.5 883.2
1211 -1231.9 -380.2
1212 -1231.5 -154.8
1213 2634.3 -2498.5
1214 -1384.3 -371
1215 -1248.3 -440.8
1216 -569.1 -3157.5
1217 1991.3 -3033.5
1218 1947.2 -3030.6
1219 1986.3 -3126.4
1220 2074.6 -2704.6
1221 1872 -3026.4
1222 1871.9 -3114.1
1223 1868.6 -2989.7
1224 3384.5 518.2
1225 2805.6 -2533.3
1226 3785 -3450.6
1227 -1639.9 -3221.3
1228 -1875.4 -3185
1229 -2082 -3331
1230 -1865.3 -3260.7
1231 -2063 -3215.3
1232 -2147.7 -3449.6
1233 -1919.2 -3426.4
1234 -503.8 -3592.9
1235 -1399.4 92.8
1236 -2911.8 3691.5
1237 -1477.2 79.8
1238 -1352.3 251.4
1239 -1385.8 27.1
1240 -1513 286.7
1241 -1694 43.8
1242 -1655.8 263
1243 -1627.8 -327.4
1244 -1765.9 31.9
1245 -1860.1 16.2
1246 -1748.8 -71.3
1247 -2930.1 3618.8
1248 -1800.3 238.7
1249 -1894.3 223
1250 -1953.6 0.7
1251 -1936.4 -102.5
1252 -1970.8 104.1
1253 -2055.2 -16.2
1254 -2200.9 -40.4
1255 -2072.4 87.2
1256 -2182.9 -143.5
1257 -2219.3 62.7
1258 -2944 3681.8
1259 -2344.5 -64.3
1260 -2516 -92.9
1261 -2627.6 -82.1
1262 626.8 -441
1263 635 -537.4
1264 558 -446.6
1265 722.7 -887
1266 679.2 -1068.9
1267 610.6 -1074.6
1268 708 -1066.6
1269 -2888.6 3702.2
1270 1213.6 -2196.1
1271 1229.2 -2381.4
1272 1286.4 -2194.5
1273 1301.6 -2374.8
1274 -54 4481.3
1275 -6.4 4492.7
1276 -2728.8 -4002.1
1277 -2651.1 -3991.1
1278 -1522.8 -535.4
1279 -1523.6 -691.2
1280 -2910.3 3734
1281 -1494.7 -486.8
1282 -1634 -544
1283 -1429.4 -526.9
1284 -1615.2 -697.9
1285 -2774.6 -1204
1286 -2761.7 -865.4
1287 -2578.5 -1222.5
1288 -2861.7 -1304.9
1289 -999.5 -2921
1290 -1002.8 -3106.1
1291 -2970.2 3674.5
1292 3969.8 -3483.4
1293 3944.8 -3392.2
1294 3987.3 -3526.3
1295 3080.8 1777.7
1296 3044.4 1741
1297 3103.8 1757.1
1298 3060.6 1798.2
1299 2972.2 1690.9
1300 2924.7 1619.1
1301 2996.1 1667.2
1302 1846.4 -3212.1
1303 2887.3 1580.9
1304 3024.6 1639.5
1305 2847.4 1620.7
1306 -2177.2 -2634.4
1307 -2252.2 -2719.9
1308 -2013.8 -2635.1
1309 -2267.1 -2748.7
1310 -1981.4 -2718.3
1311 -2357.4 -2770.4
1312 -2316.8 -2848
1313 1872.5 -3204.7
1314 -2192 -2820.3
1315 895.1 292.4
1316 1087 307.9
1317 898.1 351.9
1318 894.3 203.1
1319 990.5 210.9
1320 908.9 25.4
1321 891.8 239.2
1322 -203.4 306.8
1323 -187.8 115.2
1324 1799.9 -3186.1
1325 -309.9 297.5
1326 -105 310.8
1327 -86.3 105.7
1328 -285.1 106.8
1329 2434 3683.4
1330 2417.3 3786.5
1331 2453.1 3578.2
1332 2330.6 3666.1
1333 2554.9 3595.3
1334 2348 3560.8
1335 3384.9 619.1
1336 1873.2 -3168.1
1337 2227.1 3648.8
1338 2083.3 3625
1339 2210.1 3751.7
1340 2066.2 3728.1
1341 1943 3601.5
1342 1874.4 3590
1343 1805.6 3578.7
1344 1879.6 3559.2
1345 1788.4 3683
1346 1747.4 3569.2
1347 1707.9 -3411.3
1348 1665.1 3555.8
1349 1641.2 3662.9
1350 1682.7 3450.2
1351 1519.8 3532
1352 1502.9 3635.8
1353 1538.2 3425.2
1354 1376.3 3508.6
1355 1392.9 3408.9
1356 1358.9 3612.1
1357 1136.6 3469.5
1358 1536.5 -3524.5
1359 1106.5 3464.6
1360 1086.9 3460.9
1361 1093.9 3418.9
1362 1081.2 3494.8
1363 942 3437.2
1364 797.6 3413.2
1365 950.8 3384.2
1366 724.9 3401.1
1367 814.3 3313.6
1368 780.4 3516.3
1369 1401.5 -3676.3
1370 652.9 3387.9
1371 508.2 3362.5
1372 670.8 3280.5
1373 499.5 3414.8
1374 363.4 3338.2
1375 525.8 3257.4
1376 380.8 3233.3
1377 218.7 3314.1
1378 74.4 3290
1379 -70.2 3266
1380 -4192.4 4417.4
1381 57.2 3393.4
1382 92 3184.9
1383 -87.4 3369.4
1384 -52.7 3160.9
1385 -232 3345.4
1386 -648.6 3169.8
1387 -521.3 3297.3
1388 -631.1 3064.6
1389 -665.9 3273.2
1390 -793.2 3145.6
1391 -4202.7 4381.5
1392 -775.8 3040.5
1393 -810.3 3249.1
1394 -937.7 3121.5
1395 -955 3225.1
1396 -920.2 3016.5
1397 -1082.7 3097.5
1398 -1099.9 3201
1399 -1065.2 2992.3
1400 -1229.4 3073.1
1401 -1211.9 2967.9
1402 -4166.3 4394.8
1403 -1246.6 3176.6
1404 -1376 3048.7
1405 -1520.6 3024.5
1406 -1393.1 3152.2
1407 -1537.8 3128.1
1408 -713.6 -3258.6
1409 -573.2 -3220.6
1410 -700 -3138.9
1411 -829.8 -3265.2
1412 -699.6 -3342.3
1413 -4142.3 4380.2
1414 -883.9 -3210.5
1415 -768.5 -3199.3
1416 -1033.4 -3206.1
1417 -1013.3 -3271.5
1418 1191.2 621.6
1419 1137.7 674.7
1420 1227 585.6
1421 3820.8 -3490.8
1422 3825 -3585.1
1423 3855.2 -3478.5
1424 -3932.3 4158.5
1425 -317.9 3861.7
1426 -300 3754.2
1427 -607.3 3813.5
1428 656.5 -176.5
1429 625 -179
1430 666.9 -355.6
1431 551.2 -365.3
1432 746.9 -349
1433 3126.4 -3963.2
1434 3161.7 -4039.4
1435 -4107.2 4454.9
1436 3081.2 -3955.3
1437 3162.4 -3767.7
1438 3048.5 -3949.5
1439 3002.6 -3941.5
1440 3084.3 -3754
1441 2972.1 -3936.1
1442 3006.3 -3740.4
1443 2463 -3884.3
1444 2377.3 -3775.2
1445 2237.7 -3960.9
1446 3641.4 539.3
1447 -4166.5 4449.2
1448 2127.8 -3845.1
1449 2073.1 -4013.9
1450 2083.7 -4045.9
1451 2040.3 -3912.9
1452 3546.5 -2631.3
1453 3614.3 -2380.4
1454 3606.7 -2248.2
1455 3579.9 -1930.4
1456 3579.3 -1791.4
1457 3670.3 -1922.7
1458 -4072.2 4475.9
1459 3563 -1648.5
1460 3540.1 -1365.6
1461 3528.3 -1224.6
1462 3610.8 -1217.5
1463 3498.6 -941.5
1464 3586.6 -933.7
1465 3475.5 -658.4
1466 3333.6 1103.2
1467 3260.4 1210.1
1468 3275.9 1190
1469 -4160.3 4515.3
1470 3343.9 991
1471 3238 1231.1
1472 3188.3 1279.5
1473 3092 1377.6
1474 2955.6 1513.1
1475 3240.5 1526
1476 2927.3 1541.2
1477 3053.1 1611.9
1478 2739.6 1737.1
1479 2682.3 1784.4
1480 1925.2 820
1481 2597.9 1699.3
1482 2538.8 1919
1483 2778.4 1881.5
1484 2589.2 1968.7
1485 2497.7 1967.8
1486 2409.6 2055.5
1487 2318.4 2145.8
1488 2214.5 1858.5
1489 2450.6 2279.2
1490 2271 2192.9
1491 2033.8 868.8
1492 2338.3 2259.8
1493 2223.9 2239
1494 2077.2 1994.5
1495 2184.4 2277.8
1496 2289.3 2305.2
1497 2141.6 2381.1
1498 3579.1 -2481.3
1499 3519.4 -2718.5
1500 3449.7 -2670.8
1501 3495.5 -2807.7
1502 1979.2 923
1503 3472.3 -2895.4
1504 3400.4 -2740.7
1505 3351.4 -2810.4
1506 3454.7 -2987.1
1507 3400.6 -3157
1508 3377.2 -3245.8
1509 3369.3 -3135
1510 3306.3 -3509.3
1511 3172.8 -3415.6
1512 3282.4 -3597
1513 2081.2 904.4
1514 3251.1 -3680
1515 3122.6 -3483.7
1516 3229 -3773.5
1517 3209.2 -3865.6
1518 3443.5 -3030.1
1519 1013.6 -3383.5
1520 1010.2 -3435.6
1521 1071.1 -3387.3
1522 1062.1 -3517.2
1523 1079.2 -3256
1524 1899.8 995.6
1525 1125.5 -3390.9
1526 1179.9 -3394.5
1527 1116.9 -3520.4
1528 1234.5 -3398.2
1529 1171.5 -3523.6
1530 1188.5 -3263.4
1531 1289.7 -3401.8
1532 1226.3 -3526.9
1533 1243.1 -3267.1
1534 1344.3 -3405.4
1535 2075.9 1095.4
1536 1281.3 -3530.1
1537 1298.2 -3270.9
1538 1398.9 -3409.1
1539 1335.9 -3533.3
1540 1407.3 -3278.2
1541 -1649.4 -2284.1
1542 -1512.7 -2339.3
1543 -3335.1 -3854.4
1544 -3242.6 -3887.7
1545 -3411.1 -3885.3
1546 592.1 -1845.2
1547 -3349.8 -4046.3
1548 -3424.7 -4028.5
1549 -3275.5 -4063.8
1550 -1389.9 -2204.1
1551 -2383.8 3302.7
1552 -2315.7 3418
1553 -2331.5 3270.9
1554 -2320.2 2964.7
1555 -2277.6 2886.1
1556 1880.7 3803.4
1557 3533.1 530.5
1558 1705.9 -3293.5
1559 1863.5 3906.9
1560 1840.2 3796.8
1561 1908.8 3808
1562 1823 3900.1
1563 1886 3910.7
1564 -1014.2 -3417
1565 -940.2 -3276.1
1566 -1016.5 -3455.8
1567 -884.5 -3529.9
1568 -949.6 486.6
1569 1768 -3399.7
1570 -802.8 511.1
1571 -966.8 589.9
1572 -1092.7 462.7
1573 -824.1 613.7
1574 -1111.2 565.9
1575 -984 695.6
1576 -837.4 718.8
1577 -1001.2 796.6
1578 -1145.3 771.6
1579 -1018.4 899.9
1580 1629.3 -3441.2
1581 -871.7 924.3
1582 -1162.7 875.8
1583 -888.9 1027.6
1584 -1087.3 1312.8
1585 -940.5 1337.3
1586 -1104.3 1416.5
1587 -1231.9 1288.8
1588 -957.6 1440.6
1589 -974.9 1544.3
1590 -1138.6 1622.8
1591 2486.8 1587.3
1592 -1156.1 1728.1
1593 -1216.9 1724.1
1594 -1172.7 1828.5
1595 -1190.3 1933.1
1596 -1316.2 1797
1597 -1043.6 1957.5
1598 -1334.9 1909.1
1599 -1207.6 2036.2
1600 -1224.8 2139.2
1601 -1077.9 2163.6
1602 2534.9 1541.2
1603 -1130.2 2475.6
1604 -1293 2548.9
1605 -1437.4 2524.8
1606 -1146.4 2573.3
1607 -1309.1 2646.2
1608 -1453.6 2622.2
1609 -1162.5 2670.6
1610 -1325.4 2743.7
1611 -1469.9 2719.6
1612 -1178.7 2768.3
1613 -764.7 -3886.8
1614 -1341.5 2841
1615 -1358.6 2943.5
1616 -1486.1 2817
1617 -1194.8 2865.4
1618 -1503.2 2919.4
1619 -1410.3 3255.6
1620 -1427.5 3358.9
1621 -1555.1 3231.5
1622 -1263.8 3280
1623 -1444.7 3462.4
1624 -673.4 -3856
1625 -1572.3 3334.9
1626 -1281 3383.3
1627 -1461.3 3561.6
1628 -1589.5 3438.4
1629 -1298.2 3486.8
1630 -1479.1 3668.5
1631 -1490.8 3569.1
1632 -1568.6 3653.7
1633 -1332.6 3692.9
1634 -1641.1 3748
1635 -218 -3620.7
1636 -1582.7 4289.9
1637 -1414.7 -3992.8
1638 -1615.4 -3995.1
1639 -1214 -3990.5
1640 -1416 -3811.8
1641 -1417.1 -3729.6
1642 -1215.8 -3809.5
1643 -1680.2 -3814.9
1644 -1215.5 -3727.1
1645 -523.5 1971.1
1646 -548.6 -3785
1647 -535.3 2041.8
1648 -593.1 1941.8
1649 -462.8 2053.9
1650 -607.6 2030.1
1651 -953.1 -1248.6
1652 -854.4 -1235
1653 -1065.1 -1138.9
1654 -1051.8 -1269.6
1655 -944.2 -1381.1
1656 -1037.3 -1388.5
1657 -397.4 -3731.8
1658 1871.6 -970.2
1659 1786.4 -977.4
1660 1880.1 -1073.7
1661 1800.6 -1155.1
1662 1463.6 -1004.3
1663 1478.1 -1181.2
1664 1448.5 -826.7
1665 1366.1 -833.7
1666 1093 -1034.8
1667 997 -1042.7
1668 3606.6 637.8
1669 -599.6 -3811.6
1670 1107.3 -1211.9
1671 1011.5 -1219.6
1672 900.3 -1050.4
1673 804.7 -1058.1
1674 819.3 -1235.6
1675 737.2 -1064.2
1676 420.8 -1090.2
1677 618 -1163.9
1678 603.1 -986.5
1679 412.5 -1090.9
1680 -267.4 -3671.9
1681 318.6 -1098.7
1682 430.9 -1268.4
1683 332.1 -1276.5
1684 13.6 -1123.7
1685 21.1 -1213.3
1686 -182 -1139.4
1687 -175.8 -1228
1688 -230.8 -1055.5
1689 -327.4 -1151.5
1690 -857.8 -1195.5
1691 -109.6 -3574.1
1692 -766.7 -1186.5
1693 -2812.8 -2006.1
1694 -2777.8 -1977.4
1695 -2979.5 -1973.6
1696 -2717.5 -2040.3
1697 3835.4 -3622.3
1698 3849.1 -3654.5
1699 3812.4 -3700.3
1700 3947 -3678.9
1701 4050.1 -3639.4
1702 -839.9 -2559.2
1703 1363.8 -3024.4
1704 1361.9 -3136.7
1705 1366.2 -2916.7
1706 1420.9 -2980.9
1707 1306.1 -3058.7
1708 1352.9 -3274.6
1709 1305.4 -3132.6
1710 1416.6 -3140.2
1711 1390.7 -3536.5
1712 1375.2 -2748.6
1713 -390.5 -3561.8
1714 1429.7 -2750.7
1715 1318.5 -2782.4
1716 1373.6 -2785.7
1717 1405.9 -2787.5
1718 1342.9 -2783.9
1719 1418.8 -2919.6
1720 1310.2 -2913.6
1721 -3464.7 -2080
1722 -1284.8 -1509.4
1723 -1290.1 -1559.5
1724 -406.9 -3617.9
1725 -1343.4 -1843.4
1726 -1318.3 -459.8
1727 -1351.1 -521.2
1728 -1457.2 -461.4
1729 -3175.6 -77.6
1730 -3193.8 -190.8
1731 -3187.4 -294.2
1732 -3174.7 -501.1
1733 -3315.2 1786.5
1734 -3207.6 1579.1
1735 -498.3 -3566.2
1736 -3288.4 1359.7
1737 -3275.3 1152.3
1738 -3156 759.3
1739 -3262.3 945.7
1740 4361 -3450.8
1741 4298.3 -3450.5
1742 649.1 3600.7
1743 757.9 3650.4
1744 763.1 3619.6
1745 -2208.3 2111.2
1746 -370.5 -3560.7
1747 -2193.9 1922.1
1748 -2135 2123.4
1749 -2240.5 2105.8
1750 -398.1 290.6
1751 -382.2 99
1752 -495.5 279.1
1753 463.5 4098.7
1754 549.7 4007.8
1755 405 3981.8
1756 115.7 3933.9
1757 3136.4 -1682.3
1758 -28.7 3909.8
1759 -173.6 3885.7
1760 1981.9 4245
1761 -1203.2 3821.1
1762 -1185.9 3717.3
1763 -1127.7 3839.4
1764 835.1 4080.1
1765 839.2 4055.3
1766 694.3 4031.2
1767 1686.1 4301.1
1768 3178.4 -1640.3
1769 1561.7 4175.7
1770 1417.4 4151.4
1771 1273 4128
1772 1111.2 4206.9
1773 1128.5 4103
1774 1025 4193.1
1775 966.4 4185.5
1776 984 4079.6
1777 957.1 4245
1778 -1340.9 -228.2
1779 3652.7 493.3
1780 3125.6 -1608.2
1781 -1285.6 -156.8
1782 -1446.1 -299.3
1783 -1568.9 -391
1784 -1317.3 -334.7
1785 -1882.1 1939.1
1786 -1773.7 1920.1
1787 -1888.9 1993.2
1788 -1344.7 -636.3
1789 -1332.2 -653.5
1790 -1385.8 -647.9
1791 3174.4 -1766
1792 -1366.4 -686.5
1793 -1409.7 -600.7
1794 2966.1 2896.5
1795 2825.7 3034.4
1796 3044 2972.8
1797 3106.9 2756.7
1798 2891.3 2817.2
1799 3241.5 2623.9
1800 3028.3 2680.8
1801 3181.7 2835.5
1802 2293.9 -3218
1803 3376.1 2484
1804 3315 2697.5
1805 3165.2 2545.7
1806 3450.6 2559.3
1807 2402.9 2637.4
1808 2379.2 2739.6
1809 2252.5 2612.4
1810 2107.3 2588.2
1811 2269.8 2508.5
1812 2090.2 2691.5
1813 -2790.4 2539.4
1814 1969.8 2565.3
1815 1875.2 2549.3
1816 1954.7 2668.9
1817 1987 2462
1818 1833.8 2542.3
1819 1690.1 2518.5
1820 1851 2438.7
1821 1672.5 2621.9
1822 1544.8 2494.4
1823 1706.7 2414.7
1824 -2788.3 2500.1
1825 1562.2 2390.7
1826 1400.1 2470.3
1827 1382.9 2573.7
1828 1255.6 2446.2
1829 1111 2422.2
1830 1272.8 2342.6
1831 1093.8 2525.5
1832 966 2398
1833 983.3 2294.4
1834 821.7 2374
1835 -2719.2 2586.2
1836 676.9 2349.9
1837 813.1 2425.5
1838 531.3 2325.7
1839 668.4 2401.4
1840 694.2 2246.4
1841 548.9 2222.2
1842 387.7 2301.8
1843 243.1 2277.6
1844 379.1 2353.3
1845 260.4 2174
1846 -1986.9 2952.1
1847 98.3 2253.4
1848 -29 2125.9
1849 -332.6 2239.5
1850 -480.3 2157.3
1851 -624.9 2133.2
1852 -498.1 2260.3
1853 -642 2236.3
1854 -769.5 2109.1
1855 -786.6 2212.2
1856 -752.2 2006
1857 -1984.5 2986.8
1858 -914.1 2085.1
1859 -1060.8 2060.6
1860 -897.5 1981.8
1861 -931.2 2188.1
1862 -1352.1 2012.1
1863 -1369.3 2115.4
1864 -1496.8 1988
1865 -1621 1967.4
1866 -1514 2091.5
1867 -1479.6 1885.1
1868 -2142.4 3158
1869 -1632.3 2038.6
1870 -1602 1864.7
1871 2332.4 -3521.3
1872 2237.7 -3396.1
1873 2250.3 -3555.4
1874 -68.2 -1308.9
1875 -55.3 -1486.2
1876 28.1 -1300.6
1877 42.2 -1478
1878 -47.4 -1579.7
1879 -2116 3177.9
1880 -151.5 -1495.6
1881 46.8 -1571.7
1882 -41.3 -1663.2
1883 2568.4 -18.7
1884 2539.8 -20.2
1885 2596.7 -16.4
1886 2495.7 -167.8
1887 2663.5 -1173.5
1888 2578.1 -1181.9
1889 2672.7 -1292
1890 3666.9 288.8
1891 3136 -1131
1892 2588.1 -1298.6
1893 1296.6 1603.1
1894 1349.5 1548.7
1895 1248.7 1595.2
1896 1392.7 1621.6
1897 1403.7 1493.9
1898 1367.3 1280.4
1899 1540.1 1358.7
1900 1411.6 1228.5
1901 1580.5 1318.5
1902 3157.4 -1453.3
1903 1678.2 1417.3
1904 1627.2 1272.3
1905 1583.1 1222.3
1906 1768.4 1137.2
1907 1814.5 1086.4
1908 1985.2 534.8
1909 2153.3 424.6
1910 2389.7 515.7
1911 2460.3 444.3
1912 2285.1 275.7
1913 3114.4 -1475.9
1914 2553.5 350.2
1915 2581.9 322.2
1916 2807.6 434.3
1917 2620.1 284.9
1918 2687.4 217.2
1919 2426.5 89.8
1920 2752.7 151.9
1921 2493 23.4
1922 2836.8 67.8
1923 2897.6 10.2
1924 3109.7 -1412.5
1925 2910.7 -32.8
1926 2791.2 2
1927 2928.2 4.8
1928 -3912.3 3069.8
1929 -4241.5 3042.8
1930 -4186.9 2972.2
1931 -3660.6 3140
1932 2110.9 361
1933 1862.2 210.8
1934 1960.2 76
1935 3100.1 -1258.6
1936 1775.3 203.7
1937 1874.5 69.2
1938 1787 61.8
1939 1773.6 227.3
1940 1293.8 57.2
1941 1278.4 236.1
1942 -1141.6 -1394.3
1943 -1133.7 -1362.9
1944 -1126 -1484.8
1945 -1224.1 -1492.9
1946 3294.7 -1528.2
1947 -936.9 -1469.1
1948 -1118.5 -1574
1949 -929.6 -1558.4
1950 -1111 -1663.1
1951 -1272.5 -1586.6
1952 -1290.3 -1679.8
1953 -922.3 -1646.9
1954 -2555.1 1423.7
1955 -2631.4 1411
1956 -2521.2 1436.5
1957 3253 -1531.6
1958 -823.3 -478.1
1959 -918.3 -487.8
1960 -819.1 -529.6
1961 -912.8 -550.9
1962 -752.5 -1365.7
1963 -843 -1372.9
1964 -829.6 -1550.2
1965 -681.8 -2161
1966 -885.9 -2090.7
1967 -680.2 -2250.4
1968 3380.6 -1520.7
1969 -878.8 -2176.8
1970 -871.5 -2265.8
1971 -648.9 -2670.8
1972 -268.7 -3045.1
1973 -639.6 -2726.2
1974 -655.6 -2786.5
1975 -807.9 -3146.4
1976 -2224 -3908
1977 -2348.8 -3913.7
1978 -2363.6 -3827.4
1979 3291.6 -1504.4
1980 -2917.2 -68.1
1981 -3201.9 -79.5
1982 -3294.2 -91.2
1983 -3577.1 -108.6
1984 -4057.9 -138.1
1985 -4152.1 -143.9
1986 -4246.5 -149.6
1987 -3200.3 -91.8
1988 -2846.8 -56.5
1989 620 907.7
1990 3177.9 -1177.8
1991 611.5 958.9
1992 475.6 883.5
1993 484.4 831.8
1994 326.8 858.7
1995 339.8 807.3
1996 -2561.1 -1551.2
1997 -2500.2 -1600.1
1998 -2461.8 -1605.1
1999 -2457.9 -1579.9
2000 -1016.8 -493.5
2001 3553.8 278.2
2002 3162.4 -997.7
2003 -1068.5 -536.1
2004 -1004.7 -582.4
2005 -1062.6 -609.8
2006 -997.4 -671.5
2007 -1057.2 -676.4
2008 -1187.4 -778.4
2009 -915.1 -1735.4
2010 -1054.5 -2370.9
2011 2578.6 -3205.5
2012 2611.2 -3332.8
2013 3187 -1251.7
2014 2529.5 -3275.2
2015 2411.9 -3087
2016 2356.5 -3151.7
2017 2462.1 -3018.2
2018 2311.9 -3009.4
2019 2405.2 -2975.4
2020 3737.3 -4021.5
2021 3571.2 -3904.4
2022 3786.7 -3951.9
2023 3404.1 -3787.2
2024 2946.5 -16.9
2025 3522.1 -3974.2
2026 3620.3 -3834.7
2027 3355.1 -3857.1
2028 3453.4 -3716.9
2029 3071.1 -3560.2
2030 -1663.6 -1133
2031 -1771.7 -986.7
2032 -1513.8 -1753.7
2033 -1554.3 -1796
2034 -1473.8 -1936.1
2035 3076.5 -346.6
2036 -1605.5 -1545.7
2037 -1491 -2026.9
2038 -1487.8 -2074.7
2039 -1476.5 -2189.5
2040 -1442.3 -2182.1
2041 -2294.9 -4024.6
2042 -2355.7 -4064.7
2043 -2424.6 -3926.3
2044 -2383.9 -3753
2045 -2455.4 -3779.9
2046 3123.5 -645
2047 -2492.9 -3606.6
2048 -2562.5 -3653.9
2049 -2752.3 -3597.5
2050 2737.5 -3.3
2051 2652.6 -10.9
2052 2812.5 -906.6
2053 2896.9 -899.8
2054 2850.9 -1047
2055 2843.5 -1200.1
2056 2890 -1847.2
2057 3024.4 -350.4
2058 2985.6 -1839.5
2059 2803.9 -1854.3
2060 -107.6 -2027
2061 -1379.9 -2231.5
2062 -1443.9 -2224.4
2063 2054.7 -2628.9
2064 2024.6 -2683.8
2065 2098.1 -2658.7
2066 2016.9 -2601.1
2067 1982.2 -2664.2
2068 3087.7 -405.8
2069 -3042.9 -2033.2
2070 -2916.2 -1974.5
2071 1401.3 -4026.4
2072 2315.1 2417.2
2073 2235.2 2716.1
2074 2074.2 2795.4
2075 2183.4 3027.4
2076 2175.2 3076.1
2077 2031.2 3052.3
2078 2166.8 3125.9
2079 3139.6 -401.6
2080 2234.7 3138.8
2081 2159.8 3168.9
2082 2151.3 3221.1
2083 2125.4 3245.6
2084 2006.7 3197.2
2085 2144.6 3258.6
2086 2134.2 3319.8
2087 2278.2 3343.7
2088 2117.8 3417.1
2089 1964.2 3391.9
2090 3029.3 -410.3
2091 1958.3 3495.6
2092 1926 3705
2093 2049.1 3831.4
2094 2045.6 3852.3
2095 2142.4 4163.9
2096 -2804.8 3629.7
2097 -2842.7 3566.6
2098 -2639.6 3904.8
2099 -2743.9 3588.2
2100 -2864.3 3672.2
2101 3067.2 -264.2
2102 -2874.8 3512.8
2103 -2793.8 3464.9
2104 -3870.9 -4074.1
2105 -3913.7 -4072.7
2106 -3868 -3986.8
2107 -3972.7 -4012.5
2108 -4098.7 -4032.5
2109 -4108.6 -3967.1
2110 1944.3 -2068
2111 1902.8 -2085.8
2112 3684.8 77
2113 3016.5 -268.4
2114 2036.2 -2032.1
2115 1958 -2115.3
2116 2026.6 -2122.9
2117 1876.1 -2104.1
2118 2013.5 -2219.1
2119 1694.8 -2320.2
2120 1557.1 -2356.7
2121 1395.6 2896.2
2122 1375.7 -4038.9
2123 1358.5 -3966.8
2124 3128.2 -258.6
2125 1681.3 -3833.8
2126 1738.2 -3880
2127 1778.1 -4000.7
2128 1823.1 -3846.6
2129 1899.6 -3816.5
2130 1865 -3971.4
2131 1869.7 -3759.9
2132 1994.4 -3779.5
2133 1952 -3942.8
2134 2069 -3727.2
2135 1856.1 277.1
2136 1967.4 -3721.6
2137 2108.4 -3698.4
2138 2063.9 -3689.6
2139 2086.8 -3568.2
2140 2179 -3643.4
2141 2172 -3561.3
2142 2236.2 -3597.8
2143 2255.1 -3582.5
2144 -1759.8 -446.2
2145 -1772 -371.1
2146 1522.4 320.9
2147 -1876.1 -465.5
2148 -1742.4 -553.6
2149 -2002.9 -486.5
2150 -1859.8 -563.6
2151 -1888.6 -390.4
2152 -2122.5 -506.3
2153 -1988.4 -573.4
2154 -2015.4 -411.5
2155 -2109.9 -582.6
2156 -2135.1 -431.3
2157 1709.6 529.4
2158 -3498.9 4092.6
2159 -120.3 890.2
2160 -111.8 838.3
2161 -1375 -1834.6
2162 -1754.5 1201.9
2163 -1910.5 1176
2164 448.4 -2879.6
2165 -63.6 -2558.3
2166 -56.2 -2647.8
2167 4325.2 -3182.9
2168 1572.5 665.8
2169 4444.6 -3011.8
2170 4162.3 -3063.6
2171 4298.6 -3284.8
2172 4298.7 -3340.5
2173 4236.9 -3284.7
2174 4236.4 -3340.7
2175 4236.3 -3450.8
2176 -2875.2 -2036.7
2177 -2881.9 -2074.4
2178 -2805.3 -2110.7
2179 1844.5 665.6
2180 -2971 -2159
2181 -2957.5 -2265.8
2182 3219.7 2873.7
2183 2949.1 2601.3
2184 2994.6 2561
2185 2875.6 2526.1
2186 2798.9 2449.4
2187 2807.8 2593.7
2188 2846 2402.5
2189 2650.4 2298.7
2190 1603.9 423.7
2191 2601.2 2254.3
2192 2540.2 2188.5
2193 2649.6 2203.8
2194 2505.7 2152.9
2195 2639.3 2019.5
2196 2302.8 1770.7
2197 2078.5 1724.4
2198 2016.5 1665.7
2199 2065 1616.9
2200 1857.3 1499
2201 1728.9 297.6
2202 1918.1 1288
2203 1727.3 1367.3
2204 1863 1232.5
2205 1532.1 1170.8
2206 1718 1086.5
2207 1487.6 1125.9
2208 1577.8 1038.1
2209 1435 1072.7
2210 1480.7 1027.7
2211 1354.6 991.4
2212 1656.8 476.2
2213 1297.8 939.9
2214 1230.4 866.9
2215 1382.4 748.4
2216 1193.3 831.2
2217 1332.3 693.3
2218 1131.1 768.9
2219 1088.1 724.9
2220 1022.5 653.4
2221 969.3 573.2
2222 1035.5 537.3
2223 695.2 -3880
2224 3405.4 266.1
2225 1980.6 89.6
2226 837.9 635
2227 925.4 475.1
2228 892.6 460.2
2229 323.5 -2968
2230 228.5 -2975.5
2231 -49.4 -3120
2232 -48.4 -3141.1
2233 1006.3 1016.6
2234 1056.3 966.5
2235 1107.9 1126.2
2236 -2367.2 3930.1
2237 1018.5 1215.3
2238 2543.7 2569.7
2239 2595.9 2519.6
2240 2453.7 2478.1
2241 2505 2427.8
2242 602.1 564.7
2243 536.2 559.9
2244 624.5 566.3
2245 2418.8 2435.7
2246 2376.2 2478.1
2247 -2507.2 3862.9
2248 2466 2388.3
2249 2357.8 2374.2
2250 2405.1 2326.2
2251 -2362.7 3785.4
2252 -1148.6 -556.2
2253 -1136.2 -683
2254 -1081.4 -624.4
2255 -1193.9 -687.7
2256 -1014.6 -3724.6
2257 1426.3 -2787.2
2258 -2335.6 4156.9
2259 1482.5 -2963.8
2260 1470.7 -3143.9
2261 1462.1 -3281.9
2262 1447.3 -3534.5
2263 460.6 -284.1
2264 354.2 -292.1
2265 467.8 -372.4
2266 453.1 -193.2
2267 343.4 -201.5
2268 3925.9 -3306.6
2269 -2407.3 3809
2270 1104.4 3355.7
2271 959.5 3331.7
2272 -1586.4 -3144.2
2273 -1503.4 -3106.1
2274 -1613.3 -3222.6
2275 -1586.5 -3067.1
2276 -1801.9 -186.3
2277 -1786.8 -279.2
2278 -1919.2 -205.7
2279 -1731.7 -174.6
2280 1996 -2485.6
2281 -1903.8 -298.7
2282 -1728.1 -641.6
2283 -1654.8 -545.2
2284 -1623.3 -623.3
2285 -1845.2 -651.3
2286 -1911.4 326.1
2287 -1961.7 317.6
2288 -1817.3 341.8
2289 -1988 207.4
2290 -2622.8 -156.3
2291 2161.6 -2110
2292 2744.4 3120.6
2293 2728.1 3220.2
2294 2637.2 3102.8
2295 2430.8 3068.5
2296 2516.7 3186.2
2297 2319.3 3099.9
2298 1859.1 2973.5
2299 1896.9 3030.1
2300 1764.7 2957.9
2301 1748.5 3055.5
2302 2166.2 -2085.8
2303 1828.8 2572.9
2304 1621.5 2934.1
2305 1613.4 2981
2306 1459 3007.4
2307 1314.8 2983.3
2308 1170.3 2959.1
2309 1025.6 2935
2310 881.3 2910.9
2311 736.2 2886.7
2312 591.5 2862.5
2313 2157.7 -2062.8
2314 462.1 2740.9
2315 -421.2 2694
2316 -693.9 2548
2317 -565.4 2670
2318 -838.3 2524
2319 -710.2 2645.9
2320 -854.5 2621.8
2321 -999.5 2597.7
2322 -1582.2 2500.7
2323 -2431.2 2359.5
2324 2060.6 -1931.8
2325 -2575.7 2335.1
2326 -1615.9 3642.2
2327 -1627.7 3671.6
2328 -1654.5 3694.6
2329 -1635.1 3711.9
2330 -1755.6 3781.4
2331 -1784.6 3797.7
2332 311.4 225.7
2333 506.4 171.7
2334 -1053.4 -2698.9
2335 3536.9 483.9
2336 1077.7 340.6
2337 -924.8 -2887.7
2338 -936.4 -2675.4
2339 57.3 -1655.3
2340 1673.3 1041.6
2341 1727.4 998.2
2342 -37.8 -506.1
2343 -233.2 -512.6
2344 -45.3 -414
2345 -2385.2 1062
2346 1045.9 -2766.1
2347 749.7 404.6
2348 1037.9 -2898.6
2349 1100 -2768.8
2350 1092.4 -2901.6
2351 983.2 -2895.6
2352 1030.5 -3052.1
2353 1087.8 -3058.7
2354 1005.1 -3513.9
2355 709.4 -3417.5
2356 998.1 -3621.7
2357 946.5 -3510.4
2358 -2457.4 3105.7
2359 939.2 -3619.7
2360 -2905.5 3604
2361 -2963.8 3813.1
2362 -2862.9 3827.3
2363 -2802 3777
2364 -2710.9 3570.3
2365 -2706.8 3592.5
2366 -2686.4 3556.6
2367 -2667.6 3589.2
2368 -2761.5 3446.5
2369 -2373.9 3363.8
2370 -1808.2 -3045.5
2371 1376.1 1723.3
2372 1475.8 1740
2373 1231.4 1699.1
2374 1214.2 1802.4
2375 1159.4 1687.1
2376 1086.7 1674.9
2377 1104 1571.4
2378 941.9 1650.8
2379 924.8 1754.2
2380 -4092.6 4489.8
2381 797.9 1626.8
2382 788.7 1678.2
2383 805.7 1575.2
2384 652.3 1602.5
2385 669.6 1497.2
2386 508.2 1578.5
2387 -208.6 1459.1
2388 -225.9 1562.5
2389 74.2 1506.2
2390 -359.7 1433.9
2391 -3293 3496.3
2392 -376.9 1537.3
2393 -648.9 1385.8
2394 -504.3 1409.8
2395 -631.7 1282.7
2396 -666.1 1489.2
2397 -793.6 1361.7
2398 -802.3 1413.7
2399 -776.5 1258.8
2400 -867.1 1349.5
2401 -883.2 1453
2402 -3086.4 3780.3
2403 -1247.6 1395.6
2404 -1375.8 1265
2405 -1521.3 1240.9
2406 -1394.1 1371
2407 -1539.1 1346.8
2408 -1671 1215.8
2409 -1988.3 1163
2410 -2006 1268.5
2411 -2083.8 1255.2
2412 -2692.4 981.6
2413 -3361.6 3583.8
2414 -2521.2 3708.6
2415 -2486.7 3687.1
2416 -2626.7 3564.2
2417 -2451.2 3832.3
2418 2814.9 2739.9
2419 2868 2687.1
2420 2738.1 2663.2
2421 -1733.9 1591.2
2422 -1716.8 1491.3
2423 -1843.7 1571.3
2424 -3173.4 3842.1
2425 -1866.8 1710.4
2426 -1934 1556.3
2427 -2024.1 1541.3
2428 -1958.9 1707.5
2429 -2114.4 1526.3
2430 -2049.1 1692.6
2431 -2204.7 1511.3
2432 -2139.5 1677.4
2433 -2229.6 1662.5
2434 -2431.5 1473.8
2435 -3125.2 3727
2436 -2463.7 1463.3
2437 -2446.4 1432.4
2438 -2481.2 1492
2439 -2492.9 1449.6
2440 -2718.5 1396.4
2441 -2731.9 1609
2442 -2830.4 1602.8
2443 -3019.2 1590.9
2444 -3301.8 1573.1
2445 -3396.2 1567.2
2446 1391.5 4307.5
2447 -2990.4 3808
2448 -3584.5 1555.4
2449 -3678.8 1549.4
2450 -3865.1 1497.1
2451 -3901.2 1321.1
2452 -3888.2 1113.8
2453 -3948.3 1318.1
2454 -3935.3 1110.8
2455 -3961.3 1524.8
2456 -4047.1 1311.9
2457 -4146.1 1305.7
2458 -3273 3705.5
2459 -4034 1104.6
2460 -4060.5 1525.4
2461 -4240.2 1299.7
2462 -4133 1098.4
2463 -4159.5 1519.2
2464 -4227.2 1092.5
2465 -4253.7 1513.2
2466 1885.8 -1148.1
2467 1895.1 -1325.5
2468 1815.1 -1332.1
2469 -3396.8 3615.8
2470 1903.1 -1356.3
2471 1991 -1348.9
2472 1767 301.2
2473 1803.6 352.4
2474 1913.8 325.4
2475 1763 251.5
2476 1886.9 -74.8
2477 1929.3 -1709.7
2478 -1708.9 -814.6
2479 -1573.7 -1038.3
2480 -319.8 -3552.6
2481 -1671.4 -732.6
2482 -1753 -841.5
2483 -1490.4 -1045.8
2484 -1345.1 -1143.2
2485 -1465.4 -981.2
2486 -1974.6 -2755.1
2487 -1989.1 -2670.7
2488 710.4 -3376
2489 402.2 -3319.9
2490 -4225.4 4111
2491 -131.5 -3504.9
2492 -2190.3 3602.9
2493 -1870.3 3420.3
2494 -2082.5 3450.8
2495 -2219.3 3690.2
2496 -2326.9 3766.4
2497 -2552.2 3879.4
2498 -2620.7 3667.2
2499 -2656.7 3689
2500 -2109.9 3309.5
2501 -2091 3260.6
2502 3736.5 -636
2503 3103.3 3032
2504 -97.6 226.5
2505 -276.8 18.2
2506 -822.4 62.4
2507 -907.8 5.7
2508 -902.1 55.7
2509 -846.7 262.8
2510 1182 227.4
2511 1185.4 326.8
2512 1086.5 219
2513 3647.1 -643.6
2514 1101 41.3
2515 828.1 197.7
2516 842.7 20.1
2517 701.6 187.6
2518 768.3 192.9
2519 716.9 10.1
2520 696.4 274.3
2521 631.9 181.9
2522 609 376.4
2523 587.9 178.3
2524 3812.2 -636
2525 610.1 2.1
2526 512.7 96.7
2527 245.4 -29.1
2528 313.4 156
2529 8.8 131
2530 -46.8 126.5
2531 -3352.2 -3534.5
2532 -3429.8 -3539.3
2533 -3315.4 -3705.9
2534 -3324.4 -3532.7
2535 3552.4 -510
2536 -3771.7 -3561.3
2537 -3731.6 -3558.2
2538 -3717.3 -3729.8
2539 -3192.8 -3536.8
2540 -3193.9 -3513
2541 -2489.5 -2777.9
2542 -2445.7 -2580.6
2543 -2710.8 -2906.3
2544 -1961.1 -1986.9
2545 -121.4 -3201.4
2546 2060.7 -2230.2
2547 328.2 -3395.3
2548 -227.9 -3125.2
2549 -1243.3 -1107.9
2550 -1335.4 -991.2
2551 1940.4 -3663.8
2552 1846.2 -3700.7
2553 1657.9 -3775.7
2554 1525.1 -3827.4
2555 1339.6 -3894.3
2556 -2373.5 -394.5
2557 1246.3 4282.2
2558 1763.9 -3028.3
2559 -2481.9 -2242.8
2560 -2566.5 -2366.3
2561 -2460.1 -2249.6
2562 -2557.9 -2225.7
2563 -2594.6 -2347.4
2564 -2623.8 -2321.3
2565 -2689.5 -2335.9
2566 -2738.7 -2384.8
2567 -2660.1 -2273.7
2568 2076.5 -1341.7
2569 2071.2 -1999.8
2570 2160.7 -1335
2571 2054 -1060.2
2572 2114 -1055.3
2573 1971.7 -67.2
2574 2057.1 -60.5
2575 1889.4 -3550.3
2576 1914.9 -3606.3
2577 1838.8 -3462.2
2578 1804.9 -3594.6
2579 1823 -3641.1
2580 1965.3 -1949.3
2581 2138.6 -4037.7
2582 2907.5 -3714.2
2583 2901.6 -3693.8
2584 2790.5 -3674
2585 2960.6 -3718
2586 2938.6 -3647.1
2587 2976.4 -3627
2588 2994.3 -3667.6
2589 2852.1 -3572
2590 -2158.6 603
2591 1327.3 -3725
2592 -2252 553.2
2593 -2302.9 573.1
2594 -2175.8 706.9
2595 -2141.4 501.2
2596 -2124 397.2
2597 -1996.8 525.8
2598 -2241.8 517.6
2599 -2703.1 48.7
2600 -2654.8 67.6
2601 -2390.1 164.5
2602 2665.9 1399.9
2603 -2427.2 158
2604 -2371 236.2
2605 -3642.1 -2146.3
2606 -3745 -1996.8
2607 -3932.4 -2208.7
2608 -3871.6 -2205
2609 -3943.9 -2001.8
2610 -4037 -2007.4
2611 -4131.6 -2013.6
2612 -4210.4 -2225.5
2613 160 990
2614 -228 -4029.3
2615 -250.4 -4000.6
2616 -163.7 -4071.7
2617 747.4 981.2
2618 761.9 953
2619 594 1062.4
2620 -256.4 814.2
2621 -273.6 917.8
2622 -239.3 711.2
2623 -401.3 790.1
2624 151.4 1041.5
2625 -384.1 687
2626 -418.5 893.6
2627 -545.7 766
2628 -528.6 663
2629 -690.4 742
2630 -673.3 638.8
2631 -703.9 822.2
2632 -854.5 821
2633 -1128.7 672.2
2634 -1273.9 646.2
2635 15.6 966
2636 -1256.2 541.7
2637 -1417.7 622.3
2638 -1400.4 517.7
2639 -1567.6 597.3
2640 -1550.1 492.8
2641 -1583 697.3
2642 -1707.4 574
2643 -1690 469.5
2644 -1851.9 549.9
2645 -1834.6 445.4
2646 2165.1 -2038.6
2647 -1979.1 421.3
2648 -2261.3 374.4
2649 -3838.3 -3684.9
2650 -3836.9 -3969.2
2651 -3858.1 -3657.6
2652 -3874.2 -3950.3
2653 -3962.2 -3901.3
2654 -4050.4 -3852.1
2655 2867.1 1424.4
2656 -118 -3949.6
2657 2293.2 -1895.8
2658 1482.3 -3557.1
2659 1269.6 -3692.9
2660 880.1 -3811.1
2661 1763.7 -3202.2
2662 1798.4 -3394.2
2663 1791.4 -3361.7
2664 1856 -3344.9
2665 -13.1 -3975.9
2666 183.7 -3963.2
2667 190.2 -4047.1
2668 1383 4358.9
2669 499.7 1629.6
2670 442.4 -3969.4
2671 505.5 -3973.4
2672 573 -3943.6
2673 565.2 -3912.5
2674 640.2 -3914
2675 -2291.8 -448.6
2676 -2248.8 -260.4
2677 -2311 -270.9
2678 -2463.5 2554.4
2679 -2608.4 2530.3
2680 354.9 1605.5
2681 -2447.3 2456.9
2682 -2592 2432.9
2683 469.9 -2837
2684 511.2 -2755.4
2685 567.7 -2886.1
2686 608.9 -2804.5
2687 646 -2925.5
2688 687.5 -2844
2689 1195.6 -3070.3
2690 1251.4 -3064.8
2691 491 1681.8
2692 1142.4 -3064.2
2693 1197.3 -3126.1
2694 1252.1 -3129.6
2695 1256.7 -2910.7
2696 1700.1 -2978.1
2697 1809.4 -2985.8
2698 1882.8 -2887.4
2699 -3130.2 3100
2700 -3187 3070.2
2701 -3234.8 3190.3
2702 1979.4 -1848.1
2703 -2957.4 2919.9
2704 -3317.9 3212.2
2705 -267.2 -80.9
2706 -385 -195.6
2707 -428.2 -534.9
2708 -226.5 -607.1
2709 -421.8 -623.4
2710 -205.1 -874.7
2711 -195.6 -962.6
2712 -194 -1051.9
2713 3148 2255.1
2714 -167.1 -1318.3
2715 -158.8 -1406.6
2716 -144.2 -1583.4
2717 -138.6 -1671.1
2718 -100.5 -2114.2
2719 -294.8 -2129.9
2720 -93 -2204.3
2721 -156.2 -2745.4
2722 -146 -2871.5
2723 -13.7 -1036.1
2724 3301.7 2409.3
2725 -271.1 -3135.9
2726 1248.6 325.3
2727 1570.2 -2528.4
2728 1565.3 -2464.6
2729 -1258.9 -784.3
2730 -1359.1 -705.6
2731 -1251.8 -948.6
2732 -1473.8 -872.5
2733 2296.5 3871.9
2734 2192.3 3859.3
2735 3010.3 2390.4
2736 2313.6 3768.9
2737 2175.9 3959
2738 1857.3 3694
2739 1771.5 3785.5
2740 1738.7 3780.1
2741 1761.1 3678.6
2742 1702.8 3774.2
2743 1685.6 3877.4
2744 1630.6 3762.4
2745 1719.9 3671.5
2746 2137.8 -3919.7
2747 1613.4 3865.6
2748 1541.2 3748.1
2749 1485.5 3739.4
2750 1342 3715.4
2751 1324.8 3818.5
2752 1197.1 3691.4
2753 1179.9 3794.8
2754 1214.3 3588.4
2755 1035.4 3771
2756 985.2 3656.3
2757 -1816 4203.1
2758 835.2 3631.5
2759 890.5 3747
2760 601.6 3696.3
2761 473.8 3569
2762 329 3545
2763 491 3465.7
2764 456.3 3673
2765 346.1 3441.8
2766 184.5 3521
2767 39.9 3496.9
2768 -1769.8 3856.1
2769 167.1 3624.9
2770 23 3600.3
2771 -104.7 3472.9
2772 -121.9 3576.2
2773 -683.1 3376.6
2774 -827.6 3352.5
2775 -700.4 3479.9
2776 -844.9 3455.9
2777 -972.3 3328.5
2778 -1117.2 3304.4
2779 1400.2 4254.7
2780 -1821.3 4232.4
2781 -989.4 3431.8
2782 -1134.3 3407.7
2783 -1684 3210.1
2784 -1670.4 3106.1
2785 -1697.3 3314.1
2786 4205 -3806.3
2787 4149.5 -3882.5
2788 4258.1 -3894.2
2789 -2695.2 -2074.8
2790 -2729.4 -2159.5
2791 -2049 4100.4
2792 -2530.3 -2432.9
2793 -2409.7 -2265.4
2794 -2500.1 -2516.6
2795 -2528.6 -2522.8
2796 -2338.6 -2294.8
2797 -2538.9 -2595
2798 -2394 -2629.4
2799 -2704.2 -2210.7
2800 -2703.8 -2110.5
2801 -2906.5 -1745.8
2802 817.8 -3810.7
2803 -2916.1 -1680.7
2804 -2946.4 -1703.8
2805 2368.7 -2925.5
2806 2164.5 -2776.9
2807 2095.5 -3023.8
2808 2108.3 -3082.4
2809 2097.7 -2967.5
2810 1700.8 1989.6
2811 1685.7 2093
2812 1662.3 2195.3
2813 994.9 -3741
2814 1613.8 2081
2815 1741.3 2208.7
2816 3416.6 -948.5
2817 3331 -955.6
2818 3438.1 -1231.7
2819 3263.1 -1135.1
2820 3355.2 -1238.6
2821 3474.9 -1655.7
2822 3487.2 -1804.7
2823 697.2 388.4
2824 742.2 -3810.2
2825 -1366.4 311.1
2826 -1308.2 332.6
2827 -1383.3 414.3
2828 -1532.8 389.3
2829 -1354.6 419
2830 -1526.9 496.7
2831 -1434.7 722.1
2832 -1452.2 827.6
2833 -1601.7 802.9
2834 -1307.5 851.7
2835 2824.6 1243.8
2836 -1650.1 1113.2
2837 -1602.6 1336.2
2838 2386.9 110.7
2839 2398.5 -32.5
2840 2481.2 -24.9
2841 2456 -743
2842 2479.3 -1018.7
2843 2494.8 -1309.7
2844 2564.9 -1020.1
2845 2507.5 -1347.3
2846 2633.9 1053.1
2847 2515.2 -1397.6
2848 2510.4 -1310
2849 2577.8 -1550.2
2850 427.1 -3106.7
2851 395.7 -2969.2
2852 4755.6 -4008.8
2853 3012.5 20.5
2854 3272.3 42.2
2855 2935.9 202.6
2856 -1783.1 2929.4
2857 2896.2 1181.9
2858 -3676.3 -1569.5
2859 2124.5 2484.8
2860 1579.4 2287.8
2861 1417.4 2366.6
2862 1290 2239.6
2863 1128.3 2318.5
2864 1000.6 2191.3
2865 839 2270.4
2866 711.4 2143.3
2867 567 2119.6
2868 2080.6 -2464.3
2869 404.9 2198.1
2870 378.6 2193.7
2871 -312.5 2078.8
2872 -450.9 1983.1
2873 -882.5 1890.6
2874 -1462.9 1784.9
2875 -1585.2 1763.8
2876 1090.4 334.6
2877 694.1 316.7
2878 -812.3 -3892.4
2879 2135.1 -2307.6
2880 -813.3 -3804.5
2881 -1013.1 -3894
2882 -706 -3803.4
2883 -1013.9 -3807.1
2884 -3465.9 -3201.1
2885 -3307.2 -3261.9
2886 -3349.4 -3062.6
2887 -3148 -3362.7
2888 -3314.3 -3157.3
2889 -1893.6 -947.6
2890 1238 4335.2
2891 -2984.6 3185.1
2892 -1802.2 -851.2
2893 559.9 369.4
2894 475.1 554.4
2895 405.6 540
2896 182.7 358.2
2897 194.8 339.3
2898 -174.4 315.7
2899 -187.4 401
2900 -332.4 376.9
2901 -626.8 359.8
2902 -3000.8 3389.7
2903 -916.1 261.2
2904 -1865 3291.4
2905 -1813.6 3288.2
2906 -1820.1 3260.3
2907 -1778.2 3327.7
2908 -2068.4 3378.7
2909 -1809.3 3460.1
2910 -1726 3522.7
2911 -2817.5 3272.6
2912 -2844.9 3243.4
2913 -1850.2 1295
2914 -2881.5 74.7
2915 529 -97.2
2916 -2170.7 3187
2917 -572.3 -3554.2
2918 -3672.4 -3403.1
2919 -3642.7 -3732.6
2920 -3444.8 -3292.5
2921 -3416.9 -3741
2922 -4150.8 3548.6
2923 -4243.9 3566.1
2924 -1833 1188.8
2925 -4103.4 3536.3
2926 -4111.4 3565.4
2927 576.7 -1522.7
2928 457.4 -1534.7
2929 578.3 -1435.2
2930 445.5 -1445.9
2931 47 -1533.8
2932 2820 1471.4
2933 2760.4 1316.9
2934 -772.3 -3907.5
2935 -1931.6 1281.6
2936 -1215 -3895.2
2937 -1513 -3899.3
2938 -1616.4 -3900.4
2939 -1679 -3901.1
2940 -1817.6 -3902
2941 -2499.2 -3945.2
2942 -2525.6 -3808.9
2943 -2576.9 -3968.4
2944 -2597.7 -3837.5
2945 -2656.2 -3983
2946 -1772.4 1307.9
2947 -2571.8 -4002.6
2948 -3724.8 -3873.4
2949 -2942.7 -4072.5
2950 -2707.9 -3984.4
2951 -2845.5 -4032.1
2952 -2973.6 -4069.8
2953 -3160.9 -3854.1
2954 -3212.7 -3805.7
2955 446.5 -484.5
2956 -1638.4 2070.1
2957 2645.1 -3460.1
2958 -1676 2058.9
2959 -1655 2173.2
2960 -1742.2 2038.8
2961 -1775.5 2029.2
2962 -1708.5 2049
2963 -1737.4 2011
2964 -1964.6 1970.7
2965 -2041.1 1946.4
2966 -2062.8 2135.4
2967 -2116.3 1928.9
2968 2662.7 -3433
2969 -2272.1 1920.6
2970 -2269.4 2100.8
2971 -2437.2 1628.2
2972 -2534.5 1628.3
2973 -2631.3 1615.4
2974 -2749.4 1892.1
2975 -2745.2 1822.4
2976 3517.6 2031.3
2977 3491 2032.9
2978 3346.2 1906
2979 2542.5 -3521
2980 3255.6 1995.3
2981 3218.3 1778.5
2982 3356.3 1643.6
2983 3150.5 1710.4
2984 3103.2 1662.7
2985 3287.5 1573.3
2986 1846 393.7
2987 -1164.4 -152.7
2988 -2804.6 3432.3
2989 -2732.3 2766
2990 2633.8 -3568.9
2991 -2782 2397.7
2992 -2839.6 2384.4
2993 -2705.8 1195.4
2994 -2754.9 1185.4
2995 -2615.1 -225.6
2996 -2534.4 -201.9
2997 820.5 713.1
2998 666.8 577
2999 682.8 425.1
3000 1515.3 3116.9
3001 1255.4 4230.5
3002 1945.4 1007.4
3003 1531.8 3019.5
3004 1587.4 3129.3
3005 1604.2 3031.6
3006 -1220.3 1464.4
3007 -1297.7 1443.5
3008 -1260.2 1647.1
3009 -1374.6 1430.7
3010 -1331.7 1639.1
3011 -1460.9 1416.3
3012 -1548.1 1489.8
3013 1798.8 815.3
3014 -1477.3 1593.4
3015 -1553.4 1571.2
3016 -1562 1621.3
3017 -932.8 -41.1
3018 -4235.6 -1811.7
3019 -4223 -2018.8
3020 -4175.2 -2846.5
3021 -4162.6 -3053.3
3022 -4117.2 -3814.4
3023 -4213.5 -3789.5
3024 1877.9 614.3
3025 -4177 -3968.1
3026 -874.9 -2644.4
3027 -822 -2963
3028 -721.6 -3040.4
3029 929.1 3305.2
3030 926.7 3326.3
3031 416.8 -2762.3
3032 429.6 -2696.3
3033 538.9 -2700.5
3034 633.6 -2755.6
3035 1937.7 464.1
3036 712.4 -2795
3037 -3551.8 -524.3
3038 2047 -2531.7
3039 1970.1 -2438.6
3040 2011.6 -2256.2
3041 1947.2 -2487.9
3042 1765.3 -2601.3
3043 2571.7 2675.5
3044 2512.9 2342
3045 2708.9 2538.6
3046 76.4 4168.7
3047 2553.9 2301.2
3048 2690.8 2162.9
3049 2763.3 2231.9
3050 2876.7 1980.6
3051 2829.9 1933.5
3052 3364.3 1496.6
3053 1703.2 4197.9
3054 1578.8 4072.8
3055 1434.4 4049.2
3056 1291.4 4025.8
3057 46.4 4300.4
3058 1001 3977.7
3059 855.9 3954.5
3060 711.4 3928.8
3061 567 3903.9
3062 259.9 3957.9
3063 422.4 3877.1
3064 133.5 3826.9
3065 -10.9 3802.9
3066 -155.7 3778.3
3067 -760.7 3788
3068 81.1 4141.1
3069 -782 3968.9
3070 -734 3681.9
3071 -896.7 3765.4
3072 -878.7 3657.7
3073 -1038.7 3741.8
3074 -844.8 3774
3075 -1109.5 3730
3076 -1047.2 3810.4
3077 -1023.2 3633.7
3078 -1168 3609.5
3079 1513.3 -3492.6
3080 -1314.6 3585.1
3081 -1739.6 3625.2
3082 -1711.4 3736.4
3083 1035.6 -325.5
3084 1121 -205.2
3085 1020.2 -145.3
3086 938.8 -333
3087 837.2 -341.7
3088 924.1 -153.2
3089 856.9 -518.4
3090 1856.4 951.9
3091 821.5 -162.2
3092 731.7 -170.1
3093 753 -429.6
3094 433.3 -375.2
3095 356.9 -381.7
3096 361.3 -471.3
3097 66.8 -312.3
3098 -51.6 -337.1
3099 -435.9 -446.2
3100 -532.8 -454.9
3101 1773.8 736.9
3102 -1436.3 -676.5
3103 -1973.7 -661.9
3104 -2072.8 -805.6
3105 1263.1 -2777.5
3106 2977.6 2358.1
3107 2984.4 2264.6
3108 2696.7 2078.4
3109 2417 1796.1
3110 2468.3 1745
3111 2351.9 1721.7
3112 4515.8 -3630.8
3113 -1740.7 -2199.8
3114 2156.3 1526
3115 2306.9 1685
3116 2109 1484.8
3117 2112.8 1387.8
3118 1888.6 1258.2
3119 1885.9 1159.4
3120 1622.6 990.3
3121 1570.8 938.1
3122 1618.7 890.6
3123 1435.6 802
3124 -1724.5 -2065.8
3125 1387.9 849.4
3126 1194.3 557.5
3127 1283.3 648.4
3128 1179.7 540
3129 1005.1 33.3
3130 1122 -1389.8
3131 1212 -1917.9
3132 1266.2 -1967.9
3133 1271.9 -2029.7
3134 1283 -2150.6
3135 -1672.7 -2202.1
3136 1464.3 -2023.3
3137 1169.6 -2131.4
3138 1309.3 -2484.5
3139 589 770
3140 1469 -2362.1
3141 2549.9 1747.4
3142 2025.1 1121.9
3143 1974.5 1070.9
3144 1606.7 700.2
3145 1518.1 718.8
3146 -1730.3 -2248.1
3147 1519.6 612.4
3148 1467.1 559.6
3149 1362.9 454.4
3150 1283.8 329.8
3151 1277.7 295.5
3152 1296.8 20.3
3153 1336.2 23.2
3154 1473.7 -2134.6
3155 1546.7 -2020.6
3156 1886.1 2232.5
3157 -1632.8 -2213.6
3158 1901.1 2136.5
3159 2004.4 2358.4
3160 1596.7 2184.2
3161 1162.6 2112.5
3162 1145.4 2215.5
3163 1307.1 2136.5
3164 1017.8 2088.4
3165 1035.1 1984.6
3166 873.2 2064.3
3167 864.6 2115.9
3168 3169.9 2110.6
3169 728.4 2040.2
3170 719.9 2091.8
3171 737.1 1988.3
3172 582.7 1962.7
3173 -277.8 1872.5
3174 -193.8 1780
3175 -297.7 1990.8
3176 -428.3 1846.5
3177 -573.1 1822.3
3178 -445.3 1949.2
3179 3071.3 2070.9
3180 -394.1 1640.8
3181 -700.4 1695.7
3182 -1407.6 1683.4
3183 -1460.4 1760.3
3184 -113.9 413.1
3185 -74.8 -54.5
3186 -54.3 -303.5
3187 142.1 -2691.1
3188 144.4 -2718.7
3189 2489 -1729.6
3190 2941.3 2432.3
3191 2621.1 -1708.8
3192 -2165.7 -246.7
3193 11.1 4447.9
3194 1882.1 1799.3
3195 2661.6 2586
3196 521 724
3197 4110.1 -3136.9
3198 3777.3 -2902
3199 4089.3 -3175.6
3200 4157.8 -3284.2
3201 2889.7 2113.1
3202 3614.4 -2787
3203 3730.1 -2973.2
3204 3829 -2828.7
3205 -4014.4 3691.6
3206 -4032.1 3515.1
3207 -3665.9 3443.5
3208 -4027.9 3462.7
3209 -4076.4 3526.8
3210 -3639.3 3460.2
3211 -4263.2 3516.4
3212 2822.4 2200.4
3213 372.8 -558.9
3214 401.3 -913.5
3215 405.5 -1002.8
3216 413.6 -1002.1
3217 427.3 -1179.5
3218 441.9 -1356.5
3219 581.5 -1345.5
3220 459.5 -1622.4
3221 346.5 -1454.1
3222 496.7 -2061.2
3223 4457.7 -3694.2
3224 2934.1 2314.7
3225 506 -2154.1
3226 565 -2238.5
3227 690.3 -2049.6
3228 -3581.6 3607.6
3229 -3616 3592.9
3230 229.1 575.9
3231 369.9 600
3232 262.6 458.7
3233 203.3 731.7
3234 366.1 705.5
3235 2735.7 2117
3236 314.4 1015.8
3237 287.2 1117.2
3238 134.4 1144.9
3239 270.2 1220.6
3240 380.5 1451.3
3241 30.9 1766.5
3242 22.7 1816
3243 311.9 1864.2
3244 5.5 1919.6
3245 122.4 2048.9
3246 1974.5 -474.5
3247 -184 2016.2
3248 81.1 2356.7
3249 -19.3 2962.2
3250 -35.5 3058.3
3251 -139.2 3679.6
3252 -354.4 4089.4
3253 -1818.6 -3417.8
3254 -1602.7 -3451.2
3255 -1822 -3521.7
3256 2123.5 1949.2
3257 2080.6 -345.6
3258 1928.9 1752
3259 1899.4 1816.7
3260 1345.4 1161.5
3261 1386 1121.2
3262 1210.3 1025.8
3263 1104 919.7
3264 1145.1 879.1
3265 998.4 813.5
3266 1039.5 772.8
3267 921.2 728.5
3268 2038.5 -126.8
3269 950.3 860.8
3270 969.3 692.9
3271 2492.9 2237.1
3272 570.9 -2637.3
3273 587.8 -2603.8
3274 668.5 -2686.5
3275 658.3 -2706.7
3276 685.6 -2652.7
3277 760.1 3193.3
3278 748 3271.8
3279 3052.1 -122
3280 687.4 3180.1
3281 832.4 3205.2
3282 639.6 -1429.9
3283 737.5 -1421.7
3284 625.4 -1252.4
3285 722.2 -1243.9
3286 584.6 -1255.8
3287 521.2 -5
3288 414.3 -14.4
3289 4522.6 -2902.8
3290 3286.7 -389.7
3291 3967.4 -2497.9
3292 4587 -2795.4
3293 3696.3 -2300.7
3294 -3809.5 3936.4
3295 -3997.3 -1104.2
3296 -3956.5 -1794.7
3297 -4049.5 -1800.4
3298 -3969.1 -1588.3
3299 -3857.8 -1788.7
3300 -3846.4 -1995.8
3301 -2836.6 -3788.8
3302 -3911.2 -2537.8
3303 -3906 -2623.4
3304 -3893.4 -2829.3
3305 -3986.5 -2835
3306 -3880.7 -3036.3
3307 -3794 -2823.2
3308 -4045.2 -346.8
3309 -4032.9 -546.6
3310 -4139.4 -352.5
3311 -3946.4 -340.7
3312 -2858.1 -3874.9
3313 -4120 891.6
3314 -4214.2 885.6
3315 -4021 897.8
3316 -4107 684.4
3317 687.1 -435.1
3318 2481.4 2756.8
3319 2433.5 2748.1
3320 1939.9 2772.6
3321 1820.6 2646.6
3322 1527.7 2597.8
3323 -2840.5 -3763.8
3324 1365.8 2676.8
3325 1238.4 2549.7
3326 1076.6 2628.6
3327 948.8 2501.2
3328 804.5 2477.1
3329 787.3 2580.4
3330 659.8 2453
3331 515.1 2429
3332 511.9 2375.6
3333 370.5 2404.9
3334 1153.1 -3830.1
3335 4525.4 -3734.9
3336 -2948 -3838.4
3337 353.3 2508.2
3338 225.9 2380.8
3339 234.5 2329.3
3340 -345 2285.7
3341 -1095.1 2266.8
3342 -2030.6 -319.8
3343 -2046.1 -226.7
3344 -2150.3 -339.8
3345 -731.8 -4015.7
3346 -653 -3987.7
3347 -2717.7 -3676.5
3348 420.5 -3810.2
3349 266.7 -3744.6
3350 32.1 -3540.4
3351 -21.9 -3511.9
3352 304.1 -3470.4
3353 336.6 -3479.5
3354 -3187.9 -3828.1
3355 -3187.4 -3983.9
3356 -3206.9 -4087.7
3357 389.3 1399.4
3358 3121.1 -1542.2
3359 -709 3531.6
3360 -717.6 3583.4
3361 -853.6 3507.6
3362 -862.2 3559.3
3363 3006.5 -3298.2
3364 2956.5 -3367.5
3365 2865 -3301.7
3366 -3516 -1554.6
3367 -3574.4 -1413.1
3368 -3785.8 -1333.8
3369 3135.8 -1782.7
3370 -3565.7 -1434.5
3371 -3766.2 -1588.3
3372 -4145.3 -1806.3
3373 -4243.1 -1605
3374 -1641 -571.1
3375 -2156.8 -949
3376 -1679.5 -1395.5
3377 -527.1 -4040.9
3378 -494.1 -4028.9
3379 -580.4 -3966.1
3380 -2410.7 3492.1
3381 -423.2 -4004
3382 -350.6 -3977.6
3383 -63.3 -3876.3
3384 -1867 -788.7
3385 3997.5 -1755.6
3386 -3130.4 -3910.1
3387 1492.5 -1358.9
3388 1026 -1397
3389 929.8 -1404.9
3390 834 -1413
3391 -2273.6 3552.5
3392 798.3 -1594.4
3393 640.3 -2499.9
3394 736.9 -2678.4
3395 726.6 -2570.5
3396 764.8 -2692.3
3397 814.8 -2524.7
3398 737.3 -2746.3
3399 -2327.5 -167.5
3400 -2448.6 -297
3401 2159.3 4061.1
3402 -2524.3 3505.9
3403 1754.1 3888.5
3404 1722.6 3883.4
3405 1736.8 3991.8
3406 1652.4 3872
3407 1596.2 3968.3
3408 1468.9 3842.1
3409 1451.9 3944.2
3410 1437.2 3836.9
3411 1315.7 3870.6
3412 1171.2 3846.5
3413 -3358.2 -2073.4
3414 1026.8 3822.5
3415 873.1 3851
3416 745.6 3723.1
3417 728.6 3826.1
3418 789.2 3730.3
3419 439.4 3774.8
3420 311.4 3649
3421 150 3727.8
3422 5.7 3703.7
3423 -1006.8 3535.3
3424 -3368.9 -1966.8
3425 -1151.6 3511.2
3426 -1580.8 3386.5
3427 -1710.7 3418.2
3428 -2677.9 -3798.1
3429 -2775.7 -3873.2
3430 -2675.9 -3954.9
3431 -3265.9 -3008.9
3432 -3247.2 -2901.4
3433 1834.1 -2337
3434 -2849.1 399.7
3435 -3403.9 -2070.3
3436 1307.9 3920.9
3437 1162.6 3898.2
3438 1122.3 3891.5
3439 1018.1 3874.3
3440 447.9 1940.3
3441 600.8 1912.3
3442 881.9 2012.4
3443 745.7 1936.4
3444 601.4 1965.9
3445 3741.8 -1774.5
3446 4458.4 -3277
3447 -3101.4 -1844.4
3448 3754.2 -1916.6
3449 -1584.5 -884.8
3450 892 -3507.2
3451 883.7 -3616.1
3452 -2127.5 -2390.8
3453 -1729.5 -2766.8
3454 -2012.2 -2835.6
3455 -1853 -2872.8
3456 -1785.6 -2829
3457 -1919.4 -2915.9
3458 -2991.5 -1832
3459 -1633.1 -3012.8
3460 -1590.1 -2955.5
3461 -1565.9 -3283.7
3462 -1599.4 -3252.1
3463 -1772.1 -3599.1
3464 -1821.2 -3599.8
3465 -1820.6 -3648.3
3466 2216 -3044.3
3467 3472.9 -4044
3468 -2351.5 -1093.4
3469 -3144.9 -1823.2
3470 -2396.7 -1206.1
3471 -2323.1 -1087.3
3472 -2422 -1272.5
3473 -2485.2 -1254.3
3474 -2380.4 -1288.9
3475 2990.3 -983.4
3476 2701.7 985.5
3477 -632.9 -3801
3478 -3879 -1024.8
3479 -2840.9 -2379.3
3480 3668.2 -3295.3
3481 -2928.5 -2353.1
3482 -2900.4 -2438.6
3483 -2825.9 -2364.3
3484 857.8 1264.5
3485 721.3 1242.5
3486 866.2 1213.7
3487 703.6 1295.2
3488 568.4 1217.1
3489 423.6 1193.1
3490 559.9 1268.7
3491 3615.3 -3413.4
3492 278.7 1168.9
3493 3143.5 -1745.6
3494 3147.3 -1819.3
3495 2136.8 -3103.5
3496 1893.2 -3350.5
3497 1985.8 -3550.3
3498 1882.8 -3243.2
3499 -2641.3 -4067.5
3500 2712.9 3315.8
3501 2602.9 3296
3502 439.4 1991.6
3503 -3778 -1161.4
3504 -3874.9 -1044.7
3505 454 -552.3
3506 -719.7 -506.2
3507 -1438.1 -768.9
3508 -1463 -775.3
3509 -1493.5 -819.9
3510 3293.1 -465.6
3511 861.4 761.8
3512 813.8 995.2
3513 584.4 2016.2
3514 2202.4 1670.6
3515 2204 1479.2
3516 2440.4 1633.7
3517 2848.1 840.9
3518 2594.3 584.5
3519 2795.4 891
3520 3044.8 1035.4
3521 3904.4 -2664.3
3522 3666.1 -2713.9
3523 3909 -2885.4
3524 430.7 2043.6
3525 3565.2 -2856.6
3526 3682.8 -3043.7
3527 3515.7 -2926.2
3528 3889.3 -3202.6
3529 1250.9 985.9
3530 813.5 17.6
3531 214.4 -3587.1
3532 1010.4 1240.7
3533 963.2 1230
3534 992.5 1344.2
3535 276.1 2079.8
3536 721.2 1189.3
3537 916.9 1104.2
3538 738.1 1086.4
3539 577 1165
3540 432.2 1141.5
3541 -290.8 1021
3542 -435.7 996.9
3543 -725 948.7
3544 -1290.1 746.2
3545 -1741.7 779.3
3546 -13.9 2034.7
3547 -1886.3 755.2
3548 -1724.4 674.8
3549 -2031.1 731
3550 -1869 651.5
3551 -2013.8 626.3
3552 -1987.9 2147
3553 -1981.4 2111
3554 731.4 491.5
3555 877.7 488
3556 799.2 655.9
3557 4395.7 -3650.7
3558 -2529.9 -2732.8
3559 3228.1 2031.4
3560 -3052.1 -2886
3561 -3130.4 -2967.5
3562 -2971.7 -2881
3563 -3184.2 -2791.6
3564 -3153.7 -2721.8
3565 2771.5 -2008
3566 2716.1 -1861.5
3567 3329.1 -1956.8
3568 3317.3 -1812.8
3569 2187.7 911.2
3570 -3105.3 -3792.9
3571 -3133 -3451.3
3572 3916 -3768.7
3573 -2297.9 -2319.8
3574 -2731.7 -2485.3
3575 -3099.6 -2522.8
3576 -2744 -2584.2
3577 -2876.5 -2645
3578 -311.7 -3848.1
3579 1214.1 1126
3580 2275 827.8
3581 1296.8 1209.6
3582 1507.7 -3763.3
3583 1634.5 -3715.6
3584 1320 -3824.7
3585 1231.2 4016
3586 1303.1 3953.4
3587 1330.1 3924.1
3588 1410.9 3300.8
3589 1554.8 3324.6
3590 1397.8 3379.7
3591 3739.4 -3317.6
3592 1426.5 3202.4
3593 1266.2 3276.9
3594 1443 3104.5
3595 1434.5 2263.7
3596 1469 2056.9
3597 1630.8 1977.9
3598 1503.3 1850.6
3599 1486.1 1953.8
3600 -1817.5 3192.6
3601 -1815 3166.1
3602 3740.3 -3398.2
3603 -1564.3 -2209.3
3604 -3168.2 -3445.7
3605 -3078.4 -3302.6
3606 -2743.9 -3079.7
3607 -2807.1 -3049.2
3608 -2701.7 -3064.8
3609 -2830.8 -3207.7
3610 -2800.2 -3291.3
3611 -2773.7 -3214.8
3612 -2779.9 -3463.8
3613 542.9 1371.8
3614 -638.8 431.8
3615 -243.8 -2751.8
3616 -2732.8 -2953.4
3617 -2702.8 -2945.1
3618 -2540.4 -2922.3
3619 1727.6 -2178.6
3620 1839.5 -2115.9
3621 1810.5 -2400.8
3622 1721.2 -2374.4
3623 1792 -2462.5
3624 398 1347.5
3625 1714.9 -2452.3
3626 1723.6 -2568.3
3627 1673.3 -2582.3
3628 815.8 1519.5
3629 848.9 1321.7
3630 958.7 1545.2
3631 700.5 1557.6
3632 653 1656
3633 780.1 1730
3634 763 1833.3
3635 525.8 1475.2
3636 635.1 1705.6
3637 907.6 1857.4
3638 754.3 1885.2
3639 618.3 1809.2
3640 890.5 1960.5
3641 575.2 2960
3642 559.1 3056.8
3643 720 2984.2
3644 542.7 3154.7
3645 413.6 3033.3
3646 253.2 1323.5
3647 398.5 3130.6
3648 584.5 3798.8
3649 293.6 3751.6
3650 275.2 3851.2
3651 209.5 4268.6
3652 2485.8 3379.4
3653 2470.2 3475.2
3654 2587.6 3396.7
3655 2365.1 3458.4
3656 2515.3 3820
3657 261.7 1272.3
3658 2568.7 2877.4
3659 2619.5 3202.4
3660 2905.6 -2389.9
3661 2739.9 -2274.1
3662 347.9 -3319.2
3663 446.3 -3401.7
3664 488.4 -3483.5
3665 704.8 -3496.2
3666 -221.9 607.6
3667 -213.2 555.2
3668 -3579.9 -1620.3
3669 108.5 1299.6
3670 -366.9 583.7
3671 -358.1 530.6
3672 -511.4 559.5
3673 -494.1 456
3674 -656.1 535.5
3675 -816 615.1
3676 -1238.9 438.4
3677 -1672.8 366
3678 -2005.2 310.3
3679 -2106.6 293.6
3680 -174.2 1252.7
3681 -2089.5 190.4
3682 -2253.8 269.3
3683 -2236.9 167.9
3684 -3318.8 -2873.4
3685 1592.2 -2640.2
3686 1213.7 -2673.5
3687 1598.5 -2675.4
3688 1207.9 -2772.6
3689 1156.9 -2702.9
3690 -688.6 4375.2
3691 91.4 1402.8
3692 -845.1 4305.6
3693 -51.6 477
3694 -196.1 452.8
3695 -204.7 504.2
3696 -260.3 1768.9
3697 -581.5 2767.3
3698 -598 2864.7
3699 -614.1 2962
3700 -633.7 3650.5
3701 2132.4 -947
3702 117.2 1248.2
3703 1864.2 2335.7
3704 1995.7 2410.3
3705 1888.9 3078.7
3706 1872.6 3176.4
3707 1944.1 3087.8
3708 1826.4 3168.8
3709 1856.4 3274
3710 1840.2 3371.5
3711 1990.5 3296.4
3712 1699.7 3348.4
3713 -191.4 1355.7
3714 1823.3 3473
3715 1853.7 3478.1
3716 1720 4095.9
3717 1650.7 4509.3
3718 1633.1 4614.5
3719 2704.3 3342.8
3720 1625.8 -2012.7
3721 1626.6 -2023.1
3722 1599 -2124
3723 1695.9 -2191.8
3724 -248.9 1240.3
3725 -1885.1 -3042.4
3726 -1960.8 -3039.4
3727 -1983.6 -2957.6
3728 493.2 779.8
3729 629 855.6
3730 358 810.3
3731 449.4 1038.3
3732 466.9 934.7
3733 440.8 1089.7
3734 585.5 1113.7
3735 -325.2 1227.6
3736 320.5 1812.9
3737 329.1 1761
3738 126 2986.1
3739 141.6 2887.8
3740 108.8 3082.3
3741 236.4 3209.1
3742 201.7 3417.6
3743 -4204.4 -4073.9
3744 2766.3 2974.4
3745 -4010.3 2293
3746 -342.5 1330.5
3747 -3967.6 2305.7
3748 -4118.6 2328.9
3749 -4205.1 2416.2
3750 -4210.4 2452.9
3751 2045.4 -3105.2
3752 1974.3 -3164.3
3753 2004.3 -3578.7
3754 -2265.1 -1025.5
3755 -4126.8 -559.4
3756 -4233.7 -358.3
3757 -470.2 1203.4
3758 -4114.2 -766.4
3759 -4019.8 -760.6
3760 -4082.1 -2840.8
3761 -4201.2 678.5
3762 4092 -3209.3
3763 -3889.9 -3569.2
3764 -3960.9 -3671.7
3765 -3814.9 -3556.6
3766 -3836.1 -3629.7
3767 -4030.4 -3819.3
3768 -308 1124.4
3769 -3967 -3575.5
3770 602.3 -1968.5
3771 3403.7 -1810.8
3772 -3196.2 -3489.7
3773 -3194.3 -3764.1
3774 -3914.6 1534.6
3775 -3875.2 907
3776 -3060.7 -2966.2
3777 -2927.7 -2947.7
3778 -3095.8 -3188.8
3779 -3605 -1770.7
3780 -906.1 1130.8
3781 -3186.1 -3124.9
3782 -3019.8 -3105.4
3783 -2981.3 -3376.7
3784 -3293.3 -3156
3785 1553.5 -2127.7
3786 1543.1 -2152.4
3787 1560.3 -2398.8
3788 -932.3 -3726
3789 -721.9 -3522.7
3790 429.7 -195.1
3791 -759.3 1155.2
3792 536.5 -186.4
3793 327.9 -22.4
3794 -1583.3 275
3795 2733 -2640.3
3796 1211 -3787.2
3797 -2843 -3505.2
3798 -2938.5 -3551.6
3799 -2873.4 -3468.9
3800 -3024.8 -3544
3801 -1727.9 250.9
3802 -923.3 1234.3
3803 -349.6 480
3804 -421.9 468
3805 -341 428.6
3806 -569.7 443.3
3807 376.2 573.1
3808 2856.6 -2459.6
3809 2505.5 -2944.4
3810 2466.9 -2917.2
3811 2475.6 -2945.5
3812 2492.6 -2974.5
3813 -1053.1 1106.3
3814 1791.1 -2001.5
3815 -2032.6 -2343.4
3816 -3678.1 -3398.2
3817 -3756.9 -3480.2
3818 -3769.4 -3446.3
3819 -2900.5 -2938
3820 -2766.7 -2912.5
3821 -2298.5 -2524.3
3822 -2583.4 -2860.6
3823 -2432.3 -2736.6
3824 -1197.6 1082.3
3825 -2115.3 -2367.8
3826 3435 55.5
3827 3793.3 -1201.9
3828 1758.5 2105.2
3829 1597.3 3075.1
3830 1570.8 3226.7
3831 1619.7 3234.5
3832 1495.4 3420.8
3833 1646 3444.2
3834 1340.7 3925.7
3835 -1069.9 1209.9
3836 -3973.7 2365.2
3837 -3977.3 2407.5
3838 -4009.6 2400.6
3839 759.5 -3499.5
3840 829.6 -3612.9
3841 836.6 -3504
3842 -1012.2 -3988.2
3843 1762.7 4549.6
3844 -1237.6 4027.3
3845 -1228.8 3974.6
3846 -1035.7 1003.2
3847 450.5 -2605.9
3848 -2063.3 -123.6
3849 3290.6 -1433.1
3850 3305.3 -1669.5
3851 3244.7 -1805.3
3852 -1410.5 1627.2
3853 819.1 3285
3854 1324.4 2032.8
3855 1451.7 2160.3
3856 1341.6 1929.7
3857 -1180.3 979.2
3858 1179.9 2008.8
3859 1052.3 1881.5
3860 456.8 1888.1
3861 599 1859.3
3862 -828 1568.7
3863 1249.3 3381.2
3864 1258 3326.1
3865 -1630.8 2792.9
3866 -1137.1 2980.4
3867 -1048.1 2889.8
3868 -1341.6 1058.2
3869 -903.1 2913.9
3870 -758.7 2938
3871 2646.6 3636.1
3872 2244.5 3543.5
3873 2262.2 3441
3874 2187.2 3428.6
3875 1891.9 3484.5
3876 1113.3 3301.8
3877 968.4 3277.9
3878 -385.5 -1039.7
3879 -1214.9 1185.7
3880 2133 2433.3
3881 856.1 2167.3
3882 565.4 2066.1
3883 422.1 2095.3
3884 918.7 -89.7
3885 915.1 -1227.7
3886 3472.6 1705.7
3887 2974.9 1104.9
3888 2889.5 2359.1
3889 3008.3 2239.9
3890 -3614.4 -1540
3891 -1358.7 1161.6
3892 3021.7 2217.5
3893 1278 -3909.5
3894 1224.3 -3940.8
3895 -96.7 -3545.8
3896 -600.7 -3845.9
3897 503.4 -2423
3898 483.7 -2513
3899 641.8 -2231.7
3900 -3141.3 -2647.4
3901 -3136.6 -2604.1
3902 -1324.6 955.2
3903 -3906.6 -1222.8
3904 1948.6 3570.8
3905 1377.7 2994
3906 -2472.2 -305.6
3907 793.6 -2196.7
3908 871.3 -2042.8
3909 760.1 -2263.1
3910 344.1 755.2
3911 -172.8 -62.6
3912 -240.2 -68.1
3913 -1486.7 1034
3914 534.2 2379.1
3915 2262.5 4077.9
3916 1145.3 4001.7
3917 -726.2 3635
3918 -870.8 3610.6
3919 -1606.7 3541.5
3920 -335.8 -2787.4
3921 709.5 -3898
3922 789 -3928.3
3923 781.9 -4010.8
3924 -1469.5 931
3925 1051.6 -4026.7
3926 2415.3 3163.2
3927 2399.2 3260.3
3928 2294.9 3243
3929 2381.5 3360.8
3930 -2826.5 -1446.3
3931 -2832.5 -1347.4
3932 -810.8 1465.1
3933 -683.3 1592.7
3934 -1031.9 2792.5
3935 -1503.8 1137.3
3936 -1272.1 4234.4
3937 -1282.9 4299.5
3938 -1598.4 2598.1
3939 -1614.6 2695.4
3940 -1543.5 3551.9
3941 -1620.2 3616.1
3942 -1727.4 4265.7
3943 2907.2 3234.2
3944 3002.6 3111.4
3945 2311.1 3146.8
3946 -1636.5 1009.1
3947 2023 3101.2
3948 2015.1 3144.8
3949 1842.8 3071.1
3950 1732.2 3153.2
3951 1298.6 3081.3
3952 1153.9 3058.6
3953 1009.1 3033.9
3954 864.7 3008.4
3955 447.5 2838.3
3956 302 2814.3
3957 -1619.4 906
3958 286.1 2911.8
3959 157.8 2790.3
3960 3036.4 2415.7
3961 -1394.8 -945
3962 -1677.1 -426
3963 -2425 -4082.5
3964 -2640.4 -3648.7
3965 2053.8 3306.2
3966 1978.1 3370.8
3967 1715.9 3250.8
3968 -1721.7 995.4
3969 1636.2 3137.3
3970 1137.9 3154
3971 1121.4 3253
3972 993.1 3129.7
3973 849.2 3105.3
3974 976.6 3229.1
3975 703.8 3081.3
3976 269.8 3009.4
3977 430.4 2935.8
3978 253.4 3106.4
3979 -1779.9 985.2
3980 -742.4 2840.4
3981 1099.8 -3990.4
3982 1927.3 3185.4
3983 -3175.1 -2477.5
3984 -3266.5 -2404
3985 -3357 -2422.9
3986 1143.3 -3122.6
3987 1133.6 -3259.7
3988 1089 -3119.2
3989 1153 -2771.6
3990 -1758.9 882.8
3991 1145.4 -2904.5
3992 1200.1 -2907.5
3993 -1580.9 1741
3994 -1717 1735.7
3995 -1727.1 1962.1
3996 297.1 2086.3
3997 -2505.8 1623.3
3998 -1909.1 1709.3
3999 -1396.3 1776.1
4000 -1648.4 1752.5
4001 -3482.8 -1683.4
4002 -1844.9 974.3
4003 -1911.3 1722.4
4004 1345.6 891.7
4005 1523.2 985.3
4006 1482.6 753.9
4007 1413.1 613.2
4008 -742.2 1052
4009 -1015.7 2695
4010 -1436.5 4314.3
4011 -3781.2 -1891.7
4012 -3832.4 -2202.6
4013 -1920.8 961.6
4014 4978.5 5203.1
4015 4940.9 5518.5
4016 5286.4 4970.1
4017 2070.5 360.7
4018 2127.3 -835
4019 -3601.4 -2811.4
4020 -3740.4 -535.8
4021 -3847 -334.6
4022 -3822 -748.5
4023 -3868.1 1544.3
4024 -1903.6 858.7
4025 -2615.9 3365.2
4026 -2666.2 3391.2
4027 -2552.1 3522.9
4028 -2266 3821
4029 -2779.8 -1399.3
4030 -6.8 -4060.8
4031 -4044.7 -3578.7
4032 -3613.3 -2990.8
4033 -3560.7 -2809
4034 -3694.7 -2817.2
4035 -2065.6 937.4
4036 -3010.5 -1752.3
4037 1826.1 -2680.7
4038 -4221.1 -564.7
4039 -906.6 3981.9
4040 -1056.8 3868.5
4041 -861.2 3873.5
4042 -858.6 4043.4
4043 -974.7 4027.4
4044 -1688.6 1321.8
4045 -3723.1 -4033.3
4046 -2048.4 834.6
4047 -3889 -3965.7
4048 -4202.6 -3966.4
4049 -4226.2 -3581.1
4050 -927.8 4279.3
4051 -1073.9 4374.7
4052 -857.2 4376.6
4053 -921.9 4245.3
4054 -1565.7 -2828.6
4055 -1880.1 -2737.7
4056 465.1 1837
4057 -2202.2 914.6
4058 899 1909.3
4059 618.7 1862.6
4060 179.1 4423.4
4061 192.7 4363.6
4062 1516.9 -3284.1
4063 1526.4 -3149.3
4064 -2122.1 -2345.3
4065 -2271 -2333.9
4066 1358.8 1826.5
4067 1283.4 3178.5
4068 -2193 810.5
4069 1040 4705.1
4070 2135.4 -2036.4
4071 2175.3 -1899.8
4072 1825.6 -3178
4073 2160.2 1713.1
4074 2265.5 4160.5
4075 -908.9 4168.5
4076 -1114.1 4307.9
4077 -862.7 4409.9
4078 645.6 4.8
4079 -2207.9 1000.7
4080 788 -2040.4
4081 -3780.1 -1813.4
4082 -3741.2 -1633.6
4083 -834.8 4027.5
4084 -1156.3 4242.7
4085 -1262.8 4313.6
4086 -1127.4 4223.3
4087 3430.5 -2344.5
4088 2192.9 -2593.8
4089 2345.9 -2832.8
4090 -2355.5 888.9
4091 2201.6 -2731.2
4092 -1168.1 -1087.6
4093 -1060.1 -1213.6
4094 -1125 -1341.8
4095 -1090.7 -1287.7
4096 3718.2 -3695.8
4097 3668.1 -3766.9
4098 3501.5 -3648.3
4099 -3103.5 -1687.5
4100 -3164.4 -1629.3
4101 -2370.9 983.6
4102 -3920.9 -754.6
4103 -3834.5 -541.5
4104 -2792.1 -2547.1
4105 -2911.1 -3933.8
4106 -2314.8 -1716.5
4107 -2490.6 -1682.4
4108 -538.8 1616.7
4109 -521.6 1513.2
4110 -556 1719.7
4111 -487.1 1306.6
4112 -3768.8 -1768.2
4113 -2321.8 682.6
4114 -562.9 869.6
4115 617.3 1756
4116 482.5 1732.9
4117 473.8 1785.1
4118 1161.6 -2033.6
4119 447.2 -2070.2
4120 -1789.6 1479.6
4121 -3153.4 -2518.6
4122 2178.2 -2714.7
4123 164.9 -3791.3
4124 -2408.9 880.1
4125 -3643.2 3193.7
4126 -3598.6 3291.5
4127 -3645.6 3499.2
4128 -2910.8 -3439.7
4129 633.1 835.8
4130 415.1 1244.5
4131 346.5 1657.7
4132 3766.8 -3708.4
4133 3743.1 -3597.5
4134 -2968.8 790.5
4135 -2426.5 984.2
4136 -2911.3 -2969.9
4137 670.5 1552.7
4138 -920.1 -3987.5
4139 -952 -3994.8
4140 2399.4 1674.5
4141 2994.2 1086.4
4142 780 -2355.1
4143 823.9 -2377.6
4144 727.3 -2328
4145 -1660.7 2210.3
4146 -2499.7 865
4147 -1681.2 2153.7
4148 1139 1367.9
4149 -266.8 1343.1
4150 -613.7 1179.5
4151 5561.5 5059.3
4152 1165.4 -3954.4
4153 -580.1 972.8
4154 -707.7 845.5
4155 2778.1 907.2
4156 -3934.1 -540.6
4157 -2682.9 835.4
4158 -4016.8 -3557.5
4159 2243.2 3087.3
4160 -3963.9 1567.2
4161 -4069.1 1662.2
4162 -453 1100.3
4163 2480.7 -2952.8
4164 2137.5 -2822.5
4165 -1346.1 -2235.5
4166 -886.9 2816.5
4167 -2577.5 3537
4168 -2516.9 969.2
4169 -2941.8 2434.4
4170 -2955.9 2417.8
4171 -2951.1 2338.1
4172 -2935.6 2323
4173 -2868.6 2358.1
4174 -2872.1 2408.8
4175 -1602.7 -2358.1
4176 -1276.6 -2479.5
4177 1957.1 -3141.9
4178 2136.2 -3076.4
4179 -2781.2 821.8
4180 -3211 -2211.3
4181 957.8 1759.7
4182 -2071.4 3425.4
4183 -1018.3 -3621
4184 -3804.1 -3870.3
4185 -3798.6 -3726.8
4186 -3852.4 -4048.9
4187 3939.2 -1189.8
4188 2243.6 4187.8
4189 2133 4214.6
4190 -2689.8 940.5
4191 -1424.6 -3378.7
4192 -3409.8 -2586.8
4193 1156 1349.2
4194 1069.5 1778.3
4195 1197.1 1905.6
4196 -3918.3 2500.2
4197 -3961.6 2490.7
4198 3900.3 -725.9
4199 3913.7 -900.7
4200 3820.4 -732.7
4201 -3343.6 732.3
4202 3892 -632.2
4203 885.7 -873.2
4204 3639.7 -2387.7
4205 -2048.6 3430.4
4206 1662.3 3342.3
4207 606.5 4548.6
4208 -3914.5 -3553.5
4209 5029.3 5749.3
4210 4953.2 5890.3
4211 5105.2 5607.7
4212 -3437.9 726.4
4213 -3275.3 -3110.3
4214 -3314 -3132.4
4215 -3175.2 -3034.6
4216 -3162.5 -2981.1
4217 -2617.7 3470.6
4218 851 359.5
4219 806.8 760.8
4220 3041 3100
4221 1658.9 850.9
4222 -1248.3 -1115.3
4223 -3570.1 -1773
4224 -3356.6 939.7
4225 -1494.6 3556.2
4226 -726.4 2743.3
4227 -1242.6 -2197.2
4228 822.4 -98.9
4229 976.5 -1971.7
4230 897.1 -2036.8
4231 -485.1 -2967.6
4232 -1142.6 -1160.3
4233 -1360.7 -972.3
4234 112.2 307.5
4235 -3249.6 743.7
4236 30.7 226
4237 1339.3 -3680.6
4238 1356.7 -3638.2
4239 857.4 -2312
4240 586.4 2069.5
4241 -1055.1 -2254.6
4242 -1376.2 -2224.5
4243 1997.8 16.5
4244 2206.5 -1590.3
4245 2148.1 -4021.9
4246 -3533 720.4
4247 1917.3 -3511.8
4248 3087.2 2040.9
4249 3749.6 -920.3
4250 1898.4 3439.3
4251 2908.5 3280.4
4252 2844.3 3354.9
4253 -3203.1 -1586.3
4254 -3179 -1649
4255 900 402.7
4256 864 370.9
4257 -3626.2 714.6
4258 -131.6 2742.1
4259 -3.3 2863.6
4260 174 2692.9
4261 470.7 93.3
4262 323.8 81.3
4263 3397.9 1495.7
4264 3446.3 1450.5
4265 3499 1702.4
4266 -1762.3 1726.9
4267 -1744.9 1664.4
4268 -3545.3 927.8
4269 -1394.8 1791.8
4270 -662.9 1921.3
4271 -180.6 1999.4
4272 -642.8 1939.1
4273 1017.1 334.7
4274 -593.5 -3818.9
4275 3412.8 53.6
4276 1458.3 -1952.2
4277 1367 -2021.3
4278 1704.3 -1962.2
4279 -3815.4 702.9
4280 -3672.2 3694.7
4281 -3962.2 1538.4
4282 -3867.2 1530.8
4283 -2855.6 -69.9
4284 -2884.9 -1794.7
4285 -749 -3095.8
4286 -772.8 3828
4287 -2641 -2892.6
4288 -2838.9 -2935.4
4289 3587.1 -2452.3
4290 -3862 699.9
4291 3559.3 -1795
4292 2785.7 3335.2
4293 1608.5 4618
4294 325.2 521.8
4295 -3933.3 -554.6
4296 -4032.1 -560.6
4297 3141.8 -597.9
4298 2896.8 68
4299 3145.4 -1869.9
4300 3158 -1014.8
4301 -3909.4 696.9
4302 3969.2 -2927.5
4303 1866.3 -3436.8
4304 1988.6 -3697.2
4305 776 -3872.7
4306 909.8 408.1
4307 863.4 517.2
4308 368.8 -2941.3
4309 385.5 -2818.4
4310 3165.9 1301.8
4311 3381.5 1479.2
4312 -4008 690.7
4313 3241.2 2896.5
4314 10.8 185.6
4315 -136.2 37.2
4316 -327.8 -156.5
4317 -517.3 -343.9
4318 -1142.8 -621.5
4319 370.9 85.2
4320 -1638.9 3667.4
4321 -1674 3742.6
4322 -1517.6 3565.5
4323 -3922.3 904
4324 386.3 626.5
4325 -2421.1 411.3
4326 549.2 -2507.5
4327 677.4 -2238
4328 888.8 302.8
4329 987.7 336
4330 48.8 1659.1
4331 57 1609.7
4332 973.3 4726.2
4333 -2809.1 -47.2
4334 -3460.6 -1972.5
4335 -1883.8 -2231.4
4336 -2785.4 -16.8
4337 -2037.6 -2395.4
4338 2984.5 3030.8
4339 3366.7 617.6
4340 3217.1 708.6
4341 3152.6 929.6
4342 3106.5 976.6
4343 3198.8 889.2
4344 2896.4 162.5
4345 2843.1 316
4346 -1845.3 -2177.2
4347 2863.2 128.8
4348 3348.6 936.4
4349 3423.3 997
4350 3350.7 810
4351 1513.4 3415
4352 1957.5 492.1
4353 1859.8 -3036.8
4354 -4054.4 4447.8
4355 -4096.7 4455.6
4356 -4133.7 4403.3
4357 -1995.3 -2319
4358 -806.2 -4038.3
4359 -12.5 182.2
4360 39.7 214.9
4361 1881 729.2
4362 353.6 863.2
4363 370.8 759.6
4364 3700.9 -2229.4
4365 3060.7 -1832.7
4366 2114.8 398.3
4367 3404.4 159.9
4368 -1914.1 -2206
4369 2584.5 639.1
4370 2609.1 360.5
4371 1395.2 4652.1
4372 3524.8 630.7
4373 3014 698
4374 2991.8 674.9
4375 2819.1 383.3
4376 2980.8 23.3
4377 -2736 30.4
4378 -2453.5 143.4
4379 -1851.9 -2022
4380 -2739.1 69.3
4381 3180 -1821.5
4382 3102.4 -1823.2
4383 -3131.5 -2555.7
4384 -3185 -2562.1
4385 302.8 -3889.9
4386 387 -3868.3
4387 2045.5 3883.9
4388 2014.9 4023.7
4389 1830.4 4007.4
4390 -2029.4 -2150.1
4391 3087.6 493.5
4392 2941.4 481.9
4393 3079.3 593.7
4394 3225.6 605.9
4395 3212 770.3
4396 954.1 4261.2
4397 1813.4 3512.5
4398 1810.8 3547.6
4399 1473 3812.7
4400 1478.2 3796
4401 -2082.5 -2081
4402 -2188.2 3697.9
4403 -380.4 -3745.8
4404 -1578.4 3629.4
4405 370 547
4406 1764.9 2424.4
4407 5560.8 4927.4
4408 5437.6 5010.4
4409 -3875.4 -3552.1
4410 -339.4 -3837.5
4411 -631.2 -3834.2
4412 -2114.5 -2003.5
4413 1723.9 2312.5
4414 1715.5 2362.8
4415 3027.4 595.3
4416 3049.5 617.6
4417 3072.1 639.1
4418 3209.7 798.9
4419 -1563.9 -369
4420 309.6 961.5
4421 2582 1505.4
4422 -3787.9 -3530.6
4423 -2036.4 -1985.6
4424 -418.4 -2948.7
4425 -363.6 -3726.3
4426 -326.9 -3780.5
4427 -2160.8 -2400
4428 -1757.1 4260.6
4429 -1280.5 4340.2
4430 -1250.5 4345.2
4431 1634.4 284.3
4432 -4049.3 4304.6
4433 -3345 3921.2
4434 -2114.8 -1925.3
4435 -3678.7 3820
4436 -4199 -3987.5
4437 1518.5 1756.2
4438 555.5 -3784.4
4439 -963.9 -4062
4440 1238.8 -3798.3
4441 2128.4 -3911.1
4442 1853.6 -3061.6
4443 3769.2 -2285.6
4444 4645.6 -2749.3
4445 1320.3 -3755.2
4446 -3557.3 -1983
4447 -2116.6 -1719.1
4448 3547.6 -2217.8
4449 -2088.7 4064.3
4450 -2297.7 3757.9
4451 3079.8 2629.9
4452 2968.4 2431.9
4453 2944.8 435.1
4454 -1729.3 2086.5
4455 -2894.2 2321.3
4456 -2877.8 2334.9
4457 -2883.7 2429.1
4458 -2078.3 -1602
4459 -2364.8 -1274.6
4460 -2912.2 -1667.3
4461 -2972.1 -1674.2
4462 -2295 -1070.3
4463 -2516.4 -1690.8
4464 -2378.1 -1311.2
4465 -2209.2 -983.1
4466 -2744.1 -2011.4
4467 1857.7 2403
4468 -3837.6 3863.2
4469 -2188.8 -1723.3
4470 -2679.6 -2249.9
4471 -1076.5 -1258.8
4472 -2905.9 -1777
4473 -2708.7 -2245.5
4474 -2380.5 197.2
4475 -2625.5 -113.9
4476 -2553.5 -100.5
4477 3466.9 -2292.9
4478 927.4 -1941.6
4479 1078.4 -2035.9
4480 -2027.9 -1573.5
4481 782.4 15
4482 -3716.1 -3321.4
4483 -3643.3 -3249.6
4484 -3559.3 -3149.4
4485 195.2 390.8
4486 218.8 394.5
4487 676.9 860
4488 796.2 769.7
4489 584.7 787
4490 464.8 665.6
4491 -1996.1 -1551.4
4492 501.5 702.6
4493 2439.4 2643.4
4494 -2836.3 3797.4
4495 -2844.6 3860.7
4496 -2333.3 4059.2
4497 -3468.6 3972.8
4498 -2185.1 3974.8
4499 -2198.8 4009
4500 -2720.9 3913.4
4501 -2737.4 3885.5
4502 -1993.6 -1454.6
4503 -2105.8 4088.5
4504 1540.1 -3472.6
4505 2827.6 507.3
4506 -1933.9 3946.5
4507 -2043.6 4063.6
4508 -1860.8 -3658.2
4509 296.1 472.3
4510 2909.7 456.6
4511 -1358 -3165.2
4512 -1584.4 -3237.4
4513 -2030.1 -1420.3
4514 -454.5 -2950.6
4515 -431.3 -2965.4
4516 363.5 1554.4
4517 703.5 -2223.1
4518 -3033.4 4015.4
4519 -3801.1 -1296.4
4520 1946.9 568
4521 2829.1 464.9
4522 2801.5 469.8
4523 1047.6 331.8
4524 -2158 -1463
4525 3558.7 1007.3
4526 -4004.1 4432.6
4527 -2928.6 4005.2
4528 -808.3 4043.6
4529 2945.5 2456.5
4530 -2067.1 4073
4531 -2442.1 4018.2
4532 -1682 3718.1
4533 -3193.9 3632.6
4534 -3266.7 3532.4
4535 -2115.9 -1526
4536 1813 4521
4537 -3786.8 4336.9
4538 -3838.7 4382.7
4539 -3291 3680.7
4540 2908.3 2091.8
4541 2799.5 2205.1
4542 2752.1 2253.8
4543 2595.5 2358
4544 380.5 -2882.9
4545 -3837.4 -4059.4
4546 -2228.5 -1110
4547 1119.1 -1925.4
4548 1020.7 -1933.8
4549 -2040.1 4091.6
4550 1325.2 334.3
4551 -2901.8 2440.5
4552 4171.9 -3340.9
4553 -209.9 -16
4554 5611.5 4939.3
4555 2966.9 2022.3
4556 2978.3 1975.4
4557 -3544.7 -2189.5
4558 -2419.4 -1434.5
4559 3024 2015
4560 2575.5 2386.2
4561 2899.1 2655.6
4562 2878.6 2639.3
4563 2852.5 2671.5
4564 3811 -909.2
4565 5471.1 4988.1
4566 3334.7 2716.6
4567 2718 1368.8
4568 3496.8 1002.6
4569 -3270.8 -3384.9
4570 1881.5 -2842.6
4571 -1282.3 -622.5
4572 -2302.7 -1112.5
4573 -2264.7 3737.8
4574 5295.2 4914.7
4575 -4278 4530.8
4576 -4185.9 4423.5
4577 -4181.5 4428
4578 -4157 4407.7
4579 4776.3 5930.8
4580 -3273.9 -3517.9
4581 4859.6 5785.4
4582 320.4 3597.3
4583 753.5 1009.8
4584 675.9 1455.2
4585 662.7 1546.6
4586 623.5 1771.2
4587 611.8 1852
4588 372.3 3290.2
4589 5287.1 4868.6
4590 5649.9 4803.1
4591 -3235.9 -3410.7
4592 -3339.7 -3340.9
4593 -3230.3 -3683.4
4594 -3272.4 -3541.8
4595 -3298.2 -3729.3
4596 -3191.5 -3565.9
4597 -3011.6 -73.9
4598 -3651.1 -1987.4
4599 -3105.7 -79.8
4600 -3005.3 -178.9
4601 -2910.7 -173.3
4602 -3099.3 -184.8
4603 -2999 -282.6
4604 -3093 -288.4
4605 -2904.4 -276.8
4606 -2986.4 -489.5
4607 -3080.3 -495.3
4608 -2893.2 -458.5
4609 -3388.9 -2164.5
4610 -2973.9 -695.9
4611 -3067.8 -702.3
4612 -2864.6 -796.2
4613 -3152.9 2211.8
4614 -3141.9 2035.3
4615 -3247.1 2205.9
4616 -3058.7 2217.7
4617 -3048.1 2050.9
4618 -3235.4 2019.8
4619 -3140 2005.3
4620 -3812.5 2170.4
4621 -3045.6 2011.2
4622 -3127 1798.3
4623 -3221.1 1792.4
4624 -3032.6 1804.3
4625 -3113.6 1585
4626 -3100.2 1371.6
4627 -3087.2 1164.1
4628 -3194.2 1365.7
4629 -3005.7 1377.6
4630 -3181.1 1158.2
4631 -3718.2 2176.3
4632 -2992.7 1170.1
4633 -3074.2 957.5
4634 -3168.1 951.6
4635 -2979.7 963.5
4636 -3062.7 774.9
4637 -2773.9 -63.7
4638 -2728.6 -57
4639 -2816.5 -167.7
4640 -2821.2 -74.6
4641 -2722.1 -162.1
4642 -3906.9 2164.5
4643 -2810.3 -271
4644 -2715.9 -265.2
4645 -2797.2 -423.7
4646 -2527.7 -325.7
4647 -2964.3 2223.6
4648 -2954.4 2066.5
4649 -2869.9 2229.5
4650 -2860.7 2082.1
4651 -2951.3 2017.1
4652 -2856.9 2023
4653 -3799.5 1964
4654 -2938.2 1810.2
4655 -2843.9 1816.2
4656 -2924.7 1596.9
4657 -2911.3 1383.5
4658 -2817 1389.5
4659 -2898.2 1176
4660 -2803.9 1182.1
4661 -2885.1 969.5
4662 -2790.9 975.4
4663 -2874.8 806.2
4664 -3786.5 1756.8
4665 -3331.8 -2577.8
4666 -3395.5 -2827.5
4667 -3224.5 -2566.3
4668 -3476.2 -2806.8
4669 -3345.9 -2855.1
4670 -3519.2 -2972.2
4671 -3655.4 -3139.8
4672 -3419.9 -3004.2
4673 -3766.5 -3236.4
4674 -3683.2 -3023.4
4675 -3894 1958
4676 -3599.9 -3197.8
4677 -3868.1 -3242.8
4678 -3733.6 -3353
4679 -3780.5 -3029.9
4680 -3961.4 -3247.6
4681 -4068 -3047.7
4682 -3974.1 -3041.9
4683 -4150.6 -3259.5
4684 -4133.6 -3572.5
4685 -276.6 -3329.6
4686 2350.3 -3161.4
4687 -3705.2 1969.9
4688 -227.9 -3388.2
4689 -513.8 -3154.4
4690 -165.3 -3237.7
4691 -381.8 -3416.3
4692 -178.4 -3448
4693 -116.8 -3296
4694 -373.7 -3519.5
4695 -67.2 -3355.5
4696 -18.5 -3414.1
4697 816.2 -3181.7
4698 -3773.1 1543.5
4699 900 -3191.3
4700 782.6 -3150.3
4701 827.1 -3263.8
4702 1025.2 -3205.7
4703 891.1 -3267.6
4704 908 -3122.9
4705 1022.1 -3252.2
4706 1029.7 -3136.4
4707 908 -2286.8
4708 928 -2296.8
4709 -3881 1750.9
4710 865.5 -2204.7
4711 1154.2 -2275.7
4712 961 -2313.2
4713 1017.2 -2341.2
4714 845.1 -2540.1
4715 1059.3 -2362.2
4716 897.5 -2566.2
4717 1094 -2379.7
4718 946.4 -2590.7
4719 1163.2 -2386.9
4720 -3692.2 1762.7
4721 876.8 -2273.8
4722 -4160.9 3674.3
4723 -4162.1 3589.6
4724 -4087.5 3670.5
4725 -4075.6 3643.5
4726 -4043.3 3886.3
4727 -3983 3881.6
4728 -4002 4038.9
4729 -4137.9 4129.9
4730 -1170.5 1511.1
4731 -3759.7 1330
4732 -1187.3 1614.7
4733 -1153.6 1408.5
4734 -1121.4 1519.4
4735 -3218.4 -1334.4
4736 -3312.6 -1340.2
4737 -3205.7 -1541.5
4738 -3231 -1127.7
4739 -3406.9 -1346
4740 -3299.9 -1547.3
4741 -3325.3 -1133.5
4742 -3854.3 1324.1
4743 -3500.5 -1351.8
4744 -3394.3 -1553
4745 -3419.6 -1139.2
4746 -3486 -1558.6
4747 -3560.4 -1305.1
4748 -3783.9 -1220.3
4749 -3881.5 -1377.1
4750 -3988.8 -1264.4
4751 -3876 -1292.1
4752 -3870.4 -1582.3
4753 -3665.3 1336
4754 -3982 -1381.6
4755 -4016.8 -1175.5
4756 -4076.3 -1387.2
4757 -4063.7 -1594.1
4758 -4170.5 -1392.9
4759 -4088.9 -1180.2
4760 -4157.9 -1599.9
4761 -4183.2 -1186
4762 -2029.4 3821.6
4763 -2220.5 3911.5
4764 -3746.7 1122.7
4765 -2109.2 3663.9
4766 -1983.3 3806.8
4767 235.3 -3200.7
4768 365.7 -3249
4769 258 -3149.8
4770 93.3 -3321.4
4771 448.7 -3244.7
4772 372.8 -3078.7
4773 627.8 -3254.1
4774 471.3 -3128.9
4775 -3652.3 1128.6
4776 638.5 -3333.4
4777 641.9 -3214.5
4778 784.5 -3342.5
4779 1020.6 -3275.6
4780 1015.4 -3355.6
4781 384.6 -3556
4782 471.7 -3576.5
4783 515.3 -3636.2
4784 537.5 -3486.4
4785 545.4 -3708.5
4786 -3841.3 1116.7
4787 400.4 -3663.4
4788 571 -3755.7
4789 410.8 -3740.1
4790 200.8 -3862.1
4791 275.1 -3824.9
4792 182.3 -3932.2
4793 2760.7 -3754.3
4794 2611.7 -3873.4
4795 2865.1 -3832.7
4796 2688.6 -3679
4797 1804.7 -2841.2
4798 -3733.8 915.9
4799 2690.1 -3887.1
4800 2581.4 -4029.2
4801 2506 -4015.6
4802 2660.5 -4042.9
4803 661.9 697.7
4804 606.2 641.9
4805 725.6 632.4
4806 628 730.2
4807 570.2 671.8
4808 1844 -1686.6
4809 -3828.4 910
4810 1765.5 -1693.1
4811 1829.5 -1510
4812 1926.1 -1679.6
4813 1780.2 -1870.9
4814 1682.7 -1699.9
4815 1750.9 -1516.4
4816 1600.6 -1706.6
4817 1668.6 -1523
4818 1697.2 -1877.1
4819 1615.2 -1883.8
4820 -3639.3 921.9
4821 1585.8 -1529.6
4822 1521.4 -1713.2
4823 1439.2 -1720
4824 1536.2 -1891.1
4825 1507.2 -1536.1
4826 1453.9 -1898.3
4827 1426.8 -1542.6
4828 1389.4 -1724.1
4829 1342.8 -1728
4830 1296.8 -1732
4831 -3720.8 708.8
4832 1357.4 -1906.3
4833 1328.4 -1551.1
4834 1311.3 -1910.1
4835 1247 -1735.9
4836 1197.2 -1740
4837 1232.5 -1559
4838 1261.7 -1914.2
4839 1151.4 -1743.8
4840 1136.8 -1566.8
4841 1105.3 -1747.6
4842 -3524.4 -2517
4843 1166.1 -1921.3
4844 1055.1 -1751.8
4845 1069.9 -1929.6
4846 1006.5 -1755.8
4847 1040.6 -1574.7
4848 959 -1759.7
4849 912.6 -1763.5
4850 973.7 -1937.8
4851 944.4 -1582.6
4852 863 -1767.6
4853 -3519.7 -2598.5
4854 848.5 -1590.5
4855 813.6 -1771.6
4856 878.4 -1945.7
4857 826.8 -1950.1
4858 767 -1775.5
4859 752.2 -1598
4860 780.8 -1953.7
4861 669.6 -1783.6
4862 683.2 -1961.6
4863 654.6 -1606.4
4864 -3348.6 -2497.9
4865 587.6 -1790.4
4866 572.7 -1613.1
4867 474.2 -1799.7
4868 488.9 -1977.8
4869 376.5 -1807.8
4870 391.6 -1985.2
4871 361.4 -1630.3
4872 272.7 -1816.3
4873 280 -1905.8
4874 72 -1832.9
4875 -3492.3 -2595.5
4876 79.3 -1921.6
4877 64.8 -1745
4878 -24.4 -1840.8
4879 -31.7 -1752.8
4880 -122.3 -1848.9
4881 -114.9 -1938.7
4882 -129.6 -1760.9
4883 -317.5 -1865
4884 -310.1 -1954.4
4885 -324.8 -1776.9
4886 -3613.9 -2604.6
4887 -514.6 -1881.2
4888 -708.4 -1897.2
4889 -521.8 -1793.5
4890 -507.2 -1970.4
4891 -701.7 -1985.3
4892 -715.2 -1809.3
4893 -900.5 -1913
4894 -993.1 -1920.6
4895 -893.3 -2000.3
4896 -907.7 -1825.2
4897 -3671.6 -114.4
4898 -1008.1 -1743.1
4899 -1088.8 -1928.5
4900 -1103.7 -1751
4901 -1182.8 -1936.2
4902 -1275.6 -1943.9
4903 -1197.3 -1758.8
4904 -1267.5 -2055.9
4905 -1294.1 -1766.8
4906 3718.1 -1491.5
4907 3633.7 -1498
4908 2142.1 4284.6
4909 -3765.7 -120.2
4910 3706.8 -1352.5
4911 3621.9 -1359.3
4912 3553.6 -1505.9
4913 3656.9 -1781
4914 3462.5 -1514.9
4915 3452.6 -1372.6
4916 3390.8 -1662.5
4917 3366.3 -1375.2
4918 3036.9 -1549.8
4919 2948.2 -1556.2
4920 -3658.8 -323.1
4921 2764.2 -1303.5
4922 2782.1 -1570.7
4923 2791.4 -1695.1
4924 2596.9 -1408.1
4925 2611.4 -1584.8
4926 2619.4 -1679.3
4927 2578.2 -1601.7
4928 2607.6 -1539.4
4929 2438.8 -1635.9
4930 2436.6 -1599
4931 -3564.4 -317.3
4932 2424.2 -1486.6
4933 2354 -1606.1
4934 2342.3 -1464.6
4935 2270.5 -1611.9
4936 2366.4 -1759.1
4937 2259 -1471.4
4938 2279.9 -1764.4
4939 2100.1 -1626
4940 2088.6 -1484.7
4941 2015.3 -1632.8
4942 -3646.2 -530
4943 2173.8 -1477.6
4944 1925.7 -1640.2
4945 2003.4 -1491.7
4946 1914.9 -1500.6
4947 -327.1 -258.1
4948 -378.4 -262.3
4949 -312.5 -436
4950 -363.7 -440.3
4951 -242.1 -430.3
4952 3041 -552
4953 -3753 -328.9
4954 3159.8 -969
4955 3076 -976.2
4956 3248.5 -962.2
4957 3271.3 -1244.6
4958 3188.2 -251.8
4959 3105.6 28.3
4960 1198.9 449.3
4961 1160.2 338.9
4962 1250.1 420.4
4963 1140.3 480.8
4964 -3633.6 -736.9
4965 -1071.7 -498
4966 -542.9 -2944.8
4967 -540.5 -3018
4968 -494.7 -2941.7
4969 -676.8 -2939.9
4970 -650.7 -3111
4971 -564.3 -3091.1
4972 -3930.3 3876.5
4973 -3923.3 3846.9
4974 -3795.9 3911.4
4975 -3727.8 -742.7
4976 -3901 3849.7
4977 -3712.8 3790
4978 -2771 2235.8
4979 -2768.8 2203.2
4980 -2775.5 2302.5
4981 -3341.3 2199.9
4982 -3435.5 2194
4983 -3328.5 1997
4984 -3530.1 2188.1
4985 -3422.6 1988.2
4986 -3539.2 -731.2
4987 -3517.1 1981.7
4988 -3624.3 2182.2
4989 -3611.1 1975.8
4990 -3946.2 2162
4991 -4001 2158.6
4992 -4099.9 2152.4
4993 -3987.9 1952.1
4994 -4007.3 2257.5
4995 -4086.9 1945.9
4996 -4105.2 2238.2
4997 -3620.9 -944
4998 -4198.9 2146.2
4999 -4185.9 1939.7
5000 -2295 521.6
5001 -2285.8 478.6
5002 -1446.7 -1149.1
5003 3532.5 2291.9
5004 3469.2 2576.1
5005 3505.5 2293.2
5006 3437.9 2274.3
5007 3362.1 2196.9
5008 -3715.2 -950
5009 3310.3 2134.1
5010 3144.3 1971.6
5011 3086.8 2467.9
5012 3191.3 1929.3
5013 3085.6 1916.3
5014 3014.8 1846
5015 2966.1 1893.5
5016 3043.2 1817.6
5017 2915.9 1746.8
5018 2943.9 1719
5019 2115.6 4267
5020 -3526.6 -938.2
5021 2818.9 1648.8
5022 2770.7 1696.7
5023 2772.4 1601.9
5024 2908.6 1466.6
5025 2731 1560.1
5026 2331.2 1156.7
5027 2194.9 1293.1
5028 2234.6 1059.1
5029 2370.6 924
5030 2159.1 1134.1
5031 -3608.3 -1150.8
5032 2186.5 1010.7
5033 2106.9 1087.7
5034 2322.3 875.2
5035 2137.6 961.3
5036 2222.9 775.3
5037 1992.2 814.6
5038 1877.7 699.3
5039 1899.9 721.5
5040 1786.3 337.6
5041 1505.1 315.2
5042 -3702.7 -1156.5
5043 1442.1 330
5044 1451.1 368.3
5045 1539.4 -102.3
5046 1516.8 182.7
5047 1551.4 -246.1
5048 1453.6 -109.5
5049 1798.8 -82.5
5050 1725.2 -233
5051 1563.4 -388.3
5052 1467.1 -253
5053 -3514 -1145
5054 1574.9 -529.5
5055 1648.3 -381.3
5056 1477.2 -394.6
5057 1587 -670.5
5058 1488.5 -535.4
5059 1660.5 -522.3
5060 1502.5 -677.9
5061 1672.1 -664
5062 1608.1 -813.6
5063 1624.2 -991
5064 -3601.3 -1285.4
5065 1687.6 -806.8
5066 1520.5 -820.7
5067 1542 -997.7
5068 1707.4 -983.9
5069 1638.8 -1168.3
5070 1656.3 -1345
5071 1556.8 -1174.7
5072 1722.3 -1161.5
5073 1571.4 -1351.9
5074 1736.9 -1338.7
5075 -3696.2 -1262.6
5076 1700.9 -1925.3
5077 1709.2 -2016.1
5078 1713.3 -2059.4
5079 1781.5 -2018.8
5080 1749.4 -2041.6
5081 1642.1 -2100.6
5082 3854.3 -3777.8
5083 3873.3 -3744.2
5084 2778.7 1512.5
5085 2677.2 1410.5
5086 1725.4 917.6
5087 2707.5 1357.5
5088 2564.7 1120.5
5089 -2295.3 -879.1
5090 -2487.9 -1038.6
5091 -2369.4 -889.1
5092 -2193 -961.2
5093 3530.3 -222.2
5094 3507.5 62.7
5095 3446.5 -229.9
5096 3540.4 -366.7
5097 1774.3 869.1
5098 3357 -237.4
5099 3273.5 -244.2
5100 3371.6 -382.5
5101 3213.7 -538
5102 2918.2 -133.9
5103 2929.5 -275.1
5104 2846 -283.8
5105 2941 -416.5
5106 2857.6 -424.5
5107 2833.2 -140.5
5108 1706.9 797
5109 2761 -290.8
5110 2772.6 -431.4
5111 2749.2 -148.7
5112 2677 -297.8
5113 2664.7 -154.5
5114 2688.3 -438.5
5115 2592 -303.9
5116 2603.3 -445.5
5117 2578.7 -161.3
5118 2418.7 -317.5
5119 -2510 3308.9
5120 2433.5 -459.6
5121 2409.4 -175
5122 2336.7 -324.5
5123 2350.5 -467.8
5124 2322.7 -182.2
5125 2250.4 -332.5
5126 2262 -473.7
5127 2238.7 -190.2
5128 2166.5 -339.1
5129 2177.9 -480.6

# Edges
0 1
0 835
0 5013
1 4554
2 4188
2 4908
3 3380
3 5119
4 5
4 637
4 5127
4 5128
5 8
5 2574
5 3257
6 401
6 406
6 3257
6 5129
7 8
7 9
7 10
7 11
8 11
8 2573
9 10
9 12
9 13
10 15
10 407
11 12
11 2476
12 5049
12 5050
13 15
13 5050
13 5055
14 2358
14 2369
14 5119
15 409
15 5059
16 17
16 18
16 19
16 5056
17 411
17 416
17 5058
18 897
18 900
18 5052
19 900
19 903
20 21
20 2857
21 1473
21 5024
22 214
22 215
23 24
23 26
24 27
24 28
24 29
25 36
25 47
25 58
25 69
26 27
26 4096
26 4098
27 31
28 84
28 1508
28 3491
29 30
29 31
29 1508
30 32
30 33
30 34
31 32
31 1510
32 35
32 1511
33 37
33 1508
33 1509
34 35
34 37
35 3363
36 91
36 3531
37 89
38 39
38 40
38 41
39 42
39 43
39 44
40 43
40 215
40 3809
41 90
41 92
42 45
42 46
43 4088
43 4089
44 46
44 92
44 93
44 1213
45 48
45 49
45 4088
46 94
47 3349
47 4781
47 4787
48 94
48 96
49 2065
50 51
50 52
50 53
51 52
51 65
52 4063
53 62
53 65
53 2696
54 55
54 56
55 4504
56 4062
57 59
57 60
57 61
58 2616
58 2665
59 2727
59 3627
60 3138
60 3685
61 337
62 63
62 64
63 3042
63 3627
64 334
64 337
65 334
66 67
66 68
66 74
66 77
67 70
67 71
67 72
68 75
68 2722
69 80
69 91
70 73
70 884
71 73
71 881
71 4695
71 4770
72 881
72 882
72 2230
73 2232
73 4693
74 75
74 76
75 2166
75 2721
76 77
76 3188
77 2230
78 79
78 81
78 82
79 359
79 2127
80 102
81 2125
81 2126
82 359
82 360
82 361
83 84
83 85
83 86
84 1507
85 1506
85 3526
86 87
86 1506
86 1507
86 1509
86 1518
87 88
87 89
88 1505
88 1506
89 1509
90 97
90 1191
90 1225
91 3350
92 1202
92 1213
93 3661
93 3808
94 95
95 203
95 3565
95 3661
96 1180
96 2291
96 2302
97 1202
98 3580
98 5036
99 517
99 1491
99 1908
99 5036
100 101
100 103
100 2918
101 104
101 105
101 106
102 136
102 1691
103 105
103 2884
103 2886
103 2920
103 3816
103 4676
104 107
104 108
104 2919
105 108
105 2532
106 2537
106 2918
106 2919
107 109
107 110
107 111
108 109
108 2921
109 1545
110 112
110 2919
110 2948
111 112
112 4045
113 145
113 146
114 125
114 136
114 147
115 116
115 117
115 118
115 119
116 122
116 2993
116 2994
117 1134
117 1956
118 120
118 121
119 2440
119 2993
120 122
120 4168
121 1134
121 2345
122 2412
123 124
123 126
123 1062
123 1064
124 127
124 128
125 129
126 1742
126 1743
126 1744
127 1742
127 2760
127 2761
128 1064
128 1370
128 2763
129 136
130 131
130 132
130 133
131 324
131 3578
132 133
132 336
133 2656
133 3383
134 135
134 234
134 568
134 4234
134 4360
135 141
135 2528
136 1680
137 138
137 139
137 140
137 2523
138 2332
138 2333
139 182
139 2893
139 2894
140 141
140 2332
141 181
141 2897
141 3232
142 143
142 144
143 145
143 1362
144 2752
144 2755
144 2756
145 1363
145 1368
146 2756
146 2758
146 2759
147 158
147 4425
147 4426
148 149
148 150
148 151
149 152
149 153
149 2940
150 1638
150 2940
151 1976
152 154
152 155
152 156
153 1976
154 157
154 1976
154 1978
155 157
155 159
155 160
156 159
156 1643
156 2940
157 162
158 169
158 180
158 4425
159 1641
159 3465
160 161
160 162
161 1233
161 3255
162 2044
162 2047
163 164
163 165
163 3557
164 166
164 167
164 168
165 1740
165 1741
166 170
166 2852
167 168
167 170
168 880
169 191
169 3896
170 171
170 172
171 2786
171 2788
172 173
172 174
174 175
174 176
175 177
175 178
176 2787
176 2788
177 179
178 3572
180 1724
180 2480
180 2491
180 3895
181 182
181 183
182 2895
183 4405
183 4509
184 185
184 186
184 187
185 188
185 189
185 190
186 189
186 364
186 1778
186 1781
187 1237
187 1239
188 192
188 193
189 1782
190 192
190 1237
190 3794
191 202
191 213
191 1646
192 1241
192 1242
193 1243
193 1782
194 195
194 196
194 1445
195 1443
195 1444
196 197
197 1445
197 1448
198 199
198 200
198 201
199 204
199 1452
199 1453
199 1498
200 203
200 204
201 4087
202 225
202 236
202 3477
203 3660
204 1452
204 1500
205 206
205 207
205 208
206 209
206 210
207 211
207 2990
207 4796
208 210
208 861
209 211
209 212
210 1871
211 1187
212 1871
212 1873
212 2143
213 225
213 1234
214 216
214 217
214 218
215 217
216 3363
216 3365
217 219
217 3809
218 219
218 220
218 3365
219 2011
219 2017
220 221
220 2011
220 2012
221 222
222 2968
223 226
223 2012
223 2968
224 335
224 446
224 557
224 890
225 2917
226 861
226 2979
227 3906
227 5091
228 229
228 4537
228 4538
229 791
230 231
230 232
230 233
230 4354
231 4537
232 4354
232 4526
233 1391
233 2490
233 4729
234 235
234 2896
234 2897
234 4234
234 4485
235 237
235 238
235 239
236 247
236 1198
236 2882
237 3184
237 3693
238 3232
239 240
239 241
240 242
240 243
241 242
241 3693
241 3695
242 246
243 244
243 245
243 246
244 3230
244 3233
244 3234
245 248
245 249
245 250
246 250
246 3666
247 258
247 369
248 669
248 1995
248 3233
249 251
249 669
250 2160
250 2622
251 252
251 646
251 2160
252 657
252 2159
252 2635
253 255
253 2159
253 2621
253 2635
254 255
254 256
254 2624
254 2635
255 257
256 257
256 259
256 260
257 261
257 3541
258 269
258 302
259 2624
259 3237
259 3238
260 261
260 262
260 3238
261 264
262 263
262 264
263 3238
263 3239
263 3702
264 3680
264 3768
265 266
265 267
265 268
265 270
266 4330
267 3241
268 3241
268 3737
268 4330
269 280
269 291
269 302
269 1566
270 2388
270 3180
270 3696
271 272
271 273
271 274
272 275
272 276
272 3340
273 1849
273 1850
273 2871
273 3340
274 276
274 1847
274 1848
275 277
275 278
275 759
276 759
276 3248
277 279
277 281
277 282
278 281
278 761
278 3340
279 283
279 284
279 285
280 313
281 284
281 760
282 285
282 755
282 759
283 286
283 4258
284 765
284 2315
285 756
285 4258
286 287
286 288
286 289
287 290
287 292
287 293
288 292
288 2315
288 3697
289 293
289 4258
289 4259
290 294
290 295
290 296
291 522
291 523
292 295
292 3698
293 296
293 3249
294 297
294 298
294 299
295 297
295 3699
296 298
296 3250
297 300
297 1388
298 301
298 1384
299 300
299 301
299 303
300 1386
300 1387
301 1379
301 1385
302 369
303 304
303 1385
303 1387
304 305
304 306
304 307
305 309
305 1385
305 2771
306 308
306 1387
306 2773
307 308
307 309
307 310
308 311
308 2775
309 315
309 2772
310 311
310 312
311 316
311 3359
312 314
312 315
312 316
313 4054
313 4191
314 317
314 318
315 1426
315 3251
316 317
316 3360
317 320
317 3700
318 319
318 320
318 1426
319 321
319 322
319 323
320 323
320 3070
321 1425
321 1426
322 1425
322 1427
323 1427
324 336
324 3578
325 326
325 327
325 328
326 329
326 330
326 331
327 1047
327 1048
327 3252
328 329
328 1049
329 1051
329 1098
330 331
330 3252
331 1097
331 3690
332 333
332 558
333 577
333 3185
333 3186
334 2259
334 4063
335 668
335 1001
335 1113
336 2615
336 3382
337 2257
337 2259
338 339
338 340
338 341
339 917
339 3786
340 342
340 3619
340 3723
341 2119
341 2120
342 343
343 344
343 345
343 346
343 348
344 345
344 3433
345 2119
346 2115
346 2117
346 2118
347 358
347 4385
348 349
349 3039
349 3042
350 351
350 2346
350 2351
351 352
351 353
351 355
351 2351
352 356
352 1142
353 354
353 355
353 356
354 4700
354 4704
355 488
355 4704
356 1138
357 1139
357 1141
357 4700
358 1613
358 1624
358 2934
358 4410
360 2123
360 2125
360 2554
361 2071
362 363
362 364
362 365
363 2507
363 2987
363 3017
364 1239
365 2508
365 2903
366 2757
366 2780
366 4428
367 2258
367 2780
368 370
368 1904
368 2203
370 371
370 1906
371 2204
371 3119
372 374
372 375
372 1465
372 2535
373 1464
373 1465
373 2513
373 2535
374 5095
374 5096
374 5100
375 376
375 377
375 5100
376 378
376 381
376 1465
376 2816
377 378
377 3510
377 5101
378 379
378 2817
379 4956
379 5101
380 391
381 384
381 4952
381 4955
382 383
382 384
382 4952
382 5105
383 385
383 386
383 5106
384 385
384 3475
385 388
385 2053
386 387
386 388
386 5110
387 389
387 390
387 5114
388 389
388 2052
389 392
390 392
390 393
390 5116
391 402
392 394
392 1887
393 394
393 395
394 2841
394 2844
395 396
396 397
396 5123
397 400
397 640
397 2841
398 399
398 400
398 5126
399 401
399 403
399 5129
400 403
400 639
401 404
401 405
402 3335
403 404
404 405
404 4018
405 406
407 408
407 409
408 410
408 1658
409 410
409 5061
410 1659
410 5065
411 412
411 1664
411 5060
412 414
412 415
413 424
413 435
413 447
414 416
414 417
415 418
415 1665
416 903
417 418
417 419
419 420
419 421
419 422
420 423
420 899
420 901
421 425
421 906
421 907
422 423
422 425
422 426
423 429
423 3083
424 447
424 458
425 428
425 1666
426 427
426 428
426 429
427 430
428 1667
428 4203
429 3086
429 3089
430 431
430 432
430 433
431 434
431 3089
431 3093
432 1265
432 1673
432 4203
433 434
433 436
433 1265
434 1263
434 3317
435 2544
435 4491
436 437
436 438
436 1263
437 439
437 1265
437 1266
438 439
438 440
438 441
439 1678
439 3214
440 442
440 1263
440 1264
441 442
441 443
442 3505
443 444
443 3505
444 445
444 448
444 3213
444 3214
445 451
445 3214
446 1224
446 4391
446 4394
447 4502
448 449
448 450
449 583
449 3213
450 451
450 584
451 586
452 453
452 454
452 455
453 457
453 585
454 588
455 456
455 457
456 459
456 460
456 461
457 461
457 2708
458 829
459 462
459 463
459 464
460 463
460 3878
461 2709
462 465
462 466
462 467
463 467
464 466
464 2709
464 3100
465 468
465 470
465 945
466 943
466 945
467 468
467 947
468 471
468 950
469 480
469 2798
469 3821
469 4427
470 471
470 472
470 473
471 474
471 1692
472 475
472 945
472 1960
473 474
473 475
473 476
474 481
474 1690
475 1961
475 2006
476 477
476 478
476 479
477 2006
477 2008
478 481
479 481
479 482
480 2542
480 4065
482 483
482 2729
482 2731
483 484
483 485
484 485
484 2729
484 2730
485 486
485 487
486 2731
486 2732
487 2732
487 3507
487 3508
488 2351
488 2352
489 490
489 492
489 493
489 1897
490 494
490 495
491 502
491 513
491 524
491 535
492 1894
492 2372
492 4437
493 2810
493 3194
494 496
495 496
495 497
495 498
496 3194
497 1897
497 1898
497 1899
498 499
498 500
498 3258
499 501
499 503
499 1903
500 1899
500 1903
501 2198
501 3258
502 1306
502 1311
502 3821
503 504
503 505
503 2200
504 2202
504 2203
505 506
505 2199
506 507
506 508
507 2199
507 3114
507 3514
508 509
508 510
508 2202
509 3116
509 3117
510 511
510 3117
511 512
511 1057
512 514
512 5027
512 5030
513 524
513 3452
514 2202
514 3142
514 5033
515 2024
515 4155
515 5029
516 517
516 518
516 2846
517 1909
517 1910
518 3476
519 520
519 573
520 575
521 522
521 523
521 525
522 526
522 527
523 4183
524 1308
525 1644
525 2256
526 528
526 529
527 532
527 1644
528 530
528 531
528 532
529 4191
530 533
530 534
532 533
533 3463
534 3253
534 3254
535 3452
535 3821
535 4427
536 537
536 538
536 4766
537 4449
537 4498
537 4499
537 4763
538 2331
539 540
539 541
539 4611
540 542
540 543
540 544
541 1288
541 3930
542 547
542 1732
542 4611
543 545
543 547
543 4738
544 2804
544 4461
545 548
545 549
545 4741
546 558
546 569
547 548
547 1163
548 550
548 1160
549 550
549 4745
549 5020
550 1164
550 4986
551 554
551 5008
551 5042
552 4022
552 4975
552 5008
553 554
553 555
553 5008
554 3478
555 556
555 559
556 3295
556 3478
557 1113
557 1224
557 2224
557 2335
558 3911
559 561
559 3295
560 561
560 562
560 4761
561 3758
561 4759
562 3758
562 4038
563 564
563 565
563 2411
564 567
564 1132
564 1133
565 566
565 567
566 2409
566 2411
567 4079
568 570
569 2705
569 4947
569 4951
570 571
570 572
570 2529
571 2527
571 2528
572 573
573 574
573 2527
574 577
574 2529
574 3185
575 576
575 577
575 2267
576 578
576 3097
578 579
579 581
579 582
579 628
579 3095
580 591
580 602
580 1535
581 2344
581 3097
582 583
582 628
582 3096
583 584
583 585
585 2342
585 2708
586 587
586 588
586 3214
587 589
587 590
587 3215
588 590
588 2711
589 592
589 593
589 1681
590 1684
590 2723
591 613
591 1602
591 2602
591 4421
591 5025
591 5085
592 594
593 595
593 1684
594 595
594 596
594 1683
595 597
595 1876
596 597
596 598
596 3221
597 600
597 1877
598 599
598 600
598 4871
599 601
599 4872
600 601
600 2339
601 4877
602 613
602 4248
603 604
603 605
603 4870
603 4873
604 606
604 607
604 4119
605 606
605 2060
605 4876
606 608
606 2718
607 608
607 609
607 3225
608 611
608 2720
609 610
609 611
609 998
610 612
610 614
610 997
611 614
611 1003
612 615
612 616
612 3897
613 624
613 635
613 5026
614 616
614 999
615 617
615 618
615 3898
616 618
616 1000
617 619
617 620
617 3847
618 619
618 2165
619 2166
619 3187
620 621
620 622
620 3032
621 2230
621 3188
622 623
622 627
623 625
623 626
624 5088
625 2229
625 2851
625 3351
625 3895
625 4308
626 627
626 4309
626 4544
627 4309
629 630
629 631
629 632
629 1125
630 633
630 634
630 636
631 918
631 919
632 634
632 1912
633 637
633 1114
633 1125
634 638
634 2838
635 1046
635 1057
635 1068
635 1591
636 637
636 638
636 5127
637 2574
638 2839
638 5124
639 640
639 641
640 643
640 2842
641 642
641 643
641 644
642 645
642 3701
643 647
643 2842
644 645
644 647
644 4934
645 2570
645 4937
646 657
646 669
646 680
647 648
647 2843
648 4932
648 4934
649 3189
649 4929
649 4936
650 651
650 652
650 653
651 3610
652 1231
653 3606
653 3609
654 3150
654 4961
654 4962
655 3149
655 3150
655 4550
655 4962
656 658
656 659
656 660
656 3558
657 2613
657 4420
658 3562
658 3900
659 661
659 662
660 2543
660 3820
661 662
661 663
661 664
662 664
662 2566
662 3574
662 4104
663 4383
664 3482
665 666
665 667
665 670
666 670
666 671
667 2047
667 2049
668 779
668 890
669 1994
670 1233
671 1229
671 1232
672 673
672 674
672 675
673 676
673 677
674 677
674 1589
674 1590
675 676
675 3181
675 3862
676 2873
676 3181
677 1193
677 1592
678 679
678 3452
678 3815
678 3825
678 4064
678 4337
678 4357
679 4064
679 4065
680 1994
680 1995
680 3236
680 3730
680 3732
680 4362
680 4420
681 682
681 683
681 1335
681 4339
681 4340
681 4350
682 1668
682 4525
683 4343
683 4348
683 4349
683 4350
684 685
684 686
684 687
685 688
685 689
685 690
686 690
686 4034
686 4886
687 689
687 2606
688 693
688 2608
688 3302
689 4012
690 3303
690 3307
691 702
691 2336
691 3234
691 3807
691 4273
691 4324
691 4405
691 4490
692 693
692 694
692 695
692 696
693 2607
693 3302
694 697
694 698
694 699
695 699
695 2607
695 2610
696 698
696 3303
696 3305
697 700
697 2612
698 700
698 3760
699 2611
699 2612
700 3020
701 703
701 3994
702 2894
702 3196
702 4490
703 1786
703 4003
704 705
704 706
704 707
704 2294
705 2292
705 3744
706 708
706 709
706 3658
707 2418
707 3658
708 710
708 711
708 2295
709 2294
709 2295
709 2296
710 715
710 3318
710 3658
711 712
711 714
711 715
712 716
712 717
713 724
713 2823
713 2999
714 716
714 2295
714 2297
715 719
715 1808
716 2075
716 4159
717 718
717 719
717 2075
718 720
718 721
718 2074
719 2073
719 2074
720 722
720 2075
720 2077
721 722
721 723
721 3320
722 2298
722 2299
723 725
723 726
724 2347
724 3554
725 727
725 3320
725 3321
726 727
726 728
726 2304
727 729
727 1821
728 729
728 730
728 731
729 3322
729 3324
730 2121
730 2304
730 2306
731 732
731 2121
732 733
732 734
732 3324
733 738
733 2121
733 2307
734 736
734 737
734 738
735 2664
735 4247
735 4797
736 3324
736 3325
736 3326
737 739
737 740
737 3326
738 739
738 2308
739 743
739 2309
740 741
740 742
740 743
741 3326
741 3327
741 3329
742 744
742 745
742 3329
743 744
743 2310
744 748
744 2311
745 747
745 748
745 749
746 757
746 768
746 780
746 791
747 750
747 751
747 2314
748 2312
748 2314
749 750
749 3329
749 3330
750 3331
750 3337
751 752
751 753
751 3337
752 754
752 755
752 4260
753 2314
753 3956
753 4260
754 758
754 3337
754 3338
755 756
755 758
756 4260
757 2469
757 3228
758 759
758 3248
760 761
760 762
761 764
762 763
762 764
762 765
763 766
763 767
763 769
764 767
764 1852
765 2316
765 2317
766 770
766 771
766 772
767 771
767 1853
768 2158
769 770
769 2316
770 2318
771 775
771 1855
772 773
772 774
772 775
773 1603
773 2318
773 2321
774 776
774 1603
774 3341
775 1861
775 3341
776 777
776 778
776 781
777 782
777 1603
777 1604
778 783
778 1600
778 3341
779 4345
779 4453
780 2361
780 2424
781 782
781 783
781 784
782 786
782 1605
783 787
783 1863
784 785
784 786
784 787
785 788
785 789
785 790
786 788
786 2322
787 1866
787 2959
788 794
788 1130
789 790
789 792
790 4145
791 4977
792 793
792 794
793 795
793 796
793 797
794 795
794 1128
795 798
795 854
796 798
796 799
797 1787
797 3552
797 3553
798 800
798 850
799 800
799 801
799 803
800 807
800 853
801 804
801 805
802 813
802 824
802 835
802 3212
803 1749
803 2970
804 806
804 807
805 809
805 1137
805 2969
806 808
806 809
807 811
807 2323
808 810
808 811
809 812
809 2971
810 812
810 814
811 2325
811 4979
812 815
812 2972
813 3050
813 3201
814 815
814 816
815 2973
815 2974
816 817
816 4650
816 4979
817 2974
817 4652
818 4618
818 4619
818 4623
818 4983
819 4983
819 4985
820 821
820 1733
820 2445
820 4985
821 822
821 1177
821 4987
822 2448
822 4720
822 4989
823 825
823 4675
823 4990
823 4993
824 835
824 2713
824 3107
824 3889
824 3892
825 826
825 3774
825 4709
826 827
826 4160
826 4993
827 828
827 4161
827 4995
828 2463
828 4999
829 830
830 831
831 2889
832 833
832 834
832 836
833 1171
833 2069
834 839
834 4180
835 4248
836 1695
836 2069
836 2180
837 838
837 839
837 840
838 2181
838 3481
838 3983
839 841
839 842
840 3983
840 3984
841 1175
842 3984
843 844
843 845
843 1123
844 847
844 848
844 849
845 848
846 857
846 2324
846 2477
847 850
847 851
847 852
848 851
848 2678
849 852
849 1122
849 1123
850 853
850 854
851 853
851 2681
852 854
852 1126
853 2323
854 1128
855 856
855 858
855 859
855 860
856 858
856 860
857 868
857 879
859 4151
859 4554
861 2012
862 863
862 864
863 865
863 1517
864 1517
864 2027
864 3467
865 1433
865 1434
866 2902
866 2911
866 2912
867 1247
867 2102
867 2902
868 957
868 3814
869 870
869 871
869 872
870 873
870 874
871 874
871 3459
872 2370
872 3455
873 1228
873 2370
874 1227
875 876
875 877
876 3872
876 3874
877 1338
877 2088
877 2091
878 880
879 4808
879 4813
880 1701
881 4769
882 2229
882 4769
883 884
883 885
883 3615
883 3920
884 2722
885 993
885 3615
885 3920
886 887
886 888
886 5048
887 889
887 892
888 5041
888 5046
889 897
889 3153
890 4391
890 4453
891 902
891 913
891 5079
892 1940
892 1941
893 894
893 895
893 896
893 897
894 898
894 900
895 2514
895 3084
895 3085
896 3152
896 3153
897 5048
898 899
898 900
898 901
899 903
901 3083
901 3084
902 2110
902 2111
904 905
904 906
904 907
904 908
905 909
905 910
905 911
906 1665
907 910
907 1666
908 911
908 1662
908 1665
909 912
909 914
909 4833
910 912
910 1670
911 914
911 1663
912 3130
912 4837
913 2569
913 2580
914 3387
914 4827
915 3132
915 4276
915 4277
915 4832
916 917
916 1272
917 3140
918 1932
918 4366
919 1910
919 1912
920 921
920 925
920 927
920 1570
920 3614
921 1568
921 2509
922 923
922 925
922 926
922 927
923 1752
923 2901
924 935
924 946
924 2646
925 2901
926 928
926 929
926 930
927 928
927 2509
928 2506
929 931
929 932
930 932
930 1751
930 1752
931 933
931 934
931 936
932 936
932 2505
933 934
933 937
933 938
934 3017
935 2280
935 3246
936 937
936 2705
937 940
938 939
938 940
938 941
939 942
939 943
940 943
940 2706
940 3099
940 4316
940 4317
940 4948
942 1211
942 1212
943 944
943 3506
943 4317
944 1958
944 1960
945 3506
946 957
946 2657
946 4071
946 4938
947 948
947 949
948 951
948 3878
949 950
949 951
949 952
950 956
951 953
951 1689
952 953
952 954
953 955
953 1687
954 955
954 956
954 958
955 959
955 2714
956 1692
957 1024
958 959
958 960
958 961
959 963
959 2715
960 962
960 963
960 964
961 962
961 1962
962 966
962 1964
963 965
963 1880
964 965
964 966
964 967
965 969
965 2716
966 970
966 1953
967 969
967 970
967 4889
968 979
968 990
968 2313
969 2717
969 4885
970 2009
970 4892
971 972
971 973
971 974
971 4890
972 975
973 2060
973 2719
973 4884
974 1965
974 1966
974 4891
975 976
975 977
975 978
976 980
976 1007
977 1967
979 2657
979 4071
981 982
981 983
981 984
982 985
982 986
983 1005
983 1006
983 1007
984 986
984 999
984 1004
985 987
985 988
985 989
985 991
986 991
986 1000
987 1006
988 991
988 2166
988 3615
989 992
990 1002
990 1013
991 2165
992 993
993 3920
994 1194
994 1200
994 1409
994 4691
995 996
995 4021
995 4909
996 1984
996 3311
997 998
997 3897
997 3898
998 3225
998 3226
999 1000
999 1003
1000 2165
1001 2854
1001 4367
1002 2702
1002 4070
1003 2720
1004 2719
1004 2720
1005 1007
1005 1970
1005 2010
1006 1971
1007 1967
1008 1009
1008 1012
1008 4536
1008 4908
1009 1010
1009 1011
1009 1012
1010 1014
1010 1015
1011 1760
1012 1072
1012 3717
1012 3843
1012 4536
1013 1024
1013 4244
1014 1016
1014 1767
1015 1016
1015 1017
1015 2668
1016 1769
1016 2779
1017 1018
1017 1069
1017 3717
1018 1019
1018 1070
1018 2668
1019 1021
1019 1073
1019 2890
1020 1021
1020 1022
1020 2890
1021 1025
1021 1075
1022 1023
1022 1025
1022 4396
1023 1026
1023 1027
1023 1777
1023 4396
1024 1035
1025 1028
1025 1076
1026 1028
1027 1028
1027 1029
1027 1030
1028 1033
1028 1083
1029 1031
1029 1032
1029 1033
1030 1764
1030 1775
1031 1764
1031 1766
1032 1034
1032 1036
1033 1036
1033 1084
1034 1037
1034 1038
1034 1039
1035 2324
1035 4944
1036 1037
1036 1085
1037 1086
1037 3651
1038 1040
1038 3068
1038 3651
1039 1040
1039 1753
1039 1755
1040 1041
1040 3062
1041 1043
1041 1756
1041 3068
1042 1043
1042 1044
1042 3068
1043 1045
1043 1758
1044 1045
1044 1047
1045 1048
1045 1759
1046 5027
1047 3252
1048 1425
1049 1050
1049 3069
1050 1051
1050 3069
1050 4083
1050 4286
1050 4528
1051 1100
1051 4528
1052 1053
1052 1054
1052 1055
1052 1056
1053 1761
1053 3845
1054 1058
1054 1059
1054 1060
1055 1060
1055 1633
1055 1761
1056 1058
1056 1088
1056 3844
1057 3515
1057 3516
1058 1092
1058 1096
1059 1061
1059 1634
1060 1630
1060 1634
1061 1096
1061 2768
1062 1063
1062 1368
1063 1744
1064 1368
1065 2093
1066 1067
1067 3842
1067 4139
1068 1079
1068 3168
1069 1070
1069 1071
1070 1072
1070 1073
1071 3718
1071 4293
1072 1074
1072 4069
1072 4371
1073 1074
1073 1075
1074 1077
1075 1076
1075 1077
1076 1078
1076 1080
1077 1078
1077 4069
1078 1081
1079 1591
1079 3002
1080 1081
1080 1082
1080 1083
1081 4207
1082 1083
1082 1084
1084 1085
1084 4207
1085 1086
1087 1088
1087 1089
1087 1108
1087 3844
1088 1091
1088 1092
1089 1110
1089 3936
1090 1101
1090 1114
1090 1125
1090 1136
1091 1093
1091 3936
1091 4010
1092 1093
1092 1094
1093 1095
1093 1636
1094 1095
1094 1096
1095 3942
1097 1098
1098 1099
1098 1100
1099 3690
1099 3692
1100 3692
1100 4075
1101 1933
1101 1934
1101 2474
1102 1103
1102 1104
1102 1105
1102 1107
1102 4043
1103 1107
1103 4086
1104 1105
1104 4075
1105 4042
1106 1107
1106 1108
1106 1109
1108 1110
1108 1111
1109 1111
1109 4040
1109 4043
1110 4084
1110 4086
1111 1763
1111 3845
1112 2223
1112 3334
1112 4410
1113 2224
1114 1934
1114 2574
1115 1116
1115 1117
1115 1118
1116 1119
1116 1120
1117 2032
1118 2032
1118 5002
1119 2161
1120 2484
1121 1122
1121 1123
1121 1124
1122 1126
1122 1127
1124 1127
1124 2856
1124 3865
1125 1932
1126 1128
1126 1129
1127 1129
1127 3939
1128 1130
1129 1130
1129 3938
1130 2322
1131 1132
1131 1133
1131 1135
1131 2434
1132 1134
1133 1137
1133 2431
1134 2437
1135 1137
1135 2971
1136 2474
1136 4017
1137 2433
1138 1139
1138 1142
1138 1145
1139 1140
1140 2164
1140 2850
1141 4777
1142 1143
1142 1144
1143 1145
1143 1146
1144 1146
1144 4718
1145 2687
1146 3396
1146 4716
1147 1158
1147 1169
1147 4070
1148 1149
1148 1150
1148 1151
1149 1151
1149 1152
1150 1541
1150 1542
1151 4165
1152 2010
1152 4176
1153 1154
1153 1155
1153 1156
1154 1157
1154 1159
1154 1982
1155 3434
1156 1981
1156 2914
1157 1161
1157 1983
1158 1180
1158 2879
1159 1160
1159 1161
1159 1162
1160 1163
1160 1164
1161 1164
1161 4931
1162 1163
1162 1731
1162 1982
1163 1732
1164 3037
1165 1166
1165 1167
1165 1168
1165 4740
1166 1170
1166 3469
1167 3469
1167 4254
1168 3424
1168 4001
1168 4744
1169 2868
1169 2879
1170 1171
1170 1172
1171 1175
1172 1173
1172 1174
1173 3413
1174 1175
1174 1176
1175 4180
1176 4609
1177 1178
1177 2445
1177 2448
1178 1179
1178 1181
1178 1182
1179 1184
1179 2448
1179 4753
1180 2280
1180 2291
1181 1185
1181 1736
1181 2445
1182 1183
1182 1184
1182 1185
1183 4212
1183 4224
1183 4268
1184 4268
1184 4775
1185 1737
1185 4224
1186 1516
1186 2029
1186 2588
1186 4796
1187 1443
1187 4794
1187 4796
1188 1189
1188 1441
1188 4795
1189 4799
1190 3405
1190 4389
1191 1202
1191 1213
1191 1225
1192 1193
1192 1597
1193 1594
1193 1596
1193 2873
1194 1195
1194 1735
1194 4694
1195 1196
1195 1197
1195 1198
1196 1735
1196 2917
1197 1199
1197 1200
1198 2917
1198 3789
1199 1201
1199 1203
1200 1412
1201 1204
1201 1205
1203 1412
1203 1414
1203 1565
1204 1564
1204 1565
1205 1567
1205 3789
1206 1207
1206 1208
1206 1209
1207 2214
1207 2234
1208 1210
1208 2213
1209 2235
1209 3262
1209 3579
1210 2214
1210 2215
1211 1214
1211 1215
1212 1781
1212 2987
1213 1225
1214 1281
1214 1728
1214 1784
1215 1726
1216 1408
1216 1409
1216 4971
1217 1218
1217 1219
1217 1220
1218 1221
1218 1222
1219 1336
1219 3751
1219 3752
1219 4177
1220 2064
1220 2065
1221 1222
1221 1223
1222 1336
1223 2697
1223 2698
1223 4353
1223 4570
1224 1335
1224 1557
1224 4339
1225 3808
1226 1421
1226 3602
1227 2274
1227 3462
1228 1229
1228 1230
1229 1230
1229 1231
1230 3461
1231 3726
1232 3612
1233 3253
1234 1724
1234 1735
1235 1237
1235 1238
1235 1239
1236 1247
1236 1258
1236 1269
1236 1280
1237 1240
1238 2825
1238 2826
1240 2825
1240 2828
1240 3794
1241 1243
1241 1244
1241 3801
1242 3677
1242 3794
1242 3801
1243 3962
1244 1245
1244 1246
1244 1248
1245 1249
1245 1250
1246 1251
1246 2279
1247 2360
1248 1249
1248 2288
1248 3801
1249 2286
1249 2289
1250 1251
1250 1252
1250 1253
1251 2278
1251 3848
1252 1255
1252 2289
1253 1254
1253 1255
1254 1256
1254 1257
1254 1259
1255 1257
1255 3681
1256 3192
1256 3399
1256 3848
1257 3683
1258 1291
1259 1260
1259 3399
1260 1261
1260 4476
1261 4475
1261 4476
1261 4638
1262 1263
1262 1264
1262 3317
1264 1431
1265 1675
1266 1267
1266 1268
1267 1676
1267 1677
1267 1678
1268 1675
1268 3285
1269 1280
1269 2100
1269 4494
1270 1271
1270 1272
1271 1273
1271 4719
1272 1273
1272 3134
1273 3138
1274 1275
1274 3057
1275 3193
1276 1277
1276 2951
1277 2943
1277 2947
1277 3499
1278 1279
1278 1281
1278 1282
1278 1283
1279 1284
1280 2361
1280 2362
1281 1728
1282 2283
1282 3374
1283 1727
1283 3102
1284 2284
1284 3449
1285 1286
1285 1287
1285 1288
1287 3468
1287 4029
1288 3931
1289 1290
1289 4285
1290 1416
1290 1975
1292 1293
1292 1294
1293 2268
1293 3591
1294 1701
1295 1296
1295 1297
1295 1298
1296 1299
1296 1301
1297 2983
1298 5016
1299 1300
1299 5018
1300 1301
1300 1303
1301 1304
1302 1313
1302 1324
1302 1336
1302 2664
1303 1305
1303 1476
1304 1476
1304 1477
1305 5018
1305 5021
1306 1307
1306 1308
1307 1309
1307 1310
1308 2487
1308 3453
1309 1311
1309 1312
1310 2486
1310 2487
1311 3618
1311 3823
1312 1314
1313 1336
1313 3498
1314 3454
1314 3727
1315 1316
1315 1317
1315 1321
1316 2512
1316 2876
1316 4523
1317 2876
1317 4218
1317 4255
1317 4256
1317 4306
1317 4328
1317 4329
1318 1319
1318 1320
1318 1321
1318 2515
1319 2512
1319 3129
1320 2516
1320 3129
1320 3884
1321 4328
1322 1323
1322 1325
1322 1326
1322 2898
1323 1327
1323 1328
1324 2661
1324 4072
1325 1328
1325 1750
1325 2900
1326 1327
1326 2504
1326 3184
1327 2504
1327 2530
1327 3185
1327 4315
1327 4359
1327 4553
1328 1751
1328 2505
1329 1330
1329 1331
1329 1332
1329 1333
1330 2733
1330 2736
1330 3656
1331 1333
1331 1334
1331 3653
1332 1334
1332 1337
1332 2736
1333 3654
1333 3871
1334 3655
1334 3872
1335 4372
1336 3498
1336 4072
1336 4177
1336 4353
1337 1338
1337 1339
1337 3872
1338 1340
1339 2734
1339 2736
1340 2092
1341 1342
1341 2092
1342 1343
1342 1344
1343 1345
1343 1346
1343 4398
1344 3875
1344 3904
1344 4398
1345 2738
1345 2739
1345 2741
1346 1348
1346 1349
1346 4397
1347 1358
1347 1369
1347 2558
1348 1349
1348 1350
1348 1351
1349 1352
1349 2744
1349 2745
1349 2748
1350 3712
1350 3714
1350 3833
1351 1352
1351 1353
1351 1354
1352 1356
1352 2749
1353 3589
1353 3832
1353 3833
1353 4351
1354 1355
1354 1356
1355 3590
1355 3832
1355 3863
1356 2750
1356 2754
1357 1359
1358 1569
1358 1580
1358 2658
1358 3079
1358 4237
1359 1361
1359 1362
1360 1361
1360 1362
1360 1363
1361 1365
1361 2270
1363 1364
1363 1365
1364 1366
1364 1367
1364 1368
1365 2271
1366 1370
1367 1372
1367 3030
1367 3853
1369 1802
1369 2591
1370 1371
1370 1372
1371 1373
1371 1374
1371 1375
1372 1375
1372 3280
1372 3832
1372 4351
1373 2763
1374 1376
1374 1377
1374 2765
1374 4588
1375 1376
1375 3644
1376 3647
1376 3741
1376 4588
1377 1378
1377 3741
1377 3742
1378 1379
1378 1381
1378 1382
1379 1383
1379 1384
1380 1391
1380 1402
1381 1383
1381 2767
1381 3742
1382 1384
1382 3740
1382 3741
1383 1385
1383 2771
1384 3250
1386 1388
1386 1389
1386 1390
1387 1389
1388 1392
1388 3699
1389 1393
1389 2773
1390 1392
1390 1393
1390 1394
1391 1413
1391 1469
1392 1396
1392 3870
1393 1395
1393 2774
1394 1395
1394 1396
1394 1397
1395 1398
1395 2777
1396 1399
1396 3869
1397 1398
1397 1399
1397 1400
1398 1403
1398 2778
1399 3866
1399 3867
1400 1401
1400 1403
1400 1404
1401 1615
1401 1617
1401 3866
1402 1413
1403 1406
1403 1622
1404 1405
1404 1406
1405 1407
1406 1407
1406 1619
1407 1621
1407 2784
1408 1410
1408 1411
1408 1412
1410 1415
1410 4970
1411 1414
1411 1415
1413 1424
1413 4576
1413 4577
1413 4578
1414 1416
1415 1975
1416 1417
1417 1564
1417 1565
1418 1419
1418 1420
1419 2219
1419 2222
1420 3126
1420 3127
1420 3149
1421 1422
1421 1423
1422 1697
1424 4433
1424 4435
1425 1759
1426 3066
1427 3067
1428 1429
1428 1430
1428 3092
1428 4078
1429 2525
1429 3792
1430 1431
1430 1432
1431 2265
1431 3792
1432 3087
1432 3092
1432 3093
1433 1436
1433 1437
1435 1447
1435 1458
1435 2380
1436 1438
1437 1440
1437 1516
1438 1439
1438 1440
1439 1441
1440 1442
1441 1442
1442 2585
1443 1444
1443 4801
1444 2142
1446 1557
1446 1668
1446 1779
1447 4356
1448 2134
1448 4245
1449 1450
1449 1451
1451 2132
1451 2133
1451 2581
1451 4304
1452 1499
1452 3522
1453 1454
1453 4204
1453 4289
1454 1455
1454 3293
1454 4448
1455 1456
1455 1457
1455 4291
1456 1459
1456 4291
1456 4913
1457 3448
1457 4364
1457 4913
1458 1469
1458 2380
1458 4354
1458 4355
1458 4526
1459 2821
1459 4291
1459 4912
1460 1461
1460 4911
1460 4912
1460 4915
1461 1462
1461 1463
1461 2818
1462 1464
1462 3827
1462 4911
1463 1464
1463 1465
1463 2816
1464 4249
1466 1467
1466 1468
1466 1470
1467 1468
1467 1471
1469 2380
1470 4348
1470 4349
1471 1472
1471 3520
1472 4141
1472 4310
1472 4311
1473 1474
1473 1475
1473 4310
1474 1476
1474 1477
1474 5024
1475 2984
1475 2985
1477 2984
1478 1479
1478 1602
1478 4556
1478 5022
1479 1481
1479 1482
1479 1483
1480 1491
1480 1502
1480 4361
1481 1591
1481 3141
1482 1484
1482 1485
1482 3109
1483 2195
1483 3051
1484 2195
1485 1486
1486 1487
1486 1488
1486 2194
1487 1489
1487 1490
1488 2196
1488 2197
1488 3256
1489 2250
1489 3044
1489 3271
1490 1492
1490 1493
1490 1494
1491 1502
1491 1513
1491 5037
1492 1496
1492 2250
1493 1495
1493 1496
1494 3158
1494 3256
1494 3259
1495 1496
1495 1497
1496 2249
1497 3159
1497 3880
1498 4289
1499 1500
1499 1501
1500 1504
1501 1503
1501 1504
1501 3525
1502 1524
1503 1505
1503 1506
1503 3527
1504 1505
1506 1518
1506 3527
1507 1508
1507 1509
1510 1511
1510 1512
1510 4098
1511 1515
1511 3363
1512 1514
1512 1515
1512 2028
1513 5035
1513 5036
1514 1516
1514 2023
1514 2029
1515 2029
1515 3364
1516 1517
1516 2027
1519 1520
1519 1521
1519 4780
1520 2354
1520 2355
1521 1522
1521 1523
1521 1525
1522 1527
1522 2354
1523 3987
1523 3988
1523 4705
1524 1907
1524 3024
1524 3090
1524 3143
1525 1526
1525 1527
1525 3987
1526 1528
1526 1529
1526 1530
1527 1529
1528 1531
1528 1532
1528 1533
1529 1532
1529 2813
1530 1533
1530 2693
1530 3987
1531 1534
1531 1536
1531 1537
1532 1536
1533 1537
1533 2694
1534 1538
1534 1539
1534 1708
1535 4361
1535 5038
1536 1539
1536 2659
1537 1708
1537 1709
1538 1540
1538 1711
1539 1711
1540 1708
1540 1710
1540 2261
1541 4175
1542 4175
1542 4176
1543 1544
1543 1545
1543 1547
1544 1549
1544 3354
1544 3355
1545 1548
1545 2921
1546 3770
1546 4865
1547 1548
1547 1549
1549 3356
1550 2061
1550 2062
1550 4242
1550 4904
1551 1553
1551 1554
1551 2369
1552 2369
1552 2500
1552 3391
1553 1554
1553 2916
1554 1555
1556 1559
1556 1560
1556 1561
1557 2335
1557 4372
1558 1569
1558 1580
1558 2661
1559 1562
1559 1563
1560 1562
1560 2738
1560 2739
1561 1563
1561 2092
1561 2093
1562 3403
1564 1566
1566 1567
1568 1570
1568 1571
1568 1572
1569 2577
1569 2662
1569 2663
1570 1573
1570 3674
1570 3675
1571 1573
1571 1574
1571 1575
1572 1574
1572 2903
1572 3676
1573 1576
1574 2633
1574 2636
1575 1576
1575 1577
1575 2633
1576 2629
1576 2632
1576 3675
1577 1578
1577 1579
1577 2632
1578 1582
1578 2633
1578 3544
1579 1581
1579 1582
1579 3846
1580 3079
1581 1583
1581 2632
1581 3543
1582 2834
1582 3857
1583 3780
1583 3846
1583 4008
1584 1585
1584 1586
1584 1587
1584 3835
1585 1588
1585 2400
1585 3802
1586 1588
1586 4733
1586 4734
1587 2403
1587 2404
1587 3879
1588 1589
1588 2401
1589 3862
1589 4734
1590 1592
1590 4732
1590 4734
1591 1602
1591 3516
1592 1593
1593 1596
1593 3182
1593 4732
1594 1595
1594 1596
1595 1597
1595 1598
1595 1599
1596 1598
1596 3999
1596 4269
1597 1859
1597 1860
1598 1862
1598 1867
1599 1600
1599 1859
1599 1862
1600 1601
1600 1863
1601 1859
1601 1861
1601 3341
1602 4421
1603 1606
1604 1605
1604 1606
1604 1607
1605 1608
1605 2322
1606 1609
1606 2321
1607 1608
1607 1609
1607 1610
1608 1611
1608 3938
1609 1612
1609 4009
1610 1611
1610 1612
1610 1614
1611 1616
1611 3939
1612 1617
1612 3934
1613 1624
1613 2878
1614 1615
1614 1616
1614 1617
1615 1618
1616 1618
1616 3865
1617 3867
1618 3865
1619 1620
1619 1621
1619 1622
1620 1623
1620 1625
1620 1626
1621 1625
1621 2783
1622 1626
1622 2778
1623 1627
1623 1628
1623 1629
1624 4411
1625 2785
1625 3426
1626 1629
1626 2782
1627 1630
1627 1631
1627 3080
1627 4225
1628 3426
1628 3427
1628 3919
1629 3080
1629 3425
1630 1632
1630 1633
1631 4322
1631 4404
1632 2326
1632 4404
1633 1762
1633 3080
1634 2329
1634 4321
1635 1646
1635 1657
1635 3895
1636 3942
1636 4010
1637 1638
1637 1639
1638 2938
1639 2936
1639 3842
1640 1641
1640 1642
1640 1643
1641 1644
1642 1644
1642 2883
1642 2936
1643 2939
1645 1647
1645 1648
1645 2872
1646 1669
1646 4274
1647 1649
1647 1650
1648 1650
1648 3175
1648 3177
1648 3178
1648 4270
1648 4272
1649 1850
1649 2871
1649 2872
1650 1851
1650 1856
1651 1652
1651 1653
1651 1654
1651 1655
1652 1690
1652 1963
1653 4092
1653 4093
1653 4232
1654 1656
1654 4095
1654 4471
1655 1656
1655 1947
1655 1963
1656 1942
1657 3345
1657 3896
1658 1659
1658 1660
1659 1661
1659 5068
1660 2466
1660 2571
1661 2466
1661 2468
1661 5072
1662 1663
1662 1664
1662 5067
1663 3387
1663 5071
1664 1665
1664 5066
1666 1667
1666 1670
1667 1671
1667 1672
1668 4372
1669 3477
1669 4411
1670 1671
1670 3130
1671 3388
1671 3885
1672 1673
1673 1674
1673 1675
1674 3285
1674 3390
1674 3885
1676 3216
1676 3217
1677 3217
1677 3284
1678 3216
1679 1681
1679 1682
1679 3215
1680 1691
1680 4274
1680 4403
1681 1683
1682 1683
1682 2930
1682 3217
1682 3218
1682 3286
1683 3221
1684 1685
1684 1686
1685 1687
1685 1876
1686 1687
1686 1688
1686 1689
1687 2714
1688 1689
1688 2712
1690 1692
1691 3351
1692 1962
1693 1694
1693 1695
1693 2070
1693 2178
1694 1696
1694 4284
1694 4466
1694 4472
1695 2070
1695 3458
1696 2789
1696 2800
1696 4466
1697 1698
1698 1699
1698 1700
1699 3491
1699 4096
1699 4132
1699 4133
1699 5083
1700 1701
1702 1974
1702 2010
1702 3026
1703 1704
1703 1705
1703 1706
1703 1707
1704 1708
1704 1709
1704 1710
1705 1716
1705 1719
1705 1720
1706 1710
1706 1719
1706 2259
1707 1709
1707 1720
1707 2690
1709 2694
1710 2260
1711 2262
1712 1714
1712 1715
1713 1724
1713 1735
1713 1746
1714 1717
1715 1718
1715 1720
1715 3105
1716 1717
1716 1718
1717 2257
1719 2257
1720 2695
1721 3435
1722 1723
1722 4222
1723 1725
1723 4232
1725 2039
1725 2040
1725 2161
1726 1727
1726 1728
1727 4965
1729 1981
1729 1987
1729 4599
1730 1731
1730 1987
1730 4602
1731 1732
1731 4604
1732 4607
1733 2444
1733 4623
1733 4983
1734 2444
1734 4623
1734 4625
1734 4628
1736 1737
1736 2444
1736 4628
1737 1739
1737 4630
1738 4235
1738 4634
1738 4636
1739 4224
1739 4235
1739 4634
1740 1741
1740 2172
1741 2172
1741 2175
1743 1744
1743 3416
1744 2758
1745 1747
1745 1748
1745 1749
1746 2480
1746 4694
1747 2967
1747 2969
1748 2966
1748 2967
1749 2970
1750 1751
1750 1752
1753 1754
1754 1766
1754 3061
1755 3062
1755 3063
1756 1758
1756 3062
1756 3064
1757 1768
1757 1780
1757 3493
1758 1759
1758 3065
1759 3066
1760 2095
1760 5019
1761 1762
1761 1763
1762 3075
1762 3078
1763 3075
1763 4040
1764 1765
1765 1766
1765 1776
1765 3059
1766 3060
1767 3053
1768 1780
1768 1791
1769 1770
1769 3053
1769 3054
1770 1771
1770 2779
1770 3055
1771 1773
1771 3001
1771 3056
1772 1773
1772 1774
1772 3001
1773 1774
1773 1776
1773 3585
1773 3916
1774 1775
1774 1777
1774 4396
1775 1776
1775 1777
1776 3058
1778 1781
1778 1784
1779 1890
1779 2335
1780 3358
1780 3369
1782 1783
1782 1784
1783 4419
1785 1786
1785 1787
1787 2961
1787 2964
1788 1789
1788 1790
1788 4571
1789 1792
1789 4571
1790 1792
1790 1793
1791 1802
1791 1891
1792 3508
1792 3509
1792 4318
1793 2252
1793 3102
1794 1795
1794 1796
1794 1797
1794 1798
1795 3744
1795 4338
1796 1801
1796 2503
1796 4338
1797 1799
1797 1800
1797 1801
1798 1800
1798 2418
1798 3744
1799 1803
1799 1804
1799 1805
1800 2183
1800 4451
1801 2182
1802 4441
1803 1806
1803 2724
1804 1806
1804 2182
1804 4566
1805 2724
1805 4451
1805 5011
1806 5004
1806 5005
1807 1808
1807 1809
1807 4493
1808 2073
1808 3319
1809 1810
1809 1811
1809 2073
1810 1812
1810 1814
1810 2859
1811 2072
1811 2859
1812 1816
1812 2073
1812 2074
1813 1824
1813 1835
1814 1815
1814 1816
1814 1817
1815 1818
1815 2303
1816 3320
1816 3321
1817 1820
1817 2859
1817 3704
1818 1819
1818 1820
1818 2303
1819 1821
1819 1822
1819 1823
1820 4406
1820 4467
1821 3321
1821 3322
1822 1825
1822 1826
1822 3322
1823 1825
1823 4406
1823 4414
1824 2679
1824 2991
1825 2860
1825 2861
1826 1827
1826 1828
1826 2861
1827 3322
1827 3324
1827 3325
1828 1829
1828 1830
1828 3325
1829 1831
1829 1832
1829 2863
1830 2861
1830 2862
1830 2863
1831 3325
1831 3326
1831 3327
1832 1833
1832 1834
1832 3327
1833 2863
1833 2864
1833 2865
1834 1836
1834 1837
1834 2865
1835 2989
1836 1838
1836 1839
1836 1840
1837 1839
1837 3328
1838 1841
1838 1842
1838 3331
1838 3332
1838 3914
1839 3330
1839 3914
1840 1841
1840 2865
1840 2866
1841 2867
1841 2869
1842 1843
1842 1844
1842 2869
1843 1845
1843 1847
1843 3339
1844 3332
1844 3333
1844 3339
1845 1848
1845 2870
1845 3535
1846 1857
1846 1868
1847 3248
1848 2871
1848 3546
1849 3340
1850 1851
1850 1852
1851 1853
1851 1854
1852 1853
1852 3340
1853 1855
1854 1855
1854 1856
1854 1858
1855 1861
1856 1860
1857 1868
1857 1879
1858 1859
1858 1860
1858 1861
1860 2873
1862 1863
1862 1864
1863 1866
1864 1865
1864 1866
1864 1867
1865 1869
1865 1870
1866 2956
1867 1870
1867 2874
1868 1879
1868 2916
1869 2956
1869 2958
1870 2875
1871 1872
1872 1873
1873 2141
1873 2143
1874 1875
1874 1876
1874 2714
1875 1877
1875 1878
1875 1880
1876 1877
1877 2931
1878 1881
1878 1882
1878 2716
1879 2500
1880 2715
1880 2716
1881 2339
1881 2931
1882 2339
1882 2717
1882 4879
1883 1884
1883 1885
1883 5117
1884 1921
1884 2840
1885 1920
1885 2051
1886 2840
1886 5117
1886 5121
1887 1888
1887 1889
1888 1892
1888 2844
1889 1892
1889 4921
1890 2001
1890 2112
1891 1902
1891 2046
1892 4924
1893 1894
1893 1895
1893 1896
1894 1897
1894 4193
1895 2373
1895 2377
1896 2371
1898 1900
1898 3581
1899 1900
1899 1901
1900 3260
1901 1903
1901 1904
1901 3261
1902 1913
1902 1924
1903 2203
1904 1905
1904 1906
1905 2205
1905 2206
1906 1907
1906 2206
1907 3119
1908 2986
1908 4366
1908 4520
1909 4366
1910 1911
1911 1912
1911 1914
1913 1924
1913 3358
1914 1915
1914 2838
1915 1916
1915 1917
1915 4370
1916 4370
1916 4375
1916 4510
1916 4521
1916 4522
1917 1918
1917 1919
1918 1920
1918 1921
1919 1921
1919 2838
1920 1922
1921 2840
1922 1923
1922 1926
1923 1925
1923 1926
1923 1927
1923 4376
1924 1935
1925 1927
1925 5102
1926 2050
1927 2853
1928 1929
1928 1930
1928 1931
1929 1930
1930 3750
1931 2701
1931 4125
1932 4017
1932 4366
1933 1936
1933 1937
1934 1937
1934 2573
1935 2013
1935 4955
1936 1938
1936 1939
1936 5046
1937 1938
1937 2476
1938 5049
1939 2472
1939 2475
1940 2514
1940 3152
1941 2510
1941 3151
1942 1943
1942 1944
1942 1945
1943 4094
1944 1945
1944 1947
1944 1948
1945 1951
1946 1957
1946 1968
1946 1979
1946 3850
1947 1949
1948 1949
1948 1950
1948 1951
1949 1953
1949 1964
1950 1952
1950 1953
1950 4900
1951 1952
1952 4905
1953 2009
1954 1955
1954 1956
1955 2440
1956 2439
1957 2013
1957 3358
1958 1959
1958 1960
1959 1961
1959 2000
1960 1961
1960 3506
1961 2004
1962 1963
1963 1964
1965 1967
1965 1969
1966 1969
1966 4895
1967 1970
1968 4914
1968 4916
1968 4917
1969 1970
1971 1972
1971 1973
1972 2231
1972 2548
1973 1974
1974 4969
1975 4285
1976 1977
1976 2041
1977 1978
1977 2041
1977 2043
1978 2044
1979 3849
1979 4300
1980 1988
1980 4283
1980 4597
1980 4601
1981 1982
1982 1987
1983 4897
1983 4931
1984 1985
1984 3308
1985 1986
1985 3310
1986 3756
1987 4599
1988 4333
1988 4336
1989 1991
1989 1992
1989 3729
1990 2002
1990 2013
1991 2617
1991 2619
1991 3732
1992 1993
1992 3732
1992 4362
1993 3728
1993 3729
1993 3730
1994 1995
1995 3234
1995 3910
1996 1997
1997 1998
1998 1999
1998 4107
1998 4558
1999 4558
2000 2003
2000 2004
2000 4965
2001 2224
2001 2335
2002 4954
2003 2005
2003 2252
2003 4965
2004 2005
2004 2006
2004 2254
2005 4318
2006 2007
2007 2253
2008 2255
2008 2729
2009 4896
2009 4898
2010 4227
2010 4241
2011 2014
2011 2015
2012 2014
2013 4957
2014 2016
2015 2016
2015 2017
2015 2018
2016 3466
2017 2019
2017 3812
2018 2019
2018 3466
2019 2805
2019 3811
2019 4163
2020 2021
2020 2022
2021 2023
2021 2025
2021 2026
2022 2026
2023 2027
2023 2028
2024 2035
2024 2046
2025 2027
2025 3467
2026 2028
2026 4097
2028 4098
2030 2031
2030 5002
2031 2889
2031 2892
2032 2033
2033 2034
2033 2036
2034 2036
2034 2037
2035 2057
2035 2068
2037 2038
2037 3124
2038 2039
2038 3124
2039 2040
2039 2062
2039 3157
2039 3603
2040 2062
2041 2042
2042 2043
2042 3963
2043 2045
2043 2941
2044 2045
2044 2047
2045 2048
2045 2942
2046 2101
2047 2048
2048 3964
2049 3347
2049 3612
2049 3797
2050 2051
2050 5111
2051 5113
2052 2053
2052 2054
2053 3475
2054 2055
2055 4921
2056 2058
2056 2059
2057 2090
2057 2113
2058 4365
2059 3566
2059 4923
2060 2718
2060 4881
2061 2062
2061 4165
2062 3603
2063 2064
2063 2065
2063 2066
2064 2067
2065 4122
2066 2067
2066 2879
2066 3038
2067 2698
2067 4570
2068 2079
2068 2090
2069 3447
2069 3469
2070 2176
2071 2122
2072 2246
2072 2249
2074 3320
2075 2076
2076 2077
2076 2078
2076 4159
2077 2299
2077 3947
2078 2080
2078 2081
2078 3947
2079 3279
2079 3290
2080 3945
2080 4159
2081 2082
2081 3948
2082 2083
2082 2084
2082 2085
2082 3928
2083 2085
2083 3965
2084 3711
2084 3948
2084 3982
2085 2086
2086 2087
2086 2088
2086 3965
2087 3873
2087 3928
2087 3929
2088 2089
2088 3874
2089 2091
2089 3710
2089 3966
2089 4250
2090 4952
2090 5105
2091 3875
2091 3904
2092 2738
2093 2094
2094 4387
2094 4388
2095 3401
2095 4188
2095 4189
2096 2097
2096 2098
2096 2099
2096 2100
2097 2102
2097 2360
2098 2497
2098 4500
2099 2103
2099 2364
2100 2360
2100 2363
2101 2113
2101 2124
2102 2103
2103 2368
2103 2988
2104 2105
2104 2106
2104 4186
2105 2107
2106 2652
2106 4047
2107 2108
2108 2109
2109 3022
2109 3025
2109 4047
2110 2111
2110 2114
2111 2117
2112 5093
2112 5094
2113 5102
2113 5103
2114 2116
2114 3040
2115 2116
2116 2118
2117 3620
2118 3040
2120 3140
2120 3787
2121 3905
2122 2123
2123 2555
2124 4297
2124 4958
2124 4959
2125 2131
2125 2553
2126 2127
2126 2128
2127 2130
2128 2129
2128 2130
2129 2131
2129 2132
2129 2133
2130 2133
2131 2136
2131 2552
2132 2134
2132 2136
2134 2137
2134 2138
2135 2146
2135 2157
2135 3268
2136 2551
2137 2139
2137 2140
2138 3753
2139 2141
2139 3753
2140 2141
2140 2142
2142 2143
2144 2145
2144 2147
2144 2148
2145 2151
2145 2277
2146 2336
2146 3035
2147 2149
2147 2150
2147 2151
2148 2150
2148 2282
2148 2283
2149 2152
2149 2153
2149 2154
2150 2153
2150 2285
2151 2154
2151 2281
2152 2155
2152 2156
2153 2155
2153 3103
2154 2156
2154 3342
2155 3104
2156 3344
2157 2168
2157 2179
2157 2212
2157 2986
2158 4518
2159 2160
2160 2620
2162 2408
2162 2924
2162 2946
2163 2409
2163 2924
2163 2935
2164 2683
2164 2851
2164 4544
2165 2166
2167 2169
2167 2170
2167 2171
2167 3446
2168 3144
2168 3145
2168 3147
2169 3289
2170 3197
2170 4302
2171 2172
2171 2173
2172 2174
2173 2174
2173 3200
2174 2175
2174 4552
2175 4552
2176 2177
2177 2178
2177 2180
2178 2181
2179 3101
2179 4520
2179 5038
2180 2181
2181 3481
2182 2503
2182 4313
2183 2184
2183 2185
2183 4561
2184 5011
2185 2186
2185 2187
2185 4529
2186 2188
2186 2189
2186 3045
2187 2420
2187 4562
2187 4563
2188 2193
2188 3888
2189 2191
2190 2201
2190 2212
2190 2225
2190 3148
2190 5041
2191 2192
2191 2193
2191 3047
2192 2194
2192 3271
2193 3048
2194 2195
2195 3108
2196 3111
2196 3514
2197 2198
2198 2199
2198 2200
2199 4073
2201 2472
2201 2475
2201 5041
2202 3118
2203 2204
2204 3118
2205 2207
2205 2340
2206 2340
2206 3090
2207 2208
2207 2209
2208 4005
2209 2210
2209 2211
2209 3261
2210 4004
2210 4005
2211 2213
2212 3147
2212 5040
2213 3529
2213 4004
2214 2216
2215 2217
2215 3123
2216 2217
2216 2218
2216 3264
2217 3127
2217 4007
2218 2219
2219 2220
2219 3266
2220 2221
2220 3270
2221 2222
2221 2226
2221 2227
2222 4963
2223 2673
2223 4305
2224 3826
2224 4367
2225 4243
2225 4431
2226 2997
2226 3555
2226 3556
2226 4307
2227 2228
2227 4306
2228 3555
2228 4306
2229 2230
2231 2232
2232 2545
2233 2234
2233 2235
2233 3537
2234 3263
2234 3269
2235 2237
2236 2247
2236 2258
2236 2269
2237 3532
2237 3533
2237 3537
2237 4193
2238 2239
2238 2240
2239 2241
2239 3195
2240 2241
2241 2248
2242 2243
2242 2244
2243 2893
2243 2894
2244 2998
2245 2246
2245 2248
2245 2249
2246 3043
2247 2417
2247 2497
2247 2498
2248 2250
2248 3044
2249 2250
2251 2269
2251 2496
2251 3402
2252 4318
2253 2254
2253 2255
2253 4318
2254 4318
2255 2730
2256 2883
2256 3788
2258 4527
2259 2260
2260 2261
2260 4063
2261 2262
2262 3079
2263 2264
2263 2265
2263 2266
2264 2267
2264 3095
2265 3094
2266 3790
2266 3792
2267 3095
2267 3790
2267 3793
2268 3528
2269 2415
2269 2417
2270 2271
2270 3876
2271 3030
2271 3877
2272 2273
2272 2274
2272 2275
2273 2275
2274 3462
2275 3459
2276 2277
2276 2278
2276 2279
2277 2281
2278 2281
2278 3343
2279 3962
2280 4797
2281 3342
2282 2284
2282 2285
2283 3374
2283 3962
2284 2481
2284 3374
2285 3103
2286 2287
2286 2288
2287 2647
2287 3678
2288 2645
2288 3677
2289 3678
2289 3681
2290 2995
2290 4475
2290 4641
2291 2302
2291 2313
2292 2293
2292 2294
2293 3500
2293 3659
2294 3659
2295 3926
2296 3659
2296 3926
2297 3945
2297 4159
2298 2300
2298 3949
2299 3705
2300 2301
2300 2303
2300 2304
2301 3005
2301 3949
2301 3950
2302 2646
2304 2305
2305 3005
2306 3003
2306 3594
2306 3905
2307 2308
2307 3905
2307 3951
2308 2309
2308 3952
2309 2310
2309 3953
2310 2311
2310 3954
2311 2312
2311 3643
2312 3641
2312 3955
2313 2324
2314 3955
2315 2317
2316 2318
2316 2319
2317 2319
2317 3697
2318 2320
2319 2320
2319 4226
2320 2321
2321 4009
2322 3938
2323 2325
2323 2681
2325 2682
2325 4980
2326 2327
2326 3081
2326 3941
2326 4320
2326 4322
2326 4404
2327 2328
2327 2329
2328 2329
2328 4532
2330 2331
2330 2768
2330 3082
2331 2768
2331 3082
2331 4506
2331 4531
2332 2528
2333 2523
2333 2526
2333 2528
2334 2337
2334 2338
2336 2347
2337 3027
2337 4969
2338 3026
2338 3027
2339 4877
2340 2341
2340 3120
2342 2343
2342 2344
2343 2707
2343 2708
2343 4951
2344 3098
2344 4951
2345 4101
2346 2348
2346 2349
2347 2823
2348 2350
2348 2351
2348 2352
2349 2350
2349 3989
2350 2353
2350 3991
2352 2353
2352 4706
2353 2692
2353 3988
2354 2356
2354 2357
2355 2488
2355 3663
2355 3665
2356 2359
2357 2359
2357 3450
2359 3451
2361 2447
2361 4495
2362 4494
2362 4495
2363 4494
2363 4501
2364 2365
2364 2366
2365 2499
2366 2367
2366 2368
2367 2416
2367 2498
2368 2988
2368 4026
2370 3725
2371 2372
2371 2373
2371 4066
2372 4437
2373 2374
2373 2375
2374 4066
2374 4194
2374 4195
2375 2376
2376 2377
2376 2378
2376 4194
2377 3630
2377 4148
2378 2379
2378 2381
2378 3630
2379 3633
2379 3637
2379 4181
2381 2382
2381 2383
2381 2384
2382 3632
2382 3633
2383 3628
2383 3631
2384 2385
2384 2386
2384 3632
2384 3636
2384 4137
2384 4585
2385 3487
2385 3628
2385 3635
2385 4137
2385 4584
2385 4585
2386 2669
2386 3635
2386 4516
2387 2388
2387 2389
2387 2390
2387 3713
2388 2392
2388 4331
2389 3691
2389 4331
2389 4516
2390 2392
2390 2394
2390 3746
2391 2402
2391 2413
2391 4534
2392 3180
2392 4109
2393 2394
2393 2395
2393 2396
2393 2397
2394 4109
2394 4111
2395 2399
2395 4111
2395 4150
2396 3932
2396 3933
2396 4109
2397 2398
2397 2399
2397 2400
2398 3932
2399 3791
2399 3802
2400 2401
2401 3932
2402 2424
2402 2435
2402 2447
2403 2406
2403 3006
2403 4733
2404 2405
2404 2406
2404 3891
2405 2407
2405 2408
2405 3935
2406 2407
2407 2837
2408 2836
2408 3946
2408 4044
2409 2410
2410 2411
2410 2935
2412 4190
2412 4662
2413 2469
2413 4539
2414 2415
2414 2416
2414 2417
2415 4167
2416 4217
2418 2419
2418 2420
2419 4561
2419 4563
2420 3195
2420 3658
2421 2422
2421 2423
2421 3016
2421 3994
2421 4267
2422 4044
2422 4120
2423 2425
2423 2426
2424 2458
2424 2469
2425 3998
2425 4266
2426 2427
2426 2428
2427 2429
2427 2430
2428 2430
2428 2964
2428 3998
2428 4003
2429 2431
2429 2432
2430 2432
2431 2433
2432 2433
2433 2969
2434 2436
2434 2437
2435 4533
2436 2437
2436 2438
2436 2439
2438 2439
2438 3997
2440 2441
2440 4658
2441 2442
2441 2973
2441 2975
2442 4655
2442 4656
2442 4658
2443 4624
2443 4625
2443 4629
2443 4656
2444 2445
2446 2557
2446 2668
2446 2779
2448 2449
2449 4698
2449 4720
2449 4753
2450 4282
2450 4742
2451 2452
2451 2453
2451 3774
2451 4742
2452 2454
2452 3775
2452 4786
2453 2454
2453 2455
2453 2456
2454 2459
2454 4323
2455 2460
2455 3774
2456 2457
2456 2459
2456 2460
2457 2461
2457 2462
2457 2463
2458 4539
2459 2462
2459 3315
2460 2463
2460 4161
2460 4281
2461 2464
2461 2465
2462 2464
2462 3313
2463 2465
2464 3314
2466 2467
2466 2470
2467 2468
2467 2470
2468 4811
2468 5074
2470 2471
2470 4946
2471 2568
2471 4945
2472 2473
2472 2474
2472 2475
2472 5040
2473 2986
2473 5040
2474 2986
2476 2573
2476 5049
2477 2702
2477 4812
2478 2479
2478 2481
2478 2482
2479 2481
2479 2483
2480 4692
2482 2892
2483 2484
2483 2485
2484 2485
2485 3449
2486 3454
2486 3455
2487 4055
2488 4776
2488 4778
2489 3662
2489 3663
2489 4768
2489 4776
2490 4729
2491 4692
2491 4696
2492 2493
2492 2494
2492 2495
2492 3391
2493 2909
2493 4205
2494 4182
2494 4205
2495 4402
2495 4573
2496 4450
2497 2499
2498 2499
2500 2501
2500 2904
2500 2908
2501 2856
2501 3600
2502 2513
2502 2524
2502 2535
2503 4220
2503 4313
2505 2705
2506 2507
2506 2508
2506 2509
2507 2508
2507 3017
2509 2903
2510 2511
2510 2512
2511 2726
2511 2876
2512 2514
2514 3129
2515 2516
2515 2518
2516 3530
2517 2518
2517 2519
2517 2520
2517 2521
2518 4481
2519 3092
2519 4078
2519 4481
2520 2877
2521 2522
2521 2523
2522 2823
2522 2893
2523 2525
2524 4200
2524 4202
2525 3287
2525 4078
2526 3287
2526 4261
2527 3793
2528 3793
2528 4262
2529 2530
2530 4314
2531 2532
2531 2533
2531 2534
2531 4592
2532 2920
2532 2921
2533 4595
2534 4580
2534 4594
2535 5096
2536 2537
2536 3765
2536 4185
2536 4422
2537 2538
2538 2919
2538 2948
2538 4185
2539 2540
2539 4594
2539 4596
2540 3772
2540 4580
2541 2543
2541 2798
2541 3558
2542 2794
2542 2797
2542 2798
2542 3558
2543 3616
2543 3617
2543 3820
2543 4287
2543 4288
2544 4379
2544 4423
2545 4231
2545 4690
2546 2558
2546 2569
2546 4244
2547 3352
2547 3662
2547 3663
2547 4770
2548 2725
2549 2550
2549 4092
2549 4232
2550 2731
2550 3961
2550 4222
2550 4233
2551 2552
2551 2576
2552 2553
2552 2579
2553 2554
2553 3583
2554 2555
2554 3582
2555 3584
2555 3893
2556 2675
2557 2890
2557 3001
2558 4303
2559 2560
2559 2561
2559 2562
2560 2563
2560 2792
2561 2793
2562 2564
2562 2799
2563 2564
2563 2565
2564 2567
2565 2566
2565 2567
2566 2792
2566 3483
2566 3574
2567 4470
2568 2570
2568 4940
2569 2702
2570 2572
2570 4943
2571 2572
2573 2574
2575 2576
2575 2577
2575 2578
2576 2579
2577 2662
2578 2579
2579 3583
2580 4070
2580 4071
2581 4304
2582 2583
2582 2584
2582 2585
2583 2586
2584 2589
2585 2588
2585 4795
2586 2587
2587 2588
2587 2589
2590 2592
2590 2593
2590 2594
2590 3551
2591 2746
2591 3796
2592 2593
2592 5000
2593 4113
2593 5000
2594 3549
2594 4068
2594 4113
2595 2596
2595 2597
2595 2598
2595 5001
2596 2647
2596 2648
2596 3679
2597 2644
2597 2647
2598 5000
2598 5001
2599 2600
2599 4377
2599 4380
2600 4378
2601 2603
2601 2604
2601 4378
2601 4474
2602 5087
2603 4378
2603 4474
2604 4325
2604 4474
2605 4598
2606 4011
2606 4081
2606 4598
2607 2608
2607 2609
2608 4012
2609 2610
2609 3296
2609 3300
2610 2611
2610 3297
2611 3019
2611 3372
2612 3019
2613 2624
2613 2635
2613 3236
2614 2615
2614 2616
2615 2656
2616 4030
2617 2618
2617 3538
2618 2997
2618 3512
2618 3537
2618 3538
2618 4129
2618 4219
2618 4487
2618 4488
2618 4583
2619 3538
2619 3731
2619 3734
2620 2621
2620 2622
2620 2623
2621 2626
2621 3541
2622 2625
2622 3666
2623 2625
2623 2626
2623 2627
2624 3236
2625 2628
2625 3670
2626 3542
2626 4114
2627 2628
2627 2629
2627 4114
2628 2630
2628 3672
2629 2630
2629 2631
2630 3674
2630 3675
2631 4154
2632 4154
2633 2634
2634 2636
2634 2637
2636 2638
2636 3676
2637 2638
2637 2639
2638 2827
2638 2830
2639 2640
2639 2641
2639 2642
2640 2643
2640 2828
2640 2830
2641 2831
2641 2833
2641 3548
2642 2643
2642 2644
2643 2645
2643 3677
2644 2645
2645 2647
2646 2657
2648 3682
2648 5001
2649 2650
2649 2651
2649 3766
2650 2652
2650 3765
2650 4045
2650 4184
2650 4186
2650 4545
2651 2652
2651 2653
2652 2653
2652 4047
2653 2654
2654 3022
2654 3767
2655 2932
2655 2933
2655 5024
2656 4792
2657 3566
2658 3079
2658 4238
2659 2660
2659 4238
2660 2802
2660 3796
2661 2664
2662 2663
2662 2664
2663 4303
2664 4247
2665 2666
2665 4030
2666 2667
2666 2670
2666 4792
2667 2670
2667 4030
2668 2890
2669 2680
2669 2691
2670 2671
2671 2672
2672 2673
2672 2674
2673 4792
2674 3921
2675 2676
2675 2677
2676 2677
2676 3192
2677 3399
2677 3400
2678 2679
2678 2681
2679 2682
2680 4131
2680 4516
2681 2682
2682 2991
2683 2684
2683 2685
2684 2686
2684 3031
2684 3033
2685 2686
2685 2687
2686 3034
2687 2688
2688 3036
2689 2690
2689 2692
2689 2693
2689 3992
2690 2694
2690 2695
2691 3636
2691 4116
2691 4131
2692 3986
2692 3991
2693 2694
2693 3986
2695 3105
2695 3992
2696 2697
2697 4442
2698 4570
2699 2700
2699 2701
2699 2703
2700 2704
2703 2912
2703 2989
2705 2706
2705 3912
2705 4316
2705 4553
2707 2709
2707 3099
2708 2709
2710 2711
2711 2712
2711 2723
2712 2723
2713 2724
2713 2735
2713 3168
2714 2715
2716 2717
2717 4882
2718 2719
2718 2720
2721 2722
2721 3615
2724 5006
2725 4424
2725 4515
2726 3150
2726 3151
2727 2728
2728 3138
2728 3625
2728 3787
2730 3507
2732 3961
2733 2734
2733 2736
2733 3915
2734 2737
2735 3106
2735 3960
2735 4452
2737 3401
2739 2740
2739 3403
2740 2741
2740 2742
2741 2745
2742 2743
2742 2744
2742 2745
2743 3404
2743 3406
2744 2747
2744 2748
2746 4686
2747 3406
2747 3407
2747 3408
2748 2749
2748 4399
2748 4400
2749 2750
2749 4400
2750 2751
2750 2752
2751 2753
2751 3410
2751 3411
2752 2753
2752 2754
2753 2755
2753 3412
2754 3863
2755 2759
2755 3414
2757 2768
2757 4549
2759 3415
2759 3418
2760 2764
2760 3416
2760 3648
2761 2762
2761 2763
2761 2764
2762 2765
2762 2766
2762 3420
2762 4582
2763 2765
2764 3419
2764 3420
2765 3742
2766 2767
2766 2769
2766 3742
2767 2770
2767 2771
2769 2770
2769 3420
2769 3421
2770 2772
2770 3422
2771 2772
2772 3251
2773 2774
2773 2775
2774 2776
2774 2777
2775 2776
2775 3359
2776 2781
2776 3361
2777 2778
2777 2781
2778 2782
2779 3001
2780 2791
2780 4428
2781 2782
2781 3423
2782 3425
2783 2784
2783 2785
2785 3427
2786 2787
2789 2790
2790 2799
2790 2800
2790 3481
2791 4449
2791 4503
2792 2793
2792 2794
2793 2796
2793 3573
2794 2795
2794 2796
2795 3574
2796 3573
2798 3821
2798 3823
2799 4470
2799 4473
2801 2803
2801 2804
2801 4284
2802 2813
2802 2824
2803 2804
2803 4107
2804 4460
2804 4461
2804 4472
2805 2806
2805 2807
2806 4091
2806 4164
2807 2808
2807 2809
2808 3466
2808 3495
2808 3751
2808 4178
2809 4164
2810 2811
2810 3597
2811 2812
2811 2814
2811 3828
2812 2815
2812 3160
2814 3160
2814 3596
2814 3597
2815 3156
2815 3828
2815 4413
2816 2817
2817 4956
2818 2819
2818 2820
2818 4915
2819 4956
2819 4957
2820 4917
2820 4957
2821 2822
2821 4916
2822 3567
2822 3771
2822 4291
2823 2877
2823 2999
2823 4218
2823 4256
2824 4385
2824 4386
2825 2826
2825 2827
2826 2829
2827 2828
2827 2829
2828 3677
2829 3676
2831 2832
2831 3544
2832 2833
2832 2834
2832 3924
2833 3545
2833 3957
2834 3544
2834 3902
2835 2846
2835 2857
2835 2933
2836 3935
2836 3946
2837 3012
2837 4044
2838 2839
2839 2840
2839 5121
2841 2842
2842 2843
2842 2844
2842 2848
2843 2845
2845 2847
2845 2848
2846 3476
2846 5088
2847 2849
2847 4924
2849 4928
2850 4772
2850 4774
2851 4308
2851 4772
2853 4376
2853 4959
2854 4275
2854 4959
2855 4344
2855 4345
2855 4959
2857 2933
2857 3476
2857 3887
2858 3779
2858 3890
2859 3880
2860 3160
2860 3595
2860 4413
2861 3595
2862 3162
2862 3163
2862 3595
2863 3162
2864 3162
2864 3164
2864 3881
2865 3881
2866 2867
2866 3170
2866 3881
2867 3513
2867 3882
2867 3883
2867 4240
2868 3038
2869 2870
2869 3883
2870 3996
2871 3175
2872 3175
2872 3178
2873 4270
2873 4272
2874 2875
2874 4269
2875 3993
2875 4000
2876 4523
2876 4961
2876 4963
2878 2880
2878 2881
2878 2934
2880 2882
2880 2883
2881 2883
2881 2936
2881 3842
2882 3477
2884 2885
2884 2886
2885 2887
2885 2888
2885 4592
2886 3431
2886 4214
2886 4672
2888 3784
2888 4214
2891 2902
2892 3375
2895 4405
2896 2897
2896 4486
2898 2899
2899 2900
2899 3184
2899 3694
2900 3805
2901 3614
2904 2905
2904 2906
2905 2906
2905 2907
2906 3600
2907 2908
2907 2909
2908 4182
2909 2910
2910 3081
2910 3427
2910 3919
2911 2912
2911 2988
2913 2924
2913 2935
2913 2946
2914 3434
2914 4380
2915 3287
2915 3792
2918 4422
2920 4592
2921 4595
2922 2923
2922 2925
2922 4723
2923 3211
2925 2926
2925 3209
2926 3209
2926 4723
2927 2928
2927 2929
2927 4866
2928 2930
2928 3220
2929 2930
2929 3219
2929 3282
2930 3218
2930 3220
2930 3221
2932 4567
2932 5084
2933 4567
2933 5087
2933 5088
2934 4138
2936 2937
2937 2938
2938 2939
2939 2940
2941 2942
2941 2943
2941 3963
2942 2944
2942 3964
2943 2944
2943 2945
2943 2947
2944 3428
2945 2950
2945 3430
2946 4044
2948 4184
2949 2951
2949 2952
2949 3386
2949 3570
2949 4105
2950 2951
2950 3430
2951 3429
2952 2953
2953 3354
2953 3386
2953 3570
2954 3354
2954 3773
2954 4595
2955 3094
2955 3505
2956 2958
2956 2959
2957 2968
2957 2979
2957 2990
2958 2962
2959 4145
2959 4147
2960 2961
2960 2962
2960 2963
2960 4454
2961 2963
2961 4454
2962 3995
2963 3995
2964 2965
2964 3553
2965 2966
2965 2967
2966 3552
2969 2970
2971 3997
2972 2973
2972 3997
2973 3997
2974 2975
2975 4655
2976 2977
2976 4265
2976 5003
2977 2978
2977 3886
2977 5005
2978 2980
2978 2981
2979 2990
2980 3559
2980 5012
2981 2982
2981 2983
2982 2985
2982 3886
2983 2984
2983 2985
2985 3052
2991 2992
2991 4980
2992 4173
2992 4174
2993 2994
2994 4660
2995 2996
2995 4644
2996 3399
2996 4646
2997 3511
2997 3556
2997 4219
2997 4488
2997 4805
2998 2999
2998 4804
2998 4805
2998 4807
3000 3003
3000 3004
3000 3594
3002 3013
3002 3024
3003 3005
3004 3829
3004 3830
3004 3969
3005 3829
3006 3007
3006 3008
3007 3009
3007 3010
3008 3010
3008 4732
3009 3011
3009 3852
3010 3852
3011 3012
3011 3014
3012 3015
3013 3101
3013 5108
3014 3015
3014 3852
3015 3016
3016 3182
3018 3019
3018 3372
3018 3373
3020 3021
3020 3760
3021 4681
3021 4683
3022 3023
3022 4684
3023 4048
3023 4049
3024 3035
3025 4048
3025 4436
3026 3027
3028 4285
3028 4969
3029 3030
3029 3853
3031 3032
3031 4544
3032 3033
3032 3847
3032 3898
3032 4309
3033 3034
3033 3272
3034 3036
3034 3275
3035 4243
3036 3398
3037 4931
3037 4942
3037 4986
3039 3040
3039 3041
3041 4037
3043 3195
3043 3318
3044 3045
3044 3047
3045 3195
3046 3057
3046 3068
3047 3271
3048 3049
3048 3235
3049 3888
3050 3051
3050 3235
3050 5015
3052 3886
3052 4310
3052 4311
3053 3716
3054 3055
3054 3407
3054 3716
3055 3056
3055 3409
3056 3585
3057 3193
3058 3059
3058 3439
3058 3916
3059 3060
3059 3415
3060 3061
3060 3417
3061 3063
3061 3648
3062 3650
3063 3419
3063 3650
3064 3065
3064 3421
3064 3650
3065 3066
3065 3422
3066 3251
3067 3069
3067 3070
3067 3074
3067 4286
3070 3072
3070 3917
3071 3072
3071 3073
3071 3074
3072 3077
3072 3918
3073 3075
3073 3076
3073 3077
3074 4041
3076 4040
3076 4041
3077 3078
3077 3423
3078 3080
3078 3425
3079 4062
3079 4504
3081 3082
3082 4320
3082 4321
3082 4532
3083 3085
3083 3086
3085 3088
3085 3129
3086 3087
3086 3088
3087 3089
3087 3091
3088 3091
3088 3884
3090 5097
3091 3092
3091 4228
3093 3317
3094 3095
3095 3096
3095 3213
3096 3213
3097 3098
3098 3186
3099 3100
3099 4950
3101 5108
3102 3449
3103 3384
3104 3384
3106 3224
3107 3224
3107 3889
3107 3892
3108 3235
3109 3110
3109 3111
3110 3141
3111 3115
3111 4140
3112 3223
3112 3335
3112 3446
3113 3124
3113 3135
3113 3146
3114 3115
3114 3116
3114 3515
3117 3515
3118 3142
3119 3143
3120 3121
3121 3122
3121 3123
3121 4005
3122 4006
3122 4221
3123 3125
3123 4006
3125 4004
3125 4005
3126 3128
3128 4963
3130 3388
3130 4840
3131 4836
3131 4838
3131 4843
3132 3133
3132 4838
3133 3134
3133 3136
3133 4118
3133 4277
3134 3137
3134 3154
3135 3157
3136 3154
3136 3155
3136 4276
3136 4277
3137 4118
3137 4710
3139 3196
3139 4487
3139 4806
3142 3143
3144 5108
3145 4006
3145 4007
3146 3157
3146 3603
3146 4357
3147 3148
3148 3149
3148 4007
3149 5044
3150 3151
3150 4550
3150 5041
3152 3153
3154 3785
3155 3720
3155 3721
3155 3785
3155 4824
3156 3158
3156 3159
3156 3703
3158 3828
3159 3703
3159 3704
3160 3855
3161 3162
3161 3163
3161 3164
3161 3858
3163 3854
3163 3855
3164 3165
3164 3166
3165 3640
3165 3858
3165 3859
3166 3167
3166 3169
3166 3442
3167 3170
3167 3881
3168 3179
3168 4407
3169 3170
3169 3171
3169 3513
3170 4240
3171 3442
3171 3443
3171 3444
3172 3440
3172 3441
3172 3513
3173 3174
3173 3175
3173 3696
3174 3696
3175 3178
3175 3247
3175 4271
3176 3177
3176 3178
3176 3180
3177 4110
3179 3190
3179 3201
3180 4108
3181 3933
3181 4110
3182 3183
3183 3993
3183 3999
3185 3911
3187 3188
3189 3191
3189 4926
3190 4452
3190 4529
3191 4923
3191 4926
3192 3343
3192 3344
3194 3258
3194 3259
3196 3234
3196 3728
3196 4129
3196 4489
3196 4492
3196 4807
3197 3198
3197 3199
3197 3200
3198 3202
3198 3203
3198 3204
3199 3762
3200 4552
3201 4540
3201 4541
3202 3522
3202 3525
3203 3525
3203 3526
3204 3521
3204 3522
3204 3523
3205 4725
3205 4727
3206 3207
3206 3208
3206 3209
3206 4725
3207 3210
3207 4127
3208 3210
3208 3211
3210 4126
3210 4127
3212 3224
3212 3235
3213 3505
3214 3215
3214 3216
3218 3219
3219 3286
3220 4866
3220 4867
3220 4871
3221 4871
3222 3225
3222 3227
3222 4119
3222 4868
3223 3335
3223 3557
3224 3888
3225 3226
3226 3899
3227 3908
3227 4080
3227 4517
3227 4862
3228 3229
3229 4127
3230 3231
3230 3232
3231 3234
3231 3807
3232 4294
3232 4485
3232 4486
3232 4509
3233 3910
3234 3730
3234 3910
3234 4324
3234 4363
3236 3731
3236 3733
3236 4420
3237 3492
3237 3540
3238 3492
3239 3492
3239 3657
3239 4130
3240 3357
3240 3635
3240 3691
3240 4516
3241 3242
3242 3243
3242 3244
3243 3535
3243 3736
3243 3860
3244 3245
3244 3546
3245 3535
3245 3546
3246 3257
3246 3268
3247 3546
3248 3338
3249 3250
3249 3738
3249 4259
3250 3740
3251 3422
3253 3254
3253 3255
3254 3461
3255 3464
3256 3258
3257 5128
3258 3259
3260 3261
3260 3262
3260 3581
3261 3529
3262 3529
3263 3264
3263 3265
3264 3266
3265 3266
3265 3267
3265 3269
3266 3270
3267 3270
3267 3511
3268 4352
3269 3511
3269 3512
3272 3273
3272 3274
3273 3276
3273 3393
3274 3275
3274 3276
3275 3398
3276 3394
3276 3395
3277 3278
3277 3280
3277 3281
3278 3853
3279 4297
3279 4298
3280 3644
3280 3975
3281 3853
3281 3973
3281 3974
3282 3283
3282 3284
3282 4863
3283 3285
3283 3390
3283 4859
3284 3285
3284 3286
3287 3288
3288 3790
3288 3793
3289 3291
3289 3292
3290 3510
3290 5099
3290 5100
3291 3293
3291 3521
3292 4444
3293 4364
3293 4443
3294 4728
3294 4974
3295 4755
3296 3297
3296 3298
3296 3299
3297 3372
3297 4757
3298 4752
3298 4754
3298 4757
3299 3300
3299 3371
3299 4752
3300 4011
3300 4012
3301 3312
3301 3323
3301 3336
3301 3347
3302 3303
3303 3304
3304 3305
3304 3306
3304 3307
3305 3760
3305 4682
3306 4677
3306 4679
3306 4682
3307 4034
3307 4679
3308 3309
3308 3310
3308 3311
3309 3755
3309 4156
3310 3755
3310 3756
3311 4021
3311 4156
3312 3429
3312 4105
3313 3314
3313 3315
3313 3316
3314 3761
3315 4312
3315 4323
3316 3761
3316 4312
3318 3319
3323 3798
3327 3328
3328 3329
3328 3330
3330 3331
3331 3332
3331 3333
3331 3914
3333 3337
3333 3338
3334 4305
3334 4440
3336 3800
3336 4105
3338 3339
3342 3343
3342 3344
3343 3848
3345 3346
3345 4358
3346 4403
3347 3428
3347 3964
3348 4438
3348 4789
3348 4791
3349 4123
3349 4789
3349 4791
3350 3351
3350 3352
3352 3353
3352 3531
3353 3664
3353 4781
3355 3356
3355 3386
3357 3624
3358 4918
3359 3360
3359 3361
3360 3362
3360 3917
3361 3362
3362 3423
3362 3918
3363 3364
3364 3365
3366 3370
3366 4746
3367 3368
3367 3370
3368 3371
3368 4519
3369 3494
3369 4382
3371 4082
3372 4760
3373 4760
3375 4465
3375 5092
3376 4346
3377 3378
3377 3379
3378 3379
3378 3381
3380 3391
3380 3402
3381 3382
3385 3445
3387 4825
3387 5073
3388 3389
3388 4847
3389 3390
3389 3885
3389 4851
3390 4854
3392 4854
3392 4855
3392 4859
3393 4144
3393 4326
3394 3396
3394 3397
3395 4143
3396 3398
3396 4714
3397 4714
3400 3906
3401 3915
3402 4025
3402 4027
3403 3404
3403 3405
3404 3406
3405 3407
3405 3716
3407 3409
3408 3409
3408 3410
3408 4399
3409 3834
3410 3587
3410 3834
3410 4399
3410 4400
3411 3412
3411 3436
3412 3437
3413 3424
3413 3435
3414 3438
3414 3439
3415 3439
3416 3417
3416 3418
3419 3648
3419 3649
3420 3649
3420 4582
3421 3422
3421 3649
3423 3425
3424 4334
3428 3429
3428 3430
3431 3432
3431 3561
3431 4216
3432 3560
3432 3563
3432 3684
3433 3621
3433 3622
3436 3437
3436 3586
3436 3587
3437 3438
3437 3916
3438 3439
3440 3502
3440 3860
3441 3443
3441 3444
3441 3513
3441 3860
3441 3861
3441 4059
3441 4587
3442 3640
3443 3638
3443 3640
3444 3513
3445 3448
3445 4913
3447 3458
3447 3469
3449 3961
3450 3451
3450 3841
3451 3840
3453 4054
3453 4055
3454 3457
3455 3456
3455 3457
3456 3460
3456 4055
3457 3725
3457 3727
3458 4036
3459 3460
3460 4511
3461 3462
3462 4512
3463 3464
3464 3465
3465 4508
3466 4178
3468 3470
3468 3471
3470 3472
3471 4462
3471 4572
3472 3473
3472 3474
3473 3930
3473 4029
3474 4459
3474 4464
3474 4558
3474 4572
3475 4955
3478 3504
3479 3481
3479 3482
3479 3483
3480 3491
3480 3591
3481 3482
3481 3575
3483 4473
3484 3485
3484 3486
3484 3629
3485 3487
3485 3536
3486 3533
3486 3536
3486 3537
3487 3490
3487 3536
3487 3629
3487 4584
3488 3489
3488 3490
3488 3539
3489 3492
3489 3540
3489 4130
3490 3613
3490 4130
3491 3591
3491 4133
3493 3494
3493 3851
3494 3851
3494 4299
3494 4365
3494 4381
3494 4382
3495 4178
3496 3497
3496 3498
3497 3753
3500 3501
3500 3719
3500 4292
3501 3659
3501 3927
3502 3513
3502 3524
3502 3535
3503 3504
3503 4748
3504 3903
3504 4519
3504 4748
3507 3508
3508 3509
3509 3961
3512 3537
3513 3882
3513 4240
3514 4073
3515 4140
3516 4140
3517 3518
3517 3519
3517 3520
3518 4369
3518 4370
3519 4141
3519 4155
3519 4298
3520 4141
3520 4342
3521 3522
3523 4302
3524 3882
3524 3883
3525 3527
3526 3527
3526 3528
3528 3762
3530 4228
3530 4481
3532 3533
3532 3534
3534 3629
3534 3630
3534 4148
3535 3546
3535 3996
3536 3538
3536 3539
3537 3538
3538 4583
3539 3540
3539 3734
3540 3733
3541 3542
3541 3768
3542 4153
3542 4162
3543 4008
3543 4153
3543 4154
3545 3547
3545 3548
3545 3990
3546 4271
3547 3549
3547 3550
3547 4024
3548 3550
3549 3551
3549 4046
3550 3551
3552 3553
3554 3555
3554 3556
3555 4255
3555 4307
3559 5009
3560 3561
3560 3562
3560 3563
3561 3819
3562 3564
3563 3564
3564 3900
3565 3566
3567 3568
3568 3771
3568 3850
3568 3851
3568 4381
3569 3580
3569 5035
3570 3571
3571 3604
3571 3605
3572 5083
3573 4065
3574 4104
3575 4383
3576 3577
3577 4104
3578 4426
3579 3581
3580 5034
3581 4193
3582 3583
3582 3584
3585 3586
3585 3916
3586 3587
3586 3834
3588 3589
3588 3590
3588 3592
3588 3593
3589 3830
3589 4206
3590 4351
3591 3602
3592 3594
3592 3830
3592 4067
3593 3864
3593 3971
3593 4067
3594 3951
3595 3855
3596 3599
3596 3854
3596 3855
3597 3598
3597 3599
3598 3599
3598 4066
3598 4437
3599 3856
3600 3601
3604 3772
3604 4591
3605 3778
3605 3783
3605 3784
3606 3607
3606 3608
3607 3616
3607 3799
3608 3616
3608 3618
3609 3610
3609 3611
3609 3612
3613 3624
3613 3635
3614 3674
3614 3806
3616 3617
3617 4287
3618 3822
3619 3620
3619 3723
3620 5079
3621 3622
3621 3623
3622 3787
3623 3625
3623 3626
3624 3646
3624 4130
3625 3626
3626 3627
3628 3629
3628 3630
3631 4137
3632 3636
3633 3634
3633 3636
3634 3637
3634 3638
3634 3639
3636 3639
3636 4115
3636 4586
3637 3859
3637 4058
3638 4058
3638 4059
3639 3861
3639 4059
3639 4115
3639 4117
3639 4586
3639 4587
3640 4058
3641 3642
3641 3643
3641 3977
3642 3644
3642 3645
3642 3975
3643 3954
3643 3975
3644 3647
3645 3647
3645 3976
3645 3977
3646 3657
3646 3669
3647 3978
3649 3650
3651 4061
3652 3653
3652 3654
3652 3929
3653 3655
3654 3719
3655 3873
3655 3929
3656 3871
3656 4074
3657 3702
3660 3661
3660 3808
3662 4768
3663 3664
3664 4784
3665 3839
3665 4784
3666 3667
3666 3670
3667 3671
3667 3695
3668 3779
3668 3890
3668 4001
3669 3680
3669 3691
3669 3702
3670 3671
3670 3672
3671 3803
3672 3673
3672 3674
3673 3804
3673 3806
3678 3679
3679 3681
3679 3682
3680 3713
3680 3724
3681 3683
3682 3683
3684 4669
3684 4672
3685 3686
3685 3687
3686 3688
3686 3689
3688 3989
3688 3992
3689 3989
3690 4077
3691 3713
3692 4052
3693 3694
3694 3695
3694 3805
3695 3803
3697 3698
3697 4226
3698 3699
3698 3980
3699 3870
3700 3917
3701 4018
3703 4413
3703 4467
3704 3880
3705 3706
3705 3707
3705 3949
3706 3708
3706 3709
3706 3982
3707 3947
3707 3982
3708 3949
3708 3950
3709 3710
3709 3711
3709 3967
3710 3712
3710 3714
3711 3965
3711 3966
3712 3967
3712 4206
3713 4149
3714 3715
3715 3875
3715 4250
3715 4397
3717 3718
3718 3843
3718 4293
3720 4819
3720 5077
3721 5077
3721 5081
3722 3785
3722 3786
3722 5081
3723 5081
3724 3735
3724 4149
3725 3726
3726 3727
3728 4363
3728 4489
3729 4129
3730 4362
3730 4363
3731 3732
3731 3733
3733 3734
3735 3746
3735 3757
3735 3768
3736 3737
3737 4117
3737 4131
3738 3739
3738 3740
3738 3976
3739 3958
3739 3959
3739 4259
3740 3978
3741 3978
3743 4048
3743 4436
3745 3747
3745 3748
3745 4994
3746 4111
3746 4149
3747 3836
3747 4196
3748 3749
3748 4996
3749 3750
3752 4177
3754 4459
3754 4462
3754 4465
3754 4546
3754 5092
3755 3758
3755 4038
3755 4103
3755 4296
3756 4038
3757 4111
3757 4150
3757 4162
3758 3759
3759 4102
3759 4296
3760 4681
3763 3764
3763 3765
3763 3766
3763 3769
3764 3767
3764 3769
3765 3766
3765 3817
3765 3818
3765 4409
3765 4422
3767 4031
3768 4162
3769 4031
3770 4862
3770 4868
3771 4916
3772 4591
3773 4596
3774 4023
3774 4281
3774 4282
3775 4290
3775 4323
3775 4809
3776 3777
3776 3778
3776 4216
3777 3819
3777 4136
3778 3781
3778 3782
3779 4112
3779 4223
3780 3791
3780 3802
3780 3813
3781 4213
3781 4215
3782 3783
3782 4136
3783 4128
3784 4214
3785 3786
3791 4008
3791 4150
3793 4262
3795 4299
3795 4300
3795 4686
3796 4385
3797 3798
3797 3799
3798 3800
3799 4128
3800 4128
3802 3835
3803 3804
3803 3805
3807 4294
3809 3810
3809 3811
3809 3812
3809 4163
3810 3811
3810 4089
3812 4163
3813 3824
3813 3835
3813 3846
3814 4813
3814 5077
3815 4337
3815 4357
3816 3817
3816 4678
3817 3818
3818 4678
3819 3820
3819 4136
3819 4288
3822 3823
3822 4287
3824 3857
3824 3868
3824 3879
3825 4064
3825 4427
3826 4275
3826 5094
3826 5095
3827 4187
3830 3831
3831 3967
3831 3969
3833 4206
3835 3879
3836 3837
3836 3838
3837 3838
3837 4197
3838 4197
3839 3840
3839 3841
3840 3841
3842 4139
3844 3845
3846 3857
3847 3898
3849 4957
3850 4916
3854 3856
3854 3858
3856 4066
3856 4195
3857 3902
3858 4195
3859 4194
3859 4195
3860 4056
3861 4056
3862 3932
3862 3933
3863 3864
3864 3876
3865 3939
3867 3869
3867 3934
3868 3891
3868 3902
3868 3913
3869 3870
3869 4166
3870 3980
3871 4252
3872 3873
3873 3874
3876 3877
3876 3971
3877 3974
3879 3891
3883 3996
3884 4228
3886 4265
3887 4141
3887 4155
3887 4310
3889 3892
3891 3935
3893 3894
3894 4152
3897 3898
3898 4326
3899 4327
3899 4517
3900 3901
3901 4383
3902 3924
3903 4519
3903 4751
3906 4646
3907 3908
3907 3909
3907 4710
3908 4080
3908 4230
3908 4479
3908 4856
3909 4144
3909 4239
3911 3912
3912 4315
3913 3924
3913 3935
3913 3946
3915 4074
3917 3918
3919 3940
3919 3941
3921 3922
3922 3923
3923 3925
3924 3957
3925 3981
3926 3927
3926 3945
3927 3928
3927 3929
3928 3945
3930 4029
3931 4029
3933 4108
3934 4009
3934 4166
3936 3937
3937 4085
3937 4429
3938 3939
3940 4225
3940 4322
3942 4428
3943 3944
3943 4251
3943 4252
3944 4220
3946 3957
3946 3968
3947 3948
3950 3967
3950 3969
3951 3952
3951 4067
3952 3953
3952 3970
3953 3954
3953 3972
3954 3973
3955 3956
3955 3977
3956 3958
3956 3959
3957 3990
3958 3976
3958 3977
3959 4260
3960 5011
3961 4233
3965 3966
3968 3979
3970 3971
3970 3972
3970 4067
3971 3974
3972 3973
3972 3974
3973 3975
3976 3978
3979 3990
3979 4002
3980 4166
3980 4226
3981 4152
3983 4121
3983 4864
3984 3985
3985 4864
3986 3987
3986 3988
3989 3991
3990 4024
3991 3992
3993 3994
3994 3995
3994 4000
3994 4266
3994 4267
3998 3999
4001 4746
4002 4013
4003 4269
4010 4429
4011 4081
4013 4024
4013 4035
4014 4015
4014 4016
4015 4209
4015 4211
4016 4408
4016 4574
4017 4366
4019 4033
4019 4034
4019 4886
4020 4103
4020 4942
4020 4953
4020 4975
4021 4103
4021 4953
4022 4102
4022 4103
4022 4975
4023 4698
4023 4709
4024 4046
4025 4026
4026 4217
4027 4167
4028 4450
4028 4763
4031 4684
4032 4033
4032 4670
4032 4674
4033 4668
4033 4875
4034 4674
4035 4046
4035 4057
4036 4099
4039 4040
4039 4041
4039 4042
4039 4043
4042 4083
4046 4068
4048 4436
4049 4684
4050 4051
4050 4052
4050 4053
4051 4076
4051 4077
4051 4430
4052 4077
4053 4075
4053 4076
4054 4337
4056 4117
4057 4068
4057 4079
4057 4090
4060 4061
4062 4063
4069 4332
4072 4442
4074 4188
4076 4084
4079 4101
4080 4860
4081 4112
4082 4112
4083 4528
4084 4085
4084 4086
4085 4429
4085 4430
4087 4289
4087 4477
4088 4122
4089 4091
4090 4101
4090 4113
4090 4124
4091 4122
4093 4094
4093 4471
4094 4095
4095 4471
4096 4097
4096 4132
4097 4098
4099 4100
4100 4253
4100 4254
4101 4135
4102 4295
4103 4156
4103 4295
4106 4107
4106 4469
4107 4463
4108 4109
4108 4110
4114 4153
4114 4154
4115 4116
4116 4117
4118 4479
4118 4843
4121 4383
4124 4135
4124 4146
4125 4126
4129 4489
4131 4331
4132 4133
4134 4635
4134 4636
4134 4663
4135 4168
4136 4288
4138 4139
4142 4143
4142 4144
4143 4239
4144 4517
4145 4147
4146 4157
4146 4168
4147 4454
4148 4193
4151 4407
4151 4408
4157 4179
4157 4190
4158 4208
4158 4684
4160 4281
4165 4227
4165 4242
4167 4217
4168 4190
4169 4170
4169 4551
4170 4171
4171 4172
4172 4455
4173 4174
4173 4456
4174 4457
4175 4176
4179 4662
4179 4663
4181 4194
4182 4205
4184 4185
4188 4908
4189 4908
4189 5019
4192 4665
4192 4668
4192 4875
4196 4197
4198 4199
4198 4200
4198 4202
4199 4564
4200 4564
4201 4212
4201 4224
4201 4235
4208 4409
4209 4210
4209 4211
4210 4581
4212 4246
4213 4214
4213 4215
4215 4216
4218 4328
4220 4251
4220 4338
4221 5086
4221 5108
4223 4334
4225 4322
4227 4241
4229 4230
4229 4850
4230 4479
4231 4514
4231 4968
4234 4236
4236 4314
4236 4359
4237 4238
4237 4305
4239 4721
4243 4244
4245 4247
4246 4257
4246 4268
4248 4559
4249 4564
4251 4252
4252 4292
4253 4254
4253 4737
4255 4256
4257 4820
4257 4831
4261 4319
4262 4319
4263 4264
4263 4265
4263 4311
4266 4267
4268 4820
4273 4328
4273 4431
4274 4411
4275 4367
4275 5095
4276 4826
4278 5076
4278 5077
4279 4290
4279 4809
4279 4831
4280 4432
4280 4433
4280 4990
4282 4698
4283 4333
4283 4637
4284 4472
4290 4301
4293 4371
4295 4296
4297 4300
4298 5029
4299 4381
4301 4312
4301 4323
4303 4304
4308 4544
4313 4566
4314 4360
4318 4571
4321 4532
4325 5000
4326 4327
4329 4523
4330 4331
4333 4336
4333 4638
4334 4446
4335 4346
4335 4357
4335 4368
4336 4377
4339 4394
4340 4394
4340 4395
4341 4342
4341 4343
4343 4373
4343 4418
4344 4347
4345 4347
4345 4375
4347 4376
4349 4568
4350 4418
4352 4361
4352 4431
4353 4442
4354 4355
4355 4356
4356 4432
4364 4443
4365 4382
4368 4379
4368 4390
4373 4374
4373 4417
4374 4416
4374 4505
4377 4380
4383 4384
4384 4667
4386 4790
4386 4792
4387 4388
4390 4401
4391 4392
4391 4393
4392 4415
4392 4453
4392 4510
4393 4394
4393 4415
4395 4417
4395 4418
4397 4398
4401 4412
4402 4765
4403 4439
4408 4565
4409 4678
4410 4439
4412 4423
4412 4434
4413 4414
4415 4416
4416 4417
4421 5022
4423 4480
4424 4514
4424 4515
4425 4426
4429 4430
4432 4497
4433 4531
4434 4447
4434 4458
4435 4497
4435 4990
4438 4788
4440 4441
4440 4445
4443 4444
4445 4686
4445 4797
4446 4557
4446 4598
4447 4458
4447 4469
4448 4477
4449 4503
4449 4530
4450 4573
4452 4529
4453 4510
4455 4456
4457 4551
4458 4480
4459 4464
4460 4461
4460 4463
4462 4572
4464 4558
4465 5092
4468 4976
4468 4977
4469 4535
4470 4473
4475 4476
4478 4849
4478 4850
4478 4856
4479 4845
4480 4491
4482 4676
4482 4678
4483 4676
4483 4678
4484 4672
4484 4676
4487 4488
4490 4492
4491 4502
4495 4500
4496 4497
4496 4503
4496 4506
4498 4499
4498 4763
4499 4531
4500 4501
4502 4513
4505 4521
4505 4522
4506 4507
4507 4530
4507 4549
4510 4521
4511 4512
4513 4524
4514 4515
4514 4968
4518 4527
4519 4748
4521 4522
4524 4535
4524 4546
4524 4558
4525 4568
4526 4538
4530 4549
4533 4534
4537 4538
4540 4555
4540 4559
4541 4542
4542 4543
4543 4560
4547 4841
4547 4843
4547 4845
4548 4845
4548 4846
4548 4850
4550 5043
4554 4590
4555 4556
4555 4559
4556 4559
4557 4609
4561 4562
4565 4574
4566 5004
4567 5085
4569 4580
4569 4591
4569 4592
4574 4589
4574 4590
4575 4576
4579 4581
4580 4594
4593 4594
4593 4595
4593 4596
4597 4599
4597 4600
4599 4602
4600 4601
4600 4602
4600 4603
4601 4605
4601 4639
4602 4604
4603 4604
4603 4605
4603 4606
4604 4607
4605 4608
4605 4643
4606 4607
4606 4608
4606 4610
4607 4611
4608 4645
4610 4611
4610 4612
4613 4614
4613 4615
4613 4616
4614 4617
4614 4618
4614 4619
4615 4618
4615 4981
4616 4617
4616 4647
4617 4621
4617 4648
4618 4983
4619 4621
4619 4622
4620 4631
4620 4642
4620 4653
4621 4624
4621 4651
4622 4623
4622 4624
4622 4625
4624 4654
4625 4626
4626 4627
4626 4628
4626 4629
4627 4630
4627 4632
4627 4633
4628 4630
4629 4632
4629 4657
4630 4634
4631 4687
4631 4988
4632 4635
4632 4659
4633 4634
4633 4635
4633 4636
4635 4661
4637 4638
4637 4640
4638 4641
4639 4640
4639 4641
4639 4643
4641 4644
4642 4675
4642 4990
4643 4644
4643 4645
4645 4646
4647 4648
4647 4649
4648 4650
4648 4651
4649 4650
4649 4978
4650 4652
4651 4652
4651 4654
4652 4655
4653 4664
4653 4675
4653 4687
4654 4655
4654 4656
4656 4657
4657 4658
4657 4659
4658 4660
4659 4660
4659 4661
4660 4662
4661 4662
4661 4663
4664 4698
4664 4709
4664 4720
4665 4666
4665 4667
4665 4864
4666 4668
4666 4669
4666 4670
4667 4669
4668 4670
4670 4671
4670 4672
4671 4673
4671 4674
4671 4676
4672 4676
4673 4677
4673 4678
4673 4679
4674 4679
4675 4709
4677 4680
4680 4681
4680 4682
4681 4682
4683 4684
4685 4688
4685 4689
4685 4690
4685 4691
4687 4720
4687 4989
4688 4692
4688 4693
4688 4694
4689 4967
4689 4971
4690 4693
4691 4694
4692 4695
4693 4695
4695 4696
4696 4770
4697 4699
4697 4700
4697 4701
4698 4731
4699 4702
4699 4703
4699 4704
4701 4703
4701 4778
4702 4705
4702 4706
4703 4779
4704 4706
4705 4779
4707 4708
4707 4710
4707 4711
4707 4721
4708 4711
4708 4712
4710 4721
4711 4719
4712 4713
4712 4714
4713 4715
4713 4716
4715 4717
4715 4718
4716 4718
4717 4719
4722 4723
4722 4724
4724 4725
4724 4726
4726 4727
4726 4728
4727 4728
4727 4972
4728 4729
4730 4732
4730 4733
4730 4734
4731 4742
4731 4753
4731 4764
4735 4736
4735 4737
4735 4738
4736 4739
4736 4740
4736 4741
4737 4740
4738 4741
4739 4743
4739 4744
4739 4745
4740 4744
4741 4745
4742 4786
4743 4746
4743 4747
4743 5053
4744 4746
4745 5053
4747 4748
4747 5064
4748 5075
4749 4750
4749 4751
4749 4752
4750 4754
4750 4755
4753 4775
4754 4756
4755 4759
4756 4757
4756 4758
4756 4759
4757 4760
4758 4760
4758 4761
4759 4761
4762 4763
4762 4765
4762 4766
4764 4775
4764 4786
4764 4798
4765 4766
4767 4768
4767 4769
4767 4770
4768 4771
4768 4772
4771 4773
4771 4774
4773 4776
4773 4777
4774 4777
4775 4820
4778 4780
4779 4780
4781 4782
4781 4787
4782 4783
4782 4784
4783 4785
4783 4787
4785 4788
4785 4789
4786 4809
4787 4789
4790 4791
4790 4792
4793 4794
4793 4795
4793 4796
4794 4799
4794 4800
4795 4799
4798 4809
4798 4820
4798 4831
4799 4802
4800 4801
4800 4802
4803 4804
4803 4805
4803 4806
4804 4807
4806 4807
4808 4810
4808 4811
4808 4812
4810 4813
4810 4814
4810 4815
4811 4815
4811 4946
4812 4944
4813 4818
4814 4816
4814 4817
4814 4818
4815 4817
4815 5074
4816 4819
4816 4821
4816 4822
4817 4821
4817 5070
4818 4819
4818 5076
4819 4824
4821 4825
4821 5073
4822 4823
4822 4824
4822 4825
4823 4826
4823 4827
4823 4828
4824 4826
4825 4827
4826 4832
4827 4833
4828 4829
4829 4830
4829 4832
4829 4833
4830 4834
4830 4835
4832 4834
4833 4837
4834 4838
4835 4836
4835 4837
4835 4838
4836 4839
4837 4840
4839 4840
4839 4841
4839 4843
4840 4847
4841 4844
4842 4853
4842 4864
4844 4845
4844 4846
4844 4847
4846 4848
4847 4851
4848 4849
4848 4850
4848 4851
4849 4852
4851 4854
4852 4854
4852 4855
4852 4856
4853 4875
4853 4886
4855 4857
4855 4858
4856 4857
4857 4860
4858 4859
4858 4860
4858 4861
4859 4863
4860 4862
4861 4862
4861 4863
4861 4865
4863 4866
4865 4866
4865 4867
4867 4868
4867 4869
4868 4870
4869 4870
4869 4871
4869 4872
4872 4873
4872 4874
4873 4876
4874 4876
4874 4877
4874 4878
4876 4881
4877 4879
4878 4879
4878 4880
4879 4882
4880 4881
4880 4882
4880 4883
4881 4884
4882 4885
4883 4884
4883 4885
4883 4887
4884 4890
4885 4889
4887 4888
4887 4889
4887 4890
4888 4891
4888 4892
4888 4893
4889 4892
4890 4891
4891 4895
4892 4896
4893 4894
4893 4895
4893 4896
4894 4898
4894 4899
4895 4904
4897 4909
4897 4920
4898 4900
4899 4900
4899 4901
4900 4903
4901 4902
4901 4903
4902 4904
4902 4905
4903 4905
4906 4907
4906 4910
4907 4911
4907 4912
4907 4913
4908 5019
4909 4953
4910 4911
4912 4914
4914 4915
4915 4917
4918 4919
4919 4921
4919 4922
4920 4931
4920 4942
4920 4953
4922 4923
4922 4924
4922 4925
4924 4928
4925 4926
4925 4927
4925 4928
4927 4929
4927 4930
4929 4930
4930 4932
4930 4933
4933 4934
4933 4935
4933 4936
4934 4937
4935 4937
4935 4938
4936 4938
4939 4940
4939 4941
4939 4943
4940 4943
4940 4945
4941 4944
4941 4945
4942 4964
4944 4946
4945 4946
4947 4948
4947 4949
4948 4950
4949 4950
4949 4951
4954 4955
4954 4956
4958 5099
4958 5101
4960 4961
4960 4962
4960 4963
4964 4975
4964 4986
4964 4997
4966 4967
4966 4968
4966 4969
4967 4970
4970 4971
4972 4973
4972 4974
4973 4976
4974 4977
4978 4979
4978 4980
4981 4982
4981 4983
4982 4984
4982 4985
4984 4987
4984 4988
4985 4987
4986 5020
4987 4989
4988 4989
4990 4991
4991 4992
4991 4993
4991 4994
4992 4995
4992 4996
4992 4998
4993 4995
4995 4999
4997 5008
4997 5020
4997 5031
4998 4999
5000 5001
5003 5004
5003 5005
5005 5006
5006 5007
5007 5009
5007 5010
5007 5011
5010 5012
5010 5013
5013 5014
5014 5015
5014 5016
5014 5017
5015 5022
5016 5018
5017 5018
5017 5021
5020 5053
5021 5022
5021 5023
5023 5024
5023 5025
5025 5084
5026 5027
5026 5028
5028 5029
5028 5030
5028 5032
5029 5034
5029 5088
5030 5033
5031 5042
5031 5053
5031 5064
5032 5033
5032 5034
5032 5035
5037 5039
5038 5039
5041 5043
5041 5044
5042 5075
5043 5044
5045 5046
5045 5047
5045 5048
5045 5049
5047 5050
5047 5051
5047 5052
5048 5052
5051 5054
5051 5055
5051 5056
5052 5056
5054 5057
5054 5058
5054 5059
5055 5059
5056 5058
5057 5060
5057 5061
5057 5062
5058 5060
5059 5061
5060 5066
5061 5065
5062 5063
5062 5065
5062 5066
5063 5067
5063 5068
5063 5069
5064 5075
5065 5068
5066 5067
5067 5071
5068 5072
5069 5070
5069 5071
5069 5072
5070 5073
5070 5074
5071 5073
5072 5074
5077 5078
5077 5079
5078 5080
5078 5081
5079 5080
5082 5083
5084 5085
5086 5097
5089 5090
5089 5091
5089 5092
5090 5091
5093 5094
5093 5095
5093 5096
5095 5098
5097 5108
5098 5099
5098 5100
5102 5103
5102 5107
5103 5104
5103 5105
5104 5106
5104 5107
5104 5109
5105 5106
5106 5110
5107 5111
5109 5110
5109 5111
5109 5112
5110 5114
5111 5113
5112 5113
5112 5114
5112 5115
5113 5117
5114 5116
5115 5116
5115 5117
5115 5118
5116 5120
5118 5120
5118 5121
5118 5122
5120 5123
5121 5124
5122 5123
5122 5124
5122 5125
5123 5126
5124 5127
5125 5126
5125 5127
5125 5128
5126 5129
5128 5129
